from,to
TT-1,EC-INST-TT
P-2,EC-PUMP-CENTR
XV-3,EC-VALVE-ISO
E-4,EC-HEATEXCH-SHELL
V-5,EC-VESSEL-SEP
P-6,EC-PUMP-CENTR
K-7,EC-COMPRESSOR-CENTR
PSV-8,EC-VALVE-RELIEF
FCV-9,EC-VALVE-CTRL
TT-10,EC-INST-TT
TT-11,EC-INST-TT
E-12,EC-HEATEXCH-SHELL
P-13,EC-PUMP-CENTR
K-14,EC-COMPRESSOR-CENTR
P-15,EC-PUMP-CENTR
COL-16,EC-VESSEL-COL
COL-17,EC-VESSEL-COL
K-18,EC-COMPRESSOR-CENTR
XV-19,EC-VALVE-ISO
FCV-20,EC-VALVE-CTRL
FCV-21,EC-VALVE-CTRL
E-22,EC-HEATEXCH-SHELL
COL-23,EC-VESSEL-COL
PSV-24,EC-VALVE-RELIEF
K-25,EC-COMPRESSOR-CENTR
LT-26,EC-INST-LT
COL-27,EC-VESSEL-COL
FCV-28,EC-VALVE-CTRL
COL-29,EC-VESSEL-COL
V-30,EC-VESSEL-SEP
TT-31,EC-INST-TT
TT-32,EC-INST-TT
XV-33,EC-VALVE-ISO
FT-34,EC-INST-FT
V-35,EC-VESSEL-SEP
V-36,EC-VESSEL-SEP
P-37,EC-PUMP-RECIP
P-38,EC-PUMP-RECIP
E-39,EC-HEATEXCH-SHELL
COL-40,EC-VESSEL-COL
PSV-41,EC-VALVE-RELIEF
TT-42,EC-INST-TT
K-43,EC-COMPRESSOR-CENTR
V-44,EC-VESSEL-SEP
E-45,EC-HEATEXCH-SHELL
PT-46,EC-INST-PT
K-47,EC-COMPRESSOR-CENTR
FT-48,EC-INST-FT
COL-49,EC-VESSEL-COL
PT-50,EC-INST-PT
K-51,EC-COMPRESSOR-CENTR
TT-52,EC-INST-TT
PT-53,EC-INST-PT
TT-54,EC-INST-TT
FCV-55,EC-VALVE-CTRL
P-56,EC-PUMP-CENTR
K-57,EC-COMPRESSOR-CENTR
XV-58,EC-VALVE-ISO
LT-59,EC-INST-LT
XV-60,EC-VALVE-ISO
PT-61,EC-INST-PT
V-62,EC-VESSEL-SEP
XV-63,EC-VALVE-ISO
P-64,EC-PUMP-CENTR
PT-65,EC-INST-PT
E-66,EC-HEATEXCH-SHELL
COL-67,EC-VESSEL-COL
V-68,EC-VESSEL-SEP
FT-69,EC-INST-FT
PT-70,EC-INST-PT
TT-71,EC-INST-TT
LT-72,EC-INST-LT
PSV-73,EC-VALVE-RELIEF
TT-74,EC-INST-TT
FT-75,EC-INST-FT
PSV-76,EC-VALVE-RELIEF
FT-77,EC-INST-FT
XV-78,EC-VALVE-ISO
FT-79,EC-INST-FT
PSV-80,EC-VALVE-RELIEF
TT-81,EC-INST-TT
FT-82,EC-INST-FT
FT-83,EC-INST-FT
LT-84,EC-INST-LT
FT-85,EC-INST-FT
V-86,EC-VESSEL-SEP
E-87,EC-HEATEXCH-SHELL
E-88,EC-HEATEXCH-SHELL
PT-89,EC-INST-PT
XV-90,EC-VALVE-ISO
COL-91,EC-VESSEL-COL
COL-92,EC-VESSEL-COL
K-93,EC-COMPRESSOR-CENTR
FCV-94,EC-VALVE-CTRL
V-95,EC-VESSEL-SEP
P-96,EC-PUMP-CENTR
FT-97,EC-INST-FT
P-98,EC-PUMP-RECIP
P-99,EC-PUMP-RECIP
TT-100,EC-INST-TT
COL-101,EC-VESSEL-COL
XV-102,EC-VALVE-ISO
FCV-103,EC-VALVE-CTRL
PT-104,EC-INST-PT
FT-105,EC-INST-FT
V-106,EC-VESSEL-SEP
XV-107,EC-VALVE-ISO
FT-108,EC-INST-FT
V-109,EC-VESSEL-SEP
P-110,EC-PUMP-RECIP
K-111,EC-COMPRESSOR-CENTR
PSV-112,EC-VALVE-RELIEF
LT-113,EC-INST-LT
FT-114,EC-INST-FT
FCV-115,EC-VALVE-CTRL
PSV-116,EC-VALVE-RELIEF
P-117,EC-PUMP-CENTR
K-118,EC-COMPRESSOR-CENTR
P-119,EC-PUMP-CENTR
TT-120,EC-INST-TT
P-121,EC-PUMP-RECIP
LT-122,EC-INST-LT
LT-123,EC-INST-LT
K-124,EC-COMPRESSOR-CENTR
TT-125,EC-INST-TT
V-126,EC-VESSEL-SEP
P-127,EC-PUMP-CENTR
V-128,EC-VESSEL-SEP
FCV-129,EC-VALVE-CTRL
E-130,EC-HEATEXCH-SHELL
COL-131,EC-VESSEL-COL
V-132,EC-VESSEL-SEP
P-133,EC-PUMP-RECIP
LT-134,EC-INST-LT
PT-135,EC-INST-PT
PT-136,EC-INST-PT
XV-137,EC-VALVE-ISO
LT-138,EC-INST-LT
P-139,EC-PUMP-CENTR
COL-140,EC-VESSEL-COL
LT-141,EC-INST-LT
XV-142,EC-VALVE-ISO
LT-143,EC-INST-LT
K-144,EC-COMPRESSOR-CENTR
E-145,EC-HEATEXCH-SHELL
TT-146,EC-INST-TT
LT-147,EC-INST-LT
PT-148,EC-INST-PT
PSV-149,EC-VALVE-RELIEF
FCV-150,EC-VALVE-CTRL
LT-151,EC-INST-LT
FT-152,EC-INST-FT
LT-153,EC-INST-LT
FT-154,EC-INST-FT
P-155,EC-PUMP-CENTR
XV-156,EC-VALVE-ISO
FCV-157,EC-VALVE-CTRL
COL-158,EC-VESSEL-COL
LT-159,EC-INST-LT
LT-160,EC-INST-LT
PT-161,EC-INST-PT
XV-162,EC-VALVE-ISO
K-163,EC-COMPRESSOR-CENTR
FCV-164,EC-VALVE-CTRL
V-165,EC-VESSEL-SEP
TT-166,EC-INST-TT
P-167,EC-PUMP-CENTR
E-168,EC-HEATEXCH-SHELL
FCV-169,EC-VALVE-CTRL
P-170,EC-PUMP-RECIP
COL-171,EC-VESSEL-COL
E-172,EC-HEATEXCH-SHELL
FT-173,EC-INST-FT
V-174,EC-VESSEL-SEP
K-175,EC-COMPRESSOR-CENTR
P-176,EC-PUMP-CENTR
P-177,EC-PUMP-RECIP
XV-178,EC-VALVE-ISO
FT-179,EC-INST-FT
P-180,EC-PUMP-CENTR
PT-181,EC-INST-PT
V-182,EC-VESSEL-SEP
V-183,EC-VESSEL-SEP
K-184,EC-COMPRESSOR-CENTR
PSV-185,EC-VALVE-RELIEF
V-186,EC-VESSEL-SEP
XV-187,EC-VALVE-ISO
PSV-188,EC-VALVE-RELIEF
P-189,EC-PUMP-RECIP
PT-190,EC-INST-PT
XV-191,EC-VALVE-ISO
XV-192,EC-VALVE-ISO
K-193,EC-COMPRESSOR-CENTR
PSV-194,EC-VALVE-RELIEF
COL-195,EC-VESSEL-COL
XV-196,EC-VALVE-ISO
TT-197,EC-INST-TT
V-198,EC-VESSEL-SEP
LT-199,EC-INST-LT
E-200,EC-HEATEXCH-SHELL
PT-201,EC-INST-PT
FCV-202,EC-VALVE-CTRL
P-203,EC-PUMP-CENTR
P-204,EC-PUMP-CENTR
COL-205,EC-VESSEL-COL
FCV-206,EC-VALVE-CTRL
COL-207,EC-VESSEL-COL
K-208,EC-COMPRESSOR-CENTR
LT-209,EC-INST-LT
XV-210,EC-VALVE-ISO
FT-211,EC-INST-FT
E-212,EC-HEATEXCH-SHELL
FT-213,EC-INST-FT
V-214,EC-VESSEL-SEP
PT-215,EC-INST-PT
COL-216,EC-VESSEL-COL
PT-217,EC-INST-PT
PT-218,EC-INST-PT
COL-219,EC-VESSEL-COL
E-220,EC-HEATEXCH-SHELL
FT-221,EC-INST-FT
TT-222,EC-INST-TT
P-223,EC-PUMP-CENTR
TT-224,EC-INST-TT
TT-225,EC-INST-TT
TT-226,EC-INST-TT
PSV-227,EC-VALVE-RELIEF
XV-228,EC-VALVE-ISO
XV-229,EC-VALVE-ISO
E-230,EC-HEATEXCH-SHELL
E-231,EC-HEATEXCH-SHELL
PT-232,EC-INST-PT
V-233,EC-VESSEL-SEP
V-234,EC-VESSEL-SEP
PSV-235,EC-VALVE-RELIEF
TT-236,EC-INST-TT
LT-237,EC-INST-LT
V-238,EC-VESSEL-SEP
TT-239,EC-INST-TT
FCV-240,EC-VALVE-CTRL
PSV-241,EC-VALVE-RELIEF
LT-242,EC-INST-LT
PT-243,EC-INST-PT
FCV-244,EC-VALVE-CTRL
TT-245,EC-INST-TT
COL-246,EC-VESSEL-COL
V-247,EC-VESSEL-SEP
E-248,EC-HEATEXCH-SHELL
P-249,EC-PUMP-CENTR
COL-250,EC-VESSEL-COL
K-251,EC-COMPRESSOR-CENTR
PT-252,EC-INST-PT
LT-253,EC-INST-LT
E-254,EC-HEATEXCH-SHELL
V-255,EC-VESSEL-SEP
COL-256,EC-VESSEL-COL
LT-257,EC-INST-LT
K-258,EC-COMPRESSOR-CENTR
E-259,EC-HEATEXCH-SHELL
FT-260,EC-INST-FT
PT-261,EC-INST-PT
V-262,EC-VESSEL-SEP
COL-263,EC-VESSEL-COL
LT-264,EC-INST-LT
PSV-265,EC-VALVE-RELIEF
FCV-266,EC-VALVE-CTRL
TT-267,EC-INST-TT
TT-268,EC-INST-TT
FCV-269,EC-VALVE-CTRL
P-270,EC-PUMP-CENTR
COL-271,EC-VESSEL-COL
E-272,EC-HEATEXCH-SHELL
V-273,EC-VESSEL-SEP
FCV-274,EC-VALVE-CTRL
COL-275,EC-VESSEL-COL
LT-276,EC-INST-LT
FCV-277,EC-VALVE-CTRL
K-278,EC-COMPRESSOR-CENTR
FCV-279,EC-VALVE-CTRL
E-280,EC-HEATEXCH-SHELL
K-281,EC-COMPRESSOR-CENTR
V-282,EC-VESSEL-SEP
E-283,EC-HEATEXCH-SHELL
COL-284,EC-VESSEL-COL
FT-285,EC-INST-FT
K-286,EC-COMPRESSOR-CENTR
E-287,EC-HEATEXCH-SHELL
E-288,EC-HEATEXCH-SHELL
P-289,EC-PUMP-RECIP
COL-290,EC-VESSEL-COL
PSV-291,EC-VALVE-RELIEF
V-292,EC-VESSEL-SEP
FT-293,EC-INST-FT
P-294,EC-PUMP-RECIP
P-295,EC-PUMP-CENTR
TT-296,EC-INST-TT
XV-297,EC-VALVE-ISO
FCV-298,EC-VALVE-CTRL
E-299,EC-HEATEXCH-SHELL
TT-300,EC-INST-TT
PSV-301,EC-VALVE-RELIEF
E-302,EC-HEATEXCH-SHELL
PSV-303,EC-VALVE-RELIEF
PSV-304,EC-VALVE-RELIEF
K-305,EC-COMPRESSOR-CENTR
TT-306,EC-INST-TT
V-307,EC-VESSEL-SEP
V-308,EC-VESSEL-SEP
PT-309,EC-INST-PT
XV-310,EC-VALVE-ISO
FT-311,EC-INST-FT
XV-312,EC-VALVE-ISO
P-313,EC-PUMP-CENTR
LT-314,EC-INST-LT
P-315,EC-PUMP-CENTR
K-316,EC-COMPRESSOR-CENTR
COL-317,EC-VESSEL-COL
P-318,EC-PUMP-RECIP
P-319,EC-PUMP-CENTR
LT-320,EC-INST-LT
PT-321,EC-INST-PT
COL-322,EC-VESSEL-COL
PSV-323,EC-VALVE-RELIEF
FT-324,EC-INST-FT
COL-325,EC-VESSEL-COL
V-326,EC-VESSEL-SEP
LT-327,EC-INST-LT
E-328,EC-HEATEXCH-SHELL
P-329,EC-PUMP-CENTR
E-330,EC-HEATEXCH-SHELL
K-331,EC-COMPRESSOR-CENTR
COL-332,EC-VESSEL-COL
PT-333,EC-INST-PT
PT-334,EC-INST-PT
P-335,EC-PUMP-RECIP
E-336,EC-HEATEXCH-SHELL
P-337,EC-PUMP-CENTR
FT-338,EC-INST-FT
K-339,EC-COMPRESSOR-CENTR
FT-340,EC-INST-FT
P-341,EC-PUMP-CENTR
E-342,EC-HEATEXCH-SHELL
FT-343,EC-INST-FT
P-344,EC-PUMP-CENTR
P-345,EC-PUMP-CENTR
COL-346,EC-VESSEL-COL
PT-347,EC-INST-PT
PT-348,EC-INST-PT
XV-349,EC-VALVE-ISO
PT-350,EC-INST-PT
FT-351,EC-INST-FT
PT-352,EC-INST-PT
COL-353,EC-VESSEL-COL
K-354,EC-COMPRESSOR-CENTR
V-355,EC-VESSEL-SEP
P-356,EC-PUMP-CENTR
FCV-357,EC-VALVE-CTRL
COL-358,EC-VESSEL-COL
P-359,EC-PUMP-RECIP
PSV-360,EC-VALVE-RELIEF
K-361,EC-COMPRESSOR-CENTR
LT-362,EC-INST-LT
LT-363,EC-INST-LT
P-364,EC-PUMP-RECIP
P-365,EC-PUMP-RECIP
P-366,EC-PUMP-CENTR
COL-367,EC-VESSEL-COL
E-368,EC-HEATEXCH-SHELL
FCV-369,EC-VALVE-CTRL
PT-370,EC-INST-PT
V-371,EC-VESSEL-SEP
E-372,EC-HEATEXCH-SHELL
XV-373,EC-VALVE-ISO
FT-374,EC-INST-FT
COL-375,EC-VESSEL-COL
K-376,EC-COMPRESSOR-CENTR
TT-377,EC-INST-TT
FT-378,EC-INST-FT
XV-379,EC-VALVE-ISO
PSV-380,EC-VALVE-RELIEF
LT-381,EC-INST-LT
PT-382,EC-INST-PT
V-383,EC-VESSEL-SEP
XV-384,EC-VALVE-ISO
P-385,EC-PUMP-RECIP
PSV-386,EC-VALVE-RELIEF
COL-387,EC-VESSEL-COL
XV-388,EC-VALVE-ISO
PT-389,EC-INST-PT
P-390,EC-PUMP-CENTR
XV-391,EC-VALVE-ISO
PT-392,EC-INST-PT
FT-393,EC-INST-FT
V-394,EC-VESSEL-SEP
TT-395,EC-INST-TT
FT-396,EC-INST-FT
FCV-397,EC-VALVE-CTRL
FT-398,EC-INST-FT
LT-399,EC-INST-LT
K-400,EC-COMPRESSOR-CENTR
LT-401,EC-INST-LT
FCV-402,EC-VALVE-CTRL
TT-403,EC-INST-TT
LT-404,EC-INST-LT
LT-405,EC-INST-LT
FCV-406,EC-VALVE-CTRL
K-407,EC-COMPRESSOR-CENTR
K-408,EC-COMPRESSOR-CENTR
LT-409,EC-INST-LT
K-410,EC-COMPRESSOR-CENTR
V-411,EC-VESSEL-SEP
P-412,EC-PUMP-CENTR
PT-413,EC-INST-PT
E-414,EC-HEATEXCH-SHELL
V-415,EC-VESSEL-SEP
FCV-416,EC-VALVE-CTRL
P-417,EC-PUMP-RECIP
V-418,EC-VESSEL-SEP
TT-419,EC-INST-TT
LT-420,EC-INST-LT
FT-421,EC-INST-FT
LT-422,EC-INST-LT
K-423,EC-COMPRESSOR-CENTR
FCV-424,EC-VALVE-CTRL
PSV-425,EC-VALVE-RELIEF
XV-426,EC-VALVE-ISO
E-427,EC-HEATEXCH-SHELL
XV-428,EC-VALVE-ISO
E-429,EC-HEATEXCH-SHELL
PT-430,EC-INST-PT
FCV-431,EC-VALVE-CTRL
P-432,EC-PUMP-CENTR
V-433,EC-VESSEL-SEP
E-434,EC-HEATEXCH-SHELL
COL-435,EC-VESSEL-COL
PSV-436,EC-VALVE-RELIEF
COL-437,EC-VESSEL-COL
TT-438,EC-INST-TT
E-439,EC-HEATEXCH-SHELL
PT-440,EC-INST-PT
PT-441,EC-INST-PT
LT-442,EC-INST-LT
E-443,EC-HEATEXCH-SHELL
P-444,EC-PUMP-CENTR
P-445,EC-PUMP-CENTR
PSV-446,EC-VALVE-RELIEF
COL-447,EC-VESSEL-COL
XV-448,EC-VALVE-ISO
FT-449,EC-INST-FT
PT-450,EC-INST-PT
PT-451,EC-INST-PT
XV-452,EC-VALVE-ISO
P-453,EC-PUMP-CENTR
FCV-454,EC-VALVE-CTRL
PSV-455,EC-VALVE-RELIEF
E-456,EC-HEATEXCH-SHELL
P-457,EC-PUMP-RECIP
PT-458,EC-INST-PT
COL-459,EC-VESSEL-COL
K-460,EC-COMPRESSOR-CENTR
E-461,EC-HEATEXCH-SHELL
P-462,EC-PUMP-CENTR
PT-463,EC-INST-PT
COL-464,EC-VESSEL-COL
COL-465,EC-VESSEL-COL
PSV-466,EC-VALVE-RELIEF
P-467,EC-PUMP-RECIP
PSV-468,EC-VALVE-RELIEF
P-469,EC-PUMP-RECIP
P-470,EC-PUMP-CENTR
P-471,EC-PUMP-RECIP
FCV-472,EC-VALVE-CTRL
XV-473,EC-VALVE-ISO
K-474,EC-COMPRESSOR-CENTR
E-475,EC-HEATEXCH-SHELL
COL-476,EC-VESSEL-COL
E-477,EC-HEATEXCH-SHELL
E-478,EC-HEATEXCH-SHELL
PT-479,EC-INST-PT
K-480,EC-COMPRESSOR-CENTR
XV-481,EC-VALVE-ISO
P-482,EC-PUMP-RECIP
TT-483,EC-INST-TT
LT-484,EC-INST-LT
COL-485,EC-VESSEL-COL
P-486,EC-PUMP-RECIP
FT-487,EC-INST-FT
FCV-488,EC-VALVE-CTRL
TT-489,EC-INST-TT
PSV-490,EC-VALVE-RELIEF
TT-491,EC-INST-TT
PT-492,EC-INST-PT
PSV-493,EC-VALVE-RELIEF
FT-494,EC-INST-FT
PT-495,EC-INST-PT
PT-496,EC-INST-PT
FT-497,EC-INST-FT
FCV-498,EC-VALVE-CTRL
FT-499,EC-INST-FT
E-500,EC-HEATEXCH-SHELL
FCV-501,EC-VALVE-CTRL
LT-502,EC-INST-LT
P-503,EC-PUMP-CENTR
LT-504,EC-INST-LT
PT-505,EC-INST-PT
E-506,EC-HEATEXCH-SHELL
PT-507,EC-INST-PT
TT-508,EC-INST-TT
FCV-509,EC-VALVE-CTRL
FT-510,EC-INST-FT
K-511,EC-COMPRESSOR-CENTR
PT-512,EC-INST-PT
PSV-513,EC-VALVE-RELIEF
TT-514,EC-INST-TT
K-515,EC-COMPRESSOR-CENTR
COL-516,EC-VESSEL-COL
K-517,EC-COMPRESSOR-CENTR
LT-518,EC-INST-LT
P-519,EC-PUMP-CENTR
V-520,EC-VESSEL-SEP
XV-521,EC-VALVE-ISO
PT-522,EC-INST-PT
FT-523,EC-INST-FT
FT-524,EC-INST-FT
COL-525,EC-VESSEL-COL
E-526,EC-HEATEXCH-SHELL
COL-527,EC-VESSEL-COL
P-528,EC-PUMP-RECIP
PSV-529,EC-VALVE-RELIEF
P-530,EC-PUMP-CENTR
V-531,EC-VESSEL-SEP
E-532,EC-HEATEXCH-SHELL
PSV-533,EC-VALVE-RELIEF
V-534,EC-VESSEL-SEP
E-535,EC-HEATEXCH-SHELL
FCV-536,EC-VALVE-CTRL
XV-537,EC-VALVE-ISO
P-538,EC-PUMP-RECIP
FCV-539,EC-VALVE-CTRL
LT-540,EC-INST-LT
LT-541,EC-INST-LT
PT-542,EC-INST-PT
P-543,EC-PUMP-RECIP
FT-544,EC-INST-FT
E-545,EC-HEATEXCH-SHELL
V-546,EC-VESSEL-SEP
E-547,EC-HEATEXCH-SHELL
XV-548,EC-VALVE-ISO
K-549,EC-COMPRESSOR-CENTR
P-550,EC-PUMP-CENTR
V-551,EC-VESSEL-SEP
LT-552,EC-INST-LT
E-553,EC-HEATEXCH-SHELL
LT-554,EC-INST-LT
PSV-555,EC-VALVE-RELIEF
P-556,EC-PUMP-RECIP
P-557,EC-PUMP-RECIP
COL-558,EC-VESSEL-COL
TT-559,EC-INST-TT
FCV-560,EC-VALVE-CTRL
E-561,EC-HEATEXCH-SHELL
K-562,EC-COMPRESSOR-CENTR
P-563,EC-PUMP-CENTR
LT-564,EC-INST-LT
PT-565,EC-INST-PT
TT-566,EC-INST-TT
COL-567,EC-VESSEL-COL
P-568,EC-PUMP-RECIP
E-569,EC-HEATEXCH-SHELL
K-570,EC-COMPRESSOR-CENTR
FT-571,EC-INST-FT
V-572,EC-VESSEL-SEP
P-573,EC-PUMP-RECIP
PT-574,EC-INST-PT
TT-575,EC-INST-TT
XV-576,EC-VALVE-ISO
LT-577,EC-INST-LT
E-578,EC-HEATEXCH-SHELL
TT-579,EC-INST-TT
LT-580,EC-INST-LT
FCV-581,EC-VALVE-CTRL
E-582,EC-HEATEXCH-SHELL
PSV-583,EC-VALVE-RELIEF
P-584,EC-PUMP-RECIP
E-585,EC-HEATEXCH-SHELL
XV-586,EC-VALVE-ISO
TT-587,EC-INST-TT
LT-588,EC-INST-LT
K-589,EC-COMPRESSOR-CENTR
PT-590,EC-INST-PT
PSV-591,EC-VALVE-RELIEF
FCV-592,EC-VALVE-CTRL
LT-593,EC-INST-LT
LT-594,EC-INST-LT
PT-595,EC-INST-PT
K-596,EC-COMPRESSOR-CENTR
P-597,EC-PUMP-CENTR
COL-598,EC-VESSEL-COL
PT-599,EC-INST-PT
FT-600,EC-INST-FT
PSV-601,EC-VALVE-RELIEF
COL-602,EC-VESSEL-COL
E-603,EC-HEATEXCH-SHELL
XV-604,EC-VALVE-ISO
PSV-605,EC-VALVE-RELIEF
LT-606,EC-INST-LT
FT-607,EC-INST-FT
E-608,EC-HEATEXCH-SHELL
PSV-609,EC-VALVE-RELIEF
FT-610,EC-INST-FT
E-611,EC-HEATEXCH-SHELL
K-612,EC-COMPRESSOR-CENTR
COL-613,EC-VESSEL-COL
E-614,EC-HEATEXCH-SHELL
FCV-615,EC-VALVE-CTRL
COL-616,EC-VESSEL-COL
XV-617,EC-VALVE-ISO
E-618,EC-HEATEXCH-SHELL
E-619,EC-HEATEXCH-SHELL
LT-620,EC-INST-LT
K-621,EC-COMPRESSOR-CENTR
P-622,EC-PUMP-CENTR
TT-623,EC-INST-TT
P-624,EC-PUMP-CENTR
P-625,EC-PUMP-CENTR
XV-626,EC-VALVE-ISO
P-627,EC-PUMP-CENTR
COL-628,EC-VESSEL-COL
COL-629,EC-VESSEL-COL
LT-630,EC-INST-LT
K-631,EC-COMPRESSOR-CENTR
FCV-632,EC-VALVE-CTRL
P-633,EC-PUMP-RECIP
V-634,EC-VESSEL-SEP
FCV-635,EC-VALVE-CTRL
PSV-636,EC-VALVE-RELIEF
XV-637,EC-VALVE-ISO
FT-638,EC-INST-FT
E-639,EC-HEATEXCH-SHELL
P-640,EC-PUMP-RECIP
FT-641,EC-INST-FT
PSV-642,EC-VALVE-RELIEF
LT-643,EC-INST-LT
COL-644,EC-VESSEL-COL
PT-645,EC-INST-PT
K-646,EC-COMPRESSOR-CENTR
FT-647,EC-INST-FT
TT-648,EC-INST-TT
PSV-649,EC-VALVE-RELIEF
P-650,EC-PUMP-RECIP
K-651,EC-COMPRESSOR-CENTR
FCV-652,EC-VALVE-CTRL
E-653,EC-HEATEXCH-SHELL
XV-654,EC-VALVE-ISO
XV-655,EC-VALVE-ISO
P-656,EC-PUMP-RECIP
P-657,EC-PUMP-RECIP
P-658,EC-PUMP-RECIP
K-659,EC-COMPRESSOR-CENTR
FCV-660,EC-VALVE-CTRL
TT-661,EC-INST-TT
PT-662,EC-INST-PT
XV-663,EC-VALVE-ISO
LT-664,EC-INST-LT
COL-665,EC-VESSEL-COL
V-666,EC-VESSEL-SEP
P-667,EC-PUMP-RECIP
FCV-668,EC-VALVE-CTRL
P-669,EC-PUMP-RECIP
E-670,EC-HEATEXCH-SHELL
PSV-671,EC-VALVE-RELIEF
FCV-672,EC-VALVE-CTRL
PT-673,EC-INST-PT
LT-674,EC-INST-LT
COL-675,EC-VESSEL-COL
LT-676,EC-INST-LT
K-677,EC-COMPRESSOR-CENTR
E-678,EC-HEATEXCH-SHELL
PSV-679,EC-VALVE-RELIEF
P-680,EC-PUMP-CENTR
FCV-681,EC-VALVE-CTRL
K-682,EC-COMPRESSOR-CENTR
PSV-683,EC-VALVE-RELIEF
K-684,EC-COMPRESSOR-CENTR
E-685,EC-HEATEXCH-SHELL
P-686,EC-PUMP-CENTR
FCV-687,EC-VALVE-CTRL
FT-688,EC-INST-FT
P-689,EC-PUMP-CENTR
TT-690,EC-INST-TT
TT-691,EC-INST-TT
K-692,EC-COMPRESSOR-CENTR
COL-693,EC-VESSEL-COL
XV-694,EC-VALVE-ISO
PSV-695,EC-VALVE-RELIEF
P-696,EC-PUMP-CENTR
PSV-697,EC-VALVE-RELIEF
V-698,EC-VESSEL-SEP
P-699,EC-PUMP-RECIP
FCV-700,EC-VALVE-CTRL
FT-701,EC-INST-FT
PSV-702,EC-VALVE-RELIEF
LT-703,EC-INST-LT
E-704,EC-HEATEXCH-SHELL
K-705,EC-COMPRESSOR-CENTR
V-706,EC-VESSEL-SEP
FT-707,EC-INST-FT
XV-708,EC-VALVE-ISO
TT-709,EC-INST-TT
FCV-710,EC-VALVE-CTRL
COL-711,EC-VESSEL-COL
FT-712,EC-INST-FT
XV-713,EC-VALVE-ISO
K-714,EC-COMPRESSOR-CENTR
V-715,EC-VESSEL-SEP
P-716,EC-PUMP-CENTR
LT-717,EC-INST-LT
TT-718,EC-INST-TT
V-719,EC-VESSEL-SEP
P-720,EC-PUMP-RECIP
K-721,EC-COMPRESSOR-CENTR
K-722,EC-COMPRESSOR-CENTR
FCV-723,EC-VALVE-CTRL
TT-724,EC-INST-TT
COL-725,EC-VESSEL-COL
COL-726,EC-VESSEL-COL
LT-727,EC-INST-LT
PSV-728,EC-VALVE-RELIEF
V-729,EC-VESSEL-SEP
K-730,EC-COMPRESSOR-CENTR
FT-731,EC-INST-FT
K-732,EC-COMPRESSOR-CENTR
P-733,EC-PUMP-RECIP
V-734,EC-VESSEL-SEP
FT-735,EC-INST-FT
FT-736,EC-INST-FT
FCV-737,EC-VALVE-CTRL
K-738,EC-COMPRESSOR-CENTR
PSV-739,EC-VALVE-RELIEF
V-740,EC-VESSEL-SEP
P-741,EC-PUMP-CENTR
PSV-742,EC-VALVE-RELIEF
TT-743,EC-INST-TT
TT-744,EC-INST-TT
FT-745,EC-INST-FT
XV-746,EC-VALVE-ISO
V-747,EC-VESSEL-SEP
V-748,EC-VESSEL-SEP
PSV-749,EC-VALVE-RELIEF
P-750,EC-PUMP-RECIP
FT-751,EC-INST-FT
P-752,EC-PUMP-RECIP
E-753,EC-HEATEXCH-SHELL
TT-754,EC-INST-TT
FCV-755,EC-VALVE-CTRL
E-756,EC-HEATEXCH-SHELL
LT-757,EC-INST-LT
P-758,EC-PUMP-CENTR
V-759,EC-VESSEL-SEP
COL-760,EC-VESSEL-COL
K-761,EC-COMPRESSOR-CENTR
P-762,EC-PUMP-CENTR
FCV-763,EC-VALVE-CTRL
E-764,EC-HEATEXCH-SHELL
LT-765,EC-INST-LT
PSV-766,EC-VALVE-RELIEF
TT-767,EC-INST-TT
P-768,EC-PUMP-RECIP
PSV-769,EC-VALVE-RELIEF
COL-770,EC-VESSEL-COL
E-771,EC-HEATEXCH-SHELL
COL-772,EC-VESSEL-COL
COL-773,EC-VESSEL-COL
P-774,EC-PUMP-RECIP
P-775,EC-PUMP-RECIP
PSV-776,EC-VALVE-RELIEF
LT-777,EC-INST-LT
COL-778,EC-VESSEL-COL
PSV-779,EC-VALVE-RELIEF
V-780,EC-VESSEL-SEP
FT-781,EC-INST-FT
P-782,EC-PUMP-RECIP
PSV-783,EC-VALVE-RELIEF
V-784,EC-VESSEL-SEP
PT-785,EC-INST-PT
E-786,EC-HEATEXCH-SHELL
K-787,EC-COMPRESSOR-CENTR
V-788,EC-VESSEL-SEP
COL-789,EC-VESSEL-COL
K-790,EC-COMPRESSOR-CENTR
FT-791,EC-INST-FT
V-792,EC-VESSEL-SEP
E-793,EC-HEATEXCH-SHELL
LT-794,EC-INST-LT
P-795,EC-PUMP-CENTR
P-796,EC-PUMP-CENTR
V-797,EC-VESSEL-SEP
E-798,EC-HEATEXCH-SHELL
LT-799,EC-INST-LT
TT-800,EC-INST-TT
P-801,EC-PUMP-CENTR
V-802,EC-VESSEL-SEP
E-803,EC-HEATEXCH-SHELL
V-804,EC-VESSEL-SEP
E-805,EC-HEATEXCH-SHELL
E-806,EC-HEATEXCH-SHELL
E-807,EC-HEATEXCH-SHELL
TT-808,EC-INST-TT
V-809,EC-VESSEL-SEP
PSV-810,EC-VALVE-RELIEF
FCV-811,EC-VALVE-CTRL
XV-812,EC-VALVE-ISO
COL-813,EC-VESSEL-COL
COL-814,EC-VESSEL-COL
PT-815,EC-INST-PT
K-816,EC-COMPRESSOR-CENTR
TT-817,EC-INST-TT
P-818,EC-PUMP-RECIP
FT-819,EC-INST-FT
LT-820,EC-INST-LT
FCV-821,EC-VALVE-CTRL
E-822,EC-HEATEXCH-SHELL
PSV-823,EC-VALVE-RELIEF
COL-824,EC-VESSEL-COL
FCV-825,EC-VALVE-CTRL
K-826,EC-COMPRESSOR-CENTR
LT-827,EC-INST-LT
K-828,EC-COMPRESSOR-CENTR
FT-829,EC-INST-FT
V-830,EC-VESSEL-SEP
PT-831,EC-INST-PT
PT-832,EC-INST-PT
P-833,EC-PUMP-RECIP
PT-834,EC-INST-PT
PT-835,EC-INST-PT
XV-836,EC-VALVE-ISO
COL-837,EC-VESSEL-COL
K-838,EC-COMPRESSOR-CENTR
E-839,EC-HEATEXCH-SHELL
TT-840,EC-INST-TT
LT-841,EC-INST-LT
PT-842,EC-INST-PT
LT-843,EC-INST-LT
V-844,EC-VESSEL-SEP
COL-845,EC-VESSEL-COL
FT-846,EC-INST-FT
FCV-847,EC-VALVE-CTRL
FCV-848,EC-VALVE-CTRL
LT-849,EC-INST-LT
P-850,EC-PUMP-RECIP
PT-851,EC-INST-PT
PSV-852,EC-VALVE-RELIEF
K-853,EC-COMPRESSOR-CENTR
LT-854,EC-INST-LT
P-855,EC-PUMP-RECIP
TT-856,EC-INST-TT
K-857,EC-COMPRESSOR-CENTR
FCV-858,EC-VALVE-CTRL
V-859,EC-VESSEL-SEP
FT-860,EC-INST-FT
TT-861,EC-INST-TT
TT-862,EC-INST-TT
P-863,EC-PUMP-CENTR
XV-864,EC-VALVE-ISO
V-865,EC-VESSEL-SEP
FCV-866,EC-VALVE-CTRL
PSV-867,EC-VALVE-RELIEF
PSV-868,EC-VALVE-RELIEF
PSV-869,EC-VALVE-RELIEF
FCV-870,EC-VALVE-CTRL
COL-871,EC-VESSEL-COL
P-872,EC-PUMP-RECIP
E-873,EC-HEATEXCH-SHELL
E-874,EC-HEATEXCH-SHELL
FT-875,EC-INST-FT
XV-876,EC-VALVE-ISO
P-877,EC-PUMP-RECIP
K-878,EC-COMPRESSOR-CENTR
P-879,EC-PUMP-CENTR
E-880,EC-HEATEXCH-SHELL
TT-881,EC-INST-TT
TT-882,EC-INST-TT
FCV-883,EC-VALVE-CTRL
K-884,EC-COMPRESSOR-CENTR
PSV-885,EC-VALVE-RELIEF
TT-886,EC-INST-TT
TT-887,EC-INST-TT
V-888,EC-VESSEL-SEP
PT-889,EC-INST-PT
TT-890,EC-INST-TT
P-891,EC-PUMP-RECIP
XV-892,EC-VALVE-ISO
TT-893,EC-INST-TT
P-894,EC-PUMP-CENTR
XV-895,EC-VALVE-ISO
E-896,EC-HEATEXCH-SHELL
P-897,EC-PUMP-RECIP
PT-898,EC-INST-PT
TT-899,EC-INST-TT
COL-900,EC-VESSEL-COL
E-901,EC-HEATEXCH-SHELL
P-902,EC-PUMP-CENTR
P-903,EC-PUMP-CENTR
LT-904,EC-INST-LT
FCV-905,EC-VALVE-CTRL
P-906,EC-PUMP-CENTR
PSV-907,EC-VALVE-RELIEF
P-908,EC-PUMP-CENTR
P-909,EC-PUMP-RECIP
V-910,EC-VESSEL-SEP
P-911,EC-PUMP-CENTR
PT-912,EC-INST-PT
TT-913,EC-INST-TT
E-914,EC-HEATEXCH-SHELL
COL-915,EC-VESSEL-COL
P-916,EC-PUMP-RECIP
TT-917,EC-INST-TT
V-918,EC-VESSEL-SEP
K-919,EC-COMPRESSOR-CENTR
PT-920,EC-INST-PT
FCV-921,EC-VALVE-CTRL
COL-922,EC-VESSEL-COL
P-923,EC-PUMP-CENTR
COL-924,EC-VESSEL-COL
XV-925,EC-VALVE-ISO
TT-926,EC-INST-TT
P-927,EC-PUMP-RECIP
FT-928,EC-INST-FT
XV-929,EC-VALVE-ISO
FCV-930,EC-VALVE-CTRL
P-931,EC-PUMP-CENTR
FT-932,EC-INST-FT
PSV-933,EC-VALVE-RELIEF
COL-934,EC-VESSEL-COL
PSV-935,EC-VALVE-RELIEF
COL-936,EC-VESSEL-COL
K-937,EC-COMPRESSOR-CENTR
LT-938,EC-INST-LT
XV-939,EC-VALVE-ISO
FT-940,EC-INST-FT
PT-941,EC-INST-PT
FT-942,EC-INST-FT
XV-943,EC-VALVE-ISO
PT-944,EC-INST-PT
E-945,EC-HEATEXCH-SHELL
LT-946,EC-INST-LT
FT-947,EC-INST-FT
XV-948,EC-VALVE-ISO
TT-949,EC-INST-TT
FCV-950,EC-VALVE-CTRL
XV-951,EC-VALVE-ISO
V-952,EC-VESSEL-SEP
K-953,EC-COMPRESSOR-CENTR
FCV-954,EC-VALVE-CTRL
COL-955,EC-VESSEL-COL
K-956,EC-COMPRESSOR-CENTR
COL-957,EC-VESSEL-COL
PSV-958,EC-VALVE-RELIEF
K-959,EC-COMPRESSOR-CENTR
K-960,EC-COMPRESSOR-CENTR
E-961,EC-HEATEXCH-SHELL
E-962,EC-HEATEXCH-SHELL
LT-963,EC-INST-LT
V-964,EC-VESSEL-SEP
COL-965,EC-VESSEL-COL
E-966,EC-HEATEXCH-SHELL
FT-967,EC-INST-FT
TT-968,EC-INST-TT
V-969,EC-VESSEL-SEP
XV-970,EC-VALVE-ISO
FT-971,EC-INST-FT
P-972,EC-PUMP-CENTR
V-973,EC-VESSEL-SEP
P-974,EC-PUMP-RECIP
FCV-975,EC-VALVE-CTRL
FCV-976,EC-VALVE-CTRL
FCV-977,EC-VALVE-CTRL
FCV-978,EC-VALVE-CTRL
PSV-979,EC-VALVE-RELIEF
V-980,EC-VESSEL-SEP
E-981,EC-HEATEXCH-SHELL
COL-982,EC-VESSEL-COL
XV-983,EC-VALVE-ISO
LT-984,EC-INST-LT
PSV-985,EC-VALVE-RELIEF
K-986,EC-COMPRESSOR-CENTR
K-987,EC-COMPRESSOR-CENTR
XV-988,EC-VALVE-ISO
V-989,EC-VESSEL-SEP
P-990,EC-PUMP-CENTR
E-991,EC-HEATEXCH-SHELL
LT-992,EC-INST-LT
FCV-993,EC-VALVE-CTRL
PT-994,EC-INST-PT
FT-995,EC-INST-FT
XV-996,EC-VALVE-ISO
FT-997,EC-INST-FT
TT-998,EC-INST-TT
COL-999,EC-VESSEL-COL
P-1000,EC-PUMP-CENTR
P-1001,EC-PUMP-RECIP
P-1002,EC-PUMP-RECIP
TT-1003,EC-INST-TT
XV-1004,EC-VALVE-ISO
P-1005,EC-PUMP-CENTR
XV-1006,EC-VALVE-ISO
FT-1007,EC-INST-FT
PSV-1008,EC-VALVE-RELIEF
PSV-1009,EC-VALVE-RELIEF
FT-1010,EC-INST-FT
FT-1011,EC-INST-FT
V-1012,EC-VESSEL-SEP
XV-1013,EC-VALVE-ISO
LT-1014,EC-INST-LT
FCV-1015,EC-VALVE-CTRL
V-1016,EC-VESSEL-SEP
LT-1017,EC-INST-LT
PT-1018,EC-INST-PT
LT-1019,EC-INST-LT
FT-1020,EC-INST-FT
COL-1021,EC-VESSEL-COL
P-1022,EC-PUMP-RECIP
P-1023,EC-PUMP-RECIP
PT-1024,EC-INST-PT
LT-1025,EC-INST-LT
PSV-1026,EC-VALVE-RELIEF
PSV-1027,EC-VALVE-RELIEF
FCV-1028,EC-VALVE-CTRL
K-1029,EC-COMPRESSOR-CENTR
P-1030,EC-PUMP-RECIP
PSV-1031,EC-VALVE-RELIEF
V-1032,EC-VESSEL-SEP
XV-1033,EC-VALVE-ISO
LT-1034,EC-INST-LT
LT-1035,EC-INST-LT
V-1036,EC-VESSEL-SEP
XV-1037,EC-VALVE-ISO
FT-1038,EC-INST-FT
XV-1039,EC-VALVE-ISO
LT-1040,EC-INST-LT
PSV-1041,EC-VALVE-RELIEF
P-1042,EC-PUMP-CENTR
PT-1043,EC-INST-PT
LT-1044,EC-INST-LT
TT-1045,EC-INST-TT
FCV-1046,EC-VALVE-CTRL
P-1047,EC-PUMP-CENTR
K-1048,EC-COMPRESSOR-CENTR
LT-1049,EC-INST-LT
LT-1050,EC-INST-LT
P-1051,EC-PUMP-RECIP
P-1052,EC-PUMP-CENTR
FT-1053,EC-INST-FT
P-1054,EC-PUMP-RECIP
P-1055,EC-PUMP-CENTR
P-1056,EC-PUMP-CENTR
P-1057,EC-PUMP-RECIP
K-1058,EC-COMPRESSOR-CENTR
COL-1059,EC-VESSEL-COL
V-1060,EC-VESSEL-SEP
E-1061,EC-HEATEXCH-SHELL
PT-1062,EC-INST-PT
PT-1063,EC-INST-PT
P-1064,EC-PUMP-CENTR
XV-1065,EC-VALVE-ISO
V-1066,EC-VESSEL-SEP
LT-1067,EC-INST-LT
P-1068,EC-PUMP-CENTR
FCV-1069,EC-VALVE-CTRL
XV-1070,EC-VALVE-ISO
LT-1071,EC-INST-LT
XV-1072,EC-VALVE-ISO
PT-1073,EC-INST-PT
FT-1074,EC-INST-FT
K-1075,EC-COMPRESSOR-CENTR
P-1076,EC-PUMP-RECIP
LT-1077,EC-INST-LT
V-1078,EC-VESSEL-SEP
V-1079,EC-VESSEL-SEP
PT-1080,EC-INST-PT
COL-1081,EC-VESSEL-COL
FCV-1082,EC-VALVE-CTRL
PSV-1083,EC-VALVE-RELIEF
E-1084,EC-HEATEXCH-SHELL
LT-1085,EC-INST-LT
LT-1086,EC-INST-LT
COL-1087,EC-VESSEL-COL
P-1088,EC-PUMP-RECIP
P-1089,EC-PUMP-RECIP
E-1090,EC-HEATEXCH-SHELL
PSV-1091,EC-VALVE-RELIEF
LT-1092,EC-INST-LT
V-1093,EC-VESSEL-SEP
E-1094,EC-HEATEXCH-SHELL
TT-1095,EC-INST-TT
P-1096,EC-PUMP-RECIP
FT-1097,EC-INST-FT
PSV-1098,EC-VALVE-RELIEF
P-1099,EC-PUMP-RECIP
TT-1100,EC-INST-TT
V-1101,EC-VESSEL-SEP
P-1102,EC-PUMP-RECIP
LT-1103,EC-INST-LT
E-1104,EC-HEATEXCH-SHELL
K-1105,EC-COMPRESSOR-CENTR
P-1106,EC-PUMP-CENTR
TT-1107,EC-INST-TT
K-1108,EC-COMPRESSOR-CENTR
COL-1109,EC-VESSEL-COL
P-1110,EC-PUMP-CENTR
LT-1111,EC-INST-LT
XV-1112,EC-VALVE-ISO
FCV-1113,EC-VALVE-CTRL
TT-1114,EC-INST-TT
P-1115,EC-PUMP-RECIP
V-1116,EC-VESSEL-SEP
LT-1117,EC-INST-LT
FT-1118,EC-INST-FT
TT-1119,EC-INST-TT
V-1120,EC-VESSEL-SEP
P-1121,EC-PUMP-RECIP
FT-1122,EC-INST-FT
K-1123,EC-COMPRESSOR-CENTR
V-1124,EC-VESSEL-SEP
TT-1125,EC-INST-TT
PT-1126,EC-INST-PT
COL-1127,EC-VESSEL-COL
PT-1128,EC-INST-PT
P-1129,EC-PUMP-CENTR
P-1130,EC-PUMP-CENTR
FCV-1131,EC-VALVE-CTRL
PSV-1132,EC-VALVE-RELIEF
PSV-1133,EC-VALVE-RELIEF
P-1134,EC-PUMP-RECIP
P-1135,EC-PUMP-RECIP
FT-1136,EC-INST-FT
LT-1137,EC-INST-LT
LT-1138,EC-INST-LT
XV-1139,EC-VALVE-ISO
XV-1140,EC-VALVE-ISO
COL-1141,EC-VESSEL-COL
COL-1142,EC-VESSEL-COL
PSV-1143,EC-VALVE-RELIEF
P-1144,EC-PUMP-CENTR
P-1145,EC-PUMP-CENTR
P-1146,EC-PUMP-CENTR
P-1147,EC-PUMP-CENTR
P-1148,EC-PUMP-RECIP
PT-1149,EC-INST-PT
FCV-1150,EC-VALVE-CTRL
PSV-1151,EC-VALVE-RELIEF
P-1152,EC-PUMP-RECIP
LT-1153,EC-INST-LT
P-1154,EC-PUMP-RECIP
V-1155,EC-VESSEL-SEP
E-1156,EC-HEATEXCH-SHELL
K-1157,EC-COMPRESSOR-CENTR
FCV-1158,EC-VALVE-CTRL
COL-1159,EC-VESSEL-COL
V-1160,EC-VESSEL-SEP
E-1161,EC-HEATEXCH-SHELL
LT-1162,EC-INST-LT
LT-1163,EC-INST-LT
LT-1164,EC-INST-LT
XV-1165,EC-VALVE-ISO
XV-1166,EC-VALVE-ISO
P-1167,EC-PUMP-RECIP
LT-1168,EC-INST-LT
P-1169,EC-PUMP-CENTR
PSV-1170,EC-VALVE-RELIEF
XV-1171,EC-VALVE-ISO
P-1172,EC-PUMP-CENTR
TT-1173,EC-INST-TT
COL-1174,EC-VESSEL-COL
FT-1175,EC-INST-FT
LT-1176,EC-INST-LT
P-1177,EC-PUMP-RECIP
TT-1178,EC-INST-TT
PT-1179,EC-INST-PT
LT-1180,EC-INST-LT
PT-1181,EC-INST-PT
LT-1182,EC-INST-LT
PT-1183,EC-INST-PT
PSV-1184,EC-VALVE-RELIEF
LT-1185,EC-INST-LT
FCV-1186,EC-VALVE-CTRL
V-1187,EC-VESSEL-SEP
TT-1188,EC-INST-TT
PT-1189,EC-INST-PT
PT-1190,EC-INST-PT
XV-1191,EC-VALVE-ISO
PSV-1192,EC-VALVE-RELIEF
P-1193,EC-PUMP-RECIP
COL-1194,EC-VESSEL-COL
V-1195,EC-VESSEL-SEP
COL-1196,EC-VESSEL-COL
PT-1197,EC-INST-PT
E-1198,EC-HEATEXCH-SHELL
FCV-1199,EC-VALVE-CTRL
E-1200,EC-HEATEXCH-SHELL
FCV-1201,EC-VALVE-CTRL
FT-1202,EC-INST-FT
V-1203,EC-VESSEL-SEP
XV-1204,EC-VALVE-ISO
FCV-1205,EC-VALVE-CTRL
P-1206,EC-PUMP-CENTR
K-1207,EC-COMPRESSOR-CENTR
K-1208,EC-COMPRESSOR-CENTR
LT-1209,EC-INST-LT
FCV-1210,EC-VALVE-CTRL
P-1211,EC-PUMP-CENTR
P-1212,EC-PUMP-CENTR
V-1213,EC-VESSEL-SEP
V-1214,EC-VESSEL-SEP
XV-1215,EC-VALVE-ISO
XV-1216,EC-VALVE-ISO
P-1217,EC-PUMP-RECIP
FCV-1218,EC-VALVE-CTRL
FT-1219,EC-INST-FT
COL-1220,EC-VESSEL-COL
PSV-1221,EC-VALVE-RELIEF
COL-1222,EC-VESSEL-COL
P-1223,EC-PUMP-RECIP
FCV-1224,EC-VALVE-CTRL
COL-1225,EC-VESSEL-COL
TT-1226,EC-INST-TT
PT-1227,EC-INST-PT
PT-1228,EC-INST-PT
PT-1229,EC-INST-PT
XV-1230,EC-VALVE-ISO
P-1231,EC-PUMP-RECIP
E-1232,EC-HEATEXCH-SHELL
XV-1233,EC-VALVE-ISO
V-1234,EC-VESSEL-SEP
FT-1235,EC-INST-FT
FCV-1236,EC-VALVE-CTRL
P-1237,EC-PUMP-CENTR
LT-1238,EC-INST-LT
E-1239,EC-HEATEXCH-SHELL
FT-1240,EC-INST-FT
P-1241,EC-PUMP-CENTR
TT-1242,EC-INST-TT
P-1243,EC-PUMP-RECIP
XV-1244,EC-VALVE-ISO
LT-1245,EC-INST-LT
V-1246,EC-VESSEL-SEP
XV-1247,EC-VALVE-ISO
TT-1248,EC-INST-TT
PT-1249,EC-INST-PT
K-1250,EC-COMPRESSOR-CENTR
XV-1251,EC-VALVE-ISO
TT-1252,EC-INST-TT
PSV-1253,EC-VALVE-RELIEF
XV-1254,EC-VALVE-ISO
COL-1255,EC-VESSEL-COL
P-1256,EC-PUMP-CENTR
FCV-1257,EC-VALVE-CTRL
LT-1258,EC-INST-LT
PT-1259,EC-INST-PT
COL-1260,EC-VESSEL-COL
TT-1261,EC-INST-TT
P-1262,EC-PUMP-RECIP
E-1263,EC-HEATEXCH-SHELL
FCV-1264,EC-VALVE-CTRL
P-1265,EC-PUMP-RECIP
K-1266,EC-COMPRESSOR-CENTR
P-1267,EC-PUMP-CENTR
E-1268,EC-HEATEXCH-SHELL
P-1269,EC-PUMP-RECIP
TT-1270,EC-INST-TT
P-1271,EC-PUMP-RECIP
P-1272,EC-PUMP-RECIP
COL-1273,EC-VESSEL-COL
P-1274,EC-PUMP-RECIP
V-1275,EC-VESSEL-SEP
XV-1276,EC-VALVE-ISO
PT-1277,EC-INST-PT
COL-1278,EC-VESSEL-COL
K-1279,EC-COMPRESSOR-CENTR
P-1280,EC-PUMP-CENTR
P-1281,EC-PUMP-RECIP
PSV-1282,EC-VALVE-RELIEF
FCV-1283,EC-VALVE-CTRL
FCV-1284,EC-VALVE-CTRL
PT-1285,EC-INST-PT
P-1286,EC-PUMP-CENTR
COL-1287,EC-VESSEL-COL
E-1288,EC-HEATEXCH-SHELL
LT-1289,EC-INST-LT
FT-1290,EC-INST-FT
V-1291,EC-VESSEL-SEP
XV-1292,EC-VALVE-ISO
P-1293,EC-PUMP-CENTR
FT-1294,EC-INST-FT
PT-1295,EC-INST-PT
E-1296,EC-HEATEXCH-SHELL
PT-1297,EC-INST-PT
FT-1298,EC-INST-FT
P-1299,EC-PUMP-RECIP
LT-1300,EC-INST-LT
FT-1301,EC-INST-FT
PT-1302,EC-INST-PT
COL-1303,EC-VESSEL-COL
K-1304,EC-COMPRESSOR-CENTR
PSV-1305,EC-VALVE-RELIEF
P-1306,EC-PUMP-CENTR
COL-1307,EC-VESSEL-COL
XV-1308,EC-VALVE-ISO
FT-1309,EC-INST-FT
FCV-1310,EC-VALVE-CTRL
PT-1311,EC-INST-PT
PT-1312,EC-INST-PT
P-1313,EC-PUMP-CENTR
TT-1314,EC-INST-TT
E-1315,EC-HEATEXCH-SHELL
PSV-1316,EC-VALVE-RELIEF
K-1317,EC-COMPRESSOR-CENTR
FT-1318,EC-INST-FT
E-1319,EC-HEATEXCH-SHELL
FCV-1320,EC-VALVE-CTRL
V-1321,EC-VESSEL-SEP
E-1322,EC-HEATEXCH-SHELL
FT-1323,EC-INST-FT
FCV-1324,EC-VALVE-CTRL
TT-1325,EC-INST-TT
XV-1326,EC-VALVE-ISO
K-1327,EC-COMPRESSOR-CENTR
P-1328,EC-PUMP-CENTR
PSV-1329,EC-VALVE-RELIEF
LT-1330,EC-INST-LT
V-1331,EC-VESSEL-SEP
V-1332,EC-VESSEL-SEP
K-1333,EC-COMPRESSOR-CENTR
TT-1334,EC-INST-TT
V-1335,EC-VESSEL-SEP
E-1336,EC-HEATEXCH-SHELL
PSV-1337,EC-VALVE-RELIEF
K-1338,EC-COMPRESSOR-CENTR
P-1339,EC-PUMP-RECIP
P-1340,EC-PUMP-RECIP
XV-1341,EC-VALVE-ISO
V-1342,EC-VESSEL-SEP
P-1343,EC-PUMP-RECIP
FT-1344,EC-INST-FT
P-1345,EC-PUMP-CENTR
P-1346,EC-PUMP-RECIP
TT-1347,EC-INST-TT
P-1348,EC-PUMP-CENTR
P-1349,EC-PUMP-CENTR
P-1350,EC-PUMP-RECIP
V-1351,EC-VESSEL-SEP
V-1352,EC-VESSEL-SEP
COL-1353,EC-VESSEL-COL
FCV-1354,EC-VALVE-CTRL
P-1355,EC-PUMP-RECIP
PSV-1356,EC-VALVE-RELIEF
PSV-1357,EC-VALVE-RELIEF
FCV-1358,EC-VALVE-CTRL
K-1359,EC-COMPRESSOR-CENTR
PT-1360,EC-INST-PT
PSV-1361,EC-VALVE-RELIEF
K-1362,EC-COMPRESSOR-CENTR
FT-1363,EC-INST-FT
XV-1364,EC-VALVE-ISO
E-1365,EC-HEATEXCH-SHELL
PT-1366,EC-INST-PT
PT-1367,EC-INST-PT
E-1368,EC-HEATEXCH-SHELL
V-1369,EC-VESSEL-SEP
FCV-1370,EC-VALVE-CTRL
E-1371,EC-HEATEXCH-SHELL
E-1372,EC-HEATEXCH-SHELL
COL-1373,EC-VESSEL-COL
V-1374,EC-VESSEL-SEP
P-1375,EC-PUMP-RECIP
XV-1376,EC-VALVE-ISO
TT-1377,EC-INST-TT
FT-1378,EC-INST-FT
P-1379,EC-PUMP-CENTR
PSV-1380,EC-VALVE-RELIEF
P-1381,EC-PUMP-RECIP
K-1382,EC-COMPRESSOR-CENTR
LT-1383,EC-INST-LT
LT-1384,EC-INST-LT
FCV-1385,EC-VALVE-CTRL
FT-1386,EC-INST-FT
PSV-1387,EC-VALVE-RELIEF
E-1388,EC-HEATEXCH-SHELL
P-1389,EC-PUMP-CENTR
PT-1390,EC-INST-PT
K-1391,EC-COMPRESSOR-CENTR
PT-1392,EC-INST-PT
P-1393,EC-PUMP-CENTR
P-1394,EC-PUMP-RECIP
XV-1395,EC-VALVE-ISO
TT-1396,EC-INST-TT
XV-1397,EC-VALVE-ISO
PT-1398,EC-INST-PT
TT-1399,EC-INST-TT
TT-1400,EC-INST-TT
TT-1401,EC-INST-TT
FT-1402,EC-INST-FT
TT-1403,EC-INST-TT
K-1404,EC-COMPRESSOR-CENTR
PSV-1405,EC-VALVE-RELIEF
V-1406,EC-VESSEL-SEP
COL-1407,EC-VESSEL-COL
LT-1408,EC-INST-LT
PSV-1409,EC-VALVE-RELIEF
K-1410,EC-COMPRESSOR-CENTR
PSV-1411,EC-VALVE-RELIEF
K-1412,EC-COMPRESSOR-CENTR
PT-1413,EC-INST-PT
TT-1414,EC-INST-TT
P-1415,EC-PUMP-RECIP
PT-1416,EC-INST-PT
V-1417,EC-VESSEL-SEP
K-1418,EC-COMPRESSOR-CENTR
K-1419,EC-COMPRESSOR-CENTR
TT-1420,EC-INST-TT
FT-1421,EC-INST-FT
P-1422,EC-PUMP-RECIP
PSV-1423,EC-VALVE-RELIEF
LT-1424,EC-INST-LT
FCV-1425,EC-VALVE-CTRL
LT-1426,EC-INST-LT
P-1427,EC-PUMP-RECIP
PT-1428,EC-INST-PT
P-1429,EC-PUMP-CENTR
V-1430,EC-VESSEL-SEP
TT-1431,EC-INST-TT
FT-1432,EC-INST-FT
FCV-1433,EC-VALVE-CTRL
FT-1434,EC-INST-FT
V-1435,EC-VESSEL-SEP
FCV-1436,EC-VALVE-CTRL
P-1437,EC-PUMP-CENTR
COL-1438,EC-VESSEL-COL
FCV-1439,EC-VALVE-CTRL
LT-1440,EC-INST-LT
COL-1441,EC-VESSEL-COL
V-1442,EC-VESSEL-SEP
TT-1443,EC-INST-TT
PSV-1444,EC-VALVE-RELIEF
TT-1445,EC-INST-TT
XV-1446,EC-VALVE-ISO
COL-1447,EC-VESSEL-COL
K-1448,EC-COMPRESSOR-CENTR
P-1449,EC-PUMP-RECIP
FCV-1450,EC-VALVE-CTRL
FT-1451,EC-INST-FT
FT-1452,EC-INST-FT
V-1453,EC-VESSEL-SEP
P-1454,EC-PUMP-CENTR
TT-1455,EC-INST-TT
E-1456,EC-HEATEXCH-SHELL
PT-1457,EC-INST-PT
K-1458,EC-COMPRESSOR-CENTR
P-1459,EC-PUMP-RECIP
P-1460,EC-PUMP-RECIP
P-1461,EC-PUMP-CENTR
LT-1462,EC-INST-LT
PT-1463,EC-INST-PT
PSV-1464,EC-VALVE-RELIEF
TT-1465,EC-INST-TT
P-1466,EC-PUMP-CENTR
K-1467,EC-COMPRESSOR-CENTR
K-1468,EC-COMPRESSOR-CENTR
COL-1469,EC-VESSEL-COL
PT-1470,EC-INST-PT
P-1471,EC-PUMP-RECIP
V-1472,EC-VESSEL-SEP
P-1473,EC-PUMP-CENTR
PT-1474,EC-INST-PT
V-1475,EC-VESSEL-SEP
P-1476,EC-PUMP-RECIP
P-1477,EC-PUMP-CENTR
XV-1478,EC-VALVE-ISO
K-1479,EC-COMPRESSOR-CENTR
P-1480,EC-PUMP-CENTR
COL-1481,EC-VESSEL-COL
TT-1482,EC-INST-TT
P-1483,EC-PUMP-RECIP
XV-1484,EC-VALVE-ISO
FT-1485,EC-INST-FT
P-1486,EC-PUMP-RECIP
PSV-1487,EC-VALVE-RELIEF
PSV-1488,EC-VALVE-RELIEF
P-1489,EC-PUMP-CENTR
P-1490,EC-PUMP-RECIP
TT-1491,EC-INST-TT
TT-1492,EC-INST-TT
E-1493,EC-HEATEXCH-SHELL
FT-1494,EC-INST-FT
P-1495,EC-PUMP-CENTR
PSV-1496,EC-VALVE-RELIEF
V-1497,EC-VESSEL-SEP
LT-1498,EC-INST-LT
TT-1499,EC-INST-TT
FCV-1500,EC-VALVE-CTRL
K-1501,EC-COMPRESSOR-CENTR
TT-1502,EC-INST-TT
K-1503,EC-COMPRESSOR-CENTR
PSV-1504,EC-VALVE-RELIEF
P-1505,EC-PUMP-CENTR
V-1506,EC-VESSEL-SEP
P-1507,EC-PUMP-RECIP
E-1508,EC-HEATEXCH-SHELL
XV-1509,EC-VALVE-ISO
E-1510,EC-HEATEXCH-SHELL
LT-1511,EC-INST-LT
PT-1512,EC-INST-PT
P-1513,EC-PUMP-RECIP
XV-1514,EC-VALVE-ISO
P-1515,EC-PUMP-RECIP
COL-1516,EC-VESSEL-COL
E-1517,EC-HEATEXCH-SHELL
P-1518,EC-PUMP-CENTR
P-1519,EC-PUMP-RECIP
K-1520,EC-COMPRESSOR-CENTR
FT-1521,EC-INST-FT
TT-1522,EC-INST-TT
TT-1523,EC-INST-TT
COL-1524,EC-VESSEL-COL
COL-1525,EC-VESSEL-COL
COL-1526,EC-VESSEL-COL
COL-1527,EC-VESSEL-COL
COL-1528,EC-VESSEL-COL
XV-1529,EC-VALVE-ISO
FT-1530,EC-INST-FT
COL-1531,EC-VESSEL-COL
FCV-1532,EC-VALVE-CTRL
P-1533,EC-PUMP-CENTR
LT-1534,EC-INST-LT
LT-1535,EC-INST-LT
V-1536,EC-VESSEL-SEP
LT-1537,EC-INST-LT
LT-1538,EC-INST-LT
FT-1539,EC-INST-FT
LT-1540,EC-INST-LT
P-1541,EC-PUMP-RECIP
FT-1542,EC-INST-FT
PT-1543,EC-INST-PT
E-1544,EC-HEATEXCH-SHELL
TT-1545,EC-INST-TT
K-1546,EC-COMPRESSOR-CENTR
V-1547,EC-VESSEL-SEP
COL-1548,EC-VESSEL-COL
E-1549,EC-HEATEXCH-SHELL
TT-1550,EC-INST-TT
FCV-1551,EC-VALVE-CTRL
P-1552,EC-PUMP-CENTR
P-1553,EC-PUMP-CENTR
PSV-1554,EC-VALVE-RELIEF
E-1555,EC-HEATEXCH-SHELL
E-1556,EC-HEATEXCH-SHELL
PSV-1557,EC-VALVE-RELIEF
P-1558,EC-PUMP-RECIP
E-1559,EC-HEATEXCH-SHELL
P-1560,EC-PUMP-RECIP
FT-1561,EC-INST-FT
XV-1562,EC-VALVE-ISO
FCV-1563,EC-VALVE-CTRL
PT-1564,EC-INST-PT
PT-1565,EC-INST-PT
LT-1566,EC-INST-LT
FT-1567,EC-INST-FT
PSV-1568,EC-VALVE-RELIEF
E-1569,EC-HEATEXCH-SHELL
PSV-1570,EC-VALVE-RELIEF
E-1571,EC-HEATEXCH-SHELL
E-1572,EC-HEATEXCH-SHELL
LT-1573,EC-INST-LT
FT-1574,EC-INST-FT
XV-1575,EC-VALVE-ISO
FT-1576,EC-INST-FT
V-1577,EC-VESSEL-SEP
LT-1578,EC-INST-LT
V-1579,EC-VESSEL-SEP
K-1580,EC-COMPRESSOR-CENTR
TT-1581,EC-INST-TT
K-1582,EC-COMPRESSOR-CENTR
FT-1583,EC-INST-FT
FCV-1584,EC-VALVE-CTRL
COL-1585,EC-VESSEL-COL
P-1586,EC-PUMP-CENTR
PT-1587,EC-INST-PT
PSV-1588,EC-VALVE-RELIEF
P-1589,EC-PUMP-CENTR
FCV-1590,EC-VALVE-CTRL
PT-1591,EC-INST-PT
P-1592,EC-PUMP-RECIP
V-1593,EC-VESSEL-SEP
P-1594,EC-PUMP-RECIP
PSV-1595,EC-VALVE-RELIEF
E-1596,EC-HEATEXCH-SHELL
V-1597,EC-VESSEL-SEP
E-1598,EC-HEATEXCH-SHELL
E-1599,EC-HEATEXCH-SHELL
COL-1600,EC-VESSEL-COL
XV-1601,EC-VALVE-ISO
V-1602,EC-VESSEL-SEP
K-1603,EC-COMPRESSOR-CENTR
FCV-1604,EC-VALVE-CTRL
P-1605,EC-PUMP-CENTR
PT-1606,EC-INST-PT
LT-1607,EC-INST-LT
P-1608,EC-PUMP-RECIP
K-1609,EC-COMPRESSOR-CENTR
FCV-1610,EC-VALVE-CTRL
E-1611,EC-HEATEXCH-SHELL
LT-1612,EC-INST-LT
V-1613,EC-VESSEL-SEP
TT-1614,EC-INST-TT
PT-1615,EC-INST-PT
PT-1616,EC-INST-PT
LT-1617,EC-INST-LT
P-1618,EC-PUMP-CENTR
P-1619,EC-PUMP-RECIP
PT-1620,EC-INST-PT
TT-1621,EC-INST-TT
COL-1622,EC-VESSEL-COL
V-1623,EC-VESSEL-SEP
PT-1624,EC-INST-PT
LT-1625,EC-INST-LT
FCV-1626,EC-VALVE-CTRL
K-1627,EC-COMPRESSOR-CENTR
XV-1628,EC-VALVE-ISO
FCV-1629,EC-VALVE-CTRL
P-1630,EC-PUMP-CENTR
COL-1631,EC-VESSEL-COL
V-1632,EC-VESSEL-SEP
PT-1633,EC-INST-PT
FCV-1634,EC-VALVE-CTRL
E-1635,EC-HEATEXCH-SHELL
FT-1636,EC-INST-FT
K-1637,EC-COMPRESSOR-CENTR
V-1638,EC-VESSEL-SEP
COL-1639,EC-VESSEL-COL
P-1640,EC-PUMP-RECIP
TT-1641,EC-INST-TT
V-1642,EC-VESSEL-SEP
TT-1643,EC-INST-TT
E-1644,EC-HEATEXCH-SHELL
COL-1645,EC-VESSEL-COL
FCV-1646,EC-VALVE-CTRL
FT-1647,EC-INST-FT
FT-1648,EC-INST-FT
TT-1649,EC-INST-TT
V-1650,EC-VESSEL-SEP
LT-1651,EC-INST-LT
PSV-1652,EC-VALVE-RELIEF
FT-1653,EC-INST-FT
P-1654,EC-PUMP-RECIP
TT-1655,EC-INST-TT
LT-1656,EC-INST-LT
K-1657,EC-COMPRESSOR-CENTR
E-1658,EC-HEATEXCH-SHELL
LT-1659,EC-INST-LT
FCV-1660,EC-VALVE-CTRL
XV-1661,EC-VALVE-ISO
PSV-1662,EC-VALVE-RELIEF
TT-1663,EC-INST-TT
P-1664,EC-PUMP-CENTR
LT-1665,EC-INST-LT
LT-1666,EC-INST-LT
XV-1667,EC-VALVE-ISO
FT-1668,EC-INST-FT
COL-1669,EC-VESSEL-COL
LT-1670,EC-INST-LT
V-1671,EC-VESSEL-SEP
FCV-1672,EC-VALVE-CTRL
K-1673,EC-COMPRESSOR-CENTR
LT-1674,EC-INST-LT
TT-1675,EC-INST-TT
XV-1676,EC-VALVE-ISO
TT-1677,EC-INST-TT
TT-1678,EC-INST-TT
K-1679,EC-COMPRESSOR-CENTR
E-1680,EC-HEATEXCH-SHELL
XV-1681,EC-VALVE-ISO
XV-1682,EC-VALVE-ISO
FCV-1683,EC-VALVE-CTRL
P-1684,EC-PUMP-RECIP
E-1685,EC-HEATEXCH-SHELL
K-1686,EC-COMPRESSOR-CENTR
V-1687,EC-VESSEL-SEP
TT-1688,EC-INST-TT
FT-1689,EC-INST-FT
COL-1690,EC-VESSEL-COL
P-1691,EC-PUMP-RECIP
XV-1692,EC-VALVE-ISO
FT-1693,EC-INST-FT
V-1694,EC-VESSEL-SEP
FCV-1695,EC-VALVE-CTRL
K-1696,EC-COMPRESSOR-CENTR
K-1697,EC-COMPRESSOR-CENTR
V-1698,EC-VESSEL-SEP
V-1699,EC-VESSEL-SEP
TT-1700,EC-INST-TT
PT-1701,EC-INST-PT
K-1702,EC-COMPRESSOR-CENTR
COL-1703,EC-VESSEL-COL
P-1704,EC-PUMP-CENTR
E-1705,EC-HEATEXCH-SHELL
PSV-1706,EC-VALVE-RELIEF
FCV-1707,EC-VALVE-CTRL
COL-1708,EC-VESSEL-COL
COL-1709,EC-VESSEL-COL
P-1710,EC-PUMP-RECIP
V-1711,EC-VESSEL-SEP
LT-1712,EC-INST-LT
P-1713,EC-PUMP-CENTR
LT-1714,EC-INST-LT
P-1715,EC-PUMP-CENTR
V-1716,EC-VESSEL-SEP
PSV-1717,EC-VALVE-RELIEF
XV-1718,EC-VALVE-ISO
FT-1719,EC-INST-FT
PSV-1720,EC-VALVE-RELIEF
FT-1721,EC-INST-FT
P-1722,EC-PUMP-RECIP
XV-1723,EC-VALVE-ISO
TT-1724,EC-INST-TT
E-1725,EC-HEATEXCH-SHELL
E-1726,EC-HEATEXCH-SHELL
LT-1727,EC-INST-LT
P-1728,EC-PUMP-CENTR
P-1729,EC-PUMP-RECIP
PSV-1730,EC-VALVE-RELIEF
TT-1731,EC-INST-TT
V-1732,EC-VESSEL-SEP
XV-1733,EC-VALVE-ISO
TT-1734,EC-INST-TT
P-1735,EC-PUMP-RECIP
PT-1736,EC-INST-PT
COL-1737,EC-VESSEL-COL
PT-1738,EC-INST-PT
PSV-1739,EC-VALVE-RELIEF
P-1740,EC-PUMP-CENTR
FT-1741,EC-INST-FT
V-1742,EC-VESSEL-SEP
FCV-1743,EC-VALVE-CTRL
P-1744,EC-PUMP-CENTR
FT-1745,EC-INST-FT
PT-1746,EC-INST-PT
LT-1747,EC-INST-LT
COL-1748,EC-VESSEL-COL
TT-1749,EC-INST-TT
XV-1750,EC-VALVE-ISO
K-1751,EC-COMPRESSOR-CENTR
LT-1752,EC-INST-LT
PT-1753,EC-INST-PT
PSV-1754,EC-VALVE-RELIEF
LT-1755,EC-INST-LT
PSV-1756,EC-VALVE-RELIEF
LT-1757,EC-INST-LT
PSV-1758,EC-VALVE-RELIEF
FT-1759,EC-INST-FT
PSV-1760,EC-VALVE-RELIEF
K-1761,EC-COMPRESSOR-CENTR
LT-1762,EC-INST-LT
TT-1763,EC-INST-TT
PT-1764,EC-INST-PT
LT-1765,EC-INST-LT
E-1766,EC-HEATEXCH-SHELL
FCV-1767,EC-VALVE-CTRL
P-1768,EC-PUMP-CENTR
PSV-1769,EC-VALVE-RELIEF
V-1770,EC-VESSEL-SEP
TT-1771,EC-INST-TT
FT-1772,EC-INST-FT
E-1773,EC-HEATEXCH-SHELL
PSV-1774,EC-VALVE-RELIEF
XV-1775,EC-VALVE-ISO
LT-1776,EC-INST-LT
V-1777,EC-VESSEL-SEP
PT-1778,EC-INST-PT
XV-1779,EC-VALVE-ISO
XV-1780,EC-VALVE-ISO
PT-1781,EC-INST-PT
FCV-1782,EC-VALVE-CTRL
TT-1783,EC-INST-TT
COL-1784,EC-VESSEL-COL
P-1785,EC-PUMP-RECIP
TT-1786,EC-INST-TT
P-1787,EC-PUMP-RECIP
P-1788,EC-PUMP-CENTR
FT-1789,EC-INST-FT
PSV-1790,EC-VALVE-RELIEF
PSV-1791,EC-VALVE-RELIEF
E-1792,EC-HEATEXCH-SHELL
FCV-1793,EC-VALVE-CTRL
P-1794,EC-PUMP-RECIP
K-1795,EC-COMPRESSOR-CENTR
PSV-1796,EC-VALVE-RELIEF
TT-1797,EC-INST-TT
XV-1798,EC-VALVE-ISO
COL-1799,EC-VESSEL-COL
XV-1800,EC-VALVE-ISO
PSV-1801,EC-VALVE-RELIEF
V-1802,EC-VESSEL-SEP
V-1803,EC-VESSEL-SEP
P-1804,EC-PUMP-CENTR
P-1805,EC-PUMP-CENTR
K-1806,EC-COMPRESSOR-CENTR
P-1807,EC-PUMP-RECIP
LT-1808,EC-INST-LT
XV-1809,EC-VALVE-ISO
P-1810,EC-PUMP-RECIP
E-1811,EC-HEATEXCH-SHELL
COL-1812,EC-VESSEL-COL
TT-1813,EC-INST-TT
COL-1814,EC-VESSEL-COL
FCV-1815,EC-VALVE-CTRL
FCV-1816,EC-VALVE-CTRL
COL-1817,EC-VESSEL-COL
FCV-1818,EC-VALVE-CTRL
K-1819,EC-COMPRESSOR-CENTR
COL-1820,EC-VESSEL-COL
K-1821,EC-COMPRESSOR-CENTR
FT-1822,EC-INST-FT
PT-1823,EC-INST-PT
TT-1824,EC-INST-TT
E-1825,EC-HEATEXCH-SHELL
FT-1826,EC-INST-FT
P-1827,EC-PUMP-CENTR
P-1828,EC-PUMP-CENTR
PSV-1829,EC-VALVE-RELIEF
FT-1830,EC-INST-FT
XV-1831,EC-VALVE-ISO
P-1832,EC-PUMP-CENTR
COL-1833,EC-VESSEL-COL
FCV-1834,EC-VALVE-CTRL
P-1835,EC-PUMP-CENTR
E-1836,EC-HEATEXCH-SHELL
V-1837,EC-VESSEL-SEP
P-1838,EC-PUMP-RECIP
P-1839,EC-PUMP-RECIP
LT-1840,EC-INST-LT
K-1841,EC-COMPRESSOR-CENTR
E-1842,EC-HEATEXCH-SHELL
P-1843,EC-PUMP-RECIP
FT-1844,EC-INST-FT
E-1845,EC-HEATEXCH-SHELL
XV-1846,EC-VALVE-ISO
FCV-1847,EC-VALVE-CTRL
LT-1848,EC-INST-LT
V-1849,EC-VESSEL-SEP
COL-1850,EC-VESSEL-COL
PSV-1851,EC-VALVE-RELIEF
P-1852,EC-PUMP-CENTR
LT-1853,EC-INST-LT
K-1854,EC-COMPRESSOR-CENTR
XV-1855,EC-VALVE-ISO
E-1856,EC-HEATEXCH-SHELL
PSV-1857,EC-VALVE-RELIEF
FT-1858,EC-INST-FT
LT-1859,EC-INST-LT
XV-1860,EC-VALVE-ISO
XV-1861,EC-VALVE-ISO
COL-1862,EC-VESSEL-COL
TT-1863,EC-INST-TT
FT-1864,EC-INST-FT
FT-1865,EC-INST-FT
FT-1866,EC-INST-FT
P-1867,EC-PUMP-CENTR
E-1868,EC-HEATEXCH-SHELL
P-1869,EC-PUMP-RECIP
FCV-1870,EC-VALVE-CTRL
FT-1871,EC-INST-FT
P-1872,EC-PUMP-RECIP
P-1873,EC-PUMP-RECIP
FCV-1874,EC-VALVE-CTRL
PT-1875,EC-INST-PT
FT-1876,EC-INST-FT
PT-1877,EC-INST-PT
K-1878,EC-COMPRESSOR-CENTR
FCV-1879,EC-VALVE-CTRL
FT-1880,EC-INST-FT
XV-1881,EC-VALVE-ISO
PT-1882,EC-INST-PT
LT-1883,EC-INST-LT
XV-1884,EC-VALVE-ISO
E-1885,EC-HEATEXCH-SHELL
V-1886,EC-VESSEL-SEP
PSV-1887,EC-VALVE-RELIEF
XV-1888,EC-VALVE-ISO
FT-1889,EC-INST-FT
K-1890,EC-COMPRESSOR-CENTR
PT-1891,EC-INST-PT
PSV-1892,EC-VALVE-RELIEF
V-1893,EC-VESSEL-SEP
P-1894,EC-PUMP-RECIP
FT-1895,EC-INST-FT
K-1896,EC-COMPRESSOR-CENTR
COL-1897,EC-VESSEL-COL
P-1898,EC-PUMP-CENTR
XV-1899,EC-VALVE-ISO
PT-1900,EC-INST-PT
P-1901,EC-PUMP-CENTR
P-1902,EC-PUMP-RECIP
V-1903,EC-VESSEL-SEP
P-1904,EC-PUMP-CENTR
XV-1905,EC-VALVE-ISO
V-1906,EC-VESSEL-SEP
COL-1907,EC-VESSEL-COL
E-1908,EC-HEATEXCH-SHELL
LT-1909,EC-INST-LT
COL-1910,EC-VESSEL-COL
COL-1911,EC-VESSEL-COL
COL-1912,EC-VESSEL-COL
LT-1913,EC-INST-LT
K-1914,EC-COMPRESSOR-CENTR
XV-1915,EC-VALVE-ISO
V-1916,EC-VESSEL-SEP
PSV-1917,EC-VALVE-RELIEF
FCV-1918,EC-VALVE-CTRL
COL-1919,EC-VESSEL-COL
FT-1920,EC-INST-FT
XV-1921,EC-VALVE-ISO
PSV-1922,EC-VALVE-RELIEF
V-1923,EC-VESSEL-SEP
FT-1924,EC-INST-FT
COL-1925,EC-VESSEL-COL
P-1926,EC-PUMP-RECIP
P-1927,EC-PUMP-RECIP
LT-1928,EC-INST-LT
PSV-1929,EC-VALVE-RELIEF
TT-1930,EC-INST-TT
PT-1931,EC-INST-PT
P-1932,EC-PUMP-RECIP
LT-1933,EC-INST-LT
V-1934,EC-VESSEL-SEP
COL-1935,EC-VESSEL-COL
K-1936,EC-COMPRESSOR-CENTR
TT-1937,EC-INST-TT
V-1938,EC-VESSEL-SEP
FCV-1939,EC-VALVE-CTRL
COL-1940,EC-VESSEL-COL
K-1941,EC-COMPRESSOR-CENTR
FCV-1942,EC-VALVE-CTRL
PSV-1943,EC-VALVE-RELIEF
XV-1944,EC-VALVE-ISO
K-1945,EC-COMPRESSOR-CENTR
PT-1946,EC-INST-PT
P-1947,EC-PUMP-CENTR
P-1948,EC-PUMP-CENTR
FCV-1949,EC-VALVE-CTRL
TT-1950,EC-INST-TT
PT-1951,EC-INST-PT
PT-1952,EC-INST-PT
FT-1953,EC-INST-FT
E-1954,EC-HEATEXCH-SHELL
E-1955,EC-HEATEXCH-SHELL
COL-1956,EC-VESSEL-COL
XV-1957,EC-VALVE-ISO
K-1958,EC-COMPRESSOR-CENTR
PT-1959,EC-INST-PT
FCV-1960,EC-VALVE-CTRL
V-1961,EC-VESSEL-SEP
E-1962,EC-HEATEXCH-SHELL
PSV-1963,EC-VALVE-RELIEF
XV-1964,EC-VALVE-ISO
FT-1965,EC-INST-FT
PSV-1966,EC-VALVE-RELIEF
FT-1967,EC-INST-FT
COL-1968,EC-VESSEL-COL
XV-1969,EC-VALVE-ISO
TT-1970,EC-INST-TT
PSV-1971,EC-VALVE-RELIEF
XV-1972,EC-VALVE-ISO
XV-1973,EC-VALVE-ISO
XV-1974,EC-VALVE-ISO
V-1975,EC-VESSEL-SEP
FT-1976,EC-INST-FT
P-1977,EC-PUMP-RECIP
FCV-1978,EC-VALVE-CTRL
PSV-1979,EC-VALVE-RELIEF
K-1980,EC-COMPRESSOR-CENTR
XV-1981,EC-VALVE-ISO
P-1982,EC-PUMP-RECIP
P-1983,EC-PUMP-RECIP
E-1984,EC-HEATEXCH-SHELL
K-1985,EC-COMPRESSOR-CENTR
FCV-1986,EC-VALVE-CTRL
XV-1987,EC-VALVE-ISO
PT-1988,EC-INST-PT
COL-1989,EC-VESSEL-COL
TT-1990,EC-INST-TT
P-1991,EC-PUMP-CENTR
PT-1992,EC-INST-PT
COL-1993,EC-VESSEL-COL
P-1994,EC-PUMP-CENTR
K-1995,EC-COMPRESSOR-CENTR
P-1996,EC-PUMP-CENTR
E-1997,EC-HEATEXCH-SHELL
COL-1998,EC-VESSEL-COL
XV-1999,EC-VALVE-ISO
FCV-2000,EC-VALVE-CTRL
P-2001,EC-PUMP-CENTR
FCV-2002,EC-VALVE-CTRL
E-2003,EC-HEATEXCH-SHELL
COL-2004,EC-VESSEL-COL
XV-2005,EC-VALVE-ISO
LT-2006,EC-INST-LT
FT-2007,EC-INST-FT
P-2008,EC-PUMP-RECIP
XV-2009,EC-VALVE-ISO
PT-2010,EC-INST-PT
V-2011,EC-VESSEL-SEP
TT-2012,EC-INST-TT
XV-2013,EC-VALVE-ISO
LT-2014,EC-INST-LT
P-2015,EC-PUMP-CENTR
COL-2016,EC-VESSEL-COL
COL-2017,EC-VESSEL-COL
LT-2018,EC-INST-LT
FCV-2019,EC-VALVE-CTRL
FCV-2020,EC-VALVE-CTRL
E-2021,EC-HEATEXCH-SHELL
V-2022,EC-VESSEL-SEP
E-2023,EC-HEATEXCH-SHELL
COL-2024,EC-VESSEL-COL
TT-2025,EC-INST-TT
K-2026,EC-COMPRESSOR-CENTR
COL-2027,EC-VESSEL-COL
FCV-2028,EC-VALVE-CTRL
PT-2029,EC-INST-PT
FT-2030,EC-INST-FT
COL-2031,EC-VESSEL-COL
COL-2032,EC-VESSEL-COL
PSV-2033,EC-VALVE-RELIEF
P-2034,EC-PUMP-CENTR
K-2035,EC-COMPRESSOR-CENTR
LT-2036,EC-INST-LT
PSV-2037,EC-VALVE-RELIEF
PT-2038,EC-INST-PT
P-2039,EC-PUMP-RECIP
K-2040,EC-COMPRESSOR-CENTR
LT-2041,EC-INST-LT
FT-2042,EC-INST-FT
P-2043,EC-PUMP-CENTR
LT-2044,EC-INST-LT
XV-2045,EC-VALVE-ISO
XV-2046,EC-VALVE-ISO
E-2047,EC-HEATEXCH-SHELL
FCV-2048,EC-VALVE-CTRL
FCV-2049,EC-VALVE-CTRL
COL-2050,EC-VESSEL-COL
TT-2051,EC-INST-TT
PSV-2052,EC-VALVE-RELIEF
PSV-2053,EC-VALVE-RELIEF
COL-2054,EC-VESSEL-COL
LT-2055,EC-INST-LT
TT-2056,EC-INST-TT
COL-2057,EC-VESSEL-COL
XV-2058,EC-VALVE-ISO
E-2059,EC-HEATEXCH-SHELL
FCV-2060,EC-VALVE-CTRL
K-2061,EC-COMPRESSOR-CENTR
P-2062,EC-PUMP-CENTR
XV-2063,EC-VALVE-ISO
PSV-2064,EC-VALVE-RELIEF
FCV-2065,EC-VALVE-CTRL
E-2066,EC-HEATEXCH-SHELL
FT-2067,EC-INST-FT
LT-2068,EC-INST-LT
PT-2069,EC-INST-PT
PSV-2070,EC-VALVE-RELIEF
TT-2071,EC-INST-TT
COL-2072,EC-VESSEL-COL
P-2073,EC-PUMP-RECIP
XV-2074,EC-VALVE-ISO
K-2075,EC-COMPRESSOR-CENTR
LT-2076,EC-INST-LT
LT-2077,EC-INST-LT
P-2078,EC-PUMP-CENTR
TT-2079,EC-INST-TT
TT-2080,EC-INST-TT
K-2081,EC-COMPRESSOR-CENTR
XV-2082,EC-VALVE-ISO
PT-2083,EC-INST-PT
TT-2084,EC-INST-TT
PSV-2085,EC-VALVE-RELIEF
XV-2086,EC-VALVE-ISO
XV-2087,EC-VALVE-ISO
P-2088,EC-PUMP-RECIP
PT-2089,EC-INST-PT
PSV-2090,EC-VALVE-RELIEF
PSV-2091,EC-VALVE-RELIEF
P-2092,EC-PUMP-RECIP
FCV-2093,EC-VALVE-CTRL
FT-2094,EC-INST-FT
FT-2095,EC-INST-FT
PT-2096,EC-INST-PT
FCV-2097,EC-VALVE-CTRL
P-2098,EC-PUMP-RECIP
K-2099,EC-COMPRESSOR-CENTR
PT-2100,EC-INST-PT
XV-2101,EC-VALVE-ISO
XV-2102,EC-VALVE-ISO
E-2103,EC-HEATEXCH-SHELL
FCV-2104,EC-VALVE-CTRL
P-2105,EC-PUMP-CENTR
PT-2106,EC-INST-PT
XV-2107,EC-VALVE-ISO
LT-2108,EC-INST-LT
V-2109,EC-VESSEL-SEP
PSV-2110,EC-VALVE-RELIEF
K-2111,EC-COMPRESSOR-CENTR
V-2112,EC-VESSEL-SEP
TT-2113,EC-INST-TT
V-2114,EC-VESSEL-SEP
LT-2115,EC-INST-LT
P-2116,EC-PUMP-CENTR
P-2117,EC-PUMP-CENTR
XV-2118,EC-VALVE-ISO
TT-2119,EC-INST-TT
K-2120,EC-COMPRESSOR-CENTR
P-2121,EC-PUMP-CENTR
E-2122,EC-HEATEXCH-SHELL
COL-2123,EC-VESSEL-COL
P-2124,EC-PUMP-RECIP
P-2125,EC-PUMP-RECIP
P-2126,EC-PUMP-RECIP
P-2127,EC-PUMP-RECIP
PSV-2128,EC-VALVE-RELIEF
XV-2129,EC-VALVE-ISO
E-2130,EC-HEATEXCH-SHELL
TT-2131,EC-INST-TT
LT-2132,EC-INST-LT
XV-2133,EC-VALVE-ISO
TT-2134,EC-INST-TT
PSV-2135,EC-VALVE-RELIEF
E-2136,EC-HEATEXCH-SHELL
COL-2137,EC-VESSEL-COL
COL-2138,EC-VESSEL-COL
FT-2139,EC-INST-FT
FCV-2140,EC-VALVE-CTRL
P-2141,EC-PUMP-CENTR
PT-2142,EC-INST-PT
P-2143,EC-PUMP-RECIP
PT-2144,EC-INST-PT
LT-2145,EC-INST-LT
LT-2146,EC-INST-LT
XV-2147,EC-VALVE-ISO
FCV-2148,EC-VALVE-CTRL
FCV-2149,EC-VALVE-CTRL
XV-2150,EC-VALVE-ISO
PSV-2151,EC-VALVE-RELIEF
P-2152,EC-PUMP-RECIP
FT-2153,EC-INST-FT
V-2154,EC-VESSEL-SEP
FT-2155,EC-INST-FT
COL-2156,EC-VESSEL-COL
V-2157,EC-VESSEL-SEP
E-2158,EC-HEATEXCH-SHELL
P-2159,EC-PUMP-RECIP
XV-2160,EC-VALVE-ISO
XV-2161,EC-VALVE-ISO
TT-2162,EC-INST-TT
FCV-2163,EC-VALVE-CTRL
TT-2164,EC-INST-TT
PSV-2165,EC-VALVE-RELIEF
V-2166,EC-VESSEL-SEP
E-2167,EC-HEATEXCH-SHELL
K-2168,EC-COMPRESSOR-CENTR
COL-2169,EC-VESSEL-COL
P-2170,EC-PUMP-RECIP
E-2171,EC-HEATEXCH-SHELL
LT-2172,EC-INST-LT
P-2173,EC-PUMP-CENTR
P-2174,EC-PUMP-RECIP
E-2175,EC-HEATEXCH-SHELL
P-2176,EC-PUMP-CENTR
E-2177,EC-HEATEXCH-SHELL
K-2178,EC-COMPRESSOR-CENTR
XV-2179,EC-VALVE-ISO
P-2180,EC-PUMP-CENTR
PT-2181,EC-INST-PT
K-2182,EC-COMPRESSOR-CENTR
XV-2183,EC-VALVE-ISO
FCV-2184,EC-VALVE-CTRL
FT-2185,EC-INST-FT
PT-2186,EC-INST-PT
FT-2187,EC-INST-FT
K-2188,EC-COMPRESSOR-CENTR
XV-2189,EC-VALVE-ISO
LT-2190,EC-INST-LT
FT-2191,EC-INST-FT
E-2192,EC-HEATEXCH-SHELL
P-2193,EC-PUMP-RECIP
V-2194,EC-VESSEL-SEP
PSV-2195,EC-VALVE-RELIEF
E-2196,EC-HEATEXCH-SHELL
PT-2197,EC-INST-PT
TT-2198,EC-INST-TT
COL-2199,EC-VESSEL-COL
PSV-2200,EC-VALVE-RELIEF
K-2201,EC-COMPRESSOR-CENTR
LT-2202,EC-INST-LT
FCV-2203,EC-VALVE-CTRL
FCV-2204,EC-VALVE-CTRL
LT-2205,EC-INST-LT
FCV-2206,EC-VALVE-CTRL
V-2207,EC-VESSEL-SEP
E-2208,EC-HEATEXCH-SHELL
TT-2209,EC-INST-TT
FT-2210,EC-INST-FT
V-2211,EC-VESSEL-SEP
COL-2212,EC-VESSEL-COL
PT-2213,EC-INST-PT
XV-2214,EC-VALVE-ISO
COL-2215,EC-VESSEL-COL
XV-2216,EC-VALVE-ISO
P-2217,EC-PUMP-CENTR
PT-2218,EC-INST-PT
K-2219,EC-COMPRESSOR-CENTR
XV-2220,EC-VALVE-ISO
XV-2221,EC-VALVE-ISO
V-2222,EC-VESSEL-SEP
P-2223,EC-PUMP-RECIP
K-2224,EC-COMPRESSOR-CENTR
FT-2225,EC-INST-FT
P-2226,EC-PUMP-CENTR
TT-2227,EC-INST-TT
TT-2228,EC-INST-TT
COL-2229,EC-VESSEL-COL
XV-2230,EC-VALVE-ISO
FT-2231,EC-INST-FT
COL-2232,EC-VESSEL-COL
V-2233,EC-VESSEL-SEP
PSV-2234,EC-VALVE-RELIEF
XV-2235,EC-VALVE-ISO
K-2236,EC-COMPRESSOR-CENTR
PSV-2237,EC-VALVE-RELIEF
PSV-2238,EC-VALVE-RELIEF
V-2239,EC-VESSEL-SEP
P-2240,EC-PUMP-RECIP
V-2241,EC-VESSEL-SEP
P-2242,EC-PUMP-RECIP
K-2243,EC-COMPRESSOR-CENTR
FCV-2244,EC-VALVE-CTRL
K-2245,EC-COMPRESSOR-CENTR
P-2246,EC-PUMP-CENTR
FCV-2247,EC-VALVE-CTRL
E-2248,EC-HEATEXCH-SHELL
LT-2249,EC-INST-LT
V-2250,EC-VESSEL-SEP
K-2251,EC-COMPRESSOR-CENTR
PT-2252,EC-INST-PT
K-2253,EC-COMPRESSOR-CENTR
E-2254,EC-HEATEXCH-SHELL
PSV-2255,EC-VALVE-RELIEF
PSV-2256,EC-VALVE-RELIEF
K-2257,EC-COMPRESSOR-CENTR
E-2258,EC-HEATEXCH-SHELL
P-2259,EC-PUMP-CENTR
E-2260,EC-HEATEXCH-SHELL
V-2261,EC-VESSEL-SEP
PSV-2262,EC-VALVE-RELIEF
FT-2263,EC-INST-FT
PT-2264,EC-INST-PT
COL-2265,EC-VESSEL-COL
P-2266,EC-PUMP-RECIP
PT-2267,EC-INST-PT
V-2268,EC-VESSEL-SEP
PSV-2269,EC-VALVE-RELIEF
E-2270,EC-HEATEXCH-SHELL
P-2271,EC-PUMP-RECIP
LT-2272,EC-INST-LT
TT-2273,EC-INST-TT
P-2274,EC-PUMP-CENTR
TT-2275,EC-INST-TT
XV-2276,EC-VALVE-ISO
LT-2277,EC-INST-LT
FT-2278,EC-INST-FT
K-2279,EC-COMPRESSOR-CENTR
TT-2280,EC-INST-TT
FT-2281,EC-INST-FT
V-2282,EC-VESSEL-SEP
E-2283,EC-HEATEXCH-SHELL
P-2284,EC-PUMP-RECIP
E-2285,EC-HEATEXCH-SHELL
V-2286,EC-VESSEL-SEP
P-2287,EC-PUMP-RECIP
K-2288,EC-COMPRESSOR-CENTR
FCV-2289,EC-VALVE-CTRL
P-2290,EC-PUMP-RECIP
TT-2291,EC-INST-TT
XV-2292,EC-VALVE-ISO
TT-2293,EC-INST-TT
K-2294,EC-COMPRESSOR-CENTR
P-2295,EC-PUMP-RECIP
P-2296,EC-PUMP-CENTR
FT-2297,EC-INST-FT
P-2298,EC-PUMP-RECIP
XV-2299,EC-VALVE-ISO
TT-2300,EC-INST-TT
FCV-2301,EC-VALVE-CTRL
FT-2302,EC-INST-FT
P-2303,EC-PUMP-CENTR
K-2304,EC-COMPRESSOR-CENTR
FT-2305,EC-INST-FT
XV-2306,EC-VALVE-ISO
P-2307,EC-PUMP-RECIP
E-2308,EC-HEATEXCH-SHELL
LT-2309,EC-INST-LT
V-2310,EC-VESSEL-SEP
LT-2311,EC-INST-LT
V-2312,EC-VESSEL-SEP
K-2313,EC-COMPRESSOR-CENTR
FT-2314,EC-INST-FT
LT-2315,EC-INST-LT
P-2316,EC-PUMP-CENTR
COL-2317,EC-VESSEL-COL
TT-2318,EC-INST-TT
V-2319,EC-VESSEL-SEP
K-2320,EC-COMPRESSOR-CENTR
K-2321,EC-COMPRESSOR-CENTR
PSV-2322,EC-VALVE-RELIEF
V-2323,EC-VESSEL-SEP
PT-2324,EC-INST-PT
V-2325,EC-VESSEL-SEP
COL-2326,EC-VESSEL-COL
XV-2327,EC-VALVE-ISO
XV-2328,EC-VALVE-ISO
P-2329,EC-PUMP-CENTR
P-2330,EC-PUMP-CENTR
PT-2331,EC-INST-PT
FCV-2332,EC-VALVE-CTRL
FT-2333,EC-INST-FT
LT-2334,EC-INST-LT
V-2335,EC-VESSEL-SEP
COL-2336,EC-VESSEL-COL
P-2337,EC-PUMP-RECIP
K-2338,EC-COMPRESSOR-CENTR
P-2339,EC-PUMP-RECIP
K-2340,EC-COMPRESSOR-CENTR
V-2341,EC-VESSEL-SEP
TT-2342,EC-INST-TT
FCV-2343,EC-VALVE-CTRL
V-2344,EC-VESSEL-SEP
FCV-2345,EC-VALVE-CTRL
LT-2346,EC-INST-LT
COL-2347,EC-VESSEL-COL
XV-2348,EC-VALVE-ISO
FT-2349,EC-INST-FT
P-2350,EC-PUMP-RECIP
TT-2351,EC-INST-TT
P-2352,EC-PUMP-RECIP
P-2353,EC-PUMP-CENTR
LT-2354,EC-INST-LT
V-2355,EC-VESSEL-SEP
PSV-2356,EC-VALVE-RELIEF
COL-2357,EC-VESSEL-COL
COL-2358,EC-VESSEL-COL
P-2359,EC-PUMP-RECIP
XV-2360,EC-VALVE-ISO
K-2361,EC-COMPRESSOR-CENTR
K-2362,EC-COMPRESSOR-CENTR
PSV-2363,EC-VALVE-RELIEF
P-2364,EC-PUMP-RECIP
PT-2365,EC-INST-PT
P-2366,EC-PUMP-RECIP
FT-2367,EC-INST-FT
FCV-2368,EC-VALVE-CTRL
PSV-2369,EC-VALVE-RELIEF
V-2370,EC-VESSEL-SEP
PSV-2371,EC-VALVE-RELIEF
TT-2372,EC-INST-TT
LT-2373,EC-INST-LT
P-2374,EC-PUMP-RECIP
LT-2375,EC-INST-LT
FT-2376,EC-INST-FT
LT-2377,EC-INST-LT
PSV-2378,EC-VALVE-RELIEF
LT-2379,EC-INST-LT
XV-2380,EC-VALVE-ISO
COL-2381,EC-VESSEL-COL
FT-2382,EC-INST-FT
XV-2383,EC-VALVE-ISO
E-2384,EC-HEATEXCH-SHELL
P-2385,EC-PUMP-CENTR
LT-2386,EC-INST-LT
P-2387,EC-PUMP-RECIP
V-2388,EC-VESSEL-SEP
COL-2389,EC-VESSEL-COL
E-2390,EC-HEATEXCH-SHELL
E-2391,EC-HEATEXCH-SHELL
V-2392,EC-VESSEL-SEP
P-2393,EC-PUMP-RECIP
PSV-2394,EC-VALVE-RELIEF
XV-2395,EC-VALVE-ISO
FCV-2396,EC-VALVE-CTRL
COL-2397,EC-VESSEL-COL
XV-2398,EC-VALVE-ISO
PSV-2399,EC-VALVE-RELIEF
FT-2400,EC-INST-FT
XV-2401,EC-VALVE-ISO
K-2402,EC-COMPRESSOR-CENTR
V-2403,EC-VESSEL-SEP
XV-2404,EC-VALVE-ISO
PT-2405,EC-INST-PT
XV-2406,EC-VALVE-ISO
PSV-2407,EC-VALVE-RELIEF
FT-2408,EC-INST-FT
TT-2409,EC-INST-TT
P-2410,EC-PUMP-CENTR
E-2411,EC-HEATEXCH-SHELL
PT-2412,EC-INST-PT
LT-2413,EC-INST-LT
P-2414,EC-PUMP-CENTR
FCV-2415,EC-VALVE-CTRL
XV-2416,EC-VALVE-ISO
P-2417,EC-PUMP-CENTR
P-2418,EC-PUMP-RECIP
FCV-2419,EC-VALVE-CTRL
FCV-2420,EC-VALVE-CTRL
P-2421,EC-PUMP-RECIP
V-2422,EC-VESSEL-SEP
PSV-2423,EC-VALVE-RELIEF
FT-2424,EC-INST-FT
PSV-2425,EC-VALVE-RELIEF
XV-2426,EC-VALVE-ISO
P-2427,EC-PUMP-RECIP
P-2428,EC-PUMP-RECIP
P-2429,EC-PUMP-CENTR
P-2430,EC-PUMP-CENTR
COL-2431,EC-VESSEL-COL
FCV-2432,EC-VALVE-CTRL
K-2433,EC-COMPRESSOR-CENTR
P-2434,EC-PUMP-RECIP
E-2435,EC-HEATEXCH-SHELL
K-2436,EC-COMPRESSOR-CENTR
P-2437,EC-PUMP-RECIP
LT-2438,EC-INST-LT
P-2439,EC-PUMP-CENTR
FT-2440,EC-INST-FT
FCV-2441,EC-VALVE-CTRL
PSV-2442,EC-VALVE-RELIEF
K-2443,EC-COMPRESSOR-CENTR
V-2444,EC-VESSEL-SEP
P-2445,EC-PUMP-CENTR
XV-2446,EC-VALVE-ISO
LT-2447,EC-INST-LT
TT-2448,EC-INST-TT
PT-2449,EC-INST-PT
COL-2450,EC-VESSEL-COL
PT-2451,EC-INST-PT
XV-2452,EC-VALVE-ISO
TT-2453,EC-INST-TT
FCV-2454,EC-VALVE-CTRL
P-2455,EC-PUMP-RECIP
LT-2456,EC-INST-LT
PT-2457,EC-INST-PT
V-2458,EC-VESSEL-SEP
XV-2459,EC-VALVE-ISO
TT-2460,EC-INST-TT
V-2461,EC-VESSEL-SEP
K-2462,EC-COMPRESSOR-CENTR
P-2463,EC-PUMP-RECIP
V-2464,EC-VESSEL-SEP
K-2465,EC-COMPRESSOR-CENTR
LT-2466,EC-INST-LT
PSV-2467,EC-VALVE-RELIEF
PSV-2468,EC-VALVE-RELIEF
PT-2469,EC-INST-PT
PT-2470,EC-INST-PT
TT-2471,EC-INST-TT
PSV-2472,EC-VALVE-RELIEF
XV-2473,EC-VALVE-ISO
V-2474,EC-VESSEL-SEP
LT-2475,EC-INST-LT
PT-2476,EC-INST-PT
FT-2477,EC-INST-FT
FT-2478,EC-INST-FT
LT-2479,EC-INST-LT
K-2480,EC-COMPRESSOR-CENTR
V-2481,EC-VESSEL-SEP
K-2482,EC-COMPRESSOR-CENTR
P-2483,EC-PUMP-RECIP
LT-2484,EC-INST-LT
PSV-2485,EC-VALVE-RELIEF
P-2486,EC-PUMP-CENTR
FCV-2487,EC-VALVE-CTRL
K-2488,EC-COMPRESSOR-CENTR
PT-2489,EC-INST-PT
E-2490,EC-HEATEXCH-SHELL
XV-2491,EC-VALVE-ISO
FCV-2492,EC-VALVE-CTRL
COL-2493,EC-VESSEL-COL
LT-2494,EC-INST-LT
LT-2495,EC-INST-LT
E-2496,EC-HEATEXCH-SHELL
PT-2497,EC-INST-PT
P-2498,EC-PUMP-CENTR
V-2499,EC-VESSEL-SEP
FCV-2500,EC-VALVE-CTRL
P-2501,EC-PUMP-RECIP
P-2502,EC-PUMP-CENTR
TT-2503,EC-INST-TT
TT-2504,EC-INST-TT
P-2505,EC-PUMP-RECIP
E-2506,EC-HEATEXCH-SHELL
FT-2507,EC-INST-FT
FT-2508,EC-INST-FT
FT-2509,EC-INST-FT
PT-2510,EC-INST-PT
K-2511,EC-COMPRESSOR-CENTR
LT-2512,EC-INST-LT
K-2513,EC-COMPRESSOR-CENTR
PT-2514,EC-INST-PT
PT-2515,EC-INST-PT
FCV-2516,EC-VALVE-CTRL
K-2517,EC-COMPRESSOR-CENTR
XV-2518,EC-VALVE-ISO
K-2519,EC-COMPRESSOR-CENTR
V-2520,EC-VESSEL-SEP
FT-2521,EC-INST-FT
FCV-2522,EC-VALVE-CTRL
PT-2523,EC-INST-PT
PT-2524,EC-INST-PT
COL-2525,EC-VESSEL-COL
COL-2526,EC-VESSEL-COL
PT-2527,EC-INST-PT
TT-2528,EC-INST-TT
XV-2529,EC-VALVE-ISO
FT-2530,EC-INST-FT
K-2531,EC-COMPRESSOR-CENTR
PT-2532,EC-INST-PT
PSV-2533,EC-VALVE-RELIEF
P-2534,EC-PUMP-CENTR
V-2535,EC-VESSEL-SEP
XV-2536,EC-VALVE-ISO
P-2537,EC-PUMP-CENTR
TT-2538,EC-INST-TT
LT-2539,EC-INST-LT
FT-2540,EC-INST-FT
FT-2541,EC-INST-FT
PSV-2542,EC-VALVE-RELIEF
V-2543,EC-VESSEL-SEP
V-2544,EC-VESSEL-SEP
LT-2545,EC-INST-LT
TT-2546,EC-INST-TT
FT-2547,EC-INST-FT
E-2548,EC-HEATEXCH-SHELL
LT-2549,EC-INST-LT
E-2550,EC-HEATEXCH-SHELL
FT-2551,EC-INST-FT
V-2552,EC-VESSEL-SEP
FT-2553,EC-INST-FT
V-2554,EC-VESSEL-SEP
FT-2555,EC-INST-FT
LT-2556,EC-INST-LT
V-2557,EC-VESSEL-SEP
PSV-2558,EC-VALVE-RELIEF
FT-2559,EC-INST-FT
P-2560,EC-PUMP-RECIP
FCV-2561,EC-VALVE-CTRL
E-2562,EC-HEATEXCH-SHELL
V-2563,EC-VESSEL-SEP
K-2564,EC-COMPRESSOR-CENTR
P-2565,EC-PUMP-RECIP
COL-2566,EC-VESSEL-COL
E-2567,EC-HEATEXCH-SHELL
LT-2568,EC-INST-LT
PT-2569,EC-INST-PT
PT-2570,EC-INST-PT
FT-2571,EC-INST-FT
FT-2572,EC-INST-FT
P-2573,EC-PUMP-RECIP
PT-2574,EC-INST-PT
TT-2575,EC-INST-TT
K-2576,EC-COMPRESSOR-CENTR
K-2577,EC-COMPRESSOR-CENTR
K-2578,EC-COMPRESSOR-CENTR
PT-2579,EC-INST-PT
LT-2580,EC-INST-LT
FT-2581,EC-INST-FT
FCV-2582,EC-VALVE-CTRL
E-2583,EC-HEATEXCH-SHELL
PSV-2584,EC-VALVE-RELIEF
E-2585,EC-HEATEXCH-SHELL
PT-2586,EC-INST-PT
TT-2587,EC-INST-TT
COL-2588,EC-VESSEL-COL
COL-2589,EC-VESSEL-COL
K-2590,EC-COMPRESSOR-CENTR
TT-2591,EC-INST-TT
PT-2592,EC-INST-PT
FCV-2593,EC-VALVE-CTRL
FCV-2594,EC-VALVE-CTRL
FT-2595,EC-INST-FT
XV-2596,EC-VALVE-ISO
V-2597,EC-VESSEL-SEP
FCV-2598,EC-VALVE-CTRL
FCV-2599,EC-VALVE-CTRL
COL-2600,EC-VESSEL-COL
PT-2601,EC-INST-PT
PT-2602,EC-INST-PT
TT-2603,EC-INST-TT
P-2604,EC-PUMP-CENTR
TT-2605,EC-INST-TT
FCV-2606,EC-VALVE-CTRL
TT-2607,EC-INST-TT
XV-2608,EC-VALVE-ISO
E-2609,EC-HEATEXCH-SHELL
XV-2610,EC-VALVE-ISO
E-2611,EC-HEATEXCH-SHELL
P-2612,EC-PUMP-CENTR
PSV-2613,EC-VALVE-RELIEF
V-2614,EC-VESSEL-SEP
TT-2615,EC-INST-TT
FCV-2616,EC-VALVE-CTRL
V-2617,EC-VESSEL-SEP
V-2618,EC-VESSEL-SEP
K-2619,EC-COMPRESSOR-CENTR
FCV-2620,EC-VALVE-CTRL
LT-2621,EC-INST-LT
COL-2622,EC-VESSEL-COL
PSV-2623,EC-VALVE-RELIEF
FCV-2624,EC-VALVE-CTRL
COL-2625,EC-VESSEL-COL
FCV-2626,EC-VALVE-CTRL
P-2627,EC-PUMP-CENTR
XV-2628,EC-VALVE-ISO
PSV-2629,EC-VALVE-RELIEF
V-2630,EC-VESSEL-SEP
V-2631,EC-VESSEL-SEP
FCV-2632,EC-VALVE-CTRL
COL-2633,EC-VESSEL-COL
K-2634,EC-COMPRESSOR-CENTR
XV-2635,EC-VALVE-ISO
P-2636,EC-PUMP-CENTR
P-2637,EC-PUMP-RECIP
XV-2638,EC-VALVE-ISO
K-2639,EC-COMPRESSOR-CENTR
FT-2640,EC-INST-FT
E-2641,EC-HEATEXCH-SHELL
E-2642,EC-HEATEXCH-SHELL
COL-2643,EC-VESSEL-COL
V-2644,EC-VESSEL-SEP
LT-2645,EC-INST-LT
E-2646,EC-HEATEXCH-SHELL
TT-2647,EC-INST-TT
FCV-2648,EC-VALVE-CTRL
K-2649,EC-COMPRESSOR-CENTR
XV-2650,EC-VALVE-ISO
LT-2651,EC-INST-LT
PT-2652,EC-INST-PT
LT-2653,EC-INST-LT
PSV-2654,EC-VALVE-RELIEF
PSV-2655,EC-VALVE-RELIEF
P-2656,EC-PUMP-CENTR
FCV-2657,EC-VALVE-CTRL
K-2658,EC-COMPRESSOR-CENTR
FCV-2659,EC-VALVE-CTRL
FCV-2660,EC-VALVE-CTRL
FCV-2661,EC-VALVE-CTRL
TT-2662,EC-INST-TT
COL-2663,EC-VESSEL-COL
XV-2664,EC-VALVE-ISO
PSV-2665,EC-VALVE-RELIEF
TT-2666,EC-INST-TT
FCV-2667,EC-VALVE-CTRL
FT-2668,EC-INST-FT
P-2669,EC-PUMP-RECIP
XV-2670,EC-VALVE-ISO
E-2671,EC-HEATEXCH-SHELL
TT-2672,EC-INST-TT
LT-2673,EC-INST-LT
FT-2674,EC-INST-FT
P-2675,EC-PUMP-CENTR
V-2676,EC-VESSEL-SEP
TT-2677,EC-INST-TT
FT-2678,EC-INST-FT
P-2679,EC-PUMP-CENTR
COL-2680,EC-VESSEL-COL
E-2681,EC-HEATEXCH-SHELL
FCV-2682,EC-VALVE-CTRL
FT-2683,EC-INST-FT
FCV-2684,EC-VALVE-CTRL
TT-2685,EC-INST-TT
K-2686,EC-COMPRESSOR-CENTR
FCV-2687,EC-VALVE-CTRL
P-2688,EC-PUMP-RECIP
PT-2689,EC-INST-PT
K-2690,EC-COMPRESSOR-CENTR
LT-2691,EC-INST-LT
V-2692,EC-VESSEL-SEP
XV-2693,EC-VALVE-ISO
E-2694,EC-HEATEXCH-SHELL
V-2695,EC-VESSEL-SEP
FT-2696,EC-INST-FT
FT-2697,EC-INST-FT
P-2698,EC-PUMP-CENTR
E-2699,EC-HEATEXCH-SHELL
COL-2700,EC-VESSEL-COL
V-2701,EC-VESSEL-SEP
FCV-2702,EC-VALVE-CTRL
P-2703,EC-PUMP-CENTR
XV-2704,EC-VALVE-ISO
E-2705,EC-HEATEXCH-SHELL
V-2706,EC-VESSEL-SEP
K-2707,EC-COMPRESSOR-CENTR
LT-2708,EC-INST-LT
XV-2709,EC-VALVE-ISO
P-2710,EC-PUMP-CENTR
PSV-2711,EC-VALVE-RELIEF
XV-2712,EC-VALVE-ISO
P-2713,EC-PUMP-CENTR
PT-2714,EC-INST-PT
TT-2715,EC-INST-TT
PT-2716,EC-INST-PT
TT-2717,EC-INST-TT
V-2718,EC-VESSEL-SEP
PT-2719,EC-INST-PT
P-2720,EC-PUMP-CENTR
COL-2721,EC-VESSEL-COL
TT-2722,EC-INST-TT
P-2723,EC-PUMP-CENTR
LT-2724,EC-INST-LT
FT-2725,EC-INST-FT
TT-2726,EC-INST-TT
V-2727,EC-VESSEL-SEP
TT-2728,EC-INST-TT
P-2729,EC-PUMP-RECIP
E-2730,EC-HEATEXCH-SHELL
XV-2731,EC-VALVE-ISO
XV-2732,EC-VALVE-ISO
K-2733,EC-COMPRESSOR-CENTR
FT-2734,EC-INST-FT
PT-2735,EC-INST-PT
V-2736,EC-VESSEL-SEP
P-2737,EC-PUMP-RECIP
TT-2738,EC-INST-TT
P-2739,EC-PUMP-CENTR
PSV-2740,EC-VALVE-RELIEF
E-2741,EC-HEATEXCH-SHELL
TT-2742,EC-INST-TT
PT-2743,EC-INST-PT
V-2744,EC-VESSEL-SEP
FCV-2745,EC-VALVE-CTRL
TT-2746,EC-INST-TT
E-2747,EC-HEATEXCH-SHELL
PT-2748,EC-INST-PT
FT-2749,EC-INST-FT
XV-2750,EC-VALVE-ISO
P-2751,EC-PUMP-RECIP
FCV-2752,EC-VALVE-CTRL
COL-2753,EC-VESSEL-COL
FCV-2754,EC-VALVE-CTRL
TT-2755,EC-INST-TT
TT-2756,EC-INST-TT
PSV-2757,EC-VALVE-RELIEF
PT-2758,EC-INST-PT
COL-2759,EC-VESSEL-COL
P-2760,EC-PUMP-CENTR
LT-2761,EC-INST-LT
V-2762,EC-VESSEL-SEP
V-2763,EC-VESSEL-SEP
XV-2764,EC-VALVE-ISO
XV-2765,EC-VALVE-ISO
LT-2766,EC-INST-LT
P-2767,EC-PUMP-CENTR
V-2768,EC-VESSEL-SEP
K-2769,EC-COMPRESSOR-CENTR
TT-2770,EC-INST-TT
XV-2771,EC-VALVE-ISO
V-2772,EC-VESSEL-SEP
K-2773,EC-COMPRESSOR-CENTR
PT-2774,EC-INST-PT
P-2775,EC-PUMP-RECIP
PT-2776,EC-INST-PT
V-2777,EC-VESSEL-SEP
LT-2778,EC-INST-LT
V-2779,EC-VESSEL-SEP
COL-2780,EC-VESSEL-COL
LT-2781,EC-INST-LT
LT-2782,EC-INST-LT
E-2783,EC-HEATEXCH-SHELL
V-2784,EC-VESSEL-SEP
P-2785,EC-PUMP-RECIP
V-2786,EC-VESSEL-SEP
K-2787,EC-COMPRESSOR-CENTR
FCV-2788,EC-VALVE-CTRL
K-2789,EC-COMPRESSOR-CENTR
COL-2790,EC-VESSEL-COL
COL-2791,EC-VESSEL-COL
PT-2792,EC-INST-PT
XV-2793,EC-VALVE-ISO
FCV-2794,EC-VALVE-CTRL
K-2795,EC-COMPRESSOR-CENTR
P-2796,EC-PUMP-CENTR
XV-2797,EC-VALVE-ISO
P-2798,EC-PUMP-RECIP
V-2799,EC-VESSEL-SEP
K-2800,EC-COMPRESSOR-CENTR
P-2801,EC-PUMP-RECIP
PT-2802,EC-INST-PT
P-2803,EC-PUMP-CENTR
TT-2804,EC-INST-TT
XV-2805,EC-VALVE-ISO
E-2806,EC-HEATEXCH-SHELL
K-2807,EC-COMPRESSOR-CENTR
LT-2808,EC-INST-LT
PSV-2809,EC-VALVE-RELIEF
COL-2810,EC-VESSEL-COL
FT-2811,EC-INST-FT
PSV-2812,EC-VALVE-RELIEF
PT-2813,EC-INST-PT
P-2814,EC-PUMP-CENTR
PSV-2815,EC-VALVE-RELIEF
P-2816,EC-PUMP-RECIP
PSV-2817,EC-VALVE-RELIEF
K-2818,EC-COMPRESSOR-CENTR
E-2819,EC-HEATEXCH-SHELL
FT-2820,EC-INST-FT
FT-2821,EC-INST-FT
P-2822,EC-PUMP-CENTR
TT-2823,EC-INST-TT
PSV-2824,EC-VALVE-RELIEF
P-2825,EC-PUMP-CENTR
E-2826,EC-HEATEXCH-SHELL
V-2827,EC-VESSEL-SEP
FT-2828,EC-INST-FT
PT-2829,EC-INST-PT
E-2830,EC-HEATEXCH-SHELL
FT-2831,EC-INST-FT
PT-2832,EC-INST-PT
PT-2833,EC-INST-PT
PT-2834,EC-INST-PT
TT-2835,EC-INST-TT
FT-2836,EC-INST-FT
K-2837,EC-COMPRESSOR-CENTR
FCV-2838,EC-VALVE-CTRL
TT-2839,EC-INST-TT
TT-2840,EC-INST-TT
V-2841,EC-VESSEL-SEP
PT-2842,EC-INST-PT
FCV-2843,EC-VALVE-CTRL
XV-2844,EC-VALVE-ISO
V-2845,EC-VESSEL-SEP
P-2846,EC-PUMP-CENTR
PSV-2847,EC-VALVE-RELIEF
P-2848,EC-PUMP-CENTR
FT-2849,EC-INST-FT
PSV-2850,EC-VALVE-RELIEF
PSV-2851,EC-VALVE-RELIEF
P-2852,EC-PUMP-CENTR
FCV-2853,EC-VALVE-CTRL
E-2854,EC-HEATEXCH-SHELL
V-2855,EC-VESSEL-SEP
P-2856,EC-PUMP-RECIP
LT-2857,EC-INST-LT
PT-2858,EC-INST-PT
K-2859,EC-COMPRESSOR-CENTR
COL-2860,EC-VESSEL-COL
PSV-2861,EC-VALVE-RELIEF
FCV-2862,EC-VALVE-CTRL
PT-2863,EC-INST-PT
E-2864,EC-HEATEXCH-SHELL
K-2865,EC-COMPRESSOR-CENTR
TT-2866,EC-INST-TT
FCV-2867,EC-VALVE-CTRL
E-2868,EC-HEATEXCH-SHELL
PT-2869,EC-INST-PT
K-2870,EC-COMPRESSOR-CENTR
P-2871,EC-PUMP-RECIP
FT-2872,EC-INST-FT
K-2873,EC-COMPRESSOR-CENTR
PSV-2874,EC-VALVE-RELIEF
PSV-2875,EC-VALVE-RELIEF
COL-2876,EC-VESSEL-COL
LT-2877,EC-INST-LT
FT-2878,EC-INST-FT
V-2879,EC-VESSEL-SEP
COL-2880,EC-VESSEL-COL
P-2881,EC-PUMP-RECIP
P-2882,EC-PUMP-CENTR
E-2883,EC-HEATEXCH-SHELL
LT-2884,EC-INST-LT
PT-2885,EC-INST-PT
P-2886,EC-PUMP-RECIP
P-2887,EC-PUMP-CENTR
P-2888,EC-PUMP-RECIP
E-2889,EC-HEATEXCH-SHELL
P-2890,EC-PUMP-RECIP
TT-2891,EC-INST-TT
P-2892,EC-PUMP-RECIP
P-2893,EC-PUMP-CENTR
PT-2894,EC-INST-PT
K-2895,EC-COMPRESSOR-CENTR
V-2896,EC-VESSEL-SEP
E-2897,EC-HEATEXCH-SHELL
FCV-2898,EC-VALVE-CTRL
XV-2899,EC-VALVE-ISO
FCV-2900,EC-VALVE-CTRL
FT-2901,EC-INST-FT
K-2902,EC-COMPRESSOR-CENTR
COL-2903,EC-VESSEL-COL
PSV-2904,EC-VALVE-RELIEF
TT-2905,EC-INST-TT
XV-2906,EC-VALVE-ISO
K-2907,EC-COMPRESSOR-CENTR
COL-2908,EC-VESSEL-COL
LT-2909,EC-INST-LT
COL-2910,EC-VESSEL-COL
TT-2911,EC-INST-TT
K-2912,EC-COMPRESSOR-CENTR
LT-2913,EC-INST-LT
P-2914,EC-PUMP-RECIP
FCV-2915,EC-VALVE-CTRL
P-2916,EC-PUMP-CENTR
XV-2917,EC-VALVE-ISO
P-2918,EC-PUMP-CENTR
K-2919,EC-COMPRESSOR-CENTR
K-2920,EC-COMPRESSOR-CENTR
XV-2921,EC-VALVE-ISO
FT-2922,EC-INST-FT
E-2923,EC-HEATEXCH-SHELL
TT-2924,EC-INST-TT
FT-2925,EC-INST-FT
V-2926,EC-VESSEL-SEP
XV-2927,EC-VALVE-ISO
P-2928,EC-PUMP-CENTR
P-2929,EC-PUMP-RECIP
XV-2930,EC-VALVE-ISO
K-2931,EC-COMPRESSOR-CENTR
P-2932,EC-PUMP-CENTR
V-2933,EC-VESSEL-SEP
V-2934,EC-VESSEL-SEP
LT-2935,EC-INST-LT
E-2936,EC-HEATEXCH-SHELL
TT-2937,EC-INST-TT
XV-2938,EC-VALVE-ISO
V-2939,EC-VESSEL-SEP
FCV-2940,EC-VALVE-CTRL
V-2941,EC-VESSEL-SEP
PSV-2942,EC-VALVE-RELIEF
TT-2943,EC-INST-TT
XV-2944,EC-VALVE-ISO
LT-2945,EC-INST-LT
FT-2946,EC-INST-FT
PT-2947,EC-INST-PT
P-2948,EC-PUMP-RECIP
TT-2949,EC-INST-TT
K-2950,EC-COMPRESSOR-CENTR
FCV-2951,EC-VALVE-CTRL
XV-2952,EC-VALVE-ISO
E-2953,EC-HEATEXCH-SHELL
PSV-2954,EC-VALVE-RELIEF
P-2955,EC-PUMP-CENTR
XV-2956,EC-VALVE-ISO
P-2957,EC-PUMP-RECIP
PT-2958,EC-INST-PT
V-2959,EC-VESSEL-SEP
PT-2960,EC-INST-PT
LT-2961,EC-INST-LT
FCV-2962,EC-VALVE-CTRL
LT-2963,EC-INST-LT
K-2964,EC-COMPRESSOR-CENTR
PT-2965,EC-INST-PT
PSV-2966,EC-VALVE-RELIEF
LT-2967,EC-INST-LT
PT-2968,EC-INST-PT
FCV-2969,EC-VALVE-CTRL
PSV-2970,EC-VALVE-RELIEF
LT-2971,EC-INST-LT
LT-2972,EC-INST-LT
FT-2973,EC-INST-FT
XV-2974,EC-VALVE-ISO
FCV-2975,EC-VALVE-CTRL
P-2976,EC-PUMP-CENTR
P-2977,EC-PUMP-CENTR
FT-2978,EC-INST-FT
E-2979,EC-HEATEXCH-SHELL
TT-2980,EC-INST-TT
FT-2981,EC-INST-FT
E-2982,EC-HEATEXCH-SHELL
TT-2983,EC-INST-TT
LT-2984,EC-INST-LT
FCV-2985,EC-VALVE-CTRL
V-2986,EC-VESSEL-SEP
V-2987,EC-VESSEL-SEP
V-2988,EC-VESSEL-SEP
COL-2989,EC-VESSEL-COL
K-2990,EC-COMPRESSOR-CENTR
V-2991,EC-VESSEL-SEP
LT-2992,EC-INST-LT
PSV-2993,EC-VALVE-RELIEF
FCV-2994,EC-VALVE-CTRL
PSV-2995,EC-VALVE-RELIEF
LT-2996,EC-INST-LT
PSV-2997,EC-VALVE-RELIEF
PT-2998,EC-INST-PT
FCV-2999,EC-VALVE-CTRL
PSV-3000,EC-VALVE-RELIEF
FCV-3001,EC-VALVE-CTRL
COL-3002,EC-VESSEL-COL
P-3003,EC-PUMP-CENTR
FT-3004,EC-INST-FT
COL-3005,EC-VESSEL-COL
E-3006,EC-HEATEXCH-SHELL
LT-3007,EC-INST-LT
COL-3008,EC-VESSEL-COL
V-3009,EC-VESSEL-SEP
P-3010,EC-PUMP-RECIP
PT-3011,EC-INST-PT
PT-3012,EC-INST-PT
COL-3013,EC-VESSEL-COL
E-3014,EC-HEATEXCH-SHELL
PSV-3015,EC-VALVE-RELIEF
PSV-3016,EC-VALVE-RELIEF
FT-3017,EC-INST-FT
XV-3018,EC-VALVE-ISO
PSV-3019,EC-VALVE-RELIEF
XV-3020,EC-VALVE-ISO
P-3021,EC-PUMP-CENTR
FCV-3022,EC-VALVE-CTRL
P-3023,EC-PUMP-RECIP
FT-3024,EC-INST-FT
PSV-3025,EC-VALVE-RELIEF
E-3026,EC-HEATEXCH-SHELL
LT-3027,EC-INST-LT
E-3028,EC-HEATEXCH-SHELL
FT-3029,EC-INST-FT
P-3030,EC-PUMP-CENTR
K-3031,EC-COMPRESSOR-CENTR
P-3032,EC-PUMP-CENTR
P-3033,EC-PUMP-CENTR
LT-3034,EC-INST-LT
E-3035,EC-HEATEXCH-SHELL
XV-3036,EC-VALVE-ISO
E-3037,EC-HEATEXCH-SHELL
V-3038,EC-VESSEL-SEP
FCV-3039,EC-VALVE-CTRL
K-3040,EC-COMPRESSOR-CENTR
TT-3041,EC-INST-TT
FCV-3042,EC-VALVE-CTRL
PT-3043,EC-INST-PT
LT-3044,EC-INST-LT
V-3045,EC-VESSEL-SEP
E-3046,EC-HEATEXCH-SHELL
P-3047,EC-PUMP-CENTR
K-3048,EC-COMPRESSOR-CENTR
P-3049,EC-PUMP-CENTR
COL-3050,EC-VESSEL-COL
LT-3051,EC-INST-LT
PT-3052,EC-INST-PT
E-3053,EC-HEATEXCH-SHELL
LT-3054,EC-INST-LT
P-3055,EC-PUMP-CENTR
COL-3056,EC-VESSEL-COL
V-3057,EC-VESSEL-SEP
COL-3058,EC-VESSEL-COL
K-3059,EC-COMPRESSOR-CENTR
PSV-3060,EC-VALVE-RELIEF
XV-3061,EC-VALVE-ISO
K-3062,EC-COMPRESSOR-CENTR
P-3063,EC-PUMP-CENTR
FT-3064,EC-INST-FT
XV-3065,EC-VALVE-ISO
COL-3066,EC-VESSEL-COL
PSV-3067,EC-VALVE-RELIEF
V-3068,EC-VESSEL-SEP
COL-3069,EC-VESSEL-COL
TT-3070,EC-INST-TT
E-3071,EC-HEATEXCH-SHELL
K-3072,EC-COMPRESSOR-CENTR
V-3073,EC-VESSEL-SEP
P-3074,EC-PUMP-RECIP
P-3075,EC-PUMP-RECIP
TT-3076,EC-INST-TT
V-3077,EC-VESSEL-SEP
P-3078,EC-PUMP-RECIP
P-3079,EC-PUMP-RECIP
FT-3080,EC-INST-FT
PT-3081,EC-INST-PT
XV-3082,EC-VALVE-ISO
XV-3083,EC-VALVE-ISO
COL-3084,EC-VESSEL-COL
FCV-3085,EC-VALVE-CTRL
P-3086,EC-PUMP-RECIP
K-3087,EC-COMPRESSOR-CENTR
K-3088,EC-COMPRESSOR-CENTR
P-3089,EC-PUMP-CENTR
PSV-3090,EC-VALVE-RELIEF
PSV-3091,EC-VALVE-RELIEF
V-3092,EC-VESSEL-SEP
PSV-3093,EC-VALVE-RELIEF
COL-3094,EC-VESSEL-COL
P-3095,EC-PUMP-CENTR
E-3096,EC-HEATEXCH-SHELL
FCV-3097,EC-VALVE-CTRL
LT-3098,EC-INST-LT
FCV-3099,EC-VALVE-CTRL
FCV-3100,EC-VALVE-CTRL
XV-3101,EC-VALVE-ISO
TT-3102,EC-INST-TT
V-3103,EC-VESSEL-SEP
PSV-3104,EC-VALVE-RELIEF
TT-3105,EC-INST-TT
K-3106,EC-COMPRESSOR-CENTR
PSV-3107,EC-VALVE-RELIEF
P-3108,EC-PUMP-CENTR
PT-3109,EC-INST-PT
LT-3110,EC-INST-LT
TT-3111,EC-INST-TT
P-3112,EC-PUMP-CENTR
P-3113,EC-PUMP-RECIP
PT-3114,EC-INST-PT
COL-3115,EC-VESSEL-COL
XV-3116,EC-VALVE-ISO
PSV-3117,EC-VALVE-RELIEF
TT-3118,EC-INST-TT
P-3119,EC-PUMP-RECIP
COL-3120,EC-VESSEL-COL
XV-3121,EC-VALVE-ISO
P-3122,EC-PUMP-CENTR
P-3123,EC-PUMP-RECIP
XV-3124,EC-VALVE-ISO
XV-3125,EC-VALVE-ISO
P-3126,EC-PUMP-CENTR
FCV-3127,EC-VALVE-CTRL
E-3128,EC-HEATEXCH-SHELL
FT-3129,EC-INST-FT
LT-3130,EC-INST-LT
P-3131,EC-PUMP-CENTR
V-3132,EC-VESSEL-SEP
E-3133,EC-HEATEXCH-SHELL
P-3134,EC-PUMP-CENTR
XV-3135,EC-VALVE-ISO
V-3136,EC-VESSEL-SEP
LT-3137,EC-INST-LT
FCV-3138,EC-VALVE-CTRL
COL-3139,EC-VESSEL-COL
P-3140,EC-PUMP-CENTR
V-3141,EC-VESSEL-SEP
FT-3142,EC-INST-FT
V-3143,EC-VESSEL-SEP
K-3144,EC-COMPRESSOR-CENTR
FT-3145,EC-INST-FT
XV-3146,EC-VALVE-ISO
XV-3147,EC-VALVE-ISO
PT-3148,EC-INST-PT
P-3149,EC-PUMP-RECIP
PSV-3150,EC-VALVE-RELIEF
PSV-3151,EC-VALVE-RELIEF
COL-3152,EC-VESSEL-COL
PSV-3153,EC-VALVE-RELIEF
PT-3154,EC-INST-PT
COL-3155,EC-VESSEL-COL
K-3156,EC-COMPRESSOR-CENTR
LT-3157,EC-INST-LT
XV-3158,EC-VALVE-ISO
P-3159,EC-PUMP-RECIP
PT-3160,EC-INST-PT
LT-3161,EC-INST-LT
E-3162,EC-HEATEXCH-SHELL
K-3163,EC-COMPRESSOR-CENTR
TT-3164,EC-INST-TT
LT-3165,EC-INST-LT
FCV-3166,EC-VALVE-CTRL
PT-3167,EC-INST-PT
PSV-3168,EC-VALVE-RELIEF
V-3169,EC-VESSEL-SEP
XV-3170,EC-VALVE-ISO
PSV-3171,EC-VALVE-RELIEF
PT-3172,EC-INST-PT
P-3173,EC-PUMP-CENTR
COL-3174,EC-VESSEL-COL
XV-3175,EC-VALVE-ISO
V-3176,EC-VESSEL-SEP
V-3177,EC-VESSEL-SEP
E-3178,EC-HEATEXCH-SHELL
P-3179,EC-PUMP-CENTR
FCV-3180,EC-VALVE-CTRL
FCV-3181,EC-VALVE-CTRL
P-3182,EC-PUMP-CENTR
XV-3183,EC-VALVE-ISO
FT-3184,EC-INST-FT
FT-3185,EC-INST-FT
COL-3186,EC-VESSEL-COL
P-3187,EC-PUMP-RECIP
P-3188,EC-PUMP-CENTR
P-3189,EC-PUMP-RECIP
K-3190,EC-COMPRESSOR-CENTR
LT-3191,EC-INST-LT
PT-3192,EC-INST-PT
K-3193,EC-COMPRESSOR-CENTR
V-3194,EC-VESSEL-SEP
P-3195,EC-PUMP-CENTR
E-3196,EC-HEATEXCH-SHELL
K-3197,EC-COMPRESSOR-CENTR
LT-3198,EC-INST-LT
XV-3199,EC-VALVE-ISO
LT-3200,EC-INST-LT
FCV-3201,EC-VALVE-CTRL
FCV-3202,EC-VALVE-CTRL
LT-3203,EC-INST-LT
P-3204,EC-PUMP-RECIP
TT-3205,EC-INST-TT
PT-3206,EC-INST-PT
XV-3207,EC-VALVE-ISO
LT-3208,EC-INST-LT
LT-3209,EC-INST-LT
XV-3210,EC-VALVE-ISO
COL-3211,EC-VESSEL-COL
PT-3212,EC-INST-PT
V-3213,EC-VESSEL-SEP
P-3214,EC-PUMP-CENTR
FCV-3215,EC-VALVE-CTRL
PT-3216,EC-INST-PT
XV-3217,EC-VALVE-ISO
FT-3218,EC-INST-FT
V-3219,EC-VESSEL-SEP
K-3220,EC-COMPRESSOR-CENTR
FT-3221,EC-INST-FT
P-3222,EC-PUMP-RECIP
PT-3223,EC-INST-PT
E-3224,EC-HEATEXCH-SHELL
TT-3225,EC-INST-TT
FT-3226,EC-INST-FT
E-3227,EC-HEATEXCH-SHELL
LT-3228,EC-INST-LT
FT-3229,EC-INST-FT
FCV-3230,EC-VALVE-CTRL
V-3231,EC-VESSEL-SEP
K-3232,EC-COMPRESSOR-CENTR
FCV-3233,EC-VALVE-CTRL
TT-3234,EC-INST-TT
FT-3235,EC-INST-FT
FCV-3236,EC-VALVE-CTRL
FCV-3237,EC-VALVE-CTRL
K-3238,EC-COMPRESSOR-CENTR
PT-3239,EC-INST-PT
FT-3240,EC-INST-FT
V-3241,EC-VESSEL-SEP
PSV-3242,EC-VALVE-RELIEF
E-3243,EC-HEATEXCH-SHELL
P-3244,EC-PUMP-RECIP
PSV-3245,EC-VALVE-RELIEF
FT-3246,EC-INST-FT
P-3247,EC-PUMP-CENTR
V-3248,EC-VESSEL-SEP
P-3249,EC-PUMP-CENTR
PT-3250,EC-INST-PT
FT-3251,EC-INST-FT
TT-3252,EC-INST-TT
V-3253,EC-VESSEL-SEP
P-3254,EC-PUMP-CENTR
LT-3255,EC-INST-LT
FT-3256,EC-INST-FT
P-3257,EC-PUMP-RECIP
V-3258,EC-VESSEL-SEP
LT-3259,EC-INST-LT
FCV-3260,EC-VALVE-CTRL
FT-3261,EC-INST-FT
P-3262,EC-PUMP-CENTR
FCV-3263,EC-VALVE-CTRL
V-3264,EC-VESSEL-SEP
V-3265,EC-VESSEL-SEP
TT-3266,EC-INST-TT
K-3267,EC-COMPRESSOR-CENTR
COL-3268,EC-VESSEL-COL
PSV-3269,EC-VALVE-RELIEF
PT-3270,EC-INST-PT
TT-3271,EC-INST-TT
PT-3272,EC-INST-PT
FCV-3273,EC-VALVE-CTRL
FCV-3274,EC-VALVE-CTRL
FT-3275,EC-INST-FT
XV-3276,EC-VALVE-ISO
V-3277,EC-VESSEL-SEP
TT-3278,EC-INST-TT
PT-3279,EC-INST-PT
FCV-3280,EC-VALVE-CTRL
P-3281,EC-PUMP-RECIP
E-3282,EC-HEATEXCH-SHELL
FT-3283,EC-INST-FT
E-3284,EC-HEATEXCH-SHELL
K-3285,EC-COMPRESSOR-CENTR
PSV-3286,EC-VALVE-RELIEF
P-3287,EC-PUMP-RECIP
XV-3288,EC-VALVE-ISO
COL-3289,EC-VESSEL-COL
XV-3290,EC-VALVE-ISO
P-3291,EC-PUMP-RECIP
TT-3292,EC-INST-TT
PT-3293,EC-INST-PT
E-3294,EC-HEATEXCH-SHELL
FCV-3295,EC-VALVE-CTRL
P-3296,EC-PUMP-RECIP
FT-3297,EC-INST-FT
P-3298,EC-PUMP-CENTR
V-3299,EC-VESSEL-SEP
E-3300,EC-HEATEXCH-SHELL
FCV-3301,EC-VALVE-CTRL
XV-3302,EC-VALVE-ISO
V-3303,EC-VESSEL-SEP
LT-3304,EC-INST-LT
E-3305,EC-HEATEXCH-SHELL
FT-3306,EC-INST-FT
PT-3307,EC-INST-PT
FCV-3308,EC-VALVE-CTRL
K-3309,EC-COMPRESSOR-CENTR
TT-3310,EC-INST-TT
K-3311,EC-COMPRESSOR-CENTR
FCV-3312,EC-VALVE-CTRL
P-3313,EC-PUMP-RECIP
FCV-3314,EC-VALVE-CTRL
P-3315,EC-PUMP-RECIP
PSV-3316,EC-VALVE-RELIEF
V-3317,EC-VESSEL-SEP
P-3318,EC-PUMP-RECIP
XV-3319,EC-VALVE-ISO
TT-3320,EC-INST-TT
PSV-3321,EC-VALVE-RELIEF
P-3322,EC-PUMP-RECIP
COL-3323,EC-VESSEL-COL
XV-3324,EC-VALVE-ISO
PT-3325,EC-INST-PT
XV-3326,EC-VALVE-ISO
P-3327,EC-PUMP-RECIP
PT-3328,EC-INST-PT
FT-3329,EC-INST-FT
P-3330,EC-PUMP-CENTR
K-3331,EC-COMPRESSOR-CENTR
COL-3332,EC-VESSEL-COL
XV-3333,EC-VALVE-ISO
E-3334,EC-HEATEXCH-SHELL
P-3335,EC-PUMP-RECIP
TT-3336,EC-INST-TT
LT-3337,EC-INST-LT
K-3338,EC-COMPRESSOR-CENTR
E-3339,EC-HEATEXCH-SHELL
XV-3340,EC-VALVE-ISO
K-3341,EC-COMPRESSOR-CENTR
V-3342,EC-VESSEL-SEP
E-3343,EC-HEATEXCH-SHELL
TT-3344,EC-INST-TT
XV-3345,EC-VALVE-ISO
K-3346,EC-COMPRESSOR-CENTR
P-3347,EC-PUMP-RECIP
COL-3348,EC-VESSEL-COL
V-3349,EC-VESSEL-SEP
XV-3350,EC-VALVE-ISO
PSV-3351,EC-VALVE-RELIEF
FCV-3352,EC-VALVE-CTRL
E-3353,EC-HEATEXCH-SHELL
K-3354,EC-COMPRESSOR-CENTR
V-3355,EC-VESSEL-SEP
TT-3356,EC-INST-TT
TT-3357,EC-INST-TT
LT-3358,EC-INST-LT
FCV-3359,EC-VALVE-CTRL
P-3360,EC-PUMP-CENTR
K-3361,EC-COMPRESSOR-CENTR
XV-3362,EC-VALVE-ISO
E-3363,EC-HEATEXCH-SHELL
XV-3364,EC-VALVE-ISO
PSV-3365,EC-VALVE-RELIEF
TT-3366,EC-INST-TT
P-3367,EC-PUMP-CENTR
COL-3368,EC-VESSEL-COL
FT-3369,EC-INST-FT
LT-3370,EC-INST-LT
PSV-3371,EC-VALVE-RELIEF
LT-3372,EC-INST-LT
PSV-3373,EC-VALVE-RELIEF
P-3374,EC-PUMP-CENTR
FCV-3375,EC-VALVE-CTRL
FCV-3376,EC-VALVE-CTRL
FCV-3377,EC-VALVE-CTRL
K-3378,EC-COMPRESSOR-CENTR
LT-3379,EC-INST-LT
PT-3380,EC-INST-PT
PT-3381,EC-INST-PT
E-3382,EC-HEATEXCH-SHELL
LT-3383,EC-INST-LT
TT-3384,EC-INST-TT
P-3385,EC-PUMP-RECIP
P-3386,EC-PUMP-CENTR
P-3387,EC-PUMP-CENTR
COL-3388,EC-VESSEL-COL
P-3389,EC-PUMP-RECIP
P-3390,EC-PUMP-RECIP
LT-3391,EC-INST-LT
FCV-3392,EC-VALVE-CTRL
LT-3393,EC-INST-LT
PT-3394,EC-INST-PT
PSV-3395,EC-VALVE-RELIEF
K-3396,EC-COMPRESSOR-CENTR
FCV-3397,EC-VALVE-CTRL
FCV-3398,EC-VALVE-CTRL
TT-3399,EC-INST-TT
V-3400,EC-VESSEL-SEP
COL-3401,EC-VESSEL-COL
P-3402,EC-PUMP-RECIP
PSV-3403,EC-VALVE-RELIEF
P-3404,EC-PUMP-RECIP
TT-3405,EC-INST-TT
FCV-3406,EC-VALVE-CTRL
LT-3407,EC-INST-LT
K-3408,EC-COMPRESSOR-CENTR
P-3409,EC-PUMP-CENTR
E-3410,EC-HEATEXCH-SHELL
E-3411,EC-HEATEXCH-SHELL
PSV-3412,EC-VALVE-RELIEF
P-3413,EC-PUMP-CENTR
XV-3414,EC-VALVE-ISO
PT-3415,EC-INST-PT
FCV-3416,EC-VALVE-CTRL
COL-3417,EC-VESSEL-COL
FCV-3418,EC-VALVE-CTRL
FT-3419,EC-INST-FT
XV-3420,EC-VALVE-ISO
PT-3421,EC-INST-PT
XV-3422,EC-VALVE-ISO
TT-3423,EC-INST-TT
K-3424,EC-COMPRESSOR-CENTR
TT-3425,EC-INST-TT
XV-3426,EC-VALVE-ISO
LT-3427,EC-INST-LT
PSV-3428,EC-VALVE-RELIEF
V-3429,EC-VESSEL-SEP
PSV-3430,EC-VALVE-RELIEF
LT-3431,EC-INST-LT
P-3432,EC-PUMP-RECIP
LT-3433,EC-INST-LT
FCV-3434,EC-VALVE-CTRL
P-3435,EC-PUMP-RECIP
V-3436,EC-VESSEL-SEP
TT-3437,EC-INST-TT
V-3438,EC-VESSEL-SEP
P-3439,EC-PUMP-RECIP
K-3440,EC-COMPRESSOR-CENTR
FCV-3441,EC-VALVE-CTRL
P-3442,EC-PUMP-CENTR
COL-3443,EC-VESSEL-COL
FCV-3444,EC-VALVE-CTRL
V-3445,EC-VESSEL-SEP
P-3446,EC-PUMP-CENTR
K-3447,EC-COMPRESSOR-CENTR
FT-3448,EC-INST-FT
COL-3449,EC-VESSEL-COL
P-3450,EC-PUMP-CENTR
V-3451,EC-VESSEL-SEP
PT-3452,EC-INST-PT
P-3453,EC-PUMP-CENTR
P-3454,EC-PUMP-RECIP
PT-3455,EC-INST-PT
V-3456,EC-VESSEL-SEP
LT-3457,EC-INST-LT
V-3458,EC-VESSEL-SEP
TT-3459,EC-INST-TT
E-3460,EC-HEATEXCH-SHELL
XV-3461,EC-VALVE-ISO
V-3462,EC-VESSEL-SEP
E-3463,EC-HEATEXCH-SHELL
V-3464,EC-VESSEL-SEP
FCV-3465,EC-VALVE-CTRL
V-3466,EC-VESSEL-SEP
E-3467,EC-HEATEXCH-SHELL
FT-3468,EC-INST-FT
P-3469,EC-PUMP-RECIP
FCV-3470,EC-VALVE-CTRL
PSV-3471,EC-VALVE-RELIEF
PT-3472,EC-INST-PT
K-3473,EC-COMPRESSOR-CENTR
FCV-3474,EC-VALVE-CTRL
V-3475,EC-VESSEL-SEP
FT-3476,EC-INST-FT
PT-3477,EC-INST-PT
XV-3478,EC-VALVE-ISO
PT-3479,EC-INST-PT
TT-3480,EC-INST-TT
PSV-3481,EC-VALVE-RELIEF
FCV-3482,EC-VALVE-CTRL
FT-3483,EC-INST-FT
P-3484,EC-PUMP-RECIP
V-3485,EC-VESSEL-SEP
LT-3486,EC-INST-LT
P-3487,EC-PUMP-CENTR
P-3488,EC-PUMP-RECIP
PSV-3489,EC-VALVE-RELIEF
LT-3490,EC-INST-LT
K-3491,EC-COMPRESSOR-CENTR
LT-3492,EC-INST-LT
FT-3493,EC-INST-FT
FT-3494,EC-INST-FT
COL-3495,EC-VESSEL-COL
PT-3496,EC-INST-PT
K-3497,EC-COMPRESSOR-CENTR
V-3498,EC-VESSEL-SEP
P-3499,EC-PUMP-RECIP
PSV-3500,EC-VALVE-RELIEF
E-3501,EC-HEATEXCH-SHELL
PT-3502,EC-INST-PT
FT-3503,EC-INST-FT
P-3504,EC-PUMP-CENTR
XV-3505,EC-VALVE-ISO
TT-3506,EC-INST-TT
PT-3507,EC-INST-PT
P-3508,EC-PUMP-CENTR
TT-3509,EC-INST-TT
P-3510,EC-PUMP-RECIP
FCV-3511,EC-VALVE-CTRL
XV-3512,EC-VALVE-ISO
K-3513,EC-COMPRESSOR-CENTR
TT-3514,EC-INST-TT
PT-3515,EC-INST-PT
P-3516,EC-PUMP-RECIP
P-3517,EC-PUMP-CENTR
E-3518,EC-HEATEXCH-SHELL
V-3519,EC-VESSEL-SEP
PSV-3520,EC-VALVE-RELIEF
P-3521,EC-PUMP-RECIP
E-3522,EC-HEATEXCH-SHELL
PT-3523,EC-INST-PT
E-3524,EC-HEATEXCH-SHELL
TT-3525,EC-INST-TT
COL-3526,EC-VESSEL-COL
K-3527,EC-COMPRESSOR-CENTR
P-3528,EC-PUMP-CENTR
K-3529,EC-COMPRESSOR-CENTR
P-3530,EC-PUMP-CENTR
E-3531,EC-HEATEXCH-SHELL
COL-3532,EC-VESSEL-COL
E-3533,EC-HEATEXCH-SHELL
PSV-3534,EC-VALVE-RELIEF
PSV-3535,EC-VALVE-RELIEF
FT-3536,EC-INST-FT
COL-3537,EC-VESSEL-COL
E-3538,EC-HEATEXCH-SHELL
E-3539,EC-HEATEXCH-SHELL
E-3540,EC-HEATEXCH-SHELL
LT-3541,EC-INST-LT
E-3542,EC-HEATEXCH-SHELL
XV-3543,EC-VALVE-ISO
V-3544,EC-VESSEL-SEP
TT-3545,EC-INST-TT
K-3546,EC-COMPRESSOR-CENTR
K-3547,EC-COMPRESSOR-CENTR
XV-3548,EC-VALVE-ISO
V-3549,EC-VESSEL-SEP
V-3550,EC-VESSEL-SEP
E-3551,EC-HEATEXCH-SHELL
P-3552,EC-PUMP-RECIP
E-3553,EC-HEATEXCH-SHELL
FCV-3554,EC-VALVE-CTRL
E-3555,EC-HEATEXCH-SHELL
FT-3556,EC-INST-FT
P-3557,EC-PUMP-RECIP
TT-3558,EC-INST-TT
TT-3559,EC-INST-TT
V-3560,EC-VESSEL-SEP
P-3561,EC-PUMP-CENTR
P-3562,EC-PUMP-RECIP
P-3563,EC-PUMP-RECIP
E-3564,EC-HEATEXCH-SHELL
XV-3565,EC-VALVE-ISO
P-3566,EC-PUMP-CENTR
E-3567,EC-HEATEXCH-SHELL
P-3568,EC-PUMP-RECIP
V-3569,EC-VESSEL-SEP
TT-3570,EC-INST-TT
FCV-3571,EC-VALVE-CTRL
LT-3572,EC-INST-LT
K-3573,EC-COMPRESSOR-CENTR
TT-3574,EC-INST-TT
PSV-3575,EC-VALVE-RELIEF
E-3576,EC-HEATEXCH-SHELL
PT-3577,EC-INST-PT
PSV-3578,EC-VALVE-RELIEF
PT-3579,EC-INST-PT
COL-3580,EC-VESSEL-COL
FT-3581,EC-INST-FT
FCV-3582,EC-VALVE-CTRL
PSV-3583,EC-VALVE-RELIEF
FCV-3584,EC-VALVE-CTRL
FCV-3585,EC-VALVE-CTRL
P-3586,EC-PUMP-CENTR
P-3587,EC-PUMP-RECIP
XV-3588,EC-VALVE-ISO
LT-3589,EC-INST-LT
PSV-3590,EC-VALVE-RELIEF
FCV-3591,EC-VALVE-CTRL
P-3592,EC-PUMP-RECIP
TT-3593,EC-INST-TT
COL-3594,EC-VESSEL-COL
E-3595,EC-HEATEXCH-SHELL
PSV-3596,EC-VALVE-RELIEF
V-3597,EC-VESSEL-SEP
E-3598,EC-HEATEXCH-SHELL
V-3599,EC-VESSEL-SEP
COL-3600,EC-VESSEL-COL
E-3601,EC-HEATEXCH-SHELL
PSV-3602,EC-VALVE-RELIEF
TT-3603,EC-INST-TT
P-3604,EC-PUMP-CENTR
PSV-3605,EC-VALVE-RELIEF
P-3606,EC-PUMP-RECIP
COL-3607,EC-VESSEL-COL
TT-3608,EC-INST-TT
PT-3609,EC-INST-PT
PSV-3610,EC-VALVE-RELIEF
FCV-3611,EC-VALVE-CTRL
LT-3612,EC-INST-LT
LT-3613,EC-INST-LT
P-3614,EC-PUMP-CENTR
XV-3615,EC-VALVE-ISO
COL-3616,EC-VESSEL-COL
COL-3617,EC-VESSEL-COL
P-3618,EC-PUMP-CENTR
PT-3619,EC-INST-PT
LT-3620,EC-INST-LT
LT-3621,EC-INST-LT
COL-3622,EC-VESSEL-COL
P-3623,EC-PUMP-RECIP
FCV-3624,EC-VALVE-CTRL
COL-3625,EC-VESSEL-COL
PT-3626,EC-INST-PT
FT-3627,EC-INST-FT
PSV-3628,EC-VALVE-RELIEF
TT-3629,EC-INST-TT
V-3630,EC-VESSEL-SEP
V-3631,EC-VESSEL-SEP
V-3632,EC-VESSEL-SEP
FT-3633,EC-INST-FT
P-3634,EC-PUMP-CENTR
PT-3635,EC-INST-PT
P-3636,EC-PUMP-RECIP
V-3637,EC-VESSEL-SEP
FT-3638,EC-INST-FT
P-3639,EC-PUMP-RECIP
V-3640,EC-VESSEL-SEP
P-3641,EC-PUMP-CENTR
XV-3642,EC-VALVE-ISO
FT-3643,EC-INST-FT
K-3644,EC-COMPRESSOR-CENTR
PSV-3645,EC-VALVE-RELIEF
LT-3646,EC-INST-LT
P-3647,EC-PUMP-RECIP
FT-3648,EC-INST-FT
K-3649,EC-COMPRESSOR-CENTR
FCV-3650,EC-VALVE-CTRL
COL-3651,EC-VESSEL-COL
P-3652,EC-PUMP-CENTR
FCV-3653,EC-VALVE-CTRL
PT-3654,EC-INST-PT
P-3655,EC-PUMP-RECIP
V-3656,EC-VESSEL-SEP
E-3657,EC-HEATEXCH-SHELL
XV-3658,EC-VALVE-ISO
PSV-3659,EC-VALVE-RELIEF
LT-3660,EC-INST-LT
XV-3661,EC-VALVE-ISO
FCV-3662,EC-VALVE-CTRL
K-3663,EC-COMPRESSOR-CENTR
PT-3664,EC-INST-PT
E-3665,EC-HEATEXCH-SHELL
PT-3666,EC-INST-PT
V-3667,EC-VESSEL-SEP
V-3668,EC-VESSEL-SEP
K-3669,EC-COMPRESSOR-CENTR
FT-3670,EC-INST-FT
LT-3671,EC-INST-LT
LT-3672,EC-INST-LT
COL-3673,EC-VESSEL-COL
PSV-3674,EC-VALVE-RELIEF
COL-3675,EC-VESSEL-COL
V-3676,EC-VESSEL-SEP
FT-3677,EC-INST-FT
LT-3678,EC-INST-LT
V-3679,EC-VESSEL-SEP
K-3680,EC-COMPRESSOR-CENTR
FT-3681,EC-INST-FT
FT-3682,EC-INST-FT
XV-3683,EC-VALVE-ISO
K-3684,EC-COMPRESSOR-CENTR
K-3685,EC-COMPRESSOR-CENTR
FCV-3686,EC-VALVE-CTRL
K-3687,EC-COMPRESSOR-CENTR
V-3688,EC-VESSEL-SEP
K-3689,EC-COMPRESSOR-CENTR
K-3690,EC-COMPRESSOR-CENTR
V-3691,EC-VESSEL-SEP
E-3692,EC-HEATEXCH-SHELL
FCV-3693,EC-VALVE-CTRL
LT-3694,EC-INST-LT
FT-3695,EC-INST-FT
E-3696,EC-HEATEXCH-SHELL
TT-3697,EC-INST-TT
PSV-3698,EC-VALVE-RELIEF
LT-3699,EC-INST-LT
K-3700,EC-COMPRESSOR-CENTR
E-3701,EC-HEATEXCH-SHELL
FT-3702,EC-INST-FT
TT-3703,EC-INST-TT
K-3704,EC-COMPRESSOR-CENTR
XV-3705,EC-VALVE-ISO
TT-3706,EC-INST-TT
P-3707,EC-PUMP-CENTR
PT-3708,EC-INST-PT
PT-3709,EC-INST-PT
PSV-3710,EC-VALVE-RELIEF
PT-3711,EC-INST-PT
P-3712,EC-PUMP-RECIP
TT-3713,EC-INST-TT
V-3714,EC-VESSEL-SEP
PT-3715,EC-INST-PT
E-3716,EC-HEATEXCH-SHELL
PSV-3717,EC-VALVE-RELIEF
FT-3718,EC-INST-FT
P-3719,EC-PUMP-CENTR
K-3720,EC-COMPRESSOR-CENTR
XV-3721,EC-VALVE-ISO
XV-3722,EC-VALVE-ISO
PT-3723,EC-INST-PT
XV-3724,EC-VALVE-ISO
XV-3725,EC-VALVE-ISO
P-3726,EC-PUMP-CENTR
PSV-3727,EC-VALVE-RELIEF
XV-3728,EC-VALVE-ISO
P-3729,EC-PUMP-RECIP
COL-3730,EC-VESSEL-COL
FCV-3731,EC-VALVE-CTRL
K-3732,EC-COMPRESSOR-CENTR
FCV-3733,EC-VALVE-CTRL
FCV-3734,EC-VALVE-CTRL
V-3735,EC-VESSEL-SEP
P-3736,EC-PUMP-CENTR
TT-3737,EC-INST-TT
TT-3738,EC-INST-TT
V-3739,EC-VESSEL-SEP
COL-3740,EC-VESSEL-COL
PSV-3741,EC-VALVE-RELIEF
P-3742,EC-PUMP-RECIP
K-3743,EC-COMPRESSOR-CENTR
P-3744,EC-PUMP-CENTR
FT-3745,EC-INST-FT
K-3746,EC-COMPRESSOR-CENTR
XV-3747,EC-VALVE-ISO
K-3748,EC-COMPRESSOR-CENTR
P-3749,EC-PUMP-CENTR
LT-3750,EC-INST-LT
P-3751,EC-PUMP-CENTR
TT-3752,EC-INST-TT
TT-3753,EC-INST-TT
FT-3754,EC-INST-FT
P-3755,EC-PUMP-RECIP
E-3756,EC-HEATEXCH-SHELL
TT-3757,EC-INST-TT
P-3758,EC-PUMP-CENTR
P-3759,EC-PUMP-RECIP
E-3760,EC-HEATEXCH-SHELL
E-3761,EC-HEATEXCH-SHELL
P-3762,EC-PUMP-RECIP
P-3763,EC-PUMP-RECIP
TT-3764,EC-INST-TT
XV-3765,EC-VALVE-ISO
K-3766,EC-COMPRESSOR-CENTR
PT-3767,EC-INST-PT
E-3768,EC-HEATEXCH-SHELL
P-3769,EC-PUMP-CENTR
K-3770,EC-COMPRESSOR-CENTR
E-3771,EC-HEATEXCH-SHELL
P-3772,EC-PUMP-RECIP
P-3773,EC-PUMP-CENTR
COL-3774,EC-VESSEL-COL
PSV-3775,EC-VALVE-RELIEF
V-3776,EC-VESSEL-SEP
PSV-3777,EC-VALVE-RELIEF
COL-3778,EC-VESSEL-COL
K-3779,EC-COMPRESSOR-CENTR
FT-3780,EC-INST-FT
XV-3781,EC-VALVE-ISO
FT-3782,EC-INST-FT
FCV-3783,EC-VALVE-CTRL
LT-3784,EC-INST-LT
FCV-3785,EC-VALVE-CTRL
PSV-3786,EC-VALVE-RELIEF
K-3787,EC-COMPRESSOR-CENTR
P-3788,EC-PUMP-CENTR
PT-3789,EC-INST-PT
FT-3790,EC-INST-FT
COL-3791,EC-VESSEL-COL
FCV-3792,EC-VALVE-CTRL
P-3793,EC-PUMP-RECIP
FCV-3794,EC-VALVE-CTRL
FT-3795,EC-INST-FT
LT-3796,EC-INST-LT
PT-3797,EC-INST-PT
PSV-3798,EC-VALVE-RELIEF
LT-3799,EC-INST-LT
V-3800,EC-VESSEL-SEP
K-3801,EC-COMPRESSOR-CENTR
FCV-3802,EC-VALVE-CTRL
FCV-3803,EC-VALVE-CTRL
XV-3804,EC-VALVE-ISO
P-3805,EC-PUMP-CENTR
XV-3806,EC-VALVE-ISO
LT-3807,EC-INST-LT
P-3808,EC-PUMP-CENTR
P-3809,EC-PUMP-CENTR
P-3810,EC-PUMP-CENTR
K-3811,EC-COMPRESSOR-CENTR
XV-3812,EC-VALVE-ISO
TT-3813,EC-INST-TT
E-3814,EC-HEATEXCH-SHELL
P-3815,EC-PUMP-CENTR
LT-3816,EC-INST-LT
P-3817,EC-PUMP-RECIP
COL-3818,EC-VESSEL-COL
K-3819,EC-COMPRESSOR-CENTR
TT-3820,EC-INST-TT
P-3821,EC-PUMP-CENTR
K-3822,EC-COMPRESSOR-CENTR
PT-3823,EC-INST-PT
E-3824,EC-HEATEXCH-SHELL
XV-3825,EC-VALVE-ISO
P-3826,EC-PUMP-CENTR
P-3827,EC-PUMP-RECIP
K-3828,EC-COMPRESSOR-CENTR
PT-3829,EC-INST-PT
PSV-3830,EC-VALVE-RELIEF
PSV-3831,EC-VALVE-RELIEF
PSV-3832,EC-VALVE-RELIEF
LT-3833,EC-INST-LT
P-3834,EC-PUMP-RECIP
V-3835,EC-VESSEL-SEP
COL-3836,EC-VESSEL-COL
COL-3837,EC-VESSEL-COL
PT-3838,EC-INST-PT
XV-3839,EC-VALVE-ISO
XV-3840,EC-VALVE-ISO
P-3841,EC-PUMP-CENTR
XV-3842,EC-VALVE-ISO
XV-3843,EC-VALVE-ISO
PT-3844,EC-INST-PT
K-3845,EC-COMPRESSOR-CENTR
PSV-3846,EC-VALVE-RELIEF
XV-3847,EC-VALVE-ISO
FT-3848,EC-INST-FT
LT-3849,EC-INST-LT
XV-3850,EC-VALVE-ISO
XV-3851,EC-VALVE-ISO
FCV-3852,EC-VALVE-CTRL
COL-3853,EC-VESSEL-COL
E-3854,EC-HEATEXCH-SHELL
XV-3855,EC-VALVE-ISO
K-3856,EC-COMPRESSOR-CENTR
FCV-3857,EC-VALVE-CTRL
E-3858,EC-HEATEXCH-SHELL
LT-3859,EC-INST-LT
P-3860,EC-PUMP-CENTR
P-3861,EC-PUMP-CENTR
FCV-3862,EC-VALVE-CTRL
FT-3863,EC-INST-FT
PSV-3864,EC-VALVE-RELIEF
FCV-3865,EC-VALVE-CTRL
TT-3866,EC-INST-TT
XV-3867,EC-VALVE-ISO
FT-3868,EC-INST-FT
PSV-3869,EC-VALVE-RELIEF
FT-3870,EC-INST-FT
LT-3871,EC-INST-LT
V-3872,EC-VESSEL-SEP
TT-3873,EC-INST-TT
XV-3874,EC-VALVE-ISO
V-3875,EC-VESSEL-SEP
K-3876,EC-COMPRESSOR-CENTR
PT-3877,EC-INST-PT
LT-3878,EC-INST-LT
FCV-3879,EC-VALVE-CTRL
FCV-3880,EC-VALVE-CTRL
LT-3881,EC-INST-LT
FCV-3882,EC-VALVE-CTRL
P-3883,EC-PUMP-CENTR
P-3884,EC-PUMP-CENTR
TT-3885,EC-INST-TT
V-3886,EC-VESSEL-SEP
TT-3887,EC-INST-TT
P-3888,EC-PUMP-CENTR
PT-3889,EC-INST-PT
V-3890,EC-VESSEL-SEP
COL-3891,EC-VESSEL-COL
COL-3892,EC-VESSEL-COL
K-3893,EC-COMPRESSOR-CENTR
PSV-3894,EC-VALVE-RELIEF
P-3895,EC-PUMP-CENTR
K-3896,EC-COMPRESSOR-CENTR
COL-3897,EC-VESSEL-COL
COL-3898,EC-VESSEL-COL
PSV-3899,EC-VALVE-RELIEF
PSV-3900,EC-VALVE-RELIEF
V-3901,EC-VESSEL-SEP
E-3902,EC-HEATEXCH-SHELL
V-3903,EC-VESSEL-SEP
FCV-3904,EC-VALVE-CTRL
P-3905,EC-PUMP-CENTR
XV-3906,EC-VALVE-ISO
FT-3907,EC-INST-FT
TT-3908,EC-INST-TT
FCV-3909,EC-VALVE-CTRL
TT-3910,EC-INST-TT
P-3911,EC-PUMP-CENTR
PSV-3912,EC-VALVE-RELIEF
TT-3913,EC-INST-TT
FCV-3914,EC-VALVE-CTRL
PSV-3915,EC-VALVE-RELIEF
PT-3916,EC-INST-PT
E-3917,EC-HEATEXCH-SHELL
P-3918,EC-PUMP-RECIP
V-3919,EC-VESSEL-SEP
FT-3920,EC-INST-FT
FT-3921,EC-INST-FT
K-3922,EC-COMPRESSOR-CENTR
K-3923,EC-COMPRESSOR-CENTR
XV-3924,EC-VALVE-ISO
LT-3925,EC-INST-LT
E-3926,EC-HEATEXCH-SHELL
XV-3927,EC-VALVE-ISO
FT-3928,EC-INST-FT
E-3929,EC-HEATEXCH-SHELL
COL-3930,EC-VESSEL-COL
V-3931,EC-VESSEL-SEP
XV-3932,EC-VALVE-ISO
TT-3933,EC-INST-TT
FT-3934,EC-INST-FT
K-3935,EC-COMPRESSOR-CENTR
TT-3936,EC-INST-TT
V-3937,EC-VESSEL-SEP
P-3938,EC-PUMP-RECIP
P-3939,EC-PUMP-RECIP
PT-3940,EC-INST-PT
FCV-3941,EC-VALVE-CTRL
E-3942,EC-HEATEXCH-SHELL
P-3943,EC-PUMP-CENTR
TT-3944,EC-INST-TT
FT-3945,EC-INST-FT
FCV-3946,EC-VALVE-CTRL
FT-3947,EC-INST-FT
P-3948,EC-PUMP-RECIP
E-3949,EC-HEATEXCH-SHELL
XV-3950,EC-VALVE-ISO
P-3951,EC-PUMP-CENTR
COL-3952,EC-VESSEL-COL
XV-3953,EC-VALVE-ISO
E-3954,EC-HEATEXCH-SHELL
P-3955,EC-PUMP-RECIP
FT-3956,EC-INST-FT
FT-3957,EC-INST-FT
PT-3958,EC-INST-PT
COL-3959,EC-VESSEL-COL
PSV-3960,EC-VALVE-RELIEF
FT-3961,EC-INST-FT
P-3962,EC-PUMP-RECIP
LT-3963,EC-INST-LT
PT-3964,EC-INST-PT
K-3965,EC-COMPRESSOR-CENTR
PSV-3966,EC-VALVE-RELIEF
K-3967,EC-COMPRESSOR-CENTR
P-3968,EC-PUMP-RECIP
E-3969,EC-HEATEXCH-SHELL
P-3970,EC-PUMP-RECIP
TT-3971,EC-INST-TT
V-3972,EC-VESSEL-SEP
COL-3973,EC-VESSEL-COL
FCV-3974,EC-VALVE-CTRL
P-3975,EC-PUMP-RECIP
K-3976,EC-COMPRESSOR-CENTR
PSV-3977,EC-VALVE-RELIEF
LT-3978,EC-INST-LT
FT-3979,EC-INST-FT
V-3980,EC-VESSEL-SEP
FCV-3981,EC-VALVE-CTRL
V-3982,EC-VESSEL-SEP
PSV-3983,EC-VALVE-RELIEF
PT-3984,EC-INST-PT
LT-3985,EC-INST-LT
FT-3986,EC-INST-FT
FT-3987,EC-INST-FT
LT-3988,EC-INST-LT
V-3989,EC-VESSEL-SEP
V-3990,EC-VESSEL-SEP
COL-3991,EC-VESSEL-COL
FCV-3992,EC-VALVE-CTRL
P-3993,EC-PUMP-RECIP
V-3994,EC-VESSEL-SEP
P-3995,EC-PUMP-RECIP
FCV-3996,EC-VALVE-CTRL
PSV-3997,EC-VALVE-RELIEF
P-3998,EC-PUMP-RECIP
PSV-3999,EC-VALVE-RELIEF
XV-4000,EC-VALVE-ISO
TT-4001,EC-INST-TT
COL-4002,EC-VESSEL-COL
V-4003,EC-VESSEL-SEP
P-4004,EC-PUMP-CENTR
COL-4005,EC-VESSEL-COL
PT-4006,EC-INST-PT
PT-4007,EC-INST-PT
P-4008,EC-PUMP-RECIP
COL-4009,EC-VESSEL-COL
COL-4010,EC-VESSEL-COL
PT-4011,EC-INST-PT
LT-4012,EC-INST-LT
PSV-4013,EC-VALVE-RELIEF
V-4014,EC-VESSEL-SEP
K-4015,EC-COMPRESSOR-CENTR
XV-4016,EC-VALVE-ISO
COL-4017,EC-VESSEL-COL
E-4018,EC-HEATEXCH-SHELL
K-4019,EC-COMPRESSOR-CENTR
FT-4020,EC-INST-FT
K-4021,EC-COMPRESSOR-CENTR
FCV-4022,EC-VALVE-CTRL
COL-4023,EC-VESSEL-COL
P-4024,EC-PUMP-CENTR
PT-4025,EC-INST-PT
FT-4026,EC-INST-FT
P-4027,EC-PUMP-RECIP
E-4028,EC-HEATEXCH-SHELL
COL-4029,EC-VESSEL-COL
XV-4030,EC-VALVE-ISO
PSV-4031,EC-VALVE-RELIEF
FCV-4032,EC-VALVE-CTRL
FT-4033,EC-INST-FT
P-4034,EC-PUMP-RECIP
XV-4035,EC-VALVE-ISO
COL-4036,EC-VESSEL-COL
XV-4037,EC-VALVE-ISO
COL-4038,EC-VESSEL-COL
V-4039,EC-VESSEL-SEP
K-4040,EC-COMPRESSOR-CENTR
V-4041,EC-VESSEL-SEP
LT-4042,EC-INST-LT
FT-4043,EC-INST-FT
FCV-4044,EC-VALVE-CTRL
COL-4045,EC-VESSEL-COL
TT-4046,EC-INST-TT
COL-4047,EC-VESSEL-COL
PSV-4048,EC-VALVE-RELIEF
XV-4049,EC-VALVE-ISO
K-4050,EC-COMPRESSOR-CENTR
FT-4051,EC-INST-FT
FCV-4052,EC-VALVE-CTRL
LT-4053,EC-INST-LT
P-4054,EC-PUMP-RECIP
FT-4055,EC-INST-FT
PSV-4056,EC-VALVE-RELIEF
PT-4057,EC-INST-PT
K-4058,EC-COMPRESSOR-CENTR
TT-4059,EC-INST-TT
V-4060,EC-VESSEL-SEP
P-4061,EC-PUMP-RECIP
LT-4062,EC-INST-LT
E-4063,EC-HEATEXCH-SHELL
E-4064,EC-HEATEXCH-SHELL
E-4065,EC-HEATEXCH-SHELL
XV-4066,EC-VALVE-ISO
K-4067,EC-COMPRESSOR-CENTR
COL-4068,EC-VESSEL-COL
V-4069,EC-VESSEL-SEP
TT-4070,EC-INST-TT
P-4071,EC-PUMP-CENTR
FT-4072,EC-INST-FT
LT-4073,EC-INST-LT
TT-4074,EC-INST-TT
XV-4075,EC-VALVE-ISO
P-4076,EC-PUMP-RECIP
P-4077,EC-PUMP-RECIP
LT-4078,EC-INST-LT
PSV-4079,EC-VALVE-RELIEF
E-4080,EC-HEATEXCH-SHELL
P-4081,EC-PUMP-CENTR
E-4082,EC-HEATEXCH-SHELL
P-4083,EC-PUMP-RECIP
K-4084,EC-COMPRESSOR-CENTR
P-4085,EC-PUMP-CENTR
PT-4086,EC-INST-PT
XV-4087,EC-VALVE-ISO
PT-4088,EC-INST-PT
P-4089,EC-PUMP-CENTR
P-4090,EC-PUMP-CENTR
XV-4091,EC-VALVE-ISO
P-4092,EC-PUMP-RECIP
K-4093,EC-COMPRESSOR-CENTR
E-4094,EC-HEATEXCH-SHELL
PSV-4095,EC-VALVE-RELIEF
FT-4096,EC-INST-FT
K-4097,EC-COMPRESSOR-CENTR
E-4098,EC-HEATEXCH-SHELL
XV-4099,EC-VALVE-ISO
FT-4100,EC-INST-FT
XV-4101,EC-VALVE-ISO
P-4102,EC-PUMP-RECIP
P-4103,EC-PUMP-CENTR
V-4104,EC-VESSEL-SEP
FCV-4105,EC-VALVE-CTRL
FT-4106,EC-INST-FT
LT-4107,EC-INST-LT
V-4108,EC-VESSEL-SEP
P-4109,EC-PUMP-CENTR
V-4110,EC-VESSEL-SEP
COL-4111,EC-VESSEL-COL
E-4112,EC-HEATEXCH-SHELL
V-4113,EC-VESSEL-SEP
E-4114,EC-HEATEXCH-SHELL
P-4115,EC-PUMP-RECIP
FCV-4116,EC-VALVE-CTRL
P-4117,EC-PUMP-CENTR
FT-4118,EC-INST-FT
P-4119,EC-PUMP-CENTR
LT-4120,EC-INST-LT
FCV-4121,EC-VALVE-CTRL
FCV-4122,EC-VALVE-CTRL
E-4123,EC-HEATEXCH-SHELL
TT-4124,EC-INST-TT
P-4125,EC-PUMP-CENTR
COL-4126,EC-VESSEL-COL
K-4127,EC-COMPRESSOR-CENTR
FCV-4128,EC-VALVE-CTRL
FT-4129,EC-INST-FT
PT-4130,EC-INST-PT
P-4131,EC-PUMP-RECIP
LT-4132,EC-INST-LT
K-4133,EC-COMPRESSOR-CENTR
PT-4134,EC-INST-PT
PT-4135,EC-INST-PT
FT-4136,EC-INST-FT
E-4137,EC-HEATEXCH-SHELL
FT-4138,EC-INST-FT
PSV-4139,EC-VALVE-RELIEF
COL-4140,EC-VESSEL-COL
TT-4141,EC-INST-TT
TT-4142,EC-INST-TT
LT-4143,EC-INST-LT
P-4144,EC-PUMP-CENTR
V-4145,EC-VESSEL-SEP
E-4146,EC-HEATEXCH-SHELL
E-4147,EC-HEATEXCH-SHELL
PSV-4148,EC-VALVE-RELIEF
PT-4149,EC-INST-PT
TT-4150,EC-INST-TT
E-4151,EC-HEATEXCH-SHELL
PSV-4152,EC-VALVE-RELIEF
XV-4153,EC-VALVE-ISO
E-4154,EC-HEATEXCH-SHELL
COL-4155,EC-VESSEL-COL
PT-4156,EC-INST-PT
V-4157,EC-VESSEL-SEP
FCV-4158,EC-VALVE-CTRL
XV-4159,EC-VALVE-ISO
FT-4160,EC-INST-FT
COL-4161,EC-VESSEL-COL
P-4162,EC-PUMP-CENTR
E-4163,EC-HEATEXCH-SHELL
TT-4164,EC-INST-TT
V-4165,EC-VESSEL-SEP
TT-4166,EC-INST-TT
E-4167,EC-HEATEXCH-SHELL
K-4168,EC-COMPRESSOR-CENTR
PT-4169,EC-INST-PT
FCV-4170,EC-VALVE-CTRL
P-4171,EC-PUMP-RECIP
E-4172,EC-HEATEXCH-SHELL
P-4173,EC-PUMP-CENTR
V-4174,EC-VESSEL-SEP
V-4175,EC-VESSEL-SEP
COL-4176,EC-VESSEL-COL
XV-4177,EC-VALVE-ISO
FCV-4178,EC-VALVE-CTRL
E-4179,EC-HEATEXCH-SHELL
E-4180,EC-HEATEXCH-SHELL
TT-4181,EC-INST-TT
P-4182,EC-PUMP-RECIP
COL-4183,EC-VESSEL-COL
FT-4184,EC-INST-FT
PT-4185,EC-INST-PT
V-4186,EC-VESSEL-SEP
P-4187,EC-PUMP-RECIP
P-4188,EC-PUMP-CENTR
XV-4189,EC-VALVE-ISO
P-4190,EC-PUMP-RECIP
FT-4191,EC-INST-FT
P-4192,EC-PUMP-RECIP
XV-4193,EC-VALVE-ISO
E-4194,EC-HEATEXCH-SHELL
XV-4195,EC-VALVE-ISO
COL-4196,EC-VESSEL-COL
E-4197,EC-HEATEXCH-SHELL
K-4198,EC-COMPRESSOR-CENTR
COL-4199,EC-VESSEL-COL
K-4200,EC-COMPRESSOR-CENTR
LT-4201,EC-INST-LT
E-4202,EC-HEATEXCH-SHELL
FCV-4203,EC-VALVE-CTRL
E-4204,EC-HEATEXCH-SHELL
V-4205,EC-VESSEL-SEP
FCV-4206,EC-VALVE-CTRL
P-4207,EC-PUMP-RECIP
COL-4208,EC-VESSEL-COL
COL-4209,EC-VESSEL-COL
V-4210,EC-VESSEL-SEP
FCV-4211,EC-VALVE-CTRL
TT-4212,EC-INST-TT
TT-4213,EC-INST-TT
P-4214,EC-PUMP-CENTR
E-4215,EC-HEATEXCH-SHELL
FCV-4216,EC-VALVE-CTRL
E-4217,EC-HEATEXCH-SHELL
FCV-4218,EC-VALVE-CTRL
K-4219,EC-COMPRESSOR-CENTR
LT-4220,EC-INST-LT
E-4221,EC-HEATEXCH-SHELL
V-4222,EC-VESSEL-SEP
P-4223,EC-PUMP-CENTR
P-4224,EC-PUMP-CENTR
K-4225,EC-COMPRESSOR-CENTR
FT-4226,EC-INST-FT
E-4227,EC-HEATEXCH-SHELL
FT-4228,EC-INST-FT
P-4229,EC-PUMP-CENTR
P-4230,EC-PUMP-RECIP
K-4231,EC-COMPRESSOR-CENTR
P-4232,EC-PUMP-RECIP
E-4233,EC-HEATEXCH-SHELL
PT-4234,EC-INST-PT
P-4235,EC-PUMP-CENTR
COL-4236,EC-VESSEL-COL
FT-4237,EC-INST-FT
PSV-4238,EC-VALVE-RELIEF
COL-4239,EC-VESSEL-COL
P-4240,EC-PUMP-RECIP
P-4241,EC-PUMP-RECIP
P-4242,EC-PUMP-RECIP
V-4243,EC-VESSEL-SEP
P-4244,EC-PUMP-RECIP
P-4245,EC-PUMP-RECIP
TT-4246,EC-INST-TT
E-4247,EC-HEATEXCH-SHELL
COL-4248,EC-VESSEL-COL
TT-4249,EC-INST-TT
PT-4250,EC-INST-PT
TT-4251,EC-INST-TT
FT-4252,EC-INST-FT
COL-4253,EC-VESSEL-COL
V-4254,EC-VESSEL-SEP
K-4255,EC-COMPRESSOR-CENTR
XV-4256,EC-VALVE-ISO
V-4257,EC-VESSEL-SEP
K-4258,EC-COMPRESSOR-CENTR
COL-4259,EC-VESSEL-COL
K-4260,EC-COMPRESSOR-CENTR
FCV-4261,EC-VALVE-CTRL
E-4262,EC-HEATEXCH-SHELL
P-4263,EC-PUMP-RECIP
FT-4264,EC-INST-FT
E-4265,EC-HEATEXCH-SHELL
LT-4266,EC-INST-LT
E-4267,EC-HEATEXCH-SHELL
LT-4268,EC-INST-LT
P-4269,EC-PUMP-RECIP
COL-4270,EC-VESSEL-COL
P-4271,EC-PUMP-CENTR
P-4272,EC-PUMP-CENTR
FCV-4273,EC-VALVE-CTRL
LT-4274,EC-INST-LT
K-4275,EC-COMPRESSOR-CENTR
E-4276,EC-HEATEXCH-SHELL
V-4277,EC-VESSEL-SEP
P-4278,EC-PUMP-RECIP
V-4279,EC-VESSEL-SEP
P-4280,EC-PUMP-CENTR
FT-4281,EC-INST-FT
PT-4282,EC-INST-PT
PT-4283,EC-INST-PT
P-4284,EC-PUMP-RECIP
PSV-4285,EC-VALVE-RELIEF
PSV-4286,EC-VALVE-RELIEF
E-4287,EC-HEATEXCH-SHELL
K-4288,EC-COMPRESSOR-CENTR
PSV-4289,EC-VALVE-RELIEF
P-4290,EC-PUMP-CENTR
FT-4291,EC-INST-FT
K-4292,EC-COMPRESSOR-CENTR
PT-4293,EC-INST-PT
P-4294,EC-PUMP-RECIP
XV-4295,EC-VALVE-ISO
K-4296,EC-COMPRESSOR-CENTR
TT-4297,EC-INST-TT
PT-4298,EC-INST-PT
FCV-4299,EC-VALVE-CTRL
PT-4300,EC-INST-PT
P-4301,EC-PUMP-CENTR
P-4302,EC-PUMP-RECIP
FT-4303,EC-INST-FT
PT-4304,EC-INST-PT
LT-4305,EC-INST-LT
P-4306,EC-PUMP-RECIP
FT-4307,EC-INST-FT
XV-4308,EC-VALVE-ISO
PSV-4309,EC-VALVE-RELIEF
V-4310,EC-VESSEL-SEP
V-4311,EC-VESSEL-SEP
V-4312,EC-VESSEL-SEP
PT-4313,EC-INST-PT
K-4314,EC-COMPRESSOR-CENTR
FCV-4315,EC-VALVE-CTRL
LT-4316,EC-INST-LT
P-4317,EC-PUMP-RECIP
E-4318,EC-HEATEXCH-SHELL
FCV-4319,EC-VALVE-CTRL
E-4320,EC-HEATEXCH-SHELL
V-4321,EC-VESSEL-SEP
LT-4322,EC-INST-LT
P-4323,EC-PUMP-RECIP
PT-4324,EC-INST-PT
V-4325,EC-VESSEL-SEP
P-4326,EC-PUMP-RECIP
P-4327,EC-PUMP-CENTR
PSV-4328,EC-VALVE-RELIEF
COL-4329,EC-VESSEL-COL
K-4330,EC-COMPRESSOR-CENTR
LT-4331,EC-INST-LT
V-4332,EC-VESSEL-SEP
V-4333,EC-VESSEL-SEP
XV-4334,EC-VALVE-ISO
V-4335,EC-VESSEL-SEP
P-4336,EC-PUMP-CENTR
FCV-4337,EC-VALVE-CTRL
K-4338,EC-COMPRESSOR-CENTR
K-4339,EC-COMPRESSOR-CENTR
V-4340,EC-VESSEL-SEP
PT-4341,EC-INST-PT
PSV-4342,EC-VALVE-RELIEF
PSV-4343,EC-VALVE-RELIEF
COL-4344,EC-VESSEL-COL
PT-4345,EC-INST-PT
V-4346,EC-VESSEL-SEP
PT-4347,EC-INST-PT
E-4348,EC-HEATEXCH-SHELL
XV-4349,EC-VALVE-ISO
FT-4350,EC-INST-FT
TT-4351,EC-INST-TT
COL-4352,EC-VESSEL-COL
PT-4353,EC-INST-PT
P-4354,EC-PUMP-CENTR
TT-4355,EC-INST-TT
FCV-4356,EC-VALVE-CTRL
XV-4357,EC-VALVE-ISO
PT-4358,EC-INST-PT
LT-4359,EC-INST-LT
PT-4360,EC-INST-PT
P-4361,EC-PUMP-RECIP
XV-4362,EC-VALVE-ISO
P-4363,EC-PUMP-RECIP
PSV-4364,EC-VALVE-RELIEF
PSV-4365,EC-VALVE-RELIEF
P-4366,EC-PUMP-RECIP
XV-4367,EC-VALVE-ISO
PSV-4368,EC-VALVE-RELIEF
TT-4369,EC-INST-TT
FT-4370,EC-INST-FT
LT-4371,EC-INST-LT
FCV-4372,EC-VALVE-CTRL
E-4373,EC-HEATEXCH-SHELL
FT-4374,EC-INST-FT
K-4375,EC-COMPRESSOR-CENTR
P-4376,EC-PUMP-CENTR
V-4377,EC-VESSEL-SEP
V-4378,EC-VESSEL-SEP
P-4379,EC-PUMP-CENTR
P-4380,EC-PUMP-CENTR
LT-4381,EC-INST-LT
FT-4382,EC-INST-FT
K-4383,EC-COMPRESSOR-CENTR
FT-4384,EC-INST-FT
TT-4385,EC-INST-TT
FT-4386,EC-INST-FT
PSV-4387,EC-VALVE-RELIEF
V-4388,EC-VESSEL-SEP
P-4389,EC-PUMP-RECIP
FT-4390,EC-INST-FT
FT-4391,EC-INST-FT
XV-4392,EC-VALVE-ISO
E-4393,EC-HEATEXCH-SHELL
FCV-4394,EC-VALVE-CTRL
K-4395,EC-COMPRESSOR-CENTR
PT-4396,EC-INST-PT
LT-4397,EC-INST-LT
FCV-4398,EC-VALVE-CTRL
K-4399,EC-COMPRESSOR-CENTR
K-4400,EC-COMPRESSOR-CENTR
TT-4401,EC-INST-TT
COL-4402,EC-VESSEL-COL
PSV-4403,EC-VALVE-RELIEF
FCV-4404,EC-VALVE-CTRL
XV-4405,EC-VALVE-ISO
PT-4406,EC-INST-PT
FT-4407,EC-INST-FT
PSV-4408,EC-VALVE-RELIEF
PT-4409,EC-INST-PT
P-4410,EC-PUMP-RECIP
E-4411,EC-HEATEXCH-SHELL
XV-4412,EC-VALVE-ISO
PT-4413,EC-INST-PT
XV-4414,EC-VALVE-ISO
K-4415,EC-COMPRESSOR-CENTR
LT-4416,EC-INST-LT
PT-4417,EC-INST-PT
TT-4418,EC-INST-TT
FT-4419,EC-INST-FT
P-4420,EC-PUMP-CENTR
LT-4421,EC-INST-LT
P-4422,EC-PUMP-RECIP
K-4423,EC-COMPRESSOR-CENTR
E-4424,EC-HEATEXCH-SHELL
TT-4425,EC-INST-TT
V-4426,EC-VESSEL-SEP
COL-4427,EC-VESSEL-COL
V-4428,EC-VESSEL-SEP
LT-4429,EC-INST-LT
TT-4430,EC-INST-TT
K-4431,EC-COMPRESSOR-CENTR
COL-4432,EC-VESSEL-COL
XV-4433,EC-VALVE-ISO
XV-4434,EC-VALVE-ISO
K-4435,EC-COMPRESSOR-CENTR
XV-4436,EC-VALVE-ISO
P-4437,EC-PUMP-RECIP
FCV-4438,EC-VALVE-CTRL
XV-4439,EC-VALVE-ISO
XV-4440,EC-VALVE-ISO
V-4441,EC-VESSEL-SEP
TT-4442,EC-INST-TT
P-4443,EC-PUMP-CENTR
FT-4444,EC-INST-FT
K-4445,EC-COMPRESSOR-CENTR
FT-4446,EC-INST-FT
TT-4447,EC-INST-TT
P-4448,EC-PUMP-CENTR
PT-4449,EC-INST-PT
PSV-4450,EC-VALVE-RELIEF
P-4451,EC-PUMP-RECIP
E-4452,EC-HEATEXCH-SHELL
FT-4453,EC-INST-FT
TT-4454,EC-INST-TT
E-4455,EC-HEATEXCH-SHELL
K-4456,EC-COMPRESSOR-CENTR
PT-4457,EC-INST-PT
XV-4458,EC-VALVE-ISO
XV-4459,EC-VALVE-ISO
COL-4460,EC-VESSEL-COL
TT-4461,EC-INST-TT
P-4462,EC-PUMP-RECIP
V-4463,EC-VESSEL-SEP
E-4464,EC-HEATEXCH-SHELL
K-4465,EC-COMPRESSOR-CENTR
V-4466,EC-VESSEL-SEP
COL-4467,EC-VESSEL-COL
XV-4468,EC-VALVE-ISO
COL-4469,EC-VESSEL-COL
XV-4470,EC-VALVE-ISO
FT-4471,EC-INST-FT
E-4472,EC-HEATEXCH-SHELL
COL-4473,EC-VESSEL-COL
FCV-4474,EC-VALVE-CTRL
V-4475,EC-VESSEL-SEP
TT-4476,EC-INST-TT
LT-4477,EC-INST-LT
V-4478,EC-VESSEL-SEP
P-4479,EC-PUMP-CENTR
K-4480,EC-COMPRESSOR-CENTR
COL-4481,EC-VESSEL-COL
PT-4482,EC-INST-PT
FT-4483,EC-INST-FT
PT-4484,EC-INST-PT
XV-4485,EC-VALVE-ISO
P-4486,EC-PUMP-RECIP
P-4487,EC-PUMP-CENTR
FT-4488,EC-INST-FT
K-4489,EC-COMPRESSOR-CENTR
FCV-4490,EC-VALVE-CTRL
P-4491,EC-PUMP-RECIP
FCV-4492,EC-VALVE-CTRL
FT-4493,EC-INST-FT
P-4494,EC-PUMP-CENTR
P-4495,EC-PUMP-RECIP
PSV-4496,EC-VALVE-RELIEF
PSV-4497,EC-VALVE-RELIEF
XV-4498,EC-VALVE-ISO
PSV-4499,EC-VALVE-RELIEF
FCV-4500,EC-VALVE-CTRL
COL-4501,EC-VESSEL-COL
LT-4502,EC-INST-LT
V-4503,EC-VESSEL-SEP
TT-4504,EC-INST-TT
XV-4505,EC-VALVE-ISO
P-4506,EC-PUMP-RECIP
TT-4507,EC-INST-TT
FT-4508,EC-INST-FT
FT-4509,EC-INST-FT
XV-4510,EC-VALVE-ISO
PT-4511,EC-INST-PT
COL-4512,EC-VESSEL-COL
TT-4513,EC-INST-TT
K-4514,EC-COMPRESSOR-CENTR
XV-4515,EC-VALVE-ISO
COL-4516,EC-VESSEL-COL
P-4517,EC-PUMP-CENTR
K-4518,EC-COMPRESSOR-CENTR
XV-4519,EC-VALVE-ISO
COL-4520,EC-VESSEL-COL
V-4521,EC-VESSEL-SEP
K-4522,EC-COMPRESSOR-CENTR
PSV-4523,EC-VALVE-RELIEF
PSV-4524,EC-VALVE-RELIEF
FT-4525,EC-INST-FT
TT-4526,EC-INST-TT
E-4527,EC-HEATEXCH-SHELL
PSV-4528,EC-VALVE-RELIEF
K-4529,EC-COMPRESSOR-CENTR
V-4530,EC-VESSEL-SEP
P-4531,EC-PUMP-CENTR
V-4532,EC-VESSEL-SEP
FT-4533,EC-INST-FT
XV-4534,EC-VALVE-ISO
TT-4535,EC-INST-TT
FT-4536,EC-INST-FT
E-4537,EC-HEATEXCH-SHELL
FCV-4538,EC-VALVE-CTRL
COL-4539,EC-VESSEL-COL
COL-4540,EC-VESSEL-COL
LT-4541,EC-INST-LT
PT-4542,EC-INST-PT
FT-4543,EC-INST-FT
PT-4544,EC-INST-PT
PT-4545,EC-INST-PT
P-4546,EC-PUMP-CENTR
TT-4547,EC-INST-TT
P-4548,EC-PUMP-CENTR
LT-4549,EC-INST-LT
K-4550,EC-COMPRESSOR-CENTR
V-4551,EC-VESSEL-SEP
XV-4552,EC-VALVE-ISO
PT-4553,EC-INST-PT
PT-4554,EC-INST-PT
COL-4555,EC-VESSEL-COL
LT-4556,EC-INST-LT
PSV-4557,EC-VALVE-RELIEF
FCV-4558,EC-VALVE-CTRL
E-4559,EC-HEATEXCH-SHELL
E-4560,EC-HEATEXCH-SHELL
FT-4561,EC-INST-FT
LT-4562,EC-INST-LT
E-4563,EC-HEATEXCH-SHELL
E-4564,EC-HEATEXCH-SHELL
PSV-4565,EC-VALVE-RELIEF
V-4566,EC-VESSEL-SEP
COL-4567,EC-VESSEL-COL
K-4568,EC-COMPRESSOR-CENTR
P-4569,EC-PUMP-CENTR
TT-4570,EC-INST-TT
V-4571,EC-VESSEL-SEP
LT-4572,EC-INST-LT
PT-4573,EC-INST-PT
COL-4574,EC-VESSEL-COL
P-4575,EC-PUMP-CENTR
TT-4576,EC-INST-TT
PSV-4577,EC-VALVE-RELIEF
TT-4578,EC-INST-TT
FT-4579,EC-INST-FT
K-4580,EC-COMPRESSOR-CENTR
LT-4581,EC-INST-LT
PT-4582,EC-INST-PT
PSV-4583,EC-VALVE-RELIEF
FT-4584,EC-INST-FT
LT-4585,EC-INST-LT
COL-4586,EC-VESSEL-COL
PSV-4587,EC-VALVE-RELIEF
P-4588,EC-PUMP-CENTR
PSV-4589,EC-VALVE-RELIEF
TT-4590,EC-INST-TT
P-4591,EC-PUMP-CENTR
V-4592,EC-VESSEL-SEP
E-4593,EC-HEATEXCH-SHELL
PSV-4594,EC-VALVE-RELIEF
PSV-4595,EC-VALVE-RELIEF
XV-4596,EC-VALVE-ISO
P-4597,EC-PUMP-CENTR
FT-4598,EC-INST-FT
V-4599,EC-VESSEL-SEP
XV-4600,EC-VALVE-ISO
FT-4601,EC-INST-FT
COL-4602,EC-VESSEL-COL
P-4603,EC-PUMP-RECIP
FT-4604,EC-INST-FT
COL-4605,EC-VESSEL-COL
LT-4606,EC-INST-LT
COL-4607,EC-VESSEL-COL
XV-4608,EC-VALVE-ISO
PT-4609,EC-INST-PT
XV-4610,EC-VALVE-ISO
FCV-4611,EC-VALVE-CTRL
TT-4612,EC-INST-TT
FCV-4613,EC-VALVE-CTRL
XV-4614,EC-VALVE-ISO
P-4615,EC-PUMP-RECIP
COL-4616,EC-VESSEL-COL
P-4617,EC-PUMP-CENTR
E-4618,EC-HEATEXCH-SHELL
P-4619,EC-PUMP-CENTR
FT-4620,EC-INST-FT
XV-4621,EC-VALVE-ISO
TT-4622,EC-INST-TT
COL-4623,EC-VESSEL-COL
TT-4624,EC-INST-TT
FT-4625,EC-INST-FT
P-4626,EC-PUMP-CENTR
V-4627,EC-VESSEL-SEP
FT-4628,EC-INST-FT
FCV-4629,EC-VALVE-CTRL
P-4630,EC-PUMP-CENTR
LT-4631,EC-INST-LT
FCV-4632,EC-VALVE-CTRL
P-4633,EC-PUMP-CENTR
FT-4634,EC-INST-FT
LT-4635,EC-INST-LT
P-4636,EC-PUMP-RECIP
COL-4637,EC-VESSEL-COL
K-4638,EC-COMPRESSOR-CENTR
V-4639,EC-VESSEL-SEP
PT-4640,EC-INST-PT
V-4641,EC-VESSEL-SEP
K-4642,EC-COMPRESSOR-CENTR
LT-4643,EC-INST-LT
LT-4644,EC-INST-LT
XV-4645,EC-VALVE-ISO
V-4646,EC-VESSEL-SEP
PT-4647,EC-INST-PT
LT-4648,EC-INST-LT
V-4649,EC-VESSEL-SEP
P-4650,EC-PUMP-RECIP
E-4651,EC-HEATEXCH-SHELL
XV-4652,EC-VALVE-ISO
PT-4653,EC-INST-PT
LT-4654,EC-INST-LT
PSV-4655,EC-VALVE-RELIEF
COL-4656,EC-VESSEL-COL
TT-4657,EC-INST-TT
FT-4658,EC-INST-FT
FCV-4659,EC-VALVE-CTRL
PT-4660,EC-INST-PT
K-4661,EC-COMPRESSOR-CENTR
COL-4662,EC-VESSEL-COL
K-4663,EC-COMPRESSOR-CENTR
COL-4664,EC-VESSEL-COL
COL-4665,EC-VESSEL-COL
E-4666,EC-HEATEXCH-SHELL
TT-4667,EC-INST-TT
E-4668,EC-HEATEXCH-SHELL
TT-4669,EC-INST-TT
COL-4670,EC-VESSEL-COL
FT-4671,EC-INST-FT
PSV-4672,EC-VALVE-RELIEF
LT-4673,EC-INST-LT
V-4674,EC-VESSEL-SEP
K-4675,EC-COMPRESSOR-CENTR
PSV-4676,EC-VALVE-RELIEF
K-4677,EC-COMPRESSOR-CENTR
E-4678,EC-HEATEXCH-SHELL
COL-4679,EC-VESSEL-COL
P-4680,EC-PUMP-CENTR
FT-4681,EC-INST-FT
PT-4682,EC-INST-PT
PSV-4683,EC-VALVE-RELIEF
TT-4684,EC-INST-TT
P-4685,EC-PUMP-CENTR
PT-4686,EC-INST-PT
LT-4687,EC-INST-LT
LT-4688,EC-INST-LT
PSV-4689,EC-VALVE-RELIEF
V-4690,EC-VESSEL-SEP
LT-4691,EC-INST-LT
P-4692,EC-PUMP-CENTR
TT-4693,EC-INST-TT
LT-4694,EC-INST-LT
K-4695,EC-COMPRESSOR-CENTR
COL-4696,EC-VESSEL-COL
P-4697,EC-PUMP-CENTR
P-4698,EC-PUMP-RECIP
XV-4699,EC-VALVE-ISO
PSV-4700,EC-VALVE-RELIEF
PT-4701,EC-INST-PT
TT-4702,EC-INST-TT
P-4703,EC-PUMP-RECIP
PSV-4704,EC-VALVE-RELIEF
V-4705,EC-VESSEL-SEP
K-4706,EC-COMPRESSOR-CENTR
PSV-4707,EC-VALVE-RELIEF
K-4708,EC-COMPRESSOR-CENTR
COL-4709,EC-VESSEL-COL
FT-4710,EC-INST-FT
FT-4711,EC-INST-FT
FCV-4712,EC-VALVE-CTRL
E-4713,EC-HEATEXCH-SHELL
COL-4714,EC-VESSEL-COL
P-4715,EC-PUMP-RECIP
COL-4716,EC-VESSEL-COL
TT-4717,EC-INST-TT
LT-4718,EC-INST-LT
E-4719,EC-HEATEXCH-SHELL
COL-4720,EC-VESSEL-COL
V-4721,EC-VESSEL-SEP
TT-4722,EC-INST-TT
COL-4723,EC-VESSEL-COL
E-4724,EC-HEATEXCH-SHELL
FT-4725,EC-INST-FT
K-4726,EC-COMPRESSOR-CENTR
FCV-4727,EC-VALVE-CTRL
PSV-4728,EC-VALVE-RELIEF
K-4729,EC-COMPRESSOR-CENTR
FT-4730,EC-INST-FT
PT-4731,EC-INST-PT
P-4732,EC-PUMP-CENTR
P-4733,EC-PUMP-CENTR
P-4734,EC-PUMP-RECIP
FT-4735,EC-INST-FT
V-4736,EC-VESSEL-SEP
E-4737,EC-HEATEXCH-SHELL
COL-4738,EC-VESSEL-COL
P-4739,EC-PUMP-RECIP
E-4740,EC-HEATEXCH-SHELL
K-4741,EC-COMPRESSOR-CENTR
LT-4742,EC-INST-LT
FCV-4743,EC-VALVE-CTRL
K-4744,EC-COMPRESSOR-CENTR
K-4745,EC-COMPRESSOR-CENTR
XV-4746,EC-VALVE-ISO
E-4747,EC-HEATEXCH-SHELL
FT-4748,EC-INST-FT
E-4749,EC-HEATEXCH-SHELL
XV-4750,EC-VALVE-ISO
K-4751,EC-COMPRESSOR-CENTR
V-4752,EC-VESSEL-SEP
FT-4753,EC-INST-FT
LT-4754,EC-INST-LT
V-4755,EC-VESSEL-SEP
XV-4756,EC-VALVE-ISO
COL-4757,EC-VESSEL-COL
TT-4758,EC-INST-TT
COL-4759,EC-VESSEL-COL
FT-4760,EC-INST-FT
FCV-4761,EC-VALVE-CTRL
P-4762,EC-PUMP-RECIP
FT-4763,EC-INST-FT
XV-4764,EC-VALVE-ISO
XV-4765,EC-VALVE-ISO
LT-4766,EC-INST-LT
E-4767,EC-HEATEXCH-SHELL
FCV-4768,EC-VALVE-CTRL
XV-4769,EC-VALVE-ISO
P-4770,EC-PUMP-RECIP
V-4771,EC-VESSEL-SEP
K-4772,EC-COMPRESSOR-CENTR
LT-4773,EC-INST-LT
PT-4774,EC-INST-PT
LT-4775,EC-INST-LT
LT-4776,EC-INST-LT
E-4777,EC-HEATEXCH-SHELL
PT-4778,EC-INST-PT
P-4779,EC-PUMP-RECIP
FT-4780,EC-INST-FT
K-4781,EC-COMPRESSOR-CENTR
PSV-4782,EC-VALVE-RELIEF
P-4783,EC-PUMP-CENTR
V-4784,EC-VESSEL-SEP
FT-4785,EC-INST-FT
FT-4786,EC-INST-FT
P-4787,EC-PUMP-RECIP
XV-4788,EC-VALVE-ISO
E-4789,EC-HEATEXCH-SHELL
COL-4790,EC-VESSEL-COL
LT-4791,EC-INST-LT
K-4792,EC-COMPRESSOR-CENTR
TT-4793,EC-INST-TT
K-4794,EC-COMPRESSOR-CENTR
XV-4795,EC-VALVE-ISO
XV-4796,EC-VALVE-ISO
XV-4797,EC-VALVE-ISO
V-4798,EC-VESSEL-SEP
FCV-4799,EC-VALVE-CTRL
PT-4800,EC-INST-PT
COL-4801,EC-VESSEL-COL
COL-4802,EC-VESSEL-COL
E-4803,EC-HEATEXCH-SHELL
PT-4804,EC-INST-PT
FCV-4805,EC-VALVE-CTRL
P-4806,EC-PUMP-RECIP
XV-4807,EC-VALVE-ISO
P-4808,EC-PUMP-RECIP
FT-4809,EC-INST-FT
XV-4810,EC-VALVE-ISO
FT-4811,EC-INST-FT
XV-4812,EC-VALVE-ISO
LT-4813,EC-INST-LT
P-4814,EC-PUMP-RECIP
P-4815,EC-PUMP-CENTR
P-4816,EC-PUMP-RECIP
PSV-4817,EC-VALVE-RELIEF
TT-4818,EC-INST-TT
P-4819,EC-PUMP-RECIP
V-4820,EC-VESSEL-SEP
V-4821,EC-VESSEL-SEP
FCV-4822,EC-VALVE-CTRL
PT-4823,EC-INST-PT
TT-4824,EC-INST-TT
LT-4825,EC-INST-LT
FT-4826,EC-INST-FT
V-4827,EC-VESSEL-SEP
E-4828,EC-HEATEXCH-SHELL
K-4829,EC-COMPRESSOR-CENTR
V-4830,EC-VESSEL-SEP
LT-4831,EC-INST-LT
K-4832,EC-COMPRESSOR-CENTR
FCV-4833,EC-VALVE-CTRL
PSV-4834,EC-VALVE-RELIEF
P-4835,EC-PUMP-CENTR
PSV-4836,EC-VALVE-RELIEF
V-4837,EC-VESSEL-SEP
V-4838,EC-VESSEL-SEP
E-4839,EC-HEATEXCH-SHELL
P-4840,EC-PUMP-RECIP
LT-4841,EC-INST-LT
PT-4842,EC-INST-PT
XV-4843,EC-VALVE-ISO
K-4844,EC-COMPRESSOR-CENTR
PSV-4845,EC-VALVE-RELIEF
E-4846,EC-HEATEXCH-SHELL
COL-4847,EC-VESSEL-COL
FT-4848,EC-INST-FT
P-4849,EC-PUMP-CENTR
P-4850,EC-PUMP-RECIP
TT-4851,EC-INST-TT
TT-4852,EC-INST-TT
K-4853,EC-COMPRESSOR-CENTR
K-4854,EC-COMPRESSOR-CENTR
K-4855,EC-COMPRESSOR-CENTR
FT-4856,EC-INST-FT
P-4857,EC-PUMP-CENTR
E-4858,EC-HEATEXCH-SHELL
FCV-4859,EC-VALVE-CTRL
FCV-4860,EC-VALVE-CTRL
P-4861,EC-PUMP-RECIP
P-4862,EC-PUMP-RECIP
FT-4863,EC-INST-FT
FCV-4864,EC-VALVE-CTRL
FCV-4865,EC-VALVE-CTRL
PSV-4866,EC-VALVE-RELIEF
P-4867,EC-PUMP-CENTR
XV-4868,EC-VALVE-ISO
FCV-4869,EC-VALVE-CTRL
PT-4870,EC-INST-PT
COL-4871,EC-VESSEL-COL
V-4872,EC-VESSEL-SEP
COL-4873,EC-VESSEL-COL
COL-4874,EC-VESSEL-COL
E-4875,EC-HEATEXCH-SHELL
COL-4876,EC-VESSEL-COL
PT-4877,EC-INST-PT
XV-4878,EC-VALVE-ISO
TT-4879,EC-INST-TT
PT-4880,EC-INST-PT
COL-4881,EC-VESSEL-COL
P-4882,EC-PUMP-RECIP
COL-4883,EC-VESSEL-COL
PSV-4884,EC-VALVE-RELIEF
V-4885,EC-VESSEL-SEP
PT-4886,EC-INST-PT
FT-4887,EC-INST-FT
LT-4888,EC-INST-LT
XV-4889,EC-VALVE-ISO
PT-4890,EC-INST-PT
E-4891,EC-HEATEXCH-SHELL
XV-4892,EC-VALVE-ISO
K-4893,EC-COMPRESSOR-CENTR
FT-4894,EC-INST-FT
P-4895,EC-PUMP-CENTR
P-4896,EC-PUMP-CENTR
E-4897,EC-HEATEXCH-SHELL
V-4898,EC-VESSEL-SEP
P-4899,EC-PUMP-CENTR
TT-4900,EC-INST-TT
P-4901,EC-PUMP-RECIP
P-4902,EC-PUMP-RECIP
P-4903,EC-PUMP-RECIP
P-4904,EC-PUMP-CENTR
XV-4905,EC-VALVE-ISO
E-4906,EC-HEATEXCH-SHELL
K-4907,EC-COMPRESSOR-CENTR
LT-4908,EC-INST-LT
XV-4909,EC-VALVE-ISO
K-4910,EC-COMPRESSOR-CENTR
V-4911,EC-VESSEL-SEP
FCV-4912,EC-VALVE-CTRL
V-4913,EC-VESSEL-SEP
PSV-4914,EC-VALVE-RELIEF
LT-4915,EC-INST-LT
LT-4916,EC-INST-LT
TT-4917,EC-INST-TT
LT-4918,EC-INST-LT
TT-4919,EC-INST-TT
TT-4920,EC-INST-TT
K-4921,EC-COMPRESSOR-CENTR
COL-4922,EC-VESSEL-COL
XV-4923,EC-VALVE-ISO
COL-4924,EC-VESSEL-COL
XV-4925,EC-VALVE-ISO
PSV-4926,EC-VALVE-RELIEF
XV-4927,EC-VALVE-ISO
COL-4928,EC-VESSEL-COL
FCV-4929,EC-VALVE-CTRL
E-4930,EC-HEATEXCH-SHELL
E-4931,EC-HEATEXCH-SHELL
PSV-4932,EC-VALVE-RELIEF
PSV-4933,EC-VALVE-RELIEF
COL-4934,EC-VESSEL-COL
PT-4935,EC-INST-PT
XV-4936,EC-VALVE-ISO
LT-4937,EC-INST-LT
P-4938,EC-PUMP-RECIP
E-4939,EC-HEATEXCH-SHELL
PT-4940,EC-INST-PT
K-4941,EC-COMPRESSOR-CENTR
FT-4942,EC-INST-FT
FCV-4943,EC-VALVE-CTRL
P-4944,EC-PUMP-RECIP
COL-4945,EC-VESSEL-COL
TT-4946,EC-INST-TT
FT-4947,EC-INST-FT
P-4948,EC-PUMP-CENTR
K-4949,EC-COMPRESSOR-CENTR
TT-4950,EC-INST-TT
PT-4951,EC-INST-PT
PSV-4952,EC-VALVE-RELIEF
PT-4953,EC-INST-PT
P-4954,EC-PUMP-RECIP
FT-4955,EC-INST-FT
V-4956,EC-VESSEL-SEP
P-4957,EC-PUMP-CENTR
FCV-4958,EC-VALVE-CTRL
E-4959,EC-HEATEXCH-SHELL
COL-4960,EC-VESSEL-COL
XV-4961,EC-VALVE-ISO
TT-4962,EC-INST-TT
P-4963,EC-PUMP-RECIP
V-4964,EC-VESSEL-SEP
PSV-4965,EC-VALVE-RELIEF
LT-4966,EC-INST-LT
K-4967,EC-COMPRESSOR-CENTR
COL-4968,EC-VESSEL-COL
V-4969,EC-VESSEL-SEP
P-4970,EC-PUMP-CENTR
LT-4971,EC-INST-LT
V-4972,EC-VESSEL-SEP
LT-4973,EC-INST-LT
P-4974,EC-PUMP-RECIP
TT-4975,EC-INST-TT
PT-4976,EC-INST-PT
FCV-4977,EC-VALVE-CTRL
PSV-4978,EC-VALVE-RELIEF
COL-4979,EC-VESSEL-COL
FT-4980,EC-INST-FT
XV-4981,EC-VALVE-ISO
V-4982,EC-VESSEL-SEP
PT-4983,EC-INST-PT
TT-4984,EC-INST-TT
TT-4985,EC-INST-TT
LT-4986,EC-INST-LT
COL-4987,EC-VESSEL-COL
TT-4988,EC-INST-TT
PT-4989,EC-INST-PT
E-4990,EC-HEATEXCH-SHELL
FCV-4991,EC-VALVE-CTRL
P-4992,EC-PUMP-CENTR
FCV-4993,EC-VALVE-CTRL
PSV-4994,EC-VALVE-RELIEF
COL-4995,EC-VESSEL-COL
LT-4996,EC-INST-LT
E-4997,EC-HEATEXCH-SHELL
TT-4998,EC-INST-TT
COL-4999,EC-VESSEL-COL
PT-5000,EC-INST-PT
FCV-5001,EC-VALVE-CTRL
PSV-5002,EC-VALVE-RELIEF
XV-5003,EC-VALVE-ISO
XV-5004,EC-VALVE-ISO
V-5005,EC-VESSEL-SEP
K-5006,EC-COMPRESSOR-CENTR
P-5007,EC-PUMP-CENTR
K-5008,EC-COMPRESSOR-CENTR
P-5009,EC-PUMP-RECIP
PSV-5010,EC-VALVE-RELIEF
PSV-5011,EC-VALVE-RELIEF
PSV-5012,EC-VALVE-RELIEF
P-5013,EC-PUMP-RECIP
LT-5014,EC-INST-LT
E-5015,EC-HEATEXCH-SHELL
PT-5016,EC-INST-PT
K-5017,EC-COMPRESSOR-CENTR
PSV-5018,EC-VALVE-RELIEF
XV-5019,EC-VALVE-ISO
COL-5020,EC-VESSEL-COL
FT-5021,EC-INST-FT
LT-5022,EC-INST-LT
PSV-5023,EC-VALVE-RELIEF
E-5024,EC-HEATEXCH-SHELL
LT-5025,EC-INST-LT
FCV-5026,EC-VALVE-CTRL
P-5027,EC-PUMP-CENTR
XV-5028,EC-VALVE-ISO
E-5029,EC-HEATEXCH-SHELL
P-5030,EC-PUMP-RECIP
PSV-5031,EC-VALVE-RELIEF
XV-5032,EC-VALVE-ISO
P-5033,EC-PUMP-CENTR
E-5034,EC-HEATEXCH-SHELL
TT-5035,EC-INST-TT
E-5036,EC-HEATEXCH-SHELL
P-5037,EC-PUMP-CENTR
E-5038,EC-HEATEXCH-SHELL
COL-5039,EC-VESSEL-COL
E-5040,EC-HEATEXCH-SHELL
TT-5041,EC-INST-TT
FCV-5042,EC-VALVE-CTRL
K-5043,EC-COMPRESSOR-CENTR
PSV-5044,EC-VALVE-RELIEF
FT-5045,EC-INST-FT
TT-5046,EC-INST-TT
COL-5047,EC-VESSEL-COL
V-5048,EC-VESSEL-SEP
LT-5049,EC-INST-LT
E-5050,EC-HEATEXCH-SHELL
PSV-5051,EC-VALVE-RELIEF
PT-5052,EC-INST-PT
E-5053,EC-HEATEXCH-SHELL
PSV-5054,EC-VALVE-RELIEF
K-5055,EC-COMPRESSOR-CENTR
P-5056,EC-PUMP-CENTR
E-5057,EC-HEATEXCH-SHELL
P-5058,EC-PUMP-RECIP
V-5059,EC-VESSEL-SEP
V-5060,EC-VESSEL-SEP
P-5061,EC-PUMP-CENTR
P-5062,EC-PUMP-CENTR
E-5063,EC-HEATEXCH-SHELL
COL-5064,EC-VESSEL-COL
COL-5065,EC-VESSEL-COL
P-5066,EC-PUMP-CENTR
V-5067,EC-VESSEL-SEP
XV-5068,EC-VALVE-ISO
P-5069,EC-PUMP-RECIP
FT-5070,EC-INST-FT
TT-5071,EC-INST-TT
XV-5072,EC-VALVE-ISO
PT-5073,EC-INST-PT
FT-5074,EC-INST-FT
P-5075,EC-PUMP-RECIP
FCV-5076,EC-VALVE-CTRL
LT-5077,EC-INST-LT
P-5078,EC-PUMP-RECIP
PSV-5079,EC-VALVE-RELIEF
PT-5080,EC-INST-PT
V-5081,EC-VESSEL-SEP
FCV-5082,EC-VALVE-CTRL
FT-5083,EC-INST-FT
FT-5084,EC-INST-FT
TT-5085,EC-INST-TT
FCV-5086,EC-VALVE-CTRL
K-5087,EC-COMPRESSOR-CENTR
PSV-5088,EC-VALVE-RELIEF
P-5089,EC-PUMP-RECIP
P-5090,EC-PUMP-CENTR
P-5091,EC-PUMP-CENTR
COL-5092,EC-VESSEL-COL
K-5093,EC-COMPRESSOR-CENTR
TT-5094,EC-INST-TT
LT-5095,EC-INST-LT
E-5096,EC-HEATEXCH-SHELL
V-5097,EC-VESSEL-SEP
PT-5098,EC-INST-PT
TT-5099,EC-INST-TT
E-5100,EC-HEATEXCH-SHELL
E-5101,EC-HEATEXCH-SHELL
PSV-5102,EC-VALVE-RELIEF
E-5103,EC-HEATEXCH-SHELL
LT-5104,EC-INST-LT
V-5105,EC-VESSEL-SEP
LT-5106,EC-INST-LT
PT-5107,EC-INST-PT
PT-5108,EC-INST-PT
FT-5109,EC-INST-FT
K-5110,EC-COMPRESSOR-CENTR
PT-5111,EC-INST-PT
XV-5112,EC-VALVE-ISO
FCV-5113,EC-VALVE-CTRL
P-5114,EC-PUMP-RECIP
PT-5115,EC-INST-PT
E-5116,EC-HEATEXCH-SHELL
FCV-5117,EC-VALVE-CTRL
P-5118,EC-PUMP-CENTR
TT-5119,EC-INST-TT
FCV-5120,EC-VALVE-CTRL
P-5121,EC-PUMP-CENTR
FCV-5122,EC-VALVE-CTRL
XV-5123,EC-VALVE-ISO
FT-5124,EC-INST-FT
TT-5125,EC-INST-TT
TT-5126,EC-INST-TT
V-5127,EC-VESSEL-SEP
P-5128,EC-PUMP-CENTR
PSV-5129,EC-VALVE-RELIEF
V-5130,EC-VESSEL-SEP
P-5131,EC-PUMP-CENTR
P-5132,EC-PUMP-RECIP
FCV-5133,EC-VALVE-CTRL
PSV-5134,EC-VALVE-RELIEF
P-5135,EC-PUMP-CENTR
P-5136,EC-PUMP-RECIP
LT-5137,EC-INST-LT
COL-5138,EC-VESSEL-COL
XV-5139,EC-VALVE-ISO
E-5140,EC-HEATEXCH-SHELL
TT-5141,EC-INST-TT
COL-5142,EC-VESSEL-COL
FCV-5143,EC-VALVE-CTRL
V-5144,EC-VESSEL-SEP
PT-5145,EC-INST-PT
K-5146,EC-COMPRESSOR-CENTR
P-5147,EC-PUMP-RECIP
COL-5148,EC-VESSEL-COL
P-5149,EC-PUMP-CENTR
COL-5150,EC-VESSEL-COL
P-5151,EC-PUMP-RECIP
P-5152,EC-PUMP-CENTR
E-5153,EC-HEATEXCH-SHELL
P-5154,EC-PUMP-CENTR
K-5155,EC-COMPRESSOR-CENTR
K-5156,EC-COMPRESSOR-CENTR
TT-5157,EC-INST-TT
PSV-5158,EC-VALVE-RELIEF
FT-5159,EC-INST-FT
P-5160,EC-PUMP-RECIP
TT-5161,EC-INST-TT
LT-5162,EC-INST-LT
FT-5163,EC-INST-FT
FCV-5164,EC-VALVE-CTRL
PT-5165,EC-INST-PT
V-5166,EC-VESSEL-SEP
E-5167,EC-HEATEXCH-SHELL
K-5168,EC-COMPRESSOR-CENTR
K-5169,EC-COMPRESSOR-CENTR
V-5170,EC-VESSEL-SEP
PSV-5171,EC-VALVE-RELIEF
LT-5172,EC-INST-LT
TT-5173,EC-INST-TT
E-5174,EC-HEATEXCH-SHELL
PT-5175,EC-INST-PT
V-5176,EC-VESSEL-SEP
FT-5177,EC-INST-FT
FT-5178,EC-INST-FT
FT-5179,EC-INST-FT
E-5180,EC-HEATEXCH-SHELL
XV-5181,EC-VALVE-ISO
XV-5182,EC-VALVE-ISO
FCV-5183,EC-VALVE-CTRL
K-5184,EC-COMPRESSOR-CENTR
E-5185,EC-HEATEXCH-SHELL
TT-5186,EC-INST-TT
XV-5187,EC-VALVE-ISO
E-5188,EC-HEATEXCH-SHELL
P-5189,EC-PUMP-CENTR
LT-5190,EC-INST-LT
V-5191,EC-VESSEL-SEP
V-5192,EC-VESSEL-SEP
K-5193,EC-COMPRESSOR-CENTR
PT-5194,EC-INST-PT
V-5195,EC-VESSEL-SEP
P-5196,EC-PUMP-RECIP
FT-5197,EC-INST-FT
V-5198,EC-VESSEL-SEP
COL-5199,EC-VESSEL-COL
V-5200,EC-VESSEL-SEP
E-5201,EC-HEATEXCH-SHELL
K-5202,EC-COMPRESSOR-CENTR
XV-5203,EC-VALVE-ISO
PT-5204,EC-INST-PT
LT-5205,EC-INST-LT
FT-5206,EC-INST-FT
COL-5207,EC-VESSEL-COL
K-5208,EC-COMPRESSOR-CENTR
COL-5209,EC-VESSEL-COL
TT-5210,EC-INST-TT
E-5211,EC-HEATEXCH-SHELL
FCV-5212,EC-VALVE-CTRL
K-5213,EC-COMPRESSOR-CENTR
TT-5214,EC-INST-TT
XV-5215,EC-VALVE-ISO
V-5216,EC-VESSEL-SEP
PT-5217,EC-INST-PT
FCV-5218,EC-VALVE-CTRL
E-5219,EC-HEATEXCH-SHELL
V-5220,EC-VESSEL-SEP
LT-5221,EC-INST-LT
PSV-5222,EC-VALVE-RELIEF
TT-5223,EC-INST-TT
P-5224,EC-PUMP-CENTR
FCV-5225,EC-VALVE-CTRL
XV-5226,EC-VALVE-ISO
E-5227,EC-HEATEXCH-SHELL
E-5228,EC-HEATEXCH-SHELL
E-5229,EC-HEATEXCH-SHELL
TT-5230,EC-INST-TT
V-5231,EC-VESSEL-SEP
FT-5232,EC-INST-FT
P-5233,EC-PUMP-CENTR
FT-5234,EC-INST-FT
PT-5235,EC-INST-PT
V-5236,EC-VESSEL-SEP
FCV-5237,EC-VALVE-CTRL
FCV-5238,EC-VALVE-CTRL
XV-5239,EC-VALVE-ISO
P-5240,EC-PUMP-RECIP
PT-5241,EC-INST-PT
LT-5242,EC-INST-LT
P-5243,EC-PUMP-CENTR
E-5244,EC-HEATEXCH-SHELL
V-5245,EC-VESSEL-SEP
LT-5246,EC-INST-LT
COL-5247,EC-VESSEL-COL
P-5248,EC-PUMP-CENTR
P-5249,EC-PUMP-CENTR
COL-5250,EC-VESSEL-COL
LT-5251,EC-INST-LT
TT-5252,EC-INST-TT
PSV-5253,EC-VALVE-RELIEF
COL-5254,EC-VESSEL-COL
FCV-5255,EC-VALVE-CTRL
P-5256,EC-PUMP-RECIP
E-5257,EC-HEATEXCH-SHELL
XV-5258,EC-VALVE-ISO
LT-5259,EC-INST-LT
K-5260,EC-COMPRESSOR-CENTR
K-5261,EC-COMPRESSOR-CENTR
K-5262,EC-COMPRESSOR-CENTR
PT-5263,EC-INST-PT
PT-5264,EC-INST-PT
FCV-5265,EC-VALVE-CTRL
COL-5266,EC-VESSEL-COL
XV-5267,EC-VALVE-ISO
FCV-5268,EC-VALVE-CTRL
P-5269,EC-PUMP-RECIP
PT-5270,EC-INST-PT
TT-5271,EC-INST-TT
TT-5272,EC-INST-TT
P-5273,EC-PUMP-CENTR
P-5274,EC-PUMP-CENTR
PSV-5275,EC-VALVE-RELIEF
P-5276,EC-PUMP-CENTR
TT-5277,EC-INST-TT
P-5278,EC-PUMP-RECIP
E-5279,EC-HEATEXCH-SHELL
TT-5280,EC-INST-TT
FT-5281,EC-INST-FT
P-5282,EC-PUMP-RECIP
K-5283,EC-COMPRESSOR-CENTR
V-5284,EC-VESSEL-SEP
FT-5285,EC-INST-FT
E-5286,EC-HEATEXCH-SHELL
PSV-5287,EC-VALVE-RELIEF
P-5288,EC-PUMP-CENTR
V-5289,EC-VESSEL-SEP
LT-5290,EC-INST-LT
PSV-5291,EC-VALVE-RELIEF
P-5292,EC-PUMP-RECIP
E-5293,EC-HEATEXCH-SHELL
P-5294,EC-PUMP-RECIP
LT-5295,EC-INST-LT
FT-5296,EC-INST-FT
P-5297,EC-PUMP-CENTR
FCV-5298,EC-VALVE-CTRL
P-5299,EC-PUMP-CENTR
P-5300,EC-PUMP-RECIP
COL-5301,EC-VESSEL-COL
FT-5302,EC-INST-FT
E-5303,EC-HEATEXCH-SHELL
V-5304,EC-VESSEL-SEP
COL-5305,EC-VESSEL-COL
COL-5306,EC-VESSEL-COL
P-5307,EC-PUMP-CENTR
FCV-5308,EC-VALVE-CTRL
V-5309,EC-VESSEL-SEP
TT-5310,EC-INST-TT
LT-5311,EC-INST-LT
P-5312,EC-PUMP-CENTR
TT-5313,EC-INST-TT
P-5314,EC-PUMP-CENTR
PSV-5315,EC-VALVE-RELIEF
FCV-5316,EC-VALVE-CTRL
FCV-5317,EC-VALVE-CTRL
FCV-5318,EC-VALVE-CTRL
PSV-5319,EC-VALVE-RELIEF
FT-5320,EC-INST-FT
K-5321,EC-COMPRESSOR-CENTR
FCV-5322,EC-VALVE-CTRL
P-5323,EC-PUMP-CENTR
COL-5324,EC-VESSEL-COL
XV-5325,EC-VALVE-ISO
PSV-5326,EC-VALVE-RELIEF
COL-5327,EC-VESSEL-COL
TT-5328,EC-INST-TT
PSV-5329,EC-VALVE-RELIEF
COL-5330,EC-VESSEL-COL
XV-5331,EC-VALVE-ISO
PSV-5332,EC-VALVE-RELIEF
E-5333,EC-HEATEXCH-SHELL
TT-5334,EC-INST-TT
COL-5335,EC-VESSEL-COL
FCV-5336,EC-VALVE-CTRL
FCV-5337,EC-VALVE-CTRL
P-5338,EC-PUMP-CENTR
LT-5339,EC-INST-LT
P-5340,EC-PUMP-CENTR
K-5341,EC-COMPRESSOR-CENTR
COL-5342,EC-VESSEL-COL
PT-5343,EC-INST-PT
P-5344,EC-PUMP-RECIP
K-5345,EC-COMPRESSOR-CENTR
FCV-5346,EC-VALVE-CTRL
P-5347,EC-PUMP-RECIP
FT-5348,EC-INST-FT
COL-5349,EC-VESSEL-COL
COL-5350,EC-VESSEL-COL
LT-5351,EC-INST-LT
E-5352,EC-HEATEXCH-SHELL
P-5353,EC-PUMP-RECIP
FCV-5354,EC-VALVE-CTRL
FT-5355,EC-INST-FT
P-5356,EC-PUMP-RECIP
E-5357,EC-HEATEXCH-SHELL
K-5358,EC-COMPRESSOR-CENTR
K-5359,EC-COMPRESSOR-CENTR
LT-5360,EC-INST-LT
FT-5361,EC-INST-FT
PSV-5362,EC-VALVE-RELIEF
XV-5363,EC-VALVE-ISO
FCV-5364,EC-VALVE-CTRL
COL-5365,EC-VESSEL-COL
LT-5366,EC-INST-LT
P-5367,EC-PUMP-RECIP
V-5368,EC-VESSEL-SEP
K-5369,EC-COMPRESSOR-CENTR
PSV-5370,EC-VALVE-RELIEF
K-5371,EC-COMPRESSOR-CENTR
PT-5372,EC-INST-PT
PSV-5373,EC-VALVE-RELIEF
K-5374,EC-COMPRESSOR-CENTR
PT-5375,EC-INST-PT
TT-5376,EC-INST-TT
TT-5377,EC-INST-TT
LT-5378,EC-INST-LT
PSV-5379,EC-VALVE-RELIEF
FT-5380,EC-INST-FT
XV-5381,EC-VALVE-ISO
P-5382,EC-PUMP-RECIP
E-5383,EC-HEATEXCH-SHELL
P-5384,EC-PUMP-CENTR
TT-5385,EC-INST-TT
COL-5386,EC-VESSEL-COL
K-5387,EC-COMPRESSOR-CENTR
TT-5388,EC-INST-TT
PSV-5389,EC-VALVE-RELIEF
LT-5390,EC-INST-LT
COL-5391,EC-VESSEL-COL
K-5392,EC-COMPRESSOR-CENTR
FT-5393,EC-INST-FT
P-5394,EC-PUMP-RECIP
K-5395,EC-COMPRESSOR-CENTR
V-5396,EC-VESSEL-SEP
V-5397,EC-VESSEL-SEP
K-5398,EC-COMPRESSOR-CENTR
E-5399,EC-HEATEXCH-SHELL
K-5400,EC-COMPRESSOR-CENTR
FT-5401,EC-INST-FT
FCV-5402,EC-VALVE-CTRL
COL-5403,EC-VESSEL-COL
PT-5404,EC-INST-PT
COL-5405,EC-VESSEL-COL
PT-5406,EC-INST-PT
PT-5407,EC-INST-PT
P-5408,EC-PUMP-RECIP
K-5409,EC-COMPRESSOR-CENTR
K-5410,EC-COMPRESSOR-CENTR
PT-5411,EC-INST-PT
FCV-5412,EC-VALVE-CTRL
LT-5413,EC-INST-LT
PT-5414,EC-INST-PT
V-5415,EC-VESSEL-SEP
XV-5416,EC-VALVE-ISO
V-5417,EC-VESSEL-SEP
FCV-5418,EC-VALVE-CTRL
PSV-5419,EC-VALVE-RELIEF
P-5420,EC-PUMP-RECIP
COL-5421,EC-VESSEL-COL
LT-5422,EC-INST-LT
V-5423,EC-VESSEL-SEP
P-5424,EC-PUMP-CENTR
TT-5425,EC-INST-TT
COL-5426,EC-VESSEL-COL
LT-5427,EC-INST-LT
K-5428,EC-COMPRESSOR-CENTR
P-5429,EC-PUMP-RECIP
FT-5430,EC-INST-FT
FT-5431,EC-INST-FT
P-5432,EC-PUMP-CENTR
FCV-5433,EC-VALVE-CTRL
V-5434,EC-VESSEL-SEP
FT-5435,EC-INST-FT
XV-5436,EC-VALVE-ISO
FT-5437,EC-INST-FT
P-5438,EC-PUMP-CENTR
P-5439,EC-PUMP-RECIP
PSV-5440,EC-VALVE-RELIEF
E-5441,EC-HEATEXCH-SHELL
TT-5442,EC-INST-TT
PSV-5443,EC-VALVE-RELIEF
TT-5444,EC-INST-TT
FCV-5445,EC-VALVE-CTRL
V-5446,EC-VESSEL-SEP
P-5447,EC-PUMP-CENTR
FT-5448,EC-INST-FT
TT-5449,EC-INST-TT
XV-5450,EC-VALVE-ISO
PT-5451,EC-INST-PT
TT-5452,EC-INST-TT
P-5453,EC-PUMP-RECIP
FCV-5454,EC-VALVE-CTRL
P-5455,EC-PUMP-RECIP
PT-5456,EC-INST-PT
COL-5457,EC-VESSEL-COL
FT-5458,EC-INST-FT
K-5459,EC-COMPRESSOR-CENTR
TT-5460,EC-INST-TT
V-5461,EC-VESSEL-SEP
LT-5462,EC-INST-LT
PT-5463,EC-INST-PT
P-5464,EC-PUMP-CENTR
P-5465,EC-PUMP-RECIP
PSV-5466,EC-VALVE-RELIEF
XV-5467,EC-VALVE-ISO
K-5468,EC-COMPRESSOR-CENTR
LT-5469,EC-INST-LT
LT-5470,EC-INST-LT
E-5471,EC-HEATEXCH-SHELL
FT-5472,EC-INST-FT
P-5473,EC-PUMP-RECIP
K-5474,EC-COMPRESSOR-CENTR
TT-5475,EC-INST-TT
FCV-5476,EC-VALVE-CTRL
TT-5477,EC-INST-TT
V-5478,EC-VESSEL-SEP
FT-5479,EC-INST-FT
P-5480,EC-PUMP-CENTR
FT-5481,EC-INST-FT
FCV-5482,EC-VALVE-CTRL
XV-5483,EC-VALVE-ISO
FT-5484,EC-INST-FT
V-5485,EC-VESSEL-SEP
E-5486,EC-HEATEXCH-SHELL
COL-5487,EC-VESSEL-COL
COL-5488,EC-VESSEL-COL
PT-5489,EC-INST-PT
E-5490,EC-HEATEXCH-SHELL
COL-5491,EC-VESSEL-COL
V-5492,EC-VESSEL-SEP
XV-5493,EC-VALVE-ISO
COL-5494,EC-VESSEL-COL
P-5495,EC-PUMP-CENTR
XV-5496,EC-VALVE-ISO
FCV-5497,EC-VALVE-CTRL
COL-5498,EC-VESSEL-COL
E-5499,EC-HEATEXCH-SHELL
K-5500,EC-COMPRESSOR-CENTR
E-5501,EC-HEATEXCH-SHELL
FCV-5502,EC-VALVE-CTRL
XV-5503,EC-VALVE-ISO
FCV-5504,EC-VALVE-CTRL
P-5505,EC-PUMP-CENTR
P-5506,EC-PUMP-CENTR
XV-5507,EC-VALVE-ISO
XV-5508,EC-VALVE-ISO
XV-5509,EC-VALVE-ISO
FCV-5510,EC-VALVE-CTRL
PSV-5511,EC-VALVE-RELIEF
K-5512,EC-COMPRESSOR-CENTR
TT-5513,EC-INST-TT
PSV-5514,EC-VALVE-RELIEF
LT-5515,EC-INST-LT
E-5516,EC-HEATEXCH-SHELL
XV-5517,EC-VALVE-ISO
PT-5518,EC-INST-PT
PT-5519,EC-INST-PT
TT-5520,EC-INST-TT
XV-5521,EC-VALVE-ISO
FCV-5522,EC-VALVE-CTRL
COL-5523,EC-VESSEL-COL
FCV-5524,EC-VALVE-CTRL
LT-5525,EC-INST-LT
XV-5526,EC-VALVE-ISO
PSV-5527,EC-VALVE-RELIEF
LT-5528,EC-INST-LT
COL-5529,EC-VESSEL-COL
FCV-5530,EC-VALVE-CTRL
XV-5531,EC-VALVE-ISO
XV-5532,EC-VALVE-ISO
P-5533,EC-PUMP-CENTR
K-5534,EC-COMPRESSOR-CENTR
XV-5535,EC-VALVE-ISO
XV-5536,EC-VALVE-ISO
P-5537,EC-PUMP-CENTR
FT-5538,EC-INST-FT
FT-5539,EC-INST-FT
PSV-5540,EC-VALVE-RELIEF
V-5541,EC-VESSEL-SEP
P-5542,EC-PUMP-CENTR
V-5543,EC-VESSEL-SEP
V-5544,EC-VESSEL-SEP
FT-5545,EC-INST-FT
FT-5546,EC-INST-FT
K-5547,EC-COMPRESSOR-CENTR
V-5548,EC-VESSEL-SEP
P-5549,EC-PUMP-CENTR
V-5550,EC-VESSEL-SEP
K-5551,EC-COMPRESSOR-CENTR
K-5552,EC-COMPRESSOR-CENTR
TT-5553,EC-INST-TT
COL-5554,EC-VESSEL-COL
LT-5555,EC-INST-LT
K-5556,EC-COMPRESSOR-CENTR
COL-5557,EC-VESSEL-COL
TT-5558,EC-INST-TT
LT-5559,EC-INST-LT
PT-5560,EC-INST-PT
PSV-5561,EC-VALVE-RELIEF
PT-5562,EC-INST-PT
FCV-5563,EC-VALVE-CTRL
XV-5564,EC-VALVE-ISO
XV-5565,EC-VALVE-ISO
V-5566,EC-VESSEL-SEP
XV-5567,EC-VALVE-ISO
E-5568,EC-HEATEXCH-SHELL
V-5569,EC-VESSEL-SEP
P-5570,EC-PUMP-CENTR
LT-5571,EC-INST-LT
LT-5572,EC-INST-LT
P-5573,EC-PUMP-CENTR
XV-5574,EC-VALVE-ISO
LT-5575,EC-INST-LT
COL-5576,EC-VESSEL-COL
TT-5577,EC-INST-TT
P-5578,EC-PUMP-RECIP
E-5579,EC-HEATEXCH-SHELL
V-5580,EC-VESSEL-SEP
XV-5581,EC-VALVE-ISO
COL-5582,EC-VESSEL-COL
TT-5583,EC-INST-TT
V-5584,EC-VESSEL-SEP
FT-5585,EC-INST-FT
LT-5586,EC-INST-LT
P-5587,EC-PUMP-CENTR
P-5588,EC-PUMP-RECIP
P-5589,EC-PUMP-RECIP
P-5590,EC-PUMP-CENTR
FT-5591,EC-INST-FT
PT-5592,EC-INST-PT
PSV-5593,EC-VALVE-RELIEF
LT-5594,EC-INST-LT
FT-5595,EC-INST-FT
P-5596,EC-PUMP-RECIP
FCV-5597,EC-VALVE-CTRL
FT-5598,EC-INST-FT
FT-5599,EC-INST-FT
XV-5600,EC-VALVE-ISO
K-5601,EC-COMPRESSOR-CENTR
K-5602,EC-COMPRESSOR-CENTR
TT-5603,EC-INST-TT
P-5604,EC-PUMP-CENTR
PT-5605,EC-INST-PT
FCV-5606,EC-VALVE-CTRL
K-5607,EC-COMPRESSOR-CENTR
K-5608,EC-COMPRESSOR-CENTR
PSV-5609,EC-VALVE-RELIEF
LT-5610,EC-INST-LT
PSV-5611,EC-VALVE-RELIEF
TT-5612,EC-INST-TT
PT-5613,EC-INST-PT
PSV-5614,EC-VALVE-RELIEF
FT-5615,EC-INST-FT
FCV-5616,EC-VALVE-CTRL
PSV-5617,EC-VALVE-RELIEF
COL-5618,EC-VESSEL-COL
V-5619,EC-VESSEL-SEP
XV-5620,EC-VALVE-ISO
FCV-5621,EC-VALVE-CTRL
PT-5622,EC-INST-PT
FCV-5623,EC-VALVE-CTRL
V-5624,EC-VESSEL-SEP
P-5625,EC-PUMP-CENTR
PSV-5626,EC-VALVE-RELIEF
E-5627,EC-HEATEXCH-SHELL
FCV-5628,EC-VALVE-CTRL
P-5629,EC-PUMP-CENTR
XV-5630,EC-VALVE-ISO
PSV-5631,EC-VALVE-RELIEF
LT-5632,EC-INST-LT
LT-5633,EC-INST-LT
FCV-5634,EC-VALVE-CTRL
P-5635,EC-PUMP-CENTR
K-5636,EC-COMPRESSOR-CENTR
COL-5637,EC-VESSEL-COL
PSV-5638,EC-VALVE-RELIEF
P-5639,EC-PUMP-CENTR
LT-5640,EC-INST-LT
PSV-5641,EC-VALVE-RELIEF
LT-5642,EC-INST-LT
LT-5643,EC-INST-LT
V-5644,EC-VESSEL-SEP
TT-5645,EC-INST-TT
P-5646,EC-PUMP-CENTR
COL-5647,EC-VESSEL-COL
FT-5648,EC-INST-FT
PSV-5649,EC-VALVE-RELIEF
PT-5650,EC-INST-PT
COL-5651,EC-VESSEL-COL
XV-5652,EC-VALVE-ISO
FT-5653,EC-INST-FT
XV-5654,EC-VALVE-ISO
FCV-5655,EC-VALVE-CTRL
V-5656,EC-VESSEL-SEP
PT-5657,EC-INST-PT
COL-5658,EC-VESSEL-COL
COL-5659,EC-VESSEL-COL
PT-5660,EC-INST-PT
K-5661,EC-COMPRESSOR-CENTR
E-5662,EC-HEATEXCH-SHELL
XV-5663,EC-VALVE-ISO
P-5664,EC-PUMP-RECIP
PSV-5665,EC-VALVE-RELIEF
XV-5666,EC-VALVE-ISO
P-5667,EC-PUMP-RECIP
XV-5668,EC-VALVE-ISO
TT-5669,EC-INST-TT
LT-5670,EC-INST-LT
PSV-5671,EC-VALVE-RELIEF
PT-5672,EC-INST-PT
PT-5673,EC-INST-PT
LT-5674,EC-INST-LT
E-5675,EC-HEATEXCH-SHELL
PT-5676,EC-INST-PT
XV-5677,EC-VALVE-ISO
XV-5678,EC-VALVE-ISO
P-5679,EC-PUMP-CENTR
PSV-5680,EC-VALVE-RELIEF
E-5681,EC-HEATEXCH-SHELL
E-5682,EC-HEATEXCH-SHELL
K-5683,EC-COMPRESSOR-CENTR
V-5684,EC-VESSEL-SEP
FCV-5685,EC-VALVE-CTRL
V-5686,EC-VESSEL-SEP
FCV-5687,EC-VALVE-CTRL
XV-5688,EC-VALVE-ISO
TT-5689,EC-INST-TT
FT-5690,EC-INST-FT
XV-5691,EC-VALVE-ISO
XV-5692,EC-VALVE-ISO
P-5693,EC-PUMP-RECIP
PSV-5694,EC-VALVE-RELIEF
E-5695,EC-HEATEXCH-SHELL
K-5696,EC-COMPRESSOR-CENTR
LT-5697,EC-INST-LT
COL-5698,EC-VESSEL-COL
TT-5699,EC-INST-TT
XV-5700,EC-VALVE-ISO
FCV-5701,EC-VALVE-CTRL
E-5702,EC-HEATEXCH-SHELL
K-5703,EC-COMPRESSOR-CENTR
E-5704,EC-HEATEXCH-SHELL
XV-5705,EC-VALVE-ISO
V-5706,EC-VESSEL-SEP
FT-5707,EC-INST-FT
P-5708,EC-PUMP-CENTR
COL-5709,EC-VESSEL-COL
FCV-5710,EC-VALVE-CTRL
K-5711,EC-COMPRESSOR-CENTR
P-5712,EC-PUMP-RECIP
K-5713,EC-COMPRESSOR-CENTR
PSV-5714,EC-VALVE-RELIEF
FT-5715,EC-INST-FT
E-5716,EC-HEATEXCH-SHELL
TT-5717,EC-INST-TT
E-5718,EC-HEATEXCH-SHELL
P-5719,EC-PUMP-CENTR
FCV-5720,EC-VALVE-CTRL
FT-5721,EC-INST-FT
FCV-5722,EC-VALVE-CTRL
FT-5723,EC-INST-FT
FT-5724,EC-INST-FT
P-5725,EC-PUMP-CENTR
PT-5726,EC-INST-PT
COL-5727,EC-VESSEL-COL
E-5728,EC-HEATEXCH-SHELL
PSV-5729,EC-VALVE-RELIEF
FCV-5730,EC-VALVE-CTRL
K-5731,EC-COMPRESSOR-CENTR
PT-5732,EC-INST-PT
TT-5733,EC-INST-TT
FT-5734,EC-INST-FT
FT-5735,EC-INST-FT
K-5736,EC-COMPRESSOR-CENTR
TT-5737,EC-INST-TT
TT-5738,EC-INST-TT
COL-5739,EC-VESSEL-COL
PT-5740,EC-INST-PT
COL-5741,EC-VESSEL-COL
COL-5742,EC-VESSEL-COL
XV-5743,EC-VALVE-ISO
P-5744,EC-PUMP-CENTR
E-5745,EC-HEATEXCH-SHELL
P-5746,EC-PUMP-CENTR
P-5747,EC-PUMP-CENTR
V-5748,EC-VESSEL-SEP
FT-5749,EC-INST-FT
E-5750,EC-HEATEXCH-SHELL
V-5751,EC-VESSEL-SEP
XV-5752,EC-VALVE-ISO
K-5753,EC-COMPRESSOR-CENTR
P-5754,EC-PUMP-CENTR
V-5755,EC-VESSEL-SEP
P-5756,EC-PUMP-RECIP
E-5757,EC-HEATEXCH-SHELL
P-5758,EC-PUMP-CENTR
COL-5759,EC-VESSEL-COL
PT-5760,EC-INST-PT
V-5761,EC-VESSEL-SEP
PT-5762,EC-INST-PT
E-5763,EC-HEATEXCH-SHELL
FCV-5764,EC-VALVE-CTRL
TT-5765,EC-INST-TT
PSV-5766,EC-VALVE-RELIEF
FT-5767,EC-INST-FT
V-5768,EC-VESSEL-SEP
K-5769,EC-COMPRESSOR-CENTR
FT-5770,EC-INST-FT
V-5771,EC-VESSEL-SEP
PT-5772,EC-INST-PT
E-5773,EC-HEATEXCH-SHELL
PSV-5774,EC-VALVE-RELIEF
FT-5775,EC-INST-FT
TT-5776,EC-INST-TT
P-5777,EC-PUMP-CENTR
XV-5778,EC-VALVE-ISO
V-5779,EC-VESSEL-SEP
PSV-5780,EC-VALVE-RELIEF
LT-5781,EC-INST-LT
E-5782,EC-HEATEXCH-SHELL
FCV-5783,EC-VALVE-CTRL
LT-5784,EC-INST-LT
FCV-5785,EC-VALVE-CTRL
TT-5786,EC-INST-TT
COL-5787,EC-VESSEL-COL
TT-5788,EC-INST-TT
K-5789,EC-COMPRESSOR-CENTR
P-5790,EC-PUMP-CENTR
P-5791,EC-PUMP-RECIP
XV-5792,EC-VALVE-ISO
K-5793,EC-COMPRESSOR-CENTR
PSV-5794,EC-VALVE-RELIEF
P-5795,EC-PUMP-CENTR
XV-5796,EC-VALVE-ISO
XV-5797,EC-VALVE-ISO
XV-5798,EC-VALVE-ISO
E-5799,EC-HEATEXCH-SHELL
V-5800,EC-VESSEL-SEP
P-5801,EC-PUMP-RECIP
FT-5802,EC-INST-FT
COL-5803,EC-VESSEL-COL
PT-5804,EC-INST-PT
PSV-5805,EC-VALVE-RELIEF
P-5806,EC-PUMP-RECIP
TT-5807,EC-INST-TT
PT-5808,EC-INST-PT
LT-5809,EC-INST-LT
E-5810,EC-HEATEXCH-SHELL
TT-5811,EC-INST-TT
P-5812,EC-PUMP-RECIP
E-5813,EC-HEATEXCH-SHELL
K-5814,EC-COMPRESSOR-CENTR
COL-5815,EC-VESSEL-COL
FCV-5816,EC-VALVE-CTRL
LT-5817,EC-INST-LT
P-5818,EC-PUMP-CENTR
TT-5819,EC-INST-TT
E-5820,EC-HEATEXCH-SHELL
FCV-5821,EC-VALVE-CTRL
FT-5822,EC-INST-FT
TT-5823,EC-INST-TT
V-5824,EC-VESSEL-SEP
V-5825,EC-VESSEL-SEP
FCV-5826,EC-VALVE-CTRL
PSV-5827,EC-VALVE-RELIEF
E-5828,EC-HEATEXCH-SHELL
COL-5829,EC-VESSEL-COL
TT-5830,EC-INST-TT
P-5831,EC-PUMP-RECIP
K-5832,EC-COMPRESSOR-CENTR
P-5833,EC-PUMP-CENTR
P-5834,EC-PUMP-CENTR
P-5835,EC-PUMP-RECIP
PT-5836,EC-INST-PT
TT-5837,EC-INST-TT
P-5838,EC-PUMP-CENTR
P-5839,EC-PUMP-CENTR
COL-5840,EC-VESSEL-COL
P-5841,EC-PUMP-RECIP
FCV-5842,EC-VALVE-CTRL
FT-5843,EC-INST-FT
XV-5844,EC-VALVE-ISO
FT-5845,EC-INST-FT
PT-5846,EC-INST-PT
TT-5847,EC-INST-TT
PT-5848,EC-INST-PT
V-5849,EC-VESSEL-SEP
PT-5850,EC-INST-PT
FCV-5851,EC-VALVE-CTRL
E-5852,EC-HEATEXCH-SHELL
P-5853,EC-PUMP-CENTR
K-5854,EC-COMPRESSOR-CENTR
E-5855,EC-HEATEXCH-SHELL
E-5856,EC-HEATEXCH-SHELL
PSV-5857,EC-VALVE-RELIEF
PSV-5858,EC-VALVE-RELIEF
XV-5859,EC-VALVE-ISO
PSV-5860,EC-VALVE-RELIEF
FCV-5861,EC-VALVE-CTRL
PSV-5862,EC-VALVE-RELIEF
P-5863,EC-PUMP-RECIP
TT-5864,EC-INST-TT
PT-5865,EC-INST-PT
E-5866,EC-HEATEXCH-SHELL
P-5867,EC-PUMP-CENTR
V-5868,EC-VESSEL-SEP
COL-5869,EC-VESSEL-COL
K-5870,EC-COMPRESSOR-CENTR
FT-5871,EC-INST-FT
K-5872,EC-COMPRESSOR-CENTR
P-5873,EC-PUMP-CENTR
V-5874,EC-VESSEL-SEP
TT-5875,EC-INST-TT
E-5876,EC-HEATEXCH-SHELL
V-5877,EC-VESSEL-SEP
P-5878,EC-PUMP-CENTR
V-5879,EC-VESSEL-SEP
COL-5880,EC-VESSEL-COL
FT-5881,EC-INST-FT
K-5882,EC-COMPRESSOR-CENTR
XV-5883,EC-VALVE-ISO
PT-5884,EC-INST-PT
FCV-5885,EC-VALVE-CTRL
FCV-5886,EC-VALVE-CTRL
K-5887,EC-COMPRESSOR-CENTR
P-5888,EC-PUMP-CENTR
LT-5889,EC-INST-LT
FCV-5890,EC-VALVE-CTRL
FT-5891,EC-INST-FT
COL-5892,EC-VESSEL-COL
COL-5893,EC-VESSEL-COL
COL-5894,EC-VESSEL-COL
E-5895,EC-HEATEXCH-SHELL
P-5896,EC-PUMP-RECIP
V-5897,EC-VESSEL-SEP
P-5898,EC-PUMP-RECIP
PSV-5899,EC-VALVE-RELIEF
PSV-5900,EC-VALVE-RELIEF
V-5901,EC-VESSEL-SEP
XV-5902,EC-VALVE-ISO
COL-5903,EC-VESSEL-COL
COL-5904,EC-VESSEL-COL
FCV-5905,EC-VALVE-CTRL
LT-5906,EC-INST-LT
P-5907,EC-PUMP-RECIP
PT-5908,EC-INST-PT
COL-5909,EC-VESSEL-COL
LT-5910,EC-INST-LT
K-5911,EC-COMPRESSOR-CENTR
K-5912,EC-COMPRESSOR-CENTR
PSV-5913,EC-VALVE-RELIEF
P-5914,EC-PUMP-CENTR
P-5915,EC-PUMP-RECIP
V-5916,EC-VESSEL-SEP
LT-5917,EC-INST-LT
PSV-5918,EC-VALVE-RELIEF
PT-5919,EC-INST-PT
TT-5920,EC-INST-TT
LT-5921,EC-INST-LT
P-5922,EC-PUMP-CENTR
XV-5923,EC-VALVE-ISO
P-5924,EC-PUMP-RECIP
E-5925,EC-HEATEXCH-SHELL
P-5926,EC-PUMP-CENTR
COL-5927,EC-VESSEL-COL
P-5928,EC-PUMP-RECIP
P-5929,EC-PUMP-RECIP
P-5930,EC-PUMP-CENTR
LT-5931,EC-INST-LT
LT-5932,EC-INST-LT
TT-5933,EC-INST-TT
V-5934,EC-VESSEL-SEP
TT-5935,EC-INST-TT
COL-5936,EC-VESSEL-COL
TT-5937,EC-INST-TT
FT-5938,EC-INST-FT
TT-5939,EC-INST-TT
PT-5940,EC-INST-PT
E-5941,EC-HEATEXCH-SHELL
K-5942,EC-COMPRESSOR-CENTR
P-5943,EC-PUMP-RECIP
P-5944,EC-PUMP-CENTR
TT-5945,EC-INST-TT
FT-5946,EC-INST-FT
E-5947,EC-HEATEXCH-SHELL
COL-5948,EC-VESSEL-COL
P-5949,EC-PUMP-RECIP
LT-5950,EC-INST-LT
TT-5951,EC-INST-TT
V-5952,EC-VESSEL-SEP
TT-5953,EC-INST-TT
TT-5954,EC-INST-TT
XV-5955,EC-VALVE-ISO
K-5956,EC-COMPRESSOR-CENTR
COL-5957,EC-VESSEL-COL
V-5958,EC-VESSEL-SEP
V-5959,EC-VESSEL-SEP
PT-5960,EC-INST-PT
PSV-5961,EC-VALVE-RELIEF
COL-5962,EC-VESSEL-COL
PT-5963,EC-INST-PT
K-5964,EC-COMPRESSOR-CENTR
P-5965,EC-PUMP-RECIP
FT-5966,EC-INST-FT
TT-5967,EC-INST-TT
XV-5968,EC-VALVE-ISO
XV-5969,EC-VALVE-ISO
FT-5970,EC-INST-FT
COL-5971,EC-VESSEL-COL
V-5972,EC-VESSEL-SEP
K-5973,EC-COMPRESSOR-CENTR
P-5974,EC-PUMP-RECIP
PSV-5975,EC-VALVE-RELIEF
K-5976,EC-COMPRESSOR-CENTR
E-5977,EC-HEATEXCH-SHELL
K-5978,EC-COMPRESSOR-CENTR
COL-5979,EC-VESSEL-COL
LT-5980,EC-INST-LT
PSV-5981,EC-VALVE-RELIEF
XV-5982,EC-VALVE-ISO
XV-5983,EC-VALVE-ISO
P-5984,EC-PUMP-CENTR
TT-5985,EC-INST-TT
V-5986,EC-VESSEL-SEP
TT-5987,EC-INST-TT
V-5988,EC-VESSEL-SEP
PT-5989,EC-INST-PT
XV-5990,EC-VALVE-ISO
P-5991,EC-PUMP-CENTR
PSV-5992,EC-VALVE-RELIEF
P-5993,EC-PUMP-RECIP
PT-5994,EC-INST-PT
XV-5995,EC-VALVE-ISO
E-5996,EC-HEATEXCH-SHELL
FT-5997,EC-INST-FT
P-5998,EC-PUMP-CENTR
P-5999,EC-PUMP-CENTR
V-6000,EC-VESSEL-SEP
V-6001,EC-VESSEL-SEP
COL-6002,EC-VESSEL-COL
FCV-6003,EC-VALVE-CTRL
P-6004,EC-PUMP-RECIP
V-6005,EC-VESSEL-SEP
E-6006,EC-HEATEXCH-SHELL
K-6007,EC-COMPRESSOR-CENTR
P-6008,EC-PUMP-CENTR
XV-6009,EC-VALVE-ISO
LT-6010,EC-INST-LT
FT-6011,EC-INST-FT
V-6012,EC-VESSEL-SEP
PSV-6013,EC-VALVE-RELIEF
XV-6014,EC-VALVE-ISO
COL-6015,EC-VESSEL-COL
COL-6016,EC-VESSEL-COL
E-6017,EC-HEATEXCH-SHELL
PT-6018,EC-INST-PT
FCV-6019,EC-VALVE-CTRL
TT-6020,EC-INST-TT
FCV-6021,EC-VALVE-CTRL
PSV-6022,EC-VALVE-RELIEF
COL-6023,EC-VESSEL-COL
TT-6024,EC-INST-TT
FCV-6025,EC-VALVE-CTRL
P-6026,EC-PUMP-RECIP
TT-6027,EC-INST-TT
PT-6028,EC-INST-PT
PT-6029,EC-INST-PT
FCV-6030,EC-VALVE-CTRL
TT-6031,EC-INST-TT
LT-6032,EC-INST-LT
LT-6033,EC-INST-LT
XV-6034,EC-VALVE-ISO
P-6035,EC-PUMP-RECIP
PSV-6036,EC-VALVE-RELIEF
LT-6037,EC-INST-LT
V-6038,EC-VESSEL-SEP
K-6039,EC-COMPRESSOR-CENTR
K-6040,EC-COMPRESSOR-CENTR
E-6041,EC-HEATEXCH-SHELL
P-6042,EC-PUMP-CENTR
FT-6043,EC-INST-FT
E-6044,EC-HEATEXCH-SHELL
E-6045,EC-HEATEXCH-SHELL
FCV-6046,EC-VALVE-CTRL
XV-6047,EC-VALVE-ISO
LT-6048,EC-INST-LT
K-6049,EC-COMPRESSOR-CENTR
COL-6050,EC-VESSEL-COL
TT-6051,EC-INST-TT
K-6052,EC-COMPRESSOR-CENTR
XV-6053,EC-VALVE-ISO
TT-6054,EC-INST-TT
FT-6055,EC-INST-FT
PT-6056,EC-INST-PT
FT-6057,EC-INST-FT
P-6058,EC-PUMP-RECIP
LT-6059,EC-INST-LT
FT-6060,EC-INST-FT
PSV-6061,EC-VALVE-RELIEF
E-6062,EC-HEATEXCH-SHELL
LT-6063,EC-INST-LT
XV-6064,EC-VALVE-ISO
LT-6065,EC-INST-LT
TT-6066,EC-INST-TT
LT-6067,EC-INST-LT
TT-6068,EC-INST-TT
LT-6069,EC-INST-LT
COL-6070,EC-VESSEL-COL
FT-6071,EC-INST-FT
E-6072,EC-HEATEXCH-SHELL
K-6073,EC-COMPRESSOR-CENTR
COL-6074,EC-VESSEL-COL
E-6075,EC-HEATEXCH-SHELL
V-6076,EC-VESSEL-SEP
LT-6077,EC-INST-LT
FCV-6078,EC-VALVE-CTRL
COL-6079,EC-VESSEL-COL
FCV-6080,EC-VALVE-CTRL
TT-6081,EC-INST-TT
P-6082,EC-PUMP-RECIP
P-6083,EC-PUMP-CENTR
LT-6084,EC-INST-LT
P-6085,EC-PUMP-CENTR
K-6086,EC-COMPRESSOR-CENTR
LT-6087,EC-INST-LT
P-6088,EC-PUMP-RECIP
P-6089,EC-PUMP-CENTR
PSV-6090,EC-VALVE-RELIEF
PT-6091,EC-INST-PT
PSV-6092,EC-VALVE-RELIEF
P-6093,EC-PUMP-CENTR
PSV-6094,EC-VALVE-RELIEF
FCV-6095,EC-VALVE-CTRL
P-6096,EC-PUMP-CENTR
P-6097,EC-PUMP-CENTR
COL-6098,EC-VESSEL-COL
FCV-6099,EC-VALVE-CTRL
FT-6100,EC-INST-FT
FCV-6101,EC-VALVE-CTRL
K-6102,EC-COMPRESSOR-CENTR
V-6103,EC-VESSEL-SEP
XV-6104,EC-VALVE-ISO
TT-6105,EC-INST-TT
FT-6106,EC-INST-FT
XV-6107,EC-VALVE-ISO
COL-6108,EC-VESSEL-COL
K-6109,EC-COMPRESSOR-CENTR
PSV-6110,EC-VALVE-RELIEF
E-6111,EC-HEATEXCH-SHELL
XV-6112,EC-VALVE-ISO
COL-6113,EC-VESSEL-COL
XV-6114,EC-VALVE-ISO
PSV-6115,EC-VALVE-RELIEF
E-6116,EC-HEATEXCH-SHELL
P-6117,EC-PUMP-CENTR
E-6118,EC-HEATEXCH-SHELL
FT-6119,EC-INST-FT
PT-6120,EC-INST-PT
COL-6121,EC-VESSEL-COL
PSV-6122,EC-VALVE-RELIEF
LT-6123,EC-INST-LT
PT-6124,EC-INST-PT
LT-6125,EC-INST-LT
PSV-6126,EC-VALVE-RELIEF
K-6127,EC-COMPRESSOR-CENTR
P-6128,EC-PUMP-RECIP
PSV-6129,EC-VALVE-RELIEF
V-6130,EC-VESSEL-SEP
PSV-6131,EC-VALVE-RELIEF
PSV-6132,EC-VALVE-RELIEF
E-6133,EC-HEATEXCH-SHELL
E-6134,EC-HEATEXCH-SHELL
FCV-6135,EC-VALVE-CTRL
FT-6136,EC-INST-FT
FCV-6137,EC-VALVE-CTRL
K-6138,EC-COMPRESSOR-CENTR
K-6139,EC-COMPRESSOR-CENTR
PT-6140,EC-INST-PT
TT-6141,EC-INST-TT
PSV-6142,EC-VALVE-RELIEF
P-6143,EC-PUMP-RECIP
K-6144,EC-COMPRESSOR-CENTR
PSV-6145,EC-VALVE-RELIEF
PT-6146,EC-INST-PT
E-6147,EC-HEATEXCH-SHELL
K-6148,EC-COMPRESSOR-CENTR
COL-6149,EC-VESSEL-COL
K-6150,EC-COMPRESSOR-CENTR
P-6151,EC-PUMP-RECIP
PSV-6152,EC-VALVE-RELIEF
FT-6153,EC-INST-FT
P-6154,EC-PUMP-RECIP
P-6155,EC-PUMP-CENTR
FT-6156,EC-INST-FT
K-6157,EC-COMPRESSOR-CENTR
XV-6158,EC-VALVE-ISO
P-6159,EC-PUMP-RECIP
FT-6160,EC-INST-FT
PT-6161,EC-INST-PT
E-6162,EC-HEATEXCH-SHELL
FCV-6163,EC-VALVE-CTRL
TT-6164,EC-INST-TT
XV-6165,EC-VALVE-ISO
COL-6166,EC-VESSEL-COL
FT-6167,EC-INST-FT
P-6168,EC-PUMP-CENTR
P-6169,EC-PUMP-RECIP
K-6170,EC-COMPRESSOR-CENTR
PSV-6171,EC-VALVE-RELIEF
PSV-6172,EC-VALVE-RELIEF
P-6173,EC-PUMP-CENTR
V-6174,EC-VESSEL-SEP
FCV-6175,EC-VALVE-CTRL
LT-6176,EC-INST-LT
E-6177,EC-HEATEXCH-SHELL
FT-6178,EC-INST-FT
P-6179,EC-PUMP-RECIP
FCV-6180,EC-VALVE-CTRL
TT-6181,EC-INST-TT
TT-6182,EC-INST-TT
E-6183,EC-HEATEXCH-SHELL
LT-6184,EC-INST-LT
K-6185,EC-COMPRESSOR-CENTR
FT-6186,EC-INST-FT
FT-6187,EC-INST-FT
FCV-6188,EC-VALVE-CTRL
TT-6189,EC-INST-TT
TT-6190,EC-INST-TT
LT-6191,EC-INST-LT
LT-6192,EC-INST-LT
E-6193,EC-HEATEXCH-SHELL
FT-6194,EC-INST-FT
TT-6195,EC-INST-TT
P-6196,EC-PUMP-RECIP
K-6197,EC-COMPRESSOR-CENTR
COL-6198,EC-VESSEL-COL
XV-6199,EC-VALVE-ISO
FCV-6200,EC-VALVE-CTRL
E-6201,EC-HEATEXCH-SHELL
FCV-6202,EC-VALVE-CTRL
K-6203,EC-COMPRESSOR-CENTR
COL-6204,EC-VESSEL-COL
XV-6205,EC-VALVE-ISO
TT-6206,EC-INST-TT
COL-6207,EC-VESSEL-COL
P-6208,EC-PUMP-CENTR
FT-6209,EC-INST-FT
K-6210,EC-COMPRESSOR-CENTR
COL-6211,EC-VESSEL-COL
FCV-6212,EC-VALVE-CTRL
P-6213,EC-PUMP-RECIP
P-6214,EC-PUMP-CENTR
E-6215,EC-HEATEXCH-SHELL
XV-6216,EC-VALVE-ISO
P-6217,EC-PUMP-CENTR
TT-6218,EC-INST-TT
P-6219,EC-PUMP-CENTR
PT-6220,EC-INST-PT
TT-6221,EC-INST-TT
TT-6222,EC-INST-TT
XV-6223,EC-VALVE-ISO
LT-6224,EC-INST-LT
E-6225,EC-HEATEXCH-SHELL
PT-6226,EC-INST-PT
P-6227,EC-PUMP-RECIP
P-6228,EC-PUMP-RECIP
PT-6229,EC-INST-PT
COL-6230,EC-VESSEL-COL
TT-6231,EC-INST-TT
P-6232,EC-PUMP-CENTR
V-6233,EC-VESSEL-SEP
FCV-6234,EC-VALVE-CTRL
P-6235,EC-PUMP-RECIP
K-6236,EC-COMPRESSOR-CENTR
P-6237,EC-PUMP-CENTR
E-6238,EC-HEATEXCH-SHELL
TT-6239,EC-INST-TT
E-6240,EC-HEATEXCH-SHELL
TT-6241,EC-INST-TT
TT-6242,EC-INST-TT
FT-6243,EC-INST-FT
P-6244,EC-PUMP-RECIP
PT-6245,EC-INST-PT
P-6246,EC-PUMP-RECIP
V-6247,EC-VESSEL-SEP
PSV-6248,EC-VALVE-RELIEF
PSV-6249,EC-VALVE-RELIEF
FT-6250,EC-INST-FT
E-6251,EC-HEATEXCH-SHELL
LT-6252,EC-INST-LT
E-6253,EC-HEATEXCH-SHELL
COL-6254,EC-VESSEL-COL
FCV-6255,EC-VALVE-CTRL
E-6256,EC-HEATEXCH-SHELL
XV-6257,EC-VALVE-ISO
K-6258,EC-COMPRESSOR-CENTR
COL-6259,EC-VESSEL-COL
FT-6260,EC-INST-FT
PSV-6261,EC-VALVE-RELIEF
COL-6262,EC-VESSEL-COL
V-6263,EC-VESSEL-SEP
P-6264,EC-PUMP-CENTR
E-6265,EC-HEATEXCH-SHELL
XV-6266,EC-VALVE-ISO
LT-6267,EC-INST-LT
PT-6268,EC-INST-PT
LT-6269,EC-INST-LT
E-6270,EC-HEATEXCH-SHELL
PSV-6271,EC-VALVE-RELIEF
P-6272,EC-PUMP-RECIP
PSV-6273,EC-VALVE-RELIEF
COL-6274,EC-VESSEL-COL
LT-6275,EC-INST-LT
FT-6276,EC-INST-FT
LT-6277,EC-INST-LT
P-6278,EC-PUMP-RECIP
LT-6279,EC-INST-LT
PSV-6280,EC-VALVE-RELIEF
E-6281,EC-HEATEXCH-SHELL
P-6282,EC-PUMP-RECIP
PSV-6283,EC-VALVE-RELIEF
TT-6284,EC-INST-TT
COL-6285,EC-VESSEL-COL
K-6286,EC-COMPRESSOR-CENTR
V-6287,EC-VESSEL-SEP
P-6288,EC-PUMP-CENTR
FT-6289,EC-INST-FT
COL-6290,EC-VESSEL-COL
PSV-6291,EC-VALVE-RELIEF
E-6292,EC-HEATEXCH-SHELL
FCV-6293,EC-VALVE-CTRL
LT-6294,EC-INST-LT
K-6295,EC-COMPRESSOR-CENTR
P-6296,EC-PUMP-CENTR
V-6297,EC-VESSEL-SEP
FCV-6298,EC-VALVE-CTRL
P-6299,EC-PUMP-RECIP
P-6300,EC-PUMP-RECIP
FT-6301,EC-INST-FT
PT-6302,EC-INST-PT
COL-6303,EC-VESSEL-COL
TT-6304,EC-INST-TT
XV-6305,EC-VALVE-ISO
E-6306,EC-HEATEXCH-SHELL
FT-6307,EC-INST-FT
COL-6308,EC-VESSEL-COL
XV-6309,EC-VALVE-ISO
LT-6310,EC-INST-LT
FT-6311,EC-INST-FT
TT-6312,EC-INST-TT
V-6313,EC-VESSEL-SEP
TT-6314,EC-INST-TT
V-6315,EC-VESSEL-SEP
XV-6316,EC-VALVE-ISO
P-6317,EC-PUMP-RECIP
FT-6318,EC-INST-FT
PT-6319,EC-INST-PT
K-6320,EC-COMPRESSOR-CENTR
FT-6321,EC-INST-FT
LT-6322,EC-INST-LT
P-6323,EC-PUMP-RECIP
FT-6324,EC-INST-FT
P-6325,EC-PUMP-CENTR
V-6326,EC-VESSEL-SEP
PSV-6327,EC-VALVE-RELIEF
COL-6328,EC-VESSEL-COL
FT-6329,EC-INST-FT
PT-6330,EC-INST-PT
PSV-6331,EC-VALVE-RELIEF
FCV-6332,EC-VALVE-CTRL
P-6333,EC-PUMP-CENTR
K-6334,EC-COMPRESSOR-CENTR
E-6335,EC-HEATEXCH-SHELL
FT-6336,EC-INST-FT
E-6337,EC-HEATEXCH-SHELL
PSV-6338,EC-VALVE-RELIEF
E-6339,EC-HEATEXCH-SHELL
PSV-6340,EC-VALVE-RELIEF
V-6341,EC-VESSEL-SEP
TT-6342,EC-INST-TT
TT-6343,EC-INST-TT
FCV-6344,EC-VALVE-CTRL
XV-6345,EC-VALVE-ISO
V-6346,EC-VESSEL-SEP
PT-6347,EC-INST-PT
XV-6348,EC-VALVE-ISO
XV-6349,EC-VALVE-ISO
E-6350,EC-HEATEXCH-SHELL
COL-6351,EC-VESSEL-COL
P-6352,EC-PUMP-RECIP
LT-6353,EC-INST-LT
P-6354,EC-PUMP-CENTR
V-6355,EC-VESSEL-SEP
PSV-6356,EC-VALVE-RELIEF
PSV-6357,EC-VALVE-RELIEF
E-6358,EC-HEATEXCH-SHELL
XV-6359,EC-VALVE-ISO
FT-6360,EC-INST-FT
P-6361,EC-PUMP-RECIP
XV-6362,EC-VALVE-ISO
P-6363,EC-PUMP-CENTR
LT-6364,EC-INST-LT
PSV-6365,EC-VALVE-RELIEF
E-6366,EC-HEATEXCH-SHELL
XV-6367,EC-VALVE-ISO
XV-6368,EC-VALVE-ISO
FT-6369,EC-INST-FT
PSV-6370,EC-VALVE-RELIEF
E-6371,EC-HEATEXCH-SHELL
PT-6372,EC-INST-PT
COL-6373,EC-VESSEL-COL
P-6374,EC-PUMP-CENTR
E-6375,EC-HEATEXCH-SHELL
LT-6376,EC-INST-LT
P-6377,EC-PUMP-RECIP
COL-6378,EC-VESSEL-COL
E-6379,EC-HEATEXCH-SHELL
XV-6380,EC-VALVE-ISO
P-6381,EC-PUMP-RECIP
P-6382,EC-PUMP-CENTR
XV-6383,EC-VALVE-ISO
P-6384,EC-PUMP-RECIP
PSV-6385,EC-VALVE-RELIEF
P-6386,EC-PUMP-CENTR
FCV-6387,EC-VALVE-CTRL
XV-6388,EC-VALVE-ISO
FT-6389,EC-INST-FT
FT-6390,EC-INST-FT
PSV-6391,EC-VALVE-RELIEF
TT-6392,EC-INST-TT
FT-6393,EC-INST-FT
XV-6394,EC-VALVE-ISO
LT-6395,EC-INST-LT
COL-6396,EC-VESSEL-COL
V-6397,EC-VESSEL-SEP
COL-6398,EC-VESSEL-COL
PSV-6399,EC-VALVE-RELIEF
E-6400,EC-HEATEXCH-SHELL
XV-6401,EC-VALVE-ISO
V-6402,EC-VESSEL-SEP
TT-6403,EC-INST-TT
PT-6404,EC-INST-PT
K-6405,EC-COMPRESSOR-CENTR
TT-6406,EC-INST-TT
P-6407,EC-PUMP-RECIP
XV-6408,EC-VALVE-ISO
LT-6409,EC-INST-LT
P-6410,EC-PUMP-RECIP
V-6411,EC-VESSEL-SEP
TT-6412,EC-INST-TT
P-6413,EC-PUMP-RECIP
XV-6414,EC-VALVE-ISO
P-6415,EC-PUMP-CENTR
FCV-6416,EC-VALVE-CTRL
FT-6417,EC-INST-FT
TT-6418,EC-INST-TT
FCV-6419,EC-VALVE-CTRL
E-6420,EC-HEATEXCH-SHELL
TT-6421,EC-INST-TT
E-6422,EC-HEATEXCH-SHELL
P-6423,EC-PUMP-CENTR
E-6424,EC-HEATEXCH-SHELL
PSV-6425,EC-VALVE-RELIEF
P-6426,EC-PUMP-RECIP
PSV-6427,EC-VALVE-RELIEF
FT-6428,EC-INST-FT
FCV-6429,EC-VALVE-CTRL
PSV-6430,EC-VALVE-RELIEF
P-6431,EC-PUMP-CENTR
FCV-6432,EC-VALVE-CTRL
P-6433,EC-PUMP-CENTR
LT-6434,EC-INST-LT
FCV-6435,EC-VALVE-CTRL
FT-6436,EC-INST-FT
P-6437,EC-PUMP-RECIP
FCV-6438,EC-VALVE-CTRL
P-6439,EC-PUMP-RECIP
P-6440,EC-PUMP-RECIP
TT-6441,EC-INST-TT
XV-6442,EC-VALVE-ISO
XV-6443,EC-VALVE-ISO
P-6444,EC-PUMP-RECIP
PSV-6445,EC-VALVE-RELIEF
PSV-6446,EC-VALVE-RELIEF
COL-6447,EC-VESSEL-COL
COL-6448,EC-VESSEL-COL
E-6449,EC-HEATEXCH-SHELL
V-6450,EC-VESSEL-SEP
PT-6451,EC-INST-PT
FT-6452,EC-INST-FT
COL-6453,EC-VESSEL-COL
FCV-6454,EC-VALVE-CTRL
XV-6455,EC-VALVE-ISO
P-6456,EC-PUMP-RECIP
P-6457,EC-PUMP-RECIP
V-6458,EC-VESSEL-SEP
TT-6459,EC-INST-TT
P-6460,EC-PUMP-CENTR
FT-6461,EC-INST-FT
E-6462,EC-HEATEXCH-SHELL
K-6463,EC-COMPRESSOR-CENTR
XV-6464,EC-VALVE-ISO
LT-6465,EC-INST-LT
XV-6466,EC-VALVE-ISO
K-6467,EC-COMPRESSOR-CENTR
E-6468,EC-HEATEXCH-SHELL
FCV-6469,EC-VALVE-CTRL
P-6470,EC-PUMP-RECIP
E-6471,EC-HEATEXCH-SHELL
E-6472,EC-HEATEXCH-SHELL
PT-6473,EC-INST-PT
E-6474,EC-HEATEXCH-SHELL
COL-6475,EC-VESSEL-COL
FT-6476,EC-INST-FT
K-6477,EC-COMPRESSOR-CENTR
E-6478,EC-HEATEXCH-SHELL
FT-6479,EC-INST-FT
FCV-6480,EC-VALVE-CTRL
V-6481,EC-VESSEL-SEP
K-6482,EC-COMPRESSOR-CENTR
FT-6483,EC-INST-FT
COL-6484,EC-VESSEL-COL
TT-6485,EC-INST-TT
V-6486,EC-VESSEL-SEP
XV-6487,EC-VALVE-ISO
P-6488,EC-PUMP-CENTR
PSV-6489,EC-VALVE-RELIEF
P-6490,EC-PUMP-RECIP
FCV-6491,EC-VALVE-CTRL
PT-6492,EC-INST-PT
E-6493,EC-HEATEXCH-SHELL
COL-6494,EC-VESSEL-COL
PSV-6495,EC-VALVE-RELIEF
COL-6496,EC-VESSEL-COL
E-6497,EC-HEATEXCH-SHELL
LT-6498,EC-INST-LT
PT-6499,EC-INST-PT
P-6500,EC-PUMP-RECIP
PSV-6501,EC-VALVE-RELIEF
E-6502,EC-HEATEXCH-SHELL
COL-6503,EC-VESSEL-COL
E-6504,EC-HEATEXCH-SHELL
XV-6505,EC-VALVE-ISO
PSV-6506,EC-VALVE-RELIEF
PSV-6507,EC-VALVE-RELIEF
P-6508,EC-PUMP-CENTR
COL-6509,EC-VESSEL-COL
P-6510,EC-PUMP-RECIP
LT-6511,EC-INST-LT
XV-6512,EC-VALVE-ISO
P-6513,EC-PUMP-CENTR
LT-6514,EC-INST-LT
XV-6515,EC-VALVE-ISO
K-6516,EC-COMPRESSOR-CENTR
V-6517,EC-VESSEL-SEP
E-6518,EC-HEATEXCH-SHELL
P-6519,EC-PUMP-RECIP
P-6520,EC-PUMP-RECIP
FCV-6521,EC-VALVE-CTRL
K-6522,EC-COMPRESSOR-CENTR
P-6523,EC-PUMP-CENTR
FCV-6524,EC-VALVE-CTRL
K-6525,EC-COMPRESSOR-CENTR
PT-6526,EC-INST-PT
PSV-6527,EC-VALVE-RELIEF
V-6528,EC-VESSEL-SEP
FCV-6529,EC-VALVE-CTRL
LT-6530,EC-INST-LT
LT-6531,EC-INST-LT
E-6532,EC-HEATEXCH-SHELL
XV-6533,EC-VALVE-ISO
TT-6534,EC-INST-TT
TT-6535,EC-INST-TT
XV-6536,EC-VALVE-ISO
PSV-6537,EC-VALVE-RELIEF
TT-6538,EC-INST-TT
P-6539,EC-PUMP-CENTR
COL-6540,EC-VESSEL-COL
COL-6541,EC-VESSEL-COL
TT-6542,EC-INST-TT
V-6543,EC-VESSEL-SEP
P-6544,EC-PUMP-RECIP
V-6545,EC-VESSEL-SEP
FT-6546,EC-INST-FT
PSV-6547,EC-VALVE-RELIEF
COL-6548,EC-VESSEL-COL
COL-6549,EC-VESSEL-COL
K-6550,EC-COMPRESSOR-CENTR
FT-6551,EC-INST-FT
E-6552,EC-HEATEXCH-SHELL
COL-6553,EC-VESSEL-COL
V-6554,EC-VESSEL-SEP
K-6555,EC-COMPRESSOR-CENTR
TT-6556,EC-INST-TT
COL-6557,EC-VESSEL-COL
PSV-6558,EC-VALVE-RELIEF
COL-6559,EC-VESSEL-COL
PT-6560,EC-INST-PT
FCV-6561,EC-VALVE-CTRL
E-6562,EC-HEATEXCH-SHELL
LT-6563,EC-INST-LT
LT-6564,EC-INST-LT
V-6565,EC-VESSEL-SEP
LT-6566,EC-INST-LT
COL-6567,EC-VESSEL-COL
PSV-6568,EC-VALVE-RELIEF
PT-6569,EC-INST-PT
FCV-6570,EC-VALVE-CTRL
LT-6571,EC-INST-LT
E-6572,EC-HEATEXCH-SHELL
LT-6573,EC-INST-LT
PSV-6574,EC-VALVE-RELIEF
FT-6575,EC-INST-FT
FT-6576,EC-INST-FT
LT-6577,EC-INST-LT
V-6578,EC-VESSEL-SEP
K-6579,EC-COMPRESSOR-CENTR
K-6580,EC-COMPRESSOR-CENTR
PSV-6581,EC-VALVE-RELIEF
PT-6582,EC-INST-PT
XV-6583,EC-VALVE-ISO
FCV-6584,EC-VALVE-CTRL
COL-6585,EC-VESSEL-COL
XV-6586,EC-VALVE-ISO
FT-6587,EC-INST-FT
LT-6588,EC-INST-LT
PSV-6589,EC-VALVE-RELIEF
V-6590,EC-VESSEL-SEP
LT-6591,EC-INST-LT
FCV-6592,EC-VALVE-CTRL
LT-6593,EC-INST-LT
XV-6594,EC-VALVE-ISO
V-6595,EC-VESSEL-SEP
FT-6596,EC-INST-FT
PT-6597,EC-INST-PT
COL-6598,EC-VESSEL-COL
TT-6599,EC-INST-TT
FT-6600,EC-INST-FT
COL-6601,EC-VESSEL-COL
PSV-6602,EC-VALVE-RELIEF
P-6603,EC-PUMP-CENTR
FCV-6604,EC-VALVE-CTRL
PSV-6605,EC-VALVE-RELIEF
K-6606,EC-COMPRESSOR-CENTR
FT-6607,EC-INST-FT
V-6608,EC-VESSEL-SEP
LT-6609,EC-INST-LT
E-6610,EC-HEATEXCH-SHELL
XV-6611,EC-VALVE-ISO
P-6612,EC-PUMP-RECIP
P-6613,EC-PUMP-CENTR
V-6614,EC-VESSEL-SEP
E-6615,EC-HEATEXCH-SHELL
LT-6616,EC-INST-LT
FT-6617,EC-INST-FT
V-6618,EC-VESSEL-SEP
COL-6619,EC-VESSEL-COL
FT-6620,EC-INST-FT
P-6621,EC-PUMP-CENTR
V-6622,EC-VESSEL-SEP
P-6623,EC-PUMP-RECIP
TT-6624,EC-INST-TT
PSV-6625,EC-VALVE-RELIEF
V-6626,EC-VESSEL-SEP
FCV-6627,EC-VALVE-CTRL
PT-6628,EC-INST-PT
PT-6629,EC-INST-PT
LT-6630,EC-INST-LT
P-6631,EC-PUMP-CENTR
PSV-6632,EC-VALVE-RELIEF
K-6633,EC-COMPRESSOR-CENTR
FCV-6634,EC-VALVE-CTRL
PSV-6635,EC-VALVE-RELIEF
V-6636,EC-VESSEL-SEP
V-6637,EC-VESSEL-SEP
FT-6638,EC-INST-FT
K-6639,EC-COMPRESSOR-CENTR
XV-6640,EC-VALVE-ISO
E-6641,EC-HEATEXCH-SHELL
FCV-6642,EC-VALVE-CTRL
LT-6643,EC-INST-LT
P-6644,EC-PUMP-CENTR
FCV-6645,EC-VALVE-CTRL
FCV-6646,EC-VALVE-CTRL
PT-6647,EC-INST-PT
FT-6648,EC-INST-FT
FT-6649,EC-INST-FT
XV-6650,EC-VALVE-ISO
PT-6651,EC-INST-PT
K-6652,EC-COMPRESSOR-CENTR
V-6653,EC-VESSEL-SEP
FCV-6654,EC-VALVE-CTRL
COL-6655,EC-VESSEL-COL
FT-6656,EC-INST-FT
FT-6657,EC-INST-FT
XV-6658,EC-VALVE-ISO
FT-6659,EC-INST-FT
FCV-6660,EC-VALVE-CTRL
P-6661,EC-PUMP-RECIP
V-6662,EC-VESSEL-SEP
FCV-6663,EC-VALVE-CTRL
K-6664,EC-COMPRESSOR-CENTR
XV-6665,EC-VALVE-ISO
PSV-6666,EC-VALVE-RELIEF
TT-6667,EC-INST-TT
V-6668,EC-VESSEL-SEP
PT-6669,EC-INST-PT
FT-6670,EC-INST-FT
FCV-6671,EC-VALVE-CTRL
XV-6672,EC-VALVE-ISO
K-6673,EC-COMPRESSOR-CENTR
PT-6674,EC-INST-PT
LT-6675,EC-INST-LT
LT-6676,EC-INST-LT
FCV-6677,EC-VALVE-CTRL
V-6678,EC-VESSEL-SEP
FCV-6679,EC-VALVE-CTRL
PT-6680,EC-INST-PT
LT-6681,EC-INST-LT
P-6682,EC-PUMP-CENTR
PT-6683,EC-INST-PT
V-6684,EC-VESSEL-SEP
XV-6685,EC-VALVE-ISO
XV-6686,EC-VALVE-ISO
E-6687,EC-HEATEXCH-SHELL
FT-6688,EC-INST-FT
E-6689,EC-HEATEXCH-SHELL
E-6690,EC-HEATEXCH-SHELL
PSV-6691,EC-VALVE-RELIEF
PT-6692,EC-INST-PT
K-6693,EC-COMPRESSOR-CENTR
P-6694,EC-PUMP-RECIP
FCV-6695,EC-VALVE-CTRL
PSV-6696,EC-VALVE-RELIEF
TT-6697,EC-INST-TT
P-6698,EC-PUMP-RECIP
K-6699,EC-COMPRESSOR-CENTR
P-6700,EC-PUMP-CENTR
PSV-6701,EC-VALVE-RELIEF
LT-6702,EC-INST-LT
TT-6703,EC-INST-TT
XV-6704,EC-VALVE-ISO
E-6705,EC-HEATEXCH-SHELL
XV-6706,EC-VALVE-ISO
FT-6707,EC-INST-FT
TT-6708,EC-INST-TT
LT-6709,EC-INST-LT
P-6710,EC-PUMP-RECIP
LT-6711,EC-INST-LT
FT-6712,EC-INST-FT
FT-6713,EC-INST-FT
P-6714,EC-PUMP-RECIP
TT-6715,EC-INST-TT
PSV-6716,EC-VALVE-RELIEF
P-6717,EC-PUMP-RECIP
FT-6718,EC-INST-FT
K-6719,EC-COMPRESSOR-CENTR
E-6720,EC-HEATEXCH-SHELL
PT-6721,EC-INST-PT
P-6722,EC-PUMP-RECIP
E-6723,EC-HEATEXCH-SHELL
TT-6724,EC-INST-TT
K-6725,EC-COMPRESSOR-CENTR
E-6726,EC-HEATEXCH-SHELL
PT-6727,EC-INST-PT
P-6728,EC-PUMP-CENTR
P-6729,EC-PUMP-RECIP
COL-6730,EC-VESSEL-COL
V-6731,EC-VESSEL-SEP
LT-6732,EC-INST-LT
E-6733,EC-HEATEXCH-SHELL
LT-6734,EC-INST-LT
COL-6735,EC-VESSEL-COL
LT-6736,EC-INST-LT
P-6737,EC-PUMP-RECIP
K-6738,EC-COMPRESSOR-CENTR
E-6739,EC-HEATEXCH-SHELL
FT-6740,EC-INST-FT
TT-6741,EC-INST-TT
PSV-6742,EC-VALVE-RELIEF
COL-6743,EC-VESSEL-COL
LT-6744,EC-INST-LT
XV-6745,EC-VALVE-ISO
FCV-6746,EC-VALVE-CTRL
COL-6747,EC-VESSEL-COL
PT-6748,EC-INST-PT
FT-6749,EC-INST-FT
E-6750,EC-HEATEXCH-SHELL
LT-6751,EC-INST-LT
FT-6752,EC-INST-FT
E-6753,EC-HEATEXCH-SHELL
P-6754,EC-PUMP-CENTR
E-6755,EC-HEATEXCH-SHELL
P-6756,EC-PUMP-RECIP
LT-6757,EC-INST-LT
FCV-6758,EC-VALVE-CTRL
XV-6759,EC-VALVE-ISO
PSV-6760,EC-VALVE-RELIEF
COL-6761,EC-VESSEL-COL
XV-6762,EC-VALVE-ISO
FCV-6763,EC-VALVE-CTRL
FT-6764,EC-INST-FT
TT-6765,EC-INST-TT
K-6766,EC-COMPRESSOR-CENTR
FCV-6767,EC-VALVE-CTRL
PT-6768,EC-INST-PT
FT-6769,EC-INST-FT
FT-6770,EC-INST-FT
COL-6771,EC-VESSEL-COL
V-6772,EC-VESSEL-SEP
P-6773,EC-PUMP-RECIP
V-6774,EC-VESSEL-SEP
FCV-6775,EC-VALVE-CTRL
PSV-6776,EC-VALVE-RELIEF
PSV-6777,EC-VALVE-RELIEF
PSV-6778,EC-VALVE-RELIEF
P-6779,EC-PUMP-CENTR
V-6780,EC-VESSEL-SEP
COL-6781,EC-VESSEL-COL
PT-6782,EC-INST-PT
FCV-6783,EC-VALVE-CTRL
PT-6784,EC-INST-PT
V-6785,EC-VESSEL-SEP
FCV-6786,EC-VALVE-CTRL
FT-6787,EC-INST-FT
XV-6788,EC-VALVE-ISO
PSV-6789,EC-VALVE-RELIEF
PT-6790,EC-INST-PT
P-6791,EC-PUMP-RECIP
FCV-6792,EC-VALVE-CTRL
COL-6793,EC-VESSEL-COL
P-6794,EC-PUMP-RECIP
K-6795,EC-COMPRESSOR-CENTR
FCV-6796,EC-VALVE-CTRL
V-6797,EC-VESSEL-SEP
XV-6798,EC-VALVE-ISO
PSV-6799,EC-VALVE-RELIEF
LT-6800,EC-INST-LT
PSV-6801,EC-VALVE-RELIEF
FT-6802,EC-INST-FT
TT-6803,EC-INST-TT
PT-6804,EC-INST-PT
FCV-6805,EC-VALVE-CTRL
LT-6806,EC-INST-LT
XV-6807,EC-VALVE-ISO
COL-6808,EC-VESSEL-COL
TT-6809,EC-INST-TT
PT-6810,EC-INST-PT
E-6811,EC-HEATEXCH-SHELL
FCV-6812,EC-VALVE-CTRL
XV-6813,EC-VALVE-ISO
P-6814,EC-PUMP-RECIP
FCV-6815,EC-VALVE-CTRL
P-6816,EC-PUMP-CENTR
COL-6817,EC-VESSEL-COL
XV-6818,EC-VALVE-ISO
TT-6819,EC-INST-TT
E-6820,EC-HEATEXCH-SHELL
E-6821,EC-HEATEXCH-SHELL
P-6822,EC-PUMP-CENTR
PT-6823,EC-INST-PT
K-6824,EC-COMPRESSOR-CENTR
V-6825,EC-VESSEL-SEP
V-6826,EC-VESSEL-SEP
PSV-6827,EC-VALVE-RELIEF
PT-6828,EC-INST-PT
PT-6829,EC-INST-PT
P-6830,EC-PUMP-CENTR
P-6831,EC-PUMP-RECIP
E-6832,EC-HEATEXCH-SHELL
V-6833,EC-VESSEL-SEP
V-6834,EC-VESSEL-SEP
E-6835,EC-HEATEXCH-SHELL
XV-6836,EC-VALVE-ISO
FCV-6837,EC-VALVE-CTRL
XV-6838,EC-VALVE-ISO
LT-6839,EC-INST-LT
XV-6840,EC-VALVE-ISO
PSV-6841,EC-VALVE-RELIEF
LT-6842,EC-INST-LT
XV-6843,EC-VALVE-ISO
TT-6844,EC-INST-TT
COL-6845,EC-VESSEL-COL
XV-6846,EC-VALVE-ISO
K-6847,EC-COMPRESSOR-CENTR
V-6848,EC-VESSEL-SEP
PSV-6849,EC-VALVE-RELIEF
TT-6850,EC-INST-TT
K-6851,EC-COMPRESSOR-CENTR
E-6852,EC-HEATEXCH-SHELL
V-6853,EC-VESSEL-SEP
V-6854,EC-VESSEL-SEP
PSV-6855,EC-VALVE-RELIEF
P-6856,EC-PUMP-RECIP
PT-6857,EC-INST-PT
FCV-6858,EC-VALVE-CTRL
PT-6859,EC-INST-PT
TT-6860,EC-INST-TT
LT-6861,EC-INST-LT
XV-6862,EC-VALVE-ISO
XV-6863,EC-VALVE-ISO
COL-6864,EC-VESSEL-COL
E-6865,EC-HEATEXCH-SHELL
PT-6866,EC-INST-PT
P-6867,EC-PUMP-CENTR
P-6868,EC-PUMP-CENTR
PSV-6869,EC-VALVE-RELIEF
TT-6870,EC-INST-TT
FT-6871,EC-INST-FT
XV-6872,EC-VALVE-ISO
TT-6873,EC-INST-TT
LT-6874,EC-INST-LT
PSV-6875,EC-VALVE-RELIEF
PT-6876,EC-INST-PT
LT-6877,EC-INST-LT
COL-6878,EC-VESSEL-COL
PT-6879,EC-INST-PT
E-6880,EC-HEATEXCH-SHELL
FCV-6881,EC-VALVE-CTRL
P-6882,EC-PUMP-RECIP
E-6883,EC-HEATEXCH-SHELL
E-6884,EC-HEATEXCH-SHELL
P-6885,EC-PUMP-RECIP
P-6886,EC-PUMP-CENTR
FCV-6887,EC-VALVE-CTRL
PT-6888,EC-INST-PT
FCV-6889,EC-VALVE-CTRL
PSV-6890,EC-VALVE-RELIEF
TT-6891,EC-INST-TT
PSV-6892,EC-VALVE-RELIEF
PSV-6893,EC-VALVE-RELIEF
FT-6894,EC-INST-FT
LT-6895,EC-INST-LT
V-6896,EC-VESSEL-SEP
XV-6897,EC-VALVE-ISO
LT-6898,EC-INST-LT
COL-6899,EC-VESSEL-COL
LT-6900,EC-INST-LT
LT-6901,EC-INST-LT
XV-6902,EC-VALVE-ISO
PT-6903,EC-INST-PT
PT-6904,EC-INST-PT
P-6905,EC-PUMP-RECIP
PSV-6906,EC-VALVE-RELIEF
P-6907,EC-PUMP-RECIP
LT-6908,EC-INST-LT
COL-6909,EC-VESSEL-COL
PT-6910,EC-INST-PT
K-6911,EC-COMPRESSOR-CENTR
FT-6912,EC-INST-FT
V-6913,EC-VESSEL-SEP
V-6914,EC-VESSEL-SEP
P-6915,EC-PUMP-RECIP
P-6916,EC-PUMP-RECIP
XV-6917,EC-VALVE-ISO
K-6918,EC-COMPRESSOR-CENTR
FT-6919,EC-INST-FT
P-6920,EC-PUMP-RECIP
PSV-6921,EC-VALVE-RELIEF
K-6922,EC-COMPRESSOR-CENTR
FT-6923,EC-INST-FT
P-6924,EC-PUMP-RECIP
FCV-6925,EC-VALVE-CTRL
P-6926,EC-PUMP-CENTR
K-6927,EC-COMPRESSOR-CENTR
TT-6928,EC-INST-TT
COL-6929,EC-VESSEL-COL
PSV-6930,EC-VALVE-RELIEF
COL-6931,EC-VESSEL-COL
COL-6932,EC-VESSEL-COL
LT-6933,EC-INST-LT
P-6934,EC-PUMP-RECIP
TT-6935,EC-INST-TT
FCV-6936,EC-VALVE-CTRL
FCV-6937,EC-VALVE-CTRL
XV-6938,EC-VALVE-ISO
K-6939,EC-COMPRESSOR-CENTR
TT-6940,EC-INST-TT
P-6941,EC-PUMP-CENTR
LT-6942,EC-INST-LT
FT-6943,EC-INST-FT
COL-6944,EC-VESSEL-COL
PSV-6945,EC-VALVE-RELIEF
TT-6946,EC-INST-TT
COL-6947,EC-VESSEL-COL
XV-6948,EC-VALVE-ISO
E-6949,EC-HEATEXCH-SHELL
PSV-6950,EC-VALVE-RELIEF
FT-6951,EC-INST-FT
COL-6952,EC-VESSEL-COL
LT-6953,EC-INST-LT
PSV-6954,EC-VALVE-RELIEF
FT-6955,EC-INST-FT
COL-6956,EC-VESSEL-COL
TT-6957,EC-INST-TT
FCV-6958,EC-VALVE-CTRL
E-6959,EC-HEATEXCH-SHELL
V-6960,EC-VESSEL-SEP
XV-6961,EC-VALVE-ISO
COL-6962,EC-VESSEL-COL
PT-6963,EC-INST-PT
FT-6964,EC-INST-FT
COL-6965,EC-VESSEL-COL
PSV-6966,EC-VALVE-RELIEF
PSV-6967,EC-VALVE-RELIEF
TT-6968,EC-INST-TT
LT-6969,EC-INST-LT
E-6970,EC-HEATEXCH-SHELL
LT-6971,EC-INST-LT
K-6972,EC-COMPRESSOR-CENTR
PSV-6973,EC-VALVE-RELIEF
XV-6974,EC-VALVE-ISO
K-6975,EC-COMPRESSOR-CENTR
LT-6976,EC-INST-LT
XV-6977,EC-VALVE-ISO
TT-6978,EC-INST-TT
FCV-6979,EC-VALVE-CTRL
K-6980,EC-COMPRESSOR-CENTR
E-6981,EC-HEATEXCH-SHELL
PT-6982,EC-INST-PT
PT-6983,EC-INST-PT
XV-6984,EC-VALVE-ISO
E-6985,EC-HEATEXCH-SHELL
E-6986,EC-HEATEXCH-SHELL
COL-6987,EC-VESSEL-COL
TT-6988,EC-INST-TT
COL-6989,EC-VESSEL-COL
PSV-6990,EC-VALVE-RELIEF
TT-6991,EC-INST-TT
PT-6992,EC-INST-PT
XV-6993,EC-VALVE-ISO
TT-6994,EC-INST-TT
LT-6995,EC-INST-LT
FCV-6996,EC-VALVE-CTRL
P-6997,EC-PUMP-RECIP
TT-6998,EC-INST-TT
PT-6999,EC-INST-PT
FT-7000,EC-INST-FT
PT-7001,EC-INST-PT
P-7002,EC-PUMP-CENTR
V-7003,EC-VESSEL-SEP
COL-7004,EC-VESSEL-COL
P-7005,EC-PUMP-RECIP
E-7006,EC-HEATEXCH-SHELL
P-7007,EC-PUMP-CENTR
PT-7008,EC-INST-PT
E-7009,EC-HEATEXCH-SHELL
COL-7010,EC-VESSEL-COL
P-7011,EC-PUMP-CENTR
FCV-7012,EC-VALVE-CTRL
PSV-7013,EC-VALVE-RELIEF
V-7014,EC-VESSEL-SEP
E-7015,EC-HEATEXCH-SHELL
V-7016,EC-VESSEL-SEP
XV-7017,EC-VALVE-ISO
TT-7018,EC-INST-TT
P-7019,EC-PUMP-RECIP
TT-7020,EC-INST-TT
LT-7021,EC-INST-LT
E-7022,EC-HEATEXCH-SHELL
K-7023,EC-COMPRESSOR-CENTR
V-7024,EC-VESSEL-SEP
COL-7025,EC-VESSEL-COL
COL-7026,EC-VESSEL-COL
E-7027,EC-HEATEXCH-SHELL
LT-7028,EC-INST-LT
LT-7029,EC-INST-LT
V-7030,EC-VESSEL-SEP
FCV-7031,EC-VALVE-CTRL
FT-7032,EC-INST-FT
FCV-7033,EC-VALVE-CTRL
PSV-7034,EC-VALVE-RELIEF
P-7035,EC-PUMP-RECIP
P-7036,EC-PUMP-CENTR
K-7037,EC-COMPRESSOR-CENTR
P-7038,EC-PUMP-CENTR
PSV-7039,EC-VALVE-RELIEF
K-7040,EC-COMPRESSOR-CENTR
TT-7041,EC-INST-TT
K-7042,EC-COMPRESSOR-CENTR
E-7043,EC-HEATEXCH-SHELL
PSV-7044,EC-VALVE-RELIEF
TT-7045,EC-INST-TT
E-7046,EC-HEATEXCH-SHELL
XV-7047,EC-VALVE-ISO
TT-7048,EC-INST-TT
FCV-7049,EC-VALVE-CTRL
P-7050,EC-PUMP-RECIP
LT-7051,EC-INST-LT
P-7052,EC-PUMP-RECIP
FT-7053,EC-INST-FT
FCV-7054,EC-VALVE-CTRL
LT-7055,EC-INST-LT
V-7056,EC-VESSEL-SEP
TT-7057,EC-INST-TT
PT-7058,EC-INST-PT
COL-7059,EC-VESSEL-COL
PT-7060,EC-INST-PT
PSV-7061,EC-VALVE-RELIEF
PT-7062,EC-INST-PT
LT-7063,EC-INST-LT
COL-7064,EC-VESSEL-COL
LT-7065,EC-INST-LT
COL-7066,EC-VESSEL-COL
E-7067,EC-HEATEXCH-SHELL
P-7068,EC-PUMP-RECIP
V-7069,EC-VESSEL-SEP
XV-7070,EC-VALVE-ISO
PSV-7071,EC-VALVE-RELIEF
FCV-7072,EC-VALVE-CTRL
COL-7073,EC-VESSEL-COL
XV-7074,EC-VALVE-ISO
COL-7075,EC-VESSEL-COL
COL-7076,EC-VESSEL-COL
P-7077,EC-PUMP-CENTR
TT-7078,EC-INST-TT
E-7079,EC-HEATEXCH-SHELL
K-7080,EC-COMPRESSOR-CENTR
E-7081,EC-HEATEXCH-SHELL
COL-7082,EC-VESSEL-COL
PT-7083,EC-INST-PT
LT-7084,EC-INST-LT
XV-7085,EC-VALVE-ISO
PSV-7086,EC-VALVE-RELIEF
V-7087,EC-VESSEL-SEP
E-7088,EC-HEATEXCH-SHELL
XV-7089,EC-VALVE-ISO
XV-7090,EC-VALVE-ISO
V-7091,EC-VESSEL-SEP
E-7092,EC-HEATEXCH-SHELL
FCV-7093,EC-VALVE-CTRL
P-7094,EC-PUMP-CENTR
COL-7095,EC-VESSEL-COL
PT-7096,EC-INST-PT
TT-7097,EC-INST-TT
V-7098,EC-VESSEL-SEP
XV-7099,EC-VALVE-ISO
XV-7100,EC-VALVE-ISO
TT-7101,EC-INST-TT
TT-7102,EC-INST-TT
TT-7103,EC-INST-TT
K-7104,EC-COMPRESSOR-CENTR
K-7105,EC-COMPRESSOR-CENTR
TT-7106,EC-INST-TT
LT-7107,EC-INST-LT
TT-7108,EC-INST-TT
K-7109,EC-COMPRESSOR-CENTR
PSV-7110,EC-VALVE-RELIEF
TT-7111,EC-INST-TT
FT-7112,EC-INST-FT
LT-7113,EC-INST-LT
E-7114,EC-HEATEXCH-SHELL
P-7115,EC-PUMP-CENTR
LT-7116,EC-INST-LT
E-7117,EC-HEATEXCH-SHELL
FCV-7118,EC-VALVE-CTRL
LT-7119,EC-INST-LT
PSV-7120,EC-VALVE-RELIEF
K-7121,EC-COMPRESSOR-CENTR
LT-7122,EC-INST-LT
FCV-7123,EC-VALVE-CTRL
P-7124,EC-PUMP-CENTR
P-7125,EC-PUMP-CENTR
P-7126,EC-PUMP-RECIP
PT-7127,EC-INST-PT
E-7128,EC-HEATEXCH-SHELL
P-7129,EC-PUMP-RECIP
XV-7130,EC-VALVE-ISO
V-7131,EC-VESSEL-SEP
PT-7132,EC-INST-PT
FT-7133,EC-INST-FT
E-7134,EC-HEATEXCH-SHELL
COL-7135,EC-VESSEL-COL
COL-7136,EC-VESSEL-COL
LT-7137,EC-INST-LT
LT-7138,EC-INST-LT
PSV-7139,EC-VALVE-RELIEF
FT-7140,EC-INST-FT
PT-7141,EC-INST-PT
PT-7142,EC-INST-PT
P-7143,EC-PUMP-CENTR
K-7144,EC-COMPRESSOR-CENTR
LT-7145,EC-INST-LT
V-7146,EC-VESSEL-SEP
P-7147,EC-PUMP-RECIP
V-7148,EC-VESSEL-SEP
E-7149,EC-HEATEXCH-SHELL
COL-7150,EC-VESSEL-COL
FCV-7151,EC-VALVE-CTRL
FT-7152,EC-INST-FT
V-7153,EC-VESSEL-SEP
K-7154,EC-COMPRESSOR-CENTR
PSV-7155,EC-VALVE-RELIEF
COL-7156,EC-VESSEL-COL
XV-7157,EC-VALVE-ISO
PSV-7158,EC-VALVE-RELIEF
V-7159,EC-VESSEL-SEP
LT-7160,EC-INST-LT
PSV-7161,EC-VALVE-RELIEF
PSV-7162,EC-VALVE-RELIEF
LT-7163,EC-INST-LT
E-7164,EC-HEATEXCH-SHELL
P-7165,EC-PUMP-RECIP
XV-7166,EC-VALVE-ISO
TT-7167,EC-INST-TT
COL-7168,EC-VESSEL-COL
PSV-7169,EC-VALVE-RELIEF
XV-7170,EC-VALVE-ISO
P-7171,EC-PUMP-RECIP
E-7172,EC-HEATEXCH-SHELL
E-7173,EC-HEATEXCH-SHELL
PT-7174,EC-INST-PT
TT-7175,EC-INST-TT
P-7176,EC-PUMP-RECIP
PSV-7177,EC-VALVE-RELIEF
E-7178,EC-HEATEXCH-SHELL
PSV-7179,EC-VALVE-RELIEF
PSV-7180,EC-VALVE-RELIEF
TT-7181,EC-INST-TT
PSV-7182,EC-VALVE-RELIEF
LT-7183,EC-INST-LT
E-7184,EC-HEATEXCH-SHELL
K-7185,EC-COMPRESSOR-CENTR
COL-7186,EC-VESSEL-COL
P-7187,EC-PUMP-CENTR
PSV-7188,EC-VALVE-RELIEF
XV-7189,EC-VALVE-ISO
COL-7190,EC-VESSEL-COL
FCV-7191,EC-VALVE-CTRL
PSV-7192,EC-VALVE-RELIEF
TT-7193,EC-INST-TT
K-7194,EC-COMPRESSOR-CENTR
V-7195,EC-VESSEL-SEP
FCV-7196,EC-VALVE-CTRL
FCV-7197,EC-VALVE-CTRL
LT-7198,EC-INST-LT
PT-7199,EC-INST-PT
FCV-7200,EC-VALVE-CTRL
FCV-7201,EC-VALVE-CTRL
V-7202,EC-VESSEL-SEP
K-7203,EC-COMPRESSOR-CENTR
K-7204,EC-COMPRESSOR-CENTR
PSV-7205,EC-VALVE-RELIEF
COL-7206,EC-VESSEL-COL
PSV-7207,EC-VALVE-RELIEF
FT-7208,EC-INST-FT
P-7209,EC-PUMP-CENTR
P-7210,EC-PUMP-RECIP
XV-7211,EC-VALVE-ISO
XV-7212,EC-VALVE-ISO
K-7213,EC-COMPRESSOR-CENTR
V-7214,EC-VESSEL-SEP
V-7215,EC-VESSEL-SEP
PT-7216,EC-INST-PT
PSV-7217,EC-VALVE-RELIEF
E-7218,EC-HEATEXCH-SHELL
P-7219,EC-PUMP-CENTR
FCV-7220,EC-VALVE-CTRL
V-7221,EC-VESSEL-SEP
K-7222,EC-COMPRESSOR-CENTR
FCV-7223,EC-VALVE-CTRL
V-7224,EC-VESSEL-SEP
FCV-7225,EC-VALVE-CTRL
P-7226,EC-PUMP-RECIP
FT-7227,EC-INST-FT
P-7228,EC-PUMP-RECIP
FCV-7229,EC-VALVE-CTRL
P-7230,EC-PUMP-CENTR
PT-7231,EC-INST-PT
XV-7232,EC-VALVE-ISO
P-7233,EC-PUMP-RECIP
TT-7234,EC-INST-TT
COL-7235,EC-VESSEL-COL
P-7236,EC-PUMP-CENTR
PT-7237,EC-INST-PT
LT-7238,EC-INST-LT
XV-7239,EC-VALVE-ISO
FCV-7240,EC-VALVE-CTRL
K-7241,EC-COMPRESSOR-CENTR
TT-7242,EC-INST-TT
PSV-7243,EC-VALVE-RELIEF
K-7244,EC-COMPRESSOR-CENTR
PT-7245,EC-INST-PT
LT-7246,EC-INST-LT
TT-7247,EC-INST-TT
FT-7248,EC-INST-FT
PT-7249,EC-INST-PT
LT-7250,EC-INST-LT
LT-7251,EC-INST-LT
FT-7252,EC-INST-FT
P-7253,EC-PUMP-CENTR
K-7254,EC-COMPRESSOR-CENTR
PSV-7255,EC-VALVE-RELIEF
V-7256,EC-VESSEL-SEP
XV-7257,EC-VALVE-ISO
FCV-7258,EC-VALVE-CTRL
V-7259,EC-VESSEL-SEP
XV-7260,EC-VALVE-ISO
PT-7261,EC-INST-PT
E-7262,EC-HEATEXCH-SHELL
COL-7263,EC-VESSEL-COL
TT-7264,EC-INST-TT
P-7265,EC-PUMP-CENTR
FCV-7266,EC-VALVE-CTRL
P-7267,EC-PUMP-RECIP
PSV-7268,EC-VALVE-RELIEF
K-7269,EC-COMPRESSOR-CENTR
V-7270,EC-VESSEL-SEP
TT-7271,EC-INST-TT
E-7272,EC-HEATEXCH-SHELL
COL-7273,EC-VESSEL-COL
FCV-7274,EC-VALVE-CTRL
LT-7275,EC-INST-LT
PT-7276,EC-INST-PT
TT-7277,EC-INST-TT
E-7278,EC-HEATEXCH-SHELL
PSV-7279,EC-VALVE-RELIEF
LT-7280,EC-INST-LT
XV-7281,EC-VALVE-ISO
LT-7282,EC-INST-LT
FT-7283,EC-INST-FT
COL-7284,EC-VESSEL-COL
PSV-7285,EC-VALVE-RELIEF
P-7286,EC-PUMP-RECIP
FT-7287,EC-INST-FT
E-7288,EC-HEATEXCH-SHELL
FT-7289,EC-INST-FT
COL-7290,EC-VESSEL-COL
PSV-7291,EC-VALVE-RELIEF
FT-7292,EC-INST-FT
LT-7293,EC-INST-LT
P-7294,EC-PUMP-RECIP
PSV-7295,EC-VALVE-RELIEF
PSV-7296,EC-VALVE-RELIEF
FCV-7297,EC-VALVE-CTRL
PSV-7298,EC-VALVE-RELIEF
PSV-7299,EC-VALVE-RELIEF
P-7300,EC-PUMP-RECIP
LT-7301,EC-INST-LT
K-7302,EC-COMPRESSOR-CENTR
XV-7303,EC-VALVE-ISO
P-7304,EC-PUMP-CENTR
P-7305,EC-PUMP-RECIP
XV-7306,EC-VALVE-ISO
FT-7307,EC-INST-FT
FT-7308,EC-INST-FT
E-7309,EC-HEATEXCH-SHELL
XV-7310,EC-VALVE-ISO
FT-7311,EC-INST-FT
E-7312,EC-HEATEXCH-SHELL
COL-7313,EC-VESSEL-COL
P-7314,EC-PUMP-CENTR
FCV-7315,EC-VALVE-CTRL
K-7316,EC-COMPRESSOR-CENTR
E-7317,EC-HEATEXCH-SHELL
TT-7318,EC-INST-TT
PSV-7319,EC-VALVE-RELIEF
COL-7320,EC-VESSEL-COL
TT-7321,EC-INST-TT
E-7322,EC-HEATEXCH-SHELL
V-7323,EC-VESSEL-SEP
PSV-7324,EC-VALVE-RELIEF
PSV-7325,EC-VALVE-RELIEF
PT-7326,EC-INST-PT
V-7327,EC-VESSEL-SEP
E-7328,EC-HEATEXCH-SHELL
K-7329,EC-COMPRESSOR-CENTR
COL-7330,EC-VESSEL-COL
P-7331,EC-PUMP-CENTR
V-7332,EC-VESSEL-SEP
XV-7333,EC-VALVE-ISO
XV-7334,EC-VALVE-ISO
XV-7335,EC-VALVE-ISO
LT-7336,EC-INST-LT
P-7337,EC-PUMP-CENTR
P-7338,EC-PUMP-RECIP
TT-7339,EC-INST-TT
TT-7340,EC-INST-TT
TT-7341,EC-INST-TT
TT-7342,EC-INST-TT
E-7343,EC-HEATEXCH-SHELL
FCV-7344,EC-VALVE-CTRL
FCV-7345,EC-VALVE-CTRL
P-7346,EC-PUMP-RECIP
P-7347,EC-PUMP-CENTR
FCV-7348,EC-VALVE-CTRL
K-7349,EC-COMPRESSOR-CENTR
LT-7350,EC-INST-LT
PT-7351,EC-INST-PT
P-7352,EC-PUMP-CENTR
E-7353,EC-HEATEXCH-SHELL
PT-7354,EC-INST-PT
XV-7355,EC-VALVE-ISO
V-7356,EC-VESSEL-SEP
E-7357,EC-HEATEXCH-SHELL
P-7358,EC-PUMP-RECIP
PT-7359,EC-INST-PT
FT-7360,EC-INST-FT
XV-7361,EC-VALVE-ISO
TT-7362,EC-INST-TT
COL-7363,EC-VESSEL-COL
P-7364,EC-PUMP-CENTR
PT-7365,EC-INST-PT
FT-7366,EC-INST-FT
TT-7367,EC-INST-TT
LT-7368,EC-INST-LT
COL-7369,EC-VESSEL-COL
COL-7370,EC-VESSEL-COL
XV-7371,EC-VALVE-ISO
V-7372,EC-VESSEL-SEP
P-7373,EC-PUMP-RECIP
LT-7374,EC-INST-LT
LT-7375,EC-INST-LT
XV-7376,EC-VALVE-ISO
XV-7377,EC-VALVE-ISO
P-7378,EC-PUMP-CENTR
P-7379,EC-PUMP-CENTR
P-7380,EC-PUMP-CENTR
P-7381,EC-PUMP-CENTR
PSV-7382,EC-VALVE-RELIEF
PT-7383,EC-INST-PT
K-7384,EC-COMPRESSOR-CENTR
TT-7385,EC-INST-TT
TT-7386,EC-INST-TT
LT-7387,EC-INST-LT
XV-7388,EC-VALVE-ISO
TT-7389,EC-INST-TT
V-7390,EC-VESSEL-SEP
PSV-7391,EC-VALVE-RELIEF
P-7392,EC-PUMP-CENTR
V-7393,EC-VESSEL-SEP
P-7394,EC-PUMP-CENTR
P-7395,EC-PUMP-CENTR
PSV-7396,EC-VALVE-RELIEF
FT-7397,EC-INST-FT
K-7398,EC-COMPRESSOR-CENTR
PSV-7399,EC-VALVE-RELIEF
P-7400,EC-PUMP-CENTR
PSV-7401,EC-VALVE-RELIEF
LT-7402,EC-INST-LT
P-7403,EC-PUMP-CENTR
PSV-7404,EC-VALVE-RELIEF
V-7405,EC-VESSEL-SEP
LT-7406,EC-INST-LT
P-7407,EC-PUMP-RECIP
FCV-7408,EC-VALVE-CTRL
COL-7409,EC-VESSEL-COL
P-7410,EC-PUMP-RECIP
PSV-7411,EC-VALVE-RELIEF
K-7412,EC-COMPRESSOR-CENTR
LT-7413,EC-INST-LT
V-7414,EC-VESSEL-SEP
V-7415,EC-VESSEL-SEP
PSV-7416,EC-VALVE-RELIEF
K-7417,EC-COMPRESSOR-CENTR
FCV-7418,EC-VALVE-CTRL
PSV-7419,EC-VALVE-RELIEF
K-7420,EC-COMPRESSOR-CENTR
PSV-7421,EC-VALVE-RELIEF
V-7422,EC-VESSEL-SEP
K-7423,EC-COMPRESSOR-CENTR
E-7424,EC-HEATEXCH-SHELL
FT-7425,EC-INST-FT
XV-7426,EC-VALVE-ISO
PSV-7427,EC-VALVE-RELIEF
PT-7428,EC-INST-PT
PSV-7429,EC-VALVE-RELIEF
LT-7430,EC-INST-LT
TT-7431,EC-INST-TT
FCV-7432,EC-VALVE-CTRL
E-7433,EC-HEATEXCH-SHELL
COL-7434,EC-VESSEL-COL
P-7435,EC-PUMP-CENTR
E-7436,EC-HEATEXCH-SHELL
E-7437,EC-HEATEXCH-SHELL
E-7438,EC-HEATEXCH-SHELL
LT-7439,EC-INST-LT
TT-7440,EC-INST-TT
E-7441,EC-HEATEXCH-SHELL
E-7442,EC-HEATEXCH-SHELL
COL-7443,EC-VESSEL-COL
XV-7444,EC-VALVE-ISO
LT-7445,EC-INST-LT
K-7446,EC-COMPRESSOR-CENTR
FCV-7447,EC-VALVE-CTRL
FT-7448,EC-INST-FT
FCV-7449,EC-VALVE-CTRL
V-7450,EC-VESSEL-SEP
PSV-7451,EC-VALVE-RELIEF
P-7452,EC-PUMP-CENTR
V-7453,EC-VESSEL-SEP
FT-7454,EC-INST-FT
V-7455,EC-VESSEL-SEP
V-7456,EC-VESSEL-SEP
FT-7457,EC-INST-FT
COL-7458,EC-VESSEL-COL
COL-7459,EC-VESSEL-COL
E-7460,EC-HEATEXCH-SHELL
P-7461,EC-PUMP-CENTR
LT-7462,EC-INST-LT
XV-7463,EC-VALVE-ISO
K-7464,EC-COMPRESSOR-CENTR
P-7465,EC-PUMP-RECIP
P-7466,EC-PUMP-RECIP
P-7467,EC-PUMP-CENTR
PT-7468,EC-INST-PT
COL-7469,EC-VESSEL-COL
P-7470,EC-PUMP-CENTR
COL-7471,EC-VESSEL-COL
FCV-7472,EC-VALVE-CTRL
LT-7473,EC-INST-LT
PT-7474,EC-INST-PT
XV-7475,EC-VALVE-ISO
P-7476,EC-PUMP-CENTR
E-7477,EC-HEATEXCH-SHELL
P-7478,EC-PUMP-CENTR
E-7479,EC-HEATEXCH-SHELL
XV-7480,EC-VALVE-ISO
K-7481,EC-COMPRESSOR-CENTR
FT-7482,EC-INST-FT
V-7483,EC-VESSEL-SEP
PSV-7484,EC-VALVE-RELIEF
P-7485,EC-PUMP-CENTR
TT-7486,EC-INST-TT
LT-7487,EC-INST-LT
P-7488,EC-PUMP-RECIP
PSV-7489,EC-VALVE-RELIEF
FCV-7490,EC-VALVE-CTRL
FCV-7491,EC-VALVE-CTRL
PSV-7492,EC-VALVE-RELIEF
P-7493,EC-PUMP-RECIP
P-7494,EC-PUMP-CENTR
V-7495,EC-VESSEL-SEP
P-7496,EC-PUMP-CENTR
P-7497,EC-PUMP-RECIP
XV-7498,EC-VALVE-ISO
XV-7499,EC-VALVE-ISO
K-7500,EC-COMPRESSOR-CENTR
TT-7501,EC-INST-TT
FCV-7502,EC-VALVE-CTRL
XV-7503,EC-VALVE-ISO
V-7504,EC-VESSEL-SEP
XV-7505,EC-VALVE-ISO
P-7506,EC-PUMP-RECIP
COL-7507,EC-VESSEL-COL
P-7508,EC-PUMP-RECIP
P-7509,EC-PUMP-CENTR
K-7510,EC-COMPRESSOR-CENTR
V-7511,EC-VESSEL-SEP
V-7512,EC-VESSEL-SEP
PSV-7513,EC-VALVE-RELIEF
K-7514,EC-COMPRESSOR-CENTR
V-7515,EC-VESSEL-SEP
LT-7516,EC-INST-LT
PSV-7517,EC-VALVE-RELIEF
P-7518,EC-PUMP-RECIP
PT-7519,EC-INST-PT
COL-7520,EC-VESSEL-COL
P-7521,EC-PUMP-RECIP
K-7522,EC-COMPRESSOR-CENTR
PT-7523,EC-INST-PT
P-7524,EC-PUMP-RECIP
K-7525,EC-COMPRESSOR-CENTR
P-7526,EC-PUMP-CENTR
LT-7527,EC-INST-LT
FT-7528,EC-INST-FT
PT-7529,EC-INST-PT
TT-7530,EC-INST-TT
V-7531,EC-VESSEL-SEP
P-7532,EC-PUMP-RECIP
K-7533,EC-COMPRESSOR-CENTR
COL-7534,EC-VESSEL-COL
E-7535,EC-HEATEXCH-SHELL
COL-7536,EC-VESSEL-COL
E-7537,EC-HEATEXCH-SHELL
FCV-7538,EC-VALVE-CTRL
PSV-7539,EC-VALVE-RELIEF
P-7540,EC-PUMP-RECIP
TT-7541,EC-INST-TT
E-7542,EC-HEATEXCH-SHELL
FCV-7543,EC-VALVE-CTRL
K-7544,EC-COMPRESSOR-CENTR
PT-7545,EC-INST-PT
COL-7546,EC-VESSEL-COL
V-7547,EC-VESSEL-SEP
FCV-7548,EC-VALVE-CTRL
FT-7549,EC-INST-FT
E-7550,EC-HEATEXCH-SHELL
TT-7551,EC-INST-TT
V-7552,EC-VESSEL-SEP
K-7553,EC-COMPRESSOR-CENTR
V-7554,EC-VESSEL-SEP
PT-7555,EC-INST-PT
FCV-7556,EC-VALVE-CTRL
V-7557,EC-VESSEL-SEP
XV-7558,EC-VALVE-ISO
P-7559,EC-PUMP-RECIP
COL-7560,EC-VESSEL-COL
P-7561,EC-PUMP-CENTR
LT-7562,EC-INST-LT
TT-7563,EC-INST-TT
E-7564,EC-HEATEXCH-SHELL
E-7565,EC-HEATEXCH-SHELL
PSV-7566,EC-VALVE-RELIEF
TT-7567,EC-INST-TT
COL-7568,EC-VESSEL-COL
COL-7569,EC-VESSEL-COL
E-7570,EC-HEATEXCH-SHELL
K-7571,EC-COMPRESSOR-CENTR
PSV-7572,EC-VALVE-RELIEF
PT-7573,EC-INST-PT
COL-7574,EC-VESSEL-COL
PT-7575,EC-INST-PT
P-7576,EC-PUMP-RECIP
P-7577,EC-PUMP-RECIP
FT-7578,EC-INST-FT
TT-7579,EC-INST-TT
P-7580,EC-PUMP-CENTR
P-7581,EC-PUMP-CENTR
PSV-7582,EC-VALVE-RELIEF
XV-7583,EC-VALVE-ISO
K-7584,EC-COMPRESSOR-CENTR
E-7585,EC-HEATEXCH-SHELL
P-7586,EC-PUMP-CENTR
V-7587,EC-VESSEL-SEP
K-7588,EC-COMPRESSOR-CENTR
P-7589,EC-PUMP-RECIP
TT-7590,EC-INST-TT
TT-7591,EC-INST-TT
XV-7592,EC-VALVE-ISO
FT-7593,EC-INST-FT
LT-7594,EC-INST-LT
COL-7595,EC-VESSEL-COL
V-7596,EC-VESSEL-SEP
V-7597,EC-VESSEL-SEP
P-7598,EC-PUMP-CENTR
LT-7599,EC-INST-LT
K-7600,EC-COMPRESSOR-CENTR
E-7601,EC-HEATEXCH-SHELL
XV-7602,EC-VALVE-ISO
E-7603,EC-HEATEXCH-SHELL
LT-7604,EC-INST-LT
TT-7605,EC-INST-TT
P-7606,EC-PUMP-CENTR
P-7607,EC-PUMP-CENTR
P-7608,EC-PUMP-CENTR
PSV-7609,EC-VALVE-RELIEF
COL-7610,EC-VESSEL-COL
P-7611,EC-PUMP-CENTR
FT-7612,EC-INST-FT
P-7613,EC-PUMP-CENTR
P-7614,EC-PUMP-RECIP
LT-7615,EC-INST-LT
V-7616,EC-VESSEL-SEP
FT-7617,EC-INST-FT
P-7618,EC-PUMP-RECIP
P-7619,EC-PUMP-RECIP
PSV-7620,EC-VALVE-RELIEF
PSV-7621,EC-VALVE-RELIEF
PT-7622,EC-INST-PT
PT-7623,EC-INST-PT
FCV-7624,EC-VALVE-CTRL
LT-7625,EC-INST-LT
PSV-7626,EC-VALVE-RELIEF
FT-7627,EC-INST-FT
LT-7628,EC-INST-LT
FT-7629,EC-INST-FT
V-7630,EC-VESSEL-SEP
K-7631,EC-COMPRESSOR-CENTR
XV-7632,EC-VALVE-ISO
P-7633,EC-PUMP-RECIP
E-7634,EC-HEATEXCH-SHELL
E-7635,EC-HEATEXCH-SHELL
COL-7636,EC-VESSEL-COL
PT-7637,EC-INST-PT
LT-7638,EC-INST-LT
E-7639,EC-HEATEXCH-SHELL
P-7640,EC-PUMP-RECIP
FT-7641,EC-INST-FT
FCV-7642,EC-VALVE-CTRL
E-7643,EC-HEATEXCH-SHELL
E-7644,EC-HEATEXCH-SHELL
P-7645,EC-PUMP-CENTR
P-7646,EC-PUMP-RECIP
PT-7647,EC-INST-PT
TT-7648,EC-INST-TT
V-7649,EC-VESSEL-SEP
V-7650,EC-VESSEL-SEP
P-7651,EC-PUMP-RECIP
E-7652,EC-HEATEXCH-SHELL
XV-7653,EC-VALVE-ISO
V-7654,EC-VESSEL-SEP
P-7655,EC-PUMP-CENTR
FCV-7656,EC-VALVE-CTRL
TT-7657,EC-INST-TT
P-7658,EC-PUMP-RECIP
V-7659,EC-VESSEL-SEP
PSV-7660,EC-VALVE-RELIEF
PT-7661,EC-INST-PT
LT-7662,EC-INST-LT
FCV-7663,EC-VALVE-CTRL
E-7664,EC-HEATEXCH-SHELL
P-7665,EC-PUMP-RECIP
P-7666,EC-PUMP-CENTR
K-7667,EC-COMPRESSOR-CENTR
FT-7668,EC-INST-FT
P-7669,EC-PUMP-CENTR
V-7670,EC-VESSEL-SEP
K-7671,EC-COMPRESSOR-CENTR
P-7672,EC-PUMP-CENTR
FT-7673,EC-INST-FT
FCV-7674,EC-VALVE-CTRL
COL-7675,EC-VESSEL-COL
TT-7676,EC-INST-TT
FT-7677,EC-INST-FT
K-7678,EC-COMPRESSOR-CENTR
LT-7679,EC-INST-LT
TT-7680,EC-INST-TT
XV-7681,EC-VALVE-ISO
COL-7682,EC-VESSEL-COL
LT-7683,EC-INST-LT
PSV-7684,EC-VALVE-RELIEF
K-7685,EC-COMPRESSOR-CENTR
V-7686,EC-VESSEL-SEP
PT-7687,EC-INST-PT
FCV-7688,EC-VALVE-CTRL
FCV-7689,EC-VALVE-CTRL
COL-7690,EC-VESSEL-COL
PSV-7691,EC-VALVE-RELIEF
E-7692,EC-HEATEXCH-SHELL
XV-7693,EC-VALVE-ISO
FT-7694,EC-INST-FT
PSV-7695,EC-VALVE-RELIEF
V-7696,EC-VESSEL-SEP
TT-7697,EC-INST-TT
COL-7698,EC-VESSEL-COL
FCV-7699,EC-VALVE-CTRL
V-7700,EC-VESSEL-SEP
P-7701,EC-PUMP-RECIP
TT-7702,EC-INST-TT
P-7703,EC-PUMP-CENTR
FT-7704,EC-INST-FT
FCV-7705,EC-VALVE-CTRL
FCV-7706,EC-VALVE-CTRL
K-7707,EC-COMPRESSOR-CENTR
LT-7708,EC-INST-LT
E-7709,EC-HEATEXCH-SHELL
TT-7710,EC-INST-TT
K-7711,EC-COMPRESSOR-CENTR
FT-7712,EC-INST-FT
PT-7713,EC-INST-PT
P-7714,EC-PUMP-RECIP
FCV-7715,EC-VALVE-CTRL
P-7716,EC-PUMP-RECIP
P-7717,EC-PUMP-RECIP
FT-7718,EC-INST-FT
TT-7719,EC-INST-TT
FT-7720,EC-INST-FT
K-7721,EC-COMPRESSOR-CENTR
PSV-7722,EC-VALVE-RELIEF
COL-7723,EC-VESSEL-COL
FT-7724,EC-INST-FT
COL-7725,EC-VESSEL-COL
FCV-7726,EC-VALVE-CTRL
PSV-7727,EC-VALVE-RELIEF
FT-7728,EC-INST-FT
LT-7729,EC-INST-LT
FCV-7730,EC-VALVE-CTRL
LT-7731,EC-INST-LT
K-7732,EC-COMPRESSOR-CENTR
COL-7733,EC-VESSEL-COL
PT-7734,EC-INST-PT
K-7735,EC-COMPRESSOR-CENTR
XV-7736,EC-VALVE-ISO
P-7737,EC-PUMP-CENTR
FT-7738,EC-INST-FT
V-7739,EC-VESSEL-SEP
TT-7740,EC-INST-TT
V-7741,EC-VESSEL-SEP
LT-7742,EC-INST-LT
P-7743,EC-PUMP-CENTR
P-7744,EC-PUMP-CENTR
V-7745,EC-VESSEL-SEP
COL-7746,EC-VESSEL-COL
E-7747,EC-HEATEXCH-SHELL
V-7748,EC-VESSEL-SEP
XV-7749,EC-VALVE-ISO
K-7750,EC-COMPRESSOR-CENTR
FT-7751,EC-INST-FT
XV-7752,EC-VALVE-ISO
K-7753,EC-COMPRESSOR-CENTR
E-7754,EC-HEATEXCH-SHELL
P-7755,EC-PUMP-CENTR
P-7756,EC-PUMP-RECIP
TT-7757,EC-INST-TT
COL-7758,EC-VESSEL-COL
FT-7759,EC-INST-FT
P-7760,EC-PUMP-RECIP
FT-7761,EC-INST-FT
P-7762,EC-PUMP-RECIP
P-7763,EC-PUMP-CENTR
E-7764,EC-HEATEXCH-SHELL
TT-7765,EC-INST-TT
FCV-7766,EC-VALVE-CTRL
P-7767,EC-PUMP-CENTR
PSV-7768,EC-VALVE-RELIEF
P-7769,EC-PUMP-RECIP
LT-7770,EC-INST-LT
K-7771,EC-COMPRESSOR-CENTR
PT-7772,EC-INST-PT
FT-7773,EC-INST-FT
P-7774,EC-PUMP-CENTR
COL-7775,EC-VESSEL-COL
K-7776,EC-COMPRESSOR-CENTR
P-7777,EC-PUMP-RECIP
P-7778,EC-PUMP-CENTR
V-7779,EC-VESSEL-SEP
K-7780,EC-COMPRESSOR-CENTR
TT-7781,EC-INST-TT
PT-7782,EC-INST-PT
V-7783,EC-VESSEL-SEP
FT-7784,EC-INST-FT
PSV-7785,EC-VALVE-RELIEF
P-7786,EC-PUMP-RECIP
PSV-7787,EC-VALVE-RELIEF
PT-7788,EC-INST-PT
PT-7789,EC-INST-PT
E-7790,EC-HEATEXCH-SHELL
P-7791,EC-PUMP-CENTR
P-7792,EC-PUMP-RECIP
FCV-7793,EC-VALVE-CTRL
V-7794,EC-VESSEL-SEP
PT-7795,EC-INST-PT
P-7796,EC-PUMP-RECIP
PSV-7797,EC-VALVE-RELIEF
P-7798,EC-PUMP-CENTR
V-7799,EC-VESSEL-SEP
LT-7800,EC-INST-LT
PSV-7801,EC-VALVE-RELIEF
P-7802,EC-PUMP-RECIP
TT-7803,EC-INST-TT
TT-7804,EC-INST-TT
E-7805,EC-HEATEXCH-SHELL
XV-7806,EC-VALVE-ISO
FCV-7807,EC-VALVE-CTRL
LT-7808,EC-INST-LT
K-7809,EC-COMPRESSOR-CENTR
FCV-7810,EC-VALVE-CTRL
P-7811,EC-PUMP-CENTR
K-7812,EC-COMPRESSOR-CENTR
FCV-7813,EC-VALVE-CTRL
PT-7814,EC-INST-PT
PT-7815,EC-INST-PT
P-7816,EC-PUMP-CENTR
LT-7817,EC-INST-LT
COL-7818,EC-VESSEL-COL
V-7819,EC-VESSEL-SEP
COL-7820,EC-VESSEL-COL
FCV-7821,EC-VALVE-CTRL
PSV-7822,EC-VALVE-RELIEF
LT-7823,EC-INST-LT
E-7824,EC-HEATEXCH-SHELL
XV-7825,EC-VALVE-ISO
K-7826,EC-COMPRESSOR-CENTR
K-7827,EC-COMPRESSOR-CENTR
K-7828,EC-COMPRESSOR-CENTR
FCV-7829,EC-VALVE-CTRL
P-7830,EC-PUMP-CENTR
K-7831,EC-COMPRESSOR-CENTR
P-7832,EC-PUMP-RECIP
PT-7833,EC-INST-PT
TT-7834,EC-INST-TT
FT-7835,EC-INST-FT
P-7836,EC-PUMP-RECIP
P-7837,EC-PUMP-CENTR
LT-7838,EC-INST-LT
FT-7839,EC-INST-FT
FT-7840,EC-INST-FT
FT-7841,EC-INST-FT
XV-7842,EC-VALVE-ISO
FT-7843,EC-INST-FT
P-7844,EC-PUMP-CENTR
XV-7845,EC-VALVE-ISO
P-7846,EC-PUMP-CENTR
K-7847,EC-COMPRESSOR-CENTR
XV-7848,EC-VALVE-ISO
XV-7849,EC-VALVE-ISO
P-7850,EC-PUMP-CENTR
P-7851,EC-PUMP-CENTR
PT-7852,EC-INST-PT
PT-7853,EC-INST-PT
PSV-7854,EC-VALVE-RELIEF
P-7855,EC-PUMP-RECIP
PSV-7856,EC-VALVE-RELIEF
FT-7857,EC-INST-FT
PT-7858,EC-INST-PT
LT-7859,EC-INST-LT
PT-7860,EC-INST-PT
P-7861,EC-PUMP-CENTR
V-7862,EC-VESSEL-SEP
P-7863,EC-PUMP-RECIP
P-7864,EC-PUMP-RECIP
K-7865,EC-COMPRESSOR-CENTR
FCV-7866,EC-VALVE-CTRL
FT-7867,EC-INST-FT
TT-7868,EC-INST-TT
V-7869,EC-VESSEL-SEP
E-7870,EC-HEATEXCH-SHELL
COL-7871,EC-VESSEL-COL
LT-7872,EC-INST-LT
COL-7873,EC-VESSEL-COL
V-7874,EC-VESSEL-SEP
TT-7875,EC-INST-TT
P-7876,EC-PUMP-CENTR
XV-7877,EC-VALVE-ISO
XV-7878,EC-VALVE-ISO
E-7879,EC-HEATEXCH-SHELL
V-7880,EC-VESSEL-SEP
XV-7881,EC-VALVE-ISO
PSV-7882,EC-VALVE-RELIEF
PT-7883,EC-INST-PT
P-7884,EC-PUMP-RECIP
P-7885,EC-PUMP-CENTR
FT-7886,EC-INST-FT
K-7887,EC-COMPRESSOR-CENTR
COL-7888,EC-VESSEL-COL
P-7889,EC-PUMP-CENTR
FCV-7890,EC-VALVE-CTRL
COL-7891,EC-VESSEL-COL
V-7892,EC-VESSEL-SEP
P-7893,EC-PUMP-CENTR
V-7894,EC-VESSEL-SEP
V-7895,EC-VESSEL-SEP
FT-7896,EC-INST-FT
COL-7897,EC-VESSEL-COL
K-7898,EC-COMPRESSOR-CENTR
PT-7899,EC-INST-PT
K-7900,EC-COMPRESSOR-CENTR
K-7901,EC-COMPRESSOR-CENTR
LT-7902,EC-INST-LT
COL-7903,EC-VESSEL-COL
COL-7904,EC-VESSEL-COL
FT-7905,EC-INST-FT
E-7906,EC-HEATEXCH-SHELL
K-7907,EC-COMPRESSOR-CENTR
V-7908,EC-VESSEL-SEP
FCV-7909,EC-VALVE-CTRL
P-7910,EC-PUMP-RECIP
FCV-7911,EC-VALVE-CTRL
P-7912,EC-PUMP-RECIP
FCV-7913,EC-VALVE-CTRL
FT-7914,EC-INST-FT
E-7915,EC-HEATEXCH-SHELL
TT-7916,EC-INST-TT
PSV-7917,EC-VALVE-RELIEF
TT-7918,EC-INST-TT
PT-7919,EC-INST-PT
XV-7920,EC-VALVE-ISO
K-7921,EC-COMPRESSOR-CENTR
K-7922,EC-COMPRESSOR-CENTR
LT-7923,EC-INST-LT
PT-7924,EC-INST-PT
PT-7925,EC-INST-PT
FT-7926,EC-INST-FT
COL-7927,EC-VESSEL-COL
PT-7928,EC-INST-PT
COL-7929,EC-VESSEL-COL
FT-7930,EC-INST-FT
XV-7931,EC-VALVE-ISO
PT-7932,EC-INST-PT
FCV-7933,EC-VALVE-CTRL
P-7934,EC-PUMP-CENTR
K-7935,EC-COMPRESSOR-CENTR
P-7936,EC-PUMP-CENTR
TT-7937,EC-INST-TT
LT-7938,EC-INST-LT
TT-7939,EC-INST-TT
PSV-7940,EC-VALVE-RELIEF
TT-7941,EC-INST-TT
K-7942,EC-COMPRESSOR-CENTR
XV-7943,EC-VALVE-ISO
V-7944,EC-VESSEL-SEP
TT-7945,EC-INST-TT
LT-7946,EC-INST-LT
E-7947,EC-HEATEXCH-SHELL
COL-7948,EC-VESSEL-COL
PSV-7949,EC-VALVE-RELIEF
E-7950,EC-HEATEXCH-SHELL
E-7951,EC-HEATEXCH-SHELL
COL-7952,EC-VESSEL-COL
FT-7953,EC-INST-FT
E-7954,EC-HEATEXCH-SHELL
P-7955,EC-PUMP-CENTR
XV-7956,EC-VALVE-ISO
LT-7957,EC-INST-LT
P-7958,EC-PUMP-RECIP
FCV-7959,EC-VALVE-CTRL
PT-7960,EC-INST-PT
PSV-7961,EC-VALVE-RELIEF
XV-7962,EC-VALVE-ISO
COL-7963,EC-VESSEL-COL
FT-7964,EC-INST-FT
TT-7965,EC-INST-TT
P-7966,EC-PUMP-RECIP
V-7967,EC-VESSEL-SEP
P-7968,EC-PUMP-CENTR
K-7969,EC-COMPRESSOR-CENTR
PT-7970,EC-INST-PT
PSV-7971,EC-VALVE-RELIEF
K-7972,EC-COMPRESSOR-CENTR
LT-7973,EC-INST-LT
K-7974,EC-COMPRESSOR-CENTR
PSV-7975,EC-VALVE-RELIEF
K-7976,EC-COMPRESSOR-CENTR
V-7977,EC-VESSEL-SEP
LT-7978,EC-INST-LT
PT-7979,EC-INST-PT
FT-7980,EC-INST-FT
PT-7981,EC-INST-PT
COL-7982,EC-VESSEL-COL
V-7983,EC-VESSEL-SEP
XV-7984,EC-VALVE-ISO
V-7985,EC-VESSEL-SEP
TT-7986,EC-INST-TT
PT-7987,EC-INST-PT
XV-7988,EC-VALVE-ISO
FCV-7989,EC-VALVE-CTRL
TT-7990,EC-INST-TT
K-7991,EC-COMPRESSOR-CENTR
V-7992,EC-VESSEL-SEP
K-7993,EC-COMPRESSOR-CENTR
E-7994,EC-HEATEXCH-SHELL
FT-7995,EC-INST-FT
XV-7996,EC-VALVE-ISO
P-7997,EC-PUMP-RECIP
LT-7998,EC-INST-LT
PSV-7999,EC-VALVE-RELIEF
K-8000,EC-COMPRESSOR-CENTR
PSV-8001,EC-VALVE-RELIEF
PT-8002,EC-INST-PT
K-8003,EC-COMPRESSOR-CENTR
K-8004,EC-COMPRESSOR-CENTR
V-8005,EC-VESSEL-SEP
P-8006,EC-PUMP-RECIP
LT-8007,EC-INST-LT
V-8008,EC-VESSEL-SEP
E-8009,EC-HEATEXCH-SHELL
TT-8010,EC-INST-TT
V-8011,EC-VESSEL-SEP
PT-8012,EC-INST-PT
PSV-8013,EC-VALVE-RELIEF
FCV-8014,EC-VALVE-CTRL
FCV-8015,EC-VALVE-CTRL
K-8016,EC-COMPRESSOR-CENTR
XV-8017,EC-VALVE-ISO
P-8018,EC-PUMP-CENTR
PSV-8019,EC-VALVE-RELIEF
PT-8020,EC-INST-PT
PT-8021,EC-INST-PT
P-8022,EC-PUMP-CENTR
XV-8023,EC-VALVE-ISO
K-8024,EC-COMPRESSOR-CENTR
P-8025,EC-PUMP-RECIP
COL-8026,EC-VESSEL-COL
FT-8027,EC-INST-FT
FT-8028,EC-INST-FT
COL-8029,EC-VESSEL-COL
P-8030,EC-PUMP-RECIP
V-8031,EC-VESSEL-SEP
XV-8032,EC-VALVE-ISO
K-8033,EC-COMPRESSOR-CENTR
V-8034,EC-VESSEL-SEP
XV-8035,EC-VALVE-ISO
E-8036,EC-HEATEXCH-SHELL
V-8037,EC-VESSEL-SEP
COL-8038,EC-VESSEL-COL
FT-8039,EC-INST-FT
LT-8040,EC-INST-LT
PT-8041,EC-INST-PT
XV-8042,EC-VALVE-ISO
PSV-8043,EC-VALVE-RELIEF
P-8044,EC-PUMP-RECIP
FCV-8045,EC-VALVE-CTRL
PSV-8046,EC-VALVE-RELIEF
PSV-8047,EC-VALVE-RELIEF
P-8048,EC-PUMP-CENTR
K-8049,EC-COMPRESSOR-CENTR
FT-8050,EC-INST-FT
XV-8051,EC-VALVE-ISO
PSV-8052,EC-VALVE-RELIEF
E-8053,EC-HEATEXCH-SHELL
LT-8054,EC-INST-LT
E-8055,EC-HEATEXCH-SHELL
E-8056,EC-HEATEXCH-SHELL
K-8057,EC-COMPRESSOR-CENTR
PSV-8058,EC-VALVE-RELIEF
XV-8059,EC-VALVE-ISO
TT-8060,EC-INST-TT
V-8061,EC-VESSEL-SEP
PT-8062,EC-INST-PT
V-8063,EC-VESSEL-SEP
COL-8064,EC-VESSEL-COL
K-8065,EC-COMPRESSOR-CENTR
E-8066,EC-HEATEXCH-SHELL
PSV-8067,EC-VALVE-RELIEF
P-8068,EC-PUMP-RECIP
PT-8069,EC-INST-PT
P-8070,EC-PUMP-RECIP
XV-8071,EC-VALVE-ISO
COL-8072,EC-VESSEL-COL
PT-8073,EC-INST-PT
COL-8074,EC-VESSEL-COL
K-8075,EC-COMPRESSOR-CENTR
LT-8076,EC-INST-LT
K-8077,EC-COMPRESSOR-CENTR
V-8078,EC-VESSEL-SEP
V-8079,EC-VESSEL-SEP
K-8080,EC-COMPRESSOR-CENTR
LT-8081,EC-INST-LT
V-8082,EC-VESSEL-SEP
V-8083,EC-VESSEL-SEP
P-8084,EC-PUMP-CENTR
K-8085,EC-COMPRESSOR-CENTR
PSV-8086,EC-VALVE-RELIEF
V-8087,EC-VESSEL-SEP
P-8088,EC-PUMP-RECIP
PT-8089,EC-INST-PT
COL-8090,EC-VESSEL-COL
FT-8091,EC-INST-FT
TT-8092,EC-INST-TT
XV-8093,EC-VALVE-ISO
P-8094,EC-PUMP-CENTR
COL-8095,EC-VESSEL-COL
V-8096,EC-VESSEL-SEP
K-8097,EC-COMPRESSOR-CENTR
TT-8098,EC-INST-TT
PSV-8099,EC-VALVE-RELIEF
V-8100,EC-VESSEL-SEP
PSV-8101,EC-VALVE-RELIEF
PSV-8102,EC-VALVE-RELIEF
FT-8103,EC-INST-FT
FT-8104,EC-INST-FT
LT-8105,EC-INST-LT
LT-8106,EC-INST-LT
PSV-8107,EC-VALVE-RELIEF
LT-8108,EC-INST-LT
COL-8109,EC-VESSEL-COL
FCV-8110,EC-VALVE-CTRL
P-8111,EC-PUMP-RECIP
XV-8112,EC-VALVE-ISO
TT-8113,EC-INST-TT
FT-8114,EC-INST-FT
K-8115,EC-COMPRESSOR-CENTR
P-8116,EC-PUMP-CENTR
TT-8117,EC-INST-TT
FCV-8118,EC-VALVE-CTRL
COL-8119,EC-VESSEL-COL
PSV-8120,EC-VALVE-RELIEF
P-8121,EC-PUMP-CENTR
E-8122,EC-HEATEXCH-SHELL
TT-8123,EC-INST-TT
FCV-8124,EC-VALVE-CTRL
FT-8125,EC-INST-FT
FCV-8126,EC-VALVE-CTRL
LT-8127,EC-INST-LT
TT-8128,EC-INST-TT
P-8129,EC-PUMP-RECIP
FCV-8130,EC-VALVE-CTRL
XV-8131,EC-VALVE-ISO
PT-8132,EC-INST-PT
PSV-8133,EC-VALVE-RELIEF
V-8134,EC-VESSEL-SEP
P-8135,EC-PUMP-CENTR
K-8136,EC-COMPRESSOR-CENTR
P-8137,EC-PUMP-CENTR
FT-8138,EC-INST-FT
E-8139,EC-HEATEXCH-SHELL
PSV-8140,EC-VALVE-RELIEF
P-8141,EC-PUMP-CENTR
FT-8142,EC-INST-FT
P-8143,EC-PUMP-RECIP
K-8144,EC-COMPRESSOR-CENTR
LT-8145,EC-INST-LT
FT-8146,EC-INST-FT
P-8147,EC-PUMP-RECIP
FCV-8148,EC-VALVE-CTRL
LT-8149,EC-INST-LT
P-8150,EC-PUMP-CENTR
XV-8151,EC-VALVE-ISO
P-8152,EC-PUMP-CENTR
V-8153,EC-VESSEL-SEP
P-8154,EC-PUMP-CENTR
P-8155,EC-PUMP-RECIP
PSV-8156,EC-VALVE-RELIEF
P-8157,EC-PUMP-CENTR
E-8158,EC-HEATEXCH-SHELL
TT-8159,EC-INST-TT
P-8160,EC-PUMP-CENTR
PT-8161,EC-INST-PT
LT-8162,EC-INST-LT
K-8163,EC-COMPRESSOR-CENTR
LT-8164,EC-INST-LT
TT-8165,EC-INST-TT
LT-8166,EC-INST-LT
P-8167,EC-PUMP-CENTR
COL-8168,EC-VESSEL-COL
COL-8169,EC-VESSEL-COL
PSV-8170,EC-VALVE-RELIEF
P-8171,EC-PUMP-CENTR
PSV-8172,EC-VALVE-RELIEF
K-8173,EC-COMPRESSOR-CENTR
FCV-8174,EC-VALVE-CTRL
FT-8175,EC-INST-FT
FCV-8176,EC-VALVE-CTRL
FT-8177,EC-INST-FT
PT-8178,EC-INST-PT
K-8179,EC-COMPRESSOR-CENTR
P-8180,EC-PUMP-CENTR
P-8181,EC-PUMP-RECIP
PT-8182,EC-INST-PT
FT-8183,EC-INST-FT
FCV-8184,EC-VALVE-CTRL
XV-8185,EC-VALVE-ISO
K-8186,EC-COMPRESSOR-CENTR
FT-8187,EC-INST-FT
P-8188,EC-PUMP-RECIP
V-8189,EC-VESSEL-SEP
COL-8190,EC-VESSEL-COL
PT-8191,EC-INST-PT
P-8192,EC-PUMP-RECIP
FT-8193,EC-INST-FT
FT-8194,EC-INST-FT
K-8195,EC-COMPRESSOR-CENTR
LT-8196,EC-INST-LT
E-8197,EC-HEATEXCH-SHELL
P-8198,EC-PUMP-RECIP
FT-8199,EC-INST-FT
V-8200,EC-VESSEL-SEP
P-8201,EC-PUMP-RECIP
P-8202,EC-PUMP-CENTR
XV-8203,EC-VALVE-ISO
V-8204,EC-VESSEL-SEP
LT-8205,EC-INST-LT
PSV-8206,EC-VALVE-RELIEF
P-8207,EC-PUMP-RECIP
K-8208,EC-COMPRESSOR-CENTR
PSV-8209,EC-VALVE-RELIEF
FCV-8210,EC-VALVE-CTRL
P-8211,EC-PUMP-CENTR
PT-8212,EC-INST-PT
K-8213,EC-COMPRESSOR-CENTR
XV-8214,EC-VALVE-ISO
P-8215,EC-PUMP-RECIP
PSV-8216,EC-VALVE-RELIEF
LT-8217,EC-INST-LT
LT-8218,EC-INST-LT
PT-8219,EC-INST-PT
P-8220,EC-PUMP-RECIP
XV-8221,EC-VALVE-ISO
PSV-8222,EC-VALVE-RELIEF
COL-8223,EC-VESSEL-COL
P-8224,EC-PUMP-CENTR
E-8225,EC-HEATEXCH-SHELL
P-8226,EC-PUMP-RECIP
PT-8227,EC-INST-PT
PT-8228,EC-INST-PT
PSV-8229,EC-VALVE-RELIEF
COL-8230,EC-VESSEL-COL
COL-8231,EC-VESSEL-COL
P-8232,EC-PUMP-RECIP
XV-8233,EC-VALVE-ISO
K-8234,EC-COMPRESSOR-CENTR
FT-8235,EC-INST-FT
FCV-8236,EC-VALVE-CTRL
FT-8237,EC-INST-FT
FT-8238,EC-INST-FT
P-8239,EC-PUMP-CENTR
FCV-8240,EC-VALVE-CTRL
COL-8241,EC-VESSEL-COL
E-8242,EC-HEATEXCH-SHELL
FT-8243,EC-INST-FT
FCV-8244,EC-VALVE-CTRL
V-8245,EC-VESSEL-SEP
TT-8246,EC-INST-TT
P-8247,EC-PUMP-CENTR
XV-8248,EC-VALVE-ISO
LT-8249,EC-INST-LT
P-8250,EC-PUMP-CENTR
K-8251,EC-COMPRESSOR-CENTR
V-8252,EC-VESSEL-SEP
P-8253,EC-PUMP-RECIP
E-8254,EC-HEATEXCH-SHELL
TT-8255,EC-INST-TT
XV-8256,EC-VALVE-ISO
LT-8257,EC-INST-LT
FT-8258,EC-INST-FT
P-8259,EC-PUMP-CENTR
PT-8260,EC-INST-PT
PSV-8261,EC-VALVE-RELIEF
V-8262,EC-VESSEL-SEP
COL-8263,EC-VESSEL-COL
P-8264,EC-PUMP-RECIP
V-8265,EC-VESSEL-SEP
FCV-8266,EC-VALVE-CTRL
PT-8267,EC-INST-PT
E-8268,EC-HEATEXCH-SHELL
PT-8269,EC-INST-PT
P-8270,EC-PUMP-CENTR
V-8271,EC-VESSEL-SEP
P-8272,EC-PUMP-CENTR
P-8273,EC-PUMP-RECIP
E-8274,EC-HEATEXCH-SHELL
COL-8275,EC-VESSEL-COL
V-8276,EC-VESSEL-SEP
FCV-8277,EC-VALVE-CTRL
PSV-8278,EC-VALVE-RELIEF
COL-8279,EC-VESSEL-COL
FCV-8280,EC-VALVE-CTRL
K-8281,EC-COMPRESSOR-CENTR
E-8282,EC-HEATEXCH-SHELL
P-8283,EC-PUMP-CENTR
TT-8284,EC-INST-TT
XV-8285,EC-VALVE-ISO
PT-8286,EC-INST-PT
FCV-8287,EC-VALVE-CTRL
COL-8288,EC-VESSEL-COL
PT-8289,EC-INST-PT
LT-8290,EC-INST-LT
V-8291,EC-VESSEL-SEP
LT-8292,EC-INST-LT
PT-8293,EC-INST-PT
P-8294,EC-PUMP-RECIP
COL-8295,EC-VESSEL-COL
COL-8296,EC-VESSEL-COL
COL-8297,EC-VESSEL-COL
E-8298,EC-HEATEXCH-SHELL
COL-8299,EC-VESSEL-COL
E-8300,EC-HEATEXCH-SHELL
P-8301,EC-PUMP-RECIP
FT-8302,EC-INST-FT
TT-8303,EC-INST-TT
P-8304,EC-PUMP-RECIP
TT-8305,EC-INST-TT
P-8306,EC-PUMP-CENTR
PSV-8307,EC-VALVE-RELIEF
TT-8308,EC-INST-TT
XV-8309,EC-VALVE-ISO
FT-8310,EC-INST-FT
PT-8311,EC-INST-PT
LT-8312,EC-INST-LT
PT-8313,EC-INST-PT
FT-8314,EC-INST-FT
TT-8315,EC-INST-TT
FCV-8316,EC-VALVE-CTRL
PSV-8317,EC-VALVE-RELIEF
TT-8318,EC-INST-TT
TT-8319,EC-INST-TT
P-8320,EC-PUMP-RECIP
E-8321,EC-HEATEXCH-SHELL
COL-8322,EC-VESSEL-COL
K-8323,EC-COMPRESSOR-CENTR
XV-8324,EC-VALVE-ISO
PSV-8325,EC-VALVE-RELIEF
K-8326,EC-COMPRESSOR-CENTR
COL-8327,EC-VESSEL-COL
V-8328,EC-VESSEL-SEP
FCV-8329,EC-VALVE-CTRL
FCV-8330,EC-VALVE-CTRL
V-8331,EC-VESSEL-SEP
PSV-8332,EC-VALVE-RELIEF
XV-8333,EC-VALVE-ISO
LT-8334,EC-INST-LT
P-8335,EC-PUMP-CENTR
LT-8336,EC-INST-LT
E-8337,EC-HEATEXCH-SHELL
PT-8338,EC-INST-PT
PT-8339,EC-INST-PT
LT-8340,EC-INST-LT
FCV-8341,EC-VALVE-CTRL
K-8342,EC-COMPRESSOR-CENTR
XV-8343,EC-VALVE-ISO
TT-8344,EC-INST-TT
XV-8345,EC-VALVE-ISO
K-8346,EC-COMPRESSOR-CENTR
XV-8347,EC-VALVE-ISO
PT-8348,EC-INST-PT
K-8349,EC-COMPRESSOR-CENTR
PSV-8350,EC-VALVE-RELIEF
COL-8351,EC-VESSEL-COL
P-8352,EC-PUMP-CENTR
P-8353,EC-PUMP-CENTR
COL-8354,EC-VESSEL-COL
COL-8355,EC-VESSEL-COL
PT-8356,EC-INST-PT
V-8357,EC-VESSEL-SEP
FCV-8358,EC-VALVE-CTRL
P-8359,EC-PUMP-CENTR
TT-8360,EC-INST-TT
P-8361,EC-PUMP-RECIP
K-8362,EC-COMPRESSOR-CENTR
PT-8363,EC-INST-PT
FCV-8364,EC-VALVE-CTRL
LT-8365,EC-INST-LT
FCV-8366,EC-VALVE-CTRL
PSV-8367,EC-VALVE-RELIEF
K-8368,EC-COMPRESSOR-CENTR
FCV-8369,EC-VALVE-CTRL
PSV-8370,EC-VALVE-RELIEF
TT-8371,EC-INST-TT
K-8372,EC-COMPRESSOR-CENTR
FT-8373,EC-INST-FT
LT-8374,EC-INST-LT
P-8375,EC-PUMP-CENTR
V-8376,EC-VESSEL-SEP
P-8377,EC-PUMP-CENTR
XV-8378,EC-VALVE-ISO
XV-8379,EC-VALVE-ISO
V-8380,EC-VESSEL-SEP
TT-8381,EC-INST-TT
LT-8382,EC-INST-LT
LT-8383,EC-INST-LT
PSV-8384,EC-VALVE-RELIEF
FCV-8385,EC-VALVE-CTRL
K-8386,EC-COMPRESSOR-CENTR
LT-8387,EC-INST-LT
V-8388,EC-VESSEL-SEP
P-8389,EC-PUMP-CENTR
PSV-8390,EC-VALVE-RELIEF
PSV-8391,EC-VALVE-RELIEF
PT-8392,EC-INST-PT
P-8393,EC-PUMP-CENTR
XV-8394,EC-VALVE-ISO
COL-8395,EC-VESSEL-COL
FT-8396,EC-INST-FT
COL-8397,EC-VESSEL-COL
COL-8398,EC-VESSEL-COL
PT-8399,EC-INST-PT
FCV-8400,EC-VALVE-CTRL
PT-8401,EC-INST-PT
PT-8402,EC-INST-PT
LT-8403,EC-INST-LT
PT-8404,EC-INST-PT
PT-8405,EC-INST-PT
E-8406,EC-HEATEXCH-SHELL
K-8407,EC-COMPRESSOR-CENTR
K-8408,EC-COMPRESSOR-CENTR
P-8409,EC-PUMP-RECIP
FT-8410,EC-INST-FT
LT-8411,EC-INST-LT
P-8412,EC-PUMP-CENTR
PSV-8413,EC-VALVE-RELIEF
COL-8414,EC-VESSEL-COL
PSV-8415,EC-VALVE-RELIEF
E-8416,EC-HEATEXCH-SHELL
XV-8417,EC-VALVE-ISO
FT-8418,EC-INST-FT
TT-8419,EC-INST-TT
FCV-8420,EC-VALVE-CTRL
PSV-8421,EC-VALVE-RELIEF
E-8422,EC-HEATEXCH-SHELL
V-8423,EC-VESSEL-SEP
E-8424,EC-HEATEXCH-SHELL
P-8425,EC-PUMP-RECIP
COL-8426,EC-VESSEL-COL
P-8427,EC-PUMP-RECIP
P-8428,EC-PUMP-CENTR
FT-8429,EC-INST-FT
LT-8430,EC-INST-LT
PSV-8431,EC-VALVE-RELIEF
PSV-8432,EC-VALVE-RELIEF
P-8433,EC-PUMP-CENTR
K-8434,EC-COMPRESSOR-CENTR
COL-8435,EC-VESSEL-COL
V-8436,EC-VESSEL-SEP
PSV-8437,EC-VALVE-RELIEF
P-8438,EC-PUMP-RECIP
P-8439,EC-PUMP-RECIP
FT-8440,EC-INST-FT
P-8441,EC-PUMP-RECIP
LT-8442,EC-INST-LT
XV-8443,EC-VALVE-ISO
P-8444,EC-PUMP-CENTR
FT-8445,EC-INST-FT
COL-8446,EC-VESSEL-COL
E-8447,EC-HEATEXCH-SHELL
FCV-8448,EC-VALVE-CTRL
COL-8449,EC-VESSEL-COL
V-8450,EC-VESSEL-SEP
COL-8451,EC-VESSEL-COL
FT-8452,EC-INST-FT
K-8453,EC-COMPRESSOR-CENTR
K-8454,EC-COMPRESSOR-CENTR
P-8455,EC-PUMP-RECIP
K-8456,EC-COMPRESSOR-CENTR
E-8457,EC-HEATEXCH-SHELL
TT-8458,EC-INST-TT
PSV-8459,EC-VALVE-RELIEF
PSV-8460,EC-VALVE-RELIEF
FT-8461,EC-INST-FT
P-8462,EC-PUMP-RECIP
LT-8463,EC-INST-LT
LT-8464,EC-INST-LT
XV-8465,EC-VALVE-ISO
P-8466,EC-PUMP-CENTR
PSV-8467,EC-VALVE-RELIEF
P-8468,EC-PUMP-RECIP
TT-8469,EC-INST-TT
K-8470,EC-COMPRESSOR-CENTR
FT-8471,EC-INST-FT
TT-8472,EC-INST-TT
P-8473,EC-PUMP-CENTR
P-8474,EC-PUMP-CENTR
LT-8475,EC-INST-LT
K-8476,EC-COMPRESSOR-CENTR
K-8477,EC-COMPRESSOR-CENTR
P-8478,EC-PUMP-CENTR
V-8479,EC-VESSEL-SEP
PT-8480,EC-INST-PT
FT-8481,EC-INST-FT
FT-8482,EC-INST-FT
P-8483,EC-PUMP-CENTR
K-8484,EC-COMPRESSOR-CENTR
K-8485,EC-COMPRESSOR-CENTR
P-8486,EC-PUMP-RECIP
TT-8487,EC-INST-TT
K-8488,EC-COMPRESSOR-CENTR
V-8489,EC-VESSEL-SEP
XV-8490,EC-VALVE-ISO
TT-8491,EC-INST-TT
COL-8492,EC-VESSEL-COL
E-8493,EC-HEATEXCH-SHELL
COL-8494,EC-VESSEL-COL
P-8495,EC-PUMP-CENTR
TT-8496,EC-INST-TT
PT-8497,EC-INST-PT
COL-8498,EC-VESSEL-COL
PSV-8499,EC-VALVE-RELIEF
E-8500,EC-HEATEXCH-SHELL
E-8501,EC-HEATEXCH-SHELL
PT-8502,EC-INST-PT
FT-8503,EC-INST-FT
PSV-8504,EC-VALVE-RELIEF
TT-8505,EC-INST-TT
PT-8506,EC-INST-PT
TT-8507,EC-INST-TT
PSV-8508,EC-VALVE-RELIEF
LT-8509,EC-INST-LT
FCV-8510,EC-VALVE-CTRL
P-8511,EC-PUMP-RECIP
FCV-8512,EC-VALVE-CTRL
K-8513,EC-COMPRESSOR-CENTR
P-8514,EC-PUMP-RECIP
PSV-8515,EC-VALVE-RELIEF
COL-8516,EC-VESSEL-COL
FCV-8517,EC-VALVE-CTRL
V-8518,EC-VESSEL-SEP
XV-8519,EC-VALVE-ISO
K-8520,EC-COMPRESSOR-CENTR
E-8521,EC-HEATEXCH-SHELL
E-8522,EC-HEATEXCH-SHELL
FT-8523,EC-INST-FT
FCV-8524,EC-VALVE-CTRL
PT-8525,EC-INST-PT
LT-8526,EC-INST-LT
K-8527,EC-COMPRESSOR-CENTR
PT-8528,EC-INST-PT
V-8529,EC-VESSEL-SEP
FT-8530,EC-INST-FT
V-8531,EC-VESSEL-SEP
PT-8532,EC-INST-PT
PSV-8533,EC-VALVE-RELIEF
XV-8534,EC-VALVE-ISO
PT-8535,EC-INST-PT
V-8536,EC-VESSEL-SEP
K-8537,EC-COMPRESSOR-CENTR
P-8538,EC-PUMP-RECIP
P-8539,EC-PUMP-CENTR
K-8540,EC-COMPRESSOR-CENTR
PT-8541,EC-INST-PT
PT-8542,EC-INST-PT
FCV-8543,EC-VALVE-CTRL
K-8544,EC-COMPRESSOR-CENTR
PT-8545,EC-INST-PT
FCV-8546,EC-VALVE-CTRL
PT-8547,EC-INST-PT
FT-8548,EC-INST-FT
V-8549,EC-VESSEL-SEP
P-8550,EC-PUMP-CENTR
LT-8551,EC-INST-LT
XV-8552,EC-VALVE-ISO
PSV-8553,EC-VALVE-RELIEF
V-8554,EC-VESSEL-SEP
V-8555,EC-VESSEL-SEP
LT-8556,EC-INST-LT
PT-8557,EC-INST-PT
LT-8558,EC-INST-LT
E-8559,EC-HEATEXCH-SHELL
V-8560,EC-VESSEL-SEP
K-8561,EC-COMPRESSOR-CENTR
LT-8562,EC-INST-LT
V-8563,EC-VESSEL-SEP
FCV-8564,EC-VALVE-CTRL
E-8565,EC-HEATEXCH-SHELL
FCV-8566,EC-VALVE-CTRL
COL-8567,EC-VESSEL-COL
K-8568,EC-COMPRESSOR-CENTR
K-8569,EC-COMPRESSOR-CENTR
FT-8570,EC-INST-FT
E-8571,EC-HEATEXCH-SHELL
P-8572,EC-PUMP-CENTR
K-8573,EC-COMPRESSOR-CENTR
COL-8574,EC-VESSEL-COL
FCV-8575,EC-VALVE-CTRL
COL-8576,EC-VESSEL-COL
PT-8577,EC-INST-PT
V-8578,EC-VESSEL-SEP
PT-8579,EC-INST-PT
COL-8580,EC-VESSEL-COL
FCV-8581,EC-VALVE-CTRL
PSV-8582,EC-VALVE-RELIEF
TT-8583,EC-INST-TT
PT-8584,EC-INST-PT
PT-8585,EC-INST-PT
E-8586,EC-HEATEXCH-SHELL
P-8587,EC-PUMP-RECIP
E-8588,EC-HEATEXCH-SHELL
FCV-8589,EC-VALVE-CTRL
P-8590,EC-PUMP-RECIP
PSV-8591,EC-VALVE-RELIEF
V-8592,EC-VESSEL-SEP
PSV-8593,EC-VALVE-RELIEF
E-8594,EC-HEATEXCH-SHELL
FCV-8595,EC-VALVE-CTRL
FCV-8596,EC-VALVE-CTRL
E-8597,EC-HEATEXCH-SHELL
E-8598,EC-HEATEXCH-SHELL
E-8599,EC-HEATEXCH-SHELL
LT-8600,EC-INST-LT
P-8601,EC-PUMP-CENTR
XV-8602,EC-VALVE-ISO
FCV-8603,EC-VALVE-CTRL
COL-8604,EC-VESSEL-COL
TT-8605,EC-INST-TT
E-8606,EC-HEATEXCH-SHELL
FT-8607,EC-INST-FT
PSV-8608,EC-VALVE-RELIEF
V-8609,EC-VESSEL-SEP
XV-8610,EC-VALVE-ISO
LT-8611,EC-INST-LT
PSV-8612,EC-VALVE-RELIEF
PSV-8613,EC-VALVE-RELIEF
XV-8614,EC-VALVE-ISO
V-8615,EC-VESSEL-SEP
P-8616,EC-PUMP-CENTR
COL-8617,EC-VESSEL-COL
PT-8618,EC-INST-PT
V-8619,EC-VESSEL-SEP
TT-8620,EC-INST-TT
K-8621,EC-COMPRESSOR-CENTR
FT-8622,EC-INST-FT
PSV-8623,EC-VALVE-RELIEF
P-8624,EC-PUMP-RECIP
FT-8625,EC-INST-FT
PT-8626,EC-INST-PT
PT-8627,EC-INST-PT
P-8628,EC-PUMP-CENTR
XV-8629,EC-VALVE-ISO
TT-8630,EC-INST-TT
V-8631,EC-VESSEL-SEP
XV-8632,EC-VALVE-ISO
FT-8633,EC-INST-FT
K-8634,EC-COMPRESSOR-CENTR
V-8635,EC-VESSEL-SEP
FCV-8636,EC-VALVE-CTRL
TT-8637,EC-INST-TT
K-8638,EC-COMPRESSOR-CENTR
TT-8639,EC-INST-TT
PSV-8640,EC-VALVE-RELIEF
P-8641,EC-PUMP-CENTR
K-8642,EC-COMPRESSOR-CENTR
V-8643,EC-VESSEL-SEP
LT-8644,EC-INST-LT
XV-8645,EC-VALVE-ISO
TT-8646,EC-INST-TT
TT-8647,EC-INST-TT
COL-8648,EC-VESSEL-COL
FCV-8649,EC-VALVE-CTRL
K-8650,EC-COMPRESSOR-CENTR
V-8651,EC-VESSEL-SEP
P-8652,EC-PUMP-RECIP
P-8653,EC-PUMP-CENTR
P-8654,EC-PUMP-RECIP
XV-8655,EC-VALVE-ISO
FT-8656,EC-INST-FT
E-8657,EC-HEATEXCH-SHELL
PT-8658,EC-INST-PT
LT-8659,EC-INST-LT
FCV-8660,EC-VALVE-CTRL
TT-8661,EC-INST-TT
E-8662,EC-HEATEXCH-SHELL
E-8663,EC-HEATEXCH-SHELL
K-8664,EC-COMPRESSOR-CENTR
TT-8665,EC-INST-TT
E-8666,EC-HEATEXCH-SHELL
K-8667,EC-COMPRESSOR-CENTR
LT-8668,EC-INST-LT
LT-8669,EC-INST-LT
P-8670,EC-PUMP-RECIP
PT-8671,EC-INST-PT
FT-8672,EC-INST-FT
P-8673,EC-PUMP-CENTR
COL-8674,EC-VESSEL-COL
COL-8675,EC-VESSEL-COL
P-8676,EC-PUMP-RECIP
P-8677,EC-PUMP-CENTR
P-8678,EC-PUMP-RECIP
E-8679,EC-HEATEXCH-SHELL
PT-8680,EC-INST-PT
TT-8681,EC-INST-TT
P-8682,EC-PUMP-RECIP
PT-8683,EC-INST-PT
P-8684,EC-PUMP-RECIP
P-8685,EC-PUMP-RECIP
COL-8686,EC-VESSEL-COL
XV-8687,EC-VALVE-ISO
PSV-8688,EC-VALVE-RELIEF
FCV-8689,EC-VALVE-CTRL
COL-8690,EC-VESSEL-COL
COL-8691,EC-VESSEL-COL
FCV-8692,EC-VALVE-CTRL
FCV-8693,EC-VALVE-CTRL
P-8694,EC-PUMP-CENTR
P-8695,EC-PUMP-CENTR
TT-8696,EC-INST-TT
PT-8697,EC-INST-PT
FCV-8698,EC-VALVE-CTRL
FCV-8699,EC-VALVE-CTRL
PT-8700,EC-INST-PT
FT-8701,EC-INST-FT
P-8702,EC-PUMP-CENTR
FCV-8703,EC-VALVE-CTRL
PSV-8704,EC-VALVE-RELIEF
E-8705,EC-HEATEXCH-SHELL
K-8706,EC-COMPRESSOR-CENTR
XV-8707,EC-VALVE-ISO
P-8708,EC-PUMP-CENTR
PSV-8709,EC-VALVE-RELIEF
PSV-8710,EC-VALVE-RELIEF
COL-8711,EC-VESSEL-COL
E-8712,EC-HEATEXCH-SHELL
LT-8713,EC-INST-LT
TT-8714,EC-INST-TT
FT-8715,EC-INST-FT
XV-8716,EC-VALVE-ISO
K-8717,EC-COMPRESSOR-CENTR
FCV-8718,EC-VALVE-CTRL
TT-8719,EC-INST-TT
P-8720,EC-PUMP-RECIP
P-8721,EC-PUMP-CENTR
P-8722,EC-PUMP-RECIP
FCV-8723,EC-VALVE-CTRL
XV-8724,EC-VALVE-ISO
XV-8725,EC-VALVE-ISO
V-8726,EC-VESSEL-SEP
P-8727,EC-PUMP-CENTR
K-8728,EC-COMPRESSOR-CENTR
E-8729,EC-HEATEXCH-SHELL
XV-8730,EC-VALVE-ISO
PT-8731,EC-INST-PT
FCV-8732,EC-VALVE-CTRL
COL-8733,EC-VESSEL-COL
E-8734,EC-HEATEXCH-SHELL
COL-8735,EC-VESSEL-COL
FT-8736,EC-INST-FT
FT-8737,EC-INST-FT
LT-8738,EC-INST-LT
FCV-8739,EC-VALVE-CTRL
V-8740,EC-VESSEL-SEP
PT-8741,EC-INST-PT
P-8742,EC-PUMP-RECIP
LT-8743,EC-INST-LT
E-8744,EC-HEATEXCH-SHELL
LT-8745,EC-INST-LT
LT-8746,EC-INST-LT
K-8747,EC-COMPRESSOR-CENTR
PSV-8748,EC-VALVE-RELIEF
COL-8749,EC-VESSEL-COL
LT-8750,EC-INST-LT
FT-8751,EC-INST-FT
P-8752,EC-PUMP-CENTR
K-8753,EC-COMPRESSOR-CENTR
COL-8754,EC-VESSEL-COL
V-8755,EC-VESSEL-SEP
COL-8756,EC-VESSEL-COL
E-8757,EC-HEATEXCH-SHELL
COL-8758,EC-VESSEL-COL
K-8759,EC-COMPRESSOR-CENTR
PT-8760,EC-INST-PT
P-8761,EC-PUMP-CENTR
TT-8762,EC-INST-TT
COL-8763,EC-VESSEL-COL
LT-8764,EC-INST-LT
TT-8765,EC-INST-TT
COL-8766,EC-VESSEL-COL
P-8767,EC-PUMP-RECIP
P-8768,EC-PUMP-CENTR
P-8769,EC-PUMP-CENTR
FT-8770,EC-INST-FT
FT-8771,EC-INST-FT
TT-8772,EC-INST-TT
K-8773,EC-COMPRESSOR-CENTR
E-8774,EC-HEATEXCH-SHELL
FCV-8775,EC-VALVE-CTRL
LT-8776,EC-INST-LT
E-8777,EC-HEATEXCH-SHELL
PT-8778,EC-INST-PT
FT-8779,EC-INST-FT
E-8780,EC-HEATEXCH-SHELL
E-8781,EC-HEATEXCH-SHELL
PSV-8782,EC-VALVE-RELIEF
E-8783,EC-HEATEXCH-SHELL
P-8784,EC-PUMP-CENTR
FT-8785,EC-INST-FT
P-8786,EC-PUMP-RECIP
FCV-8787,EC-VALVE-CTRL
FCV-8788,EC-VALVE-CTRL
P-8789,EC-PUMP-CENTR
FT-8790,EC-INST-FT
PT-8791,EC-INST-PT
PSV-8792,EC-VALVE-RELIEF
V-8793,EC-VESSEL-SEP
XV-8794,EC-VALVE-ISO
P-8795,EC-PUMP-CENTR
P-8796,EC-PUMP-RECIP
FT-8797,EC-INST-FT
FT-8798,EC-INST-FT
K-8799,EC-COMPRESSOR-CENTR
FCV-8800,EC-VALVE-CTRL
XV-8801,EC-VALVE-ISO
FCV-8802,EC-VALVE-CTRL
P-8803,EC-PUMP-CENTR
TT-8804,EC-INST-TT
FCV-8805,EC-VALVE-CTRL
K-8806,EC-COMPRESSOR-CENTR
P-8807,EC-PUMP-RECIP
FT-8808,EC-INST-FT
TT-8809,EC-INST-TT
COL-8810,EC-VESSEL-COL
COL-8811,EC-VESSEL-COL
COL-8812,EC-VESSEL-COL
COL-8813,EC-VESSEL-COL
TT-8814,EC-INST-TT
XV-8815,EC-VALVE-ISO
FT-8816,EC-INST-FT
V-8817,EC-VESSEL-SEP
E-8818,EC-HEATEXCH-SHELL
P-8819,EC-PUMP-CENTR
P-8820,EC-PUMP-CENTR
PSV-8821,EC-VALVE-RELIEF
XV-8822,EC-VALVE-ISO
FT-8823,EC-INST-FT
FCV-8824,EC-VALVE-CTRL
FT-8825,EC-INST-FT
TT-8826,EC-INST-TT
E-8827,EC-HEATEXCH-SHELL
V-8828,EC-VESSEL-SEP
FCV-8829,EC-VALVE-CTRL
P-8830,EC-PUMP-RECIP
K-8831,EC-COMPRESSOR-CENTR
PSV-8832,EC-VALVE-RELIEF
LT-8833,EC-INST-LT
COL-8834,EC-VESSEL-COL
FCV-8835,EC-VALVE-CTRL
FCV-8836,EC-VALVE-CTRL
XV-8837,EC-VALVE-ISO
TT-8838,EC-INST-TT
COL-8839,EC-VESSEL-COL
V-8840,EC-VESSEL-SEP
TT-8841,EC-INST-TT
V-8842,EC-VESSEL-SEP
FT-8843,EC-INST-FT
FT-8844,EC-INST-FT
FT-8845,EC-INST-FT
TT-8846,EC-INST-TT
COL-8847,EC-VESSEL-COL
COL-8848,EC-VESSEL-COL
FT-8849,EC-INST-FT
TT-8850,EC-INST-TT
P-8851,EC-PUMP-CENTR
PSV-8852,EC-VALVE-RELIEF
E-8853,EC-HEATEXCH-SHELL
FCV-8854,EC-VALVE-CTRL
V-8855,EC-VESSEL-SEP
K-8856,EC-COMPRESSOR-CENTR
FCV-8857,EC-VALVE-CTRL
K-8858,EC-COMPRESSOR-CENTR
XV-8859,EC-VALVE-ISO
COL-8860,EC-VESSEL-COL
PT-8861,EC-INST-PT
LT-8862,EC-INST-LT
P-8863,EC-PUMP-CENTR
P-8864,EC-PUMP-RECIP
FT-8865,EC-INST-FT
P-8866,EC-PUMP-RECIP
PSV-8867,EC-VALVE-RELIEF
PSV-8868,EC-VALVE-RELIEF
PSV-8869,EC-VALVE-RELIEF
LT-8870,EC-INST-LT
TT-8871,EC-INST-TT
FCV-8872,EC-VALVE-CTRL
TT-8873,EC-INST-TT
LT-8874,EC-INST-LT
PSV-8875,EC-VALVE-RELIEF
XV-8876,EC-VALVE-ISO
K-8877,EC-COMPRESSOR-CENTR
V-8878,EC-VESSEL-SEP
COL-8879,EC-VESSEL-COL
E-8880,EC-HEATEXCH-SHELL
E-8881,EC-HEATEXCH-SHELL
XV-8882,EC-VALVE-ISO
K-8883,EC-COMPRESSOR-CENTR
TT-8884,EC-INST-TT
FCV-8885,EC-VALVE-CTRL
FCV-8886,EC-VALVE-CTRL
E-8887,EC-HEATEXCH-SHELL
E-8888,EC-HEATEXCH-SHELL
FT-8889,EC-INST-FT
COL-8890,EC-VESSEL-COL
P-8891,EC-PUMP-RECIP
PT-8892,EC-INST-PT
FCV-8893,EC-VALVE-CTRL
E-8894,EC-HEATEXCH-SHELL
TT-8895,EC-INST-TT
FT-8896,EC-INST-FT
V-8897,EC-VESSEL-SEP
FCV-8898,EC-VALVE-CTRL
TT-8899,EC-INST-TT
XV-8900,EC-VALVE-ISO
TT-8901,EC-INST-TT
PT-8902,EC-INST-PT
FCV-8903,EC-VALVE-CTRL
LT-8904,EC-INST-LT
PT-8905,EC-INST-PT
K-8906,EC-COMPRESSOR-CENTR
TT-8907,EC-INST-TT
COL-8908,EC-VESSEL-COL
PT-8909,EC-INST-PT
XV-8910,EC-VALVE-ISO
LT-8911,EC-INST-LT
P-8912,EC-PUMP-RECIP
XV-8913,EC-VALVE-ISO
PSV-8914,EC-VALVE-RELIEF
PSV-8915,EC-VALVE-RELIEF
FCV-8916,EC-VALVE-CTRL
E-8917,EC-HEATEXCH-SHELL
FCV-8918,EC-VALVE-CTRL
COL-8919,EC-VESSEL-COL
K-8920,EC-COMPRESSOR-CENTR
TT-8921,EC-INST-TT
TT-8922,EC-INST-TT
P-8923,EC-PUMP-CENTR
P-8924,EC-PUMP-RECIP
LT-8925,EC-INST-LT
TT-8926,EC-INST-TT
COL-8927,EC-VESSEL-COL
P-8928,EC-PUMP-CENTR
K-8929,EC-COMPRESSOR-CENTR
FCV-8930,EC-VALVE-CTRL
FCV-8931,EC-VALVE-CTRL
PSV-8932,EC-VALVE-RELIEF
COL-8933,EC-VESSEL-COL
FCV-8934,EC-VALVE-CTRL
K-8935,EC-COMPRESSOR-CENTR
TT-8936,EC-INST-TT
K-8937,EC-COMPRESSOR-CENTR
XV-8938,EC-VALVE-ISO
FT-8939,EC-INST-FT
XV-8940,EC-VALVE-ISO
P-8941,EC-PUMP-RECIP
XV-8942,EC-VALVE-ISO
K-8943,EC-COMPRESSOR-CENTR
P-8944,EC-PUMP-RECIP
V-8945,EC-VESSEL-SEP
PT-8946,EC-INST-PT
FT-8947,EC-INST-FT
PT-8948,EC-INST-PT
P-8949,EC-PUMP-CENTR
XV-8950,EC-VALVE-ISO
P-8951,EC-PUMP-RECIP
PT-8952,EC-INST-PT
FCV-8953,EC-VALVE-CTRL
XV-8954,EC-VALVE-ISO
P-8955,EC-PUMP-RECIP
PSV-8956,EC-VALVE-RELIEF
FT-8957,EC-INST-FT
PT-8958,EC-INST-PT
XV-8959,EC-VALVE-ISO
XV-8960,EC-VALVE-ISO
V-8961,EC-VESSEL-SEP
FCV-8962,EC-VALVE-CTRL
TT-8963,EC-INST-TT
LT-8964,EC-INST-LT
P-8965,EC-PUMP-CENTR
PSV-8966,EC-VALVE-RELIEF
P-8967,EC-PUMP-CENTR
K-8968,EC-COMPRESSOR-CENTR
FCV-8969,EC-VALVE-CTRL
TT-8970,EC-INST-TT
XV-8971,EC-VALVE-ISO
LT-8972,EC-INST-LT
FCV-8973,EC-VALVE-CTRL
FCV-8974,EC-VALVE-CTRL
P-8975,EC-PUMP-RECIP
FT-8976,EC-INST-FT
XV-8977,EC-VALVE-ISO
P-8978,EC-PUMP-RECIP
TT-8979,EC-INST-TT
V-8980,EC-VESSEL-SEP
COL-8981,EC-VESSEL-COL
V-8982,EC-VESSEL-SEP
TT-8983,EC-INST-TT
PSV-8984,EC-VALVE-RELIEF
XV-8985,EC-VALVE-ISO
COL-8986,EC-VESSEL-COL
PT-8987,EC-INST-PT
V-8988,EC-VESSEL-SEP
E-8989,EC-HEATEXCH-SHELL
COL-8990,EC-VESSEL-COL
PSV-8991,EC-VALVE-RELIEF
COL-8992,EC-VESSEL-COL
E-8993,EC-HEATEXCH-SHELL
V-8994,EC-VESSEL-SEP
K-8995,EC-COMPRESSOR-CENTR
LT-8996,EC-INST-LT
PT-8997,EC-INST-PT
FCV-8998,EC-VALVE-CTRL
P-8999,EC-PUMP-CENTR
FCV-9000,EC-VALVE-CTRL
PSV-9001,EC-VALVE-RELIEF
XV-9002,EC-VALVE-ISO
E-9003,EC-HEATEXCH-SHELL
COL-9004,EC-VESSEL-COL
COL-9005,EC-VESSEL-COL
FT-9006,EC-INST-FT
TT-9007,EC-INST-TT
COL-9008,EC-VESSEL-COL
FT-9009,EC-INST-FT
P-9010,EC-PUMP-RECIP
XV-9011,EC-VALVE-ISO
XV-9012,EC-VALVE-ISO
P-9013,EC-PUMP-CENTR
K-9014,EC-COMPRESSOR-CENTR
FT-9015,EC-INST-FT
TT-9016,EC-INST-TT
FT-9017,EC-INST-FT
FCV-9018,EC-VALVE-CTRL
FT-9019,EC-INST-FT
PT-9020,EC-INST-PT
E-9021,EC-HEATEXCH-SHELL
LT-9022,EC-INST-LT
TT-9023,EC-INST-TT
E-9024,EC-HEATEXCH-SHELL
FT-9025,EC-INST-FT
TT-9026,EC-INST-TT
FCV-9027,EC-VALVE-CTRL
TT-9028,EC-INST-TT
PT-9029,EC-INST-PT
LT-9030,EC-INST-LT
V-9031,EC-VESSEL-SEP
TT-9032,EC-INST-TT
E-9033,EC-HEATEXCH-SHELL
LT-9034,EC-INST-LT
P-9035,EC-PUMP-CENTR
TT-9036,EC-INST-TT
TT-9037,EC-INST-TT
FT-9038,EC-INST-FT
TT-9039,EC-INST-TT
LT-9040,EC-INST-LT
P-9041,EC-PUMP-RECIP
TT-9042,EC-INST-TT
P-9043,EC-PUMP-RECIP
FT-9044,EC-INST-FT
E-9045,EC-HEATEXCH-SHELL
XV-9046,EC-VALVE-ISO
PT-9047,EC-INST-PT
PT-9048,EC-INST-PT
PT-9049,EC-INST-PT
TT-9050,EC-INST-TT
PSV-9051,EC-VALVE-RELIEF
FCV-9052,EC-VALVE-CTRL
LT-9053,EC-INST-LT
PSV-9054,EC-VALVE-RELIEF
PT-9055,EC-INST-PT
E-9056,EC-HEATEXCH-SHELL
P-9057,EC-PUMP-CENTR
COL-9058,EC-VESSEL-COL
COL-9059,EC-VESSEL-COL
K-9060,EC-COMPRESSOR-CENTR
FCV-9061,EC-VALVE-CTRL
PSV-9062,EC-VALVE-RELIEF
E-9063,EC-HEATEXCH-SHELL
P-9064,EC-PUMP-CENTR
E-9065,EC-HEATEXCH-SHELL
FT-9066,EC-INST-FT
P-9067,EC-PUMP-RECIP
P-9068,EC-PUMP-RECIP
PT-9069,EC-INST-PT
PT-9070,EC-INST-PT
COL-9071,EC-VESSEL-COL
FCV-9072,EC-VALVE-CTRL
PSV-9073,EC-VALVE-RELIEF
E-9074,EC-HEATEXCH-SHELL
TT-9075,EC-INST-TT
PSV-9076,EC-VALVE-RELIEF
E-9077,EC-HEATEXCH-SHELL
FCV-9078,EC-VALVE-CTRL
FT-9079,EC-INST-FT
PT-9080,EC-INST-PT
P-9081,EC-PUMP-RECIP
P-9082,EC-PUMP-RECIP
LT-9083,EC-INST-LT
TT-9084,EC-INST-TT
LT-9085,EC-INST-LT
FCV-9086,EC-VALVE-CTRL
K-9087,EC-COMPRESSOR-CENTR
PSV-9088,EC-VALVE-RELIEF
FCV-9089,EC-VALVE-CTRL
E-9090,EC-HEATEXCH-SHELL
COL-9091,EC-VESSEL-COL
V-9092,EC-VESSEL-SEP
E-9093,EC-HEATEXCH-SHELL
P-9094,EC-PUMP-CENTR
COL-9095,EC-VESSEL-COL
FCV-9096,EC-VALVE-CTRL
P-9097,EC-PUMP-RECIP
TT-9098,EC-INST-TT
FCV-9099,EC-VALVE-CTRL
FCV-9100,EC-VALVE-CTRL
FT-9101,EC-INST-FT
XV-9102,EC-VALVE-ISO
K-9103,EC-COMPRESSOR-CENTR
TT-9104,EC-INST-TT
K-9105,EC-COMPRESSOR-CENTR
FT-9106,EC-INST-FT
XV-9107,EC-VALVE-ISO
FT-9108,EC-INST-FT
E-9109,EC-HEATEXCH-SHELL
E-9110,EC-HEATEXCH-SHELL
COL-9111,EC-VESSEL-COL
TT-9112,EC-INST-TT
TT-9113,EC-INST-TT
FT-9114,EC-INST-FT
TT-9115,EC-INST-TT
P-9116,EC-PUMP-RECIP
PT-9117,EC-INST-PT
P-9118,EC-PUMP-CENTR
COL-9119,EC-VESSEL-COL
E-9120,EC-HEATEXCH-SHELL
XV-9121,EC-VALVE-ISO
COL-9122,EC-VESSEL-COL
V-9123,EC-VESSEL-SEP
PSV-9124,EC-VALVE-RELIEF
PT-9125,EC-INST-PT
LT-9126,EC-INST-LT
V-9127,EC-VESSEL-SEP
FCV-9128,EC-VALVE-CTRL
XV-9129,EC-VALVE-ISO
FCV-9130,EC-VALVE-CTRL
P-9131,EC-PUMP-CENTR
P-9132,EC-PUMP-CENTR
PT-9133,EC-INST-PT
TT-9134,EC-INST-TT
K-9135,EC-COMPRESSOR-CENTR
V-9136,EC-VESSEL-SEP
XV-9137,EC-VALVE-ISO
FCV-9138,EC-VALVE-CTRL
V-9139,EC-VESSEL-SEP
FCV-9140,EC-VALVE-CTRL
E-9141,EC-HEATEXCH-SHELL
PSV-9142,EC-VALVE-RELIEF
PSV-9143,EC-VALVE-RELIEF
PSV-9144,EC-VALVE-RELIEF
PT-9145,EC-INST-PT
P-9146,EC-PUMP-RECIP
TT-9147,EC-INST-TT
V-9148,EC-VESSEL-SEP
XV-9149,EC-VALVE-ISO
PSV-9150,EC-VALVE-RELIEF
P-9151,EC-PUMP-CENTR
LT-9152,EC-INST-LT
K-9153,EC-COMPRESSOR-CENTR
PT-9154,EC-INST-PT
FT-9155,EC-INST-FT
PSV-9156,EC-VALVE-RELIEF
LT-9157,EC-INST-LT
K-9158,EC-COMPRESSOR-CENTR
TT-9159,EC-INST-TT
K-9160,EC-COMPRESSOR-CENTR
K-9161,EC-COMPRESSOR-CENTR
COL-9162,EC-VESSEL-COL
FT-9163,EC-INST-FT
FT-9164,EC-INST-FT
P-9165,EC-PUMP-RECIP
E-9166,EC-HEATEXCH-SHELL
LT-9167,EC-INST-LT
XV-9168,EC-VALVE-ISO
E-9169,EC-HEATEXCH-SHELL
TT-9170,EC-INST-TT
P-9171,EC-PUMP-RECIP
TT-9172,EC-INST-TT
P-9173,EC-PUMP-RECIP
PT-9174,EC-INST-PT
FCV-9175,EC-VALVE-CTRL
P-9176,EC-PUMP-RECIP
P-9177,EC-PUMP-CENTR
E-9178,EC-HEATEXCH-SHELL
E-9179,EC-HEATEXCH-SHELL
E-9180,EC-HEATEXCH-SHELL
V-9181,EC-VESSEL-SEP
FT-9182,EC-INST-FT
TT-9183,EC-INST-TT
FCV-9184,EC-VALVE-CTRL
PT-9185,EC-INST-PT
COL-9186,EC-VESSEL-COL
E-9187,EC-HEATEXCH-SHELL
FCV-9188,EC-VALVE-CTRL
PT-9189,EC-INST-PT
P-9190,EC-PUMP-RECIP
LT-9191,EC-INST-LT
P-9192,EC-PUMP-CENTR
E-9193,EC-HEATEXCH-SHELL
P-9194,EC-PUMP-RECIP
PT-9195,EC-INST-PT
TT-9196,EC-INST-TT
PT-9197,EC-INST-PT
P-9198,EC-PUMP-RECIP
COL-9199,EC-VESSEL-COL
COL-9200,EC-VESSEL-COL
LT-9201,EC-INST-LT
COL-9202,EC-VESSEL-COL
LT-9203,EC-INST-LT
FCV-9204,EC-VALVE-CTRL
V-9205,EC-VESSEL-SEP
P-9206,EC-PUMP-RECIP
E-9207,EC-HEATEXCH-SHELL
FCV-9208,EC-VALVE-CTRL
TT-9209,EC-INST-TT
V-9210,EC-VESSEL-SEP
PT-9211,EC-INST-PT
PT-9212,EC-INST-PT
P-9213,EC-PUMP-CENTR
LT-9214,EC-INST-LT
FCV-9215,EC-VALVE-CTRL
FT-9216,EC-INST-FT
FT-9217,EC-INST-FT
PSV-9218,EC-VALVE-RELIEF
PSV-9219,EC-VALVE-RELIEF
LT-9220,EC-INST-LT
XV-9221,EC-VALVE-ISO
FT-9222,EC-INST-FT
K-9223,EC-COMPRESSOR-CENTR
COL-9224,EC-VESSEL-COL
FCV-9225,EC-VALVE-CTRL
V-9226,EC-VESSEL-SEP
XV-9227,EC-VALVE-ISO
PSV-9228,EC-VALVE-RELIEF
COL-9229,EC-VESSEL-COL
FCV-9230,EC-VALVE-CTRL
XV-9231,EC-VALVE-ISO
FCV-9232,EC-VALVE-CTRL
PSV-9233,EC-VALVE-RELIEF
P-9234,EC-PUMP-RECIP
P-9235,EC-PUMP-RECIP
E-9236,EC-HEATEXCH-SHELL
P-9237,EC-PUMP-RECIP
FCV-9238,EC-VALVE-CTRL
FCV-9239,EC-VALVE-CTRL
LT-9240,EC-INST-LT
V-9241,EC-VESSEL-SEP
P-9242,EC-PUMP-CENTR
P-9243,EC-PUMP-RECIP
P-9244,EC-PUMP-CENTR
XV-9245,EC-VALVE-ISO
XV-9246,EC-VALVE-ISO
COL-9247,EC-VESSEL-COL
FT-9248,EC-INST-FT
FT-9249,EC-INST-FT
K-9250,EC-COMPRESSOR-CENTR
P-9251,EC-PUMP-RECIP
E-9252,EC-HEATEXCH-SHELL
P-9253,EC-PUMP-RECIP
LT-9254,EC-INST-LT
K-9255,EC-COMPRESSOR-CENTR
P-9256,EC-PUMP-RECIP
LT-9257,EC-INST-LT
LT-9258,EC-INST-LT
PT-9259,EC-INST-PT
PT-9260,EC-INST-PT
TT-9261,EC-INST-TT
COL-9262,EC-VESSEL-COL
FCV-9263,EC-VALVE-CTRL
P-9264,EC-PUMP-CENTR
P-9265,EC-PUMP-RECIP
P-9266,EC-PUMP-RECIP
COL-9267,EC-VESSEL-COL
LT-9268,EC-INST-LT
V-9269,EC-VESSEL-SEP
K-9270,EC-COMPRESSOR-CENTR
LT-9271,EC-INST-LT
LT-9272,EC-INST-LT
FT-9273,EC-INST-FT
FT-9274,EC-INST-FT
PSV-9275,EC-VALVE-RELIEF
XV-9276,EC-VALVE-ISO
COL-9277,EC-VESSEL-COL
COL-9278,EC-VESSEL-COL
P-9279,EC-PUMP-RECIP
PSV-9280,EC-VALVE-RELIEF
P-9281,EC-PUMP-RECIP
FT-9282,EC-INST-FT
P-9283,EC-PUMP-CENTR
COL-9284,EC-VESSEL-COL
K-9285,EC-COMPRESSOR-CENTR
P-9286,EC-PUMP-RECIP
PT-9287,EC-INST-PT
PT-9288,EC-INST-PT
P-9289,EC-PUMP-RECIP
K-9290,EC-COMPRESSOR-CENTR
P-9291,EC-PUMP-CENTR
FT-9292,EC-INST-FT
COL-9293,EC-VESSEL-COL
TT-9294,EC-INST-TT
COL-9295,EC-VESSEL-COL
P-9296,EC-PUMP-CENTR
P-9297,EC-PUMP-CENTR
K-9298,EC-COMPRESSOR-CENTR
LT-9299,EC-INST-LT
TT-9300,EC-INST-TT
XV-9301,EC-VALVE-ISO
K-9302,EC-COMPRESSOR-CENTR
FT-9303,EC-INST-FT
P-9304,EC-PUMP-CENTR
LT-9305,EC-INST-LT
V-9306,EC-VESSEL-SEP
P-9307,EC-PUMP-RECIP
XV-9308,EC-VALVE-ISO
COL-9309,EC-VESSEL-COL
V-9310,EC-VESSEL-SEP
FCV-9311,EC-VALVE-CTRL
V-9312,EC-VESSEL-SEP
P-9313,EC-PUMP-CENTR
P-9314,EC-PUMP-CENTR
COL-9315,EC-VESSEL-COL
PSV-9316,EC-VALVE-RELIEF
FT-9317,EC-INST-FT
PT-9318,EC-INST-PT
P-9319,EC-PUMP-CENTR
P-9320,EC-PUMP-CENTR
PT-9321,EC-INST-PT
E-9322,EC-HEATEXCH-SHELL
PT-9323,EC-INST-PT
P-9324,EC-PUMP-RECIP
P-9325,EC-PUMP-RECIP
LT-9326,EC-INST-LT
V-9327,EC-VESSEL-SEP
FCV-9328,EC-VALVE-CTRL
COL-9329,EC-VESSEL-COL
FCV-9330,EC-VALVE-CTRL
K-9331,EC-COMPRESSOR-CENTR
XV-9332,EC-VALVE-ISO
TT-9333,EC-INST-TT
LT-9334,EC-INST-LT
COL-9335,EC-VESSEL-COL
P-9336,EC-PUMP-RECIP
V-9337,EC-VESSEL-SEP
XV-9338,EC-VALVE-ISO
K-9339,EC-COMPRESSOR-CENTR
V-9340,EC-VESSEL-SEP
PSV-9341,EC-VALVE-RELIEF
XV-9342,EC-VALVE-ISO
PSV-9343,EC-VALVE-RELIEF
E-9344,EC-HEATEXCH-SHELL
PSV-9345,EC-VALVE-RELIEF
E-9346,EC-HEATEXCH-SHELL
P-9347,EC-PUMP-RECIP
PT-9348,EC-INST-PT
P-9349,EC-PUMP-CENTR
XV-9350,EC-VALVE-ISO
PT-9351,EC-INST-PT
LT-9352,EC-INST-LT
E-9353,EC-HEATEXCH-SHELL
FCV-9354,EC-VALVE-CTRL
LT-9355,EC-INST-LT
COL-9356,EC-VESSEL-COL
V-9357,EC-VESSEL-SEP
V-9358,EC-VESSEL-SEP
XV-9359,EC-VALVE-ISO
PSV-9360,EC-VALVE-RELIEF
TT-9361,EC-INST-TT
PT-9362,EC-INST-PT
FT-9363,EC-INST-FT
COL-9364,EC-VESSEL-COL
FT-9365,EC-INST-FT
FT-9366,EC-INST-FT
V-9367,EC-VESSEL-SEP
PT-9368,EC-INST-PT
PT-9369,EC-INST-PT
LT-9370,EC-INST-LT
P-9371,EC-PUMP-RECIP
V-9372,EC-VESSEL-SEP
TT-9373,EC-INST-TT
P-9374,EC-PUMP-CENTR
V-9375,EC-VESSEL-SEP
PSV-9376,EC-VALVE-RELIEF
V-9377,EC-VESSEL-SEP
FCV-9378,EC-VALVE-CTRL
P-9379,EC-PUMP-CENTR
XV-9380,EC-VALVE-ISO
E-9381,EC-HEATEXCH-SHELL
LT-9382,EC-INST-LT
K-9383,EC-COMPRESSOR-CENTR
PT-9384,EC-INST-PT
FCV-9385,EC-VALVE-CTRL
P-9386,EC-PUMP-RECIP
V-9387,EC-VESSEL-SEP
LT-9388,EC-INST-LT
FT-9389,EC-INST-FT
XV-9390,EC-VALVE-ISO
K-9391,EC-COMPRESSOR-CENTR
K-9392,EC-COMPRESSOR-CENTR
P-9393,EC-PUMP-CENTR
K-9394,EC-COMPRESSOR-CENTR
PSV-9395,EC-VALVE-RELIEF
P-9396,EC-PUMP-RECIP
K-9397,EC-COMPRESSOR-CENTR
FT-9398,EC-INST-FT
FCV-9399,EC-VALVE-CTRL
LT-9400,EC-INST-LT
LT-9401,EC-INST-LT
P-9402,EC-PUMP-RECIP
FT-9403,EC-INST-FT
LT-9404,EC-INST-LT
FCV-9405,EC-VALVE-CTRL
P-9406,EC-PUMP-CENTR
K-9407,EC-COMPRESSOR-CENTR
COL-9408,EC-VESSEL-COL
P-9409,EC-PUMP-RECIP
LT-9410,EC-INST-LT
P-9411,EC-PUMP-CENTR
FCV-9412,EC-VALVE-CTRL
PSV-9413,EC-VALVE-RELIEF
XV-9414,EC-VALVE-ISO
PT-9415,EC-INST-PT
TT-9416,EC-INST-TT
PT-9417,EC-INST-PT
TT-9418,EC-INST-TT
LT-9419,EC-INST-LT
PT-9420,EC-INST-PT
COL-9421,EC-VESSEL-COL
E-9422,EC-HEATEXCH-SHELL
PSV-9423,EC-VALVE-RELIEF
P-9424,EC-PUMP-RECIP
E-9425,EC-HEATEXCH-SHELL
FCV-9426,EC-VALVE-CTRL
LT-9427,EC-INST-LT
LT-9428,EC-INST-LT
FT-9429,EC-INST-FT
E-9430,EC-HEATEXCH-SHELL
K-9431,EC-COMPRESSOR-CENTR
FCV-9432,EC-VALVE-CTRL
FT-9433,EC-INST-FT
FT-9434,EC-INST-FT
TT-9435,EC-INST-TT
XV-9436,EC-VALVE-ISO
PT-9437,EC-INST-PT
FCV-9438,EC-VALVE-CTRL
PT-9439,EC-INST-PT
FCV-9440,EC-VALVE-CTRL
K-9441,EC-COMPRESSOR-CENTR
LT-9442,EC-INST-LT
P-9443,EC-PUMP-CENTR
P-9444,EC-PUMP-CENTR
P-9445,EC-PUMP-CENTR
V-9446,EC-VESSEL-SEP
E-9447,EC-HEATEXCH-SHELL
K-9448,EC-COMPRESSOR-CENTR
P-9449,EC-PUMP-RECIP
PSV-9450,EC-VALVE-RELIEF
XV-9451,EC-VALVE-ISO
PSV-9452,EC-VALVE-RELIEF
V-9453,EC-VESSEL-SEP
PSV-9454,EC-VALVE-RELIEF
P-9455,EC-PUMP-RECIP
K-9456,EC-COMPRESSOR-CENTR
P-9457,EC-PUMP-CENTR
PSV-9458,EC-VALVE-RELIEF
E-9459,EC-HEATEXCH-SHELL
P-9460,EC-PUMP-CENTR
XV-9461,EC-VALVE-ISO
V-9462,EC-VESSEL-SEP
FT-9463,EC-INST-FT
PSV-9464,EC-VALVE-RELIEF
COL-9465,EC-VESSEL-COL
K-9466,EC-COMPRESSOR-CENTR
P-9467,EC-PUMP-RECIP
E-9468,EC-HEATEXCH-SHELL
PSV-9469,EC-VALVE-RELIEF
XV-9470,EC-VALVE-ISO
FCV-9471,EC-VALVE-CTRL
K-9472,EC-COMPRESSOR-CENTR
PT-9473,EC-INST-PT
XV-9474,EC-VALVE-ISO
P-9475,EC-PUMP-RECIP
E-9476,EC-HEATEXCH-SHELL
TT-9477,EC-INST-TT
TT-9478,EC-INST-TT
PSV-9479,EC-VALVE-RELIEF
XV-9480,EC-VALVE-ISO
PSV-9481,EC-VALVE-RELIEF
FT-9482,EC-INST-FT
XV-9483,EC-VALVE-ISO
V-9484,EC-VESSEL-SEP
COL-9485,EC-VESSEL-COL
P-9486,EC-PUMP-CENTR
K-9487,EC-COMPRESSOR-CENTR
LT-9488,EC-INST-LT
FT-9489,EC-INST-FT
FCV-9490,EC-VALVE-CTRL
K-9491,EC-COMPRESSOR-CENTR
P-9492,EC-PUMP-CENTR
FCV-9493,EC-VALVE-CTRL
V-9494,EC-VESSEL-SEP
TT-9495,EC-INST-TT
LT-9496,EC-INST-LT
PSV-9497,EC-VALVE-RELIEF
TT-9498,EC-INST-TT
E-9499,EC-HEATEXCH-SHELL
FT-9500,EC-INST-FT
PT-9501,EC-INST-PT
FCV-9502,EC-VALVE-CTRL
P-9503,EC-PUMP-CENTR
P-9504,EC-PUMP-CENTR
V-9505,EC-VESSEL-SEP
P-9506,EC-PUMP-CENTR
FT-9507,EC-INST-FT
E-9508,EC-HEATEXCH-SHELL
TT-9509,EC-INST-TT
XV-9510,EC-VALVE-ISO
LT-9511,EC-INST-LT
K-9512,EC-COMPRESSOR-CENTR
E-9513,EC-HEATEXCH-SHELL
FCV-9514,EC-VALVE-CTRL
P-9515,EC-PUMP-RECIP
V-9516,EC-VESSEL-SEP
E-9517,EC-HEATEXCH-SHELL
K-9518,EC-COMPRESSOR-CENTR
P-9519,EC-PUMP-RECIP
PT-9520,EC-INST-PT
K-9521,EC-COMPRESSOR-CENTR
FT-9522,EC-INST-FT
PT-9523,EC-INST-PT
PT-9524,EC-INST-PT
PT-9525,EC-INST-PT
COL-9526,EC-VESSEL-COL
PSV-9527,EC-VALVE-RELIEF
E-9528,EC-HEATEXCH-SHELL
TT-9529,EC-INST-TT
PT-9530,EC-INST-PT
V-9531,EC-VESSEL-SEP
PSV-9532,EC-VALVE-RELIEF
V-9533,EC-VESSEL-SEP
V-9534,EC-VESSEL-SEP
XV-9535,EC-VALVE-ISO
V-9536,EC-VESSEL-SEP
FCV-9537,EC-VALVE-CTRL
K-9538,EC-COMPRESSOR-CENTR
V-9539,EC-VESSEL-SEP
PT-9540,EC-INST-PT
PT-9541,EC-INST-PT
PT-9542,EC-INST-PT
P-9543,EC-PUMP-RECIP
COL-9544,EC-VESSEL-COL
FCV-9545,EC-VALVE-CTRL
PSV-9546,EC-VALVE-RELIEF
FCV-9547,EC-VALVE-CTRL
E-9548,EC-HEATEXCH-SHELL
PT-9549,EC-INST-PT
FT-9550,EC-INST-FT
FT-9551,EC-INST-FT
PT-9552,EC-INST-PT
E-9553,EC-HEATEXCH-SHELL
P-9554,EC-PUMP-RECIP
E-9555,EC-HEATEXCH-SHELL
LT-9556,EC-INST-LT
P-9557,EC-PUMP-RECIP
COL-9558,EC-VESSEL-COL
COL-9559,EC-VESSEL-COL
PT-9560,EC-INST-PT
FT-9561,EC-INST-FT
PSV-9562,EC-VALVE-RELIEF
LT-9563,EC-INST-LT
V-9564,EC-VESSEL-SEP
V-9565,EC-VESSEL-SEP
XV-9566,EC-VALVE-ISO
LT-9567,EC-INST-LT
PT-9568,EC-INST-PT
P-9569,EC-PUMP-RECIP
COL-9570,EC-VESSEL-COL
PSV-9571,EC-VALVE-RELIEF
XV-9572,EC-VALVE-ISO
TT-9573,EC-INST-TT
PT-9574,EC-INST-PT
PT-9575,EC-INST-PT
XV-9576,EC-VALVE-ISO
P-9577,EC-PUMP-CENTR
P-9578,EC-PUMP-CENTR
PSV-9579,EC-VALVE-RELIEF
PT-9580,EC-INST-PT
P-9581,EC-PUMP-CENTR
XV-9582,EC-VALVE-ISO
K-9583,EC-COMPRESSOR-CENTR
P-9584,EC-PUMP-CENTR
P-9585,EC-PUMP-CENTR
XV-9586,EC-VALVE-ISO
V-9587,EC-VESSEL-SEP
K-9588,EC-COMPRESSOR-CENTR
K-9589,EC-COMPRESSOR-CENTR
K-9590,EC-COMPRESSOR-CENTR
FT-9591,EC-INST-FT
FCV-9592,EC-VALVE-CTRL
P-9593,EC-PUMP-RECIP
PSV-9594,EC-VALVE-RELIEF
LT-9595,EC-INST-LT
LT-9596,EC-INST-LT
PSV-9597,EC-VALVE-RELIEF
FCV-9598,EC-VALVE-CTRL
XV-9599,EC-VALVE-ISO
PT-9600,EC-INST-PT
FCV-9601,EC-VALVE-CTRL
COL-9602,EC-VESSEL-COL
E-9603,EC-HEATEXCH-SHELL
FCV-9604,EC-VALVE-CTRL
V-9605,EC-VESSEL-SEP
P-9606,EC-PUMP-CENTR
FCV-9607,EC-VALVE-CTRL
E-9608,EC-HEATEXCH-SHELL
PSV-9609,EC-VALVE-RELIEF
FT-9610,EC-INST-FT
PT-9611,EC-INST-PT
PT-9612,EC-INST-PT
XV-9613,EC-VALVE-ISO
K-9614,EC-COMPRESSOR-CENTR
E-9615,EC-HEATEXCH-SHELL
P-9616,EC-PUMP-CENTR
LT-9617,EC-INST-LT
K-9618,EC-COMPRESSOR-CENTR
FT-9619,EC-INST-FT
FCV-9620,EC-VALVE-CTRL
COL-9621,EC-VESSEL-COL
XV-9622,EC-VALVE-ISO
PSV-9623,EC-VALVE-RELIEF
XV-9624,EC-VALVE-ISO
PSV-9625,EC-VALVE-RELIEF
FT-9626,EC-INST-FT
E-9627,EC-HEATEXCH-SHELL
K-9628,EC-COMPRESSOR-CENTR
K-9629,EC-COMPRESSOR-CENTR
FCV-9630,EC-VALVE-CTRL
COL-9631,EC-VESSEL-COL
XV-9632,EC-VALVE-ISO
P-9633,EC-PUMP-RECIP
XV-9634,EC-VALVE-ISO
PSV-9635,EC-VALVE-RELIEF
V-9636,EC-VESSEL-SEP
XV-9637,EC-VALVE-ISO
P-9638,EC-PUMP-CENTR
P-9639,EC-PUMP-CENTR
TT-9640,EC-INST-TT
FT-9641,EC-INST-FT
PT-9642,EC-INST-PT
FT-9643,EC-INST-FT
PSV-9644,EC-VALVE-RELIEF
COL-9645,EC-VESSEL-COL
XV-9646,EC-VALVE-ISO
PT-9647,EC-INST-PT
K-9648,EC-COMPRESSOR-CENTR
P-9649,EC-PUMP-RECIP
COL-9650,EC-VESSEL-COL
XV-9651,EC-VALVE-ISO
P-9652,EC-PUMP-RECIP
P-9653,EC-PUMP-RECIP
E-9654,EC-HEATEXCH-SHELL
PT-9655,EC-INST-PT
COL-9656,EC-VESSEL-COL
P-9657,EC-PUMP-RECIP
LT-9658,EC-INST-LT
P-9659,EC-PUMP-CENTR
P-9660,EC-PUMP-RECIP
COL-9661,EC-VESSEL-COL
COL-9662,EC-VESSEL-COL
LT-9663,EC-INST-LT
LT-9664,EC-INST-LT
PSV-9665,EC-VALVE-RELIEF
E-9666,EC-HEATEXCH-SHELL
LT-9667,EC-INST-LT
P-9668,EC-PUMP-CENTR
E-9669,EC-HEATEXCH-SHELL
FT-9670,EC-INST-FT
K-9671,EC-COMPRESSOR-CENTR
P-9672,EC-PUMP-CENTR
FCV-9673,EC-VALVE-CTRL
FCV-9674,EC-VALVE-CTRL
P-9675,EC-PUMP-CENTR
FT-9676,EC-INST-FT
TT-9677,EC-INST-TT
XV-9678,EC-VALVE-ISO
XV-9679,EC-VALVE-ISO
PT-9680,EC-INST-PT
E-9681,EC-HEATEXCH-SHELL
K-9682,EC-COMPRESSOR-CENTR
FCV-9683,EC-VALVE-CTRL
XV-9684,EC-VALVE-ISO
COL-9685,EC-VESSEL-COL
K-9686,EC-COMPRESSOR-CENTR
P-9687,EC-PUMP-RECIP
XV-9688,EC-VALVE-ISO
V-9689,EC-VESSEL-SEP
XV-9690,EC-VALVE-ISO
FT-9691,EC-INST-FT
P-9692,EC-PUMP-RECIP
V-9693,EC-VESSEL-SEP
V-9694,EC-VESSEL-SEP
COL-9695,EC-VESSEL-COL
XV-9696,EC-VALVE-ISO
FT-9697,EC-INST-FT
LT-9698,EC-INST-LT
E-9699,EC-HEATEXCH-SHELL
COL-9700,EC-VESSEL-COL
FT-9701,EC-INST-FT
FCV-9702,EC-VALVE-CTRL
P-9703,EC-PUMP-CENTR
XV-9704,EC-VALVE-ISO
V-9705,EC-VESSEL-SEP
XV-9706,EC-VALVE-ISO
P-9707,EC-PUMP-CENTR
XV-9708,EC-VALVE-ISO
LT-9709,EC-INST-LT
PSV-9710,EC-VALVE-RELIEF
FT-9711,EC-INST-FT
V-9712,EC-VESSEL-SEP
V-9713,EC-VESSEL-SEP
XV-9714,EC-VALVE-ISO
K-9715,EC-COMPRESSOR-CENTR
FT-9716,EC-INST-FT
P-9717,EC-PUMP-RECIP
PT-9718,EC-INST-PT
COL-9719,EC-VESSEL-COL
K-9720,EC-COMPRESSOR-CENTR
LT-9721,EC-INST-LT
FCV-9722,EC-VALVE-CTRL
LT-9723,EC-INST-LT
TT-9724,EC-INST-TT
TT-9725,EC-INST-TT
E-9726,EC-HEATEXCH-SHELL
V-9727,EC-VESSEL-SEP
PSV-9728,EC-VALVE-RELIEF
FCV-9729,EC-VALVE-CTRL
XV-9730,EC-VALVE-ISO
LT-9731,EC-INST-LT
FCV-9732,EC-VALVE-CTRL
COL-9733,EC-VESSEL-COL
P-9734,EC-PUMP-RECIP
K-9735,EC-COMPRESSOR-CENTR
TT-9736,EC-INST-TT
E-9737,EC-HEATEXCH-SHELL
FCV-9738,EC-VALVE-CTRL
P-9739,EC-PUMP-RECIP
COL-9740,EC-VESSEL-COL
FCV-9741,EC-VALVE-CTRL
FT-9742,EC-INST-FT
TT-9743,EC-INST-TT
P-9744,EC-PUMP-RECIP
PSV-9745,EC-VALVE-RELIEF
PSV-9746,EC-VALVE-RELIEF
LT-9747,EC-INST-LT
P-9748,EC-PUMP-CENTR
P-9749,EC-PUMP-CENTR
P-9750,EC-PUMP-RECIP
LT-9751,EC-INST-LT
FT-9752,EC-INST-FT
P-9753,EC-PUMP-CENTR
XV-9754,EC-VALVE-ISO
E-9755,EC-HEATEXCH-SHELL
V-9756,EC-VESSEL-SEP
TT-9757,EC-INST-TT
K-9758,EC-COMPRESSOR-CENTR
XV-9759,EC-VALVE-ISO
V-9760,EC-VESSEL-SEP
PSV-9761,EC-VALVE-RELIEF
K-9762,EC-COMPRESSOR-CENTR
COL-9763,EC-VESSEL-COL
PT-9764,EC-INST-PT
V-9765,EC-VESSEL-SEP
XV-9766,EC-VALVE-ISO
TT-9767,EC-INST-TT
FCV-9768,EC-VALVE-CTRL
V-9769,EC-VESSEL-SEP
E-9770,EC-HEATEXCH-SHELL
E-9771,EC-HEATEXCH-SHELL
P-9772,EC-PUMP-RECIP
E-9773,EC-HEATEXCH-SHELL
FT-9774,EC-INST-FT
FCV-9775,EC-VALVE-CTRL
LT-9776,EC-INST-LT
LT-9777,EC-INST-LT
PSV-9778,EC-VALVE-RELIEF
FCV-9779,EC-VALVE-CTRL
K-9780,EC-COMPRESSOR-CENTR
PT-9781,EC-INST-PT
P-9782,EC-PUMP-CENTR
FT-9783,EC-INST-FT
E-9784,EC-HEATEXCH-SHELL
V-9785,EC-VESSEL-SEP
V-9786,EC-VESSEL-SEP
E-9787,EC-HEATEXCH-SHELL
PT-9788,EC-INST-PT
XV-9789,EC-VALVE-ISO
COL-9790,EC-VESSEL-COL
FCV-9791,EC-VALVE-CTRL
FT-9792,EC-INST-FT
V-9793,EC-VESSEL-SEP
P-9794,EC-PUMP-RECIP
P-9795,EC-PUMP-RECIP
V-9796,EC-VESSEL-SEP
K-9797,EC-COMPRESSOR-CENTR
K-9798,EC-COMPRESSOR-CENTR
P-9799,EC-PUMP-RECIP
V-9800,EC-VESSEL-SEP
V-9801,EC-VESSEL-SEP
K-9802,EC-COMPRESSOR-CENTR
E-9803,EC-HEATEXCH-SHELL
COL-9804,EC-VESSEL-COL
FT-9805,EC-INST-FT
FCV-9806,EC-VALVE-CTRL
P-9807,EC-PUMP-CENTR
FT-9808,EC-INST-FT
PT-9809,EC-INST-PT
XV-9810,EC-VALVE-ISO
PT-9811,EC-INST-PT
P-9812,EC-PUMP-RECIP
P-9813,EC-PUMP-CENTR
E-9814,EC-HEATEXCH-SHELL
P-9815,EC-PUMP-RECIP
LT-9816,EC-INST-LT
P-9817,EC-PUMP-CENTR
FT-9818,EC-INST-FT
V-9819,EC-VESSEL-SEP
V-9820,EC-VESSEL-SEP
FCV-9821,EC-VALVE-CTRL
V-9822,EC-VESSEL-SEP
COL-9823,EC-VESSEL-COL
FT-9824,EC-INST-FT
PSV-9825,EC-VALVE-RELIEF
PSV-9826,EC-VALVE-RELIEF
COL-9827,EC-VESSEL-COL
COL-9828,EC-VESSEL-COL
P-9829,EC-PUMP-RECIP
P-9830,EC-PUMP-CENTR
PT-9831,EC-INST-PT
PSV-9832,EC-VALVE-RELIEF
TT-9833,EC-INST-TT
PT-9834,EC-INST-PT
FCV-9835,EC-VALVE-CTRL
K-9836,EC-COMPRESSOR-CENTR
FT-9837,EC-INST-FT
PT-9838,EC-INST-PT
PSV-9839,EC-VALVE-RELIEF
P-9840,EC-PUMP-RECIP
PT-9841,EC-INST-PT
P-9842,EC-PUMP-CENTR
LT-9843,EC-INST-LT
E-9844,EC-HEATEXCH-SHELL
XV-9845,EC-VALVE-ISO
LT-9846,EC-INST-LT
FCV-9847,EC-VALVE-CTRL
COL-9848,EC-VESSEL-COL
PSV-9849,EC-VALVE-RELIEF
P-9850,EC-PUMP-CENTR
V-9851,EC-VESSEL-SEP
E-9852,EC-HEATEXCH-SHELL
COL-9853,EC-VESSEL-COL
FT-9854,EC-INST-FT
FCV-9855,EC-VALVE-CTRL
PT-9856,EC-INST-PT
E-9857,EC-HEATEXCH-SHELL
V-9858,EC-VESSEL-SEP
P-9859,EC-PUMP-RECIP
FT-9860,EC-INST-FT
FT-9861,EC-INST-FT
FT-9862,EC-INST-FT
P-9863,EC-PUMP-RECIP
PSV-9864,EC-VALVE-RELIEF
P-9865,EC-PUMP-RECIP
E-9866,EC-HEATEXCH-SHELL
E-9867,EC-HEATEXCH-SHELL
PSV-9868,EC-VALVE-RELIEF
E-9869,EC-HEATEXCH-SHELL
P-9870,EC-PUMP-CENTR
K-9871,EC-COMPRESSOR-CENTR
P-9872,EC-PUMP-CENTR
E-9873,EC-HEATEXCH-SHELL
FT-9874,EC-INST-FT
FCV-9875,EC-VALVE-CTRL
K-9876,EC-COMPRESSOR-CENTR
COL-9877,EC-VESSEL-COL
P-9878,EC-PUMP-RECIP
FCV-9879,EC-VALVE-CTRL
FT-9880,EC-INST-FT
V-9881,EC-VESSEL-SEP
K-9882,EC-COMPRESSOR-CENTR
P-9883,EC-PUMP-CENTR
FCV-9884,EC-VALVE-CTRL
PSV-9885,EC-VALVE-RELIEF
LT-9886,EC-INST-LT
V-9887,EC-VESSEL-SEP
K-9888,EC-COMPRESSOR-CENTR
PT-9889,EC-INST-PT
TT-9890,EC-INST-TT
FT-9891,EC-INST-FT
PSV-9892,EC-VALVE-RELIEF
TT-9893,EC-INST-TT
PT-9894,EC-INST-PT
TT-9895,EC-INST-TT
PT-9896,EC-INST-PT
XV-9897,EC-VALVE-ISO
K-9898,EC-COMPRESSOR-CENTR
FT-9899,EC-INST-FT
PSV-9900,EC-VALVE-RELIEF
COL-9901,EC-VESSEL-COL
TT-9902,EC-INST-TT
V-9903,EC-VESSEL-SEP
PT-9904,EC-INST-PT
V-9905,EC-VESSEL-SEP
FT-9906,EC-INST-FT
E-9907,EC-HEATEXCH-SHELL
P-9908,EC-PUMP-RECIP
K-9909,EC-COMPRESSOR-CENTR
COL-9910,EC-VESSEL-COL
P-9911,EC-PUMP-CENTR
FT-9912,EC-INST-FT
P-9913,EC-PUMP-CENTR
TT-9914,EC-INST-TT
LT-9915,EC-INST-LT
K-9916,EC-COMPRESSOR-CENTR
V-9917,EC-VESSEL-SEP
PSV-9918,EC-VALVE-RELIEF
XV-9919,EC-VALVE-ISO
LT-9920,EC-INST-LT
PT-9921,EC-INST-PT
LT-9922,EC-INST-LT
PT-9923,EC-INST-PT
FCV-9924,EC-VALVE-CTRL
PT-9925,EC-INST-PT
PT-9926,EC-INST-PT
E-9927,EC-HEATEXCH-SHELL
E-9928,EC-HEATEXCH-SHELL
PSV-9929,EC-VALVE-RELIEF
P-9930,EC-PUMP-RECIP
K-9931,EC-COMPRESSOR-CENTR
FCV-9932,EC-VALVE-CTRL
TT-9933,EC-INST-TT
PT-9934,EC-INST-PT
K-9935,EC-COMPRESSOR-CENTR
PT-9936,EC-INST-PT
LT-9937,EC-INST-LT
FT-9938,EC-INST-FT
P-9939,EC-PUMP-RECIP
FCV-9940,EC-VALVE-CTRL
LT-9941,EC-INST-LT
TT-9942,EC-INST-TT
XV-9943,EC-VALVE-ISO
TT-9944,EC-INST-TT
P-9945,EC-PUMP-RECIP
PT-9946,EC-INST-PT
XV-9947,EC-VALVE-ISO
TT-9948,EC-INST-TT
P-9949,EC-PUMP-CENTR
P-9950,EC-PUMP-RECIP
K-9951,EC-COMPRESSOR-CENTR
K-9952,EC-COMPRESSOR-CENTR
K-9953,EC-COMPRESSOR-CENTR
PT-9954,EC-INST-PT
E-9955,EC-HEATEXCH-SHELL
COL-9956,EC-VESSEL-COL
V-9957,EC-VESSEL-SEP
FCV-9958,EC-VALVE-CTRL
K-9959,EC-COMPRESSOR-CENTR
V-9960,EC-VESSEL-SEP
PSV-9961,EC-VALVE-RELIEF
P-9962,EC-PUMP-CENTR
XV-9963,EC-VALVE-ISO
P-9964,EC-PUMP-CENTR
FCV-9965,EC-VALVE-CTRL
XV-9966,EC-VALVE-ISO
XV-9967,EC-VALVE-ISO
COL-9968,EC-VESSEL-COL
COL-9969,EC-VESSEL-COL
LT-9970,EC-INST-LT
P-9971,EC-PUMP-RECIP
TT-9972,EC-INST-TT
PSV-9973,EC-VALVE-RELIEF
XV-9974,EC-VALVE-ISO
FT-9975,EC-INST-FT
E-9976,EC-HEATEXCH-SHELL
P-9977,EC-PUMP-RECIP
FT-9978,EC-INST-FT
P-9979,EC-PUMP-CENTR
PT-9980,EC-INST-PT
FCV-9981,EC-VALVE-CTRL
COL-9982,EC-VESSEL-COL
XV-9983,EC-VALVE-ISO
V-9984,EC-VESSEL-SEP
PSV-9985,EC-VALVE-RELIEF
P-9986,EC-PUMP-RECIP
E-9987,EC-HEATEXCH-SHELL
V-9988,EC-VESSEL-SEP
TT-9989,EC-INST-TT
V-9990,EC-VESSEL-SEP
P-9991,EC-PUMP-RECIP
PSV-9992,EC-VALVE-RELIEF
TT-9993,EC-INST-TT
XV-9994,EC-VALVE-ISO
FT-9995,EC-INST-FT
P-9996,EC-PUMP-RECIP
XV-9997,EC-VALVE-ISO
PSV-9998,EC-VALVE-RELIEF
COL-9999,EC-VESSEL-COL
XV-10000,EC-VALVE-ISO
V-10001,EC-VESSEL-SEP
LT-10002,EC-INST-LT
PSV-10003,EC-VALVE-RELIEF
LT-10004,EC-INST-LT
PSV-10005,EC-VALVE-RELIEF
FCV-10006,EC-VALVE-CTRL
P-10007,EC-PUMP-RECIP
XV-10008,EC-VALVE-ISO
XV-10009,EC-VALVE-ISO
E-10010,EC-HEATEXCH-SHELL
PSV-10011,EC-VALVE-RELIEF
P-10012,EC-PUMP-RECIP
LT-10013,EC-INST-LT
PSV-10014,EC-VALVE-RELIEF
K-10015,EC-COMPRESSOR-CENTR
TT-10016,EC-INST-TT
PSV-10017,EC-VALVE-RELIEF
V-10018,EC-VESSEL-SEP
COL-10019,EC-VESSEL-COL
PSV-10020,EC-VALVE-RELIEF
PT-10021,EC-INST-PT
PT-10022,EC-INST-PT
COL-10023,EC-VESSEL-COL
FT-10024,EC-INST-FT
V-10025,EC-VESSEL-SEP
LT-10026,EC-INST-LT
K-10027,EC-COMPRESSOR-CENTR
PT-10028,EC-INST-PT
FT-10029,EC-INST-FT
XV-10030,EC-VALVE-ISO
LT-10031,EC-INST-LT
K-10032,EC-COMPRESSOR-CENTR
PSV-10033,EC-VALVE-RELIEF
V-10034,EC-VESSEL-SEP
P-10035,EC-PUMP-CENTR
V-10036,EC-VESSEL-SEP
XV-10037,EC-VALVE-ISO
FT-10038,EC-INST-FT
K-10039,EC-COMPRESSOR-CENTR
COL-10040,EC-VESSEL-COL
PT-10041,EC-INST-PT
LT-10042,EC-INST-LT
COL-10043,EC-VESSEL-COL
TT-10044,EC-INST-TT
PT-10045,EC-INST-PT
K-10046,EC-COMPRESSOR-CENTR
TT-10047,EC-INST-TT
COL-10048,EC-VESSEL-COL
FT-10049,EC-INST-FT
PT-10050,EC-INST-PT
P-10051,EC-PUMP-CENTR
V-10052,EC-VESSEL-SEP
PT-10053,EC-INST-PT
PSV-10054,EC-VALVE-RELIEF
PT-10055,EC-INST-PT
P-10056,EC-PUMP-RECIP
PSV-10057,EC-VALVE-RELIEF
PSV-10058,EC-VALVE-RELIEF
V-10059,EC-VESSEL-SEP
K-10060,EC-COMPRESSOR-CENTR
TT-10061,EC-INST-TT
COL-10062,EC-VESSEL-COL
V-10063,EC-VESSEL-SEP
PT-10064,EC-INST-PT
PSV-10065,EC-VALVE-RELIEF
FT-10066,EC-INST-FT
COL-10067,EC-VESSEL-COL
K-10068,EC-COMPRESSOR-CENTR
E-10069,EC-HEATEXCH-SHELL
K-10070,EC-COMPRESSOR-CENTR
PSV-10071,EC-VALVE-RELIEF
TT-10072,EC-INST-TT
PT-10073,EC-INST-PT
TT-10074,EC-INST-TT
FCV-10075,EC-VALVE-CTRL
TT-10076,EC-INST-TT
PT-10077,EC-INST-PT
TT-10078,EC-INST-TT
V-10079,EC-VESSEL-SEP
FT-10080,EC-INST-FT
FCV-10081,EC-VALVE-CTRL
P-10082,EC-PUMP-RECIP
FCV-10083,EC-VALVE-CTRL
XV-10084,EC-VALVE-ISO
PSV-10085,EC-VALVE-RELIEF
E-10086,EC-HEATEXCH-SHELL
E-10087,EC-HEATEXCH-SHELL
XV-10088,EC-VALVE-ISO
LT-10089,EC-INST-LT
XV-10090,EC-VALVE-ISO
LT-10091,EC-INST-LT
K-10092,EC-COMPRESSOR-CENTR
PSV-10093,EC-VALVE-RELIEF
PT-10094,EC-INST-PT
PSV-10095,EC-VALVE-RELIEF
V-10096,EC-VESSEL-SEP
P-10097,EC-PUMP-CENTR
FT-10098,EC-INST-FT
XV-10099,EC-VALVE-ISO
XV-10100,EC-VALVE-ISO
FCV-10101,EC-VALVE-CTRL
FCV-10102,EC-VALVE-CTRL
PSV-10103,EC-VALVE-RELIEF
E-10104,EC-HEATEXCH-SHELL
P-10105,EC-PUMP-RECIP
FT-10106,EC-INST-FT
XV-10107,EC-VALVE-ISO
PSV-10108,EC-VALVE-RELIEF
COL-10109,EC-VESSEL-COL
E-10110,EC-HEATEXCH-SHELL
P-10111,EC-PUMP-CENTR
P-10112,EC-PUMP-RECIP
XV-10113,EC-VALVE-ISO
PT-10114,EC-INST-PT
TT-10115,EC-INST-TT
PT-10116,EC-INST-PT
LT-10117,EC-INST-LT
LT-10118,EC-INST-LT
PT-10119,EC-INST-PT
COL-10120,EC-VESSEL-COL
K-10121,EC-COMPRESSOR-CENTR
E-10122,EC-HEATEXCH-SHELL
E-10123,EC-HEATEXCH-SHELL
P-10124,EC-PUMP-CENTR
COL-10125,EC-VESSEL-COL
K-10126,EC-COMPRESSOR-CENTR
XV-10127,EC-VALVE-ISO
FT-10128,EC-INST-FT
E-10129,EC-HEATEXCH-SHELL
V-10130,EC-VESSEL-SEP
PT-10131,EC-INST-PT
PT-10132,EC-INST-PT
FCV-10133,EC-VALVE-CTRL
TT-10134,EC-INST-TT
P-10135,EC-PUMP-RECIP
TT-10136,EC-INST-TT
LT-10137,EC-INST-LT
TT-10138,EC-INST-TT
TT-10139,EC-INST-TT
PSV-10140,EC-VALVE-RELIEF
PT-10141,EC-INST-PT
PSV-10142,EC-VALVE-RELIEF
FT-10143,EC-INST-FT
E-10144,EC-HEATEXCH-SHELL
TT-10145,EC-INST-TT
XV-10146,EC-VALVE-ISO
P-10147,EC-PUMP-RECIP
COL-10148,EC-VESSEL-COL
V-10149,EC-VESSEL-SEP
FT-10150,EC-INST-FT
P-10151,EC-PUMP-RECIP
P-10152,EC-PUMP-RECIP
TT-10153,EC-INST-TT
P-10154,EC-PUMP-RECIP
V-10155,EC-VESSEL-SEP
P-10156,EC-PUMP-RECIP
K-10157,EC-COMPRESSOR-CENTR
P-10158,EC-PUMP-RECIP
FCV-10159,EC-VALVE-CTRL
V-10160,EC-VESSEL-SEP
P-10161,EC-PUMP-RECIP
FT-10162,EC-INST-FT
TT-10163,EC-INST-TT
TT-10164,EC-INST-TT
TT-10165,EC-INST-TT
PSV-10166,EC-VALVE-RELIEF
P-10167,EC-PUMP-CENTR
TT-10168,EC-INST-TT
XV-10169,EC-VALVE-ISO
V-10170,EC-VESSEL-SEP
LT-10171,EC-INST-LT
TT-10172,EC-INST-TT
PT-10173,EC-INST-PT
P-10174,EC-PUMP-CENTR
P-10175,EC-PUMP-RECIP
P-10176,EC-PUMP-CENTR
PSV-10177,EC-VALVE-RELIEF
XV-10178,EC-VALVE-ISO
V-10179,EC-VESSEL-SEP
E-10180,EC-HEATEXCH-SHELL
PT-10181,EC-INST-PT
LT-10182,EC-INST-LT
P-10183,EC-PUMP-CENTR
P-10184,EC-PUMP-RECIP
LT-10185,EC-INST-LT
P-10186,EC-PUMP-RECIP
P-10187,EC-PUMP-RECIP
E-10188,EC-HEATEXCH-SHELL
E-10189,EC-HEATEXCH-SHELL
FT-10190,EC-INST-FT
V-10191,EC-VESSEL-SEP
PSV-10192,EC-VALVE-RELIEF
K-10193,EC-COMPRESSOR-CENTR
P-10194,EC-PUMP-RECIP
FT-10195,EC-INST-FT
PSV-10196,EC-VALVE-RELIEF
FT-10197,EC-INST-FT
XV-10198,EC-VALVE-ISO
E-10199,EC-HEATEXCH-SHELL
LT-10200,EC-INST-LT
FCV-10201,EC-VALVE-CTRL
E-10202,EC-HEATEXCH-SHELL
P-10203,EC-PUMP-RECIP
E-10204,EC-HEATEXCH-SHELL
FT-10205,EC-INST-FT
TT-10206,EC-INST-TT
FCV-10207,EC-VALVE-CTRL
COL-10208,EC-VESSEL-COL
E-10209,EC-HEATEXCH-SHELL
PT-10210,EC-INST-PT
P-10211,EC-PUMP-RECIP
P-10212,EC-PUMP-CENTR
XV-10213,EC-VALVE-ISO
COL-10214,EC-VESSEL-COL
E-10215,EC-HEATEXCH-SHELL
XV-10216,EC-VALVE-ISO
PSV-10217,EC-VALVE-RELIEF
COL-10218,EC-VESSEL-COL
PT-10219,EC-INST-PT
P-10220,EC-PUMP-RECIP
COL-10221,EC-VESSEL-COL
XV-10222,EC-VALVE-ISO
FCV-10223,EC-VALVE-CTRL
P-10224,EC-PUMP-CENTR
P-10225,EC-PUMP-RECIP
FCV-10226,EC-VALVE-CTRL
LT-10227,EC-INST-LT
E-10228,EC-HEATEXCH-SHELL
FT-10229,EC-INST-FT
TT-10230,EC-INST-TT
E-10231,EC-HEATEXCH-SHELL
P-10232,EC-PUMP-CENTR
LT-10233,EC-INST-LT
COL-10234,EC-VESSEL-COL
FCV-10235,EC-VALVE-CTRL
P-10236,EC-PUMP-RECIP
FT-10237,EC-INST-FT
FT-10238,EC-INST-FT
COL-10239,EC-VESSEL-COL
K-10240,EC-COMPRESSOR-CENTR
V-10241,EC-VESSEL-SEP
LT-10242,EC-INST-LT
P-10243,EC-PUMP-RECIP
V-10244,EC-VESSEL-SEP
PSV-10245,EC-VALVE-RELIEF
K-10246,EC-COMPRESSOR-CENTR
XV-10247,EC-VALVE-ISO
FCV-10248,EC-VALVE-CTRL
LT-10249,EC-INST-LT
PSV-10250,EC-VALVE-RELIEF
E-10251,EC-HEATEXCH-SHELL
E-10252,EC-HEATEXCH-SHELL
TT-10253,EC-INST-TT
V-10254,EC-VESSEL-SEP
COL-10255,EC-VESSEL-COL
P-10256,EC-PUMP-RECIP
PT-10257,EC-INST-PT
XV-10258,EC-VALVE-ISO
PSV-10259,EC-VALVE-RELIEF
PT-10260,EC-INST-PT
PSV-10261,EC-VALVE-RELIEF
FT-10262,EC-INST-FT
PSV-10263,EC-VALVE-RELIEF
XV-10264,EC-VALVE-ISO
XV-10265,EC-VALVE-ISO
P-10266,EC-PUMP-RECIP
PSV-10267,EC-VALVE-RELIEF
XV-10268,EC-VALVE-ISO
E-10269,EC-HEATEXCH-SHELL
PT-10270,EC-INST-PT
PSV-10271,EC-VALVE-RELIEF
LT-10272,EC-INST-LT
TT-10273,EC-INST-TT
PT-10274,EC-INST-PT
P-10275,EC-PUMP-CENTR
PT-10276,EC-INST-PT
PT-10277,EC-INST-PT
PSV-10278,EC-VALVE-RELIEF
V-10279,EC-VESSEL-SEP
FCV-10280,EC-VALVE-CTRL
PT-10281,EC-INST-PT
V-10282,EC-VESSEL-SEP
COL-10283,EC-VESSEL-COL
PSV-10284,EC-VALVE-RELIEF
COL-10285,EC-VESSEL-COL
FCV-10286,EC-VALVE-CTRL
FT-10287,EC-INST-FT
FCV-10288,EC-VALVE-CTRL
PT-10289,EC-INST-PT
FT-10290,EC-INST-FT
P-10291,EC-PUMP-RECIP
P-10292,EC-PUMP-CENTR
PT-10293,EC-INST-PT
P-10294,EC-PUMP-CENTR
E-10295,EC-HEATEXCH-SHELL
FCV-10296,EC-VALVE-CTRL
LT-10297,EC-INST-LT
COL-10298,EC-VESSEL-COL
XV-10299,EC-VALVE-ISO
V-10300,EC-VESSEL-SEP
V-10301,EC-VESSEL-SEP
PSV-10302,EC-VALVE-RELIEF
FCV-10303,EC-VALVE-CTRL
K-10304,EC-COMPRESSOR-CENTR
COL-10305,EC-VESSEL-COL
V-10306,EC-VESSEL-SEP
FCV-10307,EC-VALVE-CTRL
P-10308,EC-PUMP-CENTR
P-10309,EC-PUMP-CENTR
PSV-10310,EC-VALVE-RELIEF
FT-10311,EC-INST-FT
P-10312,EC-PUMP-CENTR
K-10313,EC-COMPRESSOR-CENTR
LT-10314,EC-INST-LT
LT-10315,EC-INST-LT
K-10316,EC-COMPRESSOR-CENTR
FT-10317,EC-INST-FT
P-10318,EC-PUMP-CENTR
FT-10319,EC-INST-FT
TT-10320,EC-INST-TT
P-10321,EC-PUMP-CENTR
COL-10322,EC-VESSEL-COL
PSV-10323,EC-VALVE-RELIEF
PSV-10324,EC-VALVE-RELIEF
PSV-10325,EC-VALVE-RELIEF
E-10326,EC-HEATEXCH-SHELL
TT-10327,EC-INST-TT
E-10328,EC-HEATEXCH-SHELL
PSV-10329,EC-VALVE-RELIEF
XV-10330,EC-VALVE-ISO
E-10331,EC-HEATEXCH-SHELL
K-10332,EC-COMPRESSOR-CENTR
E-10333,EC-HEATEXCH-SHELL
K-10334,EC-COMPRESSOR-CENTR
K-10335,EC-COMPRESSOR-CENTR
FT-10336,EC-INST-FT
V-10337,EC-VESSEL-SEP
K-10338,EC-COMPRESSOR-CENTR
P-10339,EC-PUMP-RECIP
PSV-10340,EC-VALVE-RELIEF
FT-10341,EC-INST-FT
P-10342,EC-PUMP-RECIP
FT-10343,EC-INST-FT
PSV-10344,EC-VALVE-RELIEF
P-10345,EC-PUMP-CENTR
LT-10346,EC-INST-LT
P-10347,EC-PUMP-RECIP
P-10348,EC-PUMP-CENTR
COL-10349,EC-VESSEL-COL
PT-10350,EC-INST-PT
E-10351,EC-HEATEXCH-SHELL
V-10352,EC-VESSEL-SEP
FT-10353,EC-INST-FT
V-10354,EC-VESSEL-SEP
V-10355,EC-VESSEL-SEP
P-10356,EC-PUMP-CENTR
FCV-10357,EC-VALVE-CTRL
LT-10358,EC-INST-LT
XV-10359,EC-VALVE-ISO
TT-10360,EC-INST-TT
TT-10361,EC-INST-TT
V-10362,EC-VESSEL-SEP
P-10363,EC-PUMP-CENTR
LT-10364,EC-INST-LT
TT-10365,EC-INST-TT
PSV-10366,EC-VALVE-RELIEF
XV-10367,EC-VALVE-ISO
FT-10368,EC-INST-FT
XV-10369,EC-VALVE-ISO
TT-10370,EC-INST-TT
LT-10371,EC-INST-LT
FT-10372,EC-INST-FT
FCV-10373,EC-VALVE-CTRL
PT-10374,EC-INST-PT
K-10375,EC-COMPRESSOR-CENTR
LT-10376,EC-INST-LT
XV-10377,EC-VALVE-ISO
K-10378,EC-COMPRESSOR-CENTR
PT-10379,EC-INST-PT
PT-10380,EC-INST-PT
FCV-10381,EC-VALVE-CTRL
P-10382,EC-PUMP-RECIP
K-10383,EC-COMPRESSOR-CENTR
FT-10384,EC-INST-FT
P-10385,EC-PUMP-RECIP
E-10386,EC-HEATEXCH-SHELL
PSV-10387,EC-VALVE-RELIEF
FCV-10388,EC-VALVE-CTRL
XV-10389,EC-VALVE-ISO
PT-10390,EC-INST-PT
FCV-10391,EC-VALVE-CTRL
FT-10392,EC-INST-FT
V-10393,EC-VESSEL-SEP
TT-10394,EC-INST-TT
E-10395,EC-HEATEXCH-SHELL
PT-10396,EC-INST-PT
XV-10397,EC-VALVE-ISO
TT-10398,EC-INST-TT
TT-10399,EC-INST-TT
LT-10400,EC-INST-LT
FCV-10401,EC-VALVE-CTRL
FCV-10402,EC-VALVE-CTRL
V-10403,EC-VESSEL-SEP
E-10404,EC-HEATEXCH-SHELL
P-10405,EC-PUMP-RECIP
LT-10406,EC-INST-LT
XV-10407,EC-VALVE-ISO
LT-10408,EC-INST-LT
TT-10409,EC-INST-TT
E-10410,EC-HEATEXCH-SHELL
P-10411,EC-PUMP-CENTR
FT-10412,EC-INST-FT
PSV-10413,EC-VALVE-RELIEF
LT-10414,EC-INST-LT
P-10415,EC-PUMP-CENTR
PSV-10416,EC-VALVE-RELIEF
P-10417,EC-PUMP-RECIP
K-10418,EC-COMPRESSOR-CENTR
K-10419,EC-COMPRESSOR-CENTR
XV-10420,EC-VALVE-ISO
E-10421,EC-HEATEXCH-SHELL
XV-10422,EC-VALVE-ISO
V-10423,EC-VESSEL-SEP
PT-10424,EC-INST-PT
V-10425,EC-VESSEL-SEP
E-10426,EC-HEATEXCH-SHELL
PSV-10427,EC-VALVE-RELIEF
PT-10428,EC-INST-PT
PSV-10429,EC-VALVE-RELIEF
E-10430,EC-HEATEXCH-SHELL
PT-10431,EC-INST-PT
FCV-10432,EC-VALVE-CTRL
K-10433,EC-COMPRESSOR-CENTR
FT-10434,EC-INST-FT
XV-10435,EC-VALVE-ISO
P-10436,EC-PUMP-RECIP
V-10437,EC-VESSEL-SEP
FCV-10438,EC-VALVE-CTRL
LT-10439,EC-INST-LT
LT-10440,EC-INST-LT
PSV-10441,EC-VALVE-RELIEF
PSV-10442,EC-VALVE-RELIEF
P-10443,EC-PUMP-RECIP
TT-10444,EC-INST-TT
K-10445,EC-COMPRESSOR-CENTR
K-10446,EC-COMPRESSOR-CENTR
P-10447,EC-PUMP-CENTR
P-10448,EC-PUMP-RECIP
FT-10449,EC-INST-FT
FT-10450,EC-INST-FT
P-10451,EC-PUMP-CENTR
FCV-10452,EC-VALVE-CTRL
FT-10453,EC-INST-FT
FCV-10454,EC-VALVE-CTRL
PSV-10455,EC-VALVE-RELIEF
P-10456,EC-PUMP-RECIP
PT-10457,EC-INST-PT
FCV-10458,EC-VALVE-CTRL
E-10459,EC-HEATEXCH-SHELL
E-10460,EC-HEATEXCH-SHELL
LT-10461,EC-INST-LT
K-10462,EC-COMPRESSOR-CENTR
FCV-10463,EC-VALVE-CTRL
XV-10464,EC-VALVE-ISO
V-10465,EC-VESSEL-SEP
FCV-10466,EC-VALVE-CTRL
TT-10467,EC-INST-TT
K-10468,EC-COMPRESSOR-CENTR
K-10469,EC-COMPRESSOR-CENTR
FCV-10470,EC-VALVE-CTRL
XV-10471,EC-VALVE-ISO
PT-10472,EC-INST-PT
FT-10473,EC-INST-FT
P-10474,EC-PUMP-CENTR
P-10475,EC-PUMP-CENTR
E-10476,EC-HEATEXCH-SHELL
P-10477,EC-PUMP-RECIP
E-10478,EC-HEATEXCH-SHELL
TT-10479,EC-INST-TT
TT-10480,EC-INST-TT
P-10481,EC-PUMP-RECIP
K-10482,EC-COMPRESSOR-CENTR
P-10483,EC-PUMP-CENTR
PT-10484,EC-INST-PT
FCV-10485,EC-VALVE-CTRL
P-10486,EC-PUMP-CENTR
LT-10487,EC-INST-LT
FCV-10488,EC-VALVE-CTRL
COL-10489,EC-VESSEL-COL
PT-10490,EC-INST-PT
E-10491,EC-HEATEXCH-SHELL
FT-10492,EC-INST-FT
E-10493,EC-HEATEXCH-SHELL
V-10494,EC-VESSEL-SEP
P-10495,EC-PUMP-CENTR
FCV-10496,EC-VALVE-CTRL
P-10497,EC-PUMP-CENTR
PSV-10498,EC-VALVE-RELIEF
TT-10499,EC-INST-TT
LT-10500,EC-INST-LT
TT-10501,EC-INST-TT
COL-10502,EC-VESSEL-COL
COL-10503,EC-VESSEL-COL
FT-10504,EC-INST-FT
PT-10505,EC-INST-PT
P-10506,EC-PUMP-CENTR
FT-10507,EC-INST-FT
P-10508,EC-PUMP-RECIP
PT-10509,EC-INST-PT
K-10510,EC-COMPRESSOR-CENTR
K-10511,EC-COMPRESSOR-CENTR
PT-10512,EC-INST-PT
XV-10513,EC-VALVE-ISO
PT-10514,EC-INST-PT
TT-10515,EC-INST-TT
PT-10516,EC-INST-PT
XV-10517,EC-VALVE-ISO
PT-10518,EC-INST-PT
E-10519,EC-HEATEXCH-SHELL
K-10520,EC-COMPRESSOR-CENTR
FT-10521,EC-INST-FT
PSV-10522,EC-VALVE-RELIEF
PSV-10523,EC-VALVE-RELIEF
FCV-10524,EC-VALVE-CTRL
V-10525,EC-VESSEL-SEP
PT-10526,EC-INST-PT
P-10527,EC-PUMP-CENTR
XV-10528,EC-VALVE-ISO
P-10529,EC-PUMP-CENTR
TT-10530,EC-INST-TT
LT-10531,EC-INST-LT
XV-10532,EC-VALVE-ISO
COL-10533,EC-VESSEL-COL
PT-10534,EC-INST-PT
V-10535,EC-VESSEL-SEP
LT-10536,EC-INST-LT
FCV-10537,EC-VALVE-CTRL
FCV-10538,EC-VALVE-CTRL
PT-10539,EC-INST-PT
PSV-10540,EC-VALVE-RELIEF
K-10541,EC-COMPRESSOR-CENTR
K-10542,EC-COMPRESSOR-CENTR
FCV-10543,EC-VALVE-CTRL
E-10544,EC-HEATEXCH-SHELL
TT-10545,EC-INST-TT
FCV-10546,EC-VALVE-CTRL
PT-10547,EC-INST-PT
P-10548,EC-PUMP-RECIP
P-10549,EC-PUMP-CENTR
TT-10550,EC-INST-TT
PT-10551,EC-INST-PT
P-10552,EC-PUMP-RECIP
V-10553,EC-VESSEL-SEP
FT-10554,EC-INST-FT
P-10555,EC-PUMP-RECIP
LT-10556,EC-INST-LT
XV-10557,EC-VALVE-ISO
E-10558,EC-HEATEXCH-SHELL
LT-10559,EC-INST-LT
FT-10560,EC-INST-FT
PSV-10561,EC-VALVE-RELIEF
TT-10562,EC-INST-TT
COL-10563,EC-VESSEL-COL
K-10564,EC-COMPRESSOR-CENTR
PSV-10565,EC-VALVE-RELIEF
P-10566,EC-PUMP-CENTR
P-10567,EC-PUMP-CENTR
P-10568,EC-PUMP-CENTR
K-10569,EC-COMPRESSOR-CENTR
TT-10570,EC-INST-TT
P-10571,EC-PUMP-CENTR
FCV-10572,EC-VALVE-CTRL
LT-10573,EC-INST-LT
LT-10574,EC-INST-LT
E-10575,EC-HEATEXCH-SHELL
XV-10576,EC-VALVE-ISO
K-10577,EC-COMPRESSOR-CENTR
FT-10578,EC-INST-FT
K-10579,EC-COMPRESSOR-CENTR
P-10580,EC-PUMP-RECIP
E-10581,EC-HEATEXCH-SHELL
XV-10582,EC-VALVE-ISO
E-10583,EC-HEATEXCH-SHELL
PT-10584,EC-INST-PT
FCV-10585,EC-VALVE-CTRL
P-10586,EC-PUMP-CENTR
XV-10587,EC-VALVE-ISO
P-10588,EC-PUMP-RECIP
COL-10589,EC-VESSEL-COL
LT-10590,EC-INST-LT
P-10591,EC-PUMP-CENTR
P-10592,EC-PUMP-RECIP
P-10593,EC-PUMP-CENTR
TT-10594,EC-INST-TT
LT-10595,EC-INST-LT
PSV-10596,EC-VALVE-RELIEF
FCV-10597,EC-VALVE-CTRL
V-10598,EC-VESSEL-SEP
K-10599,EC-COMPRESSOR-CENTR
E-10600,EC-HEATEXCH-SHELL
FCV-10601,EC-VALVE-CTRL
TT-10602,EC-INST-TT
V-10603,EC-VESSEL-SEP
XV-10604,EC-VALVE-ISO
P-10605,EC-PUMP-RECIP
FT-10606,EC-INST-FT
P-10607,EC-PUMP-RECIP
PT-10608,EC-INST-PT
K-10609,EC-COMPRESSOR-CENTR
XV-10610,EC-VALVE-ISO
E-10611,EC-HEATEXCH-SHELL
K-10612,EC-COMPRESSOR-CENTR
FCV-10613,EC-VALVE-CTRL
K-10614,EC-COMPRESSOR-CENTR
FT-10615,EC-INST-FT
LT-10616,EC-INST-LT
P-10617,EC-PUMP-RECIP
TT-10618,EC-INST-TT
P-10619,EC-PUMP-RECIP
V-10620,EC-VESSEL-SEP
K-10621,EC-COMPRESSOR-CENTR
PT-10622,EC-INST-PT
P-10623,EC-PUMP-RECIP
P-10624,EC-PUMP-RECIP
TT-10625,EC-INST-TT
V-10626,EC-VESSEL-SEP
FCV-10627,EC-VALVE-CTRL
COL-10628,EC-VESSEL-COL
V-10629,EC-VESSEL-SEP
K-10630,EC-COMPRESSOR-CENTR
TT-10631,EC-INST-TT
LT-10632,EC-INST-LT
LT-10633,EC-INST-LT
COL-10634,EC-VESSEL-COL
FCV-10635,EC-VALVE-CTRL
PT-10636,EC-INST-PT
K-10637,EC-COMPRESSOR-CENTR
LT-10638,EC-INST-LT
K-10639,EC-COMPRESSOR-CENTR
K-10640,EC-COMPRESSOR-CENTR
PT-10641,EC-INST-PT
PSV-10642,EC-VALVE-RELIEF
PT-10643,EC-INST-PT
PSV-10644,EC-VALVE-RELIEF
XV-10645,EC-VALVE-ISO
COL-10646,EC-VESSEL-COL
PSV-10647,EC-VALVE-RELIEF
LT-10648,EC-INST-LT
V-10649,EC-VESSEL-SEP
XV-10650,EC-VALVE-ISO
K-10651,EC-COMPRESSOR-CENTR
FT-10652,EC-INST-FT
FCV-10653,EC-VALVE-CTRL
V-10654,EC-VESSEL-SEP
V-10655,EC-VESSEL-SEP
E-10656,EC-HEATEXCH-SHELL
COL-10657,EC-VESSEL-COL
E-10658,EC-HEATEXCH-SHELL
K-10659,EC-COMPRESSOR-CENTR
PSV-10660,EC-VALVE-RELIEF
FT-10661,EC-INST-FT
PSV-10662,EC-VALVE-RELIEF
COL-10663,EC-VESSEL-COL
FCV-10664,EC-VALVE-CTRL
FT-10665,EC-INST-FT
COL-10666,EC-VESSEL-COL
PSV-10667,EC-VALVE-RELIEF
XV-10668,EC-VALVE-ISO
P-10669,EC-PUMP-CENTR
LT-10670,EC-INST-LT
FT-10671,EC-INST-FT
FT-10672,EC-INST-FT
XV-10673,EC-VALVE-ISO
PT-10674,EC-INST-PT
K-10675,EC-COMPRESSOR-CENTR
XV-10676,EC-VALVE-ISO
FT-10677,EC-INST-FT
LT-10678,EC-INST-LT
PT-10679,EC-INST-PT
PSV-10680,EC-VALVE-RELIEF
TT-10681,EC-INST-TT
COL-10682,EC-VESSEL-COL
PT-10683,EC-INST-PT
XV-10684,EC-VALVE-ISO
TT-10685,EC-INST-TT
V-10686,EC-VESSEL-SEP
P-10687,EC-PUMP-CENTR
P-10688,EC-PUMP-RECIP
E-10689,EC-HEATEXCH-SHELL
E-10690,EC-HEATEXCH-SHELL
K-10691,EC-COMPRESSOR-CENTR
XV-10692,EC-VALVE-ISO
XV-10693,EC-VALVE-ISO
COL-10694,EC-VESSEL-COL
LT-10695,EC-INST-LT
V-10696,EC-VESSEL-SEP
V-10697,EC-VESSEL-SEP
PSV-10698,EC-VALVE-RELIEF
PSV-10699,EC-VALVE-RELIEF
PT-10700,EC-INST-PT
K-10701,EC-COMPRESSOR-CENTR
XV-10702,EC-VALVE-ISO
PT-10703,EC-INST-PT
LT-10704,EC-INST-LT
PT-10705,EC-INST-PT
P-10706,EC-PUMP-CENTR
V-10707,EC-VESSEL-SEP
V-10708,EC-VESSEL-SEP
FT-10709,EC-INST-FT
LT-10710,EC-INST-LT
P-10711,EC-PUMP-RECIP
LT-10712,EC-INST-LT
PSV-10713,EC-VALVE-RELIEF
FCV-10714,EC-VALVE-CTRL
P-10715,EC-PUMP-RECIP
TT-10716,EC-INST-TT
P-10717,EC-PUMP-CENTR
XV-10718,EC-VALVE-ISO
P-10719,EC-PUMP-CENTR
V-10720,EC-VESSEL-SEP
PSV-10721,EC-VALVE-RELIEF
FT-10722,EC-INST-FT
PT-10723,EC-INST-PT
FT-10724,EC-INST-FT
TT-10725,EC-INST-TT
V-10726,EC-VESSEL-SEP
COL-10727,EC-VESSEL-COL
V-10728,EC-VESSEL-SEP
LT-10729,EC-INST-LT
XV-10730,EC-VALVE-ISO
TT-10731,EC-INST-TT
FCV-10732,EC-VALVE-CTRL
V-10733,EC-VESSEL-SEP
P-10734,EC-PUMP-RECIP
LT-10735,EC-INST-LT
TT-10736,EC-INST-TT
E-10737,EC-HEATEXCH-SHELL
PSV-10738,EC-VALVE-RELIEF
PT-10739,EC-INST-PT
V-10740,EC-VESSEL-SEP
COL-10741,EC-VESSEL-COL
XV-10742,EC-VALVE-ISO
K-10743,EC-COMPRESSOR-CENTR
FT-10744,EC-INST-FT
FCV-10745,EC-VALVE-CTRL
P-10746,EC-PUMP-RECIP
FCV-10747,EC-VALVE-CTRL
LT-10748,EC-INST-LT
E-10749,EC-HEATEXCH-SHELL
E-10750,EC-HEATEXCH-SHELL
P-10751,EC-PUMP-CENTR
COL-10752,EC-VESSEL-COL
LT-10753,EC-INST-LT
LT-10754,EC-INST-LT
FCV-10755,EC-VALVE-CTRL
P-10756,EC-PUMP-CENTR
P-10757,EC-PUMP-CENTR
E-10758,EC-HEATEXCH-SHELL
XV-10759,EC-VALVE-ISO
LT-10760,EC-INST-LT
TT-10761,EC-INST-TT
TT-10762,EC-INST-TT
XV-10763,EC-VALVE-ISO
COL-10764,EC-VESSEL-COL
P-10765,EC-PUMP-CENTR
P-10766,EC-PUMP-RECIP
XV-10767,EC-VALVE-ISO
TT-10768,EC-INST-TT
P-10769,EC-PUMP-RECIP
LT-10770,EC-INST-LT
V-10771,EC-VESSEL-SEP
P-10772,EC-PUMP-RECIP
FT-10773,EC-INST-FT
V-10774,EC-VESSEL-SEP
PT-10775,EC-INST-PT
LT-10776,EC-INST-LT
FCV-10777,EC-VALVE-CTRL
TT-10778,EC-INST-TT
FT-10779,EC-INST-FT
LT-10780,EC-INST-LT
FCV-10781,EC-VALVE-CTRL
PT-10782,EC-INST-PT
PSV-10783,EC-VALVE-RELIEF
PSV-10784,EC-VALVE-RELIEF
E-10785,EC-HEATEXCH-SHELL
P-10786,EC-PUMP-RECIP
E-10787,EC-HEATEXCH-SHELL
PT-10788,EC-INST-PT
COL-10789,EC-VESSEL-COL
PSV-10790,EC-VALVE-RELIEF
XV-10791,EC-VALVE-ISO
FCV-10792,EC-VALVE-CTRL
XV-10793,EC-VALVE-ISO
PT-10794,EC-INST-PT
K-10795,EC-COMPRESSOR-CENTR
P-10796,EC-PUMP-RECIP
TT-10797,EC-INST-TT
K-10798,EC-COMPRESSOR-CENTR
P-10799,EC-PUMP-CENTR
LT-10800,EC-INST-LT
XV-10801,EC-VALVE-ISO
E-10802,EC-HEATEXCH-SHELL
COL-10803,EC-VESSEL-COL
P-10804,EC-PUMP-CENTR
PSV-10805,EC-VALVE-RELIEF
PT-10806,EC-INST-PT
FT-10807,EC-INST-FT
K-10808,EC-COMPRESSOR-CENTR
P-10809,EC-PUMP-CENTR
FCV-10810,EC-VALVE-CTRL
PSV-10811,EC-VALVE-RELIEF
COL-10812,EC-VESSEL-COL
E-10813,EC-HEATEXCH-SHELL
XV-10814,EC-VALVE-ISO
K-10815,EC-COMPRESSOR-CENTR
FT-10816,EC-INST-FT
PT-10817,EC-INST-PT
PSV-10818,EC-VALVE-RELIEF
COL-10819,EC-VESSEL-COL
LT-10820,EC-INST-LT
E-10821,EC-HEATEXCH-SHELL
LT-10822,EC-INST-LT
P-10823,EC-PUMP-CENTR
PT-10824,EC-INST-PT
COL-10825,EC-VESSEL-COL
COL-10826,EC-VESSEL-COL
TT-10827,EC-INST-TT
XV-10828,EC-VALVE-ISO
LT-10829,EC-INST-LT
K-10830,EC-COMPRESSOR-CENTR
P-10831,EC-PUMP-CENTR
K-10832,EC-COMPRESSOR-CENTR
E-10833,EC-HEATEXCH-SHELL
V-10834,EC-VESSEL-SEP
TT-10835,EC-INST-TT
P-10836,EC-PUMP-CENTR
TT-10837,EC-INST-TT
E-10838,EC-HEATEXCH-SHELL
P-10839,EC-PUMP-RECIP
K-10840,EC-COMPRESSOR-CENTR
XV-10841,EC-VALVE-ISO
FT-10842,EC-INST-FT
P-10843,EC-PUMP-RECIP
P-10844,EC-PUMP-RECIP
FT-10845,EC-INST-FT
E-10846,EC-HEATEXCH-SHELL
COL-10847,EC-VESSEL-COL
PT-10848,EC-INST-PT
TT-10849,EC-INST-TT
LT-10850,EC-INST-LT
FT-10851,EC-INST-FT
FCV-10852,EC-VALVE-CTRL
PT-10853,EC-INST-PT
LT-10854,EC-INST-LT
FT-10855,EC-INST-FT
P-10856,EC-PUMP-CENTR
P-10857,EC-PUMP-CENTR
LT-10858,EC-INST-LT
TT-10859,EC-INST-TT
FCV-10860,EC-VALVE-CTRL
XV-10861,EC-VALVE-ISO
PSV-10862,EC-VALVE-RELIEF
P-10863,EC-PUMP-CENTR
XV-10864,EC-VALVE-ISO
P-10865,EC-PUMP-CENTR
PT-10866,EC-INST-PT
PSV-10867,EC-VALVE-RELIEF
COL-10868,EC-VESSEL-COL
COL-10869,EC-VESSEL-COL
PT-10870,EC-INST-PT
V-10871,EC-VESSEL-SEP
TT-10872,EC-INST-TT
E-10873,EC-HEATEXCH-SHELL
PSV-10874,EC-VALVE-RELIEF
FCV-10875,EC-VALVE-CTRL
K-10876,EC-COMPRESSOR-CENTR
XV-10877,EC-VALVE-ISO
P-10878,EC-PUMP-CENTR
E-10879,EC-HEATEXCH-SHELL
COL-10880,EC-VESSEL-COL
PT-10881,EC-INST-PT
P-10882,EC-PUMP-RECIP
FT-10883,EC-INST-FT
COL-10884,EC-VESSEL-COL
PT-10885,EC-INST-PT
TT-10886,EC-INST-TT
E-10887,EC-HEATEXCH-SHELL
FCV-10888,EC-VALVE-CTRL
P-10889,EC-PUMP-RECIP
COL-10890,EC-VESSEL-COL
E-10891,EC-HEATEXCH-SHELL
K-10892,EC-COMPRESSOR-CENTR
PSV-10893,EC-VALVE-RELIEF
FT-10894,EC-INST-FT
PSV-10895,EC-VALVE-RELIEF
V-10896,EC-VESSEL-SEP
LT-10897,EC-INST-LT
PT-10898,EC-INST-PT
FT-10899,EC-INST-FT
TT-10900,EC-INST-TT
XV-10901,EC-VALVE-ISO
K-10902,EC-COMPRESSOR-CENTR
FCV-10903,EC-VALVE-CTRL
E-10904,EC-HEATEXCH-SHELL
PT-10905,EC-INST-PT
K-10906,EC-COMPRESSOR-CENTR
P-10907,EC-PUMP-CENTR
E-10908,EC-HEATEXCH-SHELL
TT-10909,EC-INST-TT
COL-10910,EC-VESSEL-COL
XV-10911,EC-VALVE-ISO
K-10912,EC-COMPRESSOR-CENTR
K-10913,EC-COMPRESSOR-CENTR
PSV-10914,EC-VALVE-RELIEF
XV-10915,EC-VALVE-ISO
PSV-10916,EC-VALVE-RELIEF
E-10917,EC-HEATEXCH-SHELL
V-10918,EC-VESSEL-SEP
P-10919,EC-PUMP-RECIP
FCV-10920,EC-VALVE-CTRL
COL-10921,EC-VESSEL-COL
E-10922,EC-HEATEXCH-SHELL
COL-10923,EC-VESSEL-COL
TT-10924,EC-INST-TT
FCV-10925,EC-VALVE-CTRL
TT-10926,EC-INST-TT
P-10927,EC-PUMP-CENTR
XV-10928,EC-VALVE-ISO
E-10929,EC-HEATEXCH-SHELL
XV-10930,EC-VALVE-ISO
PT-10931,EC-INST-PT
FT-10932,EC-INST-FT
P-10933,EC-PUMP-CENTR
PSV-10934,EC-VALVE-RELIEF
K-10935,EC-COMPRESSOR-CENTR
TT-10936,EC-INST-TT
FT-10937,EC-INST-FT
FCV-10938,EC-VALVE-CTRL
TT-10939,EC-INST-TT
LT-10940,EC-INST-LT
V-10941,EC-VESSEL-SEP
V-10942,EC-VESSEL-SEP
P-10943,EC-PUMP-CENTR
LT-10944,EC-INST-LT
P-10945,EC-PUMP-RECIP
P-10946,EC-PUMP-CENTR
FT-10947,EC-INST-FT
V-10948,EC-VESSEL-SEP
FCV-10949,EC-VALVE-CTRL
FCV-10950,EC-VALVE-CTRL
V-10951,EC-VESSEL-SEP
E-10952,EC-HEATEXCH-SHELL
FCV-10953,EC-VALVE-CTRL
XV-10954,EC-VALVE-ISO
FT-10955,EC-INST-FT
FCV-10956,EC-VALVE-CTRL
K-10957,EC-COMPRESSOR-CENTR
E-10958,EC-HEATEXCH-SHELL
TT-10959,EC-INST-TT
PSV-10960,EC-VALVE-RELIEF
V-10961,EC-VESSEL-SEP
E-10962,EC-HEATEXCH-SHELL
LT-10963,EC-INST-LT
XV-10964,EC-VALVE-ISO
E-10965,EC-HEATEXCH-SHELL
P-10966,EC-PUMP-CENTR
LT-10967,EC-INST-LT
FCV-10968,EC-VALVE-CTRL
FCV-10969,EC-VALVE-CTRL
PSV-10970,EC-VALVE-RELIEF
FCV-10971,EC-VALVE-CTRL
TT-10972,EC-INST-TT
COL-10973,EC-VESSEL-COL
P-10974,EC-PUMP-RECIP
LT-10975,EC-INST-LT
P-10976,EC-PUMP-CENTR
COL-10977,EC-VESSEL-COL
LT-10978,EC-INST-LT
P-10979,EC-PUMP-RECIP
COL-10980,EC-VESSEL-COL
V-10981,EC-VESSEL-SEP
K-10982,EC-COMPRESSOR-CENTR
TT-10983,EC-INST-TT
XV-10984,EC-VALVE-ISO
V-10985,EC-VESSEL-SEP
XV-10986,EC-VALVE-ISO
COL-10987,EC-VESSEL-COL
COL-10988,EC-VESSEL-COL
XV-10989,EC-VALVE-ISO
XV-10990,EC-VALVE-ISO
PT-10991,EC-INST-PT
FT-10992,EC-INST-FT
FT-10993,EC-INST-FT
XV-10994,EC-VALVE-ISO
COL-10995,EC-VESSEL-COL
PT-10996,EC-INST-PT
PSV-10997,EC-VALVE-RELIEF
FT-10998,EC-INST-FT
XV-10999,EC-VALVE-ISO
COL-11000,EC-VESSEL-COL
FCV-11001,EC-VALVE-CTRL
TT-11002,EC-INST-TT
P-11003,EC-PUMP-RECIP
FT-11004,EC-INST-FT
V-11005,EC-VESSEL-SEP
XV-11006,EC-VALVE-ISO
K-11007,EC-COMPRESSOR-CENTR
V-11008,EC-VESSEL-SEP
K-11009,EC-COMPRESSOR-CENTR
FCV-11010,EC-VALVE-CTRL
P-11011,EC-PUMP-RECIP
FT-11012,EC-INST-FT
V-11013,EC-VESSEL-SEP
XV-11014,EC-VALVE-ISO
XV-11015,EC-VALVE-ISO
P-11016,EC-PUMP-RECIP
COL-11017,EC-VESSEL-COL
P-11018,EC-PUMP-RECIP
V-11019,EC-VESSEL-SEP
V-11020,EC-VESSEL-SEP
FCV-11021,EC-VALVE-CTRL
K-11022,EC-COMPRESSOR-CENTR
XV-11023,EC-VALVE-ISO
K-11024,EC-COMPRESSOR-CENTR
TT-11025,EC-INST-TT
P-11026,EC-PUMP-RECIP
FT-11027,EC-INST-FT
PT-11028,EC-INST-PT
TT-11029,EC-INST-TT
P-11030,EC-PUMP-CENTR
COL-11031,EC-VESSEL-COL
XV-11032,EC-VALVE-ISO
TT-11033,EC-INST-TT
P-11034,EC-PUMP-CENTR
TT-11035,EC-INST-TT
FT-11036,EC-INST-FT
FCV-11037,EC-VALVE-CTRL
XV-11038,EC-VALVE-ISO
XV-11039,EC-VALVE-ISO
XV-11040,EC-VALVE-ISO
COL-11041,EC-VESSEL-COL
COL-11042,EC-VESSEL-COL
LT-11043,EC-INST-LT
COL-11044,EC-VESSEL-COL
PT-11045,EC-INST-PT
V-11046,EC-VESSEL-SEP
P-11047,EC-PUMP-RECIP
PSV-11048,EC-VALVE-RELIEF
FCV-11049,EC-VALVE-CTRL
FT-11050,EC-INST-FT
E-11051,EC-HEATEXCH-SHELL
XV-11052,EC-VALVE-ISO
FT-11053,EC-INST-FT
FCV-11054,EC-VALVE-CTRL
FT-11055,EC-INST-FT
P-11056,EC-PUMP-RECIP
V-11057,EC-VESSEL-SEP
PSV-11058,EC-VALVE-RELIEF
TT-11059,EC-INST-TT
PT-11060,EC-INST-PT
COL-11061,EC-VESSEL-COL
K-11062,EC-COMPRESSOR-CENTR
P-11063,EC-PUMP-CENTR
XV-11064,EC-VALVE-ISO
P-11065,EC-PUMP-RECIP
P-11066,EC-PUMP-CENTR
PSV-11067,EC-VALVE-RELIEF
PSV-11068,EC-VALVE-RELIEF
PT-11069,EC-INST-PT
TT-11070,EC-INST-TT
FT-11071,EC-INST-FT
FCV-11072,EC-VALVE-CTRL
XV-11073,EC-VALVE-ISO
P-11074,EC-PUMP-RECIP
V-11075,EC-VESSEL-SEP
COL-11076,EC-VESSEL-COL
P-11077,EC-PUMP-RECIP
FT-11078,EC-INST-FT
FCV-11079,EC-VALVE-CTRL
PSV-11080,EC-VALVE-RELIEF
P-11081,EC-PUMP-CENTR
FCV-11082,EC-VALVE-CTRL
P-11083,EC-PUMP-RECIP
XV-11084,EC-VALVE-ISO
E-11085,EC-HEATEXCH-SHELL
P-11086,EC-PUMP-RECIP
PSV-11087,EC-VALVE-RELIEF
E-11088,EC-HEATEXCH-SHELL
PSV-11089,EC-VALVE-RELIEF
FCV-11090,EC-VALVE-CTRL
FCV-11091,EC-VALVE-CTRL
E-11092,EC-HEATEXCH-SHELL
V-11093,EC-VESSEL-SEP
P-11094,EC-PUMP-RECIP
XV-11095,EC-VALVE-ISO
PSV-11096,EC-VALVE-RELIEF
E-11097,EC-HEATEXCH-SHELL
FT-11098,EC-INST-FT
COL-11099,EC-VESSEL-COL
P-11100,EC-PUMP-CENTR
P-11101,EC-PUMP-CENTR
P-11102,EC-PUMP-CENTR
E-11103,EC-HEATEXCH-SHELL
XV-11104,EC-VALVE-ISO
XV-11105,EC-VALVE-ISO
FCV-11106,EC-VALVE-CTRL
XV-11107,EC-VALVE-ISO
COL-11108,EC-VESSEL-COL
LT-11109,EC-INST-LT
COL-11110,EC-VESSEL-COL
XV-11111,EC-VALVE-ISO
XV-11112,EC-VALVE-ISO
FCV-11113,EC-VALVE-CTRL
V-11114,EC-VESSEL-SEP
PT-11115,EC-INST-PT
COL-11116,EC-VESSEL-COL
K-11117,EC-COMPRESSOR-CENTR
V-11118,EC-VESSEL-SEP
XV-11119,EC-VALVE-ISO
PSV-11120,EC-VALVE-RELIEF
PSV-11121,EC-VALVE-RELIEF
K-11122,EC-COMPRESSOR-CENTR
P-11123,EC-PUMP-RECIP
V-11124,EC-VESSEL-SEP
COL-11125,EC-VESSEL-COL
K-11126,EC-COMPRESSOR-CENTR
P-11127,EC-PUMP-RECIP
PSV-11128,EC-VALVE-RELIEF
LT-11129,EC-INST-LT
TT-11130,EC-INST-TT
P-11131,EC-PUMP-RECIP
COL-11132,EC-VESSEL-COL
PSV-11133,EC-VALVE-RELIEF
P-11134,EC-PUMP-RECIP
COL-11135,EC-VESSEL-COL
FT-11136,EC-INST-FT
FT-11137,EC-INST-FT
XV-11138,EC-VALVE-ISO
V-11139,EC-VESSEL-SEP
K-11140,EC-COMPRESSOR-CENTR
PT-11141,EC-INST-PT
PSV-11142,EC-VALVE-RELIEF
COL-11143,EC-VESSEL-COL
P-11144,EC-PUMP-RECIP
COL-11145,EC-VESSEL-COL
V-11146,EC-VESSEL-SEP
V-11147,EC-VESSEL-SEP
E-11148,EC-HEATEXCH-SHELL
XV-11149,EC-VALVE-ISO
XV-11150,EC-VALVE-ISO
XV-11151,EC-VALVE-ISO
V-11152,EC-VESSEL-SEP
P-11153,EC-PUMP-RECIP
LT-11154,EC-INST-LT
FT-11155,EC-INST-FT
PSV-11156,EC-VALVE-RELIEF
COL-11157,EC-VESSEL-COL
COL-11158,EC-VESSEL-COL
PSV-11159,EC-VALVE-RELIEF
V-11160,EC-VESSEL-SEP
LT-11161,EC-INST-LT
FT-11162,EC-INST-FT
FCV-11163,EC-VALVE-CTRL
XV-11164,EC-VALVE-ISO
LT-11165,EC-INST-LT
PSV-11166,EC-VALVE-RELIEF
FT-11167,EC-INST-FT
P-11168,EC-PUMP-RECIP
P-11169,EC-PUMP-CENTR
V-11170,EC-VESSEL-SEP
COL-11171,EC-VESSEL-COL
FCV-11172,EC-VALVE-CTRL
FT-11173,EC-INST-FT
LT-11174,EC-INST-LT
TT-11175,EC-INST-TT
PT-11176,EC-INST-PT
PSV-11177,EC-VALVE-RELIEF
TT-11178,EC-INST-TT
K-11179,EC-COMPRESSOR-CENTR
V-11180,EC-VESSEL-SEP
FCV-11181,EC-VALVE-CTRL
P-11182,EC-PUMP-RECIP
FCV-11183,EC-VALVE-CTRL
PT-11184,EC-INST-PT
FT-11185,EC-INST-FT
TT-11186,EC-INST-TT
PSV-11187,EC-VALVE-RELIEF
FCV-11188,EC-VALVE-CTRL
K-11189,EC-COMPRESSOR-CENTR
K-11190,EC-COMPRESSOR-CENTR
P-11191,EC-PUMP-RECIP
FCV-11192,EC-VALVE-CTRL
V-11193,EC-VESSEL-SEP
P-11194,EC-PUMP-RECIP
FCV-11195,EC-VALVE-CTRL
PSV-11196,EC-VALVE-RELIEF
COL-11197,EC-VESSEL-COL
V-11198,EC-VESSEL-SEP
LT-11199,EC-INST-LT
PSV-11200,EC-VALVE-RELIEF
FCV-11201,EC-VALVE-CTRL
K-11202,EC-COMPRESSOR-CENTR
PT-11203,EC-INST-PT
P-11204,EC-PUMP-CENTR
PT-11205,EC-INST-PT
FCV-11206,EC-VALVE-CTRL
V-11207,EC-VESSEL-SEP
E-11208,EC-HEATEXCH-SHELL
TT-11209,EC-INST-TT
P-11210,EC-PUMP-RECIP
E-11211,EC-HEATEXCH-SHELL
V-11212,EC-VESSEL-SEP
FCV-11213,EC-VALVE-CTRL
P-11214,EC-PUMP-RECIP
P-11215,EC-PUMP-CENTR
P-11216,EC-PUMP-CENTR
TT-11217,EC-INST-TT
P-11218,EC-PUMP-RECIP
XV-11219,EC-VALVE-ISO
TT-11220,EC-INST-TT
P-11221,EC-PUMP-RECIP
PT-11222,EC-INST-PT
P-11223,EC-PUMP-CENTR
FCV-11224,EC-VALVE-CTRL
PT-11225,EC-INST-PT
XV-11226,EC-VALVE-ISO
LT-11227,EC-INST-LT
P-11228,EC-PUMP-RECIP
XV-11229,EC-VALVE-ISO
LT-11230,EC-INST-LT
PT-11231,EC-INST-PT
PT-11232,EC-INST-PT
P-11233,EC-PUMP-RECIP
LT-11234,EC-INST-LT
E-11235,EC-HEATEXCH-SHELL
K-11236,EC-COMPRESSOR-CENTR
COL-11237,EC-VESSEL-COL
P-11238,EC-PUMP-RECIP
P-11239,EC-PUMP-RECIP
P-11240,EC-PUMP-RECIP
V-11241,EC-VESSEL-SEP
P-11242,EC-PUMP-CENTR
PSV-11243,EC-VALVE-RELIEF
P-11244,EC-PUMP-RECIP
K-11245,EC-COMPRESSOR-CENTR
V-11246,EC-VESSEL-SEP
V-11247,EC-VESSEL-SEP
K-11248,EC-COMPRESSOR-CENTR
FT-11249,EC-INST-FT
FT-11250,EC-INST-FT
P-11251,EC-PUMP-RECIP
XV-11252,EC-VALVE-ISO
COL-11253,EC-VESSEL-COL
PT-11254,EC-INST-PT
K-11255,EC-COMPRESSOR-CENTR
P-11256,EC-PUMP-RECIP
LT-11257,EC-INST-LT
COL-11258,EC-VESSEL-COL
XV-11259,EC-VALVE-ISO
PSV-11260,EC-VALVE-RELIEF
V-11261,EC-VESSEL-SEP
PT-11262,EC-INST-PT
FT-11263,EC-INST-FT
FCV-11264,EC-VALVE-CTRL
LT-11265,EC-INST-LT
K-11266,EC-COMPRESSOR-CENTR
FT-11267,EC-INST-FT
P-11268,EC-PUMP-RECIP
K-11269,EC-COMPRESSOR-CENTR
TT-11270,EC-INST-TT
PT-11271,EC-INST-PT
E-11272,EC-HEATEXCH-SHELL
PT-11273,EC-INST-PT
XV-11274,EC-VALVE-ISO
V-11275,EC-VESSEL-SEP
FCV-11276,EC-VALVE-CTRL
E-11277,EC-HEATEXCH-SHELL
PT-11278,EC-INST-PT
P-11279,EC-PUMP-RECIP
COL-11280,EC-VESSEL-COL
FT-11281,EC-INST-FT
XV-11282,EC-VALVE-ISO
V-11283,EC-VESSEL-SEP
K-11284,EC-COMPRESSOR-CENTR
PSV-11285,EC-VALVE-RELIEF
XV-11286,EC-VALVE-ISO
PSV-11287,EC-VALVE-RELIEF
K-11288,EC-COMPRESSOR-CENTR
COL-11289,EC-VESSEL-COL
K-11290,EC-COMPRESSOR-CENTR
P-11291,EC-PUMP-RECIP
FT-11292,EC-INST-FT
V-11293,EC-VESSEL-SEP
E-11294,EC-HEATEXCH-SHELL
K-11295,EC-COMPRESSOR-CENTR
P-11296,EC-PUMP-RECIP
COL-11297,EC-VESSEL-COL
FT-11298,EC-INST-FT
P-11299,EC-PUMP-CENTR
FT-11300,EC-INST-FT
COL-11301,EC-VESSEL-COL
PT-11302,EC-INST-PT
PT-11303,EC-INST-PT
V-11304,EC-VESSEL-SEP
V-11305,EC-VESSEL-SEP
K-11306,EC-COMPRESSOR-CENTR
P-11307,EC-PUMP-CENTR
PSV-11308,EC-VALVE-RELIEF
V-11309,EC-VESSEL-SEP
FCV-11310,EC-VALVE-CTRL
TT-11311,EC-INST-TT
P-11312,EC-PUMP-CENTR
E-11313,EC-HEATEXCH-SHELL
FT-11314,EC-INST-FT
LT-11315,EC-INST-LT
XV-11316,EC-VALVE-ISO
PSV-11317,EC-VALVE-RELIEF
LT-11318,EC-INST-LT
XV-11319,EC-VALVE-ISO
P-11320,EC-PUMP-RECIP
V-11321,EC-VESSEL-SEP
FCV-11322,EC-VALVE-CTRL
PSV-11323,EC-VALVE-RELIEF
PSV-11324,EC-VALVE-RELIEF
TT-11325,EC-INST-TT
COL-11326,EC-VESSEL-COL
COL-11327,EC-VESSEL-COL
XV-11328,EC-VALVE-ISO
COL-11329,EC-VESSEL-COL
TT-11330,EC-INST-TT
PSV-11331,EC-VALVE-RELIEF
V-11332,EC-VESSEL-SEP
PT-11333,EC-INST-PT
E-11334,EC-HEATEXCH-SHELL
FT-11335,EC-INST-FT
P-11336,EC-PUMP-CENTR
V-11337,EC-VESSEL-SEP
P-11338,EC-PUMP-RECIP
P-11339,EC-PUMP-CENTR
XV-11340,EC-VALVE-ISO
TT-11341,EC-INST-TT
TT-11342,EC-INST-TT
LT-11343,EC-INST-LT
PSV-11344,EC-VALVE-RELIEF
FCV-11345,EC-VALVE-CTRL
P-11346,EC-PUMP-RECIP
PT-11347,EC-INST-PT
E-11348,EC-HEATEXCH-SHELL
LT-11349,EC-INST-LT
TT-11350,EC-INST-TT
V-11351,EC-VESSEL-SEP
XV-11352,EC-VALVE-ISO
XV-11353,EC-VALVE-ISO
K-11354,EC-COMPRESSOR-CENTR
P-11355,EC-PUMP-CENTR
PSV-11356,EC-VALVE-RELIEF
PSV-11357,EC-VALVE-RELIEF
XV-11358,EC-VALVE-ISO
LT-11359,EC-INST-LT
PT-11360,EC-INST-PT
P-11361,EC-PUMP-CENTR
P-11362,EC-PUMP-CENTR
P-11363,EC-PUMP-CENTR
COL-11364,EC-VESSEL-COL
P-11365,EC-PUMP-RECIP
FCV-11366,EC-VALVE-CTRL
XV-11367,EC-VALVE-ISO
PSV-11368,EC-VALVE-RELIEF
P-11369,EC-PUMP-CENTR
XV-11370,EC-VALVE-ISO
PT-11371,EC-INST-PT
FCV-11372,EC-VALVE-CTRL
E-11373,EC-HEATEXCH-SHELL
FCV-11374,EC-VALVE-CTRL
XV-11375,EC-VALVE-ISO
PT-11376,EC-INST-PT
P-11377,EC-PUMP-CENTR
K-11378,EC-COMPRESSOR-CENTR
V-11379,EC-VESSEL-SEP
K-11380,EC-COMPRESSOR-CENTR
P-11381,EC-PUMP-RECIP
PSV-11382,EC-VALVE-RELIEF
K-11383,EC-COMPRESSOR-CENTR
P-11384,EC-PUMP-CENTR
XV-11385,EC-VALVE-ISO
FT-11386,EC-INST-FT
FT-11387,EC-INST-FT
LT-11388,EC-INST-LT
PSV-11389,EC-VALVE-RELIEF
XV-11390,EC-VALVE-ISO
E-11391,EC-HEATEXCH-SHELL
FCV-11392,EC-VALVE-CTRL
TT-11393,EC-INST-TT
PSV-11394,EC-VALVE-RELIEF
E-11395,EC-HEATEXCH-SHELL
XV-11396,EC-VALVE-ISO
FCV-11397,EC-VALVE-CTRL
K-11398,EC-COMPRESSOR-CENTR
XV-11399,EC-VALVE-ISO
PT-11400,EC-INST-PT
P-11401,EC-PUMP-RECIP
FCV-11402,EC-VALVE-CTRL
COL-11403,EC-VESSEL-COL
V-11404,EC-VESSEL-SEP
FCV-11405,EC-VALVE-CTRL
P-11406,EC-PUMP-CENTR
XV-11407,EC-VALVE-ISO
FT-11408,EC-INST-FT
K-11409,EC-COMPRESSOR-CENTR
LT-11410,EC-INST-LT
E-11411,EC-HEATEXCH-SHELL
V-11412,EC-VESSEL-SEP
K-11413,EC-COMPRESSOR-CENTR
V-11414,EC-VESSEL-SEP
E-11415,EC-HEATEXCH-SHELL
COL-11416,EC-VESSEL-COL
P-11417,EC-PUMP-RECIP
K-11418,EC-COMPRESSOR-CENTR
COL-11419,EC-VESSEL-COL
K-11420,EC-COMPRESSOR-CENTR
LT-11421,EC-INST-LT
TT-11422,EC-INST-TT
XV-11423,EC-VALVE-ISO
FT-11424,EC-INST-FT
PSV-11425,EC-VALVE-RELIEF
COL-11426,EC-VESSEL-COL
V-11427,EC-VESSEL-SEP
P-11428,EC-PUMP-RECIP
PT-11429,EC-INST-PT
TT-11430,EC-INST-TT
LT-11431,EC-INST-LT
PT-11432,EC-INST-PT
P-11433,EC-PUMP-RECIP
XV-11434,EC-VALVE-ISO
P-11435,EC-PUMP-RECIP
COL-11436,EC-VESSEL-COL
TT-11437,EC-INST-TT
P-11438,EC-PUMP-RECIP
PT-11439,EC-INST-PT
E-11440,EC-HEATEXCH-SHELL
P-11441,EC-PUMP-CENTR
COL-11442,EC-VESSEL-COL
FT-11443,EC-INST-FT
K-11444,EC-COMPRESSOR-CENTR
PSV-11445,EC-VALVE-RELIEF
V-11446,EC-VESSEL-SEP
FCV-11447,EC-VALVE-CTRL
V-11448,EC-VESSEL-SEP
XV-11449,EC-VALVE-ISO
K-11450,EC-COMPRESSOR-CENTR
PSV-11451,EC-VALVE-RELIEF
P-11452,EC-PUMP-CENTR
E-11453,EC-HEATEXCH-SHELL
XV-11454,EC-VALVE-ISO
PT-11455,EC-INST-PT
E-11456,EC-HEATEXCH-SHELL
LT-11457,EC-INST-LT
E-11458,EC-HEATEXCH-SHELL
P-11459,EC-PUMP-CENTR
XV-11460,EC-VALVE-ISO
E-11461,EC-HEATEXCH-SHELL
LT-11462,EC-INST-LT
XV-11463,EC-VALVE-ISO
K-11464,EC-COMPRESSOR-CENTR
E-11465,EC-HEATEXCH-SHELL
LT-11466,EC-INST-LT
P-11467,EC-PUMP-CENTR
XV-11468,EC-VALVE-ISO
PSV-11469,EC-VALVE-RELIEF
COL-11470,EC-VESSEL-COL
FT-11471,EC-INST-FT
TT-11472,EC-INST-TT
V-11473,EC-VESSEL-SEP
XV-11474,EC-VALVE-ISO
COL-11475,EC-VESSEL-COL
P-11476,EC-PUMP-RECIP
PT-11477,EC-INST-PT
FCV-11478,EC-VALVE-CTRL
V-11479,EC-VESSEL-SEP
LT-11480,EC-INST-LT
P-11481,EC-PUMP-CENTR
P-11482,EC-PUMP-CENTR
P-11483,EC-PUMP-RECIP
LT-11484,EC-INST-LT
P-11485,EC-PUMP-RECIP
PSV-11486,EC-VALVE-RELIEF
LT-11487,EC-INST-LT
LT-11488,EC-INST-LT
LT-11489,EC-INST-LT
K-11490,EC-COMPRESSOR-CENTR
PT-11491,EC-INST-PT
PSV-11492,EC-VALVE-RELIEF
PSV-11493,EC-VALVE-RELIEF
FT-11494,EC-INST-FT
LT-11495,EC-INST-LT
P-11496,EC-PUMP-RECIP
XV-11497,EC-VALVE-ISO
TT-11498,EC-INST-TT
K-11499,EC-COMPRESSOR-CENTR
P-11500,EC-PUMP-RECIP
P-11501,EC-PUMP-CENTR
FCV-11502,EC-VALVE-CTRL
LT-11503,EC-INST-LT
LT-11504,EC-INST-LT
XV-11505,EC-VALVE-ISO
V-11506,EC-VESSEL-SEP
P-11507,EC-PUMP-CENTR
XV-11508,EC-VALVE-ISO
TT-11509,EC-INST-TT
E-11510,EC-HEATEXCH-SHELL
E-11511,EC-HEATEXCH-SHELL
XV-11512,EC-VALVE-ISO
P-11513,EC-PUMP-CENTR
P-11514,EC-PUMP-RECIP
FT-11515,EC-INST-FT
V-11516,EC-VESSEL-SEP
XV-11517,EC-VALVE-ISO
PT-11518,EC-INST-PT
COL-11519,EC-VESSEL-COL
COL-11520,EC-VESSEL-COL
COL-11521,EC-VESSEL-COL
P-11522,EC-PUMP-CENTR
P-11523,EC-PUMP-RECIP
P-11524,EC-PUMP-CENTR
COL-11525,EC-VESSEL-COL
LT-11526,EC-INST-LT
FT-11527,EC-INST-FT
K-11528,EC-COMPRESSOR-CENTR
TT-11529,EC-INST-TT
TT-11530,EC-INST-TT
P-11531,EC-PUMP-RECIP
V-11532,EC-VESSEL-SEP
FT-11533,EC-INST-FT
FT-11534,EC-INST-FT
V-11535,EC-VESSEL-SEP
E-11536,EC-HEATEXCH-SHELL
PSV-11537,EC-VALVE-RELIEF
PT-11538,EC-INST-PT
E-11539,EC-HEATEXCH-SHELL
COL-11540,EC-VESSEL-COL
XV-11541,EC-VALVE-ISO
E-11542,EC-HEATEXCH-SHELL
FCV-11543,EC-VALVE-CTRL
PSV-11544,EC-VALVE-RELIEF
FCV-11545,EC-VALVE-CTRL
COL-11546,EC-VESSEL-COL
K-11547,EC-COMPRESSOR-CENTR
LT-11548,EC-INST-LT
TT-11549,EC-INST-TT
TT-11550,EC-INST-TT
PSV-11551,EC-VALVE-RELIEF
XV-11552,EC-VALVE-ISO
E-11553,EC-HEATEXCH-SHELL
E-11554,EC-HEATEXCH-SHELL
COL-11555,EC-VESSEL-COL
PT-11556,EC-INST-PT
XV-11557,EC-VALVE-ISO
COL-11558,EC-VESSEL-COL
E-11559,EC-HEATEXCH-SHELL
COL-11560,EC-VESSEL-COL
E-11561,EC-HEATEXCH-SHELL
LT-11562,EC-INST-LT
PT-11563,EC-INST-PT
P-11564,EC-PUMP-RECIP
LT-11565,EC-INST-LT
TT-11566,EC-INST-TT
LT-11567,EC-INST-LT
V-11568,EC-VESSEL-SEP
P-11569,EC-PUMP-CENTR
E-11570,EC-HEATEXCH-SHELL
XV-11571,EC-VALVE-ISO
TT-11572,EC-INST-TT
COL-11573,EC-VESSEL-COL
XV-11574,EC-VALVE-ISO
P-11575,EC-PUMP-CENTR
XV-11576,EC-VALVE-ISO
E-11577,EC-HEATEXCH-SHELL
LT-11578,EC-INST-LT
PT-11579,EC-INST-PT
TT-11580,EC-INST-TT
TT-11581,EC-INST-TT
FCV-11582,EC-VALVE-CTRL
TT-11583,EC-INST-TT
P-11584,EC-PUMP-RECIP
E-11585,EC-HEATEXCH-SHELL
PSV-11586,EC-VALVE-RELIEF
K-11587,EC-COMPRESSOR-CENTR
FT-11588,EC-INST-FT
COL-11589,EC-VESSEL-COL
LT-11590,EC-INST-LT
P-11591,EC-PUMP-CENTR
FCV-11592,EC-VALVE-CTRL
PSV-11593,EC-VALVE-RELIEF
V-11594,EC-VESSEL-SEP
P-11595,EC-PUMP-CENTR
XV-11596,EC-VALVE-ISO
V-11597,EC-VESSEL-SEP
COL-11598,EC-VESSEL-COL
TT-11599,EC-INST-TT
FT-11600,EC-INST-FT
P-11601,EC-PUMP-CENTR
FCV-11602,EC-VALVE-CTRL
K-11603,EC-COMPRESSOR-CENTR
TT-11604,EC-INST-TT
FT-11605,EC-INST-FT
PSV-11606,EC-VALVE-RELIEF
LT-11607,EC-INST-LT
TT-11608,EC-INST-TT
FT-11609,EC-INST-FT
LT-11610,EC-INST-LT
FT-11611,EC-INST-FT
COL-11612,EC-VESSEL-COL
FT-11613,EC-INST-FT
COL-11614,EC-VESSEL-COL
XV-11615,EC-VALVE-ISO
FT-11616,EC-INST-FT
PT-11617,EC-INST-PT
FT-11618,EC-INST-FT
PSV-11619,EC-VALVE-RELIEF
FT-11620,EC-INST-FT
FCV-11621,EC-VALVE-CTRL
E-11622,EC-HEATEXCH-SHELL
PSV-11623,EC-VALVE-RELIEF
K-11624,EC-COMPRESSOR-CENTR
E-11625,EC-HEATEXCH-SHELL
PSV-11626,EC-VALVE-RELIEF
P-11627,EC-PUMP-CENTR
FT-11628,EC-INST-FT
XV-11629,EC-VALVE-ISO
COL-11630,EC-VESSEL-COL
K-11631,EC-COMPRESSOR-CENTR
P-11632,EC-PUMP-CENTR
XV-11633,EC-VALVE-ISO
XV-11634,EC-VALVE-ISO
FT-11635,EC-INST-FT
PSV-11636,EC-VALVE-RELIEF
P-11637,EC-PUMP-CENTR
V-11638,EC-VESSEL-SEP
K-11639,EC-COMPRESSOR-CENTR
LT-11640,EC-INST-LT
P-11641,EC-PUMP-RECIP
P-11642,EC-PUMP-CENTR
P-11643,EC-PUMP-CENTR
PT-11644,EC-INST-PT
XV-11645,EC-VALVE-ISO
FT-11646,EC-INST-FT
P-11647,EC-PUMP-RECIP
V-11648,EC-VESSEL-SEP
COL-11649,EC-VESSEL-COL
LT-11650,EC-INST-LT
P-11651,EC-PUMP-CENTR
PT-11652,EC-INST-PT
P-11653,EC-PUMP-RECIP
COL-11654,EC-VESSEL-COL
PSV-11655,EC-VALVE-RELIEF
FT-11656,EC-INST-FT
PSV-11657,EC-VALVE-RELIEF
E-11658,EC-HEATEXCH-SHELL
COL-11659,EC-VESSEL-COL
P-11660,EC-PUMP-CENTR
V-11661,EC-VESSEL-SEP
LT-11662,EC-INST-LT
P-11663,EC-PUMP-RECIP
FT-11664,EC-INST-FT
XV-11665,EC-VALVE-ISO
P-11666,EC-PUMP-RECIP
P-11667,EC-PUMP-CENTR
K-11668,EC-COMPRESSOR-CENTR
P-11669,EC-PUMP-RECIP
P-11670,EC-PUMP-CENTR
FT-11671,EC-INST-FT
PSV-11672,EC-VALVE-RELIEF
FCV-11673,EC-VALVE-CTRL
P-11674,EC-PUMP-RECIP
PT-11675,EC-INST-PT
XV-11676,EC-VALVE-ISO
TT-11677,EC-INST-TT
XV-11678,EC-VALVE-ISO
LT-11679,EC-INST-LT
XV-11680,EC-VALVE-ISO
FT-11681,EC-INST-FT
P-11682,EC-PUMP-CENTR
FCV-11683,EC-VALVE-CTRL
PT-11684,EC-INST-PT
P-11685,EC-PUMP-RECIP
COL-11686,EC-VESSEL-COL
K-11687,EC-COMPRESSOR-CENTR
LT-11688,EC-INST-LT
E-11689,EC-HEATEXCH-SHELL
V-11690,EC-VESSEL-SEP
XV-11691,EC-VALVE-ISO
COL-11692,EC-VESSEL-COL
LT-11693,EC-INST-LT
PT-11694,EC-INST-PT
PT-11695,EC-INST-PT
PT-11696,EC-INST-PT
P-11697,EC-PUMP-CENTR
PT-11698,EC-INST-PT
FT-11699,EC-INST-FT
P-11700,EC-PUMP-RECIP
LT-11701,EC-INST-LT
PSV-11702,EC-VALVE-RELIEF
K-11703,EC-COMPRESSOR-CENTR
XV-11704,EC-VALVE-ISO
E-11705,EC-HEATEXCH-SHELL
E-11706,EC-HEATEXCH-SHELL
P-11707,EC-PUMP-RECIP
P-11708,EC-PUMP-CENTR
V-11709,EC-VESSEL-SEP
FT-11710,EC-INST-FT
P-11711,EC-PUMP-CENTR
E-11712,EC-HEATEXCH-SHELL
E-11713,EC-HEATEXCH-SHELL
K-11714,EC-COMPRESSOR-CENTR
PT-11715,EC-INST-PT
LT-11716,EC-INST-LT
K-11717,EC-COMPRESSOR-CENTR
LT-11718,EC-INST-LT
K-11719,EC-COMPRESSOR-CENTR
LT-11720,EC-INST-LT
P-11721,EC-PUMP-RECIP
PT-11722,EC-INST-PT
P-11723,EC-PUMP-RECIP
PSV-11724,EC-VALVE-RELIEF
FT-11725,EC-INST-FT
XV-11726,EC-VALVE-ISO
P-11727,EC-PUMP-CENTR
COL-11728,EC-VESSEL-COL
XV-11729,EC-VALVE-ISO
PT-11730,EC-INST-PT
P-11731,EC-PUMP-CENTR
P-11732,EC-PUMP-RECIP
LT-11733,EC-INST-LT
LT-11734,EC-INST-LT
XV-11735,EC-VALVE-ISO
P-11736,EC-PUMP-CENTR
PT-11737,EC-INST-PT
K-11738,EC-COMPRESSOR-CENTR
P-11739,EC-PUMP-RECIP
TT-11740,EC-INST-TT
LT-11741,EC-INST-LT
K-11742,EC-COMPRESSOR-CENTR
P-11743,EC-PUMP-CENTR
K-11744,EC-COMPRESSOR-CENTR
E-11745,EC-HEATEXCH-SHELL
FT-11746,EC-INST-FT
COL-11747,EC-VESSEL-COL
TT-11748,EC-INST-TT
V-11749,EC-VESSEL-SEP
XV-11750,EC-VALVE-ISO
LT-11751,EC-INST-LT
COL-11752,EC-VESSEL-COL
PT-11753,EC-INST-PT
K-11754,EC-COMPRESSOR-CENTR
COL-11755,EC-VESSEL-COL
FT-11756,EC-INST-FT
K-11757,EC-COMPRESSOR-CENTR
E-11758,EC-HEATEXCH-SHELL
PT-11759,EC-INST-PT
LT-11760,EC-INST-LT
P-11761,EC-PUMP-RECIP
FT-11762,EC-INST-FT
XV-11763,EC-VALVE-ISO
XV-11764,EC-VALVE-ISO
P-11765,EC-PUMP-CENTR
FT-11766,EC-INST-FT
XV-11767,EC-VALVE-ISO
PT-11768,EC-INST-PT
COL-11769,EC-VESSEL-COL
P-11770,EC-PUMP-CENTR
FCV-11771,EC-VALVE-CTRL
FCV-11772,EC-VALVE-CTRL
LT-11773,EC-INST-LT
LT-11774,EC-INST-LT
TT-11775,EC-INST-TT
K-11776,EC-COMPRESSOR-CENTR
P-11777,EC-PUMP-RECIP
V-11778,EC-VESSEL-SEP
TT-11779,EC-INST-TT
FT-11780,EC-INST-FT
PT-11781,EC-INST-PT
V-11782,EC-VESSEL-SEP
V-11783,EC-VESSEL-SEP
P-11784,EC-PUMP-CENTR
V-11785,EC-VESSEL-SEP
V-11786,EC-VESSEL-SEP
PT-11787,EC-INST-PT
P-11788,EC-PUMP-CENTR
FCV-11789,EC-VALVE-CTRL
TT-11790,EC-INST-TT
COL-11791,EC-VESSEL-COL
P-11792,EC-PUMP-CENTR
K-11793,EC-COMPRESSOR-CENTR
FT-11794,EC-INST-FT
E-11795,EC-HEATEXCH-SHELL
E-11796,EC-HEATEXCH-SHELL
K-11797,EC-COMPRESSOR-CENTR
PT-11798,EC-INST-PT
COL-11799,EC-VESSEL-COL
E-11800,EC-HEATEXCH-SHELL
TT-11801,EC-INST-TT
K-11802,EC-COMPRESSOR-CENTR
K-11803,EC-COMPRESSOR-CENTR
FT-11804,EC-INST-FT
LT-11805,EC-INST-LT
XV-11806,EC-VALVE-ISO
FT-11807,EC-INST-FT
COL-11808,EC-VESSEL-COL
P-11809,EC-PUMP-RECIP
E-11810,EC-HEATEXCH-SHELL
FCV-11811,EC-VALVE-CTRL
LT-11812,EC-INST-LT
PT-11813,EC-INST-PT
LT-11814,EC-INST-LT
PSV-11815,EC-VALVE-RELIEF
P-11816,EC-PUMP-RECIP
FT-11817,EC-INST-FT
TT-11818,EC-INST-TT
V-11819,EC-VESSEL-SEP
V-11820,EC-VESSEL-SEP
PT-11821,EC-INST-PT
PSV-11822,EC-VALVE-RELIEF
E-11823,EC-HEATEXCH-SHELL
PSV-11824,EC-VALVE-RELIEF
E-11825,EC-HEATEXCH-SHELL
E-11826,EC-HEATEXCH-SHELL
COL-11827,EC-VESSEL-COL
XV-11828,EC-VALVE-ISO
PSV-11829,EC-VALVE-RELIEF
XV-11830,EC-VALVE-ISO
COL-11831,EC-VESSEL-COL
E-11832,EC-HEATEXCH-SHELL
PSV-11833,EC-VALVE-RELIEF
K-11834,EC-COMPRESSOR-CENTR
TT-11835,EC-INST-TT
P-11836,EC-PUMP-RECIP
FT-11837,EC-INST-FT
E-11838,EC-HEATEXCH-SHELL
TT-11839,EC-INST-TT
TT-11840,EC-INST-TT
XV-11841,EC-VALVE-ISO
K-11842,EC-COMPRESSOR-CENTR
PT-11843,EC-INST-PT
LT-11844,EC-INST-LT
PSV-11845,EC-VALVE-RELIEF
FCV-11846,EC-VALVE-CTRL
E-11847,EC-HEATEXCH-SHELL
TT-11848,EC-INST-TT
P-11849,EC-PUMP-CENTR
XV-11850,EC-VALVE-ISO
FCV-11851,EC-VALVE-CTRL
P-11852,EC-PUMP-CENTR
TT-11853,EC-INST-TT
K-11854,EC-COMPRESSOR-CENTR
XV-11855,EC-VALVE-ISO
FCV-11856,EC-VALVE-CTRL
COL-11857,EC-VESSEL-COL
FCV-11858,EC-VALVE-CTRL
XV-11859,EC-VALVE-ISO
E-11860,EC-HEATEXCH-SHELL
P-11861,EC-PUMP-CENTR
PT-11862,EC-INST-PT
FT-11863,EC-INST-FT
FCV-11864,EC-VALVE-CTRL
XV-11865,EC-VALVE-ISO
PT-11866,EC-INST-PT
P-11867,EC-PUMP-RECIP
PSV-11868,EC-VALVE-RELIEF
FCV-11869,EC-VALVE-CTRL
FT-11870,EC-INST-FT
P-11871,EC-PUMP-RECIP
LT-11872,EC-INST-LT
LT-11873,EC-INST-LT
E-11874,EC-HEATEXCH-SHELL
P-11875,EC-PUMP-RECIP
P-11876,EC-PUMP-CENTR
FT-11877,EC-INST-FT
PT-11878,EC-INST-PT
K-11879,EC-COMPRESSOR-CENTR
P-11880,EC-PUMP-RECIP
TT-11881,EC-INST-TT
FT-11882,EC-INST-FT
PSV-11883,EC-VALVE-RELIEF
P-11884,EC-PUMP-CENTR
PSV-11885,EC-VALVE-RELIEF
V-11886,EC-VESSEL-SEP
TT-11887,EC-INST-TT
XV-11888,EC-VALVE-ISO
TT-11889,EC-INST-TT
P-11890,EC-PUMP-CENTR
TT-11891,EC-INST-TT
K-11892,EC-COMPRESSOR-CENTR
P-11893,EC-PUMP-CENTR
K-11894,EC-COMPRESSOR-CENTR
K-11895,EC-COMPRESSOR-CENTR
PT-11896,EC-INST-PT
P-11897,EC-PUMP-RECIP
PT-11898,EC-INST-PT
FCV-11899,EC-VALVE-CTRL
FT-11900,EC-INST-FT
K-11901,EC-COMPRESSOR-CENTR
K-11902,EC-COMPRESSOR-CENTR
V-11903,EC-VESSEL-SEP
LT-11904,EC-INST-LT
P-11905,EC-PUMP-CENTR
FT-11906,EC-INST-FT
FCV-11907,EC-VALVE-CTRL
XV-11908,EC-VALVE-ISO
PT-11909,EC-INST-PT
V-11910,EC-VESSEL-SEP
XV-11911,EC-VALVE-ISO
COL-11912,EC-VESSEL-COL
COL-11913,EC-VESSEL-COL
COL-11914,EC-VESSEL-COL
P-11915,EC-PUMP-RECIP
K-11916,EC-COMPRESSOR-CENTR
LT-11917,EC-INST-LT
PSV-11918,EC-VALVE-RELIEF
FCV-11919,EC-VALVE-CTRL
TT-11920,EC-INST-TT
XV-11921,EC-VALVE-ISO
E-11922,EC-HEATEXCH-SHELL
LT-11923,EC-INST-LT
FT-11924,EC-INST-FT
PT-11925,EC-INST-PT
XV-11926,EC-VALVE-ISO
LT-11927,EC-INST-LT
P-11928,EC-PUMP-RECIP
P-11929,EC-PUMP-RECIP
XV-11930,EC-VALVE-ISO
FT-11931,EC-INST-FT
P-11932,EC-PUMP-RECIP
FT-11933,EC-INST-FT
P-11934,EC-PUMP-RECIP
TT-11935,EC-INST-TT
K-11936,EC-COMPRESSOR-CENTR
LT-11937,EC-INST-LT
COL-11938,EC-VESSEL-COL
V-11939,EC-VESSEL-SEP
V-11940,EC-VESSEL-SEP
E-11941,EC-HEATEXCH-SHELL
E-11942,EC-HEATEXCH-SHELL
PSV-11943,EC-VALVE-RELIEF
XV-11944,EC-VALVE-ISO
P-11945,EC-PUMP-RECIP
XV-11946,EC-VALVE-ISO
FT-11947,EC-INST-FT
XV-11948,EC-VALVE-ISO
E-11949,EC-HEATEXCH-SHELL
COL-11950,EC-VESSEL-COL
COL-11951,EC-VESSEL-COL
FT-11952,EC-INST-FT
PSV-11953,EC-VALVE-RELIEF
E-11954,EC-HEATEXCH-SHELL
V-11955,EC-VESSEL-SEP
PT-11956,EC-INST-PT
P-11957,EC-PUMP-RECIP
V-11958,EC-VESSEL-SEP
TT-11959,EC-INST-TT
E-11960,EC-HEATEXCH-SHELL
LT-11961,EC-INST-LT
LT-11962,EC-INST-LT
FT-11963,EC-INST-FT
FCV-11964,EC-VALVE-CTRL
LT-11965,EC-INST-LT
FCV-11966,EC-VALVE-CTRL
E-11967,EC-HEATEXCH-SHELL
V-11968,EC-VESSEL-SEP
P-11969,EC-PUMP-CENTR
PT-11970,EC-INST-PT
E-11971,EC-HEATEXCH-SHELL
COL-11972,EC-VESSEL-COL
COL-11973,EC-VESSEL-COL
PT-11974,EC-INST-PT
PT-11975,EC-INST-PT
LT-11976,EC-INST-LT
V-11977,EC-VESSEL-SEP
PT-11978,EC-INST-PT
XV-11979,EC-VALVE-ISO
P-11980,EC-PUMP-RECIP
XV-11981,EC-VALVE-ISO
PT-11982,EC-INST-PT
FT-11983,EC-INST-FT
PT-11984,EC-INST-PT
LT-11985,EC-INST-LT
K-11986,EC-COMPRESSOR-CENTR
PT-11987,EC-INST-PT
E-11988,EC-HEATEXCH-SHELL
COL-11989,EC-VESSEL-COL
P-11990,EC-PUMP-RECIP
LT-11991,EC-INST-LT
FCV-11992,EC-VALVE-CTRL
V-11993,EC-VESSEL-SEP
PT-11994,EC-INST-PT
XV-11995,EC-VALVE-ISO
PT-11996,EC-INST-PT
V-11997,EC-VESSEL-SEP
K-11998,EC-COMPRESSOR-CENTR
PSV-11999,EC-VALVE-RELIEF
XV-12000,EC-VALVE-ISO
PSV-12001,EC-VALVE-RELIEF
K-12002,EC-COMPRESSOR-CENTR
TT-12003,EC-INST-TT
V-12004,EC-VESSEL-SEP
TT-12005,EC-INST-TT
E-12006,EC-HEATEXCH-SHELL
PSV-12007,EC-VALVE-RELIEF
E-12008,EC-HEATEXCH-SHELL
E-12009,EC-HEATEXCH-SHELL
PT-12010,EC-INST-PT
FT-12011,EC-INST-FT
COL-12012,EC-VESSEL-COL
COL-12013,EC-VESSEL-COL
V-12014,EC-VESSEL-SEP
XV-12015,EC-VALVE-ISO
V-12016,EC-VESSEL-SEP
E-12017,EC-HEATEXCH-SHELL
TT-12018,EC-INST-TT
LT-12019,EC-INST-LT
PT-12020,EC-INST-PT
PSV-12021,EC-VALVE-RELIEF
FT-12022,EC-INST-FT
TT-12023,EC-INST-TT
FT-12024,EC-INST-FT
E-12025,EC-HEATEXCH-SHELL
E-12026,EC-HEATEXCH-SHELL
TT-12027,EC-INST-TT
XV-12028,EC-VALVE-ISO
K-12029,EC-COMPRESSOR-CENTR
PT-12030,EC-INST-PT
COL-12031,EC-VESSEL-COL
K-12032,EC-COMPRESSOR-CENTR
COL-12033,EC-VESSEL-COL
P-12034,EC-PUMP-CENTR
K-12035,EC-COMPRESSOR-CENTR
LT-12036,EC-INST-LT
P-12037,EC-PUMP-CENTR
TT-12038,EC-INST-TT
K-12039,EC-COMPRESSOR-CENTR
K-12040,EC-COMPRESSOR-CENTR
XV-12041,EC-VALVE-ISO
FT-12042,EC-INST-FT
K-12043,EC-COMPRESSOR-CENTR
XV-12044,EC-VALVE-ISO
E-12045,EC-HEATEXCH-SHELL
FT-12046,EC-INST-FT
COL-12047,EC-VESSEL-COL
PT-12048,EC-INST-PT
TT-12049,EC-INST-TT
P-12050,EC-PUMP-RECIP
K-12051,EC-COMPRESSOR-CENTR
K-12052,EC-COMPRESSOR-CENTR
V-12053,EC-VESSEL-SEP
P-12054,EC-PUMP-RECIP
P-12055,EC-PUMP-CENTR
V-12056,EC-VESSEL-SEP
P-12057,EC-PUMP-CENTR
PT-12058,EC-INST-PT
PT-12059,EC-INST-PT
V-12060,EC-VESSEL-SEP
FT-12061,EC-INST-FT
P-12062,EC-PUMP-RECIP
PSV-12063,EC-VALVE-RELIEF
P-12064,EC-PUMP-RECIP
E-12065,EC-HEATEXCH-SHELL
PT-12066,EC-INST-PT
COL-12067,EC-VESSEL-COL
LT-12068,EC-INST-LT
FCV-12069,EC-VALVE-CTRL
XV-12070,EC-VALVE-ISO
P-12071,EC-PUMP-RECIP
LT-12072,EC-INST-LT
P-12073,EC-PUMP-RECIP
P-12074,EC-PUMP-RECIP
TT-12075,EC-INST-TT
FCV-12076,EC-VALVE-CTRL
PT-12077,EC-INST-PT
FT-12078,EC-INST-FT
V-12079,EC-VESSEL-SEP
FT-12080,EC-INST-FT
P-12081,EC-PUMP-CENTR
P-12082,EC-PUMP-CENTR
TT-12083,EC-INST-TT
FT-12084,EC-INST-FT
K-12085,EC-COMPRESSOR-CENTR
PSV-12086,EC-VALVE-RELIEF
FT-12087,EC-INST-FT
E-12088,EC-HEATEXCH-SHELL
P-12089,EC-PUMP-CENTR
PT-12090,EC-INST-PT
PSV-12091,EC-VALVE-RELIEF
TT-12092,EC-INST-TT
E-12093,EC-HEATEXCH-SHELL
LT-12094,EC-INST-LT
P-12095,EC-PUMP-CENTR
P-12096,EC-PUMP-CENTR
PSV-12097,EC-VALVE-RELIEF
FT-12098,EC-INST-FT
FCV-12099,EC-VALVE-CTRL
K-12100,EC-COMPRESSOR-CENTR
V-12101,EC-VESSEL-SEP
FT-12102,EC-INST-FT
E-12103,EC-HEATEXCH-SHELL
TT-12104,EC-INST-TT
XV-12105,EC-VALVE-ISO
LT-12106,EC-INST-LT
FT-12107,EC-INST-FT
TT-12108,EC-INST-TT
PT-12109,EC-INST-PT
K-12110,EC-COMPRESSOR-CENTR
PT-12111,EC-INST-PT
PT-12112,EC-INST-PT
P-12113,EC-PUMP-RECIP
FCV-12114,EC-VALVE-CTRL
E-12115,EC-HEATEXCH-SHELL
V-12116,EC-VESSEL-SEP
K-12117,EC-COMPRESSOR-CENTR
P-12118,EC-PUMP-RECIP
P-12119,EC-PUMP-CENTR
FCV-12120,EC-VALVE-CTRL
FT-12121,EC-INST-FT
E-12122,EC-HEATEXCH-SHELL
LT-12123,EC-INST-LT
V-12124,EC-VESSEL-SEP
FCV-12125,EC-VALVE-CTRL
P-12126,EC-PUMP-RECIP
XV-12127,EC-VALVE-ISO
FCV-12128,EC-VALVE-CTRL
P-12129,EC-PUMP-RECIP
XV-12130,EC-VALVE-ISO
PT-12131,EC-INST-PT
LT-12132,EC-INST-LT
FCV-12133,EC-VALVE-CTRL
E-12134,EC-HEATEXCH-SHELL
K-12135,EC-COMPRESSOR-CENTR
FCV-12136,EC-VALVE-CTRL
COL-12137,EC-VESSEL-COL
P-12138,EC-PUMP-CENTR
K-12139,EC-COMPRESSOR-CENTR
COL-12140,EC-VESSEL-COL
V-12141,EC-VESSEL-SEP
LT-12142,EC-INST-LT
FT-12143,EC-INST-FT
PT-12144,EC-INST-PT
K-12145,EC-COMPRESSOR-CENTR
P-12146,EC-PUMP-CENTR
E-12147,EC-HEATEXCH-SHELL
E-12148,EC-HEATEXCH-SHELL
LT-12149,EC-INST-LT
PSV-12150,EC-VALVE-RELIEF
FCV-12151,EC-VALVE-CTRL
PSV-12152,EC-VALVE-RELIEF
P-12153,EC-PUMP-CENTR
COL-12154,EC-VESSEL-COL
FCV-12155,EC-VALVE-CTRL
XV-12156,EC-VALVE-ISO
P-12157,EC-PUMP-CENTR
E-12158,EC-HEATEXCH-SHELL
TT-12159,EC-INST-TT
COL-12160,EC-VESSEL-COL
FT-12161,EC-INST-FT
P-12162,EC-PUMP-CENTR
TT-12163,EC-INST-TT
XV-12164,EC-VALVE-ISO
V-12165,EC-VESSEL-SEP
K-12166,EC-COMPRESSOR-CENTR
XV-12167,EC-VALVE-ISO
E-12168,EC-HEATEXCH-SHELL
PSV-12169,EC-VALVE-RELIEF
P-12170,EC-PUMP-RECIP
V-12171,EC-VESSEL-SEP
FCV-12172,EC-VALVE-CTRL
TT-12173,EC-INST-TT
PT-12174,EC-INST-PT
LT-12175,EC-INST-LT
FCV-12176,EC-VALVE-CTRL
E-12177,EC-HEATEXCH-SHELL
PT-12178,EC-INST-PT
LT-12179,EC-INST-LT
PSV-12180,EC-VALVE-RELIEF
E-12181,EC-HEATEXCH-SHELL
K-12182,EC-COMPRESSOR-CENTR
LT-12183,EC-INST-LT
TT-12184,EC-INST-TT
V-12185,EC-VESSEL-SEP
K-12186,EC-COMPRESSOR-CENTR
FT-12187,EC-INST-FT
P-12188,EC-PUMP-RECIP
COL-12189,EC-VESSEL-COL
V-12190,EC-VESSEL-SEP
LT-12191,EC-INST-LT
P-12192,EC-PUMP-CENTR
FCV-12193,EC-VALVE-CTRL
PT-12194,EC-INST-PT
FCV-12195,EC-VALVE-CTRL
LT-12196,EC-INST-LT
P-12197,EC-PUMP-RECIP
P-12198,EC-PUMP-CENTR
P-12199,EC-PUMP-RECIP
PT-12200,EC-INST-PT
COL-12201,EC-VESSEL-COL
FCV-12202,EC-VALVE-CTRL
PT-12203,EC-INST-PT
FCV-12204,EC-VALVE-CTRL
TT-12205,EC-INST-TT
TT-12206,EC-INST-TT
P-12207,EC-PUMP-RECIP
PSV-12208,EC-VALVE-RELIEF
K-12209,EC-COMPRESSOR-CENTR
P-12210,EC-PUMP-RECIP
K-12211,EC-COMPRESSOR-CENTR
FCV-12212,EC-VALVE-CTRL
PSV-12213,EC-VALVE-RELIEF
COL-12214,EC-VESSEL-COL
LT-12215,EC-INST-LT
E-12216,EC-HEATEXCH-SHELL
PSV-12217,EC-VALVE-RELIEF
PT-12218,EC-INST-PT
E-12219,EC-HEATEXCH-SHELL
E-12220,EC-HEATEXCH-SHELL
E-12221,EC-HEATEXCH-SHELL
PSV-12222,EC-VALVE-RELIEF
E-12223,EC-HEATEXCH-SHELL
PT-12224,EC-INST-PT
TT-12225,EC-INST-TT
FT-12226,EC-INST-FT
P-12227,EC-PUMP-CENTR
COL-12228,EC-VESSEL-COL
P-12229,EC-PUMP-RECIP
PSV-12230,EC-VALVE-RELIEF
V-12231,EC-VESSEL-SEP
P-12232,EC-PUMP-RECIP
XV-12233,EC-VALVE-ISO
P-12234,EC-PUMP-RECIP
E-12235,EC-HEATEXCH-SHELL
COL-12236,EC-VESSEL-COL
P-12237,EC-PUMP-RECIP
PT-12238,EC-INST-PT
FT-12239,EC-INST-FT
E-12240,EC-HEATEXCH-SHELL
P-12241,EC-PUMP-CENTR
P-12242,EC-PUMP-CENTR
P-12243,EC-PUMP-CENTR
K-12244,EC-COMPRESSOR-CENTR
PT-12245,EC-INST-PT
P-12246,EC-PUMP-CENTR
FCV-12247,EC-VALVE-CTRL
E-12248,EC-HEATEXCH-SHELL
K-12249,EC-COMPRESSOR-CENTR
XV-12250,EC-VALVE-ISO
COL-12251,EC-VESSEL-COL
P-12252,EC-PUMP-CENTR
P-12253,EC-PUMP-CENTR
K-12254,EC-COMPRESSOR-CENTR
V-12255,EC-VESSEL-SEP
COL-12256,EC-VESSEL-COL
XV-12257,EC-VALVE-ISO
P-12258,EC-PUMP-RECIP
COL-12259,EC-VESSEL-COL
FT-12260,EC-INST-FT
COL-12261,EC-VESSEL-COL
FCV-12262,EC-VALVE-CTRL
XV-12263,EC-VALVE-ISO
TT-12264,EC-INST-TT
P-12265,EC-PUMP-RECIP
PT-12266,EC-INST-PT
P-12267,EC-PUMP-RECIP
V-12268,EC-VESSEL-SEP
PT-12269,EC-INST-PT
V-12270,EC-VESSEL-SEP
P-12271,EC-PUMP-RECIP
E-12272,EC-HEATEXCH-SHELL
TT-12273,EC-INST-TT
PSV-12274,EC-VALVE-RELIEF
PSV-12275,EC-VALVE-RELIEF
PT-12276,EC-INST-PT
P-12277,EC-PUMP-CENTR
V-12278,EC-VESSEL-SEP
XV-12279,EC-VALVE-ISO
FCV-12280,EC-VALVE-CTRL
PT-12281,EC-INST-PT
P-12282,EC-PUMP-CENTR
PT-12283,EC-INST-PT
V-12284,EC-VESSEL-SEP
E-12285,EC-HEATEXCH-SHELL
P-12286,EC-PUMP-CENTR
P-12287,EC-PUMP-RECIP
K-12288,EC-COMPRESSOR-CENTR
P-12289,EC-PUMP-RECIP
V-12290,EC-VESSEL-SEP
P-12291,EC-PUMP-CENTR
XV-12292,EC-VALVE-ISO
V-12293,EC-VESSEL-SEP
FCV-12294,EC-VALVE-CTRL
V-12295,EC-VESSEL-SEP
LT-12296,EC-INST-LT
XV-12297,EC-VALVE-ISO
FCV-12298,EC-VALVE-CTRL
LT-12299,EC-INST-LT
K-12300,EC-COMPRESSOR-CENTR
XV-12301,EC-VALVE-ISO
TT-12302,EC-INST-TT
V-12303,EC-VESSEL-SEP
XV-12304,EC-VALVE-ISO
TT-12305,EC-INST-TT
PT-12306,EC-INST-PT
P-12307,EC-PUMP-CENTR
E-12308,EC-HEATEXCH-SHELL
TT-12309,EC-INST-TT
TT-12310,EC-INST-TT
P-12311,EC-PUMP-CENTR
COL-12312,EC-VESSEL-COL
P-12313,EC-PUMP-CENTR
PT-12314,EC-INST-PT
FCV-12315,EC-VALVE-CTRL
COL-12316,EC-VESSEL-COL
TT-12317,EC-INST-TT
TT-12318,EC-INST-TT
P-12319,EC-PUMP-RECIP
PSV-12320,EC-VALVE-RELIEF
XV-12321,EC-VALVE-ISO
V-12322,EC-VESSEL-SEP
E-12323,EC-HEATEXCH-SHELL
XV-12324,EC-VALVE-ISO
PT-12325,EC-INST-PT
V-12326,EC-VESSEL-SEP
COL-12327,EC-VESSEL-COL
COL-12328,EC-VESSEL-COL
PSV-12329,EC-VALVE-RELIEF
COL-12330,EC-VESSEL-COL
COL-12331,EC-VESSEL-COL
FCV-12332,EC-VALVE-CTRL
XV-12333,EC-VALVE-ISO
TT-12334,EC-INST-TT
LT-12335,EC-INST-LT
P-12336,EC-PUMP-CENTR
FCV-12337,EC-VALVE-CTRL
V-12338,EC-VESSEL-SEP
FCV-12339,EC-VALVE-CTRL
FCV-12340,EC-VALVE-CTRL
FCV-12341,EC-VALVE-CTRL
FCV-12342,EC-VALVE-CTRL
FCV-12343,EC-VALVE-CTRL
FT-12344,EC-INST-FT
FT-12345,EC-INST-FT
K-12346,EC-COMPRESSOR-CENTR
PSV-12347,EC-VALVE-RELIEF
XV-12348,EC-VALVE-ISO
PT-12349,EC-INST-PT
TT-12350,EC-INST-TT
P-12351,EC-PUMP-CENTR
PT-12352,EC-INST-PT
PSV-12353,EC-VALVE-RELIEF
FCV-12354,EC-VALVE-CTRL
PT-12355,EC-INST-PT
PT-12356,EC-INST-PT
COL-12357,EC-VESSEL-COL
P-12358,EC-PUMP-RECIP
COL-12359,EC-VESSEL-COL
COL-12360,EC-VESSEL-COL
P-12361,EC-PUMP-CENTR
COL-12362,EC-VESSEL-COL
XV-12363,EC-VALVE-ISO
COL-12364,EC-VESSEL-COL
P-12365,EC-PUMP-RECIP
XV-12366,EC-VALVE-ISO
FCV-12367,EC-VALVE-CTRL
FCV-12368,EC-VALVE-CTRL
FT-12369,EC-INST-FT
P-12370,EC-PUMP-CENTR
K-12371,EC-COMPRESSOR-CENTR
PT-12372,EC-INST-PT
TT-12373,EC-INST-TT
PSV-12374,EC-VALVE-RELIEF
TT-12375,EC-INST-TT
FCV-12376,EC-VALVE-CTRL
XV-12377,EC-VALVE-ISO
V-12378,EC-VESSEL-SEP
TT-12379,EC-INST-TT
V-12380,EC-VESSEL-SEP
LT-12381,EC-INST-LT
TT-12382,EC-INST-TT
TT-12383,EC-INST-TT
P-12384,EC-PUMP-CENTR
XV-12385,EC-VALVE-ISO
PT-12386,EC-INST-PT
LT-12387,EC-INST-LT
COL-12388,EC-VESSEL-COL
P-12389,EC-PUMP-RECIP
FCV-12390,EC-VALVE-CTRL
P-12391,EC-PUMP-CENTR
PT-12392,EC-INST-PT
LT-12393,EC-INST-LT
P-12394,EC-PUMP-CENTR
PSV-12395,EC-VALVE-RELIEF
LT-12396,EC-INST-LT
FT-12397,EC-INST-FT
P-12398,EC-PUMP-CENTR
FCV-12399,EC-VALVE-CTRL
FCV-12400,EC-VALVE-CTRL
FT-12401,EC-INST-FT
XV-12402,EC-VALVE-ISO
TT-12403,EC-INST-TT
P-12404,EC-PUMP-RECIP
P-12405,EC-PUMP-CENTR
E-12406,EC-HEATEXCH-SHELL
E-12407,EC-HEATEXCH-SHELL
PT-12408,EC-INST-PT
TT-12409,EC-INST-TT
K-12410,EC-COMPRESSOR-CENTR
E-12411,EC-HEATEXCH-SHELL
PT-12412,EC-INST-PT
FT-12413,EC-INST-FT
V-12414,EC-VESSEL-SEP
FT-12415,EC-INST-FT
V-12416,EC-VESSEL-SEP
P-12417,EC-PUMP-CENTR
E-12418,EC-HEATEXCH-SHELL
P-12419,EC-PUMP-CENTR
TT-12420,EC-INST-TT
V-12421,EC-VESSEL-SEP
P-12422,EC-PUMP-CENTR
LT-12423,EC-INST-LT
FT-12424,EC-INST-FT
K-12425,EC-COMPRESSOR-CENTR
V-12426,EC-VESSEL-SEP
V-12427,EC-VESSEL-SEP
E-12428,EC-HEATEXCH-SHELL
LT-12429,EC-INST-LT
V-12430,EC-VESSEL-SEP
P-12431,EC-PUMP-CENTR
PT-12432,EC-INST-PT
P-12433,EC-PUMP-RECIP
FCV-12434,EC-VALVE-CTRL
XV-12435,EC-VALVE-ISO
FT-12436,EC-INST-FT
K-12437,EC-COMPRESSOR-CENTR
P-12438,EC-PUMP-CENTR
PSV-12439,EC-VALVE-RELIEF
TT-12440,EC-INST-TT
COL-12441,EC-VESSEL-COL
P-12442,EC-PUMP-CENTR
FCV-12443,EC-VALVE-CTRL
V-12444,EC-VESSEL-SEP
PSV-12445,EC-VALVE-RELIEF
E-12446,EC-HEATEXCH-SHELL
FT-12447,EC-INST-FT
P-12448,EC-PUMP-RECIP
XV-12449,EC-VALVE-ISO
K-12450,EC-COMPRESSOR-CENTR
PT-12451,EC-INST-PT
K-12452,EC-COMPRESSOR-CENTR
PSV-12453,EC-VALVE-RELIEF
K-12454,EC-COMPRESSOR-CENTR
PT-12455,EC-INST-PT
FT-12456,EC-INST-FT
FCV-12457,EC-VALVE-CTRL
FCV-12458,EC-VALVE-CTRL
E-12459,EC-HEATEXCH-SHELL
XV-12460,EC-VALVE-ISO
V-12461,EC-VESSEL-SEP
V-12462,EC-VESSEL-SEP
TT-12463,EC-INST-TT
TT-12464,EC-INST-TT
FT-12465,EC-INST-FT
FCV-12466,EC-VALVE-CTRL
FCV-12467,EC-VALVE-CTRL
K-12468,EC-COMPRESSOR-CENTR
PT-12469,EC-INST-PT
V-12470,EC-VESSEL-SEP
LT-12471,EC-INST-LT
P-12472,EC-PUMP-RECIP
PSV-12473,EC-VALVE-RELIEF
FT-12474,EC-INST-FT
PSV-12475,EC-VALVE-RELIEF
V-12476,EC-VESSEL-SEP
K-12477,EC-COMPRESSOR-CENTR
COL-12478,EC-VESSEL-COL
FT-12479,EC-INST-FT
E-12480,EC-HEATEXCH-SHELL
FCV-12481,EC-VALVE-CTRL
FCV-12482,EC-VALVE-CTRL
PSV-12483,EC-VALVE-RELIEF
TT-12484,EC-INST-TT
FCV-12485,EC-VALVE-CTRL
K-12486,EC-COMPRESSOR-CENTR
LT-12487,EC-INST-LT
V-12488,EC-VESSEL-SEP
FCV-12489,EC-VALVE-CTRL
FCV-12490,EC-VALVE-CTRL
LT-12491,EC-INST-LT
FCV-12492,EC-VALVE-CTRL
V-12493,EC-VESSEL-SEP
V-12494,EC-VESSEL-SEP
PSV-12495,EC-VALVE-RELIEF
P-12496,EC-PUMP-CENTR
E-12497,EC-HEATEXCH-SHELL
P-12498,EC-PUMP-RECIP
LT-12499,EC-INST-LT
FT-12500,EC-INST-FT
LT-12501,EC-INST-LT
E-12502,EC-HEATEXCH-SHELL
FCV-12503,EC-VALVE-CTRL
FCV-12504,EC-VALVE-CTRL
P-12505,EC-PUMP-RECIP
COL-12506,EC-VESSEL-COL
FT-12507,EC-INST-FT
FT-12508,EC-INST-FT
FT-12509,EC-INST-FT
K-12510,EC-COMPRESSOR-CENTR
COL-12511,EC-VESSEL-COL
PT-12512,EC-INST-PT
P-12513,EC-PUMP-RECIP
PSV-12514,EC-VALVE-RELIEF
XV-12515,EC-VALVE-ISO
K-12516,EC-COMPRESSOR-CENTR
K-12517,EC-COMPRESSOR-CENTR
PSV-12518,EC-VALVE-RELIEF
PT-12519,EC-INST-PT
E-12520,EC-HEATEXCH-SHELL
COL-12521,EC-VESSEL-COL
PT-12522,EC-INST-PT
FT-12523,EC-INST-FT
PSV-12524,EC-VALVE-RELIEF
P-12525,EC-PUMP-RECIP
E-12526,EC-HEATEXCH-SHELL
PSV-12527,EC-VALVE-RELIEF
PT-12528,EC-INST-PT
K-12529,EC-COMPRESSOR-CENTR
TT-12530,EC-INST-TT
FCV-12531,EC-VALVE-CTRL
V-12532,EC-VESSEL-SEP
PT-12533,EC-INST-PT
P-12534,EC-PUMP-RECIP
XV-12535,EC-VALVE-ISO
COL-12536,EC-VESSEL-COL
E-12537,EC-HEATEXCH-SHELL
P-12538,EC-PUMP-RECIP
E-12539,EC-HEATEXCH-SHELL
FCV-12540,EC-VALVE-CTRL
V-12541,EC-VESSEL-SEP
P-12542,EC-PUMP-RECIP
P-12543,EC-PUMP-CENTR
FCV-12544,EC-VALVE-CTRL
FT-12545,EC-INST-FT
PT-12546,EC-INST-PT
P-12547,EC-PUMP-CENTR
LT-12548,EC-INST-LT
TT-12549,EC-INST-TT
COL-12550,EC-VESSEL-COL
TT-12551,EC-INST-TT
P-12552,EC-PUMP-CENTR
E-12553,EC-HEATEXCH-SHELL
COL-12554,EC-VESSEL-COL
E-12555,EC-HEATEXCH-SHELL
V-12556,EC-VESSEL-SEP
K-12557,EC-COMPRESSOR-CENTR
P-12558,EC-PUMP-RECIP
PT-12559,EC-INST-PT
E-12560,EC-HEATEXCH-SHELL
FCV-12561,EC-VALVE-CTRL
FT-12562,EC-INST-FT
TT-12563,EC-INST-TT
P-12564,EC-PUMP-RECIP
PSV-12565,EC-VALVE-RELIEF
COL-12566,EC-VESSEL-COL
PSV-12567,EC-VALVE-RELIEF
LT-12568,EC-INST-LT
XV-12569,EC-VALVE-ISO
P-12570,EC-PUMP-CENTR
PSV-12571,EC-VALVE-RELIEF
P-12572,EC-PUMP-CENTR
TT-12573,EC-INST-TT
FCV-12574,EC-VALVE-CTRL
P-12575,EC-PUMP-CENTR
PSV-12576,EC-VALVE-RELIEF
K-12577,EC-COMPRESSOR-CENTR
V-12578,EC-VESSEL-SEP
E-12579,EC-HEATEXCH-SHELL
K-12580,EC-COMPRESSOR-CENTR
E-12581,EC-HEATEXCH-SHELL
FT-12582,EC-INST-FT
E-12583,EC-HEATEXCH-SHELL
V-12584,EC-VESSEL-SEP
XV-12585,EC-VALVE-ISO
PSV-12586,EC-VALVE-RELIEF
PSV-12587,EC-VALVE-RELIEF
P-12588,EC-PUMP-RECIP
V-12589,EC-VESSEL-SEP
XV-12590,EC-VALVE-ISO
LT-12591,EC-INST-LT
V-12592,EC-VESSEL-SEP
PSV-12593,EC-VALVE-RELIEF
P-12594,EC-PUMP-RECIP
COL-12595,EC-VESSEL-COL
P-12596,EC-PUMP-RECIP
E-12597,EC-HEATEXCH-SHELL
P-12598,EC-PUMP-CENTR
FCV-12599,EC-VALVE-CTRL
P-12600,EC-PUMP-RECIP
K-12601,EC-COMPRESSOR-CENTR
V-12602,EC-VESSEL-SEP
E-12603,EC-HEATEXCH-SHELL
K-12604,EC-COMPRESSOR-CENTR
V-12605,EC-VESSEL-SEP
V-12606,EC-VESSEL-SEP
P-12607,EC-PUMP-CENTR
K-12608,EC-COMPRESSOR-CENTR
P-12609,EC-PUMP-RECIP
TT-12610,EC-INST-TT
K-12611,EC-COMPRESSOR-CENTR
PT-12612,EC-INST-PT
LT-12613,EC-INST-LT
COL-12614,EC-VESSEL-COL
FCV-12615,EC-VALVE-CTRL
PT-12616,EC-INST-PT
PSV-12617,EC-VALVE-RELIEF
LT-12618,EC-INST-LT
K-12619,EC-COMPRESSOR-CENTR
FT-12620,EC-INST-FT
TT-12621,EC-INST-TT
V-12622,EC-VESSEL-SEP
P-12623,EC-PUMP-RECIP
LT-12624,EC-INST-LT
COL-12625,EC-VESSEL-COL
E-12626,EC-HEATEXCH-SHELL
K-12627,EC-COMPRESSOR-CENTR
K-12628,EC-COMPRESSOR-CENTR
PSV-12629,EC-VALVE-RELIEF
E-12630,EC-HEATEXCH-SHELL
P-12631,EC-PUMP-RECIP
PSV-12632,EC-VALVE-RELIEF
P-12633,EC-PUMP-CENTR
P-12634,EC-PUMP-RECIP
LT-12635,EC-INST-LT
COL-12636,EC-VESSEL-COL
TT-12637,EC-INST-TT
V-12638,EC-VESSEL-SEP
TT-12639,EC-INST-TT
XV-12640,EC-VALVE-ISO
COL-12641,EC-VESSEL-COL
FCV-12642,EC-VALVE-CTRL
V-12643,EC-VESSEL-SEP
XV-12644,EC-VALVE-ISO
LT-12645,EC-INST-LT
K-12646,EC-COMPRESSOR-CENTR
P-12647,EC-PUMP-CENTR
V-12648,EC-VESSEL-SEP
V-12649,EC-VESSEL-SEP
FT-12650,EC-INST-FT
P-12651,EC-PUMP-CENTR
PSV-12652,EC-VALVE-RELIEF
PSV-12653,EC-VALVE-RELIEF
PSV-12654,EC-VALVE-RELIEF
PSV-12655,EC-VALVE-RELIEF
P-12656,EC-PUMP-CENTR
FT-12657,EC-INST-FT
V-12658,EC-VESSEL-SEP
LT-12659,EC-INST-LT
PSV-12660,EC-VALVE-RELIEF
COL-12661,EC-VESSEL-COL
FT-12662,EC-INST-FT
PT-12663,EC-INST-PT
FCV-12664,EC-VALVE-CTRL
P-12665,EC-PUMP-CENTR
PT-12666,EC-INST-PT
XV-12667,EC-VALVE-ISO
PT-12668,EC-INST-PT
COL-12669,EC-VESSEL-COL
E-12670,EC-HEATEXCH-SHELL
LT-12671,EC-INST-LT
XV-12672,EC-VALVE-ISO
P-12673,EC-PUMP-RECIP
FT-12674,EC-INST-FT
V-12675,EC-VESSEL-SEP
K-12676,EC-COMPRESSOR-CENTR
FT-12677,EC-INST-FT
FCV-12678,EC-VALVE-CTRL
LT-12679,EC-INST-LT
FT-12680,EC-INST-FT
FCV-12681,EC-VALVE-CTRL
PT-12682,EC-INST-PT
V-12683,EC-VESSEL-SEP
COL-12684,EC-VESSEL-COL
E-12685,EC-HEATEXCH-SHELL
FCV-12686,EC-VALVE-CTRL
V-12687,EC-VESSEL-SEP
FCV-12688,EC-VALVE-CTRL
K-12689,EC-COMPRESSOR-CENTR
K-12690,EC-COMPRESSOR-CENTR
FCV-12691,EC-VALVE-CTRL
LT-12692,EC-INST-LT
FCV-12693,EC-VALVE-CTRL
P-12694,EC-PUMP-RECIP
P-12695,EC-PUMP-CENTR
P-12696,EC-PUMP-RECIP
K-12697,EC-COMPRESSOR-CENTR
E-12698,EC-HEATEXCH-SHELL
K-12699,EC-COMPRESSOR-CENTR
TT-12700,EC-INST-TT
LT-12701,EC-INST-LT
K-12702,EC-COMPRESSOR-CENTR
TT-12703,EC-INST-TT
COL-12704,EC-VESSEL-COL
V-12705,EC-VESSEL-SEP
P-12706,EC-PUMP-RECIP
K-12707,EC-COMPRESSOR-CENTR
PSV-12708,EC-VALVE-RELIEF
PT-12709,EC-INST-PT
P-12710,EC-PUMP-CENTR
TT-12711,EC-INST-TT
K-12712,EC-COMPRESSOR-CENTR
P-12713,EC-PUMP-CENTR
E-12714,EC-HEATEXCH-SHELL
E-12715,EC-HEATEXCH-SHELL
FT-12716,EC-INST-FT
PSV-12717,EC-VALVE-RELIEF
V-12718,EC-VESSEL-SEP
PT-12719,EC-INST-PT
PSV-12720,EC-VALVE-RELIEF
V-12721,EC-VESSEL-SEP
V-12722,EC-VESSEL-SEP
PSV-12723,EC-VALVE-RELIEF
P-12724,EC-PUMP-RECIP
E-12725,EC-HEATEXCH-SHELL
P-12726,EC-PUMP-CENTR
PSV-12727,EC-VALVE-RELIEF
COL-12728,EC-VESSEL-COL
P-12729,EC-PUMP-RECIP
COL-12730,EC-VESSEL-COL
V-12731,EC-VESSEL-SEP
P-12732,EC-PUMP-CENTR
COL-12733,EC-VESSEL-COL
FT-12734,EC-INST-FT
COL-12735,EC-VESSEL-COL
K-12736,EC-COMPRESSOR-CENTR
COL-12737,EC-VESSEL-COL
PSV-12738,EC-VALVE-RELIEF
PT-12739,EC-INST-PT
P-12740,EC-PUMP-RECIP
PSV-12741,EC-VALVE-RELIEF
COL-12742,EC-VESSEL-COL
LT-12743,EC-INST-LT
PSV-12744,EC-VALVE-RELIEF
FCV-12745,EC-VALVE-CTRL
E-12746,EC-HEATEXCH-SHELL
PSV-12747,EC-VALVE-RELIEF
PT-12748,EC-INST-PT
XV-12749,EC-VALVE-ISO
FT-12750,EC-INST-FT
LT-12751,EC-INST-LT
LT-12752,EC-INST-LT
E-12753,EC-HEATEXCH-SHELL
PT-12754,EC-INST-PT
P-12755,EC-PUMP-CENTR
FT-12756,EC-INST-FT
PSV-12757,EC-VALVE-RELIEF
PSV-12758,EC-VALVE-RELIEF
TT-12759,EC-INST-TT
TT-12760,EC-INST-TT
XV-12761,EC-VALVE-ISO
FT-12762,EC-INST-FT
PT-12763,EC-INST-PT
COL-12764,EC-VESSEL-COL
COL-12765,EC-VESSEL-COL
COL-12766,EC-VESSEL-COL
TT-12767,EC-INST-TT
FT-12768,EC-INST-FT
K-12769,EC-COMPRESSOR-CENTR
K-12770,EC-COMPRESSOR-CENTR
FCV-12771,EC-VALVE-CTRL
K-12772,EC-COMPRESSOR-CENTR
K-12773,EC-COMPRESSOR-CENTR
FCV-12774,EC-VALVE-CTRL
COL-12775,EC-VESSEL-COL
E-12776,EC-HEATEXCH-SHELL
P-12777,EC-PUMP-RECIP
P-12778,EC-PUMP-CENTR
PT-12779,EC-INST-PT
FT-12780,EC-INST-FT
V-12781,EC-VESSEL-SEP
V-12782,EC-VESSEL-SEP
TT-12783,EC-INST-TT
P-12784,EC-PUMP-CENTR
COL-12785,EC-VESSEL-COL
E-12786,EC-HEATEXCH-SHELL
E-12787,EC-HEATEXCH-SHELL
COL-12788,EC-VESSEL-COL
V-12789,EC-VESSEL-SEP
E-12790,EC-HEATEXCH-SHELL
PT-12791,EC-INST-PT
PT-12792,EC-INST-PT
FT-12793,EC-INST-FT
P-12794,EC-PUMP-RECIP
PT-12795,EC-INST-PT
XV-12796,EC-VALVE-ISO
P-12797,EC-PUMP-CENTR
E-12798,EC-HEATEXCH-SHELL
E-12799,EC-HEATEXCH-SHELL
FT-12800,EC-INST-FT
XV-12801,EC-VALVE-ISO
XV-12802,EC-VALVE-ISO
PSV-12803,EC-VALVE-RELIEF
TT-12804,EC-INST-TT
P-12805,EC-PUMP-RECIP
FT-12806,EC-INST-FT
P-12807,EC-PUMP-RECIP
PT-12808,EC-INST-PT
E-12809,EC-HEATEXCH-SHELL
K-12810,EC-COMPRESSOR-CENTR
COL-12811,EC-VESSEL-COL
FCV-12812,EC-VALVE-CTRL
PT-12813,EC-INST-PT
FT-12814,EC-INST-FT
XV-12815,EC-VALVE-ISO
PT-12816,EC-INST-PT
LT-12817,EC-INST-LT
E-12818,EC-HEATEXCH-SHELL
PT-12819,EC-INST-PT
E-12820,EC-HEATEXCH-SHELL
LT-12821,EC-INST-LT
FT-12822,EC-INST-FT
TT-12823,EC-INST-TT
E-12824,EC-HEATEXCH-SHELL
K-12825,EC-COMPRESSOR-CENTR
V-12826,EC-VESSEL-SEP
FCV-12827,EC-VALVE-CTRL
E-12828,EC-HEATEXCH-SHELL
FCV-12829,EC-VALVE-CTRL
E-12830,EC-HEATEXCH-SHELL
FT-12831,EC-INST-FT
XV-12832,EC-VALVE-ISO
P-12833,EC-PUMP-RECIP
P-12834,EC-PUMP-CENTR
FT-12835,EC-INST-FT
P-12836,EC-PUMP-RECIP
PSV-12837,EC-VALVE-RELIEF
FT-12838,EC-INST-FT
FT-12839,EC-INST-FT
PT-12840,EC-INST-PT
V-12841,EC-VESSEL-SEP
PT-12842,EC-INST-PT
K-12843,EC-COMPRESSOR-CENTR
P-12844,EC-PUMP-RECIP
LT-12845,EC-INST-LT
P-12846,EC-PUMP-CENTR
FT-12847,EC-INST-FT
P-12848,EC-PUMP-RECIP
COL-12849,EC-VESSEL-COL
P-12850,EC-PUMP-CENTR
E-12851,EC-HEATEXCH-SHELL
XV-12852,EC-VALVE-ISO
FCV-12853,EC-VALVE-CTRL
FT-12854,EC-INST-FT
K-12855,EC-COMPRESSOR-CENTR
COL-12856,EC-VESSEL-COL
V-12857,EC-VESSEL-SEP
XV-12858,EC-VALVE-ISO
FCV-12859,EC-VALVE-CTRL
P-12860,EC-PUMP-RECIP
PSV-12861,EC-VALVE-RELIEF
P-12862,EC-PUMP-CENTR
COL-12863,EC-VESSEL-COL
V-12864,EC-VESSEL-SEP
XV-12865,EC-VALVE-ISO
K-12866,EC-COMPRESSOR-CENTR
TT-12867,EC-INST-TT
LT-12868,EC-INST-LT
K-12869,EC-COMPRESSOR-CENTR
P-12870,EC-PUMP-RECIP
PT-12871,EC-INST-PT
XV-12872,EC-VALVE-ISO
P-12873,EC-PUMP-CENTR
P-12874,EC-PUMP-RECIP
V-12875,EC-VESSEL-SEP
E-12876,EC-HEATEXCH-SHELL
PT-12877,EC-INST-PT
P-12878,EC-PUMP-RECIP
PT-12879,EC-INST-PT
TT-12880,EC-INST-TT
E-12881,EC-HEATEXCH-SHELL
COL-12882,EC-VESSEL-COL
PSV-12883,EC-VALVE-RELIEF
K-12884,EC-COMPRESSOR-CENTR
K-12885,EC-COMPRESSOR-CENTR
P-12886,EC-PUMP-CENTR
XV-12887,EC-VALVE-ISO
PSV-12888,EC-VALVE-RELIEF
FCV-12889,EC-VALVE-CTRL
P-12890,EC-PUMP-CENTR
LT-12891,EC-INST-LT
COL-12892,EC-VESSEL-COL
K-12893,EC-COMPRESSOR-CENTR
P-12894,EC-PUMP-RECIP
P-12895,EC-PUMP-RECIP
XV-12896,EC-VALVE-ISO
K-12897,EC-COMPRESSOR-CENTR
TT-12898,EC-INST-TT
P-12899,EC-PUMP-CENTR
FT-12900,EC-INST-FT
COL-12901,EC-VESSEL-COL
LT-12902,EC-INST-LT
LT-12903,EC-INST-LT
XV-12904,EC-VALVE-ISO
P-12905,EC-PUMP-RECIP
FCV-12906,EC-VALVE-CTRL
XV-12907,EC-VALVE-ISO
LT-12908,EC-INST-LT
FCV-12909,EC-VALVE-CTRL
PSV-12910,EC-VALVE-RELIEF
E-12911,EC-HEATEXCH-SHELL
V-12912,EC-VESSEL-SEP
FCV-12913,EC-VALVE-CTRL
COL-12914,EC-VESSEL-COL
FCV-12915,EC-VALVE-CTRL
FT-12916,EC-INST-FT
P-12917,EC-PUMP-CENTR
PT-12918,EC-INST-PT
FT-12919,EC-INST-FT
FCV-12920,EC-VALVE-CTRL
XV-12921,EC-VALVE-ISO
LT-12922,EC-INST-LT
E-12923,EC-HEATEXCH-SHELL
K-12924,EC-COMPRESSOR-CENTR
K-12925,EC-COMPRESSOR-CENTR
K-12926,EC-COMPRESSOR-CENTR
P-12927,EC-PUMP-CENTR
PT-12928,EC-INST-PT
TT-12929,EC-INST-TT
XV-12930,EC-VALVE-ISO
TT-12931,EC-INST-TT
XV-12932,EC-VALVE-ISO
LT-12933,EC-INST-LT
XV-12934,EC-VALVE-ISO
E-12935,EC-HEATEXCH-SHELL
P-12936,EC-PUMP-CENTR
TT-12937,EC-INST-TT
PT-12938,EC-INST-PT
COL-12939,EC-VESSEL-COL
PSV-12940,EC-VALVE-RELIEF
P-12941,EC-PUMP-CENTR
P-12942,EC-PUMP-CENTR
FCV-12943,EC-VALVE-CTRL
TT-12944,EC-INST-TT
XV-12945,EC-VALVE-ISO
PT-12946,EC-INST-PT
XV-12947,EC-VALVE-ISO
PSV-12948,EC-VALVE-RELIEF
TT-12949,EC-INST-TT
XV-12950,EC-VALVE-ISO
E-12951,EC-HEATEXCH-SHELL
COL-12952,EC-VESSEL-COL
TT-12953,EC-INST-TT
P-12954,EC-PUMP-RECIP
TT-12955,EC-INST-TT
E-12956,EC-HEATEXCH-SHELL
E-12957,EC-HEATEXCH-SHELL
LT-12958,EC-INST-LT
TT-12959,EC-INST-TT
P-12960,EC-PUMP-CENTR
TT-12961,EC-INST-TT
K-12962,EC-COMPRESSOR-CENTR
PSV-12963,EC-VALVE-RELIEF
TT-12964,EC-INST-TT
PSV-12965,EC-VALVE-RELIEF
FCV-12966,EC-VALVE-CTRL
E-12967,EC-HEATEXCH-SHELL
FCV-12968,EC-VALVE-CTRL
LT-12969,EC-INST-LT
P-12970,EC-PUMP-RECIP
XV-12971,EC-VALVE-ISO
PT-12972,EC-INST-PT
FT-12973,EC-INST-FT
FT-12974,EC-INST-FT
K-12975,EC-COMPRESSOR-CENTR
P-12976,EC-PUMP-RECIP
COL-12977,EC-VESSEL-COL
XV-12978,EC-VALVE-ISO
LT-12979,EC-INST-LT
PSV-12980,EC-VALVE-RELIEF
COL-12981,EC-VESSEL-COL
V-12982,EC-VESSEL-SEP
P-12983,EC-PUMP-CENTR
FCV-12984,EC-VALVE-CTRL
FCV-12985,EC-VALVE-CTRL
XV-12986,EC-VALVE-ISO
P-12987,EC-PUMP-CENTR
COL-12988,EC-VESSEL-COL
FCV-12989,EC-VALVE-CTRL
PSV-12990,EC-VALVE-RELIEF
LT-12991,EC-INST-LT
FT-12992,EC-INST-FT
E-12993,EC-HEATEXCH-SHELL
P-12994,EC-PUMP-CENTR
TT-12995,EC-INST-TT
TT-12996,EC-INST-TT
FCV-12997,EC-VALVE-CTRL
E-12998,EC-HEATEXCH-SHELL
COL-12999,EC-VESSEL-COL
FT-13000,EC-INST-FT
E-13001,EC-HEATEXCH-SHELL
FT-13002,EC-INST-FT
P-13003,EC-PUMP-CENTR
FT-13004,EC-INST-FT
E-13005,EC-HEATEXCH-SHELL
PSV-13006,EC-VALVE-RELIEF
COL-13007,EC-VESSEL-COL
K-13008,EC-COMPRESSOR-CENTR
PT-13009,EC-INST-PT
P-13010,EC-PUMP-CENTR
XV-13011,EC-VALVE-ISO
COL-13012,EC-VESSEL-COL
V-13013,EC-VESSEL-SEP
P-13014,EC-PUMP-RECIP
LT-13015,EC-INST-LT
COL-13016,EC-VESSEL-COL
V-13017,EC-VESSEL-SEP
E-13018,EC-HEATEXCH-SHELL
TT-13019,EC-INST-TT
P-13020,EC-PUMP-RECIP
FT-13021,EC-INST-FT
PT-13022,EC-INST-PT
P-13023,EC-PUMP-CENTR
K-13024,EC-COMPRESSOR-CENTR
P-13025,EC-PUMP-CENTR
COL-13026,EC-VESSEL-COL
FT-13027,EC-INST-FT
FCV-13028,EC-VALVE-CTRL
FCV-13029,EC-VALVE-CTRL
LT-13030,EC-INST-LT
LT-13031,EC-INST-LT
K-13032,EC-COMPRESSOR-CENTR
P-13033,EC-PUMP-CENTR
LT-13034,EC-INST-LT
E-13035,EC-HEATEXCH-SHELL
FCV-13036,EC-VALVE-CTRL
PSV-13037,EC-VALVE-RELIEF
E-13038,EC-HEATEXCH-SHELL
FT-13039,EC-INST-FT
TT-13040,EC-INST-TT
E-13041,EC-HEATEXCH-SHELL
FCV-13042,EC-VALVE-CTRL
P-13043,EC-PUMP-CENTR
P-13044,EC-PUMP-CENTR
E-13045,EC-HEATEXCH-SHELL
P-13046,EC-PUMP-RECIP
K-13047,EC-COMPRESSOR-CENTR
COL-13048,EC-VESSEL-COL
FCV-13049,EC-VALVE-CTRL
FCV-13050,EC-VALVE-CTRL
TT-13051,EC-INST-TT
K-13052,EC-COMPRESSOR-CENTR
FCV-13053,EC-VALVE-CTRL
XV-13054,EC-VALVE-ISO
FCV-13055,EC-VALVE-CTRL
TT-13056,EC-INST-TT
V-13057,EC-VESSEL-SEP
P-13058,EC-PUMP-CENTR
COL-13059,EC-VESSEL-COL
FT-13060,EC-INST-FT
E-13061,EC-HEATEXCH-SHELL
K-13062,EC-COMPRESSOR-CENTR
P-13063,EC-PUMP-RECIP
P-13064,EC-PUMP-CENTR
V-13065,EC-VESSEL-SEP
P-13066,EC-PUMP-RECIP
FCV-13067,EC-VALVE-CTRL
TT-13068,EC-INST-TT
P-13069,EC-PUMP-RECIP
E-13070,EC-HEATEXCH-SHELL
LT-13071,EC-INST-LT
P-13072,EC-PUMP-RECIP
E-13073,EC-HEATEXCH-SHELL
TT-13074,EC-INST-TT
COL-13075,EC-VESSEL-COL
V-13076,EC-VESSEL-SEP
FT-13077,EC-INST-FT
FT-13078,EC-INST-FT
TT-13079,EC-INST-TT
K-13080,EC-COMPRESSOR-CENTR
FT-13081,EC-INST-FT
PSV-13082,EC-VALVE-RELIEF
LT-13083,EC-INST-LT
P-13084,EC-PUMP-RECIP
V-13085,EC-VESSEL-SEP
FCV-13086,EC-VALVE-CTRL
P-13087,EC-PUMP-RECIP
TT-13088,EC-INST-TT
P-13089,EC-PUMP-CENTR
P-13090,EC-PUMP-RECIP
V-13091,EC-VESSEL-SEP
TT-13092,EC-INST-TT
XV-13093,EC-VALVE-ISO
P-13094,EC-PUMP-CENTR
XV-13095,EC-VALVE-ISO
XV-13096,EC-VALVE-ISO
PSV-13097,EC-VALVE-RELIEF
E-13098,EC-HEATEXCH-SHELL
FCV-13099,EC-VALVE-CTRL
COL-13100,EC-VESSEL-COL
TT-13101,EC-INST-TT
E-13102,EC-HEATEXCH-SHELL
FT-13103,EC-INST-FT
P-13104,EC-PUMP-CENTR
P-13105,EC-PUMP-RECIP
P-13106,EC-PUMP-CENTR
P-13107,EC-PUMP-RECIP
K-13108,EC-COMPRESSOR-CENTR
V-13109,EC-VESSEL-SEP
K-13110,EC-COMPRESSOR-CENTR
PT-13111,EC-INST-PT
E-13112,EC-HEATEXCH-SHELL
E-13113,EC-HEATEXCH-SHELL
K-13114,EC-COMPRESSOR-CENTR
LT-13115,EC-INST-LT
XV-13116,EC-VALVE-ISO
P-13117,EC-PUMP-RECIP
XV-13118,EC-VALVE-ISO
PT-13119,EC-INST-PT
E-13120,EC-HEATEXCH-SHELL
V-13121,EC-VESSEL-SEP
V-13122,EC-VESSEL-SEP
LT-13123,EC-INST-LT
LT-13124,EC-INST-LT
COL-13125,EC-VESSEL-COL
FT-13126,EC-INST-FT
FCV-13127,EC-VALVE-CTRL
COL-13128,EC-VESSEL-COL
LT-13129,EC-INST-LT
LT-13130,EC-INST-LT
V-13131,EC-VESSEL-SEP
FCV-13132,EC-VALVE-CTRL
LT-13133,EC-INST-LT
TT-13134,EC-INST-TT
LT-13135,EC-INST-LT
V-13136,EC-VESSEL-SEP
FT-13137,EC-INST-FT
XV-13138,EC-VALVE-ISO
FCV-13139,EC-VALVE-CTRL
XV-13140,EC-VALVE-ISO
TT-13141,EC-INST-TT
XV-13142,EC-VALVE-ISO
PT-13143,EC-INST-PT
TT-13144,EC-INST-TT
FCV-13145,EC-VALVE-CTRL
V-13146,EC-VESSEL-SEP
FCV-13147,EC-VALVE-CTRL
FT-13148,EC-INST-FT
P-13149,EC-PUMP-CENTR
P-13150,EC-PUMP-CENTR
FT-13151,EC-INST-FT
XV-13152,EC-VALVE-ISO
COL-13153,EC-VESSEL-COL
LT-13154,EC-INST-LT
PT-13155,EC-INST-PT
E-13156,EC-HEATEXCH-SHELL
E-13157,EC-HEATEXCH-SHELL
XV-13158,EC-VALVE-ISO
TT-13159,EC-INST-TT
XV-13160,EC-VALVE-ISO
FT-13161,EC-INST-FT
P-13162,EC-PUMP-RECIP
FT-13163,EC-INST-FT
XV-13164,EC-VALVE-ISO
FT-13165,EC-INST-FT
V-13166,EC-VESSEL-SEP
FCV-13167,EC-VALVE-CTRL
V-13168,EC-VESSEL-SEP
V-13169,EC-VESSEL-SEP
FT-13170,EC-INST-FT
LT-13171,EC-INST-LT
FT-13172,EC-INST-FT
TT-13173,EC-INST-TT
FCV-13174,EC-VALVE-CTRL
XV-13175,EC-VALVE-ISO
V-13176,EC-VESSEL-SEP
V-13177,EC-VESSEL-SEP
TT-13178,EC-INST-TT
K-13179,EC-COMPRESSOR-CENTR
PSV-13180,EC-VALVE-RELIEF
P-13181,EC-PUMP-CENTR
P-13182,EC-PUMP-CENTR
FCV-13183,EC-VALVE-CTRL
K-13184,EC-COMPRESSOR-CENTR
K-13185,EC-COMPRESSOR-CENTR
LT-13186,EC-INST-LT
FCV-13187,EC-VALVE-CTRL
PT-13188,EC-INST-PT
K-13189,EC-COMPRESSOR-CENTR
PSV-13190,EC-VALVE-RELIEF
K-13191,EC-COMPRESSOR-CENTR
TT-13192,EC-INST-TT
P-13193,EC-PUMP-RECIP
FCV-13194,EC-VALVE-CTRL
FCV-13195,EC-VALVE-CTRL
FT-13196,EC-INST-FT
FT-13197,EC-INST-FT
PSV-13198,EC-VALVE-RELIEF
PT-13199,EC-INST-PT
PSV-13200,EC-VALVE-RELIEF
FT-13201,EC-INST-FT
P-13202,EC-PUMP-RECIP
PT-13203,EC-INST-PT
V-13204,EC-VESSEL-SEP
XV-13205,EC-VALVE-ISO
P-13206,EC-PUMP-RECIP
LT-13207,EC-INST-LT
PSV-13208,EC-VALVE-RELIEF
V-13209,EC-VESSEL-SEP
P-13210,EC-PUMP-RECIP
P-13211,EC-PUMP-RECIP
COL-13212,EC-VESSEL-COL
FCV-13213,EC-VALVE-CTRL
FT-13214,EC-INST-FT
FT-13215,EC-INST-FT
PT-13216,EC-INST-PT
PT-13217,EC-INST-PT
K-13218,EC-COMPRESSOR-CENTR
P-13219,EC-PUMP-RECIP
FCV-13220,EC-VALVE-CTRL
K-13221,EC-COMPRESSOR-CENTR
TT-13222,EC-INST-TT
TT-13223,EC-INST-TT
K-13224,EC-COMPRESSOR-CENTR
E-13225,EC-HEATEXCH-SHELL
LT-13226,EC-INST-LT
K-13227,EC-COMPRESSOR-CENTR
P-13228,EC-PUMP-CENTR
FT-13229,EC-INST-FT
V-13230,EC-VESSEL-SEP
FCV-13231,EC-VALVE-CTRL
FCV-13232,EC-VALVE-CTRL
FT-13233,EC-INST-FT
COL-13234,EC-VESSEL-COL
K-13235,EC-COMPRESSOR-CENTR
PT-13236,EC-INST-PT
TT-13237,EC-INST-TT
E-13238,EC-HEATEXCH-SHELL
E-13239,EC-HEATEXCH-SHELL
COL-13240,EC-VESSEL-COL
TT-13241,EC-INST-TT
PSV-13242,EC-VALVE-RELIEF
COL-13243,EC-VESSEL-COL
FCV-13244,EC-VALVE-CTRL
XV-13245,EC-VALVE-ISO
PT-13246,EC-INST-PT
FCV-13247,EC-VALVE-CTRL
E-13248,EC-HEATEXCH-SHELL
COL-13249,EC-VESSEL-COL
PT-13250,EC-INST-PT
P-13251,EC-PUMP-CENTR
XV-13252,EC-VALVE-ISO
P-13253,EC-PUMP-CENTR
PSV-13254,EC-VALVE-RELIEF
K-13255,EC-COMPRESSOR-CENTR
LT-13256,EC-INST-LT
LT-13257,EC-INST-LT
PSV-13258,EC-VALVE-RELIEF
PT-13259,EC-INST-PT
PSV-13260,EC-VALVE-RELIEF
E-13261,EC-HEATEXCH-SHELL
PSV-13262,EC-VALVE-RELIEF
XV-13263,EC-VALVE-ISO
PSV-13264,EC-VALVE-RELIEF
PSV-13265,EC-VALVE-RELIEF
PT-13266,EC-INST-PT
V-13267,EC-VESSEL-SEP
PT-13268,EC-INST-PT
P-13269,EC-PUMP-CENTR
COL-13270,EC-VESSEL-COL
FCV-13271,EC-VALVE-CTRL
P-13272,EC-PUMP-RECIP
TT-13273,EC-INST-TT
TT-13274,EC-INST-TT
XV-13275,EC-VALVE-ISO
PT-13276,EC-INST-PT
FT-13277,EC-INST-FT
PT-13278,EC-INST-PT
TT-13279,EC-INST-TT
E-13280,EC-HEATEXCH-SHELL
V-13281,EC-VESSEL-SEP
PT-13282,EC-INST-PT
FT-13283,EC-INST-FT
P-13284,EC-PUMP-CENTR
P-13285,EC-PUMP-CENTR
XV-13286,EC-VALVE-ISO
LT-13287,EC-INST-LT
FCV-13288,EC-VALVE-CTRL
P-13289,EC-PUMP-RECIP
LT-13290,EC-INST-LT
FT-13291,EC-INST-FT
LT-13292,EC-INST-LT
FT-13293,EC-INST-FT
COL-13294,EC-VESSEL-COL
COL-13295,EC-VESSEL-COL
P-13296,EC-PUMP-RECIP
P-13297,EC-PUMP-RECIP
K-13298,EC-COMPRESSOR-CENTR
V-13299,EC-VESSEL-SEP
PT-13300,EC-INST-PT
PT-13301,EC-INST-PT
FT-13302,EC-INST-FT
LT-13303,EC-INST-LT
COL-13304,EC-VESSEL-COL
FT-13305,EC-INST-FT
P-13306,EC-PUMP-RECIP
FCV-13307,EC-VALVE-CTRL
LT-13308,EC-INST-LT
PSV-13309,EC-VALVE-RELIEF
E-13310,EC-HEATEXCH-SHELL
V-13311,EC-VESSEL-SEP
P-13312,EC-PUMP-CENTR
V-13313,EC-VESSEL-SEP
P-13314,EC-PUMP-CENTR
PT-13315,EC-INST-PT
P-13316,EC-PUMP-CENTR
K-13317,EC-COMPRESSOR-CENTR
FT-13318,EC-INST-FT
P-13319,EC-PUMP-CENTR
P-13320,EC-PUMP-CENTR
COL-13321,EC-VESSEL-COL
K-13322,EC-COMPRESSOR-CENTR
P-13323,EC-PUMP-CENTR
PT-13324,EC-INST-PT
LT-13325,EC-INST-LT
PT-13326,EC-INST-PT
V-13327,EC-VESSEL-SEP
COL-13328,EC-VESSEL-COL
E-13329,EC-HEATEXCH-SHELL
FT-13330,EC-INST-FT
FCV-13331,EC-VALVE-CTRL
K-13332,EC-COMPRESSOR-CENTR
P-13333,EC-PUMP-RECIP
K-13334,EC-COMPRESSOR-CENTR
V-13335,EC-VESSEL-SEP
FCV-13336,EC-VALVE-CTRL
PT-13337,EC-INST-PT
P-13338,EC-PUMP-CENTR
LT-13339,EC-INST-LT
PT-13340,EC-INST-PT
TT-13341,EC-INST-TT
E-13342,EC-HEATEXCH-SHELL
E-13343,EC-HEATEXCH-SHELL
E-13344,EC-HEATEXCH-SHELL
PT-13345,EC-INST-PT
PSV-13346,EC-VALVE-RELIEF
P-13347,EC-PUMP-RECIP
LT-13348,EC-INST-LT
XV-13349,EC-VALVE-ISO
PSV-13350,EC-VALVE-RELIEF
V-13351,EC-VESSEL-SEP
TT-13352,EC-INST-TT
LT-13353,EC-INST-LT
E-13354,EC-HEATEXCH-SHELL
P-13355,EC-PUMP-RECIP
TT-13356,EC-INST-TT
XV-13357,EC-VALVE-ISO
TT-13358,EC-INST-TT
PT-13359,EC-INST-PT
PT-13360,EC-INST-PT
V-13361,EC-VESSEL-SEP
FCV-13362,EC-VALVE-CTRL
XV-13363,EC-VALVE-ISO
FT-13364,EC-INST-FT
COL-13365,EC-VESSEL-COL
FT-13366,EC-INST-FT
TT-13367,EC-INST-TT
COL-13368,EC-VESSEL-COL
P-13369,EC-PUMP-CENTR
V-13370,EC-VESSEL-SEP
P-13371,EC-PUMP-RECIP
COL-13372,EC-VESSEL-COL
FT-13373,EC-INST-FT
COL-13374,EC-VESSEL-COL
FT-13375,EC-INST-FT
PT-13376,EC-INST-PT
LT-13377,EC-INST-LT
E-13378,EC-HEATEXCH-SHELL
P-13379,EC-PUMP-CENTR
TT-13380,EC-INST-TT
LT-13381,EC-INST-LT
PT-13382,EC-INST-PT
P-13383,EC-PUMP-RECIP
P-13384,EC-PUMP-CENTR
E-13385,EC-HEATEXCH-SHELL
COL-13386,EC-VESSEL-COL
PT-13387,EC-INST-PT
FCV-13388,EC-VALVE-CTRL
K-13389,EC-COMPRESSOR-CENTR
FT-13390,EC-INST-FT
XV-13391,EC-VALVE-ISO
XV-13392,EC-VALVE-ISO
XV-13393,EC-VALVE-ISO
PSV-13394,EC-VALVE-RELIEF
P-13395,EC-PUMP-CENTR
FT-13396,EC-INST-FT
E-13397,EC-HEATEXCH-SHELL
FT-13398,EC-INST-FT
PT-13399,EC-INST-PT
FT-13400,EC-INST-FT
LT-13401,EC-INST-LT
E-13402,EC-HEATEXCH-SHELL
P-13403,EC-PUMP-CENTR
V-13404,EC-VESSEL-SEP
FT-13405,EC-INST-FT
XV-13406,EC-VALVE-ISO
K-13407,EC-COMPRESSOR-CENTR
FCV-13408,EC-VALVE-CTRL
E-13409,EC-HEATEXCH-SHELL
FCV-13410,EC-VALVE-CTRL
COL-13411,EC-VESSEL-COL
TT-13412,EC-INST-TT
COL-13413,EC-VESSEL-COL
FT-13414,EC-INST-FT
FT-13415,EC-INST-FT
XV-13416,EC-VALVE-ISO
PSV-13417,EC-VALVE-RELIEF
LT-13418,EC-INST-LT
XV-13419,EC-VALVE-ISO
TT-13420,EC-INST-TT
K-13421,EC-COMPRESSOR-CENTR
PT-13422,EC-INST-PT
K-13423,EC-COMPRESSOR-CENTR
LT-13424,EC-INST-LT
P-13425,EC-PUMP-RECIP
XV-13426,EC-VALVE-ISO
PSV-13427,EC-VALVE-RELIEF
XV-13428,EC-VALVE-ISO
V-13429,EC-VESSEL-SEP
V-13430,EC-VESSEL-SEP
E-13431,EC-HEATEXCH-SHELL
K-13432,EC-COMPRESSOR-CENTR
TT-13433,EC-INST-TT
E-13434,EC-HEATEXCH-SHELL
P-13435,EC-PUMP-RECIP
P-13436,EC-PUMP-RECIP
LT-13437,EC-INST-LT
LT-13438,EC-INST-LT
TT-13439,EC-INST-TT
P-13440,EC-PUMP-CENTR
FCV-13441,EC-VALVE-CTRL
P-13442,EC-PUMP-CENTR
PT-13443,EC-INST-PT
TT-13444,EC-INST-TT
XV-13445,EC-VALVE-ISO
P-13446,EC-PUMP-CENTR
LT-13447,EC-INST-LT
TT-13448,EC-INST-TT
V-13449,EC-VESSEL-SEP
XV-13450,EC-VALVE-ISO
FCV-13451,EC-VALVE-CTRL
V-13452,EC-VESSEL-SEP
FT-13453,EC-INST-FT
COL-13454,EC-VESSEL-COL
E-13455,EC-HEATEXCH-SHELL
TT-13456,EC-INST-TT
PSV-13457,EC-VALVE-RELIEF
XV-13458,EC-VALVE-ISO
PSV-13459,EC-VALVE-RELIEF
PSV-13460,EC-VALVE-RELIEF
V-13461,EC-VESSEL-SEP
P-13462,EC-PUMP-CENTR
V-13463,EC-VESSEL-SEP
FCV-13464,EC-VALVE-CTRL
P-13465,EC-PUMP-CENTR
PSV-13466,EC-VALVE-RELIEF
FT-13467,EC-INST-FT
FCV-13468,EC-VALVE-CTRL
P-13469,EC-PUMP-CENTR
K-13470,EC-COMPRESSOR-CENTR
LT-13471,EC-INST-LT
PT-13472,EC-INST-PT
XV-13473,EC-VALVE-ISO
V-13474,EC-VESSEL-SEP
XV-13475,EC-VALVE-ISO
COL-13476,EC-VESSEL-COL
K-13477,EC-COMPRESSOR-CENTR
P-13478,EC-PUMP-RECIP
E-13479,EC-HEATEXCH-SHELL
K-13480,EC-COMPRESSOR-CENTR
LT-13481,EC-INST-LT
FT-13482,EC-INST-FT
LT-13483,EC-INST-LT
FT-13484,EC-INST-FT
FT-13485,EC-INST-FT
LT-13486,EC-INST-LT
COL-13487,EC-VESSEL-COL
PSV-13488,EC-VALVE-RELIEF
FCV-13489,EC-VALVE-CTRL
PSV-13490,EC-VALVE-RELIEF
COL-13491,EC-VESSEL-COL
FT-13492,EC-INST-FT
XV-13493,EC-VALVE-ISO
K-13494,EC-COMPRESSOR-CENTR
TT-13495,EC-INST-TT
FCV-13496,EC-VALVE-CTRL
E-13497,EC-HEATEXCH-SHELL
PSV-13498,EC-VALVE-RELIEF
E-13499,EC-HEATEXCH-SHELL
FCV-13500,EC-VALVE-CTRL
TT-13501,EC-INST-TT
E-13502,EC-HEATEXCH-SHELL
COL-13503,EC-VESSEL-COL
FCV-13504,EC-VALVE-CTRL
P-13505,EC-PUMP-CENTR
K-13506,EC-COMPRESSOR-CENTR
P-13507,EC-PUMP-RECIP
P-13508,EC-PUMP-RECIP
COL-13509,EC-VESSEL-COL
XV-13510,EC-VALVE-ISO
FT-13511,EC-INST-FT
PSV-13512,EC-VALVE-RELIEF
K-13513,EC-COMPRESSOR-CENTR
XV-13514,EC-VALVE-ISO
PT-13515,EC-INST-PT
LT-13516,EC-INST-LT
K-13517,EC-COMPRESSOR-CENTR
P-13518,EC-PUMP-RECIP
LT-13519,EC-INST-LT
E-13520,EC-HEATEXCH-SHELL
PSV-13521,EC-VALVE-RELIEF
P-13522,EC-PUMP-CENTR
V-13523,EC-VESSEL-SEP
FCV-13524,EC-VALVE-CTRL
PSV-13525,EC-VALVE-RELIEF
K-13526,EC-COMPRESSOR-CENTR
V-13527,EC-VESSEL-SEP
V-13528,EC-VESSEL-SEP
PT-13529,EC-INST-PT
P-13530,EC-PUMP-CENTR
PSV-13531,EC-VALVE-RELIEF
COL-13532,EC-VESSEL-COL
COL-13533,EC-VESSEL-COL
XV-13534,EC-VALVE-ISO
E-13535,EC-HEATEXCH-SHELL
P-13536,EC-PUMP-CENTR
COL-13537,EC-VESSEL-COL
PSV-13538,EC-VALVE-RELIEF
PT-13539,EC-INST-PT
E-13540,EC-HEATEXCH-SHELL
K-13541,EC-COMPRESSOR-CENTR
P-13542,EC-PUMP-CENTR
TT-13543,EC-INST-TT
P-13544,EC-PUMP-CENTR
FT-13545,EC-INST-FT
TT-13546,EC-INST-TT
P-13547,EC-PUMP-CENTR
LT-13548,EC-INST-LT
PT-13549,EC-INST-PT
E-13550,EC-HEATEXCH-SHELL
LT-13551,EC-INST-LT
P-13552,EC-PUMP-CENTR
P-13553,EC-PUMP-CENTR
E-13554,EC-HEATEXCH-SHELL
E-13555,EC-HEATEXCH-SHELL
PT-13556,EC-INST-PT
P-13557,EC-PUMP-CENTR
TT-13558,EC-INST-TT
COL-13559,EC-VESSEL-COL
V-13560,EC-VESSEL-SEP
TT-13561,EC-INST-TT
XV-13562,EC-VALVE-ISO
PSV-13563,EC-VALVE-RELIEF
P-13564,EC-PUMP-RECIP
P-13565,EC-PUMP-CENTR
COL-13566,EC-VESSEL-COL
K-13567,EC-COMPRESSOR-CENTR
PSV-13568,EC-VALVE-RELIEF
XV-13569,EC-VALVE-ISO
LT-13570,EC-INST-LT
P-13571,EC-PUMP-RECIP
FT-13572,EC-INST-FT
K-13573,EC-COMPRESSOR-CENTR
K-13574,EC-COMPRESSOR-CENTR
PSV-13575,EC-VALVE-RELIEF
LT-13576,EC-INST-LT
XV-13577,EC-VALVE-ISO
LT-13578,EC-INST-LT
COL-13579,EC-VESSEL-COL
PT-13580,EC-INST-PT
TT-13581,EC-INST-TT
P-13582,EC-PUMP-CENTR
FCV-13583,EC-VALVE-CTRL
XV-13584,EC-VALVE-ISO
FCV-13585,EC-VALVE-CTRL
PSV-13586,EC-VALVE-RELIEF
FCV-13587,EC-VALVE-CTRL
COL-13588,EC-VESSEL-COL
COL-13589,EC-VESSEL-COL
PSV-13590,EC-VALVE-RELIEF
COL-13591,EC-VESSEL-COL
K-13592,EC-COMPRESSOR-CENTR
K-13593,EC-COMPRESSOR-CENTR
E-13594,EC-HEATEXCH-SHELL
V-13595,EC-VESSEL-SEP
E-13596,EC-HEATEXCH-SHELL
COL-13597,EC-VESSEL-COL
PSV-13598,EC-VALVE-RELIEF
PT-13599,EC-INST-PT
FCV-13600,EC-VALVE-CTRL
TT-13601,EC-INST-TT
PT-13602,EC-INST-PT
XV-13603,EC-VALVE-ISO
K-13604,EC-COMPRESSOR-CENTR
PSV-13605,EC-VALVE-RELIEF
XV-13606,EC-VALVE-ISO
PSV-13607,EC-VALVE-RELIEF
LT-13608,EC-INST-LT
XV-13609,EC-VALVE-ISO
COL-13610,EC-VESSEL-COL
LT-13611,EC-INST-LT
TT-13612,EC-INST-TT
P-13613,EC-PUMP-RECIP
TT-13614,EC-INST-TT
LT-13615,EC-INST-LT
E-13616,EC-HEATEXCH-SHELL
COL-13617,EC-VESSEL-COL
TT-13618,EC-INST-TT
TT-13619,EC-INST-TT
P-13620,EC-PUMP-CENTR
E-13621,EC-HEATEXCH-SHELL
E-13622,EC-HEATEXCH-SHELL
TT-13623,EC-INST-TT
TT-13624,EC-INST-TT
K-13625,EC-COMPRESSOR-CENTR
FT-13626,EC-INST-FT
TT-13627,EC-INST-TT
XV-13628,EC-VALVE-ISO
TT-13629,EC-INST-TT
COL-13630,EC-VESSEL-COL
FT-13631,EC-INST-FT
TT-13632,EC-INST-TT
COL-13633,EC-VESSEL-COL
FCV-13634,EC-VALVE-CTRL
TT-13635,EC-INST-TT
FCV-13636,EC-VALVE-CTRL
FT-13637,EC-INST-FT
K-13638,EC-COMPRESSOR-CENTR
P-13639,EC-PUMP-CENTR
K-13640,EC-COMPRESSOR-CENTR
TT-13641,EC-INST-TT
FCV-13642,EC-VALVE-CTRL
P-13643,EC-PUMP-CENTR
PT-13644,EC-INST-PT
FT-13645,EC-INST-FT
P-13646,EC-PUMP-CENTR
FCV-13647,EC-VALVE-CTRL
P-13648,EC-PUMP-CENTR
V-13649,EC-VESSEL-SEP
FCV-13650,EC-VALVE-CTRL
V-13651,EC-VESSEL-SEP
TT-13652,EC-INST-TT
PSV-13653,EC-VALVE-RELIEF
COL-13654,EC-VESSEL-COL
TT-13655,EC-INST-TT
PT-13656,EC-INST-PT
FT-13657,EC-INST-FT
P-13658,EC-PUMP-CENTR
P-13659,EC-PUMP-CENTR
P-13660,EC-PUMP-CENTR
E-13661,EC-HEATEXCH-SHELL
V-13662,EC-VESSEL-SEP
LT-13663,EC-INST-LT
V-13664,EC-VESSEL-SEP
TT-13665,EC-INST-TT
TT-13666,EC-INST-TT
PSV-13667,EC-VALVE-RELIEF
LT-13668,EC-INST-LT
P-13669,EC-PUMP-CENTR
K-13670,EC-COMPRESSOR-CENTR
COL-13671,EC-VESSEL-COL
FCV-13672,EC-VALVE-CTRL
PSV-13673,EC-VALVE-RELIEF
XV-13674,EC-VALVE-ISO
LT-13675,EC-INST-LT
XV-13676,EC-VALVE-ISO
FT-13677,EC-INST-FT
TT-13678,EC-INST-TT
K-13679,EC-COMPRESSOR-CENTR
E-13680,EC-HEATEXCH-SHELL
E-13681,EC-HEATEXCH-SHELL
V-13682,EC-VESSEL-SEP
P-13683,EC-PUMP-CENTR
P-13684,EC-PUMP-CENTR
K-13685,EC-COMPRESSOR-CENTR
P-13686,EC-PUMP-CENTR
P-13687,EC-PUMP-RECIP
XV-13688,EC-VALVE-ISO
LT-13689,EC-INST-LT
TT-13690,EC-INST-TT
E-13691,EC-HEATEXCH-SHELL
FCV-13692,EC-VALVE-CTRL
V-13693,EC-VESSEL-SEP
V-13694,EC-VESSEL-SEP
E-13695,EC-HEATEXCH-SHELL
COL-13696,EC-VESSEL-COL
K-13697,EC-COMPRESSOR-CENTR
FCV-13698,EC-VALVE-CTRL
PT-13699,EC-INST-PT
TT-13700,EC-INST-TT
COL-13701,EC-VESSEL-COL
V-13702,EC-VESSEL-SEP
FT-13703,EC-INST-FT
V-13704,EC-VESSEL-SEP
LT-13705,EC-INST-LT
PSV-13706,EC-VALVE-RELIEF
XV-13707,EC-VALVE-ISO
K-13708,EC-COMPRESSOR-CENTR
V-13709,EC-VESSEL-SEP
TT-13710,EC-INST-TT
FT-13711,EC-INST-FT
LT-13712,EC-INST-LT
K-13713,EC-COMPRESSOR-CENTR
LT-13714,EC-INST-LT
P-13715,EC-PUMP-RECIP
FCV-13716,EC-VALVE-CTRL
PSV-13717,EC-VALVE-RELIEF
PSV-13718,EC-VALVE-RELIEF
FT-13719,EC-INST-FT
PT-13720,EC-INST-PT
FCV-13721,EC-VALVE-CTRL
PSV-13722,EC-VALVE-RELIEF
V-13723,EC-VESSEL-SEP
TT-13724,EC-INST-TT
FT-13725,EC-INST-FT
P-13726,EC-PUMP-RECIP
P-13727,EC-PUMP-RECIP
PSV-13728,EC-VALVE-RELIEF
PSV-13729,EC-VALVE-RELIEF
LT-13730,EC-INST-LT
TT-13731,EC-INST-TT
V-13732,EC-VESSEL-SEP
PT-13733,EC-INST-PT
P-13734,EC-PUMP-RECIP
LT-13735,EC-INST-LT
V-13736,EC-VESSEL-SEP
PT-13737,EC-INST-PT
PSV-13738,EC-VALVE-RELIEF
PT-13739,EC-INST-PT
V-13740,EC-VESSEL-SEP
COL-13741,EC-VESSEL-COL
XV-13742,EC-VALVE-ISO
PSV-13743,EC-VALVE-RELIEF
FCV-13744,EC-VALVE-CTRL
PT-13745,EC-INST-PT
XV-13746,EC-VALVE-ISO
V-13747,EC-VESSEL-SEP
PSV-13748,EC-VALVE-RELIEF
V-13749,EC-VESSEL-SEP
XV-13750,EC-VALVE-ISO
FT-13751,EC-INST-FT
COL-13752,EC-VESSEL-COL
E-13753,EC-HEATEXCH-SHELL
PT-13754,EC-INST-PT
P-13755,EC-PUMP-CENTR
FCV-13756,EC-VALVE-CTRL
E-13757,EC-HEATEXCH-SHELL
FCV-13758,EC-VALVE-CTRL
XV-13759,EC-VALVE-ISO
P-13760,EC-PUMP-RECIP
FCV-13761,EC-VALVE-CTRL
FCV-13762,EC-VALVE-CTRL
COL-13763,EC-VESSEL-COL
XV-13764,EC-VALVE-ISO
P-13765,EC-PUMP-CENTR
LT-13766,EC-INST-LT
XV-13767,EC-VALVE-ISO
E-13768,EC-HEATEXCH-SHELL
PSV-13769,EC-VALVE-RELIEF
V-13770,EC-VESSEL-SEP
XV-13771,EC-VALVE-ISO
E-13772,EC-HEATEXCH-SHELL
PSV-13773,EC-VALVE-RELIEF
LT-13774,EC-INST-LT
FCV-13775,EC-VALVE-CTRL
LT-13776,EC-INST-LT
K-13777,EC-COMPRESSOR-CENTR
E-13778,EC-HEATEXCH-SHELL
PT-13779,EC-INST-PT
COL-13780,EC-VESSEL-COL
FCV-13781,EC-VALVE-CTRL
P-13782,EC-PUMP-CENTR
FT-13783,EC-INST-FT
FT-13784,EC-INST-FT
K-13785,EC-COMPRESSOR-CENTR
K-13786,EC-COMPRESSOR-CENTR
E-13787,EC-HEATEXCH-SHELL
E-13788,EC-HEATEXCH-SHELL
LT-13789,EC-INST-LT
P-13790,EC-PUMP-CENTR
TT-13791,EC-INST-TT
FT-13792,EC-INST-FT
TT-13793,EC-INST-TT
PSV-13794,EC-VALVE-RELIEF
K-13795,EC-COMPRESSOR-CENTR
COL-13796,EC-VESSEL-COL
K-13797,EC-COMPRESSOR-CENTR
E-13798,EC-HEATEXCH-SHELL
P-13799,EC-PUMP-CENTR
P-13800,EC-PUMP-CENTR
K-13801,EC-COMPRESSOR-CENTR
COL-13802,EC-VESSEL-COL
PT-13803,EC-INST-PT
PT-13804,EC-INST-PT
FT-13805,EC-INST-FT
XV-13806,EC-VALVE-ISO
LT-13807,EC-INST-LT
PSV-13808,EC-VALVE-RELIEF
FT-13809,EC-INST-FT
PSV-13810,EC-VALVE-RELIEF
E-13811,EC-HEATEXCH-SHELL
PT-13812,EC-INST-PT
V-13813,EC-VESSEL-SEP
PT-13814,EC-INST-PT
V-13815,EC-VESSEL-SEP
PSV-13816,EC-VALVE-RELIEF
K-13817,EC-COMPRESSOR-CENTR
E-13818,EC-HEATEXCH-SHELL
FCV-13819,EC-VALVE-CTRL
XV-13820,EC-VALVE-ISO
COL-13821,EC-VESSEL-COL
P-13822,EC-PUMP-CENTR
LT-13823,EC-INST-LT
TT-13824,EC-INST-TT
E-13825,EC-HEATEXCH-SHELL
P-13826,EC-PUMP-CENTR
PSV-13827,EC-VALVE-RELIEF
LT-13828,EC-INST-LT
FCV-13829,EC-VALVE-CTRL
XV-13830,EC-VALVE-ISO
K-13831,EC-COMPRESSOR-CENTR
FT-13832,EC-INST-FT
TT-13833,EC-INST-TT
PT-13834,EC-INST-PT
PT-13835,EC-INST-PT
LT-13836,EC-INST-LT
XV-13837,EC-VALVE-ISO
XV-13838,EC-VALVE-ISO
PT-13839,EC-INST-PT
E-13840,EC-HEATEXCH-SHELL
LT-13841,EC-INST-LT
PT-13842,EC-INST-PT
XV-13843,EC-VALVE-ISO
P-13844,EC-PUMP-CENTR
PSV-13845,EC-VALVE-RELIEF
E-13846,EC-HEATEXCH-SHELL
XV-13847,EC-VALVE-ISO
LT-13848,EC-INST-LT
PT-13849,EC-INST-PT
PT-13850,EC-INST-PT
TT-13851,EC-INST-TT
LT-13852,EC-INST-LT
P-13853,EC-PUMP-CENTR
PSV-13854,EC-VALVE-RELIEF
FT-13855,EC-INST-FT
XV-13856,EC-VALVE-ISO
FT-13857,EC-INST-FT
LT-13858,EC-INST-LT
LT-13859,EC-INST-LT
V-13860,EC-VESSEL-SEP
P-13861,EC-PUMP-CENTR
PSV-13862,EC-VALVE-RELIEF
K-13863,EC-COMPRESSOR-CENTR
PT-13864,EC-INST-PT
XV-13865,EC-VALVE-ISO
FCV-13866,EC-VALVE-CTRL
P-13867,EC-PUMP-CENTR
PT-13868,EC-INST-PT
K-13869,EC-COMPRESSOR-CENTR
TT-13870,EC-INST-TT
P-13871,EC-PUMP-RECIP
P-13872,EC-PUMP-RECIP
P-13873,EC-PUMP-RECIP
LT-13874,EC-INST-LT
XV-13875,EC-VALVE-ISO
LT-13876,EC-INST-LT
TT-13877,EC-INST-TT
FT-13878,EC-INST-FT
LT-13879,EC-INST-LT
V-13880,EC-VESSEL-SEP
FT-13881,EC-INST-FT
LT-13882,EC-INST-LT
V-13883,EC-VESSEL-SEP
LT-13884,EC-INST-LT
FCV-13885,EC-VALVE-CTRL
V-13886,EC-VESSEL-SEP
P-13887,EC-PUMP-CENTR
XV-13888,EC-VALVE-ISO
TT-13889,EC-INST-TT
XV-13890,EC-VALVE-ISO
V-13891,EC-VESSEL-SEP
V-13892,EC-VESSEL-SEP
LT-13893,EC-INST-LT
V-13894,EC-VESSEL-SEP
COL-13895,EC-VESSEL-COL
LT-13896,EC-INST-LT
PT-13897,EC-INST-PT
PT-13898,EC-INST-PT
E-13899,EC-HEATEXCH-SHELL
FCV-13900,EC-VALVE-CTRL
PSV-13901,EC-VALVE-RELIEF
COL-13902,EC-VESSEL-COL
TT-13903,EC-INST-TT
PSV-13904,EC-VALVE-RELIEF
TT-13905,EC-INST-TT
LT-13906,EC-INST-LT
TT-13907,EC-INST-TT
XV-13908,EC-VALVE-ISO
LT-13909,EC-INST-LT
COL-13910,EC-VESSEL-COL
COL-13911,EC-VESSEL-COL
P-13912,EC-PUMP-CENTR
COL-13913,EC-VESSEL-COL
XV-13914,EC-VALVE-ISO
PT-13915,EC-INST-PT
FCV-13916,EC-VALVE-CTRL
K-13917,EC-COMPRESSOR-CENTR
K-13918,EC-COMPRESSOR-CENTR
TT-13919,EC-INST-TT
FCV-13920,EC-VALVE-CTRL
V-13921,EC-VESSEL-SEP
FCV-13922,EC-VALVE-CTRL
FCV-13923,EC-VALVE-CTRL
FCV-13924,EC-VALVE-CTRL
FT-13925,EC-INST-FT
PSV-13926,EC-VALVE-RELIEF
PT-13927,EC-INST-PT
LT-13928,EC-INST-LT
E-13929,EC-HEATEXCH-SHELL
XV-13930,EC-VALVE-ISO
TT-13931,EC-INST-TT
P-13932,EC-PUMP-CENTR
PSV-13933,EC-VALVE-RELIEF
FT-13934,EC-INST-FT
PT-13935,EC-INST-PT
FT-13936,EC-INST-FT
P-13937,EC-PUMP-RECIP
P-13938,EC-PUMP-RECIP
V-13939,EC-VESSEL-SEP
PT-13940,EC-INST-PT
P-13941,EC-PUMP-CENTR
COL-13942,EC-VESSEL-COL
XV-13943,EC-VALVE-ISO
V-13944,EC-VESSEL-SEP
FCV-13945,EC-VALVE-CTRL
TT-13946,EC-INST-TT
K-13947,EC-COMPRESSOR-CENTR
LT-13948,EC-INST-LT
FT-13949,EC-INST-FT
FT-13950,EC-INST-FT
XV-13951,EC-VALVE-ISO
V-13952,EC-VESSEL-SEP
E-13953,EC-HEATEXCH-SHELL
XV-13954,EC-VALVE-ISO
FCV-13955,EC-VALVE-CTRL
PSV-13956,EC-VALVE-RELIEF
TT-13957,EC-INST-TT
TT-13958,EC-INST-TT
FT-13959,EC-INST-FT
PT-13960,EC-INST-PT
TT-13961,EC-INST-TT
FT-13962,EC-INST-FT
FT-13963,EC-INST-FT
FT-13964,EC-INST-FT
LT-13965,EC-INST-LT
V-13966,EC-VESSEL-SEP
K-13967,EC-COMPRESSOR-CENTR
LT-13968,EC-INST-LT
TT-13969,EC-INST-TT
PT-13970,EC-INST-PT
V-13971,EC-VESSEL-SEP
E-13972,EC-HEATEXCH-SHELL
TT-13973,EC-INST-TT
PT-13974,EC-INST-PT
COL-13975,EC-VESSEL-COL
E-13976,EC-HEATEXCH-SHELL
FCV-13977,EC-VALVE-CTRL
PT-13978,EC-INST-PT
TT-13979,EC-INST-TT
P-13980,EC-PUMP-CENTR
FT-13981,EC-INST-FT
E-13982,EC-HEATEXCH-SHELL
XV-13983,EC-VALVE-ISO
PT-13984,EC-INST-PT
P-13985,EC-PUMP-CENTR
K-13986,EC-COMPRESSOR-CENTR
V-13987,EC-VESSEL-SEP
XV-13988,EC-VALVE-ISO
TT-13989,EC-INST-TT
PSV-13990,EC-VALVE-RELIEF
FT-13991,EC-INST-FT
FCV-13992,EC-VALVE-CTRL
TT-13993,EC-INST-TT
LT-13994,EC-INST-LT
PSV-13995,EC-VALVE-RELIEF
V-13996,EC-VESSEL-SEP
PT-13997,EC-INST-PT
TT-13998,EC-INST-TT
E-13999,EC-HEATEXCH-SHELL
K-14000,EC-COMPRESSOR-CENTR
PT-14001,EC-INST-PT
COL-14002,EC-VESSEL-COL
V-14003,EC-VESSEL-SEP
COL-14004,EC-VESSEL-COL
TT-14005,EC-INST-TT
COL-14006,EC-VESSEL-COL
PT-14007,EC-INST-PT
COL-14008,EC-VESSEL-COL
P-14009,EC-PUMP-CENTR
FT-14010,EC-INST-FT
P-14011,EC-PUMP-CENTR
XV-14012,EC-VALVE-ISO
COL-14013,EC-VESSEL-COL
E-14014,EC-HEATEXCH-SHELL
PT-14015,EC-INST-PT
PT-14016,EC-INST-PT
P-14017,EC-PUMP-RECIP
P-14018,EC-PUMP-RECIP
K-14019,EC-COMPRESSOR-CENTR
COL-14020,EC-VESSEL-COL
FT-14021,EC-INST-FT
P-14022,EC-PUMP-RECIP
P-14023,EC-PUMP-RECIP
K-14024,EC-COMPRESSOR-CENTR
P-14025,EC-PUMP-RECIP
COL-14026,EC-VESSEL-COL
LT-14027,EC-INST-LT
PSV-14028,EC-VALVE-RELIEF
P-14029,EC-PUMP-RECIP
COL-14030,EC-VESSEL-COL
V-14031,EC-VESSEL-SEP
V-14032,EC-VESSEL-SEP
V-14033,EC-VESSEL-SEP
TT-14034,EC-INST-TT
P-14035,EC-PUMP-CENTR
P-14036,EC-PUMP-CENTR
E-14037,EC-HEATEXCH-SHELL
TT-14038,EC-INST-TT
V-14039,EC-VESSEL-SEP
COL-14040,EC-VESSEL-COL
P-14041,EC-PUMP-RECIP
P-14042,EC-PUMP-RECIP
FCV-14043,EC-VALVE-CTRL
FCV-14044,EC-VALVE-CTRL
FT-14045,EC-INST-FT
FT-14046,EC-INST-FT
P-14047,EC-PUMP-RECIP
E-14048,EC-HEATEXCH-SHELL
E-14049,EC-HEATEXCH-SHELL
FT-14050,EC-INST-FT
XV-14051,EC-VALVE-ISO
XV-14052,EC-VALVE-ISO
FT-14053,EC-INST-FT
E-14054,EC-HEATEXCH-SHELL
PSV-14055,EC-VALVE-RELIEF
XV-14056,EC-VALVE-ISO
P-14057,EC-PUMP-CENTR
PSV-14058,EC-VALVE-RELIEF
FCV-14059,EC-VALVE-CTRL
LT-14060,EC-INST-LT
COL-14061,EC-VESSEL-COL
COL-14062,EC-VESSEL-COL
TT-14063,EC-INST-TT
LT-14064,EC-INST-LT
V-14065,EC-VESSEL-SEP
P-14066,EC-PUMP-RECIP
PT-14067,EC-INST-PT
LT-14068,EC-INST-LT
V-14069,EC-VESSEL-SEP
P-14070,EC-PUMP-CENTR
P-14071,EC-PUMP-CENTR
PSV-14072,EC-VALVE-RELIEF
K-14073,EC-COMPRESSOR-CENTR
XV-14074,EC-VALVE-ISO
K-14075,EC-COMPRESSOR-CENTR
LT-14076,EC-INST-LT
FCV-14077,EC-VALVE-CTRL
FT-14078,EC-INST-FT
V-14079,EC-VESSEL-SEP
FCV-14080,EC-VALVE-CTRL
E-14081,EC-HEATEXCH-SHELL
COL-14082,EC-VESSEL-COL
FCV-14083,EC-VALVE-CTRL
PT-14084,EC-INST-PT
P-14085,EC-PUMP-RECIP
TT-14086,EC-INST-TT
XV-14087,EC-VALVE-ISO
PT-14088,EC-INST-PT
K-14089,EC-COMPRESSOR-CENTR
P-14090,EC-PUMP-RECIP
E-14091,EC-HEATEXCH-SHELL
PSV-14092,EC-VALVE-RELIEF
XV-14093,EC-VALVE-ISO
E-14094,EC-HEATEXCH-SHELL
V-14095,EC-VESSEL-SEP
K-14096,EC-COMPRESSOR-CENTR
K-14097,EC-COMPRESSOR-CENTR
COL-14098,EC-VESSEL-COL
TT-14099,EC-INST-TT
P-14100,EC-PUMP-CENTR
P-14101,EC-PUMP-CENTR
LT-14102,EC-INST-LT
PSV-14103,EC-VALVE-RELIEF
FT-14104,EC-INST-FT
E-14105,EC-HEATEXCH-SHELL
PSV-14106,EC-VALVE-RELIEF
LT-14107,EC-INST-LT
PSV-14108,EC-VALVE-RELIEF
TT-14109,EC-INST-TT
E-14110,EC-HEATEXCH-SHELL
PSV-14111,EC-VALVE-RELIEF
PT-14112,EC-INST-PT
XV-14113,EC-VALVE-ISO
FT-14114,EC-INST-FT
XV-14115,EC-VALVE-ISO
XV-14116,EC-VALVE-ISO
V-14117,EC-VESSEL-SEP
XV-14118,EC-VALVE-ISO
FT-14119,EC-INST-FT
TT-14120,EC-INST-TT
COL-14121,EC-VESSEL-COL
V-14122,EC-VESSEL-SEP
P-14123,EC-PUMP-CENTR
P-14124,EC-PUMP-CENTR
XV-14125,EC-VALVE-ISO
K-14126,EC-COMPRESSOR-CENTR
FCV-14127,EC-VALVE-CTRL
COL-14128,EC-VESSEL-COL
XV-14129,EC-VALVE-ISO
K-14130,EC-COMPRESSOR-CENTR
E-14131,EC-HEATEXCH-SHELL
K-14132,EC-COMPRESSOR-CENTR
PT-14133,EC-INST-PT
K-14134,EC-COMPRESSOR-CENTR
E-14135,EC-HEATEXCH-SHELL
K-14136,EC-COMPRESSOR-CENTR
P-14137,EC-PUMP-RECIP
COL-14138,EC-VESSEL-COL
PT-14139,EC-INST-PT
P-14140,EC-PUMP-CENTR
PSV-14141,EC-VALVE-RELIEF
V-14142,EC-VESSEL-SEP
K-14143,EC-COMPRESSOR-CENTR
P-14144,EC-PUMP-CENTR
P-14145,EC-PUMP-RECIP
TT-14146,EC-INST-TT
K-14147,EC-COMPRESSOR-CENTR
P-14148,EC-PUMP-RECIP
P-14149,EC-PUMP-RECIP
XV-14150,EC-VALVE-ISO
FT-14151,EC-INST-FT
LT-14152,EC-INST-LT
V-14153,EC-VESSEL-SEP
FT-14154,EC-INST-FT
P-14155,EC-PUMP-CENTR
XV-14156,EC-VALVE-ISO
P-14157,EC-PUMP-CENTR
XV-14158,EC-VALVE-ISO
FCV-14159,EC-VALVE-CTRL
P-14160,EC-PUMP-RECIP
XV-14161,EC-VALVE-ISO
FT-14162,EC-INST-FT
PT-14163,EC-INST-PT
FT-14164,EC-INST-FT
K-14165,EC-COMPRESSOR-CENTR
P-14166,EC-PUMP-RECIP
FCV-14167,EC-VALVE-CTRL
PSV-14168,EC-VALVE-RELIEF
LT-14169,EC-INST-LT
TT-14170,EC-INST-TT
P-14171,EC-PUMP-CENTR
P-14172,EC-PUMP-RECIP
K-14173,EC-COMPRESSOR-CENTR
PSV-14174,EC-VALVE-RELIEF
E-14175,EC-HEATEXCH-SHELL
PT-14176,EC-INST-PT
V-14177,EC-VESSEL-SEP
TT-14178,EC-INST-TT
E-14179,EC-HEATEXCH-SHELL
K-14180,EC-COMPRESSOR-CENTR
E-14181,EC-HEATEXCH-SHELL
TT-14182,EC-INST-TT
COL-14183,EC-VESSEL-COL
P-14184,EC-PUMP-RECIP
K-14185,EC-COMPRESSOR-CENTR
P-14186,EC-PUMP-CENTR
V-14187,EC-VESSEL-SEP
PT-14188,EC-INST-PT
E-14189,EC-HEATEXCH-SHELL
PT-14190,EC-INST-PT
FT-14191,EC-INST-FT
XV-14192,EC-VALVE-ISO
FT-14193,EC-INST-FT
TT-14194,EC-INST-TT
K-14195,EC-COMPRESSOR-CENTR
FT-14196,EC-INST-FT
P-14197,EC-PUMP-RECIP
P-14198,EC-PUMP-CENTR
P-14199,EC-PUMP-CENTR
COL-14200,EC-VESSEL-COL
PT-14201,EC-INST-PT
P-14202,EC-PUMP-CENTR
E-14203,EC-HEATEXCH-SHELL
E-14204,EC-HEATEXCH-SHELL
PSV-14205,EC-VALVE-RELIEF
V-14206,EC-VESSEL-SEP
P-14207,EC-PUMP-CENTR
LT-14208,EC-INST-LT
LT-14209,EC-INST-LT
P-14210,EC-PUMP-CENTR
FT-14211,EC-INST-FT
XV-14212,EC-VALVE-ISO
E-14213,EC-HEATEXCH-SHELL
PT-14214,EC-INST-PT
K-14215,EC-COMPRESSOR-CENTR
P-14216,EC-PUMP-RECIP
FT-14217,EC-INST-FT
COL-14218,EC-VESSEL-COL
P-14219,EC-PUMP-CENTR
FCV-14220,EC-VALVE-CTRL
COL-14221,EC-VESSEL-COL
V-14222,EC-VESSEL-SEP
P-14223,EC-PUMP-RECIP
PT-14224,EC-INST-PT
PT-14225,EC-INST-PT
TT-14226,EC-INST-TT
P-14227,EC-PUMP-CENTR
COL-14228,EC-VESSEL-COL
PT-14229,EC-INST-PT
FT-14230,EC-INST-FT
E-14231,EC-HEATEXCH-SHELL
COL-14232,EC-VESSEL-COL
P-14233,EC-PUMP-RECIP
FCV-14234,EC-VALVE-CTRL
COL-14235,EC-VESSEL-COL
PSV-14236,EC-VALVE-RELIEF
K-14237,EC-COMPRESSOR-CENTR
FCV-14238,EC-VALVE-CTRL
COL-14239,EC-VESSEL-COL
E-14240,EC-HEATEXCH-SHELL
LT-14241,EC-INST-LT
PSV-14242,EC-VALVE-RELIEF
FT-14243,EC-INST-FT
E-14244,EC-HEATEXCH-SHELL
PSV-14245,EC-VALVE-RELIEF
E-14246,EC-HEATEXCH-SHELL
E-14247,EC-HEATEXCH-SHELL
E-14248,EC-HEATEXCH-SHELL
PSV-14249,EC-VALVE-RELIEF
XV-14250,EC-VALVE-ISO
XV-14251,EC-VALVE-ISO
P-14252,EC-PUMP-RECIP
FT-14253,EC-INST-FT
XV-14254,EC-VALVE-ISO
E-14255,EC-HEATEXCH-SHELL
FT-14256,EC-INST-FT
FT-14257,EC-INST-FT
COL-14258,EC-VESSEL-COL
LT-14259,EC-INST-LT
FT-14260,EC-INST-FT
P-14261,EC-PUMP-CENTR
FT-14262,EC-INST-FT
P-14263,EC-PUMP-CENTR
XV-14264,EC-VALVE-ISO
LT-14265,EC-INST-LT
TT-14266,EC-INST-TT
PT-14267,EC-INST-PT
P-14268,EC-PUMP-RECIP
E-14269,EC-HEATEXCH-SHELL
PSV-14270,EC-VALVE-RELIEF
FT-14271,EC-INST-FT
FCV-14272,EC-VALVE-CTRL
PSV-14273,EC-VALVE-RELIEF
K-14274,EC-COMPRESSOR-CENTR
FT-14275,EC-INST-FT
P-14276,EC-PUMP-RECIP
FCV-14277,EC-VALVE-CTRL
K-14278,EC-COMPRESSOR-CENTR
LT-14279,EC-INST-LT
FCV-14280,EC-VALVE-CTRL
COL-14281,EC-VESSEL-COL
K-14282,EC-COMPRESSOR-CENTR
K-14283,EC-COMPRESSOR-CENTR
P-14284,EC-PUMP-CENTR
K-14285,EC-COMPRESSOR-CENTR
FT-14286,EC-INST-FT
COL-14287,EC-VESSEL-COL
P-14288,EC-PUMP-CENTR
PSV-14289,EC-VALVE-RELIEF
PSV-14290,EC-VALVE-RELIEF
LT-14291,EC-INST-LT
V-14292,EC-VESSEL-SEP
FT-14293,EC-INST-FT
COL-14294,EC-VESSEL-COL
COL-14295,EC-VESSEL-COL
P-14296,EC-PUMP-RECIP
TT-14297,EC-INST-TT
LT-14298,EC-INST-LT
XV-14299,EC-VALVE-ISO
V-14300,EC-VESSEL-SEP
TT-14301,EC-INST-TT
COL-14302,EC-VESSEL-COL
TT-14303,EC-INST-TT
COL-14304,EC-VESSEL-COL
LT-14305,EC-INST-LT
FCV-14306,EC-VALVE-CTRL
XV-14307,EC-VALVE-ISO
E-14308,EC-HEATEXCH-SHELL
XV-14309,EC-VALVE-ISO
PSV-14310,EC-VALVE-RELIEF
TT-14311,EC-INST-TT
PSV-14312,EC-VALVE-RELIEF
COL-14313,EC-VESSEL-COL
FCV-14314,EC-VALVE-CTRL
E-14315,EC-HEATEXCH-SHELL
PSV-14316,EC-VALVE-RELIEF
PT-14317,EC-INST-PT
TT-14318,EC-INST-TT
TT-14319,EC-INST-TT
P-14320,EC-PUMP-RECIP
XV-14321,EC-VALVE-ISO
E-14322,EC-HEATEXCH-SHELL
FCV-14323,EC-VALVE-CTRL
P-14324,EC-PUMP-RECIP
LT-14325,EC-INST-LT
P-14326,EC-PUMP-CENTR
P-14327,EC-PUMP-RECIP
P-14328,EC-PUMP-RECIP
P-14329,EC-PUMP-CENTR
FT-14330,EC-INST-FT
FT-14331,EC-INST-FT
PSV-14332,EC-VALVE-RELIEF
XV-14333,EC-VALVE-ISO
PSV-14334,EC-VALVE-RELIEF
P-14335,EC-PUMP-RECIP
E-14336,EC-HEATEXCH-SHELL
XV-14337,EC-VALVE-ISO
FT-14338,EC-INST-FT
V-14339,EC-VESSEL-SEP
TT-14340,EC-INST-TT
FCV-14341,EC-VALVE-CTRL
LT-14342,EC-INST-LT
COL-14343,EC-VESSEL-COL
PT-14344,EC-INST-PT
P-14345,EC-PUMP-CENTR
TT-14346,EC-INST-TT
LT-14347,EC-INST-LT
K-14348,EC-COMPRESSOR-CENTR
FT-14349,EC-INST-FT
V-14350,EC-VESSEL-SEP
PSV-14351,EC-VALVE-RELIEF
LT-14352,EC-INST-LT
FCV-14353,EC-VALVE-CTRL
XV-14354,EC-VALVE-ISO
LT-14355,EC-INST-LT
FCV-14356,EC-VALVE-CTRL
E-14357,EC-HEATEXCH-SHELL
PSV-14358,EC-VALVE-RELIEF
E-14359,EC-HEATEXCH-SHELL
FT-14360,EC-INST-FT
PT-14361,EC-INST-PT
LT-14362,EC-INST-LT
P-14363,EC-PUMP-RECIP
K-14364,EC-COMPRESSOR-CENTR
V-14365,EC-VESSEL-SEP
COL-14366,EC-VESSEL-COL
TT-14367,EC-INST-TT
PSV-14368,EC-VALVE-RELIEF
LT-14369,EC-INST-LT
E-14370,EC-HEATEXCH-SHELL
XV-14371,EC-VALVE-ISO
FCV-14372,EC-VALVE-CTRL
FCV-14373,EC-VALVE-CTRL
E-14374,EC-HEATEXCH-SHELL
XV-14375,EC-VALVE-ISO
PT-14376,EC-INST-PT
FT-14377,EC-INST-FT
PT-14378,EC-INST-PT
LT-14379,EC-INST-LT
E-14380,EC-HEATEXCH-SHELL
PT-14381,EC-INST-PT
PT-14382,EC-INST-PT
P-14383,EC-PUMP-RECIP
E-14384,EC-HEATEXCH-SHELL
PSV-14385,EC-VALVE-RELIEF
K-14386,EC-COMPRESSOR-CENTR
P-14387,EC-PUMP-CENTR
V-14388,EC-VESSEL-SEP
PSV-14389,EC-VALVE-RELIEF
TT-14390,EC-INST-TT
P-14391,EC-PUMP-CENTR
TT-14392,EC-INST-TT
P-14393,EC-PUMP-RECIP
COL-14394,EC-VESSEL-COL
LT-14395,EC-INST-LT
K-14396,EC-COMPRESSOR-CENTR
P-14397,EC-PUMP-CENTR
LT-14398,EC-INST-LT
FT-14399,EC-INST-FT
P-14400,EC-PUMP-RECIP
K-14401,EC-COMPRESSOR-CENTR
XV-14402,EC-VALVE-ISO
FCV-14403,EC-VALVE-CTRL
FCV-14404,EC-VALVE-CTRL
LT-14405,EC-INST-LT
PSV-14406,EC-VALVE-RELIEF
K-14407,EC-COMPRESSOR-CENTR
COL-14408,EC-VESSEL-COL
COL-14409,EC-VESSEL-COL
COL-14410,EC-VESSEL-COL
E-14411,EC-HEATEXCH-SHELL
FT-14412,EC-INST-FT
TT-14413,EC-INST-TT
TT-14414,EC-INST-TT
LT-14415,EC-INST-LT
PSV-14416,EC-VALVE-RELIEF
FCV-14417,EC-VALVE-CTRL
FT-14418,EC-INST-FT
FCV-14419,EC-VALVE-CTRL
K-14420,EC-COMPRESSOR-CENTR
K-14421,EC-COMPRESSOR-CENTR
P-14422,EC-PUMP-CENTR
TT-14423,EC-INST-TT
COL-14424,EC-VESSEL-COL
P-14425,EC-PUMP-CENTR
PT-14426,EC-INST-PT
PT-14427,EC-INST-PT
P-14428,EC-PUMP-CENTR
COL-14429,EC-VESSEL-COL
E-14430,EC-HEATEXCH-SHELL
FCV-14431,EC-VALVE-CTRL
P-14432,EC-PUMP-RECIP
E-14433,EC-HEATEXCH-SHELL
PT-14434,EC-INST-PT
PT-14435,EC-INST-PT
PT-14436,EC-INST-PT
XV-14437,EC-VALVE-ISO
P-14438,EC-PUMP-RECIP
LT-14439,EC-INST-LT
PSV-14440,EC-VALVE-RELIEF
PT-14441,EC-INST-PT
COL-14442,EC-VESSEL-COL
FT-14443,EC-INST-FT
XV-14444,EC-VALVE-ISO
P-14445,EC-PUMP-RECIP
TT-14446,EC-INST-TT
P-14447,EC-PUMP-CENTR
V-14448,EC-VESSEL-SEP
FCV-14449,EC-VALVE-CTRL
PT-14450,EC-INST-PT
COL-14451,EC-VESSEL-COL
FCV-14452,EC-VALVE-CTRL
K-14453,EC-COMPRESSOR-CENTR
LT-14454,EC-INST-LT
TT-14455,EC-INST-TT
FCV-14456,EC-VALVE-CTRL
E-14457,EC-HEATEXCH-SHELL
FCV-14458,EC-VALVE-CTRL
P-14459,EC-PUMP-CENTR
E-14460,EC-HEATEXCH-SHELL
P-14461,EC-PUMP-RECIP
FCV-14462,EC-VALVE-CTRL
P-14463,EC-PUMP-RECIP
LT-14464,EC-INST-LT
PT-14465,EC-INST-PT
FT-14466,EC-INST-FT
FT-14467,EC-INST-FT
PT-14468,EC-INST-PT
XV-14469,EC-VALVE-ISO
COL-14470,EC-VESSEL-COL
P-14471,EC-PUMP-RECIP
P-14472,EC-PUMP-RECIP
XV-14473,EC-VALVE-ISO
PSV-14474,EC-VALVE-RELIEF
COL-14475,EC-VESSEL-COL
PSV-14476,EC-VALVE-RELIEF
COL-14477,EC-VESSEL-COL
TT-14478,EC-INST-TT
COL-14479,EC-VESSEL-COL
K-14480,EC-COMPRESSOR-CENTR
TT-14481,EC-INST-TT
FT-14482,EC-INST-FT
P-14483,EC-PUMP-RECIP
V-14484,EC-VESSEL-SEP
FT-14485,EC-INST-FT
E-14486,EC-HEATEXCH-SHELL
V-14487,EC-VESSEL-SEP
P-14488,EC-PUMP-CENTR
PSV-14489,EC-VALVE-RELIEF
FT-14490,EC-INST-FT
P-14491,EC-PUMP-RECIP
V-14492,EC-VESSEL-SEP
PSV-14493,EC-VALVE-RELIEF
V-14494,EC-VESSEL-SEP
PT-14495,EC-INST-PT
P-14496,EC-PUMP-RECIP
FCV-14497,EC-VALVE-CTRL
P-14498,EC-PUMP-RECIP
P-14499,EC-PUMP-RECIP
FT-14500,EC-INST-FT
E-14501,EC-HEATEXCH-SHELL
XV-14502,EC-VALVE-ISO
P-14503,EC-PUMP-CENTR
FCV-14504,EC-VALVE-CTRL
V-14505,EC-VESSEL-SEP
PSV-14506,EC-VALVE-RELIEF
K-14507,EC-COMPRESSOR-CENTR
TT-14508,EC-INST-TT
E-14509,EC-HEATEXCH-SHELL
FT-14510,EC-INST-FT
E-14511,EC-HEATEXCH-SHELL
XV-14512,EC-VALVE-ISO
E-14513,EC-HEATEXCH-SHELL
V-14514,EC-VESSEL-SEP
PSV-14515,EC-VALVE-RELIEF
TT-14516,EC-INST-TT
XV-14517,EC-VALVE-ISO
FT-14518,EC-INST-FT
PSV-14519,EC-VALVE-RELIEF
XV-14520,EC-VALVE-ISO
COL-14521,EC-VESSEL-COL
TT-14522,EC-INST-TT
TT-14523,EC-INST-TT
COL-14524,EC-VESSEL-COL
COL-14525,EC-VESSEL-COL
FT-14526,EC-INST-FT
XV-14527,EC-VALVE-ISO
XV-14528,EC-VALVE-ISO
FCV-14529,EC-VALVE-CTRL
TT-14530,EC-INST-TT
COL-14531,EC-VESSEL-COL
FT-14532,EC-INST-FT
P-14533,EC-PUMP-CENTR
P-14534,EC-PUMP-RECIP
PT-14535,EC-INST-PT
E-14536,EC-HEATEXCH-SHELL
E-14537,EC-HEATEXCH-SHELL
K-14538,EC-COMPRESSOR-CENTR
FCV-14539,EC-VALVE-CTRL
E-14540,EC-HEATEXCH-SHELL
FT-14541,EC-INST-FT
COL-14542,EC-VESSEL-COL
P-14543,EC-PUMP-RECIP
PSV-14544,EC-VALVE-RELIEF
PSV-14545,EC-VALVE-RELIEF
FCV-14546,EC-VALVE-CTRL
P-14547,EC-PUMP-CENTR
XV-14548,EC-VALVE-ISO
TT-14549,EC-INST-TT
PSV-14550,EC-VALVE-RELIEF
TT-14551,EC-INST-TT
COL-14552,EC-VESSEL-COL
E-14553,EC-HEATEXCH-SHELL
K-14554,EC-COMPRESSOR-CENTR
P-14555,EC-PUMP-RECIP
TT-14556,EC-INST-TT
LT-14557,EC-INST-LT
V-14558,EC-VESSEL-SEP
FCV-14559,EC-VALVE-CTRL
V-14560,EC-VESSEL-SEP
FT-14561,EC-INST-FT
LT-14562,EC-INST-LT
PSV-14563,EC-VALVE-RELIEF
PSV-14564,EC-VALVE-RELIEF
E-14565,EC-HEATEXCH-SHELL
V-14566,EC-VESSEL-SEP
PSV-14567,EC-VALVE-RELIEF
E-14568,EC-HEATEXCH-SHELL
PSV-14569,EC-VALVE-RELIEF
K-14570,EC-COMPRESSOR-CENTR
P-14571,EC-PUMP-CENTR
COL-14572,EC-VESSEL-COL
K-14573,EC-COMPRESSOR-CENTR
K-14574,EC-COMPRESSOR-CENTR
COL-14575,EC-VESSEL-COL
COL-14576,EC-VESSEL-COL
XV-14577,EC-VALVE-ISO
TT-14578,EC-INST-TT
E-14579,EC-HEATEXCH-SHELL
COL-14580,EC-VESSEL-COL
V-14581,EC-VESSEL-SEP
P-14582,EC-PUMP-CENTR
FT-14583,EC-INST-FT
COL-14584,EC-VESSEL-COL
XV-14585,EC-VALVE-ISO
E-14586,EC-HEATEXCH-SHELL
P-14587,EC-PUMP-CENTR
P-14588,EC-PUMP-RECIP
P-14589,EC-PUMP-CENTR
V-14590,EC-VESSEL-SEP
TT-14591,EC-INST-TT
V-14592,EC-VESSEL-SEP
COL-14593,EC-VESSEL-COL
E-14594,EC-HEATEXCH-SHELL
V-14595,EC-VESSEL-SEP
PSV-14596,EC-VALVE-RELIEF
XV-14597,EC-VALVE-ISO
PSV-14598,EC-VALVE-RELIEF
XV-14599,EC-VALVE-ISO
PT-14600,EC-INST-PT
XV-14601,EC-VALVE-ISO
PSV-14602,EC-VALVE-RELIEF
E-14603,EC-HEATEXCH-SHELL
E-14604,EC-HEATEXCH-SHELL
XV-14605,EC-VALVE-ISO
FT-14606,EC-INST-FT
PSV-14607,EC-VALVE-RELIEF
PT-14608,EC-INST-PT
P-14609,EC-PUMP-RECIP
P-14610,EC-PUMP-RECIP
V-14611,EC-VESSEL-SEP
XV-14612,EC-VALVE-ISO
P-14613,EC-PUMP-RECIP
COL-14614,EC-VESSEL-COL
XV-14615,EC-VALVE-ISO
PSV-14616,EC-VALVE-RELIEF
COL-14617,EC-VESSEL-COL
LT-14618,EC-INST-LT
COL-14619,EC-VESSEL-COL
XV-14620,EC-VALVE-ISO
XV-14621,EC-VALVE-ISO
E-14622,EC-HEATEXCH-SHELL
LT-14623,EC-INST-LT
TT-14624,EC-INST-TT
K-14625,EC-COMPRESSOR-CENTR
PT-14626,EC-INST-PT
TT-14627,EC-INST-TT
LT-14628,EC-INST-LT
E-14629,EC-HEATEXCH-SHELL
COL-14630,EC-VESSEL-COL
PSV-14631,EC-VALVE-RELIEF
PSV-14632,EC-VALVE-RELIEF
PSV-14633,EC-VALVE-RELIEF
PT-14634,EC-INST-PT
PT-14635,EC-INST-PT
TT-14636,EC-INST-TT
FCV-14637,EC-VALVE-CTRL
FCV-14638,EC-VALVE-CTRL
E-14639,EC-HEATEXCH-SHELL
LT-14640,EC-INST-LT
FT-14641,EC-INST-FT
PSV-14642,EC-VALVE-RELIEF
P-14643,EC-PUMP-RECIP
E-14644,EC-HEATEXCH-SHELL
PSV-14645,EC-VALVE-RELIEF
TT-14646,EC-INST-TT
K-14647,EC-COMPRESSOR-CENTR
P-14648,EC-PUMP-RECIP
TT-14649,EC-INST-TT
PSV-14650,EC-VALVE-RELIEF
P-14651,EC-PUMP-CENTR
E-14652,EC-HEATEXCH-SHELL
P-14653,EC-PUMP-CENTR
XV-14654,EC-VALVE-ISO
TT-14655,EC-INST-TT
LT-14656,EC-INST-LT
LT-14657,EC-INST-LT
XV-14658,EC-VALVE-ISO
PT-14659,EC-INST-PT
K-14660,EC-COMPRESSOR-CENTR
TT-14661,EC-INST-TT
P-14662,EC-PUMP-CENTR
COL-14663,EC-VESSEL-COL
LT-14664,EC-INST-LT
K-14665,EC-COMPRESSOR-CENTR
P-14666,EC-PUMP-RECIP
P-14667,EC-PUMP-RECIP
P-14668,EC-PUMP-RECIP
V-14669,EC-VESSEL-SEP
TT-14670,EC-INST-TT
V-14671,EC-VESSEL-SEP
LT-14672,EC-INST-LT
LT-14673,EC-INST-LT
COL-14674,EC-VESSEL-COL
PSV-14675,EC-VALVE-RELIEF
COL-14676,EC-VESSEL-COL
FT-14677,EC-INST-FT
V-14678,EC-VESSEL-SEP
FCV-14679,EC-VALVE-CTRL
PT-14680,EC-INST-PT
COL-14681,EC-VESSEL-COL
P-14682,EC-PUMP-RECIP
PT-14683,EC-INST-PT
P-14684,EC-PUMP-CENTR
FCV-14685,EC-VALVE-CTRL
V-14686,EC-VESSEL-SEP
FT-14687,EC-INST-FT
TT-14688,EC-INST-TT
K-14689,EC-COMPRESSOR-CENTR
FT-14690,EC-INST-FT
P-14691,EC-PUMP-CENTR
P-14692,EC-PUMP-CENTR
LT-14693,EC-INST-LT
V-14694,EC-VESSEL-SEP
E-14695,EC-HEATEXCH-SHELL
V-14696,EC-VESSEL-SEP
PSV-14697,EC-VALVE-RELIEF
E-14698,EC-HEATEXCH-SHELL
XV-14699,EC-VALVE-ISO
P-14700,EC-PUMP-CENTR
TT-14701,EC-INST-TT
FCV-14702,EC-VALVE-CTRL
P-14703,EC-PUMP-RECIP
P-14704,EC-PUMP-CENTR
E-14705,EC-HEATEXCH-SHELL
E-14706,EC-HEATEXCH-SHELL
E-14707,EC-HEATEXCH-SHELL
LT-14708,EC-INST-LT
K-14709,EC-COMPRESSOR-CENTR
FT-14710,EC-INST-FT
FCV-14711,EC-VALVE-CTRL
TT-14712,EC-INST-TT
P-14713,EC-PUMP-CENTR
P-14714,EC-PUMP-CENTR
COL-14715,EC-VESSEL-COL
PT-14716,EC-INST-PT
FT-14717,EC-INST-FT
PSV-14718,EC-VALVE-RELIEF
TT-14719,EC-INST-TT
LT-14720,EC-INST-LT
PSV-14721,EC-VALVE-RELIEF
P-14722,EC-PUMP-CENTR
P-14723,EC-PUMP-CENTR
TT-14724,EC-INST-TT
COL-14725,EC-VESSEL-COL
LT-14726,EC-INST-LT
TT-14727,EC-INST-TT
E-14728,EC-HEATEXCH-SHELL
LT-14729,EC-INST-LT
E-14730,EC-HEATEXCH-SHELL
V-14731,EC-VESSEL-SEP
PSV-14732,EC-VALVE-RELIEF
PT-14733,EC-INST-PT
P-14734,EC-PUMP-CENTR
P-14735,EC-PUMP-CENTR
P-14736,EC-PUMP-CENTR
V-14737,EC-VESSEL-SEP
V-14738,EC-VESSEL-SEP
P-14739,EC-PUMP-CENTR
TT-14740,EC-INST-TT
P-14741,EC-PUMP-RECIP
PT-14742,EC-INST-PT
P-14743,EC-PUMP-RECIP
K-14744,EC-COMPRESSOR-CENTR
K-14745,EC-COMPRESSOR-CENTR
PT-14746,EC-INST-PT
E-14747,EC-HEATEXCH-SHELL
PSV-14748,EC-VALVE-RELIEF
PT-14749,EC-INST-PT
FT-14750,EC-INST-FT
V-14751,EC-VESSEL-SEP
PSV-14752,EC-VALVE-RELIEF
PT-14753,EC-INST-PT
V-14754,EC-VESSEL-SEP
FT-14755,EC-INST-FT
XV-14756,EC-VALVE-ISO
FCV-14757,EC-VALVE-CTRL
P-14758,EC-PUMP-RECIP
K-14759,EC-COMPRESSOR-CENTR
K-14760,EC-COMPRESSOR-CENTR
LT-14761,EC-INST-LT
COL-14762,EC-VESSEL-COL
E-14763,EC-HEATEXCH-SHELL
K-14764,EC-COMPRESSOR-CENTR
P-14765,EC-PUMP-CENTR
LT-14766,EC-INST-LT
FCV-14767,EC-VALVE-CTRL
P-14768,EC-PUMP-CENTR
V-14769,EC-VESSEL-SEP
V-14770,EC-VESSEL-SEP
PSV-14771,EC-VALVE-RELIEF
TT-14772,EC-INST-TT
P-14773,EC-PUMP-CENTR
TT-14774,EC-INST-TT
LT-14775,EC-INST-LT
K-14776,EC-COMPRESSOR-CENTR
P-14777,EC-PUMP-CENTR
P-14778,EC-PUMP-RECIP
P-14779,EC-PUMP-CENTR
PSV-14780,EC-VALVE-RELIEF
FCV-14781,EC-VALVE-CTRL
PSV-14782,EC-VALVE-RELIEF
PSV-14783,EC-VALVE-RELIEF
XV-14784,EC-VALVE-ISO
FT-14785,EC-INST-FT
P-14786,EC-PUMP-RECIP
P-14787,EC-PUMP-CENTR
XV-14788,EC-VALVE-ISO
LT-14789,EC-INST-LT
K-14790,EC-COMPRESSOR-CENTR
XV-14791,EC-VALVE-ISO
V-14792,EC-VESSEL-SEP
P-14793,EC-PUMP-RECIP
FCV-14794,EC-VALVE-CTRL
P-14795,EC-PUMP-CENTR
K-14796,EC-COMPRESSOR-CENTR
PSV-14797,EC-VALVE-RELIEF
LT-14798,EC-INST-LT
TT-14799,EC-INST-TT
XV-14800,EC-VALVE-ISO
FT-14801,EC-INST-FT
FT-14802,EC-INST-FT
XV-14803,EC-VALVE-ISO
P-14804,EC-PUMP-RECIP
LT-14805,EC-INST-LT
P-14806,EC-PUMP-CENTR
P-14807,EC-PUMP-RECIP
V-14808,EC-VESSEL-SEP
FT-14809,EC-INST-FT
LT-14810,EC-INST-LT
K-14811,EC-COMPRESSOR-CENTR
P-14812,EC-PUMP-CENTR
P-14813,EC-PUMP-RECIP
E-14814,EC-HEATEXCH-SHELL
E-14815,EC-HEATEXCH-SHELL
P-14816,EC-PUMP-CENTR
TT-14817,EC-INST-TT
P-14818,EC-PUMP-CENTR
TT-14819,EC-INST-TT
LT-14820,EC-INST-LT
E-14821,EC-HEATEXCH-SHELL
LT-14822,EC-INST-LT
PT-14823,EC-INST-PT
K-14824,EC-COMPRESSOR-CENTR
FCV-14825,EC-VALVE-CTRL
PT-14826,EC-INST-PT
P-14827,EC-PUMP-RECIP
P-14828,EC-PUMP-RECIP
FCV-14829,EC-VALVE-CTRL
FT-14830,EC-INST-FT
TT-14831,EC-INST-TT
PT-14832,EC-INST-PT
K-14833,EC-COMPRESSOR-CENTR
PSV-14834,EC-VALVE-RELIEF
XV-14835,EC-VALVE-ISO
P-14836,EC-PUMP-RECIP
K-14837,EC-COMPRESSOR-CENTR
P-14838,EC-PUMP-CENTR
FCV-14839,EC-VALVE-CTRL
FCV-14840,EC-VALVE-CTRL
K-14841,EC-COMPRESSOR-CENTR
FT-14842,EC-INST-FT
E-14843,EC-HEATEXCH-SHELL
PSV-14844,EC-VALVE-RELIEF
FCV-14845,EC-VALVE-CTRL
XV-14846,EC-VALVE-ISO
TT-14847,EC-INST-TT
E-14848,EC-HEATEXCH-SHELL
FCV-14849,EC-VALVE-CTRL
FT-14850,EC-INST-FT
TT-14851,EC-INST-TT
E-14852,EC-HEATEXCH-SHELL
FCV-14853,EC-VALVE-CTRL
V-14854,EC-VESSEL-SEP
FT-14855,EC-INST-FT
TT-14856,EC-INST-TT
FCV-14857,EC-VALVE-CTRL
COL-14858,EC-VESSEL-COL
LT-14859,EC-INST-LT
FT-14860,EC-INST-FT
FCV-14861,EC-VALVE-CTRL
K-14862,EC-COMPRESSOR-CENTR
P-14863,EC-PUMP-CENTR
PT-14864,EC-INST-PT
FT-14865,EC-INST-FT
P-14866,EC-PUMP-RECIP
TT-14867,EC-INST-TT
K-14868,EC-COMPRESSOR-CENTR
K-14869,EC-COMPRESSOR-CENTR
PSV-14870,EC-VALVE-RELIEF
E-14871,EC-HEATEXCH-SHELL
COL-14872,EC-VESSEL-COL
V-14873,EC-VESSEL-SEP
XV-14874,EC-VALVE-ISO
TT-14875,EC-INST-TT
K-14876,EC-COMPRESSOR-CENTR
COL-14877,EC-VESSEL-COL
XV-14878,EC-VALVE-ISO
V-14879,EC-VESSEL-SEP
COL-14880,EC-VESSEL-COL
LT-14881,EC-INST-LT
PSV-14882,EC-VALVE-RELIEF
FCV-14883,EC-VALVE-CTRL
PSV-14884,EC-VALVE-RELIEF
P-14885,EC-PUMP-RECIP
FT-14886,EC-INST-FT
E-14887,EC-HEATEXCH-SHELL
E-14888,EC-HEATEXCH-SHELL
P-14889,EC-PUMP-RECIP
P-14890,EC-PUMP-CENTR
K-14891,EC-COMPRESSOR-CENTR
FCV-14892,EC-VALVE-CTRL
TT-14893,EC-INST-TT
P-14894,EC-PUMP-CENTR
K-14895,EC-COMPRESSOR-CENTR
PT-14896,EC-INST-PT
TT-14897,EC-INST-TT
FCV-14898,EC-VALVE-CTRL
P-14899,EC-PUMP-CENTR
TT-14900,EC-INST-TT
P-14901,EC-PUMP-CENTR
E-14902,EC-HEATEXCH-SHELL
FT-14903,EC-INST-FT
K-14904,EC-COMPRESSOR-CENTR
PT-14905,EC-INST-PT
XV-14906,EC-VALVE-ISO
FCV-14907,EC-VALVE-CTRL
PSV-14908,EC-VALVE-RELIEF
FCV-14909,EC-VALVE-CTRL
FCV-14910,EC-VALVE-CTRL
LT-14911,EC-INST-LT
K-14912,EC-COMPRESSOR-CENTR
PSV-14913,EC-VALVE-RELIEF
XV-14914,EC-VALVE-ISO
COL-14915,EC-VESSEL-COL
E-14916,EC-HEATEXCH-SHELL
K-14917,EC-COMPRESSOR-CENTR
LT-14918,EC-INST-LT
FCV-14919,EC-VALVE-CTRL
K-14920,EC-COMPRESSOR-CENTR
P-14921,EC-PUMP-RECIP
PT-14922,EC-INST-PT
K-14923,EC-COMPRESSOR-CENTR
PSV-14924,EC-VALVE-RELIEF
PSV-14925,EC-VALVE-RELIEF
FCV-14926,EC-VALVE-CTRL
FCV-14927,EC-VALVE-CTRL
XV-14928,EC-VALVE-ISO
PT-14929,EC-INST-PT
COL-14930,EC-VESSEL-COL
FCV-14931,EC-VALVE-CTRL
P-14932,EC-PUMP-RECIP
K-14933,EC-COMPRESSOR-CENTR
FCV-14934,EC-VALVE-CTRL
PSV-14935,EC-VALVE-RELIEF
COL-14936,EC-VESSEL-COL
LT-14937,EC-INST-LT
COL-14938,EC-VESSEL-COL
XV-14939,EC-VALVE-ISO
P-14940,EC-PUMP-RECIP
K-14941,EC-COMPRESSOR-CENTR
PT-14942,EC-INST-PT
TT-14943,EC-INST-TT
V-14944,EC-VESSEL-SEP
E-14945,EC-HEATEXCH-SHELL
P-14946,EC-PUMP-RECIP
K-14947,EC-COMPRESSOR-CENTR
COL-14948,EC-VESSEL-COL
K-14949,EC-COMPRESSOR-CENTR
FT-14950,EC-INST-FT
COL-14951,EC-VESSEL-COL
P-14952,EC-PUMP-RECIP
COL-14953,EC-VESSEL-COL
P-14954,EC-PUMP-RECIP
P-14955,EC-PUMP-RECIP
TT-14956,EC-INST-TT
E-14957,EC-HEATEXCH-SHELL
PT-14958,EC-INST-PT
FT-14959,EC-INST-FT
LT-14960,EC-INST-LT
FCV-14961,EC-VALVE-CTRL
PSV-14962,EC-VALVE-RELIEF
PT-14963,EC-INST-PT
PT-14964,EC-INST-PT
FCV-14965,EC-VALVE-CTRL
K-14966,EC-COMPRESSOR-CENTR
P-14967,EC-PUMP-RECIP
XV-14968,EC-VALVE-ISO
LT-14969,EC-INST-LT
COL-14970,EC-VESSEL-COL
P-14971,EC-PUMP-CENTR
COL-14972,EC-VESSEL-COL
PT-14973,EC-INST-PT
PT-14974,EC-INST-PT
LT-14975,EC-INST-LT
PT-14976,EC-INST-PT
FT-14977,EC-INST-FT
P-14978,EC-PUMP-CENTR
P-14979,EC-PUMP-RECIP
FCV-14980,EC-VALVE-CTRL
PT-14981,EC-INST-PT
P-14982,EC-PUMP-RECIP
COL-14983,EC-VESSEL-COL
COL-14984,EC-VESSEL-COL
FCV-14985,EC-VALVE-CTRL
FT-14986,EC-INST-FT
COL-14987,EC-VESSEL-COL
P-14988,EC-PUMP-CENTR
FT-14989,EC-INST-FT
COL-14990,EC-VESSEL-COL
FCV-14991,EC-VALVE-CTRL
P-14992,EC-PUMP-RECIP
TT-14993,EC-INST-TT
FCV-14994,EC-VALVE-CTRL
K-14995,EC-COMPRESSOR-CENTR
FT-14996,EC-INST-FT
P-14997,EC-PUMP-CENTR
K-14998,EC-COMPRESSOR-CENTR
PSV-14999,EC-VALVE-RELIEF
TT-15000,EC-INST-TT
P-15001,EC-PUMP-RECIP
V-15002,EC-VESSEL-SEP
V-15003,EC-VESSEL-SEP
TT-15004,EC-INST-TT
PSV-15005,EC-VALVE-RELIEF
V-15006,EC-VESSEL-SEP
E-15007,EC-HEATEXCH-SHELL
FCV-15008,EC-VALVE-CTRL
V-15009,EC-VESSEL-SEP
P-15010,EC-PUMP-RECIP
K-15011,EC-COMPRESSOR-CENTR
COL-15012,EC-VESSEL-COL
E-15013,EC-HEATEXCH-SHELL
FCV-15014,EC-VALVE-CTRL
P-15015,EC-PUMP-CENTR
V-15016,EC-VESSEL-SEP
V-15017,EC-VESSEL-SEP
PT-15018,EC-INST-PT
P-15019,EC-PUMP-CENTR
XV-15020,EC-VALVE-ISO
COL-15021,EC-VESSEL-COL
P-15022,EC-PUMP-RECIP
P-15023,EC-PUMP-CENTR
TT-15024,EC-INST-TT
K-15025,EC-COMPRESSOR-CENTR
FCV-15026,EC-VALVE-CTRL
K-15027,EC-COMPRESSOR-CENTR
P-15028,EC-PUMP-CENTR
FCV-15029,EC-VALVE-CTRL
TT-15030,EC-INST-TT
PT-15031,EC-INST-PT
TT-15032,EC-INST-TT
P-15033,EC-PUMP-RECIP
TT-15034,EC-INST-TT
V-15035,EC-VESSEL-SEP
P-15036,EC-PUMP-RECIP
PSV-15037,EC-VALVE-RELIEF
COL-15038,EC-VESSEL-COL
LT-15039,EC-INST-LT
V-15040,EC-VESSEL-SEP
E-15041,EC-HEATEXCH-SHELL
COL-15042,EC-VESSEL-COL
TT-15043,EC-INST-TT
TT-15044,EC-INST-TT
K-15045,EC-COMPRESSOR-CENTR
FCV-15046,EC-VALVE-CTRL
FT-15047,EC-INST-FT
PT-15048,EC-INST-PT
FT-15049,EC-INST-FT
PSV-15050,EC-VALVE-RELIEF
XV-15051,EC-VALVE-ISO
FCV-15052,EC-VALVE-CTRL
P-15053,EC-PUMP-RECIP
FCV-15054,EC-VALVE-CTRL
P-15055,EC-PUMP-CENTR
P-15056,EC-PUMP-CENTR
P-15057,EC-PUMP-RECIP
E-15058,EC-HEATEXCH-SHELL
XV-15059,EC-VALVE-ISO
XV-15060,EC-VALVE-ISO
XV-15061,EC-VALVE-ISO
P-15062,EC-PUMP-RECIP
FCV-15063,EC-VALVE-CTRL
PSV-15064,EC-VALVE-RELIEF
P-15065,EC-PUMP-CENTR
E-15066,EC-HEATEXCH-SHELL
P-15067,EC-PUMP-CENTR
XV-15068,EC-VALVE-ISO
XV-15069,EC-VALVE-ISO
PT-15070,EC-INST-PT
PSV-15071,EC-VALVE-RELIEF
P-15072,EC-PUMP-RECIP
FCV-15073,EC-VALVE-CTRL
COL-15074,EC-VESSEL-COL
LT-15075,EC-INST-LT
K-15076,EC-COMPRESSOR-CENTR
TT-15077,EC-INST-TT
K-15078,EC-COMPRESSOR-CENTR
PSV-15079,EC-VALVE-RELIEF
V-15080,EC-VESSEL-SEP
XV-15081,EC-VALVE-ISO
FCV-15082,EC-VALVE-CTRL
FCV-15083,EC-VALVE-CTRL
P-15084,EC-PUMP-RECIP
E-15085,EC-HEATEXCH-SHELL
COL-15086,EC-VESSEL-COL
P-15087,EC-PUMP-CENTR
P-15088,EC-PUMP-RECIP
V-15089,EC-VESSEL-SEP
K-15090,EC-COMPRESSOR-CENTR
XV-15091,EC-VALVE-ISO
TT-15092,EC-INST-TT
K-15093,EC-COMPRESSOR-CENTR
E-15094,EC-HEATEXCH-SHELL
LT-15095,EC-INST-LT
COL-15096,EC-VESSEL-COL
PSV-15097,EC-VALVE-RELIEF
COL-15098,EC-VESSEL-COL
E-15099,EC-HEATEXCH-SHELL
TT-15100,EC-INST-TT
E-15101,EC-HEATEXCH-SHELL
FT-15102,EC-INST-FT
LT-15103,EC-INST-LT
P-15104,EC-PUMP-CENTR
FT-15105,EC-INST-FT
XV-15106,EC-VALVE-ISO
E-15107,EC-HEATEXCH-SHELL
XV-15108,EC-VALVE-ISO
E-15109,EC-HEATEXCH-SHELL
XV-15110,EC-VALVE-ISO
E-15111,EC-HEATEXCH-SHELL
E-15112,EC-HEATEXCH-SHELL
COL-15113,EC-VESSEL-COL
E-15114,EC-HEATEXCH-SHELL
XV-15115,EC-VALVE-ISO
TT-15116,EC-INST-TT
FT-15117,EC-INST-FT
FCV-15118,EC-VALVE-CTRL
PT-15119,EC-INST-PT
TT-15120,EC-INST-TT
K-15121,EC-COMPRESSOR-CENTR
TT-15122,EC-INST-TT
LT-15123,EC-INST-LT
TT-15124,EC-INST-TT
TT-15125,EC-INST-TT
K-15126,EC-COMPRESSOR-CENTR
P-15127,EC-PUMP-CENTR
V-15128,EC-VESSEL-SEP
V-15129,EC-VESSEL-SEP
V-15130,EC-VESSEL-SEP
K-15131,EC-COMPRESSOR-CENTR
PSV-15132,EC-VALVE-RELIEF
V-15133,EC-VESSEL-SEP
FT-15134,EC-INST-FT
PSV-15135,EC-VALVE-RELIEF
FT-15136,EC-INST-FT
K-15137,EC-COMPRESSOR-CENTR
P-15138,EC-PUMP-CENTR
LT-15139,EC-INST-LT
LT-15140,EC-INST-LT
COL-15141,EC-VESSEL-COL
P-15142,EC-PUMP-RECIP
COL-15143,EC-VESSEL-COL
XV-15144,EC-VALVE-ISO
XV-15145,EC-VALVE-ISO
E-15146,EC-HEATEXCH-SHELL
FCV-15147,EC-VALVE-CTRL
V-15148,EC-VESSEL-SEP
XV-15149,EC-VALVE-ISO
FCV-15150,EC-VALVE-CTRL
P-15151,EC-PUMP-RECIP
TT-15152,EC-INST-TT
FT-15153,EC-INST-FT
E-15154,EC-HEATEXCH-SHELL
PSV-15155,EC-VALVE-RELIEF
P-15156,EC-PUMP-RECIP
E-15157,EC-HEATEXCH-SHELL
COL-15158,EC-VESSEL-COL
XV-15159,EC-VALVE-ISO
K-15160,EC-COMPRESSOR-CENTR
XV-15161,EC-VALVE-ISO
K-15162,EC-COMPRESSOR-CENTR
P-15163,EC-PUMP-CENTR
V-15164,EC-VESSEL-SEP
PT-15165,EC-INST-PT
V-15166,EC-VESSEL-SEP
COL-15167,EC-VESSEL-COL
COL-15168,EC-VESSEL-COL
PT-15169,EC-INST-PT
PT-15170,EC-INST-PT
P-15171,EC-PUMP-CENTR
PT-15172,EC-INST-PT
FT-15173,EC-INST-FT
P-15174,EC-PUMP-CENTR
E-15175,EC-HEATEXCH-SHELL
COL-15176,EC-VESSEL-COL
FT-15177,EC-INST-FT
P-15178,EC-PUMP-CENTR
LT-15179,EC-INST-LT
P-15180,EC-PUMP-CENTR
E-15181,EC-HEATEXCH-SHELL
FCV-15182,EC-VALVE-CTRL
TT-15183,EC-INST-TT
PT-15184,EC-INST-PT
PT-15185,EC-INST-PT
FT-15186,EC-INST-FT
E-15187,EC-HEATEXCH-SHELL
P-15188,EC-PUMP-CENTR
P-15189,EC-PUMP-CENTR
XV-15190,EC-VALVE-ISO
E-15191,EC-HEATEXCH-SHELL
P-15192,EC-PUMP-RECIP
V-15193,EC-VESSEL-SEP
XV-15194,EC-VALVE-ISO
E-15195,EC-HEATEXCH-SHELL
LT-15196,EC-INST-LT
XV-15197,EC-VALVE-ISO
P-15198,EC-PUMP-RECIP
P-15199,EC-PUMP-RECIP
V-15200,EC-VESSEL-SEP
P-15201,EC-PUMP-CENTR
P-15202,EC-PUMP-CENTR
XV-15203,EC-VALVE-ISO
COL-15204,EC-VESSEL-COL
P-15205,EC-PUMP-RECIP
TT-15206,EC-INST-TT
TT-15207,EC-INST-TT
P-15208,EC-PUMP-RECIP
K-15209,EC-COMPRESSOR-CENTR
XV-15210,EC-VALVE-ISO
PT-15211,EC-INST-PT
P-15212,EC-PUMP-RECIP
FCV-15213,EC-VALVE-CTRL
K-15214,EC-COMPRESSOR-CENTR
P-15215,EC-PUMP-RECIP
V-15216,EC-VESSEL-SEP
COL-15217,EC-VESSEL-COL
XV-15218,EC-VALVE-ISO
K-15219,EC-COMPRESSOR-CENTR
P-15220,EC-PUMP-RECIP
XV-15221,EC-VALVE-ISO
FT-15222,EC-INST-FT
FT-15223,EC-INST-FT
E-15224,EC-HEATEXCH-SHELL
TT-15225,EC-INST-TT
PT-15226,EC-INST-PT
COL-15227,EC-VESSEL-COL
PSV-15228,EC-VALVE-RELIEF
FCV-15229,EC-VALVE-CTRL
E-15230,EC-HEATEXCH-SHELL
PSV-15231,EC-VALVE-RELIEF
XV-15232,EC-VALVE-ISO
E-15233,EC-HEATEXCH-SHELL
E-15234,EC-HEATEXCH-SHELL
K-15235,EC-COMPRESSOR-CENTR
FT-15236,EC-INST-FT
P-15237,EC-PUMP-RECIP
TT-15238,EC-INST-TT
TT-15239,EC-INST-TT
P-15240,EC-PUMP-CENTR
COL-15241,EC-VESSEL-COL
PT-15242,EC-INST-PT
K-15243,EC-COMPRESSOR-CENTR
K-15244,EC-COMPRESSOR-CENTR
TT-15245,EC-INST-TT
E-15246,EC-HEATEXCH-SHELL
XV-15247,EC-VALVE-ISO
LT-15248,EC-INST-LT
P-15249,EC-PUMP-CENTR
PSV-15250,EC-VALVE-RELIEF
P-15251,EC-PUMP-CENTR
TT-15252,EC-INST-TT
E-15253,EC-HEATEXCH-SHELL
PT-15254,EC-INST-PT
XV-15255,EC-VALVE-ISO
K-15256,EC-COMPRESSOR-CENTR
TT-15257,EC-INST-TT
FCV-15258,EC-VALVE-CTRL
V-15259,EC-VESSEL-SEP
FT-15260,EC-INST-FT
FT-15261,EC-INST-FT
XV-15262,EC-VALVE-ISO
LT-15263,EC-INST-LT
P-15264,EC-PUMP-RECIP
COL-15265,EC-VESSEL-COL
LT-15266,EC-INST-LT
PSV-15267,EC-VALVE-RELIEF
V-15268,EC-VESSEL-SEP
LT-15269,EC-INST-LT
COL-15270,EC-VESSEL-COL
XV-15271,EC-VALVE-ISO
FT-15272,EC-INST-FT
TT-15273,EC-INST-TT
P-15274,EC-PUMP-CENTR
V-15275,EC-VESSEL-SEP
V-15276,EC-VESSEL-SEP
LT-15277,EC-INST-LT
XV-15278,EC-VALVE-ISO
P-15279,EC-PUMP-RECIP
P-15280,EC-PUMP-RECIP
V-15281,EC-VESSEL-SEP
K-15282,EC-COMPRESSOR-CENTR
E-15283,EC-HEATEXCH-SHELL
P-15284,EC-PUMP-CENTR
FCV-15285,EC-VALVE-CTRL
PSV-15286,EC-VALVE-RELIEF
PSV-15287,EC-VALVE-RELIEF
E-15288,EC-HEATEXCH-SHELL
E-15289,EC-HEATEXCH-SHELL
K-15290,EC-COMPRESSOR-CENTR
PSV-15291,EC-VALVE-RELIEF
E-15292,EC-HEATEXCH-SHELL
K-15293,EC-COMPRESSOR-CENTR
PT-15294,EC-INST-PT
COL-15295,EC-VESSEL-COL
COL-15296,EC-VESSEL-COL
COL-15297,EC-VESSEL-COL
XV-15298,EC-VALVE-ISO
COL-15299,EC-VESSEL-COL
LT-15300,EC-INST-LT
LT-15301,EC-INST-LT
P-15302,EC-PUMP-CENTR
TT-15303,EC-INST-TT
P-15304,EC-PUMP-RECIP
K-15305,EC-COMPRESSOR-CENTR
P-15306,EC-PUMP-CENTR
TT-15307,EC-INST-TT
FT-15308,EC-INST-FT
P-15309,EC-PUMP-CENTR
XV-15310,EC-VALVE-ISO
V-15311,EC-VESSEL-SEP
LT-15312,EC-INST-LT
PT-15313,EC-INST-PT
XV-15314,EC-VALVE-ISO
LT-15315,EC-INST-LT
E-15316,EC-HEATEXCH-SHELL
LT-15317,EC-INST-LT
PSV-15318,EC-VALVE-RELIEF
P-15319,EC-PUMP-RECIP
P-15320,EC-PUMP-RECIP
XV-15321,EC-VALVE-ISO
COL-15322,EC-VESSEL-COL
FT-15323,EC-INST-FT
P-15324,EC-PUMP-CENTR
PT-15325,EC-INST-PT
V-15326,EC-VESSEL-SEP
E-15327,EC-HEATEXCH-SHELL
K-15328,EC-COMPRESSOR-CENTR
FCV-15329,EC-VALVE-CTRL
FCV-15330,EC-VALVE-CTRL
V-15331,EC-VESSEL-SEP
P-15332,EC-PUMP-RECIP
FT-15333,EC-INST-FT
P-15334,EC-PUMP-RECIP
P-15335,EC-PUMP-RECIP
PSV-15336,EC-VALVE-RELIEF
P-15337,EC-PUMP-RECIP
XV-15338,EC-VALVE-ISO
COL-15339,EC-VESSEL-COL
P-15340,EC-PUMP-RECIP
PSV-15341,EC-VALVE-RELIEF
PSV-15342,EC-VALVE-RELIEF
FCV-15343,EC-VALVE-CTRL
E-15344,EC-HEATEXCH-SHELL
V-15345,EC-VESSEL-SEP
E-15346,EC-HEATEXCH-SHELL
FT-15347,EC-INST-FT
FCV-15348,EC-VALVE-CTRL
XV-15349,EC-VALVE-ISO
COL-15350,EC-VESSEL-COL
COL-15351,EC-VESSEL-COL
E-15352,EC-HEATEXCH-SHELL
P-15353,EC-PUMP-RECIP
P-15354,EC-PUMP-RECIP
PSV-15355,EC-VALVE-RELIEF
PSV-15356,EC-VALVE-RELIEF
FCV-15357,EC-VALVE-CTRL
XV-15358,EC-VALVE-ISO
K-15359,EC-COMPRESSOR-CENTR
PSV-15360,EC-VALVE-RELIEF
XV-15361,EC-VALVE-ISO
P-15362,EC-PUMP-CENTR
P-15363,EC-PUMP-CENTR
TT-15364,EC-INST-TT
TT-15365,EC-INST-TT
P-15366,EC-PUMP-RECIP
K-15367,EC-COMPRESSOR-CENTR
PT-15368,EC-INST-PT
FT-15369,EC-INST-FT
P-15370,EC-PUMP-CENTR
P-15371,EC-PUMP-RECIP
FT-15372,EC-INST-FT
E-15373,EC-HEATEXCH-SHELL
LT-15374,EC-INST-LT
COL-15375,EC-VESSEL-COL
LT-15376,EC-INST-LT
XV-15377,EC-VALVE-ISO
P-15378,EC-PUMP-CENTR
V-15379,EC-VESSEL-SEP
K-15380,EC-COMPRESSOR-CENTR
LT-15381,EC-INST-LT
P-15382,EC-PUMP-RECIP
P-15383,EC-PUMP-RECIP
COL-15384,EC-VESSEL-COL
LT-15385,EC-INST-LT
XV-15386,EC-VALVE-ISO
FCV-15387,EC-VALVE-CTRL
V-15388,EC-VESSEL-SEP
XV-15389,EC-VALVE-ISO
PT-15390,EC-INST-PT
P-15391,EC-PUMP-RECIP
XV-15392,EC-VALVE-ISO
FCV-15393,EC-VALVE-CTRL
TT-15394,EC-INST-TT
TT-15395,EC-INST-TT
PT-15396,EC-INST-PT
P-15397,EC-PUMP-CENTR
PT-15398,EC-INST-PT
XV-15399,EC-VALVE-ISO
FT-15400,EC-INST-FT
V-15401,EC-VESSEL-SEP
COL-15402,EC-VESSEL-COL
LT-15403,EC-INST-LT
PSV-15404,EC-VALVE-RELIEF
LT-15405,EC-INST-LT
FCV-15406,EC-VALVE-CTRL
P-15407,EC-PUMP-RECIP
P-15408,EC-PUMP-RECIP
PSV-15409,EC-VALVE-RELIEF
TT-15410,EC-INST-TT
FCV-15411,EC-VALVE-CTRL
FT-15412,EC-INST-FT
LT-15413,EC-INST-LT
FCV-15414,EC-VALVE-CTRL
V-15415,EC-VESSEL-SEP
XV-15416,EC-VALVE-ISO
K-15417,EC-COMPRESSOR-CENTR
K-15418,EC-COMPRESSOR-CENTR
XV-15419,EC-VALVE-ISO
P-15420,EC-PUMP-CENTR
TT-15421,EC-INST-TT
XV-15422,EC-VALVE-ISO
LT-15423,EC-INST-LT
XV-15424,EC-VALVE-ISO
LT-15425,EC-INST-LT
FCV-15426,EC-VALVE-CTRL
LT-15427,EC-INST-LT
V-15428,EC-VESSEL-SEP
PSV-15429,EC-VALVE-RELIEF
E-15430,EC-HEATEXCH-SHELL
COL-15431,EC-VESSEL-COL
XV-15432,EC-VALVE-ISO
P-15433,EC-PUMP-CENTR
P-15434,EC-PUMP-RECIP
PSV-15435,EC-VALVE-RELIEF
P-15436,EC-PUMP-CENTR
PSV-15437,EC-VALVE-RELIEF
TT-15438,EC-INST-TT
TT-15439,EC-INST-TT
PSV-15440,EC-VALVE-RELIEF
E-15441,EC-HEATEXCH-SHELL
K-15442,EC-COMPRESSOR-CENTR
COL-15443,EC-VESSEL-COL
COL-15444,EC-VESSEL-COL
TT-15445,EC-INST-TT
E-15446,EC-HEATEXCH-SHELL
FT-15447,EC-INST-FT
LT-15448,EC-INST-LT
COL-15449,EC-VESSEL-COL
K-15450,EC-COMPRESSOR-CENTR
FCV-15451,EC-VALVE-CTRL
V-15452,EC-VESSEL-SEP
V-15453,EC-VESSEL-SEP
COL-15454,EC-VESSEL-COL
K-15455,EC-COMPRESSOR-CENTR
FCV-15456,EC-VALVE-CTRL
FT-15457,EC-INST-FT
V-15458,EC-VESSEL-SEP
COL-15459,EC-VESSEL-COL
K-15460,EC-COMPRESSOR-CENTR
PSV-15461,EC-VALVE-RELIEF
E-15462,EC-HEATEXCH-SHELL
K-15463,EC-COMPRESSOR-CENTR
P-15464,EC-PUMP-RECIP
PT-15465,EC-INST-PT
LT-15466,EC-INST-LT
FCV-15467,EC-VALVE-CTRL
TT-15468,EC-INST-TT
P-15469,EC-PUMP-RECIP
FCV-15470,EC-VALVE-CTRL
FCV-15471,EC-VALVE-CTRL
P-15472,EC-PUMP-CENTR
PSV-15473,EC-VALVE-RELIEF
E-15474,EC-HEATEXCH-SHELL
PSV-15475,EC-VALVE-RELIEF
V-15476,EC-VESSEL-SEP
PT-15477,EC-INST-PT
E-15478,EC-HEATEXCH-SHELL
XV-15479,EC-VALVE-ISO
FCV-15480,EC-VALVE-CTRL
P-15481,EC-PUMP-RECIP
P-15482,EC-PUMP-RECIP
PSV-15483,EC-VALVE-RELIEF
COL-15484,EC-VESSEL-COL
PT-15485,EC-INST-PT
FCV-15486,EC-VALVE-CTRL
COL-15487,EC-VESSEL-COL
V-15488,EC-VESSEL-SEP
XV-15489,EC-VALVE-ISO
P-15490,EC-PUMP-RECIP
PSV-15491,EC-VALVE-RELIEF
E-15492,EC-HEATEXCH-SHELL
XV-15493,EC-VALVE-ISO
PT-15494,EC-INST-PT
E-15495,EC-HEATEXCH-SHELL
FCV-15496,EC-VALVE-CTRL
PT-15497,EC-INST-PT
E-15498,EC-HEATEXCH-SHELL
P-15499,EC-PUMP-RECIP
TT-15500,EC-INST-TT
XV-15501,EC-VALVE-ISO
E-15502,EC-HEATEXCH-SHELL
COL-15503,EC-VESSEL-COL
XV-15504,EC-VALVE-ISO
TT-15505,EC-INST-TT
K-15506,EC-COMPRESSOR-CENTR
FT-15507,EC-INST-FT
XV-15508,EC-VALVE-ISO
E-15509,EC-HEATEXCH-SHELL
PT-15510,EC-INST-PT
P-15511,EC-PUMP-CENTR
COL-15512,EC-VESSEL-COL
P-15513,EC-PUMP-CENTR
K-15514,EC-COMPRESSOR-CENTR
PSV-15515,EC-VALVE-RELIEF
COL-15516,EC-VESSEL-COL
XV-15517,EC-VALVE-ISO
PSV-15518,EC-VALVE-RELIEF
TT-15519,EC-INST-TT
PT-15520,EC-INST-PT
FCV-15521,EC-VALVE-CTRL
FT-15522,EC-INST-FT
FT-15523,EC-INST-FT
FT-15524,EC-INST-FT
V-15525,EC-VESSEL-SEP
V-15526,EC-VESSEL-SEP
TT-15527,EC-INST-TT
P-15528,EC-PUMP-RECIP
LT-15529,EC-INST-LT
PSV-15530,EC-VALVE-RELIEF
FT-15531,EC-INST-FT
LT-15532,EC-INST-LT
P-15533,EC-PUMP-RECIP
P-15534,EC-PUMP-RECIP
E-15535,EC-HEATEXCH-SHELL
COL-15536,EC-VESSEL-COL
P-15537,EC-PUMP-RECIP
FT-15538,EC-INST-FT
E-15539,EC-HEATEXCH-SHELL
P-15540,EC-PUMP-CENTR
P-15541,EC-PUMP-RECIP
COL-15542,EC-VESSEL-COL
LT-15543,EC-INST-LT
P-15544,EC-PUMP-RECIP
P-15545,EC-PUMP-CENTR
FT-15546,EC-INST-FT
XV-15547,EC-VALVE-ISO
TT-15548,EC-INST-TT
P-15549,EC-PUMP-CENTR
TT-15550,EC-INST-TT
FCV-15551,EC-VALVE-CTRL
COL-15552,EC-VESSEL-COL
P-15553,EC-PUMP-CENTR
E-15554,EC-HEATEXCH-SHELL
FT-15555,EC-INST-FT
XV-15556,EC-VALVE-ISO
PSV-15557,EC-VALVE-RELIEF
V-15558,EC-VESSEL-SEP
PSV-15559,EC-VALVE-RELIEF
V-15560,EC-VESSEL-SEP
TT-15561,EC-INST-TT
COL-15562,EC-VESSEL-COL
PT-15563,EC-INST-PT
XV-15564,EC-VALVE-ISO
TT-15565,EC-INST-TT
K-15566,EC-COMPRESSOR-CENTR
PT-15567,EC-INST-PT
K-15568,EC-COMPRESSOR-CENTR
FCV-15569,EC-VALVE-CTRL
LT-15570,EC-INST-LT
E-15571,EC-HEATEXCH-SHELL
V-15572,EC-VESSEL-SEP
LT-15573,EC-INST-LT
FT-15574,EC-INST-FT
FCV-15575,EC-VALVE-CTRL
E-15576,EC-HEATEXCH-SHELL
XV-15577,EC-VALVE-ISO
PSV-15578,EC-VALVE-RELIEF
E-15579,EC-HEATEXCH-SHELL
TT-15580,EC-INST-TT
XV-15581,EC-VALVE-ISO
PSV-15582,EC-VALVE-RELIEF
P-15583,EC-PUMP-CENTR
E-15584,EC-HEATEXCH-SHELL
COL-15585,EC-VESSEL-COL
P-15586,EC-PUMP-RECIP
TT-15587,EC-INST-TT
E-15588,EC-HEATEXCH-SHELL
LT-15589,EC-INST-LT
COL-15590,EC-VESSEL-COL
P-15591,EC-PUMP-RECIP
P-15592,EC-PUMP-RECIP
V-15593,EC-VESSEL-SEP
V-15594,EC-VESSEL-SEP
P-15595,EC-PUMP-RECIP
PSV-15596,EC-VALVE-RELIEF
COL-15597,EC-VESSEL-COL
PSV-15598,EC-VALVE-RELIEF
V-15599,EC-VESSEL-SEP
TT-15600,EC-INST-TT
FCV-15601,EC-VALVE-CTRL
V-15602,EC-VESSEL-SEP
TT-15603,EC-INST-TT
P-15604,EC-PUMP-RECIP
PSV-15605,EC-VALVE-RELIEF
P-15606,EC-PUMP-RECIP
PT-15607,EC-INST-PT
XV-15608,EC-VALVE-ISO
V-15609,EC-VESSEL-SEP
TT-15610,EC-INST-TT
FT-15611,EC-INST-FT
COL-15612,EC-VESSEL-COL
K-15613,EC-COMPRESSOR-CENTR
LT-15614,EC-INST-LT
V-15615,EC-VESSEL-SEP
PSV-15616,EC-VALVE-RELIEF
P-15617,EC-PUMP-CENTR
FT-15618,EC-INST-FT
K-15619,EC-COMPRESSOR-CENTR
XV-15620,EC-VALVE-ISO
P-15621,EC-PUMP-CENTR
P-15622,EC-PUMP-RECIP
E-15623,EC-HEATEXCH-SHELL
XV-15624,EC-VALVE-ISO
FT-15625,EC-INST-FT
FCV-15626,EC-VALVE-CTRL
TT-15627,EC-INST-TT
PSV-15628,EC-VALVE-RELIEF
PSV-15629,EC-VALVE-RELIEF
PSV-15630,EC-VALVE-RELIEF
P-15631,EC-PUMP-RECIP
FT-15632,EC-INST-FT
P-15633,EC-PUMP-CENTR
FCV-15634,EC-VALVE-CTRL
P-15635,EC-PUMP-CENTR
LT-15636,EC-INST-LT
FT-15637,EC-INST-FT
V-15638,EC-VESSEL-SEP
E-15639,EC-HEATEXCH-SHELL
K-15640,EC-COMPRESSOR-CENTR
K-15641,EC-COMPRESSOR-CENTR
COL-15642,EC-VESSEL-COL
FCV-15643,EC-VALVE-CTRL
E-15644,EC-HEATEXCH-SHELL
XV-15645,EC-VALVE-ISO
XV-15646,EC-VALVE-ISO
XV-15647,EC-VALVE-ISO
P-15648,EC-PUMP-CENTR
XV-15649,EC-VALVE-ISO
PT-15650,EC-INST-PT
TT-15651,EC-INST-TT
LT-15652,EC-INST-LT
P-15653,EC-PUMP-CENTR
K-15654,EC-COMPRESSOR-CENTR
V-15655,EC-VESSEL-SEP
XV-15656,EC-VALVE-ISO
K-15657,EC-COMPRESSOR-CENTR
PT-15658,EC-INST-PT
COL-15659,EC-VESSEL-COL
FCV-15660,EC-VALVE-CTRL
V-15661,EC-VESSEL-SEP
E-15662,EC-HEATEXCH-SHELL
PSV-15663,EC-VALVE-RELIEF
XV-15664,EC-VALVE-ISO
V-15665,EC-VESSEL-SEP
LT-15666,EC-INST-LT
PT-15667,EC-INST-PT
TT-15668,EC-INST-TT
TT-15669,EC-INST-TT
PT-15670,EC-INST-PT
V-15671,EC-VESSEL-SEP
PSV-15672,EC-VALVE-RELIEF
K-15673,EC-COMPRESSOR-CENTR
P-15674,EC-PUMP-RECIP
FT-15675,EC-INST-FT
XV-15676,EC-VALVE-ISO
PSV-15677,EC-VALVE-RELIEF
P-15678,EC-PUMP-CENTR
LT-15679,EC-INST-LT
FT-15680,EC-INST-FT
P-15681,EC-PUMP-RECIP
FT-15682,EC-INST-FT
E-15683,EC-HEATEXCH-SHELL
E-15684,EC-HEATEXCH-SHELL
FT-15685,EC-INST-FT
E-15686,EC-HEATEXCH-SHELL
P-15687,EC-PUMP-CENTR
P-15688,EC-PUMP-RECIP
E-15689,EC-HEATEXCH-SHELL
PT-15690,EC-INST-PT
PT-15691,EC-INST-PT
V-15692,EC-VESSEL-SEP
K-15693,EC-COMPRESSOR-CENTR
E-15694,EC-HEATEXCH-SHELL
K-15695,EC-COMPRESSOR-CENTR
XV-15696,EC-VALVE-ISO
TT-15697,EC-INST-TT
XV-15698,EC-VALVE-ISO
K-15699,EC-COMPRESSOR-CENTR
K-15700,EC-COMPRESSOR-CENTR
LT-15701,EC-INST-LT
TT-15702,EC-INST-TT
XV-15703,EC-VALVE-ISO
V-15704,EC-VESSEL-SEP
PT-15705,EC-INST-PT
TT-15706,EC-INST-TT
TT-15707,EC-INST-TT
FCV-15708,EC-VALVE-CTRL
COL-15709,EC-VESSEL-COL
E-15710,EC-HEATEXCH-SHELL
XV-15711,EC-VALVE-ISO
FT-15712,EC-INST-FT
P-15713,EC-PUMP-RECIP
LT-15714,EC-INST-LT
E-15715,EC-HEATEXCH-SHELL
FT-15716,EC-INST-FT
TT-15717,EC-INST-TT
XV-15718,EC-VALVE-ISO
V-15719,EC-VESSEL-SEP
K-15720,EC-COMPRESSOR-CENTR
P-15721,EC-PUMP-RECIP
XV-15722,EC-VALVE-ISO
TT-15723,EC-INST-TT
FCV-15724,EC-VALVE-CTRL
FT-15725,EC-INST-FT
XV-15726,EC-VALVE-ISO
PT-15727,EC-INST-PT
V-15728,EC-VESSEL-SEP
LT-15729,EC-INST-LT
XV-15730,EC-VALVE-ISO
FT-15731,EC-INST-FT
XV-15732,EC-VALVE-ISO
V-15733,EC-VESSEL-SEP
E-15734,EC-HEATEXCH-SHELL
LT-15735,EC-INST-LT
PSV-15736,EC-VALVE-RELIEF
FCV-15737,EC-VALVE-CTRL
FCV-15738,EC-VALVE-CTRL
PT-15739,EC-INST-PT
FT-15740,EC-INST-FT
P-15741,EC-PUMP-RECIP
TT-15742,EC-INST-TT
P-15743,EC-PUMP-RECIP
TT-15744,EC-INST-TT
V-15745,EC-VESSEL-SEP
E-15746,EC-HEATEXCH-SHELL
PT-15747,EC-INST-PT
LT-15748,EC-INST-LT
XV-15749,EC-VALVE-ISO
PT-15750,EC-INST-PT
P-15751,EC-PUMP-CENTR
FCV-15752,EC-VALVE-CTRL
FT-15753,EC-INST-FT
FCV-15754,EC-VALVE-CTRL
FCV-15755,EC-VALVE-CTRL
FCV-15756,EC-VALVE-CTRL
K-15757,EC-COMPRESSOR-CENTR
FCV-15758,EC-VALVE-CTRL
PT-15759,EC-INST-PT
E-15760,EC-HEATEXCH-SHELL
K-15761,EC-COMPRESSOR-CENTR
P-15762,EC-PUMP-CENTR
FT-15763,EC-INST-FT
LT-15764,EC-INST-LT
COL-15765,EC-VESSEL-COL
P-15766,EC-PUMP-CENTR
TT-15767,EC-INST-TT
P-15768,EC-PUMP-RECIP
FT-15769,EC-INST-FT
FCV-15770,EC-VALVE-CTRL
PSV-15771,EC-VALVE-RELIEF
P-15772,EC-PUMP-RECIP
FCV-15773,EC-VALVE-CTRL
K-15774,EC-COMPRESSOR-CENTR
TT-15775,EC-INST-TT
K-15776,EC-COMPRESSOR-CENTR
K-15777,EC-COMPRESSOR-CENTR
TT-15778,EC-INST-TT
P-15779,EC-PUMP-CENTR
LT-15780,EC-INST-LT
PSV-15781,EC-VALVE-RELIEF
PSV-15782,EC-VALVE-RELIEF
LT-15783,EC-INST-LT
P-15784,EC-PUMP-RECIP
FCV-15785,EC-VALVE-CTRL
TT-15786,EC-INST-TT
K-15787,EC-COMPRESSOR-CENTR
P-15788,EC-PUMP-RECIP
E-15789,EC-HEATEXCH-SHELL
FT-15790,EC-INST-FT
E-15791,EC-HEATEXCH-SHELL
COL-15792,EC-VESSEL-COL
XV-15793,EC-VALVE-ISO
K-15794,EC-COMPRESSOR-CENTR
P-15795,EC-PUMP-CENTR
E-15796,EC-HEATEXCH-SHELL
PT-15797,EC-INST-PT
PSV-15798,EC-VALVE-RELIEF
V-15799,EC-VESSEL-SEP
PT-15800,EC-INST-PT
XV-15801,EC-VALVE-ISO
V-15802,EC-VESSEL-SEP
V-15803,EC-VESSEL-SEP
E-15804,EC-HEATEXCH-SHELL
V-15805,EC-VESSEL-SEP
FT-15806,EC-INST-FT
V-15807,EC-VESSEL-SEP
PT-15808,EC-INST-PT
E-15809,EC-HEATEXCH-SHELL
V-15810,EC-VESSEL-SEP
LT-15811,EC-INST-LT
COL-15812,EC-VESSEL-COL
E-15813,EC-HEATEXCH-SHELL
P-15814,EC-PUMP-RECIP
P-15815,EC-PUMP-CENTR
FT-15816,EC-INST-FT
PSV-15817,EC-VALVE-RELIEF
V-15818,EC-VESSEL-SEP
PT-15819,EC-INST-PT
K-15820,EC-COMPRESSOR-CENTR
PT-15821,EC-INST-PT
PSV-15822,EC-VALVE-RELIEF
TT-15823,EC-INST-TT
P-15824,EC-PUMP-CENTR
PSV-15825,EC-VALVE-RELIEF
PT-15826,EC-INST-PT
E-15827,EC-HEATEXCH-SHELL
LT-15828,EC-INST-LT
E-15829,EC-HEATEXCH-SHELL
FT-15830,EC-INST-FT
K-15831,EC-COMPRESSOR-CENTR
V-15832,EC-VESSEL-SEP
XV-15833,EC-VALVE-ISO
PSV-15834,EC-VALVE-RELIEF
PT-15835,EC-INST-PT
COL-15836,EC-VESSEL-COL
E-15837,EC-HEATEXCH-SHELL
FT-15838,EC-INST-FT
LT-15839,EC-INST-LT
P-15840,EC-PUMP-CENTR
P-15841,EC-PUMP-CENTR
V-15842,EC-VESSEL-SEP
FCV-15843,EC-VALVE-CTRL
P-15844,EC-PUMP-RECIP
P-15845,EC-PUMP-CENTR
TT-15846,EC-INST-TT
P-15847,EC-PUMP-RECIP
PSV-15848,EC-VALVE-RELIEF
PT-15849,EC-INST-PT
V-15850,EC-VESSEL-SEP
LT-15851,EC-INST-LT
FT-15852,EC-INST-FT
LT-15853,EC-INST-LT
PT-15854,EC-INST-PT
E-15855,EC-HEATEXCH-SHELL
PT-15856,EC-INST-PT
XV-15857,EC-VALVE-ISO
TT-15858,EC-INST-TT
V-15859,EC-VESSEL-SEP
TT-15860,EC-INST-TT
PT-15861,EC-INST-PT
TT-15862,EC-INST-TT
LT-15863,EC-INST-LT
FT-15864,EC-INST-FT
LT-15865,EC-INST-LT
FCV-15866,EC-VALVE-CTRL
COL-15867,EC-VESSEL-COL
LT-15868,EC-INST-LT
P-15869,EC-PUMP-RECIP
P-15870,EC-PUMP-CENTR
FCV-15871,EC-VALVE-CTRL
COL-15872,EC-VESSEL-COL
V-15873,EC-VESSEL-SEP
P-15874,EC-PUMP-RECIP
XV-15875,EC-VALVE-ISO
E-15876,EC-HEATEXCH-SHELL
P-15877,EC-PUMP-RECIP
TT-15878,EC-INST-TT
LT-15879,EC-INST-LT
E-15880,EC-HEATEXCH-SHELL
XV-15881,EC-VALVE-ISO
E-15882,EC-HEATEXCH-SHELL
PT-15883,EC-INST-PT
K-15884,EC-COMPRESSOR-CENTR
V-15885,EC-VESSEL-SEP
PT-15886,EC-INST-PT
TT-15887,EC-INST-TT
E-15888,EC-HEATEXCH-SHELL
COL-15889,EC-VESSEL-COL
LT-15890,EC-INST-LT
E-15891,EC-HEATEXCH-SHELL
V-15892,EC-VESSEL-SEP
TT-15893,EC-INST-TT
XV-15894,EC-VALVE-ISO
P-15895,EC-PUMP-RECIP
COL-15896,EC-VESSEL-COL
PT-15897,EC-INST-PT
PT-15898,EC-INST-PT
P-15899,EC-PUMP-RECIP
PSV-15900,EC-VALVE-RELIEF
PT-15901,EC-INST-PT
V-15902,EC-VESSEL-SEP
TT-15903,EC-INST-TT
PSV-15904,EC-VALVE-RELIEF
P-15905,EC-PUMP-CENTR
XV-15906,EC-VALVE-ISO
FT-15907,EC-INST-FT
LT-15908,EC-INST-LT
PSV-15909,EC-VALVE-RELIEF
XV-15910,EC-VALVE-ISO
V-15911,EC-VESSEL-SEP
LT-15912,EC-INST-LT
K-15913,EC-COMPRESSOR-CENTR
FCV-15914,EC-VALVE-CTRL
FCV-15915,EC-VALVE-CTRL
K-15916,EC-COMPRESSOR-CENTR
P-15917,EC-PUMP-CENTR
K-15918,EC-COMPRESSOR-CENTR
FT-15919,EC-INST-FT
PSV-15920,EC-VALVE-RELIEF
V-15921,EC-VESSEL-SEP
K-15922,EC-COMPRESSOR-CENTR
P-15923,EC-PUMP-CENTR
FCV-15924,EC-VALVE-CTRL
V-15925,EC-VESSEL-SEP
FCV-15926,EC-VALVE-CTRL
COL-15927,EC-VESSEL-COL
K-15928,EC-COMPRESSOR-CENTR
COL-15929,EC-VESSEL-COL
P-15930,EC-PUMP-CENTR
E-15931,EC-HEATEXCH-SHELL
P-15932,EC-PUMP-CENTR
P-15933,EC-PUMP-CENTR
E-15934,EC-HEATEXCH-SHELL
COL-15935,EC-VESSEL-COL
E-15936,EC-HEATEXCH-SHELL
FCV-15937,EC-VALVE-CTRL
PT-15938,EC-INST-PT
P-15939,EC-PUMP-CENTR
TT-15940,EC-INST-TT
PT-15941,EC-INST-PT
FCV-15942,EC-VALVE-CTRL
P-15943,EC-PUMP-RECIP
K-15944,EC-COMPRESSOR-CENTR
FT-15945,EC-INST-FT
PSV-15946,EC-VALVE-RELIEF
FT-15947,EC-INST-FT
P-15948,EC-PUMP-RECIP
COL-15949,EC-VESSEL-COL
FT-15950,EC-INST-FT
P-15951,EC-PUMP-RECIP
PT-15952,EC-INST-PT
COL-15953,EC-VESSEL-COL
V-15954,EC-VESSEL-SEP
V-15955,EC-VESSEL-SEP
LT-15956,EC-INST-LT
TT-15957,EC-INST-TT
E-15958,EC-HEATEXCH-SHELL
E-15959,EC-HEATEXCH-SHELL
V-15960,EC-VESSEL-SEP
P-15961,EC-PUMP-CENTR
COL-15962,EC-VESSEL-COL
FCV-15963,EC-VALVE-CTRL
LT-15964,EC-INST-LT
P-15965,EC-PUMP-CENTR
E-15966,EC-HEATEXCH-SHELL
K-15967,EC-COMPRESSOR-CENTR
E-15968,EC-HEATEXCH-SHELL
COL-15969,EC-VESSEL-COL
V-15970,EC-VESSEL-SEP
P-15971,EC-PUMP-RECIP
COL-15972,EC-VESSEL-COL
XV-15973,EC-VALVE-ISO
PSV-15974,EC-VALVE-RELIEF
TT-15975,EC-INST-TT
LT-15976,EC-INST-LT
TT-15977,EC-INST-TT
COL-15978,EC-VESSEL-COL
XV-15979,EC-VALVE-ISO
COL-15980,EC-VESSEL-COL
FT-15981,EC-INST-FT
K-15982,EC-COMPRESSOR-CENTR
V-15983,EC-VESSEL-SEP
E-15984,EC-HEATEXCH-SHELL
E-15985,EC-HEATEXCH-SHELL
E-15986,EC-HEATEXCH-SHELL
PT-15987,EC-INST-PT
TT-15988,EC-INST-TT
P-15989,EC-PUMP-RECIP
FCV-15990,EC-VALVE-CTRL
LT-15991,EC-INST-LT
LT-15992,EC-INST-LT
PT-15993,EC-INST-PT
XV-15994,EC-VALVE-ISO
TT-15995,EC-INST-TT
P-15996,EC-PUMP-CENTR
PT-15997,EC-INST-PT
PSV-15998,EC-VALVE-RELIEF
P-15999,EC-PUMP-RECIP
COL-16000,EC-VESSEL-COL
P-16001,EC-PUMP-RECIP
COL-16002,EC-VESSEL-COL
FCV-16003,EC-VALVE-CTRL
K-16004,EC-COMPRESSOR-CENTR
LT-16005,EC-INST-LT
K-16006,EC-COMPRESSOR-CENTR
PT-16007,EC-INST-PT
V-16008,EC-VESSEL-SEP
PT-16009,EC-INST-PT
V-16010,EC-VESSEL-SEP
PSV-16011,EC-VALVE-RELIEF
TT-16012,EC-INST-TT
PSV-16013,EC-VALVE-RELIEF
PSV-16014,EC-VALVE-RELIEF
K-16015,EC-COMPRESSOR-CENTR
XV-16016,EC-VALVE-ISO
TT-16017,EC-INST-TT
PSV-16018,EC-VALVE-RELIEF
K-16019,EC-COMPRESSOR-CENTR
XV-16020,EC-VALVE-ISO
PT-16021,EC-INST-PT
FCV-16022,EC-VALVE-CTRL
FCV-16023,EC-VALVE-CTRL
V-16024,EC-VESSEL-SEP
FCV-16025,EC-VALVE-CTRL
PSV-16026,EC-VALVE-RELIEF
FCV-16027,EC-VALVE-CTRL
FT-16028,EC-INST-FT
E-16029,EC-HEATEXCH-SHELL
PT-16030,EC-INST-PT
FCV-16031,EC-VALVE-CTRL
COL-16032,EC-VESSEL-COL
XV-16033,EC-VALVE-ISO
XV-16034,EC-VALVE-ISO
P-16035,EC-PUMP-RECIP
K-16036,EC-COMPRESSOR-CENTR
COL-16037,EC-VESSEL-COL
E-16038,EC-HEATEXCH-SHELL
PSV-16039,EC-VALVE-RELIEF
FCV-16040,EC-VALVE-CTRL
FCV-16041,EC-VALVE-CTRL
XV-16042,EC-VALVE-ISO
PT-16043,EC-INST-PT
LT-16044,EC-INST-LT
PT-16045,EC-INST-PT
TT-16046,EC-INST-TT
TT-16047,EC-INST-TT
PT-16048,EC-INST-PT
P-16049,EC-PUMP-RECIP
FT-16050,EC-INST-FT
V-16051,EC-VESSEL-SEP
LT-16052,EC-INST-LT
P-16053,EC-PUMP-RECIP
PSV-16054,EC-VALVE-RELIEF
XV-16055,EC-VALVE-ISO
PSV-16056,EC-VALVE-RELIEF
K-16057,EC-COMPRESSOR-CENTR
V-16058,EC-VESSEL-SEP
E-16059,EC-HEATEXCH-SHELL
P-16060,EC-PUMP-RECIP
FCV-16061,EC-VALVE-CTRL
PSV-16062,EC-VALVE-RELIEF
TT-16063,EC-INST-TT
PT-16064,EC-INST-PT
COL-16065,EC-VESSEL-COL
COL-16066,EC-VESSEL-COL
E-16067,EC-HEATEXCH-SHELL
K-16068,EC-COMPRESSOR-CENTR
PT-16069,EC-INST-PT
TT-16070,EC-INST-TT
FT-16071,EC-INST-FT
TT-16072,EC-INST-TT
P-16073,EC-PUMP-RECIP
COL-16074,EC-VESSEL-COL
V-16075,EC-VESSEL-SEP
P-16076,EC-PUMP-RECIP
P-16077,EC-PUMP-RECIP
PSV-16078,EC-VALVE-RELIEF
FCV-16079,EC-VALVE-CTRL
PT-16080,EC-INST-PT
P-16081,EC-PUMP-RECIP
LT-16082,EC-INST-LT
K-16083,EC-COMPRESSOR-CENTR
XV-16084,EC-VALVE-ISO
LT-16085,EC-INST-LT
PT-16086,EC-INST-PT
P-16087,EC-PUMP-CENTR
PT-16088,EC-INST-PT
P-16089,EC-PUMP-CENTR
LT-16090,EC-INST-LT
PT-16091,EC-INST-PT
P-16092,EC-PUMP-RECIP
P-16093,EC-PUMP-CENTR
LT-16094,EC-INST-LT
K-16095,EC-COMPRESSOR-CENTR
V-16096,EC-VESSEL-SEP
XV-16097,EC-VALVE-ISO
TT-16098,EC-INST-TT
XV-16099,EC-VALVE-ISO
FT-16100,EC-INST-FT
P-16101,EC-PUMP-CENTR
FCV-16102,EC-VALVE-CTRL
TT-16103,EC-INST-TT
E-16104,EC-HEATEXCH-SHELL
COL-16105,EC-VESSEL-COL
LT-16106,EC-INST-LT
PT-16107,EC-INST-PT
K-16108,EC-COMPRESSOR-CENTR
TT-16109,EC-INST-TT
PT-16110,EC-INST-PT
TT-16111,EC-INST-TT
FT-16112,EC-INST-FT
FCV-16113,EC-VALVE-CTRL
COL-16114,EC-VESSEL-COL
P-16115,EC-PUMP-CENTR
TT-16116,EC-INST-TT
PT-16117,EC-INST-PT
FT-16118,EC-INST-FT
PSV-16119,EC-VALVE-RELIEF
FCV-16120,EC-VALVE-CTRL
P-16121,EC-PUMP-RECIP
FCV-16122,EC-VALVE-CTRL
FCV-16123,EC-VALVE-CTRL
FT-16124,EC-INST-FT
LT-16125,EC-INST-LT
P-16126,EC-PUMP-RECIP
E-16127,EC-HEATEXCH-SHELL
FCV-16128,EC-VALVE-CTRL
TT-16129,EC-INST-TT
LT-16130,EC-INST-LT
FCV-16131,EC-VALVE-CTRL
FT-16132,EC-INST-FT
V-16133,EC-VESSEL-SEP
V-16134,EC-VESSEL-SEP
PSV-16135,EC-VALVE-RELIEF
PT-16136,EC-INST-PT
FT-16137,EC-INST-FT
P-16138,EC-PUMP-RECIP
P-16139,EC-PUMP-RECIP
FT-16140,EC-INST-FT
LT-16141,EC-INST-LT
PSV-16142,EC-VALVE-RELIEF
PSV-16143,EC-VALVE-RELIEF
PT-16144,EC-INST-PT
K-16145,EC-COMPRESSOR-CENTR
TT-16146,EC-INST-TT
P-16147,EC-PUMP-RECIP
PT-16148,EC-INST-PT
PT-16149,EC-INST-PT
K-16150,EC-COMPRESSOR-CENTR
PSV-16151,EC-VALVE-RELIEF
TT-16152,EC-INST-TT
LT-16153,EC-INST-LT
E-16154,EC-HEATEXCH-SHELL
E-16155,EC-HEATEXCH-SHELL
COL-16156,EC-VESSEL-COL
P-16157,EC-PUMP-CENTR
K-16158,EC-COMPRESSOR-CENTR
E-16159,EC-HEATEXCH-SHELL
XV-16160,EC-VALVE-ISO
PSV-16161,EC-VALVE-RELIEF
COL-16162,EC-VESSEL-COL
FT-16163,EC-INST-FT
V-16164,EC-VESSEL-SEP
FT-16165,EC-INST-FT
PSV-16166,EC-VALVE-RELIEF
E-16167,EC-HEATEXCH-SHELL
P-16168,EC-PUMP-RECIP
PT-16169,EC-INST-PT
FCV-16170,EC-VALVE-CTRL
FT-16171,EC-INST-FT
P-16172,EC-PUMP-CENTR
K-16173,EC-COMPRESSOR-CENTR
LT-16174,EC-INST-LT
K-16175,EC-COMPRESSOR-CENTR
FT-16176,EC-INST-FT
E-16177,EC-HEATEXCH-SHELL
V-16178,EC-VESSEL-SEP
TT-16179,EC-INST-TT
K-16180,EC-COMPRESSOR-CENTR
COL-16181,EC-VESSEL-COL
COL-16182,EC-VESSEL-COL
LT-16183,EC-INST-LT
FCV-16184,EC-VALVE-CTRL
V-16185,EC-VESSEL-SEP
V-16186,EC-VESSEL-SEP
PT-16187,EC-INST-PT
P-16188,EC-PUMP-CENTR
COL-16189,EC-VESSEL-COL
V-16190,EC-VESSEL-SEP
P-16191,EC-PUMP-RECIP
PT-16192,EC-INST-PT
PSV-16193,EC-VALVE-RELIEF
P-16194,EC-PUMP-RECIP
PSV-16195,EC-VALVE-RELIEF
FT-16196,EC-INST-FT
LT-16197,EC-INST-LT
V-16198,EC-VESSEL-SEP
E-16199,EC-HEATEXCH-SHELL
K-16200,EC-COMPRESSOR-CENTR
COL-16201,EC-VESSEL-COL
COL-16202,EC-VESSEL-COL
XV-16203,EC-VALVE-ISO
LT-16204,EC-INST-LT
V-16205,EC-VESSEL-SEP
XV-16206,EC-VALVE-ISO
PT-16207,EC-INST-PT
K-16208,EC-COMPRESSOR-CENTR
PSV-16209,EC-VALVE-RELIEF
XV-16210,EC-VALVE-ISO
PSV-16211,EC-VALVE-RELIEF
LT-16212,EC-INST-LT
PT-16213,EC-INST-PT
TT-16214,EC-INST-TT
FT-16215,EC-INST-FT
V-16216,EC-VESSEL-SEP
TT-16217,EC-INST-TT
LT-16218,EC-INST-LT
PSV-16219,EC-VALVE-RELIEF
E-16220,EC-HEATEXCH-SHELL
P-16221,EC-PUMP-RECIP
FT-16222,EC-INST-FT
P-16223,EC-PUMP-CENTR
LT-16224,EC-INST-LT
P-16225,EC-PUMP-CENTR
P-16226,EC-PUMP-RECIP
P-16227,EC-PUMP-CENTR
V-16228,EC-VESSEL-SEP
XV-16229,EC-VALVE-ISO
PSV-16230,EC-VALVE-RELIEF
COL-16231,EC-VESSEL-COL
FCV-16232,EC-VALVE-CTRL
P-16233,EC-PUMP-RECIP
PSV-16234,EC-VALVE-RELIEF
FCV-16235,EC-VALVE-CTRL
XV-16236,EC-VALVE-ISO
V-16237,EC-VESSEL-SEP
LT-16238,EC-INST-LT
P-16239,EC-PUMP-CENTR
K-16240,EC-COMPRESSOR-CENTR
FT-16241,EC-INST-FT
LT-16242,EC-INST-LT
PSV-16243,EC-VALVE-RELIEF
PT-16244,EC-INST-PT
FT-16245,EC-INST-FT
E-16246,EC-HEATEXCH-SHELL
FT-16247,EC-INST-FT
FCV-16248,EC-VALVE-CTRL
PT-16249,EC-INST-PT
P-16250,EC-PUMP-CENTR
V-16251,EC-VESSEL-SEP
LT-16252,EC-INST-LT
XV-16253,EC-VALVE-ISO
FT-16254,EC-INST-FT
P-16255,EC-PUMP-CENTR
LT-16256,EC-INST-LT
E-16257,EC-HEATEXCH-SHELL
LT-16258,EC-INST-LT
K-16259,EC-COMPRESSOR-CENTR
E-16260,EC-HEATEXCH-SHELL
K-16261,EC-COMPRESSOR-CENTR
PT-16262,EC-INST-PT
V-16263,EC-VESSEL-SEP
COL-16264,EC-VESSEL-COL
TT-16265,EC-INST-TT
E-16266,EC-HEATEXCH-SHELL
TT-16267,EC-INST-TT
PT-16268,EC-INST-PT
FT-16269,EC-INST-FT
K-16270,EC-COMPRESSOR-CENTR
COL-16271,EC-VESSEL-COL
LT-16272,EC-INST-LT
PT-16273,EC-INST-PT
COL-16274,EC-VESSEL-COL
P-16275,EC-PUMP-RECIP
P-16276,EC-PUMP-RECIP
P-16277,EC-PUMP-RECIP
FT-16278,EC-INST-FT
FCV-16279,EC-VALVE-CTRL
PSV-16280,EC-VALVE-RELIEF
COL-16281,EC-VESSEL-COL
P-16282,EC-PUMP-RECIP
PT-16283,EC-INST-PT
XV-16284,EC-VALVE-ISO
P-16285,EC-PUMP-RECIP
P-16286,EC-PUMP-CENTR
P-16287,EC-PUMP-CENTR
XV-16288,EC-VALVE-ISO
PT-16289,EC-INST-PT
P-16290,EC-PUMP-RECIP
K-16291,EC-COMPRESSOR-CENTR
FT-16292,EC-INST-FT
COL-16293,EC-VESSEL-COL
PSV-16294,EC-VALVE-RELIEF
PSV-16295,EC-VALVE-RELIEF
PT-16296,EC-INST-PT
V-16297,EC-VESSEL-SEP
TT-16298,EC-INST-TT
TT-16299,EC-INST-TT
P-16300,EC-PUMP-CENTR
E-16301,EC-HEATEXCH-SHELL
P-16302,EC-PUMP-RECIP
V-16303,EC-VESSEL-SEP
FT-16304,EC-INST-FT
P-16305,EC-PUMP-CENTR
E-16306,EC-HEATEXCH-SHELL
PSV-16307,EC-VALVE-RELIEF
COL-16308,EC-VESSEL-COL
TT-16309,EC-INST-TT
E-16310,EC-HEATEXCH-SHELL
V-16311,EC-VESSEL-SEP
PT-16312,EC-INST-PT
K-16313,EC-COMPRESSOR-CENTR
PT-16314,EC-INST-PT
FCV-16315,EC-VALVE-CTRL
XV-16316,EC-VALVE-ISO
E-16317,EC-HEATEXCH-SHELL
XV-16318,EC-VALVE-ISO
FCV-16319,EC-VALVE-CTRL
PSV-16320,EC-VALVE-RELIEF
FT-16321,EC-INST-FT
P-16322,EC-PUMP-RECIP
FCV-16323,EC-VALVE-CTRL
P-16324,EC-PUMP-CENTR
LT-16325,EC-INST-LT
COL-16326,EC-VESSEL-COL
K-16327,EC-COMPRESSOR-CENTR
PSV-16328,EC-VALVE-RELIEF
E-16329,EC-HEATEXCH-SHELL
E-16330,EC-HEATEXCH-SHELL
FCV-16331,EC-VALVE-CTRL
TT-16332,EC-INST-TT
FCV-16333,EC-VALVE-CTRL
FCV-16334,EC-VALVE-CTRL
E-16335,EC-HEATEXCH-SHELL
PSV-16336,EC-VALVE-RELIEF
K-16337,EC-COMPRESSOR-CENTR
COL-16338,EC-VESSEL-COL
E-16339,EC-HEATEXCH-SHELL
LT-16340,EC-INST-LT
FCV-16341,EC-VALVE-CTRL
E-16342,EC-HEATEXCH-SHELL
P-16343,EC-PUMP-RECIP
P-16344,EC-PUMP-CENTR
V-16345,EC-VESSEL-SEP
P-16346,EC-PUMP-RECIP
PT-16347,EC-INST-PT
P-16348,EC-PUMP-RECIP
FT-16349,EC-INST-FT
XV-16350,EC-VALVE-ISO
P-16351,EC-PUMP-RECIP
V-16352,EC-VESSEL-SEP
K-16353,EC-COMPRESSOR-CENTR
PT-16354,EC-INST-PT
LT-16355,EC-INST-LT
FCV-16356,EC-VALVE-CTRL
TT-16357,EC-INST-TT
TT-16358,EC-INST-TT
V-16359,EC-VESSEL-SEP
FT-16360,EC-INST-FT
TT-16361,EC-INST-TT
PT-16362,EC-INST-PT
V-16363,EC-VESSEL-SEP
PT-16364,EC-INST-PT
FCV-16365,EC-VALVE-CTRL
V-16366,EC-VESSEL-SEP
FT-16367,EC-INST-FT
E-16368,EC-HEATEXCH-SHELL
XV-16369,EC-VALVE-ISO
PSV-16370,EC-VALVE-RELIEF
K-16371,EC-COMPRESSOR-CENTR
TT-16372,EC-INST-TT
E-16373,EC-HEATEXCH-SHELL
FT-16374,EC-INST-FT
TT-16375,EC-INST-TT
E-16376,EC-HEATEXCH-SHELL
P-16377,EC-PUMP-RECIP
PT-16378,EC-INST-PT
PSV-16379,EC-VALVE-RELIEF
LT-16380,EC-INST-LT
P-16381,EC-PUMP-RECIP
P-16382,EC-PUMP-CENTR
K-16383,EC-COMPRESSOR-CENTR
P-16384,EC-PUMP-CENTR
COL-16385,EC-VESSEL-COL
E-16386,EC-HEATEXCH-SHELL
LT-16387,EC-INST-LT
COL-16388,EC-VESSEL-COL
TT-16389,EC-INST-TT
COL-16390,EC-VESSEL-COL
PT-16391,EC-INST-PT
K-16392,EC-COMPRESSOR-CENTR
FT-16393,EC-INST-FT
FT-16394,EC-INST-FT
PSV-16395,EC-VALVE-RELIEF
V-16396,EC-VESSEL-SEP
XV-16397,EC-VALVE-ISO
XV-16398,EC-VALVE-ISO
V-16399,EC-VESSEL-SEP
FCV-16400,EC-VALVE-CTRL
K-16401,EC-COMPRESSOR-CENTR
COL-16402,EC-VESSEL-COL
PT-16403,EC-INST-PT
P-16404,EC-PUMP-CENTR
V-16405,EC-VESSEL-SEP
P-16406,EC-PUMP-CENTR
E-16407,EC-HEATEXCH-SHELL
P-16408,EC-PUMP-RECIP
XV-16409,EC-VALVE-ISO
FCV-16410,EC-VALVE-CTRL
PSV-16411,EC-VALVE-RELIEF
COL-16412,EC-VESSEL-COL
P-16413,EC-PUMP-RECIP
FCV-16414,EC-VALVE-CTRL
PT-16415,EC-INST-PT
PSV-16416,EC-VALVE-RELIEF
V-16417,EC-VESSEL-SEP
FT-16418,EC-INST-FT
XV-16419,EC-VALVE-ISO
LT-16420,EC-INST-LT
P-16421,EC-PUMP-CENTR
COL-16422,EC-VESSEL-COL
V-16423,EC-VESSEL-SEP
FCV-16424,EC-VALVE-CTRL
P-16425,EC-PUMP-CENTR
P-16426,EC-PUMP-RECIP
E-16427,EC-HEATEXCH-SHELL
K-16428,EC-COMPRESSOR-CENTR
P-16429,EC-PUMP-RECIP
PSV-16430,EC-VALVE-RELIEF
P-16431,EC-PUMP-RECIP
P-16432,EC-PUMP-CENTR
TT-16433,EC-INST-TT
FCV-16434,EC-VALVE-CTRL
V-16435,EC-VESSEL-SEP
V-16436,EC-VESSEL-SEP
FCV-16437,EC-VALVE-CTRL
TT-16438,EC-INST-TT
K-16439,EC-COMPRESSOR-CENTR
TT-16440,EC-INST-TT
TT-16441,EC-INST-TT
V-16442,EC-VESSEL-SEP
XV-16443,EC-VALVE-ISO
XV-16444,EC-VALVE-ISO
E-16445,EC-HEATEXCH-SHELL
E-16446,EC-HEATEXCH-SHELL
E-16447,EC-HEATEXCH-SHELL
K-16448,EC-COMPRESSOR-CENTR
E-16449,EC-HEATEXCH-SHELL
LT-16450,EC-INST-LT
PSV-16451,EC-VALVE-RELIEF
K-16452,EC-COMPRESSOR-CENTR
TT-16453,EC-INST-TT
COL-16454,EC-VESSEL-COL
E-16455,EC-HEATEXCH-SHELL
E-16456,EC-HEATEXCH-SHELL
COL-16457,EC-VESSEL-COL
COL-16458,EC-VESSEL-COL
PSV-16459,EC-VALVE-RELIEF
V-16460,EC-VESSEL-SEP
XV-16461,EC-VALVE-ISO
K-16462,EC-COMPRESSOR-CENTR
XV-16463,EC-VALVE-ISO
FT-16464,EC-INST-FT
PT-16465,EC-INST-PT
PSV-16466,EC-VALVE-RELIEF
V-16467,EC-VESSEL-SEP
PSV-16468,EC-VALVE-RELIEF
FCV-16469,EC-VALVE-CTRL
P-16470,EC-PUMP-CENTR
K-16471,EC-COMPRESSOR-CENTR
LT-16472,EC-INST-LT
PT-16473,EC-INST-PT
COL-16474,EC-VESSEL-COL
K-16475,EC-COMPRESSOR-CENTR
LT-16476,EC-INST-LT
LT-16477,EC-INST-LT
P-16478,EC-PUMP-RECIP
K-16479,EC-COMPRESSOR-CENTR
TT-16480,EC-INST-TT
FCV-16481,EC-VALVE-CTRL
FT-16482,EC-INST-FT
P-16483,EC-PUMP-RECIP
PSV-16484,EC-VALVE-RELIEF
P-16485,EC-PUMP-CENTR
FCV-16486,EC-VALVE-CTRL
FT-16487,EC-INST-FT
XV-16488,EC-VALVE-ISO
FT-16489,EC-INST-FT
TT-16490,EC-INST-TT
COL-16491,EC-VESSEL-COL
P-16492,EC-PUMP-CENTR
FCV-16493,EC-VALVE-CTRL
E-16494,EC-HEATEXCH-SHELL
PSV-16495,EC-VALVE-RELIEF
V-16496,EC-VESSEL-SEP
K-16497,EC-COMPRESSOR-CENTR
K-16498,EC-COMPRESSOR-CENTR
P-16499,EC-PUMP-RECIP
XV-16500,EC-VALVE-ISO
XV-16501,EC-VALVE-ISO
P-16502,EC-PUMP-RECIP
PT-16503,EC-INST-PT
LT-16504,EC-INST-LT
K-16505,EC-COMPRESSOR-CENTR
FT-16506,EC-INST-FT
PT-16507,EC-INST-PT
P-16508,EC-PUMP-RECIP
P-16509,EC-PUMP-RECIP
LT-16510,EC-INST-LT
K-16511,EC-COMPRESSOR-CENTR
P-16512,EC-PUMP-CENTR
PT-16513,EC-INST-PT
PSV-16514,EC-VALVE-RELIEF
PT-16515,EC-INST-PT
P-16516,EC-PUMP-RECIP
V-16517,EC-VESSEL-SEP
PT-16518,EC-INST-PT
COL-16519,EC-VESSEL-COL
TT-16520,EC-INST-TT
COL-16521,EC-VESSEL-COL
XV-16522,EC-VALVE-ISO
COL-16523,EC-VESSEL-COL
XV-16524,EC-VALVE-ISO
COL-16525,EC-VESSEL-COL
FCV-16526,EC-VALVE-CTRL
COL-16527,EC-VESSEL-COL
PT-16528,EC-INST-PT
V-16529,EC-VESSEL-SEP
PSV-16530,EC-VALVE-RELIEF
PSV-16531,EC-VALVE-RELIEF
V-16532,EC-VESSEL-SEP
XV-16533,EC-VALVE-ISO
FT-16534,EC-INST-FT
XV-16535,EC-VALVE-ISO
K-16536,EC-COMPRESSOR-CENTR
FT-16537,EC-INST-FT
PSV-16538,EC-VALVE-RELIEF
COL-16539,EC-VESSEL-COL
PT-16540,EC-INST-PT
PSV-16541,EC-VALVE-RELIEF
LT-16542,EC-INST-LT
K-16543,EC-COMPRESSOR-CENTR
TT-16544,EC-INST-TT
PT-16545,EC-INST-PT
XV-16546,EC-VALVE-ISO
PT-16547,EC-INST-PT
FCV-16548,EC-VALVE-CTRL
K-16549,EC-COMPRESSOR-CENTR
FT-16550,EC-INST-FT
XV-16551,EC-VALVE-ISO
P-16552,EC-PUMP-CENTR
V-16553,EC-VESSEL-SEP
COL-16554,EC-VESSEL-COL
TT-16555,EC-INST-TT
LT-16556,EC-INST-LT
TT-16557,EC-INST-TT
LT-16558,EC-INST-LT
TT-16559,EC-INST-TT
P-16560,EC-PUMP-CENTR
LT-16561,EC-INST-LT
COL-16562,EC-VESSEL-COL
COL-16563,EC-VESSEL-COL
XV-16564,EC-VALVE-ISO
FCV-16565,EC-VALVE-CTRL
P-16566,EC-PUMP-CENTR
PT-16567,EC-INST-PT
PT-16568,EC-INST-PT
P-16569,EC-PUMP-RECIP
E-16570,EC-HEATEXCH-SHELL
PT-16571,EC-INST-PT
PSV-16572,EC-VALVE-RELIEF
PSV-16573,EC-VALVE-RELIEF
P-16574,EC-PUMP-CENTR
PSV-16575,EC-VALVE-RELIEF
LT-16576,EC-INST-LT
PSV-16577,EC-VALVE-RELIEF
K-16578,EC-COMPRESSOR-CENTR
PT-16579,EC-INST-PT
K-16580,EC-COMPRESSOR-CENTR
P-16581,EC-PUMP-CENTR
V-16582,EC-VESSEL-SEP
K-16583,EC-COMPRESSOR-CENTR
FT-16584,EC-INST-FT
K-16585,EC-COMPRESSOR-CENTR
LT-16586,EC-INST-LT
PSV-16587,EC-VALVE-RELIEF
LT-16588,EC-INST-LT
COL-16589,EC-VESSEL-COL
K-16590,EC-COMPRESSOR-CENTR
XV-16591,EC-VALVE-ISO
FT-16592,EC-INST-FT
COL-16593,EC-VESSEL-COL
K-16594,EC-COMPRESSOR-CENTR
PSV-16595,EC-VALVE-RELIEF
PSV-16596,EC-VALVE-RELIEF
LT-16597,EC-INST-LT
PSV-16598,EC-VALVE-RELIEF
PT-16599,EC-INST-PT
COL-16600,EC-VESSEL-COL
E-16601,EC-HEATEXCH-SHELL
TT-16602,EC-INST-TT
FT-16603,EC-INST-FT
PT-16604,EC-INST-PT
V-16605,EC-VESSEL-SEP
TT-16606,EC-INST-TT
TT-16607,EC-INST-TT
FCV-16608,EC-VALVE-CTRL
TT-16609,EC-INST-TT
E-16610,EC-HEATEXCH-SHELL
P-16611,EC-PUMP-CENTR
LT-16612,EC-INST-LT
K-16613,EC-COMPRESSOR-CENTR
COL-16614,EC-VESSEL-COL
E-16615,EC-HEATEXCH-SHELL
PT-16616,EC-INST-PT
K-16617,EC-COMPRESSOR-CENTR
LT-16618,EC-INST-LT
E-16619,EC-HEATEXCH-SHELL
E-16620,EC-HEATEXCH-SHELL
P-16621,EC-PUMP-CENTR
E-16622,EC-HEATEXCH-SHELL
FT-16623,EC-INST-FT
V-16624,EC-VESSEL-SEP
COL-16625,EC-VESSEL-COL
P-16626,EC-PUMP-RECIP
FCV-16627,EC-VALVE-CTRL
COL-16628,EC-VESSEL-COL
TT-16629,EC-INST-TT
FT-16630,EC-INST-FT
PT-16631,EC-INST-PT
V-16632,EC-VESSEL-SEP
PT-16633,EC-INST-PT
FCV-16634,EC-VALVE-CTRL
TT-16635,EC-INST-TT
PSV-16636,EC-VALVE-RELIEF
LT-16637,EC-INST-LT
P-16638,EC-PUMP-RECIP
P-16639,EC-PUMP-CENTR
P-16640,EC-PUMP-CENTR
FCV-16641,EC-VALVE-CTRL
PT-16642,EC-INST-PT
P-16643,EC-PUMP-CENTR
E-16644,EC-HEATEXCH-SHELL
FT-16645,EC-INST-FT
P-16646,EC-PUMP-CENTR
P-16647,EC-PUMP-CENTR
COL-16648,EC-VESSEL-COL
PT-16649,EC-INST-PT
K-16650,EC-COMPRESSOR-CENTR
PSV-16651,EC-VALVE-RELIEF
V-16652,EC-VESSEL-SEP
XV-16653,EC-VALVE-ISO
XV-16654,EC-VALVE-ISO
XV-16655,EC-VALVE-ISO
P-16656,EC-PUMP-CENTR
XV-16657,EC-VALVE-ISO
P-16658,EC-PUMP-CENTR
TT-16659,EC-INST-TT
FT-16660,EC-INST-FT
XV-16661,EC-VALVE-ISO
V-16662,EC-VESSEL-SEP
XV-16663,EC-VALVE-ISO
COL-16664,EC-VESSEL-COL
PT-16665,EC-INST-PT
P-16666,EC-PUMP-RECIP
COL-16667,EC-VESSEL-COL
FT-16668,EC-INST-FT
K-16669,EC-COMPRESSOR-CENTR
TT-16670,EC-INST-TT
PT-16671,EC-INST-PT
P-16672,EC-PUMP-CENTR
PT-16673,EC-INST-PT
PT-16674,EC-INST-PT
E-16675,EC-HEATEXCH-SHELL
P-16676,EC-PUMP-CENTR
XV-16677,EC-VALVE-ISO
V-16678,EC-VESSEL-SEP
K-16679,EC-COMPRESSOR-CENTR
LT-16680,EC-INST-LT
LT-16681,EC-INST-LT
COL-16682,EC-VESSEL-COL
LT-16683,EC-INST-LT
TT-16684,EC-INST-TT
FCV-16685,EC-VALVE-CTRL
P-16686,EC-PUMP-CENTR
TT-16687,EC-INST-TT
PT-16688,EC-INST-PT
P-16689,EC-PUMP-CENTR
P-16690,EC-PUMP-CENTR
PSV-16691,EC-VALVE-RELIEF
E-16692,EC-HEATEXCH-SHELL
E-16693,EC-HEATEXCH-SHELL
PT-16694,EC-INST-PT
V-16695,EC-VESSEL-SEP
LT-16696,EC-INST-LT
FT-16697,EC-INST-FT
FCV-16698,EC-VALVE-CTRL
FT-16699,EC-INST-FT
K-16700,EC-COMPRESSOR-CENTR
K-16701,EC-COMPRESSOR-CENTR
PSV-16702,EC-VALVE-RELIEF
COL-16703,EC-VESSEL-COL
TT-16704,EC-INST-TT
V-16705,EC-VESSEL-SEP
V-16706,EC-VESSEL-SEP
K-16707,EC-COMPRESSOR-CENTR
PSV-16708,EC-VALVE-RELIEF
FT-16709,EC-INST-FT
E-16710,EC-HEATEXCH-SHELL
K-16711,EC-COMPRESSOR-CENTR
K-16712,EC-COMPRESSOR-CENTR
PT-16713,EC-INST-PT
LT-16714,EC-INST-LT
FT-16715,EC-INST-FT
PT-16716,EC-INST-PT
PSV-16717,EC-VALVE-RELIEF
PT-16718,EC-INST-PT
TT-16719,EC-INST-TT
E-16720,EC-HEATEXCH-SHELL
PT-16721,EC-INST-PT
P-16722,EC-PUMP-RECIP
K-16723,EC-COMPRESSOR-CENTR
COL-16724,EC-VESSEL-COL
P-16725,EC-PUMP-RECIP
PSV-16726,EC-VALVE-RELIEF
FCV-16727,EC-VALVE-CTRL
PT-16728,EC-INST-PT
FT-16729,EC-INST-FT
FT-16730,EC-INST-FT
TT-16731,EC-INST-TT
K-16732,EC-COMPRESSOR-CENTR
P-16733,EC-PUMP-RECIP
P-16734,EC-PUMP-CENTR
E-16735,EC-HEATEXCH-SHELL
TT-16736,EC-INST-TT
P-16737,EC-PUMP-RECIP
COL-16738,EC-VESSEL-COL
P-16739,EC-PUMP-CENTR
PT-16740,EC-INST-PT
P-16741,EC-PUMP-CENTR
TT-16742,EC-INST-TT
P-16743,EC-PUMP-CENTR
TT-16744,EC-INST-TT
E-16745,EC-HEATEXCH-SHELL
XV-16746,EC-VALVE-ISO
V-16747,EC-VESSEL-SEP
P-16748,EC-PUMP-CENTR
P-16749,EC-PUMP-CENTR
K-16750,EC-COMPRESSOR-CENTR
FT-16751,EC-INST-FT
TT-16752,EC-INST-TT
E-16753,EC-HEATEXCH-SHELL
LT-16754,EC-INST-LT
PSV-16755,EC-VALVE-RELIEF
V-16756,EC-VESSEL-SEP
P-16757,EC-PUMP-RECIP
K-16758,EC-COMPRESSOR-CENTR
K-16759,EC-COMPRESSOR-CENTR
LT-16760,EC-INST-LT
FCV-16761,EC-VALVE-CTRL
PSV-16762,EC-VALVE-RELIEF
TT-16763,EC-INST-TT
TT-16764,EC-INST-TT
COL-16765,EC-VESSEL-COL
FCV-16766,EC-VALVE-CTRL
LT-16767,EC-INST-LT
P-16768,EC-PUMP-RECIP
FT-16769,EC-INST-FT
LT-16770,EC-INST-LT
COL-16771,EC-VESSEL-COL
P-16772,EC-PUMP-RECIP
E-16773,EC-HEATEXCH-SHELL
TT-16774,EC-INST-TT
K-16775,EC-COMPRESSOR-CENTR
FCV-16776,EC-VALVE-CTRL
LT-16777,EC-INST-LT
LT-16778,EC-INST-LT
E-16779,EC-HEATEXCH-SHELL
P-16780,EC-PUMP-CENTR
PT-16781,EC-INST-PT
PT-16782,EC-INST-PT
P-16783,EC-PUMP-CENTR
PT-16784,EC-INST-PT
FT-16785,EC-INST-FT
FT-16786,EC-INST-FT
COL-16787,EC-VESSEL-COL
PT-16788,EC-INST-PT
COL-16789,EC-VESSEL-COL
LT-16790,EC-INST-LT
V-16791,EC-VESSEL-SEP
COL-16792,EC-VESSEL-COL
P-16793,EC-PUMP-CENTR
XV-16794,EC-VALVE-ISO
COL-16795,EC-VESSEL-COL
PT-16796,EC-INST-PT
PT-16797,EC-INST-PT
PT-16798,EC-INST-PT
TT-16799,EC-INST-TT
LT-16800,EC-INST-LT
COL-16801,EC-VESSEL-COL
P-16802,EC-PUMP-CENTR
P-16803,EC-PUMP-CENTR
FT-16804,EC-INST-FT
XV-16805,EC-VALVE-ISO
FT-16806,EC-INST-FT
V-16807,EC-VESSEL-SEP
PSV-16808,EC-VALVE-RELIEF
XV-16809,EC-VALVE-ISO
COL-16810,EC-VESSEL-COL
V-16811,EC-VESSEL-SEP
PSV-16812,EC-VALVE-RELIEF
TT-16813,EC-INST-TT
E-16814,EC-HEATEXCH-SHELL
PT-16815,EC-INST-PT
FT-16816,EC-INST-FT
FCV-16817,EC-VALVE-CTRL
XV-16818,EC-VALVE-ISO
FCV-16819,EC-VALVE-CTRL
TT-16820,EC-INST-TT
P-16821,EC-PUMP-RECIP
LT-16822,EC-INST-LT
V-16823,EC-VESSEL-SEP
FCV-16824,EC-VALVE-CTRL
FCV-16825,EC-VALVE-CTRL
FCV-16826,EC-VALVE-CTRL
TT-16827,EC-INST-TT
TT-16828,EC-INST-TT
FT-16829,EC-INST-FT
TT-16830,EC-INST-TT
LT-16831,EC-INST-LT
FCV-16832,EC-VALVE-CTRL
PSV-16833,EC-VALVE-RELIEF
FT-16834,EC-INST-FT
PSV-16835,EC-VALVE-RELIEF
TT-16836,EC-INST-TT
K-16837,EC-COMPRESSOR-CENTR
PSV-16838,EC-VALVE-RELIEF
XV-16839,EC-VALVE-ISO
PT-16840,EC-INST-PT
PSV-16841,EC-VALVE-RELIEF
XV-16842,EC-VALVE-ISO
COL-16843,EC-VESSEL-COL
TT-16844,EC-INST-TT
FCV-16845,EC-VALVE-CTRL
K-16846,EC-COMPRESSOR-CENTR
PSV-16847,EC-VALVE-RELIEF
PSV-16848,EC-VALVE-RELIEF
PSV-16849,EC-VALVE-RELIEF
K-16850,EC-COMPRESSOR-CENTR
LT-16851,EC-INST-LT
COL-16852,EC-VESSEL-COL
COL-16853,EC-VESSEL-COL
TT-16854,EC-INST-TT
XV-16855,EC-VALVE-ISO
XV-16856,EC-VALVE-ISO
E-16857,EC-HEATEXCH-SHELL
FT-16858,EC-INST-FT
PT-16859,EC-INST-PT
XV-16860,EC-VALVE-ISO
PT-16861,EC-INST-PT
P-16862,EC-PUMP-CENTR
E-16863,EC-HEATEXCH-SHELL
P-16864,EC-PUMP-RECIP
E-16865,EC-HEATEXCH-SHELL
FT-16866,EC-INST-FT
LT-16867,EC-INST-LT
COL-16868,EC-VESSEL-COL
P-16869,EC-PUMP-RECIP
P-16870,EC-PUMP-CENTR
K-16871,EC-COMPRESSOR-CENTR
FCV-16872,EC-VALVE-CTRL
PSV-16873,EC-VALVE-RELIEF
COL-16874,EC-VESSEL-COL
K-16875,EC-COMPRESSOR-CENTR
COL-16876,EC-VESSEL-COL
V-16877,EC-VESSEL-SEP
P-16878,EC-PUMP-RECIP
XV-16879,EC-VALVE-ISO
TT-16880,EC-INST-TT
FCV-16881,EC-VALVE-CTRL
LT-16882,EC-INST-LT
XV-16883,EC-VALVE-ISO
PT-16884,EC-INST-PT
LT-16885,EC-INST-LT
V-16886,EC-VESSEL-SEP
TT-16887,EC-INST-TT
TT-16888,EC-INST-TT
V-16889,EC-VESSEL-SEP
TT-16890,EC-INST-TT
PSV-16891,EC-VALVE-RELIEF
K-16892,EC-COMPRESSOR-CENTR
P-16893,EC-PUMP-CENTR
P-16894,EC-PUMP-CENTR
K-16895,EC-COMPRESSOR-CENTR
PT-16896,EC-INST-PT
TT-16897,EC-INST-TT
LT-16898,EC-INST-LT
COL-16899,EC-VESSEL-COL
P-16900,EC-PUMP-CENTR
TT-16901,EC-INST-TT
XV-16902,EC-VALVE-ISO
PT-16903,EC-INST-PT
FCV-16904,EC-VALVE-CTRL
P-16905,EC-PUMP-RECIP
PSV-16906,EC-VALVE-RELIEF
FCV-16907,EC-VALVE-CTRL
TT-16908,EC-INST-TT
V-16909,EC-VESSEL-SEP
LT-16910,EC-INST-LT
K-16911,EC-COMPRESSOR-CENTR
E-16912,EC-HEATEXCH-SHELL
K-16913,EC-COMPRESSOR-CENTR
E-16914,EC-HEATEXCH-SHELL
PSV-16915,EC-VALVE-RELIEF
TT-16916,EC-INST-TT
P-16917,EC-PUMP-RECIP
V-16918,EC-VESSEL-SEP
FCV-16919,EC-VALVE-CTRL
PSV-16920,EC-VALVE-RELIEF
K-16921,EC-COMPRESSOR-CENTR
P-16922,EC-PUMP-RECIP
V-16923,EC-VESSEL-SEP
COL-16924,EC-VESSEL-COL
P-16925,EC-PUMP-RECIP
COL-16926,EC-VESSEL-COL
K-16927,EC-COMPRESSOR-CENTR
COL-16928,EC-VESSEL-COL
E-16929,EC-HEATEXCH-SHELL
TT-16930,EC-INST-TT
E-16931,EC-HEATEXCH-SHELL
FCV-16932,EC-VALVE-CTRL
LT-16933,EC-INST-LT
XV-16934,EC-VALVE-ISO
LT-16935,EC-INST-LT
PSV-16936,EC-VALVE-RELIEF
TT-16937,EC-INST-TT
COL-16938,EC-VESSEL-COL
FCV-16939,EC-VALVE-CTRL
PT-16940,EC-INST-PT
V-16941,EC-VESSEL-SEP
K-16942,EC-COMPRESSOR-CENTR
P-16943,EC-PUMP-CENTR
XV-16944,EC-VALVE-ISO
LT-16945,EC-INST-LT
COL-16946,EC-VESSEL-COL
K-16947,EC-COMPRESSOR-CENTR
XV-16948,EC-VALVE-ISO
V-16949,EC-VESSEL-SEP
LT-16950,EC-INST-LT
P-16951,EC-PUMP-CENTR
K-16952,EC-COMPRESSOR-CENTR
FCV-16953,EC-VALVE-CTRL
XV-16954,EC-VALVE-ISO
FCV-16955,EC-VALVE-CTRL
LT-16956,EC-INST-LT
FT-16957,EC-INST-FT
FCV-16958,EC-VALVE-CTRL
FCV-16959,EC-VALVE-CTRL
K-16960,EC-COMPRESSOR-CENTR
V-16961,EC-VESSEL-SEP
LT-16962,EC-INST-LT
V-16963,EC-VESSEL-SEP
K-16964,EC-COMPRESSOR-CENTR
P-16965,EC-PUMP-CENTR
K-16966,EC-COMPRESSOR-CENTR
PSV-16967,EC-VALVE-RELIEF
PT-16968,EC-INST-PT
P-16969,EC-PUMP-RECIP
COL-16970,EC-VESSEL-COL
XV-16971,EC-VALVE-ISO
PT-16972,EC-INST-PT
FT-16973,EC-INST-FT
FT-16974,EC-INST-FT
FT-16975,EC-INST-FT
P-16976,EC-PUMP-CENTR
TT-16977,EC-INST-TT
XV-16978,EC-VALVE-ISO
P-16979,EC-PUMP-RECIP
P-16980,EC-PUMP-RECIP
TT-16981,EC-INST-TT
P-16982,EC-PUMP-RECIP
COL-16983,EC-VESSEL-COL
PT-16984,EC-INST-PT
E-16985,EC-HEATEXCH-SHELL
K-16986,EC-COMPRESSOR-CENTR
FCV-16987,EC-VALVE-CTRL
COL-16988,EC-VESSEL-COL
TT-16989,EC-INST-TT
FT-16990,EC-INST-FT
PT-16991,EC-INST-PT
FCV-16992,EC-VALVE-CTRL
FCV-16993,EC-VALVE-CTRL
E-16994,EC-HEATEXCH-SHELL
PT-16995,EC-INST-PT
PT-16996,EC-INST-PT
TT-16997,EC-INST-TT
V-16998,EC-VESSEL-SEP
COL-16999,EC-VESSEL-COL
COL-17000,EC-VESSEL-COL
P-17001,EC-PUMP-RECIP
COL-17002,EC-VESSEL-COL
PT-17003,EC-INST-PT
COL-17004,EC-VESSEL-COL
V-17005,EC-VESSEL-SEP
V-17006,EC-VESSEL-SEP
V-17007,EC-VESSEL-SEP
LT-17008,EC-INST-LT
E-17009,EC-HEATEXCH-SHELL
FT-17010,EC-INST-FT
E-17011,EC-HEATEXCH-SHELL
P-17012,EC-PUMP-CENTR
LT-17013,EC-INST-LT
PT-17014,EC-INST-PT
FT-17015,EC-INST-FT
COL-17016,EC-VESSEL-COL
K-17017,EC-COMPRESSOR-CENTR
XV-17018,EC-VALVE-ISO
P-17019,EC-PUMP-CENTR
XV-17020,EC-VALVE-ISO
XV-17021,EC-VALVE-ISO
TT-17022,EC-INST-TT
TT-17023,EC-INST-TT
COL-17024,EC-VESSEL-COL
LT-17025,EC-INST-LT
PT-17026,EC-INST-PT
P-17027,EC-PUMP-RECIP
E-17028,EC-HEATEXCH-SHELL
P-17029,EC-PUMP-CENTR
TT-17030,EC-INST-TT
P-17031,EC-PUMP-CENTR
LT-17032,EC-INST-LT
E-17033,EC-HEATEXCH-SHELL
XV-17034,EC-VALVE-ISO
COL-17035,EC-VESSEL-COL
LT-17036,EC-INST-LT
FCV-17037,EC-VALVE-CTRL
PT-17038,EC-INST-PT
TT-17039,EC-INST-TT
V-17040,EC-VESSEL-SEP
XV-17041,EC-VALVE-ISO
PT-17042,EC-INST-PT
K-17043,EC-COMPRESSOR-CENTR
E-17044,EC-HEATEXCH-SHELL
PT-17045,EC-INST-PT
E-17046,EC-HEATEXCH-SHELL
PSV-17047,EC-VALVE-RELIEF
PSV-17048,EC-VALVE-RELIEF
P-17049,EC-PUMP-CENTR
K-17050,EC-COMPRESSOR-CENTR
COL-17051,EC-VESSEL-COL
P-17052,EC-PUMP-CENTR
PT-17053,EC-INST-PT
P-17054,EC-PUMP-CENTR
P-17055,EC-PUMP-RECIP
P-17056,EC-PUMP-CENTR
TT-17057,EC-INST-TT
COL-17058,EC-VESSEL-COL
P-17059,EC-PUMP-CENTR
P-17060,EC-PUMP-RECIP
LT-17061,EC-INST-LT
PSV-17062,EC-VALVE-RELIEF
PSV-17063,EC-VALVE-RELIEF
LT-17064,EC-INST-LT
LT-17065,EC-INST-LT
PT-17066,EC-INST-PT
FCV-17067,EC-VALVE-CTRL
E-17068,EC-HEATEXCH-SHELL
PSV-17069,EC-VALVE-RELIEF
FCV-17070,EC-VALVE-CTRL
E-17071,EC-HEATEXCH-SHELL
PT-17072,EC-INST-PT
XV-17073,EC-VALVE-ISO
P-17074,EC-PUMP-RECIP
E-17075,EC-HEATEXCH-SHELL
TT-17076,EC-INST-TT
LT-17077,EC-INST-LT
P-17078,EC-PUMP-RECIP
LT-17079,EC-INST-LT
V-17080,EC-VESSEL-SEP
P-17081,EC-PUMP-RECIP
PT-17082,EC-INST-PT
E-17083,EC-HEATEXCH-SHELL
V-17084,EC-VESSEL-SEP
P-17085,EC-PUMP-CENTR
P-17086,EC-PUMP-RECIP
K-17087,EC-COMPRESSOR-CENTR
PSV-17088,EC-VALVE-RELIEF
PSV-17089,EC-VALVE-RELIEF
XV-17090,EC-VALVE-ISO
V-17091,EC-VESSEL-SEP
PSV-17092,EC-VALVE-RELIEF
TT-17093,EC-INST-TT
LT-17094,EC-INST-LT
XV-17095,EC-VALVE-ISO
PSV-17096,EC-VALVE-RELIEF
PSV-17097,EC-VALVE-RELIEF
PSV-17098,EC-VALVE-RELIEF
K-17099,EC-COMPRESSOR-CENTR
FT-17100,EC-INST-FT
P-17101,EC-PUMP-RECIP
P-17102,EC-PUMP-CENTR
FT-17103,EC-INST-FT
PT-17104,EC-INST-PT
TT-17105,EC-INST-TT
PSV-17106,EC-VALVE-RELIEF
XV-17107,EC-VALVE-ISO
V-17108,EC-VESSEL-SEP
XV-17109,EC-VALVE-ISO
TT-17110,EC-INST-TT
K-17111,EC-COMPRESSOR-CENTR
FT-17112,EC-INST-FT
FCV-17113,EC-VALVE-CTRL
TT-17114,EC-INST-TT
FT-17115,EC-INST-FT
LT-17116,EC-INST-LT
TT-17117,EC-INST-TT
TT-17118,EC-INST-TT
P-17119,EC-PUMP-RECIP
E-17120,EC-HEATEXCH-SHELL
E-17121,EC-HEATEXCH-SHELL
FT-17122,EC-INST-FT
FT-17123,EC-INST-FT
LT-17124,EC-INST-LT
E-17125,EC-HEATEXCH-SHELL
P-17126,EC-PUMP-CENTR
TT-17127,EC-INST-TT
TT-17128,EC-INST-TT
PT-17129,EC-INST-PT
PSV-17130,EC-VALVE-RELIEF
P-17131,EC-PUMP-CENTR
FT-17132,EC-INST-FT
V-17133,EC-VESSEL-SEP
P-17134,EC-PUMP-CENTR
FCV-17135,EC-VALVE-CTRL
P-17136,EC-PUMP-CENTR
LT-17137,EC-INST-LT
COL-17138,EC-VESSEL-COL
FT-17139,EC-INST-FT
TT-17140,EC-INST-TT
P-17141,EC-PUMP-RECIP
E-17142,EC-HEATEXCH-SHELL
FCV-17143,EC-VALVE-CTRL
XV-17144,EC-VALVE-ISO
FCV-17145,EC-VALVE-CTRL
TT-17146,EC-INST-TT
TT-17147,EC-INST-TT
K-17148,EC-COMPRESSOR-CENTR
XV-17149,EC-VALVE-ISO
XV-17150,EC-VALVE-ISO
XV-17151,EC-VALVE-ISO
K-17152,EC-COMPRESSOR-CENTR
FT-17153,EC-INST-FT
COL-17154,EC-VESSEL-COL
P-17155,EC-PUMP-CENTR
K-17156,EC-COMPRESSOR-CENTR
E-17157,EC-HEATEXCH-SHELL
PSV-17158,EC-VALVE-RELIEF
LT-17159,EC-INST-LT
V-17160,EC-VESSEL-SEP
K-17161,EC-COMPRESSOR-CENTR
LT-17162,EC-INST-LT
COL-17163,EC-VESSEL-COL
K-17164,EC-COMPRESSOR-CENTR
TT-17165,EC-INST-TT
XV-17166,EC-VALVE-ISO
PT-17167,EC-INST-PT
XV-17168,EC-VALVE-ISO
COL-17169,EC-VESSEL-COL
COL-17170,EC-VESSEL-COL
TT-17171,EC-INST-TT
P-17172,EC-PUMP-RECIP
PT-17173,EC-INST-PT
XV-17174,EC-VALVE-ISO
P-17175,EC-PUMP-CENTR
COL-17176,EC-VESSEL-COL
FCV-17177,EC-VALVE-CTRL
COL-17178,EC-VESSEL-COL
COL-17179,EC-VESSEL-COL
FT-17180,EC-INST-FT
K-17181,EC-COMPRESSOR-CENTR
FT-17182,EC-INST-FT
P-17183,EC-PUMP-RECIP
COL-17184,EC-VESSEL-COL
FCV-17185,EC-VALVE-CTRL
V-17186,EC-VESSEL-SEP
P-17187,EC-PUMP-RECIP
PSV-17188,EC-VALVE-RELIEF
LT-17189,EC-INST-LT
P-17190,EC-PUMP-CENTR
V-17191,EC-VESSEL-SEP
P-17192,EC-PUMP-RECIP
K-17193,EC-COMPRESSOR-CENTR
XV-17194,EC-VALVE-ISO
V-17195,EC-VESSEL-SEP
P-17196,EC-PUMP-RECIP
XV-17197,EC-VALVE-ISO
PSV-17198,EC-VALVE-RELIEF
P-17199,EC-PUMP-CENTR
FT-17200,EC-INST-FT
LT-17201,EC-INST-LT
FCV-17202,EC-VALVE-CTRL
P-17203,EC-PUMP-RECIP
FT-17204,EC-INST-FT
PT-17205,EC-INST-PT
PT-17206,EC-INST-PT
PT-17207,EC-INST-PT
P-17208,EC-PUMP-CENTR
K-17209,EC-COMPRESSOR-CENTR
V-17210,EC-VESSEL-SEP
P-17211,EC-PUMP-RECIP
PT-17212,EC-INST-PT
E-17213,EC-HEATEXCH-SHELL
FCV-17214,EC-VALVE-CTRL
PT-17215,EC-INST-PT
P-17216,EC-PUMP-CENTR
TT-17217,EC-INST-TT
COL-17218,EC-VESSEL-COL
P-17219,EC-PUMP-CENTR
TT-17220,EC-INST-TT
COL-17221,EC-VESSEL-COL
PT-17222,EC-INST-PT
COL-17223,EC-VESSEL-COL
XV-17224,EC-VALVE-ISO
K-17225,EC-COMPRESSOR-CENTR
PSV-17226,EC-VALVE-RELIEF
V-17227,EC-VESSEL-SEP
P-17228,EC-PUMP-RECIP
P-17229,EC-PUMP-RECIP
COL-17230,EC-VESSEL-COL
PT-17231,EC-INST-PT
COL-17232,EC-VESSEL-COL
PT-17233,EC-INST-PT
TT-17234,EC-INST-TT
FT-17235,EC-INST-FT
LT-17236,EC-INST-LT
XV-17237,EC-VALVE-ISO
TT-17238,EC-INST-TT
LT-17239,EC-INST-LT
PSV-17240,EC-VALVE-RELIEF
XV-17241,EC-VALVE-ISO
K-17242,EC-COMPRESSOR-CENTR
XV-17243,EC-VALVE-ISO
PT-17244,EC-INST-PT
PSV-17245,EC-VALVE-RELIEF
PT-17246,EC-INST-PT
PSV-17247,EC-VALVE-RELIEF
PT-17248,EC-INST-PT
K-17249,EC-COMPRESSOR-CENTR
FCV-17250,EC-VALVE-CTRL
PT-17251,EC-INST-PT
FT-17252,EC-INST-FT
COL-17253,EC-VESSEL-COL
COL-17254,EC-VESSEL-COL
PSV-17255,EC-VALVE-RELIEF
K-17256,EC-COMPRESSOR-CENTR
FCV-17257,EC-VALVE-CTRL
FT-17258,EC-INST-FT
V-17259,EC-VESSEL-SEP
PT-17260,EC-INST-PT
E-17261,EC-HEATEXCH-SHELL
LT-17262,EC-INST-LT
PT-17263,EC-INST-PT
PSV-17264,EC-VALVE-RELIEF
P-17265,EC-PUMP-CENTR
LT-17266,EC-INST-LT
P-17267,EC-PUMP-RECIP
TT-17268,EC-INST-TT
FT-17269,EC-INST-FT
TT-17270,EC-INST-TT
P-17271,EC-PUMP-CENTR
XV-17272,EC-VALVE-ISO
PSV-17273,EC-VALVE-RELIEF
PSV-17274,EC-VALVE-RELIEF
TT-17275,EC-INST-TT
E-17276,EC-HEATEXCH-SHELL
LT-17277,EC-INST-LT
FCV-17278,EC-VALVE-CTRL
P-17279,EC-PUMP-RECIP
E-17280,EC-HEATEXCH-SHELL
LT-17281,EC-INST-LT
COL-17282,EC-VESSEL-COL
V-17283,EC-VESSEL-SEP
XV-17284,EC-VALVE-ISO
TT-17285,EC-INST-TT
PSV-17286,EC-VALVE-RELIEF
K-17287,EC-COMPRESSOR-CENTR
LT-17288,EC-INST-LT
E-17289,EC-HEATEXCH-SHELL
PT-17290,EC-INST-PT
P-17291,EC-PUMP-CENTR
PSV-17292,EC-VALVE-RELIEF
PSV-17293,EC-VALVE-RELIEF
P-17294,EC-PUMP-RECIP
K-17295,EC-COMPRESSOR-CENTR
E-17296,EC-HEATEXCH-SHELL
E-17297,EC-HEATEXCH-SHELL
V-17298,EC-VESSEL-SEP
COL-17299,EC-VESSEL-COL
PSV-17300,EC-VALVE-RELIEF
PSV-17301,EC-VALVE-RELIEF
P-17302,EC-PUMP-CENTR
LT-17303,EC-INST-LT
FT-17304,EC-INST-FT
TT-17305,EC-INST-TT
V-17306,EC-VESSEL-SEP
LT-17307,EC-INST-LT
PSV-17308,EC-VALVE-RELIEF
TT-17309,EC-INST-TT
PSV-17310,EC-VALVE-RELIEF
PSV-17311,EC-VALVE-RELIEF
TT-17312,EC-INST-TT
FCV-17313,EC-VALVE-CTRL
COL-17314,EC-VESSEL-COL
P-17315,EC-PUMP-RECIP
P-17316,EC-PUMP-RECIP
E-17317,EC-HEATEXCH-SHELL
E-17318,EC-HEATEXCH-SHELL
FCV-17319,EC-VALVE-CTRL
FT-17320,EC-INST-FT
FCV-17321,EC-VALVE-CTRL
LT-17322,EC-INST-LT
E-17323,EC-HEATEXCH-SHELL
E-17324,EC-HEATEXCH-SHELL
LT-17325,EC-INST-LT
V-17326,EC-VESSEL-SEP
LT-17327,EC-INST-LT
K-17328,EC-COMPRESSOR-CENTR
K-17329,EC-COMPRESSOR-CENTR
PSV-17330,EC-VALVE-RELIEF
E-17331,EC-HEATEXCH-SHELL
TT-17332,EC-INST-TT
K-17333,EC-COMPRESSOR-CENTR
FT-17334,EC-INST-FT
PT-17335,EC-INST-PT
P-17336,EC-PUMP-CENTR
COL-17337,EC-VESSEL-COL
COL-17338,EC-VESSEL-COL
COL-17339,EC-VESSEL-COL
E-17340,EC-HEATEXCH-SHELL
E-17341,EC-HEATEXCH-SHELL
K-17342,EC-COMPRESSOR-CENTR
LT-17343,EC-INST-LT
P-17344,EC-PUMP-RECIP
FCV-17345,EC-VALVE-CTRL
PSV-17346,EC-VALVE-RELIEF
PSV-17347,EC-VALVE-RELIEF
P-17348,EC-PUMP-CENTR
PT-17349,EC-INST-PT
LT-17350,EC-INST-LT
XV-17351,EC-VALVE-ISO
V-17352,EC-VESSEL-SEP
V-17353,EC-VESSEL-SEP
P-17354,EC-PUMP-CENTR
FCV-17355,EC-VALVE-CTRL
K-17356,EC-COMPRESSOR-CENTR
P-17357,EC-PUMP-CENTR
V-17358,EC-VESSEL-SEP
V-17359,EC-VESSEL-SEP
XV-17360,EC-VALVE-ISO
FT-17361,EC-INST-FT
P-17362,EC-PUMP-RECIP
E-17363,EC-HEATEXCH-SHELL
K-17364,EC-COMPRESSOR-CENTR
E-17365,EC-HEATEXCH-SHELL
FT-17366,EC-INST-FT
K-17367,EC-COMPRESSOR-CENTR
TT-17368,EC-INST-TT
E-17369,EC-HEATEXCH-SHELL
PT-17370,EC-INST-PT
XV-17371,EC-VALVE-ISO
V-17372,EC-VESSEL-SEP
FT-17373,EC-INST-FT
PT-17374,EC-INST-PT
COL-17375,EC-VESSEL-COL
COL-17376,EC-VESSEL-COL
PT-17377,EC-INST-PT
V-17378,EC-VESSEL-SEP
P-17379,EC-PUMP-RECIP
K-17380,EC-COMPRESSOR-CENTR
P-17381,EC-PUMP-RECIP
FCV-17382,EC-VALVE-CTRL
E-17383,EC-HEATEXCH-SHELL
PSV-17384,EC-VALVE-RELIEF
LT-17385,EC-INST-LT
FT-17386,EC-INST-FT
K-17387,EC-COMPRESSOR-CENTR
COL-17388,EC-VESSEL-COL
TT-17389,EC-INST-TT
P-17390,EC-PUMP-CENTR
FT-17391,EC-INST-FT
V-17392,EC-VESSEL-SEP
TT-17393,EC-INST-TT
PSV-17394,EC-VALVE-RELIEF
P-17395,EC-PUMP-RECIP
FT-17396,EC-INST-FT
XV-17397,EC-VALVE-ISO
P-17398,EC-PUMP-CENTR
FT-17399,EC-INST-FT
P-17400,EC-PUMP-CENTR
FCV-17401,EC-VALVE-CTRL
FCV-17402,EC-VALVE-CTRL
PSV-17403,EC-VALVE-RELIEF
V-17404,EC-VESSEL-SEP
P-17405,EC-PUMP-CENTR
PSV-17406,EC-VALVE-RELIEF
COL-17407,EC-VESSEL-COL
E-17408,EC-HEATEXCH-SHELL
TT-17409,EC-INST-TT
LT-17410,EC-INST-LT
LT-17411,EC-INST-LT
K-17412,EC-COMPRESSOR-CENTR
TT-17413,EC-INST-TT
FCV-17414,EC-VALVE-CTRL
P-17415,EC-PUMP-RECIP
XV-17416,EC-VALVE-ISO
FT-17417,EC-INST-FT
P-17418,EC-PUMP-CENTR
PT-17419,EC-INST-PT
PSV-17420,EC-VALVE-RELIEF
K-17421,EC-COMPRESSOR-CENTR
TT-17422,EC-INST-TT
K-17423,EC-COMPRESSOR-CENTR
PSV-17424,EC-VALVE-RELIEF
FCV-17425,EC-VALVE-CTRL
LT-17426,EC-INST-LT
P-17427,EC-PUMP-RECIP
TT-17428,EC-INST-TT
FCV-17429,EC-VALVE-CTRL
FCV-17430,EC-VALVE-CTRL
XV-17431,EC-VALVE-ISO
LT-17432,EC-INST-LT
P-17433,EC-PUMP-CENTR
XV-17434,EC-VALVE-ISO
P-17435,EC-PUMP-RECIP
PSV-17436,EC-VALVE-RELIEF
P-17437,EC-PUMP-RECIP
P-17438,EC-PUMP-CENTR
PSV-17439,EC-VALVE-RELIEF
PSV-17440,EC-VALVE-RELIEF
FT-17441,EC-INST-FT
PT-17442,EC-INST-PT
COL-17443,EC-VESSEL-COL
E-17444,EC-HEATEXCH-SHELL
PT-17445,EC-INST-PT
P-17446,EC-PUMP-RECIP
K-17447,EC-COMPRESSOR-CENTR
PSV-17448,EC-VALVE-RELIEF
PT-17449,EC-INST-PT
LT-17450,EC-INST-LT
XV-17451,EC-VALVE-ISO
XV-17452,EC-VALVE-ISO
FCV-17453,EC-VALVE-CTRL
TT-17454,EC-INST-TT
PT-17455,EC-INST-PT
FCV-17456,EC-VALVE-CTRL
XV-17457,EC-VALVE-ISO
FCV-17458,EC-VALVE-CTRL
TT-17459,EC-INST-TT
COL-17460,EC-VESSEL-COL
K-17461,EC-COMPRESSOR-CENTR
LT-17462,EC-INST-LT
P-17463,EC-PUMP-RECIP
FT-17464,EC-INST-FT
TT-17465,EC-INST-TT
K-17466,EC-COMPRESSOR-CENTR
V-17467,EC-VESSEL-SEP
FT-17468,EC-INST-FT
PT-17469,EC-INST-PT
PT-17470,EC-INST-PT
P-17471,EC-PUMP-CENTR
V-17472,EC-VESSEL-SEP
TT-17473,EC-INST-TT
COL-17474,EC-VESSEL-COL
TT-17475,EC-INST-TT
V-17476,EC-VESSEL-SEP
PSV-17477,EC-VALVE-RELIEF
COL-17478,EC-VESSEL-COL
P-17479,EC-PUMP-CENTR
P-17480,EC-PUMP-CENTR
TT-17481,EC-INST-TT
P-17482,EC-PUMP-RECIP
FT-17483,EC-INST-FT
P-17484,EC-PUMP-RECIP
V-17485,EC-VESSEL-SEP
PT-17486,EC-INST-PT
PSV-17487,EC-VALVE-RELIEF
XV-17488,EC-VALVE-ISO
V-17489,EC-VESSEL-SEP
LT-17490,EC-INST-LT
LT-17491,EC-INST-LT
PT-17492,EC-INST-PT
V-17493,EC-VESSEL-SEP
V-17494,EC-VESSEL-SEP
PSV-17495,EC-VALVE-RELIEF
V-17496,EC-VESSEL-SEP
PT-17497,EC-INST-PT
V-17498,EC-VESSEL-SEP
P-17499,EC-PUMP-CENTR
E-17500,EC-HEATEXCH-SHELL
K-17501,EC-COMPRESSOR-CENTR
P-17502,EC-PUMP-CENTR
XV-17503,EC-VALVE-ISO
PT-17504,EC-INST-PT
P-17505,EC-PUMP-RECIP
P-17506,EC-PUMP-RECIP
PSV-17507,EC-VALVE-RELIEF
E-17508,EC-HEATEXCH-SHELL
LT-17509,EC-INST-LT
P-17510,EC-PUMP-RECIP
PT-17511,EC-INST-PT
PT-17512,EC-INST-PT
PT-17513,EC-INST-PT
P-17514,EC-PUMP-CENTR
XV-17515,EC-VALVE-ISO
V-17516,EC-VESSEL-SEP
P-17517,EC-PUMP-CENTR
P-17518,EC-PUMP-RECIP
FCV-17519,EC-VALVE-CTRL
K-17520,EC-COMPRESSOR-CENTR
K-17521,EC-COMPRESSOR-CENTR
TT-17522,EC-INST-TT
FCV-17523,EC-VALVE-CTRL
PT-17524,EC-INST-PT
FT-17525,EC-INST-FT
V-17526,EC-VESSEL-SEP
FCV-17527,EC-VALVE-CTRL
P-17528,EC-PUMP-RECIP
XV-17529,EC-VALVE-ISO
P-17530,EC-PUMP-RECIP
V-17531,EC-VESSEL-SEP
TT-17532,EC-INST-TT
PT-17533,EC-INST-PT
V-17534,EC-VESSEL-SEP
E-17535,EC-HEATEXCH-SHELL
COL-17536,EC-VESSEL-COL
V-17537,EC-VESSEL-SEP
V-17538,EC-VESSEL-SEP
E-17539,EC-HEATEXCH-SHELL
PT-17540,EC-INST-PT
V-17541,EC-VESSEL-SEP
LT-17542,EC-INST-LT
V-17543,EC-VESSEL-SEP
P-17544,EC-PUMP-RECIP
PSV-17545,EC-VALVE-RELIEF
PSV-17546,EC-VALVE-RELIEF
FCV-17547,EC-VALVE-CTRL
LT-17548,EC-INST-LT
TT-17549,EC-INST-TT
P-17550,EC-PUMP-RECIP
XV-17551,EC-VALVE-ISO
K-17552,EC-COMPRESSOR-CENTR
PSV-17553,EC-VALVE-RELIEF
FT-17554,EC-INST-FT
PT-17555,EC-INST-PT
P-17556,EC-PUMP-CENTR
PSV-17557,EC-VALVE-RELIEF
PSV-17558,EC-VALVE-RELIEF
PT-17559,EC-INST-PT
P-17560,EC-PUMP-CENTR
E-17561,EC-HEATEXCH-SHELL
PSV-17562,EC-VALVE-RELIEF
V-17563,EC-VESSEL-SEP
P-17564,EC-PUMP-RECIP
TT-17565,EC-INST-TT
FT-17566,EC-INST-FT
FCV-17567,EC-VALVE-CTRL
PSV-17568,EC-VALVE-RELIEF
V-17569,EC-VESSEL-SEP
P-17570,EC-PUMP-CENTR
TT-17571,EC-INST-TT
K-17572,EC-COMPRESSOR-CENTR
P-17573,EC-PUMP-RECIP
PSV-17574,EC-VALVE-RELIEF
PSV-17575,EC-VALVE-RELIEF
K-17576,EC-COMPRESSOR-CENTR
FCV-17577,EC-VALVE-CTRL
P-17578,EC-PUMP-RECIP
P-17579,EC-PUMP-RECIP
K-17580,EC-COMPRESSOR-CENTR
E-17581,EC-HEATEXCH-SHELL
XV-17582,EC-VALVE-ISO
FCV-17583,EC-VALVE-CTRL
LT-17584,EC-INST-LT
P-17585,EC-PUMP-RECIP
FCV-17586,EC-VALVE-CTRL
P-17587,EC-PUMP-RECIP
PSV-17588,EC-VALVE-RELIEF
TT-17589,EC-INST-TT
XV-17590,EC-VALVE-ISO
XV-17591,EC-VALVE-ISO
FCV-17592,EC-VALVE-CTRL
TT-17593,EC-INST-TT
E-17594,EC-HEATEXCH-SHELL
LT-17595,EC-INST-LT
K-17596,EC-COMPRESSOR-CENTR
V-17597,EC-VESSEL-SEP
V-17598,EC-VESSEL-SEP
E-17599,EC-HEATEXCH-SHELL
PSV-17600,EC-VALVE-RELIEF
V-17601,EC-VESSEL-SEP
P-17602,EC-PUMP-RECIP
PSV-17603,EC-VALVE-RELIEF
PSV-17604,EC-VALVE-RELIEF
V-17605,EC-VESSEL-SEP
TT-17606,EC-INST-TT
P-17607,EC-PUMP-RECIP
PSV-17608,EC-VALVE-RELIEF
P-17609,EC-PUMP-RECIP
LT-17610,EC-INST-LT
FCV-17611,EC-VALVE-CTRL
LT-17612,EC-INST-LT
E-17613,EC-HEATEXCH-SHELL
LT-17614,EC-INST-LT
K-17615,EC-COMPRESSOR-CENTR
PSV-17616,EC-VALVE-RELIEF
FT-17617,EC-INST-FT
P-17618,EC-PUMP-RECIP
E-17619,EC-HEATEXCH-SHELL
PT-17620,EC-INST-PT
XV-17621,EC-VALVE-ISO
PT-17622,EC-INST-PT
FCV-17623,EC-VALVE-CTRL
FT-17624,EC-INST-FT
FT-17625,EC-INST-FT
P-17626,EC-PUMP-RECIP
TT-17627,EC-INST-TT
E-17628,EC-HEATEXCH-SHELL
FCV-17629,EC-VALVE-CTRL
E-17630,EC-HEATEXCH-SHELL
K-17631,EC-COMPRESSOR-CENTR
TT-17632,EC-INST-TT
PT-17633,EC-INST-PT
FT-17634,EC-INST-FT
TT-17635,EC-INST-TT
XV-17636,EC-VALVE-ISO
PT-17637,EC-INST-PT
E-17638,EC-HEATEXCH-SHELL
E-17639,EC-HEATEXCH-SHELL
V-17640,EC-VESSEL-SEP
PSV-17641,EC-VALVE-RELIEF
TT-17642,EC-INST-TT
K-17643,EC-COMPRESSOR-CENTR
FT-17644,EC-INST-FT
PSV-17645,EC-VALVE-RELIEF
FT-17646,EC-INST-FT
LT-17647,EC-INST-LT
E-17648,EC-HEATEXCH-SHELL
LT-17649,EC-INST-LT
COL-17650,EC-VESSEL-COL
P-17651,EC-PUMP-CENTR
PSV-17652,EC-VALVE-RELIEF
P-17653,EC-PUMP-RECIP
FCV-17654,EC-VALVE-CTRL
FT-17655,EC-INST-FT
COL-17656,EC-VESSEL-COL
P-17657,EC-PUMP-RECIP
PT-17658,EC-INST-PT
FT-17659,EC-INST-FT
P-17660,EC-PUMP-CENTR
P-17661,EC-PUMP-RECIP
TT-17662,EC-INST-TT
K-17663,EC-COMPRESSOR-CENTR
E-17664,EC-HEATEXCH-SHELL
V-17665,EC-VESSEL-SEP
XV-17666,EC-VALVE-ISO
XV-17667,EC-VALVE-ISO
K-17668,EC-COMPRESSOR-CENTR
XV-17669,EC-VALVE-ISO
FT-17670,EC-INST-FT
PSV-17671,EC-VALVE-RELIEF
PT-17672,EC-INST-PT
XV-17673,EC-VALVE-ISO
COL-17674,EC-VESSEL-COL
K-17675,EC-COMPRESSOR-CENTR
TT-17676,EC-INST-TT
V-17677,EC-VESSEL-SEP
FCV-17678,EC-VALVE-CTRL
COL-17679,EC-VESSEL-COL
COL-17680,EC-VESSEL-COL
FCV-17681,EC-VALVE-CTRL
K-17682,EC-COMPRESSOR-CENTR
E-17683,EC-HEATEXCH-SHELL
K-17684,EC-COMPRESSOR-CENTR
PSV-17685,EC-VALVE-RELIEF
LT-17686,EC-INST-LT
COL-17687,EC-VESSEL-COL
LT-17688,EC-INST-LT
COL-17689,EC-VESSEL-COL
V-17690,EC-VESSEL-SEP
PSV-17691,EC-VALVE-RELIEF
P-17692,EC-PUMP-CENTR
FT-17693,EC-INST-FT
TT-17694,EC-INST-TT
P-17695,EC-PUMP-RECIP
FT-17696,EC-INST-FT
FCV-17697,EC-VALVE-CTRL
COL-17698,EC-VESSEL-COL
LT-17699,EC-INST-LT
PT-17700,EC-INST-PT
XV-17701,EC-VALVE-ISO
PSV-17702,EC-VALVE-RELIEF
E-17703,EC-HEATEXCH-SHELL
FCV-17704,EC-VALVE-CTRL
COL-17705,EC-VESSEL-COL
V-17706,EC-VESSEL-SEP
P-17707,EC-PUMP-RECIP
V-17708,EC-VESSEL-SEP
K-17709,EC-COMPRESSOR-CENTR
LT-17710,EC-INST-LT
FT-17711,EC-INST-FT
XV-17712,EC-VALVE-ISO
FCV-17713,EC-VALVE-CTRL
TT-17714,EC-INST-TT
P-17715,EC-PUMP-CENTR
K-17716,EC-COMPRESSOR-CENTR
XV-17717,EC-VALVE-ISO
LT-17718,EC-INST-LT
PT-17719,EC-INST-PT
FT-17720,EC-INST-FT
XV-17721,EC-VALVE-ISO
COL-17722,EC-VESSEL-COL
TT-17723,EC-INST-TT
E-17724,EC-HEATEXCH-SHELL
LT-17725,EC-INST-LT
FT-17726,EC-INST-FT
P-17727,EC-PUMP-RECIP
K-17728,EC-COMPRESSOR-CENTR
V-17729,EC-VESSEL-SEP
V-17730,EC-VESSEL-SEP
P-17731,EC-PUMP-RECIP
PT-17732,EC-INST-PT
P-17733,EC-PUMP-RECIP
COL-17734,EC-VESSEL-COL
TT-17735,EC-INST-TT
LT-17736,EC-INST-LT
E-17737,EC-HEATEXCH-SHELL
PSV-17738,EC-VALVE-RELIEF
FCV-17739,EC-VALVE-CTRL
P-17740,EC-PUMP-CENTR
XV-17741,EC-VALVE-ISO
FCV-17742,EC-VALVE-CTRL
FT-17743,EC-INST-FT
PT-17744,EC-INST-PT
E-17745,EC-HEATEXCH-SHELL
P-17746,EC-PUMP-CENTR
XV-17747,EC-VALVE-ISO
PT-17748,EC-INST-PT
E-17749,EC-HEATEXCH-SHELL
PT-17750,EC-INST-PT
XV-17751,EC-VALVE-ISO
XV-17752,EC-VALVE-ISO
V-17753,EC-VESSEL-SEP
V-17754,EC-VESSEL-SEP
PT-17755,EC-INST-PT
LT-17756,EC-INST-LT
K-17757,EC-COMPRESSOR-CENTR
LT-17758,EC-INST-LT
TT-17759,EC-INST-TT
FCV-17760,EC-VALVE-CTRL
XV-17761,EC-VALVE-ISO
P-17762,EC-PUMP-RECIP
FCV-17763,EC-VALVE-CTRL
XV-17764,EC-VALVE-ISO
FCV-17765,EC-VALVE-CTRL
COL-17766,EC-VESSEL-COL
LT-17767,EC-INST-LT
E-17768,EC-HEATEXCH-SHELL
TT-17769,EC-INST-TT
K-17770,EC-COMPRESSOR-CENTR
PT-17771,EC-INST-PT
FT-17772,EC-INST-FT
E-17773,EC-HEATEXCH-SHELL
K-17774,EC-COMPRESSOR-CENTR
K-17775,EC-COMPRESSOR-CENTR
PT-17776,EC-INST-PT
K-17777,EC-COMPRESSOR-CENTR
PT-17778,EC-INST-PT
E-17779,EC-HEATEXCH-SHELL
XV-17780,EC-VALVE-ISO
E-17781,EC-HEATEXCH-SHELL
E-17782,EC-HEATEXCH-SHELL
E-17783,EC-HEATEXCH-SHELL
TT-17784,EC-INST-TT
XV-17785,EC-VALVE-ISO
PT-17786,EC-INST-PT
LT-17787,EC-INST-LT
FT-17788,EC-INST-FT
COL-17789,EC-VESSEL-COL
TT-17790,EC-INST-TT
XV-17791,EC-VALVE-ISO
PT-17792,EC-INST-PT
PSV-17793,EC-VALVE-RELIEF
E-17794,EC-HEATEXCH-SHELL
FT-17795,EC-INST-FT
K-17796,EC-COMPRESSOR-CENTR
P-17797,EC-PUMP-RECIP
E-17798,EC-HEATEXCH-SHELL
V-17799,EC-VESSEL-SEP
FCV-17800,EC-VALVE-CTRL
P-17801,EC-PUMP-CENTR
FCV-17802,EC-VALVE-CTRL
XV-17803,EC-VALVE-ISO
V-17804,EC-VESSEL-SEP
COL-17805,EC-VESSEL-COL
COL-17806,EC-VESSEL-COL
TT-17807,EC-INST-TT
E-17808,EC-HEATEXCH-SHELL
TT-17809,EC-INST-TT
K-17810,EC-COMPRESSOR-CENTR
PSV-17811,EC-VALVE-RELIEF
P-17812,EC-PUMP-RECIP
V-17813,EC-VESSEL-SEP
K-17814,EC-COMPRESSOR-CENTR
E-17815,EC-HEATEXCH-SHELL
XV-17816,EC-VALVE-ISO
XV-17817,EC-VALVE-ISO
V-17818,EC-VESSEL-SEP
COL-17819,EC-VESSEL-COL
XV-17820,EC-VALVE-ISO
K-17821,EC-COMPRESSOR-CENTR
FCV-17822,EC-VALVE-CTRL
E-17823,EC-HEATEXCH-SHELL
FCV-17824,EC-VALVE-CTRL
PSV-17825,EC-VALVE-RELIEF
XV-17826,EC-VALVE-ISO
TT-17827,EC-INST-TT
P-17828,EC-PUMP-RECIP
E-17829,EC-HEATEXCH-SHELL
XV-17830,EC-VALVE-ISO
XV-17831,EC-VALVE-ISO
FCV-17832,EC-VALVE-CTRL
FCV-17833,EC-VALVE-CTRL
XV-17834,EC-VALVE-ISO
PT-17835,EC-INST-PT
E-17836,EC-HEATEXCH-SHELL
P-17837,EC-PUMP-CENTR
PT-17838,EC-INST-PT
FT-17839,EC-INST-FT
K-17840,EC-COMPRESSOR-CENTR
V-17841,EC-VESSEL-SEP
FCV-17842,EC-VALVE-CTRL
PSV-17843,EC-VALVE-RELIEF
V-17844,EC-VESSEL-SEP
PT-17845,EC-INST-PT
V-17846,EC-VESSEL-SEP
COL-17847,EC-VESSEL-COL
XV-17848,EC-VALVE-ISO
P-17849,EC-PUMP-RECIP
V-17850,EC-VESSEL-SEP
FCV-17851,EC-VALVE-CTRL
XV-17852,EC-VALVE-ISO
P-17853,EC-PUMP-RECIP
E-17854,EC-HEATEXCH-SHELL
TT-17855,EC-INST-TT
E-17856,EC-HEATEXCH-SHELL
COL-17857,EC-VESSEL-COL
K-17858,EC-COMPRESSOR-CENTR
FCV-17859,EC-VALVE-CTRL
PSV-17860,EC-VALVE-RELIEF
FCV-17861,EC-VALVE-CTRL
TT-17862,EC-INST-TT
V-17863,EC-VESSEL-SEP
P-17864,EC-PUMP-CENTR
FT-17865,EC-INST-FT
XV-17866,EC-VALVE-ISO
XV-17867,EC-VALVE-ISO
FT-17868,EC-INST-FT
PSV-17869,EC-VALVE-RELIEF
PSV-17870,EC-VALVE-RELIEF
LT-17871,EC-INST-LT
PSV-17872,EC-VALVE-RELIEF
E-17873,EC-HEATEXCH-SHELL
LT-17874,EC-INST-LT
K-17875,EC-COMPRESSOR-CENTR
V-17876,EC-VESSEL-SEP
FT-17877,EC-INST-FT
COL-17878,EC-VESSEL-COL
XV-17879,EC-VALVE-ISO
K-17880,EC-COMPRESSOR-CENTR
TT-17881,EC-INST-TT
E-17882,EC-HEATEXCH-SHELL
E-17883,EC-HEATEXCH-SHELL
XV-17884,EC-VALVE-ISO
E-17885,EC-HEATEXCH-SHELL
FT-17886,EC-INST-FT
E-17887,EC-HEATEXCH-SHELL
V-17888,EC-VESSEL-SEP
XV-17889,EC-VALVE-ISO
TT-17890,EC-INST-TT
FT-17891,EC-INST-FT
FT-17892,EC-INST-FT
PT-17893,EC-INST-PT
PT-17894,EC-INST-PT
K-17895,EC-COMPRESSOR-CENTR
XV-17896,EC-VALVE-ISO
P-17897,EC-PUMP-CENTR
K-17898,EC-COMPRESSOR-CENTR
PSV-17899,EC-VALVE-RELIEF
E-17900,EC-HEATEXCH-SHELL
TT-17901,EC-INST-TT
LT-17902,EC-INST-LT
XV-17903,EC-VALVE-ISO
TT-17904,EC-INST-TT
TT-17905,EC-INST-TT
P-17906,EC-PUMP-CENTR
V-17907,EC-VESSEL-SEP
V-17908,EC-VESSEL-SEP
E-17909,EC-HEATEXCH-SHELL
FCV-17910,EC-VALVE-CTRL
P-17911,EC-PUMP-CENTR
LT-17912,EC-INST-LT
PT-17913,EC-INST-PT
LT-17914,EC-INST-LT
P-17915,EC-PUMP-CENTR
V-17916,EC-VESSEL-SEP
COL-17917,EC-VESSEL-COL
XV-17918,EC-VALVE-ISO
XV-17919,EC-VALVE-ISO
FT-17920,EC-INST-FT
XV-17921,EC-VALVE-ISO
COL-17922,EC-VESSEL-COL
V-17923,EC-VESSEL-SEP
FT-17924,EC-INST-FT
FT-17925,EC-INST-FT
P-17926,EC-PUMP-RECIP
K-17927,EC-COMPRESSOR-CENTR
P-17928,EC-PUMP-CENTR
XV-17929,EC-VALVE-ISO
XV-17930,EC-VALVE-ISO
COL-17931,EC-VESSEL-COL
E-17932,EC-HEATEXCH-SHELL
XV-17933,EC-VALVE-ISO
V-17934,EC-VESSEL-SEP
FT-17935,EC-INST-FT
FCV-17936,EC-VALVE-CTRL
PT-17937,EC-INST-PT
E-17938,EC-HEATEXCH-SHELL
LT-17939,EC-INST-LT
PSV-17940,EC-VALVE-RELIEF
P-17941,EC-PUMP-RECIP
V-17942,EC-VESSEL-SEP
V-17943,EC-VESSEL-SEP
XV-17944,EC-VALVE-ISO
TT-17945,EC-INST-TT
P-17946,EC-PUMP-RECIP
FCV-17947,EC-VALVE-CTRL
PSV-17948,EC-VALVE-RELIEF
P-17949,EC-PUMP-CENTR
COL-17950,EC-VESSEL-COL
E-17951,EC-HEATEXCH-SHELL
XV-17952,EC-VALVE-ISO
FT-17953,EC-INST-FT
K-17954,EC-COMPRESSOR-CENTR
LT-17955,EC-INST-LT
TT-17956,EC-INST-TT
FCV-17957,EC-VALVE-CTRL
FT-17958,EC-INST-FT
P-17959,EC-PUMP-RECIP
FCV-17960,EC-VALVE-CTRL
K-17961,EC-COMPRESSOR-CENTR
P-17962,EC-PUMP-CENTR
V-17963,EC-VESSEL-SEP
PSV-17964,EC-VALVE-RELIEF
TT-17965,EC-INST-TT
FCV-17966,EC-VALVE-CTRL
LT-17967,EC-INST-LT
P-17968,EC-PUMP-RECIP
COL-17969,EC-VESSEL-COL
E-17970,EC-HEATEXCH-SHELL
PT-17971,EC-INST-PT
TT-17972,EC-INST-TT
TT-17973,EC-INST-TT
LT-17974,EC-INST-LT
P-17975,EC-PUMP-RECIP
P-17976,EC-PUMP-CENTR
K-17977,EC-COMPRESSOR-CENTR
P-17978,EC-PUMP-RECIP
V-17979,EC-VESSEL-SEP
FT-17980,EC-INST-FT
K-17981,EC-COMPRESSOR-CENTR
V-17982,EC-VESSEL-SEP
LT-17983,EC-INST-LT
TT-17984,EC-INST-TT
FCV-17985,EC-VALVE-CTRL
P-17986,EC-PUMP-CENTR
K-17987,EC-COMPRESSOR-CENTR
PSV-17988,EC-VALVE-RELIEF
P-17989,EC-PUMP-CENTR
COL-17990,EC-VESSEL-COL
LT-17991,EC-INST-LT
PT-17992,EC-INST-PT
V-17993,EC-VESSEL-SEP
TT-17994,EC-INST-TT
FT-17995,EC-INST-FT
LT-17996,EC-INST-LT
COL-17997,EC-VESSEL-COL
LT-17998,EC-INST-LT
PT-17999,EC-INST-PT
TT-18000,EC-INST-TT
V-18001,EC-VESSEL-SEP
FT-18002,EC-INST-FT
P-18003,EC-PUMP-RECIP
K-18004,EC-COMPRESSOR-CENTR
FCV-18005,EC-VALVE-CTRL
FCV-18006,EC-VALVE-CTRL
COL-18007,EC-VESSEL-COL
FT-18008,EC-INST-FT
PT-18009,EC-INST-PT
FCV-18010,EC-VALVE-CTRL
FT-18011,EC-INST-FT
K-18012,EC-COMPRESSOR-CENTR
FT-18013,EC-INST-FT
P-18014,EC-PUMP-RECIP
FCV-18015,EC-VALVE-CTRL
P-18016,EC-PUMP-RECIP
FT-18017,EC-INST-FT
E-18018,EC-HEATEXCH-SHELL
XV-18019,EC-VALVE-ISO
K-18020,EC-COMPRESSOR-CENTR
P-18021,EC-PUMP-RECIP
E-18022,EC-HEATEXCH-SHELL
E-18023,EC-HEATEXCH-SHELL
LT-18024,EC-INST-LT
E-18025,EC-HEATEXCH-SHELL
TT-18026,EC-INST-TT
P-18027,EC-PUMP-RECIP
TT-18028,EC-INST-TT
LT-18029,EC-INST-LT
P-18030,EC-PUMP-RECIP
PSV-18031,EC-VALVE-RELIEF
K-18032,EC-COMPRESSOR-CENTR
V-18033,EC-VESSEL-SEP
E-18034,EC-HEATEXCH-SHELL
XV-18035,EC-VALVE-ISO
P-18036,EC-PUMP-CENTR
XV-18037,EC-VALVE-ISO
TT-18038,EC-INST-TT
V-18039,EC-VESSEL-SEP
E-18040,EC-HEATEXCH-SHELL
P-18041,EC-PUMP-CENTR
K-18042,EC-COMPRESSOR-CENTR
K-18043,EC-COMPRESSOR-CENTR
LT-18044,EC-INST-LT
V-18045,EC-VESSEL-SEP
E-18046,EC-HEATEXCH-SHELL
FCV-18047,EC-VALVE-CTRL
FCV-18048,EC-VALVE-CTRL
LT-18049,EC-INST-LT
PT-18050,EC-INST-PT
LT-18051,EC-INST-LT
FCV-18052,EC-VALVE-CTRL
E-18053,EC-HEATEXCH-SHELL
PSV-18054,EC-VALVE-RELIEF
PSV-18055,EC-VALVE-RELIEF
COL-18056,EC-VESSEL-COL
PSV-18057,EC-VALVE-RELIEF
V-18058,EC-VESSEL-SEP
PSV-18059,EC-VALVE-RELIEF
V-18060,EC-VESSEL-SEP
TT-18061,EC-INST-TT
XV-18062,EC-VALVE-ISO
LT-18063,EC-INST-LT
P-18064,EC-PUMP-CENTR
PSV-18065,EC-VALVE-RELIEF
COL-18066,EC-VESSEL-COL
K-18067,EC-COMPRESSOR-CENTR
P-18068,EC-PUMP-CENTR
COL-18069,EC-VESSEL-COL
FCV-18070,EC-VALVE-CTRL
P-18071,EC-PUMP-CENTR
PT-18072,EC-INST-PT
LT-18073,EC-INST-LT
PSV-18074,EC-VALVE-RELIEF
PSV-18075,EC-VALVE-RELIEF
P-18076,EC-PUMP-RECIP
P-18077,EC-PUMP-RECIP
LT-18078,EC-INST-LT
LT-18079,EC-INST-LT
K-18080,EC-COMPRESSOR-CENTR
PSV-18081,EC-VALVE-RELIEF
P-18082,EC-PUMP-CENTR
P-18083,EC-PUMP-RECIP
K-18084,EC-COMPRESSOR-CENTR
P-18085,EC-PUMP-RECIP
P-18086,EC-PUMP-RECIP
K-18087,EC-COMPRESSOR-CENTR
FCV-18088,EC-VALVE-CTRL
V-18089,EC-VESSEL-SEP
V-18090,EC-VESSEL-SEP
P-18091,EC-PUMP-RECIP
LT-18092,EC-INST-LT
P-18093,EC-PUMP-RECIP
P-18094,EC-PUMP-RECIP
V-18095,EC-VESSEL-SEP
K-18096,EC-COMPRESSOR-CENTR
TT-18097,EC-INST-TT
FT-18098,EC-INST-FT
P-18099,EC-PUMP-RECIP
P-18100,EC-PUMP-RECIP
PT-18101,EC-INST-PT
FT-18102,EC-INST-FT
XV-18103,EC-VALVE-ISO
E-18104,EC-HEATEXCH-SHELL
E-18105,EC-HEATEXCH-SHELL
FT-18106,EC-INST-FT
PSV-18107,EC-VALVE-RELIEF
P-18108,EC-PUMP-CENTR
P-18109,EC-PUMP-CENTR
XV-18110,EC-VALVE-ISO
FCV-18111,EC-VALVE-CTRL
FCV-18112,EC-VALVE-CTRL
LT-18113,EC-INST-LT
FT-18114,EC-INST-FT
PT-18115,EC-INST-PT
TT-18116,EC-INST-TT
P-18117,EC-PUMP-CENTR
XV-18118,EC-VALVE-ISO
XV-18119,EC-VALVE-ISO
K-18120,EC-COMPRESSOR-CENTR
FCV-18121,EC-VALVE-CTRL
PSV-18122,EC-VALVE-RELIEF
FCV-18123,EC-VALVE-CTRL
P-18124,EC-PUMP-RECIP
P-18125,EC-PUMP-CENTR
TT-18126,EC-INST-TT
XV-18127,EC-VALVE-ISO
K-18128,EC-COMPRESSOR-CENTR
PT-18129,EC-INST-PT
PT-18130,EC-INST-PT
FT-18131,EC-INST-FT
P-18132,EC-PUMP-CENTR
P-18133,EC-PUMP-CENTR
PSV-18134,EC-VALVE-RELIEF
PSV-18135,EC-VALVE-RELIEF
TT-18136,EC-INST-TT
K-18137,EC-COMPRESSOR-CENTR
LT-18138,EC-INST-LT
E-18139,EC-HEATEXCH-SHELL
PT-18140,EC-INST-PT
XV-18141,EC-VALVE-ISO
FT-18142,EC-INST-FT
K-18143,EC-COMPRESSOR-CENTR
TT-18144,EC-INST-TT
P-18145,EC-PUMP-RECIP
P-18146,EC-PUMP-CENTR
XV-18147,EC-VALVE-ISO
XV-18148,EC-VALVE-ISO
LT-18149,EC-INST-LT
PT-18150,EC-INST-PT
P-18151,EC-PUMP-RECIP
TT-18152,EC-INST-TT
LT-18153,EC-INST-LT
P-18154,EC-PUMP-RECIP
PSV-18155,EC-VALVE-RELIEF
COL-18156,EC-VESSEL-COL
P-18157,EC-PUMP-RECIP
PSV-18158,EC-VALVE-RELIEF
P-18159,EC-PUMP-RECIP
K-18160,EC-COMPRESSOR-CENTR
PSV-18161,EC-VALVE-RELIEF
FT-18162,EC-INST-FT
P-18163,EC-PUMP-CENTR
XV-18164,EC-VALVE-ISO
PT-18165,EC-INST-PT
FT-18166,EC-INST-FT
PT-18167,EC-INST-PT
PT-18168,EC-INST-PT
P-18169,EC-PUMP-RECIP
V-18170,EC-VESSEL-SEP
P-18171,EC-PUMP-RECIP
FT-18172,EC-INST-FT
K-18173,EC-COMPRESSOR-CENTR
V-18174,EC-VESSEL-SEP
FCV-18175,EC-VALVE-CTRL
K-18176,EC-COMPRESSOR-CENTR
PSV-18177,EC-VALVE-RELIEF
K-18178,EC-COMPRESSOR-CENTR
PSV-18179,EC-VALVE-RELIEF
E-18180,EC-HEATEXCH-SHELL
LT-18181,EC-INST-LT
COL-18182,EC-VESSEL-COL
TT-18183,EC-INST-TT
K-18184,EC-COMPRESSOR-CENTR
FCV-18185,EC-VALVE-CTRL
FCV-18186,EC-VALVE-CTRL
PSV-18187,EC-VALVE-RELIEF
V-18188,EC-VESSEL-SEP
P-18189,EC-PUMP-RECIP
FCV-18190,EC-VALVE-CTRL
LT-18191,EC-INST-LT
P-18192,EC-PUMP-CENTR
LT-18193,EC-INST-LT
FT-18194,EC-INST-FT
P-18195,EC-PUMP-CENTR
FT-18196,EC-INST-FT
FT-18197,EC-INST-FT
E-18198,EC-HEATEXCH-SHELL
P-18199,EC-PUMP-RECIP
P-18200,EC-PUMP-RECIP
LT-18201,EC-INST-LT
E-18202,EC-HEATEXCH-SHELL
PT-18203,EC-INST-PT
P-18204,EC-PUMP-CENTR
XV-18205,EC-VALVE-ISO
P-18206,EC-PUMP-CENTR
PSV-18207,EC-VALVE-RELIEF
P-18208,EC-PUMP-CENTR
TT-18209,EC-INST-TT
FT-18210,EC-INST-FT
P-18211,EC-PUMP-RECIP
K-18212,EC-COMPRESSOR-CENTR
FCV-18213,EC-VALVE-CTRL
P-18214,EC-PUMP-RECIP
P-18215,EC-PUMP-CENTR
PSV-18216,EC-VALVE-RELIEF
TT-18217,EC-INST-TT
P-18218,EC-PUMP-RECIP
P-18219,EC-PUMP-RECIP
K-18220,EC-COMPRESSOR-CENTR
XV-18221,EC-VALVE-ISO
E-18222,EC-HEATEXCH-SHELL
LT-18223,EC-INST-LT
PT-18224,EC-INST-PT
LT-18225,EC-INST-LT
PT-18226,EC-INST-PT
P-18227,EC-PUMP-RECIP
K-18228,EC-COMPRESSOR-CENTR
P-18229,EC-PUMP-RECIP
TT-18230,EC-INST-TT
E-18231,EC-HEATEXCH-SHELL
FT-18232,EC-INST-FT
FCV-18233,EC-VALVE-CTRL
V-18234,EC-VESSEL-SEP
FCV-18235,EC-VALVE-CTRL
LT-18236,EC-INST-LT
E-18237,EC-HEATEXCH-SHELL
K-18238,EC-COMPRESSOR-CENTR
PSV-18239,EC-VALVE-RELIEF
COL-18240,EC-VESSEL-COL
K-18241,EC-COMPRESSOR-CENTR
COL-18242,EC-VESSEL-COL
LT-18243,EC-INST-LT
P-18244,EC-PUMP-RECIP
FCV-18245,EC-VALVE-CTRL
FCV-18246,EC-VALVE-CTRL
FT-18247,EC-INST-FT
K-18248,EC-COMPRESSOR-CENTR
XV-18249,EC-VALVE-ISO
K-18250,EC-COMPRESSOR-CENTR
E-18251,EC-HEATEXCH-SHELL
TT-18252,EC-INST-TT
PSV-18253,EC-VALVE-RELIEF
PSV-18254,EC-VALVE-RELIEF
K-18255,EC-COMPRESSOR-CENTR
PT-18256,EC-INST-PT
COL-18257,EC-VESSEL-COL
TT-18258,EC-INST-TT
PT-18259,EC-INST-PT
COL-18260,EC-VESSEL-COL
PT-18261,EC-INST-PT
P-18262,EC-PUMP-CENTR
LT-18263,EC-INST-LT
K-18264,EC-COMPRESSOR-CENTR
V-18265,EC-VESSEL-SEP
K-18266,EC-COMPRESSOR-CENTR
P-18267,EC-PUMP-CENTR
FCV-18268,EC-VALVE-CTRL
E-18269,EC-HEATEXCH-SHELL
PT-18270,EC-INST-PT
PT-18271,EC-INST-PT
P-18272,EC-PUMP-RECIP
PSV-18273,EC-VALVE-RELIEF
COL-18274,EC-VESSEL-COL
E-18275,EC-HEATEXCH-SHELL
E-18276,EC-HEATEXCH-SHELL
K-18277,EC-COMPRESSOR-CENTR
FCV-18278,EC-VALVE-CTRL
PT-18279,EC-INST-PT
PSV-18280,EC-VALVE-RELIEF
PT-18281,EC-INST-PT
PT-18282,EC-INST-PT
P-18283,EC-PUMP-CENTR
FT-18284,EC-INST-FT
P-18285,EC-PUMP-CENTR
PSV-18286,EC-VALVE-RELIEF
P-18287,EC-PUMP-RECIP
PSV-18288,EC-VALVE-RELIEF
LT-18289,EC-INST-LT
PSV-18290,EC-VALVE-RELIEF
TT-18291,EC-INST-TT
V-18292,EC-VESSEL-SEP
P-18293,EC-PUMP-RECIP
P-18294,EC-PUMP-RECIP
XV-18295,EC-VALVE-ISO
COL-18296,EC-VESSEL-COL
TT-18297,EC-INST-TT
V-18298,EC-VESSEL-SEP
LT-18299,EC-INST-LT
PSV-18300,EC-VALVE-RELIEF
LT-18301,EC-INST-LT
XV-18302,EC-VALVE-ISO
PSV-18303,EC-VALVE-RELIEF
E-18304,EC-HEATEXCH-SHELL
FCV-18305,EC-VALVE-CTRL
P-18306,EC-PUMP-RECIP
LT-18307,EC-INST-LT
COL-18308,EC-VESSEL-COL
PSV-18309,EC-VALVE-RELIEF
E-18310,EC-HEATEXCH-SHELL
PSV-18311,EC-VALVE-RELIEF
TT-18312,EC-INST-TT
PT-18313,EC-INST-PT
E-18314,EC-HEATEXCH-SHELL
P-18315,EC-PUMP-CENTR
PT-18316,EC-INST-PT
COL-18317,EC-VESSEL-COL
TT-18318,EC-INST-TT
P-18319,EC-PUMP-RECIP
TT-18320,EC-INST-TT
P-18321,EC-PUMP-RECIP
P-18322,EC-PUMP-CENTR
V-18323,EC-VESSEL-SEP
P-18324,EC-PUMP-RECIP
E-18325,EC-HEATEXCH-SHELL
FCV-18326,EC-VALVE-CTRL
PSV-18327,EC-VALVE-RELIEF
PT-18328,EC-INST-PT
PT-18329,EC-INST-PT
FCV-18330,EC-VALVE-CTRL
P-18331,EC-PUMP-RECIP
P-18332,EC-PUMP-RECIP
V-18333,EC-VESSEL-SEP
FCV-18334,EC-VALVE-CTRL
K-18335,EC-COMPRESSOR-CENTR
LT-18336,EC-INST-LT
PT-18337,EC-INST-PT
COL-18338,EC-VESSEL-COL
E-18339,EC-HEATEXCH-SHELL
LT-18340,EC-INST-LT
K-18341,EC-COMPRESSOR-CENTR
P-18342,EC-PUMP-CENTR
FCV-18343,EC-VALVE-CTRL
V-18344,EC-VESSEL-SEP
XV-18345,EC-VALVE-ISO
TT-18346,EC-INST-TT
LT-18347,EC-INST-LT
FT-18348,EC-INST-FT
LT-18349,EC-INST-LT
XV-18350,EC-VALVE-ISO
FCV-18351,EC-VALVE-CTRL
COL-18352,EC-VESSEL-COL
PT-18353,EC-INST-PT
P-18354,EC-PUMP-RECIP
PSV-18355,EC-VALVE-RELIEF
E-18356,EC-HEATEXCH-SHELL
P-18357,EC-PUMP-CENTR
FCV-18358,EC-VALVE-CTRL
TT-18359,EC-INST-TT
P-18360,EC-PUMP-RECIP
PSV-18361,EC-VALVE-RELIEF
P-18362,EC-PUMP-CENTR
E-18363,EC-HEATEXCH-SHELL
FT-18364,EC-INST-FT
FCV-18365,EC-VALVE-CTRL
V-18366,EC-VESSEL-SEP
E-18367,EC-HEATEXCH-SHELL
LT-18368,EC-INST-LT
P-18369,EC-PUMP-CENTR
FT-18370,EC-INST-FT
FT-18371,EC-INST-FT
LT-18372,EC-INST-LT
FCV-18373,EC-VALVE-CTRL
K-18374,EC-COMPRESSOR-CENTR
LT-18375,EC-INST-LT
V-18376,EC-VESSEL-SEP
P-18377,EC-PUMP-CENTR
K-18378,EC-COMPRESSOR-CENTR
P-18379,EC-PUMP-RECIP
P-18380,EC-PUMP-CENTR
K-18381,EC-COMPRESSOR-CENTR
V-18382,EC-VESSEL-SEP
V-18383,EC-VESSEL-SEP
FCV-18384,EC-VALVE-CTRL
P-18385,EC-PUMP-RECIP
E-18386,EC-HEATEXCH-SHELL
PSV-18387,EC-VALVE-RELIEF
LT-18388,EC-INST-LT
K-18389,EC-COMPRESSOR-CENTR
COL-18390,EC-VESSEL-COL
FCV-18391,EC-VALVE-CTRL
XV-18392,EC-VALVE-ISO
LT-18393,EC-INST-LT
TT-18394,EC-INST-TT
K-18395,EC-COMPRESSOR-CENTR
FT-18396,EC-INST-FT
COL-18397,EC-VESSEL-COL
COL-18398,EC-VESSEL-COL
TT-18399,EC-INST-TT
TT-18400,EC-INST-TT
P-18401,EC-PUMP-CENTR
V-18402,EC-VESSEL-SEP
V-18403,EC-VESSEL-SEP
P-18404,EC-PUMP-CENTR
K-18405,EC-COMPRESSOR-CENTR
P-18406,EC-PUMP-RECIP
V-18407,EC-VESSEL-SEP
P-18408,EC-PUMP-CENTR
FT-18409,EC-INST-FT
P-18410,EC-PUMP-RECIP
TT-18411,EC-INST-TT
FT-18412,EC-INST-FT
XV-18413,EC-VALVE-ISO
PT-18414,EC-INST-PT
LT-18415,EC-INST-LT
P-18416,EC-PUMP-RECIP
K-18417,EC-COMPRESSOR-CENTR
FT-18418,EC-INST-FT
COL-18419,EC-VESSEL-COL
LT-18420,EC-INST-LT
PSV-18421,EC-VALVE-RELIEF
FCV-18422,EC-VALVE-CTRL
TT-18423,EC-INST-TT
K-18424,EC-COMPRESSOR-CENTR
P-18425,EC-PUMP-RECIP
PSV-18426,EC-VALVE-RELIEF
TT-18427,EC-INST-TT
PSV-18428,EC-VALVE-RELIEF
LT-18429,EC-INST-LT
V-18430,EC-VESSEL-SEP
FT-18431,EC-INST-FT
P-18432,EC-PUMP-RECIP
PT-18433,EC-INST-PT
P-18434,EC-PUMP-RECIP
XV-18435,EC-VALVE-ISO
TT-18436,EC-INST-TT
FT-18437,EC-INST-FT
COL-18438,EC-VESSEL-COL
K-18439,EC-COMPRESSOR-CENTR
PSV-18440,EC-VALVE-RELIEF
TT-18441,EC-INST-TT
P-18442,EC-PUMP-RECIP
P-18443,EC-PUMP-RECIP
FT-18444,EC-INST-FT
V-18445,EC-VESSEL-SEP
PSV-18446,EC-VALVE-RELIEF
P-18447,EC-PUMP-CENTR
PSV-18448,EC-VALVE-RELIEF
PT-18449,EC-INST-PT
P-18450,EC-PUMP-CENTR
FT-18451,EC-INST-FT
PT-18452,EC-INST-PT
K-18453,EC-COMPRESSOR-CENTR
K-18454,EC-COMPRESSOR-CENTR
PSV-18455,EC-VALVE-RELIEF
FT-18456,EC-INST-FT
V-18457,EC-VESSEL-SEP
V-18458,EC-VESSEL-SEP
P-18459,EC-PUMP-RECIP
P-18460,EC-PUMP-RECIP
K-18461,EC-COMPRESSOR-CENTR
COL-18462,EC-VESSEL-COL
P-18463,EC-PUMP-RECIP
PSV-18464,EC-VALVE-RELIEF
K-18465,EC-COMPRESSOR-CENTR
LT-18466,EC-INST-LT
K-18467,EC-COMPRESSOR-CENTR
COL-18468,EC-VESSEL-COL
FT-18469,EC-INST-FT
P-18470,EC-PUMP-RECIP
PT-18471,EC-INST-PT
PT-18472,EC-INST-PT
PT-18473,EC-INST-PT
LT-18474,EC-INST-LT
PT-18475,EC-INST-PT
V-18476,EC-VESSEL-SEP
LT-18477,EC-INST-LT
FT-18478,EC-INST-FT
FCV-18479,EC-VALVE-CTRL
PSV-18480,EC-VALVE-RELIEF
P-18481,EC-PUMP-RECIP
V-18482,EC-VESSEL-SEP
PT-18483,EC-INST-PT
K-18484,EC-COMPRESSOR-CENTR
COL-18485,EC-VESSEL-COL
P-18486,EC-PUMP-CENTR
K-18487,EC-COMPRESSOR-CENTR
FT-18488,EC-INST-FT
PSV-18489,EC-VALVE-RELIEF
XV-18490,EC-VALVE-ISO
V-18491,EC-VESSEL-SEP
K-18492,EC-COMPRESSOR-CENTR
E-18493,EC-HEATEXCH-SHELL
FCV-18494,EC-VALVE-CTRL
E-18495,EC-HEATEXCH-SHELL
P-18496,EC-PUMP-RECIP
E-18497,EC-HEATEXCH-SHELL
P-18498,EC-PUMP-CENTR
LT-18499,EC-INST-LT
E-18500,EC-HEATEXCH-SHELL
PSV-18501,EC-VALVE-RELIEF
PT-18502,EC-INST-PT
FCV-18503,EC-VALVE-CTRL
PSV-18504,EC-VALVE-RELIEF
PT-18505,EC-INST-PT
FCV-18506,EC-VALVE-CTRL
P-18507,EC-PUMP-RECIP
P-18508,EC-PUMP-CENTR
COL-18509,EC-VESSEL-COL
COL-18510,EC-VESSEL-COL
E-18511,EC-HEATEXCH-SHELL
TT-18512,EC-INST-TT
LT-18513,EC-INST-LT
COL-18514,EC-VESSEL-COL
FCV-18515,EC-VALVE-CTRL
PT-18516,EC-INST-PT
E-18517,EC-HEATEXCH-SHELL
COL-18518,EC-VESSEL-COL
PT-18519,EC-INST-PT
XV-18520,EC-VALVE-ISO
TT-18521,EC-INST-TT
P-18522,EC-PUMP-CENTR
K-18523,EC-COMPRESSOR-CENTR
FT-18524,EC-INST-FT
FCV-18525,EC-VALVE-CTRL
FT-18526,EC-INST-FT
XV-18527,EC-VALVE-ISO
XV-18528,EC-VALVE-ISO
PSV-18529,EC-VALVE-RELIEF
PSV-18530,EC-VALVE-RELIEF
FCV-18531,EC-VALVE-CTRL
FCV-18532,EC-VALVE-CTRL
FCV-18533,EC-VALVE-CTRL
V-18534,EC-VESSEL-SEP
PSV-18535,EC-VALVE-RELIEF
V-18536,EC-VESSEL-SEP
XV-18537,EC-VALVE-ISO
P-18538,EC-PUMP-CENTR
LT-18539,EC-INST-LT
LT-18540,EC-INST-LT
K-18541,EC-COMPRESSOR-CENTR
V-18542,EC-VESSEL-SEP
XV-18543,EC-VALVE-ISO
FT-18544,EC-INST-FT
FCV-18545,EC-VALVE-CTRL
P-18546,EC-PUMP-CENTR
TT-18547,EC-INST-TT
TT-18548,EC-INST-TT
K-18549,EC-COMPRESSOR-CENTR
K-18550,EC-COMPRESSOR-CENTR
PT-18551,EC-INST-PT
P-18552,EC-PUMP-RECIP
TT-18553,EC-INST-TT
K-18554,EC-COMPRESSOR-CENTR
PT-18555,EC-INST-PT
COL-18556,EC-VESSEL-COL
P-18557,EC-PUMP-CENTR
P-18558,EC-PUMP-RECIP
K-18559,EC-COMPRESSOR-CENTR
TT-18560,EC-INST-TT
COL-18561,EC-VESSEL-COL
E-18562,EC-HEATEXCH-SHELL
PT-18563,EC-INST-PT
COL-18564,EC-VESSEL-COL
E-18565,EC-HEATEXCH-SHELL
LT-18566,EC-INST-LT
FT-18567,EC-INST-FT
TT-18568,EC-INST-TT
P-18569,EC-PUMP-CENTR
P-18570,EC-PUMP-CENTR
LT-18571,EC-INST-LT
P-18572,EC-PUMP-RECIP
COL-18573,EC-VESSEL-COL
K-18574,EC-COMPRESSOR-CENTR
COL-18575,EC-VESSEL-COL
PT-18576,EC-INST-PT
K-18577,EC-COMPRESSOR-CENTR
PSV-18578,EC-VALVE-RELIEF
P-18579,EC-PUMP-CENTR
FT-18580,EC-INST-FT
P-18581,EC-PUMP-RECIP
P-18582,EC-PUMP-RECIP
LT-18583,EC-INST-LT
FT-18584,EC-INST-FT
V-18585,EC-VESSEL-SEP
K-18586,EC-COMPRESSOR-CENTR
TT-18587,EC-INST-TT
E-18588,EC-HEATEXCH-SHELL
P-18589,EC-PUMP-RECIP
COL-18590,EC-VESSEL-COL
V-18591,EC-VESSEL-SEP
LT-18592,EC-INST-LT
P-18593,EC-PUMP-RECIP
XV-18594,EC-VALVE-ISO
COL-18595,EC-VESSEL-COL
XV-18596,EC-VALVE-ISO
XV-18597,EC-VALVE-ISO
TT-18598,EC-INST-TT
P-18599,EC-PUMP-CENTR
COL-18600,EC-VESSEL-COL
PT-18601,EC-INST-PT
PSV-18602,EC-VALVE-RELIEF
PT-18603,EC-INST-PT
FT-18604,EC-INST-FT
LT-18605,EC-INST-LT
FCV-18606,EC-VALVE-CTRL
PT-18607,EC-INST-PT
COL-18608,EC-VESSEL-COL
TT-18609,EC-INST-TT
FCV-18610,EC-VALVE-CTRL
LT-18611,EC-INST-LT
P-18612,EC-PUMP-RECIP
FT-18613,EC-INST-FT
P-18614,EC-PUMP-RECIP
PSV-18615,EC-VALVE-RELIEF
V-18616,EC-VESSEL-SEP
PT-18617,EC-INST-PT
K-18618,EC-COMPRESSOR-CENTR
XV-18619,EC-VALVE-ISO
COL-18620,EC-VESSEL-COL
PSV-18621,EC-VALVE-RELIEF
FCV-18622,EC-VALVE-CTRL
V-18623,EC-VESSEL-SEP
COL-18624,EC-VESSEL-COL
PT-18625,EC-INST-PT
V-18626,EC-VESSEL-SEP
FCV-18627,EC-VALVE-CTRL
E-18628,EC-HEATEXCH-SHELL
V-18629,EC-VESSEL-SEP
V-18630,EC-VESSEL-SEP
E-18631,EC-HEATEXCH-SHELL
E-18632,EC-HEATEXCH-SHELL
COL-18633,EC-VESSEL-COL
PT-18634,EC-INST-PT
K-18635,EC-COMPRESSOR-CENTR
K-18636,EC-COMPRESSOR-CENTR
PSV-18637,EC-VALVE-RELIEF
FCV-18638,EC-VALVE-CTRL
FCV-18639,EC-VALVE-CTRL
PSV-18640,EC-VALVE-RELIEF
PSV-18641,EC-VALVE-RELIEF
K-18642,EC-COMPRESSOR-CENTR
FCV-18643,EC-VALVE-CTRL
COL-18644,EC-VESSEL-COL
V-18645,EC-VESSEL-SEP
PT-18646,EC-INST-PT
E-18647,EC-HEATEXCH-SHELL
K-18648,EC-COMPRESSOR-CENTR
LT-18649,EC-INST-LT
P-18650,EC-PUMP-CENTR
E-18651,EC-HEATEXCH-SHELL
P-18652,EC-PUMP-RECIP
V-18653,EC-VESSEL-SEP
P-18654,EC-PUMP-CENTR
LT-18655,EC-INST-LT
PSV-18656,EC-VALVE-RELIEF
P-18657,EC-PUMP-CENTR
TT-18658,EC-INST-TT
K-18659,EC-COMPRESSOR-CENTR
PT-18660,EC-INST-PT
LT-18661,EC-INST-LT
XV-18662,EC-VALVE-ISO
FT-18663,EC-INST-FT
TT-18664,EC-INST-TT
V-18665,EC-VESSEL-SEP
FT-18666,EC-INST-FT
PSV-18667,EC-VALVE-RELIEF
K-18668,EC-COMPRESSOR-CENTR
TT-18669,EC-INST-TT
E-18670,EC-HEATEXCH-SHELL
E-18671,EC-HEATEXCH-SHELL
FCV-18672,EC-VALVE-CTRL
K-18673,EC-COMPRESSOR-CENTR
COL-18674,EC-VESSEL-COL
K-18675,EC-COMPRESSOR-CENTR
LT-18676,EC-INST-LT
TT-18677,EC-INST-TT
PT-18678,EC-INST-PT
V-18679,EC-VESSEL-SEP
P-18680,EC-PUMP-RECIP
LT-18681,EC-INST-LT
FT-18682,EC-INST-FT
LT-18683,EC-INST-LT
P-18684,EC-PUMP-RECIP
K-18685,EC-COMPRESSOR-CENTR
E-18686,EC-HEATEXCH-SHELL
P-18687,EC-PUMP-CENTR
V-18688,EC-VESSEL-SEP
LT-18689,EC-INST-LT
P-18690,EC-PUMP-RECIP
PSV-18691,EC-VALVE-RELIEF
COL-18692,EC-VESSEL-COL
PSV-18693,EC-VALVE-RELIEF
FCV-18694,EC-VALVE-CTRL
V-18695,EC-VESSEL-SEP
FCV-18696,EC-VALVE-CTRL
P-18697,EC-PUMP-CENTR
PSV-18698,EC-VALVE-RELIEF
P-18699,EC-PUMP-RECIP
XV-18700,EC-VALVE-ISO
TT-18701,EC-INST-TT
V-18702,EC-VESSEL-SEP
E-18703,EC-HEATEXCH-SHELL
PSV-18704,EC-VALVE-RELIEF
V-18705,EC-VESSEL-SEP
P-18706,EC-PUMP-RECIP
K-18707,EC-COMPRESSOR-CENTR
FT-18708,EC-INST-FT
XV-18709,EC-VALVE-ISO
XV-18710,EC-VALVE-ISO
COL-18711,EC-VESSEL-COL
P-18712,EC-PUMP-RECIP
P-18713,EC-PUMP-CENTR
E-18714,EC-HEATEXCH-SHELL
PT-18715,EC-INST-PT
E-18716,EC-HEATEXCH-SHELL
PSV-18717,EC-VALVE-RELIEF
PT-18718,EC-INST-PT
K-18719,EC-COMPRESSOR-CENTR
E-18720,EC-HEATEXCH-SHELL
E-18721,EC-HEATEXCH-SHELL
XV-18722,EC-VALVE-ISO
COL-18723,EC-VESSEL-COL
E-18724,EC-HEATEXCH-SHELL
TT-18725,EC-INST-TT
FCV-18726,EC-VALVE-CTRL
LT-18727,EC-INST-LT
P-18728,EC-PUMP-CENTR
K-18729,EC-COMPRESSOR-CENTR
K-18730,EC-COMPRESSOR-CENTR
E-18731,EC-HEATEXCH-SHELL
XV-18732,EC-VALVE-ISO
E-18733,EC-HEATEXCH-SHELL
P-18734,EC-PUMP-CENTR
P-18735,EC-PUMP-CENTR
PT-18736,EC-INST-PT
PSV-18737,EC-VALVE-RELIEF
K-18738,EC-COMPRESSOR-CENTR
TT-18739,EC-INST-TT
PSV-18740,EC-VALVE-RELIEF
XV-18741,EC-VALVE-ISO
LT-18742,EC-INST-LT
V-18743,EC-VESSEL-SEP
PT-18744,EC-INST-PT
K-18745,EC-COMPRESSOR-CENTR
K-18746,EC-COMPRESSOR-CENTR
XV-18747,EC-VALVE-ISO
TT-18748,EC-INST-TT
K-18749,EC-COMPRESSOR-CENTR
P-18750,EC-PUMP-RECIP
FT-18751,EC-INST-FT
E-18752,EC-HEATEXCH-SHELL
P-18753,EC-PUMP-RECIP
XV-18754,EC-VALVE-ISO
PSV-18755,EC-VALVE-RELIEF
P-18756,EC-PUMP-RECIP
K-18757,EC-COMPRESSOR-CENTR
LT-18758,EC-INST-LT
K-18759,EC-COMPRESSOR-CENTR
K-18760,EC-COMPRESSOR-CENTR
XV-18761,EC-VALVE-ISO
COL-18762,EC-VESSEL-COL
LT-18763,EC-INST-LT
PT-18764,EC-INST-PT
XV-18765,EC-VALVE-ISO
TT-18766,EC-INST-TT
XV-18767,EC-VALVE-ISO
COL-18768,EC-VESSEL-COL
FT-18769,EC-INST-FT
PSV-18770,EC-VALVE-RELIEF
PT-18771,EC-INST-PT
V-18772,EC-VESSEL-SEP
V-18773,EC-VESSEL-SEP
PT-18774,EC-INST-PT
E-18775,EC-HEATEXCH-SHELL
FCV-18776,EC-VALVE-CTRL
LT-18777,EC-INST-LT
E-18778,EC-HEATEXCH-SHELL
XV-18779,EC-VALVE-ISO
FT-18780,EC-INST-FT
TT-18781,EC-INST-TT
PSV-18782,EC-VALVE-RELIEF
LT-18783,EC-INST-LT
P-18784,EC-PUMP-RECIP
TT-18785,EC-INST-TT
PSV-18786,EC-VALVE-RELIEF
PT-18787,EC-INST-PT
FCV-18788,EC-VALVE-CTRL
V-18789,EC-VESSEL-SEP
XV-18790,EC-VALVE-ISO
P-18791,EC-PUMP-CENTR
P-18792,EC-PUMP-CENTR
V-18793,EC-VESSEL-SEP
COL-18794,EC-VESSEL-COL
V-18795,EC-VESSEL-SEP
V-18796,EC-VESSEL-SEP
COL-18797,EC-VESSEL-COL
E-18798,EC-HEATEXCH-SHELL
COL-18799,EC-VESSEL-COL
LT-18800,EC-INST-LT
FT-18801,EC-INST-FT
P-18802,EC-PUMP-CENTR
PT-18803,EC-INST-PT
COL-18804,EC-VESSEL-COL
FT-18805,EC-INST-FT
V-18806,EC-VESSEL-SEP
P-18807,EC-PUMP-CENTR
K-18808,EC-COMPRESSOR-CENTR
FCV-18809,EC-VALVE-CTRL
FT-18810,EC-INST-FT
TT-18811,EC-INST-TT
LT-18812,EC-INST-LT
FT-18813,EC-INST-FT
V-18814,EC-VESSEL-SEP
FT-18815,EC-INST-FT
K-18816,EC-COMPRESSOR-CENTR
COL-18817,EC-VESSEL-COL
K-18818,EC-COMPRESSOR-CENTR
V-18819,EC-VESSEL-SEP
PSV-18820,EC-VALVE-RELIEF
COL-18821,EC-VESSEL-COL
V-18822,EC-VESSEL-SEP
E-18823,EC-HEATEXCH-SHELL
TT-18824,EC-INST-TT
V-18825,EC-VESSEL-SEP
E-18826,EC-HEATEXCH-SHELL
E-18827,EC-HEATEXCH-SHELL
FCV-18828,EC-VALVE-CTRL
K-18829,EC-COMPRESSOR-CENTR
P-18830,EC-PUMP-RECIP
COL-18831,EC-VESSEL-COL
P-18832,EC-PUMP-CENTR
LT-18833,EC-INST-LT
PT-18834,EC-INST-PT
LT-18835,EC-INST-LT
E-18836,EC-HEATEXCH-SHELL
V-18837,EC-VESSEL-SEP
K-18838,EC-COMPRESSOR-CENTR
LT-18839,EC-INST-LT
PT-18840,EC-INST-PT
XV-18841,EC-VALVE-ISO
P-18842,EC-PUMP-CENTR
LT-18843,EC-INST-LT
FT-18844,EC-INST-FT
V-18845,EC-VESSEL-SEP
TT-18846,EC-INST-TT
K-18847,EC-COMPRESSOR-CENTR
LT-18848,EC-INST-LT
FCV-18849,EC-VALVE-CTRL
LT-18850,EC-INST-LT
PT-18851,EC-INST-PT
E-18852,EC-HEATEXCH-SHELL
FCV-18853,EC-VALVE-CTRL
COL-18854,EC-VESSEL-COL
P-18855,EC-PUMP-RECIP
PSV-18856,EC-VALVE-RELIEF
K-18857,EC-COMPRESSOR-CENTR
XV-18858,EC-VALVE-ISO
LT-18859,EC-INST-LT
TT-18860,EC-INST-TT
TT-18861,EC-INST-TT
PT-18862,EC-INST-PT
FT-18863,EC-INST-FT
V-18864,EC-VESSEL-SEP
PT-18865,EC-INST-PT
V-18866,EC-VESSEL-SEP
TT-18867,EC-INST-TT
FCV-18868,EC-VALVE-CTRL
PSV-18869,EC-VALVE-RELIEF
COL-18870,EC-VESSEL-COL
LT-18871,EC-INST-LT
TT-18872,EC-INST-TT
XV-18873,EC-VALVE-ISO
PSV-18874,EC-VALVE-RELIEF
PT-18875,EC-INST-PT
V-18876,EC-VESSEL-SEP
TT-18877,EC-INST-TT
E-18878,EC-HEATEXCH-SHELL
P-18879,EC-PUMP-CENTR
K-18880,EC-COMPRESSOR-CENTR
K-18881,EC-COMPRESSOR-CENTR
K-18882,EC-COMPRESSOR-CENTR
E-18883,EC-HEATEXCH-SHELL
K-18884,EC-COMPRESSOR-CENTR
FT-18885,EC-INST-FT
P-18886,EC-PUMP-CENTR
FCV-18887,EC-VALVE-CTRL
FT-18888,EC-INST-FT
PT-18889,EC-INST-PT
P-18890,EC-PUMP-RECIP
XV-18891,EC-VALVE-ISO
E-18892,EC-HEATEXCH-SHELL
PSV-18893,EC-VALVE-RELIEF
TT-18894,EC-INST-TT
K-18895,EC-COMPRESSOR-CENTR
P-18896,EC-PUMP-RECIP
K-18897,EC-COMPRESSOR-CENTR
FCV-18898,EC-VALVE-CTRL
K-18899,EC-COMPRESSOR-CENTR
K-18900,EC-COMPRESSOR-CENTR
E-18901,EC-HEATEXCH-SHELL
PT-18902,EC-INST-PT
TT-18903,EC-INST-TT
XV-18904,EC-VALVE-ISO
K-18905,EC-COMPRESSOR-CENTR
TT-18906,EC-INST-TT
FT-18907,EC-INST-FT
LT-18908,EC-INST-LT
FT-18909,EC-INST-FT
P-18910,EC-PUMP-CENTR
P-18911,EC-PUMP-CENTR
FT-18912,EC-INST-FT
FCV-18913,EC-VALVE-CTRL
E-18914,EC-HEATEXCH-SHELL
K-18915,EC-COMPRESSOR-CENTR
P-18916,EC-PUMP-CENTR
E-18917,EC-HEATEXCH-SHELL
TT-18918,EC-INST-TT
P-18919,EC-PUMP-CENTR
PSV-18920,EC-VALVE-RELIEF
FCV-18921,EC-VALVE-CTRL
LT-18922,EC-INST-LT
P-18923,EC-PUMP-CENTR
FT-18924,EC-INST-FT
P-18925,EC-PUMP-CENTR
P-18926,EC-PUMP-CENTR
TT-18927,EC-INST-TT
V-18928,EC-VESSEL-SEP
PSV-18929,EC-VALVE-RELIEF
K-18930,EC-COMPRESSOR-CENTR
COL-18931,EC-VESSEL-COL
FCV-18932,EC-VALVE-CTRL
FCV-18933,EC-VALVE-CTRL
K-18934,EC-COMPRESSOR-CENTR
XV-18935,EC-VALVE-ISO
XV-18936,EC-VALVE-ISO
E-18937,EC-HEATEXCH-SHELL
E-18938,EC-HEATEXCH-SHELL
COL-18939,EC-VESSEL-COL
K-18940,EC-COMPRESSOR-CENTR
FCV-18941,EC-VALVE-CTRL
P-18942,EC-PUMP-RECIP
K-18943,EC-COMPRESSOR-CENTR
E-18944,EC-HEATEXCH-SHELL
V-18945,EC-VESSEL-SEP
FCV-18946,EC-VALVE-CTRL
V-18947,EC-VESSEL-SEP
XV-18948,EC-VALVE-ISO
PT-18949,EC-INST-PT
P-18950,EC-PUMP-RECIP
FCV-18951,EC-VALVE-CTRL
PT-18952,EC-INST-PT
P-18953,EC-PUMP-CENTR
PT-18954,EC-INST-PT
FCV-18955,EC-VALVE-CTRL
PT-18956,EC-INST-PT
TT-18957,EC-INST-TT
COL-18958,EC-VESSEL-COL
LT-18959,EC-INST-LT
FCV-18960,EC-VALVE-CTRL
P-18961,EC-PUMP-RECIP
PT-18962,EC-INST-PT
FCV-18963,EC-VALVE-CTRL
P-18964,EC-PUMP-CENTR
LT-18965,EC-INST-LT
P-18966,EC-PUMP-CENTR
K-18967,EC-COMPRESSOR-CENTR
P-18968,EC-PUMP-CENTR
K-18969,EC-COMPRESSOR-CENTR
XV-18970,EC-VALVE-ISO
FCV-18971,EC-VALVE-CTRL
P-18972,EC-PUMP-RECIP
V-18973,EC-VESSEL-SEP
E-18974,EC-HEATEXCH-SHELL
V-18975,EC-VESSEL-SEP
PSV-18976,EC-VALVE-RELIEF
PT-18977,EC-INST-PT
P-18978,EC-PUMP-CENTR
P-18979,EC-PUMP-RECIP
P-18980,EC-PUMP-RECIP
E-18981,EC-HEATEXCH-SHELL
LT-18982,EC-INST-LT
LT-18983,EC-INST-LT
XV-18984,EC-VALVE-ISO
FCV-18985,EC-VALVE-CTRL
LT-18986,EC-INST-LT
PT-18987,EC-INST-PT
PSV-18988,EC-VALVE-RELIEF
V-18989,EC-VESSEL-SEP
PT-18990,EC-INST-PT
LT-18991,EC-INST-LT
P-18992,EC-PUMP-CENTR
FCV-18993,EC-VALVE-CTRL
K-18994,EC-COMPRESSOR-CENTR
XV-18995,EC-VALVE-ISO
V-18996,EC-VESSEL-SEP
V-18997,EC-VESSEL-SEP
TT-18998,EC-INST-TT
XV-18999,EC-VALVE-ISO
XV-19000,EC-VALVE-ISO
LT-19001,EC-INST-LT
XV-19002,EC-VALVE-ISO
P-19003,EC-PUMP-CENTR
K-19004,EC-COMPRESSOR-CENTR
FT-19005,EC-INST-FT
K-19006,EC-COMPRESSOR-CENTR
PSV-19007,EC-VALVE-RELIEF
V-19008,EC-VESSEL-SEP
P-19009,EC-PUMP-RECIP
P-19010,EC-PUMP-RECIP
COL-19011,EC-VESSEL-COL
PSV-19012,EC-VALVE-RELIEF
V-19013,EC-VESSEL-SEP
P-19014,EC-PUMP-RECIP
V-19015,EC-VESSEL-SEP
V-19016,EC-VESSEL-SEP
E-19017,EC-HEATEXCH-SHELL
K-19018,EC-COMPRESSOR-CENTR
PSV-19019,EC-VALVE-RELIEF
TT-19020,EC-INST-TT
V-19021,EC-VESSEL-SEP
E-19022,EC-HEATEXCH-SHELL
LT-19023,EC-INST-LT
LT-19024,EC-INST-LT
COL-19025,EC-VESSEL-COL
K-19026,EC-COMPRESSOR-CENTR
PSV-19027,EC-VALVE-RELIEF
PSV-19028,EC-VALVE-RELIEF
K-19029,EC-COMPRESSOR-CENTR
V-19030,EC-VESSEL-SEP
P-19031,EC-PUMP-RECIP
FT-19032,EC-INST-FT
K-19033,EC-COMPRESSOR-CENTR
P-19034,EC-PUMP-RECIP
PSV-19035,EC-VALVE-RELIEF
K-19036,EC-COMPRESSOR-CENTR
FT-19037,EC-INST-FT
FT-19038,EC-INST-FT
FT-19039,EC-INST-FT
FCV-19040,EC-VALVE-CTRL
TT-19041,EC-INST-TT
XV-19042,EC-VALVE-ISO
E-19043,EC-HEATEXCH-SHELL
E-19044,EC-HEATEXCH-SHELL
FCV-19045,EC-VALVE-CTRL
PSV-19046,EC-VALVE-RELIEF
K-19047,EC-COMPRESSOR-CENTR
PT-19048,EC-INST-PT
COL-19049,EC-VESSEL-COL
LT-19050,EC-INST-LT
P-19051,EC-PUMP-RECIP
TT-19052,EC-INST-TT
P-19053,EC-PUMP-RECIP
COL-19054,EC-VESSEL-COL
K-19055,EC-COMPRESSOR-CENTR
XV-19056,EC-VALVE-ISO
COL-19057,EC-VESSEL-COL
PT-19058,EC-INST-PT
TT-19059,EC-INST-TT
P-19060,EC-PUMP-CENTR
K-19061,EC-COMPRESSOR-CENTR
COL-19062,EC-VESSEL-COL
COL-19063,EC-VESSEL-COL
XV-19064,EC-VALVE-ISO
FT-19065,EC-INST-FT
FCV-19066,EC-VALVE-CTRL
FCV-19067,EC-VALVE-CTRL
PSV-19068,EC-VALVE-RELIEF
XV-19069,EC-VALVE-ISO
FT-19070,EC-INST-FT
P-19071,EC-PUMP-RECIP
COL-19072,EC-VESSEL-COL
TT-19073,EC-INST-TT
E-19074,EC-HEATEXCH-SHELL
FT-19075,EC-INST-FT
PSV-19076,EC-VALVE-RELIEF
TT-19077,EC-INST-TT
E-19078,EC-HEATEXCH-SHELL
P-19079,EC-PUMP-CENTR
V-19080,EC-VESSEL-SEP
K-19081,EC-COMPRESSOR-CENTR
P-19082,EC-PUMP-RECIP
E-19083,EC-HEATEXCH-SHELL
PSV-19084,EC-VALVE-RELIEF
P-19085,EC-PUMP-RECIP
COL-19086,EC-VESSEL-COL
K-19087,EC-COMPRESSOR-CENTR
FCV-19088,EC-VALVE-CTRL
PT-19089,EC-INST-PT
P-19090,EC-PUMP-RECIP
K-19091,EC-COMPRESSOR-CENTR
FCV-19092,EC-VALVE-CTRL
FCV-19093,EC-VALVE-CTRL
V-19094,EC-VESSEL-SEP
V-19095,EC-VESSEL-SEP
P-19096,EC-PUMP-RECIP
P-19097,EC-PUMP-RECIP
V-19098,EC-VESSEL-SEP
K-19099,EC-COMPRESSOR-CENTR
XV-19100,EC-VALVE-ISO
E-19101,EC-HEATEXCH-SHELL
P-19102,EC-PUMP-CENTR
LT-19103,EC-INST-LT
K-19104,EC-COMPRESSOR-CENTR
FCV-19105,EC-VALVE-CTRL
K-19106,EC-COMPRESSOR-CENTR
V-19107,EC-VESSEL-SEP
PT-19108,EC-INST-PT
K-19109,EC-COMPRESSOR-CENTR
K-19110,EC-COMPRESSOR-CENTR
P-19111,EC-PUMP-CENTR
K-19112,EC-COMPRESSOR-CENTR
FT-19113,EC-INST-FT
COL-19114,EC-VESSEL-COL
P-19115,EC-PUMP-RECIP
K-19116,EC-COMPRESSOR-CENTR
E-19117,EC-HEATEXCH-SHELL
FCV-19118,EC-VALVE-CTRL
COL-19119,EC-VESSEL-COL
PT-19120,EC-INST-PT
P-19121,EC-PUMP-RECIP
TT-19122,EC-INST-TT
LT-19123,EC-INST-LT
P-19124,EC-PUMP-CENTR
P-19125,EC-PUMP-RECIP
LT-19126,EC-INST-LT
P-19127,EC-PUMP-RECIP
TT-19128,EC-INST-TT
K-19129,EC-COMPRESSOR-CENTR
FCV-19130,EC-VALVE-CTRL
P-19131,EC-PUMP-RECIP
FT-19132,EC-INST-FT
P-19133,EC-PUMP-RECIP
P-19134,EC-PUMP-RECIP
LT-19135,EC-INST-LT
PSV-19136,EC-VALVE-RELIEF
LT-19137,EC-INST-LT
PT-19138,EC-INST-PT
P-19139,EC-PUMP-RECIP
XV-19140,EC-VALVE-ISO
K-19141,EC-COMPRESSOR-CENTR
E-19142,EC-HEATEXCH-SHELL
FT-19143,EC-INST-FT
FT-19144,EC-INST-FT
PT-19145,EC-INST-PT
FT-19146,EC-INST-FT
LT-19147,EC-INST-LT
P-19148,EC-PUMP-CENTR
K-19149,EC-COMPRESSOR-CENTR
V-19150,EC-VESSEL-SEP
K-19151,EC-COMPRESSOR-CENTR
PSV-19152,EC-VALVE-RELIEF
FCV-19153,EC-VALVE-CTRL
V-19154,EC-VESSEL-SEP
V-19155,EC-VESSEL-SEP
FT-19156,EC-INST-FT
XV-19157,EC-VALVE-ISO
P-19158,EC-PUMP-CENTR
PSV-19159,EC-VALVE-RELIEF
P-19160,EC-PUMP-RECIP
TT-19161,EC-INST-TT
FCV-19162,EC-VALVE-CTRL
V-19163,EC-VESSEL-SEP
XV-19164,EC-VALVE-ISO
K-19165,EC-COMPRESSOR-CENTR
TT-19166,EC-INST-TT
LT-19167,EC-INST-LT
P-19168,EC-PUMP-CENTR
P-19169,EC-PUMP-RECIP
PSV-19170,EC-VALVE-RELIEF
TT-19171,EC-INST-TT
FT-19172,EC-INST-FT
PSV-19173,EC-VALVE-RELIEF
XV-19174,EC-VALVE-ISO
P-19175,EC-PUMP-RECIP
COL-19176,EC-VESSEL-COL
COL-19177,EC-VESSEL-COL
COL-19178,EC-VESSEL-COL
XV-19179,EC-VALVE-ISO
PSV-19180,EC-VALVE-RELIEF
XV-19181,EC-VALVE-ISO
PSV-19182,EC-VALVE-RELIEF
LT-19183,EC-INST-LT
P-19184,EC-PUMP-CENTR
P-19185,EC-PUMP-RECIP
FT-19186,EC-INST-FT
TT-19187,EC-INST-TT
P-19188,EC-PUMP-RECIP
LT-19189,EC-INST-LT
P-19190,EC-PUMP-CENTR
XV-19191,EC-VALVE-ISO
P-19192,EC-PUMP-CENTR
COL-19193,EC-VESSEL-COL
XV-19194,EC-VALVE-ISO
P-19195,EC-PUMP-CENTR
K-19196,EC-COMPRESSOR-CENTR
P-19197,EC-PUMP-RECIP
PT-19198,EC-INST-PT
P-19199,EC-PUMP-RECIP
PSV-19200,EC-VALVE-RELIEF
PSV-19201,EC-VALVE-RELIEF
E-19202,EC-HEATEXCH-SHELL
V-19203,EC-VESSEL-SEP
P-19204,EC-PUMP-RECIP
P-19205,EC-PUMP-RECIP
XV-19206,EC-VALVE-ISO
V-19207,EC-VESSEL-SEP
COL-19208,EC-VESSEL-COL
FT-19209,EC-INST-FT
PT-19210,EC-INST-PT
XV-19211,EC-VALVE-ISO
K-19212,EC-COMPRESSOR-CENTR
K-19213,EC-COMPRESSOR-CENTR
FCV-19214,EC-VALVE-CTRL
FCV-19215,EC-VALVE-CTRL
XV-19216,EC-VALVE-ISO
PT-19217,EC-INST-PT
TT-19218,EC-INST-TT
FT-19219,EC-INST-FT
PT-19220,EC-INST-PT
K-19221,EC-COMPRESSOR-CENTR
E-19222,EC-HEATEXCH-SHELL
FT-19223,EC-INST-FT
V-19224,EC-VESSEL-SEP
XV-19225,EC-VALVE-ISO
P-19226,EC-PUMP-CENTR
LT-19227,EC-INST-LT
PSV-19228,EC-VALVE-RELIEF
E-19229,EC-HEATEXCH-SHELL
P-19230,EC-PUMP-RECIP
P-19231,EC-PUMP-RECIP
FT-19232,EC-INST-FT
P-19233,EC-PUMP-CENTR
E-19234,EC-HEATEXCH-SHELL
XV-19235,EC-VALVE-ISO
PT-19236,EC-INST-PT
LT-19237,EC-INST-LT
V-19238,EC-VESSEL-SEP
V-19239,EC-VESSEL-SEP
PT-19240,EC-INST-PT
FCV-19241,EC-VALVE-CTRL
PT-19242,EC-INST-PT
FT-19243,EC-INST-FT
K-19244,EC-COMPRESSOR-CENTR
PSV-19245,EC-VALVE-RELIEF
COL-19246,EC-VESSEL-COL
XV-19247,EC-VALVE-ISO
COL-19248,EC-VESSEL-COL
LT-19249,EC-INST-LT
P-19250,EC-PUMP-RECIP
FT-19251,EC-INST-FT
V-19252,EC-VESSEL-SEP
LT-19253,EC-INST-LT
PT-19254,EC-INST-PT
FT-19255,EC-INST-FT
P-19256,EC-PUMP-CENTR
V-19257,EC-VESSEL-SEP
COL-19258,EC-VESSEL-COL
LT-19259,EC-INST-LT
XV-19260,EC-VALVE-ISO
COL-19261,EC-VESSEL-COL
E-19262,EC-HEATEXCH-SHELL
FCV-19263,EC-VALVE-CTRL
E-19264,EC-HEATEXCH-SHELL
XV-19265,EC-VALVE-ISO
V-19266,EC-VESSEL-SEP
TT-19267,EC-INST-TT
V-19268,EC-VESSEL-SEP
COL-19269,EC-VESSEL-COL
FCV-19270,EC-VALVE-CTRL
FT-19271,EC-INST-FT
E-19272,EC-HEATEXCH-SHELL
FCV-19273,EC-VALVE-CTRL
E-19274,EC-HEATEXCH-SHELL
XV-19275,EC-VALVE-ISO
LT-19276,EC-INST-LT
FT-19277,EC-INST-FT
COL-19278,EC-VESSEL-COL
PSV-19279,EC-VALVE-RELIEF
PSV-19280,EC-VALVE-RELIEF
PSV-19281,EC-VALVE-RELIEF
P-19282,EC-PUMP-RECIP
PT-19283,EC-INST-PT
P-19284,EC-PUMP-RECIP
PSV-19285,EC-VALVE-RELIEF
PT-19286,EC-INST-PT
LT-19287,EC-INST-LT
E-19288,EC-HEATEXCH-SHELL
P-19289,EC-PUMP-CENTR
XV-19290,EC-VALVE-ISO
TT-19291,EC-INST-TT
P-19292,EC-PUMP-CENTR
V-19293,EC-VESSEL-SEP
V-19294,EC-VESSEL-SEP
FCV-19295,EC-VALVE-CTRL
P-19296,EC-PUMP-CENTR
XV-19297,EC-VALVE-ISO
XV-19298,EC-VALVE-ISO
XV-19299,EC-VALVE-ISO
COL-19300,EC-VESSEL-COL
K-19301,EC-COMPRESSOR-CENTR
XV-19302,EC-VALVE-ISO
P-19303,EC-PUMP-CENTR
XV-19304,EC-VALVE-ISO
LT-19305,EC-INST-LT
K-19306,EC-COMPRESSOR-CENTR
TT-19307,EC-INST-TT
COL-19308,EC-VESSEL-COL
FT-19309,EC-INST-FT
LT-19310,EC-INST-LT
COL-19311,EC-VESSEL-COL
P-19312,EC-PUMP-CENTR
P-19313,EC-PUMP-RECIP
LT-19314,EC-INST-LT
V-19315,EC-VESSEL-SEP
TT-19316,EC-INST-TT
E-19317,EC-HEATEXCH-SHELL
V-19318,EC-VESSEL-SEP
P-19319,EC-PUMP-RECIP
V-19320,EC-VESSEL-SEP
FCV-19321,EC-VALVE-CTRL
K-19322,EC-COMPRESSOR-CENTR
FT-19323,EC-INST-FT
FT-19324,EC-INST-FT
XV-19325,EC-VALVE-ISO
FT-19326,EC-INST-FT
V-19327,EC-VESSEL-SEP
XV-19328,EC-VALVE-ISO
PT-19329,EC-INST-PT
K-19330,EC-COMPRESSOR-CENTR
PT-19331,EC-INST-PT
FT-19332,EC-INST-FT
P-19333,EC-PUMP-CENTR
PSV-19334,EC-VALVE-RELIEF
XV-19335,EC-VALVE-ISO
XV-19336,EC-VALVE-ISO
TT-19337,EC-INST-TT
TT-19338,EC-INST-TT
V-19339,EC-VESSEL-SEP
PT-19340,EC-INST-PT
LT-19341,EC-INST-LT
PSV-19342,EC-VALVE-RELIEF
P-19343,EC-PUMP-RECIP
PSV-19344,EC-VALVE-RELIEF
P-19345,EC-PUMP-CENTR
V-19346,EC-VESSEL-SEP
K-19347,EC-COMPRESSOR-CENTR
K-19348,EC-COMPRESSOR-CENTR
K-19349,EC-COMPRESSOR-CENTR
P-19350,EC-PUMP-CENTR
P-19351,EC-PUMP-CENTR
TT-19352,EC-INST-TT
P-19353,EC-PUMP-RECIP
FCV-19354,EC-VALVE-CTRL
PSV-19355,EC-VALVE-RELIEF
TT-19356,EC-INST-TT
V-19357,EC-VESSEL-SEP
PSV-19358,EC-VALVE-RELIEF
PSV-19359,EC-VALVE-RELIEF
COL-19360,EC-VESSEL-COL
V-19361,EC-VESSEL-SEP
K-19362,EC-COMPRESSOR-CENTR
P-19363,EC-PUMP-CENTR
TT-19364,EC-INST-TT
COL-19365,EC-VESSEL-COL
FCV-19366,EC-VALVE-CTRL
COL-19367,EC-VESSEL-COL
PT-19368,EC-INST-PT
V-19369,EC-VESSEL-SEP
PT-19370,EC-INST-PT
COL-19371,EC-VESSEL-COL
XV-19372,EC-VALVE-ISO
COL-19373,EC-VESSEL-COL
P-19374,EC-PUMP-RECIP
E-19375,EC-HEATEXCH-SHELL
V-19376,EC-VESSEL-SEP
P-19377,EC-PUMP-RECIP
K-19378,EC-COMPRESSOR-CENTR
P-19379,EC-PUMP-CENTR
V-19380,EC-VESSEL-SEP
P-19381,EC-PUMP-CENTR
P-19382,EC-PUMP-RECIP
P-19383,EC-PUMP-RECIP
XV-19384,EC-VALVE-ISO
FT-19385,EC-INST-FT
COL-19386,EC-VESSEL-COL
LT-19387,EC-INST-LT
COL-19388,EC-VESSEL-COL
E-19389,EC-HEATEXCH-SHELL
FT-19390,EC-INST-FT
K-19391,EC-COMPRESSOR-CENTR
E-19392,EC-HEATEXCH-SHELL
XV-19393,EC-VALVE-ISO
TT-19394,EC-INST-TT
FCV-19395,EC-VALVE-CTRL
FCV-19396,EC-VALVE-CTRL
FT-19397,EC-INST-FT
E-19398,EC-HEATEXCH-SHELL
LT-19399,EC-INST-LT
P-19400,EC-PUMP-RECIP
PT-19401,EC-INST-PT
FCV-19402,EC-VALVE-CTRL
FT-19403,EC-INST-FT
LT-19404,EC-INST-LT
LT-19405,EC-INST-LT
COL-19406,EC-VESSEL-COL
PSV-19407,EC-VALVE-RELIEF
E-19408,EC-HEATEXCH-SHELL
V-19409,EC-VESSEL-SEP
LT-19410,EC-INST-LT
P-19411,EC-PUMP-RECIP
XV-19412,EC-VALVE-ISO
PT-19413,EC-INST-PT
P-19414,EC-PUMP-CENTR
XV-19415,EC-VALVE-ISO
P-19416,EC-PUMP-CENTR
K-19417,EC-COMPRESSOR-CENTR
PT-19418,EC-INST-PT
E-19419,EC-HEATEXCH-SHELL
P-19420,EC-PUMP-CENTR
P-19421,EC-PUMP-RECIP
K-19422,EC-COMPRESSOR-CENTR
FCV-19423,EC-VALVE-CTRL
PT-19424,EC-INST-PT
P-19425,EC-PUMP-RECIP
COL-19426,EC-VESSEL-COL
P-19427,EC-PUMP-RECIP
XV-19428,EC-VALVE-ISO
PT-19429,EC-INST-PT
P-19430,EC-PUMP-RECIP
P-19431,EC-PUMP-CENTR
P-19432,EC-PUMP-CENTR
PT-19433,EC-INST-PT
PSV-19434,EC-VALVE-RELIEF
V-19435,EC-VESSEL-SEP
TT-19436,EC-INST-TT
FCV-19437,EC-VALVE-CTRL
TT-19438,EC-INST-TT
V-19439,EC-VESSEL-SEP
XV-19440,EC-VALVE-ISO
K-19441,EC-COMPRESSOR-CENTR
LT-19442,EC-INST-LT
PSV-19443,EC-VALVE-RELIEF
LT-19444,EC-INST-LT
P-19445,EC-PUMP-RECIP
LT-19446,EC-INST-LT
FCV-19447,EC-VALVE-CTRL
PSV-19448,EC-VALVE-RELIEF
FCV-19449,EC-VALVE-CTRL
COL-19450,EC-VESSEL-COL
XV-19451,EC-VALVE-ISO
LT-19452,EC-INST-LT
LT-19453,EC-INST-LT
TT-19454,EC-INST-TT
FCV-19455,EC-VALVE-CTRL
TT-19456,EC-INST-TT
TT-19457,EC-INST-TT
TT-19458,EC-INST-TT
P-19459,EC-PUMP-RECIP
V-19460,EC-VESSEL-SEP
K-19461,EC-COMPRESSOR-CENTR
LT-19462,EC-INST-LT
FCV-19463,EC-VALVE-CTRL
FT-19464,EC-INST-FT
FCV-19465,EC-VALVE-CTRL
K-19466,EC-COMPRESSOR-CENTR
K-19467,EC-COMPRESSOR-CENTR
COL-19468,EC-VESSEL-COL
FCV-19469,EC-VALVE-CTRL
PSV-19470,EC-VALVE-RELIEF
PT-19471,EC-INST-PT
FCV-19472,EC-VALVE-CTRL
FCV-19473,EC-VALVE-CTRL
P-19474,EC-PUMP-RECIP
LT-19475,EC-INST-LT
K-19476,EC-COMPRESSOR-CENTR
TT-19477,EC-INST-TT
XV-19478,EC-VALVE-ISO
P-19479,EC-PUMP-RECIP
V-19480,EC-VESSEL-SEP
E-19481,EC-HEATEXCH-SHELL
FCV-19482,EC-VALVE-CTRL
FT-19483,EC-INST-FT
V-19484,EC-VESSEL-SEP
E-19485,EC-HEATEXCH-SHELL
LT-19486,EC-INST-LT
P-19487,EC-PUMP-RECIP
LT-19488,EC-INST-LT
PSV-19489,EC-VALVE-RELIEF
FT-19490,EC-INST-FT
P-19491,EC-PUMP-RECIP
COL-19492,EC-VESSEL-COL
TT-19493,EC-INST-TT
XV-19494,EC-VALVE-ISO
P-19495,EC-PUMP-CENTR
K-19496,EC-COMPRESSOR-CENTR
PSV-19497,EC-VALVE-RELIEF
FCV-19498,EC-VALVE-CTRL
FT-19499,EC-INST-FT
TT-19500,EC-INST-TT
TT-19501,EC-INST-TT
E-19502,EC-HEATEXCH-SHELL
FCV-19503,EC-VALVE-CTRL
PSV-19504,EC-VALVE-RELIEF
K-19505,EC-COMPRESSOR-CENTR
XV-19506,EC-VALVE-ISO
PT-19507,EC-INST-PT
V-19508,EC-VESSEL-SEP
K-19509,EC-COMPRESSOR-CENTR
V-19510,EC-VESSEL-SEP
LT-19511,EC-INST-LT
P-19512,EC-PUMP-RECIP
E-19513,EC-HEATEXCH-SHELL
P-19514,EC-PUMP-CENTR
TT-19515,EC-INST-TT
P-19516,EC-PUMP-CENTR
LT-19517,EC-INST-LT
E-19518,EC-HEATEXCH-SHELL
P-19519,EC-PUMP-CENTR
XV-19520,EC-VALVE-ISO
XV-19521,EC-VALVE-ISO
LT-19522,EC-INST-LT
FT-19523,EC-INST-FT
P-19524,EC-PUMP-CENTR
XV-19525,EC-VALVE-ISO
PSV-19526,EC-VALVE-RELIEF
TT-19527,EC-INST-TT
P-19528,EC-PUMP-RECIP
TT-19529,EC-INST-TT
COL-19530,EC-VESSEL-COL
K-19531,EC-COMPRESSOR-CENTR
PT-19532,EC-INST-PT
TT-19533,EC-INST-TT
PSV-19534,EC-VALVE-RELIEF
P-19535,EC-PUMP-RECIP
FCV-19536,EC-VALVE-CTRL
P-19537,EC-PUMP-RECIP
COL-19538,EC-VESSEL-COL
TT-19539,EC-INST-TT
PSV-19540,EC-VALVE-RELIEF
K-19541,EC-COMPRESSOR-CENTR
PT-19542,EC-INST-PT
LT-19543,EC-INST-LT
FCV-19544,EC-VALVE-CTRL
XV-19545,EC-VALVE-ISO
FCV-19546,EC-VALVE-CTRL
E-19547,EC-HEATEXCH-SHELL
COL-19548,EC-VESSEL-COL
FCV-19549,EC-VALVE-CTRL
PSV-19550,EC-VALVE-RELIEF
V-19551,EC-VESSEL-SEP
PSV-19552,EC-VALVE-RELIEF
P-19553,EC-PUMP-CENTR
PSV-19554,EC-VALVE-RELIEF
COL-19555,EC-VESSEL-COL
K-19556,EC-COMPRESSOR-CENTR
P-19557,EC-PUMP-RECIP
PT-19558,EC-INST-PT
P-19559,EC-PUMP-CENTR
FCV-19560,EC-VALVE-CTRL
V-19561,EC-VESSEL-SEP
P-19562,EC-PUMP-CENTR
FCV-19563,EC-VALVE-CTRL
PT-19564,EC-INST-PT
PSV-19565,EC-VALVE-RELIEF
FT-19566,EC-INST-FT
K-19567,EC-COMPRESSOR-CENTR
E-19568,EC-HEATEXCH-SHELL
E-19569,EC-HEATEXCH-SHELL
LT-19570,EC-INST-LT
P-19571,EC-PUMP-CENTR
E-19572,EC-HEATEXCH-SHELL
K-19573,EC-COMPRESSOR-CENTR
K-19574,EC-COMPRESSOR-CENTR
XV-19575,EC-VALVE-ISO
FCV-19576,EC-VALVE-CTRL
LT-19577,EC-INST-LT
PSV-19578,EC-VALVE-RELIEF
P-19579,EC-PUMP-RECIP
FCV-19580,EC-VALVE-CTRL
TT-19581,EC-INST-TT
FT-19582,EC-INST-FT
TT-19583,EC-INST-TT
PSV-19584,EC-VALVE-RELIEF
K-19585,EC-COMPRESSOR-CENTR
E-19586,EC-HEATEXCH-SHELL
PT-19587,EC-INST-PT
PT-19588,EC-INST-PT
P-19589,EC-PUMP-CENTR
LT-19590,EC-INST-LT
FT-19591,EC-INST-FT
FCV-19592,EC-VALVE-CTRL
V-19593,EC-VESSEL-SEP
XV-19594,EC-VALVE-ISO
V-19595,EC-VESSEL-SEP
K-19596,EC-COMPRESSOR-CENTR
K-19597,EC-COMPRESSOR-CENTR
P-19598,EC-PUMP-RECIP
COL-19599,EC-VESSEL-COL
FT-19600,EC-INST-FT
PT-19601,EC-INST-PT
PSV-19602,EC-VALVE-RELIEF
PT-19603,EC-INST-PT
PT-19604,EC-INST-PT
V-19605,EC-VESSEL-SEP
FT-19606,EC-INST-FT
V-19607,EC-VESSEL-SEP
FCV-19608,EC-VALVE-CTRL
LT-19609,EC-INST-LT
E-19610,EC-HEATEXCH-SHELL
LT-19611,EC-INST-LT
E-19612,EC-HEATEXCH-SHELL
E-19613,EC-HEATEXCH-SHELL
PT-19614,EC-INST-PT
XV-19615,EC-VALVE-ISO
LT-19616,EC-INST-LT
E-19617,EC-HEATEXCH-SHELL
PT-19618,EC-INST-PT
XV-19619,EC-VALVE-ISO
FCV-19620,EC-VALVE-CTRL
P-19621,EC-PUMP-CENTR
PT-19622,EC-INST-PT
E-19623,EC-HEATEXCH-SHELL
PT-19624,EC-INST-PT
LT-19625,EC-INST-LT
P-19626,EC-PUMP-RECIP
TT-19627,EC-INST-TT
PT-19628,EC-INST-PT
V-19629,EC-VESSEL-SEP
XV-19630,EC-VALVE-ISO
FT-19631,EC-INST-FT
P-19632,EC-PUMP-RECIP
FT-19633,EC-INST-FT
V-19634,EC-VESSEL-SEP
PSV-19635,EC-VALVE-RELIEF
P-19636,EC-PUMP-RECIP
XV-19637,EC-VALVE-ISO
FCV-19638,EC-VALVE-CTRL
P-19639,EC-PUMP-RECIP
K-19640,EC-COMPRESSOR-CENTR
P-19641,EC-PUMP-CENTR
LT-19642,EC-INST-LT
K-19643,EC-COMPRESSOR-CENTR
PSV-19644,EC-VALVE-RELIEF
E-19645,EC-HEATEXCH-SHELL
K-19646,EC-COMPRESSOR-CENTR
V-19647,EC-VESSEL-SEP
K-19648,EC-COMPRESSOR-CENTR
P-19649,EC-PUMP-RECIP
P-19650,EC-PUMP-CENTR
COL-19651,EC-VESSEL-COL
V-19652,EC-VESSEL-SEP
PT-19653,EC-INST-PT
FT-19654,EC-INST-FT
PSV-19655,EC-VALVE-RELIEF
P-19656,EC-PUMP-RECIP
PT-19657,EC-INST-PT
TT-19658,EC-INST-TT
COL-19659,EC-VESSEL-COL
E-19660,EC-HEATEXCH-SHELL
COL-19661,EC-VESSEL-COL
TT-19662,EC-INST-TT
COL-19663,EC-VESSEL-COL
FCV-19664,EC-VALVE-CTRL
TT-19665,EC-INST-TT
PSV-19666,EC-VALVE-RELIEF
COL-19667,EC-VESSEL-COL
E-19668,EC-HEATEXCH-SHELL
XV-19669,EC-VALVE-ISO
LT-19670,EC-INST-LT
K-19671,EC-COMPRESSOR-CENTR
FT-19672,EC-INST-FT
E-19673,EC-HEATEXCH-SHELL
LT-19674,EC-INST-LT
TT-19675,EC-INST-TT
E-19676,EC-HEATEXCH-SHELL
FT-19677,EC-INST-FT
FT-19678,EC-INST-FT
E-19679,EC-HEATEXCH-SHELL
V-19680,EC-VESSEL-SEP
FCV-19681,EC-VALVE-CTRL
COL-19682,EC-VESSEL-COL
K-19683,EC-COMPRESSOR-CENTR
LT-19684,EC-INST-LT
V-19685,EC-VESSEL-SEP
COL-19686,EC-VESSEL-COL
PSV-19687,EC-VALVE-RELIEF
P-19688,EC-PUMP-RECIP
COL-19689,EC-VESSEL-COL
PT-19690,EC-INST-PT
FT-19691,EC-INST-FT
V-19692,EC-VESSEL-SEP
TT-19693,EC-INST-TT
LT-19694,EC-INST-LT
COL-19695,EC-VESSEL-COL
P-19696,EC-PUMP-RECIP
PT-19697,EC-INST-PT
PT-19698,EC-INST-PT
FCV-19699,EC-VALVE-CTRL
XV-19700,EC-VALVE-ISO
P-19701,EC-PUMP-RECIP
E-19702,EC-HEATEXCH-SHELL
V-19703,EC-VESSEL-SEP
PT-19704,EC-INST-PT
FT-19705,EC-INST-FT
LT-19706,EC-INST-LT
FCV-19707,EC-VALVE-CTRL
P-19708,EC-PUMP-CENTR
FT-19709,EC-INST-FT
PSV-19710,EC-VALVE-RELIEF
LT-19711,EC-INST-LT
PSV-19712,EC-VALVE-RELIEF
LT-19713,EC-INST-LT
PSV-19714,EC-VALVE-RELIEF
TT-19715,EC-INST-TT
E-19716,EC-HEATEXCH-SHELL
PSV-19717,EC-VALVE-RELIEF
K-19718,EC-COMPRESSOR-CENTR
V-19719,EC-VESSEL-SEP
FCV-19720,EC-VALVE-CTRL
K-19721,EC-COMPRESSOR-CENTR
K-19722,EC-COMPRESSOR-CENTR
FT-19723,EC-INST-FT
FT-19724,EC-INST-FT
PSV-19725,EC-VALVE-RELIEF
FT-19726,EC-INST-FT
V-19727,EC-VESSEL-SEP
P-19728,EC-PUMP-CENTR
PT-19729,EC-INST-PT
P-19730,EC-PUMP-RECIP
XV-19731,EC-VALVE-ISO
PT-19732,EC-INST-PT
XV-19733,EC-VALVE-ISO
COL-19734,EC-VESSEL-COL
P-19735,EC-PUMP-RECIP
LT-19736,EC-INST-LT
P-19737,EC-PUMP-CENTR
TT-19738,EC-INST-TT
E-19739,EC-HEATEXCH-SHELL
P-19740,EC-PUMP-RECIP
PSV-19741,EC-VALVE-RELIEF
V-19742,EC-VESSEL-SEP
E-19743,EC-HEATEXCH-SHELL
COL-19744,EC-VESSEL-COL
TT-19745,EC-INST-TT
LT-19746,EC-INST-LT
FCV-19747,EC-VALVE-CTRL
LT-19748,EC-INST-LT
FT-19749,EC-INST-FT
COL-19750,EC-VESSEL-COL
LT-19751,EC-INST-LT
P-19752,EC-PUMP-RECIP
FCV-19753,EC-VALVE-CTRL
TT-19754,EC-INST-TT
COL-19755,EC-VESSEL-COL
COL-19756,EC-VESSEL-COL
PT-19757,EC-INST-PT
V-19758,EC-VESSEL-SEP
E-19759,EC-HEATEXCH-SHELL
P-19760,EC-PUMP-CENTR
P-19761,EC-PUMP-CENTR
PT-19762,EC-INST-PT
FCV-19763,EC-VALVE-CTRL
PSV-19764,EC-VALVE-RELIEF
P-19765,EC-PUMP-CENTR
FCV-19766,EC-VALVE-CTRL
P-19767,EC-PUMP-RECIP
E-19768,EC-HEATEXCH-SHELL
LT-19769,EC-INST-LT
LT-19770,EC-INST-LT
XV-19771,EC-VALVE-ISO
XV-19772,EC-VALVE-ISO
FCV-19773,EC-VALVE-CTRL
LT-19774,EC-INST-LT
E-19775,EC-HEATEXCH-SHELL
FT-19776,EC-INST-FT
P-19777,EC-PUMP-RECIP
LT-19778,EC-INST-LT
K-19779,EC-COMPRESSOR-CENTR
FT-19780,EC-INST-FT
FCV-19781,EC-VALVE-CTRL
E-19782,EC-HEATEXCH-SHELL
FCV-19783,EC-VALVE-CTRL
E-19784,EC-HEATEXCH-SHELL
P-19785,EC-PUMP-CENTR
E-19786,EC-HEATEXCH-SHELL
LT-19787,EC-INST-LT
LT-19788,EC-INST-LT
FT-19789,EC-INST-FT
V-19790,EC-VESSEL-SEP
FCV-19791,EC-VALVE-CTRL
V-19792,EC-VESSEL-SEP
XV-19793,EC-VALVE-ISO
V-19794,EC-VESSEL-SEP
TT-19795,EC-INST-TT
FT-19796,EC-INST-FT
E-19797,EC-HEATEXCH-SHELL
FCV-19798,EC-VALVE-CTRL
P-19799,EC-PUMP-RECIP
P-19800,EC-PUMP-CENTR
XV-19801,EC-VALVE-ISO
P-19802,EC-PUMP-RECIP
P-19803,EC-PUMP-CENTR
PT-19804,EC-INST-PT
FT-19805,EC-INST-FT
FCV-19806,EC-VALVE-CTRL
LT-19807,EC-INST-LT
V-19808,EC-VESSEL-SEP
TT-19809,EC-INST-TT
PT-19810,EC-INST-PT
TT-19811,EC-INST-TT
PT-19812,EC-INST-PT
P-19813,EC-PUMP-RECIP
PT-19814,EC-INST-PT
E-19815,EC-HEATEXCH-SHELL
V-19816,EC-VESSEL-SEP
P-19817,EC-PUMP-CENTR
COL-19818,EC-VESSEL-COL
PT-19819,EC-INST-PT
P-19820,EC-PUMP-CENTR
FCV-19821,EC-VALVE-CTRL
FCV-19822,EC-VALVE-CTRL
PSV-19823,EC-VALVE-RELIEF
V-19824,EC-VESSEL-SEP
P-19825,EC-PUMP-RECIP
V-19826,EC-VESSEL-SEP
XV-19827,EC-VALVE-ISO
COL-19828,EC-VESSEL-COL
PT-19829,EC-INST-PT
PT-19830,EC-INST-PT
PSV-19831,EC-VALVE-RELIEF
PT-19832,EC-INST-PT
V-19833,EC-VESSEL-SEP
P-19834,EC-PUMP-RECIP
P-19835,EC-PUMP-RECIP
V-19836,EC-VESSEL-SEP
E-19837,EC-HEATEXCH-SHELL
PT-19838,EC-INST-PT
E-19839,EC-HEATEXCH-SHELL
TT-19840,EC-INST-TT
E-19841,EC-HEATEXCH-SHELL
V-19842,EC-VESSEL-SEP
FT-19843,EC-INST-FT
V-19844,EC-VESSEL-SEP
PT-19845,EC-INST-PT
K-19846,EC-COMPRESSOR-CENTR
FCV-19847,EC-VALVE-CTRL
K-19848,EC-COMPRESSOR-CENTR
XV-19849,EC-VALVE-ISO
PSV-19850,EC-VALVE-RELIEF
FCV-19851,EC-VALVE-CTRL
XV-19852,EC-VALVE-ISO
K-19853,EC-COMPRESSOR-CENTR
FCV-19854,EC-VALVE-CTRL
FCV-19855,EC-VALVE-CTRL
COL-19856,EC-VESSEL-COL
K-19857,EC-COMPRESSOR-CENTR
V-19858,EC-VESSEL-SEP
K-19859,EC-COMPRESSOR-CENTR
E-19860,EC-HEATEXCH-SHELL
E-19861,EC-HEATEXCH-SHELL
COL-19862,EC-VESSEL-COL
FCV-19863,EC-VALVE-CTRL
XV-19864,EC-VALVE-ISO
FT-19865,EC-INST-FT
P-19866,EC-PUMP-CENTR
PT-19867,EC-INST-PT
P-19868,EC-PUMP-CENTR
P-19869,EC-PUMP-CENTR
E-19870,EC-HEATEXCH-SHELL
COL-19871,EC-VESSEL-COL
LT-19872,EC-INST-LT
K-19873,EC-COMPRESSOR-CENTR
COL-19874,EC-VESSEL-COL
E-19875,EC-HEATEXCH-SHELL
FCV-19876,EC-VALVE-CTRL
TT-19877,EC-INST-TT
P-19878,EC-PUMP-CENTR
LT-19879,EC-INST-LT
P-19880,EC-PUMP-CENTR
LT-19881,EC-INST-LT
P-19882,EC-PUMP-CENTR
LT-19883,EC-INST-LT
P-19884,EC-PUMP-RECIP
E-19885,EC-HEATEXCH-SHELL
FT-19886,EC-INST-FT
TT-19887,EC-INST-TT
V-19888,EC-VESSEL-SEP
P-19889,EC-PUMP-CENTR
XV-19890,EC-VALVE-ISO
TT-19891,EC-INST-TT
COL-19892,EC-VESSEL-COL
K-19893,EC-COMPRESSOR-CENTR
V-19894,EC-VESSEL-SEP
K-19895,EC-COMPRESSOR-CENTR
COL-19896,EC-VESSEL-COL
E-19897,EC-HEATEXCH-SHELL
PT-19898,EC-INST-PT
E-19899,EC-HEATEXCH-SHELL
E-19900,EC-HEATEXCH-SHELL
P-19901,EC-PUMP-RECIP
K-19902,EC-COMPRESSOR-CENTR
P-19903,EC-PUMP-RECIP
E-19904,EC-HEATEXCH-SHELL
XV-19905,EC-VALVE-ISO
P-19906,EC-PUMP-CENTR
XV-19907,EC-VALVE-ISO
P-19908,EC-PUMP-CENTR
FCV-19909,EC-VALVE-CTRL
FT-19910,EC-INST-FT
FT-19911,EC-INST-FT
V-19912,EC-VESSEL-SEP
PT-19913,EC-INST-PT
P-19914,EC-PUMP-CENTR
FCV-19915,EC-VALVE-CTRL
LT-19916,EC-INST-LT
V-19917,EC-VESSEL-SEP
XV-19918,EC-VALVE-ISO
FCV-19919,EC-VALVE-CTRL
PT-19920,EC-INST-PT
P-19921,EC-PUMP-RECIP
LT-19922,EC-INST-LT
COL-19923,EC-VESSEL-COL
FCV-19924,EC-VALVE-CTRL
PT-19925,EC-INST-PT
P-19926,EC-PUMP-RECIP
P-19927,EC-PUMP-CENTR
COL-19928,EC-VESSEL-COL
P-19929,EC-PUMP-RECIP
PT-19930,EC-INST-PT
P-19931,EC-PUMP-RECIP
P-19932,EC-PUMP-RECIP
P-19933,EC-PUMP-CENTR
P-19934,EC-PUMP-RECIP
FT-19935,EC-INST-FT
V-19936,EC-VESSEL-SEP
PT-19937,EC-INST-PT
E-19938,EC-HEATEXCH-SHELL
P-19939,EC-PUMP-RECIP
P-19940,EC-PUMP-RECIP
LT-19941,EC-INST-LT
E-19942,EC-HEATEXCH-SHELL
E-19943,EC-HEATEXCH-SHELL
COL-19944,EC-VESSEL-COL
FT-19945,EC-INST-FT
PSV-19946,EC-VALVE-RELIEF
COL-19947,EC-VESSEL-COL
XV-19948,EC-VALVE-ISO
XV-19949,EC-VALVE-ISO
P-19950,EC-PUMP-RECIP
COL-19951,EC-VESSEL-COL
PSV-19952,EC-VALVE-RELIEF
LT-19953,EC-INST-LT
P-19954,EC-PUMP-CENTR
E-19955,EC-HEATEXCH-SHELL
FCV-19956,EC-VALVE-CTRL
E-19957,EC-HEATEXCH-SHELL
P-19958,EC-PUMP-CENTR
PT-19959,EC-INST-PT
P-19960,EC-PUMP-RECIP
TT-19961,EC-INST-TT
FT-19962,EC-INST-FT
P-19963,EC-PUMP-RECIP
PSV-19964,EC-VALVE-RELIEF
K-19965,EC-COMPRESSOR-CENTR
E-19966,EC-HEATEXCH-SHELL
LT-19967,EC-INST-LT
P-19968,EC-PUMP-RECIP
P-19969,EC-PUMP-CENTR
COL-19970,EC-VESSEL-COL
E-19971,EC-HEATEXCH-SHELL
FT-19972,EC-INST-FT
COL-19973,EC-VESSEL-COL
E-19974,EC-HEATEXCH-SHELL
TT-19975,EC-INST-TT
P-19976,EC-PUMP-CENTR
E-19977,EC-HEATEXCH-SHELL
V-19978,EC-VESSEL-SEP
COL-19979,EC-VESSEL-COL
FT-19980,EC-INST-FT
XV-19981,EC-VALVE-ISO
P-19982,EC-PUMP-RECIP
XV-19983,EC-VALVE-ISO
FT-19984,EC-INST-FT
K-19985,EC-COMPRESSOR-CENTR
K-19986,EC-COMPRESSOR-CENTR
P-19987,EC-PUMP-CENTR
V-19988,EC-VESSEL-SEP
LT-19989,EC-INST-LT
E-19990,EC-HEATEXCH-SHELL
COL-19991,EC-VESSEL-COL
COL-19992,EC-VESSEL-COL
PT-19993,EC-INST-PT
XV-19994,EC-VALVE-ISO
E-19995,EC-HEATEXCH-SHELL
P-19996,EC-PUMP-CENTR
FCV-19997,EC-VALVE-CTRL
TT-19998,EC-INST-TT
P-19999,EC-PUMP-RECIP
LT-20000,EC-INST-LT
P-20001,EC-PUMP-CENTR
LT-20002,EC-INST-LT
P-20003,EC-PUMP-RECIP
FCV-20004,EC-VALVE-CTRL
PT-20005,EC-INST-PT
E-20006,EC-HEATEXCH-SHELL
V-20007,EC-VESSEL-SEP
FCV-20008,EC-VALVE-CTRL
COL-20009,EC-VESSEL-COL
P-20010,EC-PUMP-CENTR
XV-20011,EC-VALVE-ISO
LT-20012,EC-INST-LT
COL-20013,EC-VESSEL-COL
LT-20014,EC-INST-LT
P-20015,EC-PUMP-CENTR
E-20016,EC-HEATEXCH-SHELL
P-20017,EC-PUMP-CENTR
COL-20018,EC-VESSEL-COL
PT-20019,EC-INST-PT
FCV-20020,EC-VALVE-CTRL
XV-20021,EC-VALVE-ISO
P-20022,EC-PUMP-CENTR
LT-20023,EC-INST-LT
PT-20024,EC-INST-PT
P-20025,EC-PUMP-RECIP
P-20026,EC-PUMP-CENTR
P-20027,EC-PUMP-RECIP
P-20028,EC-PUMP-CENTR
FT-20029,EC-INST-FT
PSV-20030,EC-VALVE-RELIEF
XV-20031,EC-VALVE-ISO
FCV-20032,EC-VALVE-CTRL
PT-20033,EC-INST-PT
COL-20034,EC-VESSEL-COL
E-20035,EC-HEATEXCH-SHELL
FCV-20036,EC-VALVE-CTRL
E-20037,EC-HEATEXCH-SHELL
LT-20038,EC-INST-LT
FT-20039,EC-INST-FT
V-20040,EC-VESSEL-SEP
P-20041,EC-PUMP-CENTR
V-20042,EC-VESSEL-SEP
V-20043,EC-VESSEL-SEP
COL-20044,EC-VESSEL-COL
E-20045,EC-HEATEXCH-SHELL
LT-20046,EC-INST-LT
FT-20047,EC-INST-FT
P-20048,EC-PUMP-RECIP
PSV-20049,EC-VALVE-RELIEF
K-20050,EC-COMPRESSOR-CENTR
TT-20051,EC-INST-TT
PSV-20052,EC-VALVE-RELIEF
PSV-20053,EC-VALVE-RELIEF
FCV-20054,EC-VALVE-CTRL
FT-20055,EC-INST-FT
PSV-20056,EC-VALVE-RELIEF
COL-20057,EC-VESSEL-COL
V-20058,EC-VESSEL-SEP
COL-20059,EC-VESSEL-COL
LT-20060,EC-INST-LT
P-20061,EC-PUMP-RECIP
K-20062,EC-COMPRESSOR-CENTR
K-20063,EC-COMPRESSOR-CENTR
FT-20064,EC-INST-FT
E-20065,EC-HEATEXCH-SHELL
FCV-20066,EC-VALVE-CTRL
V-20067,EC-VESSEL-SEP
V-20068,EC-VESSEL-SEP
P-20069,EC-PUMP-CENTR
P-20070,EC-PUMP-CENTR
FCV-20071,EC-VALVE-CTRL
PT-20072,EC-INST-PT
COL-20073,EC-VESSEL-COL
P-20074,EC-PUMP-CENTR
COL-20075,EC-VESSEL-COL
V-20076,EC-VESSEL-SEP
XV-20077,EC-VALVE-ISO
FCV-20078,EC-VALVE-CTRL
PSV-20079,EC-VALVE-RELIEF
V-20080,EC-VESSEL-SEP
PT-20081,EC-INST-PT
V-20082,EC-VESSEL-SEP
TT-20083,EC-INST-TT
COL-20084,EC-VESSEL-COL
P-20085,EC-PUMP-CENTR
P-20086,EC-PUMP-CENTR
V-20087,EC-VESSEL-SEP
PSV-20088,EC-VALVE-RELIEF
TT-20089,EC-INST-TT
PT-20090,EC-INST-PT
PT-20091,EC-INST-PT
E-20092,EC-HEATEXCH-SHELL
V-20093,EC-VESSEL-SEP
P-20094,EC-PUMP-RECIP
FT-20095,EC-INST-FT
FCV-20096,EC-VALVE-CTRL
LT-20097,EC-INST-LT
FT-20098,EC-INST-FT
K-20099,EC-COMPRESSOR-CENTR
COL-20100,EC-VESSEL-COL
LT-20101,EC-INST-LT
P-20102,EC-PUMP-RECIP
LT-20103,EC-INST-LT
TT-20104,EC-INST-TT
P-20105,EC-PUMP-RECIP
P-20106,EC-PUMP-RECIP
PT-20107,EC-INST-PT
PSV-20108,EC-VALVE-RELIEF
P-20109,EC-PUMP-CENTR
E-20110,EC-HEATEXCH-SHELL
P-20111,EC-PUMP-CENTR
V-20112,EC-VESSEL-SEP
FT-20113,EC-INST-FT
COL-20114,EC-VESSEL-COL
FCV-20115,EC-VALVE-CTRL
XV-20116,EC-VALVE-ISO
TT-20117,EC-INST-TT
PSV-20118,EC-VALVE-RELIEF
K-20119,EC-COMPRESSOR-CENTR
PSV-20120,EC-VALVE-RELIEF
P-20121,EC-PUMP-RECIP
PT-20122,EC-INST-PT
COL-20123,EC-VESSEL-COL
P-20124,EC-PUMP-CENTR
K-20125,EC-COMPRESSOR-CENTR
COL-20126,EC-VESSEL-COL
FCV-20127,EC-VALVE-CTRL
PSV-20128,EC-VALVE-RELIEF
FT-20129,EC-INST-FT
LT-20130,EC-INST-LT
E-20131,EC-HEATEXCH-SHELL
P-20132,EC-PUMP-CENTR
V-20133,EC-VESSEL-SEP
COL-20134,EC-VESSEL-COL
FCV-20135,EC-VALVE-CTRL
LT-20136,EC-INST-LT
FT-20137,EC-INST-FT
XV-20138,EC-VALVE-ISO
FCV-20139,EC-VALVE-CTRL
E-20140,EC-HEATEXCH-SHELL
P-20141,EC-PUMP-RECIP
LT-20142,EC-INST-LT
K-20143,EC-COMPRESSOR-CENTR
PSV-20144,EC-VALVE-RELIEF
LT-20145,EC-INST-LT
TT-20146,EC-INST-TT
FT-20147,EC-INST-FT
P-20148,EC-PUMP-CENTR
LT-20149,EC-INST-LT
LT-20150,EC-INST-LT
TT-20151,EC-INST-TT
PT-20152,EC-INST-PT
TT-20153,EC-INST-TT
LT-20154,EC-INST-LT
PT-20155,EC-INST-PT
PT-20156,EC-INST-PT
PT-20157,EC-INST-PT
LT-20158,EC-INST-LT
P-20159,EC-PUMP-CENTR
LT-20160,EC-INST-LT
PT-20161,EC-INST-PT
PT-20162,EC-INST-PT
LT-20163,EC-INST-LT
P-20164,EC-PUMP-CENTR
LT-20165,EC-INST-LT
TT-20166,EC-INST-TT
COL-20167,EC-VESSEL-COL
COL-20168,EC-VESSEL-COL
FT-20169,EC-INST-FT
E-20170,EC-HEATEXCH-SHELL
COL-20171,EC-VESSEL-COL
V-20172,EC-VESSEL-SEP
FT-20173,EC-INST-FT
E-20174,EC-HEATEXCH-SHELL
K-20175,EC-COMPRESSOR-CENTR
P-20176,EC-PUMP-RECIP
V-20177,EC-VESSEL-SEP
FCV-20178,EC-VALVE-CTRL
PSV-20179,EC-VALVE-RELIEF
PSV-20180,EC-VALVE-RELIEF
V-20181,EC-VESSEL-SEP
COL-20182,EC-VESSEL-COL
TT-20183,EC-INST-TT
LT-20184,EC-INST-LT
E-20185,EC-HEATEXCH-SHELL
PSV-20186,EC-VALVE-RELIEF
FT-20187,EC-INST-FT
P-20188,EC-PUMP-RECIP
FCV-20189,EC-VALVE-CTRL
COL-20190,EC-VESSEL-COL
PT-20191,EC-INST-PT
FT-20192,EC-INST-FT
K-20193,EC-COMPRESSOR-CENTR
XV-20194,EC-VALVE-ISO
PT-20195,EC-INST-PT
V-20196,EC-VESSEL-SEP
P-20197,EC-PUMP-CENTR
FT-20198,EC-INST-FT
PT-20199,EC-INST-PT
V-20200,EC-VESSEL-SEP
V-20201,EC-VESSEL-SEP
PT-20202,EC-INST-PT
V-20203,EC-VESSEL-SEP
FT-20204,EC-INST-FT
LT-20205,EC-INST-LT
XV-20206,EC-VALVE-ISO
E-20207,EC-HEATEXCH-SHELL
P-20208,EC-PUMP-CENTR
P-20209,EC-PUMP-CENTR
PSV-20210,EC-VALVE-RELIEF
LT-20211,EC-INST-LT
P-20212,EC-PUMP-CENTR
FT-20213,EC-INST-FT
TT-20214,EC-INST-TT
XV-20215,EC-VALVE-ISO
FCV-20216,EC-VALVE-CTRL
TT-20217,EC-INST-TT
V-20218,EC-VESSEL-SEP
E-20219,EC-HEATEXCH-SHELL
PSV-20220,EC-VALVE-RELIEF
V-20221,EC-VESSEL-SEP
TT-20222,EC-INST-TT
V-20223,EC-VESSEL-SEP
P-20224,EC-PUMP-CENTR
PT-20225,EC-INST-PT
P-20226,EC-PUMP-RECIP
XV-20227,EC-VALVE-ISO
XV-20228,EC-VALVE-ISO
PSV-20229,EC-VALVE-RELIEF
K-20230,EC-COMPRESSOR-CENTR
E-20231,EC-HEATEXCH-SHELL
FCV-20232,EC-VALVE-CTRL
P-20233,EC-PUMP-CENTR
PSV-20234,EC-VALVE-RELIEF
COL-20235,EC-VESSEL-COL
COL-20236,EC-VESSEL-COL
PSV-20237,EC-VALVE-RELIEF
V-20238,EC-VESSEL-SEP
E-20239,EC-HEATEXCH-SHELL
PSV-20240,EC-VALVE-RELIEF
TT-20241,EC-INST-TT
PT-20242,EC-INST-PT
LT-20243,EC-INST-LT
XV-20244,EC-VALVE-ISO
XV-20245,EC-VALVE-ISO
TT-20246,EC-INST-TT
XV-20247,EC-VALVE-ISO
PSV-20248,EC-VALVE-RELIEF
FCV-20249,EC-VALVE-CTRL
FCV-20250,EC-VALVE-CTRL
PSV-20251,EC-VALVE-RELIEF
P-20252,EC-PUMP-RECIP
TT-20253,EC-INST-TT
P-20254,EC-PUMP-CENTR
COL-20255,EC-VESSEL-COL
LT-20256,EC-INST-LT
LT-20257,EC-INST-LT
FT-20258,EC-INST-FT
LT-20259,EC-INST-LT
PT-20260,EC-INST-PT
K-20261,EC-COMPRESSOR-CENTR
PSV-20262,EC-VALVE-RELIEF
FT-20263,EC-INST-FT
E-20264,EC-HEATEXCH-SHELL
LT-20265,EC-INST-LT
FCV-20266,EC-VALVE-CTRL
PT-20267,EC-INST-PT
PT-20268,EC-INST-PT
P-20269,EC-PUMP-CENTR
TT-20270,EC-INST-TT
V-20271,EC-VESSEL-SEP
PT-20272,EC-INST-PT
FCV-20273,EC-VALVE-CTRL
P-20274,EC-PUMP-CENTR
K-20275,EC-COMPRESSOR-CENTR
PT-20276,EC-INST-PT
P-20277,EC-PUMP-CENTR
V-20278,EC-VESSEL-SEP
K-20279,EC-COMPRESSOR-CENTR
XV-20280,EC-VALVE-ISO
PSV-20281,EC-VALVE-RELIEF
COL-20282,EC-VESSEL-COL
FCV-20283,EC-VALVE-CTRL
PSV-20284,EC-VALVE-RELIEF
K-20285,EC-COMPRESSOR-CENTR
LT-20286,EC-INST-LT
P-20287,EC-PUMP-RECIP
XV-20288,EC-VALVE-ISO
TT-20289,EC-INST-TT
TT-20290,EC-INST-TT
K-20291,EC-COMPRESSOR-CENTR
V-20292,EC-VESSEL-SEP
V-20293,EC-VESSEL-SEP
PT-20294,EC-INST-PT
P-20295,EC-PUMP-CENTR
K-20296,EC-COMPRESSOR-CENTR
E-20297,EC-HEATEXCH-SHELL
XV-20298,EC-VALVE-ISO
LT-20299,EC-INST-LT
LT-20300,EC-INST-LT
PT-20301,EC-INST-PT
FT-20302,EC-INST-FT
XV-20303,EC-VALVE-ISO
PT-20304,EC-INST-PT
PT-20305,EC-INST-PT
LT-20306,EC-INST-LT
K-20307,EC-COMPRESSOR-CENTR
K-20308,EC-COMPRESSOR-CENTR
COL-20309,EC-VESSEL-COL
FCV-20310,EC-VALVE-CTRL
FCV-20311,EC-VALVE-CTRL
FCV-20312,EC-VALVE-CTRL
K-20313,EC-COMPRESSOR-CENTR
LT-20314,EC-INST-LT
K-20315,EC-COMPRESSOR-CENTR
XV-20316,EC-VALVE-ISO
TT-20317,EC-INST-TT
K-20318,EC-COMPRESSOR-CENTR
TT-20319,EC-INST-TT
TT-20320,EC-INST-TT
P-20321,EC-PUMP-RECIP
FT-20322,EC-INST-FT
P-20323,EC-PUMP-RECIP
COL-20324,EC-VESSEL-COL
K-20325,EC-COMPRESSOR-CENTR
V-20326,EC-VESSEL-SEP
TT-20327,EC-INST-TT
XV-20328,EC-VALVE-ISO
K-20329,EC-COMPRESSOR-CENTR
FT-20330,EC-INST-FT
P-20331,EC-PUMP-RECIP
LT-20332,EC-INST-LT
FCV-20333,EC-VALVE-CTRL
FCV-20334,EC-VALVE-CTRL
E-20335,EC-HEATEXCH-SHELL
E-20336,EC-HEATEXCH-SHELL
V-20337,EC-VESSEL-SEP
FCV-20338,EC-VALVE-CTRL
COL-20339,EC-VESSEL-COL
K-20340,EC-COMPRESSOR-CENTR
FCV-20341,EC-VALVE-CTRL
PSV-20342,EC-VALVE-RELIEF
FCV-20343,EC-VALVE-CTRL
FT-20344,EC-INST-FT
FCV-20345,EC-VALVE-CTRL
PSV-20346,EC-VALVE-RELIEF
V-20347,EC-VESSEL-SEP
V-20348,EC-VESSEL-SEP
FCV-20349,EC-VALVE-CTRL
TT-20350,EC-INST-TT
E-20351,EC-HEATEXCH-SHELL
PT-20352,EC-INST-PT
XV-20353,EC-VALVE-ISO
V-20354,EC-VESSEL-SEP
K-20355,EC-COMPRESSOR-CENTR
V-20356,EC-VESSEL-SEP
PSV-20357,EC-VALVE-RELIEF
P-20358,EC-PUMP-CENTR
FCV-20359,EC-VALVE-CTRL
PSV-20360,EC-VALVE-RELIEF
P-20361,EC-PUMP-CENTR
P-20362,EC-PUMP-CENTR
XV-20363,EC-VALVE-ISO
P-20364,EC-PUMP-RECIP
K-20365,EC-COMPRESSOR-CENTR
P-20366,EC-PUMP-RECIP
COL-20367,EC-VESSEL-COL
P-20368,EC-PUMP-CENTR
PSV-20369,EC-VALVE-RELIEF
FCV-20370,EC-VALVE-CTRL
K-20371,EC-COMPRESSOR-CENTR
P-20372,EC-PUMP-RECIP
COL-20373,EC-VESSEL-COL
COL-20374,EC-VESSEL-COL
K-20375,EC-COMPRESSOR-CENTR
LT-20376,EC-INST-LT
LT-20377,EC-INST-LT
P-20378,EC-PUMP-CENTR
V-20379,EC-VESSEL-SEP
FT-20380,EC-INST-FT
TT-20381,EC-INST-TT
COL-20382,EC-VESSEL-COL
V-20383,EC-VESSEL-SEP
COL-20384,EC-VESSEL-COL
FCV-20385,EC-VALVE-CTRL
COL-20386,EC-VESSEL-COL
V-20387,EC-VESSEL-SEP
COL-20388,EC-VESSEL-COL
FT-20389,EC-INST-FT
LT-20390,EC-INST-LT
PSV-20391,EC-VALVE-RELIEF
E-20392,EC-HEATEXCH-SHELL
LT-20393,EC-INST-LT
COL-20394,EC-VESSEL-COL
FCV-20395,EC-VALVE-CTRL
V-20396,EC-VESSEL-SEP
E-20397,EC-HEATEXCH-SHELL
FCV-20398,EC-VALVE-CTRL
V-20399,EC-VESSEL-SEP
TT-20400,EC-INST-TT
TT-20401,EC-INST-TT
LT-20402,EC-INST-LT
FCV-20403,EC-VALVE-CTRL
FT-20404,EC-INST-FT
P-20405,EC-PUMP-RECIP
FCV-20406,EC-VALVE-CTRL
TT-20407,EC-INST-TT
PT-20408,EC-INST-PT
XV-20409,EC-VALVE-ISO
LT-20410,EC-INST-LT
E-20411,EC-HEATEXCH-SHELL
XV-20412,EC-VALVE-ISO
E-20413,EC-HEATEXCH-SHELL
FCV-20414,EC-VALVE-CTRL
FT-20415,EC-INST-FT
FT-20416,EC-INST-FT
TT-20417,EC-INST-TT
P-20418,EC-PUMP-RECIP
FCV-20419,EC-VALVE-CTRL
TT-20420,EC-INST-TT
K-20421,EC-COMPRESSOR-CENTR
LT-20422,EC-INST-LT
COL-20423,EC-VESSEL-COL
TT-20424,EC-INST-TT
P-20425,EC-PUMP-RECIP
PT-20426,EC-INST-PT
P-20427,EC-PUMP-RECIP
V-20428,EC-VESSEL-SEP
XV-20429,EC-VALVE-ISO
PSV-20430,EC-VALVE-RELIEF
P-20431,EC-PUMP-RECIP
FT-20432,EC-INST-FT
FCV-20433,EC-VALVE-CTRL
P-20434,EC-PUMP-RECIP
LT-20435,EC-INST-LT
K-20436,EC-COMPRESSOR-CENTR
P-20437,EC-PUMP-RECIP
FCV-20438,EC-VALVE-CTRL
E-20439,EC-HEATEXCH-SHELL
PT-20440,EC-INST-PT
V-20441,EC-VESSEL-SEP
TT-20442,EC-INST-TT
TT-20443,EC-INST-TT
FCV-20444,EC-VALVE-CTRL
TT-20445,EC-INST-TT
TT-20446,EC-INST-TT
LT-20447,EC-INST-LT
XV-20448,EC-VALVE-ISO
XV-20449,EC-VALVE-ISO
XV-20450,EC-VALVE-ISO
FCV-20451,EC-VALVE-CTRL
FT-20452,EC-INST-FT
PT-20453,EC-INST-PT
PSV-20454,EC-VALVE-RELIEF
PT-20455,EC-INST-PT
V-20456,EC-VESSEL-SEP
PT-20457,EC-INST-PT
PSV-20458,EC-VALVE-RELIEF
FCV-20459,EC-VALVE-CTRL
E-20460,EC-HEATEXCH-SHELL
PSV-20461,EC-VALVE-RELIEF
COL-20462,EC-VESSEL-COL
PT-20463,EC-INST-PT
P-20464,EC-PUMP-RECIP
E-20465,EC-HEATEXCH-SHELL
FCV-20466,EC-VALVE-CTRL
COL-20467,EC-VESSEL-COL
K-20468,EC-COMPRESSOR-CENTR
COL-20469,EC-VESSEL-COL
TT-20470,EC-INST-TT
FCV-20471,EC-VALVE-CTRL
FCV-20472,EC-VALVE-CTRL
TT-20473,EC-INST-TT
XV-20474,EC-VALVE-ISO
FT-20475,EC-INST-FT
PT-20476,EC-INST-PT
TT-20477,EC-INST-TT
TT-20478,EC-INST-TT
V-20479,EC-VESSEL-SEP
PT-20480,EC-INST-PT
FCV-20481,EC-VALVE-CTRL
P-20482,EC-PUMP-CENTR
E-20483,EC-HEATEXCH-SHELL
E-20484,EC-HEATEXCH-SHELL
E-20485,EC-HEATEXCH-SHELL
FCV-20486,EC-VALVE-CTRL
LT-20487,EC-INST-LT
FCV-20488,EC-VALVE-CTRL
E-20489,EC-HEATEXCH-SHELL
FT-20490,EC-INST-FT
LT-20491,EC-INST-LT
LT-20492,EC-INST-LT
FT-20493,EC-INST-FT
PT-20494,EC-INST-PT
P-20495,EC-PUMP-RECIP
K-20496,EC-COMPRESSOR-CENTR
PSV-20497,EC-VALVE-RELIEF
P-20498,EC-PUMP-RECIP
LT-20499,EC-INST-LT
PSV-20500,EC-VALVE-RELIEF
V-20501,EC-VESSEL-SEP
COL-20502,EC-VESSEL-COL
PSV-20503,EC-VALVE-RELIEF
P-20504,EC-PUMP-CENTR
P-20505,EC-PUMP-RECIP
PT-20506,EC-INST-PT
PSV-20507,EC-VALVE-RELIEF
LT-20508,EC-INST-LT
V-20509,EC-VESSEL-SEP
PT-20510,EC-INST-PT
LT-20511,EC-INST-LT
P-20512,EC-PUMP-RECIP
PT-20513,EC-INST-PT
V-20514,EC-VESSEL-SEP
PT-20515,EC-INST-PT
PT-20516,EC-INST-PT
P-20517,EC-PUMP-CENTR
PSV-20518,EC-VALVE-RELIEF
P-20519,EC-PUMP-RECIP
TT-20520,EC-INST-TT
PSV-20521,EC-VALVE-RELIEF
P-20522,EC-PUMP-RECIP
PT-20523,EC-INST-PT
PT-20524,EC-INST-PT
FCV-20525,EC-VALVE-CTRL
P-20526,EC-PUMP-CENTR
V-20527,EC-VESSEL-SEP
LT-20528,EC-INST-LT
FCV-20529,EC-VALVE-CTRL
FCV-20530,EC-VALVE-CTRL
PT-20531,EC-INST-PT
PSV-20532,EC-VALVE-RELIEF
PT-20533,EC-INST-PT
P-20534,EC-PUMP-CENTR
XV-20535,EC-VALVE-ISO
K-20536,EC-COMPRESSOR-CENTR
XV-20537,EC-VALVE-ISO
FCV-20538,EC-VALVE-CTRL
PSV-20539,EC-VALVE-RELIEF
K-20540,EC-COMPRESSOR-CENTR
COL-20541,EC-VESSEL-COL
E-20542,EC-HEATEXCH-SHELL
LT-20543,EC-INST-LT
P-20544,EC-PUMP-RECIP
COL-20545,EC-VESSEL-COL
P-20546,EC-PUMP-RECIP
PSV-20547,EC-VALVE-RELIEF
COL-20548,EC-VESSEL-COL
FT-20549,EC-INST-FT
P-20550,EC-PUMP-CENTR
V-20551,EC-VESSEL-SEP
XV-20552,EC-VALVE-ISO
P-20553,EC-PUMP-RECIP
V-20554,EC-VESSEL-SEP
FCV-20555,EC-VALVE-CTRL
XV-20556,EC-VALVE-ISO
TT-20557,EC-INST-TT
E-20558,EC-HEATEXCH-SHELL
XV-20559,EC-VALVE-ISO
V-20560,EC-VESSEL-SEP
E-20561,EC-HEATEXCH-SHELL
PT-20562,EC-INST-PT
TT-20563,EC-INST-TT
PSV-20564,EC-VALVE-RELIEF
COL-20565,EC-VESSEL-COL
LT-20566,EC-INST-LT
PSV-20567,EC-VALVE-RELIEF
P-20568,EC-PUMP-CENTR
PSV-20569,EC-VALVE-RELIEF
TT-20570,EC-INST-TT
E-20571,EC-HEATEXCH-SHELL
PT-20572,EC-INST-PT
E-20573,EC-HEATEXCH-SHELL
FT-20574,EC-INST-FT
LT-20575,EC-INST-LT
TT-20576,EC-INST-TT
K-20577,EC-COMPRESSOR-CENTR
V-20578,EC-VESSEL-SEP
PSV-20579,EC-VALVE-RELIEF
PT-20580,EC-INST-PT
P-20581,EC-PUMP-CENTR
PT-20582,EC-INST-PT
FT-20583,EC-INST-FT
COL-20584,EC-VESSEL-COL
K-20585,EC-COMPRESSOR-CENTR
FT-20586,EC-INST-FT
V-20587,EC-VESSEL-SEP
PT-20588,EC-INST-PT
FT-20589,EC-INST-FT
COL-20590,EC-VESSEL-COL
K-20591,EC-COMPRESSOR-CENTR
LT-20592,EC-INST-LT
P-20593,EC-PUMP-CENTR
XV-20594,EC-VALVE-ISO
P-20595,EC-PUMP-CENTR
E-20596,EC-HEATEXCH-SHELL
E-20597,EC-HEATEXCH-SHELL
P-20598,EC-PUMP-RECIP
COL-20599,EC-VESSEL-COL
XV-20600,EC-VALVE-ISO
E-20601,EC-HEATEXCH-SHELL
E-20602,EC-HEATEXCH-SHELL
LT-20603,EC-INST-LT
K-20604,EC-COMPRESSOR-CENTR
K-20605,EC-COMPRESSOR-CENTR
K-20606,EC-COMPRESSOR-CENTR
P-20607,EC-PUMP-RECIP
E-20608,EC-HEATEXCH-SHELL
FCV-20609,EC-VALVE-CTRL
K-20610,EC-COMPRESSOR-CENTR
XV-20611,EC-VALVE-ISO
FT-20612,EC-INST-FT
COL-20613,EC-VESSEL-COL
PSV-20614,EC-VALVE-RELIEF
V-20615,EC-VESSEL-SEP
E-20616,EC-HEATEXCH-SHELL
FT-20617,EC-INST-FT
V-20618,EC-VESSEL-SEP
E-20619,EC-HEATEXCH-SHELL
TT-20620,EC-INST-TT
PT-20621,EC-INST-PT
E-20622,EC-HEATEXCH-SHELL
P-20623,EC-PUMP-CENTR
E-20624,EC-HEATEXCH-SHELL
E-20625,EC-HEATEXCH-SHELL
FCV-20626,EC-VALVE-CTRL
TT-20627,EC-INST-TT
PT-20628,EC-INST-PT
P-20629,EC-PUMP-CENTR
K-20630,EC-COMPRESSOR-CENTR
PSV-20631,EC-VALVE-RELIEF
V-20632,EC-VESSEL-SEP
P-20633,EC-PUMP-RECIP
PSV-20634,EC-VALVE-RELIEF
FCV-20635,EC-VALVE-CTRL
K-20636,EC-COMPRESSOR-CENTR
V-20637,EC-VESSEL-SEP
PT-20638,EC-INST-PT
XV-20639,EC-VALVE-ISO
COL-20640,EC-VESSEL-COL
LT-20641,EC-INST-LT
P-20642,EC-PUMP-RECIP
LT-20643,EC-INST-LT
FT-20644,EC-INST-FT
P-20645,EC-PUMP-RECIP
K-20646,EC-COMPRESSOR-CENTR
P-20647,EC-PUMP-CENTR
P-20648,EC-PUMP-RECIP
FT-20649,EC-INST-FT
COL-20650,EC-VESSEL-COL
FCV-20651,EC-VALVE-CTRL
LT-20652,EC-INST-LT
PT-20653,EC-INST-PT
PSV-20654,EC-VALVE-RELIEF
E-20655,EC-HEATEXCH-SHELL
P-20656,EC-PUMP-CENTR
PT-20657,EC-INST-PT
E-20658,EC-HEATEXCH-SHELL
K-20659,EC-COMPRESSOR-CENTR
P-20660,EC-PUMP-RECIP
PSV-20661,EC-VALVE-RELIEF
XV-20662,EC-VALVE-ISO
P-20663,EC-PUMP-RECIP
XV-20664,EC-VALVE-ISO
E-20665,EC-HEATEXCH-SHELL
P-20666,EC-PUMP-CENTR
PT-20667,EC-INST-PT
P-20668,EC-PUMP-RECIP
FCV-20669,EC-VALVE-CTRL
FCV-20670,EC-VALVE-CTRL
K-20671,EC-COMPRESSOR-CENTR
P-20672,EC-PUMP-CENTR
K-20673,EC-COMPRESSOR-CENTR
V-20674,EC-VESSEL-SEP
COL-20675,EC-VESSEL-COL
LT-20676,EC-INST-LT
P-20677,EC-PUMP-RECIP
FT-20678,EC-INST-FT
V-20679,EC-VESSEL-SEP
V-20680,EC-VESSEL-SEP
PSV-20681,EC-VALVE-RELIEF
K-20682,EC-COMPRESSOR-CENTR
E-20683,EC-HEATEXCH-SHELL
PSV-20684,EC-VALVE-RELIEF
PSV-20685,EC-VALVE-RELIEF
TT-20686,EC-INST-TT
PT-20687,EC-INST-PT
K-20688,EC-COMPRESSOR-CENTR
P-20689,EC-PUMP-CENTR
P-20690,EC-PUMP-CENTR
PT-20691,EC-INST-PT
PSV-20692,EC-VALVE-RELIEF
P-20693,EC-PUMP-RECIP
E-20694,EC-HEATEXCH-SHELL
COL-20695,EC-VESSEL-COL
K-20696,EC-COMPRESSOR-CENTR
TT-20697,EC-INST-TT
TT-20698,EC-INST-TT
P-20699,EC-PUMP-CENTR
FCV-20700,EC-VALVE-CTRL
V-20701,EC-VESSEL-SEP
PSV-20702,EC-VALVE-RELIEF
E-20703,EC-HEATEXCH-SHELL
XV-20704,EC-VALVE-ISO
FCV-20705,EC-VALVE-CTRL
TT-20706,EC-INST-TT
COL-20707,EC-VESSEL-COL
TT-20708,EC-INST-TT
COL-20709,EC-VESSEL-COL
TT-20710,EC-INST-TT
PSV-20711,EC-VALVE-RELIEF
P-20712,EC-PUMP-CENTR
TT-20713,EC-INST-TT
TT-20714,EC-INST-TT
V-20715,EC-VESSEL-SEP
V-20716,EC-VESSEL-SEP
XV-20717,EC-VALVE-ISO
TT-20718,EC-INST-TT
FT-20719,EC-INST-FT
E-20720,EC-HEATEXCH-SHELL
TT-20721,EC-INST-TT
COL-20722,EC-VESSEL-COL
TT-20723,EC-INST-TT
LT-20724,EC-INST-LT
XV-20725,EC-VALVE-ISO
LT-20726,EC-INST-LT
FCV-20727,EC-VALVE-CTRL
TT-20728,EC-INST-TT
P-20729,EC-PUMP-CENTR
TT-20730,EC-INST-TT
V-20731,EC-VESSEL-SEP
E-20732,EC-HEATEXCH-SHELL
COL-20733,EC-VESSEL-COL
V-20734,EC-VESSEL-SEP
TT-20735,EC-INST-TT
FCV-20736,EC-VALVE-CTRL
LT-20737,EC-INST-LT
P-20738,EC-PUMP-CENTR
K-20739,EC-COMPRESSOR-CENTR
LT-20740,EC-INST-LT
P-20741,EC-PUMP-RECIP
XV-20742,EC-VALVE-ISO
XV-20743,EC-VALVE-ISO
TT-20744,EC-INST-TT
COL-20745,EC-VESSEL-COL
V-20746,EC-VESSEL-SEP
V-20747,EC-VESSEL-SEP
XV-20748,EC-VALVE-ISO
PSV-20749,EC-VALVE-RELIEF
P-20750,EC-PUMP-CENTR
E-20751,EC-HEATEXCH-SHELL
P-20752,EC-PUMP-CENTR
K-20753,EC-COMPRESSOR-CENTR
V-20754,EC-VESSEL-SEP
FT-20755,EC-INST-FT
FT-20756,EC-INST-FT
E-20757,EC-HEATEXCH-SHELL
FCV-20758,EC-VALVE-CTRL
LT-20759,EC-INST-LT
FCV-20760,EC-VALVE-CTRL
LT-20761,EC-INST-LT
FT-20762,EC-INST-FT
PSV-20763,EC-VALVE-RELIEF
PT-20764,EC-INST-PT
XV-20765,EC-VALVE-ISO
XV-20766,EC-VALVE-ISO
K-20767,EC-COMPRESSOR-CENTR
TT-20768,EC-INST-TT
P-20769,EC-PUMP-RECIP
PSV-20770,EC-VALVE-RELIEF
XV-20771,EC-VALVE-ISO
PT-20772,EC-INST-PT
TT-20773,EC-INST-TT
E-20774,EC-HEATEXCH-SHELL
FCV-20775,EC-VALVE-CTRL
FCV-20776,EC-VALVE-CTRL
P-20777,EC-PUMP-RECIP
E-20778,EC-HEATEXCH-SHELL
PSV-20779,EC-VALVE-RELIEF
PSV-20780,EC-VALVE-RELIEF
P-20781,EC-PUMP-CENTR
XV-20782,EC-VALVE-ISO
K-20783,EC-COMPRESSOR-CENTR
XV-20784,EC-VALVE-ISO
K-20785,EC-COMPRESSOR-CENTR
FCV-20786,EC-VALVE-CTRL
XV-20787,EC-VALVE-ISO
FT-20788,EC-INST-FT
P-20789,EC-PUMP-CENTR
V-20790,EC-VESSEL-SEP
FT-20791,EC-INST-FT
XV-20792,EC-VALVE-ISO
COL-20793,EC-VESSEL-COL
PSV-20794,EC-VALVE-RELIEF
E-20795,EC-HEATEXCH-SHELL
TT-20796,EC-INST-TT
E-20797,EC-HEATEXCH-SHELL
LT-20798,EC-INST-LT
TT-20799,EC-INST-TT
FCV-20800,EC-VALVE-CTRL
P-20801,EC-PUMP-RECIP
PSV-20802,EC-VALVE-RELIEF
K-20803,EC-COMPRESSOR-CENTR
FT-20804,EC-INST-FT
P-20805,EC-PUMP-CENTR
PSV-20806,EC-VALVE-RELIEF
COL-20807,EC-VESSEL-COL
PSV-20808,EC-VALVE-RELIEF
XV-20809,EC-VALVE-ISO
FT-20810,EC-INST-FT
FCV-20811,EC-VALVE-CTRL
FCV-20812,EC-VALVE-CTRL
PSV-20813,EC-VALVE-RELIEF
E-20814,EC-HEATEXCH-SHELL
XV-20815,EC-VALVE-ISO
XV-20816,EC-VALVE-ISO
TT-20817,EC-INST-TT
PT-20818,EC-INST-PT
FCV-20819,EC-VALVE-CTRL
K-20820,EC-COMPRESSOR-CENTR
P-20821,EC-PUMP-RECIP
XV-20822,EC-VALVE-ISO
COL-20823,EC-VESSEL-COL
FCV-20824,EC-VALVE-CTRL
E-20825,EC-HEATEXCH-SHELL
K-20826,EC-COMPRESSOR-CENTR
PT-20827,EC-INST-PT
V-20828,EC-VESSEL-SEP
FCV-20829,EC-VALVE-CTRL
FT-20830,EC-INST-FT
PSV-20831,EC-VALVE-RELIEF
PT-20832,EC-INST-PT
P-20833,EC-PUMP-RECIP
K-20834,EC-COMPRESSOR-CENTR
FT-20835,EC-INST-FT
LT-20836,EC-INST-LT
LT-20837,EC-INST-LT
P-20838,EC-PUMP-CENTR
P-20839,EC-PUMP-RECIP
E-20840,EC-HEATEXCH-SHELL
FCV-20841,EC-VALVE-CTRL
P-20842,EC-PUMP-CENTR
E-20843,EC-HEATEXCH-SHELL
E-20844,EC-HEATEXCH-SHELL
COL-20845,EC-VESSEL-COL
PSV-20846,EC-VALVE-RELIEF
FCV-20847,EC-VALVE-CTRL
K-20848,EC-COMPRESSOR-CENTR
P-20849,EC-PUMP-RECIP
P-20850,EC-PUMP-CENTR
COL-20851,EC-VESSEL-COL
K-20852,EC-COMPRESSOR-CENTR
FT-20853,EC-INST-FT
LT-20854,EC-INST-LT
FT-20855,EC-INST-FT
P-20856,EC-PUMP-RECIP
K-20857,EC-COMPRESSOR-CENTR
E-20858,EC-HEATEXCH-SHELL
P-20859,EC-PUMP-RECIP
FT-20860,EC-INST-FT
XV-20861,EC-VALVE-ISO
TT-20862,EC-INST-TT
COL-20863,EC-VESSEL-COL
FCV-20864,EC-VALVE-CTRL
TT-20865,EC-INST-TT
FT-20866,EC-INST-FT
LT-20867,EC-INST-LT
K-20868,EC-COMPRESSOR-CENTR
P-20869,EC-PUMP-CENTR
K-20870,EC-COMPRESSOR-CENTR
K-20871,EC-COMPRESSOR-CENTR
COL-20872,EC-VESSEL-COL
V-20873,EC-VESSEL-SEP
FCV-20874,EC-VALVE-CTRL
TT-20875,EC-INST-TT
FCV-20876,EC-VALVE-CTRL
P-20877,EC-PUMP-RECIP
COL-20878,EC-VESSEL-COL
TT-20879,EC-INST-TT
LT-20880,EC-INST-LT
PT-20881,EC-INST-PT
P-20882,EC-PUMP-RECIP
XV-20883,EC-VALVE-ISO
COL-20884,EC-VESSEL-COL
LT-20885,EC-INST-LT
P-20886,EC-PUMP-CENTR
COL-20887,EC-VESSEL-COL
XV-20888,EC-VALVE-ISO
FT-20889,EC-INST-FT
P-20890,EC-PUMP-CENTR
XV-20891,EC-VALVE-ISO
FT-20892,EC-INST-FT
PT-20893,EC-INST-PT
FT-20894,EC-INST-FT
P-20895,EC-PUMP-CENTR
FT-20896,EC-INST-FT
PSV-20897,EC-VALVE-RELIEF
K-20898,EC-COMPRESSOR-CENTR
FT-20899,EC-INST-FT
XV-20900,EC-VALVE-ISO
P-20901,EC-PUMP-RECIP
PT-20902,EC-INST-PT
K-20903,EC-COMPRESSOR-CENTR
P-20904,EC-PUMP-RECIP
PSV-20905,EC-VALVE-RELIEF
COL-20906,EC-VESSEL-COL
P-20907,EC-PUMP-CENTR
XV-20908,EC-VALVE-ISO
FCV-20909,EC-VALVE-CTRL
FT-20910,EC-INST-FT
V-20911,EC-VESSEL-SEP
PSV-20912,EC-VALVE-RELIEF
V-20913,EC-VESSEL-SEP
COL-20914,EC-VESSEL-COL
K-20915,EC-COMPRESSOR-CENTR
V-20916,EC-VESSEL-SEP
FCV-20917,EC-VALVE-CTRL
K-20918,EC-COMPRESSOR-CENTR
FT-20919,EC-INST-FT
E-20920,EC-HEATEXCH-SHELL
V-20921,EC-VESSEL-SEP
COL-20922,EC-VESSEL-COL
PT-20923,EC-INST-PT
PT-20924,EC-INST-PT
TT-20925,EC-INST-TT
FCV-20926,EC-VALVE-CTRL
FCV-20927,EC-VALVE-CTRL
LT-20928,EC-INST-LT
PSV-20929,EC-VALVE-RELIEF
P-20930,EC-PUMP-RECIP
FCV-20931,EC-VALVE-CTRL
PT-20932,EC-INST-PT
P-20933,EC-PUMP-CENTR
FT-20934,EC-INST-FT
PT-20935,EC-INST-PT
V-20936,EC-VESSEL-SEP
FCV-20937,EC-VALVE-CTRL
P-20938,EC-PUMP-CENTR
E-20939,EC-HEATEXCH-SHELL
PT-20940,EC-INST-PT
PT-20941,EC-INST-PT
P-20942,EC-PUMP-CENTR
V-20943,EC-VESSEL-SEP
PT-20944,EC-INST-PT
COL-20945,EC-VESSEL-COL
TT-20946,EC-INST-TT
E-20947,EC-HEATEXCH-SHELL
FT-20948,EC-INST-FT
FT-20949,EC-INST-FT
XV-20950,EC-VALVE-ISO
TT-20951,EC-INST-TT
TT-20952,EC-INST-TT
LT-20953,EC-INST-LT
XV-20954,EC-VALVE-ISO
V-20955,EC-VESSEL-SEP
TT-20956,EC-INST-TT
TT-20957,EC-INST-TT
P-20958,EC-PUMP-RECIP
P-20959,EC-PUMP-RECIP
XV-20960,EC-VALVE-ISO
P-20961,EC-PUMP-CENTR
P-20962,EC-PUMP-CENTR
PSV-20963,EC-VALVE-RELIEF
K-20964,EC-COMPRESSOR-CENTR
E-20965,EC-HEATEXCH-SHELL
E-20966,EC-HEATEXCH-SHELL
COL-20967,EC-VESSEL-COL
PSV-20968,EC-VALVE-RELIEF
FCV-20969,EC-VALVE-CTRL
LT-20970,EC-INST-LT
FT-20971,EC-INST-FT
PSV-20972,EC-VALVE-RELIEF
COL-20973,EC-VESSEL-COL
P-20974,EC-PUMP-RECIP
TT-20975,EC-INST-TT
P-20976,EC-PUMP-RECIP
P-20977,EC-PUMP-RECIP
PT-20978,EC-INST-PT
PT-20979,EC-INST-PT
PSV-20980,EC-VALVE-RELIEF
COL-20981,EC-VESSEL-COL
P-20982,EC-PUMP-RECIP
TT-20983,EC-INST-TT
FCV-20984,EC-VALVE-CTRL
K-20985,EC-COMPRESSOR-CENTR
E-20986,EC-HEATEXCH-SHELL
PSV-20987,EC-VALVE-RELIEF
K-20988,EC-COMPRESSOR-CENTR
COL-20989,EC-VESSEL-COL
FCV-20990,EC-VALVE-CTRL
FCV-20991,EC-VALVE-CTRL
XV-20992,EC-VALVE-ISO
COL-20993,EC-VESSEL-COL
P-20994,EC-PUMP-RECIP
COL-20995,EC-VESSEL-COL
LT-20996,EC-INST-LT
PSV-20997,EC-VALVE-RELIEF
XV-20998,EC-VALVE-ISO
FCV-20999,EC-VALVE-CTRL
COL-21000,EC-VESSEL-COL
LT-21001,EC-INST-LT
E-21002,EC-HEATEXCH-SHELL
P-21003,EC-PUMP-RECIP
P-21004,EC-PUMP-CENTR
COL-21005,EC-VESSEL-COL
TT-21006,EC-INST-TT
PSV-21007,EC-VALVE-RELIEF
FCV-21008,EC-VALVE-CTRL
LT-21009,EC-INST-LT
COL-21010,EC-VESSEL-COL
P-21011,EC-PUMP-RECIP
P-21012,EC-PUMP-RECIP
FT-21013,EC-INST-FT
P-21014,EC-PUMP-RECIP
K-21015,EC-COMPRESSOR-CENTR
P-21016,EC-PUMP-CENTR
E-21017,EC-HEATEXCH-SHELL
P-21018,EC-PUMP-RECIP
LT-21019,EC-INST-LT
P-21020,EC-PUMP-RECIP
E-21021,EC-HEATEXCH-SHELL
E-21022,EC-HEATEXCH-SHELL
XV-21023,EC-VALVE-ISO
FT-21024,EC-INST-FT
P-21025,EC-PUMP-RECIP
V-21026,EC-VESSEL-SEP
K-21027,EC-COMPRESSOR-CENTR
P-21028,EC-PUMP-CENTR
K-21029,EC-COMPRESSOR-CENTR
K-21030,EC-COMPRESSOR-CENTR
E-21031,EC-HEATEXCH-SHELL
COL-21032,EC-VESSEL-COL
FCV-21033,EC-VALVE-CTRL
E-21034,EC-HEATEXCH-SHELL
XV-21035,EC-VALVE-ISO
P-21036,EC-PUMP-CENTR
FCV-21037,EC-VALVE-CTRL
K-21038,EC-COMPRESSOR-CENTR
FCV-21039,EC-VALVE-CTRL
P-21040,EC-PUMP-RECIP
P-21041,EC-PUMP-RECIP
XV-21042,EC-VALVE-ISO
FT-21043,EC-INST-FT
FCV-21044,EC-VALVE-CTRL
PSV-21045,EC-VALVE-RELIEF
P-21046,EC-PUMP-RECIP
PT-21047,EC-INST-PT
FT-21048,EC-INST-FT
PSV-21049,EC-VALVE-RELIEF
V-21050,EC-VESSEL-SEP
LT-21051,EC-INST-LT
XV-21052,EC-VALVE-ISO
FCV-21053,EC-VALVE-CTRL
LT-21054,EC-INST-LT
V-21055,EC-VESSEL-SEP
V-21056,EC-VESSEL-SEP
P-21057,EC-PUMP-RECIP
V-21058,EC-VESSEL-SEP
LT-21059,EC-INST-LT
PT-21060,EC-INST-PT
K-21061,EC-COMPRESSOR-CENTR
PT-21062,EC-INST-PT
V-21063,EC-VESSEL-SEP
COL-21064,EC-VESSEL-COL
P-21065,EC-PUMP-CENTR
PT-21066,EC-INST-PT
FT-21067,EC-INST-FT
PT-21068,EC-INST-PT
TT-21069,EC-INST-TT
E-21070,EC-HEATEXCH-SHELL
V-21071,EC-VESSEL-SEP
LT-21072,EC-INST-LT
XV-21073,EC-VALVE-ISO
V-21074,EC-VESSEL-SEP
TT-21075,EC-INST-TT
COL-21076,EC-VESSEL-COL
PT-21077,EC-INST-PT
LT-21078,EC-INST-LT
E-21079,EC-HEATEXCH-SHELL
COL-21080,EC-VESSEL-COL
FT-21081,EC-INST-FT
COL-21082,EC-VESSEL-COL
FT-21083,EC-INST-FT
COL-21084,EC-VESSEL-COL
PSV-21085,EC-VALVE-RELIEF
P-21086,EC-PUMP-RECIP
LT-21087,EC-INST-LT
XV-21088,EC-VALVE-ISO
PSV-21089,EC-VALVE-RELIEF
K-21090,EC-COMPRESSOR-CENTR
LT-21091,EC-INST-LT
E-21092,EC-HEATEXCH-SHELL
P-21093,EC-PUMP-CENTR
PSV-21094,EC-VALVE-RELIEF
TT-21095,EC-INST-TT
K-21096,EC-COMPRESSOR-CENTR
TT-21097,EC-INST-TT
FCV-21098,EC-VALVE-CTRL
E-21099,EC-HEATEXCH-SHELL
FCV-21100,EC-VALVE-CTRL
PSV-21101,EC-VALVE-RELIEF
LT-21102,EC-INST-LT
FT-21103,EC-INST-FT
P-21104,EC-PUMP-RECIP
LT-21105,EC-INST-LT
V-21106,EC-VESSEL-SEP
P-21107,EC-PUMP-CENTR
COL-21108,EC-VESSEL-COL
V-21109,EC-VESSEL-SEP
P-21110,EC-PUMP-CENTR
COL-21111,EC-VESSEL-COL
FT-21112,EC-INST-FT
V-21113,EC-VESSEL-SEP
LT-21114,EC-INST-LT
P-21115,EC-PUMP-RECIP
P-21116,EC-PUMP-RECIP
P-21117,EC-PUMP-RECIP
P-21118,EC-PUMP-RECIP
K-21119,EC-COMPRESSOR-CENTR
COL-21120,EC-VESSEL-COL
FT-21121,EC-INST-FT
K-21122,EC-COMPRESSOR-CENTR
E-21123,EC-HEATEXCH-SHELL
P-21124,EC-PUMP-RECIP
V-21125,EC-VESSEL-SEP
XV-21126,EC-VALVE-ISO
FCV-21127,EC-VALVE-CTRL
FCV-21128,EC-VALVE-CTRL
LT-21129,EC-INST-LT
XV-21130,EC-VALVE-ISO
P-21131,EC-PUMP-CENTR
K-21132,EC-COMPRESSOR-CENTR
PSV-21133,EC-VALVE-RELIEF
XV-21134,EC-VALVE-ISO
TT-21135,EC-INST-TT
K-21136,EC-COMPRESSOR-CENTR
FCV-21137,EC-VALVE-CTRL
FT-21138,EC-INST-FT
FT-21139,EC-INST-FT
XV-21140,EC-VALVE-ISO
COL-21141,EC-VESSEL-COL
COL-21142,EC-VESSEL-COL
K-21143,EC-COMPRESSOR-CENTR
XV-21144,EC-VALVE-ISO
LT-21145,EC-INST-LT
K-21146,EC-COMPRESSOR-CENTR
P-21147,EC-PUMP-CENTR
FCV-21148,EC-VALVE-CTRL
E-21149,EC-HEATEXCH-SHELL
P-21150,EC-PUMP-RECIP
COL-21151,EC-VESSEL-COL
K-21152,EC-COMPRESSOR-CENTR
XV-21153,EC-VALVE-ISO
PSV-21154,EC-VALVE-RELIEF
FCV-21155,EC-VALVE-CTRL
K-21156,EC-COMPRESSOR-CENTR
P-21157,EC-PUMP-CENTR
LT-21158,EC-INST-LT
K-21159,EC-COMPRESSOR-CENTR
PSV-21160,EC-VALVE-RELIEF
FT-21161,EC-INST-FT
FCV-21162,EC-VALVE-CTRL
P-21163,EC-PUMP-CENTR
V-21164,EC-VESSEL-SEP
PT-21165,EC-INST-PT
COL-21166,EC-VESSEL-COL
TT-21167,EC-INST-TT
XV-21168,EC-VALVE-ISO
PT-21169,EC-INST-PT
P-21170,EC-PUMP-CENTR
PT-21171,EC-INST-PT
K-21172,EC-COMPRESSOR-CENTR
FT-21173,EC-INST-FT
FT-21174,EC-INST-FT
TT-21175,EC-INST-TT
K-21176,EC-COMPRESSOR-CENTR
PSV-21177,EC-VALVE-RELIEF
FT-21178,EC-INST-FT
FT-21179,EC-INST-FT
TT-21180,EC-INST-TT
P-21181,EC-PUMP-CENTR
V-21182,EC-VESSEL-SEP
V-21183,EC-VESSEL-SEP
LT-21184,EC-INST-LT
E-21185,EC-HEATEXCH-SHELL
P-21186,EC-PUMP-CENTR
XV-21187,EC-VALVE-ISO
TT-21188,EC-INST-TT
P-21189,EC-PUMP-RECIP
V-21190,EC-VESSEL-SEP
K-21191,EC-COMPRESSOR-CENTR
P-21192,EC-PUMP-RECIP
V-21193,EC-VESSEL-SEP
PSV-21194,EC-VALVE-RELIEF
K-21195,EC-COMPRESSOR-CENTR
PSV-21196,EC-VALVE-RELIEF
TT-21197,EC-INST-TT
TT-21198,EC-INST-TT
E-21199,EC-HEATEXCH-SHELL
XV-21200,EC-VALVE-ISO
P-21201,EC-PUMP-RECIP
LT-21202,EC-INST-LT
PSV-21203,EC-VALVE-RELIEF
COL-21204,EC-VESSEL-COL
TT-21205,EC-INST-TT
K-21206,EC-COMPRESSOR-CENTR
FT-21207,EC-INST-FT
K-21208,EC-COMPRESSOR-CENTR
XV-21209,EC-VALVE-ISO
V-21210,EC-VESSEL-SEP
PT-21211,EC-INST-PT
PT-21212,EC-INST-PT
FCV-21213,EC-VALVE-CTRL
PSV-21214,EC-VALVE-RELIEF
TT-21215,EC-INST-TT
V-21216,EC-VESSEL-SEP
FT-21217,EC-INST-FT
PT-21218,EC-INST-PT
K-21219,EC-COMPRESSOR-CENTR
XV-21220,EC-VALVE-ISO
XV-21221,EC-VALVE-ISO
K-21222,EC-COMPRESSOR-CENTR
P-21223,EC-PUMP-CENTR
V-21224,EC-VESSEL-SEP
LT-21225,EC-INST-LT
V-21226,EC-VESSEL-SEP
P-21227,EC-PUMP-RECIP
K-21228,EC-COMPRESSOR-CENTR
FCV-21229,EC-VALVE-CTRL
P-21230,EC-PUMP-RECIP
TT-21231,EC-INST-TT
TT-21232,EC-INST-TT
P-21233,EC-PUMP-RECIP
P-21234,EC-PUMP-RECIP
FCV-21235,EC-VALVE-CTRL
PSV-21236,EC-VALVE-RELIEF
FT-21237,EC-INST-FT
COL-21238,EC-VESSEL-COL
PSV-21239,EC-VALVE-RELIEF
V-21240,EC-VESSEL-SEP
FCV-21241,EC-VALVE-CTRL
FT-21242,EC-INST-FT
PSV-21243,EC-VALVE-RELIEF
P-21244,EC-PUMP-RECIP
XV-21245,EC-VALVE-ISO
V-21246,EC-VESSEL-SEP
K-21247,EC-COMPRESSOR-CENTR
K-21248,EC-COMPRESSOR-CENTR
E-21249,EC-HEATEXCH-SHELL
FT-21250,EC-INST-FT
PT-21251,EC-INST-PT
K-21252,EC-COMPRESSOR-CENTR
P-21253,EC-PUMP-RECIP
K-21254,EC-COMPRESSOR-CENTR
FT-21255,EC-INST-FT
FT-21256,EC-INST-FT
P-21257,EC-PUMP-RECIP
PT-21258,EC-INST-PT
COL-21259,EC-VESSEL-COL
FT-21260,EC-INST-FT
E-21261,EC-HEATEXCH-SHELL
FT-21262,EC-INST-FT
FT-21263,EC-INST-FT
P-21264,EC-PUMP-CENTR
P-21265,EC-PUMP-RECIP
E-21266,EC-HEATEXCH-SHELL
XV-21267,EC-VALVE-ISO
E-21268,EC-HEATEXCH-SHELL
FCV-21269,EC-VALVE-CTRL
PSV-21270,EC-VALVE-RELIEF
COL-21271,EC-VESSEL-COL
TT-21272,EC-INST-TT
P-21273,EC-PUMP-CENTR
P-21274,EC-PUMP-CENTR
FT-21275,EC-INST-FT
TT-21276,EC-INST-TT
PSV-21277,EC-VALVE-RELIEF
FCV-21278,EC-VALVE-CTRL
FCV-21279,EC-VALVE-CTRL
FT-21280,EC-INST-FT
PSV-21281,EC-VALVE-RELIEF
K-21282,EC-COMPRESSOR-CENTR
FT-21283,EC-INST-FT
FCV-21284,EC-VALVE-CTRL
K-21285,EC-COMPRESSOR-CENTR
E-21286,EC-HEATEXCH-SHELL
K-21287,EC-COMPRESSOR-CENTR
FT-21288,EC-INST-FT
TT-21289,EC-INST-TT
V-21290,EC-VESSEL-SEP
P-21291,EC-PUMP-CENTR
FT-21292,EC-INST-FT
P-21293,EC-PUMP-CENTR
COL-21294,EC-VESSEL-COL
FCV-21295,EC-VALVE-CTRL
COL-21296,EC-VESSEL-COL
FT-21297,EC-INST-FT
TT-21298,EC-INST-TT
P-21299,EC-PUMP-RECIP
COL-21300,EC-VESSEL-COL
FCV-21301,EC-VALVE-CTRL
FT-21302,EC-INST-FT
V-21303,EC-VESSEL-SEP
E-21304,EC-HEATEXCH-SHELL
LT-21305,EC-INST-LT
COL-21306,EC-VESSEL-COL
XV-21307,EC-VALVE-ISO
TT-21308,EC-INST-TT
P-21309,EC-PUMP-RECIP
P-21310,EC-PUMP-RECIP
P-21311,EC-PUMP-CENTR
COL-21312,EC-VESSEL-COL
PT-21313,EC-INST-PT
FT-21314,EC-INST-FT
K-21315,EC-COMPRESSOR-CENTR
COL-21316,EC-VESSEL-COL
E-21317,EC-HEATEXCH-SHELL
E-21318,EC-HEATEXCH-SHELL
COL-21319,EC-VESSEL-COL
XV-21320,EC-VALVE-ISO
LT-21321,EC-INST-LT
FT-21322,EC-INST-FT
K-21323,EC-COMPRESSOR-CENTR
K-21324,EC-COMPRESSOR-CENTR
XV-21325,EC-VALVE-ISO
PSV-21326,EC-VALVE-RELIEF
LT-21327,EC-INST-LT
E-21328,EC-HEATEXCH-SHELL
TT-21329,EC-INST-TT
E-21330,EC-HEATEXCH-SHELL
PT-21331,EC-INST-PT
V-21332,EC-VESSEL-SEP
K-21333,EC-COMPRESSOR-CENTR
TT-21334,EC-INST-TT
K-21335,EC-COMPRESSOR-CENTR
PT-21336,EC-INST-PT
FT-21337,EC-INST-FT
COL-21338,EC-VESSEL-COL
FCV-21339,EC-VALVE-CTRL
K-21340,EC-COMPRESSOR-CENTR
P-21341,EC-PUMP-RECIP
PSV-21342,EC-VALVE-RELIEF
TT-21343,EC-INST-TT
LT-21344,EC-INST-LT
E-21345,EC-HEATEXCH-SHELL
COL-21346,EC-VESSEL-COL
COL-21347,EC-VESSEL-COL
E-21348,EC-HEATEXCH-SHELL
PSV-21349,EC-VALVE-RELIEF
COL-21350,EC-VESSEL-COL
PT-21351,EC-INST-PT
LT-21352,EC-INST-LT
V-21353,EC-VESSEL-SEP
K-21354,EC-COMPRESSOR-CENTR
P-21355,EC-PUMP-CENTR
COL-21356,EC-VESSEL-COL
XV-21357,EC-VALVE-ISO
PSV-21358,EC-VALVE-RELIEF
PT-21359,EC-INST-PT
LT-21360,EC-INST-LT
P-21361,EC-PUMP-CENTR
XV-21362,EC-VALVE-ISO
COL-21363,EC-VESSEL-COL
LT-21364,EC-INST-LT
XV-21365,EC-VALVE-ISO
V-21366,EC-VESSEL-SEP
LT-21367,EC-INST-LT
COL-21368,EC-VESSEL-COL
COL-21369,EC-VESSEL-COL
P-21370,EC-PUMP-RECIP
FCV-21371,EC-VALVE-CTRL
COL-21372,EC-VESSEL-COL
FCV-21373,EC-VALVE-CTRL
FCV-21374,EC-VALVE-CTRL
PSV-21375,EC-VALVE-RELIEF
PSV-21376,EC-VALVE-RELIEF
PT-21377,EC-INST-PT
P-21378,EC-PUMP-RECIP
COL-21379,EC-VESSEL-COL
XV-21380,EC-VALVE-ISO
P-21381,EC-PUMP-CENTR
P-21382,EC-PUMP-RECIP
K-21383,EC-COMPRESSOR-CENTR
K-21384,EC-COMPRESSOR-CENTR
FT-21385,EC-INST-FT
TT-21386,EC-INST-TT
PT-21387,EC-INST-PT
COL-21388,EC-VESSEL-COL
P-21389,EC-PUMP-CENTR
XV-21390,EC-VALVE-ISO
K-21391,EC-COMPRESSOR-CENTR
P-21392,EC-PUMP-CENTR
PT-21393,EC-INST-PT
V-21394,EC-VESSEL-SEP
P-21395,EC-PUMP-CENTR
PSV-21396,EC-VALVE-RELIEF
FCV-21397,EC-VALVE-CTRL
FT-21398,EC-INST-FT
FCV-21399,EC-VALVE-CTRL
P-21400,EC-PUMP-CENTR
PSV-21401,EC-VALVE-RELIEF
XV-21402,EC-VALVE-ISO
E-21403,EC-HEATEXCH-SHELL
K-21404,EC-COMPRESSOR-CENTR
FT-21405,EC-INST-FT
K-21406,EC-COMPRESSOR-CENTR
COL-21407,EC-VESSEL-COL
K-21408,EC-COMPRESSOR-CENTR
K-21409,EC-COMPRESSOR-CENTR
P-21410,EC-PUMP-RECIP
LT-21411,EC-INST-LT
P-21412,EC-PUMP-CENTR
K-21413,EC-COMPRESSOR-CENTR
K-21414,EC-COMPRESSOR-CENTR
PT-21415,EC-INST-PT
PSV-21416,EC-VALVE-RELIEF
FT-21417,EC-INST-FT
K-21418,EC-COMPRESSOR-CENTR
PSV-21419,EC-VALVE-RELIEF
TT-21420,EC-INST-TT
XV-21421,EC-VALVE-ISO
XV-21422,EC-VALVE-ISO
K-21423,EC-COMPRESSOR-CENTR
FCV-21424,EC-VALVE-CTRL
FT-21425,EC-INST-FT
COL-21426,EC-VESSEL-COL
PSV-21427,EC-VALVE-RELIEF
K-21428,EC-COMPRESSOR-CENTR
TT-21429,EC-INST-TT
K-21430,EC-COMPRESSOR-CENTR
FT-21431,EC-INST-FT
FT-21432,EC-INST-FT
XV-21433,EC-VALVE-ISO
P-21434,EC-PUMP-CENTR
LT-21435,EC-INST-LT
COL-21436,EC-VESSEL-COL
TT-21437,EC-INST-TT
P-21438,EC-PUMP-CENTR
P-21439,EC-PUMP-RECIP
FCV-21440,EC-VALVE-CTRL
FT-21441,EC-INST-FT
V-21442,EC-VESSEL-SEP
E-21443,EC-HEATEXCH-SHELL
FT-21444,EC-INST-FT
TT-21445,EC-INST-TT
FCV-21446,EC-VALVE-CTRL
COL-21447,EC-VESSEL-COL
P-21448,EC-PUMP-CENTR
COL-21449,EC-VESSEL-COL
E-21450,EC-HEATEXCH-SHELL
XV-21451,EC-VALVE-ISO
COL-21452,EC-VESSEL-COL
P-21453,EC-PUMP-RECIP
P-21454,EC-PUMP-CENTR
LT-21455,EC-INST-LT
V-21456,EC-VESSEL-SEP
PSV-21457,EC-VALVE-RELIEF
PT-21458,EC-INST-PT
PT-21459,EC-INST-PT
PT-21460,EC-INST-PT
PSV-21461,EC-VALVE-RELIEF
XV-21462,EC-VALVE-ISO
LT-21463,EC-INST-LT
PSV-21464,EC-VALVE-RELIEF
K-21465,EC-COMPRESSOR-CENTR
PSV-21466,EC-VALVE-RELIEF
LT-21467,EC-INST-LT
P-21468,EC-PUMP-CENTR
LT-21469,EC-INST-LT
FCV-21470,EC-VALVE-CTRL
FT-21471,EC-INST-FT
COL-21472,EC-VESSEL-COL
LT-21473,EC-INST-LT
E-21474,EC-HEATEXCH-SHELL
V-21475,EC-VESSEL-SEP
PSV-21476,EC-VALVE-RELIEF
PT-21477,EC-INST-PT
V-21478,EC-VESSEL-SEP
TT-21479,EC-INST-TT
FT-21480,EC-INST-FT
PSV-21481,EC-VALVE-RELIEF
LT-21482,EC-INST-LT
XV-21483,EC-VALVE-ISO
LT-21484,EC-INST-LT
V-21485,EC-VESSEL-SEP
K-21486,EC-COMPRESSOR-CENTR
V-21487,EC-VESSEL-SEP
P-21488,EC-PUMP-RECIP
XV-21489,EC-VALVE-ISO
COL-21490,EC-VESSEL-COL
FCV-21491,EC-VALVE-CTRL
K-21492,EC-COMPRESSOR-CENTR
TT-21493,EC-INST-TT
PT-21494,EC-INST-PT
LT-21495,EC-INST-LT
K-21496,EC-COMPRESSOR-CENTR
E-21497,EC-HEATEXCH-SHELL
XV-21498,EC-VALVE-ISO
COL-21499,EC-VESSEL-COL
FCV-21500,EC-VALVE-CTRL
P-21501,EC-PUMP-RECIP
FT-21502,EC-INST-FT
TT-21503,EC-INST-TT
COL-21504,EC-VESSEL-COL
P-21505,EC-PUMP-CENTR
PT-21506,EC-INST-PT
LT-21507,EC-INST-LT
E-21508,EC-HEATEXCH-SHELL
P-21509,EC-PUMP-RECIP
LT-21510,EC-INST-LT
K-21511,EC-COMPRESSOR-CENTR
FT-21512,EC-INST-FT
P-21513,EC-PUMP-CENTR
E-21514,EC-HEATEXCH-SHELL
P-21515,EC-PUMP-RECIP
COL-21516,EC-VESSEL-COL
TT-21517,EC-INST-TT
E-21518,EC-HEATEXCH-SHELL
PT-21519,EC-INST-PT
FT-21520,EC-INST-FT
P-21521,EC-PUMP-RECIP
FCV-21522,EC-VALVE-CTRL
TT-21523,EC-INST-TT
PT-21524,EC-INST-PT
COL-21525,EC-VESSEL-COL
V-21526,EC-VESSEL-SEP
E-21527,EC-HEATEXCH-SHELL
XV-21528,EC-VALVE-ISO
FT-21529,EC-INST-FT
P-21530,EC-PUMP-CENTR
V-21531,EC-VESSEL-SEP
PSV-21532,EC-VALVE-RELIEF
PT-21533,EC-INST-PT
XV-21534,EC-VALVE-ISO
V-21535,EC-VESSEL-SEP
P-21536,EC-PUMP-CENTR
K-21537,EC-COMPRESSOR-CENTR
FCV-21538,EC-VALVE-CTRL
TT-21539,EC-INST-TT
XV-21540,EC-VALVE-ISO
LT-21541,EC-INST-LT
LT-21542,EC-INST-LT
FT-21543,EC-INST-FT
PSV-21544,EC-VALVE-RELIEF
COL-21545,EC-VESSEL-COL
PSV-21546,EC-VALVE-RELIEF
LT-21547,EC-INST-LT
V-21548,EC-VESSEL-SEP
FCV-21549,EC-VALVE-CTRL
V-21550,EC-VESSEL-SEP
P-21551,EC-PUMP-CENTR
FT-21552,EC-INST-FT
COL-21553,EC-VESSEL-COL
FT-21554,EC-INST-FT
V-21555,EC-VESSEL-SEP
PT-21556,EC-INST-PT
V-21557,EC-VESSEL-SEP
TT-21558,EC-INST-TT
FT-21559,EC-INST-FT
LT-21560,EC-INST-LT
P-21561,EC-PUMP-CENTR
V-21562,EC-VESSEL-SEP
XV-21563,EC-VALVE-ISO
FCV-21564,EC-VALVE-CTRL
PT-21565,EC-INST-PT
COL-21566,EC-VESSEL-COL
PSV-21567,EC-VALVE-RELIEF
P-21568,EC-PUMP-CENTR
TT-21569,EC-INST-TT
E-21570,EC-HEATEXCH-SHELL
PSV-21571,EC-VALVE-RELIEF
COL-21572,EC-VESSEL-COL
PSV-21573,EC-VALVE-RELIEF
P-21574,EC-PUMP-CENTR
XV-21575,EC-VALVE-ISO
XV-21576,EC-VALVE-ISO
K-21577,EC-COMPRESSOR-CENTR
LT-21578,EC-INST-LT
COL-21579,EC-VESSEL-COL
P-21580,EC-PUMP-CENTR
V-21581,EC-VESSEL-SEP
E-21582,EC-HEATEXCH-SHELL
LT-21583,EC-INST-LT
TT-21584,EC-INST-TT
E-21585,EC-HEATEXCH-SHELL
LT-21586,EC-INST-LT
FCV-21587,EC-VALVE-CTRL
PSV-21588,EC-VALVE-RELIEF
XV-21589,EC-VALVE-ISO
V-21590,EC-VESSEL-SEP
PSV-21591,EC-VALVE-RELIEF
FCV-21592,EC-VALVE-CTRL
PT-21593,EC-INST-PT
PSV-21594,EC-VALVE-RELIEF
TT-21595,EC-INST-TT
LT-21596,EC-INST-LT
PSV-21597,EC-VALVE-RELIEF
TT-21598,EC-INST-TT
P-21599,EC-PUMP-RECIP
FT-21600,EC-INST-FT
TT-21601,EC-INST-TT
XV-21602,EC-VALVE-ISO
P-21603,EC-PUMP-RECIP
P-21604,EC-PUMP-CENTR
TT-21605,EC-INST-TT
LT-21606,EC-INST-LT
PT-21607,EC-INST-PT
V-21608,EC-VESSEL-SEP
V-21609,EC-VESSEL-SEP
V-21610,EC-VESSEL-SEP
K-21611,EC-COMPRESSOR-CENTR
TT-21612,EC-INST-TT
PT-21613,EC-INST-PT
XV-21614,EC-VALVE-ISO
TT-21615,EC-INST-TT
COL-21616,EC-VESSEL-COL
XV-21617,EC-VALVE-ISO
COL-21618,EC-VESSEL-COL
P-21619,EC-PUMP-RECIP
FCV-21620,EC-VALVE-CTRL
XV-21621,EC-VALVE-ISO
XV-21622,EC-VALVE-ISO
LT-21623,EC-INST-LT
XV-21624,EC-VALVE-ISO
PSV-21625,EC-VALVE-RELIEF
V-21626,EC-VESSEL-SEP
FT-21627,EC-INST-FT
V-21628,EC-VESSEL-SEP
PSV-21629,EC-VALVE-RELIEF
PT-21630,EC-INST-PT
P-21631,EC-PUMP-RECIP
PSV-21632,EC-VALVE-RELIEF
FT-21633,EC-INST-FT
LT-21634,EC-INST-LT
PT-21635,EC-INST-PT
PSV-21636,EC-VALVE-RELIEF
PSV-21637,EC-VALVE-RELIEF
PSV-21638,EC-VALVE-RELIEF
COL-21639,EC-VESSEL-COL
PSV-21640,EC-VALVE-RELIEF
FCV-21641,EC-VALVE-CTRL
TT-21642,EC-INST-TT
P-21643,EC-PUMP-CENTR
FT-21644,EC-INST-FT
P-21645,EC-PUMP-CENTR
PT-21646,EC-INST-PT
P-21647,EC-PUMP-RECIP
E-21648,EC-HEATEXCH-SHELL
PSV-21649,EC-VALVE-RELIEF
XV-21650,EC-VALVE-ISO
E-21651,EC-HEATEXCH-SHELL
LT-21652,EC-INST-LT
P-21653,EC-PUMP-CENTR
XV-21654,EC-VALVE-ISO
TT-21655,EC-INST-TT
P-21656,EC-PUMP-RECIP
PSV-21657,EC-VALVE-RELIEF
PSV-21658,EC-VALVE-RELIEF
E-21659,EC-HEATEXCH-SHELL
FT-21660,EC-INST-FT
FT-21661,EC-INST-FT
P-21662,EC-PUMP-RECIP
PT-21663,EC-INST-PT
TT-21664,EC-INST-TT
E-21665,EC-HEATEXCH-SHELL
P-21666,EC-PUMP-CENTR
PSV-21667,EC-VALVE-RELIEF
LT-21668,EC-INST-LT
V-21669,EC-VESSEL-SEP
FCV-21670,EC-VALVE-CTRL
COL-21671,EC-VESSEL-COL
P-21672,EC-PUMP-CENTR
PT-21673,EC-INST-PT
FCV-21674,EC-VALVE-CTRL
V-21675,EC-VESSEL-SEP
LT-21676,EC-INST-LT
TT-21677,EC-INST-TT
FT-21678,EC-INST-FT
FCV-21679,EC-VALVE-CTRL
P-21680,EC-PUMP-CENTR
FT-21681,EC-INST-FT
K-21682,EC-COMPRESSOR-CENTR
PT-21683,EC-INST-PT
LT-21684,EC-INST-LT
LT-21685,EC-INST-LT
LT-21686,EC-INST-LT
FT-21687,EC-INST-FT
P-21688,EC-PUMP-CENTR
TT-21689,EC-INST-TT
FCV-21690,EC-VALVE-CTRL
LT-21691,EC-INST-LT
COL-21692,EC-VESSEL-COL
V-21693,EC-VESSEL-SEP
P-21694,EC-PUMP-RECIP
FCV-21695,EC-VALVE-CTRL
FCV-21696,EC-VALVE-CTRL
PT-21697,EC-INST-PT
E-21698,EC-HEATEXCH-SHELL
PT-21699,EC-INST-PT
XV-21700,EC-VALVE-ISO
COL-21701,EC-VESSEL-COL
K-21702,EC-COMPRESSOR-CENTR
COL-21703,EC-VESSEL-COL
P-21704,EC-PUMP-RECIP
PT-21705,EC-INST-PT
P-21706,EC-PUMP-RECIP
LT-21707,EC-INST-LT
P-21708,EC-PUMP-RECIP
FCV-21709,EC-VALVE-CTRL
XV-21710,EC-VALVE-ISO
PSV-21711,EC-VALVE-RELIEF
PSV-21712,EC-VALVE-RELIEF
P-21713,EC-PUMP-CENTR
P-21714,EC-PUMP-RECIP
PT-21715,EC-INST-PT
P-21716,EC-PUMP-CENTR
PT-21717,EC-INST-PT
V-21718,EC-VESSEL-SEP
PSV-21719,EC-VALVE-RELIEF
E-21720,EC-HEATEXCH-SHELL
V-21721,EC-VESSEL-SEP
PSV-21722,EC-VALVE-RELIEF
P-21723,EC-PUMP-RECIP
V-21724,EC-VESSEL-SEP
K-21725,EC-COMPRESSOR-CENTR
TT-21726,EC-INST-TT
FCV-21727,EC-VALVE-CTRL
K-21728,EC-COMPRESSOR-CENTR
PSV-21729,EC-VALVE-RELIEF
TT-21730,EC-INST-TT
FCV-21731,EC-VALVE-CTRL
V-21732,EC-VESSEL-SEP
XV-21733,EC-VALVE-ISO
FT-21734,EC-INST-FT
PSV-21735,EC-VALVE-RELIEF
PSV-21736,EC-VALVE-RELIEF
FT-21737,EC-INST-FT
FCV-21738,EC-VALVE-CTRL
P-21739,EC-PUMP-RECIP
PSV-21740,EC-VALVE-RELIEF
FT-21741,EC-INST-FT
PT-21742,EC-INST-PT
TT-21743,EC-INST-TT
XV-21744,EC-VALVE-ISO
PT-21745,EC-INST-PT
PSV-21746,EC-VALVE-RELIEF
V-21747,EC-VESSEL-SEP
FT-21748,EC-INST-FT
P-21749,EC-PUMP-RECIP
PT-21750,EC-INST-PT
FCV-21751,EC-VALVE-CTRL
E-21752,EC-HEATEXCH-SHELL
TT-21753,EC-INST-TT
FCV-21754,EC-VALVE-CTRL
COL-21755,EC-VESSEL-COL
V-21756,EC-VESSEL-SEP
K-21757,EC-COMPRESSOR-CENTR
FT-21758,EC-INST-FT
XV-21759,EC-VALVE-ISO
PT-21760,EC-INST-PT
E-21761,EC-HEATEXCH-SHELL
P-21762,EC-PUMP-CENTR
E-21763,EC-HEATEXCH-SHELL
P-21764,EC-PUMP-CENTR
FT-21765,EC-INST-FT
COL-21766,EC-VESSEL-COL
PSV-21767,EC-VALVE-RELIEF
TT-21768,EC-INST-TT
LT-21769,EC-INST-LT
P-21770,EC-PUMP-RECIP
P-21771,EC-PUMP-CENTR
LT-21772,EC-INST-LT
PSV-21773,EC-VALVE-RELIEF
XV-21774,EC-VALVE-ISO
TT-21775,EC-INST-TT
TT-21776,EC-INST-TT
XV-21777,EC-VALVE-ISO
E-21778,EC-HEATEXCH-SHELL
COL-21779,EC-VESSEL-COL
FCV-21780,EC-VALVE-CTRL
TT-21781,EC-INST-TT
P-21782,EC-PUMP-RECIP
PSV-21783,EC-VALVE-RELIEF
COL-21784,EC-VESSEL-COL
COL-21785,EC-VESSEL-COL
E-21786,EC-HEATEXCH-SHELL
LT-21787,EC-INST-LT
COL-21788,EC-VESSEL-COL
K-21789,EC-COMPRESSOR-CENTR
V-21790,EC-VESSEL-SEP
COL-21791,EC-VESSEL-COL
V-21792,EC-VESSEL-SEP
PT-21793,EC-INST-PT
PSV-21794,EC-VALVE-RELIEF
P-21795,EC-PUMP-CENTR
FT-21796,EC-INST-FT
V-21797,EC-VESSEL-SEP
P-21798,EC-PUMP-RECIP
FT-21799,EC-INST-FT
E-21800,EC-HEATEXCH-SHELL
FCV-21801,EC-VALVE-CTRL
E-21802,EC-HEATEXCH-SHELL
PT-21803,EC-INST-PT
TT-21804,EC-INST-TT
K-21805,EC-COMPRESSOR-CENTR
FT-21806,EC-INST-FT
V-21807,EC-VESSEL-SEP
TT-21808,EC-INST-TT
TT-21809,EC-INST-TT
COL-21810,EC-VESSEL-COL
TT-21811,EC-INST-TT
E-21812,EC-HEATEXCH-SHELL
FCV-21813,EC-VALVE-CTRL
TT-21814,EC-INST-TT
PT-21815,EC-INST-PT
K-21816,EC-COMPRESSOR-CENTR
TT-21817,EC-INST-TT
K-21818,EC-COMPRESSOR-CENTR
PSV-21819,EC-VALVE-RELIEF
FT-21820,EC-INST-FT
XV-21821,EC-VALVE-ISO
E-21822,EC-HEATEXCH-SHELL
FT-21823,EC-INST-FT
PSV-21824,EC-VALVE-RELIEF
PSV-21825,EC-VALVE-RELIEF
PT-21826,EC-INST-PT
LT-21827,EC-INST-LT
COL-21828,EC-VESSEL-COL
TT-21829,EC-INST-TT
TT-21830,EC-INST-TT
XV-21831,EC-VALVE-ISO
FT-21832,EC-INST-FT
E-21833,EC-HEATEXCH-SHELL
FCV-21834,EC-VALVE-CTRL
COL-21835,EC-VESSEL-COL
PSV-21836,EC-VALVE-RELIEF
P-21837,EC-PUMP-CENTR
P-21838,EC-PUMP-CENTR
COL-21839,EC-VESSEL-COL
V-21840,EC-VESSEL-SEP
P-21841,EC-PUMP-RECIP
PSV-21842,EC-VALVE-RELIEF
XV-21843,EC-VALVE-ISO
FCV-21844,EC-VALVE-CTRL
LT-21845,EC-INST-LT
P-21846,EC-PUMP-CENTR
FT-21847,EC-INST-FT
COL-21848,EC-VESSEL-COL
XV-21849,EC-VALVE-ISO
K-21850,EC-COMPRESSOR-CENTR
XV-21851,EC-VALVE-ISO
P-21852,EC-PUMP-CENTR
FT-21853,EC-INST-FT
P-21854,EC-PUMP-RECIP
K-21855,EC-COMPRESSOR-CENTR
LT-21856,EC-INST-LT
XV-21857,EC-VALVE-ISO
PSV-21858,EC-VALVE-RELIEF
FT-21859,EC-INST-FT
PSV-21860,EC-VALVE-RELIEF
P-21861,EC-PUMP-CENTR
PT-21862,EC-INST-PT
FT-21863,EC-INST-FT
PSV-21864,EC-VALVE-RELIEF
FCV-21865,EC-VALVE-CTRL
V-21866,EC-VESSEL-SEP
PSV-21867,EC-VALVE-RELIEF
XV-21868,EC-VALVE-ISO
FCV-21869,EC-VALVE-CTRL
LT-21870,EC-INST-LT
E-21871,EC-HEATEXCH-SHELL
LT-21872,EC-INST-LT
FT-21873,EC-INST-FT
FT-21874,EC-INST-FT
P-21875,EC-PUMP-RECIP
E-21876,EC-HEATEXCH-SHELL
E-21877,EC-HEATEXCH-SHELL
P-21878,EC-PUMP-RECIP
FT-21879,EC-INST-FT
P-21880,EC-PUMP-CENTR
FT-21881,EC-INST-FT
COL-21882,EC-VESSEL-COL
E-21883,EC-HEATEXCH-SHELL
E-21884,EC-HEATEXCH-SHELL
COL-21885,EC-VESSEL-COL
K-21886,EC-COMPRESSOR-CENTR
PSV-21887,EC-VALVE-RELIEF
FCV-21888,EC-VALVE-CTRL
COL-21889,EC-VESSEL-COL
E-21890,EC-HEATEXCH-SHELL
LT-21891,EC-INST-LT
PT-21892,EC-INST-PT
FT-21893,EC-INST-FT
FT-21894,EC-INST-FT
PT-21895,EC-INST-PT
FCV-21896,EC-VALVE-CTRL
XV-21897,EC-VALVE-ISO
PT-21898,EC-INST-PT
P-21899,EC-PUMP-RECIP
K-21900,EC-COMPRESSOR-CENTR
K-21901,EC-COMPRESSOR-CENTR
XV-21902,EC-VALVE-ISO
FCV-21903,EC-VALVE-CTRL
PT-21904,EC-INST-PT
V-21905,EC-VESSEL-SEP
K-21906,EC-COMPRESSOR-CENTR
FCV-21907,EC-VALVE-CTRL
PT-21908,EC-INST-PT
LT-21909,EC-INST-LT
LT-21910,EC-INST-LT
FCV-21911,EC-VALVE-CTRL
LT-21912,EC-INST-LT
PT-21913,EC-INST-PT
E-21914,EC-HEATEXCH-SHELL
K-21915,EC-COMPRESSOR-CENTR
PSV-21916,EC-VALVE-RELIEF
PSV-21917,EC-VALVE-RELIEF
XV-21918,EC-VALVE-ISO
XV-21919,EC-VALVE-ISO
V-21920,EC-VESSEL-SEP
COL-21921,EC-VESSEL-COL
E-21922,EC-HEATEXCH-SHELL
V-21923,EC-VESSEL-SEP
COL-21924,EC-VESSEL-COL
K-21925,EC-COMPRESSOR-CENTR
E-21926,EC-HEATEXCH-SHELL
V-21927,EC-VESSEL-SEP
P-21928,EC-PUMP-CENTR
FT-21929,EC-INST-FT
TT-21930,EC-INST-TT
XV-21931,EC-VALVE-ISO
FCV-21932,EC-VALVE-CTRL
E-21933,EC-HEATEXCH-SHELL
COL-21934,EC-VESSEL-COL
PT-21935,EC-INST-PT
FT-21936,EC-INST-FT
PT-21937,EC-INST-PT
PSV-21938,EC-VALVE-RELIEF
P-21939,EC-PUMP-RECIP
K-21940,EC-COMPRESSOR-CENTR
LT-21941,EC-INST-LT
K-21942,EC-COMPRESSOR-CENTR
P-21943,EC-PUMP-CENTR
P-21944,EC-PUMP-RECIP
V-21945,EC-VESSEL-SEP
FCV-21946,EC-VALVE-CTRL
FT-21947,EC-INST-FT
PT-21948,EC-INST-PT
COL-21949,EC-VESSEL-COL
TT-21950,EC-INST-TT
V-21951,EC-VESSEL-SEP
COL-21952,EC-VESSEL-COL
PT-21953,EC-INST-PT
COL-21954,EC-VESSEL-COL
FT-21955,EC-INST-FT
FT-21956,EC-INST-FT
TT-21957,EC-INST-TT
FT-21958,EC-INST-FT
XV-21959,EC-VALVE-ISO
V-21960,EC-VESSEL-SEP
PT-21961,EC-INST-PT
TT-21962,EC-INST-TT
FT-21963,EC-INST-FT
FCV-21964,EC-VALVE-CTRL
FCV-21965,EC-VALVE-CTRL
V-21966,EC-VESSEL-SEP
LT-21967,EC-INST-LT
P-21968,EC-PUMP-RECIP
P-21969,EC-PUMP-RECIP
COL-21970,EC-VESSEL-COL
V-21971,EC-VESSEL-SEP
FT-21972,EC-INST-FT
LT-21973,EC-INST-LT
E-21974,EC-HEATEXCH-SHELL
FT-21975,EC-INST-FT
P-21976,EC-PUMP-CENTR
K-21977,EC-COMPRESSOR-CENTR
P-21978,EC-PUMP-RECIP
TT-21979,EC-INST-TT
FT-21980,EC-INST-FT
LT-21981,EC-INST-LT
E-21982,EC-HEATEXCH-SHELL
V-21983,EC-VESSEL-SEP
E-21984,EC-HEATEXCH-SHELL
COL-21985,EC-VESSEL-COL
XV-21986,EC-VALVE-ISO
P-21987,EC-PUMP-CENTR
P-21988,EC-PUMP-RECIP
XV-21989,EC-VALVE-ISO
K-21990,EC-COMPRESSOR-CENTR
PSV-21991,EC-VALVE-RELIEF
E-21992,EC-HEATEXCH-SHELL
E-21993,EC-HEATEXCH-SHELL
PSV-21994,EC-VALVE-RELIEF
TT-21995,EC-INST-TT
P-21996,EC-PUMP-RECIP
COL-21997,EC-VESSEL-COL
COL-21998,EC-VESSEL-COL
LT-21999,EC-INST-LT
E-22000,EC-HEATEXCH-SHELL
FT-22001,EC-INST-FT
LT-22002,EC-INST-LT
FCV-22003,EC-VALVE-CTRL
P-22004,EC-PUMP-CENTR
FT-22005,EC-INST-FT
PSV-22006,EC-VALVE-RELIEF
P-22007,EC-PUMP-CENTR
P-22008,EC-PUMP-RECIP
FT-22009,EC-INST-FT
LT-22010,EC-INST-LT
P-22011,EC-PUMP-CENTR
COL-22012,EC-VESSEL-COL
FCV-22013,EC-VALVE-CTRL
XV-22014,EC-VALVE-ISO
FCV-22015,EC-VALVE-CTRL
TT-22016,EC-INST-TT
E-22017,EC-HEATEXCH-SHELL
PT-22018,EC-INST-PT
K-22019,EC-COMPRESSOR-CENTR
XV-22020,EC-VALVE-ISO
K-22021,EC-COMPRESSOR-CENTR
FT-22022,EC-INST-FT
LT-22023,EC-INST-LT
FCV-22024,EC-VALVE-CTRL
E-22025,EC-HEATEXCH-SHELL
V-22026,EC-VESSEL-SEP
P-22027,EC-PUMP-RECIP
E-22028,EC-HEATEXCH-SHELL
PT-22029,EC-INST-PT
K-22030,EC-COMPRESSOR-CENTR
FCV-22031,EC-VALVE-CTRL
TT-22032,EC-INST-TT
V-22033,EC-VESSEL-SEP
K-22034,EC-COMPRESSOR-CENTR
PT-22035,EC-INST-PT
FT-22036,EC-INST-FT
LT-22037,EC-INST-LT
TT-22038,EC-INST-TT
FT-22039,EC-INST-FT
FT-22040,EC-INST-FT
XV-22041,EC-VALVE-ISO
COL-22042,EC-VESSEL-COL
XV-22043,EC-VALVE-ISO
P-22044,EC-PUMP-RECIP
V-22045,EC-VESSEL-SEP
TT-22046,EC-INST-TT
E-22047,EC-HEATEXCH-SHELL
LT-22048,EC-INST-LT
LT-22049,EC-INST-LT
E-22050,EC-HEATEXCH-SHELL
LT-22051,EC-INST-LT
P-22052,EC-PUMP-CENTR
V-22053,EC-VESSEL-SEP
K-22054,EC-COMPRESSOR-CENTR
FCV-22055,EC-VALVE-CTRL
PT-22056,EC-INST-PT
P-22057,EC-PUMP-RECIP
K-22058,EC-COMPRESSOR-CENTR
E-22059,EC-HEATEXCH-SHELL
K-22060,EC-COMPRESSOR-CENTR
PT-22061,EC-INST-PT
E-22062,EC-HEATEXCH-SHELL
P-22063,EC-PUMP-RECIP
TT-22064,EC-INST-TT
PSV-22065,EC-VALVE-RELIEF
COL-22066,EC-VESSEL-COL
V-22067,EC-VESSEL-SEP
PSV-22068,EC-VALVE-RELIEF
FCV-22069,EC-VALVE-CTRL
P-22070,EC-PUMP-RECIP
FT-22071,EC-INST-FT
K-22072,EC-COMPRESSOR-CENTR
P-22073,EC-PUMP-CENTR
COL-22074,EC-VESSEL-COL
K-22075,EC-COMPRESSOR-CENTR
COL-22076,EC-VESSEL-COL
PSV-22077,EC-VALVE-RELIEF
COL-22078,EC-VESSEL-COL
PT-22079,EC-INST-PT
PT-22080,EC-INST-PT
PSV-22081,EC-VALVE-RELIEF
TT-22082,EC-INST-TT
E-22083,EC-HEATEXCH-SHELL
FCV-22084,EC-VALVE-CTRL
V-22085,EC-VESSEL-SEP
FT-22086,EC-INST-FT
LT-22087,EC-INST-LT
PT-22088,EC-INST-PT
FT-22089,EC-INST-FT
P-22090,EC-PUMP-RECIP
FT-22091,EC-INST-FT
TT-22092,EC-INST-TT
K-22093,EC-COMPRESSOR-CENTR
FCV-22094,EC-VALVE-CTRL
E-22095,EC-HEATEXCH-SHELL
TT-22096,EC-INST-TT
TT-22097,EC-INST-TT
PT-22098,EC-INST-PT
P-22099,EC-PUMP-RECIP
E-22100,EC-HEATEXCH-SHELL
XV-22101,EC-VALVE-ISO
PSV-22102,EC-VALVE-RELIEF
PSV-22103,EC-VALVE-RELIEF
FT-22104,EC-INST-FT
XV-22105,EC-VALVE-ISO
FCV-22106,EC-VALVE-CTRL
FT-22107,EC-INST-FT
PSV-22108,EC-VALVE-RELIEF
XV-22109,EC-VALVE-ISO
COL-22110,EC-VESSEL-COL
TT-22111,EC-INST-TT
PT-22112,EC-INST-PT
XV-22113,EC-VALVE-ISO
E-22114,EC-HEATEXCH-SHELL
K-22115,EC-COMPRESSOR-CENTR
TT-22116,EC-INST-TT
PSV-22117,EC-VALVE-RELIEF
K-22118,EC-COMPRESSOR-CENTR
PSV-22119,EC-VALVE-RELIEF
V-22120,EC-VESSEL-SEP
P-22121,EC-PUMP-RECIP
LT-22122,EC-INST-LT
PSV-22123,EC-VALVE-RELIEF
K-22124,EC-COMPRESSOR-CENTR
V-22125,EC-VESSEL-SEP
COL-22126,EC-VESSEL-COL
PSV-22127,EC-VALVE-RELIEF
P-22128,EC-PUMP-RECIP
FCV-22129,EC-VALVE-CTRL
FCV-22130,EC-VALVE-CTRL
LT-22131,EC-INST-LT
XV-22132,EC-VALVE-ISO
LT-22133,EC-INST-LT
PT-22134,EC-INST-PT
XV-22135,EC-VALVE-ISO
XV-22136,EC-VALVE-ISO
PT-22137,EC-INST-PT
PSV-22138,EC-VALVE-RELIEF
E-22139,EC-HEATEXCH-SHELL
FT-22140,EC-INST-FT
K-22141,EC-COMPRESSOR-CENTR
P-22142,EC-PUMP-RECIP
FCV-22143,EC-VALVE-CTRL
FT-22144,EC-INST-FT
PT-22145,EC-INST-PT
TT-22146,EC-INST-TT
XV-22147,EC-VALVE-ISO
K-22148,EC-COMPRESSOR-CENTR
K-22149,EC-COMPRESSOR-CENTR
FT-22150,EC-INST-FT
FT-22151,EC-INST-FT
P-22152,EC-PUMP-CENTR
V-22153,EC-VESSEL-SEP
K-22154,EC-COMPRESSOR-CENTR
LT-22155,EC-INST-LT
PT-22156,EC-INST-PT
XV-22157,EC-VALVE-ISO
TT-22158,EC-INST-TT
E-22159,EC-HEATEXCH-SHELL
XV-22160,EC-VALVE-ISO
LT-22161,EC-INST-LT
E-22162,EC-HEATEXCH-SHELL
COL-22163,EC-VESSEL-COL
V-22164,EC-VESSEL-SEP
PSV-22165,EC-VALVE-RELIEF
PT-22166,EC-INST-PT
LT-22167,EC-INST-LT
P-22168,EC-PUMP-CENTR
XV-22169,EC-VALVE-ISO
K-22170,EC-COMPRESSOR-CENTR
P-22171,EC-PUMP-CENTR
TT-22172,EC-INST-TT
FT-22173,EC-INST-FT
V-22174,EC-VESSEL-SEP
COL-22175,EC-VESSEL-COL
PT-22176,EC-INST-PT
TT-22177,EC-INST-TT
PSV-22178,EC-VALVE-RELIEF
PT-22179,EC-INST-PT
P-22180,EC-PUMP-RECIP
FT-22181,EC-INST-FT
FCV-22182,EC-VALVE-CTRL
PT-22183,EC-INST-PT
P-22184,EC-PUMP-RECIP
E-22185,EC-HEATEXCH-SHELL
XV-22186,EC-VALVE-ISO
P-22187,EC-PUMP-CENTR
LT-22188,EC-INST-LT
E-22189,EC-HEATEXCH-SHELL
PSV-22190,EC-VALVE-RELIEF
P-22191,EC-PUMP-CENTR
P-22192,EC-PUMP-CENTR
K-22193,EC-COMPRESSOR-CENTR
PSV-22194,EC-VALVE-RELIEF
COL-22195,EC-VESSEL-COL
K-22196,EC-COMPRESSOR-CENTR
E-22197,EC-HEATEXCH-SHELL
P-22198,EC-PUMP-RECIP
P-22199,EC-PUMP-CENTR
FT-22200,EC-INST-FT
P-22201,EC-PUMP-CENTR
FCV-22202,EC-VALVE-CTRL
E-22203,EC-HEATEXCH-SHELL
PSV-22204,EC-VALVE-RELIEF
COL-22205,EC-VESSEL-COL
TT-22206,EC-INST-TT
K-22207,EC-COMPRESSOR-CENTR
P-22208,EC-PUMP-CENTR
FT-22209,EC-INST-FT
LT-22210,EC-INST-LT
P-22211,EC-PUMP-CENTR
P-22212,EC-PUMP-CENTR
LT-22213,EC-INST-LT
XV-22214,EC-VALVE-ISO
P-22215,EC-PUMP-CENTR
P-22216,EC-PUMP-RECIP
E-22217,EC-HEATEXCH-SHELL
P-22218,EC-PUMP-RECIP
XV-22219,EC-VALVE-ISO
FT-22220,EC-INST-FT
TT-22221,EC-INST-TT
TT-22222,EC-INST-TT
E-22223,EC-HEATEXCH-SHELL
P-22224,EC-PUMP-RECIP
E-22225,EC-HEATEXCH-SHELL
P-22226,EC-PUMP-RECIP
LT-22227,EC-INST-LT
FCV-22228,EC-VALVE-CTRL
V-22229,EC-VESSEL-SEP
FT-22230,EC-INST-FT
FT-22231,EC-INST-FT
P-22232,EC-PUMP-RECIP
FCV-22233,EC-VALVE-CTRL
P-22234,EC-PUMP-RECIP
FCV-22235,EC-VALVE-CTRL
FT-22236,EC-INST-FT
FT-22237,EC-INST-FT
PSV-22238,EC-VALVE-RELIEF
P-22239,EC-PUMP-CENTR
P-22240,EC-PUMP-CENTR
COL-22241,EC-VESSEL-COL
P-22242,EC-PUMP-RECIP
TT-22243,EC-INST-TT
PSV-22244,EC-VALVE-RELIEF
COL-22245,EC-VESSEL-COL
K-22246,EC-COMPRESSOR-CENTR
LT-22247,EC-INST-LT
TT-22248,EC-INST-TT
FT-22249,EC-INST-FT
K-22250,EC-COMPRESSOR-CENTR
P-22251,EC-PUMP-CENTR
TT-22252,EC-INST-TT
XV-22253,EC-VALVE-ISO
V-22254,EC-VESSEL-SEP
XV-22255,EC-VALVE-ISO
XV-22256,EC-VALVE-ISO
E-22257,EC-HEATEXCH-SHELL
TT-22258,EC-INST-TT
K-22259,EC-COMPRESSOR-CENTR
PT-22260,EC-INST-PT
K-22261,EC-COMPRESSOR-CENTR
V-22262,EC-VESSEL-SEP
COL-22263,EC-VESSEL-COL
LT-22264,EC-INST-LT
E-22265,EC-HEATEXCH-SHELL
P-22266,EC-PUMP-CENTR
PSV-22267,EC-VALVE-RELIEF
K-22268,EC-COMPRESSOR-CENTR
TT-22269,EC-INST-TT
XV-22270,EC-VALVE-ISO
TT-22271,EC-INST-TT
P-22272,EC-PUMP-CENTR
K-22273,EC-COMPRESSOR-CENTR
FCV-22274,EC-VALVE-CTRL
E-22275,EC-HEATEXCH-SHELL
TT-22276,EC-INST-TT
COL-22277,EC-VESSEL-COL
LT-22278,EC-INST-LT
FT-22279,EC-INST-FT
V-22280,EC-VESSEL-SEP
P-22281,EC-PUMP-CENTR
COL-22282,EC-VESSEL-COL
PT-22283,EC-INST-PT
XV-22284,EC-VALVE-ISO
FT-22285,EC-INST-FT
FCV-22286,EC-VALVE-CTRL
XV-22287,EC-VALVE-ISO
COL-22288,EC-VESSEL-COL
PT-22289,EC-INST-PT
FT-22290,EC-INST-FT
PT-22291,EC-INST-PT
V-22292,EC-VESSEL-SEP
TT-22293,EC-INST-TT
E-22294,EC-HEATEXCH-SHELL
P-22295,EC-PUMP-RECIP
LT-22296,EC-INST-LT
FCV-22297,EC-VALVE-CTRL
PSV-22298,EC-VALVE-RELIEF
XV-22299,EC-VALVE-ISO
E-22300,EC-HEATEXCH-SHELL
COL-22301,EC-VESSEL-COL
XV-22302,EC-VALVE-ISO
LT-22303,EC-INST-LT
E-22304,EC-HEATEXCH-SHELL
P-22305,EC-PUMP-RECIP
PT-22306,EC-INST-PT
PT-22307,EC-INST-PT
E-22308,EC-HEATEXCH-SHELL
FCV-22309,EC-VALVE-CTRL
LT-22310,EC-INST-LT
XV-22311,EC-VALVE-ISO
XV-22312,EC-VALVE-ISO
V-22313,EC-VESSEL-SEP
FCV-22314,EC-VALVE-CTRL
P-22315,EC-PUMP-CENTR
FT-22316,EC-INST-FT
P-22317,EC-PUMP-CENTR
PSV-22318,EC-VALVE-RELIEF
PT-22319,EC-INST-PT
V-22320,EC-VESSEL-SEP
XV-22321,EC-VALVE-ISO
FT-22322,EC-INST-FT
P-22323,EC-PUMP-RECIP
E-22324,EC-HEATEXCH-SHELL
FT-22325,EC-INST-FT
PT-22326,EC-INST-PT
PT-22327,EC-INST-PT
P-22328,EC-PUMP-CENTR
K-22329,EC-COMPRESSOR-CENTR
E-22330,EC-HEATEXCH-SHELL
K-22331,EC-COMPRESSOR-CENTR
PSV-22332,EC-VALVE-RELIEF
TT-22333,EC-INST-TT
PSV-22334,EC-VALVE-RELIEF
FCV-22335,EC-VALVE-CTRL
PSV-22336,EC-VALVE-RELIEF
TT-22337,EC-INST-TT
FCV-22338,EC-VALVE-CTRL
COL-22339,EC-VESSEL-COL
PSV-22340,EC-VALVE-RELIEF
FCV-22341,EC-VALVE-CTRL
COL-22342,EC-VESSEL-COL
LT-22343,EC-INST-LT
V-22344,EC-VESSEL-SEP
TT-22345,EC-INST-TT
XV-22346,EC-VALVE-ISO
FCV-22347,EC-VALVE-CTRL
K-22348,EC-COMPRESSOR-CENTR
PSV-22349,EC-VALVE-RELIEF
E-22350,EC-HEATEXCH-SHELL
PSV-22351,EC-VALVE-RELIEF
LT-22352,EC-INST-LT
PSV-22353,EC-VALVE-RELIEF
COL-22354,EC-VESSEL-COL
P-22355,EC-PUMP-RECIP
PT-22356,EC-INST-PT
E-22357,EC-HEATEXCH-SHELL
E-22358,EC-HEATEXCH-SHELL
XV-22359,EC-VALVE-ISO
LT-22360,EC-INST-LT
FT-22361,EC-INST-FT
K-22362,EC-COMPRESSOR-CENTR
E-22363,EC-HEATEXCH-SHELL
E-22364,EC-HEATEXCH-SHELL
E-22365,EC-HEATEXCH-SHELL
FCV-22366,EC-VALVE-CTRL
FT-22367,EC-INST-FT
E-22368,EC-HEATEXCH-SHELL
TT-22369,EC-INST-TT
TT-22370,EC-INST-TT
PT-22371,EC-INST-PT
P-22372,EC-PUMP-CENTR
FCV-22373,EC-VALVE-CTRL
P-22374,EC-PUMP-CENTR
V-22375,EC-VESSEL-SEP
P-22376,EC-PUMP-RECIP
E-22377,EC-HEATEXCH-SHELL
V-22378,EC-VESSEL-SEP
FCV-22379,EC-VALVE-CTRL
P-22380,EC-PUMP-CENTR
LT-22381,EC-INST-LT
LT-22382,EC-INST-LT
FCV-22383,EC-VALVE-CTRL
K-22384,EC-COMPRESSOR-CENTR
LT-22385,EC-INST-LT
FT-22386,EC-INST-FT
PSV-22387,EC-VALVE-RELIEF
P-22388,EC-PUMP-RECIP
P-22389,EC-PUMP-CENTR
COL-22390,EC-VESSEL-COL
XV-22391,EC-VALVE-ISO
V-22392,EC-VESSEL-SEP
P-22393,EC-PUMP-RECIP
TT-22394,EC-INST-TT
XV-22395,EC-VALVE-ISO
TT-22396,EC-INST-TT
P-22397,EC-PUMP-CENTR
PSV-22398,EC-VALVE-RELIEF
P-22399,EC-PUMP-RECIP
P-22400,EC-PUMP-RECIP
LT-22401,EC-INST-LT
P-22402,EC-PUMP-RECIP
XV-22403,EC-VALVE-ISO
V-22404,EC-VESSEL-SEP
TT-22405,EC-INST-TT
E-22406,EC-HEATEXCH-SHELL
PT-22407,EC-INST-PT
P-22408,EC-PUMP-RECIP
V-22409,EC-VESSEL-SEP
PSV-22410,EC-VALVE-RELIEF
E-22411,EC-HEATEXCH-SHELL
PSV-22412,EC-VALVE-RELIEF
K-22413,EC-COMPRESSOR-CENTR
P-22414,EC-PUMP-CENTR
P-22415,EC-PUMP-CENTR
PSV-22416,EC-VALVE-RELIEF
FCV-22417,EC-VALVE-CTRL
LT-22418,EC-INST-LT
COL-22419,EC-VESSEL-COL
K-22420,EC-COMPRESSOR-CENTR
K-22421,EC-COMPRESSOR-CENTR
PSV-22422,EC-VALVE-RELIEF
P-22423,EC-PUMP-RECIP
P-22424,EC-PUMP-RECIP
PT-22425,EC-INST-PT
COL-22426,EC-VESSEL-COL
TT-22427,EC-INST-TT
E-22428,EC-HEATEXCH-SHELL
XV-22429,EC-VALVE-ISO
P-22430,EC-PUMP-CENTR
P-22431,EC-PUMP-RECIP
PSV-22432,EC-VALVE-RELIEF
P-22433,EC-PUMP-RECIP
XV-22434,EC-VALVE-ISO
FCV-22435,EC-VALVE-CTRL
K-22436,EC-COMPRESSOR-CENTR
FCV-22437,EC-VALVE-CTRL
TT-22438,EC-INST-TT
P-22439,EC-PUMP-CENTR
XV-22440,EC-VALVE-ISO
LT-22441,EC-INST-LT
LT-22442,EC-INST-LT
COL-22443,EC-VESSEL-COL
LT-22444,EC-INST-LT
P-22445,EC-PUMP-RECIP
TT-22446,EC-INST-TT
PSV-22447,EC-VALVE-RELIEF
PT-22448,EC-INST-PT
P-22449,EC-PUMP-CENTR
COL-22450,EC-VESSEL-COL
P-22451,EC-PUMP-RECIP
PSV-22452,EC-VALVE-RELIEF
FCV-22453,EC-VALVE-CTRL
PSV-22454,EC-VALVE-RELIEF
P-22455,EC-PUMP-CENTR
LT-22456,EC-INST-LT
TT-22457,EC-INST-TT
PT-22458,EC-INST-PT
PT-22459,EC-INST-PT
V-22460,EC-VESSEL-SEP
COL-22461,EC-VESSEL-COL
COL-22462,EC-VESSEL-COL
XV-22463,EC-VALVE-ISO
V-22464,EC-VESSEL-SEP
V-22465,EC-VESSEL-SEP
E-22466,EC-HEATEXCH-SHELL
V-22467,EC-VESSEL-SEP
COL-22468,EC-VESSEL-COL
FT-22469,EC-INST-FT
PSV-22470,EC-VALVE-RELIEF
FCV-22471,EC-VALVE-CTRL
TT-22472,EC-INST-TT
FT-22473,EC-INST-FT
FCV-22474,EC-VALVE-CTRL
XV-22475,EC-VALVE-ISO
P-22476,EC-PUMP-CENTR
P-22477,EC-PUMP-CENTR
LT-22478,EC-INST-LT
P-22479,EC-PUMP-RECIP
E-22480,EC-HEATEXCH-SHELL
TT-22481,EC-INST-TT
PT-22482,EC-INST-PT
FT-22483,EC-INST-FT
FT-22484,EC-INST-FT
XV-22485,EC-VALVE-ISO
P-22486,EC-PUMP-RECIP
FT-22487,EC-INST-FT
TT-22488,EC-INST-TT
FT-22489,EC-INST-FT
V-22490,EC-VESSEL-SEP
PSV-22491,EC-VALVE-RELIEF
PSV-22492,EC-VALVE-RELIEF
LT-22493,EC-INST-LT
XV-22494,EC-VALVE-ISO
K-22495,EC-COMPRESSOR-CENTR
E-22496,EC-HEATEXCH-SHELL
P-22497,EC-PUMP-CENTR
V-22498,EC-VESSEL-SEP
TT-22499,EC-INST-TT
TT-22500,EC-INST-TT
FT-22501,EC-INST-FT
V-22502,EC-VESSEL-SEP
PT-22503,EC-INST-PT
P-22504,EC-PUMP-RECIP
FT-22505,EC-INST-FT
E-22506,EC-HEATEXCH-SHELL
LT-22507,EC-INST-LT
PT-22508,EC-INST-PT
FT-22509,EC-INST-FT
PT-22510,EC-INST-PT
PT-22511,EC-INST-PT
XV-22512,EC-VALVE-ISO
XV-22513,EC-VALVE-ISO
COL-22514,EC-VESSEL-COL
K-22515,EC-COMPRESSOR-CENTR
COL-22516,EC-VESSEL-COL
COL-22517,EC-VESSEL-COL
PSV-22518,EC-VALVE-RELIEF
FCV-22519,EC-VALVE-CTRL
LT-22520,EC-INST-LT
E-22521,EC-HEATEXCH-SHELL
COL-22522,EC-VESSEL-COL
LT-22523,EC-INST-LT
P-22524,EC-PUMP-CENTR
LT-22525,EC-INST-LT
E-22526,EC-HEATEXCH-SHELL
COL-22527,EC-VESSEL-COL
COL-22528,EC-VESSEL-COL
TT-22529,EC-INST-TT
K-22530,EC-COMPRESSOR-CENTR
V-22531,EC-VESSEL-SEP
E-22532,EC-HEATEXCH-SHELL
V-22533,EC-VESSEL-SEP
K-22534,EC-COMPRESSOR-CENTR
V-22535,EC-VESSEL-SEP
XV-22536,EC-VALVE-ISO
P-22537,EC-PUMP-CENTR
COL-22538,EC-VESSEL-COL
P-22539,EC-PUMP-CENTR
PSV-22540,EC-VALVE-RELIEF
P-22541,EC-PUMP-CENTR
FT-22542,EC-INST-FT
P-22543,EC-PUMP-RECIP
COL-22544,EC-VESSEL-COL
E-22545,EC-HEATEXCH-SHELL
XV-22546,EC-VALVE-ISO
P-22547,EC-PUMP-RECIP
V-22548,EC-VESSEL-SEP
FCV-22549,EC-VALVE-CTRL
PT-22550,EC-INST-PT
FT-22551,EC-INST-FT
TT-22552,EC-INST-TT
P-22553,EC-PUMP-CENTR
FCV-22554,EC-VALVE-CTRL
V-22555,EC-VESSEL-SEP
FT-22556,EC-INST-FT
V-22557,EC-VESSEL-SEP
FCV-22558,EC-VALVE-CTRL
COL-22559,EC-VESSEL-COL
K-22560,EC-COMPRESSOR-CENTR
K-22561,EC-COMPRESSOR-CENTR
PT-22562,EC-INST-PT
P-22563,EC-PUMP-CENTR
FT-22564,EC-INST-FT
K-22565,EC-COMPRESSOR-CENTR
XV-22566,EC-VALVE-ISO
PT-22567,EC-INST-PT
P-22568,EC-PUMP-CENTR
FT-22569,EC-INST-FT
FCV-22570,EC-VALVE-CTRL
PSV-22571,EC-VALVE-RELIEF
K-22572,EC-COMPRESSOR-CENTR
P-22573,EC-PUMP-RECIP
TT-22574,EC-INST-TT
P-22575,EC-PUMP-RECIP
FCV-22576,EC-VALVE-CTRL
V-22577,EC-VESSEL-SEP
TT-22578,EC-INST-TT
PSV-22579,EC-VALVE-RELIEF
PT-22580,EC-INST-PT
FCV-22581,EC-VALVE-CTRL
V-22582,EC-VESSEL-SEP
PSV-22583,EC-VALVE-RELIEF
FCV-22584,EC-VALVE-CTRL
K-22585,EC-COMPRESSOR-CENTR
K-22586,EC-COMPRESSOR-CENTR
XV-22587,EC-VALVE-ISO
XV-22588,EC-VALVE-ISO
TT-22589,EC-INST-TT
E-22590,EC-HEATEXCH-SHELL
FT-22591,EC-INST-FT
E-22592,EC-HEATEXCH-SHELL
PSV-22593,EC-VALVE-RELIEF
K-22594,EC-COMPRESSOR-CENTR
FCV-22595,EC-VALVE-CTRL
PSV-22596,EC-VALVE-RELIEF
P-22597,EC-PUMP-CENTR
PSV-22598,EC-VALVE-RELIEF
FCV-22599,EC-VALVE-CTRL
COL-22600,EC-VESSEL-COL
LT-22601,EC-INST-LT
LT-22602,EC-INST-LT
V-22603,EC-VESSEL-SEP
TT-22604,EC-INST-TT
XV-22605,EC-VALVE-ISO
TT-22606,EC-INST-TT
COL-22607,EC-VESSEL-COL
K-22608,EC-COMPRESSOR-CENTR
E-22609,EC-HEATEXCH-SHELL
TT-22610,EC-INST-TT
PT-22611,EC-INST-PT
PT-22612,EC-INST-PT
K-22613,EC-COMPRESSOR-CENTR
K-22614,EC-COMPRESSOR-CENTR
XV-22615,EC-VALVE-ISO
P-22616,EC-PUMP-CENTR
PSV-22617,EC-VALVE-RELIEF
FT-22618,EC-INST-FT
TT-22619,EC-INST-TT
K-22620,EC-COMPRESSOR-CENTR
PSV-22621,EC-VALVE-RELIEF
TT-22622,EC-INST-TT
PT-22623,EC-INST-PT
P-22624,EC-PUMP-RECIP
TT-22625,EC-INST-TT
COL-22626,EC-VESSEL-COL
K-22627,EC-COMPRESSOR-CENTR
LT-22628,EC-INST-LT
TT-22629,EC-INST-TT
P-22630,EC-PUMP-CENTR
P-22631,EC-PUMP-CENTR
COL-22632,EC-VESSEL-COL
V-22633,EC-VESSEL-SEP
V-22634,EC-VESSEL-SEP
P-22635,EC-PUMP-CENTR
LT-22636,EC-INST-LT
P-22637,EC-PUMP-RECIP
TT-22638,EC-INST-TT
P-22639,EC-PUMP-RECIP
K-22640,EC-COMPRESSOR-CENTR
K-22641,EC-COMPRESSOR-CENTR
TT-22642,EC-INST-TT
PSV-22643,EC-VALVE-RELIEF
TT-22644,EC-INST-TT
TT-22645,EC-INST-TT
K-22646,EC-COMPRESSOR-CENTR
PSV-22647,EC-VALVE-RELIEF
COL-22648,EC-VESSEL-COL
V-22649,EC-VESSEL-SEP
COL-22650,EC-VESSEL-COL
K-22651,EC-COMPRESSOR-CENTR
FT-22652,EC-INST-FT
FT-22653,EC-INST-FT
PSV-22654,EC-VALVE-RELIEF
TT-22655,EC-INST-TT
XV-22656,EC-VALVE-ISO
PSV-22657,EC-VALVE-RELIEF
XV-22658,EC-VALVE-ISO
LT-22659,EC-INST-LT
P-22660,EC-PUMP-RECIP
FT-22661,EC-INST-FT
P-22662,EC-PUMP-RECIP
TT-22663,EC-INST-TT
FCV-22664,EC-VALVE-CTRL
FCV-22665,EC-VALVE-CTRL
E-22666,EC-HEATEXCH-SHELL
P-22667,EC-PUMP-CENTR
K-22668,EC-COMPRESSOR-CENTR
XV-22669,EC-VALVE-ISO
E-22670,EC-HEATEXCH-SHELL
PSV-22671,EC-VALVE-RELIEF
TT-22672,EC-INST-TT
P-22673,EC-PUMP-RECIP
P-22674,EC-PUMP-CENTR
K-22675,EC-COMPRESSOR-CENTR
E-22676,EC-HEATEXCH-SHELL
P-22677,EC-PUMP-RECIP
P-22678,EC-PUMP-CENTR
E-22679,EC-HEATEXCH-SHELL
LT-22680,EC-INST-LT
K-22681,EC-COMPRESSOR-CENTR
PSV-22682,EC-VALVE-RELIEF
PSV-22683,EC-VALVE-RELIEF
K-22684,EC-COMPRESSOR-CENTR
E-22685,EC-HEATEXCH-SHELL
K-22686,EC-COMPRESSOR-CENTR
P-22687,EC-PUMP-CENTR
PSV-22688,EC-VALVE-RELIEF
PSV-22689,EC-VALVE-RELIEF
LT-22690,EC-INST-LT
XV-22691,EC-VALVE-ISO
E-22692,EC-HEATEXCH-SHELL
XV-22693,EC-VALVE-ISO
PT-22694,EC-INST-PT
V-22695,EC-VESSEL-SEP
FT-22696,EC-INST-FT
E-22697,EC-HEATEXCH-SHELL
P-22698,EC-PUMP-RECIP
V-22699,EC-VESSEL-SEP
TT-22700,EC-INST-TT
PT-22701,EC-INST-PT
PT-22702,EC-INST-PT
LT-22703,EC-INST-LT
P-22704,EC-PUMP-CENTR
COL-22705,EC-VESSEL-COL
FCV-22706,EC-VALVE-CTRL
K-22707,EC-COMPRESSOR-CENTR
P-22708,EC-PUMP-RECIP
FCV-22709,EC-VALVE-CTRL
LT-22710,EC-INST-LT
P-22711,EC-PUMP-CENTR
TT-22712,EC-INST-TT
P-22713,EC-PUMP-RECIP
PSV-22714,EC-VALVE-RELIEF
LT-22715,EC-INST-LT
LT-22716,EC-INST-LT
PT-22717,EC-INST-PT
V-22718,EC-VESSEL-SEP
XV-22719,EC-VALVE-ISO
FT-22720,EC-INST-FT
P-22721,EC-PUMP-CENTR
K-22722,EC-COMPRESSOR-CENTR
XV-22723,EC-VALVE-ISO
FCV-22724,EC-VALVE-CTRL
PSV-22725,EC-VALVE-RELIEF
TT-22726,EC-INST-TT
P-22727,EC-PUMP-CENTR
K-22728,EC-COMPRESSOR-CENTR
COL-22729,EC-VESSEL-COL
TT-22730,EC-INST-TT
K-22731,EC-COMPRESSOR-CENTR
XV-22732,EC-VALVE-ISO
K-22733,EC-COMPRESSOR-CENTR
E-22734,EC-HEATEXCH-SHELL
COL-22735,EC-VESSEL-COL
P-22736,EC-PUMP-RECIP
PSV-22737,EC-VALVE-RELIEF
V-22738,EC-VESSEL-SEP
PSV-22739,EC-VALVE-RELIEF
PT-22740,EC-INST-PT
FCV-22741,EC-VALVE-CTRL
P-22742,EC-PUMP-CENTR
PSV-22743,EC-VALVE-RELIEF
E-22744,EC-HEATEXCH-SHELL
PSV-22745,EC-VALVE-RELIEF
V-22746,EC-VESSEL-SEP
PT-22747,EC-INST-PT
P-22748,EC-PUMP-CENTR
K-22749,EC-COMPRESSOR-CENTR
PSV-22750,EC-VALVE-RELIEF
XV-22751,EC-VALVE-ISO
TT-22752,EC-INST-TT
K-22753,EC-COMPRESSOR-CENTR
COL-22754,EC-VESSEL-COL
E-22755,EC-HEATEXCH-SHELL
XV-22756,EC-VALVE-ISO
COL-22757,EC-VESSEL-COL
PSV-22758,EC-VALVE-RELIEF
TT-22759,EC-INST-TT
PSV-22760,EC-VALVE-RELIEF
PT-22761,EC-INST-PT
TT-22762,EC-INST-TT
FCV-22763,EC-VALVE-CTRL
TT-22764,EC-INST-TT
E-22765,EC-HEATEXCH-SHELL
E-22766,EC-HEATEXCH-SHELL
P-22767,EC-PUMP-RECIP
LT-22768,EC-INST-LT
COL-22769,EC-VESSEL-COL
E-22770,EC-HEATEXCH-SHELL
FCV-22771,EC-VALVE-CTRL
E-22772,EC-HEATEXCH-SHELL
PSV-22773,EC-VALVE-RELIEF
COL-22774,EC-VESSEL-COL
P-22775,EC-PUMP-CENTR
COL-22776,EC-VESSEL-COL
XV-22777,EC-VALVE-ISO
XV-22778,EC-VALVE-ISO
LT-22779,EC-INST-LT
K-22780,EC-COMPRESSOR-CENTR
XV-22781,EC-VALVE-ISO
V-22782,EC-VESSEL-SEP
TT-22783,EC-INST-TT
TT-22784,EC-INST-TT
COL-22785,EC-VESSEL-COL
TT-22786,EC-INST-TT
LT-22787,EC-INST-LT
P-22788,EC-PUMP-CENTR
XV-22789,EC-VALVE-ISO
TT-22790,EC-INST-TT
XV-22791,EC-VALVE-ISO
FT-22792,EC-INST-FT
PSV-22793,EC-VALVE-RELIEF
XV-22794,EC-VALVE-ISO
LT-22795,EC-INST-LT
FT-22796,EC-INST-FT
K-22797,EC-COMPRESSOR-CENTR
XV-22798,EC-VALVE-ISO
K-22799,EC-COMPRESSOR-CENTR
FT-22800,EC-INST-FT
XV-22801,EC-VALVE-ISO
PT-22802,EC-INST-PT
LT-22803,EC-INST-LT
TT-22804,EC-INST-TT
E-22805,EC-HEATEXCH-SHELL
FCV-22806,EC-VALVE-CTRL
P-22807,EC-PUMP-CENTR
E-22808,EC-HEATEXCH-SHELL
TT-22809,EC-INST-TT
P-22810,EC-PUMP-CENTR
E-22811,EC-HEATEXCH-SHELL
K-22812,EC-COMPRESSOR-CENTR
COL-22813,EC-VESSEL-COL
V-22814,EC-VESSEL-SEP
P-22815,EC-PUMP-CENTR
FCV-22816,EC-VALVE-CTRL
COL-22817,EC-VESSEL-COL
COL-22818,EC-VESSEL-COL
E-22819,EC-HEATEXCH-SHELL
LT-22820,EC-INST-LT
XV-22821,EC-VALVE-ISO
FT-22822,EC-INST-FT
TT-22823,EC-INST-TT
FCV-22824,EC-VALVE-CTRL
PT-22825,EC-INST-PT
P-22826,EC-PUMP-RECIP
PT-22827,EC-INST-PT
P-22828,EC-PUMP-CENTR
K-22829,EC-COMPRESSOR-CENTR
TT-22830,EC-INST-TT
TT-22831,EC-INST-TT
TT-22832,EC-INST-TT
P-22833,EC-PUMP-RECIP
COL-22834,EC-VESSEL-COL
P-22835,EC-PUMP-CENTR
E-22836,EC-HEATEXCH-SHELL
LT-22837,EC-INST-LT
TT-22838,EC-INST-TT
K-22839,EC-COMPRESSOR-CENTR
LT-22840,EC-INST-LT
K-22841,EC-COMPRESSOR-CENTR
LT-22842,EC-INST-LT
XV-22843,EC-VALVE-ISO
XV-22844,EC-VALVE-ISO
PSV-22845,EC-VALVE-RELIEF
COL-22846,EC-VESSEL-COL
V-22847,EC-VESSEL-SEP
TT-22848,EC-INST-TT
K-22849,EC-COMPRESSOR-CENTR
P-22850,EC-PUMP-CENTR
FCV-22851,EC-VALVE-CTRL
V-22852,EC-VESSEL-SEP
PT-22853,EC-INST-PT
FT-22854,EC-INST-FT
FT-22855,EC-INST-FT
TT-22856,EC-INST-TT
V-22857,EC-VESSEL-SEP
E-22858,EC-HEATEXCH-SHELL
XV-22859,EC-VALVE-ISO
P-22860,EC-PUMP-CENTR
LT-22861,EC-INST-LT
E-22862,EC-HEATEXCH-SHELL
TT-22863,EC-INST-TT
COL-22864,EC-VESSEL-COL
P-22865,EC-PUMP-RECIP
FCV-22866,EC-VALVE-CTRL
E-22867,EC-HEATEXCH-SHELL
V-22868,EC-VESSEL-SEP
LT-22869,EC-INST-LT
XV-22870,EC-VALVE-ISO
PSV-22871,EC-VALVE-RELIEF
XV-22872,EC-VALVE-ISO
P-22873,EC-PUMP-CENTR
LT-22874,EC-INST-LT
FCV-22875,EC-VALVE-CTRL
COL-22876,EC-VESSEL-COL
P-22877,EC-PUMP-RECIP
TT-22878,EC-INST-TT
P-22879,EC-PUMP-RECIP
XV-22880,EC-VALVE-ISO
P-22881,EC-PUMP-CENTR
E-22882,EC-HEATEXCH-SHELL
FT-22883,EC-INST-FT
P-22884,EC-PUMP-CENTR
FT-22885,EC-INST-FT
PT-22886,EC-INST-PT
COL-22887,EC-VESSEL-COL
V-22888,EC-VESSEL-SEP
P-22889,EC-PUMP-RECIP
P-22890,EC-PUMP-CENTR
FCV-22891,EC-VALVE-CTRL
V-22892,EC-VESSEL-SEP
V-22893,EC-VESSEL-SEP
K-22894,EC-COMPRESSOR-CENTR
TT-22895,EC-INST-TT
TT-22896,EC-INST-TT
COL-22897,EC-VESSEL-COL
FT-22898,EC-INST-FT
TT-22899,EC-INST-TT
K-22900,EC-COMPRESSOR-CENTR
XV-22901,EC-VALVE-ISO
TT-22902,EC-INST-TT
COL-22903,EC-VESSEL-COL
E-22904,EC-HEATEXCH-SHELL
V-22905,EC-VESSEL-SEP
V-22906,EC-VESSEL-SEP
TT-22907,EC-INST-TT
FCV-22908,EC-VALVE-CTRL
P-22909,EC-PUMP-CENTR
FT-22910,EC-INST-FT
TT-22911,EC-INST-TT
COL-22912,EC-VESSEL-COL
LT-22913,EC-INST-LT
LT-22914,EC-INST-LT
FT-22915,EC-INST-FT
XV-22916,EC-VALVE-ISO
K-22917,EC-COMPRESSOR-CENTR
FCV-22918,EC-VALVE-CTRL
FT-22919,EC-INST-FT
K-22920,EC-COMPRESSOR-CENTR
PT-22921,EC-INST-PT
FCV-22922,EC-VALVE-CTRL
K-22923,EC-COMPRESSOR-CENTR
TT-22924,EC-INST-TT
LT-22925,EC-INST-LT
FCV-22926,EC-VALVE-CTRL
FT-22927,EC-INST-FT
V-22928,EC-VESSEL-SEP
FCV-22929,EC-VALVE-CTRL
PT-22930,EC-INST-PT
FT-22931,EC-INST-FT
COL-22932,EC-VESSEL-COL
COL-22933,EC-VESSEL-COL
COL-22934,EC-VESSEL-COL
K-22935,EC-COMPRESSOR-CENTR
PT-22936,EC-INST-PT
PT-22937,EC-INST-PT
K-22938,EC-COMPRESSOR-CENTR
FCV-22939,EC-VALVE-CTRL
E-22940,EC-HEATEXCH-SHELL
XV-22941,EC-VALVE-ISO
PT-22942,EC-INST-PT
FT-22943,EC-INST-FT
P-22944,EC-PUMP-RECIP
COL-22945,EC-VESSEL-COL
FT-22946,EC-INST-FT
FCV-22947,EC-VALVE-CTRL
XV-22948,EC-VALVE-ISO
P-22949,EC-PUMP-CENTR
TT-22950,EC-INST-TT
COL-22951,EC-VESSEL-COL
E-22952,EC-HEATEXCH-SHELL
P-22953,EC-PUMP-RECIP
K-22954,EC-COMPRESSOR-CENTR
FCV-22955,EC-VALVE-CTRL
FT-22956,EC-INST-FT
PT-22957,EC-INST-PT
P-22958,EC-PUMP-CENTR
TT-22959,EC-INST-TT
XV-22960,EC-VALVE-ISO
FT-22961,EC-INST-FT
P-22962,EC-PUMP-CENTR
K-22963,EC-COMPRESSOR-CENTR
P-22964,EC-PUMP-RECIP
FCV-22965,EC-VALVE-CTRL
LT-22966,EC-INST-LT
E-22967,EC-HEATEXCH-SHELL
PSV-22968,EC-VALVE-RELIEF
V-22969,EC-VESSEL-SEP
E-22970,EC-HEATEXCH-SHELL
PSV-22971,EC-VALVE-RELIEF
XV-22972,EC-VALVE-ISO
LT-22973,EC-INST-LT
COL-22974,EC-VESSEL-COL
TT-22975,EC-INST-TT
TT-22976,EC-INST-TT
XV-22977,EC-VALVE-ISO
LT-22978,EC-INST-LT
XV-22979,EC-VALVE-ISO
V-22980,EC-VESSEL-SEP
FCV-22981,EC-VALVE-CTRL
FT-22982,EC-INST-FT
FCV-22983,EC-VALVE-CTRL
COL-22984,EC-VESSEL-COL
FCV-22985,EC-VALVE-CTRL
COL-22986,EC-VESSEL-COL
FCV-22987,EC-VALVE-CTRL
P-22988,EC-PUMP-RECIP
P-22989,EC-PUMP-RECIP
XV-22990,EC-VALVE-ISO
LT-22991,EC-INST-LT
XV-22992,EC-VALVE-ISO
P-22993,EC-PUMP-CENTR
E-22994,EC-HEATEXCH-SHELL
LT-22995,EC-INST-LT
P-22996,EC-PUMP-CENTR
FCV-22997,EC-VALVE-CTRL
PSV-22998,EC-VALVE-RELIEF
K-22999,EC-COMPRESSOR-CENTR
E-23000,EC-HEATEXCH-SHELL
V-23001,EC-VESSEL-SEP
PSV-23002,EC-VALVE-RELIEF
FT-23003,EC-INST-FT
V-23004,EC-VESSEL-SEP
FT-23005,EC-INST-FT
FT-23006,EC-INST-FT
FCV-23007,EC-VALVE-CTRL
FCV-23008,EC-VALVE-CTRL
FT-23009,EC-INST-FT
TT-23010,EC-INST-TT
TT-23011,EC-INST-TT
TT-23012,EC-INST-TT
P-23013,EC-PUMP-RECIP
LT-23014,EC-INST-LT
PSV-23015,EC-VALVE-RELIEF
XV-23016,EC-VALVE-ISO
K-23017,EC-COMPRESSOR-CENTR
PT-23018,EC-INST-PT
P-23019,EC-PUMP-RECIP
XV-23020,EC-VALVE-ISO
PT-23021,EC-INST-PT
P-23022,EC-PUMP-RECIP
P-23023,EC-PUMP-RECIP
LT-23024,EC-INST-LT
FT-23025,EC-INST-FT
COL-23026,EC-VESSEL-COL
P-23027,EC-PUMP-RECIP
COL-23028,EC-VESSEL-COL
PT-23029,EC-INST-PT
FCV-23030,EC-VALVE-CTRL
COL-23031,EC-VESSEL-COL
XV-23032,EC-VALVE-ISO
COL-23033,EC-VESSEL-COL
PT-23034,EC-INST-PT
K-23035,EC-COMPRESSOR-CENTR
XV-23036,EC-VALVE-ISO
FT-23037,EC-INST-FT
PT-23038,EC-INST-PT
V-23039,EC-VESSEL-SEP
V-23040,EC-VESSEL-SEP
XV-23041,EC-VALVE-ISO
K-23042,EC-COMPRESSOR-CENTR
COL-23043,EC-VESSEL-COL
PSV-23044,EC-VALVE-RELIEF
V-23045,EC-VESSEL-SEP
FCV-23046,EC-VALVE-CTRL
LT-23047,EC-INST-LT
LT-23048,EC-INST-LT
K-23049,EC-COMPRESSOR-CENTR
FCV-23050,EC-VALVE-CTRL
P-23051,EC-PUMP-RECIP
FCV-23052,EC-VALVE-CTRL
FCV-23053,EC-VALVE-CTRL
XV-23054,EC-VALVE-ISO
K-23055,EC-COMPRESSOR-CENTR
P-23056,EC-PUMP-CENTR
E-23057,EC-HEATEXCH-SHELL
FT-23058,EC-INST-FT
FT-23059,EC-INST-FT
PSV-23060,EC-VALVE-RELIEF
FT-23061,EC-INST-FT
FT-23062,EC-INST-FT
COL-23063,EC-VESSEL-COL
TT-23064,EC-INST-TT
E-23065,EC-HEATEXCH-SHELL
K-23066,EC-COMPRESSOR-CENTR
K-23067,EC-COMPRESSOR-CENTR
P-23068,EC-PUMP-RECIP
FCV-23069,EC-VALVE-CTRL
COL-23070,EC-VESSEL-COL
K-23071,EC-COMPRESSOR-CENTR
FCV-23072,EC-VALVE-CTRL
XV-23073,EC-VALVE-ISO
TT-23074,EC-INST-TT
LT-23075,EC-INST-LT
FCV-23076,EC-VALVE-CTRL
K-23077,EC-COMPRESSOR-CENTR
LT-23078,EC-INST-LT
V-23079,EC-VESSEL-SEP
TT-23080,EC-INST-TT
LT-23081,EC-INST-LT
E-23082,EC-HEATEXCH-SHELL
COL-23083,EC-VESSEL-COL
TT-23084,EC-INST-TT
LT-23085,EC-INST-LT
FCV-23086,EC-VALVE-CTRL
P-23087,EC-PUMP-RECIP
COL-23088,EC-VESSEL-COL
K-23089,EC-COMPRESSOR-CENTR
FCV-23090,EC-VALVE-CTRL
FCV-23091,EC-VALVE-CTRL
PT-23092,EC-INST-PT
V-23093,EC-VESSEL-SEP
V-23094,EC-VESSEL-SEP
V-23095,EC-VESSEL-SEP
PT-23096,EC-INST-PT
LT-23097,EC-INST-LT
E-23098,EC-HEATEXCH-SHELL
E-23099,EC-HEATEXCH-SHELL
PSV-23100,EC-VALVE-RELIEF
TT-23101,EC-INST-TT
TT-23102,EC-INST-TT
P-23103,EC-PUMP-RECIP
PSV-23104,EC-VALVE-RELIEF
FT-23105,EC-INST-FT
E-23106,EC-HEATEXCH-SHELL
P-23107,EC-PUMP-CENTR
FCV-23108,EC-VALVE-CTRL
P-23109,EC-PUMP-RECIP
PT-23110,EC-INST-PT
XV-23111,EC-VALVE-ISO
XV-23112,EC-VALVE-ISO
XV-23113,EC-VALVE-ISO
LT-23114,EC-INST-LT
FCV-23115,EC-VALVE-CTRL
V-23116,EC-VESSEL-SEP
XV-23117,EC-VALVE-ISO
LT-23118,EC-INST-LT
FT-23119,EC-INST-FT
FCV-23120,EC-VALVE-CTRL
PT-23121,EC-INST-PT
P-23122,EC-PUMP-CENTR
PT-23123,EC-INST-PT
K-23124,EC-COMPRESSOR-CENTR
E-23125,EC-HEATEXCH-SHELL
PT-23126,EC-INST-PT
PT-23127,EC-INST-PT
E-23128,EC-HEATEXCH-SHELL
TT-23129,EC-INST-TT
FT-23130,EC-INST-FT
PSV-23131,EC-VALVE-RELIEF
P-23132,EC-PUMP-CENTR
FCV-23133,EC-VALVE-CTRL
E-23134,EC-HEATEXCH-SHELL
COL-23135,EC-VESSEL-COL
K-23136,EC-COMPRESSOR-CENTR
TT-23137,EC-INST-TT
P-23138,EC-PUMP-RECIP
K-23139,EC-COMPRESSOR-CENTR
P-23140,EC-PUMP-RECIP
P-23141,EC-PUMP-CENTR
COL-23142,EC-VESSEL-COL
K-23143,EC-COMPRESSOR-CENTR
K-23144,EC-COMPRESSOR-CENTR
FT-23145,EC-INST-FT
V-23146,EC-VESSEL-SEP
FT-23147,EC-INST-FT
E-23148,EC-HEATEXCH-SHELL
FCV-23149,EC-VALVE-CTRL
E-23150,EC-HEATEXCH-SHELL
TT-23151,EC-INST-TT
PSV-23152,EC-VALVE-RELIEF
FT-23153,EC-INST-FT
XV-23154,EC-VALVE-ISO
TT-23155,EC-INST-TT
PSV-23156,EC-VALVE-RELIEF
E-23157,EC-HEATEXCH-SHELL
XV-23158,EC-VALVE-ISO
PT-23159,EC-INST-PT
V-23160,EC-VESSEL-SEP
PT-23161,EC-INST-PT
TT-23162,EC-INST-TT
V-23163,EC-VESSEL-SEP
LT-23164,EC-INST-LT
V-23165,EC-VESSEL-SEP
XV-23166,EC-VALVE-ISO
FT-23167,EC-INST-FT
FT-23168,EC-INST-FT
TT-23169,EC-INST-TT
TT-23170,EC-INST-TT
V-23171,EC-VESSEL-SEP
E-23172,EC-HEATEXCH-SHELL
E-23173,EC-HEATEXCH-SHELL
PT-23174,EC-INST-PT
K-23175,EC-COMPRESSOR-CENTR
PSV-23176,EC-VALVE-RELIEF
FCV-23177,EC-VALVE-CTRL
PT-23178,EC-INST-PT
P-23179,EC-PUMP-CENTR
FCV-23180,EC-VALVE-CTRL
P-23181,EC-PUMP-RECIP
PSV-23182,EC-VALVE-RELIEF
XV-23183,EC-VALVE-ISO
PT-23184,EC-INST-PT
PT-23185,EC-INST-PT
E-23186,EC-HEATEXCH-SHELL
K-23187,EC-COMPRESSOR-CENTR
V-23188,EC-VESSEL-SEP
PT-23189,EC-INST-PT
PSV-23190,EC-VALVE-RELIEF
P-23191,EC-PUMP-CENTR
K-23192,EC-COMPRESSOR-CENTR
FCV-23193,EC-VALVE-CTRL
E-23194,EC-HEATEXCH-SHELL
K-23195,EC-COMPRESSOR-CENTR
K-23196,EC-COMPRESSOR-CENTR
COL-23197,EC-VESSEL-COL
TT-23198,EC-INST-TT
COL-23199,EC-VESSEL-COL
P-23200,EC-PUMP-CENTR
K-23201,EC-COMPRESSOR-CENTR
XV-23202,EC-VALVE-ISO
E-23203,EC-HEATEXCH-SHELL
P-23204,EC-PUMP-CENTR
XV-23205,EC-VALVE-ISO
P-23206,EC-PUMP-CENTR
E-23207,EC-HEATEXCH-SHELL
K-23208,EC-COMPRESSOR-CENTR
LT-23209,EC-INST-LT
XV-23210,EC-VALVE-ISO
P-23211,EC-PUMP-RECIP
PT-23212,EC-INST-PT
K-23213,EC-COMPRESSOR-CENTR
PSV-23214,EC-VALVE-RELIEF
PSV-23215,EC-VALVE-RELIEF
XV-23216,EC-VALVE-ISO
XV-23217,EC-VALVE-ISO
P-23218,EC-PUMP-CENTR
PT-23219,EC-INST-PT
V-23220,EC-VESSEL-SEP
V-23221,EC-VESSEL-SEP
XV-23222,EC-VALVE-ISO
PSV-23223,EC-VALVE-RELIEF
P-23224,EC-PUMP-RECIP
TT-23225,EC-INST-TT
XV-23226,EC-VALVE-ISO
V-23227,EC-VESSEL-SEP
COL-23228,EC-VESSEL-COL
E-23229,EC-HEATEXCH-SHELL
P-23230,EC-PUMP-RECIP
P-23231,EC-PUMP-RECIP
K-23232,EC-COMPRESSOR-CENTR
E-23233,EC-HEATEXCH-SHELL
K-23234,EC-COMPRESSOR-CENTR
K-23235,EC-COMPRESSOR-CENTR
COL-23236,EC-VESSEL-COL
PSV-23237,EC-VALVE-RELIEF
P-23238,EC-PUMP-CENTR
PT-23239,EC-INST-PT
TT-23240,EC-INST-TT
P-23241,EC-PUMP-RECIP
E-23242,EC-HEATEXCH-SHELL
PSV-23243,EC-VALVE-RELIEF
FT-23244,EC-INST-FT
FT-23245,EC-INST-FT
FT-23246,EC-INST-FT
COL-23247,EC-VESSEL-COL
PT-23248,EC-INST-PT
K-23249,EC-COMPRESSOR-CENTR
PT-23250,EC-INST-PT
E-23251,EC-HEATEXCH-SHELL
K-23252,EC-COMPRESSOR-CENTR
TT-23253,EC-INST-TT
E-23254,EC-HEATEXCH-SHELL
LT-23255,EC-INST-LT
PT-23256,EC-INST-PT
PSV-23257,EC-VALVE-RELIEF
COL-23258,EC-VESSEL-COL
K-23259,EC-COMPRESSOR-CENTR
PSV-23260,EC-VALVE-RELIEF
COL-23261,EC-VESSEL-COL
P-23262,EC-PUMP-CENTR
LT-23263,EC-INST-LT
V-23264,EC-VESSEL-SEP
PSV-23265,EC-VALVE-RELIEF
XV-23266,EC-VALVE-ISO
LT-23267,EC-INST-LT
PT-23268,EC-INST-PT
PT-23269,EC-INST-PT
P-23270,EC-PUMP-CENTR
XV-23271,EC-VALVE-ISO
FT-23272,EC-INST-FT
FCV-23273,EC-VALVE-CTRL
PT-23274,EC-INST-PT
FCV-23275,EC-VALVE-CTRL
PSV-23276,EC-VALVE-RELIEF
P-23277,EC-PUMP-RECIP
FT-23278,EC-INST-FT
P-23279,EC-PUMP-RECIP
PSV-23280,EC-VALVE-RELIEF
PSV-23281,EC-VALVE-RELIEF
E-23282,EC-HEATEXCH-SHELL
FCV-23283,EC-VALVE-CTRL
P-23284,EC-PUMP-CENTR
FT-23285,EC-INST-FT
PSV-23286,EC-VALVE-RELIEF
K-23287,EC-COMPRESSOR-CENTR
LT-23288,EC-INST-LT
COL-23289,EC-VESSEL-COL
P-23290,EC-PUMP-CENTR
P-23291,EC-PUMP-CENTR
E-23292,EC-HEATEXCH-SHELL
E-23293,EC-HEATEXCH-SHELL
PT-23294,EC-INST-PT
K-23295,EC-COMPRESSOR-CENTR
P-23296,EC-PUMP-RECIP
XV-23297,EC-VALVE-ISO
PSV-23298,EC-VALVE-RELIEF
K-23299,EC-COMPRESSOR-CENTR
FCV-23300,EC-VALVE-CTRL
K-23301,EC-COMPRESSOR-CENTR
V-23302,EC-VESSEL-SEP
PSV-23303,EC-VALVE-RELIEF
P-23304,EC-PUMP-RECIP
K-23305,EC-COMPRESSOR-CENTR
PT-23306,EC-INST-PT
LT-23307,EC-INST-LT
PT-23308,EC-INST-PT
E-23309,EC-HEATEXCH-SHELL
COL-23310,EC-VESSEL-COL
COL-23311,EC-VESSEL-COL
LT-23312,EC-INST-LT
V-23313,EC-VESSEL-SEP
K-23314,EC-COMPRESSOR-CENTR
P-23315,EC-PUMP-CENTR
V-23316,EC-VESSEL-SEP
P-23317,EC-PUMP-RECIP
LT-23318,EC-INST-LT
FCV-23319,EC-VALVE-CTRL
COL-23320,EC-VESSEL-COL
E-23321,EC-HEATEXCH-SHELL
FT-23322,EC-INST-FT
FCV-23323,EC-VALVE-CTRL
FCV-23324,EC-VALVE-CTRL
FCV-23325,EC-VALVE-CTRL
V-23326,EC-VESSEL-SEP
LT-23327,EC-INST-LT
FCV-23328,EC-VALVE-CTRL
K-23329,EC-COMPRESSOR-CENTR
P-23330,EC-PUMP-CENTR
TT-23331,EC-INST-TT
PT-23332,EC-INST-PT
FT-23333,EC-INST-FT
P-23334,EC-PUMP-CENTR
V-23335,EC-VESSEL-SEP
XV-23336,EC-VALVE-ISO
LT-23337,EC-INST-LT
TT-23338,EC-INST-TT
LT-23339,EC-INST-LT
V-23340,EC-VESSEL-SEP
P-23341,EC-PUMP-CENTR
TT-23342,EC-INST-TT
FCV-23343,EC-VALVE-CTRL
TT-23344,EC-INST-TT
K-23345,EC-COMPRESSOR-CENTR
FT-23346,EC-INST-FT
P-23347,EC-PUMP-RECIP
P-23348,EC-PUMP-CENTR
E-23349,EC-HEATEXCH-SHELL
FCV-23350,EC-VALVE-CTRL
XV-23351,EC-VALVE-ISO
K-23352,EC-COMPRESSOR-CENTR
PSV-23353,EC-VALVE-RELIEF
P-23354,EC-PUMP-RECIP
P-23355,EC-PUMP-RECIP
V-23356,EC-VESSEL-SEP
FT-23357,EC-INST-FT
PSV-23358,EC-VALVE-RELIEF
PT-23359,EC-INST-PT
K-23360,EC-COMPRESSOR-CENTR
V-23361,EC-VESSEL-SEP
PT-23362,EC-INST-PT
TT-23363,EC-INST-TT
PT-23364,EC-INST-PT
V-23365,EC-VESSEL-SEP
LT-23366,EC-INST-LT
LT-23367,EC-INST-LT
LT-23368,EC-INST-LT
LT-23369,EC-INST-LT
COL-23370,EC-VESSEL-COL
LT-23371,EC-INST-LT
FT-23372,EC-INST-FT
FCV-23373,EC-VALVE-CTRL
PT-23374,EC-INST-PT
COL-23375,EC-VESSEL-COL
P-23376,EC-PUMP-CENTR
PSV-23377,EC-VALVE-RELIEF
FT-23378,EC-INST-FT
XV-23379,EC-VALVE-ISO
E-23380,EC-HEATEXCH-SHELL
PT-23381,EC-INST-PT
LT-23382,EC-INST-LT
LT-23383,EC-INST-LT
PT-23384,EC-INST-PT
P-23385,EC-PUMP-RECIP
P-23386,EC-PUMP-RECIP
V-23387,EC-VESSEL-SEP
K-23388,EC-COMPRESSOR-CENTR
P-23389,EC-PUMP-CENTR
P-23390,EC-PUMP-CENTR
XV-23391,EC-VALVE-ISO
COL-23392,EC-VESSEL-COL
FT-23393,EC-INST-FT
PT-23394,EC-INST-PT
P-23395,EC-PUMP-RECIP
PSV-23396,EC-VALVE-RELIEF
XV-23397,EC-VALVE-ISO
FCV-23398,EC-VALVE-CTRL
FT-23399,EC-INST-FT
FT-23400,EC-INST-FT
P-23401,EC-PUMP-CENTR
PSV-23402,EC-VALVE-RELIEF
COL-23403,EC-VESSEL-COL
COL-23404,EC-VESSEL-COL
LT-23405,EC-INST-LT
P-23406,EC-PUMP-CENTR
PT-23407,EC-INST-PT
COL-23408,EC-VESSEL-COL
PT-23409,EC-INST-PT
K-23410,EC-COMPRESSOR-CENTR
TT-23411,EC-INST-TT
V-23412,EC-VESSEL-SEP
COL-23413,EC-VESSEL-COL
PT-23414,EC-INST-PT
P-23415,EC-PUMP-CENTR
PSV-23416,EC-VALVE-RELIEF
TT-23417,EC-INST-TT
PT-23418,EC-INST-PT
P-23419,EC-PUMP-RECIP
P-23420,EC-PUMP-RECIP
LT-23421,EC-INST-LT
K-23422,EC-COMPRESSOR-CENTR
P-23423,EC-PUMP-CENTR
COL-23424,EC-VESSEL-COL
PSV-23425,EC-VALVE-RELIEF
P-23426,EC-PUMP-RECIP
E-23427,EC-HEATEXCH-SHELL
PSV-23428,EC-VALVE-RELIEF
PT-23429,EC-INST-PT
FT-23430,EC-INST-FT
FCV-23431,EC-VALVE-CTRL
V-23432,EC-VESSEL-SEP
COL-23433,EC-VESSEL-COL
K-23434,EC-COMPRESSOR-CENTR
COL-23435,EC-VESSEL-COL
E-23436,EC-HEATEXCH-SHELL
E-23437,EC-HEATEXCH-SHELL
V-23438,EC-VESSEL-SEP
K-23439,EC-COMPRESSOR-CENTR
PSV-23440,EC-VALVE-RELIEF
TT-23441,EC-INST-TT
V-23442,EC-VESSEL-SEP
V-23443,EC-VESSEL-SEP
LT-23444,EC-INST-LT
P-23445,EC-PUMP-RECIP
XV-23446,EC-VALVE-ISO
LT-23447,EC-INST-LT
K-23448,EC-COMPRESSOR-CENTR
E-23449,EC-HEATEXCH-SHELL
E-23450,EC-HEATEXCH-SHELL
TT-23451,EC-INST-TT
TT-23452,EC-INST-TT
COL-23453,EC-VESSEL-COL
PT-23454,EC-INST-PT
TT-23455,EC-INST-TT
LT-23456,EC-INST-LT
V-23457,EC-VESSEL-SEP
XV-23458,EC-VALVE-ISO
PT-23459,EC-INST-PT
K-23460,EC-COMPRESSOR-CENTR
FT-23461,EC-INST-FT
XV-23462,EC-VALVE-ISO
K-23463,EC-COMPRESSOR-CENTR
PT-23464,EC-INST-PT
LT-23465,EC-INST-LT
LT-23466,EC-INST-LT
PSV-23467,EC-VALVE-RELIEF
V-23468,EC-VESSEL-SEP
E-23469,EC-HEATEXCH-SHELL
FCV-23470,EC-VALVE-CTRL
P-23471,EC-PUMP-RECIP
PSV-23472,EC-VALVE-RELIEF
FT-23473,EC-INST-FT
K-23474,EC-COMPRESSOR-CENTR
FCV-23475,EC-VALVE-CTRL
P-23476,EC-PUMP-CENTR
PSV-23477,EC-VALVE-RELIEF
PSV-23478,EC-VALVE-RELIEF
XV-23479,EC-VALVE-ISO
PSV-23480,EC-VALVE-RELIEF
K-23481,EC-COMPRESSOR-CENTR
COL-23482,EC-VESSEL-COL
FT-23483,EC-INST-FT
LT-23484,EC-INST-LT
PT-23485,EC-INST-PT
P-23486,EC-PUMP-RECIP
E-23487,EC-HEATEXCH-SHELL
FT-23488,EC-INST-FT
PT-23489,EC-INST-PT
XV-23490,EC-VALVE-ISO
COL-23491,EC-VESSEL-COL
V-23492,EC-VESSEL-SEP
TT-23493,EC-INST-TT
FT-23494,EC-INST-FT
PSV-23495,EC-VALVE-RELIEF
FT-23496,EC-INST-FT
COL-23497,EC-VESSEL-COL
FCV-23498,EC-VALVE-CTRL
PSV-23499,EC-VALVE-RELIEF
P-23500,EC-PUMP-CENTR
PT-23501,EC-INST-PT
E-23502,EC-HEATEXCH-SHELL
P-23503,EC-PUMP-RECIP
TT-23504,EC-INST-TT
V-23505,EC-VESSEL-SEP
PSV-23506,EC-VALVE-RELIEF
K-23507,EC-COMPRESSOR-CENTR
P-23508,EC-PUMP-CENTR
FCV-23509,EC-VALVE-CTRL
V-23510,EC-VESSEL-SEP
TT-23511,EC-INST-TT
LT-23512,EC-INST-LT
V-23513,EC-VESSEL-SEP
FCV-23514,EC-VALVE-CTRL
PT-23515,EC-INST-PT
COL-23516,EC-VESSEL-COL
FCV-23517,EC-VALVE-CTRL
PT-23518,EC-INST-PT
FT-23519,EC-INST-FT
FT-23520,EC-INST-FT
P-23521,EC-PUMP-RECIP
E-23522,EC-HEATEXCH-SHELL
LT-23523,EC-INST-LT
LT-23524,EC-INST-LT
XV-23525,EC-VALVE-ISO
FCV-23526,EC-VALVE-CTRL
FCV-23527,EC-VALVE-CTRL
COL-23528,EC-VESSEL-COL
FCV-23529,EC-VALVE-CTRL
LT-23530,EC-INST-LT
FCV-23531,EC-VALVE-CTRL
E-23532,EC-HEATEXCH-SHELL
PT-23533,EC-INST-PT
V-23534,EC-VESSEL-SEP
V-23535,EC-VESSEL-SEP
XV-23536,EC-VALVE-ISO
PSV-23537,EC-VALVE-RELIEF
PT-23538,EC-INST-PT
TT-23539,EC-INST-TT
COL-23540,EC-VESSEL-COL
FCV-23541,EC-VALVE-CTRL
FT-23542,EC-INST-FT
P-23543,EC-PUMP-RECIP
COL-23544,EC-VESSEL-COL
XV-23545,EC-VALVE-ISO
XV-23546,EC-VALVE-ISO
XV-23547,EC-VALVE-ISO
P-23548,EC-PUMP-RECIP
E-23549,EC-HEATEXCH-SHELL
P-23550,EC-PUMP-RECIP
PT-23551,EC-INST-PT
TT-23552,EC-INST-TT
PT-23553,EC-INST-PT
K-23554,EC-COMPRESSOR-CENTR
FT-23555,EC-INST-FT
FCV-23556,EC-VALVE-CTRL
PSV-23557,EC-VALVE-RELIEF
PSV-23558,EC-VALVE-RELIEF
P-23559,EC-PUMP-RECIP
E-23560,EC-HEATEXCH-SHELL
V-23561,EC-VESSEL-SEP
K-23562,EC-COMPRESSOR-CENTR
COL-23563,EC-VESSEL-COL
PSV-23564,EC-VALVE-RELIEF
XV-23565,EC-VALVE-ISO
P-23566,EC-PUMP-CENTR
FCV-23567,EC-VALVE-CTRL
K-23568,EC-COMPRESSOR-CENTR
COL-23569,EC-VESSEL-COL
XV-23570,EC-VALVE-ISO
P-23571,EC-PUMP-RECIP
TT-23572,EC-INST-TT
LT-23573,EC-INST-LT
LT-23574,EC-INST-LT
TT-23575,EC-INST-TT
E-23576,EC-HEATEXCH-SHELL
COL-23577,EC-VESSEL-COL
LT-23578,EC-INST-LT
FCV-23579,EC-VALVE-CTRL
LT-23580,EC-INST-LT
PSV-23581,EC-VALVE-RELIEF
PT-23582,EC-INST-PT
LT-23583,EC-INST-LT
P-23584,EC-PUMP-RECIP
PT-23585,EC-INST-PT
FCV-23586,EC-VALVE-CTRL
TT-23587,EC-INST-TT
TT-23588,EC-INST-TT
P-23589,EC-PUMP-RECIP
E-23590,EC-HEATEXCH-SHELL
LT-23591,EC-INST-LT
K-23592,EC-COMPRESSOR-CENTR
TT-23593,EC-INST-TT
FT-23594,EC-INST-FT
XV-23595,EC-VALVE-ISO
K-23596,EC-COMPRESSOR-CENTR
E-23597,EC-HEATEXCH-SHELL
XV-23598,EC-VALVE-ISO
P-23599,EC-PUMP-RECIP
LT-23600,EC-INST-LT
XV-23601,EC-VALVE-ISO
FCV-23602,EC-VALVE-CTRL
PSV-23603,EC-VALVE-RELIEF
K-23604,EC-COMPRESSOR-CENTR
FCV-23605,EC-VALVE-CTRL
P-23606,EC-PUMP-RECIP
COL-23607,EC-VESSEL-COL
XV-23608,EC-VALVE-ISO
FCV-23609,EC-VALVE-CTRL
P-23610,EC-PUMP-RECIP
P-23611,EC-PUMP-CENTR
FT-23612,EC-INST-FT
LT-23613,EC-INST-LT
XV-23614,EC-VALVE-ISO
K-23615,EC-COMPRESSOR-CENTR
TT-23616,EC-INST-TT
V-23617,EC-VESSEL-SEP
P-23618,EC-PUMP-CENTR
P-23619,EC-PUMP-CENTR
PT-23620,EC-INST-PT
TT-23621,EC-INST-TT
FCV-23622,EC-VALVE-CTRL
LT-23623,EC-INST-LT
FT-23624,EC-INST-FT
TT-23625,EC-INST-TT
PSV-23626,EC-VALVE-RELIEF
P-23627,EC-PUMP-RECIP
LT-23628,EC-INST-LT
FT-23629,EC-INST-FT
XV-23630,EC-VALVE-ISO
FCV-23631,EC-VALVE-CTRL
LT-23632,EC-INST-LT
K-23633,EC-COMPRESSOR-CENTR
TT-23634,EC-INST-TT
P-23635,EC-PUMP-CENTR
PSV-23636,EC-VALVE-RELIEF
P-23637,EC-PUMP-CENTR
V-23638,EC-VESSEL-SEP
PT-23639,EC-INST-PT
COL-23640,EC-VESSEL-COL
PSV-23641,EC-VALVE-RELIEF
FT-23642,EC-INST-FT
P-23643,EC-PUMP-CENTR
TT-23644,EC-INST-TT
K-23645,EC-COMPRESSOR-CENTR
E-23646,EC-HEATEXCH-SHELL
E-23647,EC-HEATEXCH-SHELL
P-23648,EC-PUMP-RECIP
PSV-23649,EC-VALVE-RELIEF
LT-23650,EC-INST-LT
TT-23651,EC-INST-TT
FCV-23652,EC-VALVE-CTRL
PT-23653,EC-INST-PT
TT-23654,EC-INST-TT
V-23655,EC-VESSEL-SEP
TT-23656,EC-INST-TT
COL-23657,EC-VESSEL-COL
E-23658,EC-HEATEXCH-SHELL
K-23659,EC-COMPRESSOR-CENTR
COL-23660,EC-VESSEL-COL
PSV-23661,EC-VALVE-RELIEF
LT-23662,EC-INST-LT
K-23663,EC-COMPRESSOR-CENTR
FT-23664,EC-INST-FT
P-23665,EC-PUMP-CENTR
PSV-23666,EC-VALVE-RELIEF
E-23667,EC-HEATEXCH-SHELL
PT-23668,EC-INST-PT
P-23669,EC-PUMP-CENTR
E-23670,EC-HEATEXCH-SHELL
XV-23671,EC-VALVE-ISO
PSV-23672,EC-VALVE-RELIEF
V-23673,EC-VESSEL-SEP
PT-23674,EC-INST-PT
COL-23675,EC-VESSEL-COL
FT-23676,EC-INST-FT
V-23677,EC-VESSEL-SEP
XV-23678,EC-VALVE-ISO
FCV-23679,EC-VALVE-CTRL
TT-23680,EC-INST-TT
COL-23681,EC-VESSEL-COL
V-23682,EC-VESSEL-SEP
PSV-23683,EC-VALVE-RELIEF
COL-23684,EC-VESSEL-COL
XV-23685,EC-VALVE-ISO
PT-23686,EC-INST-PT
K-23687,EC-COMPRESSOR-CENTR
FCV-23688,EC-VALVE-CTRL
P-23689,EC-PUMP-RECIP
FCV-23690,EC-VALVE-CTRL
COL-23691,EC-VESSEL-COL
P-23692,EC-PUMP-CENTR
FT-23693,EC-INST-FT
XV-23694,EC-VALVE-ISO
COL-23695,EC-VESSEL-COL
PT-23696,EC-INST-PT
LT-23697,EC-INST-LT
PT-23698,EC-INST-PT
PSV-23699,EC-VALVE-RELIEF
PT-23700,EC-INST-PT
FT-23701,EC-INST-FT
P-23702,EC-PUMP-RECIP
PT-23703,EC-INST-PT
P-23704,EC-PUMP-RECIP
COL-23705,EC-VESSEL-COL
PT-23706,EC-INST-PT
V-23707,EC-VESSEL-SEP
TT-23708,EC-INST-TT
PT-23709,EC-INST-PT
FCV-23710,EC-VALVE-CTRL
XV-23711,EC-VALVE-ISO
PSV-23712,EC-VALVE-RELIEF
PT-23713,EC-INST-PT
V-23714,EC-VESSEL-SEP
TT-23715,EC-INST-TT
TT-23716,EC-INST-TT
E-23717,EC-HEATEXCH-SHELL
FT-23718,EC-INST-FT
XV-23719,EC-VALVE-ISO
E-23720,EC-HEATEXCH-SHELL
V-23721,EC-VESSEL-SEP
PT-23722,EC-INST-PT
TT-23723,EC-INST-TT
TT-23724,EC-INST-TT
XV-23725,EC-VALVE-ISO
V-23726,EC-VESSEL-SEP
P-23727,EC-PUMP-RECIP
COL-23728,EC-VESSEL-COL
TT-23729,EC-INST-TT
K-23730,EC-COMPRESSOR-CENTR
LT-23731,EC-INST-LT
COL-23732,EC-VESSEL-COL
PSV-23733,EC-VALVE-RELIEF
P-23734,EC-PUMP-RECIP
FCV-23735,EC-VALVE-CTRL
PSV-23736,EC-VALVE-RELIEF
FCV-23737,EC-VALVE-CTRL
COL-23738,EC-VESSEL-COL
COL-23739,EC-VESSEL-COL
E-23740,EC-HEATEXCH-SHELL
FCV-23741,EC-VALVE-CTRL
LT-23742,EC-INST-LT
V-23743,EC-VESSEL-SEP
PSV-23744,EC-VALVE-RELIEF
XV-23745,EC-VALVE-ISO
E-23746,EC-HEATEXCH-SHELL
FCV-23747,EC-VALVE-CTRL
P-23748,EC-PUMP-RECIP
LT-23749,EC-INST-LT
P-23750,EC-PUMP-RECIP
P-23751,EC-PUMP-CENTR
TT-23752,EC-INST-TT
LT-23753,EC-INST-LT
FT-23754,EC-INST-FT
V-23755,EC-VESSEL-SEP
PT-23756,EC-INST-PT
K-23757,EC-COMPRESSOR-CENTR
FCV-23758,EC-VALVE-CTRL
FCV-23759,EC-VALVE-CTRL
FT-23760,EC-INST-FT
TT-23761,EC-INST-TT
TT-23762,EC-INST-TT
PT-23763,EC-INST-PT
P-23764,EC-PUMP-RECIP
PT-23765,EC-INST-PT
V-23766,EC-VESSEL-SEP
P-23767,EC-PUMP-CENTR
P-23768,EC-PUMP-CENTR
TT-23769,EC-INST-TT
K-23770,EC-COMPRESSOR-CENTR
PT-23771,EC-INST-PT
E-23772,EC-HEATEXCH-SHELL
PSV-23773,EC-VALVE-RELIEF
FCV-23774,EC-VALVE-CTRL
XV-23775,EC-VALVE-ISO
P-23776,EC-PUMP-RECIP
PT-23777,EC-INST-PT
COL-23778,EC-VESSEL-COL
P-23779,EC-PUMP-CENTR
PT-23780,EC-INST-PT
V-23781,EC-VESSEL-SEP
V-23782,EC-VESSEL-SEP
E-23783,EC-HEATEXCH-SHELL
XV-23784,EC-VALVE-ISO
PT-23785,EC-INST-PT
PSV-23786,EC-VALVE-RELIEF
LT-23787,EC-INST-LT
P-23788,EC-PUMP-RECIP
LT-23789,EC-INST-LT
COL-23790,EC-VESSEL-COL
LT-23791,EC-INST-LT
FCV-23792,EC-VALVE-CTRL
XV-23793,EC-VALVE-ISO
E-23794,EC-HEATEXCH-SHELL
V-23795,EC-VESSEL-SEP
FT-23796,EC-INST-FT
LT-23797,EC-INST-LT
LT-23798,EC-INST-LT
XV-23799,EC-VALVE-ISO
P-23800,EC-PUMP-CENTR
PSV-23801,EC-VALVE-RELIEF
V-23802,EC-VESSEL-SEP
COL-23803,EC-VESSEL-COL
PT-23804,EC-INST-PT
LT-23805,EC-INST-LT
P-23806,EC-PUMP-CENTR
PSV-23807,EC-VALVE-RELIEF
K-23808,EC-COMPRESSOR-CENTR
E-23809,EC-HEATEXCH-SHELL
P-23810,EC-PUMP-RECIP
P-23811,EC-PUMP-CENTR
V-23812,EC-VESSEL-SEP
FT-23813,EC-INST-FT
COL-23814,EC-VESSEL-COL
FCV-23815,EC-VALVE-CTRL
P-23816,EC-PUMP-CENTR
FCV-23817,EC-VALVE-CTRL
LT-23818,EC-INST-LT
P-23819,EC-PUMP-RECIP
COL-23820,EC-VESSEL-COL
P-23821,EC-PUMP-RECIP
COL-23822,EC-VESSEL-COL
K-23823,EC-COMPRESSOR-CENTR
TT-23824,EC-INST-TT
P-23825,EC-PUMP-CENTR
PSV-23826,EC-VALVE-RELIEF
FT-23827,EC-INST-FT
LT-23828,EC-INST-LT
XV-23829,EC-VALVE-ISO
K-23830,EC-COMPRESSOR-CENTR
COL-23831,EC-VESSEL-COL
P-23832,EC-PUMP-CENTR
P-23833,EC-PUMP-RECIP
FT-23834,EC-INST-FT
PSV-23835,EC-VALVE-RELIEF
P-23836,EC-PUMP-CENTR
PSV-23837,EC-VALVE-RELIEF
K-23838,EC-COMPRESSOR-CENTR
TT-23839,EC-INST-TT
K-23840,EC-COMPRESSOR-CENTR
P-23841,EC-PUMP-RECIP
LT-23842,EC-INST-LT
V-23843,EC-VESSEL-SEP
E-23844,EC-HEATEXCH-SHELL
COL-23845,EC-VESSEL-COL
P-23846,EC-PUMP-RECIP
TT-23847,EC-INST-TT
P-23848,EC-PUMP-CENTR
P-23849,EC-PUMP-RECIP
LT-23850,EC-INST-LT
FT-23851,EC-INST-FT
XV-23852,EC-VALVE-ISO
PT-23853,EC-INST-PT
XV-23854,EC-VALVE-ISO
P-23855,EC-PUMP-CENTR
TT-23856,EC-INST-TT
P-23857,EC-PUMP-RECIP
P-23858,EC-PUMP-RECIP
V-23859,EC-VESSEL-SEP
K-23860,EC-COMPRESSOR-CENTR
K-23861,EC-COMPRESSOR-CENTR
P-23862,EC-PUMP-RECIP
V-23863,EC-VESSEL-SEP
V-23864,EC-VESSEL-SEP
XV-23865,EC-VALVE-ISO
FCV-23866,EC-VALVE-CTRL
COL-23867,EC-VESSEL-COL
P-23868,EC-PUMP-RECIP
K-23869,EC-COMPRESSOR-CENTR
LT-23870,EC-INST-LT
COL-23871,EC-VESSEL-COL
COL-23872,EC-VESSEL-COL
FCV-23873,EC-VALVE-CTRL
E-23874,EC-HEATEXCH-SHELL
TT-23875,EC-INST-TT
PT-23876,EC-INST-PT
TT-23877,EC-INST-TT
FT-23878,EC-INST-FT
PSV-23879,EC-VALVE-RELIEF
FT-23880,EC-INST-FT
P-23881,EC-PUMP-CENTR
P-23882,EC-PUMP-RECIP
V-23883,EC-VESSEL-SEP
E-23884,EC-HEATEXCH-SHELL
P-23885,EC-PUMP-RECIP
TT-23886,EC-INST-TT
PT-23887,EC-INST-PT
LT-23888,EC-INST-LT
E-23889,EC-HEATEXCH-SHELL
FCV-23890,EC-VALVE-CTRL
TT-23891,EC-INST-TT
LT-23892,EC-INST-LT
K-23893,EC-COMPRESSOR-CENTR
P-23894,EC-PUMP-CENTR
PT-23895,EC-INST-PT
P-23896,EC-PUMP-CENTR
COL-23897,EC-VESSEL-COL
P-23898,EC-PUMP-CENTR
V-23899,EC-VESSEL-SEP
FCV-23900,EC-VALVE-CTRL
XV-23901,EC-VALVE-ISO
TT-23902,EC-INST-TT
XV-23903,EC-VALVE-ISO
PT-23904,EC-INST-PT
COL-23905,EC-VESSEL-COL
FCV-23906,EC-VALVE-CTRL
E-23907,EC-HEATEXCH-SHELL
P-23908,EC-PUMP-CENTR
P-23909,EC-PUMP-CENTR
XV-23910,EC-VALVE-ISO
FT-23911,EC-INST-FT
COL-23912,EC-VESSEL-COL
XV-23913,EC-VALVE-ISO
K-23914,EC-COMPRESSOR-CENTR
P-23915,EC-PUMP-CENTR
XV-23916,EC-VALVE-ISO
E-23917,EC-HEATEXCH-SHELL
TT-23918,EC-INST-TT
FCV-23919,EC-VALVE-CTRL
PT-23920,EC-INST-PT
K-23921,EC-COMPRESSOR-CENTR
K-23922,EC-COMPRESSOR-CENTR
K-23923,EC-COMPRESSOR-CENTR
PT-23924,EC-INST-PT
K-23925,EC-COMPRESSOR-CENTR
PSV-23926,EC-VALVE-RELIEF
TT-23927,EC-INST-TT
TT-23928,EC-INST-TT
COL-23929,EC-VESSEL-COL
PT-23930,EC-INST-PT
XV-23931,EC-VALVE-ISO
PSV-23932,EC-VALVE-RELIEF
FT-23933,EC-INST-FT
E-23934,EC-HEATEXCH-SHELL
TT-23935,EC-INST-TT
K-23936,EC-COMPRESSOR-CENTR
E-23937,EC-HEATEXCH-SHELL
FT-23938,EC-INST-FT
TT-23939,EC-INST-TT
XV-23940,EC-VALVE-ISO
COL-23941,EC-VESSEL-COL
LT-23942,EC-INST-LT
XV-23943,EC-VALVE-ISO
E-23944,EC-HEATEXCH-SHELL
P-23945,EC-PUMP-CENTR
LT-23946,EC-INST-LT
XV-23947,EC-VALVE-ISO
FCV-23948,EC-VALVE-CTRL
COL-23949,EC-VESSEL-COL
PSV-23950,EC-VALVE-RELIEF
PT-23951,EC-INST-PT
PSV-23952,EC-VALVE-RELIEF
V-23953,EC-VESSEL-SEP
XV-23954,EC-VALVE-ISO
PSV-23955,EC-VALVE-RELIEF
COL-23956,EC-VESSEL-COL
XV-23957,EC-VALVE-ISO
COL-23958,EC-VESSEL-COL
LT-23959,EC-INST-LT
PSV-23960,EC-VALVE-RELIEF
FT-23961,EC-INST-FT
FT-23962,EC-INST-FT
COL-23963,EC-VESSEL-COL
TT-23964,EC-INST-TT
P-23965,EC-PUMP-RECIP
PSV-23966,EC-VALVE-RELIEF
P-23967,EC-PUMP-RECIP
FCV-23968,EC-VALVE-CTRL
PT-23969,EC-INST-PT
FT-23970,EC-INST-FT
TT-23971,EC-INST-TT
PT-23972,EC-INST-PT
P-23973,EC-PUMP-CENTR
V-23974,EC-VESSEL-SEP
FT-23975,EC-INST-FT
XV-23976,EC-VALVE-ISO
FT-23977,EC-INST-FT
P-23978,EC-PUMP-CENTR
V-23979,EC-VESSEL-SEP
FCV-23980,EC-VALVE-CTRL
LT-23981,EC-INST-LT
PT-23982,EC-INST-PT
P-23983,EC-PUMP-RECIP
PSV-23984,EC-VALVE-RELIEF
E-23985,EC-HEATEXCH-SHELL
P-23986,EC-PUMP-CENTR
XV-23987,EC-VALVE-ISO
XV-23988,EC-VALVE-ISO
COL-23989,EC-VESSEL-COL
P-23990,EC-PUMP-RECIP
P-23991,EC-PUMP-RECIP
K-23992,EC-COMPRESSOR-CENTR
LT-23993,EC-INST-LT
P-23994,EC-PUMP-RECIP
FCV-23995,EC-VALVE-CTRL
TT-23996,EC-INST-TT
PSV-23997,EC-VALVE-RELIEF
V-23998,EC-VESSEL-SEP
XV-23999,EC-VALVE-ISO
E-24000,EC-HEATEXCH-SHELL
PT-24001,EC-INST-PT
TT-24002,EC-INST-TT
E-24003,EC-HEATEXCH-SHELL
K-24004,EC-COMPRESSOR-CENTR
PT-24005,EC-INST-PT
E-24006,EC-HEATEXCH-SHELL
FT-24007,EC-INST-FT
TT-24008,EC-INST-TT
E-24009,EC-HEATEXCH-SHELL
V-24010,EC-VESSEL-SEP
FT-24011,EC-INST-FT
P-24012,EC-PUMP-CENTR
E-24013,EC-HEATEXCH-SHELL
FCV-24014,EC-VALVE-CTRL
PSV-24015,EC-VALVE-RELIEF
COL-24016,EC-VESSEL-COL
PT-24017,EC-INST-PT
PT-24018,EC-INST-PT
V-24019,EC-VESSEL-SEP
LT-24020,EC-INST-LT
V-24021,EC-VESSEL-SEP
FT-24022,EC-INST-FT
PT-24023,EC-INST-PT
LT-24024,EC-INST-LT
V-24025,EC-VESSEL-SEP
FT-24026,EC-INST-FT
TT-24027,EC-INST-TT
FT-24028,EC-INST-FT
PT-24029,EC-INST-PT
PT-24030,EC-INST-PT
COL-24031,EC-VESSEL-COL
XV-24032,EC-VALVE-ISO
FT-24033,EC-INST-FT
K-24034,EC-COMPRESSOR-CENTR
PSV-24035,EC-VALVE-RELIEF
TT-24036,EC-INST-TT
COL-24037,EC-VESSEL-COL
PSV-24038,EC-VALVE-RELIEF
TT-24039,EC-INST-TT
V-24040,EC-VESSEL-SEP
P-24041,EC-PUMP-RECIP
PT-24042,EC-INST-PT
K-24043,EC-COMPRESSOR-CENTR
V-24044,EC-VESSEL-SEP
TT-24045,EC-INST-TT
FT-24046,EC-INST-FT
E-24047,EC-HEATEXCH-SHELL
P-24048,EC-PUMP-CENTR
E-24049,EC-HEATEXCH-SHELL
K-24050,EC-COMPRESSOR-CENTR
P-24051,EC-PUMP-RECIP
E-24052,EC-HEATEXCH-SHELL
K-24053,EC-COMPRESSOR-CENTR
E-24054,EC-HEATEXCH-SHELL
PSV-24055,EC-VALVE-RELIEF
K-24056,EC-COMPRESSOR-CENTR
TT-24057,EC-INST-TT
K-24058,EC-COMPRESSOR-CENTR
LT-24059,EC-INST-LT
LT-24060,EC-INST-LT
P-24061,EC-PUMP-CENTR
XV-24062,EC-VALVE-ISO
PSV-24063,EC-VALVE-RELIEF
COL-24064,EC-VESSEL-COL
PT-24065,EC-INST-PT
E-24066,EC-HEATEXCH-SHELL
FCV-24067,EC-VALVE-CTRL
TT-24068,EC-INST-TT
E-24069,EC-HEATEXCH-SHELL
P-24070,EC-PUMP-RECIP
XV-24071,EC-VALVE-ISO
P-24072,EC-PUMP-CENTR
P-24073,EC-PUMP-RECIP
PT-24074,EC-INST-PT
PT-24075,EC-INST-PT
FCV-24076,EC-VALVE-CTRL
TT-24077,EC-INST-TT
XV-24078,EC-VALVE-ISO
FT-24079,EC-INST-FT
V-24080,EC-VESSEL-SEP
TT-24081,EC-INST-TT
PSV-24082,EC-VALVE-RELIEF
E-24083,EC-HEATEXCH-SHELL
FT-24084,EC-INST-FT
PT-24085,EC-INST-PT
P-24086,EC-PUMP-CENTR
FCV-24087,EC-VALVE-CTRL
FT-24088,EC-INST-FT
XV-24089,EC-VALVE-ISO
FT-24090,EC-INST-FT
PSV-24091,EC-VALVE-RELIEF
XV-24092,EC-VALVE-ISO
FT-24093,EC-INST-FT
COL-24094,EC-VESSEL-COL
PT-24095,EC-INST-PT
COL-24096,EC-VESSEL-COL
P-24097,EC-PUMP-RECIP
LT-24098,EC-INST-LT
FT-24099,EC-INST-FT
COL-24100,EC-VESSEL-COL
XV-24101,EC-VALVE-ISO
TT-24102,EC-INST-TT
E-24103,EC-HEATEXCH-SHELL
V-24104,EC-VESSEL-SEP
K-24105,EC-COMPRESSOR-CENTR
LT-24106,EC-INST-LT
P-24107,EC-PUMP-RECIP
P-24108,EC-PUMP-CENTR
P-24109,EC-PUMP-RECIP
PT-24110,EC-INST-PT
FT-24111,EC-INST-FT
P-24112,EC-PUMP-RECIP
P-24113,EC-PUMP-RECIP
PT-24114,EC-INST-PT
PT-24115,EC-INST-PT
COL-24116,EC-VESSEL-COL
PT-24117,EC-INST-PT
PSV-24118,EC-VALVE-RELIEF
FT-24119,EC-INST-FT
COL-24120,EC-VESSEL-COL
E-24121,EC-HEATEXCH-SHELL
FT-24122,EC-INST-FT
TT-24123,EC-INST-TT
K-24124,EC-COMPRESSOR-CENTR
V-24125,EC-VESSEL-SEP
PT-24126,EC-INST-PT
XV-24127,EC-VALVE-ISO
V-24128,EC-VESSEL-SEP
PSV-24129,EC-VALVE-RELIEF
PSV-24130,EC-VALVE-RELIEF
PSV-24131,EC-VALVE-RELIEF
FT-24132,EC-INST-FT
FCV-24133,EC-VALVE-CTRL
E-24134,EC-HEATEXCH-SHELL
FCV-24135,EC-VALVE-CTRL
V-24136,EC-VESSEL-SEP
V-24137,EC-VESSEL-SEP
K-24138,EC-COMPRESSOR-CENTR
TT-24139,EC-INST-TT
FCV-24140,EC-VALVE-CTRL
V-24141,EC-VESSEL-SEP
XV-24142,EC-VALVE-ISO
P-24143,EC-PUMP-RECIP
E-24144,EC-HEATEXCH-SHELL
P-24145,EC-PUMP-CENTR
P-24146,EC-PUMP-RECIP
E-24147,EC-HEATEXCH-SHELL
E-24148,EC-HEATEXCH-SHELL
LT-24149,EC-INST-LT
LT-24150,EC-INST-LT
V-24151,EC-VESSEL-SEP
PSV-24152,EC-VALVE-RELIEF
FCV-24153,EC-VALVE-CTRL
PT-24154,EC-INST-PT
COL-24155,EC-VESSEL-COL
TT-24156,EC-INST-TT
XV-24157,EC-VALVE-ISO
TT-24158,EC-INST-TT
E-24159,EC-HEATEXCH-SHELL
E-24160,EC-HEATEXCH-SHELL
P-24161,EC-PUMP-RECIP
P-24162,EC-PUMP-CENTR
K-24163,EC-COMPRESSOR-CENTR
P-24164,EC-PUMP-CENTR
XV-24165,EC-VALVE-ISO
E-24166,EC-HEATEXCH-SHELL
P-24167,EC-PUMP-RECIP
E-24168,EC-HEATEXCH-SHELL
V-24169,EC-VESSEL-SEP
P-24170,EC-PUMP-CENTR
P-24171,EC-PUMP-CENTR
FCV-24172,EC-VALVE-CTRL
P-24173,EC-PUMP-CENTR
P-24174,EC-PUMP-RECIP
TT-24175,EC-INST-TT
FCV-24176,EC-VALVE-CTRL
P-24177,EC-PUMP-CENTR
FCV-24178,EC-VALVE-CTRL
V-24179,EC-VESSEL-SEP
TT-24180,EC-INST-TT
FCV-24181,EC-VALVE-CTRL
XV-24182,EC-VALVE-ISO
TT-24183,EC-INST-TT
TT-24184,EC-INST-TT
FT-24185,EC-INST-FT
E-24186,EC-HEATEXCH-SHELL
TT-24187,EC-INST-TT
PSV-24188,EC-VALVE-RELIEF
XV-24189,EC-VALVE-ISO
FCV-24190,EC-VALVE-CTRL
FCV-24191,EC-VALVE-CTRL
COL-24192,EC-VESSEL-COL
PT-24193,EC-INST-PT
P-24194,EC-PUMP-RECIP
COL-24195,EC-VESSEL-COL
PT-24196,EC-INST-PT
TT-24197,EC-INST-TT
E-24198,EC-HEATEXCH-SHELL
P-24199,EC-PUMP-CENTR
E-24200,EC-HEATEXCH-SHELL
E-24201,EC-HEATEXCH-SHELL
COL-24202,EC-VESSEL-COL
V-24203,EC-VESSEL-SEP
PT-24204,EC-INST-PT
FCV-24205,EC-VALVE-CTRL
COL-24206,EC-VESSEL-COL
XV-24207,EC-VALVE-ISO
P-24208,EC-PUMP-RECIP
K-24209,EC-COMPRESSOR-CENTR
LT-24210,EC-INST-LT
XV-24211,EC-VALVE-ISO
FCV-24212,EC-VALVE-CTRL
TT-24213,EC-INST-TT
E-24214,EC-HEATEXCH-SHELL
E-24215,EC-HEATEXCH-SHELL
FCV-24216,EC-VALVE-CTRL
E-24217,EC-HEATEXCH-SHELL
PT-24218,EC-INST-PT
LT-24219,EC-INST-LT
COL-24220,EC-VESSEL-COL
PSV-24221,EC-VALVE-RELIEF
TT-24222,EC-INST-TT
PT-24223,EC-INST-PT
FT-24224,EC-INST-FT
PSV-24225,EC-VALVE-RELIEF
XV-24226,EC-VALVE-ISO
FT-24227,EC-INST-FT
COL-24228,EC-VESSEL-COL
P-24229,EC-PUMP-RECIP
P-24230,EC-PUMP-CENTR
P-24231,EC-PUMP-RECIP
PSV-24232,EC-VALVE-RELIEF
XV-24233,EC-VALVE-ISO
P-24234,EC-PUMP-RECIP
V-24235,EC-VESSEL-SEP
PSV-24236,EC-VALVE-RELIEF
K-24237,EC-COMPRESSOR-CENTR
E-24238,EC-HEATEXCH-SHELL
TT-24239,EC-INST-TT
E-24240,EC-HEATEXCH-SHELL
P-24241,EC-PUMP-RECIP
PT-24242,EC-INST-PT
XV-24243,EC-VALVE-ISO
PT-24244,EC-INST-PT
E-24245,EC-HEATEXCH-SHELL
V-24246,EC-VESSEL-SEP
P-24247,EC-PUMP-CENTR
PT-24248,EC-INST-PT
LT-24249,EC-INST-LT
FT-24250,EC-INST-FT
FCV-24251,EC-VALVE-CTRL
PSV-24252,EC-VALVE-RELIEF
V-24253,EC-VESSEL-SEP
V-24254,EC-VESSEL-SEP
FT-24255,EC-INST-FT
P-24256,EC-PUMP-CENTR
K-24257,EC-COMPRESSOR-CENTR
K-24258,EC-COMPRESSOR-CENTR
V-24259,EC-VESSEL-SEP
TT-24260,EC-INST-TT
K-24261,EC-COMPRESSOR-CENTR
K-24262,EC-COMPRESSOR-CENTR
PT-24263,EC-INST-PT
V-24264,EC-VESSEL-SEP
PSV-24265,EC-VALVE-RELIEF
LT-24266,EC-INST-LT
XV-24267,EC-VALVE-ISO
FT-24268,EC-INST-FT
XV-24269,EC-VALVE-ISO
FCV-24270,EC-VALVE-CTRL
PT-24271,EC-INST-PT
PSV-24272,EC-VALVE-RELIEF
K-24273,EC-COMPRESSOR-CENTR
P-24274,EC-PUMP-RECIP
P-24275,EC-PUMP-CENTR
FT-24276,EC-INST-FT
K-24277,EC-COMPRESSOR-CENTR
COL-24278,EC-VESSEL-COL
FCV-24279,EC-VALVE-CTRL
K-24280,EC-COMPRESSOR-CENTR
PSV-24281,EC-VALVE-RELIEF
FCV-24282,EC-VALVE-CTRL
E-24283,EC-HEATEXCH-SHELL
COL-24284,EC-VESSEL-COL
FCV-24285,EC-VALVE-CTRL
E-24286,EC-HEATEXCH-SHELL
P-24287,EC-PUMP-CENTR
V-24288,EC-VESSEL-SEP
V-24289,EC-VESSEL-SEP
P-24290,EC-PUMP-RECIP
PT-24291,EC-INST-PT
PSV-24292,EC-VALVE-RELIEF
K-24293,EC-COMPRESSOR-CENTR
LT-24294,EC-INST-LT
PT-24295,EC-INST-PT
TT-24296,EC-INST-TT
V-24297,EC-VESSEL-SEP
K-24298,EC-COMPRESSOR-CENTR
V-24299,EC-VESSEL-SEP
E-24300,EC-HEATEXCH-SHELL
PSV-24301,EC-VALVE-RELIEF
E-24302,EC-HEATEXCH-SHELL
V-24303,EC-VESSEL-SEP
PSV-24304,EC-VALVE-RELIEF
FT-24305,EC-INST-FT
LT-24306,EC-INST-LT
TT-24307,EC-INST-TT
TT-24308,EC-INST-TT
P-24309,EC-PUMP-RECIP
LT-24310,EC-INST-LT
FT-24311,EC-INST-FT
PT-24312,EC-INST-PT
TT-24313,EC-INST-TT
P-24314,EC-PUMP-RECIP
XV-24315,EC-VALVE-ISO
PT-24316,EC-INST-PT
K-24317,EC-COMPRESSOR-CENTR
TT-24318,EC-INST-TT
V-24319,EC-VESSEL-SEP
E-24320,EC-HEATEXCH-SHELL
E-24321,EC-HEATEXCH-SHELL
XV-24322,EC-VALVE-ISO
XV-24323,EC-VALVE-ISO
FT-24324,EC-INST-FT
P-24325,EC-PUMP-RECIP
V-24326,EC-VESSEL-SEP
V-24327,EC-VESSEL-SEP
FCV-24328,EC-VALVE-CTRL
P-24329,EC-PUMP-RECIP
P-24330,EC-PUMP-CENTR
FT-24331,EC-INST-FT
PSV-24332,EC-VALVE-RELIEF
FT-24333,EC-INST-FT
E-24334,EC-HEATEXCH-SHELL
FCV-24335,EC-VALVE-CTRL
P-24336,EC-PUMP-CENTR
PSV-24337,EC-VALVE-RELIEF
P-24338,EC-PUMP-RECIP
FT-24339,EC-INST-FT
E-24340,EC-HEATEXCH-SHELL
FT-24341,EC-INST-FT
P-24342,EC-PUMP-RECIP
P-24343,EC-PUMP-RECIP
XV-24344,EC-VALVE-ISO
LT-24345,EC-INST-LT
XV-24346,EC-VALVE-ISO
PT-24347,EC-INST-PT
P-24348,EC-PUMP-RECIP
E-24349,EC-HEATEXCH-SHELL
XV-24350,EC-VALVE-ISO
PT-24351,EC-INST-PT
XV-24352,EC-VALVE-ISO
TT-24353,EC-INST-TT
E-24354,EC-HEATEXCH-SHELL
PT-24355,EC-INST-PT
PSV-24356,EC-VALVE-RELIEF
TT-24357,EC-INST-TT
V-24358,EC-VESSEL-SEP
LT-24359,EC-INST-LT
P-24360,EC-PUMP-CENTR
FCV-24361,EC-VALVE-CTRL
PT-24362,EC-INST-PT
TT-24363,EC-INST-TT
E-24364,EC-HEATEXCH-SHELL
K-24365,EC-COMPRESSOR-CENTR
LT-24366,EC-INST-LT
K-24367,EC-COMPRESSOR-CENTR
PT-24368,EC-INST-PT
PSV-24369,EC-VALVE-RELIEF
E-24370,EC-HEATEXCH-SHELL
V-24371,EC-VESSEL-SEP
P-24372,EC-PUMP-RECIP
P-24373,EC-PUMP-CENTR
LT-24374,EC-INST-LT
COL-24375,EC-VESSEL-COL
P-24376,EC-PUMP-CENTR
K-24377,EC-COMPRESSOR-CENTR
P-24378,EC-PUMP-RECIP
FT-24379,EC-INST-FT
P-24380,EC-PUMP-CENTR
V-24381,EC-VESSEL-SEP
COL-24382,EC-VESSEL-COL
PSV-24383,EC-VALVE-RELIEF
FCV-24384,EC-VALVE-CTRL
PSV-24385,EC-VALVE-RELIEF
P-24386,EC-PUMP-CENTR
COL-24387,EC-VESSEL-COL
P-24388,EC-PUMP-RECIP
COL-24389,EC-VESSEL-COL
PT-24390,EC-INST-PT
XV-24391,EC-VALVE-ISO
COL-24392,EC-VESSEL-COL
E-24393,EC-HEATEXCH-SHELL
PT-24394,EC-INST-PT
FCV-24395,EC-VALVE-CTRL
E-24396,EC-HEATEXCH-SHELL
FCV-24397,EC-VALVE-CTRL
XV-24398,EC-VALVE-ISO
K-24399,EC-COMPRESSOR-CENTR
XV-24400,EC-VALVE-ISO
PT-24401,EC-INST-PT
V-24402,EC-VESSEL-SEP
FCV-24403,EC-VALVE-CTRL
PSV-24404,EC-VALVE-RELIEF
LT-24405,EC-INST-LT
FCV-24406,EC-VALVE-CTRL
E-24407,EC-HEATEXCH-SHELL
TT-24408,EC-INST-TT
LT-24409,EC-INST-LT
XV-24410,EC-VALVE-ISO
PSV-24411,EC-VALVE-RELIEF
FCV-24412,EC-VALVE-CTRL
PT-24413,EC-INST-PT
E-24414,EC-HEATEXCH-SHELL
V-24415,EC-VESSEL-SEP
P-24416,EC-PUMP-CENTR
E-24417,EC-HEATEXCH-SHELL
FCV-24418,EC-VALVE-CTRL
XV-24419,EC-VALVE-ISO
P-24420,EC-PUMP-RECIP
P-24421,EC-PUMP-CENTR
V-24422,EC-VESSEL-SEP
P-24423,EC-PUMP-CENTR
E-24424,EC-HEATEXCH-SHELL
LT-24425,EC-INST-LT
K-24426,EC-COMPRESSOR-CENTR
PSV-24427,EC-VALVE-RELIEF
COL-24428,EC-VESSEL-COL
P-24429,EC-PUMP-CENTR
TT-24430,EC-INST-TT
TT-24431,EC-INST-TT
P-24432,EC-PUMP-CENTR
P-24433,EC-PUMP-CENTR
K-24434,EC-COMPRESSOR-CENTR
P-24435,EC-PUMP-CENTR
COL-24436,EC-VESSEL-COL
XV-24437,EC-VALVE-ISO
LT-24438,EC-INST-LT
E-24439,EC-HEATEXCH-SHELL
XV-24440,EC-VALVE-ISO
V-24441,EC-VESSEL-SEP
E-24442,EC-HEATEXCH-SHELL
P-24443,EC-PUMP-CENTR
PSV-24444,EC-VALVE-RELIEF
K-24445,EC-COMPRESSOR-CENTR
E-24446,EC-HEATEXCH-SHELL
TT-24447,EC-INST-TT
TT-24448,EC-INST-TT
PSV-24449,EC-VALVE-RELIEF
XV-24450,EC-VALVE-ISO
FCV-24451,EC-VALVE-CTRL
PSV-24452,EC-VALVE-RELIEF
K-24453,EC-COMPRESSOR-CENTR
V-24454,EC-VESSEL-SEP
COL-24455,EC-VESSEL-COL
PT-24456,EC-INST-PT
COL-24457,EC-VESSEL-COL
P-24458,EC-PUMP-RECIP
XV-24459,EC-VALVE-ISO
PSV-24460,EC-VALVE-RELIEF
LT-24461,EC-INST-LT
PT-24462,EC-INST-PT
FCV-24463,EC-VALVE-CTRL
LT-24464,EC-INST-LT
XV-24465,EC-VALVE-ISO
PT-24466,EC-INST-PT
PSV-24467,EC-VALVE-RELIEF
PSV-24468,EC-VALVE-RELIEF
XV-24469,EC-VALVE-ISO
PT-24470,EC-INST-PT
COL-24471,EC-VESSEL-COL
P-24472,EC-PUMP-RECIP
TT-24473,EC-INST-TT
COL-24474,EC-VESSEL-COL
K-24475,EC-COMPRESSOR-CENTR
FT-24476,EC-INST-FT
XV-24477,EC-VALVE-ISO
XV-24478,EC-VALVE-ISO
K-24479,EC-COMPRESSOR-CENTR
PSV-24480,EC-VALVE-RELIEF
TT-24481,EC-INST-TT
XV-24482,EC-VALVE-ISO
PT-24483,EC-INST-PT
TT-24484,EC-INST-TT
V-24485,EC-VESSEL-SEP
TT-24486,EC-INST-TT
V-24487,EC-VESSEL-SEP
FT-24488,EC-INST-FT
P-24489,EC-PUMP-CENTR
K-24490,EC-COMPRESSOR-CENTR
K-24491,EC-COMPRESSOR-CENTR
XV-24492,EC-VALVE-ISO
E-24493,EC-HEATEXCH-SHELL
K-24494,EC-COMPRESSOR-CENTR
LT-24495,EC-INST-LT
E-24496,EC-HEATEXCH-SHELL
COL-24497,EC-VESSEL-COL
FT-24498,EC-INST-FT
P-24499,EC-PUMP-RECIP
K-24500,EC-COMPRESSOR-CENTR
TT-24501,EC-INST-TT
FCV-24502,EC-VALVE-CTRL
P-24503,EC-PUMP-RECIP
TT-24504,EC-INST-TT
FT-24505,EC-INST-FT
P-24506,EC-PUMP-RECIP
FT-24507,EC-INST-FT
P-24508,EC-PUMP-RECIP
P-24509,EC-PUMP-CENTR
E-24510,EC-HEATEXCH-SHELL
COL-24511,EC-VESSEL-COL
FT-24512,EC-INST-FT
E-24513,EC-HEATEXCH-SHELL
COL-24514,EC-VESSEL-COL
COL-24515,EC-VESSEL-COL
P-24516,EC-PUMP-CENTR
PSV-24517,EC-VALVE-RELIEF
K-24518,EC-COMPRESSOR-CENTR
XV-24519,EC-VALVE-ISO
TT-24520,EC-INST-TT
FT-24521,EC-INST-FT
TT-24522,EC-INST-TT
P-24523,EC-PUMP-RECIP
PT-24524,EC-INST-PT
PSV-24525,EC-VALVE-RELIEF
FCV-24526,EC-VALVE-CTRL
TT-24527,EC-INST-TT
FCV-24528,EC-VALVE-CTRL
LT-24529,EC-INST-LT
FT-24530,EC-INST-FT
XV-24531,EC-VALVE-ISO
COL-24532,EC-VESSEL-COL
FCV-24533,EC-VALVE-CTRL
P-24534,EC-PUMP-RECIP
P-24535,EC-PUMP-CENTR
P-24536,EC-PUMP-RECIP
PSV-24537,EC-VALVE-RELIEF
P-24538,EC-PUMP-RECIP
COL-24539,EC-VESSEL-COL
FCV-24540,EC-VALVE-CTRL
PT-24541,EC-INST-PT
P-24542,EC-PUMP-RECIP
PSV-24543,EC-VALVE-RELIEF
FCV-24544,EC-VALVE-CTRL
TT-24545,EC-INST-TT
E-24546,EC-HEATEXCH-SHELL
FT-24547,EC-INST-FT
XV-24548,EC-VALVE-ISO
PSV-24549,EC-VALVE-RELIEF
COL-24550,EC-VESSEL-COL
XV-24551,EC-VALVE-ISO
TT-24552,EC-INST-TT
XV-24553,EC-VALVE-ISO
PSV-24554,EC-VALVE-RELIEF
PSV-24555,EC-VALVE-RELIEF
P-24556,EC-PUMP-RECIP
PT-24557,EC-INST-PT
P-24558,EC-PUMP-CENTR
E-24559,EC-HEATEXCH-SHELL
XV-24560,EC-VALVE-ISO
P-24561,EC-PUMP-RECIP
PT-24562,EC-INST-PT
P-24563,EC-PUMP-CENTR
K-24564,EC-COMPRESSOR-CENTR
PT-24565,EC-INST-PT
K-24566,EC-COMPRESSOR-CENTR
TT-24567,EC-INST-TT
TT-24568,EC-INST-TT
V-24569,EC-VESSEL-SEP
PT-24570,EC-INST-PT
XV-24571,EC-VALVE-ISO
P-24572,EC-PUMP-CENTR
FT-24573,EC-INST-FT
P-24574,EC-PUMP-CENTR
V-24575,EC-VESSEL-SEP
LT-24576,EC-INST-LT
COL-24577,EC-VESSEL-COL
LT-24578,EC-INST-LT
FCV-24579,EC-VALVE-CTRL
V-24580,EC-VESSEL-SEP
P-24581,EC-PUMP-RECIP
V-24582,EC-VESSEL-SEP
TT-24583,EC-INST-TT
V-24584,EC-VESSEL-SEP
K-24585,EC-COMPRESSOR-CENTR
FT-24586,EC-INST-FT
FT-24587,EC-INST-FT
E-24588,EC-HEATEXCH-SHELL
FCV-24589,EC-VALVE-CTRL
V-24590,EC-VESSEL-SEP
COL-24591,EC-VESSEL-COL
K-24592,EC-COMPRESSOR-CENTR
TT-24593,EC-INST-TT
COL-24594,EC-VESSEL-COL
TT-24595,EC-INST-TT
P-24596,EC-PUMP-CENTR
P-24597,EC-PUMP-CENTR
K-24598,EC-COMPRESSOR-CENTR
FCV-24599,EC-VALVE-CTRL
PT-24600,EC-INST-PT
PSV-24601,EC-VALVE-RELIEF
TT-24602,EC-INST-TT
FCV-24603,EC-VALVE-CTRL
E-24604,EC-HEATEXCH-SHELL
P-24605,EC-PUMP-CENTR
E-24606,EC-HEATEXCH-SHELL
P-24607,EC-PUMP-RECIP
TT-24608,EC-INST-TT
TT-24609,EC-INST-TT
E-24610,EC-HEATEXCH-SHELL
P-24611,EC-PUMP-CENTR
P-24612,EC-PUMP-CENTR
PT-24613,EC-INST-PT
E-24614,EC-HEATEXCH-SHELL
FT-24615,EC-INST-FT
V-24616,EC-VESSEL-SEP
P-24617,EC-PUMP-CENTR
PT-24618,EC-INST-PT
TT-24619,EC-INST-TT
FT-24620,EC-INST-FT
FT-24621,EC-INST-FT
E-24622,EC-HEATEXCH-SHELL
V-24623,EC-VESSEL-SEP
COL-24624,EC-VESSEL-COL
LT-24625,EC-INST-LT
E-24626,EC-HEATEXCH-SHELL
V-24627,EC-VESSEL-SEP
FT-24628,EC-INST-FT
P-24629,EC-PUMP-CENTR
FT-24630,EC-INST-FT
FT-24631,EC-INST-FT
FT-24632,EC-INST-FT
K-24633,EC-COMPRESSOR-CENTR
FT-24634,EC-INST-FT
XV-24635,EC-VALVE-ISO
FT-24636,EC-INST-FT
TT-24637,EC-INST-TT
P-24638,EC-PUMP-CENTR
XV-24639,EC-VALVE-ISO
TT-24640,EC-INST-TT
P-24641,EC-PUMP-CENTR
V-24642,EC-VESSEL-SEP
TT-24643,EC-INST-TT
COL-24644,EC-VESSEL-COL
XV-24645,EC-VALVE-ISO
LT-24646,EC-INST-LT
FT-24647,EC-INST-FT
PT-24648,EC-INST-PT
XV-24649,EC-VALVE-ISO
K-24650,EC-COMPRESSOR-CENTR
P-24651,EC-PUMP-RECIP
COL-24652,EC-VESSEL-COL
XV-24653,EC-VALVE-ISO
PSV-24654,EC-VALVE-RELIEF
COL-24655,EC-VESSEL-COL
TT-24656,EC-INST-TT
P-24657,EC-PUMP-CENTR
P-24658,EC-PUMP-CENTR
E-24659,EC-HEATEXCH-SHELL
V-24660,EC-VESSEL-SEP
V-24661,EC-VESSEL-SEP
V-24662,EC-VESSEL-SEP
PT-24663,EC-INST-PT
XV-24664,EC-VALVE-ISO
FT-24665,EC-INST-FT
COL-24666,EC-VESSEL-COL
K-24667,EC-COMPRESSOR-CENTR
TT-24668,EC-INST-TT
V-24669,EC-VESSEL-SEP
P-24670,EC-PUMP-CENTR
LT-24671,EC-INST-LT
P-24672,EC-PUMP-CENTR
COL-24673,EC-VESSEL-COL
E-24674,EC-HEATEXCH-SHELL
V-24675,EC-VESSEL-SEP
PSV-24676,EC-VALVE-RELIEF
COL-24677,EC-VESSEL-COL
E-24678,EC-HEATEXCH-SHELL
P-24679,EC-PUMP-CENTR
P-24680,EC-PUMP-RECIP
P-24681,EC-PUMP-RECIP
LT-24682,EC-INST-LT
TT-24683,EC-INST-TT
V-24684,EC-VESSEL-SEP
FCV-24685,EC-VALVE-CTRL
K-24686,EC-COMPRESSOR-CENTR
FCV-24687,EC-VALVE-CTRL
P-24688,EC-PUMP-CENTR
E-24689,EC-HEATEXCH-SHELL
K-24690,EC-COMPRESSOR-CENTR
K-24691,EC-COMPRESSOR-CENTR
P-24692,EC-PUMP-CENTR
PT-24693,EC-INST-PT
E-24694,EC-HEATEXCH-SHELL
TT-24695,EC-INST-TT
PT-24696,EC-INST-PT
PSV-24697,EC-VALVE-RELIEF
K-24698,EC-COMPRESSOR-CENTR
XV-24699,EC-VALVE-ISO
V-24700,EC-VESSEL-SEP
LT-24701,EC-INST-LT
P-24702,EC-PUMP-RECIP
FCV-24703,EC-VALVE-CTRL
E-24704,EC-HEATEXCH-SHELL
FCV-24705,EC-VALVE-CTRL
P-24706,EC-PUMP-RECIP
FCV-24707,EC-VALVE-CTRL
P-24708,EC-PUMP-CENTR
P-24709,EC-PUMP-RECIP
PSV-24710,EC-VALVE-RELIEF
PSV-24711,EC-VALVE-RELIEF
FT-24712,EC-INST-FT
P-24713,EC-PUMP-RECIP
LT-24714,EC-INST-LT
COL-24715,EC-VESSEL-COL
COL-24716,EC-VESSEL-COL
TT-24717,EC-INST-TT
PT-24718,EC-INST-PT
TT-24719,EC-INST-TT
XV-24720,EC-VALVE-ISO
FT-24721,EC-INST-FT
P-24722,EC-PUMP-RECIP
P-24723,EC-PUMP-RECIP
P-24724,EC-PUMP-CENTR
PSV-24725,EC-VALVE-RELIEF
TT-24726,EC-INST-TT
K-24727,EC-COMPRESSOR-CENTR
PT-24728,EC-INST-PT
E-24729,EC-HEATEXCH-SHELL
PT-24730,EC-INST-PT
FCV-24731,EC-VALVE-CTRL
FT-24732,EC-INST-FT
TT-24733,EC-INST-TT
V-24734,EC-VESSEL-SEP
PSV-24735,EC-VALVE-RELIEF
FT-24736,EC-INST-FT
TT-24737,EC-INST-TT
K-24738,EC-COMPRESSOR-CENTR
FT-24739,EC-INST-FT
TT-24740,EC-INST-TT
V-24741,EC-VESSEL-SEP
PSV-24742,EC-VALVE-RELIEF
COL-24743,EC-VESSEL-COL
V-24744,EC-VESSEL-SEP
K-24745,EC-COMPRESSOR-CENTR
COL-24746,EC-VESSEL-COL
COL-24747,EC-VESSEL-COL
K-24748,EC-COMPRESSOR-CENTR
PT-24749,EC-INST-PT
TT-24750,EC-INST-TT
V-24751,EC-VESSEL-SEP
P-24752,EC-PUMP-CENTR
PT-24753,EC-INST-PT
COL-24754,EC-VESSEL-COL
PSV-24755,EC-VALVE-RELIEF
PSV-24756,EC-VALVE-RELIEF
XV-24757,EC-VALVE-ISO
E-24758,EC-HEATEXCH-SHELL
TT-24759,EC-INST-TT
FCV-24760,EC-VALVE-CTRL
PT-24761,EC-INST-PT
PT-24762,EC-INST-PT
V-24763,EC-VESSEL-SEP
P-24764,EC-PUMP-CENTR
V-24765,EC-VESSEL-SEP
K-24766,EC-COMPRESSOR-CENTR
PT-24767,EC-INST-PT
FT-24768,EC-INST-FT
XV-24769,EC-VALVE-ISO
P-24770,EC-PUMP-RECIP
P-24771,EC-PUMP-RECIP
COL-24772,EC-VESSEL-COL
FCV-24773,EC-VALVE-CTRL
E-24774,EC-HEATEXCH-SHELL
FCV-24775,EC-VALVE-CTRL
XV-24776,EC-VALVE-ISO
P-24777,EC-PUMP-RECIP
V-24778,EC-VESSEL-SEP
TT-24779,EC-INST-TT
FT-24780,EC-INST-FT
FCV-24781,EC-VALVE-CTRL
P-24782,EC-PUMP-RECIP
PT-24783,EC-INST-PT
V-24784,EC-VESSEL-SEP
E-24785,EC-HEATEXCH-SHELL
V-24786,EC-VESSEL-SEP
K-24787,EC-COMPRESSOR-CENTR
P-24788,EC-PUMP-CENTR
E-24789,EC-HEATEXCH-SHELL
COL-24790,EC-VESSEL-COL
V-24791,EC-VESSEL-SEP
E-24792,EC-HEATEXCH-SHELL
FT-24793,EC-INST-FT
FCV-24794,EC-VALVE-CTRL
K-24795,EC-COMPRESSOR-CENTR
FCV-24796,EC-VALVE-CTRL
P-24797,EC-PUMP-RECIP
LT-24798,EC-INST-LT
XV-24799,EC-VALVE-ISO
FCV-24800,EC-VALVE-CTRL
FCV-24801,EC-VALVE-CTRL
FCV-24802,EC-VALVE-CTRL
PT-24803,EC-INST-PT
P-24804,EC-PUMP-RECIP
COL-24805,EC-VESSEL-COL
E-24806,EC-HEATEXCH-SHELL
PT-24807,EC-INST-PT
FT-24808,EC-INST-FT
P-24809,EC-PUMP-CENTR
TT-24810,EC-INST-TT
FT-24811,EC-INST-FT
E-24812,EC-HEATEXCH-SHELL
LT-24813,EC-INST-LT
P-24814,EC-PUMP-CENTR
E-24815,EC-HEATEXCH-SHELL
LT-24816,EC-INST-LT
E-24817,EC-HEATEXCH-SHELL
XV-24818,EC-VALVE-ISO
LT-24819,EC-INST-LT
PT-24820,EC-INST-PT
LT-24821,EC-INST-LT
E-24822,EC-HEATEXCH-SHELL
E-24823,EC-HEATEXCH-SHELL
K-24824,EC-COMPRESSOR-CENTR
TT-24825,EC-INST-TT
LT-24826,EC-INST-LT
P-24827,EC-PUMP-CENTR
COL-24828,EC-VESSEL-COL
V-24829,EC-VESSEL-SEP
TT-24830,EC-INST-TT
FT-24831,EC-INST-FT
P-24832,EC-PUMP-CENTR
COL-24833,EC-VESSEL-COL
PSV-24834,EC-VALVE-RELIEF
P-24835,EC-PUMP-CENTR
FCV-24836,EC-VALVE-CTRL
PSV-24837,EC-VALVE-RELIEF
E-24838,EC-HEATEXCH-SHELL
E-24839,EC-HEATEXCH-SHELL
FT-24840,EC-INST-FT
K-24841,EC-COMPRESSOR-CENTR
V-24842,EC-VESSEL-SEP
XV-24843,EC-VALVE-ISO
FCV-24844,EC-VALVE-CTRL
PT-24845,EC-INST-PT
FCV-24846,EC-VALVE-CTRL
PT-24847,EC-INST-PT
E-24848,EC-HEATEXCH-SHELL
FCV-24849,EC-VALVE-CTRL
V-24850,EC-VESSEL-SEP
FCV-24851,EC-VALVE-CTRL
K-24852,EC-COMPRESSOR-CENTR
LT-24853,EC-INST-LT
P-24854,EC-PUMP-CENTR
XV-24855,EC-VALVE-ISO
LT-24856,EC-INST-LT
TT-24857,EC-INST-TT
E-24858,EC-HEATEXCH-SHELL
PT-24859,EC-INST-PT
E-24860,EC-HEATEXCH-SHELL
PSV-24861,EC-VALVE-RELIEF
LT-24862,EC-INST-LT
P-24863,EC-PUMP-CENTR
TT-24864,EC-INST-TT
E-24865,EC-HEATEXCH-SHELL
K-24866,EC-COMPRESSOR-CENTR
TT-24867,EC-INST-TT
V-24868,EC-VESSEL-SEP
LT-24869,EC-INST-LT
COL-24870,EC-VESSEL-COL
V-24871,EC-VESSEL-SEP
P-24872,EC-PUMP-CENTR
TT-24873,EC-INST-TT
LT-24874,EC-INST-LT
LT-24875,EC-INST-LT
PT-24876,EC-INST-PT
TT-24877,EC-INST-TT
V-24878,EC-VESSEL-SEP
V-24879,EC-VESSEL-SEP
LT-24880,EC-INST-LT
PT-24881,EC-INST-PT
TT-24882,EC-INST-TT
COL-24883,EC-VESSEL-COL
V-24884,EC-VESSEL-SEP
V-24885,EC-VESSEL-SEP
TT-24886,EC-INST-TT
PSV-24887,EC-VALVE-RELIEF
P-24888,EC-PUMP-RECIP
XV-24889,EC-VALVE-ISO
PT-24890,EC-INST-PT
PT-24891,EC-INST-PT
XV-24892,EC-VALVE-ISO
P-24893,EC-PUMP-RECIP
PSV-24894,EC-VALVE-RELIEF
COL-24895,EC-VESSEL-COL
PSV-24896,EC-VALVE-RELIEF
COL-24897,EC-VESSEL-COL
TT-24898,EC-INST-TT
P-24899,EC-PUMP-RECIP
V-24900,EC-VESSEL-SEP
LT-24901,EC-INST-LT
PT-24902,EC-INST-PT
E-24903,EC-HEATEXCH-SHELL
E-24904,EC-HEATEXCH-SHELL
TT-24905,EC-INST-TT
TT-24906,EC-INST-TT
COL-24907,EC-VESSEL-COL
FCV-24908,EC-VALVE-CTRL
FT-24909,EC-INST-FT
FCV-24910,EC-VALVE-CTRL
FT-24911,EC-INST-FT
P-24912,EC-PUMP-RECIP
V-24913,EC-VESSEL-SEP
TT-24914,EC-INST-TT
PT-24915,EC-INST-PT
XV-24916,EC-VALVE-ISO
P-24917,EC-PUMP-RECIP
PT-24918,EC-INST-PT
FCV-24919,EC-VALVE-CTRL
PSV-24920,EC-VALVE-RELIEF
P-24921,EC-PUMP-CENTR
FT-24922,EC-INST-FT
K-24923,EC-COMPRESSOR-CENTR
PSV-24924,EC-VALVE-RELIEF
FCV-24925,EC-VALVE-CTRL
P-24926,EC-PUMP-CENTR
PSV-24927,EC-VALVE-RELIEF
V-24928,EC-VESSEL-SEP
V-24929,EC-VESSEL-SEP
PT-24930,EC-INST-PT
V-24931,EC-VESSEL-SEP
K-24932,EC-COMPRESSOR-CENTR
V-24933,EC-VESSEL-SEP
FCV-24934,EC-VALVE-CTRL
XV-24935,EC-VALVE-ISO
COL-24936,EC-VESSEL-COL
COL-24937,EC-VESSEL-COL
XV-24938,EC-VALVE-ISO
E-24939,EC-HEATEXCH-SHELL
PSV-24940,EC-VALVE-RELIEF
COL-24941,EC-VESSEL-COL
K-24942,EC-COMPRESSOR-CENTR
K-24943,EC-COMPRESSOR-CENTR
PT-24944,EC-INST-PT
PT-24945,EC-INST-PT
P-24946,EC-PUMP-CENTR
PT-24947,EC-INST-PT
PSV-24948,EC-VALVE-RELIEF
XV-24949,EC-VALVE-ISO
PSV-24950,EC-VALVE-RELIEF
K-24951,EC-COMPRESSOR-CENTR
PT-24952,EC-INST-PT
V-24953,EC-VESSEL-SEP
K-24954,EC-COMPRESSOR-CENTR
LT-24955,EC-INST-LT
FCV-24956,EC-VALVE-CTRL
XV-24957,EC-VALVE-ISO
COL-24958,EC-VESSEL-COL
COL-24959,EC-VESSEL-COL
K-24960,EC-COMPRESSOR-CENTR
E-24961,EC-HEATEXCH-SHELL
TT-24962,EC-INST-TT
TT-24963,EC-INST-TT
FCV-24964,EC-VALVE-CTRL
P-24965,EC-PUMP-CENTR
LT-24966,EC-INST-LT
XV-24967,EC-VALVE-ISO
FT-24968,EC-INST-FT
PT-24969,EC-INST-PT
COL-24970,EC-VESSEL-COL
P-24971,EC-PUMP-CENTR
COL-24972,EC-VESSEL-COL
TT-24973,EC-INST-TT
V-24974,EC-VESSEL-SEP
LT-24975,EC-INST-LT
K-24976,EC-COMPRESSOR-CENTR
PT-24977,EC-INST-PT
PT-24978,EC-INST-PT
PT-24979,EC-INST-PT
P-24980,EC-PUMP-CENTR
FT-24981,EC-INST-FT
E-24982,EC-HEATEXCH-SHELL
P-24983,EC-PUMP-CENTR
P-24984,EC-PUMP-CENTR
COL-24985,EC-VESSEL-COL
FCV-24986,EC-VALVE-CTRL
TT-24987,EC-INST-TT
PSV-24988,EC-VALVE-RELIEF
TT-24989,EC-INST-TT
P-24990,EC-PUMP-CENTR
E-24991,EC-HEATEXCH-SHELL
P-24992,EC-PUMP-RECIP
P-24993,EC-PUMP-RECIP
TT-24994,EC-INST-TT
PSV-24995,EC-VALVE-RELIEF
PT-24996,EC-INST-PT
FT-24997,EC-INST-FT
PSV-24998,EC-VALVE-RELIEF
COL-24999,EC-VESSEL-COL
V-25000,EC-VESSEL-SEP
FT-25001,EC-INST-FT
V-25002,EC-VESSEL-SEP
LT-25003,EC-INST-LT
PSV-25004,EC-VALVE-RELIEF
FT-25005,EC-INST-FT
K-25006,EC-COMPRESSOR-CENTR
FT-25007,EC-INST-FT
PSV-25008,EC-VALVE-RELIEF
V-25009,EC-VESSEL-SEP
PT-25010,EC-INST-PT
K-25011,EC-COMPRESSOR-CENTR
P-25012,EC-PUMP-RECIP
TT-25013,EC-INST-TT
P-25014,EC-PUMP-CENTR
FCV-25015,EC-VALVE-CTRL
FCV-25016,EC-VALVE-CTRL
LT-25017,EC-INST-LT
V-25018,EC-VESSEL-SEP
E-25019,EC-HEATEXCH-SHELL
LT-25020,EC-INST-LT
P-25021,EC-PUMP-RECIP
FT-25022,EC-INST-FT
P-25023,EC-PUMP-RECIP
FCV-25024,EC-VALVE-CTRL
E-25025,EC-HEATEXCH-SHELL
XV-25026,EC-VALVE-ISO
P-25027,EC-PUMP-CENTR
E-25028,EC-HEATEXCH-SHELL
FCV-25029,EC-VALVE-CTRL
FT-25030,EC-INST-FT
E-25031,EC-HEATEXCH-SHELL
E-25032,EC-HEATEXCH-SHELL
PT-25033,EC-INST-PT
TT-25034,EC-INST-TT
V-25035,EC-VESSEL-SEP
TT-25036,EC-INST-TT
PSV-25037,EC-VALVE-RELIEF
P-25038,EC-PUMP-RECIP
P-25039,EC-PUMP-CENTR
LT-25040,EC-INST-LT
FCV-25041,EC-VALVE-CTRL
E-25042,EC-HEATEXCH-SHELL
P-25043,EC-PUMP-RECIP
FT-25044,EC-INST-FT
LT-25045,EC-INST-LT
COL-25046,EC-VESSEL-COL
COL-25047,EC-VESSEL-COL
P-25048,EC-PUMP-RECIP
COL-25049,EC-VESSEL-COL
COL-25050,EC-VESSEL-COL
XV-25051,EC-VALVE-ISO
PT-25052,EC-INST-PT
XV-25053,EC-VALVE-ISO
V-25054,EC-VESSEL-SEP
FT-25055,EC-INST-FT
TT-25056,EC-INST-TT
P-25057,EC-PUMP-RECIP
FT-25058,EC-INST-FT
V-25059,EC-VESSEL-SEP
V-25060,EC-VESSEL-SEP
PSV-25061,EC-VALVE-RELIEF
LT-25062,EC-INST-LT
LT-25063,EC-INST-LT
P-25064,EC-PUMP-CENTR
FCV-25065,EC-VALVE-CTRL
P-25066,EC-PUMP-CENTR
FCV-25067,EC-VALVE-CTRL
XV-25068,EC-VALVE-ISO
PT-25069,EC-INST-PT
COL-25070,EC-VESSEL-COL
K-25071,EC-COMPRESSOR-CENTR
K-25072,EC-COMPRESSOR-CENTR
P-25073,EC-PUMP-CENTR
XV-25074,EC-VALVE-ISO
V-25075,EC-VESSEL-SEP
LT-25076,EC-INST-LT
LT-25077,EC-INST-LT
FT-25078,EC-INST-FT
P-25079,EC-PUMP-RECIP
FCV-25080,EC-VALVE-CTRL
LT-25081,EC-INST-LT
V-25082,EC-VESSEL-SEP
XV-25083,EC-VALVE-ISO
V-25084,EC-VESSEL-SEP
COL-25085,EC-VESSEL-COL
P-25086,EC-PUMP-RECIP
E-25087,EC-HEATEXCH-SHELL
FCV-25088,EC-VALVE-CTRL
LT-25089,EC-INST-LT
V-25090,EC-VESSEL-SEP
E-25091,EC-HEATEXCH-SHELL
P-25092,EC-PUMP-RECIP
P-25093,EC-PUMP-RECIP
K-25094,EC-COMPRESSOR-CENTR
P-25095,EC-PUMP-CENTR
LT-25096,EC-INST-LT
LT-25097,EC-INST-LT
XV-25098,EC-VALVE-ISO
FCV-25099,EC-VALVE-CTRL
PT-25100,EC-INST-PT
E-25101,EC-HEATEXCH-SHELL
FT-25102,EC-INST-FT
PT-25103,EC-INST-PT
FT-25104,EC-INST-FT
PT-25105,EC-INST-PT
PSV-25106,EC-VALVE-RELIEF
PSV-25107,EC-VALVE-RELIEF
COL-25108,EC-VESSEL-COL
K-25109,EC-COMPRESSOR-CENTR
XV-25110,EC-VALVE-ISO
V-25111,EC-VESSEL-SEP
PSV-25112,EC-VALVE-RELIEF
TT-25113,EC-INST-TT
PT-25114,EC-INST-PT
E-25115,EC-HEATEXCH-SHELL
TT-25116,EC-INST-TT
E-25117,EC-HEATEXCH-SHELL
PT-25118,EC-INST-PT
PSV-25119,EC-VALVE-RELIEF
PT-25120,EC-INST-PT
COL-25121,EC-VESSEL-COL
LT-25122,EC-INST-LT
K-25123,EC-COMPRESSOR-CENTR
COL-25124,EC-VESSEL-COL
P-25125,EC-PUMP-CENTR
E-25126,EC-HEATEXCH-SHELL
TT-25127,EC-INST-TT
V-25128,EC-VESSEL-SEP
K-25129,EC-COMPRESSOR-CENTR
TT-25130,EC-INST-TT
TT-25131,EC-INST-TT
V-25132,EC-VESSEL-SEP
E-25133,EC-HEATEXCH-SHELL
COL-25134,EC-VESSEL-COL
PT-25135,EC-INST-PT
COL-25136,EC-VESSEL-COL
XV-25137,EC-VALVE-ISO
TT-25138,EC-INST-TT
TT-25139,EC-INST-TT
TT-25140,EC-INST-TT
XV-25141,EC-VALVE-ISO
COL-25142,EC-VESSEL-COL
COL-25143,EC-VESSEL-COL
COL-25144,EC-VESSEL-COL
FT-25145,EC-INST-FT
TT-25146,EC-INST-TT
FCV-25147,EC-VALVE-CTRL
V-25148,EC-VESSEL-SEP
PSV-25149,EC-VALVE-RELIEF
V-25150,EC-VESSEL-SEP
LT-25151,EC-INST-LT
K-25152,EC-COMPRESSOR-CENTR
LT-25153,EC-INST-LT
P-25154,EC-PUMP-CENTR
PSV-25155,EC-VALVE-RELIEF
PT-25156,EC-INST-PT
COL-25157,EC-VESSEL-COL
P-25158,EC-PUMP-CENTR
PSV-25159,EC-VALVE-RELIEF
XV-25160,EC-VALVE-ISO
PT-25161,EC-INST-PT
PT-25162,EC-INST-PT
FT-25163,EC-INST-FT
XV-25164,EC-VALVE-ISO
COL-25165,EC-VESSEL-COL
V-25166,EC-VESSEL-SEP
P-25167,EC-PUMP-RECIP
E-25168,EC-HEATEXCH-SHELL
P-25169,EC-PUMP-RECIP
TT-25170,EC-INST-TT
FT-25171,EC-INST-FT
LT-25172,EC-INST-LT
TT-25173,EC-INST-TT
P-25174,EC-PUMP-RECIP
K-25175,EC-COMPRESSOR-CENTR
P-25176,EC-PUMP-RECIP
V-25177,EC-VESSEL-SEP
PSV-25178,EC-VALVE-RELIEF
V-25179,EC-VESSEL-SEP
E-25180,EC-HEATEXCH-SHELL
TT-25181,EC-INST-TT
LT-25182,EC-INST-LT
V-25183,EC-VESSEL-SEP
FT-25184,EC-INST-FT
COL-25185,EC-VESSEL-COL
LT-25186,EC-INST-LT
PSV-25187,EC-VALVE-RELIEF
FCV-25188,EC-VALVE-CTRL
P-25189,EC-PUMP-CENTR
XV-25190,EC-VALVE-ISO
E-25191,EC-HEATEXCH-SHELL
PSV-25192,EC-VALVE-RELIEF
P-25193,EC-PUMP-RECIP
COL-25194,EC-VESSEL-COL
E-25195,EC-HEATEXCH-SHELL
K-25196,EC-COMPRESSOR-CENTR
TT-25197,EC-INST-TT
FT-25198,EC-INST-FT
XV-25199,EC-VALVE-ISO
K-25200,EC-COMPRESSOR-CENTR
FT-25201,EC-INST-FT
TT-25202,EC-INST-TT
PSV-25203,EC-VALVE-RELIEF
COL-25204,EC-VESSEL-COL
FT-25205,EC-INST-FT
LT-25206,EC-INST-LT
XV-25207,EC-VALVE-ISO
PSV-25208,EC-VALVE-RELIEF
K-25209,EC-COMPRESSOR-CENTR
FT-25210,EC-INST-FT
K-25211,EC-COMPRESSOR-CENTR
PT-25212,EC-INST-PT
PT-25213,EC-INST-PT
LT-25214,EC-INST-LT
PSV-25215,EC-VALVE-RELIEF
TT-25216,EC-INST-TT
PSV-25217,EC-VALVE-RELIEF
E-25218,EC-HEATEXCH-SHELL
XV-25219,EC-VALVE-ISO
LT-25220,EC-INST-LT
E-25221,EC-HEATEXCH-SHELL
P-25222,EC-PUMP-RECIP
LT-25223,EC-INST-LT
TT-25224,EC-INST-TT
XV-25225,EC-VALVE-ISO
P-25226,EC-PUMP-CENTR
V-25227,EC-VESSEL-SEP
P-25228,EC-PUMP-CENTR
FT-25229,EC-INST-FT
XV-25230,EC-VALVE-ISO
FCV-25231,EC-VALVE-CTRL
K-25232,EC-COMPRESSOR-CENTR
COL-25233,EC-VESSEL-COL
TT-25234,EC-INST-TT
V-25235,EC-VESSEL-SEP
K-25236,EC-COMPRESSOR-CENTR
LT-25237,EC-INST-LT
K-25238,EC-COMPRESSOR-CENTR
PSV-25239,EC-VALVE-RELIEF
PSV-25240,EC-VALVE-RELIEF
FCV-25241,EC-VALVE-CTRL
LT-25242,EC-INST-LT
FCV-25243,EC-VALVE-CTRL
TT-25244,EC-INST-TT
FT-25245,EC-INST-FT
PSV-25246,EC-VALVE-RELIEF
K-25247,EC-COMPRESSOR-CENTR
FT-25248,EC-INST-FT
PSV-25249,EC-VALVE-RELIEF
V-25250,EC-VESSEL-SEP
PT-25251,EC-INST-PT
LT-25252,EC-INST-LT
E-25253,EC-HEATEXCH-SHELL
V-25254,EC-VESSEL-SEP
PSV-25255,EC-VALVE-RELIEF
V-25256,EC-VESSEL-SEP
XV-25257,EC-VALVE-ISO
P-25258,EC-PUMP-CENTR
PSV-25259,EC-VALVE-RELIEF
V-25260,EC-VESSEL-SEP
K-25261,EC-COMPRESSOR-CENTR
P-25262,EC-PUMP-RECIP
V-25263,EC-VESSEL-SEP
COL-25264,EC-VESSEL-COL
V-25265,EC-VESSEL-SEP
V-25266,EC-VESSEL-SEP
XV-25267,EC-VALVE-ISO
P-25268,EC-PUMP-RECIP
FCV-25269,EC-VALVE-CTRL
TT-25270,EC-INST-TT
COL-25271,EC-VESSEL-COL
V-25272,EC-VESSEL-SEP
PT-25273,EC-INST-PT
XV-25274,EC-VALVE-ISO
FT-25275,EC-INST-FT
TT-25276,EC-INST-TT
PT-25277,EC-INST-PT
K-25278,EC-COMPRESSOR-CENTR
TT-25279,EC-INST-TT
P-25280,EC-PUMP-RECIP
P-25281,EC-PUMP-CENTR
E-25282,EC-HEATEXCH-SHELL
TT-25283,EC-INST-TT
P-25284,EC-PUMP-CENTR
K-25285,EC-COMPRESSOR-CENTR
P-25286,EC-PUMP-RECIP
FT-25287,EC-INST-FT
FT-25288,EC-INST-FT
PT-25289,EC-INST-PT
V-25290,EC-VESSEL-SEP
COL-25291,EC-VESSEL-COL
PT-25292,EC-INST-PT
P-25293,EC-PUMP-RECIP
E-25294,EC-HEATEXCH-SHELL
P-25295,EC-PUMP-CENTR
COL-25296,EC-VESSEL-COL
P-25297,EC-PUMP-CENTR
P-25298,EC-PUMP-CENTR
TT-25299,EC-INST-TT
P-25300,EC-PUMP-RECIP
PT-25301,EC-INST-PT
P-25302,EC-PUMP-RECIP
E-25303,EC-HEATEXCH-SHELL
FCV-25304,EC-VALVE-CTRL
COL-25305,EC-VESSEL-COL
V-25306,EC-VESSEL-SEP
FCV-25307,EC-VALVE-CTRL
V-25308,EC-VESSEL-SEP
FCV-25309,EC-VALVE-CTRL
XV-25310,EC-VALVE-ISO
V-25311,EC-VESSEL-SEP
FT-25312,EC-INST-FT
P-25313,EC-PUMP-CENTR
COL-25314,EC-VESSEL-COL
E-25315,EC-HEATEXCH-SHELL
E-25316,EC-HEATEXCH-SHELL
P-25317,EC-PUMP-RECIP
COL-25318,EC-VESSEL-COL
PSV-25319,EC-VALVE-RELIEF
FT-25320,EC-INST-FT
FCV-25321,EC-VALVE-CTRL
FCV-25322,EC-VALVE-CTRL
P-25323,EC-PUMP-CENTR
LT-25324,EC-INST-LT
K-25325,EC-COMPRESSOR-CENTR
K-25326,EC-COMPRESSOR-CENTR
PSV-25327,EC-VALVE-RELIEF
PSV-25328,EC-VALVE-RELIEF
P-25329,EC-PUMP-RECIP
XV-25330,EC-VALVE-ISO
LT-25331,EC-INST-LT
TT-25332,EC-INST-TT
LT-25333,EC-INST-LT
V-25334,EC-VESSEL-SEP
K-25335,EC-COMPRESSOR-CENTR
P-25336,EC-PUMP-RECIP
P-25337,EC-PUMP-CENTR
K-25338,EC-COMPRESSOR-CENTR
COL-25339,EC-VESSEL-COL
V-25340,EC-VESSEL-SEP
P-25341,EC-PUMP-CENTR
K-25342,EC-COMPRESSOR-CENTR
TT-25343,EC-INST-TT
XV-25344,EC-VALVE-ISO
COL-25345,EC-VESSEL-COL
COL-25346,EC-VESSEL-COL
XV-25347,EC-VALVE-ISO
P-25348,EC-PUMP-CENTR
E-25349,EC-HEATEXCH-SHELL
K-25350,EC-COMPRESSOR-CENTR
XV-25351,EC-VALVE-ISO
XV-25352,EC-VALVE-ISO
COL-25353,EC-VESSEL-COL
PT-25354,EC-INST-PT
K-25355,EC-COMPRESSOR-CENTR
COL-25356,EC-VESSEL-COL
FT-25357,EC-INST-FT
TT-25358,EC-INST-TT
FT-25359,EC-INST-FT
XV-25360,EC-VALVE-ISO
FT-25361,EC-INST-FT
PT-25362,EC-INST-PT
PT-25363,EC-INST-PT
V-25364,EC-VESSEL-SEP
COL-25365,EC-VESSEL-COL
K-25366,EC-COMPRESSOR-CENTR
P-25367,EC-PUMP-RECIP
E-25368,EC-HEATEXCH-SHELL
LT-25369,EC-INST-LT
E-25370,EC-HEATEXCH-SHELL
E-25371,EC-HEATEXCH-SHELL
LT-25372,EC-INST-LT
V-25373,EC-VESSEL-SEP
E-25374,EC-HEATEXCH-SHELL
P-25375,EC-PUMP-CENTR
FCV-25376,EC-VALVE-CTRL
K-25377,EC-COMPRESSOR-CENTR
PSV-25378,EC-VALVE-RELIEF
TT-25379,EC-INST-TT
V-25380,EC-VESSEL-SEP
FT-25381,EC-INST-FT
P-25382,EC-PUMP-CENTR
COL-25383,EC-VESSEL-COL
TT-25384,EC-INST-TT
P-25385,EC-PUMP-CENTR
FCV-25386,EC-VALVE-CTRL
FCV-25387,EC-VALVE-CTRL
E-25388,EC-HEATEXCH-SHELL
P-25389,EC-PUMP-RECIP
XV-25390,EC-VALVE-ISO
COL-25391,EC-VESSEL-COL
COL-25392,EC-VESSEL-COL
FT-25393,EC-INST-FT
COL-25394,EC-VESSEL-COL
PT-25395,EC-INST-PT
V-25396,EC-VESSEL-SEP
P-25397,EC-PUMP-CENTR
E-25398,EC-HEATEXCH-SHELL
P-25399,EC-PUMP-RECIP
XV-25400,EC-VALVE-ISO
XV-25401,EC-VALVE-ISO
COL-25402,EC-VESSEL-COL
XV-25403,EC-VALVE-ISO
PSV-25404,EC-VALVE-RELIEF
PT-25405,EC-INST-PT
FT-25406,EC-INST-FT
PSV-25407,EC-VALVE-RELIEF
COL-25408,EC-VESSEL-COL
FT-25409,EC-INST-FT
PT-25410,EC-INST-PT
P-25411,EC-PUMP-CENTR
P-25412,EC-PUMP-RECIP
FT-25413,EC-INST-FT
V-25414,EC-VESSEL-SEP
TT-25415,EC-INST-TT
K-25416,EC-COMPRESSOR-CENTR
FT-25417,EC-INST-FT
E-25418,EC-HEATEXCH-SHELL
K-25419,EC-COMPRESSOR-CENTR
LT-25420,EC-INST-LT
E-25421,EC-HEATEXCH-SHELL
PSV-25422,EC-VALVE-RELIEF
LT-25423,EC-INST-LT
TT-25424,EC-INST-TT
P-25425,EC-PUMP-RECIP
COL-25426,EC-VESSEL-COL
P-25427,EC-PUMP-CENTR
COL-25428,EC-VESSEL-COL
COL-25429,EC-VESSEL-COL
K-25430,EC-COMPRESSOR-CENTR
PSV-25431,EC-VALVE-RELIEF
COL-25432,EC-VESSEL-COL
P-25433,EC-PUMP-CENTR
P-25434,EC-PUMP-CENTR
K-25435,EC-COMPRESSOR-CENTR
PT-25436,EC-INST-PT
FCV-25437,EC-VALVE-CTRL
K-25438,EC-COMPRESSOR-CENTR
FT-25439,EC-INST-FT
XV-25440,EC-VALVE-ISO
PT-25441,EC-INST-PT
E-25442,EC-HEATEXCH-SHELL
FT-25443,EC-INST-FT
K-25444,EC-COMPRESSOR-CENTR
FT-25445,EC-INST-FT
TT-25446,EC-INST-TT
TT-25447,EC-INST-TT
V-25448,EC-VESSEL-SEP
K-25449,EC-COMPRESSOR-CENTR
COL-25450,EC-VESSEL-COL
P-25451,EC-PUMP-CENTR
V-25452,EC-VESSEL-SEP
P-25453,EC-PUMP-CENTR
FCV-25454,EC-VALVE-CTRL
PT-25455,EC-INST-PT
FT-25456,EC-INST-FT
K-25457,EC-COMPRESSOR-CENTR
PT-25458,EC-INST-PT
V-25459,EC-VESSEL-SEP
XV-25460,EC-VALVE-ISO
LT-25461,EC-INST-LT
P-25462,EC-PUMP-CENTR
K-25463,EC-COMPRESSOR-CENTR
PSV-25464,EC-VALVE-RELIEF
XV-25465,EC-VALVE-ISO
P-25466,EC-PUMP-RECIP
FT-25467,EC-INST-FT
COL-25468,EC-VESSEL-COL
LT-25469,EC-INST-LT
P-25470,EC-PUMP-RECIP
TT-25471,EC-INST-TT
PT-25472,EC-INST-PT
FCV-25473,EC-VALVE-CTRL
P-25474,EC-PUMP-RECIP
PSV-25475,EC-VALVE-RELIEF
TT-25476,EC-INST-TT
P-25477,EC-PUMP-CENTR
FT-25478,EC-INST-FT
PT-25479,EC-INST-PT
E-25480,EC-HEATEXCH-SHELL
P-25481,EC-PUMP-CENTR
PT-25482,EC-INST-PT
P-25483,EC-PUMP-RECIP
XV-25484,EC-VALVE-ISO
LT-25485,EC-INST-LT
P-25486,EC-PUMP-RECIP
COL-25487,EC-VESSEL-COL
COL-25488,EC-VESSEL-COL
P-25489,EC-PUMP-RECIP
K-25490,EC-COMPRESSOR-CENTR
TT-25491,EC-INST-TT
V-25492,EC-VESSEL-SEP
FT-25493,EC-INST-FT
LT-25494,EC-INST-LT
COL-25495,EC-VESSEL-COL
K-25496,EC-COMPRESSOR-CENTR
V-25497,EC-VESSEL-SEP
FT-25498,EC-INST-FT
FT-25499,EC-INST-FT
FT-25500,EC-INST-FT
TT-25501,EC-INST-TT
COL-25502,EC-VESSEL-COL
FT-25503,EC-INST-FT
FT-25504,EC-INST-FT
FCV-25505,EC-VALVE-CTRL
LT-25506,EC-INST-LT
FT-25507,EC-INST-FT
TT-25508,EC-INST-TT
LT-25509,EC-INST-LT
E-25510,EC-HEATEXCH-SHELL
TT-25511,EC-INST-TT
P-25512,EC-PUMP-CENTR
PSV-25513,EC-VALVE-RELIEF
LT-25514,EC-INST-LT
E-25515,EC-HEATEXCH-SHELL
FT-25516,EC-INST-FT
P-25517,EC-PUMP-CENTR
P-25518,EC-PUMP-RECIP
PT-25519,EC-INST-PT
COL-25520,EC-VESSEL-COL
FT-25521,EC-INST-FT
TT-25522,EC-INST-TT
P-25523,EC-PUMP-RECIP
FCV-25524,EC-VALVE-CTRL
PSV-25525,EC-VALVE-RELIEF
V-25526,EC-VESSEL-SEP
PSV-25527,EC-VALVE-RELIEF
PSV-25528,EC-VALVE-RELIEF
PSV-25529,EC-VALVE-RELIEF
K-25530,EC-COMPRESSOR-CENTR
PT-25531,EC-INST-PT
E-25532,EC-HEATEXCH-SHELL
XV-25533,EC-VALVE-ISO
XV-25534,EC-VALVE-ISO
COL-25535,EC-VESSEL-COL
COL-25536,EC-VESSEL-COL
P-25537,EC-PUMP-RECIP
FT-25538,EC-INST-FT
TT-25539,EC-INST-TT
FT-25540,EC-INST-FT
XV-25541,EC-VALVE-ISO
E-25542,EC-HEATEXCH-SHELL
XV-25543,EC-VALVE-ISO
P-25544,EC-PUMP-RECIP
E-25545,EC-HEATEXCH-SHELL
P-25546,EC-PUMP-RECIP
FT-25547,EC-INST-FT
TT-25548,EC-INST-TT
K-25549,EC-COMPRESSOR-CENTR
P-25550,EC-PUMP-CENTR
FCV-25551,EC-VALVE-CTRL
K-25552,EC-COMPRESSOR-CENTR
P-25553,EC-PUMP-CENTR
K-25554,EC-COMPRESSOR-CENTR
PSV-25555,EC-VALVE-RELIEF
PT-25556,EC-INST-PT
V-25557,EC-VESSEL-SEP
LT-25558,EC-INST-LT
LT-25559,EC-INST-LT
XV-25560,EC-VALVE-ISO
V-25561,EC-VESSEL-SEP
XV-25562,EC-VALVE-ISO
XV-25563,EC-VALVE-ISO
FT-25564,EC-INST-FT
FT-25565,EC-INST-FT
TT-25566,EC-INST-TT
LT-25567,EC-INST-LT
TT-25568,EC-INST-TT
TT-25569,EC-INST-TT
XV-25570,EC-VALVE-ISO
LT-25571,EC-INST-LT
K-25572,EC-COMPRESSOR-CENTR
PSV-25573,EC-VALVE-RELIEF
P-25574,EC-PUMP-RECIP
XV-25575,EC-VALVE-ISO
FCV-25576,EC-VALVE-CTRL
PSV-25577,EC-VALVE-RELIEF
PT-25578,EC-INST-PT
FCV-25579,EC-VALVE-CTRL
E-25580,EC-HEATEXCH-SHELL
FT-25581,EC-INST-FT
PSV-25582,EC-VALVE-RELIEF
COL-25583,EC-VESSEL-COL
TT-25584,EC-INST-TT
PT-25585,EC-INST-PT
TT-25586,EC-INST-TT
PSV-25587,EC-VALVE-RELIEF
PSV-25588,EC-VALVE-RELIEF
K-25589,EC-COMPRESSOR-CENTR
E-25590,EC-HEATEXCH-SHELL
PT-25591,EC-INST-PT
COL-25592,EC-VESSEL-COL
TT-25593,EC-INST-TT
COL-25594,EC-VESSEL-COL
P-25595,EC-PUMP-RECIP
COL-25596,EC-VESSEL-COL
TT-25597,EC-INST-TT
TT-25598,EC-INST-TT
V-25599,EC-VESSEL-SEP
K-25600,EC-COMPRESSOR-CENTR
P-25601,EC-PUMP-CENTR
LT-25602,EC-INST-LT
P-25603,EC-PUMP-CENTR
K-25604,EC-COMPRESSOR-CENTR
FT-25605,EC-INST-FT
V-25606,EC-VESSEL-SEP
P-25607,EC-PUMP-RECIP
K-25608,EC-COMPRESSOR-CENTR
V-25609,EC-VESSEL-SEP
PT-25610,EC-INST-PT
E-25611,EC-HEATEXCH-SHELL
PSV-25612,EC-VALVE-RELIEF
V-25613,EC-VESSEL-SEP
E-25614,EC-HEATEXCH-SHELL
XV-25615,EC-VALVE-ISO
TT-25616,EC-INST-TT
FT-25617,EC-INST-FT
PT-25618,EC-INST-PT
PSV-25619,EC-VALVE-RELIEF
P-25620,EC-PUMP-CENTR
FCV-25621,EC-VALVE-CTRL
PT-25622,EC-INST-PT
K-25623,EC-COMPRESSOR-CENTR
TT-25624,EC-INST-TT
E-25625,EC-HEATEXCH-SHELL
E-25626,EC-HEATEXCH-SHELL
P-25627,EC-PUMP-RECIP
P-25628,EC-PUMP-CENTR
FCV-25629,EC-VALVE-CTRL
PSV-25630,EC-VALVE-RELIEF
E-25631,EC-HEATEXCH-SHELL
XV-25632,EC-VALVE-ISO
PSV-25633,EC-VALVE-RELIEF
FCV-25634,EC-VALVE-CTRL
P-25635,EC-PUMP-CENTR
FT-25636,EC-INST-FT
E-25637,EC-HEATEXCH-SHELL
COL-25638,EC-VESSEL-COL
E-25639,EC-HEATEXCH-SHELL
PT-25640,EC-INST-PT
P-25641,EC-PUMP-CENTR
FCV-25642,EC-VALVE-CTRL
XV-25643,EC-VALVE-ISO
PT-25644,EC-INST-PT
K-25645,EC-COMPRESSOR-CENTR
P-25646,EC-PUMP-RECIP
FT-25647,EC-INST-FT
TT-25648,EC-INST-TT
XV-25649,EC-VALVE-ISO
FT-25650,EC-INST-FT
FT-25651,EC-INST-FT
K-25652,EC-COMPRESSOR-CENTR
FT-25653,EC-INST-FT
LT-25654,EC-INST-LT
PT-25655,EC-INST-PT
PSV-25656,EC-VALVE-RELIEF
PT-25657,EC-INST-PT
FCV-25658,EC-VALVE-CTRL
PSV-25659,EC-VALVE-RELIEF
TT-25660,EC-INST-TT
TT-25661,EC-INST-TT
COL-25662,EC-VESSEL-COL
LT-25663,EC-INST-LT
PSV-25664,EC-VALVE-RELIEF
K-25665,EC-COMPRESSOR-CENTR
LT-25666,EC-INST-LT
K-25667,EC-COMPRESSOR-CENTR
P-25668,EC-PUMP-RECIP
FT-25669,EC-INST-FT
COL-25670,EC-VESSEL-COL
FCV-25671,EC-VALVE-CTRL
TT-25672,EC-INST-TT
FT-25673,EC-INST-FT
V-25674,EC-VESSEL-SEP
XV-25675,EC-VALVE-ISO
PT-25676,EC-INST-PT
LT-25677,EC-INST-LT
P-25678,EC-PUMP-CENTR
COL-25679,EC-VESSEL-COL
PT-25680,EC-INST-PT
PSV-25681,EC-VALVE-RELIEF
K-25682,EC-COMPRESSOR-CENTR
FCV-25683,EC-VALVE-CTRL
V-25684,EC-VESSEL-SEP
V-25685,EC-VESSEL-SEP
COL-25686,EC-VESSEL-COL
K-25687,EC-COMPRESSOR-CENTR
V-25688,EC-VESSEL-SEP
PT-25689,EC-INST-PT
FCV-25690,EC-VALVE-CTRL
K-25691,EC-COMPRESSOR-CENTR
TT-25692,EC-INST-TT
PSV-25693,EC-VALVE-RELIEF
COL-25694,EC-VESSEL-COL
V-25695,EC-VESSEL-SEP
V-25696,EC-VESSEL-SEP
LT-25697,EC-INST-LT
P-25698,EC-PUMP-RECIP
V-25699,EC-VESSEL-SEP
PT-25700,EC-INST-PT
P-25701,EC-PUMP-RECIP
PT-25702,EC-INST-PT
K-25703,EC-COMPRESSOR-CENTR
P-25704,EC-PUMP-RECIP
P-25705,EC-PUMP-RECIP
P-25706,EC-PUMP-RECIP
XV-25707,EC-VALVE-ISO
PT-25708,EC-INST-PT
PT-25709,EC-INST-PT
XV-25710,EC-VALVE-ISO
FT-25711,EC-INST-FT
LT-25712,EC-INST-LT
PT-25713,EC-INST-PT
COL-25714,EC-VESSEL-COL
V-25715,EC-VESSEL-SEP
V-25716,EC-VESSEL-SEP
V-25717,EC-VESSEL-SEP
FCV-25718,EC-VALVE-CTRL
E-25719,EC-HEATEXCH-SHELL
P-25720,EC-PUMP-RECIP
V-25721,EC-VESSEL-SEP
FT-25722,EC-INST-FT
LT-25723,EC-INST-LT
P-25724,EC-PUMP-RECIP
V-25725,EC-VESSEL-SEP
XV-25726,EC-VALVE-ISO
K-25727,EC-COMPRESSOR-CENTR
TT-25728,EC-INST-TT
E-25729,EC-HEATEXCH-SHELL
TT-25730,EC-INST-TT
V-25731,EC-VESSEL-SEP
FT-25732,EC-INST-FT
P-25733,EC-PUMP-RECIP
FT-25734,EC-INST-FT
E-25735,EC-HEATEXCH-SHELL
P-25736,EC-PUMP-CENTR
PT-25737,EC-INST-PT
P-25738,EC-PUMP-RECIP
FT-25739,EC-INST-FT
PSV-25740,EC-VALVE-RELIEF
PT-25741,EC-INST-PT
LT-25742,EC-INST-LT
PT-25743,EC-INST-PT
P-25744,EC-PUMP-CENTR
TT-25745,EC-INST-TT
LT-25746,EC-INST-LT
FT-25747,EC-INST-FT
TT-25748,EC-INST-TT
LT-25749,EC-INST-LT
FT-25750,EC-INST-FT
P-25751,EC-PUMP-CENTR
PT-25752,EC-INST-PT
XV-25753,EC-VALVE-ISO
XV-25754,EC-VALVE-ISO
LT-25755,EC-INST-LT
FT-25756,EC-INST-FT
E-25757,EC-HEATEXCH-SHELL
FT-25758,EC-INST-FT
E-25759,EC-HEATEXCH-SHELL
PT-25760,EC-INST-PT
PSV-25761,EC-VALVE-RELIEF
FT-25762,EC-INST-FT
COL-25763,EC-VESSEL-COL
FCV-25764,EC-VALVE-CTRL
COL-25765,EC-VESSEL-COL
XV-25766,EC-VALVE-ISO
P-25767,EC-PUMP-RECIP
PT-25768,EC-INST-PT
P-25769,EC-PUMP-CENTR
PSV-25770,EC-VALVE-RELIEF
PSV-25771,EC-VALVE-RELIEF
P-25772,EC-PUMP-CENTR
XV-25773,EC-VALVE-ISO
V-25774,EC-VESSEL-SEP
FT-25775,EC-INST-FT
XV-25776,EC-VALVE-ISO
V-25777,EC-VESSEL-SEP
E-25778,EC-HEATEXCH-SHELL
P-25779,EC-PUMP-CENTR
COL-25780,EC-VESSEL-COL
LT-25781,EC-INST-LT
TT-25782,EC-INST-TT
P-25783,EC-PUMP-RECIP
E-25784,EC-HEATEXCH-SHELL
K-25785,EC-COMPRESSOR-CENTR
V-25786,EC-VESSEL-SEP
TT-25787,EC-INST-TT
XV-25788,EC-VALVE-ISO
P-25789,EC-PUMP-CENTR
E-25790,EC-HEATEXCH-SHELL
P-25791,EC-PUMP-RECIP
P-25792,EC-PUMP-RECIP
FT-25793,EC-INST-FT
P-25794,EC-PUMP-CENTR
XV-25795,EC-VALVE-ISO
COL-25796,EC-VESSEL-COL
PSV-25797,EC-VALVE-RELIEF
COL-25798,EC-VESSEL-COL
E-25799,EC-HEATEXCH-SHELL
COL-25800,EC-VESSEL-COL
P-25801,EC-PUMP-RECIP
P-25802,EC-PUMP-RECIP
LT-25803,EC-INST-LT
FT-25804,EC-INST-FT
K-25805,EC-COMPRESSOR-CENTR
V-25806,EC-VESSEL-SEP
XV-25807,EC-VALVE-ISO
COL-25808,EC-VESSEL-COL
P-25809,EC-PUMP-RECIP
PT-25810,EC-INST-PT
P-25811,EC-PUMP-RECIP
LT-25812,EC-INST-LT
TT-25813,EC-INST-TT
P-25814,EC-PUMP-CENTR
E-25815,EC-HEATEXCH-SHELL
P-25816,EC-PUMP-CENTR
PSV-25817,EC-VALVE-RELIEF
FCV-25818,EC-VALVE-CTRL
PT-25819,EC-INST-PT
K-25820,EC-COMPRESSOR-CENTR
LT-25821,EC-INST-LT
K-25822,EC-COMPRESSOR-CENTR
K-25823,EC-COMPRESSOR-CENTR
E-25824,EC-HEATEXCH-SHELL
FT-25825,EC-INST-FT
K-25826,EC-COMPRESSOR-CENTR
PT-25827,EC-INST-PT
COL-25828,EC-VESSEL-COL
PSV-25829,EC-VALVE-RELIEF
E-25830,EC-HEATEXCH-SHELL
P-25831,EC-PUMP-CENTR
XV-25832,EC-VALVE-ISO
P-25833,EC-PUMP-RECIP
PSV-25834,EC-VALVE-RELIEF
P-25835,EC-PUMP-CENTR
FT-25836,EC-INST-FT
E-25837,EC-HEATEXCH-SHELL
P-25838,EC-PUMP-CENTR
FT-25839,EC-INST-FT
COL-25840,EC-VESSEL-COL
FT-25841,EC-INST-FT
TT-25842,EC-INST-TT
LT-25843,EC-INST-LT
P-25844,EC-PUMP-CENTR
PSV-25845,EC-VALVE-RELIEF
XV-25846,EC-VALVE-ISO
XV-25847,EC-VALVE-ISO
V-25848,EC-VESSEL-SEP
FCV-25849,EC-VALVE-CTRL
E-25850,EC-HEATEXCH-SHELL
PT-25851,EC-INST-PT
PSV-25852,EC-VALVE-RELIEF
V-25853,EC-VESSEL-SEP
XV-25854,EC-VALVE-ISO
P-25855,EC-PUMP-CENTR
COL-25856,EC-VESSEL-COL
XV-25857,EC-VALVE-ISO
P-25858,EC-PUMP-RECIP
P-25859,EC-PUMP-RECIP
FT-25860,EC-INST-FT
XV-25861,EC-VALVE-ISO
P-25862,EC-PUMP-CENTR
P-25863,EC-PUMP-CENTR
E-25864,EC-HEATEXCH-SHELL
FT-25865,EC-INST-FT
PSV-25866,EC-VALVE-RELIEF
XV-25867,EC-VALVE-ISO
XV-25868,EC-VALVE-ISO
P-25869,EC-PUMP-CENTR
COL-25870,EC-VESSEL-COL
TT-25871,EC-INST-TT
K-25872,EC-COMPRESSOR-CENTR
V-25873,EC-VESSEL-SEP
XV-25874,EC-VALVE-ISO
XV-25875,EC-VALVE-ISO
K-25876,EC-COMPRESSOR-CENTR
LT-25877,EC-INST-LT
K-25878,EC-COMPRESSOR-CENTR
P-25879,EC-PUMP-CENTR
K-25880,EC-COMPRESSOR-CENTR
P-25881,EC-PUMP-CENTR
LT-25882,EC-INST-LT
K-25883,EC-COMPRESSOR-CENTR
LT-25884,EC-INST-LT
XV-25885,EC-VALVE-ISO
PSV-25886,EC-VALVE-RELIEF
TT-25887,EC-INST-TT
PT-25888,EC-INST-PT
E-25889,EC-HEATEXCH-SHELL
LT-25890,EC-INST-LT
PSV-25891,EC-VALVE-RELIEF
P-25892,EC-PUMP-CENTR
P-25893,EC-PUMP-CENTR
FCV-25894,EC-VALVE-CTRL
XV-25895,EC-VALVE-ISO
PT-25896,EC-INST-PT
COL-25897,EC-VESSEL-COL
P-25898,EC-PUMP-CENTR
E-25899,EC-HEATEXCH-SHELL
P-25900,EC-PUMP-RECIP
P-25901,EC-PUMP-RECIP
FCV-25902,EC-VALVE-CTRL
P-25903,EC-PUMP-CENTR
E-25904,EC-HEATEXCH-SHELL
P-25905,EC-PUMP-RECIP
FCV-25906,EC-VALVE-CTRL
FT-25907,EC-INST-FT
FT-25908,EC-INST-FT
FCV-25909,EC-VALVE-CTRL
LT-25910,EC-INST-LT
TT-25911,EC-INST-TT
FCV-25912,EC-VALVE-CTRL
P-25913,EC-PUMP-CENTR
PT-25914,EC-INST-PT
LT-25915,EC-INST-LT
P-25916,EC-PUMP-RECIP
PT-25917,EC-INST-PT
P-25918,EC-PUMP-RECIP
COL-25919,EC-VESSEL-COL
TT-25920,EC-INST-TT
XV-25921,EC-VALVE-ISO
FCV-25922,EC-VALVE-CTRL
FT-25923,EC-INST-FT
LT-25924,EC-INST-LT
TT-25925,EC-INST-TT
PSV-25926,EC-VALVE-RELIEF
COL-25927,EC-VESSEL-COL
COL-25928,EC-VESSEL-COL
E-25929,EC-HEATEXCH-SHELL
PSV-25930,EC-VALVE-RELIEF
TT-25931,EC-INST-TT
P-25932,EC-PUMP-RECIP
LT-25933,EC-INST-LT
FCV-25934,EC-VALVE-CTRL
COL-25935,EC-VESSEL-COL
COL-25936,EC-VESSEL-COL
PT-25937,EC-INST-PT
XV-25938,EC-VALVE-ISO
TT-25939,EC-INST-TT
FT-25940,EC-INST-FT
XV-25941,EC-VALVE-ISO
PSV-25942,EC-VALVE-RELIEF
PSV-25943,EC-VALVE-RELIEF
FT-25944,EC-INST-FT
PT-25945,EC-INST-PT
P-25946,EC-PUMP-CENTR
FCV-25947,EC-VALVE-CTRL
LT-25948,EC-INST-LT
LT-25949,EC-INST-LT
P-25950,EC-PUMP-RECIP
P-25951,EC-PUMP-CENTR
PSV-25952,EC-VALVE-RELIEF
FT-25953,EC-INST-FT
FT-25954,EC-INST-FT
E-25955,EC-HEATEXCH-SHELL
FCV-25956,EC-VALVE-CTRL
PSV-25957,EC-VALVE-RELIEF
P-25958,EC-PUMP-RECIP
FCV-25959,EC-VALVE-CTRL
K-25960,EC-COMPRESSOR-CENTR
E-25961,EC-HEATEXCH-SHELL
P-25962,EC-PUMP-CENTR
V-25963,EC-VESSEL-SEP
P-25964,EC-PUMP-RECIP
TT-25965,EC-INST-TT
TT-25966,EC-INST-TT
FT-25967,EC-INST-FT
P-25968,EC-PUMP-RECIP
E-25969,EC-HEATEXCH-SHELL
PSV-25970,EC-VALVE-RELIEF
LT-25971,EC-INST-LT
K-25972,EC-COMPRESSOR-CENTR
K-25973,EC-COMPRESSOR-CENTR
PT-25974,EC-INST-PT
TT-25975,EC-INST-TT
K-25976,EC-COMPRESSOR-CENTR
LT-25977,EC-INST-LT
COL-25978,EC-VESSEL-COL
PSV-25979,EC-VALVE-RELIEF
P-25980,EC-PUMP-RECIP
E-25981,EC-HEATEXCH-SHELL
FT-25982,EC-INST-FT
FT-25983,EC-INST-FT
PT-25984,EC-INST-PT
COL-25985,EC-VESSEL-COL
PT-25986,EC-INST-PT
FT-25987,EC-INST-FT
FT-25988,EC-INST-FT
FT-25989,EC-INST-FT
COL-25990,EC-VESSEL-COL
E-25991,EC-HEATEXCH-SHELL
FCV-25992,EC-VALVE-CTRL
P-25993,EC-PUMP-CENTR
K-25994,EC-COMPRESSOR-CENTR
P-25995,EC-PUMP-RECIP
K-25996,EC-COMPRESSOR-CENTR
COL-25997,EC-VESSEL-COL
TT-25998,EC-INST-TT
COL-25999,EC-VESSEL-COL
TT-26000,EC-INST-TT
FT-26001,EC-INST-FT
XV-26002,EC-VALVE-ISO
K-26003,EC-COMPRESSOR-CENTR
P-26004,EC-PUMP-RECIP
E-26005,EC-HEATEXCH-SHELL
LT-26006,EC-INST-LT
PSV-26007,EC-VALVE-RELIEF
XV-26008,EC-VALVE-ISO
COL-26009,EC-VESSEL-COL
V-26010,EC-VESSEL-SEP
FCV-26011,EC-VALVE-CTRL
COL-26012,EC-VESSEL-COL
FT-26013,EC-INST-FT
XV-26014,EC-VALVE-ISO
K-26015,EC-COMPRESSOR-CENTR
E-26016,EC-HEATEXCH-SHELL
V-26017,EC-VESSEL-SEP
E-26018,EC-HEATEXCH-SHELL
PT-26019,EC-INST-PT
K-26020,EC-COMPRESSOR-CENTR
FCV-26021,EC-VALVE-CTRL
FT-26022,EC-INST-FT
V-26023,EC-VESSEL-SEP
FCV-26024,EC-VALVE-CTRL
TT-26025,EC-INST-TT
FCV-26026,EC-VALVE-CTRL
V-26027,EC-VESSEL-SEP
E-26028,EC-HEATEXCH-SHELL
FT-26029,EC-INST-FT
K-26030,EC-COMPRESSOR-CENTR
K-26031,EC-COMPRESSOR-CENTR
E-26032,EC-HEATEXCH-SHELL
V-26033,EC-VESSEL-SEP
P-26034,EC-PUMP-CENTR
V-26035,EC-VESSEL-SEP
XV-26036,EC-VALVE-ISO
LT-26037,EC-INST-LT
LT-26038,EC-INST-LT
FT-26039,EC-INST-FT
P-26040,EC-PUMP-CENTR
P-26041,EC-PUMP-RECIP
V-26042,EC-VESSEL-SEP
E-26043,EC-HEATEXCH-SHELL
TT-26044,EC-INST-TT
P-26045,EC-PUMP-CENTR
LT-26046,EC-INST-LT
V-26047,EC-VESSEL-SEP
COL-26048,EC-VESSEL-COL
TT-26049,EC-INST-TT
FCV-26050,EC-VALVE-CTRL
FCV-26051,EC-VALVE-CTRL
PSV-26052,EC-VALVE-RELIEF
PSV-26053,EC-VALVE-RELIEF
FCV-26054,EC-VALVE-CTRL
TT-26055,EC-INST-TT
TT-26056,EC-INST-TT
P-26057,EC-PUMP-RECIP
P-26058,EC-PUMP-CENTR
V-26059,EC-VESSEL-SEP
PT-26060,EC-INST-PT
P-26061,EC-PUMP-RECIP
COL-26062,EC-VESSEL-COL
FCV-26063,EC-VALVE-CTRL
V-26064,EC-VESSEL-SEP
PSV-26065,EC-VALVE-RELIEF
E-26066,EC-HEATEXCH-SHELL
PT-26067,EC-INST-PT
COL-26068,EC-VESSEL-COL
P-26069,EC-PUMP-CENTR
FCV-26070,EC-VALVE-CTRL
PT-26071,EC-INST-PT
PT-26072,EC-INST-PT
TT-26073,EC-INST-TT
FCV-26074,EC-VALVE-CTRL
TT-26075,EC-INST-TT
P-26076,EC-PUMP-RECIP
XV-26077,EC-VALVE-ISO
K-26078,EC-COMPRESSOR-CENTR
P-26079,EC-PUMP-RECIP
PT-26080,EC-INST-PT
PT-26081,EC-INST-PT
P-26082,EC-PUMP-RECIP
TT-26083,EC-INST-TT
TT-26084,EC-INST-TT
COL-26085,EC-VESSEL-COL
FCV-26086,EC-VALVE-CTRL
K-26087,EC-COMPRESSOR-CENTR
E-26088,EC-HEATEXCH-SHELL
PT-26089,EC-INST-PT
K-26090,EC-COMPRESSOR-CENTR
E-26091,EC-HEATEXCH-SHELL
P-26092,EC-PUMP-RECIP
FT-26093,EC-INST-FT
XV-26094,EC-VALVE-ISO
COL-26095,EC-VESSEL-COL
XV-26096,EC-VALVE-ISO
COL-26097,EC-VESSEL-COL
LT-26098,EC-INST-LT
FCV-26099,EC-VALVE-CTRL
FT-26100,EC-INST-FT
K-26101,EC-COMPRESSOR-CENTR
E-26102,EC-HEATEXCH-SHELL
TT-26103,EC-INST-TT
E-26104,EC-HEATEXCH-SHELL
FCV-26105,EC-VALVE-CTRL
PT-26106,EC-INST-PT
V-26107,EC-VESSEL-SEP
XV-26108,EC-VALVE-ISO
TT-26109,EC-INST-TT
P-26110,EC-PUMP-RECIP
FCV-26111,EC-VALVE-CTRL
FT-26112,EC-INST-FT
PSV-26113,EC-VALVE-RELIEF
FT-26114,EC-INST-FT
FT-26115,EC-INST-FT
XV-26116,EC-VALVE-ISO
PT-26117,EC-INST-PT
K-26118,EC-COMPRESSOR-CENTR
PSV-26119,EC-VALVE-RELIEF
PT-26120,EC-INST-PT
LT-26121,EC-INST-LT
PSV-26122,EC-VALVE-RELIEF
LT-26123,EC-INST-LT
PT-26124,EC-INST-PT
PSV-26125,EC-VALVE-RELIEF
PT-26126,EC-INST-PT
P-26127,EC-PUMP-CENTR
P-26128,EC-PUMP-CENTR
PT-26129,EC-INST-PT
PSV-26130,EC-VALVE-RELIEF
FT-26131,EC-INST-FT
P-26132,EC-PUMP-CENTR
P-26133,EC-PUMP-RECIP
K-26134,EC-COMPRESSOR-CENTR
XV-26135,EC-VALVE-ISO
TT-26136,EC-INST-TT
FCV-26137,EC-VALVE-CTRL
TT-26138,EC-INST-TT
TT-26139,EC-INST-TT
FCV-26140,EC-VALVE-CTRL
V-26141,EC-VESSEL-SEP
COL-26142,EC-VESSEL-COL
LT-26143,EC-INST-LT
K-26144,EC-COMPRESSOR-CENTR
P-26145,EC-PUMP-RECIP
XV-26146,EC-VALVE-ISO
P-26147,EC-PUMP-RECIP
K-26148,EC-COMPRESSOR-CENTR
P-26149,EC-PUMP-CENTR
E-26150,EC-HEATEXCH-SHELL
FCV-26151,EC-VALVE-CTRL
P-26152,EC-PUMP-RECIP
P-26153,EC-PUMP-RECIP
K-26154,EC-COMPRESSOR-CENTR
XV-26155,EC-VALVE-ISO
K-26156,EC-COMPRESSOR-CENTR
TT-26157,EC-INST-TT
XV-26158,EC-VALVE-ISO
K-26159,EC-COMPRESSOR-CENTR
FCV-26160,EC-VALVE-CTRL
PT-26161,EC-INST-PT
COL-26162,EC-VESSEL-COL
PT-26163,EC-INST-PT
K-26164,EC-COMPRESSOR-CENTR
FCV-26165,EC-VALVE-CTRL
FT-26166,EC-INST-FT
E-26167,EC-HEATEXCH-SHELL
XV-26168,EC-VALVE-ISO
V-26169,EC-VESSEL-SEP
K-26170,EC-COMPRESSOR-CENTR
P-26171,EC-PUMP-CENTR
PT-26172,EC-INST-PT
P-26173,EC-PUMP-RECIP
PSV-26174,EC-VALVE-RELIEF
PT-26175,EC-INST-PT
P-26176,EC-PUMP-RECIP
PT-26177,EC-INST-PT
PT-26178,EC-INST-PT
E-26179,EC-HEATEXCH-SHELL
FT-26180,EC-INST-FT
PSV-26181,EC-VALVE-RELIEF
P-26182,EC-PUMP-RECIP
K-26183,EC-COMPRESSOR-CENTR
XV-26184,EC-VALVE-ISO
PT-26185,EC-INST-PT
E-26186,EC-HEATEXCH-SHELL
E-26187,EC-HEATEXCH-SHELL
P-26188,EC-PUMP-CENTR
PT-26189,EC-INST-PT
LT-26190,EC-INST-LT
K-26191,EC-COMPRESSOR-CENTR
FT-26192,EC-INST-FT
FT-26193,EC-INST-FT
E-26194,EC-HEATEXCH-SHELL
LT-26195,EC-INST-LT
LT-26196,EC-INST-LT
P-26197,EC-PUMP-CENTR
PSV-26198,EC-VALVE-RELIEF
LT-26199,EC-INST-LT
COL-26200,EC-VESSEL-COL
FCV-26201,EC-VALVE-CTRL
TT-26202,EC-INST-TT
PT-26203,EC-INST-PT
P-26204,EC-PUMP-RECIP
XV-26205,EC-VALVE-ISO
P-26206,EC-PUMP-RECIP
P-26207,EC-PUMP-CENTR
P-26208,EC-PUMP-RECIP
V-26209,EC-VESSEL-SEP
TT-26210,EC-INST-TT
P-26211,EC-PUMP-CENTR
P-26212,EC-PUMP-CENTR
XV-26213,EC-VALVE-ISO
E-26214,EC-HEATEXCH-SHELL
P-26215,EC-PUMP-CENTR
V-26216,EC-VESSEL-SEP
PSV-26217,EC-VALVE-RELIEF
TT-26218,EC-INST-TT
P-26219,EC-PUMP-CENTR
COL-26220,EC-VESSEL-COL
FT-26221,EC-INST-FT
TT-26222,EC-INST-TT
LT-26223,EC-INST-LT
PT-26224,EC-INST-PT
FT-26225,EC-INST-FT
P-26226,EC-PUMP-RECIP
FT-26227,EC-INST-FT
FCV-26228,EC-VALVE-CTRL
FT-26229,EC-INST-FT
LT-26230,EC-INST-LT
V-26231,EC-VESSEL-SEP
TT-26232,EC-INST-TT
P-26233,EC-PUMP-CENTR
V-26234,EC-VESSEL-SEP
E-26235,EC-HEATEXCH-SHELL
FCV-26236,EC-VALVE-CTRL
COL-26237,EC-VESSEL-COL
P-26238,EC-PUMP-CENTR
K-26239,EC-COMPRESSOR-CENTR
COL-26240,EC-VESSEL-COL
XV-26241,EC-VALVE-ISO
PT-26242,EC-INST-PT
LT-26243,EC-INST-LT
FT-26244,EC-INST-FT
K-26245,EC-COMPRESSOR-CENTR
XV-26246,EC-VALVE-ISO
TT-26247,EC-INST-TT
TT-26248,EC-INST-TT
TT-26249,EC-INST-TT
K-26250,EC-COMPRESSOR-CENTR
COL-26251,EC-VESSEL-COL
TT-26252,EC-INST-TT
P-26253,EC-PUMP-CENTR
TT-26254,EC-INST-TT
FCV-26255,EC-VALVE-CTRL
K-26256,EC-COMPRESSOR-CENTR
FT-26257,EC-INST-FT
FT-26258,EC-INST-FT
FCV-26259,EC-VALVE-CTRL
FCV-26260,EC-VALVE-CTRL
V-26261,EC-VESSEL-SEP
P-26262,EC-PUMP-CENTR
P-26263,EC-PUMP-CENTR
K-26264,EC-COMPRESSOR-CENTR
FT-26265,EC-INST-FT
PSV-26266,EC-VALVE-RELIEF
LT-26267,EC-INST-LT
TT-26268,EC-INST-TT
P-26269,EC-PUMP-RECIP
E-26270,EC-HEATEXCH-SHELL
K-26271,EC-COMPRESSOR-CENTR
V-26272,EC-VESSEL-SEP
E-26273,EC-HEATEXCH-SHELL
V-26274,EC-VESSEL-SEP
FCV-26275,EC-VALVE-CTRL
FCV-26276,EC-VALVE-CTRL
P-26277,EC-PUMP-CENTR
E-26278,EC-HEATEXCH-SHELL
PT-26279,EC-INST-PT
PSV-26280,EC-VALVE-RELIEF
FT-26281,EC-INST-FT
P-26282,EC-PUMP-CENTR
V-26283,EC-VESSEL-SEP
V-26284,EC-VESSEL-SEP
FT-26285,EC-INST-FT
LT-26286,EC-INST-LT
P-26287,EC-PUMP-RECIP
E-26288,EC-HEATEXCH-SHELL
COL-26289,EC-VESSEL-COL
FCV-26290,EC-VALVE-CTRL
FCV-26291,EC-VALVE-CTRL
PT-26292,EC-INST-PT
P-26293,EC-PUMP-RECIP
P-26294,EC-PUMP-CENTR
P-26295,EC-PUMP-RECIP
FCV-26296,EC-VALVE-CTRL
LT-26297,EC-INST-LT
K-26298,EC-COMPRESSOR-CENTR
FT-26299,EC-INST-FT
E-26300,EC-HEATEXCH-SHELL
E-26301,EC-HEATEXCH-SHELL
PT-26302,EC-INST-PT
LT-26303,EC-INST-LT
P-26304,EC-PUMP-CENTR
TT-26305,EC-INST-TT
XV-26306,EC-VALVE-ISO
FCV-26307,EC-VALVE-CTRL
FT-26308,EC-INST-FT
LT-26309,EC-INST-LT
TT-26310,EC-INST-TT
FCV-26311,EC-VALVE-CTRL
FCV-26312,EC-VALVE-CTRL
LT-26313,EC-INST-LT
P-26314,EC-PUMP-RECIP
COL-26315,EC-VESSEL-COL
PSV-26316,EC-VALVE-RELIEF
PT-26317,EC-INST-PT
TT-26318,EC-INST-TT
E-26319,EC-HEATEXCH-SHELL
E-26320,EC-HEATEXCH-SHELL
FCV-26321,EC-VALVE-CTRL
P-26322,EC-PUMP-CENTR
FCV-26323,EC-VALVE-CTRL
TT-26324,EC-INST-TT
V-26325,EC-VESSEL-SEP
FCV-26326,EC-VALVE-CTRL
E-26327,EC-HEATEXCH-SHELL
PT-26328,EC-INST-PT
XV-26329,EC-VALVE-ISO
P-26330,EC-PUMP-CENTR
FT-26331,EC-INST-FT
P-26332,EC-PUMP-RECIP
K-26333,EC-COMPRESSOR-CENTR
PT-26334,EC-INST-PT
LT-26335,EC-INST-LT
LT-26336,EC-INST-LT
PSV-26337,EC-VALVE-RELIEF
PSV-26338,EC-VALVE-RELIEF
V-26339,EC-VESSEL-SEP
K-26340,EC-COMPRESSOR-CENTR
K-26341,EC-COMPRESSOR-CENTR
V-26342,EC-VESSEL-SEP
FCV-26343,EC-VALVE-CTRL
PT-26344,EC-INST-PT
V-26345,EC-VESSEL-SEP
LT-26346,EC-INST-LT
K-26347,EC-COMPRESSOR-CENTR
P-26348,EC-PUMP-CENTR
FCV-26349,EC-VALVE-CTRL
FT-26350,EC-INST-FT
P-26351,EC-PUMP-CENTR
XV-26352,EC-VALVE-ISO
P-26353,EC-PUMP-RECIP
P-26354,EC-PUMP-CENTR
FCV-26355,EC-VALVE-CTRL
COL-26356,EC-VESSEL-COL
E-26357,EC-HEATEXCH-SHELL
COL-26358,EC-VESSEL-COL
COL-26359,EC-VESSEL-COL
PT-26360,EC-INST-PT
LT-26361,EC-INST-LT
XV-26362,EC-VALVE-ISO
V-26363,EC-VESSEL-SEP
LT-26364,EC-INST-LT
COL-26365,EC-VESSEL-COL
E-26366,EC-HEATEXCH-SHELL
V-26367,EC-VESSEL-SEP
PT-26368,EC-INST-PT
E-26369,EC-HEATEXCH-SHELL
FCV-26370,EC-VALVE-CTRL
E-26371,EC-HEATEXCH-SHELL
COL-26372,EC-VESSEL-COL
V-26373,EC-VESSEL-SEP
FCV-26374,EC-VALVE-CTRL
P-26375,EC-PUMP-RECIP
V-26376,EC-VESSEL-SEP
COL-26377,EC-VESSEL-COL
PSV-26378,EC-VALVE-RELIEF
COL-26379,EC-VESSEL-COL
E-26380,EC-HEATEXCH-SHELL
K-26381,EC-COMPRESSOR-CENTR
FT-26382,EC-INST-FT
V-26383,EC-VESSEL-SEP
PSV-26384,EC-VALVE-RELIEF
PT-26385,EC-INST-PT
FT-26386,EC-INST-FT
FCV-26387,EC-VALVE-CTRL
FT-26388,EC-INST-FT
P-26389,EC-PUMP-RECIP
XV-26390,EC-VALVE-ISO
PT-26391,EC-INST-PT
FCV-26392,EC-VALVE-CTRL
K-26393,EC-COMPRESSOR-CENTR
LT-26394,EC-INST-LT
PSV-26395,EC-VALVE-RELIEF
K-26396,EC-COMPRESSOR-CENTR
P-26397,EC-PUMP-RECIP
FT-26398,EC-INST-FT
E-26399,EC-HEATEXCH-SHELL
TT-26400,EC-INST-TT
PSV-26401,EC-VALVE-RELIEF
XV-26402,EC-VALVE-ISO
COL-26403,EC-VESSEL-COL
P-26404,EC-PUMP-RECIP
P-26405,EC-PUMP-CENTR
K-26406,EC-COMPRESSOR-CENTR
FCV-26407,EC-VALVE-CTRL
FCV-26408,EC-VALVE-CTRL
P-26409,EC-PUMP-RECIP
XV-26410,EC-VALVE-ISO
XV-26411,EC-VALVE-ISO
PT-26412,EC-INST-PT
COL-26413,EC-VESSEL-COL
K-26414,EC-COMPRESSOR-CENTR
P-26415,EC-PUMP-RECIP
FCV-26416,EC-VALVE-CTRL
E-26417,EC-HEATEXCH-SHELL
FCV-26418,EC-VALVE-CTRL
K-26419,EC-COMPRESSOR-CENTR
V-26420,EC-VESSEL-SEP
XV-26421,EC-VALVE-ISO
COL-26422,EC-VESSEL-COL
XV-26423,EC-VALVE-ISO
P-26424,EC-PUMP-CENTR
LT-26425,EC-INST-LT
TT-26426,EC-INST-TT
P-26427,EC-PUMP-RECIP
PSV-26428,EC-VALVE-RELIEF
E-26429,EC-HEATEXCH-SHELL
LT-26430,EC-INST-LT
LT-26431,EC-INST-LT
TT-26432,EC-INST-TT
LT-26433,EC-INST-LT
P-26434,EC-PUMP-CENTR
LT-26435,EC-INST-LT
K-26436,EC-COMPRESSOR-CENTR
XV-26437,EC-VALVE-ISO
TT-26438,EC-INST-TT
XV-26439,EC-VALVE-ISO
LT-26440,EC-INST-LT
K-26441,EC-COMPRESSOR-CENTR
E-26442,EC-HEATEXCH-SHELL
P-26443,EC-PUMP-RECIP
COL-26444,EC-VESSEL-COL
P-26445,EC-PUMP-RECIP
FCV-26446,EC-VALVE-CTRL
LT-26447,EC-INST-LT
XV-26448,EC-VALVE-ISO
PT-26449,EC-INST-PT
FT-26450,EC-INST-FT
TT-26451,EC-INST-TT
PSV-26452,EC-VALVE-RELIEF
P-26453,EC-PUMP-CENTR
FCV-26454,EC-VALVE-CTRL
LT-26455,EC-INST-LT
FCV-26456,EC-VALVE-CTRL
PT-26457,EC-INST-PT
LT-26458,EC-INST-LT
COL-26459,EC-VESSEL-COL
TT-26460,EC-INST-TT
FCV-26461,EC-VALVE-CTRL
FT-26462,EC-INST-FT
FCV-26463,EC-VALVE-CTRL
LT-26464,EC-INST-LT
LT-26465,EC-INST-LT
V-26466,EC-VESSEL-SEP
TT-26467,EC-INST-TT
E-26468,EC-HEATEXCH-SHELL
P-26469,EC-PUMP-RECIP
PT-26470,EC-INST-PT
P-26471,EC-PUMP-CENTR
TT-26472,EC-INST-TT
XV-26473,EC-VALVE-ISO
PT-26474,EC-INST-PT
TT-26475,EC-INST-TT
LT-26476,EC-INST-LT
FT-26477,EC-INST-FT
P-26478,EC-PUMP-CENTR
FCV-26479,EC-VALVE-CTRL
XV-26480,EC-VALVE-ISO
FT-26481,EC-INST-FT
XV-26482,EC-VALVE-ISO
PSV-26483,EC-VALVE-RELIEF
P-26484,EC-PUMP-CENTR
FT-26485,EC-INST-FT
TT-26486,EC-INST-TT
PSV-26487,EC-VALVE-RELIEF
PT-26488,EC-INST-PT
PT-26489,EC-INST-PT
LT-26490,EC-INST-LT
FT-26491,EC-INST-FT
PT-26492,EC-INST-PT
LT-26493,EC-INST-LT
FT-26494,EC-INST-FT
FCV-26495,EC-VALVE-CTRL
P-26496,EC-PUMP-CENTR
PT-26497,EC-INST-PT
K-26498,EC-COMPRESSOR-CENTR
PT-26499,EC-INST-PT
FCV-26500,EC-VALVE-CTRL
COL-26501,EC-VESSEL-COL
LT-26502,EC-INST-LT
COL-26503,EC-VESSEL-COL
TT-26504,EC-INST-TT
FCV-26505,EC-VALVE-CTRL
K-26506,EC-COMPRESSOR-CENTR
LT-26507,EC-INST-LT
TT-26508,EC-INST-TT
P-26509,EC-PUMP-RECIP
K-26510,EC-COMPRESSOR-CENTR
LT-26511,EC-INST-LT
PSV-26512,EC-VALVE-RELIEF
TT-26513,EC-INST-TT
PT-26514,EC-INST-PT
FT-26515,EC-INST-FT
COL-26516,EC-VESSEL-COL
TT-26517,EC-INST-TT
PSV-26518,EC-VALVE-RELIEF
E-26519,EC-HEATEXCH-SHELL
XV-26520,EC-VALVE-ISO
COL-26521,EC-VESSEL-COL
LT-26522,EC-INST-LT
XV-26523,EC-VALVE-ISO
LT-26524,EC-INST-LT
V-26525,EC-VESSEL-SEP
TT-26526,EC-INST-TT
COL-26527,EC-VESSEL-COL
FT-26528,EC-INST-FT
PT-26529,EC-INST-PT
PT-26530,EC-INST-PT
XV-26531,EC-VALVE-ISO
K-26532,EC-COMPRESSOR-CENTR
LT-26533,EC-INST-LT
FCV-26534,EC-VALVE-CTRL
V-26535,EC-VESSEL-SEP
PSV-26536,EC-VALVE-RELIEF
TT-26537,EC-INST-TT
K-26538,EC-COMPRESSOR-CENTR
P-26539,EC-PUMP-CENTR
PT-26540,EC-INST-PT
FT-26541,EC-INST-FT
PSV-26542,EC-VALVE-RELIEF
P-26543,EC-PUMP-CENTR
PT-26544,EC-INST-PT
V-26545,EC-VESSEL-SEP
K-26546,EC-COMPRESSOR-CENTR
XV-26547,EC-VALVE-ISO
E-26548,EC-HEATEXCH-SHELL
P-26549,EC-PUMP-RECIP
TT-26550,EC-INST-TT
P-26551,EC-PUMP-RECIP
P-26552,EC-PUMP-CENTR
P-26553,EC-PUMP-RECIP
E-26554,EC-HEATEXCH-SHELL
P-26555,EC-PUMP-RECIP
COL-26556,EC-VESSEL-COL
LT-26557,EC-INST-LT
P-26558,EC-PUMP-RECIP
FCV-26559,EC-VALVE-CTRL
V-26560,EC-VESSEL-SEP
P-26561,EC-PUMP-CENTR
FCV-26562,EC-VALVE-CTRL
FCV-26563,EC-VALVE-CTRL
FCV-26564,EC-VALVE-CTRL
V-26565,EC-VESSEL-SEP
E-26566,EC-HEATEXCH-SHELL
TT-26567,EC-INST-TT
PSV-26568,EC-VALVE-RELIEF
K-26569,EC-COMPRESSOR-CENTR
PT-26570,EC-INST-PT
P-26571,EC-PUMP-RECIP
P-26572,EC-PUMP-RECIP
XV-26573,EC-VALVE-ISO
COL-26574,EC-VESSEL-COL
E-26575,EC-HEATEXCH-SHELL
PSV-26576,EC-VALVE-RELIEF
V-26577,EC-VESSEL-SEP
E-26578,EC-HEATEXCH-SHELL
LT-26579,EC-INST-LT
P-26580,EC-PUMP-CENTR
P-26581,EC-PUMP-RECIP
K-26582,EC-COMPRESSOR-CENTR
E-26583,EC-HEATEXCH-SHELL
K-26584,EC-COMPRESSOR-CENTR
PSV-26585,EC-VALVE-RELIEF
TT-26586,EC-INST-TT
TT-26587,EC-INST-TT
FT-26588,EC-INST-FT
LT-26589,EC-INST-LT
PT-26590,EC-INST-PT
FT-26591,EC-INST-FT
P-26592,EC-PUMP-RECIP
FT-26593,EC-INST-FT
P-26594,EC-PUMP-CENTR
FCV-26595,EC-VALVE-CTRL
K-26596,EC-COMPRESSOR-CENTR
E-26597,EC-HEATEXCH-SHELL
COL-26598,EC-VESSEL-COL
FCV-26599,EC-VALVE-CTRL
FT-26600,EC-INST-FT
LT-26601,EC-INST-LT
LT-26602,EC-INST-LT
P-26603,EC-PUMP-RECIP
TT-26604,EC-INST-TT
COL-26605,EC-VESSEL-COL
P-26606,EC-PUMP-CENTR
XV-26607,EC-VALVE-ISO
COL-26608,EC-VESSEL-COL
K-26609,EC-COMPRESSOR-CENTR
COL-26610,EC-VESSEL-COL
PT-26611,EC-INST-PT
P-26612,EC-PUMP-RECIP
FT-26613,EC-INST-FT
COL-26614,EC-VESSEL-COL
FT-26615,EC-INST-FT
TT-26616,EC-INST-TT
P-26617,EC-PUMP-RECIP
PT-26618,EC-INST-PT
TT-26619,EC-INST-TT
TT-26620,EC-INST-TT
PT-26621,EC-INST-PT
LT-26622,EC-INST-LT
LT-26623,EC-INST-LT
E-26624,EC-HEATEXCH-SHELL
XV-26625,EC-VALVE-ISO
PSV-26626,EC-VALVE-RELIEF
PSV-26627,EC-VALVE-RELIEF
TT-26628,EC-INST-TT
PSV-26629,EC-VALVE-RELIEF
V-26630,EC-VESSEL-SEP
PSV-26631,EC-VALVE-RELIEF
COL-26632,EC-VESSEL-COL
FT-26633,EC-INST-FT
PSV-26634,EC-VALVE-RELIEF
P-26635,EC-PUMP-RECIP
LT-26636,EC-INST-LT
PSV-26637,EC-VALVE-RELIEF
K-26638,EC-COMPRESSOR-CENTR
PSV-26639,EC-VALVE-RELIEF
E-26640,EC-HEATEXCH-SHELL
K-26641,EC-COMPRESSOR-CENTR
FT-26642,EC-INST-FT
P-26643,EC-PUMP-CENTR
P-26644,EC-PUMP-RECIP
LT-26645,EC-INST-LT
P-26646,EC-PUMP-RECIP
LT-26647,EC-INST-LT
FCV-26648,EC-VALVE-CTRL
PT-26649,EC-INST-PT
PSV-26650,EC-VALVE-RELIEF
FCV-26651,EC-VALVE-CTRL
P-26652,EC-PUMP-RECIP
COL-26653,EC-VESSEL-COL
V-26654,EC-VESSEL-SEP
TT-26655,EC-INST-TT
FT-26656,EC-INST-FT
P-26657,EC-PUMP-RECIP
V-26658,EC-VESSEL-SEP
E-26659,EC-HEATEXCH-SHELL
E-26660,EC-HEATEXCH-SHELL
E-26661,EC-HEATEXCH-SHELL
PSV-26662,EC-VALVE-RELIEF
V-26663,EC-VESSEL-SEP
P-26664,EC-PUMP-CENTR
P-26665,EC-PUMP-RECIP
FCV-26666,EC-VALVE-CTRL
FT-26667,EC-INST-FT
K-26668,EC-COMPRESSOR-CENTR
V-26669,EC-VESSEL-SEP
V-26670,EC-VESSEL-SEP
COL-26671,EC-VESSEL-COL
COL-26672,EC-VESSEL-COL
PSV-26673,EC-VALVE-RELIEF
E-26674,EC-HEATEXCH-SHELL
FCV-26675,EC-VALVE-CTRL
E-26676,EC-HEATEXCH-SHELL
PSV-26677,EC-VALVE-RELIEF
E-26678,EC-HEATEXCH-SHELL
TT-26679,EC-INST-TT
TT-26680,EC-INST-TT
COL-26681,EC-VESSEL-COL
P-26682,EC-PUMP-CENTR
PSV-26683,EC-VALVE-RELIEF
K-26684,EC-COMPRESSOR-CENTR
PSV-26685,EC-VALVE-RELIEF
FCV-26686,EC-VALVE-CTRL
P-26687,EC-PUMP-RECIP
P-26688,EC-PUMP-CENTR
COL-26689,EC-VESSEL-COL
P-26690,EC-PUMP-RECIP
PSV-26691,EC-VALVE-RELIEF
LT-26692,EC-INST-LT
FT-26693,EC-INST-FT
COL-26694,EC-VESSEL-COL
FT-26695,EC-INST-FT
P-26696,EC-PUMP-RECIP
COL-26697,EC-VESSEL-COL
P-26698,EC-PUMP-CENTR
LT-26699,EC-INST-LT
E-26700,EC-HEATEXCH-SHELL
K-26701,EC-COMPRESSOR-CENTR
COL-26702,EC-VESSEL-COL
FCV-26703,EC-VALVE-CTRL
E-26704,EC-HEATEXCH-SHELL
FT-26705,EC-INST-FT
V-26706,EC-VESSEL-SEP
TT-26707,EC-INST-TT
P-26708,EC-PUMP-CENTR
FT-26709,EC-INST-FT
V-26710,EC-VESSEL-SEP
V-26711,EC-VESSEL-SEP
LT-26712,EC-INST-LT
TT-26713,EC-INST-TT
P-26714,EC-PUMP-CENTR
V-26715,EC-VESSEL-SEP
P-26716,EC-PUMP-CENTR
PSV-26717,EC-VALVE-RELIEF
COL-26718,EC-VESSEL-COL
PSV-26719,EC-VALVE-RELIEF
P-26720,EC-PUMP-CENTR
V-26721,EC-VESSEL-SEP
K-26722,EC-COMPRESSOR-CENTR
LT-26723,EC-INST-LT
LT-26724,EC-INST-LT
FT-26725,EC-INST-FT
LT-26726,EC-INST-LT
P-26727,EC-PUMP-CENTR
K-26728,EC-COMPRESSOR-CENTR
P-26729,EC-PUMP-RECIP
E-26730,EC-HEATEXCH-SHELL
P-26731,EC-PUMP-RECIP
FCV-26732,EC-VALVE-CTRL
V-26733,EC-VESSEL-SEP
LT-26734,EC-INST-LT
P-26735,EC-PUMP-RECIP
V-26736,EC-VESSEL-SEP
PT-26737,EC-INST-PT
FCV-26738,EC-VALVE-CTRL
TT-26739,EC-INST-TT
COL-26740,EC-VESSEL-COL
LT-26741,EC-INST-LT
PSV-26742,EC-VALVE-RELIEF
XV-26743,EC-VALVE-ISO
E-26744,EC-HEATEXCH-SHELL
PT-26745,EC-INST-PT
E-26746,EC-HEATEXCH-SHELL
FCV-26747,EC-VALVE-CTRL
LT-26748,EC-INST-LT
LT-26749,EC-INST-LT
PT-26750,EC-INST-PT
XV-26751,EC-VALVE-ISO
LT-26752,EC-INST-LT
FCV-26753,EC-VALVE-CTRL
FCV-26754,EC-VALVE-CTRL
E-26755,EC-HEATEXCH-SHELL
K-26756,EC-COMPRESSOR-CENTR
XV-26757,EC-VALVE-ISO
K-26758,EC-COMPRESSOR-CENTR
P-26759,EC-PUMP-RECIP
P-26760,EC-PUMP-RECIP
P-26761,EC-PUMP-RECIP
LT-26762,EC-INST-LT
P-26763,EC-PUMP-CENTR
FCV-26764,EC-VALVE-CTRL
P-26765,EC-PUMP-CENTR
LT-26766,EC-INST-LT
PSV-26767,EC-VALVE-RELIEF
P-26768,EC-PUMP-RECIP
LT-26769,EC-INST-LT
TT-26770,EC-INST-TT
PSV-26771,EC-VALVE-RELIEF
PSV-26772,EC-VALVE-RELIEF
XV-26773,EC-VALVE-ISO
LT-26774,EC-INST-LT
FCV-26775,EC-VALVE-CTRL
PSV-26776,EC-VALVE-RELIEF
V-26777,EC-VESSEL-SEP
COL-26778,EC-VESSEL-COL
FCV-26779,EC-VALVE-CTRL
TT-26780,EC-INST-TT
K-26781,EC-COMPRESSOR-CENTR
V-26782,EC-VESSEL-SEP
PSV-26783,EC-VALVE-RELIEF
E-26784,EC-HEATEXCH-SHELL
V-26785,EC-VESSEL-SEP
P-26786,EC-PUMP-CENTR
TT-26787,EC-INST-TT
XV-26788,EC-VALVE-ISO
COL-26789,EC-VESSEL-COL
COL-26790,EC-VESSEL-COL
TT-26791,EC-INST-TT
FCV-26792,EC-VALVE-CTRL
PSV-26793,EC-VALVE-RELIEF
P-26794,EC-PUMP-RECIP
TT-26795,EC-INST-TT
K-26796,EC-COMPRESSOR-CENTR
P-26797,EC-PUMP-CENTR
FT-26798,EC-INST-FT
E-26799,EC-HEATEXCH-SHELL
COL-26800,EC-VESSEL-COL
PT-26801,EC-INST-PT
P-26802,EC-PUMP-CENTR
E-26803,EC-HEATEXCH-SHELL
TT-26804,EC-INST-TT
E-26805,EC-HEATEXCH-SHELL
PSV-26806,EC-VALVE-RELIEF
TT-26807,EC-INST-TT
E-26808,EC-HEATEXCH-SHELL
PSV-26809,EC-VALVE-RELIEF
P-26810,EC-PUMP-RECIP
FT-26811,EC-INST-FT
XV-26812,EC-VALVE-ISO
FT-26813,EC-INST-FT
TT-26814,EC-INST-TT
K-26815,EC-COMPRESSOR-CENTR
PT-26816,EC-INST-PT
PSV-26817,EC-VALVE-RELIEF
FT-26818,EC-INST-FT
E-26819,EC-HEATEXCH-SHELL
PSV-26820,EC-VALVE-RELIEF
PT-26821,EC-INST-PT
TT-26822,EC-INST-TT
K-26823,EC-COMPRESSOR-CENTR
K-26824,EC-COMPRESSOR-CENTR
XV-26825,EC-VALVE-ISO
PT-26826,EC-INST-PT
P-26827,EC-PUMP-CENTR
LT-26828,EC-INST-LT
PSV-26829,EC-VALVE-RELIEF
K-26830,EC-COMPRESSOR-CENTR
PSV-26831,EC-VALVE-RELIEF
P-26832,EC-PUMP-RECIP
FT-26833,EC-INST-FT
FCV-26834,EC-VALVE-CTRL
FCV-26835,EC-VALVE-CTRL
P-26836,EC-PUMP-CENTR
LT-26837,EC-INST-LT
E-26838,EC-HEATEXCH-SHELL
P-26839,EC-PUMP-RECIP
FT-26840,EC-INST-FT
P-26841,EC-PUMP-RECIP
V-26842,EC-VESSEL-SEP
P-26843,EC-PUMP-CENTR
TT-26844,EC-INST-TT
P-26845,EC-PUMP-CENTR
P-26846,EC-PUMP-CENTR
P-26847,EC-PUMP-CENTR
P-26848,EC-PUMP-CENTR
FT-26849,EC-INST-FT
V-26850,EC-VESSEL-SEP
K-26851,EC-COMPRESSOR-CENTR
COL-26852,EC-VESSEL-COL
P-26853,EC-PUMP-CENTR
COL-26854,EC-VESSEL-COL
TT-26855,EC-INST-TT
COL-26856,EC-VESSEL-COL
V-26857,EC-VESSEL-SEP
LT-26858,EC-INST-LT
P-26859,EC-PUMP-CENTR
TT-26860,EC-INST-TT
K-26861,EC-COMPRESSOR-CENTR
TT-26862,EC-INST-TT
XV-26863,EC-VALVE-ISO
COL-26864,EC-VESSEL-COL
P-26865,EC-PUMP-CENTR
E-26866,EC-HEATEXCH-SHELL
E-26867,EC-HEATEXCH-SHELL
P-26868,EC-PUMP-RECIP
XV-26869,EC-VALVE-ISO
E-26870,EC-HEATEXCH-SHELL
K-26871,EC-COMPRESSOR-CENTR
XV-26872,EC-VALVE-ISO
FCV-26873,EC-VALVE-CTRL
PT-26874,EC-INST-PT
LT-26875,EC-INST-LT
PSV-26876,EC-VALVE-RELIEF
PT-26877,EC-INST-PT
V-26878,EC-VESSEL-SEP
V-26879,EC-VESSEL-SEP
V-26880,EC-VESSEL-SEP
K-26881,EC-COMPRESSOR-CENTR
K-26882,EC-COMPRESSOR-CENTR
P-26883,EC-PUMP-RECIP
P-26884,EC-PUMP-RECIP
XV-26885,EC-VALVE-ISO
LT-26886,EC-INST-LT
PT-26887,EC-INST-PT
K-26888,EC-COMPRESSOR-CENTR
COL-26889,EC-VESSEL-COL
P-26890,EC-PUMP-CENTR
PT-26891,EC-INST-PT
P-26892,EC-PUMP-CENTR
COL-26893,EC-VESSEL-COL
V-26894,EC-VESSEL-SEP
E-26895,EC-HEATEXCH-SHELL
E-26896,EC-HEATEXCH-SHELL
V-26897,EC-VESSEL-SEP
P-26898,EC-PUMP-CENTR
TT-26899,EC-INST-TT
PSV-26900,EC-VALVE-RELIEF
LT-26901,EC-INST-LT
PT-26902,EC-INST-PT
LT-26903,EC-INST-LT
LT-26904,EC-INST-LT
P-26905,EC-PUMP-RECIP
XV-26906,EC-VALVE-ISO
TT-26907,EC-INST-TT
V-26908,EC-VESSEL-SEP
E-26909,EC-HEATEXCH-SHELL
E-26910,EC-HEATEXCH-SHELL
FCV-26911,EC-VALVE-CTRL
V-26912,EC-VESSEL-SEP
XV-26913,EC-VALVE-ISO
FCV-26914,EC-VALVE-CTRL
E-26915,EC-HEATEXCH-SHELL
K-26916,EC-COMPRESSOR-CENTR
E-26917,EC-HEATEXCH-SHELL
K-26918,EC-COMPRESSOR-CENTR
E-26919,EC-HEATEXCH-SHELL
K-26920,EC-COMPRESSOR-CENTR
XV-26921,EC-VALVE-ISO
FT-26922,EC-INST-FT
COL-26923,EC-VESSEL-COL
P-26924,EC-PUMP-CENTR
P-26925,EC-PUMP-CENTR
V-26926,EC-VESSEL-SEP
E-26927,EC-HEATEXCH-SHELL
K-26928,EC-COMPRESSOR-CENTR
FCV-26929,EC-VALVE-CTRL
PSV-26930,EC-VALVE-RELIEF
P-26931,EC-PUMP-CENTR
V-26932,EC-VESSEL-SEP
E-26933,EC-HEATEXCH-SHELL
FCV-26934,EC-VALVE-CTRL
LT-26935,EC-INST-LT
K-26936,EC-COMPRESSOR-CENTR
FT-26937,EC-INST-FT
FT-26938,EC-INST-FT
FCV-26939,EC-VALVE-CTRL
TT-26940,EC-INST-TT
K-26941,EC-COMPRESSOR-CENTR
P-26942,EC-PUMP-RECIP
FT-26943,EC-INST-FT
V-26944,EC-VESSEL-SEP
K-26945,EC-COMPRESSOR-CENTR
FCV-26946,EC-VALVE-CTRL
LT-26947,EC-INST-LT
K-26948,EC-COMPRESSOR-CENTR
P-26949,EC-PUMP-CENTR
V-26950,EC-VESSEL-SEP
LT-26951,EC-INST-LT
PT-26952,EC-INST-PT
TT-26953,EC-INST-TT
XV-26954,EC-VALVE-ISO
LT-26955,EC-INST-LT
P-26956,EC-PUMP-CENTR
E-26957,EC-HEATEXCH-SHELL
V-26958,EC-VESSEL-SEP
P-26959,EC-PUMP-CENTR
XV-26960,EC-VALVE-ISO
LT-26961,EC-INST-LT
LT-26962,EC-INST-LT
V-26963,EC-VESSEL-SEP
V-26964,EC-VESSEL-SEP
PT-26965,EC-INST-PT
FT-26966,EC-INST-FT
COL-26967,EC-VESSEL-COL
P-26968,EC-PUMP-RECIP
FT-26969,EC-INST-FT
P-26970,EC-PUMP-RECIP
COL-26971,EC-VESSEL-COL
FT-26972,EC-INST-FT
LT-26973,EC-INST-LT
PSV-26974,EC-VALVE-RELIEF
V-26975,EC-VESSEL-SEP
FCV-26976,EC-VALVE-CTRL
COL-26977,EC-VESSEL-COL
TT-26978,EC-INST-TT
E-26979,EC-HEATEXCH-SHELL
P-26980,EC-PUMP-RECIP
COL-26981,EC-VESSEL-COL
FT-26982,EC-INST-FT
K-26983,EC-COMPRESSOR-CENTR
XV-26984,EC-VALVE-ISO
TT-26985,EC-INST-TT
XV-26986,EC-VALVE-ISO
TT-26987,EC-INST-TT
P-26988,EC-PUMP-CENTR
TT-26989,EC-INST-TT
FT-26990,EC-INST-FT
P-26991,EC-PUMP-CENTR
K-26992,EC-COMPRESSOR-CENTR
PSV-26993,EC-VALVE-RELIEF
PSV-26994,EC-VALVE-RELIEF
COL-26995,EC-VESSEL-COL
P-26996,EC-PUMP-RECIP
COL-26997,EC-VESSEL-COL
P-26998,EC-PUMP-CENTR
COL-26999,EC-VESSEL-COL
E-27000,EC-HEATEXCH-SHELL
K-27001,EC-COMPRESSOR-CENTR
FT-27002,EC-INST-FT
PT-27003,EC-INST-PT
PSV-27004,EC-VALVE-RELIEF
FT-27005,EC-INST-FT
TT-27006,EC-INST-TT
COL-27007,EC-VESSEL-COL
V-27008,EC-VESSEL-SEP
PT-27009,EC-INST-PT
P-27010,EC-PUMP-CENTR
K-27011,EC-COMPRESSOR-CENTR
FT-27012,EC-INST-FT
LT-27013,EC-INST-LT
FT-27014,EC-INST-FT
K-27015,EC-COMPRESSOR-CENTR
PSV-27016,EC-VALVE-RELIEF
K-27017,EC-COMPRESSOR-CENTR
V-27018,EC-VESSEL-SEP
P-27019,EC-PUMP-RECIP
PT-27020,EC-INST-PT
K-27021,EC-COMPRESSOR-CENTR
PT-27022,EC-INST-PT
FCV-27023,EC-VALVE-CTRL
LT-27024,EC-INST-LT
FT-27025,EC-INST-FT
P-27026,EC-PUMP-RECIP
COL-27027,EC-VESSEL-COL
K-27028,EC-COMPRESSOR-CENTR
V-27029,EC-VESSEL-SEP
P-27030,EC-PUMP-RECIP
TT-27031,EC-INST-TT
FT-27032,EC-INST-FT
V-27033,EC-VESSEL-SEP
E-27034,EC-HEATEXCH-SHELL
P-27035,EC-PUMP-CENTR
PT-27036,EC-INST-PT
P-27037,EC-PUMP-RECIP
E-27038,EC-HEATEXCH-SHELL
COL-27039,EC-VESSEL-COL
LT-27040,EC-INST-LT
FT-27041,EC-INST-FT
XV-27042,EC-VALVE-ISO
COL-27043,EC-VESSEL-COL
PT-27044,EC-INST-PT
COL-27045,EC-VESSEL-COL
XV-27046,EC-VALVE-ISO
COL-27047,EC-VESSEL-COL
P-27048,EC-PUMP-RECIP
PSV-27049,EC-VALVE-RELIEF
P-27050,EC-PUMP-CENTR
PSV-27051,EC-VALVE-RELIEF
XV-27052,EC-VALVE-ISO
XV-27053,EC-VALVE-ISO
FT-27054,EC-INST-FT
COL-27055,EC-VESSEL-COL
FT-27056,EC-INST-FT
V-27057,EC-VESSEL-SEP
FCV-27058,EC-VALVE-CTRL
P-27059,EC-PUMP-RECIP
K-27060,EC-COMPRESSOR-CENTR
FT-27061,EC-INST-FT
FT-27062,EC-INST-FT
P-27063,EC-PUMP-CENTR
TT-27064,EC-INST-TT
TT-27065,EC-INST-TT
FT-27066,EC-INST-FT
TT-27067,EC-INST-TT
K-27068,EC-COMPRESSOR-CENTR
FCV-27069,EC-VALVE-CTRL
K-27070,EC-COMPRESSOR-CENTR
LT-27071,EC-INST-LT
P-27072,EC-PUMP-CENTR
E-27073,EC-HEATEXCH-SHELL
FT-27074,EC-INST-FT
K-27075,EC-COMPRESSOR-CENTR
PT-27076,EC-INST-PT
XV-27077,EC-VALVE-ISO
P-27078,EC-PUMP-RECIP
TT-27079,EC-INST-TT
PT-27080,EC-INST-PT
P-27081,EC-PUMP-RECIP
COL-27082,EC-VESSEL-COL
TT-27083,EC-INST-TT
FCV-27084,EC-VALVE-CTRL
FT-27085,EC-INST-FT
E-27086,EC-HEATEXCH-SHELL
P-27087,EC-PUMP-CENTR
K-27088,EC-COMPRESSOR-CENTR
K-27089,EC-COMPRESSOR-CENTR
FCV-27090,EC-VALVE-CTRL
PT-27091,EC-INST-PT
COL-27092,EC-VESSEL-COL
K-27093,EC-COMPRESSOR-CENTR
E-27094,EC-HEATEXCH-SHELL
E-27095,EC-HEATEXCH-SHELL
FCV-27096,EC-VALVE-CTRL
P-27097,EC-PUMP-CENTR
TT-27098,EC-INST-TT
PT-27099,EC-INST-PT
TT-27100,EC-INST-TT
FT-27101,EC-INST-FT
E-27102,EC-HEATEXCH-SHELL
P-27103,EC-PUMP-CENTR
LT-27104,EC-INST-LT
LT-27105,EC-INST-LT
FT-27106,EC-INST-FT
FT-27107,EC-INST-FT
LT-27108,EC-INST-LT
FCV-27109,EC-VALVE-CTRL
PSV-27110,EC-VALVE-RELIEF
FCV-27111,EC-VALVE-CTRL
PT-27112,EC-INST-PT
FCV-27113,EC-VALVE-CTRL
PT-27114,EC-INST-PT
PSV-27115,EC-VALVE-RELIEF
E-27116,EC-HEATEXCH-SHELL
XV-27117,EC-VALVE-ISO
FCV-27118,EC-VALVE-CTRL
FT-27119,EC-INST-FT
V-27120,EC-VESSEL-SEP
V-27121,EC-VESSEL-SEP
K-27122,EC-COMPRESSOR-CENTR
LT-27123,EC-INST-LT
FT-27124,EC-INST-FT
P-27125,EC-PUMP-RECIP
LT-27126,EC-INST-LT
PT-27127,EC-INST-PT
XV-27128,EC-VALVE-ISO
P-27129,EC-PUMP-CENTR
P-27130,EC-PUMP-RECIP
COL-27131,EC-VESSEL-COL
XV-27132,EC-VALVE-ISO
E-27133,EC-HEATEXCH-SHELL
P-27134,EC-PUMP-CENTR
K-27135,EC-COMPRESSOR-CENTR
TT-27136,EC-INST-TT
FT-27137,EC-INST-FT
TT-27138,EC-INST-TT
P-27139,EC-PUMP-RECIP
COL-27140,EC-VESSEL-COL
TT-27141,EC-INST-TT
P-27142,EC-PUMP-RECIP
FCV-27143,EC-VALVE-CTRL
FT-27144,EC-INST-FT
P-27145,EC-PUMP-RECIP
P-27146,EC-PUMP-RECIP
FCV-27147,EC-VALVE-CTRL
LT-27148,EC-INST-LT
TT-27149,EC-INST-TT
P-27150,EC-PUMP-CENTR
P-27151,EC-PUMP-RECIP
PSV-27152,EC-VALVE-RELIEF
P-27153,EC-PUMP-RECIP
E-27154,EC-HEATEXCH-SHELL
XV-27155,EC-VALVE-ISO
XV-27156,EC-VALVE-ISO
COL-27157,EC-VESSEL-COL
PSV-27158,EC-VALVE-RELIEF
PSV-27159,EC-VALVE-RELIEF
P-27160,EC-PUMP-RECIP
TT-27161,EC-INST-TT
XV-27162,EC-VALVE-ISO
K-27163,EC-COMPRESSOR-CENTR
E-27164,EC-HEATEXCH-SHELL
V-27165,EC-VESSEL-SEP
PT-27166,EC-INST-PT
K-27167,EC-COMPRESSOR-CENTR
TT-27168,EC-INST-TT
E-27169,EC-HEATEXCH-SHELL
V-27170,EC-VESSEL-SEP
TT-27171,EC-INST-TT
COL-27172,EC-VESSEL-COL
FCV-27173,EC-VALVE-CTRL
K-27174,EC-COMPRESSOR-CENTR
P-27175,EC-PUMP-CENTR
E-27176,EC-HEATEXCH-SHELL
LT-27177,EC-INST-LT
XV-27178,EC-VALVE-ISO
PSV-27179,EC-VALVE-RELIEF
COL-27180,EC-VESSEL-COL
TT-27181,EC-INST-TT
COL-27182,EC-VESSEL-COL
P-27183,EC-PUMP-CENTR
TT-27184,EC-INST-TT
P-27185,EC-PUMP-RECIP
PSV-27186,EC-VALVE-RELIEF
XV-27187,EC-VALVE-ISO
V-27188,EC-VESSEL-SEP
COL-27189,EC-VESSEL-COL
K-27190,EC-COMPRESSOR-CENTR
P-27191,EC-PUMP-CENTR
LT-27192,EC-INST-LT
COL-27193,EC-VESSEL-COL
P-27194,EC-PUMP-RECIP
FT-27195,EC-INST-FT
P-27196,EC-PUMP-CENTR
E-27197,EC-HEATEXCH-SHELL
LT-27198,EC-INST-LT
P-27199,EC-PUMP-CENTR
FCV-27200,EC-VALVE-CTRL
COL-27201,EC-VESSEL-COL
LT-27202,EC-INST-LT
PT-27203,EC-INST-PT
FCV-27204,EC-VALVE-CTRL
COL-27205,EC-VESSEL-COL
E-27206,EC-HEATEXCH-SHELL
FT-27207,EC-INST-FT
P-27208,EC-PUMP-CENTR
FT-27209,EC-INST-FT
PT-27210,EC-INST-PT
LT-27211,EC-INST-LT
XV-27212,EC-VALVE-ISO
PT-27213,EC-INST-PT
K-27214,EC-COMPRESSOR-CENTR
K-27215,EC-COMPRESSOR-CENTR
P-27216,EC-PUMP-CENTR
FCV-27217,EC-VALVE-CTRL
LT-27218,EC-INST-LT
V-27219,EC-VESSEL-SEP
LT-27220,EC-INST-LT
K-27221,EC-COMPRESSOR-CENTR
FCV-27222,EC-VALVE-CTRL
P-27223,EC-PUMP-RECIP
FCV-27224,EC-VALVE-CTRL
COL-27225,EC-VESSEL-COL
PSV-27226,EC-VALVE-RELIEF
V-27227,EC-VESSEL-SEP
FT-27228,EC-INST-FT
COL-27229,EC-VESSEL-COL
K-27230,EC-COMPRESSOR-CENTR
FT-27231,EC-INST-FT
E-27232,EC-HEATEXCH-SHELL
V-27233,EC-VESSEL-SEP
K-27234,EC-COMPRESSOR-CENTR
LT-27235,EC-INST-LT
PSV-27236,EC-VALVE-RELIEF
P-27237,EC-PUMP-CENTR
V-27238,EC-VESSEL-SEP
FCV-27239,EC-VALVE-CTRL
XV-27240,EC-VALVE-ISO
XV-27241,EC-VALVE-ISO
P-27242,EC-PUMP-RECIP
PSV-27243,EC-VALVE-RELIEF
XV-27244,EC-VALVE-ISO
K-27245,EC-COMPRESSOR-CENTR
PT-27246,EC-INST-PT
P-27247,EC-PUMP-RECIP
P-27248,EC-PUMP-RECIP
PT-27249,EC-INST-PT
FCV-27250,EC-VALVE-CTRL
P-27251,EC-PUMP-RECIP
TT-27252,EC-INST-TT
FT-27253,EC-INST-FT
COL-27254,EC-VESSEL-COL
LT-27255,EC-INST-LT
LT-27256,EC-INST-LT
FCV-27257,EC-VALVE-CTRL
V-27258,EC-VESSEL-SEP
P-27259,EC-PUMP-RECIP
LT-27260,EC-INST-LT
TT-27261,EC-INST-TT
K-27262,EC-COMPRESSOR-CENTR
XV-27263,EC-VALVE-ISO
FCV-27264,EC-VALVE-CTRL
LT-27265,EC-INST-LT
P-27266,EC-PUMP-RECIP
LT-27267,EC-INST-LT
V-27268,EC-VESSEL-SEP
PT-27269,EC-INST-PT
E-27270,EC-HEATEXCH-SHELL
FCV-27271,EC-VALVE-CTRL
FT-27272,EC-INST-FT
P-27273,EC-PUMP-CENTR
FCV-27274,EC-VALVE-CTRL
FT-27275,EC-INST-FT
E-27276,EC-HEATEXCH-SHELL
TT-27277,EC-INST-TT
FT-27278,EC-INST-FT
P-27279,EC-PUMP-RECIP
LT-27280,EC-INST-LT
TT-27281,EC-INST-TT
P-27282,EC-PUMP-CENTR
FT-27283,EC-INST-FT
P-27284,EC-PUMP-CENTR
PT-27285,EC-INST-PT
TT-27286,EC-INST-TT
PT-27287,EC-INST-PT
K-27288,EC-COMPRESSOR-CENTR
XV-27289,EC-VALVE-ISO
V-27290,EC-VESSEL-SEP
FCV-27291,EC-VALVE-CTRL
P-27292,EC-PUMP-RECIP
FCV-27293,EC-VALVE-CTRL
PSV-27294,EC-VALVE-RELIEF
P-27295,EC-PUMP-RECIP
V-27296,EC-VESSEL-SEP
XV-27297,EC-VALVE-ISO
K-27298,EC-COMPRESSOR-CENTR
K-27299,EC-COMPRESSOR-CENTR
FCV-27300,EC-VALVE-CTRL
PSV-27301,EC-VALVE-RELIEF
TT-27302,EC-INST-TT
PT-27303,EC-INST-PT
K-27304,EC-COMPRESSOR-CENTR
XV-27305,EC-VALVE-ISO
P-27306,EC-PUMP-RECIP
LT-27307,EC-INST-LT
PSV-27308,EC-VALVE-RELIEF
PT-27309,EC-INST-PT
PT-27310,EC-INST-PT
V-27311,EC-VESSEL-SEP
FCV-27312,EC-VALVE-CTRL
PT-27313,EC-INST-PT
TT-27314,EC-INST-TT
V-27315,EC-VESSEL-SEP
P-27316,EC-PUMP-RECIP
E-27317,EC-HEATEXCH-SHELL
FCV-27318,EC-VALVE-CTRL
XV-27319,EC-VALVE-ISO
XV-27320,EC-VALVE-ISO
XV-27321,EC-VALVE-ISO
TT-27322,EC-INST-TT
FT-27323,EC-INST-FT
P-27324,EC-PUMP-RECIP
LT-27325,EC-INST-LT
FCV-27326,EC-VALVE-CTRL
PSV-27327,EC-VALVE-RELIEF
P-27328,EC-PUMP-CENTR
PSV-27329,EC-VALVE-RELIEF
V-27330,EC-VESSEL-SEP
PT-27331,EC-INST-PT
PSV-27332,EC-VALVE-RELIEF
COL-27333,EC-VESSEL-COL
PSV-27334,EC-VALVE-RELIEF
LT-27335,EC-INST-LT
COL-27336,EC-VESSEL-COL
P-27337,EC-PUMP-RECIP
LT-27338,EC-INST-LT
COL-27339,EC-VESSEL-COL
K-27340,EC-COMPRESSOR-CENTR
P-27341,EC-PUMP-RECIP
PT-27342,EC-INST-PT
LT-27343,EC-INST-LT
PT-27344,EC-INST-PT
COL-27345,EC-VESSEL-COL
P-27346,EC-PUMP-RECIP
FCV-27347,EC-VALVE-CTRL
PT-27348,EC-INST-PT
FT-27349,EC-INST-FT
FT-27350,EC-INST-FT
V-27351,EC-VESSEL-SEP
P-27352,EC-PUMP-CENTR
FCV-27353,EC-VALVE-CTRL
LT-27354,EC-INST-LT
FCV-27355,EC-VALVE-CTRL
XV-27356,EC-VALVE-ISO
LT-27357,EC-INST-LT
K-27358,EC-COMPRESSOR-CENTR
P-27359,EC-PUMP-CENTR
COL-27360,EC-VESSEL-COL
K-27361,EC-COMPRESSOR-CENTR
FT-27362,EC-INST-FT
FCV-27363,EC-VALVE-CTRL
P-27364,EC-PUMP-RECIP
PT-27365,EC-INST-PT
FT-27366,EC-INST-FT
P-27367,EC-PUMP-CENTR
PT-27368,EC-INST-PT
TT-27369,EC-INST-TT
V-27370,EC-VESSEL-SEP
V-27371,EC-VESSEL-SEP
PSV-27372,EC-VALVE-RELIEF
P-27373,EC-PUMP-RECIP
LT-27374,EC-INST-LT
FT-27375,EC-INST-FT
K-27376,EC-COMPRESSOR-CENTR
P-27377,EC-PUMP-CENTR
PT-27378,EC-INST-PT
P-27379,EC-PUMP-CENTR
K-27380,EC-COMPRESSOR-CENTR
XV-27381,EC-VALVE-ISO
TT-27382,EC-INST-TT
TT-27383,EC-INST-TT
PT-27384,EC-INST-PT
TT-27385,EC-INST-TT
FT-27386,EC-INST-FT
E-27387,EC-HEATEXCH-SHELL
K-27388,EC-COMPRESSOR-CENTR
PT-27389,EC-INST-PT
FCV-27390,EC-VALVE-CTRL
TT-27391,EC-INST-TT
COL-27392,EC-VESSEL-COL
FCV-27393,EC-VALVE-CTRL
P-27394,EC-PUMP-CENTR
K-27395,EC-COMPRESSOR-CENTR
FCV-27396,EC-VALVE-CTRL
FCV-27397,EC-VALVE-CTRL
PSV-27398,EC-VALVE-RELIEF
PSV-27399,EC-VALVE-RELIEF
FT-27400,EC-INST-FT
PT-27401,EC-INST-PT
PSV-27402,EC-VALVE-RELIEF
FT-27403,EC-INST-FT
XV-27404,EC-VALVE-ISO
XV-27405,EC-VALVE-ISO
FT-27406,EC-INST-FT
PT-27407,EC-INST-PT
FCV-27408,EC-VALVE-CTRL
K-27409,EC-COMPRESSOR-CENTR
V-27410,EC-VESSEL-SEP
E-27411,EC-HEATEXCH-SHELL
XV-27412,EC-VALVE-ISO
E-27413,EC-HEATEXCH-SHELL
LT-27414,EC-INST-LT
FT-27415,EC-INST-FT
PSV-27416,EC-VALVE-RELIEF
PT-27417,EC-INST-PT
COL-27418,EC-VESSEL-COL
LT-27419,EC-INST-LT
TT-27420,EC-INST-TT
V-27421,EC-VESSEL-SEP
P-27422,EC-PUMP-RECIP
COL-27423,EC-VESSEL-COL
PSV-27424,EC-VALVE-RELIEF
LT-27425,EC-INST-LT
FT-27426,EC-INST-FT
E-27427,EC-HEATEXCH-SHELL
XV-27428,EC-VALVE-ISO
E-27429,EC-HEATEXCH-SHELL
E-27430,EC-HEATEXCH-SHELL
P-27431,EC-PUMP-CENTR
P-27432,EC-PUMP-RECIP
V-27433,EC-VESSEL-SEP
PSV-27434,EC-VALVE-RELIEF
V-27435,EC-VESSEL-SEP
COL-27436,EC-VESSEL-COL
FCV-27437,EC-VALVE-CTRL
FT-27438,EC-INST-FT
COL-27439,EC-VESSEL-COL
LT-27440,EC-INST-LT
V-27441,EC-VESSEL-SEP
P-27442,EC-PUMP-CENTR
P-27443,EC-PUMP-CENTR
V-27444,EC-VESSEL-SEP
TT-27445,EC-INST-TT
E-27446,EC-HEATEXCH-SHELL
XV-27447,EC-VALVE-ISO
K-27448,EC-COMPRESSOR-CENTR
PT-27449,EC-INST-PT
COL-27450,EC-VESSEL-COL
E-27451,EC-HEATEXCH-SHELL
COL-27452,EC-VESSEL-COL
TT-27453,EC-INST-TT
P-27454,EC-PUMP-CENTR
COL-27455,EC-VESSEL-COL
FCV-27456,EC-VALVE-CTRL
PSV-27457,EC-VALVE-RELIEF
COL-27458,EC-VESSEL-COL
P-27459,EC-PUMP-CENTR
PSV-27460,EC-VALVE-RELIEF
PT-27461,EC-INST-PT
E-27462,EC-HEATEXCH-SHELL
COL-27463,EC-VESSEL-COL
V-27464,EC-VESSEL-SEP
V-27465,EC-VESSEL-SEP
XV-27466,EC-VALVE-ISO
PSV-27467,EC-VALVE-RELIEF
K-27468,EC-COMPRESSOR-CENTR
E-27469,EC-HEATEXCH-SHELL
PT-27470,EC-INST-PT
P-27471,EC-PUMP-RECIP
XV-27472,EC-VALVE-ISO
E-27473,EC-HEATEXCH-SHELL
V-27474,EC-VESSEL-SEP
P-27475,EC-PUMP-RECIP
PT-27476,EC-INST-PT
XV-27477,EC-VALVE-ISO
LT-27478,EC-INST-LT
E-27479,EC-HEATEXCH-SHELL
P-27480,EC-PUMP-CENTR
TT-27481,EC-INST-TT
PT-27482,EC-INST-PT
PSV-27483,EC-VALVE-RELIEF
FCV-27484,EC-VALVE-CTRL
XV-27485,EC-VALVE-ISO
E-27486,EC-HEATEXCH-SHELL
COL-27487,EC-VESSEL-COL
XV-27488,EC-VALVE-ISO
P-27489,EC-PUMP-CENTR
COL-27490,EC-VESSEL-COL
XV-27491,EC-VALVE-ISO
P-27492,EC-PUMP-RECIP
PT-27493,EC-INST-PT
P-27494,EC-PUMP-CENTR
P-27495,EC-PUMP-RECIP
P-27496,EC-PUMP-CENTR
P-27497,EC-PUMP-CENTR
PT-27498,EC-INST-PT
P-27499,EC-PUMP-CENTR
P-27500,EC-PUMP-RECIP
V-27501,EC-VESSEL-SEP
TT-27502,EC-INST-TT
COL-27503,EC-VESSEL-COL
XV-27504,EC-VALVE-ISO
LT-27505,EC-INST-LT
K-27506,EC-COMPRESSOR-CENTR
K-27507,EC-COMPRESSOR-CENTR
FCV-27508,EC-VALVE-CTRL
COL-27509,EC-VESSEL-COL
E-27510,EC-HEATEXCH-SHELL
COL-27511,EC-VESSEL-COL
P-27512,EC-PUMP-RECIP
P-27513,EC-PUMP-CENTR
FT-27514,EC-INST-FT
FCV-27515,EC-VALVE-CTRL
FCV-27516,EC-VALVE-CTRL
V-27517,EC-VESSEL-SEP
XV-27518,EC-VALVE-ISO
PSV-27519,EC-VALVE-RELIEF
PT-27520,EC-INST-PT
PT-27521,EC-INST-PT
P-27522,EC-PUMP-RECIP
E-27523,EC-HEATEXCH-SHELL
XV-27524,EC-VALVE-ISO
FT-27525,EC-INST-FT
V-27526,EC-VESSEL-SEP
FT-27527,EC-INST-FT
K-27528,EC-COMPRESSOR-CENTR
P-27529,EC-PUMP-RECIP
COL-27530,EC-VESSEL-COL
LT-27531,EC-INST-LT
TT-27532,EC-INST-TT
E-27533,EC-HEATEXCH-SHELL
P-27534,EC-PUMP-CENTR
P-27535,EC-PUMP-RECIP
XV-27536,EC-VALVE-ISO
V-27537,EC-VESSEL-SEP
K-27538,EC-COMPRESSOR-CENTR
LT-27539,EC-INST-LT
XV-27540,EC-VALVE-ISO
V-27541,EC-VESSEL-SEP
V-27542,EC-VESSEL-SEP
PSV-27543,EC-VALVE-RELIEF
LT-27544,EC-INST-LT
FT-27545,EC-INST-FT
PT-27546,EC-INST-PT
COL-27547,EC-VESSEL-COL
XV-27548,EC-VALVE-ISO
P-27549,EC-PUMP-CENTR
COL-27550,EC-VESSEL-COL
FCV-27551,EC-VALVE-CTRL
TT-27552,EC-INST-TT
V-27553,EC-VESSEL-SEP
P-27554,EC-PUMP-CENTR
PSV-27555,EC-VALVE-RELIEF
K-27556,EC-COMPRESSOR-CENTR
P-27557,EC-PUMP-CENTR
PSV-27558,EC-VALVE-RELIEF
TT-27559,EC-INST-TT
P-27560,EC-PUMP-RECIP
FCV-27561,EC-VALVE-CTRL
PT-27562,EC-INST-PT
FCV-27563,EC-VALVE-CTRL
FT-27564,EC-INST-FT
P-27565,EC-PUMP-CENTR
LT-27566,EC-INST-LT
FCV-27567,EC-VALVE-CTRL
TT-27568,EC-INST-TT
COL-27569,EC-VESSEL-COL
PSV-27570,EC-VALVE-RELIEF
LT-27571,EC-INST-LT
XV-27572,EC-VALVE-ISO
XV-27573,EC-VALVE-ISO
XV-27574,EC-VALVE-ISO
LT-27575,EC-INST-LT
XV-27576,EC-VALVE-ISO
XV-27577,EC-VALVE-ISO
V-27578,EC-VESSEL-SEP
K-27579,EC-COMPRESSOR-CENTR
K-27580,EC-COMPRESSOR-CENTR
XV-27581,EC-VALVE-ISO
XV-27582,EC-VALVE-ISO
FCV-27583,EC-VALVE-CTRL
TT-27584,EC-INST-TT
XV-27585,EC-VALVE-ISO
E-27586,EC-HEATEXCH-SHELL
PSV-27587,EC-VALVE-RELIEF
LT-27588,EC-INST-LT
LT-27589,EC-INST-LT
FT-27590,EC-INST-FT
FT-27591,EC-INST-FT
P-27592,EC-PUMP-CENTR
PSV-27593,EC-VALVE-RELIEF
P-27594,EC-PUMP-RECIP
FCV-27595,EC-VALVE-CTRL
K-27596,EC-COMPRESSOR-CENTR
XV-27597,EC-VALVE-ISO
PT-27598,EC-INST-PT
COL-27599,EC-VESSEL-COL
V-27600,EC-VESSEL-SEP
E-27601,EC-HEATEXCH-SHELL
E-27602,EC-HEATEXCH-SHELL
XV-27603,EC-VALVE-ISO
LT-27604,EC-INST-LT
P-27605,EC-PUMP-RECIP
E-27606,EC-HEATEXCH-SHELL
V-27607,EC-VESSEL-SEP
XV-27608,EC-VALVE-ISO
K-27609,EC-COMPRESSOR-CENTR
TT-27610,EC-INST-TT
P-27611,EC-PUMP-RECIP
P-27612,EC-PUMP-CENTR
PSV-27613,EC-VALVE-RELIEF
V-27614,EC-VESSEL-SEP
P-27615,EC-PUMP-RECIP
PT-27616,EC-INST-PT
FT-27617,EC-INST-FT
TT-27618,EC-INST-TT
FCV-27619,EC-VALVE-CTRL
FT-27620,EC-INST-FT
COL-27621,EC-VESSEL-COL
E-27622,EC-HEATEXCH-SHELL
E-27623,EC-HEATEXCH-SHELL
K-27624,EC-COMPRESSOR-CENTR
V-27625,EC-VESSEL-SEP
LT-27626,EC-INST-LT
V-27627,EC-VESSEL-SEP
COL-27628,EC-VESSEL-COL
E-27629,EC-HEATEXCH-SHELL
FT-27630,EC-INST-FT
PT-27631,EC-INST-PT
PT-27632,EC-INST-PT
K-27633,EC-COMPRESSOR-CENTR
FCV-27634,EC-VALVE-CTRL
K-27635,EC-COMPRESSOR-CENTR
P-27636,EC-PUMP-RECIP
FT-27637,EC-INST-FT
P-27638,EC-PUMP-RECIP
K-27639,EC-COMPRESSOR-CENTR
E-27640,EC-HEATEXCH-SHELL
PT-27641,EC-INST-PT
P-27642,EC-PUMP-RECIP
K-27643,EC-COMPRESSOR-CENTR
E-27644,EC-HEATEXCH-SHELL
TT-27645,EC-INST-TT
V-27646,EC-VESSEL-SEP
TT-27647,EC-INST-TT
PSV-27648,EC-VALVE-RELIEF
K-27649,EC-COMPRESSOR-CENTR
XV-27650,EC-VALVE-ISO
XV-27651,EC-VALVE-ISO
K-27652,EC-COMPRESSOR-CENTR
FCV-27653,EC-VALVE-CTRL
FCV-27654,EC-VALVE-CTRL
LT-27655,EC-INST-LT
LT-27656,EC-INST-LT
P-27657,EC-PUMP-RECIP
TT-27658,EC-INST-TT
V-27659,EC-VESSEL-SEP
PSV-27660,EC-VALVE-RELIEF
FT-27661,EC-INST-FT
P-27662,EC-PUMP-CENTR
E-27663,EC-HEATEXCH-SHELL
FCV-27664,EC-VALVE-CTRL
LT-27665,EC-INST-LT
TT-27666,EC-INST-TT
COL-27667,EC-VESSEL-COL
PSV-27668,EC-VALVE-RELIEF
P-27669,EC-PUMP-CENTR
COL-27670,EC-VESSEL-COL
PT-27671,EC-INST-PT
COL-27672,EC-VESSEL-COL
COL-27673,EC-VESSEL-COL
K-27674,EC-COMPRESSOR-CENTR
XV-27675,EC-VALVE-ISO
K-27676,EC-COMPRESSOR-CENTR
FCV-27677,EC-VALVE-CTRL
TT-27678,EC-INST-TT
PT-27679,EC-INST-PT
P-27680,EC-PUMP-CENTR
V-27681,EC-VESSEL-SEP
TT-27682,EC-INST-TT
LT-27683,EC-INST-LT
COL-27684,EC-VESSEL-COL
TT-27685,EC-INST-TT
TT-27686,EC-INST-TT
XV-27687,EC-VALVE-ISO
COL-27688,EC-VESSEL-COL
P-27689,EC-PUMP-RECIP
COL-27690,EC-VESSEL-COL
PSV-27691,EC-VALVE-RELIEF
TT-27692,EC-INST-TT
K-27693,EC-COMPRESSOR-CENTR
K-27694,EC-COMPRESSOR-CENTR
PSV-27695,EC-VALVE-RELIEF
P-27696,EC-PUMP-CENTR
TT-27697,EC-INST-TT
K-27698,EC-COMPRESSOR-CENTR
TT-27699,EC-INST-TT
E-27700,EC-HEATEXCH-SHELL
XV-27701,EC-VALVE-ISO
COL-27702,EC-VESSEL-COL
P-27703,EC-PUMP-CENTR
XV-27704,EC-VALVE-ISO
LT-27705,EC-INST-LT
PT-27706,EC-INST-PT
P-27707,EC-PUMP-CENTR
XV-27708,EC-VALVE-ISO
FCV-27709,EC-VALVE-CTRL
COL-27710,EC-VESSEL-COL
E-27711,EC-HEATEXCH-SHELL
LT-27712,EC-INST-LT
TT-27713,EC-INST-TT
K-27714,EC-COMPRESSOR-CENTR
TT-27715,EC-INST-TT
FT-27716,EC-INST-FT
E-27717,EC-HEATEXCH-SHELL
LT-27718,EC-INST-LT
P-27719,EC-PUMP-CENTR
P-27720,EC-PUMP-RECIP
P-27721,EC-PUMP-RECIP
FCV-27722,EC-VALVE-CTRL
PT-27723,EC-INST-PT
TT-27724,EC-INST-TT
E-27725,EC-HEATEXCH-SHELL
FCV-27726,EC-VALVE-CTRL
TT-27727,EC-INST-TT
V-27728,EC-VESSEL-SEP
K-27729,EC-COMPRESSOR-CENTR
E-27730,EC-HEATEXCH-SHELL
E-27731,EC-HEATEXCH-SHELL
V-27732,EC-VESSEL-SEP
E-27733,EC-HEATEXCH-SHELL
E-27734,EC-HEATEXCH-SHELL
K-27735,EC-COMPRESSOR-CENTR
P-27736,EC-PUMP-CENTR
V-27737,EC-VESSEL-SEP
FCV-27738,EC-VALVE-CTRL
LT-27739,EC-INST-LT
P-27740,EC-PUMP-RECIP
E-27741,EC-HEATEXCH-SHELL
E-27742,EC-HEATEXCH-SHELL
COL-27743,EC-VESSEL-COL
XV-27744,EC-VALVE-ISO
P-27745,EC-PUMP-CENTR
FT-27746,EC-INST-FT
P-27747,EC-PUMP-CENTR
COL-27748,EC-VESSEL-COL
K-27749,EC-COMPRESSOR-CENTR
PT-27750,EC-INST-PT
TT-27751,EC-INST-TT
FT-27752,EC-INST-FT
COL-27753,EC-VESSEL-COL
TT-27754,EC-INST-TT
XV-27755,EC-VALVE-ISO
FCV-27756,EC-VALVE-CTRL
TT-27757,EC-INST-TT
PT-27758,EC-INST-PT
E-27759,EC-HEATEXCH-SHELL
TT-27760,EC-INST-TT
P-27761,EC-PUMP-RECIP
COL-27762,EC-VESSEL-COL
V-27763,EC-VESSEL-SEP
V-27764,EC-VESSEL-SEP
LT-27765,EC-INST-LT
XV-27766,EC-VALVE-ISO
P-27767,EC-PUMP-RECIP
FT-27768,EC-INST-FT
COL-27769,EC-VESSEL-COL
P-27770,EC-PUMP-CENTR
FCV-27771,EC-VALVE-CTRL
PSV-27772,EC-VALVE-RELIEF
PSV-27773,EC-VALVE-RELIEF
FCV-27774,EC-VALVE-CTRL
FCV-27775,EC-VALVE-CTRL
FT-27776,EC-INST-FT
XV-27777,EC-VALVE-ISO
FT-27778,EC-INST-FT
FT-27779,EC-INST-FT
E-27780,EC-HEATEXCH-SHELL
E-27781,EC-HEATEXCH-SHELL
V-27782,EC-VESSEL-SEP
PSV-27783,EC-VALVE-RELIEF
LT-27784,EC-INST-LT
P-27785,EC-PUMP-RECIP
E-27786,EC-HEATEXCH-SHELL
P-27787,EC-PUMP-CENTR
P-27788,EC-PUMP-CENTR
K-27789,EC-COMPRESSOR-CENTR
TT-27790,EC-INST-TT
FCV-27791,EC-VALVE-CTRL
FT-27792,EC-INST-FT
PT-27793,EC-INST-PT
LT-27794,EC-INST-LT
P-27795,EC-PUMP-RECIP
XV-27796,EC-VALVE-ISO
E-27797,EC-HEATEXCH-SHELL
PT-27798,EC-INST-PT
FT-27799,EC-INST-FT
E-27800,EC-HEATEXCH-SHELL
XV-27801,EC-VALVE-ISO
PT-27802,EC-INST-PT
FT-27803,EC-INST-FT
COL-27804,EC-VESSEL-COL
P-27805,EC-PUMP-CENTR
FCV-27806,EC-VALVE-CTRL
LT-27807,EC-INST-LT
XV-27808,EC-VALVE-ISO
PT-27809,EC-INST-PT
FCV-27810,EC-VALVE-CTRL
P-27811,EC-PUMP-CENTR
P-27812,EC-PUMP-RECIP
TT-27813,EC-INST-TT
P-27814,EC-PUMP-CENTR
COL-27815,EC-VESSEL-COL
TT-27816,EC-INST-TT
FCV-27817,EC-VALVE-CTRL
K-27818,EC-COMPRESSOR-CENTR
XV-27819,EC-VALVE-ISO
COL-27820,EC-VESSEL-COL
P-27821,EC-PUMP-RECIP
FCV-27822,EC-VALVE-CTRL
V-27823,EC-VESSEL-SEP
PSV-27824,EC-VALVE-RELIEF
XV-27825,EC-VALVE-ISO
P-27826,EC-PUMP-CENTR
FCV-27827,EC-VALVE-CTRL
TT-27828,EC-INST-TT
K-27829,EC-COMPRESSOR-CENTR
COL-27830,EC-VESSEL-COL
COL-27831,EC-VESSEL-COL
FT-27832,EC-INST-FT
V-27833,EC-VESSEL-SEP
PSV-27834,EC-VALVE-RELIEF
PT-27835,EC-INST-PT
P-27836,EC-PUMP-CENTR
V-27837,EC-VESSEL-SEP
V-27838,EC-VESSEL-SEP
LT-27839,EC-INST-LT
FT-27840,EC-INST-FT
TT-27841,EC-INST-TT
PT-27842,EC-INST-PT
PSV-27843,EC-VALVE-RELIEF
COL-27844,EC-VESSEL-COL
LT-27845,EC-INST-LT
K-27846,EC-COMPRESSOR-CENTR
FT-27847,EC-INST-FT
XV-27848,EC-VALVE-ISO
K-27849,EC-COMPRESSOR-CENTR
TT-27850,EC-INST-TT
K-27851,EC-COMPRESSOR-CENTR
V-27852,EC-VESSEL-SEP
V-27853,EC-VESSEL-SEP
E-27854,EC-HEATEXCH-SHELL
K-27855,EC-COMPRESSOR-CENTR
PSV-27856,EC-VALVE-RELIEF
TT-27857,EC-INST-TT
K-27858,EC-COMPRESSOR-CENTR
COL-27859,EC-VESSEL-COL
PSV-27860,EC-VALVE-RELIEF
TT-27861,EC-INST-TT
V-27862,EC-VESSEL-SEP
K-27863,EC-COMPRESSOR-CENTR
TT-27864,EC-INST-TT
P-27865,EC-PUMP-CENTR
XV-27866,EC-VALVE-ISO
FCV-27867,EC-VALVE-CTRL
K-27868,EC-COMPRESSOR-CENTR
FT-27869,EC-INST-FT
COL-27870,EC-VESSEL-COL
XV-27871,EC-VALVE-ISO
FCV-27872,EC-VALVE-CTRL
FT-27873,EC-INST-FT
P-27874,EC-PUMP-CENTR
FT-27875,EC-INST-FT
P-27876,EC-PUMP-RECIP
FT-27877,EC-INST-FT
P-27878,EC-PUMP-CENTR
P-27879,EC-PUMP-RECIP
E-27880,EC-HEATEXCH-SHELL
K-27881,EC-COMPRESSOR-CENTR
TT-27882,EC-INST-TT
P-27883,EC-PUMP-RECIP
V-27884,EC-VESSEL-SEP
FT-27885,EC-INST-FT
FT-27886,EC-INST-FT
PSV-27887,EC-VALVE-RELIEF
FCV-27888,EC-VALVE-CTRL
LT-27889,EC-INST-LT
COL-27890,EC-VESSEL-COL
K-27891,EC-COMPRESSOR-CENTR
P-27892,EC-PUMP-RECIP
P-27893,EC-PUMP-RECIP
COL-27894,EC-VESSEL-COL
FT-27895,EC-INST-FT
V-27896,EC-VESSEL-SEP
FCV-27897,EC-VALVE-CTRL
FT-27898,EC-INST-FT
P-27899,EC-PUMP-RECIP
K-27900,EC-COMPRESSOR-CENTR
XV-27901,EC-VALVE-ISO
FCV-27902,EC-VALVE-CTRL
XV-27903,EC-VALVE-ISO
K-27904,EC-COMPRESSOR-CENTR
COL-27905,EC-VESSEL-COL
FT-27906,EC-INST-FT
PSV-27907,EC-VALVE-RELIEF
LT-27908,EC-INST-LT
E-27909,EC-HEATEXCH-SHELL
TT-27910,EC-INST-TT
PT-27911,EC-INST-PT
FT-27912,EC-INST-FT
FT-27913,EC-INST-FT
FCV-27914,EC-VALVE-CTRL
V-27915,EC-VESSEL-SEP
COL-27916,EC-VESSEL-COL
FCV-27917,EC-VALVE-CTRL
P-27918,EC-PUMP-RECIP
P-27919,EC-PUMP-RECIP
FT-27920,EC-INST-FT
LT-27921,EC-INST-LT
COL-27922,EC-VESSEL-COL
FCV-27923,EC-VALVE-CTRL
V-27924,EC-VESSEL-SEP
P-27925,EC-PUMP-RECIP
FCV-27926,EC-VALVE-CTRL
TT-27927,EC-INST-TT
K-27928,EC-COMPRESSOR-CENTR
XV-27929,EC-VALVE-ISO
P-27930,EC-PUMP-RECIP
FCV-27931,EC-VALVE-CTRL
FT-27932,EC-INST-FT
P-27933,EC-PUMP-RECIP
K-27934,EC-COMPRESSOR-CENTR
K-27935,EC-COMPRESSOR-CENTR
K-27936,EC-COMPRESSOR-CENTR
E-27937,EC-HEATEXCH-SHELL
P-27938,EC-PUMP-RECIP
XV-27939,EC-VALVE-ISO
LT-27940,EC-INST-LT
FCV-27941,EC-VALVE-CTRL
XV-27942,EC-VALVE-ISO
FCV-27943,EC-VALVE-CTRL
P-27944,EC-PUMP-CENTR
P-27945,EC-PUMP-RECIP
E-27946,EC-HEATEXCH-SHELL
XV-27947,EC-VALVE-ISO
LT-27948,EC-INST-LT
V-27949,EC-VESSEL-SEP
K-27950,EC-COMPRESSOR-CENTR
PT-27951,EC-INST-PT
P-27952,EC-PUMP-RECIP
XV-27953,EC-VALVE-ISO
V-27954,EC-VESSEL-SEP
TT-27955,EC-INST-TT
LT-27956,EC-INST-LT
XV-27957,EC-VALVE-ISO
TT-27958,EC-INST-TT
P-27959,EC-PUMP-RECIP
PSV-27960,EC-VALVE-RELIEF
E-27961,EC-HEATEXCH-SHELL
V-27962,EC-VESSEL-SEP
PT-27963,EC-INST-PT
FT-27964,EC-INST-FT
K-27965,EC-COMPRESSOR-CENTR
P-27966,EC-PUMP-RECIP
PT-27967,EC-INST-PT
V-27968,EC-VESSEL-SEP
XV-27969,EC-VALVE-ISO
COL-27970,EC-VESSEL-COL
XV-27971,EC-VALVE-ISO
E-27972,EC-HEATEXCH-SHELL
PSV-27973,EC-VALVE-RELIEF
LT-27974,EC-INST-LT
PSV-27975,EC-VALVE-RELIEF
E-27976,EC-HEATEXCH-SHELL
FCV-27977,EC-VALVE-CTRL
FCV-27978,EC-VALVE-CTRL
FT-27979,EC-INST-FT
PT-27980,EC-INST-PT
P-27981,EC-PUMP-RECIP
V-27982,EC-VESSEL-SEP
XV-27983,EC-VALVE-ISO
K-27984,EC-COMPRESSOR-CENTR
K-27985,EC-COMPRESSOR-CENTR
P-27986,EC-PUMP-CENTR
FT-27987,EC-INST-FT
FT-27988,EC-INST-FT
P-27989,EC-PUMP-RECIP
COL-27990,EC-VESSEL-COL
E-27991,EC-HEATEXCH-SHELL
FCV-27992,EC-VALVE-CTRL
FT-27993,EC-INST-FT
P-27994,EC-PUMP-CENTR
PT-27995,EC-INST-PT
V-27996,EC-VESSEL-SEP
P-27997,EC-PUMP-CENTR
XV-27998,EC-VALVE-ISO
TT-27999,EC-INST-TT
COL-28000,EC-VESSEL-COL
COL-28001,EC-VESSEL-COL
LT-28002,EC-INST-LT
P-28003,EC-PUMP-RECIP
FT-28004,EC-INST-FT
V-28005,EC-VESSEL-SEP
FCV-28006,EC-VALVE-CTRL
P-28007,EC-PUMP-RECIP
XV-28008,EC-VALVE-ISO
TT-28009,EC-INST-TT
P-28010,EC-PUMP-RECIP
PT-28011,EC-INST-PT
FCV-28012,EC-VALVE-CTRL
FCV-28013,EC-VALVE-CTRL
COL-28014,EC-VESSEL-COL
PSV-28015,EC-VALVE-RELIEF
PSV-28016,EC-VALVE-RELIEF
FCV-28017,EC-VALVE-CTRL
LT-28018,EC-INST-LT
P-28019,EC-PUMP-CENTR
FT-28020,EC-INST-FT
E-28021,EC-HEATEXCH-SHELL
TT-28022,EC-INST-TT
K-28023,EC-COMPRESSOR-CENTR
COL-28024,EC-VESSEL-COL
FT-28025,EC-INST-FT
P-28026,EC-PUMP-RECIP
PSV-28027,EC-VALVE-RELIEF
LT-28028,EC-INST-LT
PSV-28029,EC-VALVE-RELIEF
K-28030,EC-COMPRESSOR-CENTR
FT-28031,EC-INST-FT
K-28032,EC-COMPRESSOR-CENTR
PSV-28033,EC-VALVE-RELIEF
PT-28034,EC-INST-PT
TT-28035,EC-INST-TT
V-28036,EC-VESSEL-SEP
PT-28037,EC-INST-PT
V-28038,EC-VESSEL-SEP
FT-28039,EC-INST-FT
V-28040,EC-VESSEL-SEP
E-28041,EC-HEATEXCH-SHELL
P-28042,EC-PUMP-RECIP
E-28043,EC-HEATEXCH-SHELL
TT-28044,EC-INST-TT
PSV-28045,EC-VALVE-RELIEF
P-28046,EC-PUMP-CENTR
XV-28047,EC-VALVE-ISO
TT-28048,EC-INST-TT
COL-28049,EC-VESSEL-COL
E-28050,EC-HEATEXCH-SHELL
COL-28051,EC-VESSEL-COL
P-28052,EC-PUMP-CENTR
PSV-28053,EC-VALVE-RELIEF
PSV-28054,EC-VALVE-RELIEF
COL-28055,EC-VESSEL-COL
XV-28056,EC-VALVE-ISO
XV-28057,EC-VALVE-ISO
FT-28058,EC-INST-FT
FT-28059,EC-INST-FT
P-28060,EC-PUMP-CENTR
FT-28061,EC-INST-FT
TT-28062,EC-INST-TT
TT-28063,EC-INST-TT
PSV-28064,EC-VALVE-RELIEF
FT-28065,EC-INST-FT
E-28066,EC-HEATEXCH-SHELL
P-28067,EC-PUMP-CENTR
XV-28068,EC-VALVE-ISO
P-28069,EC-PUMP-RECIP
P-28070,EC-PUMP-CENTR
PT-28071,EC-INST-PT
XV-28072,EC-VALVE-ISO
E-28073,EC-HEATEXCH-SHELL
XV-28074,EC-VALVE-ISO
LT-28075,EC-INST-LT
P-28076,EC-PUMP-CENTR
TT-28077,EC-INST-TT
P-28078,EC-PUMP-CENTR
K-28079,EC-COMPRESSOR-CENTR
P-28080,EC-PUMP-RECIP
LT-28081,EC-INST-LT
P-28082,EC-PUMP-RECIP
XV-28083,EC-VALVE-ISO
PT-28084,EC-INST-PT
FCV-28085,EC-VALVE-CTRL
LT-28086,EC-INST-LT
FCV-28087,EC-VALVE-CTRL
P-28088,EC-PUMP-CENTR
PSV-28089,EC-VALVE-RELIEF
XV-28090,EC-VALVE-ISO
V-28091,EC-VESSEL-SEP
FCV-28092,EC-VALVE-CTRL
COL-28093,EC-VESSEL-COL
PT-28094,EC-INST-PT
COL-28095,EC-VESSEL-COL
FCV-28096,EC-VALVE-CTRL
V-28097,EC-VESSEL-SEP
P-28098,EC-PUMP-CENTR
FCV-28099,EC-VALVE-CTRL
E-28100,EC-HEATEXCH-SHELL
PT-28101,EC-INST-PT
PT-28102,EC-INST-PT
FT-28103,EC-INST-FT
TT-28104,EC-INST-TT
K-28105,EC-COMPRESSOR-CENTR
P-28106,EC-PUMP-RECIP
TT-28107,EC-INST-TT
COL-28108,EC-VESSEL-COL
K-28109,EC-COMPRESSOR-CENTR
PSV-28110,EC-VALVE-RELIEF
PT-28111,EC-INST-PT
LT-28112,EC-INST-LT
PSV-28113,EC-VALVE-RELIEF
FT-28114,EC-INST-FT
FT-28115,EC-INST-FT
PSV-28116,EC-VALVE-RELIEF
FCV-28117,EC-VALVE-CTRL
LT-28118,EC-INST-LT
XV-28119,EC-VALVE-ISO
PT-28120,EC-INST-PT
FT-28121,EC-INST-FT
PT-28122,EC-INST-PT
TT-28123,EC-INST-TT
PT-28124,EC-INST-PT
V-28125,EC-VESSEL-SEP
E-28126,EC-HEATEXCH-SHELL
LT-28127,EC-INST-LT
FCV-28128,EC-VALVE-CTRL
FT-28129,EC-INST-FT
K-28130,EC-COMPRESSOR-CENTR
P-28131,EC-PUMP-CENTR
XV-28132,EC-VALVE-ISO
P-28133,EC-PUMP-CENTR
P-28134,EC-PUMP-CENTR
LT-28135,EC-INST-LT
XV-28136,EC-VALVE-ISO
XV-28137,EC-VALVE-ISO
P-28138,EC-PUMP-CENTR
COL-28139,EC-VESSEL-COL
FCV-28140,EC-VALVE-CTRL
P-28141,EC-PUMP-CENTR
PT-28142,EC-INST-PT
COL-28143,EC-VESSEL-COL
FCV-28144,EC-VALVE-CTRL
COL-28145,EC-VESSEL-COL
FT-28146,EC-INST-FT
TT-28147,EC-INST-TT
P-28148,EC-PUMP-CENTR
COL-28149,EC-VESSEL-COL
P-28150,EC-PUMP-CENTR
LT-28151,EC-INST-LT
K-28152,EC-COMPRESSOR-CENTR
COL-28153,EC-VESSEL-COL
P-28154,EC-PUMP-CENTR
TT-28155,EC-INST-TT
E-28156,EC-HEATEXCH-SHELL
LT-28157,EC-INST-LT
XV-28158,EC-VALVE-ISO
COL-28159,EC-VESSEL-COL
PT-28160,EC-INST-PT
XV-28161,EC-VALVE-ISO
P-28162,EC-PUMP-RECIP
PSV-28163,EC-VALVE-RELIEF
K-28164,EC-COMPRESSOR-CENTR
FCV-28165,EC-VALVE-CTRL
E-28166,EC-HEATEXCH-SHELL
COL-28167,EC-VESSEL-COL
LT-28168,EC-INST-LT
P-28169,EC-PUMP-CENTR
LT-28170,EC-INST-LT
FT-28171,EC-INST-FT
P-28172,EC-PUMP-CENTR
K-28173,EC-COMPRESSOR-CENTR
V-28174,EC-VESSEL-SEP
TT-28175,EC-INST-TT
XV-28176,EC-VALVE-ISO
PSV-28177,EC-VALVE-RELIEF
COL-28178,EC-VESSEL-COL
PT-28179,EC-INST-PT
TT-28180,EC-INST-TT
PT-28181,EC-INST-PT
FT-28182,EC-INST-FT
PT-28183,EC-INST-PT
XV-28184,EC-VALVE-ISO
COL-28185,EC-VESSEL-COL
COL-28186,EC-VESSEL-COL
P-28187,EC-PUMP-RECIP
TT-28188,EC-INST-TT
PSV-28189,EC-VALVE-RELIEF
XV-28190,EC-VALVE-ISO
K-28191,EC-COMPRESSOR-CENTR
P-28192,EC-PUMP-RECIP
K-28193,EC-COMPRESSOR-CENTR
COL-28194,EC-VESSEL-COL
P-28195,EC-PUMP-CENTR
FCV-28196,EC-VALVE-CTRL
COL-28197,EC-VESSEL-COL
FCV-28198,EC-VALVE-CTRL
K-28199,EC-COMPRESSOR-CENTR
FCV-28200,EC-VALVE-CTRL
V-28201,EC-VESSEL-SEP
FT-28202,EC-INST-FT
K-28203,EC-COMPRESSOR-CENTR
FCV-28204,EC-VALVE-CTRL
XV-28205,EC-VALVE-ISO
FT-28206,EC-INST-FT
P-28207,EC-PUMP-CENTR
P-28208,EC-PUMP-RECIP
V-28209,EC-VESSEL-SEP
PT-28210,EC-INST-PT
FCV-28211,EC-VALVE-CTRL
PSV-28212,EC-VALVE-RELIEF
P-28213,EC-PUMP-RECIP
PT-28214,EC-INST-PT
K-28215,EC-COMPRESSOR-CENTR
PT-28216,EC-INST-PT
PSV-28217,EC-VALVE-RELIEF
V-28218,EC-VESSEL-SEP
XV-28219,EC-VALVE-ISO
XV-28220,EC-VALVE-ISO
COL-28221,EC-VESSEL-COL
K-28222,EC-COMPRESSOR-CENTR
XV-28223,EC-VALVE-ISO
E-28224,EC-HEATEXCH-SHELL
E-28225,EC-HEATEXCH-SHELL
V-28226,EC-VESSEL-SEP
K-28227,EC-COMPRESSOR-CENTR
PSV-28228,EC-VALVE-RELIEF
COL-28229,EC-VESSEL-COL
FCV-28230,EC-VALVE-CTRL
P-28231,EC-PUMP-RECIP
LT-28232,EC-INST-LT
K-28233,EC-COMPRESSOR-CENTR
LT-28234,EC-INST-LT
E-28235,EC-HEATEXCH-SHELL
K-28236,EC-COMPRESSOR-CENTR
P-28237,EC-PUMP-CENTR
P-28238,EC-PUMP-CENTR
FT-28239,EC-INST-FT
FT-28240,EC-INST-FT
K-28241,EC-COMPRESSOR-CENTR
LT-28242,EC-INST-LT
FCV-28243,EC-VALVE-CTRL
PSV-28244,EC-VALVE-RELIEF
P-28245,EC-PUMP-RECIP
XV-28246,EC-VALVE-ISO
E-28247,EC-HEATEXCH-SHELL
LT-28248,EC-INST-LT
K-28249,EC-COMPRESSOR-CENTR
V-28250,EC-VESSEL-SEP
K-28251,EC-COMPRESSOR-CENTR
P-28252,EC-PUMP-RECIP
K-28253,EC-COMPRESSOR-CENTR
P-28254,EC-PUMP-CENTR
P-28255,EC-PUMP-RECIP
K-28256,EC-COMPRESSOR-CENTR
FT-28257,EC-INST-FT
E-28258,EC-HEATEXCH-SHELL
LT-28259,EC-INST-LT
PSV-28260,EC-VALVE-RELIEF
V-28261,EC-VESSEL-SEP
LT-28262,EC-INST-LT
COL-28263,EC-VESSEL-COL
LT-28264,EC-INST-LT
XV-28265,EC-VALVE-ISO
PT-28266,EC-INST-PT
FCV-28267,EC-VALVE-CTRL
P-28268,EC-PUMP-RECIP
LT-28269,EC-INST-LT
COL-28270,EC-VESSEL-COL
FT-28271,EC-INST-FT
COL-28272,EC-VESSEL-COL
PSV-28273,EC-VALVE-RELIEF
P-28274,EC-PUMP-CENTR
K-28275,EC-COMPRESSOR-CENTR
LT-28276,EC-INST-LT
E-28277,EC-HEATEXCH-SHELL
COL-28278,EC-VESSEL-COL
PSV-28279,EC-VALVE-RELIEF
K-28280,EC-COMPRESSOR-CENTR
TT-28281,EC-INST-TT
FCV-28282,EC-VALVE-CTRL
V-28283,EC-VESSEL-SEP
P-28284,EC-PUMP-CENTR
PSV-28285,EC-VALVE-RELIEF
E-28286,EC-HEATEXCH-SHELL
PT-28287,EC-INST-PT
LT-28288,EC-INST-LT
LT-28289,EC-INST-LT
XV-28290,EC-VALVE-ISO
COL-28291,EC-VESSEL-COL
P-28292,EC-PUMP-RECIP
XV-28293,EC-VALVE-ISO
PSV-28294,EC-VALVE-RELIEF
PT-28295,EC-INST-PT
COL-28296,EC-VESSEL-COL
K-28297,EC-COMPRESSOR-CENTR
XV-28298,EC-VALVE-ISO
K-28299,EC-COMPRESSOR-CENTR
LT-28300,EC-INST-LT
XV-28301,EC-VALVE-ISO
K-28302,EC-COMPRESSOR-CENTR
TT-28303,EC-INST-TT
FT-28304,EC-INST-FT
P-28305,EC-PUMP-RECIP
PT-28306,EC-INST-PT
LT-28307,EC-INST-LT
FT-28308,EC-INST-FT
K-28309,EC-COMPRESSOR-CENTR
P-28310,EC-PUMP-CENTR
V-28311,EC-VESSEL-SEP
K-28312,EC-COMPRESSOR-CENTR
PSV-28313,EC-VALVE-RELIEF
FT-28314,EC-INST-FT
P-28315,EC-PUMP-CENTR
FT-28316,EC-INST-FT
V-28317,EC-VESSEL-SEP
P-28318,EC-PUMP-RECIP
PSV-28319,EC-VALVE-RELIEF
TT-28320,EC-INST-TT
LT-28321,EC-INST-LT
PT-28322,EC-INST-PT
COL-28323,EC-VESSEL-COL
P-28324,EC-PUMP-RECIP
TT-28325,EC-INST-TT
PT-28326,EC-INST-PT
PSV-28327,EC-VALVE-RELIEF
K-28328,EC-COMPRESSOR-CENTR
FCV-28329,EC-VALVE-CTRL
XV-28330,EC-VALVE-ISO
LT-28331,EC-INST-LT
PSV-28332,EC-VALVE-RELIEF
PT-28333,EC-INST-PT
COL-28334,EC-VESSEL-COL
E-28335,EC-HEATEXCH-SHELL
TT-28336,EC-INST-TT
P-28337,EC-PUMP-CENTR
FT-28338,EC-INST-FT
TT-28339,EC-INST-TT
TT-28340,EC-INST-TT
P-28341,EC-PUMP-CENTR
P-28342,EC-PUMP-CENTR
V-28343,EC-VESSEL-SEP
P-28344,EC-PUMP-RECIP
XV-28345,EC-VALVE-ISO
PSV-28346,EC-VALVE-RELIEF
E-28347,EC-HEATEXCH-SHELL
FT-28348,EC-INST-FT
FT-28349,EC-INST-FT
E-28350,EC-HEATEXCH-SHELL
FCV-28351,EC-VALVE-CTRL
PSV-28352,EC-VALVE-RELIEF
PSV-28353,EC-VALVE-RELIEF
P-28354,EC-PUMP-RECIP
PT-28355,EC-INST-PT
P-28356,EC-PUMP-RECIP
E-28357,EC-HEATEXCH-SHELL
P-28358,EC-PUMP-CENTR
XV-28359,EC-VALVE-ISO
COL-28360,EC-VESSEL-COL
XV-28361,EC-VALVE-ISO
FCV-28362,EC-VALVE-CTRL
COL-28363,EC-VESSEL-COL
V-28364,EC-VESSEL-SEP
COL-28365,EC-VESSEL-COL
K-28366,EC-COMPRESSOR-CENTR
LT-28367,EC-INST-LT
FCV-28368,EC-VALVE-CTRL
FT-28369,EC-INST-FT
FT-28370,EC-INST-FT
P-28371,EC-PUMP-CENTR
PSV-28372,EC-VALVE-RELIEF
E-28373,EC-HEATEXCH-SHELL
COL-28374,EC-VESSEL-COL
E-28375,EC-HEATEXCH-SHELL
LT-28376,EC-INST-LT
PT-28377,EC-INST-PT
XV-28378,EC-VALVE-ISO
TT-28379,EC-INST-TT
K-28380,EC-COMPRESSOR-CENTR
PT-28381,EC-INST-PT
P-28382,EC-PUMP-CENTR
FT-28383,EC-INST-FT
PT-28384,EC-INST-PT
LT-28385,EC-INST-LT
FCV-28386,EC-VALVE-CTRL
FCV-28387,EC-VALVE-CTRL
COL-28388,EC-VESSEL-COL
XV-28389,EC-VALVE-ISO
P-28390,EC-PUMP-RECIP
PT-28391,EC-INST-PT
K-28392,EC-COMPRESSOR-CENTR
COL-28393,EC-VESSEL-COL
FT-28394,EC-INST-FT
P-28395,EC-PUMP-CENTR
LT-28396,EC-INST-LT
LT-28397,EC-INST-LT
TT-28398,EC-INST-TT
P-28399,EC-PUMP-CENTR
E-28400,EC-HEATEXCH-SHELL
FT-28401,EC-INST-FT
PSV-28402,EC-VALVE-RELIEF
TT-28403,EC-INST-TT
COL-28404,EC-VESSEL-COL
XV-28405,EC-VALVE-ISO
COL-28406,EC-VESSEL-COL
V-28407,EC-VESSEL-SEP
FCV-28408,EC-VALVE-CTRL
FT-28409,EC-INST-FT
V-28410,EC-VESSEL-SEP
PSV-28411,EC-VALVE-RELIEF
XV-28412,EC-VALVE-ISO
FT-28413,EC-INST-FT
P-28414,EC-PUMP-CENTR
FCV-28415,EC-VALVE-CTRL
K-28416,EC-COMPRESSOR-CENTR
LT-28417,EC-INST-LT
PSV-28418,EC-VALVE-RELIEF
FCV-28419,EC-VALVE-CTRL
PT-28420,EC-INST-PT
FCV-28421,EC-VALVE-CTRL
PT-28422,EC-INST-PT
FT-28423,EC-INST-FT
COL-28424,EC-VESSEL-COL
K-28425,EC-COMPRESSOR-CENTR
PSV-28426,EC-VALVE-RELIEF
COL-28427,EC-VESSEL-COL
P-28428,EC-PUMP-CENTR
XV-28429,EC-VALVE-ISO
E-28430,EC-HEATEXCH-SHELL
FT-28431,EC-INST-FT
FCV-28432,EC-VALVE-CTRL
V-28433,EC-VESSEL-SEP
P-28434,EC-PUMP-CENTR
V-28435,EC-VESSEL-SEP
PSV-28436,EC-VALVE-RELIEF
P-28437,EC-PUMP-RECIP
FT-28438,EC-INST-FT
FCV-28439,EC-VALVE-CTRL
E-28440,EC-HEATEXCH-SHELL
P-28441,EC-PUMP-CENTR
P-28442,EC-PUMP-RECIP
FT-28443,EC-INST-FT
PT-28444,EC-INST-PT
LT-28445,EC-INST-LT
PT-28446,EC-INST-PT
PSV-28447,EC-VALVE-RELIEF
V-28448,EC-VESSEL-SEP
FT-28449,EC-INST-FT
P-28450,EC-PUMP-CENTR
XV-28451,EC-VALVE-ISO
LT-28452,EC-INST-LT
PT-28453,EC-INST-PT
TT-28454,EC-INST-TT
E-28455,EC-HEATEXCH-SHELL
P-28456,EC-PUMP-CENTR
FT-28457,EC-INST-FT
LT-28458,EC-INST-LT
E-28459,EC-HEATEXCH-SHELL
K-28460,EC-COMPRESSOR-CENTR
P-28461,EC-PUMP-RECIP
FT-28462,EC-INST-FT
E-28463,EC-HEATEXCH-SHELL
FCV-28464,EC-VALVE-CTRL
XV-28465,EC-VALVE-ISO
E-28466,EC-HEATEXCH-SHELL
P-28467,EC-PUMP-CENTR
E-28468,EC-HEATEXCH-SHELL
PT-28469,EC-INST-PT
P-28470,EC-PUMP-CENTR
PSV-28471,EC-VALVE-RELIEF
COL-28472,EC-VESSEL-COL
K-28473,EC-COMPRESSOR-CENTR
PT-28474,EC-INST-PT
PSV-28475,EC-VALVE-RELIEF
E-28476,EC-HEATEXCH-SHELL
P-28477,EC-PUMP-RECIP
K-28478,EC-COMPRESSOR-CENTR
PT-28479,EC-INST-PT
V-28480,EC-VESSEL-SEP
FT-28481,EC-INST-FT
E-28482,EC-HEATEXCH-SHELL
PT-28483,EC-INST-PT
TT-28484,EC-INST-TT
E-28485,EC-HEATEXCH-SHELL
K-28486,EC-COMPRESSOR-CENTR
XV-28487,EC-VALVE-ISO
TT-28488,EC-INST-TT
FT-28489,EC-INST-FT
P-28490,EC-PUMP-CENTR
V-28491,EC-VESSEL-SEP
K-28492,EC-COMPRESSOR-CENTR
V-28493,EC-VESSEL-SEP
V-28494,EC-VESSEL-SEP
FCV-28495,EC-VALVE-CTRL
P-28496,EC-PUMP-RECIP
K-28497,EC-COMPRESSOR-CENTR
COL-28498,EC-VESSEL-COL
E-28499,EC-HEATEXCH-SHELL
COL-28500,EC-VESSEL-COL
PT-28501,EC-INST-PT
LT-28502,EC-INST-LT
P-28503,EC-PUMP-RECIP
TT-28504,EC-INST-TT
TT-28505,EC-INST-TT
FCV-28506,EC-VALVE-CTRL
K-28507,EC-COMPRESSOR-CENTR
PT-28508,EC-INST-PT
PSV-28509,EC-VALVE-RELIEF
V-28510,EC-VESSEL-SEP
COL-28511,EC-VESSEL-COL
P-28512,EC-PUMP-CENTR
E-28513,EC-HEATEXCH-SHELL
K-28514,EC-COMPRESSOR-CENTR
P-28515,EC-PUMP-RECIP
P-28516,EC-PUMP-CENTR
FCV-28517,EC-VALVE-CTRL
P-28518,EC-PUMP-RECIP
E-28519,EC-HEATEXCH-SHELL
V-28520,EC-VESSEL-SEP
E-28521,EC-HEATEXCH-SHELL
E-28522,EC-HEATEXCH-SHELL
E-28523,EC-HEATEXCH-SHELL
FT-28524,EC-INST-FT
FT-28525,EC-INST-FT
LT-28526,EC-INST-LT
K-28527,EC-COMPRESSOR-CENTR
FCV-28528,EC-VALVE-CTRL
FCV-28529,EC-VALVE-CTRL
XV-28530,EC-VALVE-ISO
FCV-28531,EC-VALVE-CTRL
P-28532,EC-PUMP-RECIP
COL-28533,EC-VESSEL-COL
FCV-28534,EC-VALVE-CTRL
P-28535,EC-PUMP-CENTR
FT-28536,EC-INST-FT
XV-28537,EC-VALVE-ISO
COL-28538,EC-VESSEL-COL
TT-28539,EC-INST-TT
PT-28540,EC-INST-PT
K-28541,EC-COMPRESSOR-CENTR
E-28542,EC-HEATEXCH-SHELL
COL-28543,EC-VESSEL-COL
FT-28544,EC-INST-FT
E-28545,EC-HEATEXCH-SHELL
PSV-28546,EC-VALVE-RELIEF
E-28547,EC-HEATEXCH-SHELL
LT-28548,EC-INST-LT
XV-28549,EC-VALVE-ISO
P-28550,EC-PUMP-CENTR
P-28551,EC-PUMP-CENTR
P-28552,EC-PUMP-RECIP
PT-28553,EC-INST-PT
XV-28554,EC-VALVE-ISO
K-28555,EC-COMPRESSOR-CENTR
V-28556,EC-VESSEL-SEP
XV-28557,EC-VALVE-ISO
K-28558,EC-COMPRESSOR-CENTR
COL-28559,EC-VESSEL-COL
P-28560,EC-PUMP-CENTR
FCV-28561,EC-VALVE-CTRL
P-28562,EC-PUMP-RECIP
FT-28563,EC-INST-FT
PT-28564,EC-INST-PT
PSV-28565,EC-VALVE-RELIEF
FT-28566,EC-INST-FT
LT-28567,EC-INST-LT
PSV-28568,EC-VALVE-RELIEF
PT-28569,EC-INST-PT
TT-28570,EC-INST-TT
COL-28571,EC-VESSEL-COL
PSV-28572,EC-VALVE-RELIEF
TT-28573,EC-INST-TT
FT-28574,EC-INST-FT
P-28575,EC-PUMP-RECIP
TT-28576,EC-INST-TT
TT-28577,EC-INST-TT
LT-28578,EC-INST-LT
FT-28579,EC-INST-FT
K-28580,EC-COMPRESSOR-CENTR
V-28581,EC-VESSEL-SEP
K-28582,EC-COMPRESSOR-CENTR
FCV-28583,EC-VALVE-CTRL
K-28584,EC-COMPRESSOR-CENTR
LT-28585,EC-INST-LT
P-28586,EC-PUMP-RECIP
XV-28587,EC-VALVE-ISO
K-28588,EC-COMPRESSOR-CENTR
V-28589,EC-VESSEL-SEP
LT-28590,EC-INST-LT
FCV-28591,EC-VALVE-CTRL
P-28592,EC-PUMP-RECIP
PSV-28593,EC-VALVE-RELIEF
FT-28594,EC-INST-FT
LT-28595,EC-INST-LT
XV-28596,EC-VALVE-ISO
TT-28597,EC-INST-TT
FCV-28598,EC-VALVE-CTRL
P-28599,EC-PUMP-CENTR
P-28600,EC-PUMP-CENTR
P-28601,EC-PUMP-CENTR
P-28602,EC-PUMP-CENTR
COL-28603,EC-VESSEL-COL
FCV-28604,EC-VALVE-CTRL
XV-28605,EC-VALVE-ISO
PT-28606,EC-INST-PT
E-28607,EC-HEATEXCH-SHELL
FCV-28608,EC-VALVE-CTRL
PT-28609,EC-INST-PT
P-28610,EC-PUMP-RECIP
PSV-28611,EC-VALVE-RELIEF
PT-28612,EC-INST-PT
LT-28613,EC-INST-LT
V-28614,EC-VESSEL-SEP
FT-28615,EC-INST-FT
XV-28616,EC-VALVE-ISO
TT-28617,EC-INST-TT
PSV-28618,EC-VALVE-RELIEF
FCV-28619,EC-VALVE-CTRL
LT-28620,EC-INST-LT
XV-28621,EC-VALVE-ISO
E-28622,EC-HEATEXCH-SHELL
PT-28623,EC-INST-PT
E-28624,EC-HEATEXCH-SHELL
TT-28625,EC-INST-TT
V-28626,EC-VESSEL-SEP
V-28627,EC-VESSEL-SEP
COL-28628,EC-VESSEL-COL
V-28629,EC-VESSEL-SEP
FCV-28630,EC-VALVE-CTRL
LT-28631,EC-INST-LT
FCV-28632,EC-VALVE-CTRL
FT-28633,EC-INST-FT
PT-28634,EC-INST-PT
K-28635,EC-COMPRESSOR-CENTR
PT-28636,EC-INST-PT
FCV-28637,EC-VALVE-CTRL
LT-28638,EC-INST-LT
TT-28639,EC-INST-TT
PT-28640,EC-INST-PT
COL-28641,EC-VESSEL-COL
PSV-28642,EC-VALVE-RELIEF
PSV-28643,EC-VALVE-RELIEF
P-28644,EC-PUMP-CENTR
COL-28645,EC-VESSEL-COL
P-28646,EC-PUMP-RECIP
PSV-28647,EC-VALVE-RELIEF
P-28648,EC-PUMP-RECIP
V-28649,EC-VESSEL-SEP
TT-28650,EC-INST-TT
K-28651,EC-COMPRESSOR-CENTR
LT-28652,EC-INST-LT
P-28653,EC-PUMP-RECIP
P-28654,EC-PUMP-RECIP
TT-28655,EC-INST-TT
COL-28656,EC-VESSEL-COL
PSV-28657,EC-VALVE-RELIEF
PT-28658,EC-INST-PT
COL-28659,EC-VESSEL-COL
XV-28660,EC-VALVE-ISO
FCV-28661,EC-VALVE-CTRL
PT-28662,EC-INST-PT
COL-28663,EC-VESSEL-COL
K-28664,EC-COMPRESSOR-CENTR
XV-28665,EC-VALVE-ISO
COL-28666,EC-VESSEL-COL
V-28667,EC-VESSEL-SEP
PSV-28668,EC-VALVE-RELIEF
E-28669,EC-HEATEXCH-SHELL
TT-28670,EC-INST-TT
PSV-28671,EC-VALVE-RELIEF
XV-28672,EC-VALVE-ISO
P-28673,EC-PUMP-CENTR
FT-28674,EC-INST-FT
K-28675,EC-COMPRESSOR-CENTR
XV-28676,EC-VALVE-ISO
P-28677,EC-PUMP-RECIP
P-28678,EC-PUMP-CENTR
FT-28679,EC-INST-FT
PSV-28680,EC-VALVE-RELIEF
P-28681,EC-PUMP-CENTR
E-28682,EC-HEATEXCH-SHELL
P-28683,EC-PUMP-RECIP
P-28684,EC-PUMP-RECIP
PSV-28685,EC-VALVE-RELIEF
PT-28686,EC-INST-PT
LT-28687,EC-INST-LT
FCV-28688,EC-VALVE-CTRL
COL-28689,EC-VESSEL-COL
COL-28690,EC-VESSEL-COL
LT-28691,EC-INST-LT
PSV-28692,EC-VALVE-RELIEF
P-28693,EC-PUMP-CENTR
K-28694,EC-COMPRESSOR-CENTR
P-28695,EC-PUMP-CENTR
E-28696,EC-HEATEXCH-SHELL
XV-28697,EC-VALVE-ISO
P-28698,EC-PUMP-CENTR
K-28699,EC-COMPRESSOR-CENTR
PT-28700,EC-INST-PT
P-28701,EC-PUMP-RECIP
PT-28702,EC-INST-PT
PSV-28703,EC-VALVE-RELIEF
FCV-28704,EC-VALVE-CTRL
E-28705,EC-HEATEXCH-SHELL
COL-28706,EC-VESSEL-COL
P-28707,EC-PUMP-CENTR
XV-28708,EC-VALVE-ISO
TT-28709,EC-INST-TT
FCV-28710,EC-VALVE-CTRL
P-28711,EC-PUMP-RECIP
P-28712,EC-PUMP-RECIP
V-28713,EC-VESSEL-SEP
P-28714,EC-PUMP-RECIP
E-28715,EC-HEATEXCH-SHELL
P-28716,EC-PUMP-RECIP
FT-28717,EC-INST-FT
P-28718,EC-PUMP-RECIP
PT-28719,EC-INST-PT
E-28720,EC-HEATEXCH-SHELL
FCV-28721,EC-VALVE-CTRL
LT-28722,EC-INST-LT
V-28723,EC-VESSEL-SEP
E-28724,EC-HEATEXCH-SHELL
FCV-28725,EC-VALVE-CTRL
P-28726,EC-PUMP-RECIP
COL-28727,EC-VESSEL-COL
PSV-28728,EC-VALVE-RELIEF
FT-28729,EC-INST-FT
V-28730,EC-VESSEL-SEP
P-28731,EC-PUMP-CENTR
COL-28732,EC-VESSEL-COL
PT-28733,EC-INST-PT
PT-28734,EC-INST-PT
TT-28735,EC-INST-TT
FCV-28736,EC-VALVE-CTRL
V-28737,EC-VESSEL-SEP
FCV-28738,EC-VALVE-CTRL
PSV-28739,EC-VALVE-RELIEF
P-28740,EC-PUMP-CENTR
P-28741,EC-PUMP-RECIP
E-28742,EC-HEATEXCH-SHELL
P-28743,EC-PUMP-RECIP
XV-28744,EC-VALVE-ISO
LT-28745,EC-INST-LT
TT-28746,EC-INST-TT
XV-28747,EC-VALVE-ISO
TT-28748,EC-INST-TT
P-28749,EC-PUMP-RECIP
LT-28750,EC-INST-LT
LT-28751,EC-INST-LT
E-28752,EC-HEATEXCH-SHELL
FT-28753,EC-INST-FT
V-28754,EC-VESSEL-SEP
LT-28755,EC-INST-LT
P-28756,EC-PUMP-CENTR
P-28757,EC-PUMP-RECIP
PSV-28758,EC-VALVE-RELIEF
FT-28759,EC-INST-FT
LT-28760,EC-INST-LT
COL-28761,EC-VESSEL-COL
V-28762,EC-VESSEL-SEP
V-28763,EC-VESSEL-SEP
E-28764,EC-HEATEXCH-SHELL
E-28765,EC-HEATEXCH-SHELL
COL-28766,EC-VESSEL-COL
FT-28767,EC-INST-FT
V-28768,EC-VESSEL-SEP
FCV-28769,EC-VALVE-CTRL
FCV-28770,EC-VALVE-CTRL
LT-28771,EC-INST-LT
P-28772,EC-PUMP-CENTR
K-28773,EC-COMPRESSOR-CENTR
PSV-28774,EC-VALVE-RELIEF
PSV-28775,EC-VALVE-RELIEF
TT-28776,EC-INST-TT
COL-28777,EC-VESSEL-COL
K-28778,EC-COMPRESSOR-CENTR
K-28779,EC-COMPRESSOR-CENTR
P-28780,EC-PUMP-RECIP
PSV-28781,EC-VALVE-RELIEF
XV-28782,EC-VALVE-ISO
COL-28783,EC-VESSEL-COL
PT-28784,EC-INST-PT
V-28785,EC-VESSEL-SEP
P-28786,EC-PUMP-CENTR
COL-28787,EC-VESSEL-COL
PSV-28788,EC-VALVE-RELIEF
PSV-28789,EC-VALVE-RELIEF
PT-28790,EC-INST-PT
FT-28791,EC-INST-FT
TT-28792,EC-INST-TT
P-28793,EC-PUMP-RECIP
FT-28794,EC-INST-FT
K-28795,EC-COMPRESSOR-CENTR
P-28796,EC-PUMP-CENTR
P-28797,EC-PUMP-RECIP
E-28798,EC-HEATEXCH-SHELL
PSV-28799,EC-VALVE-RELIEF
XV-28800,EC-VALVE-ISO
PSV-28801,EC-VALVE-RELIEF
P-28802,EC-PUMP-RECIP
LT-28803,EC-INST-LT
COL-28804,EC-VESSEL-COL
K-28805,EC-COMPRESSOR-CENTR
TT-28806,EC-INST-TT
PT-28807,EC-INST-PT
TT-28808,EC-INST-TT
E-28809,EC-HEATEXCH-SHELL
FT-28810,EC-INST-FT
COL-28811,EC-VESSEL-COL
P-28812,EC-PUMP-RECIP
P-28813,EC-PUMP-RECIP
K-28814,EC-COMPRESSOR-CENTR
K-28815,EC-COMPRESSOR-CENTR
XV-28816,EC-VALVE-ISO
FCV-28817,EC-VALVE-CTRL
PT-28818,EC-INST-PT
E-28819,EC-HEATEXCH-SHELL
LT-28820,EC-INST-LT
LT-28821,EC-INST-LT
TT-28822,EC-INST-TT
COL-28823,EC-VESSEL-COL
PSV-28824,EC-VALVE-RELIEF
TT-28825,EC-INST-TT
PSV-28826,EC-VALVE-RELIEF
COL-28827,EC-VESSEL-COL
FCV-28828,EC-VALVE-CTRL
K-28829,EC-COMPRESSOR-CENTR
E-28830,EC-HEATEXCH-SHELL
FT-28831,EC-INST-FT
P-28832,EC-PUMP-RECIP
LT-28833,EC-INST-LT
TT-28834,EC-INST-TT
LT-28835,EC-INST-LT
FCV-28836,EC-VALVE-CTRL
FT-28837,EC-INST-FT
COL-28838,EC-VESSEL-COL
TT-28839,EC-INST-TT
LT-28840,EC-INST-LT
LT-28841,EC-INST-LT
FT-28842,EC-INST-FT
P-28843,EC-PUMP-RECIP
FT-28844,EC-INST-FT
LT-28845,EC-INST-LT
XV-28846,EC-VALVE-ISO
TT-28847,EC-INST-TT
E-28848,EC-HEATEXCH-SHELL
TT-28849,EC-INST-TT
FT-28850,EC-INST-FT
PSV-28851,EC-VALVE-RELIEF
P-28852,EC-PUMP-RECIP
PT-28853,EC-INST-PT
V-28854,EC-VESSEL-SEP
K-28855,EC-COMPRESSOR-CENTR
FT-28856,EC-INST-FT
P-28857,EC-PUMP-CENTR
FCV-28858,EC-VALVE-CTRL
K-28859,EC-COMPRESSOR-CENTR
PT-28860,EC-INST-PT
FT-28861,EC-INST-FT
V-28862,EC-VESSEL-SEP
FCV-28863,EC-VALVE-CTRL
P-28864,EC-PUMP-RECIP
TT-28865,EC-INST-TT
XV-28866,EC-VALVE-ISO
K-28867,EC-COMPRESSOR-CENTR
K-28868,EC-COMPRESSOR-CENTR
PSV-28869,EC-VALVE-RELIEF
FT-28870,EC-INST-FT
PT-28871,EC-INST-PT
PSV-28872,EC-VALVE-RELIEF
PSV-28873,EC-VALVE-RELIEF
COL-28874,EC-VESSEL-COL
FCV-28875,EC-VALVE-CTRL
TT-28876,EC-INST-TT
PSV-28877,EC-VALVE-RELIEF
V-28878,EC-VESSEL-SEP
COL-28879,EC-VESSEL-COL
FCV-28880,EC-VALVE-CTRL
TT-28881,EC-INST-TT
P-28882,EC-PUMP-RECIP
E-28883,EC-HEATEXCH-SHELL
P-28884,EC-PUMP-RECIP
LT-28885,EC-INST-LT
PSV-28886,EC-VALVE-RELIEF
V-28887,EC-VESSEL-SEP
E-28888,EC-HEATEXCH-SHELL
FCV-28889,EC-VALVE-CTRL
FCV-28890,EC-VALVE-CTRL
FT-28891,EC-INST-FT
P-28892,EC-PUMP-RECIP
E-28893,EC-HEATEXCH-SHELL
PT-28894,EC-INST-PT
E-28895,EC-HEATEXCH-SHELL
V-28896,EC-VESSEL-SEP
K-28897,EC-COMPRESSOR-CENTR
FCV-28898,EC-VALVE-CTRL
FCV-28899,EC-VALVE-CTRL
P-28900,EC-PUMP-CENTR
PT-28901,EC-INST-PT
FCV-28902,EC-VALVE-CTRL
PSV-28903,EC-VALVE-RELIEF
FCV-28904,EC-VALVE-CTRL
TT-28905,EC-INST-TT
FT-28906,EC-INST-FT
FT-28907,EC-INST-FT
COL-28908,EC-VESSEL-COL
E-28909,EC-HEATEXCH-SHELL
LT-28910,EC-INST-LT
PSV-28911,EC-VALVE-RELIEF
XV-28912,EC-VALVE-ISO
K-28913,EC-COMPRESSOR-CENTR
TT-28914,EC-INST-TT
K-28915,EC-COMPRESSOR-CENTR
V-28916,EC-VESSEL-SEP
P-28917,EC-PUMP-CENTR
P-28918,EC-PUMP-RECIP
COL-28919,EC-VESSEL-COL
E-28920,EC-HEATEXCH-SHELL
PSV-28921,EC-VALVE-RELIEF
LT-28922,EC-INST-LT
TT-28923,EC-INST-TT
E-28924,EC-HEATEXCH-SHELL
K-28925,EC-COMPRESSOR-CENTR
XV-28926,EC-VALVE-ISO
K-28927,EC-COMPRESSOR-CENTR
TT-28928,EC-INST-TT
PT-28929,EC-INST-PT
E-28930,EC-HEATEXCH-SHELL
K-28931,EC-COMPRESSOR-CENTR
TT-28932,EC-INST-TT
P-28933,EC-PUMP-RECIP
V-28934,EC-VESSEL-SEP
LT-28935,EC-INST-LT
COL-28936,EC-VESSEL-COL
FCV-28937,EC-VALVE-CTRL
TT-28938,EC-INST-TT
PSV-28939,EC-VALVE-RELIEF
K-28940,EC-COMPRESSOR-CENTR
COL-28941,EC-VESSEL-COL
XV-28942,EC-VALVE-ISO
FCV-28943,EC-VALVE-CTRL
XV-28944,EC-VALVE-ISO
TT-28945,EC-INST-TT
TT-28946,EC-INST-TT
COL-28947,EC-VESSEL-COL
K-28948,EC-COMPRESSOR-CENTR
FCV-28949,EC-VALVE-CTRL
TT-28950,EC-INST-TT
P-28951,EC-PUMP-CENTR
FT-28952,EC-INST-FT
TT-28953,EC-INST-TT
P-28954,EC-PUMP-RECIP
PSV-28955,EC-VALVE-RELIEF
FT-28956,EC-INST-FT
P-28957,EC-PUMP-CENTR
V-28958,EC-VESSEL-SEP
PSV-28959,EC-VALVE-RELIEF
V-28960,EC-VESSEL-SEP
V-28961,EC-VESSEL-SEP
V-28962,EC-VESSEL-SEP
FCV-28963,EC-VALVE-CTRL
FT-28964,EC-INST-FT
XV-28965,EC-VALVE-ISO
XV-28966,EC-VALVE-ISO
LT-28967,EC-INST-LT
PSV-28968,EC-VALVE-RELIEF
P-28969,EC-PUMP-CENTR
FCV-28970,EC-VALVE-CTRL
PT-28971,EC-INST-PT
PSV-28972,EC-VALVE-RELIEF
XV-28973,EC-VALVE-ISO
V-28974,EC-VESSEL-SEP
TT-28975,EC-INST-TT
XV-28976,EC-VALVE-ISO
K-28977,EC-COMPRESSOR-CENTR
TT-28978,EC-INST-TT
P-28979,EC-PUMP-CENTR
FT-28980,EC-INST-FT
V-28981,EC-VESSEL-SEP
PSV-28982,EC-VALVE-RELIEF
PT-28983,EC-INST-PT
FT-28984,EC-INST-FT
COL-28985,EC-VESSEL-COL
K-28986,EC-COMPRESSOR-CENTR
LT-28987,EC-INST-LT
PSV-28988,EC-VALVE-RELIEF
XV-28989,EC-VALVE-ISO
P-28990,EC-PUMP-RECIP
LT-28991,EC-INST-LT
FT-28992,EC-INST-FT
LT-28993,EC-INST-LT
FCV-28994,EC-VALVE-CTRL
PSV-28995,EC-VALVE-RELIEF
P-28996,EC-PUMP-CENTR
V-28997,EC-VESSEL-SEP
PSV-28998,EC-VALVE-RELIEF
LT-28999,EC-INST-LT
P-29000,EC-PUMP-CENTR
V-29001,EC-VESSEL-SEP
COL-29002,EC-VESSEL-COL
COL-29003,EC-VESSEL-COL
P-29004,EC-PUMP-CENTR
FT-29005,EC-INST-FT
E-29006,EC-HEATEXCH-SHELL
TT-29007,EC-INST-TT
FCV-29008,EC-VALVE-CTRL
FT-29009,EC-INST-FT
XV-29010,EC-VALVE-ISO
P-29011,EC-PUMP-CENTR
PSV-29012,EC-VALVE-RELIEF
PSV-29013,EC-VALVE-RELIEF
XV-29014,EC-VALVE-ISO
P-29015,EC-PUMP-CENTR
P-29016,EC-PUMP-CENTR
XV-29017,EC-VALVE-ISO
V-29018,EC-VESSEL-SEP
P-29019,EC-PUMP-RECIP
PT-29020,EC-INST-PT
XV-29021,EC-VALVE-ISO
P-29022,EC-PUMP-RECIP
P-29023,EC-PUMP-CENTR
FT-29024,EC-INST-FT
FT-29025,EC-INST-FT
FT-29026,EC-INST-FT
V-29027,EC-VESSEL-SEP
FT-29028,EC-INST-FT
COL-29029,EC-VESSEL-COL
K-29030,EC-COMPRESSOR-CENTR
TT-29031,EC-INST-TT
P-29032,EC-PUMP-RECIP
FCV-29033,EC-VALVE-CTRL
V-29034,EC-VESSEL-SEP
LT-29035,EC-INST-LT
FT-29036,EC-INST-FT
P-29037,EC-PUMP-CENTR
PSV-29038,EC-VALVE-RELIEF
FT-29039,EC-INST-FT
COL-29040,EC-VESSEL-COL
PT-29041,EC-INST-PT
TT-29042,EC-INST-TT
P-29043,EC-PUMP-CENTR
XV-29044,EC-VALVE-ISO
COL-29045,EC-VESSEL-COL
FCV-29046,EC-VALVE-CTRL
FT-29047,EC-INST-FT
FCV-29048,EC-VALVE-CTRL
P-29049,EC-PUMP-CENTR
P-29050,EC-PUMP-RECIP
K-29051,EC-COMPRESSOR-CENTR
XV-29052,EC-VALVE-ISO
FT-29053,EC-INST-FT
V-29054,EC-VESSEL-SEP
LT-29055,EC-INST-LT
PSV-29056,EC-VALVE-RELIEF
COL-29057,EC-VESSEL-COL
PSV-29058,EC-VALVE-RELIEF
PT-29059,EC-INST-PT
XV-29060,EC-VALVE-ISO
K-29061,EC-COMPRESSOR-CENTR
FT-29062,EC-INST-FT
TT-29063,EC-INST-TT
PT-29064,EC-INST-PT
PSV-29065,EC-VALVE-RELIEF
V-29066,EC-VESSEL-SEP
FCV-29067,EC-VALVE-CTRL
K-29068,EC-COMPRESSOR-CENTR
E-29069,EC-HEATEXCH-SHELL
P-29070,EC-PUMP-RECIP
FT-29071,EC-INST-FT
PSV-29072,EC-VALVE-RELIEF
P-29073,EC-PUMP-RECIP
V-29074,EC-VESSEL-SEP
E-29075,EC-HEATEXCH-SHELL
V-29076,EC-VESSEL-SEP
XV-29077,EC-VALVE-ISO
K-29078,EC-COMPRESSOR-CENTR
K-29079,EC-COMPRESSOR-CENTR
K-29080,EC-COMPRESSOR-CENTR
V-29081,EC-VESSEL-SEP
V-29082,EC-VESSEL-SEP
P-29083,EC-PUMP-CENTR
FT-29084,EC-INST-FT
PT-29085,EC-INST-PT
XV-29086,EC-VALVE-ISO
FCV-29087,EC-VALVE-CTRL
TT-29088,EC-INST-TT
FT-29089,EC-INST-FT
TT-29090,EC-INST-TT
COL-29091,EC-VESSEL-COL
V-29092,EC-VESSEL-SEP
FT-29093,EC-INST-FT
LT-29094,EC-INST-LT
COL-29095,EC-VESSEL-COL
COL-29096,EC-VESSEL-COL
TT-29097,EC-INST-TT
K-29098,EC-COMPRESSOR-CENTR
P-29099,EC-PUMP-RECIP
PSV-29100,EC-VALVE-RELIEF
PT-29101,EC-INST-PT
PT-29102,EC-INST-PT
P-29103,EC-PUMP-RECIP
TT-29104,EC-INST-TT
FT-29105,EC-INST-FT
FCV-29106,EC-VALVE-CTRL
LT-29107,EC-INST-LT
V-29108,EC-VESSEL-SEP
FT-29109,EC-INST-FT
LT-29110,EC-INST-LT
E-29111,EC-HEATEXCH-SHELL
P-29112,EC-PUMP-CENTR
COL-29113,EC-VESSEL-COL
TT-29114,EC-INST-TT
E-29115,EC-HEATEXCH-SHELL
K-29116,EC-COMPRESSOR-CENTR
TT-29117,EC-INST-TT
E-29118,EC-HEATEXCH-SHELL
K-29119,EC-COMPRESSOR-CENTR
K-29120,EC-COMPRESSOR-CENTR
P-29121,EC-PUMP-CENTR
PT-29122,EC-INST-PT
K-29123,EC-COMPRESSOR-CENTR
FCV-29124,EC-VALVE-CTRL
P-29125,EC-PUMP-CENTR
FCV-29126,EC-VALVE-CTRL
PSV-29127,EC-VALVE-RELIEF
COL-29128,EC-VESSEL-COL
TT-29129,EC-INST-TT
TT-29130,EC-INST-TT
COL-29131,EC-VESSEL-COL
P-29132,EC-PUMP-RECIP
PSV-29133,EC-VALVE-RELIEF
V-29134,EC-VESSEL-SEP
TT-29135,EC-INST-TT
XV-29136,EC-VALVE-ISO
E-29137,EC-HEATEXCH-SHELL
E-29138,EC-HEATEXCH-SHELL
P-29139,EC-PUMP-CENTR
P-29140,EC-PUMP-RECIP
LT-29141,EC-INST-LT
XV-29142,EC-VALVE-ISO
P-29143,EC-PUMP-CENTR
V-29144,EC-VESSEL-SEP
P-29145,EC-PUMP-RECIP
P-29146,EC-PUMP-RECIP
FCV-29147,EC-VALVE-CTRL
LT-29148,EC-INST-LT
XV-29149,EC-VALVE-ISO
E-29150,EC-HEATEXCH-SHELL
P-29151,EC-PUMP-RECIP
TT-29152,EC-INST-TT
P-29153,EC-PUMP-CENTR
K-29154,EC-COMPRESSOR-CENTR
E-29155,EC-HEATEXCH-SHELL
TT-29156,EC-INST-TT
LT-29157,EC-INST-LT
FCV-29158,EC-VALVE-CTRL
P-29159,EC-PUMP-RECIP
P-29160,EC-PUMP-CENTR
PT-29161,EC-INST-PT
PT-29162,EC-INST-PT
V-29163,EC-VESSEL-SEP
V-29164,EC-VESSEL-SEP
P-29165,EC-PUMP-RECIP
FCV-29166,EC-VALVE-CTRL
FCV-29167,EC-VALVE-CTRL
E-29168,EC-HEATEXCH-SHELL
COL-29169,EC-VESSEL-COL
FT-29170,EC-INST-FT
K-29171,EC-COMPRESSOR-CENTR
P-29172,EC-PUMP-RECIP
P-29173,EC-PUMP-CENTR
PT-29174,EC-INST-PT
PSV-29175,EC-VALVE-RELIEF
PSV-29176,EC-VALVE-RELIEF
XV-29177,EC-VALVE-ISO
V-29178,EC-VESSEL-SEP
COL-29179,EC-VESSEL-COL
TT-29180,EC-INST-TT
K-29181,EC-COMPRESSOR-CENTR
P-29182,EC-PUMP-RECIP
XV-29183,EC-VALVE-ISO
LT-29184,EC-INST-LT
PSV-29185,EC-VALVE-RELIEF
FT-29186,EC-INST-FT
E-29187,EC-HEATEXCH-SHELL
COL-29188,EC-VESSEL-COL
PSV-29189,EC-VALVE-RELIEF
FT-29190,EC-INST-FT
COL-29191,EC-VESSEL-COL
TT-29192,EC-INST-TT
V-29193,EC-VESSEL-SEP
V-29194,EC-VESSEL-SEP
K-29195,EC-COMPRESSOR-CENTR
E-29196,EC-HEATEXCH-SHELL
LT-29197,EC-INST-LT
PSV-29198,EC-VALVE-RELIEF
P-29199,EC-PUMP-CENTR
TT-29200,EC-INST-TT
P-29201,EC-PUMP-RECIP
PSV-29202,EC-VALVE-RELIEF
LT-29203,EC-INST-LT
P-29204,EC-PUMP-CENTR
K-29205,EC-COMPRESSOR-CENTR
XV-29206,EC-VALVE-ISO
P-29207,EC-PUMP-CENTR
K-29208,EC-COMPRESSOR-CENTR
E-29209,EC-HEATEXCH-SHELL
P-29210,EC-PUMP-RECIP
COL-29211,EC-VESSEL-COL
TT-29212,EC-INST-TT
COL-29213,EC-VESSEL-COL
FT-29214,EC-INST-FT
FT-29215,EC-INST-FT
LT-29216,EC-INST-LT
FCV-29217,EC-VALVE-CTRL
P-29218,EC-PUMP-RECIP
XV-29219,EC-VALVE-ISO
FT-29220,EC-INST-FT
FT-29221,EC-INST-FT
P-29222,EC-PUMP-RECIP
P-29223,EC-PUMP-CENTR
K-29224,EC-COMPRESSOR-CENTR
P-29225,EC-PUMP-CENTR
FT-29226,EC-INST-FT
XV-29227,EC-VALVE-ISO
K-29228,EC-COMPRESSOR-CENTR
P-29229,EC-PUMP-CENTR
K-29230,EC-COMPRESSOR-CENTR
PSV-29231,EC-VALVE-RELIEF
PSV-29232,EC-VALVE-RELIEF
V-29233,EC-VESSEL-SEP
P-29234,EC-PUMP-RECIP
LT-29235,EC-INST-LT
LT-29236,EC-INST-LT
TT-29237,EC-INST-TT
PT-29238,EC-INST-PT
K-29239,EC-COMPRESSOR-CENTR
PT-29240,EC-INST-PT
K-29241,EC-COMPRESSOR-CENTR
PSV-29242,EC-VALVE-RELIEF
COL-29243,EC-VESSEL-COL
PT-29244,EC-INST-PT
PSV-29245,EC-VALVE-RELIEF
FCV-29246,EC-VALVE-CTRL
FT-29247,EC-INST-FT
COL-29248,EC-VESSEL-COL
TT-29249,EC-INST-TT
FT-29250,EC-INST-FT
V-29251,EC-VESSEL-SEP
LT-29252,EC-INST-LT
V-29253,EC-VESSEL-SEP
PSV-29254,EC-VALVE-RELIEF
PT-29255,EC-INST-PT
COL-29256,EC-VESSEL-COL
LT-29257,EC-INST-LT
PSV-29258,EC-VALVE-RELIEF
P-29259,EC-PUMP-CENTR
PT-29260,EC-INST-PT
P-29261,EC-PUMP-CENTR
E-29262,EC-HEATEXCH-SHELL
TT-29263,EC-INST-TT
E-29264,EC-HEATEXCH-SHELL
E-29265,EC-HEATEXCH-SHELL
FCV-29266,EC-VALVE-CTRL
LT-29267,EC-INST-LT
PT-29268,EC-INST-PT
P-29269,EC-PUMP-RECIP
COL-29270,EC-VESSEL-COL
PSV-29271,EC-VALVE-RELIEF
PT-29272,EC-INST-PT
XV-29273,EC-VALVE-ISO
TT-29274,EC-INST-TT
PT-29275,EC-INST-PT
FCV-29276,EC-VALVE-CTRL
K-29277,EC-COMPRESSOR-CENTR
P-29278,EC-PUMP-CENTR
FT-29279,EC-INST-FT
FT-29280,EC-INST-FT
TT-29281,EC-INST-TT
FT-29282,EC-INST-FT
V-29283,EC-VESSEL-SEP
LT-29284,EC-INST-LT
PSV-29285,EC-VALVE-RELIEF
P-29286,EC-PUMP-CENTR
E-29287,EC-HEATEXCH-SHELL
FT-29288,EC-INST-FT
COL-29289,EC-VESSEL-COL
TT-29290,EC-INST-TT
P-29291,EC-PUMP-CENTR
FCV-29292,EC-VALVE-CTRL
V-29293,EC-VESSEL-SEP
P-29294,EC-PUMP-CENTR
K-29295,EC-COMPRESSOR-CENTR
COL-29296,EC-VESSEL-COL
XV-29297,EC-VALVE-ISO
XV-29298,EC-VALVE-ISO
K-29299,EC-COMPRESSOR-CENTR
K-29300,EC-COMPRESSOR-CENTR
PSV-29301,EC-VALVE-RELIEF
FCV-29302,EC-VALVE-CTRL
V-29303,EC-VESSEL-SEP
FT-29304,EC-INST-FT
XV-29305,EC-VALVE-ISO
P-29306,EC-PUMP-CENTR
PT-29307,EC-INST-PT
PSV-29308,EC-VALVE-RELIEF
XV-29309,EC-VALVE-ISO
E-29310,EC-HEATEXCH-SHELL
V-29311,EC-VESSEL-SEP
LT-29312,EC-INST-LT
FT-29313,EC-INST-FT
FT-29314,EC-INST-FT
FCV-29315,EC-VALVE-CTRL
K-29316,EC-COMPRESSOR-CENTR
LT-29317,EC-INST-LT
PT-29318,EC-INST-PT
V-29319,EC-VESSEL-SEP
P-29320,EC-PUMP-RECIP
XV-29321,EC-VALVE-ISO
K-29322,EC-COMPRESSOR-CENTR
XV-29323,EC-VALVE-ISO
PSV-29324,EC-VALVE-RELIEF
P-29325,EC-PUMP-RECIP
FT-29326,EC-INST-FT
COL-29327,EC-VESSEL-COL
TT-29328,EC-INST-TT
FT-29329,EC-INST-FT
P-29330,EC-PUMP-RECIP
V-29331,EC-VESSEL-SEP
K-29332,EC-COMPRESSOR-CENTR
V-29333,EC-VESSEL-SEP
TT-29334,EC-INST-TT
V-29335,EC-VESSEL-SEP
FT-29336,EC-INST-FT
TT-29337,EC-INST-TT
V-29338,EC-VESSEL-SEP
PSV-29339,EC-VALVE-RELIEF
FCV-29340,EC-VALVE-CTRL
P-29341,EC-PUMP-RECIP
V-29342,EC-VESSEL-SEP
XV-29343,EC-VALVE-ISO
V-29344,EC-VESSEL-SEP
P-29345,EC-PUMP-RECIP
TT-29346,EC-INST-TT
FCV-29347,EC-VALVE-CTRL
FT-29348,EC-INST-FT
XV-29349,EC-VALVE-ISO
PSV-29350,EC-VALVE-RELIEF
P-29351,EC-PUMP-CENTR
TT-29352,EC-INST-TT
TT-29353,EC-INST-TT
P-29354,EC-PUMP-CENTR
FT-29355,EC-INST-FT
K-29356,EC-COMPRESSOR-CENTR
FCV-29357,EC-VALVE-CTRL
XV-29358,EC-VALVE-ISO
FT-29359,EC-INST-FT
COL-29360,EC-VESSEL-COL
E-29361,EC-HEATEXCH-SHELL
PSV-29362,EC-VALVE-RELIEF
COL-29363,EC-VESSEL-COL
PSV-29364,EC-VALVE-RELIEF
COL-29365,EC-VESSEL-COL
COL-29366,EC-VESSEL-COL
FT-29367,EC-INST-FT
TT-29368,EC-INST-TT
E-29369,EC-HEATEXCH-SHELL
P-29370,EC-PUMP-CENTR
PSV-29371,EC-VALVE-RELIEF
E-29372,EC-HEATEXCH-SHELL
K-29373,EC-COMPRESSOR-CENTR
FT-29374,EC-INST-FT
XV-29375,EC-VALVE-ISO
P-29376,EC-PUMP-CENTR
K-29377,EC-COMPRESSOR-CENTR
P-29378,EC-PUMP-CENTR
P-29379,EC-PUMP-RECIP
P-29380,EC-PUMP-CENTR
P-29381,EC-PUMP-RECIP
TT-29382,EC-INST-TT
COL-29383,EC-VESSEL-COL
COL-29384,EC-VESSEL-COL
K-29385,EC-COMPRESSOR-CENTR
FCV-29386,EC-VALVE-CTRL
LT-29387,EC-INST-LT
FCV-29388,EC-VALVE-CTRL
K-29389,EC-COMPRESSOR-CENTR
P-29390,EC-PUMP-RECIP
V-29391,EC-VESSEL-SEP
K-29392,EC-COMPRESSOR-CENTR
P-29393,EC-PUMP-RECIP
P-29394,EC-PUMP-CENTR
P-29395,EC-PUMP-RECIP
P-29396,EC-PUMP-RECIP
E-29397,EC-HEATEXCH-SHELL
PSV-29398,EC-VALVE-RELIEF
V-29399,EC-VESSEL-SEP
TT-29400,EC-INST-TT
LT-29401,EC-INST-LT
XV-29402,EC-VALVE-ISO
FCV-29403,EC-VALVE-CTRL
P-29404,EC-PUMP-RECIP
K-29405,EC-COMPRESSOR-CENTR
E-29406,EC-HEATEXCH-SHELL
FT-29407,EC-INST-FT
LT-29408,EC-INST-LT
XV-29409,EC-VALVE-ISO
LT-29410,EC-INST-LT
E-29411,EC-HEATEXCH-SHELL
E-29412,EC-HEATEXCH-SHELL
FCV-29413,EC-VALVE-CTRL
FT-29414,EC-INST-FT
TT-29415,EC-INST-TT
XV-29416,EC-VALVE-ISO
V-29417,EC-VESSEL-SEP
K-29418,EC-COMPRESSOR-CENTR
E-29419,EC-HEATEXCH-SHELL
XV-29420,EC-VALVE-ISO
FCV-29421,EC-VALVE-CTRL
V-29422,EC-VESSEL-SEP
FCV-29423,EC-VALVE-CTRL
LT-29424,EC-INST-LT
PT-29425,EC-INST-PT
PSV-29426,EC-VALVE-RELIEF
TT-29427,EC-INST-TT
XV-29428,EC-VALVE-ISO
PSV-29429,EC-VALVE-RELIEF
K-29430,EC-COMPRESSOR-CENTR
P-29431,EC-PUMP-RECIP
LT-29432,EC-INST-LT
COL-29433,EC-VESSEL-COL
PT-29434,EC-INST-PT
P-29435,EC-PUMP-CENTR
K-29436,EC-COMPRESSOR-CENTR
FCV-29437,EC-VALVE-CTRL
PSV-29438,EC-VALVE-RELIEF
FT-29439,EC-INST-FT
LT-29440,EC-INST-LT
K-29441,EC-COMPRESSOR-CENTR
XV-29442,EC-VALVE-ISO
FCV-29443,EC-VALVE-CTRL
FCV-29444,EC-VALVE-CTRL
V-29445,EC-VESSEL-SEP
P-29446,EC-PUMP-CENTR
V-29447,EC-VESSEL-SEP
P-29448,EC-PUMP-RECIP
V-29449,EC-VESSEL-SEP
E-29450,EC-HEATEXCH-SHELL
P-29451,EC-PUMP-CENTR
V-29452,EC-VESSEL-SEP
K-29453,EC-COMPRESSOR-CENTR
PT-29454,EC-INST-PT
K-29455,EC-COMPRESSOR-CENTR
LT-29456,EC-INST-LT
PT-29457,EC-INST-PT
P-29458,EC-PUMP-CENTR
PT-29459,EC-INST-PT
FCV-29460,EC-VALVE-CTRL
PSV-29461,EC-VALVE-RELIEF
P-29462,EC-PUMP-CENTR
TT-29463,EC-INST-TT
P-29464,EC-PUMP-RECIP
FT-29465,EC-INST-FT
V-29466,EC-VESSEL-SEP
PT-29467,EC-INST-PT
TT-29468,EC-INST-TT
TT-29469,EC-INST-TT
FCV-29470,EC-VALVE-CTRL
TT-29471,EC-INST-TT
PSV-29472,EC-VALVE-RELIEF
COL-29473,EC-VESSEL-COL
TT-29474,EC-INST-TT
PSV-29475,EC-VALVE-RELIEF
PT-29476,EC-INST-PT
P-29477,EC-PUMP-RECIP
LT-29478,EC-INST-LT
K-29479,EC-COMPRESSOR-CENTR
TT-29480,EC-INST-TT
FT-29481,EC-INST-FT
FCV-29482,EC-VALVE-CTRL
V-29483,EC-VESSEL-SEP
COL-29484,EC-VESSEL-COL
PT-29485,EC-INST-PT
P-29486,EC-PUMP-CENTR
XV-29487,EC-VALVE-ISO
PSV-29488,EC-VALVE-RELIEF
XV-29489,EC-VALVE-ISO
E-29490,EC-HEATEXCH-SHELL
TT-29491,EC-INST-TT
P-29492,EC-PUMP-RECIP
TT-29493,EC-INST-TT
COL-29494,EC-VESSEL-COL
PT-29495,EC-INST-PT
P-29496,EC-PUMP-CENTR
PSV-29497,EC-VALVE-RELIEF
PT-29498,EC-INST-PT
K-29499,EC-COMPRESSOR-CENTR
K-29500,EC-COMPRESSOR-CENTR
COL-29501,EC-VESSEL-COL
P-29502,EC-PUMP-CENTR
E-29503,EC-HEATEXCH-SHELL
E-29504,EC-HEATEXCH-SHELL
PSV-29505,EC-VALVE-RELIEF
LT-29506,EC-INST-LT
FCV-29507,EC-VALVE-CTRL
V-29508,EC-VESSEL-SEP
TT-29509,EC-INST-TT
V-29510,EC-VESSEL-SEP
COL-29511,EC-VESSEL-COL
PT-29512,EC-INST-PT
COL-29513,EC-VESSEL-COL
XV-29514,EC-VALVE-ISO
PSV-29515,EC-VALVE-RELIEF
FCV-29516,EC-VALVE-CTRL
TT-29517,EC-INST-TT
LT-29518,EC-INST-LT
FT-29519,EC-INST-FT
P-29520,EC-PUMP-RECIP
TT-29521,EC-INST-TT
K-29522,EC-COMPRESSOR-CENTR
PSV-29523,EC-VALVE-RELIEF
XV-29524,EC-VALVE-ISO
E-29525,EC-HEATEXCH-SHELL
PT-29526,EC-INST-PT
FT-29527,EC-INST-FT
FT-29528,EC-INST-FT
P-29529,EC-PUMP-CENTR
PT-29530,EC-INST-PT
V-29531,EC-VESSEL-SEP
FCV-29532,EC-VALVE-CTRL
E-29533,EC-HEATEXCH-SHELL
PSV-29534,EC-VALVE-RELIEF
K-29535,EC-COMPRESSOR-CENTR
PSV-29536,EC-VALVE-RELIEF
V-29537,EC-VESSEL-SEP
XV-29538,EC-VALVE-ISO
V-29539,EC-VESSEL-SEP
PT-29540,EC-INST-PT
E-29541,EC-HEATEXCH-SHELL
FT-29542,EC-INST-FT
TT-29543,EC-INST-TT
XV-29544,EC-VALVE-ISO
P-29545,EC-PUMP-CENTR
P-29546,EC-PUMP-CENTR
PSV-29547,EC-VALVE-RELIEF
TT-29548,EC-INST-TT
PT-29549,EC-INST-PT
XV-29550,EC-VALVE-ISO
XV-29551,EC-VALVE-ISO
LT-29552,EC-INST-LT
PT-29553,EC-INST-PT
XV-29554,EC-VALVE-ISO
TT-29555,EC-INST-TT
TT-29556,EC-INST-TT
P-29557,EC-PUMP-CENTR
PT-29558,EC-INST-PT
XV-29559,EC-VALVE-ISO
PSV-29560,EC-VALVE-RELIEF
E-29561,EC-HEATEXCH-SHELL
V-29562,EC-VESSEL-SEP
XV-29563,EC-VALVE-ISO
V-29564,EC-VESSEL-SEP
P-29565,EC-PUMP-RECIP
COL-29566,EC-VESSEL-COL
PT-29567,EC-INST-PT
PSV-29568,EC-VALVE-RELIEF
PSV-29569,EC-VALVE-RELIEF
PT-29570,EC-INST-PT
P-29571,EC-PUMP-RECIP
P-29572,EC-PUMP-RECIP
P-29573,EC-PUMP-CENTR
COL-29574,EC-VESSEL-COL
FT-29575,EC-INST-FT
PT-29576,EC-INST-PT
LT-29577,EC-INST-LT
P-29578,EC-PUMP-CENTR
PT-29579,EC-INST-PT
PT-29580,EC-INST-PT
FT-29581,EC-INST-FT
P-29582,EC-PUMP-RECIP
COL-29583,EC-VESSEL-COL
E-29584,EC-HEATEXCH-SHELL
LT-29585,EC-INST-LT
XV-29586,EC-VALVE-ISO
FCV-29587,EC-VALVE-CTRL
LT-29588,EC-INST-LT
PT-29589,EC-INST-PT
V-29590,EC-VESSEL-SEP
COL-29591,EC-VESSEL-COL
LT-29592,EC-INST-LT
PSV-29593,EC-VALVE-RELIEF
PT-29594,EC-INST-PT
FT-29595,EC-INST-FT
E-29596,EC-HEATEXCH-SHELL
PT-29597,EC-INST-PT
E-29598,EC-HEATEXCH-SHELL
K-29599,EC-COMPRESSOR-CENTR
P-29600,EC-PUMP-CENTR
E-29601,EC-HEATEXCH-SHELL
LT-29602,EC-INST-LT
V-29603,EC-VESSEL-SEP
XV-29604,EC-VALVE-ISO
E-29605,EC-HEATEXCH-SHELL
TT-29606,EC-INST-TT
FT-29607,EC-INST-FT
XV-29608,EC-VALVE-ISO
XV-29609,EC-VALVE-ISO
FT-29610,EC-INST-FT
K-29611,EC-COMPRESSOR-CENTR
P-29612,EC-PUMP-CENTR
TT-29613,EC-INST-TT
V-29614,EC-VESSEL-SEP
PSV-29615,EC-VALVE-RELIEF
XV-29616,EC-VALVE-ISO
E-29617,EC-HEATEXCH-SHELL
K-29618,EC-COMPRESSOR-CENTR
PT-29619,EC-INST-PT
PSV-29620,EC-VALVE-RELIEF
XV-29621,EC-VALVE-ISO
FT-29622,EC-INST-FT
LT-29623,EC-INST-LT
E-29624,EC-HEATEXCH-SHELL
FT-29625,EC-INST-FT
PSV-29626,EC-VALVE-RELIEF
COL-29627,EC-VESSEL-COL
P-29628,EC-PUMP-CENTR
COL-29629,EC-VESSEL-COL
COL-29630,EC-VESSEL-COL
COL-29631,EC-VESSEL-COL
P-29632,EC-PUMP-RECIP
FT-29633,EC-INST-FT
TT-29634,EC-INST-TT
FCV-29635,EC-VALVE-CTRL
COL-29636,EC-VESSEL-COL
E-29637,EC-HEATEXCH-SHELL
E-29638,EC-HEATEXCH-SHELL
LT-29639,EC-INST-LT
TT-29640,EC-INST-TT
P-29641,EC-PUMP-RECIP
V-29642,EC-VESSEL-SEP
FCV-29643,EC-VALVE-CTRL
FCV-29644,EC-VALVE-CTRL
K-29645,EC-COMPRESSOR-CENTR
E-29646,EC-HEATEXCH-SHELL
E-29647,EC-HEATEXCH-SHELL
FCV-29648,EC-VALVE-CTRL
XV-29649,EC-VALVE-ISO
V-29650,EC-VESSEL-SEP
K-29651,EC-COMPRESSOR-CENTR
LT-29652,EC-INST-LT
K-29653,EC-COMPRESSOR-CENTR
P-29654,EC-PUMP-RECIP
E-29655,EC-HEATEXCH-SHELL
P-29656,EC-PUMP-RECIP
FT-29657,EC-INST-FT
FCV-29658,EC-VALVE-CTRL
PT-29659,EC-INST-PT
PSV-29660,EC-VALVE-RELIEF
TT-29661,EC-INST-TT
TT-29662,EC-INST-TT
P-29663,EC-PUMP-RECIP
COL-29664,EC-VESSEL-COL
FT-29665,EC-INST-FT
E-29666,EC-HEATEXCH-SHELL
V-29667,EC-VESSEL-SEP
LT-29668,EC-INST-LT
V-29669,EC-VESSEL-SEP
PT-29670,EC-INST-PT
XV-29671,EC-VALVE-ISO
COL-29672,EC-VESSEL-COL
FT-29673,EC-INST-FT
PT-29674,EC-INST-PT
P-29675,EC-PUMP-CENTR
FCV-29676,EC-VALVE-CTRL
E-29677,EC-HEATEXCH-SHELL
P-29678,EC-PUMP-CENTR
K-29679,EC-COMPRESSOR-CENTR
LT-29680,EC-INST-LT
FT-29681,EC-INST-FT
P-29682,EC-PUMP-RECIP
FCV-29683,EC-VALVE-CTRL
LT-29684,EC-INST-LT
K-29685,EC-COMPRESSOR-CENTR
TT-29686,EC-INST-TT
XV-29687,EC-VALVE-ISO
TT-29688,EC-INST-TT
FT-29689,EC-INST-FT
P-29690,EC-PUMP-RECIP
LT-29691,EC-INST-LT
XV-29692,EC-VALVE-ISO
LT-29693,EC-INST-LT
FT-29694,EC-INST-FT
PSV-29695,EC-VALVE-RELIEF
PSV-29696,EC-VALVE-RELIEF
K-29697,EC-COMPRESSOR-CENTR
FCV-29698,EC-VALVE-CTRL
COL-29699,EC-VESSEL-COL
COL-29700,EC-VESSEL-COL
FCV-29701,EC-VALVE-CTRL
XV-29702,EC-VALVE-ISO
V-29703,EC-VESSEL-SEP
E-29704,EC-HEATEXCH-SHELL
TT-29705,EC-INST-TT
LT-29706,EC-INST-LT
P-29707,EC-PUMP-CENTR
FT-29708,EC-INST-FT
FT-29709,EC-INST-FT
FT-29710,EC-INST-FT
FCV-29711,EC-VALVE-CTRL
PT-29712,EC-INST-PT
FT-29713,EC-INST-FT
XV-29714,EC-VALVE-ISO
K-29715,EC-COMPRESSOR-CENTR
P-29716,EC-PUMP-CENTR
P-29717,EC-PUMP-CENTR
V-29718,EC-VESSEL-SEP
K-29719,EC-COMPRESSOR-CENTR
V-29720,EC-VESSEL-SEP
LT-29721,EC-INST-LT
K-29722,EC-COMPRESSOR-CENTR
P-29723,EC-PUMP-CENTR
K-29724,EC-COMPRESSOR-CENTR
PT-29725,EC-INST-PT
P-29726,EC-PUMP-RECIP
P-29727,EC-PUMP-CENTR
XV-29728,EC-VALVE-ISO
E-29729,EC-HEATEXCH-SHELL
PSV-29730,EC-VALVE-RELIEF
FCV-29731,EC-VALVE-CTRL
COL-29732,EC-VESSEL-COL
PT-29733,EC-INST-PT
XV-29734,EC-VALVE-ISO
E-29735,EC-HEATEXCH-SHELL
K-29736,EC-COMPRESSOR-CENTR
FT-29737,EC-INST-FT
K-29738,EC-COMPRESSOR-CENTR
V-29739,EC-VESSEL-SEP
TT-29740,EC-INST-TT
COL-29741,EC-VESSEL-COL
P-29742,EC-PUMP-RECIP
FCV-29743,EC-VALVE-CTRL
P-29744,EC-PUMP-CENTR
TT-29745,EC-INST-TT
TT-29746,EC-INST-TT
XV-29747,EC-VALVE-ISO
E-29748,EC-HEATEXCH-SHELL
FT-29749,EC-INST-FT
E-29750,EC-HEATEXCH-SHELL
PT-29751,EC-INST-PT
TT-29752,EC-INST-TT
PT-29753,EC-INST-PT
COL-29754,EC-VESSEL-COL
LT-29755,EC-INST-LT
COL-29756,EC-VESSEL-COL
P-29757,EC-PUMP-RECIP
XV-29758,EC-VALVE-ISO
FT-29759,EC-INST-FT
K-29760,EC-COMPRESSOR-CENTR
LT-29761,EC-INST-LT
V-29762,EC-VESSEL-SEP
COL-29763,EC-VESSEL-COL
FCV-29764,EC-VALVE-CTRL
P-29765,EC-PUMP-RECIP
K-29766,EC-COMPRESSOR-CENTR
E-29767,EC-HEATEXCH-SHELL
V-29768,EC-VESSEL-SEP
FCV-29769,EC-VALVE-CTRL
P-29770,EC-PUMP-RECIP
LT-29771,EC-INST-LT
COL-29772,EC-VESSEL-COL
COL-29773,EC-VESSEL-COL
P-29774,EC-PUMP-RECIP
P-29775,EC-PUMP-RECIP
P-29776,EC-PUMP-CENTR
P-29777,EC-PUMP-RECIP
E-29778,EC-HEATEXCH-SHELL
FT-29779,EC-INST-FT
PT-29780,EC-INST-PT
FCV-29781,EC-VALVE-CTRL
TT-29782,EC-INST-TT
XV-29783,EC-VALVE-ISO
P-29784,EC-PUMP-CENTR
E-29785,EC-HEATEXCH-SHELL
E-29786,EC-HEATEXCH-SHELL
COL-29787,EC-VESSEL-COL
P-29788,EC-PUMP-RECIP
XV-29789,EC-VALVE-ISO
E-29790,EC-HEATEXCH-SHELL
E-29791,EC-HEATEXCH-SHELL
COL-29792,EC-VESSEL-COL
XV-29793,EC-VALVE-ISO
P-29794,EC-PUMP-RECIP
PT-29795,EC-INST-PT
COL-29796,EC-VESSEL-COL
K-29797,EC-COMPRESSOR-CENTR
FCV-29798,EC-VALVE-CTRL
P-29799,EC-PUMP-CENTR
TT-29800,EC-INST-TT
FT-29801,EC-INST-FT
FT-29802,EC-INST-FT
PT-29803,EC-INST-PT
E-29804,EC-HEATEXCH-SHELL
V-29805,EC-VESSEL-SEP
LT-29806,EC-INST-LT
PSV-29807,EC-VALVE-RELIEF
K-29808,EC-COMPRESSOR-CENTR
P-29809,EC-PUMP-CENTR
P-29810,EC-PUMP-CENTR
FT-29811,EC-INST-FT
E-29812,EC-HEATEXCH-SHELL
FCV-29813,EC-VALVE-CTRL
FCV-29814,EC-VALVE-CTRL
LT-29815,EC-INST-LT
FT-29816,EC-INST-FT
E-29817,EC-HEATEXCH-SHELL
COL-29818,EC-VESSEL-COL
FT-29819,EC-INST-FT
PT-29820,EC-INST-PT
V-29821,EC-VESSEL-SEP
P-29822,EC-PUMP-CENTR
LT-29823,EC-INST-LT
COL-29824,EC-VESSEL-COL
FCV-29825,EC-VALVE-CTRL
PT-29826,EC-INST-PT
FCV-29827,EC-VALVE-CTRL
E-29828,EC-HEATEXCH-SHELL
FT-29829,EC-INST-FT
P-29830,EC-PUMP-RECIP
K-29831,EC-COMPRESSOR-CENTR
PSV-29832,EC-VALVE-RELIEF
PT-29833,EC-INST-PT
XV-29834,EC-VALVE-ISO
TT-29835,EC-INST-TT
TT-29836,EC-INST-TT
XV-29837,EC-VALVE-ISO
PSV-29838,EC-VALVE-RELIEF
COL-29839,EC-VESSEL-COL
TT-29840,EC-INST-TT
LT-29841,EC-INST-LT
K-29842,EC-COMPRESSOR-CENTR
PT-29843,EC-INST-PT
E-29844,EC-HEATEXCH-SHELL
V-29845,EC-VESSEL-SEP
K-29846,EC-COMPRESSOR-CENTR
XV-29847,EC-VALVE-ISO
PT-29848,EC-INST-PT
V-29849,EC-VESSEL-SEP
P-29850,EC-PUMP-CENTR
E-29851,EC-HEATEXCH-SHELL
LT-29852,EC-INST-LT
PT-29853,EC-INST-PT
P-29854,EC-PUMP-RECIP
V-29855,EC-VESSEL-SEP
TT-29856,EC-INST-TT
XV-29857,EC-VALVE-ISO
FT-29858,EC-INST-FT
V-29859,EC-VESSEL-SEP
TT-29860,EC-INST-TT
P-29861,EC-PUMP-CENTR
COL-29862,EC-VESSEL-COL
FCV-29863,EC-VALVE-CTRL
E-29864,EC-HEATEXCH-SHELL
TT-29865,EC-INST-TT
PSV-29866,EC-VALVE-RELIEF
COL-29867,EC-VESSEL-COL
K-29868,EC-COMPRESSOR-CENTR
PT-29869,EC-INST-PT
TT-29870,EC-INST-TT
PT-29871,EC-INST-PT
V-29872,EC-VESSEL-SEP
LT-29873,EC-INST-LT
PSV-29874,EC-VALVE-RELIEF
TT-29875,EC-INST-TT
COL-29876,EC-VESSEL-COL
P-29877,EC-PUMP-CENTR
COL-29878,EC-VESSEL-COL
E-29879,EC-HEATEXCH-SHELL
XV-29880,EC-VALVE-ISO
COL-29881,EC-VESSEL-COL
K-29882,EC-COMPRESSOR-CENTR
FT-29883,EC-INST-FT
PSV-29884,EC-VALVE-RELIEF
V-29885,EC-VESSEL-SEP
FT-29886,EC-INST-FT
TT-29887,EC-INST-TT
XV-29888,EC-VALVE-ISO
P-29889,EC-PUMP-CENTR
V-29890,EC-VESSEL-SEP
V-29891,EC-VESSEL-SEP
P-29892,EC-PUMP-CENTR
K-29893,EC-COMPRESSOR-CENTR
V-29894,EC-VESSEL-SEP
P-29895,EC-PUMP-RECIP
COL-29896,EC-VESSEL-COL
E-29897,EC-HEATEXCH-SHELL
K-29898,EC-COMPRESSOR-CENTR
FCV-29899,EC-VALVE-CTRL
COL-29900,EC-VESSEL-COL
LT-29901,EC-INST-LT
P-29902,EC-PUMP-RECIP
P-29903,EC-PUMP-CENTR
XV-29904,EC-VALVE-ISO
PT-29905,EC-INST-PT
FCV-29906,EC-VALVE-CTRL
TT-29907,EC-INST-TT
TT-29908,EC-INST-TT
COL-29909,EC-VESSEL-COL
LT-29910,EC-INST-LT
K-29911,EC-COMPRESSOR-CENTR
E-29912,EC-HEATEXCH-SHELL
PT-29913,EC-INST-PT
FCV-29914,EC-VALVE-CTRL
TT-29915,EC-INST-TT
COL-29916,EC-VESSEL-COL
P-29917,EC-PUMP-CENTR
PT-29918,EC-INST-PT
E-29919,EC-HEATEXCH-SHELL
FT-29920,EC-INST-FT
FT-29921,EC-INST-FT
E-29922,EC-HEATEXCH-SHELL
COL-29923,EC-VESSEL-COL
TT-29924,EC-INST-TT
TT-29925,EC-INST-TT
P-29926,EC-PUMP-CENTR
V-29927,EC-VESSEL-SEP
K-29928,EC-COMPRESSOR-CENTR
E-29929,EC-HEATEXCH-SHELL
COL-29930,EC-VESSEL-COL
V-29931,EC-VESSEL-SEP
PSV-29932,EC-VALVE-RELIEF
TT-29933,EC-INST-TT
P-29934,EC-PUMP-RECIP
V-29935,EC-VESSEL-SEP
COL-29936,EC-VESSEL-COL
K-29937,EC-COMPRESSOR-CENTR
TT-29938,EC-INST-TT
FCV-29939,EC-VALVE-CTRL
FT-29940,EC-INST-FT
XV-29941,EC-VALVE-ISO
XV-29942,EC-VALVE-ISO
PSV-29943,EC-VALVE-RELIEF
P-29944,EC-PUMP-RECIP
LT-29945,EC-INST-LT
PSV-29946,EC-VALVE-RELIEF
P-29947,EC-PUMP-RECIP
K-29948,EC-COMPRESSOR-CENTR
P-29949,EC-PUMP-CENTR
PT-29950,EC-INST-PT
P-29951,EC-PUMP-CENTR
LT-29952,EC-INST-LT
PT-29953,EC-INST-PT
LT-29954,EC-INST-LT
FT-29955,EC-INST-FT
E-29956,EC-HEATEXCH-SHELL
FCV-29957,EC-VALVE-CTRL
K-29958,EC-COMPRESSOR-CENTR
V-29959,EC-VESSEL-SEP
E-29960,EC-HEATEXCH-SHELL
V-29961,EC-VESSEL-SEP
COL-29962,EC-VESSEL-COL
FCV-29963,EC-VALVE-CTRL
LT-29964,EC-INST-LT
P-29965,EC-PUMP-CENTR
COL-29966,EC-VESSEL-COL
E-29967,EC-HEATEXCH-SHELL
V-29968,EC-VESSEL-SEP
P-29969,EC-PUMP-CENTR
LT-29970,EC-INST-LT
FCV-29971,EC-VALVE-CTRL
XV-29972,EC-VALVE-ISO
P-29973,EC-PUMP-RECIP
PT-29974,EC-INST-PT
XV-29975,EC-VALVE-ISO
V-29976,EC-VESSEL-SEP
P-29977,EC-PUMP-CENTR
FCV-29978,EC-VALVE-CTRL
XV-29979,EC-VALVE-ISO
FCV-29980,EC-VALVE-CTRL
TT-29981,EC-INST-TT
COL-29982,EC-VESSEL-COL
COL-29983,EC-VESSEL-COL
COL-29984,EC-VESSEL-COL
LT-29985,EC-INST-LT
COL-29986,EC-VESSEL-COL
LT-29987,EC-INST-LT
COL-29988,EC-VESSEL-COL
TT-29989,EC-INST-TT
XV-29990,EC-VALVE-ISO
E-29991,EC-HEATEXCH-SHELL
PT-29992,EC-INST-PT
LT-29993,EC-INST-LT
PT-29994,EC-INST-PT
TT-29995,EC-INST-TT
P-29996,EC-PUMP-RECIP
LT-29997,EC-INST-LT
FT-29998,EC-INST-FT
P-29999,EC-PUMP-RECIP
FT-30000,EC-INST-FT
V-30001,EC-VESSEL-SEP
V-30002,EC-VESSEL-SEP
TT-30003,EC-INST-TT
LT-30004,EC-INST-LT
E-30005,EC-HEATEXCH-SHELL
FCV-30006,EC-VALVE-CTRL
PT-30007,EC-INST-PT
PSV-30008,EC-VALVE-RELIEF
PSV-30009,EC-VALVE-RELIEF
K-30010,EC-COMPRESSOR-CENTR
PT-30011,EC-INST-PT
LT-30012,EC-INST-LT
FCV-30013,EC-VALVE-CTRL
E-30014,EC-HEATEXCH-SHELL
LT-30015,EC-INST-LT
E-30016,EC-HEATEXCH-SHELL
E-30017,EC-HEATEXCH-SHELL
TT-30018,EC-INST-TT
TT-30019,EC-INST-TT
FT-30020,EC-INST-FT
P-30021,EC-PUMP-CENTR
XV-30022,EC-VALVE-ISO
COL-30023,EC-VESSEL-COL
XV-30024,EC-VALVE-ISO
XV-30025,EC-VALVE-ISO
E-30026,EC-HEATEXCH-SHELL
XV-30027,EC-VALVE-ISO
PT-30028,EC-INST-PT
FT-30029,EC-INST-FT
K-30030,EC-COMPRESSOR-CENTR
P-30031,EC-PUMP-CENTR
XV-30032,EC-VALVE-ISO
TT-30033,EC-INST-TT
K-30034,EC-COMPRESSOR-CENTR
V-30035,EC-VESSEL-SEP
FCV-30036,EC-VALVE-CTRL
TT-30037,EC-INST-TT
K-30038,EC-COMPRESSOR-CENTR
LT-30039,EC-INST-LT
XV-30040,EC-VALVE-ISO
LT-30041,EC-INST-LT
XV-30042,EC-VALVE-ISO
PSV-30043,EC-VALVE-RELIEF
PT-30044,EC-INST-PT
E-30045,EC-HEATEXCH-SHELL
XV-30046,EC-VALVE-ISO
P-30047,EC-PUMP-RECIP
V-30048,EC-VESSEL-SEP
P-30049,EC-PUMP-RECIP
XV-30050,EC-VALVE-ISO
P-30051,EC-PUMP-RECIP
E-30052,EC-HEATEXCH-SHELL
P-30053,EC-PUMP-CENTR
V-30054,EC-VESSEL-SEP
P-30055,EC-PUMP-CENTR
FCV-30056,EC-VALVE-CTRL
XV-30057,EC-VALVE-ISO
COL-30058,EC-VESSEL-COL
PSV-30059,EC-VALVE-RELIEF
P-30060,EC-PUMP-RECIP
PT-30061,EC-INST-PT
P-30062,EC-PUMP-CENTR
COL-30063,EC-VESSEL-COL
P-30064,EC-PUMP-RECIP
FT-30065,EC-INST-FT
K-30066,EC-COMPRESSOR-CENTR
P-30067,EC-PUMP-CENTR
TT-30068,EC-INST-TT
LT-30069,EC-INST-LT
COL-30070,EC-VESSEL-COL
FT-30071,EC-INST-FT
FCV-30072,EC-VALVE-CTRL
E-30073,EC-HEATEXCH-SHELL
PSV-30074,EC-VALVE-RELIEF
P-30075,EC-PUMP-CENTR
P-30076,EC-PUMP-CENTR
LT-30077,EC-INST-LT
TT-30078,EC-INST-TT
PSV-30079,EC-VALVE-RELIEF
XV-30080,EC-VALVE-ISO
COL-30081,EC-VESSEL-COL
XV-30082,EC-VALVE-ISO
PT-30083,EC-INST-PT
PSV-30084,EC-VALVE-RELIEF
FT-30085,EC-INST-FT
P-30086,EC-PUMP-CENTR
FCV-30087,EC-VALVE-CTRL
FT-30088,EC-INST-FT
K-30089,EC-COMPRESSOR-CENTR
K-30090,EC-COMPRESSOR-CENTR
TT-30091,EC-INST-TT
E-30092,EC-HEATEXCH-SHELL
V-30093,EC-VESSEL-SEP
XV-30094,EC-VALVE-ISO
FCV-30095,EC-VALVE-CTRL
FT-30096,EC-INST-FT
TT-30097,EC-INST-TT
K-30098,EC-COMPRESSOR-CENTR
V-30099,EC-VESSEL-SEP
FT-30100,EC-INST-FT
P-30101,EC-PUMP-RECIP
XV-30102,EC-VALVE-ISO
E-30103,EC-HEATEXCH-SHELL
PSV-30104,EC-VALVE-RELIEF
LT-30105,EC-INST-LT
PSV-30106,EC-VALVE-RELIEF
COL-30107,EC-VESSEL-COL
LT-30108,EC-INST-LT
E-30109,EC-HEATEXCH-SHELL
P-30110,EC-PUMP-RECIP
E-30111,EC-HEATEXCH-SHELL
K-30112,EC-COMPRESSOR-CENTR
PSV-30113,EC-VALVE-RELIEF
PT-30114,EC-INST-PT
PSV-30115,EC-VALVE-RELIEF
K-30116,EC-COMPRESSOR-CENTR
PSV-30117,EC-VALVE-RELIEF
PT-30118,EC-INST-PT
LT-30119,EC-INST-LT
PSV-30120,EC-VALVE-RELIEF
PT-30121,EC-INST-PT
FCV-30122,EC-VALVE-CTRL
FCV-30123,EC-VALVE-CTRL
COL-30124,EC-VESSEL-COL
K-30125,EC-COMPRESSOR-CENTR
TT-30126,EC-INST-TT
V-30127,EC-VESSEL-SEP
PT-30128,EC-INST-PT
V-30129,EC-VESSEL-SEP
PT-30130,EC-INST-PT
K-30131,EC-COMPRESSOR-CENTR
P-30132,EC-PUMP-RECIP
V-30133,EC-VESSEL-SEP
FCV-30134,EC-VALVE-CTRL
E-30135,EC-HEATEXCH-SHELL
COL-30136,EC-VESSEL-COL
V-30137,EC-VESSEL-SEP
FT-30138,EC-INST-FT
XV-30139,EC-VALVE-ISO
P-30140,EC-PUMP-CENTR
PT-30141,EC-INST-PT
P-30142,EC-PUMP-RECIP
PT-30143,EC-INST-PT
K-30144,EC-COMPRESSOR-CENTR
K-30145,EC-COMPRESSOR-CENTR
K-30146,EC-COMPRESSOR-CENTR
LT-30147,EC-INST-LT
PSV-30148,EC-VALVE-RELIEF
K-30149,EC-COMPRESSOR-CENTR
TT-30150,EC-INST-TT
COL-30151,EC-VESSEL-COL
TT-30152,EC-INST-TT
LT-30153,EC-INST-LT
TT-30154,EC-INST-TT
XV-30155,EC-VALVE-ISO
FCV-30156,EC-VALVE-CTRL
TT-30157,EC-INST-TT
K-30158,EC-COMPRESSOR-CENTR
P-30159,EC-PUMP-CENTR
P-30160,EC-PUMP-CENTR
K-30161,EC-COMPRESSOR-CENTR
LT-30162,EC-INST-LT
PT-30163,EC-INST-PT
LT-30164,EC-INST-LT
LT-30165,EC-INST-LT
PSV-30166,EC-VALVE-RELIEF
K-30167,EC-COMPRESSOR-CENTR
P-30168,EC-PUMP-RECIP
TT-30169,EC-INST-TT
LT-30170,EC-INST-LT
E-30171,EC-HEATEXCH-SHELL
XV-30172,EC-VALVE-ISO
P-30173,EC-PUMP-CENTR
PT-30174,EC-INST-PT
P-30175,EC-PUMP-CENTR
COL-30176,EC-VESSEL-COL
P-30177,EC-PUMP-RECIP
P-30178,EC-PUMP-CENTR
E-30179,EC-HEATEXCH-SHELL
K-30180,EC-COMPRESSOR-CENTR
PT-30181,EC-INST-PT
P-30182,EC-PUMP-CENTR
P-30183,EC-PUMP-CENTR
E-30184,EC-HEATEXCH-SHELL
P-30185,EC-PUMP-CENTR
PSV-30186,EC-VALVE-RELIEF
FT-30187,EC-INST-FT
V-30188,EC-VESSEL-SEP
P-30189,EC-PUMP-RECIP
XV-30190,EC-VALVE-ISO
E-30191,EC-HEATEXCH-SHELL
PSV-30192,EC-VALVE-RELIEF
P-30193,EC-PUMP-RECIP
PSV-30194,EC-VALVE-RELIEF
COL-30195,EC-VESSEL-COL
COL-30196,EC-VESSEL-COL
PT-30197,EC-INST-PT
PSV-30198,EC-VALVE-RELIEF
E-30199,EC-HEATEXCH-SHELL
E-30200,EC-HEATEXCH-SHELL
FT-30201,EC-INST-FT
K-30202,EC-COMPRESSOR-CENTR
V-30203,EC-VESSEL-SEP
FCV-30204,EC-VALVE-CTRL
PT-30205,EC-INST-PT
P-30206,EC-PUMP-RECIP
FCV-30207,EC-VALVE-CTRL
TT-30208,EC-INST-TT
TT-30209,EC-INST-TT
V-30210,EC-VESSEL-SEP
COL-30211,EC-VESSEL-COL
P-30212,EC-PUMP-CENTR
V-30213,EC-VESSEL-SEP
FT-30214,EC-INST-FT
XV-30215,EC-VALVE-ISO
V-30216,EC-VESSEL-SEP
P-30217,EC-PUMP-CENTR
PSV-30218,EC-VALVE-RELIEF
FCV-30219,EC-VALVE-CTRL
FT-30220,EC-INST-FT
P-30221,EC-PUMP-CENTR
COL-30222,EC-VESSEL-COL
K-30223,EC-COMPRESSOR-CENTR
E-30224,EC-HEATEXCH-SHELL
TT-30225,EC-INST-TT
K-30226,EC-COMPRESSOR-CENTR
LT-30227,EC-INST-LT
PT-30228,EC-INST-PT
TT-30229,EC-INST-TT
FT-30230,EC-INST-FT
P-30231,EC-PUMP-RECIP
E-30232,EC-HEATEXCH-SHELL
FT-30233,EC-INST-FT
COL-30234,EC-VESSEL-COL
K-30235,EC-COMPRESSOR-CENTR
TT-30236,EC-INST-TT
P-30237,EC-PUMP-RECIP
COL-30238,EC-VESSEL-COL
TT-30239,EC-INST-TT
TT-30240,EC-INST-TT
K-30241,EC-COMPRESSOR-CENTR
E-30242,EC-HEATEXCH-SHELL
LT-30243,EC-INST-LT
P-30244,EC-PUMP-RECIP
PT-30245,EC-INST-PT
V-30246,EC-VESSEL-SEP
P-30247,EC-PUMP-CENTR
TT-30248,EC-INST-TT
P-30249,EC-PUMP-CENTR
TT-30250,EC-INST-TT
XV-30251,EC-VALVE-ISO
TT-30252,EC-INST-TT
XV-30253,EC-VALVE-ISO
P-30254,EC-PUMP-CENTR
FCV-30255,EC-VALVE-CTRL
XV-30256,EC-VALVE-ISO
V-30257,EC-VESSEL-SEP
XV-30258,EC-VALVE-ISO
XV-30259,EC-VALVE-ISO
COL-30260,EC-VESSEL-COL
LT-30261,EC-INST-LT
COL-30262,EC-VESSEL-COL
FT-30263,EC-INST-FT
FT-30264,EC-INST-FT
P-30265,EC-PUMP-RECIP
P-30266,EC-PUMP-RECIP
E-30267,EC-HEATEXCH-SHELL
PSV-30268,EC-VALVE-RELIEF
P-30269,EC-PUMP-RECIP
FCV-30270,EC-VALVE-CTRL
PT-30271,EC-INST-PT
V-30272,EC-VESSEL-SEP
PSV-30273,EC-VALVE-RELIEF
P-30274,EC-PUMP-RECIP
FT-30275,EC-INST-FT
PT-30276,EC-INST-PT
K-30277,EC-COMPRESSOR-CENTR
COL-30278,EC-VESSEL-COL
LT-30279,EC-INST-LT
K-30280,EC-COMPRESSOR-CENTR
LT-30281,EC-INST-LT
COL-30282,EC-VESSEL-COL
PSV-30283,EC-VALVE-RELIEF
P-30284,EC-PUMP-CENTR
E-30285,EC-HEATEXCH-SHELL
P-30286,EC-PUMP-RECIP
PSV-30287,EC-VALVE-RELIEF
E-30288,EC-HEATEXCH-SHELL
P-30289,EC-PUMP-CENTR
K-30290,EC-COMPRESSOR-CENTR
K-30291,EC-COMPRESSOR-CENTR
PSV-30292,EC-VALVE-RELIEF
V-30293,EC-VESSEL-SEP
PSV-30294,EC-VALVE-RELIEF
TT-30295,EC-INST-TT
P-30296,EC-PUMP-CENTR
E-30297,EC-HEATEXCH-SHELL
XV-30298,EC-VALVE-ISO
PT-30299,EC-INST-PT
K-30300,EC-COMPRESSOR-CENTR
PSV-30301,EC-VALVE-RELIEF
PT-30302,EC-INST-PT
XV-30303,EC-VALVE-ISO
V-30304,EC-VESSEL-SEP
P-30305,EC-PUMP-CENTR
E-30306,EC-HEATEXCH-SHELL
P-30307,EC-PUMP-RECIP
TT-30308,EC-INST-TT
P-30309,EC-PUMP-RECIP
XV-30310,EC-VALVE-ISO
K-30311,EC-COMPRESSOR-CENTR
XV-30312,EC-VALVE-ISO
PSV-30313,EC-VALVE-RELIEF
P-30314,EC-PUMP-CENTR
PT-30315,EC-INST-PT
P-30316,EC-PUMP-CENTR
TT-30317,EC-INST-TT
XV-30318,EC-VALVE-ISO
COL-30319,EC-VESSEL-COL
P-30320,EC-PUMP-CENTR
FT-30321,EC-INST-FT
PSV-30322,EC-VALVE-RELIEF
XV-30323,EC-VALVE-ISO
FCV-30324,EC-VALVE-CTRL
TT-30325,EC-INST-TT
E-30326,EC-HEATEXCH-SHELL
K-30327,EC-COMPRESSOR-CENTR
FCV-30328,EC-VALVE-CTRL
E-30329,EC-HEATEXCH-SHELL
V-30330,EC-VESSEL-SEP
XV-30331,EC-VALVE-ISO
V-30332,EC-VESSEL-SEP
LT-30333,EC-INST-LT
P-30334,EC-PUMP-CENTR
V-30335,EC-VESSEL-SEP
PT-30336,EC-INST-PT
FCV-30337,EC-VALVE-CTRL
FCV-30338,EC-VALVE-CTRL
P-30339,EC-PUMP-RECIP
K-30340,EC-COMPRESSOR-CENTR
PSV-30341,EC-VALVE-RELIEF
PSV-30342,EC-VALVE-RELIEF
K-30343,EC-COMPRESSOR-CENTR
E-30344,EC-HEATEXCH-SHELL
LT-30345,EC-INST-LT
PSV-30346,EC-VALVE-RELIEF
P-30347,EC-PUMP-CENTR
V-30348,EC-VESSEL-SEP
E-30349,EC-HEATEXCH-SHELL
PSV-30350,EC-VALVE-RELIEF
V-30351,EC-VESSEL-SEP
FCV-30352,EC-VALVE-CTRL
LT-30353,EC-INST-LT
FCV-30354,EC-VALVE-CTRL
PT-30355,EC-INST-PT
P-30356,EC-PUMP-RECIP
FCV-30357,EC-VALVE-CTRL
P-30358,EC-PUMP-RECIP
V-30359,EC-VESSEL-SEP
COL-30360,EC-VESSEL-COL
TT-30361,EC-INST-TT
XV-30362,EC-VALVE-ISO
V-30363,EC-VESSEL-SEP
P-30364,EC-PUMP-RECIP
FT-30365,EC-INST-FT
TT-30366,EC-INST-TT
FCV-30367,EC-VALVE-CTRL
K-30368,EC-COMPRESSOR-CENTR
PSV-30369,EC-VALVE-RELIEF
P-30370,EC-PUMP-CENTR
FCV-30371,EC-VALVE-CTRL
LT-30372,EC-INST-LT
TT-30373,EC-INST-TT
K-30374,EC-COMPRESSOR-CENTR
XV-30375,EC-VALVE-ISO
COL-30376,EC-VESSEL-COL
LT-30377,EC-INST-LT
PT-30378,EC-INST-PT
PT-30379,EC-INST-PT
P-30380,EC-PUMP-CENTR
FT-30381,EC-INST-FT
LT-30382,EC-INST-LT
LT-30383,EC-INST-LT
PSV-30384,EC-VALVE-RELIEF
COL-30385,EC-VESSEL-COL
TT-30386,EC-INST-TT
E-30387,EC-HEATEXCH-SHELL
PT-30388,EC-INST-PT
FCV-30389,EC-VALVE-CTRL
COL-30390,EC-VESSEL-COL
P-30391,EC-PUMP-CENTR
COL-30392,EC-VESSEL-COL
PT-30393,EC-INST-PT
XV-30394,EC-VALVE-ISO
XV-30395,EC-VALVE-ISO
XV-30396,EC-VALVE-ISO
XV-30397,EC-VALVE-ISO
XV-30398,EC-VALVE-ISO
FT-30399,EC-INST-FT
K-30400,EC-COMPRESSOR-CENTR
FT-30401,EC-INST-FT
FT-30402,EC-INST-FT
COL-30403,EC-VESSEL-COL
COL-30404,EC-VESSEL-COL
XV-30405,EC-VALVE-ISO
COL-30406,EC-VESSEL-COL
V-30407,EC-VESSEL-SEP
P-30408,EC-PUMP-CENTR
COL-30409,EC-VESSEL-COL
FCV-30410,EC-VALVE-CTRL
TT-30411,EC-INST-TT
FCV-30412,EC-VALVE-CTRL
TT-30413,EC-INST-TT
V-30414,EC-VESSEL-SEP
PSV-30415,EC-VALVE-RELIEF
P-30416,EC-PUMP-RECIP
XV-30417,EC-VALVE-ISO
V-30418,EC-VESSEL-SEP
COL-30419,EC-VESSEL-COL
PT-30420,EC-INST-PT
E-30421,EC-HEATEXCH-SHELL
K-30422,EC-COMPRESSOR-CENTR
XV-30423,EC-VALVE-ISO
XV-30424,EC-VALVE-ISO
TT-30425,EC-INST-TT
COL-30426,EC-VESSEL-COL
P-30427,EC-PUMP-CENTR
PSV-30428,EC-VALVE-RELIEF
PSV-30429,EC-VALVE-RELIEF
PSV-30430,EC-VALVE-RELIEF
COL-30431,EC-VESSEL-COL
PSV-30432,EC-VALVE-RELIEF
LT-30433,EC-INST-LT
XV-30434,EC-VALVE-ISO
TT-30435,EC-INST-TT
V-30436,EC-VESSEL-SEP
V-30437,EC-VESSEL-SEP
PSV-30438,EC-VALVE-RELIEF
PSV-30439,EC-VALVE-RELIEF
P-30440,EC-PUMP-CENTR
FT-30441,EC-INST-FT
P-30442,EC-PUMP-CENTR
PT-30443,EC-INST-PT
E-30444,EC-HEATEXCH-SHELL
FT-30445,EC-INST-FT
K-30446,EC-COMPRESSOR-CENTR
E-30447,EC-HEATEXCH-SHELL
V-30448,EC-VESSEL-SEP
COL-30449,EC-VESSEL-COL
XV-30450,EC-VALVE-ISO
K-30451,EC-COMPRESSOR-CENTR
V-30452,EC-VESSEL-SEP
PT-30453,EC-INST-PT
COL-30454,EC-VESSEL-COL
V-30455,EC-VESSEL-SEP
PSV-30456,EC-VALVE-RELIEF
P-30457,EC-PUMP-RECIP
P-30458,EC-PUMP-CENTR
PT-30459,EC-INST-PT
K-30460,EC-COMPRESSOR-CENTR
V-30461,EC-VESSEL-SEP
K-30462,EC-COMPRESSOR-CENTR
XV-30463,EC-VALVE-ISO
FT-30464,EC-INST-FT
COL-30465,EC-VESSEL-COL
E-30466,EC-HEATEXCH-SHELL
P-30467,EC-PUMP-CENTR
FT-30468,EC-INST-FT
PSV-30469,EC-VALVE-RELIEF
COL-30470,EC-VESSEL-COL
FCV-30471,EC-VALVE-CTRL
P-30472,EC-PUMP-CENTR
K-30473,EC-COMPRESSOR-CENTR
LT-30474,EC-INST-LT
TT-30475,EC-INST-TT
E-30476,EC-HEATEXCH-SHELL
COL-30477,EC-VESSEL-COL
TT-30478,EC-INST-TT
FT-30479,EC-INST-FT
K-30480,EC-COMPRESSOR-CENTR
FT-30481,EC-INST-FT
V-30482,EC-VESSEL-SEP
P-30483,EC-PUMP-CENTR
P-30484,EC-PUMP-CENTR
P-30485,EC-PUMP-CENTR
LT-30486,EC-INST-LT
P-30487,EC-PUMP-CENTR
E-30488,EC-HEATEXCH-SHELL
V-30489,EC-VESSEL-SEP
P-30490,EC-PUMP-CENTR
K-30491,EC-COMPRESSOR-CENTR
LT-30492,EC-INST-LT
LT-30493,EC-INST-LT
V-30494,EC-VESSEL-SEP
TT-30495,EC-INST-TT
PSV-30496,EC-VALVE-RELIEF
FT-30497,EC-INST-FT
LT-30498,EC-INST-LT
P-30499,EC-PUMP-RECIP
V-30500,EC-VESSEL-SEP
V-30501,EC-VESSEL-SEP
PSV-30502,EC-VALVE-RELIEF
XV-30503,EC-VALVE-ISO
K-30504,EC-COMPRESSOR-CENTR
FT-30505,EC-INST-FT
K-30506,EC-COMPRESSOR-CENTR
FT-30507,EC-INST-FT
PSV-30508,EC-VALVE-RELIEF
E-30509,EC-HEATEXCH-SHELL
K-30510,EC-COMPRESSOR-CENTR
TT-30511,EC-INST-TT
E-30512,EC-HEATEXCH-SHELL
XV-30513,EC-VALVE-ISO
E-30514,EC-HEATEXCH-SHELL
V-30515,EC-VESSEL-SEP
COL-30516,EC-VESSEL-COL
COL-30517,EC-VESSEL-COL
P-30518,EC-PUMP-RECIP
LT-30519,EC-INST-LT
COL-30520,EC-VESSEL-COL
TT-30521,EC-INST-TT
K-30522,EC-COMPRESSOR-CENTR
FCV-30523,EC-VALVE-CTRL
COL-30524,EC-VESSEL-COL
FCV-30525,EC-VALVE-CTRL
PSV-30526,EC-VALVE-RELIEF
PSV-30527,EC-VALVE-RELIEF
LT-30528,EC-INST-LT
LT-30529,EC-INST-LT
V-30530,EC-VESSEL-SEP
K-30531,EC-COMPRESSOR-CENTR
FCV-30532,EC-VALVE-CTRL
PT-30533,EC-INST-PT
V-30534,EC-VESSEL-SEP
V-30535,EC-VESSEL-SEP
P-30536,EC-PUMP-CENTR
V-30537,EC-VESSEL-SEP
COL-30538,EC-VESSEL-COL
TT-30539,EC-INST-TT
COL-30540,EC-VESSEL-COL
COL-30541,EC-VESSEL-COL
COL-30542,EC-VESSEL-COL
P-30543,EC-PUMP-CENTR
P-30544,EC-PUMP-CENTR
XV-30545,EC-VALVE-ISO
LT-30546,EC-INST-LT
K-30547,EC-COMPRESSOR-CENTR
K-30548,EC-COMPRESSOR-CENTR
P-30549,EC-PUMP-CENTR
XV-30550,EC-VALVE-ISO
P-30551,EC-PUMP-CENTR
TT-30552,EC-INST-TT
PT-30553,EC-INST-PT
XV-30554,EC-VALVE-ISO
P-30555,EC-PUMP-RECIP
FT-30556,EC-INST-FT
FCV-30557,EC-VALVE-CTRL
XV-30558,EC-VALVE-ISO
V-30559,EC-VESSEL-SEP
PSV-30560,EC-VALVE-RELIEF
P-30561,EC-PUMP-RECIP
PT-30562,EC-INST-PT
FT-30563,EC-INST-FT
FT-30564,EC-INST-FT
P-30565,EC-PUMP-RECIP
PSV-30566,EC-VALVE-RELIEF
E-30567,EC-HEATEXCH-SHELL
FCV-30568,EC-VALVE-CTRL
V-30569,EC-VESSEL-SEP
P-30570,EC-PUMP-CENTR
P-30571,EC-PUMP-CENTR
V-30572,EC-VESSEL-SEP
TT-30573,EC-INST-TT
P-30574,EC-PUMP-RECIP
P-30575,EC-PUMP-CENTR
TT-30576,EC-INST-TT
PT-30577,EC-INST-PT
FT-30578,EC-INST-FT
FCV-30579,EC-VALVE-CTRL
FT-30580,EC-INST-FT
P-30581,EC-PUMP-RECIP
E-30582,EC-HEATEXCH-SHELL
XV-30583,EC-VALVE-ISO
COL-30584,EC-VESSEL-COL
V-30585,EC-VESSEL-SEP
P-30586,EC-PUMP-CENTR
E-30587,EC-HEATEXCH-SHELL
P-30588,EC-PUMP-RECIP
COL-30589,EC-VESSEL-COL
FT-30590,EC-INST-FT
XV-30591,EC-VALVE-ISO
E-30592,EC-HEATEXCH-SHELL
PSV-30593,EC-VALVE-RELIEF
E-30594,EC-HEATEXCH-SHELL
XV-30595,EC-VALVE-ISO
E-30596,EC-HEATEXCH-SHELL
XV-30597,EC-VALVE-ISO
K-30598,EC-COMPRESSOR-CENTR
K-30599,EC-COMPRESSOR-CENTR
XV-30600,EC-VALVE-ISO
LT-30601,EC-INST-LT
P-30602,EC-PUMP-CENTR
FCV-30603,EC-VALVE-CTRL
PT-30604,EC-INST-PT
P-30605,EC-PUMP-RECIP
XV-30606,EC-VALVE-ISO
K-30607,EC-COMPRESSOR-CENTR
XV-30608,EC-VALVE-ISO
PSV-30609,EC-VALVE-RELIEF
COL-30610,EC-VESSEL-COL
TT-30611,EC-INST-TT
COL-30612,EC-VESSEL-COL
P-30613,EC-PUMP-CENTR
LT-30614,EC-INST-LT
PT-30615,EC-INST-PT
V-30616,EC-VESSEL-SEP
FCV-30617,EC-VALVE-CTRL
COL-30618,EC-VESSEL-COL
FCV-30619,EC-VALVE-CTRL
P-30620,EC-PUMP-RECIP
PT-30621,EC-INST-PT
FCV-30622,EC-VALVE-CTRL
P-30623,EC-PUMP-CENTR
FCV-30624,EC-VALVE-CTRL
K-30625,EC-COMPRESSOR-CENTR
P-30626,EC-PUMP-RECIP
XV-30627,EC-VALVE-ISO
XV-30628,EC-VALVE-ISO
P-30629,EC-PUMP-CENTR
COL-30630,EC-VESSEL-COL
FT-30631,EC-INST-FT
PSV-30632,EC-VALVE-RELIEF
FT-30633,EC-INST-FT
PSV-30634,EC-VALVE-RELIEF
FCV-30635,EC-VALVE-CTRL
COL-30636,EC-VESSEL-COL
FT-30637,EC-INST-FT
P-30638,EC-PUMP-CENTR
FCV-30639,EC-VALVE-CTRL
PT-30640,EC-INST-PT
PT-30641,EC-INST-PT
TT-30642,EC-INST-TT
XV-30643,EC-VALVE-ISO
K-30644,EC-COMPRESSOR-CENTR
COL-30645,EC-VESSEL-COL
TT-30646,EC-INST-TT
FCV-30647,EC-VALVE-CTRL
K-30648,EC-COMPRESSOR-CENTR
P-30649,EC-PUMP-RECIP
LT-30650,EC-INST-LT
P-30651,EC-PUMP-RECIP
K-30652,EC-COMPRESSOR-CENTR
TT-30653,EC-INST-TT
COL-30654,EC-VESSEL-COL
P-30655,EC-PUMP-RECIP
FCV-30656,EC-VALVE-CTRL
LT-30657,EC-INST-LT
XV-30658,EC-VALVE-ISO
FT-30659,EC-INST-FT
V-30660,EC-VESSEL-SEP
PSV-30661,EC-VALVE-RELIEF
XV-30662,EC-VALVE-ISO
PT-30663,EC-INST-PT
E-30664,EC-HEATEXCH-SHELL
P-30665,EC-PUMP-CENTR
PT-30666,EC-INST-PT
K-30667,EC-COMPRESSOR-CENTR
P-30668,EC-PUMP-RECIP
LT-30669,EC-INST-LT
P-30670,EC-PUMP-RECIP
FT-30671,EC-INST-FT
PSV-30672,EC-VALVE-RELIEF
PSV-30673,EC-VALVE-RELIEF
FCV-30674,EC-VALVE-CTRL
TT-30675,EC-INST-TT
XV-30676,EC-VALVE-ISO
XV-30677,EC-VALVE-ISO
PT-30678,EC-INST-PT
XV-30679,EC-VALVE-ISO
COL-30680,EC-VESSEL-COL
P-30681,EC-PUMP-CENTR
K-30682,EC-COMPRESSOR-CENTR
E-30683,EC-HEATEXCH-SHELL
FT-30684,EC-INST-FT
PT-30685,EC-INST-PT
P-30686,EC-PUMP-RECIP
COL-30687,EC-VESSEL-COL
FT-30688,EC-INST-FT
FCV-30689,EC-VALVE-CTRL
PSV-30690,EC-VALVE-RELIEF
PSV-30691,EC-VALVE-RELIEF
P-30692,EC-PUMP-CENTR
V-30693,EC-VESSEL-SEP
COL-30694,EC-VESSEL-COL
P-30695,EC-PUMP-CENTR
FCV-30696,EC-VALVE-CTRL
FT-30697,EC-INST-FT
K-30698,EC-COMPRESSOR-CENTR
K-30699,EC-COMPRESSOR-CENTR
V-30700,EC-VESSEL-SEP
LT-30701,EC-INST-LT
COL-30702,EC-VESSEL-COL
PT-30703,EC-INST-PT
V-30704,EC-VESSEL-SEP
E-30705,EC-HEATEXCH-SHELL
FCV-30706,EC-VALVE-CTRL
V-30707,EC-VESSEL-SEP
FT-30708,EC-INST-FT
P-30709,EC-PUMP-CENTR
FCV-30710,EC-VALVE-CTRL
FT-30711,EC-INST-FT
P-30712,EC-PUMP-RECIP
PT-30713,EC-INST-PT
P-30714,EC-PUMP-CENTR
FT-30715,EC-INST-FT
E-30716,EC-HEATEXCH-SHELL
K-30717,EC-COMPRESSOR-CENTR
V-30718,EC-VESSEL-SEP
LT-30719,EC-INST-LT
XV-30720,EC-VALVE-ISO
XV-30721,EC-VALVE-ISO
FT-30722,EC-INST-FT
PT-30723,EC-INST-PT
E-30724,EC-HEATEXCH-SHELL
K-30725,EC-COMPRESSOR-CENTR
FT-30726,EC-INST-FT
FT-30727,EC-INST-FT
P-30728,EC-PUMP-CENTR
FCV-30729,EC-VALVE-CTRL
PT-30730,EC-INST-PT
LT-30731,EC-INST-LT
FCV-30732,EC-VALVE-CTRL
TT-30733,EC-INST-TT
PSV-30734,EC-VALVE-RELIEF
V-30735,EC-VESSEL-SEP
PT-30736,EC-INST-PT
PT-30737,EC-INST-PT
E-30738,EC-HEATEXCH-SHELL
XV-30739,EC-VALVE-ISO
P-30740,EC-PUMP-CENTR
PSV-30741,EC-VALVE-RELIEF
K-30742,EC-COMPRESSOR-CENTR
COL-30743,EC-VESSEL-COL
E-30744,EC-HEATEXCH-SHELL
PSV-30745,EC-VALVE-RELIEF
LT-30746,EC-INST-LT
FT-30747,EC-INST-FT
PT-30748,EC-INST-PT
COL-30749,EC-VESSEL-COL
FCV-30750,EC-VALVE-CTRL
K-30751,EC-COMPRESSOR-CENTR
XV-30752,EC-VALVE-ISO
E-30753,EC-HEATEXCH-SHELL
K-30754,EC-COMPRESSOR-CENTR
PSV-30755,EC-VALVE-RELIEF
P-30756,EC-PUMP-CENTR
TT-30757,EC-INST-TT
COL-30758,EC-VESSEL-COL
COL-30759,EC-VESSEL-COL
FT-30760,EC-INST-FT
PSV-30761,EC-VALVE-RELIEF
COL-30762,EC-VESSEL-COL
PSV-30763,EC-VALVE-RELIEF
V-30764,EC-VESSEL-SEP
P-30765,EC-PUMP-CENTR
K-30766,EC-COMPRESSOR-CENTR
PT-30767,EC-INST-PT
COL-30768,EC-VESSEL-COL
E-30769,EC-HEATEXCH-SHELL
E-30770,EC-HEATEXCH-SHELL
K-30771,EC-COMPRESSOR-CENTR
FCV-30772,EC-VALVE-CTRL
P-30773,EC-PUMP-CENTR
TT-30774,EC-INST-TT
P-30775,EC-PUMP-CENTR
XV-30776,EC-VALVE-ISO
PSV-30777,EC-VALVE-RELIEF
PT-30778,EC-INST-PT
V-30779,EC-VESSEL-SEP
TT-30780,EC-INST-TT
FT-30781,EC-INST-FT
PSV-30782,EC-VALVE-RELIEF
K-30783,EC-COMPRESSOR-CENTR
PT-30784,EC-INST-PT
XV-30785,EC-VALVE-ISO
PT-30786,EC-INST-PT
PSV-30787,EC-VALVE-RELIEF
FT-30788,EC-INST-FT
FCV-30789,EC-VALVE-CTRL
COL-30790,EC-VESSEL-COL
P-30791,EC-PUMP-CENTR
XV-30792,EC-VALVE-ISO
FT-30793,EC-INST-FT
LT-30794,EC-INST-LT
V-30795,EC-VESSEL-SEP
E-30796,EC-HEATEXCH-SHELL
P-30797,EC-PUMP-CENTR
P-30798,EC-PUMP-RECIP
COL-30799,EC-VESSEL-COL
XV-30800,EC-VALVE-ISO
E-30801,EC-HEATEXCH-SHELL
K-30802,EC-COMPRESSOR-CENTR
LT-30803,EC-INST-LT
PT-30804,EC-INST-PT
P-30805,EC-PUMP-RECIP
LT-30806,EC-INST-LT
P-30807,EC-PUMP-RECIP
PT-30808,EC-INST-PT
PT-30809,EC-INST-PT
P-30810,EC-PUMP-RECIP
K-30811,EC-COMPRESSOR-CENTR
V-30812,EC-VESSEL-SEP
LT-30813,EC-INST-LT
FCV-30814,EC-VALVE-CTRL
PT-30815,EC-INST-PT
COL-30816,EC-VESSEL-COL
XV-30817,EC-VALVE-ISO
K-30818,EC-COMPRESSOR-CENTR
P-30819,EC-PUMP-CENTR
XV-30820,EC-VALVE-ISO
FCV-30821,EC-VALVE-CTRL
E-30822,EC-HEATEXCH-SHELL
FT-30823,EC-INST-FT
TT-30824,EC-INST-TT
P-30825,EC-PUMP-RECIP
P-30826,EC-PUMP-RECIP
PSV-30827,EC-VALVE-RELIEF
COL-30828,EC-VESSEL-COL
PT-30829,EC-INST-PT
V-30830,EC-VESSEL-SEP
LT-30831,EC-INST-LT
COL-30832,EC-VESSEL-COL
P-30833,EC-PUMP-CENTR
PSV-30834,EC-VALVE-RELIEF
LT-30835,EC-INST-LT
FCV-30836,EC-VALVE-CTRL
FCV-30837,EC-VALVE-CTRL
TT-30838,EC-INST-TT
COL-30839,EC-VESSEL-COL
K-30840,EC-COMPRESSOR-CENTR
E-30841,EC-HEATEXCH-SHELL
P-30842,EC-PUMP-RECIP
V-30843,EC-VESSEL-SEP
PT-30844,EC-INST-PT
XV-30845,EC-VALVE-ISO
P-30846,EC-PUMP-CENTR
P-30847,EC-PUMP-RECIP
XV-30848,EC-VALVE-ISO
E-30849,EC-HEATEXCH-SHELL
E-30850,EC-HEATEXCH-SHELL
P-30851,EC-PUMP-CENTR
P-30852,EC-PUMP-CENTR
E-30853,EC-HEATEXCH-SHELL
E-30854,EC-HEATEXCH-SHELL
LT-30855,EC-INST-LT
LT-30856,EC-INST-LT
XV-30857,EC-VALVE-ISO
TT-30858,EC-INST-TT
V-30859,EC-VESSEL-SEP
V-30860,EC-VESSEL-SEP
PSV-30861,EC-VALVE-RELIEF
P-30862,EC-PUMP-RECIP
V-30863,EC-VESSEL-SEP
LT-30864,EC-INST-LT
P-30865,EC-PUMP-CENTR
V-30866,EC-VESSEL-SEP
COL-30867,EC-VESSEL-COL
V-30868,EC-VESSEL-SEP
E-30869,EC-HEATEXCH-SHELL
PT-30870,EC-INST-PT
LT-30871,EC-INST-LT
COL-30872,EC-VESSEL-COL
FT-30873,EC-INST-FT
P-30874,EC-PUMP-RECIP
LT-30875,EC-INST-LT
XV-30876,EC-VALVE-ISO
PSV-30877,EC-VALVE-RELIEF
E-30878,EC-HEATEXCH-SHELL
FT-30879,EC-INST-FT
PSV-30880,EC-VALVE-RELIEF
V-30881,EC-VESSEL-SEP
TT-30882,EC-INST-TT
TT-30883,EC-INST-TT
E-30884,EC-HEATEXCH-SHELL
FCV-30885,EC-VALVE-CTRL
FT-30886,EC-INST-FT
XV-30887,EC-VALVE-ISO
FT-30888,EC-INST-FT
V-30889,EC-VESSEL-SEP
LT-30890,EC-INST-LT
K-30891,EC-COMPRESSOR-CENTR
XV-30892,EC-VALVE-ISO
P-30893,EC-PUMP-CENTR
FCV-30894,EC-VALVE-CTRL
P-30895,EC-PUMP-CENTR
XV-30896,EC-VALVE-ISO
E-30897,EC-HEATEXCH-SHELL
PSV-30898,EC-VALVE-RELIEF
PT-30899,EC-INST-PT
XV-30900,EC-VALVE-ISO
FT-30901,EC-INST-FT
FT-30902,EC-INST-FT
P-30903,EC-PUMP-RECIP
XV-30904,EC-VALVE-ISO
PSV-30905,EC-VALVE-RELIEF
P-30906,EC-PUMP-CENTR
FT-30907,EC-INST-FT
COL-30908,EC-VESSEL-COL
PT-30909,EC-INST-PT
COL-30910,EC-VESSEL-COL
E-30911,EC-HEATEXCH-SHELL
PSV-30912,EC-VALVE-RELIEF
K-30913,EC-COMPRESSOR-CENTR
LT-30914,EC-INST-LT
P-30915,EC-PUMP-CENTR
P-30916,EC-PUMP-RECIP
V-30917,EC-VESSEL-SEP
FCV-30918,EC-VALVE-CTRL
FT-30919,EC-INST-FT
FT-30920,EC-INST-FT
COL-30921,EC-VESSEL-COL
LT-30922,EC-INST-LT
P-30923,EC-PUMP-RECIP
PT-30924,EC-INST-PT
COL-30925,EC-VESSEL-COL
PSV-30926,EC-VALVE-RELIEF
PT-30927,EC-INST-PT
K-30928,EC-COMPRESSOR-CENTR
LT-30929,EC-INST-LT
V-30930,EC-VESSEL-SEP
P-30931,EC-PUMP-RECIP
V-30932,EC-VESSEL-SEP
K-30933,EC-COMPRESSOR-CENTR
TT-30934,EC-INST-TT
E-30935,EC-HEATEXCH-SHELL
FCV-30936,EC-VALVE-CTRL
V-30937,EC-VESSEL-SEP
FT-30938,EC-INST-FT
E-30939,EC-HEATEXCH-SHELL
E-30940,EC-HEATEXCH-SHELL
TT-30941,EC-INST-TT
COL-30942,EC-VESSEL-COL
P-30943,EC-PUMP-CENTR
PSV-30944,EC-VALVE-RELIEF
XV-30945,EC-VALVE-ISO
FCV-30946,EC-VALVE-CTRL
K-30947,EC-COMPRESSOR-CENTR
K-30948,EC-COMPRESSOR-CENTR
E-30949,EC-HEATEXCH-SHELL
TT-30950,EC-INST-TT
E-30951,EC-HEATEXCH-SHELL
V-30952,EC-VESSEL-SEP
FT-30953,EC-INST-FT
E-30954,EC-HEATEXCH-SHELL
COL-30955,EC-VESSEL-COL
E-30956,EC-HEATEXCH-SHELL
COL-30957,EC-VESSEL-COL
E-30958,EC-HEATEXCH-SHELL
K-30959,EC-COMPRESSOR-CENTR
P-30960,EC-PUMP-RECIP
PSV-30961,EC-VALVE-RELIEF
P-30962,EC-PUMP-CENTR
XV-30963,EC-VALVE-ISO
XV-30964,EC-VALVE-ISO
FCV-30965,EC-VALVE-CTRL
PSV-30966,EC-VALVE-RELIEF
PT-30967,EC-INST-PT
LT-30968,EC-INST-LT
COL-30969,EC-VESSEL-COL
PT-30970,EC-INST-PT
FT-30971,EC-INST-FT
V-30972,EC-VESSEL-SEP
PT-30973,EC-INST-PT
V-30974,EC-VESSEL-SEP
PSV-30975,EC-VALVE-RELIEF
LT-30976,EC-INST-LT
V-30977,EC-VESSEL-SEP
P-30978,EC-PUMP-CENTR
V-30979,EC-VESSEL-SEP
FT-30980,EC-INST-FT
XV-30981,EC-VALVE-ISO
V-30982,EC-VESSEL-SEP
XV-30983,EC-VALVE-ISO
XV-30984,EC-VALVE-ISO
LT-30985,EC-INST-LT
LT-30986,EC-INST-LT
FT-30987,EC-INST-FT
V-30988,EC-VESSEL-SEP
LT-30989,EC-INST-LT
K-30990,EC-COMPRESSOR-CENTR
P-30991,EC-PUMP-RECIP
LT-30992,EC-INST-LT
E-30993,EC-HEATEXCH-SHELL
XV-30994,EC-VALVE-ISO
V-30995,EC-VESSEL-SEP
COL-30996,EC-VESSEL-COL
PT-30997,EC-INST-PT
LT-30998,EC-INST-LT
PSV-30999,EC-VALVE-RELIEF
V-31000,EC-VESSEL-SEP
LT-31001,EC-INST-LT
TT-31002,EC-INST-TT
XV-31003,EC-VALVE-ISO
TT-31004,EC-INST-TT
V-31005,EC-VESSEL-SEP
FCV-31006,EC-VALVE-CTRL
V-31007,EC-VESSEL-SEP
P-31008,EC-PUMP-CENTR
K-31009,EC-COMPRESSOR-CENTR
PSV-31010,EC-VALVE-RELIEF
XV-31011,EC-VALVE-ISO
PSV-31012,EC-VALVE-RELIEF
FCV-31013,EC-VALVE-CTRL
P-31014,EC-PUMP-RECIP
PT-31015,EC-INST-PT
PT-31016,EC-INST-PT
FT-31017,EC-INST-FT
XV-31018,EC-VALVE-ISO
XV-31019,EC-VALVE-ISO
P-31020,EC-PUMP-RECIP
P-31021,EC-PUMP-CENTR
PSV-31022,EC-VALVE-RELIEF
FCV-31023,EC-VALVE-CTRL
K-31024,EC-COMPRESSOR-CENTR
TT-31025,EC-INST-TT
COL-31026,EC-VESSEL-COL
P-31027,EC-PUMP-RECIP
XV-31028,EC-VALVE-ISO
K-31029,EC-COMPRESSOR-CENTR
P-31030,EC-PUMP-RECIP
FT-31031,EC-INST-FT
P-31032,EC-PUMP-CENTR
FT-31033,EC-INST-FT
V-31034,EC-VESSEL-SEP
COL-31035,EC-VESSEL-COL
LT-31036,EC-INST-LT
TT-31037,EC-INST-TT
V-31038,EC-VESSEL-SEP
FT-31039,EC-INST-FT
PSV-31040,EC-VALVE-RELIEF
LT-31041,EC-INST-LT
P-31042,EC-PUMP-CENTR
V-31043,EC-VESSEL-SEP
V-31044,EC-VESSEL-SEP
P-31045,EC-PUMP-CENTR
P-31046,EC-PUMP-RECIP
FT-31047,EC-INST-FT
P-31048,EC-PUMP-RECIP
K-31049,EC-COMPRESSOR-CENTR
P-31050,EC-PUMP-CENTR
LT-31051,EC-INST-LT
E-31052,EC-HEATEXCH-SHELL
PSV-31053,EC-VALVE-RELIEF
LT-31054,EC-INST-LT
PT-31055,EC-INST-PT
P-31056,EC-PUMP-RECIP
P-31057,EC-PUMP-CENTR
PSV-31058,EC-VALVE-RELIEF
V-31059,EC-VESSEL-SEP
FT-31060,EC-INST-FT
P-31061,EC-PUMP-CENTR
XV-31062,EC-VALVE-ISO
E-31063,EC-HEATEXCH-SHELL
FCV-31064,EC-VALVE-CTRL
TT-31065,EC-INST-TT
K-31066,EC-COMPRESSOR-CENTR
P-31067,EC-PUMP-CENTR
XV-31068,EC-VALVE-ISO
P-31069,EC-PUMP-CENTR
PT-31070,EC-INST-PT
V-31071,EC-VESSEL-SEP
P-31072,EC-PUMP-CENTR
FCV-31073,EC-VALVE-CTRL
LT-31074,EC-INST-LT
V-31075,EC-VESSEL-SEP
E-31076,EC-HEATEXCH-SHELL
LT-31077,EC-INST-LT
FCV-31078,EC-VALVE-CTRL
TT-31079,EC-INST-TT
E-31080,EC-HEATEXCH-SHELL
P-31081,EC-PUMP-RECIP
P-31082,EC-PUMP-RECIP
COL-31083,EC-VESSEL-COL
COL-31084,EC-VESSEL-COL
PSV-31085,EC-VALVE-RELIEF
P-31086,EC-PUMP-RECIP
FCV-31087,EC-VALVE-CTRL
P-31088,EC-PUMP-CENTR
PT-31089,EC-INST-PT
LT-31090,EC-INST-LT
P-31091,EC-PUMP-RECIP
PSV-31092,EC-VALVE-RELIEF
XV-31093,EC-VALVE-ISO
K-31094,EC-COMPRESSOR-CENTR
PT-31095,EC-INST-PT
P-31096,EC-PUMP-CENTR
K-31097,EC-COMPRESSOR-CENTR
PT-31098,EC-INST-PT
PT-31099,EC-INST-PT
V-31100,EC-VESSEL-SEP
P-31101,EC-PUMP-RECIP
V-31102,EC-VESSEL-SEP
K-31103,EC-COMPRESSOR-CENTR
V-31104,EC-VESSEL-SEP
TT-31105,EC-INST-TT
E-31106,EC-HEATEXCH-SHELL
LT-31107,EC-INST-LT
XV-31108,EC-VALVE-ISO
FT-31109,EC-INST-FT
E-31110,EC-HEATEXCH-SHELL
P-31111,EC-PUMP-RECIP
COL-31112,EC-VESSEL-COL
E-31113,EC-HEATEXCH-SHELL
TT-31114,EC-INST-TT
PSV-31115,EC-VALVE-RELIEF
XV-31116,EC-VALVE-ISO
PSV-31117,EC-VALVE-RELIEF
LT-31118,EC-INST-LT
V-31119,EC-VESSEL-SEP
P-31120,EC-PUMP-RECIP
V-31121,EC-VESSEL-SEP
E-31122,EC-HEATEXCH-SHELL
PSV-31123,EC-VALVE-RELIEF
K-31124,EC-COMPRESSOR-CENTR
V-31125,EC-VESSEL-SEP
PT-31126,EC-INST-PT
E-31127,EC-HEATEXCH-SHELL
P-31128,EC-PUMP-CENTR
FCV-31129,EC-VALVE-CTRL
P-31130,EC-PUMP-CENTR
LT-31131,EC-INST-LT
E-31132,EC-HEATEXCH-SHELL
K-31133,EC-COMPRESSOR-CENTR
XV-31134,EC-VALVE-ISO
P-31135,EC-PUMP-CENTR
PT-31136,EC-INST-PT
LT-31137,EC-INST-LT
P-31138,EC-PUMP-CENTR
V-31139,EC-VESSEL-SEP
PSV-31140,EC-VALVE-RELIEF
COL-31141,EC-VESSEL-COL
PSV-31142,EC-VALVE-RELIEF
LT-31143,EC-INST-LT
PSV-31144,EC-VALVE-RELIEF
P-31145,EC-PUMP-RECIP
E-31146,EC-HEATEXCH-SHELL
P-31147,EC-PUMP-CENTR
TT-31148,EC-INST-TT
COL-31149,EC-VESSEL-COL
XV-31150,EC-VALVE-ISO
P-31151,EC-PUMP-RECIP
TT-31152,EC-INST-TT
V-31153,EC-VESSEL-SEP
FCV-31154,EC-VALVE-CTRL
V-31155,EC-VESSEL-SEP
PT-31156,EC-INST-PT
FT-31157,EC-INST-FT
E-31158,EC-HEATEXCH-SHELL
TT-31159,EC-INST-TT
FCV-31160,EC-VALVE-CTRL
E-31161,EC-HEATEXCH-SHELL
V-31162,EC-VESSEL-SEP
V-31163,EC-VESSEL-SEP
XV-31164,EC-VALVE-ISO
TT-31165,EC-INST-TT
E-31166,EC-HEATEXCH-SHELL
V-31167,EC-VESSEL-SEP
PSV-31168,EC-VALVE-RELIEF
PSV-31169,EC-VALVE-RELIEF
PT-31170,EC-INST-PT
LT-31171,EC-INST-LT
TT-31172,EC-INST-TT
TT-31173,EC-INST-TT
FT-31174,EC-INST-FT
V-31175,EC-VESSEL-SEP
XV-31176,EC-VALVE-ISO
XV-31177,EC-VALVE-ISO
E-31178,EC-HEATEXCH-SHELL
PT-31179,EC-INST-PT
V-31180,EC-VESSEL-SEP
PT-31181,EC-INST-PT
P-31182,EC-PUMP-CENTR
FT-31183,EC-INST-FT
LT-31184,EC-INST-LT
XV-31185,EC-VALVE-ISO
PT-31186,EC-INST-PT
V-31187,EC-VESSEL-SEP
COL-31188,EC-VESSEL-COL
PT-31189,EC-INST-PT
FCV-31190,EC-VALVE-CTRL
E-31191,EC-HEATEXCH-SHELL
LT-31192,EC-INST-LT
FT-31193,EC-INST-FT
LT-31194,EC-INST-LT
PT-31195,EC-INST-PT
PSV-31196,EC-VALVE-RELIEF
PT-31197,EC-INST-PT
PSV-31198,EC-VALVE-RELIEF
PSV-31199,EC-VALVE-RELIEF
XV-31200,EC-VALVE-ISO
COL-31201,EC-VESSEL-COL
FT-31202,EC-INST-FT
P-31203,EC-PUMP-RECIP
FCV-31204,EC-VALVE-CTRL
LT-31205,EC-INST-LT
COL-31206,EC-VESSEL-COL
COL-31207,EC-VESSEL-COL
K-31208,EC-COMPRESSOR-CENTR
TT-31209,EC-INST-TT
TT-31210,EC-INST-TT
PSV-31211,EC-VALVE-RELIEF
V-31212,EC-VESSEL-SEP
V-31213,EC-VESSEL-SEP
LT-31214,EC-INST-LT
FCV-31215,EC-VALVE-CTRL
V-31216,EC-VESSEL-SEP
E-31217,EC-HEATEXCH-SHELL
K-31218,EC-COMPRESSOR-CENTR
PSV-31219,EC-VALVE-RELIEF
P-31220,EC-PUMP-RECIP
TT-31221,EC-INST-TT
P-31222,EC-PUMP-RECIP
FT-31223,EC-INST-FT
E-31224,EC-HEATEXCH-SHELL
FCV-31225,EC-VALVE-CTRL
P-31226,EC-PUMP-RECIP
TT-31227,EC-INST-TT
FT-31228,EC-INST-FT
PSV-31229,EC-VALVE-RELIEF
PSV-31230,EC-VALVE-RELIEF
LT-31231,EC-INST-LT
FT-31232,EC-INST-FT
PT-31233,EC-INST-PT
FT-31234,EC-INST-FT
PT-31235,EC-INST-PT
COL-31236,EC-VESSEL-COL
XV-31237,EC-VALVE-ISO
P-31238,EC-PUMP-RECIP
V-31239,EC-VESSEL-SEP
TT-31240,EC-INST-TT
XV-31241,EC-VALVE-ISO
E-31242,EC-HEATEXCH-SHELL
FCV-31243,EC-VALVE-CTRL
COL-31244,EC-VESSEL-COL
FCV-31245,EC-VALVE-CTRL
PSV-31246,EC-VALVE-RELIEF
PT-31247,EC-INST-PT
PSV-31248,EC-VALVE-RELIEF
P-31249,EC-PUMP-RECIP
V-31250,EC-VESSEL-SEP
TT-31251,EC-INST-TT
PSV-31252,EC-VALVE-RELIEF
PSV-31253,EC-VALVE-RELIEF
FCV-31254,EC-VALVE-CTRL
PT-31255,EC-INST-PT
TT-31256,EC-INST-TT
K-31257,EC-COMPRESSOR-CENTR
COL-31258,EC-VESSEL-COL
V-31259,EC-VESSEL-SEP
COL-31260,EC-VESSEL-COL
FCV-31261,EC-VALVE-CTRL
FT-31262,EC-INST-FT
FCV-31263,EC-VALVE-CTRL
P-31264,EC-PUMP-CENTR
TT-31265,EC-INST-TT
FCV-31266,EC-VALVE-CTRL
PSV-31267,EC-VALVE-RELIEF
COL-31268,EC-VESSEL-COL
PT-31269,EC-INST-PT
P-31270,EC-PUMP-CENTR
PT-31271,EC-INST-PT
XV-31272,EC-VALVE-ISO
PT-31273,EC-INST-PT
K-31274,EC-COMPRESSOR-CENTR
XV-31275,EC-VALVE-ISO
LT-31276,EC-INST-LT
V-31277,EC-VESSEL-SEP
FT-31278,EC-INST-FT
XV-31279,EC-VALVE-ISO
TT-31280,EC-INST-TT
E-31281,EC-HEATEXCH-SHELL
FCV-31282,EC-VALVE-CTRL
V-31283,EC-VESSEL-SEP
PT-31284,EC-INST-PT
LT-31285,EC-INST-LT
K-31286,EC-COMPRESSOR-CENTR
FCV-31287,EC-VALVE-CTRL
PSV-31288,EC-VALVE-RELIEF
P-31289,EC-PUMP-CENTR
P-31290,EC-PUMP-CENTR
PT-31291,EC-INST-PT
FCV-31292,EC-VALVE-CTRL
TT-31293,EC-INST-TT
V-31294,EC-VESSEL-SEP
PSV-31295,EC-VALVE-RELIEF
PSV-31296,EC-VALVE-RELIEF
COL-31297,EC-VESSEL-COL
K-31298,EC-COMPRESSOR-CENTR
K-31299,EC-COMPRESSOR-CENTR
LT-31300,EC-INST-LT
PT-31301,EC-INST-PT
LT-31302,EC-INST-LT
XV-31303,EC-VALVE-ISO
P-31304,EC-PUMP-RECIP
PT-31305,EC-INST-PT
K-31306,EC-COMPRESSOR-CENTR
P-31307,EC-PUMP-RECIP
K-31308,EC-COMPRESSOR-CENTR
E-31309,EC-HEATEXCH-SHELL
E-31310,EC-HEATEXCH-SHELL
V-31311,EC-VESSEL-SEP
K-31312,EC-COMPRESSOR-CENTR
TT-31313,EC-INST-TT
PT-31314,EC-INST-PT
PSV-31315,EC-VALVE-RELIEF
P-31316,EC-PUMP-RECIP
TT-31317,EC-INST-TT
FT-31318,EC-INST-FT
PSV-31319,EC-VALVE-RELIEF
E-31320,EC-HEATEXCH-SHELL
COL-31321,EC-VESSEL-COL
V-31322,EC-VESSEL-SEP
FCV-31323,EC-VALVE-CTRL
P-31324,EC-PUMP-RECIP
FCV-31325,EC-VALVE-CTRL
COL-31326,EC-VESSEL-COL
K-31327,EC-COMPRESSOR-CENTR
LT-31328,EC-INST-LT
P-31329,EC-PUMP-CENTR
P-31330,EC-PUMP-CENTR
COL-31331,EC-VESSEL-COL
K-31332,EC-COMPRESSOR-CENTR
XV-31333,EC-VALVE-ISO
PT-31334,EC-INST-PT
E-31335,EC-HEATEXCH-SHELL
LT-31336,EC-INST-LT
COL-31337,EC-VESSEL-COL
E-31338,EC-HEATEXCH-SHELL
TT-31339,EC-INST-TT
V-31340,EC-VESSEL-SEP
FCV-31341,EC-VALVE-CTRL
PSV-31342,EC-VALVE-RELIEF
PT-31343,EC-INST-PT
V-31344,EC-VESSEL-SEP
TT-31345,EC-INST-TT
K-31346,EC-COMPRESSOR-CENTR
P-31347,EC-PUMP-RECIP
V-31348,EC-VESSEL-SEP
V-31349,EC-VESSEL-SEP
E-31350,EC-HEATEXCH-SHELL
FT-31351,EC-INST-FT
XV-31352,EC-VALVE-ISO
FCV-31353,EC-VALVE-CTRL
PT-31354,EC-INST-PT
LT-31355,EC-INST-LT
FCV-31356,EC-VALVE-CTRL
PT-31357,EC-INST-PT
LT-31358,EC-INST-LT
FT-31359,EC-INST-FT
E-31360,EC-HEATEXCH-SHELL
LT-31361,EC-INST-LT
PSV-31362,EC-VALVE-RELIEF
P-31363,EC-PUMP-RECIP
COL-31364,EC-VESSEL-COL
PSV-31365,EC-VALVE-RELIEF
COL-31366,EC-VESSEL-COL
XV-31367,EC-VALVE-ISO
LT-31368,EC-INST-LT
P-31369,EC-PUMP-CENTR
FCV-31370,EC-VALVE-CTRL
TT-31371,EC-INST-TT
P-31372,EC-PUMP-RECIP
PT-31373,EC-INST-PT
PT-31374,EC-INST-PT
K-31375,EC-COMPRESSOR-CENTR
LT-31376,EC-INST-LT
FCV-31377,EC-VALVE-CTRL
PSV-31378,EC-VALVE-RELIEF
FT-31379,EC-INST-FT
K-31380,EC-COMPRESSOR-CENTR
V-31381,EC-VESSEL-SEP
FCV-31382,EC-VALVE-CTRL
FT-31383,EC-INST-FT
V-31384,EC-VESSEL-SEP
PSV-31385,EC-VALVE-RELIEF
XV-31386,EC-VALVE-ISO
K-31387,EC-COMPRESSOR-CENTR
PT-31388,EC-INST-PT
XV-31389,EC-VALVE-ISO
E-31390,EC-HEATEXCH-SHELL
PSV-31391,EC-VALVE-RELIEF
PSV-31392,EC-VALVE-RELIEF
FCV-31393,EC-VALVE-CTRL
COL-31394,EC-VESSEL-COL
TT-31395,EC-INST-TT
TT-31396,EC-INST-TT
PT-31397,EC-INST-PT
LT-31398,EC-INST-LT
XV-31399,EC-VALVE-ISO
COL-31400,EC-VESSEL-COL
E-31401,EC-HEATEXCH-SHELL
XV-31402,EC-VALVE-ISO
PSV-31403,EC-VALVE-RELIEF
FCV-31404,EC-VALVE-CTRL
FT-31405,EC-INST-FT
XV-31406,EC-VALVE-ISO
P-31407,EC-PUMP-RECIP
PSV-31408,EC-VALVE-RELIEF
FCV-31409,EC-VALVE-CTRL
PSV-31410,EC-VALVE-RELIEF
FT-31411,EC-INST-FT
V-31412,EC-VESSEL-SEP
PSV-31413,EC-VALVE-RELIEF
FCV-31414,EC-VALVE-CTRL
LT-31415,EC-INST-LT
FCV-31416,EC-VALVE-CTRL
XV-31417,EC-VALVE-ISO
XV-31418,EC-VALVE-ISO
FCV-31419,EC-VALVE-CTRL
FT-31420,EC-INST-FT
P-31421,EC-PUMP-CENTR
K-31422,EC-COMPRESSOR-CENTR
P-31423,EC-PUMP-RECIP
XV-31424,EC-VALVE-ISO
TT-31425,EC-INST-TT
COL-31426,EC-VESSEL-COL
XV-31427,EC-VALVE-ISO
LT-31428,EC-INST-LT
PSV-31429,EC-VALVE-RELIEF
TT-31430,EC-INST-TT
XV-31431,EC-VALVE-ISO
E-31432,EC-HEATEXCH-SHELL
FT-31433,EC-INST-FT
COL-31434,EC-VESSEL-COL
LT-31435,EC-INST-LT
PT-31436,EC-INST-PT
E-31437,EC-HEATEXCH-SHELL
K-31438,EC-COMPRESSOR-CENTR
P-31439,EC-PUMP-RECIP
PSV-31440,EC-VALVE-RELIEF
FCV-31441,EC-VALVE-CTRL
P-31442,EC-PUMP-CENTR
PT-31443,EC-INST-PT
PT-31444,EC-INST-PT
FT-31445,EC-INST-FT
V-31446,EC-VESSEL-SEP
PSV-31447,EC-VALVE-RELIEF
XV-31448,EC-VALVE-ISO
PSV-31449,EC-VALVE-RELIEF
PT-31450,EC-INST-PT
P-31451,EC-PUMP-RECIP
P-31452,EC-PUMP-CENTR
V-31453,EC-VESSEL-SEP
FCV-31454,EC-VALVE-CTRL
PSV-31455,EC-VALVE-RELIEF
P-31456,EC-PUMP-CENTR
PT-31457,EC-INST-PT
FCV-31458,EC-VALVE-CTRL
V-31459,EC-VESSEL-SEP
LT-31460,EC-INST-LT
FCV-31461,EC-VALVE-CTRL
PSV-31462,EC-VALVE-RELIEF
P-31463,EC-PUMP-CENTR
P-31464,EC-PUMP-CENTR
V-31465,EC-VESSEL-SEP
PT-31466,EC-INST-PT
LT-31467,EC-INST-LT
FCV-31468,EC-VALVE-CTRL
V-31469,EC-VESSEL-SEP
PT-31470,EC-INST-PT
P-31471,EC-PUMP-CENTR
PT-31472,EC-INST-PT
LT-31473,EC-INST-LT
TT-31474,EC-INST-TT
FT-31475,EC-INST-FT
FCV-31476,EC-VALVE-CTRL
V-31477,EC-VESSEL-SEP
FT-31478,EC-INST-FT
FCV-31479,EC-VALVE-CTRL
PT-31480,EC-INST-PT
XV-31481,EC-VALVE-ISO
TT-31482,EC-INST-TT
P-31483,EC-PUMP-RECIP
K-31484,EC-COMPRESSOR-CENTR
LT-31485,EC-INST-LT
LT-31486,EC-INST-LT
P-31487,EC-PUMP-RECIP
PT-31488,EC-INST-PT
P-31489,EC-PUMP-RECIP
PSV-31490,EC-VALVE-RELIEF
TT-31491,EC-INST-TT
E-31492,EC-HEATEXCH-SHELL
XV-31493,EC-VALVE-ISO
LT-31494,EC-INST-LT
PSV-31495,EC-VALVE-RELIEF
E-31496,EC-HEATEXCH-SHELL
TT-31497,EC-INST-TT
LT-31498,EC-INST-LT
FCV-31499,EC-VALVE-CTRL
P-31500,EC-PUMP-RECIP
PT-31501,EC-INST-PT
P-31502,EC-PUMP-CENTR
LT-31503,EC-INST-LT
V-31504,EC-VESSEL-SEP
XV-31505,EC-VALVE-ISO
FT-31506,EC-INST-FT
PSV-31507,EC-VALVE-RELIEF
TT-31508,EC-INST-TT
TT-31509,EC-INST-TT
P-31510,EC-PUMP-CENTR
FCV-31511,EC-VALVE-CTRL
PSV-31512,EC-VALVE-RELIEF
TT-31513,EC-INST-TT
FT-31514,EC-INST-FT
K-31515,EC-COMPRESSOR-CENTR
XV-31516,EC-VALVE-ISO
TT-31517,EC-INST-TT
P-31518,EC-PUMP-CENTR
XV-31519,EC-VALVE-ISO
FCV-31520,EC-VALVE-CTRL
XV-31521,EC-VALVE-ISO
K-31522,EC-COMPRESSOR-CENTR
FCV-31523,EC-VALVE-CTRL
P-31524,EC-PUMP-RECIP
XV-31525,EC-VALVE-ISO
P-31526,EC-PUMP-CENTR
PT-31527,EC-INST-PT
V-31528,EC-VESSEL-SEP
COL-31529,EC-VESSEL-COL
PT-31530,EC-INST-PT
P-31531,EC-PUMP-CENTR
FCV-31532,EC-VALVE-CTRL
XV-31533,EC-VALVE-ISO
COL-31534,EC-VESSEL-COL
P-31535,EC-PUMP-RECIP
K-31536,EC-COMPRESSOR-CENTR
E-31537,EC-HEATEXCH-SHELL
XV-31538,EC-VALVE-ISO
TT-31539,EC-INST-TT
P-31540,EC-PUMP-RECIP
K-31541,EC-COMPRESSOR-CENTR
COL-31542,EC-VESSEL-COL
COL-31543,EC-VESSEL-COL
FT-31544,EC-INST-FT
COL-31545,EC-VESSEL-COL
XV-31546,EC-VALVE-ISO
K-31547,EC-COMPRESSOR-CENTR
TT-31548,EC-INST-TT
PSV-31549,EC-VALVE-RELIEF
LT-31550,EC-INST-LT
K-31551,EC-COMPRESSOR-CENTR
PSV-31552,EC-VALVE-RELIEF
XV-31553,EC-VALVE-ISO
PSV-31554,EC-VALVE-RELIEF
FT-31555,EC-INST-FT
K-31556,EC-COMPRESSOR-CENTR
COL-31557,EC-VESSEL-COL
P-31558,EC-PUMP-RECIP
PT-31559,EC-INST-PT
P-31560,EC-PUMP-RECIP
PT-31561,EC-INST-PT
P-31562,EC-PUMP-RECIP
PSV-31563,EC-VALVE-RELIEF
K-31564,EC-COMPRESSOR-CENTR
P-31565,EC-PUMP-CENTR
PSV-31566,EC-VALVE-RELIEF
P-31567,EC-PUMP-RECIP
PSV-31568,EC-VALVE-RELIEF
FCV-31569,EC-VALVE-CTRL
XV-31570,EC-VALVE-ISO
FCV-31571,EC-VALVE-CTRL
FT-31572,EC-INST-FT
XV-31573,EC-VALVE-ISO
XV-31574,EC-VALVE-ISO
TT-31575,EC-INST-TT
P-31576,EC-PUMP-CENTR
COL-31577,EC-VESSEL-COL
XV-31578,EC-VALVE-ISO
PT-31579,EC-INST-PT
TT-31580,EC-INST-TT
E-31581,EC-HEATEXCH-SHELL
COL-31582,EC-VESSEL-COL
K-31583,EC-COMPRESSOR-CENTR
LT-31584,EC-INST-LT
PT-31585,EC-INST-PT
V-31586,EC-VESSEL-SEP
PSV-31587,EC-VALVE-RELIEF
K-31588,EC-COMPRESSOR-CENTR
FCV-31589,EC-VALVE-CTRL
COL-31590,EC-VESSEL-COL
COL-31591,EC-VESSEL-COL
V-31592,EC-VESSEL-SEP
PT-31593,EC-INST-PT
LT-31594,EC-INST-LT
TT-31595,EC-INST-TT
P-31596,EC-PUMP-CENTR
P-31597,EC-PUMP-RECIP
V-31598,EC-VESSEL-SEP
FCV-31599,EC-VALVE-CTRL
LT-31600,EC-INST-LT
PT-31601,EC-INST-PT
FT-31602,EC-INST-FT
K-31603,EC-COMPRESSOR-CENTR
XV-31604,EC-VALVE-ISO
TT-31605,EC-INST-TT
XV-31606,EC-VALVE-ISO
PT-31607,EC-INST-PT
P-31608,EC-PUMP-RECIP
FCV-31609,EC-VALVE-CTRL
TT-31610,EC-INST-TT
FCV-31611,EC-VALVE-CTRL
PSV-31612,EC-VALVE-RELIEF
TT-31613,EC-INST-TT
COL-31614,EC-VESSEL-COL
V-31615,EC-VESSEL-SEP
COL-31616,EC-VESSEL-COL
P-31617,EC-PUMP-CENTR
P-31618,EC-PUMP-RECIP
COL-31619,EC-VESSEL-COL
K-31620,EC-COMPRESSOR-CENTR
K-31621,EC-COMPRESSOR-CENTR
COL-31622,EC-VESSEL-COL
PT-31623,EC-INST-PT
E-31624,EC-HEATEXCH-SHELL
PSV-31625,EC-VALVE-RELIEF
TT-31626,EC-INST-TT
P-31627,EC-PUMP-RECIP
XV-31628,EC-VALVE-ISO
XV-31629,EC-VALVE-ISO
COL-31630,EC-VESSEL-COL
FT-31631,EC-INST-FT
COL-31632,EC-VESSEL-COL
P-31633,EC-PUMP-RECIP
V-31634,EC-VESSEL-SEP
TT-31635,EC-INST-TT
TT-31636,EC-INST-TT
LT-31637,EC-INST-LT
P-31638,EC-PUMP-RECIP
COL-31639,EC-VESSEL-COL
XV-31640,EC-VALVE-ISO
FCV-31641,EC-VALVE-CTRL
K-31642,EC-COMPRESSOR-CENTR
PSV-31643,EC-VALVE-RELIEF
P-31644,EC-PUMP-RECIP
K-31645,EC-COMPRESSOR-CENTR
P-31646,EC-PUMP-CENTR
PSV-31647,EC-VALVE-RELIEF
LT-31648,EC-INST-LT
TT-31649,EC-INST-TT
FCV-31650,EC-VALVE-CTRL
XV-31651,EC-VALVE-ISO
TT-31652,EC-INST-TT
LT-31653,EC-INST-LT
FT-31654,EC-INST-FT
COL-31655,EC-VESSEL-COL
V-31656,EC-VESSEL-SEP
V-31657,EC-VESSEL-SEP
COL-31658,EC-VESSEL-COL
V-31659,EC-VESSEL-SEP
V-31660,EC-VESSEL-SEP
COL-31661,EC-VESSEL-COL
XV-31662,EC-VALVE-ISO
TT-31663,EC-INST-TT
FCV-31664,EC-VALVE-CTRL
V-31665,EC-VESSEL-SEP
E-31666,EC-HEATEXCH-SHELL
K-31667,EC-COMPRESSOR-CENTR
PSV-31668,EC-VALVE-RELIEF
PSV-31669,EC-VALVE-RELIEF
P-31670,EC-PUMP-RECIP
V-31671,EC-VESSEL-SEP
E-31672,EC-HEATEXCH-SHELL
P-31673,EC-PUMP-RECIP
PSV-31674,EC-VALVE-RELIEF
V-31675,EC-VESSEL-SEP
K-31676,EC-COMPRESSOR-CENTR
LT-31677,EC-INST-LT
PT-31678,EC-INST-PT
P-31679,EC-PUMP-RECIP
FT-31680,EC-INST-FT
LT-31681,EC-INST-LT
COL-31682,EC-VESSEL-COL
XV-31683,EC-VALVE-ISO
FCV-31684,EC-VALVE-CTRL
P-31685,EC-PUMP-RECIP
PT-31686,EC-INST-PT
K-31687,EC-COMPRESSOR-CENTR
K-31688,EC-COMPRESSOR-CENTR
PSV-31689,EC-VALVE-RELIEF
TT-31690,EC-INST-TT
XV-31691,EC-VALVE-ISO
P-31692,EC-PUMP-RECIP
V-31693,EC-VESSEL-SEP
COL-31694,EC-VESSEL-COL
COL-31695,EC-VESSEL-COL
E-31696,EC-HEATEXCH-SHELL
TT-31697,EC-INST-TT
XV-31698,EC-VALVE-ISO
PSV-31699,EC-VALVE-RELIEF
COL-31700,EC-VESSEL-COL
FT-31701,EC-INST-FT
P-31702,EC-PUMP-RECIP
XV-31703,EC-VALVE-ISO
P-31704,EC-PUMP-RECIP
FCV-31705,EC-VALVE-CTRL
XV-31706,EC-VALVE-ISO
LT-31707,EC-INST-LT
PT-31708,EC-INST-PT
P-31709,EC-PUMP-RECIP
FT-31710,EC-INST-FT
V-31711,EC-VESSEL-SEP
P-31712,EC-PUMP-RECIP
LT-31713,EC-INST-LT
PT-31714,EC-INST-PT
FT-31715,EC-INST-FT
COL-31716,EC-VESSEL-COL
V-31717,EC-VESSEL-SEP
V-31718,EC-VESSEL-SEP
V-31719,EC-VESSEL-SEP
P-31720,EC-PUMP-CENTR
XV-31721,EC-VALVE-ISO
COL-31722,EC-VESSEL-COL
K-31723,EC-COMPRESSOR-CENTR
TT-31724,EC-INST-TT
COL-31725,EC-VESSEL-COL
E-31726,EC-HEATEXCH-SHELL
COL-31727,EC-VESSEL-COL
FT-31728,EC-INST-FT
COL-31729,EC-VESSEL-COL
PSV-31730,EC-VALVE-RELIEF
LT-31731,EC-INST-LT
XV-31732,EC-VALVE-ISO
XV-31733,EC-VALVE-ISO
E-31734,EC-HEATEXCH-SHELL
V-31735,EC-VESSEL-SEP
FCV-31736,EC-VALVE-CTRL
XV-31737,EC-VALVE-ISO
V-31738,EC-VESSEL-SEP
FCV-31739,EC-VALVE-CTRL
PSV-31740,EC-VALVE-RELIEF
LT-31741,EC-INST-LT
FCV-31742,EC-VALVE-CTRL
P-31743,EC-PUMP-CENTR
E-31744,EC-HEATEXCH-SHELL
PT-31745,EC-INST-PT
LT-31746,EC-INST-LT
PSV-31747,EC-VALVE-RELIEF
V-31748,EC-VESSEL-SEP
PT-31749,EC-INST-PT
V-31750,EC-VESSEL-SEP
FCV-31751,EC-VALVE-CTRL
COL-31752,EC-VESSEL-COL
FCV-31753,EC-VALVE-CTRL
P-31754,EC-PUMP-RECIP
P-31755,EC-PUMP-CENTR
FT-31756,EC-INST-FT
LT-31757,EC-INST-LT
TT-31758,EC-INST-TT
P-31759,EC-PUMP-CENTR
PT-31760,EC-INST-PT
FCV-31761,EC-VALVE-CTRL
XV-31762,EC-VALVE-ISO
V-31763,EC-VESSEL-SEP
P-31764,EC-PUMP-RECIP
PSV-31765,EC-VALVE-RELIEF
XV-31766,EC-VALVE-ISO
LT-31767,EC-INST-LT
V-31768,EC-VESSEL-SEP
K-31769,EC-COMPRESSOR-CENTR
P-31770,EC-PUMP-CENTR
PT-31771,EC-INST-PT
P-31772,EC-PUMP-CENTR
FT-31773,EC-INST-FT
E-31774,EC-HEATEXCH-SHELL
LT-31775,EC-INST-LT
P-31776,EC-PUMP-CENTR
FT-31777,EC-INST-FT
LT-31778,EC-INST-LT
FT-31779,EC-INST-FT
XV-31780,EC-VALVE-ISO
PT-31781,EC-INST-PT
K-31782,EC-COMPRESSOR-CENTR
FCV-31783,EC-VALVE-CTRL
XV-31784,EC-VALVE-ISO
P-31785,EC-PUMP-RECIP
V-31786,EC-VESSEL-SEP
TT-31787,EC-INST-TT
FCV-31788,EC-VALVE-CTRL
E-31789,EC-HEATEXCH-SHELL
XV-31790,EC-VALVE-ISO
XV-31791,EC-VALVE-ISO
FCV-31792,EC-VALVE-CTRL
FCV-31793,EC-VALVE-CTRL
V-31794,EC-VESSEL-SEP
PSV-31795,EC-VALVE-RELIEF
COL-31796,EC-VESSEL-COL
COL-31797,EC-VESSEL-COL
COL-31798,EC-VESSEL-COL
V-31799,EC-VESSEL-SEP
TT-31800,EC-INST-TT
PT-31801,EC-INST-PT
TT-31802,EC-INST-TT
P-31803,EC-PUMP-RECIP
E-31804,EC-HEATEXCH-SHELL
V-31805,EC-VESSEL-SEP
FCV-31806,EC-VALVE-CTRL
COL-31807,EC-VESSEL-COL
K-31808,EC-COMPRESSOR-CENTR
P-31809,EC-PUMP-CENTR
PSV-31810,EC-VALVE-RELIEF
K-31811,EC-COMPRESSOR-CENTR
PT-31812,EC-INST-PT
FCV-31813,EC-VALVE-CTRL
PT-31814,EC-INST-PT
P-31815,EC-PUMP-CENTR
P-31816,EC-PUMP-CENTR
COL-31817,EC-VESSEL-COL
PSV-31818,EC-VALVE-RELIEF
K-31819,EC-COMPRESSOR-CENTR
E-31820,EC-HEATEXCH-SHELL
K-31821,EC-COMPRESSOR-CENTR
K-31822,EC-COMPRESSOR-CENTR
TT-31823,EC-INST-TT
PSV-31824,EC-VALVE-RELIEF
PSV-31825,EC-VALVE-RELIEF
FT-31826,EC-INST-FT
FCV-31827,EC-VALVE-CTRL
E-31828,EC-HEATEXCH-SHELL
FT-31829,EC-INST-FT
PT-31830,EC-INST-PT
P-31831,EC-PUMP-CENTR
XV-31832,EC-VALVE-ISO
FT-31833,EC-INST-FT
P-31834,EC-PUMP-RECIP
K-31835,EC-COMPRESSOR-CENTR
K-31836,EC-COMPRESSOR-CENTR
P-31837,EC-PUMP-CENTR
COL-31838,EC-VESSEL-COL
E-31839,EC-HEATEXCH-SHELL
V-31840,EC-VESSEL-SEP
PT-31841,EC-INST-PT
PSV-31842,EC-VALVE-RELIEF
PT-31843,EC-INST-PT
P-31844,EC-PUMP-RECIP
PSV-31845,EC-VALVE-RELIEF
PT-31846,EC-INST-PT
P-31847,EC-PUMP-CENTR
V-31848,EC-VESSEL-SEP
P-31849,EC-PUMP-CENTR
PSV-31850,EC-VALVE-RELIEF
FCV-31851,EC-VALVE-CTRL
FCV-31852,EC-VALVE-CTRL
PT-31853,EC-INST-PT
LT-31854,EC-INST-LT
XV-31855,EC-VALVE-ISO
V-31856,EC-VESSEL-SEP
FCV-31857,EC-VALVE-CTRL
FT-31858,EC-INST-FT
XV-31859,EC-VALVE-ISO
XV-31860,EC-VALVE-ISO
XV-31861,EC-VALVE-ISO
PT-31862,EC-INST-PT
PSV-31863,EC-VALVE-RELIEF
COL-31864,EC-VESSEL-COL
TT-31865,EC-INST-TT
COL-31866,EC-VESSEL-COL
P-31867,EC-PUMP-RECIP
K-31868,EC-COMPRESSOR-CENTR
E-31869,EC-HEATEXCH-SHELL
LT-31870,EC-INST-LT
K-31871,EC-COMPRESSOR-CENTR
COL-31872,EC-VESSEL-COL
XV-31873,EC-VALVE-ISO
COL-31874,EC-VESSEL-COL
K-31875,EC-COMPRESSOR-CENTR
PSV-31876,EC-VALVE-RELIEF
P-31877,EC-PUMP-CENTR
LT-31878,EC-INST-LT
COL-31879,EC-VESSEL-COL
FCV-31880,EC-VALVE-CTRL
PSV-31881,EC-VALVE-RELIEF
E-31882,EC-HEATEXCH-SHELL
PSV-31883,EC-VALVE-RELIEF
FT-31884,EC-INST-FT
P-31885,EC-PUMP-RECIP
LT-31886,EC-INST-LT
P-31887,EC-PUMP-CENTR
V-31888,EC-VESSEL-SEP
FT-31889,EC-INST-FT
XV-31890,EC-VALVE-ISO
P-31891,EC-PUMP-RECIP
LT-31892,EC-INST-LT
K-31893,EC-COMPRESSOR-CENTR
P-31894,EC-PUMP-CENTR
TT-31895,EC-INST-TT
PSV-31896,EC-VALVE-RELIEF
LT-31897,EC-INST-LT
PSV-31898,EC-VALVE-RELIEF
FCV-31899,EC-VALVE-CTRL
K-31900,EC-COMPRESSOR-CENTR
PT-31901,EC-INST-PT
P-31902,EC-PUMP-CENTR
XV-31903,EC-VALVE-ISO
V-31904,EC-VESSEL-SEP
FCV-31905,EC-VALVE-CTRL
FCV-31906,EC-VALVE-CTRL
COL-31907,EC-VESSEL-COL
V-31908,EC-VESSEL-SEP
V-31909,EC-VESSEL-SEP
PT-31910,EC-INST-PT
P-31911,EC-PUMP-RECIP
COL-31912,EC-VESSEL-COL
FT-31913,EC-INST-FT
V-31914,EC-VESSEL-SEP
PSV-31915,EC-VALVE-RELIEF
PT-31916,EC-INST-PT
V-31917,EC-VESSEL-SEP
FT-31918,EC-INST-FT
XV-31919,EC-VALVE-ISO
FCV-31920,EC-VALVE-CTRL
PT-31921,EC-INST-PT
V-31922,EC-VESSEL-SEP
P-31923,EC-PUMP-RECIP
FCV-31924,EC-VALVE-CTRL
PT-31925,EC-INST-PT
V-31926,EC-VESSEL-SEP
COL-31927,EC-VESSEL-COL
P-31928,EC-PUMP-RECIP
COL-31929,EC-VESSEL-COL
P-31930,EC-PUMP-CENTR
FCV-31931,EC-VALVE-CTRL
PT-31932,EC-INST-PT
TT-31933,EC-INST-TT
PSV-31934,EC-VALVE-RELIEF
E-31935,EC-HEATEXCH-SHELL
K-31936,EC-COMPRESSOR-CENTR
P-31937,EC-PUMP-CENTR
LT-31938,EC-INST-LT
V-31939,EC-VESSEL-SEP
P-31940,EC-PUMP-RECIP
P-31941,EC-PUMP-RECIP
V-31942,EC-VESSEL-SEP
P-31943,EC-PUMP-RECIP
TT-31944,EC-INST-TT
PSV-31945,EC-VALVE-RELIEF
LT-31946,EC-INST-LT
PT-31947,EC-INST-PT
FCV-31948,EC-VALVE-CTRL
PSV-31949,EC-VALVE-RELIEF
E-31950,EC-HEATEXCH-SHELL
P-31951,EC-PUMP-CENTR
P-31952,EC-PUMP-CENTR
LT-31953,EC-INST-LT
XV-31954,EC-VALVE-ISO
TT-31955,EC-INST-TT
P-31956,EC-PUMP-RECIP
E-31957,EC-HEATEXCH-SHELL
TT-31958,EC-INST-TT
K-31959,EC-COMPRESSOR-CENTR
LT-31960,EC-INST-LT
FT-31961,EC-INST-FT
TT-31962,EC-INST-TT
PSV-31963,EC-VALVE-RELIEF
PSV-31964,EC-VALVE-RELIEF
LT-31965,EC-INST-LT
FT-31966,EC-INST-FT
COL-31967,EC-VESSEL-COL
TT-31968,EC-INST-TT
V-31969,EC-VESSEL-SEP
PT-31970,EC-INST-PT
XV-31971,EC-VALVE-ISO
V-31972,EC-VESSEL-SEP
COL-31973,EC-VESSEL-COL
PT-31974,EC-INST-PT
LT-31975,EC-INST-LT
K-31976,EC-COMPRESSOR-CENTR
P-31977,EC-PUMP-RECIP
K-31978,EC-COMPRESSOR-CENTR
E-31979,EC-HEATEXCH-SHELL
V-31980,EC-VESSEL-SEP
COL-31981,EC-VESSEL-COL
FCV-31982,EC-VALVE-CTRL
PSV-31983,EC-VALVE-RELIEF
FT-31984,EC-INST-FT
TT-31985,EC-INST-TT
K-31986,EC-COMPRESSOR-CENTR
PT-31987,EC-INST-PT
V-31988,EC-VESSEL-SEP
FCV-31989,EC-VALVE-CTRL
P-31990,EC-PUMP-RECIP
FT-31991,EC-INST-FT
K-31992,EC-COMPRESSOR-CENTR
COL-31993,EC-VESSEL-COL
PT-31994,EC-INST-PT
P-31995,EC-PUMP-CENTR
TT-31996,EC-INST-TT
XV-31997,EC-VALVE-ISO
P-31998,EC-PUMP-CENTR
P-31999,EC-PUMP-RECIP
TT-32000,EC-INST-TT
PT-32001,EC-INST-PT
LT-32002,EC-INST-LT
PT-32003,EC-INST-PT
FCV-32004,EC-VALVE-CTRL
COL-32005,EC-VESSEL-COL
K-32006,EC-COMPRESSOR-CENTR
V-32007,EC-VESSEL-SEP
P-32008,EC-PUMP-CENTR
V-32009,EC-VESSEL-SEP
P-32010,EC-PUMP-RECIP
PSV-32011,EC-VALVE-RELIEF
P-32012,EC-PUMP-CENTR
XV-32013,EC-VALVE-ISO
FCV-32014,EC-VALVE-CTRL
FT-32015,EC-INST-FT
LT-32016,EC-INST-LT
E-32017,EC-HEATEXCH-SHELL
COL-32018,EC-VESSEL-COL
E-32019,EC-HEATEXCH-SHELL
COL-32020,EC-VESSEL-COL
P-32021,EC-PUMP-CENTR
XV-32022,EC-VALVE-ISO
P-32023,EC-PUMP-CENTR
E-32024,EC-HEATEXCH-SHELL
PT-32025,EC-INST-PT
FCV-32026,EC-VALVE-CTRL
COL-32027,EC-VESSEL-COL
E-32028,EC-HEATEXCH-SHELL
K-32029,EC-COMPRESSOR-CENTR
P-32030,EC-PUMP-CENTR
K-32031,EC-COMPRESSOR-CENTR
P-32032,EC-PUMP-RECIP
K-32033,EC-COMPRESSOR-CENTR
E-32034,EC-HEATEXCH-SHELL
XV-32035,EC-VALVE-ISO
LT-32036,EC-INST-LT
P-32037,EC-PUMP-RECIP
XV-32038,EC-VALVE-ISO
P-32039,EC-PUMP-CENTR
LT-32040,EC-INST-LT
XV-32041,EC-VALVE-ISO
TT-32042,EC-INST-TT
E-32043,EC-HEATEXCH-SHELL
P-32044,EC-PUMP-CENTR
PSV-32045,EC-VALVE-RELIEF
XV-32046,EC-VALVE-ISO
V-32047,EC-VESSEL-SEP
E-32048,EC-HEATEXCH-SHELL
PSV-32049,EC-VALVE-RELIEF
P-32050,EC-PUMP-RECIP
P-32051,EC-PUMP-RECIP
XV-32052,EC-VALVE-ISO
LT-32053,EC-INST-LT
FCV-32054,EC-VALVE-CTRL
FCV-32055,EC-VALVE-CTRL
TT-32056,EC-INST-TT
TT-32057,EC-INST-TT
P-32058,EC-PUMP-CENTR
V-32059,EC-VESSEL-SEP
PSV-32060,EC-VALVE-RELIEF
K-32061,EC-COMPRESSOR-CENTR
PT-32062,EC-INST-PT
E-32063,EC-HEATEXCH-SHELL
FCV-32064,EC-VALVE-CTRL
TT-32065,EC-INST-TT
E-32066,EC-HEATEXCH-SHELL
FCV-32067,EC-VALVE-CTRL
COL-32068,EC-VESSEL-COL
P-32069,EC-PUMP-CENTR
XV-32070,EC-VALVE-ISO
V-32071,EC-VESSEL-SEP
V-32072,EC-VESSEL-SEP
K-32073,EC-COMPRESSOR-CENTR
COL-32074,EC-VESSEL-COL
P-32075,EC-PUMP-CENTR
V-32076,EC-VESSEL-SEP
LT-32077,EC-INST-LT
COL-32078,EC-VESSEL-COL
P-32079,EC-PUMP-CENTR
FCV-32080,EC-VALVE-CTRL
FCV-32081,EC-VALVE-CTRL
FCV-32082,EC-VALVE-CTRL
K-32083,EC-COMPRESSOR-CENTR
FT-32084,EC-INST-FT
TT-32085,EC-INST-TT
E-32086,EC-HEATEXCH-SHELL
PSV-32087,EC-VALVE-RELIEF
TT-32088,EC-INST-TT
PT-32089,EC-INST-PT
FT-32090,EC-INST-FT
XV-32091,EC-VALVE-ISO
XV-32092,EC-VALVE-ISO
FT-32093,EC-INST-FT
TT-32094,EC-INST-TT
LT-32095,EC-INST-LT
K-32096,EC-COMPRESSOR-CENTR
P-32097,EC-PUMP-RECIP
FT-32098,EC-INST-FT
PSV-32099,EC-VALVE-RELIEF
V-32100,EC-VESSEL-SEP
XV-32101,EC-VALVE-ISO
FCV-32102,EC-VALVE-CTRL
LT-32103,EC-INST-LT
K-32104,EC-COMPRESSOR-CENTR
P-32105,EC-PUMP-CENTR
LT-32106,EC-INST-LT
XV-32107,EC-VALVE-ISO
TT-32108,EC-INST-TT
FCV-32109,EC-VALVE-CTRL
P-32110,EC-PUMP-CENTR
FT-32111,EC-INST-FT
LT-32112,EC-INST-LT
V-32113,EC-VESSEL-SEP
E-32114,EC-HEATEXCH-SHELL
P-32115,EC-PUMP-RECIP
TT-32116,EC-INST-TT
PSV-32117,EC-VALVE-RELIEF
PT-32118,EC-INST-PT
COL-32119,EC-VESSEL-COL
LT-32120,EC-INST-LT
PT-32121,EC-INST-PT
FT-32122,EC-INST-FT
COL-32123,EC-VESSEL-COL
V-32124,EC-VESSEL-SEP
PT-32125,EC-INST-PT
XV-32126,EC-VALVE-ISO
FT-32127,EC-INST-FT
LT-32128,EC-INST-LT
LT-32129,EC-INST-LT
FT-32130,EC-INST-FT
E-32131,EC-HEATEXCH-SHELL
P-32132,EC-PUMP-CENTR
FCV-32133,EC-VALVE-CTRL
FCV-32134,EC-VALVE-CTRL
LT-32135,EC-INST-LT
E-32136,EC-HEATEXCH-SHELL
E-32137,EC-HEATEXCH-SHELL
PT-32138,EC-INST-PT
XV-32139,EC-VALVE-ISO
COL-32140,EC-VESSEL-COL
FT-32141,EC-INST-FT
PSV-32142,EC-VALVE-RELIEF
FT-32143,EC-INST-FT
COL-32144,EC-VESSEL-COL
V-32145,EC-VESSEL-SEP
PT-32146,EC-INST-PT
P-32147,EC-PUMP-RECIP
K-32148,EC-COMPRESSOR-CENTR
V-32149,EC-VESSEL-SEP
P-32150,EC-PUMP-RECIP
FCV-32151,EC-VALVE-CTRL
E-32152,EC-HEATEXCH-SHELL
PT-32153,EC-INST-PT
PT-32154,EC-INST-PT
FT-32155,EC-INST-FT
P-32156,EC-PUMP-CENTR
FT-32157,EC-INST-FT
PT-32158,EC-INST-PT
V-32159,EC-VESSEL-SEP
P-32160,EC-PUMP-RECIP
TT-32161,EC-INST-TT
P-32162,EC-PUMP-RECIP
PSV-32163,EC-VALVE-RELIEF
P-32164,EC-PUMP-RECIP
XV-32165,EC-VALVE-ISO
V-32166,EC-VESSEL-SEP
K-32167,EC-COMPRESSOR-CENTR
P-32168,EC-PUMP-CENTR
PT-32169,EC-INST-PT
PT-32170,EC-INST-PT
K-32171,EC-COMPRESSOR-CENTR
FCV-32172,EC-VALVE-CTRL
K-32173,EC-COMPRESSOR-CENTR
P-32174,EC-PUMP-RECIP
PSV-32175,EC-VALVE-RELIEF
LT-32176,EC-INST-LT
LT-32177,EC-INST-LT
FT-32178,EC-INST-FT
COL-32179,EC-VESSEL-COL
COL-32180,EC-VESSEL-COL
LT-32181,EC-INST-LT
PT-32182,EC-INST-PT
E-32183,EC-HEATEXCH-SHELL
TT-32184,EC-INST-TT
P-32185,EC-PUMP-RECIP
P-32186,EC-PUMP-CENTR
XV-32187,EC-VALVE-ISO
FCV-32188,EC-VALVE-CTRL
PT-32189,EC-INST-PT
COL-32190,EC-VESSEL-COL
E-32191,EC-HEATEXCH-SHELL
COL-32192,EC-VESSEL-COL
FCV-32193,EC-VALVE-CTRL
XV-32194,EC-VALVE-ISO
FCV-32195,EC-VALVE-CTRL
LT-32196,EC-INST-LT
XV-32197,EC-VALVE-ISO
E-32198,EC-HEATEXCH-SHELL
PT-32199,EC-INST-PT
PT-32200,EC-INST-PT
FCV-32201,EC-VALVE-CTRL
P-32202,EC-PUMP-CENTR
LT-32203,EC-INST-LT
COL-32204,EC-VESSEL-COL
E-32205,EC-HEATEXCH-SHELL
P-32206,EC-PUMP-RECIP
COL-32207,EC-VESSEL-COL
COL-32208,EC-VESSEL-COL
P-32209,EC-PUMP-CENTR
E-32210,EC-HEATEXCH-SHELL
V-32211,EC-VESSEL-SEP
TT-32212,EC-INST-TT
E-32213,EC-HEATEXCH-SHELL
PSV-32214,EC-VALVE-RELIEF
V-32215,EC-VESSEL-SEP
TT-32216,EC-INST-TT
K-32217,EC-COMPRESSOR-CENTR
FT-32218,EC-INST-FT
LT-32219,EC-INST-LT
PT-32220,EC-INST-PT
V-32221,EC-VESSEL-SEP
TT-32222,EC-INST-TT
LT-32223,EC-INST-LT
XV-32224,EC-VALVE-ISO
COL-32225,EC-VESSEL-COL
COL-32226,EC-VESSEL-COL
K-32227,EC-COMPRESSOR-CENTR
K-32228,EC-COMPRESSOR-CENTR
COL-32229,EC-VESSEL-COL
V-32230,EC-VESSEL-SEP
PSV-32231,EC-VALVE-RELIEF
FT-32232,EC-INST-FT
PSV-32233,EC-VALVE-RELIEF
P-32234,EC-PUMP-CENTR
K-32235,EC-COMPRESSOR-CENTR
V-32236,EC-VESSEL-SEP
E-32237,EC-HEATEXCH-SHELL
PSV-32238,EC-VALVE-RELIEF
XV-32239,EC-VALVE-ISO
XV-32240,EC-VALVE-ISO
TT-32241,EC-INST-TT
FT-32242,EC-INST-FT
TT-32243,EC-INST-TT
PT-32244,EC-INST-PT
V-32245,EC-VESSEL-SEP
V-32246,EC-VESSEL-SEP
FT-32247,EC-INST-FT
FT-32248,EC-INST-FT
FCV-32249,EC-VALVE-CTRL
COL-32250,EC-VESSEL-COL
LT-32251,EC-INST-LT
XV-32252,EC-VALVE-ISO
FCV-32253,EC-VALVE-CTRL
FCV-32254,EC-VALVE-CTRL
LT-32255,EC-INST-LT
FT-32256,EC-INST-FT
LT-32257,EC-INST-LT
PSV-32258,EC-VALVE-RELIEF
FT-32259,EC-INST-FT
XV-32260,EC-VALVE-ISO
V-32261,EC-VESSEL-SEP
XV-32262,EC-VALVE-ISO
COL-32263,EC-VESSEL-COL
COL-32264,EC-VESSEL-COL
V-32265,EC-VESSEL-SEP
P-32266,EC-PUMP-CENTR
FT-32267,EC-INST-FT
P-32268,EC-PUMP-RECIP
PSV-32269,EC-VALVE-RELIEF
COL-32270,EC-VESSEL-COL
PT-32271,EC-INST-PT
E-32272,EC-HEATEXCH-SHELL
TT-32273,EC-INST-TT
E-32274,EC-HEATEXCH-SHELL
V-32275,EC-VESSEL-SEP
COL-32276,EC-VESSEL-COL
P-32277,EC-PUMP-CENTR
P-32278,EC-PUMP-CENTR
E-32279,EC-HEATEXCH-SHELL
K-32280,EC-COMPRESSOR-CENTR
PSV-32281,EC-VALVE-RELIEF
PSV-32282,EC-VALVE-RELIEF
XV-32283,EC-VALVE-ISO
FCV-32284,EC-VALVE-CTRL
FT-32285,EC-INST-FT
FT-32286,EC-INST-FT
K-32287,EC-COMPRESSOR-CENTR
COL-32288,EC-VESSEL-COL
TT-32289,EC-INST-TT
PT-32290,EC-INST-PT
FCV-32291,EC-VALVE-CTRL
K-32292,EC-COMPRESSOR-CENTR
K-32293,EC-COMPRESSOR-CENTR
FT-32294,EC-INST-FT
V-32295,EC-VESSEL-SEP
K-32296,EC-COMPRESSOR-CENTR
E-32297,EC-HEATEXCH-SHELL
FCV-32298,EC-VALVE-CTRL
V-32299,EC-VESSEL-SEP
XV-32300,EC-VALVE-ISO
PT-32301,EC-INST-PT
E-32302,EC-HEATEXCH-SHELL
K-32303,EC-COMPRESSOR-CENTR
XV-32304,EC-VALVE-ISO
TT-32305,EC-INST-TT
V-32306,EC-VESSEL-SEP
P-32307,EC-PUMP-CENTR
TT-32308,EC-INST-TT
P-32309,EC-PUMP-CENTR
P-32310,EC-PUMP-CENTR
PSV-32311,EC-VALVE-RELIEF
COL-32312,EC-VESSEL-COL
FCV-32313,EC-VALVE-CTRL
PSV-32314,EC-VALVE-RELIEF
LT-32315,EC-INST-LT
PSV-32316,EC-VALVE-RELIEF
FT-32317,EC-INST-FT
FCV-32318,EC-VALVE-CTRL
XV-32319,EC-VALVE-ISO
K-32320,EC-COMPRESSOR-CENTR
COL-32321,EC-VESSEL-COL
K-32322,EC-COMPRESSOR-CENTR
P-32323,EC-PUMP-RECIP
P-32324,EC-PUMP-RECIP
K-32325,EC-COMPRESSOR-CENTR
PSV-32326,EC-VALVE-RELIEF
K-32327,EC-COMPRESSOR-CENTR
P-32328,EC-PUMP-RECIP
COL-32329,EC-VESSEL-COL
P-32330,EC-PUMP-RECIP
COL-32331,EC-VESSEL-COL
COL-32332,EC-VESSEL-COL
V-32333,EC-VESSEL-SEP
K-32334,EC-COMPRESSOR-CENTR
P-32335,EC-PUMP-CENTR
PT-32336,EC-INST-PT
PT-32337,EC-INST-PT
E-32338,EC-HEATEXCH-SHELL
XV-32339,EC-VALVE-ISO
PT-32340,EC-INST-PT
P-32341,EC-PUMP-RECIP
P-32342,EC-PUMP-RECIP
COL-32343,EC-VESSEL-COL
P-32344,EC-PUMP-CENTR
FCV-32345,EC-VALVE-CTRL
PT-32346,EC-INST-PT
COL-32347,EC-VESSEL-COL
FT-32348,EC-INST-FT
P-32349,EC-PUMP-CENTR
P-32350,EC-PUMP-CENTR
K-32351,EC-COMPRESSOR-CENTR
E-32352,EC-HEATEXCH-SHELL
PT-32353,EC-INST-PT
PSV-32354,EC-VALVE-RELIEF
P-32355,EC-PUMP-CENTR
P-32356,EC-PUMP-CENTR
FT-32357,EC-INST-FT
K-32358,EC-COMPRESSOR-CENTR
COL-32359,EC-VESSEL-COL
V-32360,EC-VESSEL-SEP
K-32361,EC-COMPRESSOR-CENTR
PT-32362,EC-INST-PT
V-32363,EC-VESSEL-SEP
FCV-32364,EC-VALVE-CTRL
FCV-32365,EC-VALVE-CTRL
TT-32366,EC-INST-TT
V-32367,EC-VESSEL-SEP
COL-32368,EC-VESSEL-COL
V-32369,EC-VESSEL-SEP
E-32370,EC-HEATEXCH-SHELL
TT-32371,EC-INST-TT
P-32372,EC-PUMP-RECIP
FCV-32373,EC-VALVE-CTRL
LT-32374,EC-INST-LT
FCV-32375,EC-VALVE-CTRL
E-32376,EC-HEATEXCH-SHELL
PT-32377,EC-INST-PT
K-32378,EC-COMPRESSOR-CENTR
XV-32379,EC-VALVE-ISO
PSV-32380,EC-VALVE-RELIEF
COL-32381,EC-VESSEL-COL
COL-32382,EC-VESSEL-COL
COL-32383,EC-VESSEL-COL
E-32384,EC-HEATEXCH-SHELL
E-32385,EC-HEATEXCH-SHELL
E-32386,EC-HEATEXCH-SHELL
PT-32387,EC-INST-PT
P-32388,EC-PUMP-RECIP
P-32389,EC-PUMP-RECIP
XV-32390,EC-VALVE-ISO
XV-32391,EC-VALVE-ISO
V-32392,EC-VESSEL-SEP
P-32393,EC-PUMP-RECIP
FCV-32394,EC-VALVE-CTRL
COL-32395,EC-VESSEL-COL
XV-32396,EC-VALVE-ISO
PT-32397,EC-INST-PT
K-32398,EC-COMPRESSOR-CENTR
COL-32399,EC-VESSEL-COL
P-32400,EC-PUMP-RECIP
E-32401,EC-HEATEXCH-SHELL
P-32402,EC-PUMP-CENTR
PSV-32403,EC-VALVE-RELIEF
FT-32404,EC-INST-FT
COL-32405,EC-VESSEL-COL
FCV-32406,EC-VALVE-CTRL
PSV-32407,EC-VALVE-RELIEF
P-32408,EC-PUMP-RECIP
P-32409,EC-PUMP-CENTR
E-32410,EC-HEATEXCH-SHELL
P-32411,EC-PUMP-CENTR
PSV-32412,EC-VALVE-RELIEF
TT-32413,EC-INST-TT
COL-32414,EC-VESSEL-COL
TT-32415,EC-INST-TT
P-32416,EC-PUMP-RECIP
COL-32417,EC-VESSEL-COL
XV-32418,EC-VALVE-ISO
V-32419,EC-VESSEL-SEP
E-32420,EC-HEATEXCH-SHELL
P-32421,EC-PUMP-RECIP
COL-32422,EC-VESSEL-COL
TT-32423,EC-INST-TT
LT-32424,EC-INST-LT
TT-32425,EC-INST-TT
TT-32426,EC-INST-TT
PT-32427,EC-INST-PT
LT-32428,EC-INST-LT
K-32429,EC-COMPRESSOR-CENTR
P-32430,EC-PUMP-RECIP
K-32431,EC-COMPRESSOR-CENTR
COL-32432,EC-VESSEL-COL
TT-32433,EC-INST-TT
K-32434,EC-COMPRESSOR-CENTR
LT-32435,EC-INST-LT
PT-32436,EC-INST-PT
E-32437,EC-HEATEXCH-SHELL
COL-32438,EC-VESSEL-COL
FT-32439,EC-INST-FT
COL-32440,EC-VESSEL-COL
XV-32441,EC-VALVE-ISO
FCV-32442,EC-VALVE-CTRL
PT-32443,EC-INST-PT
XV-32444,EC-VALVE-ISO
K-32445,EC-COMPRESSOR-CENTR
FT-32446,EC-INST-FT
PT-32447,EC-INST-PT
TT-32448,EC-INST-TT
P-32449,EC-PUMP-CENTR
V-32450,EC-VESSEL-SEP
P-32451,EC-PUMP-RECIP
P-32452,EC-PUMP-RECIP
COL-32453,EC-VESSEL-COL
FCV-32454,EC-VALVE-CTRL
FT-32455,EC-INST-FT
P-32456,EC-PUMP-CENTR
TT-32457,EC-INST-TT
V-32458,EC-VESSEL-SEP
LT-32459,EC-INST-LT
PT-32460,EC-INST-PT
V-32461,EC-VESSEL-SEP
FCV-32462,EC-VALVE-CTRL
LT-32463,EC-INST-LT
LT-32464,EC-INST-LT
FT-32465,EC-INST-FT
COL-32466,EC-VESSEL-COL
FT-32467,EC-INST-FT
PT-32468,EC-INST-PT
E-32469,EC-HEATEXCH-SHELL
K-32470,EC-COMPRESSOR-CENTR
P-32471,EC-PUMP-RECIP
PSV-32472,EC-VALVE-RELIEF
E-32473,EC-HEATEXCH-SHELL
V-32474,EC-VESSEL-SEP
TT-32475,EC-INST-TT
COL-32476,EC-VESSEL-COL
COL-32477,EC-VESSEL-COL
P-32478,EC-PUMP-RECIP
P-32479,EC-PUMP-RECIP
P-32480,EC-PUMP-RECIP
XV-32481,EC-VALVE-ISO
COL-32482,EC-VESSEL-COL
V-32483,EC-VESSEL-SEP
FCV-32484,EC-VALVE-CTRL
XV-32485,EC-VALVE-ISO
V-32486,EC-VESSEL-SEP
P-32487,EC-PUMP-RECIP
PT-32488,EC-INST-PT
K-32489,EC-COMPRESSOR-CENTR
PT-32490,EC-INST-PT
FT-32491,EC-INST-FT
P-32492,EC-PUMP-RECIP
E-32493,EC-HEATEXCH-SHELL
P-32494,EC-PUMP-RECIP
TT-32495,EC-INST-TT
K-32496,EC-COMPRESSOR-CENTR
K-32497,EC-COMPRESSOR-CENTR
PSV-32498,EC-VALVE-RELIEF
V-32499,EC-VESSEL-SEP
COL-32500,EC-VESSEL-COL
TT-32501,EC-INST-TT
XV-32502,EC-VALVE-ISO
FT-32503,EC-INST-FT
PSV-32504,EC-VALVE-RELIEF
XV-32505,EC-VALVE-ISO
P-32506,EC-PUMP-CENTR
V-32507,EC-VESSEL-SEP
FCV-32508,EC-VALVE-CTRL
COL-32509,EC-VESSEL-COL
LT-32510,EC-INST-LT
FCV-32511,EC-VALVE-CTRL
TT-32512,EC-INST-TT
FT-32513,EC-INST-FT
PSV-32514,EC-VALVE-RELIEF
E-32515,EC-HEATEXCH-SHELL
K-32516,EC-COMPRESSOR-CENTR
P-32517,EC-PUMP-CENTR
LT-32518,EC-INST-LT
LT-32519,EC-INST-LT
XV-32520,EC-VALVE-ISO
P-32521,EC-PUMP-CENTR
V-32522,EC-VESSEL-SEP
TT-32523,EC-INST-TT
COL-32524,EC-VESSEL-COL
FCV-32525,EC-VALVE-CTRL
LT-32526,EC-INST-LT
PT-32527,EC-INST-PT
FT-32528,EC-INST-FT
LT-32529,EC-INST-LT
P-32530,EC-PUMP-CENTR
K-32531,EC-COMPRESSOR-CENTR
XV-32532,EC-VALVE-ISO
COL-32533,EC-VESSEL-COL
LT-32534,EC-INST-LT
FCV-32535,EC-VALVE-CTRL
PT-32536,EC-INST-PT
P-32537,EC-PUMP-RECIP
COL-32538,EC-VESSEL-COL
PT-32539,EC-INST-PT
FT-32540,EC-INST-FT
PT-32541,EC-INST-PT
P-32542,EC-PUMP-CENTR
E-32543,EC-HEATEXCH-SHELL
P-32544,EC-PUMP-RECIP
FT-32545,EC-INST-FT
E-32546,EC-HEATEXCH-SHELL
V-32547,EC-VESSEL-SEP
FCV-32548,EC-VALVE-CTRL
P-32549,EC-PUMP-RECIP
PSV-32550,EC-VALVE-RELIEF
XV-32551,EC-VALVE-ISO
PSV-32552,EC-VALVE-RELIEF
V-32553,EC-VESSEL-SEP
K-32554,EC-COMPRESSOR-CENTR
XV-32555,EC-VALVE-ISO
FCV-32556,EC-VALVE-CTRL
COL-32557,EC-VESSEL-COL
P-32558,EC-PUMP-CENTR
XV-32559,EC-VALVE-ISO
V-32560,EC-VESSEL-SEP
P-32561,EC-PUMP-CENTR
K-32562,EC-COMPRESSOR-CENTR
FT-32563,EC-INST-FT
LT-32564,EC-INST-LT
LT-32565,EC-INST-LT
FCV-32566,EC-VALVE-CTRL
P-32567,EC-PUMP-RECIP
LT-32568,EC-INST-LT
E-32569,EC-HEATEXCH-SHELL
FCV-32570,EC-VALVE-CTRL
FT-32571,EC-INST-FT
LT-32572,EC-INST-LT
PSV-32573,EC-VALVE-RELIEF
XV-32574,EC-VALVE-ISO
COL-32575,EC-VESSEL-COL
PSV-32576,EC-VALVE-RELIEF
P-32577,EC-PUMP-CENTR
PT-32578,EC-INST-PT
TT-32579,EC-INST-TT
TT-32580,EC-INST-TT
P-32581,EC-PUMP-CENTR
XV-32582,EC-VALVE-ISO
K-32583,EC-COMPRESSOR-CENTR
P-32584,EC-PUMP-CENTR
TT-32585,EC-INST-TT
FCV-32586,EC-VALVE-CTRL
PSV-32587,EC-VALVE-RELIEF
K-32588,EC-COMPRESSOR-CENTR
COL-32589,EC-VESSEL-COL
COL-32590,EC-VESSEL-COL
P-32591,EC-PUMP-CENTR
FT-32592,EC-INST-FT
TT-32593,EC-INST-TT
TT-32594,EC-INST-TT
COL-32595,EC-VESSEL-COL
COL-32596,EC-VESSEL-COL
XV-32597,EC-VALVE-ISO
LT-32598,EC-INST-LT
PT-32599,EC-INST-PT
FCV-32600,EC-VALVE-CTRL
V-32601,EC-VESSEL-SEP
PT-32602,EC-INST-PT
K-32603,EC-COMPRESSOR-CENTR
P-32604,EC-PUMP-CENTR
P-32605,EC-PUMP-CENTR
COL-32606,EC-VESSEL-COL
XV-32607,EC-VALVE-ISO
V-32608,EC-VESSEL-SEP
PT-32609,EC-INST-PT
LT-32610,EC-INST-LT
FT-32611,EC-INST-FT
FT-32612,EC-INST-FT
COL-32613,EC-VESSEL-COL
V-32614,EC-VESSEL-SEP
FT-32615,EC-INST-FT
K-32616,EC-COMPRESSOR-CENTR
PSV-32617,EC-VALVE-RELIEF
XV-32618,EC-VALVE-ISO
COL-32619,EC-VESSEL-COL
PT-32620,EC-INST-PT
LT-32621,EC-INST-LT
LT-32622,EC-INST-LT
E-32623,EC-HEATEXCH-SHELL
PSV-32624,EC-VALVE-RELIEF
LT-32625,EC-INST-LT
FCV-32626,EC-VALVE-CTRL
K-32627,EC-COMPRESSOR-CENTR
FCV-32628,EC-VALVE-CTRL
E-32629,EC-HEATEXCH-SHELL
E-32630,EC-HEATEXCH-SHELL
PT-32631,EC-INST-PT
PSV-32632,EC-VALVE-RELIEF
E-32633,EC-HEATEXCH-SHELL
P-32634,EC-PUMP-CENTR
FCV-32635,EC-VALVE-CTRL
PSV-32636,EC-VALVE-RELIEF
P-32637,EC-PUMP-CENTR
E-32638,EC-HEATEXCH-SHELL
PSV-32639,EC-VALVE-RELIEF
K-32640,EC-COMPRESSOR-CENTR
E-32641,EC-HEATEXCH-SHELL
E-32642,EC-HEATEXCH-SHELL
FT-32643,EC-INST-FT
K-32644,EC-COMPRESSOR-CENTR
V-32645,EC-VESSEL-SEP
PSV-32646,EC-VALVE-RELIEF
PSV-32647,EC-VALVE-RELIEF
PSV-32648,EC-VALVE-RELIEF
P-32649,EC-PUMP-RECIP
TT-32650,EC-INST-TT
P-32651,EC-PUMP-CENTR
P-32652,EC-PUMP-CENTR
PSV-32653,EC-VALVE-RELIEF
K-32654,EC-COMPRESSOR-CENTR
P-32655,EC-PUMP-RECIP
TT-32656,EC-INST-TT
FCV-32657,EC-VALVE-CTRL
PT-32658,EC-INST-PT
LT-32659,EC-INST-LT
TT-32660,EC-INST-TT
LT-32661,EC-INST-LT
P-32662,EC-PUMP-CENTR
FT-32663,EC-INST-FT
TT-32664,EC-INST-TT
COL-32665,EC-VESSEL-COL
K-32666,EC-COMPRESSOR-CENTR
K-32667,EC-COMPRESSOR-CENTR
K-32668,EC-COMPRESSOR-CENTR
K-32669,EC-COMPRESSOR-CENTR
XV-32670,EC-VALVE-ISO
FCV-32671,EC-VALVE-CTRL
PT-32672,EC-INST-PT
PSV-32673,EC-VALVE-RELIEF
P-32674,EC-PUMP-RECIP
PT-32675,EC-INST-PT
K-32676,EC-COMPRESSOR-CENTR
FCV-32677,EC-VALVE-CTRL
P-32678,EC-PUMP-CENTR
P-32679,EC-PUMP-RECIP
P-32680,EC-PUMP-RECIP
FT-32681,EC-INST-FT
PSV-32682,EC-VALVE-RELIEF
V-32683,EC-VESSEL-SEP
K-32684,EC-COMPRESSOR-CENTR
P-32685,EC-PUMP-CENTR
COL-32686,EC-VESSEL-COL
P-32687,EC-PUMP-CENTR
LT-32688,EC-INST-LT
E-32689,EC-HEATEXCH-SHELL
PSV-32690,EC-VALVE-RELIEF
P-32691,EC-PUMP-RECIP
P-32692,EC-PUMP-RECIP
E-32693,EC-HEATEXCH-SHELL
LT-32694,EC-INST-LT
FT-32695,EC-INST-FT
FT-32696,EC-INST-FT
P-32697,EC-PUMP-RECIP
FT-32698,EC-INST-FT
P-32699,EC-PUMP-CENTR
FCV-32700,EC-VALVE-CTRL
E-32701,EC-HEATEXCH-SHELL
PSV-32702,EC-VALVE-RELIEF
COL-32703,EC-VESSEL-COL
FT-32704,EC-INST-FT
XV-32705,EC-VALVE-ISO
COL-32706,EC-VESSEL-COL
TT-32707,EC-INST-TT
FCV-32708,EC-VALVE-CTRL
FT-32709,EC-INST-FT
FCV-32710,EC-VALVE-CTRL
P-32711,EC-PUMP-CENTR
XV-32712,EC-VALVE-ISO
P-32713,EC-PUMP-CENTR
E-32714,EC-HEATEXCH-SHELL
XV-32715,EC-VALVE-ISO
LT-32716,EC-INST-LT
FCV-32717,EC-VALVE-CTRL
FCV-32718,EC-VALVE-CTRL
K-32719,EC-COMPRESSOR-CENTR
PSV-32720,EC-VALVE-RELIEF
TT-32721,EC-INST-TT
V-32722,EC-VESSEL-SEP
PT-32723,EC-INST-PT
FT-32724,EC-INST-FT
FCV-32725,EC-VALVE-CTRL
LT-32726,EC-INST-LT
V-32727,EC-VESSEL-SEP
P-32728,EC-PUMP-RECIP
P-32729,EC-PUMP-CENTR
P-32730,EC-PUMP-CENTR
P-32731,EC-PUMP-RECIP
FT-32732,EC-INST-FT
P-32733,EC-PUMP-RECIP
PSV-32734,EC-VALVE-RELIEF
TT-32735,EC-INST-TT
PSV-32736,EC-VALVE-RELIEF
XV-32737,EC-VALVE-ISO
PT-32738,EC-INST-PT
PSV-32739,EC-VALVE-RELIEF
P-32740,EC-PUMP-RECIP
FCV-32741,EC-VALVE-CTRL
COL-32742,EC-VESSEL-COL
V-32743,EC-VESSEL-SEP
XV-32744,EC-VALVE-ISO
P-32745,EC-PUMP-RECIP
TT-32746,EC-INST-TT
FCV-32747,EC-VALVE-CTRL
K-32748,EC-COMPRESSOR-CENTR
K-32749,EC-COMPRESSOR-CENTR
LT-32750,EC-INST-LT
PT-32751,EC-INST-PT
PSV-32752,EC-VALVE-RELIEF
LT-32753,EC-INST-LT
E-32754,EC-HEATEXCH-SHELL
P-32755,EC-PUMP-RECIP
XV-32756,EC-VALVE-ISO
LT-32757,EC-INST-LT
LT-32758,EC-INST-LT
FT-32759,EC-INST-FT
LT-32760,EC-INST-LT
LT-32761,EC-INST-LT
LT-32762,EC-INST-LT
PT-32763,EC-INST-PT
LT-32764,EC-INST-LT
K-32765,EC-COMPRESSOR-CENTR
FCV-32766,EC-VALVE-CTRL
FT-32767,EC-INST-FT
PT-32768,EC-INST-PT
K-32769,EC-COMPRESSOR-CENTR
K-32770,EC-COMPRESSOR-CENTR
E-32771,EC-HEATEXCH-SHELL
FT-32772,EC-INST-FT
FT-32773,EC-INST-FT
E-32774,EC-HEATEXCH-SHELL
E-32775,EC-HEATEXCH-SHELL
P-32776,EC-PUMP-CENTR
FT-32777,EC-INST-FT
TT-32778,EC-INST-TT
V-32779,EC-VESSEL-SEP
TT-32780,EC-INST-TT
XV-32781,EC-VALVE-ISO
PT-32782,EC-INST-PT
K-32783,EC-COMPRESSOR-CENTR
PSV-32784,EC-VALVE-RELIEF
TT-32785,EC-INST-TT
V-32786,EC-VESSEL-SEP
PT-32787,EC-INST-PT
P-32788,EC-PUMP-RECIP
PT-32789,EC-INST-PT
E-32790,EC-HEATEXCH-SHELL
PT-32791,EC-INST-PT
TT-32792,EC-INST-TT
XV-32793,EC-VALVE-ISO
TT-32794,EC-INST-TT
K-32795,EC-COMPRESSOR-CENTR
P-32796,EC-PUMP-CENTR
K-32797,EC-COMPRESSOR-CENTR
P-32798,EC-PUMP-RECIP
V-32799,EC-VESSEL-SEP
TT-32800,EC-INST-TT
LT-32801,EC-INST-LT
LT-32802,EC-INST-LT
COL-32803,EC-VESSEL-COL
FT-32804,EC-INST-FT
V-32805,EC-VESSEL-SEP
LT-32806,EC-INST-LT
FCV-32807,EC-VALVE-CTRL
V-32808,EC-VESSEL-SEP
E-32809,EC-HEATEXCH-SHELL
TT-32810,EC-INST-TT
PSV-32811,EC-VALVE-RELIEF
COL-32812,EC-VESSEL-COL
LT-32813,EC-INST-LT
TT-32814,EC-INST-TT
XV-32815,EC-VALVE-ISO
PT-32816,EC-INST-PT
COL-32817,EC-VESSEL-COL
LT-32818,EC-INST-LT
TT-32819,EC-INST-TT
TT-32820,EC-INST-TT
V-32821,EC-VESSEL-SEP
PSV-32822,EC-VALVE-RELIEF
LT-32823,EC-INST-LT
XV-32824,EC-VALVE-ISO
PT-32825,EC-INST-PT
FT-32826,EC-INST-FT
PSV-32827,EC-VALVE-RELIEF
TT-32828,EC-INST-TT
XV-32829,EC-VALVE-ISO
V-32830,EC-VESSEL-SEP
XV-32831,EC-VALVE-ISO
V-32832,EC-VESSEL-SEP
P-32833,EC-PUMP-CENTR
E-32834,EC-HEATEXCH-SHELL
P-32835,EC-PUMP-RECIP
E-32836,EC-HEATEXCH-SHELL
TT-32837,EC-INST-TT
P-32838,EC-PUMP-RECIP
FCV-32839,EC-VALVE-CTRL
PSV-32840,EC-VALVE-RELIEF
FT-32841,EC-INST-FT
P-32842,EC-PUMP-CENTR
P-32843,EC-PUMP-RECIP
V-32844,EC-VESSEL-SEP
LT-32845,EC-INST-LT
COL-32846,EC-VESSEL-COL
PT-32847,EC-INST-PT
FT-32848,EC-INST-FT
COL-32849,EC-VESSEL-COL
PSV-32850,EC-VALVE-RELIEF
V-32851,EC-VESSEL-SEP
XV-32852,EC-VALVE-ISO
FCV-32853,EC-VALVE-CTRL
TT-32854,EC-INST-TT
P-32855,EC-PUMP-RECIP
XV-32856,EC-VALVE-ISO
P-32857,EC-PUMP-RECIP
FCV-32858,EC-VALVE-CTRL
P-32859,EC-PUMP-RECIP
TT-32860,EC-INST-TT
LT-32861,EC-INST-LT
E-32862,EC-HEATEXCH-SHELL
P-32863,EC-PUMP-RECIP
PSV-32864,EC-VALVE-RELIEF
COL-32865,EC-VESSEL-COL
PT-32866,EC-INST-PT
COL-32867,EC-VESSEL-COL
PT-32868,EC-INST-PT
P-32869,EC-PUMP-CENTR
V-32870,EC-VESSEL-SEP
COL-32871,EC-VESSEL-COL
PSV-32872,EC-VALVE-RELIEF
P-32873,EC-PUMP-RECIP
PSV-32874,EC-VALVE-RELIEF
P-32875,EC-PUMP-CENTR
TT-32876,EC-INST-TT
PT-32877,EC-INST-PT
P-32878,EC-PUMP-RECIP
P-32879,EC-PUMP-RECIP
PSV-32880,EC-VALVE-RELIEF
PT-32881,EC-INST-PT
P-32882,EC-PUMP-CENTR
XV-32883,EC-VALVE-ISO
FCV-32884,EC-VALVE-CTRL
TT-32885,EC-INST-TT
P-32886,EC-PUMP-CENTR
V-32887,EC-VESSEL-SEP
FCV-32888,EC-VALVE-CTRL
E-32889,EC-HEATEXCH-SHELL
V-32890,EC-VESSEL-SEP
LT-32891,EC-INST-LT
FT-32892,EC-INST-FT
PT-32893,EC-INST-PT
P-32894,EC-PUMP-CENTR
FCV-32895,EC-VALVE-CTRL
P-32896,EC-PUMP-RECIP
TT-32897,EC-INST-TT
XV-32898,EC-VALVE-ISO
FCV-32899,EC-VALVE-CTRL
V-32900,EC-VESSEL-SEP
K-32901,EC-COMPRESSOR-CENTR
TT-32902,EC-INST-TT
FT-32903,EC-INST-FT
XV-32904,EC-VALVE-ISO
LT-32905,EC-INST-LT
K-32906,EC-COMPRESSOR-CENTR
PT-32907,EC-INST-PT
K-32908,EC-COMPRESSOR-CENTR
P-32909,EC-PUMP-RECIP
COL-32910,EC-VESSEL-COL
E-32911,EC-HEATEXCH-SHELL
K-32912,EC-COMPRESSOR-CENTR
K-32913,EC-COMPRESSOR-CENTR
PT-32914,EC-INST-PT
COL-32915,EC-VESSEL-COL
PSV-32916,EC-VALVE-RELIEF
TT-32917,EC-INST-TT
PT-32918,EC-INST-PT
PSV-32919,EC-VALVE-RELIEF
P-32920,EC-PUMP-CENTR
PSV-32921,EC-VALVE-RELIEF
XV-32922,EC-VALVE-ISO
P-32923,EC-PUMP-CENTR
K-32924,EC-COMPRESSOR-CENTR
P-32925,EC-PUMP-RECIP
K-32926,EC-COMPRESSOR-CENTR
PT-32927,EC-INST-PT
TT-32928,EC-INST-TT
PSV-32929,EC-VALVE-RELIEF
FCV-32930,EC-VALVE-CTRL
LT-32931,EC-INST-LT
P-32932,EC-PUMP-CENTR
COL-32933,EC-VESSEL-COL
TT-32934,EC-INST-TT
FT-32935,EC-INST-FT
PT-32936,EC-INST-PT
XV-32937,EC-VALVE-ISO
V-32938,EC-VESSEL-SEP
LT-32939,EC-INST-LT
P-32940,EC-PUMP-RECIP
E-32941,EC-HEATEXCH-SHELL
XV-32942,EC-VALVE-ISO
XV-32943,EC-VALVE-ISO
PSV-32944,EC-VALVE-RELIEF
PT-32945,EC-INST-PT
PT-32946,EC-INST-PT
XV-32947,EC-VALVE-ISO
TT-32948,EC-INST-TT
FT-32949,EC-INST-FT
LT-32950,EC-INST-LT
P-32951,EC-PUMP-RECIP
V-32952,EC-VESSEL-SEP
PSV-32953,EC-VALVE-RELIEF
PT-32954,EC-INST-PT
TT-32955,EC-INST-TT
PSV-32956,EC-VALVE-RELIEF
FCV-32957,EC-VALVE-CTRL
COL-32958,EC-VESSEL-COL
COL-32959,EC-VESSEL-COL
P-32960,EC-PUMP-RECIP
V-32961,EC-VESSEL-SEP
PSV-32962,EC-VALVE-RELIEF
COL-32963,EC-VESSEL-COL
PSV-32964,EC-VALVE-RELIEF
PSV-32965,EC-VALVE-RELIEF
K-32966,EC-COMPRESSOR-CENTR
PT-32967,EC-INST-PT
PT-32968,EC-INST-PT
COL-32969,EC-VESSEL-COL
P-32970,EC-PUMP-RECIP
FCV-32971,EC-VALVE-CTRL
LT-32972,EC-INST-LT
PSV-32973,EC-VALVE-RELIEF
FCV-32974,EC-VALVE-CTRL
COL-32975,EC-VESSEL-COL
K-32976,EC-COMPRESSOR-CENTR
XV-32977,EC-VALVE-ISO
PSV-32978,EC-VALVE-RELIEF
PSV-32979,EC-VALVE-RELIEF
P-32980,EC-PUMP-RECIP
P-32981,EC-PUMP-CENTR
COL-32982,EC-VESSEL-COL
V-32983,EC-VESSEL-SEP
P-32984,EC-PUMP-CENTR
FT-32985,EC-INST-FT
K-32986,EC-COMPRESSOR-CENTR
TT-32987,EC-INST-TT
COL-32988,EC-VESSEL-COL
V-32989,EC-VESSEL-SEP
PSV-32990,EC-VALVE-RELIEF
LT-32991,EC-INST-LT
TT-32992,EC-INST-TT
TT-32993,EC-INST-TT
FT-32994,EC-INST-FT
PSV-32995,EC-VALVE-RELIEF
K-32996,EC-COMPRESSOR-CENTR
P-32997,EC-PUMP-CENTR
PSV-32998,EC-VALVE-RELIEF
XV-32999,EC-VALVE-ISO
V-33000,EC-VESSEL-SEP
XV-33001,EC-VALVE-ISO
PSV-33002,EC-VALVE-RELIEF
K-33003,EC-COMPRESSOR-CENTR
V-33004,EC-VESSEL-SEP
LT-33005,EC-INST-LT
XV-33006,EC-VALVE-ISO
FCV-33007,EC-VALVE-CTRL
FCV-33008,EC-VALVE-CTRL
V-33009,EC-VESSEL-SEP
TT-33010,EC-INST-TT
FT-33011,EC-INST-FT
V-33012,EC-VESSEL-SEP
FCV-33013,EC-VALVE-CTRL
XV-33014,EC-VALVE-ISO
XV-33015,EC-VALVE-ISO
TT-33016,EC-INST-TT
FCV-33017,EC-VALVE-CTRL
XV-33018,EC-VALVE-ISO
P-33019,EC-PUMP-RECIP
K-33020,EC-COMPRESSOR-CENTR
COL-33021,EC-VESSEL-COL
PT-33022,EC-INST-PT
TT-33023,EC-INST-TT
LT-33024,EC-INST-LT
PT-33025,EC-INST-PT
K-33026,EC-COMPRESSOR-CENTR
PSV-33027,EC-VALVE-RELIEF
P-33028,EC-PUMP-RECIP
COL-33029,EC-VESSEL-COL
COL-33030,EC-VESSEL-COL
LT-33031,EC-INST-LT
FCV-33032,EC-VALVE-CTRL
PSV-33033,EC-VALVE-RELIEF
E-33034,EC-HEATEXCH-SHELL
PSV-33035,EC-VALVE-RELIEF
E-33036,EC-HEATEXCH-SHELL
LT-33037,EC-INST-LT
COL-33038,EC-VESSEL-COL
TT-33039,EC-INST-TT
COL-33040,EC-VESSEL-COL
P-33041,EC-PUMP-RECIP
PT-33042,EC-INST-PT
P-33043,EC-PUMP-CENTR
E-33044,EC-HEATEXCH-SHELL
P-33045,EC-PUMP-RECIP
P-33046,EC-PUMP-CENTR
XV-33047,EC-VALVE-ISO
V-33048,EC-VESSEL-SEP
PT-33049,EC-INST-PT
PSV-33050,EC-VALVE-RELIEF
P-33051,EC-PUMP-RECIP
K-33052,EC-COMPRESSOR-CENTR
P-33053,EC-PUMP-CENTR
P-33054,EC-PUMP-RECIP
FT-33055,EC-INST-FT
XV-33056,EC-VALVE-ISO
E-33057,EC-HEATEXCH-SHELL
TT-33058,EC-INST-TT
FT-33059,EC-INST-FT
FCV-33060,EC-VALVE-CTRL
XV-33061,EC-VALVE-ISO
P-33062,EC-PUMP-CENTR
K-33063,EC-COMPRESSOR-CENTR
COL-33064,EC-VESSEL-COL
FCV-33065,EC-VALVE-CTRL
LT-33066,EC-INST-LT
PSV-33067,EC-VALVE-RELIEF
LT-33068,EC-INST-LT
TT-33069,EC-INST-TT
V-33070,EC-VESSEL-SEP
XV-33071,EC-VALVE-ISO
P-33072,EC-PUMP-RECIP
P-33073,EC-PUMP-RECIP
COL-33074,EC-VESSEL-COL
XV-33075,EC-VALVE-ISO
FT-33076,EC-INST-FT
FCV-33077,EC-VALVE-CTRL
V-33078,EC-VESSEL-SEP
E-33079,EC-HEATEXCH-SHELL
PSV-33080,EC-VALVE-RELIEF
FCV-33081,EC-VALVE-CTRL
XV-33082,EC-VALVE-ISO
PSV-33083,EC-VALVE-RELIEF
PT-33084,EC-INST-PT
LT-33085,EC-INST-LT
LT-33086,EC-INST-LT
FT-33087,EC-INST-FT
LT-33088,EC-INST-LT
LT-33089,EC-INST-LT
V-33090,EC-VESSEL-SEP
P-33091,EC-PUMP-CENTR
LT-33092,EC-INST-LT
COL-33093,EC-VESSEL-COL
PT-33094,EC-INST-PT
PT-33095,EC-INST-PT
TT-33096,EC-INST-TT
COL-33097,EC-VESSEL-COL
PT-33098,EC-INST-PT
TT-33099,EC-INST-TT
P-33100,EC-PUMP-CENTR
PT-33101,EC-INST-PT
K-33102,EC-COMPRESSOR-CENTR
PSV-33103,EC-VALVE-RELIEF
TT-33104,EC-INST-TT
XV-33105,EC-VALVE-ISO
K-33106,EC-COMPRESSOR-CENTR
XV-33107,EC-VALVE-ISO
P-33108,EC-PUMP-CENTR
PSV-33109,EC-VALVE-RELIEF
LT-33110,EC-INST-LT
V-33111,EC-VESSEL-SEP
E-33112,EC-HEATEXCH-SHELL
K-33113,EC-COMPRESSOR-CENTR
LT-33114,EC-INST-LT
XV-33115,EC-VALVE-ISO
COL-33116,EC-VESSEL-COL
K-33117,EC-COMPRESSOR-CENTR
E-33118,EC-HEATEXCH-SHELL
FCV-33119,EC-VALVE-CTRL
XV-33120,EC-VALVE-ISO
FT-33121,EC-INST-FT
XV-33122,EC-VALVE-ISO
P-33123,EC-PUMP-RECIP
TT-33124,EC-INST-TT
PSV-33125,EC-VALVE-RELIEF
P-33126,EC-PUMP-RECIP
FT-33127,EC-INST-FT
TT-33128,EC-INST-TT
E-33129,EC-HEATEXCH-SHELL
COL-33130,EC-VESSEL-COL
XV-33131,EC-VALVE-ISO
FCV-33132,EC-VALVE-CTRL
PSV-33133,EC-VALVE-RELIEF
E-33134,EC-HEATEXCH-SHELL
FT-33135,EC-INST-FT
E-33136,EC-HEATEXCH-SHELL
XV-33137,EC-VALVE-ISO
PSV-33138,EC-VALVE-RELIEF
XV-33139,EC-VALVE-ISO
TT-33140,EC-INST-TT
E-33141,EC-HEATEXCH-SHELL
E-33142,EC-HEATEXCH-SHELL
COL-33143,EC-VESSEL-COL
FT-33144,EC-INST-FT
TT-33145,EC-INST-TT
P-33146,EC-PUMP-RECIP
TT-33147,EC-INST-TT
COL-33148,EC-VESSEL-COL
TT-33149,EC-INST-TT
LT-33150,EC-INST-LT
LT-33151,EC-INST-LT
E-33152,EC-HEATEXCH-SHELL
LT-33153,EC-INST-LT
FT-33154,EC-INST-FT
FCV-33155,EC-VALVE-CTRL
TT-33156,EC-INST-TT
TT-33157,EC-INST-TT
FT-33158,EC-INST-FT
V-33159,EC-VESSEL-SEP
XV-33160,EC-VALVE-ISO
LT-33161,EC-INST-LT
PSV-33162,EC-VALVE-RELIEF
P-33163,EC-PUMP-CENTR
E-33164,EC-HEATEXCH-SHELL
P-33165,EC-PUMP-RECIP
PT-33166,EC-INST-PT
PSV-33167,EC-VALVE-RELIEF
E-33168,EC-HEATEXCH-SHELL
V-33169,EC-VESSEL-SEP
PSV-33170,EC-VALVE-RELIEF
V-33171,EC-VESSEL-SEP
PT-33172,EC-INST-PT
E-33173,EC-HEATEXCH-SHELL
COL-33174,EC-VESSEL-COL
V-33175,EC-VESSEL-SEP
TT-33176,EC-INST-TT
LT-33177,EC-INST-LT
TT-33178,EC-INST-TT
FT-33179,EC-INST-FT
P-33180,EC-PUMP-RECIP
COL-33181,EC-VESSEL-COL
LT-33182,EC-INST-LT
PSV-33183,EC-VALVE-RELIEF
FCV-33184,EC-VALVE-CTRL
COL-33185,EC-VESSEL-COL
P-33186,EC-PUMP-RECIP
COL-33187,EC-VESSEL-COL
P-33188,EC-PUMP-RECIP
PT-33189,EC-INST-PT
LT-33190,EC-INST-LT
P-33191,EC-PUMP-CENTR
FT-33192,EC-INST-FT
P-33193,EC-PUMP-CENTR
E-33194,EC-HEATEXCH-SHELL
FT-33195,EC-INST-FT
PT-33196,EC-INST-PT
P-33197,EC-PUMP-RECIP
V-33198,EC-VESSEL-SEP
FT-33199,EC-INST-FT
FT-33200,EC-INST-FT
E-33201,EC-HEATEXCH-SHELL
P-33202,EC-PUMP-CENTR
P-33203,EC-PUMP-RECIP
E-33204,EC-HEATEXCH-SHELL
COL-33205,EC-VESSEL-COL
TT-33206,EC-INST-TT
PSV-33207,EC-VALVE-RELIEF
P-33208,EC-PUMP-CENTR
PT-33209,EC-INST-PT
LT-33210,EC-INST-LT
COL-33211,EC-VESSEL-COL
P-33212,EC-PUMP-CENTR
COL-33213,EC-VESSEL-COL
FCV-33214,EC-VALVE-CTRL
FCV-33215,EC-VALVE-CTRL
FT-33216,EC-INST-FT
COL-33217,EC-VESSEL-COL
FCV-33218,EC-VALVE-CTRL
P-33219,EC-PUMP-RECIP
K-33220,EC-COMPRESSOR-CENTR
P-33221,EC-PUMP-CENTR
V-33222,EC-VESSEL-SEP
FCV-33223,EC-VALVE-CTRL
E-33224,EC-HEATEXCH-SHELL
V-33225,EC-VESSEL-SEP
COL-33226,EC-VESSEL-COL
P-33227,EC-PUMP-RECIP
K-33228,EC-COMPRESSOR-CENTR
PT-33229,EC-INST-PT
LT-33230,EC-INST-LT
P-33231,EC-PUMP-RECIP
P-33232,EC-PUMP-CENTR
TT-33233,EC-INST-TT
E-33234,EC-HEATEXCH-SHELL
FCV-33235,EC-VALVE-CTRL
PT-33236,EC-INST-PT
FT-33237,EC-INST-FT
K-33238,EC-COMPRESSOR-CENTR
XV-33239,EC-VALVE-ISO
PSV-33240,EC-VALVE-RELIEF
P-33241,EC-PUMP-RECIP
PT-33242,EC-INST-PT
PSV-33243,EC-VALVE-RELIEF
V-33244,EC-VESSEL-SEP
V-33245,EC-VESSEL-SEP
TT-33246,EC-INST-TT
PT-33247,EC-INST-PT
XV-33248,EC-VALVE-ISO
TT-33249,EC-INST-TT
E-33250,EC-HEATEXCH-SHELL
P-33251,EC-PUMP-CENTR
K-33252,EC-COMPRESSOR-CENTR
XV-33253,EC-VALVE-ISO
E-33254,EC-HEATEXCH-SHELL
E-33255,EC-HEATEXCH-SHELL
COL-33256,EC-VESSEL-COL
PT-33257,EC-INST-PT
V-33258,EC-VESSEL-SEP
P-33259,EC-PUMP-RECIP
XV-33260,EC-VALVE-ISO
E-33261,EC-HEATEXCH-SHELL
PSV-33262,EC-VALVE-RELIEF
COL-33263,EC-VESSEL-COL
PT-33264,EC-INST-PT
V-33265,EC-VESSEL-SEP
K-33266,EC-COMPRESSOR-CENTR
PT-33267,EC-INST-PT
V-33268,EC-VESSEL-SEP
K-33269,EC-COMPRESSOR-CENTR
PT-33270,EC-INST-PT
TT-33271,EC-INST-TT
V-33272,EC-VESSEL-SEP
PT-33273,EC-INST-PT
P-33274,EC-PUMP-CENTR
K-33275,EC-COMPRESSOR-CENTR
COL-33276,EC-VESSEL-COL
FCV-33277,EC-VALVE-CTRL
V-33278,EC-VESSEL-SEP
PSV-33279,EC-VALVE-RELIEF
XV-33280,EC-VALVE-ISO
XV-33281,EC-VALVE-ISO
LT-33282,EC-INST-LT
XV-33283,EC-VALVE-ISO
COL-33284,EC-VESSEL-COL
XV-33285,EC-VALVE-ISO
FT-33286,EC-INST-FT
FT-33287,EC-INST-FT
PSV-33288,EC-VALVE-RELIEF
LT-33289,EC-INST-LT
V-33290,EC-VESSEL-SEP
XV-33291,EC-VALVE-ISO
TT-33292,EC-INST-TT
PT-33293,EC-INST-PT
K-33294,EC-COMPRESSOR-CENTR
P-33295,EC-PUMP-CENTR
XV-33296,EC-VALVE-ISO
P-33297,EC-PUMP-RECIP
XV-33298,EC-VALVE-ISO
E-33299,EC-HEATEXCH-SHELL
P-33300,EC-PUMP-CENTR
COL-33301,EC-VESSEL-COL
XV-33302,EC-VALVE-ISO
V-33303,EC-VESSEL-SEP
PSV-33304,EC-VALVE-RELIEF
PSV-33305,EC-VALVE-RELIEF
E-33306,EC-HEATEXCH-SHELL
PSV-33307,EC-VALVE-RELIEF
PT-33308,EC-INST-PT
TT-33309,EC-INST-TT
FCV-33310,EC-VALVE-CTRL
FT-33311,EC-INST-FT
COL-33312,EC-VESSEL-COL
FCV-33313,EC-VALVE-CTRL
K-33314,EC-COMPRESSOR-CENTR
K-33315,EC-COMPRESSOR-CENTR
P-33316,EC-PUMP-CENTR
FCV-33317,EC-VALVE-CTRL
V-33318,EC-VESSEL-SEP
FCV-33319,EC-VALVE-CTRL
TT-33320,EC-INST-TT
LT-33321,EC-INST-LT
V-33322,EC-VESSEL-SEP
FCV-33323,EC-VALVE-CTRL
V-33324,EC-VESSEL-SEP
XV-33325,EC-VALVE-ISO
V-33326,EC-VESSEL-SEP
P-33327,EC-PUMP-CENTR
V-33328,EC-VESSEL-SEP
FT-33329,EC-INST-FT
TT-33330,EC-INST-TT
TT-33331,EC-INST-TT
PSV-33332,EC-VALVE-RELIEF
PSV-33333,EC-VALVE-RELIEF
LT-33334,EC-INST-LT
P-33335,EC-PUMP-CENTR
FCV-33336,EC-VALVE-CTRL
PT-33337,EC-INST-PT
FCV-33338,EC-VALVE-CTRL
PT-33339,EC-INST-PT
P-33340,EC-PUMP-CENTR
E-33341,EC-HEATEXCH-SHELL
V-33342,EC-VESSEL-SEP
PSV-33343,EC-VALVE-RELIEF
P-33344,EC-PUMP-RECIP
E-33345,EC-HEATEXCH-SHELL
LT-33346,EC-INST-LT
PT-33347,EC-INST-PT
E-33348,EC-HEATEXCH-SHELL
E-33349,EC-HEATEXCH-SHELL
E-33350,EC-HEATEXCH-SHELL
PSV-33351,EC-VALVE-RELIEF
FT-33352,EC-INST-FT
K-33353,EC-COMPRESSOR-CENTR
PSV-33354,EC-VALVE-RELIEF
FCV-33355,EC-VALVE-CTRL
XV-33356,EC-VALVE-ISO
K-33357,EC-COMPRESSOR-CENTR
LT-33358,EC-INST-LT
V-33359,EC-VESSEL-SEP
K-33360,EC-COMPRESSOR-CENTR
E-33361,EC-HEATEXCH-SHELL
P-33362,EC-PUMP-RECIP
P-33363,EC-PUMP-CENTR
P-33364,EC-PUMP-CENTR
P-33365,EC-PUMP-RECIP
LT-33366,EC-INST-LT
FCV-33367,EC-VALVE-CTRL
TT-33368,EC-INST-TT
P-33369,EC-PUMP-CENTR
COL-33370,EC-VESSEL-COL
LT-33371,EC-INST-LT
K-33372,EC-COMPRESSOR-CENTR
LT-33373,EC-INST-LT
XV-33374,EC-VALVE-ISO
K-33375,EC-COMPRESSOR-CENTR
FCV-33376,EC-VALVE-CTRL
TT-33377,EC-INST-TT
LT-33378,EC-INST-LT
XV-33379,EC-VALVE-ISO
V-33380,EC-VESSEL-SEP
E-33381,EC-HEATEXCH-SHELL
P-33382,EC-PUMP-CENTR
XV-33383,EC-VALVE-ISO
COL-33384,EC-VESSEL-COL
FT-33385,EC-INST-FT
FCV-33386,EC-VALVE-CTRL
PT-33387,EC-INST-PT
XV-33388,EC-VALVE-ISO
FCV-33389,EC-VALVE-CTRL
PT-33390,EC-INST-PT
P-33391,EC-PUMP-CENTR
K-33392,EC-COMPRESSOR-CENTR
P-33393,EC-PUMP-RECIP
P-33394,EC-PUMP-RECIP
P-33395,EC-PUMP-CENTR
P-33396,EC-PUMP-RECIP
FT-33397,EC-INST-FT
V-33398,EC-VESSEL-SEP
K-33399,EC-COMPRESSOR-CENTR
XV-33400,EC-VALVE-ISO
K-33401,EC-COMPRESSOR-CENTR
PSV-33402,EC-VALVE-RELIEF
E-33403,EC-HEATEXCH-SHELL
XV-33404,EC-VALVE-ISO
PSV-33405,EC-VALVE-RELIEF
P-33406,EC-PUMP-CENTR
K-33407,EC-COMPRESSOR-CENTR
E-33408,EC-HEATEXCH-SHELL
P-33409,EC-PUMP-CENTR
E-33410,EC-HEATEXCH-SHELL
V-33411,EC-VESSEL-SEP
PSV-33412,EC-VALVE-RELIEF
K-33413,EC-COMPRESSOR-CENTR
PT-33414,EC-INST-PT
LT-33415,EC-INST-LT
E-33416,EC-HEATEXCH-SHELL
LT-33417,EC-INST-LT
FCV-33418,EC-VALVE-CTRL
COL-33419,EC-VESSEL-COL
K-33420,EC-COMPRESSOR-CENTR
PT-33421,EC-INST-PT
P-33422,EC-PUMP-RECIP
TT-33423,EC-INST-TT
COL-33424,EC-VESSEL-COL
TT-33425,EC-INST-TT
PSV-33426,EC-VALVE-RELIEF
E-33427,EC-HEATEXCH-SHELL
E-33428,EC-HEATEXCH-SHELL
P-33429,EC-PUMP-RECIP
V-33430,EC-VESSEL-SEP
E-33431,EC-HEATEXCH-SHELL
P-33432,EC-PUMP-RECIP
FT-33433,EC-INST-FT
P-33434,EC-PUMP-RECIP
FCV-33435,EC-VALVE-CTRL
PT-33436,EC-INST-PT
P-33437,EC-PUMP-CENTR
V-33438,EC-VESSEL-SEP
COL-33439,EC-VESSEL-COL
PSV-33440,EC-VALVE-RELIEF
E-33441,EC-HEATEXCH-SHELL
E-33442,EC-HEATEXCH-SHELL
FCV-33443,EC-VALVE-CTRL
LT-33444,EC-INST-LT
FCV-33445,EC-VALVE-CTRL
PSV-33446,EC-VALVE-RELIEF
FCV-33447,EC-VALVE-CTRL
LT-33448,EC-INST-LT
E-33449,EC-HEATEXCH-SHELL
XV-33450,EC-VALVE-ISO
TT-33451,EC-INST-TT
P-33452,EC-PUMP-CENTR
K-33453,EC-COMPRESSOR-CENTR
PSV-33454,EC-VALVE-RELIEF
LT-33455,EC-INST-LT
P-33456,EC-PUMP-CENTR
E-33457,EC-HEATEXCH-SHELL
P-33458,EC-PUMP-RECIP
FCV-33459,EC-VALVE-CTRL
K-33460,EC-COMPRESSOR-CENTR
V-33461,EC-VESSEL-SEP
P-33462,EC-PUMP-CENTR
P-33463,EC-PUMP-CENTR
P-33464,EC-PUMP-CENTR
V-33465,EC-VESSEL-SEP
P-33466,EC-PUMP-CENTR
K-33467,EC-COMPRESSOR-CENTR
P-33468,EC-PUMP-CENTR
FCV-33469,EC-VALVE-CTRL
FT-33470,EC-INST-FT
XV-33471,EC-VALVE-ISO
LT-33472,EC-INST-LT
COL-33473,EC-VESSEL-COL
FT-33474,EC-INST-FT
FT-33475,EC-INST-FT
LT-33476,EC-INST-LT
TT-33477,EC-INST-TT
E-33478,EC-HEATEXCH-SHELL
P-33479,EC-PUMP-RECIP
P-33480,EC-PUMP-CENTR
K-33481,EC-COMPRESSOR-CENTR
FT-33482,EC-INST-FT
FT-33483,EC-INST-FT
V-33484,EC-VESSEL-SEP
PSV-33485,EC-VALVE-RELIEF
PT-33486,EC-INST-PT
E-33487,EC-HEATEXCH-SHELL
K-33488,EC-COMPRESSOR-CENTR
P-33489,EC-PUMP-RECIP
K-33490,EC-COMPRESSOR-CENTR
FCV-33491,EC-VALVE-CTRL
K-33492,EC-COMPRESSOR-CENTR
PT-33493,EC-INST-PT
FCV-33494,EC-VALVE-CTRL
XV-33495,EC-VALVE-ISO
P-33496,EC-PUMP-CENTR
COL-33497,EC-VESSEL-COL
PT-33498,EC-INST-PT
TT-33499,EC-INST-TT
PSV-33500,EC-VALVE-RELIEF
PSV-33501,EC-VALVE-RELIEF
P-33502,EC-PUMP-RECIP
PT-33503,EC-INST-PT
P-33504,EC-PUMP-CENTR
PSV-33505,EC-VALVE-RELIEF
V-33506,EC-VESSEL-SEP
P-33507,EC-PUMP-CENTR
FT-33508,EC-INST-FT
E-33509,EC-HEATEXCH-SHELL
P-33510,EC-PUMP-RECIP
V-33511,EC-VESSEL-SEP
P-33512,EC-PUMP-CENTR
XV-33513,EC-VALVE-ISO
K-33514,EC-COMPRESSOR-CENTR
TT-33515,EC-INST-TT
V-33516,EC-VESSEL-SEP
LT-33517,EC-INST-LT
V-33518,EC-VESSEL-SEP
TT-33519,EC-INST-TT
P-33520,EC-PUMP-CENTR
COL-33521,EC-VESSEL-COL
TT-33522,EC-INST-TT
V-33523,EC-VESSEL-SEP
COL-33524,EC-VESSEL-COL
XV-33525,EC-VALVE-ISO
V-33526,EC-VESSEL-SEP
E-33527,EC-HEATEXCH-SHELL
LT-33528,EC-INST-LT
LT-33529,EC-INST-LT
XV-33530,EC-VALVE-ISO
V-33531,EC-VESSEL-SEP
COL-33532,EC-VESSEL-COL
FT-33533,EC-INST-FT
FT-33534,EC-INST-FT
COL-33535,EC-VESSEL-COL
COL-33536,EC-VESSEL-COL
PT-33537,EC-INST-PT
TT-33538,EC-INST-TT
K-33539,EC-COMPRESSOR-CENTR
COL-33540,EC-VESSEL-COL
XV-33541,EC-VALVE-ISO
K-33542,EC-COMPRESSOR-CENTR
P-33543,EC-PUMP-CENTR
K-33544,EC-COMPRESSOR-CENTR
P-33545,EC-PUMP-CENTR
COL-33546,EC-VESSEL-COL
E-33547,EC-HEATEXCH-SHELL
LT-33548,EC-INST-LT
E-33549,EC-HEATEXCH-SHELL
PT-33550,EC-INST-PT
COL-33551,EC-VESSEL-COL
PT-33552,EC-INST-PT
FT-33553,EC-INST-FT
LT-33554,EC-INST-LT
V-33555,EC-VESSEL-SEP
PSV-33556,EC-VALVE-RELIEF
LT-33557,EC-INST-LT
PT-33558,EC-INST-PT
COL-33559,EC-VESSEL-COL
FCV-33560,EC-VALVE-CTRL
P-33561,EC-PUMP-CENTR
COL-33562,EC-VESSEL-COL
P-33563,EC-PUMP-CENTR
E-33564,EC-HEATEXCH-SHELL
FT-33565,EC-INST-FT
K-33566,EC-COMPRESSOR-CENTR
V-33567,EC-VESSEL-SEP
V-33568,EC-VESSEL-SEP
LT-33569,EC-INST-LT
TT-33570,EC-INST-TT
PSV-33571,EC-VALVE-RELIEF
P-33572,EC-PUMP-RECIP
V-33573,EC-VESSEL-SEP
XV-33574,EC-VALVE-ISO
FCV-33575,EC-VALVE-CTRL
COL-33576,EC-VESSEL-COL
XV-33577,EC-VALVE-ISO
PSV-33578,EC-VALVE-RELIEF
PT-33579,EC-INST-PT
XV-33580,EC-VALVE-ISO
FT-33581,EC-INST-FT
PT-33582,EC-INST-PT
PSV-33583,EC-VALVE-RELIEF
P-33584,EC-PUMP-CENTR
COL-33585,EC-VESSEL-COL
V-33586,EC-VESSEL-SEP
P-33587,EC-PUMP-RECIP
PT-33588,EC-INST-PT
XV-33589,EC-VALVE-ISO
PT-33590,EC-INST-PT
FT-33591,EC-INST-FT
FCV-33592,EC-VALVE-CTRL
PT-33593,EC-INST-PT
V-33594,EC-VESSEL-SEP
E-33595,EC-HEATEXCH-SHELL
P-33596,EC-PUMP-RECIP
V-33597,EC-VESSEL-SEP
E-33598,EC-HEATEXCH-SHELL
E-33599,EC-HEATEXCH-SHELL
P-33600,EC-PUMP-CENTR
XV-33601,EC-VALVE-ISO
COL-33602,EC-VESSEL-COL
LT-33603,EC-INST-LT
FT-33604,EC-INST-FT
TT-33605,EC-INST-TT
COL-33606,EC-VESSEL-COL
COL-33607,EC-VESSEL-COL
LT-33608,EC-INST-LT
PT-33609,EC-INST-PT
XV-33610,EC-VALVE-ISO
PSV-33611,EC-VALVE-RELIEF
FT-33612,EC-INST-FT
K-33613,EC-COMPRESSOR-CENTR
COL-33614,EC-VESSEL-COL
P-33615,EC-PUMP-RECIP
TT-33616,EC-INST-TT
P-33617,EC-PUMP-RECIP
TT-33618,EC-INST-TT
K-33619,EC-COMPRESSOR-CENTR
V-33620,EC-VESSEL-SEP
COL-33621,EC-VESSEL-COL
K-33622,EC-COMPRESSOR-CENTR
FCV-33623,EC-VALVE-CTRL
V-33624,EC-VESSEL-SEP
PSV-33625,EC-VALVE-RELIEF
PT-33626,EC-INST-PT
FT-33627,EC-INST-FT
LT-33628,EC-INST-LT
P-33629,EC-PUMP-RECIP
V-33630,EC-VESSEL-SEP
E-33631,EC-HEATEXCH-SHELL
E-33632,EC-HEATEXCH-SHELL
P-33633,EC-PUMP-CENTR
COL-33634,EC-VESSEL-COL
P-33635,EC-PUMP-RECIP
P-33636,EC-PUMP-CENTR
PSV-33637,EC-VALVE-RELIEF
P-33638,EC-PUMP-CENTR
PT-33639,EC-INST-PT
E-33640,EC-HEATEXCH-SHELL
COL-33641,EC-VESSEL-COL
COL-33642,EC-VESSEL-COL
P-33643,EC-PUMP-RECIP
V-33644,EC-VESSEL-SEP
PT-33645,EC-INST-PT
PSV-33646,EC-VALVE-RELIEF
LT-33647,EC-INST-LT
E-33648,EC-HEATEXCH-SHELL
XV-33649,EC-VALVE-ISO
K-33650,EC-COMPRESSOR-CENTR
PSV-33651,EC-VALVE-RELIEF
P-33652,EC-PUMP-RECIP
V-33653,EC-VESSEL-SEP
P-33654,EC-PUMP-CENTR
COL-33655,EC-VESSEL-COL
PSV-33656,EC-VALVE-RELIEF
K-33657,EC-COMPRESSOR-CENTR
E-33658,EC-HEATEXCH-SHELL
P-33659,EC-PUMP-CENTR
E-33660,EC-HEATEXCH-SHELL
K-33661,EC-COMPRESSOR-CENTR
XV-33662,EC-VALVE-ISO
TT-33663,EC-INST-TT
FT-33664,EC-INST-FT
FT-33665,EC-INST-FT
XV-33666,EC-VALVE-ISO
FCV-33667,EC-VALVE-CTRL
XV-33668,EC-VALVE-ISO
TT-33669,EC-INST-TT
TT-33670,EC-INST-TT
P-33671,EC-PUMP-CENTR
XV-33672,EC-VALVE-ISO
PSV-33673,EC-VALVE-RELIEF
FCV-33674,EC-VALVE-CTRL
P-33675,EC-PUMP-RECIP
PSV-33676,EC-VALVE-RELIEF
PT-33677,EC-INST-PT
P-33678,EC-PUMP-CENTR
P-33679,EC-PUMP-CENTR
COL-33680,EC-VESSEL-COL
V-33681,EC-VESSEL-SEP
V-33682,EC-VESSEL-SEP
COL-33683,EC-VESSEL-COL
P-33684,EC-PUMP-CENTR
FCV-33685,EC-VALVE-CTRL
LT-33686,EC-INST-LT
XV-33687,EC-VALVE-ISO
XV-33688,EC-VALVE-ISO
TT-33689,EC-INST-TT
FT-33690,EC-INST-FT
FCV-33691,EC-VALVE-CTRL
LT-33692,EC-INST-LT
XV-33693,EC-VALVE-ISO
TT-33694,EC-INST-TT
P-33695,EC-PUMP-RECIP
PT-33696,EC-INST-PT
K-33697,EC-COMPRESSOR-CENTR
TT-33698,EC-INST-TT
P-33699,EC-PUMP-RECIP
LT-33700,EC-INST-LT
FCV-33701,EC-VALVE-CTRL
COL-33702,EC-VESSEL-COL
K-33703,EC-COMPRESSOR-CENTR
FCV-33704,EC-VALVE-CTRL
LT-33705,EC-INST-LT
P-33706,EC-PUMP-CENTR
PT-33707,EC-INST-PT
PSV-33708,EC-VALVE-RELIEF
PT-33709,EC-INST-PT
COL-33710,EC-VESSEL-COL
XV-33711,EC-VALVE-ISO
K-33712,EC-COMPRESSOR-CENTR
PT-33713,EC-INST-PT
V-33714,EC-VESSEL-SEP
PT-33715,EC-INST-PT
E-33716,EC-HEATEXCH-SHELL
COL-33717,EC-VESSEL-COL
COL-33718,EC-VESSEL-COL
PSV-33719,EC-VALVE-RELIEF
FT-33720,EC-INST-FT
V-33721,EC-VESSEL-SEP
E-33722,EC-HEATEXCH-SHELL
FT-33723,EC-INST-FT
PSV-33724,EC-VALVE-RELIEF
TT-33725,EC-INST-TT
V-33726,EC-VESSEL-SEP
XV-33727,EC-VALVE-ISO
V-33728,EC-VESSEL-SEP
COL-33729,EC-VESSEL-COL
P-33730,EC-PUMP-RECIP
FCV-33731,EC-VALVE-CTRL
V-33732,EC-VESSEL-SEP
K-33733,EC-COMPRESSOR-CENTR
P-33734,EC-PUMP-RECIP
FCV-33735,EC-VALVE-CTRL
P-33736,EC-PUMP-CENTR
COL-33737,EC-VESSEL-COL
FT-33738,EC-INST-FT
LT-33739,EC-INST-LT
FT-33740,EC-INST-FT
E-33741,EC-HEATEXCH-SHELL
K-33742,EC-COMPRESSOR-CENTR
FCV-33743,EC-VALVE-CTRL
TT-33744,EC-INST-TT
FCV-33745,EC-VALVE-CTRL
K-33746,EC-COMPRESSOR-CENTR
V-33747,EC-VESSEL-SEP
FT-33748,EC-INST-FT
FT-33749,EC-INST-FT
K-33750,EC-COMPRESSOR-CENTR
PT-33751,EC-INST-PT
COL-33752,EC-VESSEL-COL
V-33753,EC-VESSEL-SEP
P-33754,EC-PUMP-CENTR
PSV-33755,EC-VALVE-RELIEF
P-33756,EC-PUMP-CENTR
P-33757,EC-PUMP-CENTR
FCV-33758,EC-VALVE-CTRL
PSV-33759,EC-VALVE-RELIEF
P-33760,EC-PUMP-CENTR
FCV-33761,EC-VALVE-CTRL
XV-33762,EC-VALVE-ISO
K-33763,EC-COMPRESSOR-CENTR
P-33764,EC-PUMP-CENTR
FT-33765,EC-INST-FT
PSV-33766,EC-VALVE-RELIEF
XV-33767,EC-VALVE-ISO
E-33768,EC-HEATEXCH-SHELL
PSV-33769,EC-VALVE-RELIEF
LT-33770,EC-INST-LT
FT-33771,EC-INST-FT
TT-33772,EC-INST-TT
COL-33773,EC-VESSEL-COL
E-33774,EC-HEATEXCH-SHELL
PT-33775,EC-INST-PT
P-33776,EC-PUMP-CENTR
P-33777,EC-PUMP-CENTR
XV-33778,EC-VALVE-ISO
XV-33779,EC-VALVE-ISO
LT-33780,EC-INST-LT
TT-33781,EC-INST-TT
PT-33782,EC-INST-PT
FT-33783,EC-INST-FT
FCV-33784,EC-VALVE-CTRL
P-33785,EC-PUMP-CENTR
K-33786,EC-COMPRESSOR-CENTR
P-33787,EC-PUMP-RECIP
E-33788,EC-HEATEXCH-SHELL
PT-33789,EC-INST-PT
FCV-33790,EC-VALVE-CTRL
LT-33791,EC-INST-LT
PT-33792,EC-INST-PT
E-33793,EC-HEATEXCH-SHELL
XV-33794,EC-VALVE-ISO
COL-33795,EC-VESSEL-COL
E-33796,EC-HEATEXCH-SHELL
FT-33797,EC-INST-FT
PT-33798,EC-INST-PT
PT-33799,EC-INST-PT
K-33800,EC-COMPRESSOR-CENTR
P-33801,EC-PUMP-CENTR
V-33802,EC-VESSEL-SEP
TT-33803,EC-INST-TT
FCV-33804,EC-VALVE-CTRL
TT-33805,EC-INST-TT
XV-33806,EC-VALVE-ISO
V-33807,EC-VESSEL-SEP
FT-33808,EC-INST-FT
V-33809,EC-VESSEL-SEP
E-33810,EC-HEATEXCH-SHELL
P-33811,EC-PUMP-RECIP
FCV-33812,EC-VALVE-CTRL
XV-33813,EC-VALVE-ISO
COL-33814,EC-VESSEL-COL
COL-33815,EC-VESSEL-COL
P-33816,EC-PUMP-CENTR
XV-33817,EC-VALVE-ISO
V-33818,EC-VESSEL-SEP
V-33819,EC-VESSEL-SEP
FT-33820,EC-INST-FT
XV-33821,EC-VALVE-ISO
PSV-33822,EC-VALVE-RELIEF
TT-33823,EC-INST-TT
TT-33824,EC-INST-TT
FCV-33825,EC-VALVE-CTRL
COL-33826,EC-VESSEL-COL
XV-33827,EC-VALVE-ISO
XV-33828,EC-VALVE-ISO
E-33829,EC-HEATEXCH-SHELL
P-33830,EC-PUMP-RECIP
XV-33831,EC-VALVE-ISO
TT-33832,EC-INST-TT
XV-33833,EC-VALVE-ISO
TT-33834,EC-INST-TT
XV-33835,EC-VALVE-ISO
LT-33836,EC-INST-LT
P-33837,EC-PUMP-CENTR
P-33838,EC-PUMP-CENTR
V-33839,EC-VESSEL-SEP
FCV-33840,EC-VALVE-CTRL
P-33841,EC-PUMP-CENTR
LT-33842,EC-INST-LT
FCV-33843,EC-VALVE-CTRL
PT-33844,EC-INST-PT
COL-33845,EC-VESSEL-COL
PSV-33846,EC-VALVE-RELIEF
PSV-33847,EC-VALVE-RELIEF
E-33848,EC-HEATEXCH-SHELL
COL-33849,EC-VESSEL-COL
TT-33850,EC-INST-TT
E-33851,EC-HEATEXCH-SHELL
LT-33852,EC-INST-LT
P-33853,EC-PUMP-RECIP
P-33854,EC-PUMP-CENTR
P-33855,EC-PUMP-CENTR
PT-33856,EC-INST-PT
FT-33857,EC-INST-FT
COL-33858,EC-VESSEL-COL
FCV-33859,EC-VALVE-CTRL
P-33860,EC-PUMP-RECIP
COL-33861,EC-VESSEL-COL
TT-33862,EC-INST-TT
PSV-33863,EC-VALVE-RELIEF
P-33864,EC-PUMP-CENTR
FT-33865,EC-INST-FT
COL-33866,EC-VESSEL-COL
COL-33867,EC-VESSEL-COL
TT-33868,EC-INST-TT
P-33869,EC-PUMP-RECIP
E-33870,EC-HEATEXCH-SHELL
PT-33871,EC-INST-PT
TT-33872,EC-INST-TT
K-33873,EC-COMPRESSOR-CENTR
COL-33874,EC-VESSEL-COL
XV-33875,EC-VALVE-ISO
COL-33876,EC-VESSEL-COL
E-33877,EC-HEATEXCH-SHELL
XV-33878,EC-VALVE-ISO
PT-33879,EC-INST-PT
E-33880,EC-HEATEXCH-SHELL
TT-33881,EC-INST-TT
E-33882,EC-HEATEXCH-SHELL
E-33883,EC-HEATEXCH-SHELL
PT-33884,EC-INST-PT
XV-33885,EC-VALVE-ISO
COL-33886,EC-VESSEL-COL
FCV-33887,EC-VALVE-CTRL
LT-33888,EC-INST-LT
TT-33889,EC-INST-TT
PT-33890,EC-INST-PT
PT-33891,EC-INST-PT
E-33892,EC-HEATEXCH-SHELL
P-33893,EC-PUMP-CENTR
P-33894,EC-PUMP-CENTR
P-33895,EC-PUMP-CENTR
COL-33896,EC-VESSEL-COL
FCV-33897,EC-VALVE-CTRL
TT-33898,EC-INST-TT
PT-33899,EC-INST-PT
LT-33900,EC-INST-LT
TT-33901,EC-INST-TT
TT-33902,EC-INST-TT
E-33903,EC-HEATEXCH-SHELL
E-33904,EC-HEATEXCH-SHELL
XV-33905,EC-VALVE-ISO
PT-33906,EC-INST-PT
LT-33907,EC-INST-LT
LT-33908,EC-INST-LT
LT-33909,EC-INST-LT
LT-33910,EC-INST-LT
COL-33911,EC-VESSEL-COL
E-33912,EC-HEATEXCH-SHELL
PT-33913,EC-INST-PT
XV-33914,EC-VALVE-ISO
P-33915,EC-PUMP-RECIP
P-33916,EC-PUMP-CENTR
TT-33917,EC-INST-TT
TT-33918,EC-INST-TT
E-33919,EC-HEATEXCH-SHELL
V-33920,EC-VESSEL-SEP
COL-33921,EC-VESSEL-COL
PT-33922,EC-INST-PT
XV-33923,EC-VALVE-ISO
FCV-33924,EC-VALVE-CTRL
LT-33925,EC-INST-LT
FT-33926,EC-INST-FT
E-33927,EC-HEATEXCH-SHELL
P-33928,EC-PUMP-CENTR
P-33929,EC-PUMP-RECIP
PT-33930,EC-INST-PT
PT-33931,EC-INST-PT
TT-33932,EC-INST-TT
PSV-33933,EC-VALVE-RELIEF
V-33934,EC-VESSEL-SEP
COL-33935,EC-VESSEL-COL
FT-33936,EC-INST-FT
PT-33937,EC-INST-PT
COL-33938,EC-VESSEL-COL
P-33939,EC-PUMP-RECIP
E-33940,EC-HEATEXCH-SHELL
LT-33941,EC-INST-LT
V-33942,EC-VESSEL-SEP
V-33943,EC-VESSEL-SEP
E-33944,EC-HEATEXCH-SHELL
PSV-33945,EC-VALVE-RELIEF
FCV-33946,EC-VALVE-CTRL
TT-33947,EC-INST-TT
TT-33948,EC-INST-TT
K-33949,EC-COMPRESSOR-CENTR
PSV-33950,EC-VALVE-RELIEF
P-33951,EC-PUMP-CENTR
PSV-33952,EC-VALVE-RELIEF
FCV-33953,EC-VALVE-CTRL
V-33954,EC-VESSEL-SEP
V-33955,EC-VESSEL-SEP
PSV-33956,EC-VALVE-RELIEF
XV-33957,EC-VALVE-ISO
P-33958,EC-PUMP-RECIP
K-33959,EC-COMPRESSOR-CENTR
P-33960,EC-PUMP-RECIP
COL-33961,EC-VESSEL-COL
XV-33962,EC-VALVE-ISO
V-33963,EC-VESSEL-SEP
E-33964,EC-HEATEXCH-SHELL
K-33965,EC-COMPRESSOR-CENTR
V-33966,EC-VESSEL-SEP
LT-33967,EC-INST-LT
LT-33968,EC-INST-LT
PT-33969,EC-INST-PT
COL-33970,EC-VESSEL-COL
TT-33971,EC-INST-TT
PT-33972,EC-INST-PT
E-33973,EC-HEATEXCH-SHELL
COL-33974,EC-VESSEL-COL
P-33975,EC-PUMP-CENTR
K-33976,EC-COMPRESSOR-CENTR
COL-33977,EC-VESSEL-COL
TT-33978,EC-INST-TT
PT-33979,EC-INST-PT
XV-33980,EC-VALVE-ISO
FCV-33981,EC-VALVE-CTRL
FT-33982,EC-INST-FT
K-33983,EC-COMPRESSOR-CENTR
P-33984,EC-PUMP-CENTR
V-33985,EC-VESSEL-SEP
COL-33986,EC-VESSEL-COL
FCV-33987,EC-VALVE-CTRL
XV-33988,EC-VALVE-ISO
TT-33989,EC-INST-TT
FCV-33990,EC-VALVE-CTRL
FCV-33991,EC-VALVE-CTRL
PT-33992,EC-INST-PT
COL-33993,EC-VESSEL-COL
COL-33994,EC-VESSEL-COL
XV-33995,EC-VALVE-ISO
V-33996,EC-VESSEL-SEP
P-33997,EC-PUMP-CENTR
FT-33998,EC-INST-FT
V-33999,EC-VESSEL-SEP
FT-34000,EC-INST-FT
FT-34001,EC-INST-FT
FCV-34002,EC-VALVE-CTRL
E-34003,EC-HEATEXCH-SHELL
P-34004,EC-PUMP-CENTR
E-34005,EC-HEATEXCH-SHELL
PT-34006,EC-INST-PT
XV-34007,EC-VALVE-ISO
E-34008,EC-HEATEXCH-SHELL
COL-34009,EC-VESSEL-COL
XV-34010,EC-VALVE-ISO
P-34011,EC-PUMP-CENTR
COL-34012,EC-VESSEL-COL
FT-34013,EC-INST-FT
PT-34014,EC-INST-PT
K-34015,EC-COMPRESSOR-CENTR
FT-34016,EC-INST-FT
K-34017,EC-COMPRESSOR-CENTR
P-34018,EC-PUMP-CENTR
V-34019,EC-VESSEL-SEP
XV-34020,EC-VALVE-ISO
TT-34021,EC-INST-TT
LT-34022,EC-INST-LT
PSV-34023,EC-VALVE-RELIEF
TT-34024,EC-INST-TT
XV-34025,EC-VALVE-ISO
COL-34026,EC-VESSEL-COL
FT-34027,EC-INST-FT
PSV-34028,EC-VALVE-RELIEF
E-34029,EC-HEATEXCH-SHELL
PT-34030,EC-INST-PT
TT-34031,EC-INST-TT
FT-34032,EC-INST-FT
FCV-34033,EC-VALVE-CTRL
K-34034,EC-COMPRESSOR-CENTR
FCV-34035,EC-VALVE-CTRL
LT-34036,EC-INST-LT
K-34037,EC-COMPRESSOR-CENTR
TT-34038,EC-INST-TT
FCV-34039,EC-VALVE-CTRL
FCV-34040,EC-VALVE-CTRL
E-34041,EC-HEATEXCH-SHELL
COL-34042,EC-VESSEL-COL
FT-34043,EC-INST-FT
FT-34044,EC-INST-FT
K-34045,EC-COMPRESSOR-CENTR
PSV-34046,EC-VALVE-RELIEF
LT-34047,EC-INST-LT
FCV-34048,EC-VALVE-CTRL
FCV-34049,EC-VALVE-CTRL
K-34050,EC-COMPRESSOR-CENTR
XV-34051,EC-VALVE-ISO
TT-34052,EC-INST-TT
V-34053,EC-VESSEL-SEP
E-34054,EC-HEATEXCH-SHELL
PT-34055,EC-INST-PT
V-34056,EC-VESSEL-SEP
LT-34057,EC-INST-LT
K-34058,EC-COMPRESSOR-CENTR
PSV-34059,EC-VALVE-RELIEF
COL-34060,EC-VESSEL-COL
P-34061,EC-PUMP-CENTR
LT-34062,EC-INST-LT
E-34063,EC-HEATEXCH-SHELL
FT-34064,EC-INST-FT
XV-34065,EC-VALVE-ISO
E-34066,EC-HEATEXCH-SHELL
V-34067,EC-VESSEL-SEP
P-34068,EC-PUMP-CENTR
PSV-34069,EC-VALVE-RELIEF
P-34070,EC-PUMP-RECIP
V-34071,EC-VESSEL-SEP
PT-34072,EC-INST-PT
TT-34073,EC-INST-TT
FCV-34074,EC-VALVE-CTRL
P-34075,EC-PUMP-RECIP
V-34076,EC-VESSEL-SEP
V-34077,EC-VESSEL-SEP
PSV-34078,EC-VALVE-RELIEF
E-34079,EC-HEATEXCH-SHELL
PSV-34080,EC-VALVE-RELIEF
XV-34081,EC-VALVE-ISO
P-34082,EC-PUMP-RECIP
XV-34083,EC-VALVE-ISO
FCV-34084,EC-VALVE-CTRL
TT-34085,EC-INST-TT
LT-34086,EC-INST-LT
V-34087,EC-VESSEL-SEP
FT-34088,EC-INST-FT
K-34089,EC-COMPRESSOR-CENTR
COL-34090,EC-VESSEL-COL
LT-34091,EC-INST-LT
FCV-34092,EC-VALVE-CTRL
PT-34093,EC-INST-PT
E-34094,EC-HEATEXCH-SHELL
P-34095,EC-PUMP-RECIP
P-34096,EC-PUMP-RECIP
E-34097,EC-HEATEXCH-SHELL
PT-34098,EC-INST-PT
XV-34099,EC-VALVE-ISO
P-34100,EC-PUMP-CENTR
V-34101,EC-VESSEL-SEP
P-34102,EC-PUMP-RECIP
PT-34103,EC-INST-PT
LT-34104,EC-INST-LT
TT-34105,EC-INST-TT
PT-34106,EC-INST-PT
TT-34107,EC-INST-TT
PT-34108,EC-INST-PT
XV-34109,EC-VALVE-ISO
P-34110,EC-PUMP-CENTR
PSV-34111,EC-VALVE-RELIEF
XV-34112,EC-VALVE-ISO
PSV-34113,EC-VALVE-RELIEF
V-34114,EC-VESSEL-SEP
K-34115,EC-COMPRESSOR-CENTR
V-34116,EC-VESSEL-SEP
K-34117,EC-COMPRESSOR-CENTR
FT-34118,EC-INST-FT
PSV-34119,EC-VALVE-RELIEF
FCV-34120,EC-VALVE-CTRL
E-34121,EC-HEATEXCH-SHELL
P-34122,EC-PUMP-RECIP
FCV-34123,EC-VALVE-CTRL
XV-34124,EC-VALVE-ISO
FCV-34125,EC-VALVE-CTRL
LT-34126,EC-INST-LT
COL-34127,EC-VESSEL-COL
FT-34128,EC-INST-FT
FCV-34129,EC-VALVE-CTRL
TT-34130,EC-INST-TT
PT-34131,EC-INST-PT
V-34132,EC-VESSEL-SEP
COL-34133,EC-VESSEL-COL
P-34134,EC-PUMP-RECIP
V-34135,EC-VESSEL-SEP
LT-34136,EC-INST-LT
E-34137,EC-HEATEXCH-SHELL
FT-34138,EC-INST-FT
PSV-34139,EC-VALVE-RELIEF
PT-34140,EC-INST-PT
XV-34141,EC-VALVE-ISO
FCV-34142,EC-VALVE-CTRL
FCV-34143,EC-VALVE-CTRL
PT-34144,EC-INST-PT
TT-34145,EC-INST-TT
PSV-34146,EC-VALVE-RELIEF
PSV-34147,EC-VALVE-RELIEF
FT-34148,EC-INST-FT
FT-34149,EC-INST-FT
FCV-34150,EC-VALVE-CTRL
LT-34151,EC-INST-LT
FT-34152,EC-INST-FT
V-34153,EC-VESSEL-SEP
TT-34154,EC-INST-TT
PT-34155,EC-INST-PT
TT-34156,EC-INST-TT
P-34157,EC-PUMP-CENTR
COL-34158,EC-VESSEL-COL
V-34159,EC-VESSEL-SEP
FT-34160,EC-INST-FT
P-34161,EC-PUMP-CENTR
COL-34162,EC-VESSEL-COL
P-34163,EC-PUMP-CENTR
FT-34164,EC-INST-FT
LT-34165,EC-INST-LT
P-34166,EC-PUMP-RECIP
LT-34167,EC-INST-LT
LT-34168,EC-INST-LT
E-34169,EC-HEATEXCH-SHELL
PSV-34170,EC-VALVE-RELIEF
P-34171,EC-PUMP-RECIP
COL-34172,EC-VESSEL-COL
V-34173,EC-VESSEL-SEP
COL-34174,EC-VESSEL-COL
P-34175,EC-PUMP-CENTR
P-34176,EC-PUMP-RECIP
V-34177,EC-VESSEL-SEP
K-34178,EC-COMPRESSOR-CENTR
XV-34179,EC-VALVE-ISO
K-34180,EC-COMPRESSOR-CENTR
XV-34181,EC-VALVE-ISO
FCV-34182,EC-VALVE-CTRL
XV-34183,EC-VALVE-ISO
PT-34184,EC-INST-PT
TT-34185,EC-INST-TT
TT-34186,EC-INST-TT
LT-34187,EC-INST-LT
P-34188,EC-PUMP-RECIP
FT-34189,EC-INST-FT
K-34190,EC-COMPRESSOR-CENTR
V-34191,EC-VESSEL-SEP
LT-34192,EC-INST-LT
V-34193,EC-VESSEL-SEP
P-34194,EC-PUMP-RECIP
PT-34195,EC-INST-PT
PT-34196,EC-INST-PT
P-34197,EC-PUMP-CENTR
FT-34198,EC-INST-FT
FCV-34199,EC-VALVE-CTRL
LT-34200,EC-INST-LT
K-34201,EC-COMPRESSOR-CENTR
LT-34202,EC-INST-LT
P-34203,EC-PUMP-RECIP
E-34204,EC-HEATEXCH-SHELL
LT-34205,EC-INST-LT
PT-34206,EC-INST-PT
V-34207,EC-VESSEL-SEP
P-34208,EC-PUMP-RECIP
E-34209,EC-HEATEXCH-SHELL
P-34210,EC-PUMP-RECIP
TT-34211,EC-INST-TT
E-34212,EC-HEATEXCH-SHELL
COL-34213,EC-VESSEL-COL
V-34214,EC-VESSEL-SEP
LT-34215,EC-INST-LT
E-34216,EC-HEATEXCH-SHELL
E-34217,EC-HEATEXCH-SHELL
PSV-34218,EC-VALVE-RELIEF
PT-34219,EC-INST-PT
P-34220,EC-PUMP-RECIP
K-34221,EC-COMPRESSOR-CENTR
COL-34222,EC-VESSEL-COL
COL-34223,EC-VESSEL-COL
PSV-34224,EC-VALVE-RELIEF
XV-34225,EC-VALVE-ISO
PT-34226,EC-INST-PT
PT-34227,EC-INST-PT
LT-34228,EC-INST-LT
V-34229,EC-VESSEL-SEP
TT-34230,EC-INST-TT
XV-34231,EC-VALVE-ISO
FCV-34232,EC-VALVE-CTRL
P-34233,EC-PUMP-CENTR
COL-34234,EC-VESSEL-COL
PT-34235,EC-INST-PT
FCV-34236,EC-VALVE-CTRL
PSV-34237,EC-VALVE-RELIEF
V-34238,EC-VESSEL-SEP
PT-34239,EC-INST-PT
P-34240,EC-PUMP-CENTR
PSV-34241,EC-VALVE-RELIEF
PT-34242,EC-INST-PT
LT-34243,EC-INST-LT
E-34244,EC-HEATEXCH-SHELL
P-34245,EC-PUMP-CENTR
V-34246,EC-VESSEL-SEP
TT-34247,EC-INST-TT
E-34248,EC-HEATEXCH-SHELL
LT-34249,EC-INST-LT
FT-34250,EC-INST-FT
FCV-34251,EC-VALVE-CTRL
FCV-34252,EC-VALVE-CTRL
XV-34253,EC-VALVE-ISO
E-34254,EC-HEATEXCH-SHELL
P-34255,EC-PUMP-CENTR
XV-34256,EC-VALVE-ISO
P-34257,EC-PUMP-CENTR
PT-34258,EC-INST-PT
TT-34259,EC-INST-TT
P-34260,EC-PUMP-CENTR
PT-34261,EC-INST-PT
K-34262,EC-COMPRESSOR-CENTR
PSV-34263,EC-VALVE-RELIEF
PT-34264,EC-INST-PT
FT-34265,EC-INST-FT
V-34266,EC-VESSEL-SEP
FT-34267,EC-INST-FT
PSV-34268,EC-VALVE-RELIEF
COL-34269,EC-VESSEL-COL
K-34270,EC-COMPRESSOR-CENTR
K-34271,EC-COMPRESSOR-CENTR
PT-34272,EC-INST-PT
K-34273,EC-COMPRESSOR-CENTR
FCV-34274,EC-VALVE-CTRL
XV-34275,EC-VALVE-ISO
E-34276,EC-HEATEXCH-SHELL
LT-34277,EC-INST-LT
LT-34278,EC-INST-LT
TT-34279,EC-INST-TT
K-34280,EC-COMPRESSOR-CENTR
FT-34281,EC-INST-FT
FT-34282,EC-INST-FT
LT-34283,EC-INST-LT
K-34284,EC-COMPRESSOR-CENTR
PSV-34285,EC-VALVE-RELIEF
E-34286,EC-HEATEXCH-SHELL
FCV-34287,EC-VALVE-CTRL
V-34288,EC-VESSEL-SEP
V-34289,EC-VESSEL-SEP
P-34290,EC-PUMP-RECIP
TT-34291,EC-INST-TT
LT-34292,EC-INST-LT
FT-34293,EC-INST-FT
FCV-34294,EC-VALVE-CTRL
V-34295,EC-VESSEL-SEP
FCV-34296,EC-VALVE-CTRL
K-34297,EC-COMPRESSOR-CENTR
COL-34298,EC-VESSEL-COL
FCV-34299,EC-VALVE-CTRL
LT-34300,EC-INST-LT
TT-34301,EC-INST-TT
K-34302,EC-COMPRESSOR-CENTR
TT-34303,EC-INST-TT
V-34304,EC-VESSEL-SEP
PT-34305,EC-INST-PT
FT-34306,EC-INST-FT
P-34307,EC-PUMP-CENTR
TT-34308,EC-INST-TT
COL-34309,EC-VESSEL-COL
FT-34310,EC-INST-FT
TT-34311,EC-INST-TT
COL-34312,EC-VESSEL-COL
LT-34313,EC-INST-LT
FT-34314,EC-INST-FT
TT-34315,EC-INST-TT
FT-34316,EC-INST-FT
COL-34317,EC-VESSEL-COL
P-34318,EC-PUMP-RECIP
COL-34319,EC-VESSEL-COL
E-34320,EC-HEATEXCH-SHELL
PT-34321,EC-INST-PT
LT-34322,EC-INST-LT
K-34323,EC-COMPRESSOR-CENTR
TT-34324,EC-INST-TT
E-34325,EC-HEATEXCH-SHELL
COL-34326,EC-VESSEL-COL
P-34327,EC-PUMP-RECIP
FCV-34328,EC-VALVE-CTRL
P-34329,EC-PUMP-RECIP
FCV-34330,EC-VALVE-CTRL
E-34331,EC-HEATEXCH-SHELL
LT-34332,EC-INST-LT
E-34333,EC-HEATEXCH-SHELL
P-34334,EC-PUMP-CENTR
K-34335,EC-COMPRESSOR-CENTR
P-34336,EC-PUMP-CENTR
E-34337,EC-HEATEXCH-SHELL
P-34338,EC-PUMP-CENTR
V-34339,EC-VESSEL-SEP
FCV-34340,EC-VALVE-CTRL
P-34341,EC-PUMP-RECIP
P-34342,EC-PUMP-RECIP
FCV-34343,EC-VALVE-CTRL
PSV-34344,EC-VALVE-RELIEF
P-34345,EC-PUMP-CENTR
PSV-34346,EC-VALVE-RELIEF
PSV-34347,EC-VALVE-RELIEF
P-34348,EC-PUMP-CENTR
FCV-34349,EC-VALVE-CTRL
FT-34350,EC-INST-FT
XV-34351,EC-VALVE-ISO
FCV-34352,EC-VALVE-CTRL
K-34353,EC-COMPRESSOR-CENTR
FT-34354,EC-INST-FT
XV-34355,EC-VALVE-ISO
PT-34356,EC-INST-PT
PT-34357,EC-INST-PT
P-34358,EC-PUMP-RECIP
XV-34359,EC-VALVE-ISO
K-34360,EC-COMPRESSOR-CENTR
P-34361,EC-PUMP-RECIP
TT-34362,EC-INST-TT
LT-34363,EC-INST-LT
FT-34364,EC-INST-FT
TT-34365,EC-INST-TT
FT-34366,EC-INST-FT
XV-34367,EC-VALVE-ISO
V-34368,EC-VESSEL-SEP
FCV-34369,EC-VALVE-CTRL
PSV-34370,EC-VALVE-RELIEF
LT-34371,EC-INST-LT
FCV-34372,EC-VALVE-CTRL
LT-34373,EC-INST-LT
PSV-34374,EC-VALVE-RELIEF
TT-34375,EC-INST-TT
XV-34376,EC-VALVE-ISO
FT-34377,EC-INST-FT
XV-34378,EC-VALVE-ISO
COL-34379,EC-VESSEL-COL
XV-34380,EC-VALVE-ISO
P-34381,EC-PUMP-CENTR
V-34382,EC-VESSEL-SEP
LT-34383,EC-INST-LT
XV-34384,EC-VALVE-ISO
XV-34385,EC-VALVE-ISO
V-34386,EC-VESSEL-SEP
K-34387,EC-COMPRESSOR-CENTR
E-34388,EC-HEATEXCH-SHELL
P-34389,EC-PUMP-RECIP
FT-34390,EC-INST-FT
E-34391,EC-HEATEXCH-SHELL
PSV-34392,EC-VALVE-RELIEF
P-34393,EC-PUMP-RECIP
PSV-34394,EC-VALVE-RELIEF
FT-34395,EC-INST-FT
LT-34396,EC-INST-LT
E-34397,EC-HEATEXCH-SHELL
TT-34398,EC-INST-TT
PT-34399,EC-INST-PT
K-34400,EC-COMPRESSOR-CENTR
P-34401,EC-PUMP-CENTR
V-34402,EC-VESSEL-SEP
P-34403,EC-PUMP-CENTR
XV-34404,EC-VALVE-ISO
TT-34405,EC-INST-TT
COL-34406,EC-VESSEL-COL
XV-34407,EC-VALVE-ISO
FT-34408,EC-INST-FT
LT-34409,EC-INST-LT
FT-34410,EC-INST-FT
FCV-34411,EC-VALVE-CTRL
PSV-34412,EC-VALVE-RELIEF
E-34413,EC-HEATEXCH-SHELL
P-34414,EC-PUMP-RECIP
XV-34415,EC-VALVE-ISO
PSV-34416,EC-VALVE-RELIEF
LT-34417,EC-INST-LT
PSV-34418,EC-VALVE-RELIEF
V-34419,EC-VESSEL-SEP
K-34420,EC-COMPRESSOR-CENTR
FCV-34421,EC-VALVE-CTRL
FCV-34422,EC-VALVE-CTRL
K-34423,EC-COMPRESSOR-CENTR
V-34424,EC-VESSEL-SEP
COL-34425,EC-VESSEL-COL
PT-34426,EC-INST-PT
P-34427,EC-PUMP-RECIP
V-34428,EC-VESSEL-SEP
V-34429,EC-VESSEL-SEP
PSV-34430,EC-VALVE-RELIEF
XV-34431,EC-VALVE-ISO
E-34432,EC-HEATEXCH-SHELL
K-34433,EC-COMPRESSOR-CENTR
K-34434,EC-COMPRESSOR-CENTR
P-34435,EC-PUMP-RECIP
XV-34436,EC-VALVE-ISO
TT-34437,EC-INST-TT
P-34438,EC-PUMP-CENTR
TT-34439,EC-INST-TT
P-34440,EC-PUMP-RECIP
FCV-34441,EC-VALVE-CTRL
E-34442,EC-HEATEXCH-SHELL
P-34443,EC-PUMP-CENTR
FCV-34444,EC-VALVE-CTRL
V-34445,EC-VESSEL-SEP
TT-34446,EC-INST-TT
FCV-34447,EC-VALVE-CTRL
FT-34448,EC-INST-FT
FCV-34449,EC-VALVE-CTRL
PSV-34450,EC-VALVE-RELIEF
P-34451,EC-PUMP-RECIP
FT-34452,EC-INST-FT
XV-34453,EC-VALVE-ISO
PSV-34454,EC-VALVE-RELIEF
LT-34455,EC-INST-LT
E-34456,EC-HEATEXCH-SHELL
E-34457,EC-HEATEXCH-SHELL
TT-34458,EC-INST-TT
PT-34459,EC-INST-PT
TT-34460,EC-INST-TT
COL-34461,EC-VESSEL-COL
PT-34462,EC-INST-PT
TT-34463,EC-INST-TT
TT-34464,EC-INST-TT
K-34465,EC-COMPRESSOR-CENTR
LT-34466,EC-INST-LT
LT-34467,EC-INST-LT
FCV-34468,EC-VALVE-CTRL
E-34469,EC-HEATEXCH-SHELL
FCV-34470,EC-VALVE-CTRL
LT-34471,EC-INST-LT
COL-34472,EC-VESSEL-COL
TT-34473,EC-INST-TT
TT-34474,EC-INST-TT
FT-34475,EC-INST-FT
P-34476,EC-PUMP-CENTR
E-34477,EC-HEATEXCH-SHELL
XV-34478,EC-VALVE-ISO
XV-34479,EC-VALVE-ISO
FT-34480,EC-INST-FT
K-34481,EC-COMPRESSOR-CENTR
E-34482,EC-HEATEXCH-SHELL
P-34483,EC-PUMP-RECIP
LT-34484,EC-INST-LT
PSV-34485,EC-VALVE-RELIEF
P-34486,EC-PUMP-CENTR
E-34487,EC-HEATEXCH-SHELL
LT-34488,EC-INST-LT
K-34489,EC-COMPRESSOR-CENTR
FCV-34490,EC-VALVE-CTRL
XV-34491,EC-VALVE-ISO
COL-34492,EC-VESSEL-COL
FCV-34493,EC-VALVE-CTRL
TT-34494,EC-INST-TT
PSV-34495,EC-VALVE-RELIEF
TT-34496,EC-INST-TT
XV-34497,EC-VALVE-ISO
E-34498,EC-HEATEXCH-SHELL
P-34499,EC-PUMP-CENTR
K-34500,EC-COMPRESSOR-CENTR
P-34501,EC-PUMP-CENTR
LT-34502,EC-INST-LT
P-34503,EC-PUMP-RECIP
LT-34504,EC-INST-LT
V-34505,EC-VESSEL-SEP
PT-34506,EC-INST-PT
P-34507,EC-PUMP-CENTR
XV-34508,EC-VALVE-ISO
COL-34509,EC-VESSEL-COL
P-34510,EC-PUMP-RECIP
COL-34511,EC-VESSEL-COL
FT-34512,EC-INST-FT
XV-34513,EC-VALVE-ISO
LT-34514,EC-INST-LT
LT-34515,EC-INST-LT
E-34516,EC-HEATEXCH-SHELL
V-34517,EC-VESSEL-SEP
TT-34518,EC-INST-TT
K-34519,EC-COMPRESSOR-CENTR
LT-34520,EC-INST-LT
COL-34521,EC-VESSEL-COL
XV-34522,EC-VALVE-ISO
LT-34523,EC-INST-LT
PT-34524,EC-INST-PT
LT-34525,EC-INST-LT
K-34526,EC-COMPRESSOR-CENTR
E-34527,EC-HEATEXCH-SHELL
COL-34528,EC-VESSEL-COL
XV-34529,EC-VALVE-ISO
FCV-34530,EC-VALVE-CTRL
K-34531,EC-COMPRESSOR-CENTR
E-34532,EC-HEATEXCH-SHELL
TT-34533,EC-INST-TT
FCV-34534,EC-VALVE-CTRL
LT-34535,EC-INST-LT
XV-34536,EC-VALVE-ISO
FT-34537,EC-INST-FT
V-34538,EC-VESSEL-SEP
FT-34539,EC-INST-FT
V-34540,EC-VESSEL-SEP
V-34541,EC-VESSEL-SEP
TT-34542,EC-INST-TT
COL-34543,EC-VESSEL-COL
FT-34544,EC-INST-FT
V-34545,EC-VESSEL-SEP
PSV-34546,EC-VALVE-RELIEF
FT-34547,EC-INST-FT
FT-34548,EC-INST-FT
FCV-34549,EC-VALVE-CTRL
LT-34550,EC-INST-LT
K-34551,EC-COMPRESSOR-CENTR
FCV-34552,EC-VALVE-CTRL
TT-34553,EC-INST-TT
V-34554,EC-VESSEL-SEP
PSV-34555,EC-VALVE-RELIEF
P-34556,EC-PUMP-RECIP
LT-34557,EC-INST-LT
V-34558,EC-VESSEL-SEP
PSV-34559,EC-VALVE-RELIEF
LT-34560,EC-INST-LT
COL-34561,EC-VESSEL-COL
FT-34562,EC-INST-FT
PT-34563,EC-INST-PT
PT-34564,EC-INST-PT
TT-34565,EC-INST-TT
XV-34566,EC-VALVE-ISO
E-34567,EC-HEATEXCH-SHELL
P-34568,EC-PUMP-CENTR
E-34569,EC-HEATEXCH-SHELL
LT-34570,EC-INST-LT
COL-34571,EC-VESSEL-COL
LT-34572,EC-INST-LT
FCV-34573,EC-VALVE-CTRL
FT-34574,EC-INST-FT
XV-34575,EC-VALVE-ISO
COL-34576,EC-VESSEL-COL
P-34577,EC-PUMP-RECIP
PT-34578,EC-INST-PT
XV-34579,EC-VALVE-ISO
LT-34580,EC-INST-LT
COL-34581,EC-VESSEL-COL
K-34582,EC-COMPRESSOR-CENTR
FT-34583,EC-INST-FT
PT-34584,EC-INST-PT
COL-34585,EC-VESSEL-COL
P-34586,EC-PUMP-RECIP
FCV-34587,EC-VALVE-CTRL
E-34588,EC-HEATEXCH-SHELL
FCV-34589,EC-VALVE-CTRL
LT-34590,EC-INST-LT
V-34591,EC-VESSEL-SEP
TT-34592,EC-INST-TT
FCV-34593,EC-VALVE-CTRL
COL-34594,EC-VESSEL-COL
FCV-34595,EC-VALVE-CTRL
P-34596,EC-PUMP-RECIP
FCV-34597,EC-VALVE-CTRL
LT-34598,EC-INST-LT
COL-34599,EC-VESSEL-COL
FCV-34600,EC-VALVE-CTRL
FT-34601,EC-INST-FT
PSV-34602,EC-VALVE-RELIEF
FCV-34603,EC-VALVE-CTRL
V-34604,EC-VESSEL-SEP
P-34605,EC-PUMP-RECIP
K-34606,EC-COMPRESSOR-CENTR
P-34607,EC-PUMP-CENTR
E-34608,EC-HEATEXCH-SHELL
P-34609,EC-PUMP-CENTR
PT-34610,EC-INST-PT
FT-34611,EC-INST-FT
PT-34612,EC-INST-PT
PSV-34613,EC-VALVE-RELIEF
XV-34614,EC-VALVE-ISO
PT-34615,EC-INST-PT
TT-34616,EC-INST-TT
V-34617,EC-VESSEL-SEP
K-34618,EC-COMPRESSOR-CENTR
E-34619,EC-HEATEXCH-SHELL
P-34620,EC-PUMP-CENTR
TT-34621,EC-INST-TT
LT-34622,EC-INST-LT
P-34623,EC-PUMP-CENTR
P-34624,EC-PUMP-CENTR
E-34625,EC-HEATEXCH-SHELL
V-34626,EC-VESSEL-SEP
TT-34627,EC-INST-TT
P-34628,EC-PUMP-RECIP
LT-34629,EC-INST-LT
P-34630,EC-PUMP-RECIP
LT-34631,EC-INST-LT
E-34632,EC-HEATEXCH-SHELL
P-34633,EC-PUMP-CENTR
TT-34634,EC-INST-TT
PT-34635,EC-INST-PT
FT-34636,EC-INST-FT
PSV-34637,EC-VALVE-RELIEF
E-34638,EC-HEATEXCH-SHELL
XV-34639,EC-VALVE-ISO
LT-34640,EC-INST-LT
FCV-34641,EC-VALVE-CTRL
K-34642,EC-COMPRESSOR-CENTR
PT-34643,EC-INST-PT
COL-34644,EC-VESSEL-COL
V-34645,EC-VESSEL-SEP
TT-34646,EC-INST-TT
K-34647,EC-COMPRESSOR-CENTR
PSV-34648,EC-VALVE-RELIEF
LT-34649,EC-INST-LT
XV-34650,EC-VALVE-ISO
PT-34651,EC-INST-PT
P-34652,EC-PUMP-CENTR
P-34653,EC-PUMP-CENTR
XV-34654,EC-VALVE-ISO
FT-34655,EC-INST-FT
V-34656,EC-VESSEL-SEP
P-34657,EC-PUMP-RECIP
TT-34658,EC-INST-TT
FT-34659,EC-INST-FT
V-34660,EC-VESSEL-SEP
TT-34661,EC-INST-TT
XV-34662,EC-VALVE-ISO
TT-34663,EC-INST-TT
LT-34664,EC-INST-LT
FCV-34665,EC-VALVE-CTRL
FT-34666,EC-INST-FT
P-34667,EC-PUMP-RECIP
LT-34668,EC-INST-LT
COL-34669,EC-VESSEL-COL
P-34670,EC-PUMP-RECIP
P-34671,EC-PUMP-RECIP
XV-34672,EC-VALVE-ISO
PSV-34673,EC-VALVE-RELIEF
E-34674,EC-HEATEXCH-SHELL
FT-34675,EC-INST-FT
COL-34676,EC-VESSEL-COL
COL-34677,EC-VESSEL-COL
E-34678,EC-HEATEXCH-SHELL
PSV-34679,EC-VALVE-RELIEF
FCV-34680,EC-VALVE-CTRL
COL-34681,EC-VESSEL-COL
E-34682,EC-HEATEXCH-SHELL
P-34683,EC-PUMP-CENTR
P-34684,EC-PUMP-RECIP
K-34685,EC-COMPRESSOR-CENTR
P-34686,EC-PUMP-RECIP
PSV-34687,EC-VALVE-RELIEF
P-34688,EC-PUMP-RECIP
PSV-34689,EC-VALVE-RELIEF
FT-34690,EC-INST-FT
PT-34691,EC-INST-PT
FT-34692,EC-INST-FT
PT-34693,EC-INST-PT
LT-34694,EC-INST-LT
FCV-34695,EC-VALVE-CTRL
LT-34696,EC-INST-LT
P-34697,EC-PUMP-RECIP
XV-34698,EC-VALVE-ISO
COL-34699,EC-VESSEL-COL
P-34700,EC-PUMP-RECIP
P-34701,EC-PUMP-CENTR
COL-34702,EC-VESSEL-COL
P-34703,EC-PUMP-RECIP
K-34704,EC-COMPRESSOR-CENTR
FT-34705,EC-INST-FT
FCV-34706,EC-VALVE-CTRL
K-34707,EC-COMPRESSOR-CENTR
P-34708,EC-PUMP-RECIP
XV-34709,EC-VALVE-ISO
LT-34710,EC-INST-LT
E-34711,EC-HEATEXCH-SHELL
V-34712,EC-VESSEL-SEP
COL-34713,EC-VESSEL-COL
XV-34714,EC-VALVE-ISO
K-34715,EC-COMPRESSOR-CENTR
TT-34716,EC-INST-TT
XV-34717,EC-VALVE-ISO
PT-34718,EC-INST-PT
E-34719,EC-HEATEXCH-SHELL
P-34720,EC-PUMP-RECIP
LT-34721,EC-INST-LT
K-34722,EC-COMPRESSOR-CENTR
P-34723,EC-PUMP-CENTR
P-34724,EC-PUMP-CENTR
FCV-34725,EC-VALVE-CTRL
V-34726,EC-VESSEL-SEP
FT-34727,EC-INST-FT
E-34728,EC-HEATEXCH-SHELL
PT-34729,EC-INST-PT
TT-34730,EC-INST-TT
LT-34731,EC-INST-LT
P-34732,EC-PUMP-RECIP
K-34733,EC-COMPRESSOR-CENTR
P-34734,EC-PUMP-CENTR
FT-34735,EC-INST-FT
P-34736,EC-PUMP-RECIP
P-34737,EC-PUMP-CENTR
P-34738,EC-PUMP-CENTR
P-34739,EC-PUMP-CENTR
FT-34740,EC-INST-FT
V-34741,EC-VESSEL-SEP
P-34742,EC-PUMP-CENTR
FCV-34743,EC-VALVE-CTRL
PT-34744,EC-INST-PT
FT-34745,EC-INST-FT
E-34746,EC-HEATEXCH-SHELL
K-34747,EC-COMPRESSOR-CENTR
FT-34748,EC-INST-FT
P-34749,EC-PUMP-RECIP
TT-34750,EC-INST-TT
E-34751,EC-HEATEXCH-SHELL
P-34752,EC-PUMP-CENTR
TT-34753,EC-INST-TT
COL-34754,EC-VESSEL-COL
TT-34755,EC-INST-TT
LT-34756,EC-INST-LT
FCV-34757,EC-VALVE-CTRL
PT-34758,EC-INST-PT
V-34759,EC-VESSEL-SEP
COL-34760,EC-VESSEL-COL
XV-34761,EC-VALVE-ISO
PSV-34762,EC-VALVE-RELIEF
PT-34763,EC-INST-PT
PT-34764,EC-INST-PT
PSV-34765,EC-VALVE-RELIEF
TT-34766,EC-INST-TT
P-34767,EC-PUMP-RECIP
P-34768,EC-PUMP-RECIP
K-34769,EC-COMPRESSOR-CENTR
TT-34770,EC-INST-TT
PSV-34771,EC-VALVE-RELIEF
COL-34772,EC-VESSEL-COL
XV-34773,EC-VALVE-ISO
E-34774,EC-HEATEXCH-SHELL
P-34775,EC-PUMP-RECIP
COL-34776,EC-VESSEL-COL
XV-34777,EC-VALVE-ISO
PSV-34778,EC-VALVE-RELIEF
PT-34779,EC-INST-PT
E-34780,EC-HEATEXCH-SHELL
XV-34781,EC-VALVE-ISO
PSV-34782,EC-VALVE-RELIEF
FT-34783,EC-INST-FT
V-34784,EC-VESSEL-SEP
LT-34785,EC-INST-LT
P-34786,EC-PUMP-CENTR
TT-34787,EC-INST-TT
P-34788,EC-PUMP-CENTR
LT-34789,EC-INST-LT
K-34790,EC-COMPRESSOR-CENTR
TT-34791,EC-INST-TT
XV-34792,EC-VALVE-ISO
LT-34793,EC-INST-LT
P-34794,EC-PUMP-RECIP
K-34795,EC-COMPRESSOR-CENTR
XV-34796,EC-VALVE-ISO
FCV-34797,EC-VALVE-CTRL
K-34798,EC-COMPRESSOR-CENTR
P-34799,EC-PUMP-CENTR
PT-34800,EC-INST-PT
K-34801,EC-COMPRESSOR-CENTR
XV-34802,EC-VALVE-ISO
FT-34803,EC-INST-FT
TT-34804,EC-INST-TT
XV-34805,EC-VALVE-ISO
PSV-34806,EC-VALVE-RELIEF
V-34807,EC-VESSEL-SEP
P-34808,EC-PUMP-RECIP
PT-34809,EC-INST-PT
P-34810,EC-PUMP-CENTR
PT-34811,EC-INST-PT
FT-34812,EC-INST-FT
PT-34813,EC-INST-PT
TT-34814,EC-INST-TT
PSV-34815,EC-VALVE-RELIEF
E-34816,EC-HEATEXCH-SHELL
XV-34817,EC-VALVE-ISO
COL-34818,EC-VESSEL-COL
P-34819,EC-PUMP-RECIP
COL-34820,EC-VESSEL-COL
XV-34821,EC-VALVE-ISO
V-34822,EC-VESSEL-SEP
E-34823,EC-HEATEXCH-SHELL
E-34824,EC-HEATEXCH-SHELL
K-34825,EC-COMPRESSOR-CENTR
COL-34826,EC-VESSEL-COL
PT-34827,EC-INST-PT
FCV-34828,EC-VALVE-CTRL
PSV-34829,EC-VALVE-RELIEF
P-34830,EC-PUMP-CENTR
E-34831,EC-HEATEXCH-SHELL
LT-34832,EC-INST-LT
PT-34833,EC-INST-PT
PT-34834,EC-INST-PT
XV-34835,EC-VALVE-ISO
K-34836,EC-COMPRESSOR-CENTR
P-34837,EC-PUMP-CENTR
FCV-34838,EC-VALVE-CTRL
E-34839,EC-HEATEXCH-SHELL
COL-34840,EC-VESSEL-COL
V-34841,EC-VESSEL-SEP
XV-34842,EC-VALVE-ISO
LT-34843,EC-INST-LT
V-34844,EC-VESSEL-SEP
PSV-34845,EC-VALVE-RELIEF
K-34846,EC-COMPRESSOR-CENTR
XV-34847,EC-VALVE-ISO
P-34848,EC-PUMP-CENTR
FT-34849,EC-INST-FT
FT-34850,EC-INST-FT
K-34851,EC-COMPRESSOR-CENTR
V-34852,EC-VESSEL-SEP
COL-34853,EC-VESSEL-COL
TT-34854,EC-INST-TT
FT-34855,EC-INST-FT
PSV-34856,EC-VALVE-RELIEF
XV-34857,EC-VALVE-ISO
P-34858,EC-PUMP-RECIP
V-34859,EC-VESSEL-SEP
FCV-34860,EC-VALVE-CTRL
TT-34861,EC-INST-TT
P-34862,EC-PUMP-CENTR
P-34863,EC-PUMP-CENTR
V-34864,EC-VESSEL-SEP
P-34865,EC-PUMP-RECIP
V-34866,EC-VESSEL-SEP
E-34867,EC-HEATEXCH-SHELL
P-34868,EC-PUMP-RECIP
PSV-34869,EC-VALVE-RELIEF
LT-34870,EC-INST-LT
K-34871,EC-COMPRESSOR-CENTR
FT-34872,EC-INST-FT
PSV-34873,EC-VALVE-RELIEF
E-34874,EC-HEATEXCH-SHELL
FCV-34875,EC-VALVE-CTRL
FT-34876,EC-INST-FT
E-34877,EC-HEATEXCH-SHELL
LT-34878,EC-INST-LT
P-34879,EC-PUMP-CENTR
COL-34880,EC-VESSEL-COL
PSV-34881,EC-VALVE-RELIEF
PSV-34882,EC-VALVE-RELIEF
FT-34883,EC-INST-FT
FCV-34884,EC-VALVE-CTRL
PT-34885,EC-INST-PT
PT-34886,EC-INST-PT
FCV-34887,EC-VALVE-CTRL
FCV-34888,EC-VALVE-CTRL
P-34889,EC-PUMP-RECIP
XV-34890,EC-VALVE-ISO
P-34891,EC-PUMP-RECIP
FT-34892,EC-INST-FT
P-34893,EC-PUMP-CENTR
FCV-34894,EC-VALVE-CTRL
COL-34895,EC-VESSEL-COL
K-34896,EC-COMPRESSOR-CENTR
V-34897,EC-VESSEL-SEP
FCV-34898,EC-VALVE-CTRL
FCV-34899,EC-VALVE-CTRL
FT-34900,EC-INST-FT
PSV-34901,EC-VALVE-RELIEF
PSV-34902,EC-VALVE-RELIEF
P-34903,EC-PUMP-RECIP
COL-34904,EC-VESSEL-COL
PT-34905,EC-INST-PT
V-34906,EC-VESSEL-SEP
FCV-34907,EC-VALVE-CTRL
FCV-34908,EC-VALVE-CTRL
V-34909,EC-VESSEL-SEP
XV-34910,EC-VALVE-ISO
P-34911,EC-PUMP-RECIP
K-34912,EC-COMPRESSOR-CENTR
PSV-34913,EC-VALVE-RELIEF
E-34914,EC-HEATEXCH-SHELL
P-34915,EC-PUMP-CENTR
E-34916,EC-HEATEXCH-SHELL
PT-34917,EC-INST-PT
XV-34918,EC-VALVE-ISO
P-34919,EC-PUMP-RECIP
P-34920,EC-PUMP-CENTR
V-34921,EC-VESSEL-SEP
K-34922,EC-COMPRESSOR-CENTR
PT-34923,EC-INST-PT
FT-34924,EC-INST-FT
P-34925,EC-PUMP-CENTR
LT-34926,EC-INST-LT
FT-34927,EC-INST-FT
XV-34928,EC-VALVE-ISO
FCV-34929,EC-VALVE-CTRL
P-34930,EC-PUMP-CENTR
TT-34931,EC-INST-TT
E-34932,EC-HEATEXCH-SHELL
LT-34933,EC-INST-LT
V-34934,EC-VESSEL-SEP
LT-34935,EC-INST-LT
PSV-34936,EC-VALVE-RELIEF
P-34937,EC-PUMP-RECIP
V-34938,EC-VESSEL-SEP
P-34939,EC-PUMP-CENTR
TT-34940,EC-INST-TT
V-34941,EC-VESSEL-SEP
P-34942,EC-PUMP-CENTR
K-34943,EC-COMPRESSOR-CENTR
FCV-34944,EC-VALVE-CTRL
XV-34945,EC-VALVE-ISO
K-34946,EC-COMPRESSOR-CENTR
FT-34947,EC-INST-FT
PSV-34948,EC-VALVE-RELIEF
XV-34949,EC-VALVE-ISO
P-34950,EC-PUMP-CENTR
P-34951,EC-PUMP-CENTR
PSV-34952,EC-VALVE-RELIEF
XV-34953,EC-VALVE-ISO
PSV-34954,EC-VALVE-RELIEF
V-34955,EC-VESSEL-SEP
V-34956,EC-VESSEL-SEP
FT-34957,EC-INST-FT
XV-34958,EC-VALVE-ISO
FCV-34959,EC-VALVE-CTRL
P-34960,EC-PUMP-CENTR
E-34961,EC-HEATEXCH-SHELL
P-34962,EC-PUMP-CENTR
FCV-34963,EC-VALVE-CTRL
P-34964,EC-PUMP-RECIP
FCV-34965,EC-VALVE-CTRL
COL-34966,EC-VESSEL-COL
FT-34967,EC-INST-FT
LT-34968,EC-INST-LT
PT-34969,EC-INST-PT
K-34970,EC-COMPRESSOR-CENTR
P-34971,EC-PUMP-RECIP
COL-34972,EC-VESSEL-COL
COL-34973,EC-VESSEL-COL
XV-34974,EC-VALVE-ISO
PSV-34975,EC-VALVE-RELIEF
PSV-34976,EC-VALVE-RELIEF
P-34977,EC-PUMP-RECIP
PSV-34978,EC-VALVE-RELIEF
PSV-34979,EC-VALVE-RELIEF
V-34980,EC-VESSEL-SEP
PT-34981,EC-INST-PT
E-34982,EC-HEATEXCH-SHELL
V-34983,EC-VESSEL-SEP
COL-34984,EC-VESSEL-COL
P-34985,EC-PUMP-CENTR
V-34986,EC-VESSEL-SEP
XV-34987,EC-VALVE-ISO
V-34988,EC-VESSEL-SEP
PT-34989,EC-INST-PT
XV-34990,EC-VALVE-ISO
P-34991,EC-PUMP-RECIP
FT-34992,EC-INST-FT
PSV-34993,EC-VALVE-RELIEF
E-34994,EC-HEATEXCH-SHELL
LT-34995,EC-INST-LT
FCV-34996,EC-VALVE-CTRL
PSV-34997,EC-VALVE-RELIEF
V-34998,EC-VESSEL-SEP
P-34999,EC-PUMP-CENTR
PT-35000,EC-INST-PT
COL-35001,EC-VESSEL-COL
K-35002,EC-COMPRESSOR-CENTR
XV-35003,EC-VALVE-ISO
V-35004,EC-VESSEL-SEP
V-35005,EC-VESSEL-SEP
COL-35006,EC-VESSEL-COL
TT-35007,EC-INST-TT
P-35008,EC-PUMP-RECIP
FT-35009,EC-INST-FT
V-35010,EC-VESSEL-SEP
E-35011,EC-HEATEXCH-SHELL
COL-35012,EC-VESSEL-COL
PSV-35013,EC-VALVE-RELIEF
PSV-35014,EC-VALVE-RELIEF
PSV-35015,EC-VALVE-RELIEF
TT-35016,EC-INST-TT
V-35017,EC-VESSEL-SEP
XV-35018,EC-VALVE-ISO
XV-35019,EC-VALVE-ISO
TT-35020,EC-INST-TT
LT-35021,EC-INST-LT
V-35022,EC-VESSEL-SEP
E-35023,EC-HEATEXCH-SHELL
XV-35024,EC-VALVE-ISO
TT-35025,EC-INST-TT
FCV-35026,EC-VALVE-CTRL
PSV-35027,EC-VALVE-RELIEF
PSV-35028,EC-VALVE-RELIEF
K-35029,EC-COMPRESSOR-CENTR
XV-35030,EC-VALVE-ISO
PSV-35031,EC-VALVE-RELIEF
COL-35032,EC-VESSEL-COL
P-35033,EC-PUMP-CENTR
PT-35034,EC-INST-PT
TT-35035,EC-INST-TT
COL-35036,EC-VESSEL-COL
COL-35037,EC-VESSEL-COL
COL-35038,EC-VESSEL-COL
XV-35039,EC-VALVE-ISO
K-35040,EC-COMPRESSOR-CENTR
PSV-35041,EC-VALVE-RELIEF
E-35042,EC-HEATEXCH-SHELL
FCV-35043,EC-VALVE-CTRL
P-35044,EC-PUMP-RECIP
E-35045,EC-HEATEXCH-SHELL
PSV-35046,EC-VALVE-RELIEF
P-35047,EC-PUMP-RECIP
XV-35048,EC-VALVE-ISO
V-35049,EC-VESSEL-SEP
E-35050,EC-HEATEXCH-SHELL
XV-35051,EC-VALVE-ISO
PSV-35052,EC-VALVE-RELIEF
PSV-35053,EC-VALVE-RELIEF
LT-35054,EC-INST-LT
PSV-35055,EC-VALVE-RELIEF
FT-35056,EC-INST-FT
LT-35057,EC-INST-LT
PSV-35058,EC-VALVE-RELIEF
V-35059,EC-VESSEL-SEP
P-35060,EC-PUMP-RECIP
COL-35061,EC-VESSEL-COL
LT-35062,EC-INST-LT
P-35063,EC-PUMP-CENTR
FT-35064,EC-INST-FT
PT-35065,EC-INST-PT
E-35066,EC-HEATEXCH-SHELL
P-35067,EC-PUMP-CENTR
E-35068,EC-HEATEXCH-SHELL
K-35069,EC-COMPRESSOR-CENTR
P-35070,EC-PUMP-RECIP
FT-35071,EC-INST-FT
TT-35072,EC-INST-TT
E-35073,EC-HEATEXCH-SHELL
PT-35074,EC-INST-PT
V-35075,EC-VESSEL-SEP
TT-35076,EC-INST-TT
P-35077,EC-PUMP-CENTR
FCV-35078,EC-VALVE-CTRL
FCV-35079,EC-VALVE-CTRL
LT-35080,EC-INST-LT
PSV-35081,EC-VALVE-RELIEF
K-35082,EC-COMPRESSOR-CENTR
P-35083,EC-PUMP-CENTR
V-35084,EC-VESSEL-SEP
K-35085,EC-COMPRESSOR-CENTR
K-35086,EC-COMPRESSOR-CENTR
P-35087,EC-PUMP-CENTR
E-35088,EC-HEATEXCH-SHELL
FCV-35089,EC-VALVE-CTRL
FCV-35090,EC-VALVE-CTRL
P-35091,EC-PUMP-RECIP
XV-35092,EC-VALVE-ISO
TT-35093,EC-INST-TT
TT-35094,EC-INST-TT
K-35095,EC-COMPRESSOR-CENTR
PSV-35096,EC-VALVE-RELIEF
PSV-35097,EC-VALVE-RELIEF
P-35098,EC-PUMP-CENTR
LT-35099,EC-INST-LT
FT-35100,EC-INST-FT
COL-35101,EC-VESSEL-COL
K-35102,EC-COMPRESSOR-CENTR
P-35103,EC-PUMP-RECIP
COL-35104,EC-VESSEL-COL
P-35105,EC-PUMP-RECIP
E-35106,EC-HEATEXCH-SHELL
K-35107,EC-COMPRESSOR-CENTR
LT-35108,EC-INST-LT
E-35109,EC-HEATEXCH-SHELL
TT-35110,EC-INST-TT
E-35111,EC-HEATEXCH-SHELL
PSV-35112,EC-VALVE-RELIEF
COL-35113,EC-VESSEL-COL
E-35114,EC-HEATEXCH-SHELL
E-35115,EC-HEATEXCH-SHELL
E-35116,EC-HEATEXCH-SHELL
PSV-35117,EC-VALVE-RELIEF
PT-35118,EC-INST-PT
TT-35119,EC-INST-TT
V-35120,EC-VESSEL-SEP
E-35121,EC-HEATEXCH-SHELL
E-35122,EC-HEATEXCH-SHELL
PT-35123,EC-INST-PT
PSV-35124,EC-VALVE-RELIEF
FCV-35125,EC-VALVE-CTRL
K-35126,EC-COMPRESSOR-CENTR
K-35127,EC-COMPRESSOR-CENTR
K-35128,EC-COMPRESSOR-CENTR
XV-35129,EC-VALVE-ISO
P-35130,EC-PUMP-RECIP
K-35131,EC-COMPRESSOR-CENTR
PT-35132,EC-INST-PT
COL-35133,EC-VESSEL-COL
XV-35134,EC-VALVE-ISO
K-35135,EC-COMPRESSOR-CENTR
P-35136,EC-PUMP-CENTR
PSV-35137,EC-VALVE-RELIEF
TT-35138,EC-INST-TT
K-35139,EC-COMPRESSOR-CENTR
FT-35140,EC-INST-FT
XV-35141,EC-VALVE-ISO
PT-35142,EC-INST-PT
XV-35143,EC-VALVE-ISO
TT-35144,EC-INST-TT
COL-35145,EC-VESSEL-COL
PSV-35146,EC-VALVE-RELIEF
XV-35147,EC-VALVE-ISO
LT-35148,EC-INST-LT
P-35149,EC-PUMP-CENTR
TT-35150,EC-INST-TT
COL-35151,EC-VESSEL-COL
LT-35152,EC-INST-LT
K-35153,EC-COMPRESSOR-CENTR
COL-35154,EC-VESSEL-COL
PSV-35155,EC-VALVE-RELIEF
V-35156,EC-VESSEL-SEP
P-35157,EC-PUMP-CENTR
K-35158,EC-COMPRESSOR-CENTR
FT-35159,EC-INST-FT
P-35160,EC-PUMP-RECIP
E-35161,EC-HEATEXCH-SHELL
LT-35162,EC-INST-LT
E-35163,EC-HEATEXCH-SHELL
PT-35164,EC-INST-PT
XV-35165,EC-VALVE-ISO
PSV-35166,EC-VALVE-RELIEF
P-35167,EC-PUMP-RECIP
FT-35168,EC-INST-FT
TT-35169,EC-INST-TT
P-35170,EC-PUMP-RECIP
P-35171,EC-PUMP-CENTR
K-35172,EC-COMPRESSOR-CENTR
P-35173,EC-PUMP-CENTR
XV-35174,EC-VALVE-ISO
P-35175,EC-PUMP-CENTR
XV-35176,EC-VALVE-ISO
E-35177,EC-HEATEXCH-SHELL
K-35178,EC-COMPRESSOR-CENTR
LT-35179,EC-INST-LT
V-35180,EC-VESSEL-SEP
FT-35181,EC-INST-FT
PT-35182,EC-INST-PT
XV-35183,EC-VALVE-ISO
FCV-35184,EC-VALVE-CTRL
XV-35185,EC-VALVE-ISO
P-35186,EC-PUMP-CENTR
COL-35187,EC-VESSEL-COL
COL-35188,EC-VESSEL-COL
PT-35189,EC-INST-PT
P-35190,EC-PUMP-RECIP
FCV-35191,EC-VALVE-CTRL
E-35192,EC-HEATEXCH-SHELL
K-35193,EC-COMPRESSOR-CENTR
XV-35194,EC-VALVE-ISO
FT-35195,EC-INST-FT
V-35196,EC-VESSEL-SEP
E-35197,EC-HEATEXCH-SHELL
V-35198,EC-VESSEL-SEP
P-35199,EC-PUMP-RECIP
V-35200,EC-VESSEL-SEP
PT-35201,EC-INST-PT
K-35202,EC-COMPRESSOR-CENTR
K-35203,EC-COMPRESSOR-CENTR
PSV-35204,EC-VALVE-RELIEF
FCV-35205,EC-VALVE-CTRL
XV-35206,EC-VALVE-ISO
PSV-35207,EC-VALVE-RELIEF
LT-35208,EC-INST-LT
TT-35209,EC-INST-TT
P-35210,EC-PUMP-CENTR
FT-35211,EC-INST-FT
E-35212,EC-HEATEXCH-SHELL
P-35213,EC-PUMP-CENTR
K-35214,EC-COMPRESSOR-CENTR
PT-35215,EC-INST-PT
PT-35216,EC-INST-PT
P-35217,EC-PUMP-RECIP
P-35218,EC-PUMP-CENTR
XV-35219,EC-VALVE-ISO
P-35220,EC-PUMP-CENTR
FCV-35221,EC-VALVE-CTRL
PSV-35222,EC-VALVE-RELIEF
XV-35223,EC-VALVE-ISO
PT-35224,EC-INST-PT
V-35225,EC-VESSEL-SEP
P-35226,EC-PUMP-RECIP
XV-35227,EC-VALVE-ISO
PSV-35228,EC-VALVE-RELIEF
E-35229,EC-HEATEXCH-SHELL
K-35230,EC-COMPRESSOR-CENTR
FT-35231,EC-INST-FT
P-35232,EC-PUMP-RECIP
LT-35233,EC-INST-LT
FCV-35234,EC-VALVE-CTRL
XV-35235,EC-VALVE-ISO
P-35236,EC-PUMP-RECIP
PT-35237,EC-INST-PT
E-35238,EC-HEATEXCH-SHELL
P-35239,EC-PUMP-RECIP
P-35240,EC-PUMP-RECIP
FT-35241,EC-INST-FT
P-35242,EC-PUMP-RECIP
PT-35243,EC-INST-PT
FT-35244,EC-INST-FT
TT-35245,EC-INST-TT
LT-35246,EC-INST-LT
P-35247,EC-PUMP-RECIP
FCV-35248,EC-VALVE-CTRL
XV-35249,EC-VALVE-ISO
P-35250,EC-PUMP-RECIP
P-35251,EC-PUMP-RECIP
E-35252,EC-HEATEXCH-SHELL
FT-35253,EC-INST-FT
P-35254,EC-PUMP-RECIP
PT-35255,EC-INST-PT
P-35256,EC-PUMP-CENTR
TT-35257,EC-INST-TT
PT-35258,EC-INST-PT
XV-35259,EC-VALVE-ISO
PSV-35260,EC-VALVE-RELIEF
PSV-35261,EC-VALVE-RELIEF
P-35262,EC-PUMP-RECIP
XV-35263,EC-VALVE-ISO
K-35264,EC-COMPRESSOR-CENTR
TT-35265,EC-INST-TT
PSV-35266,EC-VALVE-RELIEF
V-35267,EC-VESSEL-SEP
PSV-35268,EC-VALVE-RELIEF
XV-35269,EC-VALVE-ISO
FCV-35270,EC-VALVE-CTRL
PSV-35271,EC-VALVE-RELIEF
K-35272,EC-COMPRESSOR-CENTR
K-35273,EC-COMPRESSOR-CENTR
P-35274,EC-PUMP-RECIP
P-35275,EC-PUMP-CENTR
TT-35276,EC-INST-TT
TT-35277,EC-INST-TT
P-35278,EC-PUMP-RECIP
COL-35279,EC-VESSEL-COL
V-35280,EC-VESSEL-SEP
FCV-35281,EC-VALVE-CTRL
COL-35282,EC-VESSEL-COL
FCV-35283,EC-VALVE-CTRL
COL-35284,EC-VESSEL-COL
FCV-35285,EC-VALVE-CTRL
P-35286,EC-PUMP-RECIP
K-35287,EC-COMPRESSOR-CENTR
E-35288,EC-HEATEXCH-SHELL
P-35289,EC-PUMP-CENTR
E-35290,EC-HEATEXCH-SHELL
E-35291,EC-HEATEXCH-SHELL
COL-35292,EC-VESSEL-COL
V-35293,EC-VESSEL-SEP
XV-35294,EC-VALVE-ISO
XV-35295,EC-VALVE-ISO
LT-35296,EC-INST-LT
COL-35297,EC-VESSEL-COL
V-35298,EC-VESSEL-SEP
K-35299,EC-COMPRESSOR-CENTR
P-35300,EC-PUMP-CENTR
V-35301,EC-VESSEL-SEP
P-35302,EC-PUMP-RECIP
TT-35303,EC-INST-TT
V-35304,EC-VESSEL-SEP
FCV-35305,EC-VALVE-CTRL
TT-35306,EC-INST-TT
PSV-35307,EC-VALVE-RELIEF
V-35308,EC-VESSEL-SEP
PT-35309,EC-INST-PT
P-35310,EC-PUMP-CENTR
COL-35311,EC-VESSEL-COL
P-35312,EC-PUMP-CENTR
XV-35313,EC-VALVE-ISO
V-35314,EC-VESSEL-SEP
XV-35315,EC-VALVE-ISO
LT-35316,EC-INST-LT
PT-35317,EC-INST-PT
TT-35318,EC-INST-TT
XV-35319,EC-VALVE-ISO
LT-35320,EC-INST-LT
FT-35321,EC-INST-FT
V-35322,EC-VESSEL-SEP
PT-35323,EC-INST-PT
COL-35324,EC-VESSEL-COL
PT-35325,EC-INST-PT
FCV-35326,EC-VALVE-CTRL
PSV-35327,EC-VALVE-RELIEF
TT-35328,EC-INST-TT
E-35329,EC-HEATEXCH-SHELL
XV-35330,EC-VALVE-ISO
P-35331,EC-PUMP-CENTR
PSV-35332,EC-VALVE-RELIEF
PSV-35333,EC-VALVE-RELIEF
FT-35334,EC-INST-FT
PSV-35335,EC-VALVE-RELIEF
PT-35336,EC-INST-PT
K-35337,EC-COMPRESSOR-CENTR
XV-35338,EC-VALVE-ISO
P-35339,EC-PUMP-RECIP
P-35340,EC-PUMP-RECIP
TT-35341,EC-INST-TT
P-35342,EC-PUMP-RECIP
PT-35343,EC-INST-PT
P-35344,EC-PUMP-RECIP
FCV-35345,EC-VALVE-CTRL
COL-35346,EC-VESSEL-COL
FT-35347,EC-INST-FT
P-35348,EC-PUMP-RECIP
PSV-35349,EC-VALVE-RELIEF
P-35350,EC-PUMP-RECIP
FCV-35351,EC-VALVE-CTRL
P-35352,EC-PUMP-CENTR
V-35353,EC-VESSEL-SEP
FT-35354,EC-INST-FT
P-35355,EC-PUMP-RECIP
PT-35356,EC-INST-PT
PSV-35357,EC-VALVE-RELIEF
TT-35358,EC-INST-TT
P-35359,EC-PUMP-RECIP
PT-35360,EC-INST-PT
K-35361,EC-COMPRESSOR-CENTR
PSV-35362,EC-VALVE-RELIEF
FT-35363,EC-INST-FT
P-35364,EC-PUMP-CENTR
XV-35365,EC-VALVE-ISO
XV-35366,EC-VALVE-ISO
P-35367,EC-PUMP-RECIP
TT-35368,EC-INST-TT
LT-35369,EC-INST-LT
P-35370,EC-PUMP-RECIP
FT-35371,EC-INST-FT
P-35372,EC-PUMP-CENTR
P-35373,EC-PUMP-RECIP
E-35374,EC-HEATEXCH-SHELL
K-35375,EC-COMPRESSOR-CENTR
P-35376,EC-PUMP-CENTR
PSV-35377,EC-VALVE-RELIEF
LT-35378,EC-INST-LT
TT-35379,EC-INST-TT
COL-35380,EC-VESSEL-COL
E-35381,EC-HEATEXCH-SHELL
PSV-35382,EC-VALVE-RELIEF
FCV-35383,EC-VALVE-CTRL
FT-35384,EC-INST-FT
LT-35385,EC-INST-LT
PT-35386,EC-INST-PT
TT-35387,EC-INST-TT
E-35388,EC-HEATEXCH-SHELL
LT-35389,EC-INST-LT
K-35390,EC-COMPRESSOR-CENTR
P-35391,EC-PUMP-CENTR
COL-35392,EC-VESSEL-COL
P-35393,EC-PUMP-RECIP
LT-35394,EC-INST-LT
PSV-35395,EC-VALVE-RELIEF
P-35396,EC-PUMP-RECIP
FT-35397,EC-INST-FT
COL-35398,EC-VESSEL-COL
E-35399,EC-HEATEXCH-SHELL
XV-35400,EC-VALVE-ISO
K-35401,EC-COMPRESSOR-CENTR
FT-35402,EC-INST-FT
FT-35403,EC-INST-FT
LT-35404,EC-INST-LT
LT-35405,EC-INST-LT
XV-35406,EC-VALVE-ISO
XV-35407,EC-VALVE-ISO
P-35408,EC-PUMP-CENTR
PSV-35409,EC-VALVE-RELIEF
P-35410,EC-PUMP-RECIP
LT-35411,EC-INST-LT
P-35412,EC-PUMP-RECIP
E-35413,EC-HEATEXCH-SHELL
COL-35414,EC-VESSEL-COL
E-35415,EC-HEATEXCH-SHELL
PSV-35416,EC-VALVE-RELIEF
E-35417,EC-HEATEXCH-SHELL
XV-35418,EC-VALVE-ISO
XV-35419,EC-VALVE-ISO
XV-35420,EC-VALVE-ISO
PSV-35421,EC-VALVE-RELIEF
TT-35422,EC-INST-TT
K-35423,EC-COMPRESSOR-CENTR
FCV-35424,EC-VALVE-CTRL
XV-35425,EC-VALVE-ISO
PSV-35426,EC-VALVE-RELIEF
P-35427,EC-PUMP-RECIP
FCV-35428,EC-VALVE-CTRL
K-35429,EC-COMPRESSOR-CENTR
LT-35430,EC-INST-LT
PT-35431,EC-INST-PT
LT-35432,EC-INST-LT
PSV-35433,EC-VALVE-RELIEF
PSV-35434,EC-VALVE-RELIEF
TT-35435,EC-INST-TT
PSV-35436,EC-VALVE-RELIEF
TT-35437,EC-INST-TT
LT-35438,EC-INST-LT
E-35439,EC-HEATEXCH-SHELL
FCV-35440,EC-VALVE-CTRL
TT-35441,EC-INST-TT
FCV-35442,EC-VALVE-CTRL
COL-35443,EC-VESSEL-COL
TT-35444,EC-INST-TT
LT-35445,EC-INST-LT
FCV-35446,EC-VALVE-CTRL
TT-35447,EC-INST-TT
LT-35448,EC-INST-LT
V-35449,EC-VESSEL-SEP
FT-35450,EC-INST-FT
P-35451,EC-PUMP-RECIP
LT-35452,EC-INST-LT
P-35453,EC-PUMP-RECIP
LT-35454,EC-INST-LT
XV-35455,EC-VALVE-ISO
XV-35456,EC-VALVE-ISO
K-35457,EC-COMPRESSOR-CENTR
PT-35458,EC-INST-PT
PSV-35459,EC-VALVE-RELIEF
LT-35460,EC-INST-LT
LT-35461,EC-INST-LT
FT-35462,EC-INST-FT
E-35463,EC-HEATEXCH-SHELL
FCV-35464,EC-VALVE-CTRL
K-35465,EC-COMPRESSOR-CENTR
XV-35466,EC-VALVE-ISO
FCV-35467,EC-VALVE-CTRL
FCV-35468,EC-VALVE-CTRL
PT-35469,EC-INST-PT
P-35470,EC-PUMP-CENTR
K-35471,EC-COMPRESSOR-CENTR
V-35472,EC-VESSEL-SEP
PT-35473,EC-INST-PT
V-35474,EC-VESSEL-SEP
LT-35475,EC-INST-LT
FCV-35476,EC-VALVE-CTRL
FT-35477,EC-INST-FT
TT-35478,EC-INST-TT
PSV-35479,EC-VALVE-RELIEF
E-35480,EC-HEATEXCH-SHELL
TT-35481,EC-INST-TT
E-35482,EC-HEATEXCH-SHELL
E-35483,EC-HEATEXCH-SHELL
P-35484,EC-PUMP-CENTR
P-35485,EC-PUMP-CENTR
PT-35486,EC-INST-PT
P-35487,EC-PUMP-RECIP
E-35488,EC-HEATEXCH-SHELL
P-35489,EC-PUMP-RECIP
LT-35490,EC-INST-LT
PSV-35491,EC-VALVE-RELIEF
P-35492,EC-PUMP-RECIP
V-35493,EC-VESSEL-SEP
XV-35494,EC-VALVE-ISO
FT-35495,EC-INST-FT
P-35496,EC-PUMP-RECIP
PT-35497,EC-INST-PT
LT-35498,EC-INST-LT
P-35499,EC-PUMP-CENTR
XV-35500,EC-VALVE-ISO
PSV-35501,EC-VALVE-RELIEF
PT-35502,EC-INST-PT
K-35503,EC-COMPRESSOR-CENTR
P-35504,EC-PUMP-CENTR
K-35505,EC-COMPRESSOR-CENTR
V-35506,EC-VESSEL-SEP
PSV-35507,EC-VALVE-RELIEF
XV-35508,EC-VALVE-ISO
FCV-35509,EC-VALVE-CTRL
P-35510,EC-PUMP-RECIP
E-35511,EC-HEATEXCH-SHELL
COL-35512,EC-VESSEL-COL
FT-35513,EC-INST-FT
XV-35514,EC-VALVE-ISO
LT-35515,EC-INST-LT
FT-35516,EC-INST-FT
P-35517,EC-PUMP-RECIP
PSV-35518,EC-VALVE-RELIEF
K-35519,EC-COMPRESSOR-CENTR
P-35520,EC-PUMP-RECIP
V-35521,EC-VESSEL-SEP
LT-35522,EC-INST-LT
E-35523,EC-HEATEXCH-SHELL
PSV-35524,EC-VALVE-RELIEF
LT-35525,EC-INST-LT
K-35526,EC-COMPRESSOR-CENTR
PT-35527,EC-INST-PT
PSV-35528,EC-VALVE-RELIEF
FCV-35529,EC-VALVE-CTRL
P-35530,EC-PUMP-CENTR
PT-35531,EC-INST-PT
XV-35532,EC-VALVE-ISO
FCV-35533,EC-VALVE-CTRL
E-35534,EC-HEATEXCH-SHELL
E-35535,EC-HEATEXCH-SHELL
TT-35536,EC-INST-TT
COL-35537,EC-VESSEL-COL
FCV-35538,EC-VALVE-CTRL
PSV-35539,EC-VALVE-RELIEF
PSV-35540,EC-VALVE-RELIEF
P-35541,EC-PUMP-CENTR
LT-35542,EC-INST-LT
PSV-35543,EC-VALVE-RELIEF
E-35544,EC-HEATEXCH-SHELL
LT-35545,EC-INST-LT
XV-35546,EC-VALVE-ISO
LT-35547,EC-INST-LT
LT-35548,EC-INST-LT
E-35549,EC-HEATEXCH-SHELL
PSV-35550,EC-VALVE-RELIEF
LT-35551,EC-INST-LT
PSV-35552,EC-VALVE-RELIEF
PT-35553,EC-INST-PT
P-35554,EC-PUMP-CENTR
P-35555,EC-PUMP-CENTR
V-35556,EC-VESSEL-SEP
TT-35557,EC-INST-TT
V-35558,EC-VESSEL-SEP
FT-35559,EC-INST-FT
COL-35560,EC-VESSEL-COL
PSV-35561,EC-VALVE-RELIEF
COL-35562,EC-VESSEL-COL
XV-35563,EC-VALVE-ISO
E-35564,EC-HEATEXCH-SHELL
P-35565,EC-PUMP-CENTR
FT-35566,EC-INST-FT
P-35567,EC-PUMP-CENTR
TT-35568,EC-INST-TT
P-35569,EC-PUMP-CENTR
LT-35570,EC-INST-LT
PT-35571,EC-INST-PT
V-35572,EC-VESSEL-SEP
PSV-35573,EC-VALVE-RELIEF
V-35574,EC-VESSEL-SEP
LT-35575,EC-INST-LT
P-35576,EC-PUMP-CENTR
P-35577,EC-PUMP-CENTR
COL-35578,EC-VESSEL-COL
E-35579,EC-HEATEXCH-SHELL
XV-35580,EC-VALVE-ISO
COL-35581,EC-VESSEL-COL
XV-35582,EC-VALVE-ISO
FCV-35583,EC-VALVE-CTRL
K-35584,EC-COMPRESSOR-CENTR
XV-35585,EC-VALVE-ISO
LT-35586,EC-INST-LT
FCV-35587,EC-VALVE-CTRL
K-35588,EC-COMPRESSOR-CENTR
V-35589,EC-VESSEL-SEP
E-35590,EC-HEATEXCH-SHELL
E-35591,EC-HEATEXCH-SHELL
XV-35592,EC-VALVE-ISO
PSV-35593,EC-VALVE-RELIEF
PT-35594,EC-INST-PT
K-35595,EC-COMPRESSOR-CENTR
TT-35596,EC-INST-TT
V-35597,EC-VESSEL-SEP
E-35598,EC-HEATEXCH-SHELL
PSV-35599,EC-VALVE-RELIEF
P-35600,EC-PUMP-RECIP
P-35601,EC-PUMP-RECIP
K-35602,EC-COMPRESSOR-CENTR
E-35603,EC-HEATEXCH-SHELL
COL-35604,EC-VESSEL-COL
K-35605,EC-COMPRESSOR-CENTR
V-35606,EC-VESSEL-SEP
TT-35607,EC-INST-TT
V-35608,EC-VESSEL-SEP
PT-35609,EC-INST-PT
COL-35610,EC-VESSEL-COL
TT-35611,EC-INST-TT
V-35612,EC-VESSEL-SEP
FT-35613,EC-INST-FT
V-35614,EC-VESSEL-SEP
FT-35615,EC-INST-FT
P-35616,EC-PUMP-RECIP
FCV-35617,EC-VALVE-CTRL
FCV-35618,EC-VALVE-CTRL
PT-35619,EC-INST-PT
FT-35620,EC-INST-FT
K-35621,EC-COMPRESSOR-CENTR
E-35622,EC-HEATEXCH-SHELL
P-35623,EC-PUMP-RECIP
PT-35624,EC-INST-PT
COL-35625,EC-VESSEL-COL
E-35626,EC-HEATEXCH-SHELL
LT-35627,EC-INST-LT
PSV-35628,EC-VALVE-RELIEF
COL-35629,EC-VESSEL-COL
LT-35630,EC-INST-LT
FT-35631,EC-INST-FT
V-35632,EC-VESSEL-SEP
XV-35633,EC-VALVE-ISO
TT-35634,EC-INST-TT
PT-35635,EC-INST-PT
FT-35636,EC-INST-FT
XV-35637,EC-VALVE-ISO
TT-35638,EC-INST-TT
XV-35639,EC-VALVE-ISO
LT-35640,EC-INST-LT
P-35641,EC-PUMP-RECIP
P-35642,EC-PUMP-CENTR
TT-35643,EC-INST-TT
TT-35644,EC-INST-TT
P-35645,EC-PUMP-CENTR
FT-35646,EC-INST-FT
PT-35647,EC-INST-PT
P-35648,EC-PUMP-CENTR
PT-35649,EC-INST-PT
K-35650,EC-COMPRESSOR-CENTR
P-35651,EC-PUMP-CENTR
V-35652,EC-VESSEL-SEP
COL-35653,EC-VESSEL-COL
E-35654,EC-HEATEXCH-SHELL
PSV-35655,EC-VALVE-RELIEF
V-35656,EC-VESSEL-SEP
E-35657,EC-HEATEXCH-SHELL
XV-35658,EC-VALVE-ISO
V-35659,EC-VESSEL-SEP
E-35660,EC-HEATEXCH-SHELL
E-35661,EC-HEATEXCH-SHELL
FT-35662,EC-INST-FT
V-35663,EC-VESSEL-SEP
FCV-35664,EC-VALVE-CTRL
LT-35665,EC-INST-LT
P-35666,EC-PUMP-RECIP
K-35667,EC-COMPRESSOR-CENTR
P-35668,EC-PUMP-RECIP
XV-35669,EC-VALVE-ISO
E-35670,EC-HEATEXCH-SHELL
XV-35671,EC-VALVE-ISO
FT-35672,EC-INST-FT
XV-35673,EC-VALVE-ISO
COL-35674,EC-VESSEL-COL
XV-35675,EC-VALVE-ISO
V-35676,EC-VESSEL-SEP
COL-35677,EC-VESSEL-COL
PT-35678,EC-INST-PT
FT-35679,EC-INST-FT
E-35680,EC-HEATEXCH-SHELL
FT-35681,EC-INST-FT
LT-35682,EC-INST-LT
P-35683,EC-PUMP-CENTR
LT-35684,EC-INST-LT
V-35685,EC-VESSEL-SEP
K-35686,EC-COMPRESSOR-CENTR
P-35687,EC-PUMP-CENTR
K-35688,EC-COMPRESSOR-CENTR
LT-35689,EC-INST-LT
FT-35690,EC-INST-FT
PT-35691,EC-INST-PT
XV-35692,EC-VALVE-ISO
P-35693,EC-PUMP-CENTR
FT-35694,EC-INST-FT
V-35695,EC-VESSEL-SEP
FT-35696,EC-INST-FT
FCV-35697,EC-VALVE-CTRL
TT-35698,EC-INST-TT
COL-35699,EC-VESSEL-COL
COL-35700,EC-VESSEL-COL
P-35701,EC-PUMP-CENTR
V-35702,EC-VESSEL-SEP
TT-35703,EC-INST-TT
FCV-35704,EC-VALVE-CTRL
XV-35705,EC-VALVE-ISO
V-35706,EC-VESSEL-SEP
COL-35707,EC-VESSEL-COL
LT-35708,EC-INST-LT
PSV-35709,EC-VALVE-RELIEF
V-35710,EC-VESSEL-SEP
E-35711,EC-HEATEXCH-SHELL
P-35712,EC-PUMP-CENTR
FT-35713,EC-INST-FT
PT-35714,EC-INST-PT
V-35715,EC-VESSEL-SEP
P-35716,EC-PUMP-CENTR
P-35717,EC-PUMP-CENTR
TT-35718,EC-INST-TT
XV-35719,EC-VALVE-ISO
FT-35720,EC-INST-FT
FCV-35721,EC-VALVE-CTRL
LT-35722,EC-INST-LT
P-35723,EC-PUMP-RECIP
PT-35724,EC-INST-PT
PSV-35725,EC-VALVE-RELIEF
LT-35726,EC-INST-LT
FT-35727,EC-INST-FT
V-35728,EC-VESSEL-SEP
V-35729,EC-VESSEL-SEP
TT-35730,EC-INST-TT
P-35731,EC-PUMP-RECIP
PT-35732,EC-INST-PT
PT-35733,EC-INST-PT
E-35734,EC-HEATEXCH-SHELL
XV-35735,EC-VALVE-ISO
TT-35736,EC-INST-TT
COL-35737,EC-VESSEL-COL
V-35738,EC-VESSEL-SEP
P-35739,EC-PUMP-CENTR
V-35740,EC-VESSEL-SEP
K-35741,EC-COMPRESSOR-CENTR
K-35742,EC-COMPRESSOR-CENTR
PT-35743,EC-INST-PT
LT-35744,EC-INST-LT
PT-35745,EC-INST-PT
K-35746,EC-COMPRESSOR-CENTR
P-35747,EC-PUMP-CENTR
E-35748,EC-HEATEXCH-SHELL
P-35749,EC-PUMP-RECIP
FCV-35750,EC-VALVE-CTRL
V-35751,EC-VESSEL-SEP
FT-35752,EC-INST-FT
E-35753,EC-HEATEXCH-SHELL
P-35754,EC-PUMP-CENTR
V-35755,EC-VESSEL-SEP
K-35756,EC-COMPRESSOR-CENTR
P-35757,EC-PUMP-RECIP
PSV-35758,EC-VALVE-RELIEF
E-35759,EC-HEATEXCH-SHELL
E-35760,EC-HEATEXCH-SHELL
E-35761,EC-HEATEXCH-SHELL
XV-35762,EC-VALVE-ISO
PT-35763,EC-INST-PT
FCV-35764,EC-VALVE-CTRL
P-35765,EC-PUMP-RECIP
V-35766,EC-VESSEL-SEP
E-35767,EC-HEATEXCH-SHELL
P-35768,EC-PUMP-RECIP
FCV-35769,EC-VALVE-CTRL
COL-35770,EC-VESSEL-COL
PSV-35771,EC-VALVE-RELIEF
P-35772,EC-PUMP-RECIP
TT-35773,EC-INST-TT
COL-35774,EC-VESSEL-COL
PSV-35775,EC-VALVE-RELIEF
TT-35776,EC-INST-TT
TT-35777,EC-INST-TT
E-35778,EC-HEATEXCH-SHELL
V-35779,EC-VESSEL-SEP
COL-35780,EC-VESSEL-COL
V-35781,EC-VESSEL-SEP
FCV-35782,EC-VALVE-CTRL
FCV-35783,EC-VALVE-CTRL
E-35784,EC-HEATEXCH-SHELL
LT-35785,EC-INST-LT
K-35786,EC-COMPRESSOR-CENTR
P-35787,EC-PUMP-CENTR
FCV-35788,EC-VALVE-CTRL
XV-35789,EC-VALVE-ISO
FT-35790,EC-INST-FT
LT-35791,EC-INST-LT
V-35792,EC-VESSEL-SEP
FT-35793,EC-INST-FT
PSV-35794,EC-VALVE-RELIEF
V-35795,EC-VESSEL-SEP
V-35796,EC-VESSEL-SEP
TT-35797,EC-INST-TT
PSV-35798,EC-VALVE-RELIEF
PT-35799,EC-INST-PT
TT-35800,EC-INST-TT
P-35801,EC-PUMP-RECIP
P-35802,EC-PUMP-CENTR
P-35803,EC-PUMP-CENTR
FT-35804,EC-INST-FT
V-35805,EC-VESSEL-SEP
K-35806,EC-COMPRESSOR-CENTR
PT-35807,EC-INST-PT
P-35808,EC-PUMP-RECIP
FCV-35809,EC-VALVE-CTRL
E-35810,EC-HEATEXCH-SHELL
PSV-35811,EC-VALVE-RELIEF
K-35812,EC-COMPRESSOR-CENTR
PT-35813,EC-INST-PT
E-35814,EC-HEATEXCH-SHELL
PSV-35815,EC-VALVE-RELIEF
K-35816,EC-COMPRESSOR-CENTR
TT-35817,EC-INST-TT
V-35818,EC-VESSEL-SEP
V-35819,EC-VESSEL-SEP
LT-35820,EC-INST-LT
LT-35821,EC-INST-LT
P-35822,EC-PUMP-CENTR
PT-35823,EC-INST-PT
V-35824,EC-VESSEL-SEP
P-35825,EC-PUMP-RECIP
PSV-35826,EC-VALVE-RELIEF
TT-35827,EC-INST-TT
TT-35828,EC-INST-TT
FT-35829,EC-INST-FT
E-35830,EC-HEATEXCH-SHELL
XV-35831,EC-VALVE-ISO
FCV-35832,EC-VALVE-CTRL
XV-35833,EC-VALVE-ISO
TT-35834,EC-INST-TT
PSV-35835,EC-VALVE-RELIEF
V-35836,EC-VESSEL-SEP
E-35837,EC-HEATEXCH-SHELL
PSV-35838,EC-VALVE-RELIEF
V-35839,EC-VESSEL-SEP
K-35840,EC-COMPRESSOR-CENTR
PSV-35841,EC-VALVE-RELIEF
FT-35842,EC-INST-FT
PSV-35843,EC-VALVE-RELIEF
PT-35844,EC-INST-PT
TT-35845,EC-INST-TT
E-35846,EC-HEATEXCH-SHELL
TT-35847,EC-INST-TT
FT-35848,EC-INST-FT
E-35849,EC-HEATEXCH-SHELL
K-35850,EC-COMPRESSOR-CENTR
FT-35851,EC-INST-FT
P-35852,EC-PUMP-CENTR
PT-35853,EC-INST-PT
E-35854,EC-HEATEXCH-SHELL
COL-35855,EC-VESSEL-COL
PSV-35856,EC-VALVE-RELIEF
P-35857,EC-PUMP-RECIP
P-35858,EC-PUMP-RECIP
TT-35859,EC-INST-TT
V-35860,EC-VESSEL-SEP
TT-35861,EC-INST-TT
PT-35862,EC-INST-PT
P-35863,EC-PUMP-RECIP
E-35864,EC-HEATEXCH-SHELL
K-35865,EC-COMPRESSOR-CENTR
K-35866,EC-COMPRESSOR-CENTR
FT-35867,EC-INST-FT
TT-35868,EC-INST-TT
PSV-35869,EC-VALVE-RELIEF
P-35870,EC-PUMP-RECIP
XV-35871,EC-VALVE-ISO
TT-35872,EC-INST-TT
XV-35873,EC-VALVE-ISO
P-35874,EC-PUMP-RECIP
FCV-35875,EC-VALVE-CTRL
FCV-35876,EC-VALVE-CTRL
E-35877,EC-HEATEXCH-SHELL
PSV-35878,EC-VALVE-RELIEF
P-35879,EC-PUMP-CENTR
V-35880,EC-VESSEL-SEP
FT-35881,EC-INST-FT
TT-35882,EC-INST-TT
PT-35883,EC-INST-PT
XV-35884,EC-VALVE-ISO
TT-35885,EC-INST-TT
FCV-35886,EC-VALVE-CTRL
FCV-35887,EC-VALVE-CTRL
LT-35888,EC-INST-LT
V-35889,EC-VESSEL-SEP
FT-35890,EC-INST-FT
V-35891,EC-VESSEL-SEP
LT-35892,EC-INST-LT
PT-35893,EC-INST-PT
TT-35894,EC-INST-TT
P-35895,EC-PUMP-RECIP
TT-35896,EC-INST-TT
P-35897,EC-PUMP-CENTR
V-35898,EC-VESSEL-SEP
TT-35899,EC-INST-TT
COL-35900,EC-VESSEL-COL
PSV-35901,EC-VALVE-RELIEF
PSV-35902,EC-VALVE-RELIEF
E-35903,EC-HEATEXCH-SHELL
P-35904,EC-PUMP-RECIP
FCV-35905,EC-VALVE-CTRL
V-35906,EC-VESSEL-SEP
XV-35907,EC-VALVE-ISO
LT-35908,EC-INST-LT
PT-35909,EC-INST-PT
E-35910,EC-HEATEXCH-SHELL
P-35911,EC-PUMP-CENTR
FT-35912,EC-INST-FT
PSV-35913,EC-VALVE-RELIEF
COL-35914,EC-VESSEL-COL
FCV-35915,EC-VALVE-CTRL
XV-35916,EC-VALVE-ISO
P-35917,EC-PUMP-RECIP
XV-35918,EC-VALVE-ISO
TT-35919,EC-INST-TT
FT-35920,EC-INST-FT
V-35921,EC-VESSEL-SEP
COL-35922,EC-VESSEL-COL
FCV-35923,EC-VALVE-CTRL
COL-35924,EC-VESSEL-COL
P-35925,EC-PUMP-RECIP
V-35926,EC-VESSEL-SEP
PT-35927,EC-INST-PT
XV-35928,EC-VALVE-ISO
TT-35929,EC-INST-TT
FCV-35930,EC-VALVE-CTRL
E-35931,EC-HEATEXCH-SHELL
FCV-35932,EC-VALVE-CTRL
K-35933,EC-COMPRESSOR-CENTR
PSV-35934,EC-VALVE-RELIEF
TT-35935,EC-INST-TT
FT-35936,EC-INST-FT
PSV-35937,EC-VALVE-RELIEF
PSV-35938,EC-VALVE-RELIEF
PSV-35939,EC-VALVE-RELIEF
COL-35940,EC-VESSEL-COL
PT-35941,EC-INST-PT
FT-35942,EC-INST-FT
K-35943,EC-COMPRESSOR-CENTR
PSV-35944,EC-VALVE-RELIEF
TT-35945,EC-INST-TT
FT-35946,EC-INST-FT
E-35947,EC-HEATEXCH-SHELL
P-35948,EC-PUMP-RECIP
P-35949,EC-PUMP-CENTR
PSV-35950,EC-VALVE-RELIEF
XV-35951,EC-VALVE-ISO
V-35952,EC-VESSEL-SEP
FT-35953,EC-INST-FT
E-35954,EC-HEATEXCH-SHELL
COL-35955,EC-VESSEL-COL
XV-35956,EC-VALVE-ISO
E-35957,EC-HEATEXCH-SHELL
XV-35958,EC-VALVE-ISO
V-35959,EC-VESSEL-SEP
P-35960,EC-PUMP-CENTR
V-35961,EC-VESSEL-SEP
PSV-35962,EC-VALVE-RELIEF
COL-35963,EC-VESSEL-COL
V-35964,EC-VESSEL-SEP
PT-35965,EC-INST-PT
E-35966,EC-HEATEXCH-SHELL
COL-35967,EC-VESSEL-COL
LT-35968,EC-INST-LT
V-35969,EC-VESSEL-SEP
E-35970,EC-HEATEXCH-SHELL
COL-35971,EC-VESSEL-COL
PSV-35972,EC-VALVE-RELIEF
E-35973,EC-HEATEXCH-SHELL
P-35974,EC-PUMP-RECIP
PT-35975,EC-INST-PT
FCV-35976,EC-VALVE-CTRL
E-35977,EC-HEATEXCH-SHELL
V-35978,EC-VESSEL-SEP
V-35979,EC-VESSEL-SEP
P-35980,EC-PUMP-RECIP
LT-35981,EC-INST-LT
V-35982,EC-VESSEL-SEP
XV-35983,EC-VALVE-ISO
PT-35984,EC-INST-PT
K-35985,EC-COMPRESSOR-CENTR
PT-35986,EC-INST-PT
P-35987,EC-PUMP-RECIP
XV-35988,EC-VALVE-ISO
XV-35989,EC-VALVE-ISO
K-35990,EC-COMPRESSOR-CENTR
V-35991,EC-VESSEL-SEP
COL-35992,EC-VESSEL-COL
COL-35993,EC-VESSEL-COL
P-35994,EC-PUMP-RECIP
XV-35995,EC-VALVE-ISO
PSV-35996,EC-VALVE-RELIEF
P-35997,EC-PUMP-CENTR
PT-35998,EC-INST-PT
TT-35999,EC-INST-TT
E-36000,EC-HEATEXCH-SHELL
PT-36001,EC-INST-PT
XV-36002,EC-VALVE-ISO
P-36003,EC-PUMP-RECIP
K-36004,EC-COMPRESSOR-CENTR
FCV-36005,EC-VALVE-CTRL
LT-36006,EC-INST-LT
TT-36007,EC-INST-TT
XV-36008,EC-VALVE-ISO
FT-36009,EC-INST-FT
E-36010,EC-HEATEXCH-SHELL
COL-36011,EC-VESSEL-COL
P-36012,EC-PUMP-CENTR
LT-36013,EC-INST-LT
XV-36014,EC-VALVE-ISO
E-36015,EC-HEATEXCH-SHELL
PSV-36016,EC-VALVE-RELIEF
PSV-36017,EC-VALVE-RELIEF
E-36018,EC-HEATEXCH-SHELL
COL-36019,EC-VESSEL-COL
PT-36020,EC-INST-PT
K-36021,EC-COMPRESSOR-CENTR
TT-36022,EC-INST-TT
E-36023,EC-HEATEXCH-SHELL
FT-36024,EC-INST-FT
COL-36025,EC-VESSEL-COL
XV-36026,EC-VALVE-ISO
P-36027,EC-PUMP-RECIP
TT-36028,EC-INST-TT
E-36029,EC-HEATEXCH-SHELL
P-36030,EC-PUMP-CENTR
COL-36031,EC-VESSEL-COL
LT-36032,EC-INST-LT
P-36033,EC-PUMP-RECIP
PT-36034,EC-INST-PT
XV-36035,EC-VALVE-ISO
K-36036,EC-COMPRESSOR-CENTR
K-36037,EC-COMPRESSOR-CENTR
PT-36038,EC-INST-PT
K-36039,EC-COMPRESSOR-CENTR
TT-36040,EC-INST-TT
FT-36041,EC-INST-FT
LT-36042,EC-INST-LT
P-36043,EC-PUMP-CENTR
PSV-36044,EC-VALVE-RELIEF
XV-36045,EC-VALVE-ISO
COL-36046,EC-VESSEL-COL
PSV-36047,EC-VALVE-RELIEF
XV-36048,EC-VALVE-ISO
TT-36049,EC-INST-TT
P-36050,EC-PUMP-CENTR
COL-36051,EC-VESSEL-COL
FCV-36052,EC-VALVE-CTRL
E-36053,EC-HEATEXCH-SHELL
LT-36054,EC-INST-LT
V-36055,EC-VESSEL-SEP
K-36056,EC-COMPRESSOR-CENTR
XV-36057,EC-VALVE-ISO
TT-36058,EC-INST-TT
TT-36059,EC-INST-TT
K-36060,EC-COMPRESSOR-CENTR
PT-36061,EC-INST-PT
LT-36062,EC-INST-LT
LT-36063,EC-INST-LT
COL-36064,EC-VESSEL-COL
PSV-36065,EC-VALVE-RELIEF
PT-36066,EC-INST-PT
V-36067,EC-VESSEL-SEP
XV-36068,EC-VALVE-ISO
FCV-36069,EC-VALVE-CTRL
PSV-36070,EC-VALVE-RELIEF
LT-36071,EC-INST-LT
PSV-36072,EC-VALVE-RELIEF
E-36073,EC-HEATEXCH-SHELL
FCV-36074,EC-VALVE-CTRL
XV-36075,EC-VALVE-ISO
E-36076,EC-HEATEXCH-SHELL
TT-36077,EC-INST-TT
TT-36078,EC-INST-TT
FCV-36079,EC-VALVE-CTRL
E-36080,EC-HEATEXCH-SHELL
PT-36081,EC-INST-PT
P-36082,EC-PUMP-CENTR
P-36083,EC-PUMP-RECIP
FT-36084,EC-INST-FT
K-36085,EC-COMPRESSOR-CENTR
FT-36086,EC-INST-FT
PT-36087,EC-INST-PT
FCV-36088,EC-VALVE-CTRL
FCV-36089,EC-VALVE-CTRL
LT-36090,EC-INST-LT
P-36091,EC-PUMP-CENTR
PSV-36092,EC-VALVE-RELIEF
FCV-36093,EC-VALVE-CTRL
V-36094,EC-VESSEL-SEP
PT-36095,EC-INST-PT
XV-36096,EC-VALVE-ISO
LT-36097,EC-INST-LT
P-36098,EC-PUMP-CENTR
FCV-36099,EC-VALVE-CTRL
LT-36100,EC-INST-LT
PT-36101,EC-INST-PT
XV-36102,EC-VALVE-ISO
PT-36103,EC-INST-PT
P-36104,EC-PUMP-CENTR
P-36105,EC-PUMP-RECIP
PT-36106,EC-INST-PT
P-36107,EC-PUMP-RECIP
P-36108,EC-PUMP-CENTR
FT-36109,EC-INST-FT
V-36110,EC-VESSEL-SEP
V-36111,EC-VESSEL-SEP
LT-36112,EC-INST-LT
XV-36113,EC-VALVE-ISO
PSV-36114,EC-VALVE-RELIEF
E-36115,EC-HEATEXCH-SHELL
LT-36116,EC-INST-LT
P-36117,EC-PUMP-CENTR
V-36118,EC-VESSEL-SEP
E-36119,EC-HEATEXCH-SHELL
LT-36120,EC-INST-LT
P-36121,EC-PUMP-CENTR
V-36122,EC-VESSEL-SEP
XV-36123,EC-VALVE-ISO
XV-36124,EC-VALVE-ISO
K-36125,EC-COMPRESSOR-CENTR
PT-36126,EC-INST-PT
P-36127,EC-PUMP-CENTR
P-36128,EC-PUMP-RECIP
E-36129,EC-HEATEXCH-SHELL
E-36130,EC-HEATEXCH-SHELL
E-36131,EC-HEATEXCH-SHELL
TT-36132,EC-INST-TT
P-36133,EC-PUMP-CENTR
K-36134,EC-COMPRESSOR-CENTR
V-36135,EC-VESSEL-SEP
P-36136,EC-PUMP-CENTR
P-36137,EC-PUMP-CENTR
COL-36138,EC-VESSEL-COL
TT-36139,EC-INST-TT
PSV-36140,EC-VALVE-RELIEF
PSV-36141,EC-VALVE-RELIEF
COL-36142,EC-VESSEL-COL
P-36143,EC-PUMP-RECIP
PSV-36144,EC-VALVE-RELIEF
P-36145,EC-PUMP-CENTR
FCV-36146,EC-VALVE-CTRL
FCV-36147,EC-VALVE-CTRL
TT-36148,EC-INST-TT
K-36149,EC-COMPRESSOR-CENTR
FCV-36150,EC-VALVE-CTRL
K-36151,EC-COMPRESSOR-CENTR
FCV-36152,EC-VALVE-CTRL
P-36153,EC-PUMP-RECIP
COL-36154,EC-VESSEL-COL
LT-36155,EC-INST-LT
E-36156,EC-HEATEXCH-SHELL
TT-36157,EC-INST-TT
K-36158,EC-COMPRESSOR-CENTR
FCV-36159,EC-VALVE-CTRL
TT-36160,EC-INST-TT
FT-36161,EC-INST-FT
XV-36162,EC-VALVE-ISO
FCV-36163,EC-VALVE-CTRL
PT-36164,EC-INST-PT
TT-36165,EC-INST-TT
P-36166,EC-PUMP-RECIP
P-36167,EC-PUMP-RECIP
TT-36168,EC-INST-TT
PSV-36169,EC-VALVE-RELIEF
FT-36170,EC-INST-FT
LT-36171,EC-INST-LT
XV-36172,EC-VALVE-ISO
PT-36173,EC-INST-PT
FT-36174,EC-INST-FT
TT-36175,EC-INST-TT
LT-36176,EC-INST-LT
XV-36177,EC-VALVE-ISO
PT-36178,EC-INST-PT
FCV-36179,EC-VALVE-CTRL
FT-36180,EC-INST-FT
K-36181,EC-COMPRESSOR-CENTR
COL-36182,EC-VESSEL-COL
K-36183,EC-COMPRESSOR-CENTR
PSV-36184,EC-VALVE-RELIEF
TT-36185,EC-INST-TT
PT-36186,EC-INST-PT
P-36187,EC-PUMP-RECIP
PT-36188,EC-INST-PT
FCV-36189,EC-VALVE-CTRL
K-36190,EC-COMPRESSOR-CENTR
XV-36191,EC-VALVE-ISO
COL-36192,EC-VESSEL-COL
XV-36193,EC-VALVE-ISO
P-36194,EC-PUMP-CENTR
LT-36195,EC-INST-LT
FCV-36196,EC-VALVE-CTRL
E-36197,EC-HEATEXCH-SHELL
P-36198,EC-PUMP-RECIP
E-36199,EC-HEATEXCH-SHELL
LT-36200,EC-INST-LT
P-36201,EC-PUMP-CENTR
V-36202,EC-VESSEL-SEP
K-36203,EC-COMPRESSOR-CENTR
XV-36204,EC-VALVE-ISO
TT-36205,EC-INST-TT
PSV-36206,EC-VALVE-RELIEF
COL-36207,EC-VESSEL-COL
PT-36208,EC-INST-PT
P-36209,EC-PUMP-RECIP
E-36210,EC-HEATEXCH-SHELL
P-36211,EC-PUMP-RECIP
E-36212,EC-HEATEXCH-SHELL
PSV-36213,EC-VALVE-RELIEF
TT-36214,EC-INST-TT
TT-36215,EC-INST-TT
FCV-36216,EC-VALVE-CTRL
FT-36217,EC-INST-FT
FCV-36218,EC-VALVE-CTRL
E-36219,EC-HEATEXCH-SHELL
FCV-36220,EC-VALVE-CTRL
PT-36221,EC-INST-PT
E-36222,EC-HEATEXCH-SHELL
P-36223,EC-PUMP-CENTR
PT-36224,EC-INST-PT
LT-36225,EC-INST-LT
LT-36226,EC-INST-LT
P-36227,EC-PUMP-CENTR
P-36228,EC-PUMP-CENTR
PSV-36229,EC-VALVE-RELIEF
P-36230,EC-PUMP-RECIP
P-36231,EC-PUMP-RECIP
PSV-36232,EC-VALVE-RELIEF
P-36233,EC-PUMP-RECIP
TT-36234,EC-INST-TT
PSV-36235,EC-VALVE-RELIEF
LT-36236,EC-INST-LT
XV-36237,EC-VALVE-ISO
COL-36238,EC-VESSEL-COL
PSV-36239,EC-VALVE-RELIEF
P-36240,EC-PUMP-CENTR
FT-36241,EC-INST-FT
PSV-36242,EC-VALVE-RELIEF
PT-36243,EC-INST-PT
XV-36244,EC-VALVE-ISO
LT-36245,EC-INST-LT
V-36246,EC-VESSEL-SEP
E-36247,EC-HEATEXCH-SHELL
LT-36248,EC-INST-LT
PSV-36249,EC-VALVE-RELIEF
K-36250,EC-COMPRESSOR-CENTR
FCV-36251,EC-VALVE-CTRL
PSV-36252,EC-VALVE-RELIEF
PSV-36253,EC-VALVE-RELIEF
E-36254,EC-HEATEXCH-SHELL
TT-36255,EC-INST-TT
TT-36256,EC-INST-TT
TT-36257,EC-INST-TT
TT-36258,EC-INST-TT
P-36259,EC-PUMP-CENTR
FT-36260,EC-INST-FT
PT-36261,EC-INST-PT
K-36262,EC-COMPRESSOR-CENTR
COL-36263,EC-VESSEL-COL
FT-36264,EC-INST-FT
P-36265,EC-PUMP-RECIP
XV-36266,EC-VALVE-ISO
PSV-36267,EC-VALVE-RELIEF
PT-36268,EC-INST-PT
PSV-36269,EC-VALVE-RELIEF
COL-36270,EC-VESSEL-COL
E-36271,EC-HEATEXCH-SHELL
FCV-36272,EC-VALVE-CTRL
P-36273,EC-PUMP-CENTR
FT-36274,EC-INST-FT
E-36275,EC-HEATEXCH-SHELL
XV-36276,EC-VALVE-ISO
FCV-36277,EC-VALVE-CTRL
XV-36278,EC-VALVE-ISO
V-36279,EC-VESSEL-SEP
E-36280,EC-HEATEXCH-SHELL
P-36281,EC-PUMP-CENTR
LT-36282,EC-INST-LT
XV-36283,EC-VALVE-ISO
COL-36284,EC-VESSEL-COL
K-36285,EC-COMPRESSOR-CENTR
PT-36286,EC-INST-PT
E-36287,EC-HEATEXCH-SHELL
FT-36288,EC-INST-FT
XV-36289,EC-VALVE-ISO
FCV-36290,EC-VALVE-CTRL
V-36291,EC-VESSEL-SEP
FT-36292,EC-INST-FT
LT-36293,EC-INST-LT
V-36294,EC-VESSEL-SEP
FCV-36295,EC-VALVE-CTRL
COL-36296,EC-VESSEL-COL
FCV-36297,EC-VALVE-CTRL
XV-36298,EC-VALVE-ISO
P-36299,EC-PUMP-RECIP
K-36300,EC-COMPRESSOR-CENTR
FCV-36301,EC-VALVE-CTRL
P-36302,EC-PUMP-CENTR
XV-36303,EC-VALVE-ISO
P-36304,EC-PUMP-CENTR
FCV-36305,EC-VALVE-CTRL
PT-36306,EC-INST-PT
P-36307,EC-PUMP-RECIP
FCV-36308,EC-VALVE-CTRL
XV-36309,EC-VALVE-ISO
E-36310,EC-HEATEXCH-SHELL
P-36311,EC-PUMP-CENTR
K-36312,EC-COMPRESSOR-CENTR
PT-36313,EC-INST-PT
XV-36314,EC-VALVE-ISO
FCV-36315,EC-VALVE-CTRL
V-36316,EC-VESSEL-SEP
TT-36317,EC-INST-TT
P-36318,EC-PUMP-RECIP
XV-36319,EC-VALVE-ISO
LT-36320,EC-INST-LT
COL-36321,EC-VESSEL-COL
PSV-36322,EC-VALVE-RELIEF
FT-36323,EC-INST-FT
FCV-36324,EC-VALVE-CTRL
FT-36325,EC-INST-FT
XV-36326,EC-VALVE-ISO
K-36327,EC-COMPRESSOR-CENTR
K-36328,EC-COMPRESSOR-CENTR
FT-36329,EC-INST-FT
FCV-36330,EC-VALVE-CTRL
XV-36331,EC-VALVE-ISO
PSV-36332,EC-VALVE-RELIEF
LT-36333,EC-INST-LT
P-36334,EC-PUMP-CENTR
TT-36335,EC-INST-TT
P-36336,EC-PUMP-CENTR
FT-36337,EC-INST-FT
P-36338,EC-PUMP-CENTR
FT-36339,EC-INST-FT
FT-36340,EC-INST-FT
LT-36341,EC-INST-LT
K-36342,EC-COMPRESSOR-CENTR
XV-36343,EC-VALVE-ISO
FCV-36344,EC-VALVE-CTRL
E-36345,EC-HEATEXCH-SHELL
COL-36346,EC-VESSEL-COL
XV-36347,EC-VALVE-ISO
E-36348,EC-HEATEXCH-SHELL
E-36349,EC-HEATEXCH-SHELL
FCV-36350,EC-VALVE-CTRL
P-36351,EC-PUMP-CENTR
K-36352,EC-COMPRESSOR-CENTR
PSV-36353,EC-VALVE-RELIEF
LT-36354,EC-INST-LT
K-36355,EC-COMPRESSOR-CENTR
P-36356,EC-PUMP-RECIP
K-36357,EC-COMPRESSOR-CENTR
K-36358,EC-COMPRESSOR-CENTR
V-36359,EC-VESSEL-SEP
K-36360,EC-COMPRESSOR-CENTR
TT-36361,EC-INST-TT
LT-36362,EC-INST-LT
XV-36363,EC-VALVE-ISO
COL-36364,EC-VESSEL-COL
V-36365,EC-VESSEL-SEP
PSV-36366,EC-VALVE-RELIEF
COL-36367,EC-VESSEL-COL
E-36368,EC-HEATEXCH-SHELL
COL-36369,EC-VESSEL-COL
PSV-36370,EC-VALVE-RELIEF
FCV-36371,EC-VALVE-CTRL
V-36372,EC-VESSEL-SEP
P-36373,EC-PUMP-CENTR
K-36374,EC-COMPRESSOR-CENTR
P-36375,EC-PUMP-CENTR
PT-36376,EC-INST-PT
P-36377,EC-PUMP-RECIP
LT-36378,EC-INST-LT
LT-36379,EC-INST-LT
FCV-36380,EC-VALVE-CTRL
P-36381,EC-PUMP-CENTR
V-36382,EC-VESSEL-SEP
COL-36383,EC-VESSEL-COL
XV-36384,EC-VALVE-ISO
K-36385,EC-COMPRESSOR-CENTR
PSV-36386,EC-VALVE-RELIEF
P-36387,EC-PUMP-CENTR
V-36388,EC-VESSEL-SEP
TT-36389,EC-INST-TT
P-36390,EC-PUMP-CENTR
COL-36391,EC-VESSEL-COL
TT-36392,EC-INST-TT
FCV-36393,EC-VALVE-CTRL
P-36394,EC-PUMP-CENTR
FT-36395,EC-INST-FT
E-36396,EC-HEATEXCH-SHELL
PSV-36397,EC-VALVE-RELIEF
COL-36398,EC-VESSEL-COL
PSV-36399,EC-VALVE-RELIEF
E-36400,EC-HEATEXCH-SHELL
LT-36401,EC-INST-LT
PT-36402,EC-INST-PT
E-36403,EC-HEATEXCH-SHELL
E-36404,EC-HEATEXCH-SHELL
P-36405,EC-PUMP-CENTR
XV-36406,EC-VALVE-ISO
LT-36407,EC-INST-LT
P-36408,EC-PUMP-CENTR
P-36409,EC-PUMP-RECIP
COL-36410,EC-VESSEL-COL
PT-36411,EC-INST-PT
E-36412,EC-HEATEXCH-SHELL
LT-36413,EC-INST-LT
XV-36414,EC-VALVE-ISO
PT-36415,EC-INST-PT
TT-36416,EC-INST-TT
V-36417,EC-VESSEL-SEP
K-36418,EC-COMPRESSOR-CENTR
PT-36419,EC-INST-PT
FCV-36420,EC-VALVE-CTRL
PSV-36421,EC-VALVE-RELIEF
V-36422,EC-VESSEL-SEP
FCV-36423,EC-VALVE-CTRL
PSV-36424,EC-VALVE-RELIEF
LT-36425,EC-INST-LT
K-36426,EC-COMPRESSOR-CENTR
TT-36427,EC-INST-TT
K-36428,EC-COMPRESSOR-CENTR
FT-36429,EC-INST-FT
FT-36430,EC-INST-FT
P-36431,EC-PUMP-RECIP
V-36432,EC-VESSEL-SEP
FT-36433,EC-INST-FT
FCV-36434,EC-VALVE-CTRL
XV-36435,EC-VALVE-ISO
COL-36436,EC-VESSEL-COL
P-36437,EC-PUMP-CENTR
TT-36438,EC-INST-TT
COL-36439,EC-VESSEL-COL
XV-36440,EC-VALVE-ISO
P-36441,EC-PUMP-RECIP
COL-36442,EC-VESSEL-COL
PT-36443,EC-INST-PT
XV-36444,EC-VALVE-ISO
FCV-36445,EC-VALVE-CTRL
FT-36446,EC-INST-FT
P-36447,EC-PUMP-CENTR
E-36448,EC-HEATEXCH-SHELL
E-36449,EC-HEATEXCH-SHELL
LT-36450,EC-INST-LT
PSV-36451,EC-VALVE-RELIEF
K-36452,EC-COMPRESSOR-CENTR
PT-36453,EC-INST-PT
FCV-36454,EC-VALVE-CTRL
TT-36455,EC-INST-TT
PT-36456,EC-INST-PT
K-36457,EC-COMPRESSOR-CENTR
V-36458,EC-VESSEL-SEP
FT-36459,EC-INST-FT
E-36460,EC-HEATEXCH-SHELL
XV-36461,EC-VALVE-ISO
PSV-36462,EC-VALVE-RELIEF
PSV-36463,EC-VALVE-RELIEF
FCV-36464,EC-VALVE-CTRL
PT-36465,EC-INST-PT
TT-36466,EC-INST-TT
PSV-36467,EC-VALVE-RELIEF
LT-36468,EC-INST-LT
P-36469,EC-PUMP-RECIP
FT-36470,EC-INST-FT
TT-36471,EC-INST-TT
TT-36472,EC-INST-TT
FCV-36473,EC-VALVE-CTRL
E-36474,EC-HEATEXCH-SHELL
PSV-36475,EC-VALVE-RELIEF
FT-36476,EC-INST-FT
P-36477,EC-PUMP-CENTR
FT-36478,EC-INST-FT
TT-36479,EC-INST-TT
PSV-36480,EC-VALVE-RELIEF
P-36481,EC-PUMP-CENTR
P-36482,EC-PUMP-RECIP
V-36483,EC-VESSEL-SEP
TT-36484,EC-INST-TT
P-36485,EC-PUMP-RECIP
PSV-36486,EC-VALVE-RELIEF
XV-36487,EC-VALVE-ISO
TT-36488,EC-INST-TT
PSV-36489,EC-VALVE-RELIEF
FT-36490,EC-INST-FT
COL-36491,EC-VESSEL-COL
P-36492,EC-PUMP-CENTR
FCV-36493,EC-VALVE-CTRL
LT-36494,EC-INST-LT
PSV-36495,EC-VALVE-RELIEF
COL-36496,EC-VESSEL-COL
P-36497,EC-PUMP-RECIP
TT-36498,EC-INST-TT
V-36499,EC-VESSEL-SEP
COL-36500,EC-VESSEL-COL
TT-36501,EC-INST-TT
LT-36502,EC-INST-LT
COL-36503,EC-VESSEL-COL
TT-36504,EC-INST-TT
PSV-36505,EC-VALVE-RELIEF
COL-36506,EC-VESSEL-COL
XV-36507,EC-VALVE-ISO
XV-36508,EC-VALVE-ISO
LT-36509,EC-INST-LT
PT-36510,EC-INST-PT
PSV-36511,EC-VALVE-RELIEF
XV-36512,EC-VALVE-ISO
K-36513,EC-COMPRESSOR-CENTR
FCV-36514,EC-VALVE-CTRL
K-36515,EC-COMPRESSOR-CENTR
PT-36516,EC-INST-PT
E-36517,EC-HEATEXCH-SHELL
COL-36518,EC-VESSEL-COL
PT-36519,EC-INST-PT
PSV-36520,EC-VALVE-RELIEF
V-36521,EC-VESSEL-SEP
COL-36522,EC-VESSEL-COL
P-36523,EC-PUMP-CENTR
V-36524,EC-VESSEL-SEP
FT-36525,EC-INST-FT
TT-36526,EC-INST-TT
K-36527,EC-COMPRESSOR-CENTR
E-36528,EC-HEATEXCH-SHELL
V-36529,EC-VESSEL-SEP
K-36530,EC-COMPRESSOR-CENTR
LT-36531,EC-INST-LT
PSV-36532,EC-VALVE-RELIEF
P-36533,EC-PUMP-CENTR
COL-36534,EC-VESSEL-COL
PSV-36535,EC-VALVE-RELIEF
FCV-36536,EC-VALVE-CTRL
LT-36537,EC-INST-LT
K-36538,EC-COMPRESSOR-CENTR
XV-36539,EC-VALVE-ISO
COL-36540,EC-VESSEL-COL
TT-36541,EC-INST-TT
FCV-36542,EC-VALVE-CTRL
FT-36543,EC-INST-FT
PT-36544,EC-INST-PT
COL-36545,EC-VESSEL-COL
P-36546,EC-PUMP-RECIP
COL-36547,EC-VESSEL-COL
K-36548,EC-COMPRESSOR-CENTR
TT-36549,EC-INST-TT
COL-36550,EC-VESSEL-COL
P-36551,EC-PUMP-CENTR
P-36552,EC-PUMP-CENTR
E-36553,EC-HEATEXCH-SHELL
FT-36554,EC-INST-FT
PT-36555,EC-INST-PT
PT-36556,EC-INST-PT
P-36557,EC-PUMP-CENTR
TT-36558,EC-INST-TT
PT-36559,EC-INST-PT
K-36560,EC-COMPRESSOR-CENTR
PT-36561,EC-INST-PT
K-36562,EC-COMPRESSOR-CENTR
P-36563,EC-PUMP-CENTR
FT-36564,EC-INST-FT
FCV-36565,EC-VALVE-CTRL
K-36566,EC-COMPRESSOR-CENTR
COL-36567,EC-VESSEL-COL
V-36568,EC-VESSEL-SEP
FCV-36569,EC-VALVE-CTRL
XV-36570,EC-VALVE-ISO
E-36571,EC-HEATEXCH-SHELL
COL-36572,EC-VESSEL-COL
V-36573,EC-VESSEL-SEP
COL-36574,EC-VESSEL-COL
LT-36575,EC-INST-LT
COL-36576,EC-VESSEL-COL
XV-36577,EC-VALVE-ISO
K-36578,EC-COMPRESSOR-CENTR
COL-36579,EC-VESSEL-COL
E-36580,EC-HEATEXCH-SHELL
PSV-36581,EC-VALVE-RELIEF
FCV-36582,EC-VALVE-CTRL
FT-36583,EC-INST-FT
V-36584,EC-VESSEL-SEP
COL-36585,EC-VESSEL-COL
P-36586,EC-PUMP-RECIP
PSV-36587,EC-VALVE-RELIEF
XV-36588,EC-VALVE-ISO
COL-36589,EC-VESSEL-COL
E-36590,EC-HEATEXCH-SHELL
E-36591,EC-HEATEXCH-SHELL
FCV-36592,EC-VALVE-CTRL
FT-36593,EC-INST-FT
XV-36594,EC-VALVE-ISO
V-36595,EC-VESSEL-SEP
LT-36596,EC-INST-LT
PSV-36597,EC-VALVE-RELIEF
LT-36598,EC-INST-LT
TT-36599,EC-INST-TT
LT-36600,EC-INST-LT
K-36601,EC-COMPRESSOR-CENTR
XV-36602,EC-VALVE-ISO
FT-36603,EC-INST-FT
PSV-36604,EC-VALVE-RELIEF
COL-36605,EC-VESSEL-COL
P-36606,EC-PUMP-RECIP
COL-36607,EC-VESSEL-COL
LT-36608,EC-INST-LT
XV-36609,EC-VALVE-ISO
K-36610,EC-COMPRESSOR-CENTR
XV-36611,EC-VALVE-ISO
XV-36612,EC-VALVE-ISO
LT-36613,EC-INST-LT
PT-36614,EC-INST-PT
K-36615,EC-COMPRESSOR-CENTR
XV-36616,EC-VALVE-ISO
XV-36617,EC-VALVE-ISO
P-36618,EC-PUMP-CENTR
PSV-36619,EC-VALVE-RELIEF
XV-36620,EC-VALVE-ISO
FCV-36621,EC-VALVE-CTRL
PSV-36622,EC-VALVE-RELIEF
TT-36623,EC-INST-TT
PSV-36624,EC-VALVE-RELIEF
P-36625,EC-PUMP-RECIP
E-36626,EC-HEATEXCH-SHELL
E-36627,EC-HEATEXCH-SHELL
PSV-36628,EC-VALVE-RELIEF
P-36629,EC-PUMP-CENTR
P-36630,EC-PUMP-RECIP
TT-36631,EC-INST-TT
PT-36632,EC-INST-PT
FT-36633,EC-INST-FT
V-36634,EC-VESSEL-SEP
COL-36635,EC-VESSEL-COL
COL-36636,EC-VESSEL-COL
FT-36637,EC-INST-FT
LT-36638,EC-INST-LT
E-36639,EC-HEATEXCH-SHELL
TT-36640,EC-INST-TT
PSV-36641,EC-VALVE-RELIEF
FCV-36642,EC-VALVE-CTRL
E-36643,EC-HEATEXCH-SHELL
K-36644,EC-COMPRESSOR-CENTR
XV-36645,EC-VALVE-ISO
V-36646,EC-VESSEL-SEP
PT-36647,EC-INST-PT
FCV-36648,EC-VALVE-CTRL
FT-36649,EC-INST-FT
COL-36650,EC-VESSEL-COL
LT-36651,EC-INST-LT
LT-36652,EC-INST-LT
FT-36653,EC-INST-FT
XV-36654,EC-VALVE-ISO
E-36655,EC-HEATEXCH-SHELL
PSV-36656,EC-VALVE-RELIEF
FT-36657,EC-INST-FT
FT-36658,EC-INST-FT
E-36659,EC-HEATEXCH-SHELL
PT-36660,EC-INST-PT
FT-36661,EC-INST-FT
COL-36662,EC-VESSEL-COL
E-36663,EC-HEATEXCH-SHELL
P-36664,EC-PUMP-CENTR
K-36665,EC-COMPRESSOR-CENTR
P-36666,EC-PUMP-RECIP
LT-36667,EC-INST-LT
PSV-36668,EC-VALVE-RELIEF
FCV-36669,EC-VALVE-CTRL
PSV-36670,EC-VALVE-RELIEF
V-36671,EC-VESSEL-SEP
V-36672,EC-VESSEL-SEP
FT-36673,EC-INST-FT
FT-36674,EC-INST-FT
LT-36675,EC-INST-LT
V-36676,EC-VESSEL-SEP
K-36677,EC-COMPRESSOR-CENTR
V-36678,EC-VESSEL-SEP
PT-36679,EC-INST-PT
XV-36680,EC-VALVE-ISO
P-36681,EC-PUMP-RECIP
P-36682,EC-PUMP-RECIP
V-36683,EC-VESSEL-SEP
TT-36684,EC-INST-TT
P-36685,EC-PUMP-RECIP
LT-36686,EC-INST-LT
P-36687,EC-PUMP-RECIP
FCV-36688,EC-VALVE-CTRL
PSV-36689,EC-VALVE-RELIEF
LT-36690,EC-INST-LT
FT-36691,EC-INST-FT
PT-36692,EC-INST-PT
P-36693,EC-PUMP-CENTR
V-36694,EC-VESSEL-SEP
LT-36695,EC-INST-LT
PSV-36696,EC-VALVE-RELIEF
XV-36697,EC-VALVE-ISO
K-36698,EC-COMPRESSOR-CENTR
P-36699,EC-PUMP-CENTR
PT-36700,EC-INST-PT
XV-36701,EC-VALVE-ISO
V-36702,EC-VESSEL-SEP
FCV-36703,EC-VALVE-CTRL
P-36704,EC-PUMP-RECIP
K-36705,EC-COMPRESSOR-CENTR
TT-36706,EC-INST-TT
P-36707,EC-PUMP-RECIP
K-36708,EC-COMPRESSOR-CENTR
LT-36709,EC-INST-LT
FT-36710,EC-INST-FT
XV-36711,EC-VALVE-ISO
TT-36712,EC-INST-TT
P-36713,EC-PUMP-RECIP
LT-36714,EC-INST-LT
TT-36715,EC-INST-TT
P-36716,EC-PUMP-RECIP
TT-36717,EC-INST-TT
XV-36718,EC-VALVE-ISO
FCV-36719,EC-VALVE-CTRL
P-36720,EC-PUMP-CENTR
FCV-36721,EC-VALVE-CTRL
PT-36722,EC-INST-PT
FT-36723,EC-INST-FT
FCV-36724,EC-VALVE-CTRL
LT-36725,EC-INST-LT
P-36726,EC-PUMP-RECIP
FT-36727,EC-INST-FT
XV-36728,EC-VALVE-ISO
P-36729,EC-PUMP-CENTR
PSV-36730,EC-VALVE-RELIEF
PT-36731,EC-INST-PT
P-36732,EC-PUMP-CENTR
P-36733,EC-PUMP-CENTR
P-36734,EC-PUMP-RECIP
XV-36735,EC-VALVE-ISO
PSV-36736,EC-VALVE-RELIEF
LT-36737,EC-INST-LT
V-36738,EC-VESSEL-SEP
P-36739,EC-PUMP-RECIP
FT-36740,EC-INST-FT
V-36741,EC-VESSEL-SEP
K-36742,EC-COMPRESSOR-CENTR
XV-36743,EC-VALVE-ISO
FCV-36744,EC-VALVE-CTRL
E-36745,EC-HEATEXCH-SHELL
PT-36746,EC-INST-PT
FT-36747,EC-INST-FT
PSV-36748,EC-VALVE-RELIEF
K-36749,EC-COMPRESSOR-CENTR
LT-36750,EC-INST-LT
FCV-36751,EC-VALVE-CTRL
FCV-36752,EC-VALVE-CTRL
P-36753,EC-PUMP-RECIP
PSV-36754,EC-VALVE-RELIEF
COL-36755,EC-VESSEL-COL
E-36756,EC-HEATEXCH-SHELL
V-36757,EC-VESSEL-SEP
LT-36758,EC-INST-LT
FT-36759,EC-INST-FT
P-36760,EC-PUMP-CENTR
P-36761,EC-PUMP-RECIP
LT-36762,EC-INST-LT
TT-36763,EC-INST-TT
LT-36764,EC-INST-LT
PSV-36765,EC-VALVE-RELIEF
K-36766,EC-COMPRESSOR-CENTR
TT-36767,EC-INST-TT
FT-36768,EC-INST-FT
XV-36769,EC-VALVE-ISO
P-36770,EC-PUMP-RECIP
FCV-36771,EC-VALVE-CTRL
LT-36772,EC-INST-LT
V-36773,EC-VESSEL-SEP
P-36774,EC-PUMP-RECIP
PSV-36775,EC-VALVE-RELIEF
COL-36776,EC-VESSEL-COL
COL-36777,EC-VESSEL-COL
K-36778,EC-COMPRESSOR-CENTR
XV-36779,EC-VALVE-ISO
FT-36780,EC-INST-FT
V-36781,EC-VESSEL-SEP
E-36782,EC-HEATEXCH-SHELL
TT-36783,EC-INST-TT
V-36784,EC-VESSEL-SEP
PSV-36785,EC-VALVE-RELIEF
TT-36786,EC-INST-TT
V-36787,EC-VESSEL-SEP
TT-36788,EC-INST-TT
TT-36789,EC-INST-TT
V-36790,EC-VESSEL-SEP
PT-36791,EC-INST-PT
V-36792,EC-VESSEL-SEP
K-36793,EC-COMPRESSOR-CENTR
P-36794,EC-PUMP-RECIP
XV-36795,EC-VALVE-ISO
XV-36796,EC-VALVE-ISO
FT-36797,EC-INST-FT
K-36798,EC-COMPRESSOR-CENTR
PSV-36799,EC-VALVE-RELIEF
LT-36800,EC-INST-LT
PSV-36801,EC-VALVE-RELIEF
V-36802,EC-VESSEL-SEP
E-36803,EC-HEATEXCH-SHELL
XV-36804,EC-VALVE-ISO
V-36805,EC-VESSEL-SEP
P-36806,EC-PUMP-CENTR
COL-36807,EC-VESSEL-COL
FCV-36808,EC-VALVE-CTRL
P-36809,EC-PUMP-RECIP
P-36810,EC-PUMP-RECIP
K-36811,EC-COMPRESSOR-CENTR
FT-36812,EC-INST-FT
P-36813,EC-PUMP-RECIP
FCV-36814,EC-VALVE-CTRL
LT-36815,EC-INST-LT
XV-36816,EC-VALVE-ISO
PSV-36817,EC-VALVE-RELIEF
P-36818,EC-PUMP-RECIP
FT-36819,EC-INST-FT
P-36820,EC-PUMP-RECIP
E-36821,EC-HEATEXCH-SHELL
XV-36822,EC-VALVE-ISO
P-36823,EC-PUMP-CENTR
V-36824,EC-VESSEL-SEP
COL-36825,EC-VESSEL-COL
P-36826,EC-PUMP-RECIP
FCV-36827,EC-VALVE-CTRL
COL-36828,EC-VESSEL-COL
P-36829,EC-PUMP-CENTR
TT-36830,EC-INST-TT
K-36831,EC-COMPRESSOR-CENTR
PSV-36832,EC-VALVE-RELIEF
PT-36833,EC-INST-PT
PT-36834,EC-INST-PT
E-36835,EC-HEATEXCH-SHELL
XV-36836,EC-VALVE-ISO
LT-36837,EC-INST-LT
COL-36838,EC-VESSEL-COL
COL-36839,EC-VESSEL-COL
COL-36840,EC-VESSEL-COL
FCV-36841,EC-VALVE-CTRL
P-36842,EC-PUMP-RECIP
P-36843,EC-PUMP-RECIP
PSV-36844,EC-VALVE-RELIEF
K-36845,EC-COMPRESSOR-CENTR
PT-36846,EC-INST-PT
COL-36847,EC-VESSEL-COL
FCV-36848,EC-VALVE-CTRL
FCV-36849,EC-VALVE-CTRL
FT-36850,EC-INST-FT
V-36851,EC-VESSEL-SEP
PT-36852,EC-INST-PT
COL-36853,EC-VESSEL-COL
LT-36854,EC-INST-LT
P-36855,EC-PUMP-CENTR
V-36856,EC-VESSEL-SEP
COL-36857,EC-VESSEL-COL
FT-36858,EC-INST-FT
XV-36859,EC-VALVE-ISO
PSV-36860,EC-VALVE-RELIEF
P-36861,EC-PUMP-RECIP
LT-36862,EC-INST-LT
FCV-36863,EC-VALVE-CTRL
E-36864,EC-HEATEXCH-SHELL
FCV-36865,EC-VALVE-CTRL
K-36866,EC-COMPRESSOR-CENTR
E-36867,EC-HEATEXCH-SHELL
P-36868,EC-PUMP-CENTR
COL-36869,EC-VESSEL-COL
K-36870,EC-COMPRESSOR-CENTR
PT-36871,EC-INST-PT
XV-36872,EC-VALVE-ISO
COL-36873,EC-VESSEL-COL
K-36874,EC-COMPRESSOR-CENTR
FT-36875,EC-INST-FT
V-36876,EC-VESSEL-SEP
V-36877,EC-VESSEL-SEP
FCV-36878,EC-VALVE-CTRL
FT-36879,EC-INST-FT
TT-36880,EC-INST-TT
TT-36881,EC-INST-TT
P-36882,EC-PUMP-CENTR
V-36883,EC-VESSEL-SEP
P-36884,EC-PUMP-CENTR
V-36885,EC-VESSEL-SEP
E-36886,EC-HEATEXCH-SHELL
V-36887,EC-VESSEL-SEP
PSV-36888,EC-VALVE-RELIEF
COL-36889,EC-VESSEL-COL
FT-36890,EC-INST-FT
P-36891,EC-PUMP-CENTR
PT-36892,EC-INST-PT
TT-36893,EC-INST-TT
TT-36894,EC-INST-TT
FCV-36895,EC-VALVE-CTRL
PT-36896,EC-INST-PT
P-36897,EC-PUMP-CENTR
LT-36898,EC-INST-LT
COL-36899,EC-VESSEL-COL
P-36900,EC-PUMP-CENTR
P-36901,EC-PUMP-RECIP
TT-36902,EC-INST-TT
P-36903,EC-PUMP-CENTR
XV-36904,EC-VALVE-ISO
TT-36905,EC-INST-TT
FT-36906,EC-INST-FT
TT-36907,EC-INST-TT
LT-36908,EC-INST-LT
FT-36909,EC-INST-FT
LT-36910,EC-INST-LT
K-36911,EC-COMPRESSOR-CENTR
FCV-36912,EC-VALVE-CTRL
COL-36913,EC-VESSEL-COL
FCV-36914,EC-VALVE-CTRL
TT-36915,EC-INST-TT
K-36916,EC-COMPRESSOR-CENTR
TT-36917,EC-INST-TT
FT-36918,EC-INST-FT
COL-36919,EC-VESSEL-COL
PSV-36920,EC-VALVE-RELIEF
FT-36921,EC-INST-FT
COL-36922,EC-VESSEL-COL
P-36923,EC-PUMP-RECIP
PSV-36924,EC-VALVE-RELIEF
LT-36925,EC-INST-LT
PT-36926,EC-INST-PT
P-36927,EC-PUMP-CENTR
FT-36928,EC-INST-FT
COL-36929,EC-VESSEL-COL
E-36930,EC-HEATEXCH-SHELL
P-36931,EC-PUMP-RECIP
TT-36932,EC-INST-TT
LT-36933,EC-INST-LT
TT-36934,EC-INST-TT
K-36935,EC-COMPRESSOR-CENTR
XV-36936,EC-VALVE-ISO
PSV-36937,EC-VALVE-RELIEF
FT-36938,EC-INST-FT
PSV-36939,EC-VALVE-RELIEF
FCV-36940,EC-VALVE-CTRL
FCV-36941,EC-VALVE-CTRL
XV-36942,EC-VALVE-ISO
V-36943,EC-VESSEL-SEP
XV-36944,EC-VALVE-ISO
XV-36945,EC-VALVE-ISO
P-36946,EC-PUMP-RECIP
COL-36947,EC-VESSEL-COL
XV-36948,EC-VALVE-ISO
LT-36949,EC-INST-LT
P-36950,EC-PUMP-RECIP
PT-36951,EC-INST-PT
TT-36952,EC-INST-TT
TT-36953,EC-INST-TT
TT-36954,EC-INST-TT
TT-36955,EC-INST-TT
TT-36956,EC-INST-TT
XV-36957,EC-VALVE-ISO
PSV-36958,EC-VALVE-RELIEF
COL-36959,EC-VESSEL-COL
V-36960,EC-VESSEL-SEP
PT-36961,EC-INST-PT
V-36962,EC-VESSEL-SEP
FT-36963,EC-INST-FT
E-36964,EC-HEATEXCH-SHELL
TT-36965,EC-INST-TT
P-36966,EC-PUMP-CENTR
K-36967,EC-COMPRESSOR-CENTR
PSV-36968,EC-VALVE-RELIEF
TT-36969,EC-INST-TT
V-36970,EC-VESSEL-SEP
P-36971,EC-PUMP-RECIP
LT-36972,EC-INST-LT
FCV-36973,EC-VALVE-CTRL
XV-36974,EC-VALVE-ISO
LT-36975,EC-INST-LT
FT-36976,EC-INST-FT
FCV-36977,EC-VALVE-CTRL
V-36978,EC-VESSEL-SEP
COL-36979,EC-VESSEL-COL
K-36980,EC-COMPRESSOR-CENTR
V-36981,EC-VESSEL-SEP
PT-36982,EC-INST-PT
V-36983,EC-VESSEL-SEP
FCV-36984,EC-VALVE-CTRL
P-36985,EC-PUMP-RECIP
FCV-36986,EC-VALVE-CTRL
PT-36987,EC-INST-PT
PT-36988,EC-INST-PT
P-36989,EC-PUMP-RECIP
XV-36990,EC-VALVE-ISO
COL-36991,EC-VESSEL-COL
V-36992,EC-VESSEL-SEP
K-36993,EC-COMPRESSOR-CENTR
LT-36994,EC-INST-LT
P-36995,EC-PUMP-RECIP
P-36996,EC-PUMP-RECIP
FCV-36997,EC-VALVE-CTRL
V-36998,EC-VESSEL-SEP
V-36999,EC-VESSEL-SEP
FT-37000,EC-INST-FT
PSV-37001,EC-VALVE-RELIEF
COL-37002,EC-VESSEL-COL
K-37003,EC-COMPRESSOR-CENTR
COL-37004,EC-VESSEL-COL
PT-37005,EC-INST-PT
PT-37006,EC-INST-PT
K-37007,EC-COMPRESSOR-CENTR
PT-37008,EC-INST-PT
E-37009,EC-HEATEXCH-SHELL
TT-37010,EC-INST-TT
K-37011,EC-COMPRESSOR-CENTR
FT-37012,EC-INST-FT
LT-37013,EC-INST-LT
LT-37014,EC-INST-LT
PT-37015,EC-INST-PT
V-37016,EC-VESSEL-SEP
FT-37017,EC-INST-FT
PT-37018,EC-INST-PT
K-37019,EC-COMPRESSOR-CENTR
PSV-37020,EC-VALVE-RELIEF
LT-37021,EC-INST-LT
V-37022,EC-VESSEL-SEP
K-37023,EC-COMPRESSOR-CENTR
PT-37024,EC-INST-PT
FT-37025,EC-INST-FT
P-37026,EC-PUMP-RECIP
TT-37027,EC-INST-TT
V-37028,EC-VESSEL-SEP
COL-37029,EC-VESSEL-COL
TT-37030,EC-INST-TT
XV-37031,EC-VALVE-ISO
K-37032,EC-COMPRESSOR-CENTR
PT-37033,EC-INST-PT
PSV-37034,EC-VALVE-RELIEF
E-37035,EC-HEATEXCH-SHELL
LT-37036,EC-INST-LT
PSV-37037,EC-VALVE-RELIEF
PSV-37038,EC-VALVE-RELIEF
PSV-37039,EC-VALVE-RELIEF
LT-37040,EC-INST-LT
LT-37041,EC-INST-LT
COL-37042,EC-VESSEL-COL
LT-37043,EC-INST-LT
PSV-37044,EC-VALVE-RELIEF
LT-37045,EC-INST-LT
PSV-37046,EC-VALVE-RELIEF
P-37047,EC-PUMP-RECIP
XV-37048,EC-VALVE-ISO
XV-37049,EC-VALVE-ISO
LT-37050,EC-INST-LT
LT-37051,EC-INST-LT
PT-37052,EC-INST-PT
K-37053,EC-COMPRESSOR-CENTR
LT-37054,EC-INST-LT
K-37055,EC-COMPRESSOR-CENTR
PT-37056,EC-INST-PT
COL-37057,EC-VESSEL-COL
E-37058,EC-HEATEXCH-SHELL
TT-37059,EC-INST-TT
PT-37060,EC-INST-PT
PT-37061,EC-INST-PT
V-37062,EC-VESSEL-SEP
XV-37063,EC-VALVE-ISO
FT-37064,EC-INST-FT
COL-37065,EC-VESSEL-COL
K-37066,EC-COMPRESSOR-CENTR
K-37067,EC-COMPRESSOR-CENTR
P-37068,EC-PUMP-RECIP
P-37069,EC-PUMP-CENTR
PT-37070,EC-INST-PT
PT-37071,EC-INST-PT
LT-37072,EC-INST-LT
PT-37073,EC-INST-PT
K-37074,EC-COMPRESSOR-CENTR
P-37075,EC-PUMP-CENTR
FT-37076,EC-INST-FT
XV-37077,EC-VALVE-ISO
PT-37078,EC-INST-PT
PSV-37079,EC-VALVE-RELIEF
V-37080,EC-VESSEL-SEP
FT-37081,EC-INST-FT
COL-37082,EC-VESSEL-COL
P-37083,EC-PUMP-RECIP
V-37084,EC-VESSEL-SEP
PT-37085,EC-INST-PT
PSV-37086,EC-VALVE-RELIEF
XV-37087,EC-VALVE-ISO
XV-37088,EC-VALVE-ISO
FCV-37089,EC-VALVE-CTRL
PSV-37090,EC-VALVE-RELIEF
FT-37091,EC-INST-FT
COL-37092,EC-VESSEL-COL
PT-37093,EC-INST-PT
E-37094,EC-HEATEXCH-SHELL
COL-37095,EC-VESSEL-COL
COL-37096,EC-VESSEL-COL
P-37097,EC-PUMP-RECIP
PSV-37098,EC-VALVE-RELIEF
XV-37099,EC-VALVE-ISO
P-37100,EC-PUMP-RECIP
PT-37101,EC-INST-PT
FCV-37102,EC-VALVE-CTRL
P-37103,EC-PUMP-RECIP
LT-37104,EC-INST-LT
FCV-37105,EC-VALVE-CTRL
FT-37106,EC-INST-FT
LT-37107,EC-INST-LT
PSV-37108,EC-VALVE-RELIEF
LT-37109,EC-INST-LT
E-37110,EC-HEATEXCH-SHELL
LT-37111,EC-INST-LT
TT-37112,EC-INST-TT
COL-37113,EC-VESSEL-COL
PSV-37114,EC-VALVE-RELIEF
LT-37115,EC-INST-LT
XV-37116,EC-VALVE-ISO
K-37117,EC-COMPRESSOR-CENTR
V-37118,EC-VESSEL-SEP
PSV-37119,EC-VALVE-RELIEF
P-37120,EC-PUMP-RECIP
XV-37121,EC-VALVE-ISO
LT-37122,EC-INST-LT
COL-37123,EC-VESSEL-COL
PSV-37124,EC-VALVE-RELIEF
TT-37125,EC-INST-TT
V-37126,EC-VESSEL-SEP
FCV-37127,EC-VALVE-CTRL
PSV-37128,EC-VALVE-RELIEF
LT-37129,EC-INST-LT
FT-37130,EC-INST-FT
V-37131,EC-VESSEL-SEP
PT-37132,EC-INST-PT
PT-37133,EC-INST-PT
COL-37134,EC-VESSEL-COL
E-37135,EC-HEATEXCH-SHELL
K-37136,EC-COMPRESSOR-CENTR
TT-37137,EC-INST-TT
PSV-37138,EC-VALVE-RELIEF
E-37139,EC-HEATEXCH-SHELL
P-37140,EC-PUMP-CENTR
PSV-37141,EC-VALVE-RELIEF
P-37142,EC-PUMP-RECIP
V-37143,EC-VESSEL-SEP
E-37144,EC-HEATEXCH-SHELL
FT-37145,EC-INST-FT
P-37146,EC-PUMP-RECIP
PT-37147,EC-INST-PT
PT-37148,EC-INST-PT
COL-37149,EC-VESSEL-COL
FCV-37150,EC-VALVE-CTRL
PSV-37151,EC-VALVE-RELIEF
FCV-37152,EC-VALVE-CTRL
PSV-37153,EC-VALVE-RELIEF
COL-37154,EC-VESSEL-COL
PSV-37155,EC-VALVE-RELIEF
PSV-37156,EC-VALVE-RELIEF
FCV-37157,EC-VALVE-CTRL
PT-37158,EC-INST-PT
TT-37159,EC-INST-TT
V-37160,EC-VESSEL-SEP
PSV-37161,EC-VALVE-RELIEF
PSV-37162,EC-VALVE-RELIEF
P-37163,EC-PUMP-CENTR
K-37164,EC-COMPRESSOR-CENTR
K-37165,EC-COMPRESSOR-CENTR
PSV-37166,EC-VALVE-RELIEF
PT-37167,EC-INST-PT
TT-37168,EC-INST-TT
XV-37169,EC-VALVE-ISO
TT-37170,EC-INST-TT
COL-37171,EC-VESSEL-COL
FCV-37172,EC-VALVE-CTRL
COL-37173,EC-VESSEL-COL
XV-37174,EC-VALVE-ISO
PT-37175,EC-INST-PT
PT-37176,EC-INST-PT
PT-37177,EC-INST-PT
PSV-37178,EC-VALVE-RELIEF
TT-37179,EC-INST-TT
LT-37180,EC-INST-LT
FT-37181,EC-INST-FT
P-37182,EC-PUMP-RECIP
LT-37183,EC-INST-LT
TT-37184,EC-INST-TT
PT-37185,EC-INST-PT
TT-37186,EC-INST-TT
V-37187,EC-VESSEL-SEP
PT-37188,EC-INST-PT
FCV-37189,EC-VALVE-CTRL
XV-37190,EC-VALVE-ISO
PSV-37191,EC-VALVE-RELIEF
V-37192,EC-VESSEL-SEP
FT-37193,EC-INST-FT
PT-37194,EC-INST-PT
P-37195,EC-PUMP-RECIP
V-37196,EC-VESSEL-SEP
PSV-37197,EC-VALVE-RELIEF
FT-37198,EC-INST-FT
TT-37199,EC-INST-TT
E-37200,EC-HEATEXCH-SHELL
P-37201,EC-PUMP-RECIP
P-37202,EC-PUMP-RECIP
PSV-37203,EC-VALVE-RELIEF
P-37204,EC-PUMP-RECIP
PSV-37205,EC-VALVE-RELIEF
LT-37206,EC-INST-LT
COL-37207,EC-VESSEL-COL
COL-37208,EC-VESSEL-COL
E-37209,EC-HEATEXCH-SHELL
TT-37210,EC-INST-TT
E-37211,EC-HEATEXCH-SHELL
PSV-37212,EC-VALVE-RELIEF
P-37213,EC-PUMP-CENTR
FCV-37214,EC-VALVE-CTRL
E-37215,EC-HEATEXCH-SHELL
K-37216,EC-COMPRESSOR-CENTR
XV-37217,EC-VALVE-ISO
P-37218,EC-PUMP-RECIP
FT-37219,EC-INST-FT
K-37220,EC-COMPRESSOR-CENTR
TT-37221,EC-INST-TT
COL-37222,EC-VESSEL-COL
FT-37223,EC-INST-FT
K-37224,EC-COMPRESSOR-CENTR
FCV-37225,EC-VALVE-CTRL
TT-37226,EC-INST-TT
XV-37227,EC-VALVE-ISO
P-37228,EC-PUMP-CENTR
K-37229,EC-COMPRESSOR-CENTR
XV-37230,EC-VALVE-ISO
PT-37231,EC-INST-PT
XV-37232,EC-VALVE-ISO
FCV-37233,EC-VALVE-CTRL
E-37234,EC-HEATEXCH-SHELL
COL-37235,EC-VESSEL-COL
COL-37236,EC-VESSEL-COL
XV-37237,EC-VALVE-ISO
COL-37238,EC-VESSEL-COL
FCV-37239,EC-VALVE-CTRL
TT-37240,EC-INST-TT
TT-37241,EC-INST-TT
TT-37242,EC-INST-TT
XV-37243,EC-VALVE-ISO
K-37244,EC-COMPRESSOR-CENTR
PT-37245,EC-INST-PT
V-37246,EC-VESSEL-SEP
FCV-37247,EC-VALVE-CTRL
V-37248,EC-VESSEL-SEP
XV-37249,EC-VALVE-ISO
PSV-37250,EC-VALVE-RELIEF
XV-37251,EC-VALVE-ISO
XV-37252,EC-VALVE-ISO
XV-37253,EC-VALVE-ISO
E-37254,EC-HEATEXCH-SHELL
E-37255,EC-HEATEXCH-SHELL
PT-37256,EC-INST-PT
TT-37257,EC-INST-TT
P-37258,EC-PUMP-CENTR
E-37259,EC-HEATEXCH-SHELL
PT-37260,EC-INST-PT
P-37261,EC-PUMP-RECIP
COL-37262,EC-VESSEL-COL
V-37263,EC-VESSEL-SEP
E-37264,EC-HEATEXCH-SHELL
K-37265,EC-COMPRESSOR-CENTR
E-37266,EC-HEATEXCH-SHELL
P-37267,EC-PUMP-RECIP
V-37268,EC-VESSEL-SEP
P-37269,EC-PUMP-CENTR
PSV-37270,EC-VALVE-RELIEF
P-37271,EC-PUMP-RECIP
P-37272,EC-PUMP-RECIP
K-37273,EC-COMPRESSOR-CENTR
PT-37274,EC-INST-PT
LT-37275,EC-INST-LT
K-37276,EC-COMPRESSOR-CENTR
TT-37277,EC-INST-TT
XV-37278,EC-VALVE-ISO
V-37279,EC-VESSEL-SEP
XV-37280,EC-VALVE-ISO
XV-37281,EC-VALVE-ISO
TT-37282,EC-INST-TT
P-37283,EC-PUMP-RECIP
P-37284,EC-PUMP-CENTR
E-37285,EC-HEATEXCH-SHELL
E-37286,EC-HEATEXCH-SHELL
PSV-37287,EC-VALVE-RELIEF
P-37288,EC-PUMP-RECIP
V-37289,EC-VESSEL-SEP
TT-37290,EC-INST-TT
K-37291,EC-COMPRESSOR-CENTR
V-37292,EC-VESSEL-SEP
E-37293,EC-HEATEXCH-SHELL
E-37294,EC-HEATEXCH-SHELL
K-37295,EC-COMPRESSOR-CENTR
FT-37296,EC-INST-FT
FT-37297,EC-INST-FT
P-37298,EC-PUMP-RECIP
PT-37299,EC-INST-PT
E-37300,EC-HEATEXCH-SHELL
LT-37301,EC-INST-LT
LT-37302,EC-INST-LT
P-37303,EC-PUMP-RECIP
P-37304,EC-PUMP-CENTR
V-37305,EC-VESSEL-SEP
E-37306,EC-HEATEXCH-SHELL
COL-37307,EC-VESSEL-COL
XV-37308,EC-VALVE-ISO
K-37309,EC-COMPRESSOR-CENTR
PSV-37310,EC-VALVE-RELIEF
PT-37311,EC-INST-PT
COL-37312,EC-VESSEL-COL
V-37313,EC-VESSEL-SEP
V-37314,EC-VESSEL-SEP
PT-37315,EC-INST-PT
K-37316,EC-COMPRESSOR-CENTR
K-37317,EC-COMPRESSOR-CENTR
FT-37318,EC-INST-FT
XV-37319,EC-VALVE-ISO
LT-37320,EC-INST-LT
XV-37321,EC-VALVE-ISO
FT-37322,EC-INST-FT
FT-37323,EC-INST-FT
XV-37324,EC-VALVE-ISO
V-37325,EC-VESSEL-SEP
K-37326,EC-COMPRESSOR-CENTR
K-37327,EC-COMPRESSOR-CENTR
K-37328,EC-COMPRESSOR-CENTR
P-37329,EC-PUMP-CENTR
TT-37330,EC-INST-TT
XV-37331,EC-VALVE-ISO
PSV-37332,EC-VALVE-RELIEF
E-37333,EC-HEATEXCH-SHELL
P-37334,EC-PUMP-RECIP
P-37335,EC-PUMP-RECIP
FCV-37336,EC-VALVE-CTRL
FCV-37337,EC-VALVE-CTRL
P-37338,EC-PUMP-CENTR
V-37339,EC-VESSEL-SEP
P-37340,EC-PUMP-CENTR
XV-37341,EC-VALVE-ISO
P-37342,EC-PUMP-RECIP
LT-37343,EC-INST-LT
TT-37344,EC-INST-TT
TT-37345,EC-INST-TT
V-37346,EC-VESSEL-SEP
P-37347,EC-PUMP-RECIP
PSV-37348,EC-VALVE-RELIEF
FCV-37349,EC-VALVE-CTRL
FT-37350,EC-INST-FT
TT-37351,EC-INST-TT
COL-37352,EC-VESSEL-COL
K-37353,EC-COMPRESSOR-CENTR
P-37354,EC-PUMP-CENTR
LT-37355,EC-INST-LT
P-37356,EC-PUMP-RECIP
V-37357,EC-VESSEL-SEP
XV-37358,EC-VALVE-ISO
FCV-37359,EC-VALVE-CTRL
LT-37360,EC-INST-LT
P-37361,EC-PUMP-CENTR
E-37362,EC-HEATEXCH-SHELL
V-37363,EC-VESSEL-SEP
V-37364,EC-VESSEL-SEP
LT-37365,EC-INST-LT
P-37366,EC-PUMP-CENTR
TT-37367,EC-INST-TT
FCV-37368,EC-VALVE-CTRL
LT-37369,EC-INST-LT
FT-37370,EC-INST-FT
LT-37371,EC-INST-LT
TT-37372,EC-INST-TT
LT-37373,EC-INST-LT
FT-37374,EC-INST-FT
XV-37375,EC-VALVE-ISO
K-37376,EC-COMPRESSOR-CENTR
PT-37377,EC-INST-PT
K-37378,EC-COMPRESSOR-CENTR
FT-37379,EC-INST-FT
E-37380,EC-HEATEXCH-SHELL
TT-37381,EC-INST-TT
P-37382,EC-PUMP-RECIP
COL-37383,EC-VESSEL-COL
LT-37384,EC-INST-LT
E-37385,EC-HEATEXCH-SHELL
K-37386,EC-COMPRESSOR-CENTR
LT-37387,EC-INST-LT
PSV-37388,EC-VALVE-RELIEF
XV-37389,EC-VALVE-ISO
FCV-37390,EC-VALVE-CTRL
COL-37391,EC-VESSEL-COL
FCV-37392,EC-VALVE-CTRL
P-37393,EC-PUMP-RECIP
E-37394,EC-HEATEXCH-SHELL
E-37395,EC-HEATEXCH-SHELL
TT-37396,EC-INST-TT
P-37397,EC-PUMP-RECIP
PT-37398,EC-INST-PT
PT-37399,EC-INST-PT
P-37400,EC-PUMP-RECIP
P-37401,EC-PUMP-RECIP
P-37402,EC-PUMP-CENTR
FCV-37403,EC-VALVE-CTRL
P-37404,EC-PUMP-RECIP
COL-37405,EC-VESSEL-COL
P-37406,EC-PUMP-RECIP
LT-37407,EC-INST-LT
PT-37408,EC-INST-PT
E-37409,EC-HEATEXCH-SHELL
LT-37410,EC-INST-LT
P-37411,EC-PUMP-RECIP
FCV-37412,EC-VALVE-CTRL
P-37413,EC-PUMP-RECIP
V-37414,EC-VESSEL-SEP
K-37415,EC-COMPRESSOR-CENTR
V-37416,EC-VESSEL-SEP
V-37417,EC-VESSEL-SEP
E-37418,EC-HEATEXCH-SHELL
P-37419,EC-PUMP-CENTR
P-37420,EC-PUMP-RECIP
P-37421,EC-PUMP-CENTR
LT-37422,EC-INST-LT
TT-37423,EC-INST-TT
E-37424,EC-HEATEXCH-SHELL
FCV-37425,EC-VALVE-CTRL
PSV-37426,EC-VALVE-RELIEF
FCV-37427,EC-VALVE-CTRL
FCV-37428,EC-VALVE-CTRL
COL-37429,EC-VESSEL-COL
PT-37430,EC-INST-PT
K-37431,EC-COMPRESSOR-CENTR
PSV-37432,EC-VALVE-RELIEF
FT-37433,EC-INST-FT
XV-37434,EC-VALVE-ISO
K-37435,EC-COMPRESSOR-CENTR
V-37436,EC-VESSEL-SEP
TT-37437,EC-INST-TT
COL-37438,EC-VESSEL-COL
V-37439,EC-VESSEL-SEP
K-37440,EC-COMPRESSOR-CENTR
FT-37441,EC-INST-FT
TT-37442,EC-INST-TT
COL-37443,EC-VESSEL-COL
FCV-37444,EC-VALVE-CTRL
P-37445,EC-PUMP-RECIP
XV-37446,EC-VALVE-ISO
TT-37447,EC-INST-TT
LT-37448,EC-INST-LT
PT-37449,EC-INST-PT
V-37450,EC-VESSEL-SEP
TT-37451,EC-INST-TT
E-37452,EC-HEATEXCH-SHELL
LT-37453,EC-INST-LT
TT-37454,EC-INST-TT
PT-37455,EC-INST-PT
FT-37456,EC-INST-FT
P-37457,EC-PUMP-RECIP
P-37458,EC-PUMP-CENTR
LT-37459,EC-INST-LT
K-37460,EC-COMPRESSOR-CENTR
TT-37461,EC-INST-TT
FCV-37462,EC-VALVE-CTRL
FCV-37463,EC-VALVE-CTRL
PT-37464,EC-INST-PT
K-37465,EC-COMPRESSOR-CENTR
FT-37466,EC-INST-FT
K-37467,EC-COMPRESSOR-CENTR
PSV-37468,EC-VALVE-RELIEF
FCV-37469,EC-VALVE-CTRL
E-37470,EC-HEATEXCH-SHELL
FCV-37471,EC-VALVE-CTRL
P-37472,EC-PUMP-RECIP
FT-37473,EC-INST-FT
XV-37474,EC-VALVE-ISO
LT-37475,EC-INST-LT
FCV-37476,EC-VALVE-CTRL
PT-37477,EC-INST-PT
XV-37478,EC-VALVE-ISO
PSV-37479,EC-VALVE-RELIEF
COL-37480,EC-VESSEL-COL
E-37481,EC-HEATEXCH-SHELL
TT-37482,EC-INST-TT
FCV-37483,EC-VALVE-CTRL
FCV-37484,EC-VALVE-CTRL
PSV-37485,EC-VALVE-RELIEF
PT-37486,EC-INST-PT
TT-37487,EC-INST-TT
P-37488,EC-PUMP-RECIP
PSV-37489,EC-VALVE-RELIEF
P-37490,EC-PUMP-RECIP
V-37491,EC-VESSEL-SEP
PT-37492,EC-INST-PT
TT-37493,EC-INST-TT
P-37494,EC-PUMP-RECIP
K-37495,EC-COMPRESSOR-CENTR
COL-37496,EC-VESSEL-COL
FT-37497,EC-INST-FT
V-37498,EC-VESSEL-SEP
LT-37499,EC-INST-LT
COL-37500,EC-VESSEL-COL
FT-37501,EC-INST-FT
V-37502,EC-VESSEL-SEP
V-37503,EC-VESSEL-SEP
FCV-37504,EC-VALVE-CTRL
XV-37505,EC-VALVE-ISO
E-37506,EC-HEATEXCH-SHELL
FT-37507,EC-INST-FT
PT-37508,EC-INST-PT
V-37509,EC-VESSEL-SEP
XV-37510,EC-VALVE-ISO
V-37511,EC-VESSEL-SEP
FT-37512,EC-INST-FT
XV-37513,EC-VALVE-ISO
XV-37514,EC-VALVE-ISO
PSV-37515,EC-VALVE-RELIEF
FCV-37516,EC-VALVE-CTRL
V-37517,EC-VESSEL-SEP
FT-37518,EC-INST-FT
P-37519,EC-PUMP-RECIP
PSV-37520,EC-VALVE-RELIEF
P-37521,EC-PUMP-CENTR
XV-37522,EC-VALVE-ISO
K-37523,EC-COMPRESSOR-CENTR
P-37524,EC-PUMP-CENTR
XV-37525,EC-VALVE-ISO
FT-37526,EC-INST-FT
PT-37527,EC-INST-PT
P-37528,EC-PUMP-RECIP
TT-37529,EC-INST-TT
PSV-37530,EC-VALVE-RELIEF
PSV-37531,EC-VALVE-RELIEF
COL-37532,EC-VESSEL-COL
FT-37533,EC-INST-FT
E-37534,EC-HEATEXCH-SHELL
COL-37535,EC-VESSEL-COL
V-37536,EC-VESSEL-SEP
PT-37537,EC-INST-PT
LT-37538,EC-INST-LT
PSV-37539,EC-VALVE-RELIEF
XV-37540,EC-VALVE-ISO
P-37541,EC-PUMP-CENTR
K-37542,EC-COMPRESSOR-CENTR
P-37543,EC-PUMP-RECIP
E-37544,EC-HEATEXCH-SHELL
FT-37545,EC-INST-FT
V-37546,EC-VESSEL-SEP
TT-37547,EC-INST-TT
V-37548,EC-VESSEL-SEP
P-37549,EC-PUMP-RECIP
P-37550,EC-PUMP-CENTR
P-37551,EC-PUMP-RECIP
P-37552,EC-PUMP-RECIP
PT-37553,EC-INST-PT
COL-37554,EC-VESSEL-COL
LT-37555,EC-INST-LT
P-37556,EC-PUMP-RECIP
FCV-37557,EC-VALVE-CTRL
P-37558,EC-PUMP-CENTR
LT-37559,EC-INST-LT
K-37560,EC-COMPRESSOR-CENTR
PSV-37561,EC-VALVE-RELIEF
XV-37562,EC-VALVE-ISO
PT-37563,EC-INST-PT
K-37564,EC-COMPRESSOR-CENTR
E-37565,EC-HEATEXCH-SHELL
PT-37566,EC-INST-PT
P-37567,EC-PUMP-CENTR
COL-37568,EC-VESSEL-COL
PT-37569,EC-INST-PT
V-37570,EC-VESSEL-SEP
FCV-37571,EC-VALVE-CTRL
PT-37572,EC-INST-PT
P-37573,EC-PUMP-CENTR
V-37574,EC-VESSEL-SEP
COL-37575,EC-VESSEL-COL
PSV-37576,EC-VALVE-RELIEF
P-37577,EC-PUMP-CENTR
FCV-37578,EC-VALVE-CTRL
PSV-37579,EC-VALVE-RELIEF
FCV-37580,EC-VALVE-CTRL
FCV-37581,EC-VALVE-CTRL
PT-37582,EC-INST-PT
FT-37583,EC-INST-FT
P-37584,EC-PUMP-RECIP
LT-37585,EC-INST-LT
PSV-37586,EC-VALVE-RELIEF
XV-37587,EC-VALVE-ISO
K-37588,EC-COMPRESSOR-CENTR
FT-37589,EC-INST-FT
P-37590,EC-PUMP-CENTR
FCV-37591,EC-VALVE-CTRL
K-37592,EC-COMPRESSOR-CENTR
PT-37593,EC-INST-PT
P-37594,EC-PUMP-CENTR
E-37595,EC-HEATEXCH-SHELL
COL-37596,EC-VESSEL-COL
FCV-37597,EC-VALVE-CTRL
FT-37598,EC-INST-FT
COL-37599,EC-VESSEL-COL
P-37600,EC-PUMP-CENTR
K-37601,EC-COMPRESSOR-CENTR
K-37602,EC-COMPRESSOR-CENTR
FCV-37603,EC-VALVE-CTRL
K-37604,EC-COMPRESSOR-CENTR
PT-37605,EC-INST-PT
P-37606,EC-PUMP-CENTR
COL-37607,EC-VESSEL-COL
XV-37608,EC-VALVE-ISO
V-37609,EC-VESSEL-SEP
XV-37610,EC-VALVE-ISO
V-37611,EC-VESSEL-SEP
PSV-37612,EC-VALVE-RELIEF
V-37613,EC-VESSEL-SEP
P-37614,EC-PUMP-CENTR
LT-37615,EC-INST-LT
LT-37616,EC-INST-LT
TT-37617,EC-INST-TT
E-37618,EC-HEATEXCH-SHELL
TT-37619,EC-INST-TT
P-37620,EC-PUMP-RECIP
FT-37621,EC-INST-FT
LT-37622,EC-INST-LT
COL-37623,EC-VESSEL-COL
PSV-37624,EC-VALVE-RELIEF
FT-37625,EC-INST-FT
K-37626,EC-COMPRESSOR-CENTR
PT-37627,EC-INST-PT
XV-37628,EC-VALVE-ISO
K-37629,EC-COMPRESSOR-CENTR
XV-37630,EC-VALVE-ISO
P-37631,EC-PUMP-RECIP
COL-37632,EC-VESSEL-COL
E-37633,EC-HEATEXCH-SHELL
P-37634,EC-PUMP-RECIP
XV-37635,EC-VALVE-ISO
FT-37636,EC-INST-FT
FT-37637,EC-INST-FT
XV-37638,EC-VALVE-ISO
COL-37639,EC-VESSEL-COL
FT-37640,EC-INST-FT
FCV-37641,EC-VALVE-CTRL
PT-37642,EC-INST-PT
COL-37643,EC-VESSEL-COL
P-37644,EC-PUMP-CENTR
TT-37645,EC-INST-TT
K-37646,EC-COMPRESSOR-CENTR
K-37647,EC-COMPRESSOR-CENTR
COL-37648,EC-VESSEL-COL
FT-37649,EC-INST-FT
COL-37650,EC-VESSEL-COL
LT-37651,EC-INST-LT
FCV-37652,EC-VALVE-CTRL
XV-37653,EC-VALVE-ISO
FCV-37654,EC-VALVE-CTRL
PT-37655,EC-INST-PT
COL-37656,EC-VESSEL-COL
E-37657,EC-HEATEXCH-SHELL
XV-37658,EC-VALVE-ISO
P-37659,EC-PUMP-CENTR
P-37660,EC-PUMP-RECIP
PT-37661,EC-INST-PT
PT-37662,EC-INST-PT
FCV-37663,EC-VALVE-CTRL
V-37664,EC-VESSEL-SEP
P-37665,EC-PUMP-RECIP
TT-37666,EC-INST-TT
E-37667,EC-HEATEXCH-SHELL
K-37668,EC-COMPRESSOR-CENTR
PSV-37669,EC-VALVE-RELIEF
V-37670,EC-VESSEL-SEP
LT-37671,EC-INST-LT
PT-37672,EC-INST-PT
TT-37673,EC-INST-TT
P-37674,EC-PUMP-RECIP
LT-37675,EC-INST-LT
PT-37676,EC-INST-PT
COL-37677,EC-VESSEL-COL
FT-37678,EC-INST-FT
E-37679,EC-HEATEXCH-SHELL
P-37680,EC-PUMP-RECIP
PSV-37681,EC-VALVE-RELIEF
K-37682,EC-COMPRESSOR-CENTR
FCV-37683,EC-VALVE-CTRL
P-37684,EC-PUMP-CENTR
PT-37685,EC-INST-PT
TT-37686,EC-INST-TT
XV-37687,EC-VALVE-ISO
LT-37688,EC-INST-LT
PT-37689,EC-INST-PT
COL-37690,EC-VESSEL-COL
P-37691,EC-PUMP-RECIP
COL-37692,EC-VESSEL-COL
FT-37693,EC-INST-FT
PSV-37694,EC-VALVE-RELIEF
PSV-37695,EC-VALVE-RELIEF
FT-37696,EC-INST-FT
FT-37697,EC-INST-FT
E-37698,EC-HEATEXCH-SHELL
PSV-37699,EC-VALVE-RELIEF
XV-37700,EC-VALVE-ISO
FT-37701,EC-INST-FT
XV-37702,EC-VALVE-ISO
TT-37703,EC-INST-TT
LT-37704,EC-INST-LT
E-37705,EC-HEATEXCH-SHELL
PT-37706,EC-INST-PT
PSV-37707,EC-VALVE-RELIEF
XV-37708,EC-VALVE-ISO
PSV-37709,EC-VALVE-RELIEF
LT-37710,EC-INST-LT
K-37711,EC-COMPRESSOR-CENTR
V-37712,EC-VESSEL-SEP
COL-37713,EC-VESSEL-COL
P-37714,EC-PUMP-CENTR
E-37715,EC-HEATEXCH-SHELL
P-37716,EC-PUMP-CENTR
V-37717,EC-VESSEL-SEP
FCV-37718,EC-VALVE-CTRL
TT-37719,EC-INST-TT
P-37720,EC-PUMP-CENTR
COL-37721,EC-VESSEL-COL
K-37722,EC-COMPRESSOR-CENTR
LT-37723,EC-INST-LT
LT-37724,EC-INST-LT
FT-37725,EC-INST-FT
COL-37726,EC-VESSEL-COL
TT-37727,EC-INST-TT
K-37728,EC-COMPRESSOR-CENTR
PSV-37729,EC-VALVE-RELIEF
LT-37730,EC-INST-LT
FCV-37731,EC-VALVE-CTRL
PT-37732,EC-INST-PT
V-37733,EC-VESSEL-SEP
E-37734,EC-HEATEXCH-SHELL
E-37735,EC-HEATEXCH-SHELL
E-37736,EC-HEATEXCH-SHELL
TT-37737,EC-INST-TT
TT-37738,EC-INST-TT
TT-37739,EC-INST-TT
PSV-37740,EC-VALVE-RELIEF
FT-37741,EC-INST-FT
P-37742,EC-PUMP-RECIP
XV-37743,EC-VALVE-ISO
P-37744,EC-PUMP-RECIP
TT-37745,EC-INST-TT
E-37746,EC-HEATEXCH-SHELL
FCV-37747,EC-VALVE-CTRL
P-37748,EC-PUMP-CENTR
XV-37749,EC-VALVE-ISO
K-37750,EC-COMPRESSOR-CENTR
XV-37751,EC-VALVE-ISO
V-37752,EC-VESSEL-SEP
E-37753,EC-HEATEXCH-SHELL
TT-37754,EC-INST-TT
E-37755,EC-HEATEXCH-SHELL
TT-37756,EC-INST-TT
FT-37757,EC-INST-FT
FCV-37758,EC-VALVE-CTRL
TT-37759,EC-INST-TT
V-37760,EC-VESSEL-SEP
PT-37761,EC-INST-PT
E-37762,EC-HEATEXCH-SHELL
TT-37763,EC-INST-TT
PSV-37764,EC-VALVE-RELIEF
XV-37765,EC-VALVE-ISO
V-37766,EC-VESSEL-SEP
P-37767,EC-PUMP-RECIP
COL-37768,EC-VESSEL-COL
K-37769,EC-COMPRESSOR-CENTR
PSV-37770,EC-VALVE-RELIEF
P-37771,EC-PUMP-CENTR
P-37772,EC-PUMP-RECIP
PT-37773,EC-INST-PT
P-37774,EC-PUMP-CENTR
FT-37775,EC-INST-FT
COL-37776,EC-VESSEL-COL
LT-37777,EC-INST-LT
P-37778,EC-PUMP-RECIP
FT-37779,EC-INST-FT
E-37780,EC-HEATEXCH-SHELL
K-37781,EC-COMPRESSOR-CENTR
PSV-37782,EC-VALVE-RELIEF
P-37783,EC-PUMP-RECIP
PSV-37784,EC-VALVE-RELIEF
LT-37785,EC-INST-LT
V-37786,EC-VESSEL-SEP
TT-37787,EC-INST-TT
P-37788,EC-PUMP-CENTR
P-37789,EC-PUMP-CENTR
PT-37790,EC-INST-PT
XV-37791,EC-VALVE-ISO
XV-37792,EC-VALVE-ISO
PSV-37793,EC-VALVE-RELIEF
FT-37794,EC-INST-FT
P-37795,EC-PUMP-RECIP
FCV-37796,EC-VALVE-CTRL
P-37797,EC-PUMP-RECIP
P-37798,EC-PUMP-CENTR
TT-37799,EC-INST-TT
FT-37800,EC-INST-FT
COL-37801,EC-VESSEL-COL
P-37802,EC-PUMP-CENTR
PT-37803,EC-INST-PT
LT-37804,EC-INST-LT
FCV-37805,EC-VALVE-CTRL
TT-37806,EC-INST-TT
PT-37807,EC-INST-PT
COL-37808,EC-VESSEL-COL
XV-37809,EC-VALVE-ISO
V-37810,EC-VESSEL-SEP
P-37811,EC-PUMP-RECIP
LT-37812,EC-INST-LT
TT-37813,EC-INST-TT
TT-37814,EC-INST-TT
FT-37815,EC-INST-FT
FCV-37816,EC-VALVE-CTRL
TT-37817,EC-INST-TT
FCV-37818,EC-VALVE-CTRL
FCV-37819,EC-VALVE-CTRL
COL-37820,EC-VESSEL-COL
LT-37821,EC-INST-LT
V-37822,EC-VESSEL-SEP
COL-37823,EC-VESSEL-COL
TT-37824,EC-INST-TT
LT-37825,EC-INST-LT
XV-37826,EC-VALVE-ISO
P-37827,EC-PUMP-RECIP
PT-37828,EC-INST-PT
FT-37829,EC-INST-FT
TT-37830,EC-INST-TT
PSV-37831,EC-VALVE-RELIEF
E-37832,EC-HEATEXCH-SHELL
V-37833,EC-VESSEL-SEP
COL-37834,EC-VESSEL-COL
V-37835,EC-VESSEL-SEP
P-37836,EC-PUMP-CENTR
TT-37837,EC-INST-TT
PT-37838,EC-INST-PT
PT-37839,EC-INST-PT
E-37840,EC-HEATEXCH-SHELL
PT-37841,EC-INST-PT
P-37842,EC-PUMP-CENTR
V-37843,EC-VESSEL-SEP
K-37844,EC-COMPRESSOR-CENTR
COL-37845,EC-VESSEL-COL
K-37846,EC-COMPRESSOR-CENTR
PSV-37847,EC-VALVE-RELIEF
PT-37848,EC-INST-PT
XV-37849,EC-VALVE-ISO
PSV-37850,EC-VALVE-RELIEF
K-37851,EC-COMPRESSOR-CENTR
E-37852,EC-HEATEXCH-SHELL
PT-37853,EC-INST-PT
V-37854,EC-VESSEL-SEP
TT-37855,EC-INST-TT
V-37856,EC-VESSEL-SEP
FT-37857,EC-INST-FT
V-37858,EC-VESSEL-SEP
TT-37859,EC-INST-TT
P-37860,EC-PUMP-RECIP
K-37861,EC-COMPRESSOR-CENTR
V-37862,EC-VESSEL-SEP
PSV-37863,EC-VALVE-RELIEF
LT-37864,EC-INST-LT
LT-37865,EC-INST-LT
E-37866,EC-HEATEXCH-SHELL
K-37867,EC-COMPRESSOR-CENTR
E-37868,EC-HEATEXCH-SHELL
P-37869,EC-PUMP-RECIP
XV-37870,EC-VALVE-ISO
LT-37871,EC-INST-LT
P-37872,EC-PUMP-CENTR
XV-37873,EC-VALVE-ISO
COL-37874,EC-VESSEL-COL
V-37875,EC-VESSEL-SEP
E-37876,EC-HEATEXCH-SHELL
COL-37877,EC-VESSEL-COL
P-37878,EC-PUMP-CENTR
FT-37879,EC-INST-FT
PSV-37880,EC-VALVE-RELIEF
K-37881,EC-COMPRESSOR-CENTR
FT-37882,EC-INST-FT
PT-37883,EC-INST-PT
COL-37884,EC-VESSEL-COL
P-37885,EC-PUMP-CENTR
LT-37886,EC-INST-LT
PT-37887,EC-INST-PT
V-37888,EC-VESSEL-SEP
LT-37889,EC-INST-LT
PT-37890,EC-INST-PT
P-37891,EC-PUMP-RECIP
P-37892,EC-PUMP-RECIP
COL-37893,EC-VESSEL-COL
E-37894,EC-HEATEXCH-SHELL
PSV-37895,EC-VALVE-RELIEF
P-37896,EC-PUMP-RECIP
PT-37897,EC-INST-PT
V-37898,EC-VESSEL-SEP
E-37899,EC-HEATEXCH-SHELL
V-37900,EC-VESSEL-SEP
COL-37901,EC-VESSEL-COL
PT-37902,EC-INST-PT
PT-37903,EC-INST-PT
TT-37904,EC-INST-TT
PT-37905,EC-INST-PT
LT-37906,EC-INST-LT
FT-37907,EC-INST-FT
FT-37908,EC-INST-FT
FT-37909,EC-INST-FT
TT-37910,EC-INST-TT
V-37911,EC-VESSEL-SEP
TT-37912,EC-INST-TT
K-37913,EC-COMPRESSOR-CENTR
FT-37914,EC-INST-FT
LT-37915,EC-INST-LT
PT-37916,EC-INST-PT
FCV-37917,EC-VALVE-CTRL
V-37918,EC-VESSEL-SEP
P-37919,EC-PUMP-CENTR
PSV-37920,EC-VALVE-RELIEF
FT-37921,EC-INST-FT
P-37922,EC-PUMP-RECIP
FT-37923,EC-INST-FT
V-37924,EC-VESSEL-SEP
TT-37925,EC-INST-TT
FT-37926,EC-INST-FT
P-37927,EC-PUMP-RECIP
TT-37928,EC-INST-TT
FT-37929,EC-INST-FT
V-37930,EC-VESSEL-SEP
P-37931,EC-PUMP-RECIP
V-37932,EC-VESSEL-SEP
P-37933,EC-PUMP-CENTR
FCV-37934,EC-VALVE-CTRL
PT-37935,EC-INST-PT
P-37936,EC-PUMP-RECIP
E-37937,EC-HEATEXCH-SHELL
FCV-37938,EC-VALVE-CTRL
TT-37939,EC-INST-TT
XV-37940,EC-VALVE-ISO
P-37941,EC-PUMP-CENTR
P-37942,EC-PUMP-RECIP
K-37943,EC-COMPRESSOR-CENTR
COL-37944,EC-VESSEL-COL
PT-37945,EC-INST-PT
PSV-37946,EC-VALVE-RELIEF
P-37947,EC-PUMP-CENTR
LT-37948,EC-INST-LT
PT-37949,EC-INST-PT
TT-37950,EC-INST-TT
XV-37951,EC-VALVE-ISO
COL-37952,EC-VESSEL-COL
TT-37953,EC-INST-TT
PT-37954,EC-INST-PT
PSV-37955,EC-VALVE-RELIEF
XV-37956,EC-VALVE-ISO
P-37957,EC-PUMP-RECIP
P-37958,EC-PUMP-RECIP
FT-37959,EC-INST-FT
PT-37960,EC-INST-PT
E-37961,EC-HEATEXCH-SHELL
COL-37962,EC-VESSEL-COL
P-37963,EC-PUMP-RECIP
V-37964,EC-VESSEL-SEP
FT-37965,EC-INST-FT
FCV-37966,EC-VALVE-CTRL
FCV-37967,EC-VALVE-CTRL
FT-37968,EC-INST-FT
COL-37969,EC-VESSEL-COL
K-37970,EC-COMPRESSOR-CENTR
K-37971,EC-COMPRESSOR-CENTR
K-37972,EC-COMPRESSOR-CENTR
P-37973,EC-PUMP-CENTR
FT-37974,EC-INST-FT
FT-37975,EC-INST-FT
COL-37976,EC-VESSEL-COL
P-37977,EC-PUMP-RECIP
K-37978,EC-COMPRESSOR-CENTR
FT-37979,EC-INST-FT
PT-37980,EC-INST-PT
K-37981,EC-COMPRESSOR-CENTR
E-37982,EC-HEATEXCH-SHELL
FT-37983,EC-INST-FT
PT-37984,EC-INST-PT
V-37985,EC-VESSEL-SEP
FT-37986,EC-INST-FT
V-37987,EC-VESSEL-SEP
LT-37988,EC-INST-LT
FT-37989,EC-INST-FT
COL-37990,EC-VESSEL-COL
XV-37991,EC-VALVE-ISO
FT-37992,EC-INST-FT
PT-37993,EC-INST-PT
E-37994,EC-HEATEXCH-SHELL
COL-37995,EC-VESSEL-COL
XV-37996,EC-VALVE-ISO
P-37997,EC-PUMP-RECIP
TT-37998,EC-INST-TT
P-37999,EC-PUMP-RECIP
COL-38000,EC-VESSEL-COL
LT-38001,EC-INST-LT
TT-38002,EC-INST-TT
LT-38003,EC-INST-LT
V-38004,EC-VESSEL-SEP
P-38005,EC-PUMP-RECIP
P-38006,EC-PUMP-CENTR
P-38007,EC-PUMP-CENTR
K-38008,EC-COMPRESSOR-CENTR
K-38009,EC-COMPRESSOR-CENTR
LT-38010,EC-INST-LT
COL-38011,EC-VESSEL-COL
LT-38012,EC-INST-LT
P-38013,EC-PUMP-CENTR
K-38014,EC-COMPRESSOR-CENTR
TT-38015,EC-INST-TT
FT-38016,EC-INST-FT
XV-38017,EC-VALVE-ISO
XV-38018,EC-VALVE-ISO
PT-38019,EC-INST-PT
FT-38020,EC-INST-FT
XV-38021,EC-VALVE-ISO
LT-38022,EC-INST-LT
V-38023,EC-VESSEL-SEP
K-38024,EC-COMPRESSOR-CENTR
LT-38025,EC-INST-LT
FT-38026,EC-INST-FT
P-38027,EC-PUMP-CENTR
P-38028,EC-PUMP-RECIP
FT-38029,EC-INST-FT
V-38030,EC-VESSEL-SEP
COL-38031,EC-VESSEL-COL
PT-38032,EC-INST-PT
P-38033,EC-PUMP-CENTR
P-38034,EC-PUMP-CENTR
COL-38035,EC-VESSEL-COL
FT-38036,EC-INST-FT
TT-38037,EC-INST-TT
E-38038,EC-HEATEXCH-SHELL
E-38039,EC-HEATEXCH-SHELL
LT-38040,EC-INST-LT
P-38041,EC-PUMP-CENTR
P-38042,EC-PUMP-RECIP
FT-38043,EC-INST-FT
P-38044,EC-PUMP-RECIP
PSV-38045,EC-VALVE-RELIEF
K-38046,EC-COMPRESSOR-CENTR
P-38047,EC-PUMP-RECIP
COL-38048,EC-VESSEL-COL
FCV-38049,EC-VALVE-CTRL
XV-38050,EC-VALVE-ISO
K-38051,EC-COMPRESSOR-CENTR
COL-38052,EC-VESSEL-COL
PSV-38053,EC-VALVE-RELIEF
FT-38054,EC-INST-FT
P-38055,EC-PUMP-RECIP
V-38056,EC-VESSEL-SEP
XV-38057,EC-VALVE-ISO
PSV-38058,EC-VALVE-RELIEF
LT-38059,EC-INST-LT
PT-38060,EC-INST-PT
PT-38061,EC-INST-PT
K-38062,EC-COMPRESSOR-CENTR
XV-38063,EC-VALVE-ISO
PSV-38064,EC-VALVE-RELIEF
COL-38065,EC-VESSEL-COL
PSV-38066,EC-VALVE-RELIEF
K-38067,EC-COMPRESSOR-CENTR
K-38068,EC-COMPRESSOR-CENTR
FT-38069,EC-INST-FT
K-38070,EC-COMPRESSOR-CENTR
LT-38071,EC-INST-LT
FCV-38072,EC-VALVE-CTRL
V-38073,EC-VESSEL-SEP
PT-38074,EC-INST-PT
TT-38075,EC-INST-TT
PSV-38076,EC-VALVE-RELIEF
FCV-38077,EC-VALVE-CTRL
PSV-38078,EC-VALVE-RELIEF
PT-38079,EC-INST-PT
PT-38080,EC-INST-PT
E-38081,EC-HEATEXCH-SHELL
P-38082,EC-PUMP-RECIP
PT-38083,EC-INST-PT
FCV-38084,EC-VALVE-CTRL
K-38085,EC-COMPRESSOR-CENTR
P-38086,EC-PUMP-RECIP
XV-38087,EC-VALVE-ISO
COL-38088,EC-VESSEL-COL
E-38089,EC-HEATEXCH-SHELL
PT-38090,EC-INST-PT
K-38091,EC-COMPRESSOR-CENTR
E-38092,EC-HEATEXCH-SHELL
E-38093,EC-HEATEXCH-SHELL
LT-38094,EC-INST-LT
P-38095,EC-PUMP-RECIP
LT-38096,EC-INST-LT
V-38097,EC-VESSEL-SEP
LT-38098,EC-INST-LT
V-38099,EC-VESSEL-SEP
COL-38100,EC-VESSEL-COL
PT-38101,EC-INST-PT
E-38102,EC-HEATEXCH-SHELL
LT-38103,EC-INST-LT
COL-38104,EC-VESSEL-COL
K-38105,EC-COMPRESSOR-CENTR
PSV-38106,EC-VALVE-RELIEF
E-38107,EC-HEATEXCH-SHELL
PSV-38108,EC-VALVE-RELIEF
PT-38109,EC-INST-PT
PT-38110,EC-INST-PT
FCV-38111,EC-VALVE-CTRL
K-38112,EC-COMPRESSOR-CENTR
FCV-38113,EC-VALVE-CTRL
COL-38114,EC-VESSEL-COL
XV-38115,EC-VALVE-ISO
XV-38116,EC-VALVE-ISO
FCV-38117,EC-VALVE-CTRL
PSV-38118,EC-VALVE-RELIEF
LT-38119,EC-INST-LT
K-38120,EC-COMPRESSOR-CENTR
E-38121,EC-HEATEXCH-SHELL
FT-38122,EC-INST-FT
P-38123,EC-PUMP-RECIP
K-38124,EC-COMPRESSOR-CENTR
PSV-38125,EC-VALVE-RELIEF
K-38126,EC-COMPRESSOR-CENTR
K-38127,EC-COMPRESSOR-CENTR
E-38128,EC-HEATEXCH-SHELL
E-38129,EC-HEATEXCH-SHELL
P-38130,EC-PUMP-CENTR
PSV-38131,EC-VALVE-RELIEF
V-38132,EC-VESSEL-SEP
COL-38133,EC-VESSEL-COL
E-38134,EC-HEATEXCH-SHELL
P-38135,EC-PUMP-CENTR
P-38136,EC-PUMP-RECIP
V-38137,EC-VESSEL-SEP
PT-38138,EC-INST-PT
XV-38139,EC-VALVE-ISO
FCV-38140,EC-VALVE-CTRL
K-38141,EC-COMPRESSOR-CENTR
K-38142,EC-COMPRESSOR-CENTR
XV-38143,EC-VALVE-ISO
PT-38144,EC-INST-PT
XV-38145,EC-VALVE-ISO
E-38146,EC-HEATEXCH-SHELL
PSV-38147,EC-VALVE-RELIEF
XV-38148,EC-VALVE-ISO
COL-38149,EC-VESSEL-COL
FT-38150,EC-INST-FT
V-38151,EC-VESSEL-SEP
TT-38152,EC-INST-TT
E-38153,EC-HEATEXCH-SHELL
V-38154,EC-VESSEL-SEP
V-38155,EC-VESSEL-SEP
P-38156,EC-PUMP-RECIP
TT-38157,EC-INST-TT
TT-38158,EC-INST-TT
FT-38159,EC-INST-FT
FCV-38160,EC-VALVE-CTRL
P-38161,EC-PUMP-CENTR
V-38162,EC-VESSEL-SEP
FCV-38163,EC-VALVE-CTRL
TT-38164,EC-INST-TT
FCV-38165,EC-VALVE-CTRL
FCV-38166,EC-VALVE-CTRL
PT-38167,EC-INST-PT
LT-38168,EC-INST-LT
E-38169,EC-HEATEXCH-SHELL
PSV-38170,EC-VALVE-RELIEF
FCV-38171,EC-VALVE-CTRL
COL-38172,EC-VESSEL-COL
P-38173,EC-PUMP-RECIP
P-38174,EC-PUMP-RECIP
P-38175,EC-PUMP-CENTR
P-38176,EC-PUMP-CENTR
COL-38177,EC-VESSEL-COL
TT-38178,EC-INST-TT
PT-38179,EC-INST-PT
P-38180,EC-PUMP-CENTR
K-38181,EC-COMPRESSOR-CENTR
K-38182,EC-COMPRESSOR-CENTR
LT-38183,EC-INST-LT
LT-38184,EC-INST-LT
TT-38185,EC-INST-TT
E-38186,EC-HEATEXCH-SHELL
COL-38187,EC-VESSEL-COL
PT-38188,EC-INST-PT
LT-38189,EC-INST-LT
FT-38190,EC-INST-FT
PT-38191,EC-INST-PT
E-38192,EC-HEATEXCH-SHELL
V-38193,EC-VESSEL-SEP
LT-38194,EC-INST-LT
V-38195,EC-VESSEL-SEP
P-38196,EC-PUMP-CENTR
FT-38197,EC-INST-FT
TT-38198,EC-INST-TT
E-38199,EC-HEATEXCH-SHELL
LT-38200,EC-INST-LT
PSV-38201,EC-VALVE-RELIEF
PSV-38202,EC-VALVE-RELIEF
PSV-38203,EC-VALVE-RELIEF
XV-38204,EC-VALVE-ISO
P-38205,EC-PUMP-CENTR
K-38206,EC-COMPRESSOR-CENTR
TT-38207,EC-INST-TT
TT-38208,EC-INST-TT
FT-38209,EC-INST-FT
FT-38210,EC-INST-FT
P-38211,EC-PUMP-CENTR
TT-38212,EC-INST-TT
LT-38213,EC-INST-LT
V-38214,EC-VESSEL-SEP
PSV-38215,EC-VALVE-RELIEF
FT-38216,EC-INST-FT
LT-38217,EC-INST-LT
LT-38218,EC-INST-LT
K-38219,EC-COMPRESSOR-CENTR
PSV-38220,EC-VALVE-RELIEF
FT-38221,EC-INST-FT
FCV-38222,EC-VALVE-CTRL
FT-38223,EC-INST-FT
PSV-38224,EC-VALVE-RELIEF
FT-38225,EC-INST-FT
FT-38226,EC-INST-FT
P-38227,EC-PUMP-CENTR
PSV-38228,EC-VALVE-RELIEF
P-38229,EC-PUMP-CENTR
FCV-38230,EC-VALVE-CTRL
K-38231,EC-COMPRESSOR-CENTR
PT-38232,EC-INST-PT
TT-38233,EC-INST-TT
COL-38234,EC-VESSEL-COL
LT-38235,EC-INST-LT
P-38236,EC-PUMP-CENTR
P-38237,EC-PUMP-CENTR
LT-38238,EC-INST-LT
PSV-38239,EC-VALVE-RELIEF
TT-38240,EC-INST-TT
K-38241,EC-COMPRESSOR-CENTR
XV-38242,EC-VALVE-ISO
XV-38243,EC-VALVE-ISO
E-38244,EC-HEATEXCH-SHELL
P-38245,EC-PUMP-CENTR
XV-38246,EC-VALVE-ISO
PSV-38247,EC-VALVE-RELIEF
PT-38248,EC-INST-PT
XV-38249,EC-VALVE-ISO
XV-38250,EC-VALVE-ISO
V-38251,EC-VESSEL-SEP
PT-38252,EC-INST-PT
P-38253,EC-PUMP-CENTR
LT-38254,EC-INST-LT
LT-38255,EC-INST-LT
XV-38256,EC-VALVE-ISO
P-38257,EC-PUMP-RECIP
FCV-38258,EC-VALVE-CTRL
TT-38259,EC-INST-TT
PT-38260,EC-INST-PT
PSV-38261,EC-VALVE-RELIEF
TT-38262,EC-INST-TT
FCV-38263,EC-VALVE-CTRL
PSV-38264,EC-VALVE-RELIEF
PT-38265,EC-INST-PT
LT-38266,EC-INST-LT
PT-38267,EC-INST-PT
FT-38268,EC-INST-FT
FCV-38269,EC-VALVE-CTRL
LT-38270,EC-INST-LT
COL-38271,EC-VESSEL-COL
COL-38272,EC-VESSEL-COL
FT-38273,EC-INST-FT
FCV-38274,EC-VALVE-CTRL
XV-38275,EC-VALVE-ISO
COL-38276,EC-VESSEL-COL
COL-38277,EC-VESSEL-COL
PT-38278,EC-INST-PT
FCV-38279,EC-VALVE-CTRL
K-38280,EC-COMPRESSOR-CENTR
PT-38281,EC-INST-PT
P-38282,EC-PUMP-RECIP
LT-38283,EC-INST-LT
K-38284,EC-COMPRESSOR-CENTR
FT-38285,EC-INST-FT
TT-38286,EC-INST-TT
K-38287,EC-COMPRESSOR-CENTR
V-38288,EC-VESSEL-SEP
FT-38289,EC-INST-FT
PT-38290,EC-INST-PT
FT-38291,EC-INST-FT
P-38292,EC-PUMP-CENTR
XV-38293,EC-VALVE-ISO
FT-38294,EC-INST-FT
XV-38295,EC-VALVE-ISO
PT-38296,EC-INST-PT
LT-38297,EC-INST-LT
PT-38298,EC-INST-PT
E-38299,EC-HEATEXCH-SHELL
P-38300,EC-PUMP-RECIP
FT-38301,EC-INST-FT
P-38302,EC-PUMP-CENTR
P-38303,EC-PUMP-CENTR
FCV-38304,EC-VALVE-CTRL
FCV-38305,EC-VALVE-CTRL
PT-38306,EC-INST-PT
PSV-38307,EC-VALVE-RELIEF
PT-38308,EC-INST-PT
FCV-38309,EC-VALVE-CTRL
PT-38310,EC-INST-PT
XV-38311,EC-VALVE-ISO
V-38312,EC-VESSEL-SEP
FCV-38313,EC-VALVE-CTRL
COL-38314,EC-VESSEL-COL
PT-38315,EC-INST-PT
FCV-38316,EC-VALVE-CTRL
XV-38317,EC-VALVE-ISO
V-38318,EC-VESSEL-SEP
FCV-38319,EC-VALVE-CTRL
P-38320,EC-PUMP-RECIP
P-38321,EC-PUMP-RECIP
TT-38322,EC-INST-TT
FCV-38323,EC-VALVE-CTRL
COL-38324,EC-VESSEL-COL
PT-38325,EC-INST-PT
XV-38326,EC-VALVE-ISO
PT-38327,EC-INST-PT
P-38328,EC-PUMP-RECIP
K-38329,EC-COMPRESSOR-CENTR
COL-38330,EC-VESSEL-COL
P-38331,EC-PUMP-CENTR
P-38332,EC-PUMP-RECIP
FT-38333,EC-INST-FT
FT-38334,EC-INST-FT
FT-38335,EC-INST-FT
P-38336,EC-PUMP-CENTR
PT-38337,EC-INST-PT
E-38338,EC-HEATEXCH-SHELL
V-38339,EC-VESSEL-SEP
P-38340,EC-PUMP-RECIP
E-38341,EC-HEATEXCH-SHELL
FT-38342,EC-INST-FT
P-38343,EC-PUMP-CENTR
K-38344,EC-COMPRESSOR-CENTR
P-38345,EC-PUMP-CENTR
LT-38346,EC-INST-LT
XV-38347,EC-VALVE-ISO
PT-38348,EC-INST-PT
PSV-38349,EC-VALVE-RELIEF
TT-38350,EC-INST-TT
FCV-38351,EC-VALVE-CTRL
E-38352,EC-HEATEXCH-SHELL
V-38353,EC-VESSEL-SEP
PSV-38354,EC-VALVE-RELIEF
TT-38355,EC-INST-TT
COL-38356,EC-VESSEL-COL
K-38357,EC-COMPRESSOR-CENTR
XV-38358,EC-VALVE-ISO
P-38359,EC-PUMP-CENTR
FT-38360,EC-INST-FT
V-38361,EC-VESSEL-SEP
XV-38362,EC-VALVE-ISO
TT-38363,EC-INST-TT
PSV-38364,EC-VALVE-RELIEF
FCV-38365,EC-VALVE-CTRL
K-38366,EC-COMPRESSOR-CENTR
P-38367,EC-PUMP-CENTR
P-38368,EC-PUMP-CENTR
LT-38369,EC-INST-LT
COL-38370,EC-VESSEL-COL
FT-38371,EC-INST-FT
P-38372,EC-PUMP-RECIP
V-38373,EC-VESSEL-SEP
P-38374,EC-PUMP-RECIP
P-38375,EC-PUMP-RECIP
V-38376,EC-VESSEL-SEP
TT-38377,EC-INST-TT
P-38378,EC-PUMP-RECIP
TT-38379,EC-INST-TT
K-38380,EC-COMPRESSOR-CENTR
FCV-38381,EC-VALVE-CTRL
FCV-38382,EC-VALVE-CTRL
P-38383,EC-PUMP-CENTR
LT-38384,EC-INST-LT
COL-38385,EC-VESSEL-COL
PT-38386,EC-INST-PT
P-38387,EC-PUMP-RECIP
TT-38388,EC-INST-TT
FT-38389,EC-INST-FT
LT-38390,EC-INST-LT
K-38391,EC-COMPRESSOR-CENTR
TT-38392,EC-INST-TT
PSV-38393,EC-VALVE-RELIEF
E-38394,EC-HEATEXCH-SHELL
COL-38395,EC-VESSEL-COL
FCV-38396,EC-VALVE-CTRL
PSV-38397,EC-VALVE-RELIEF
V-38398,EC-VESSEL-SEP
P-38399,EC-PUMP-CENTR
P-38400,EC-PUMP-RECIP
P-38401,EC-PUMP-RECIP
XV-38402,EC-VALVE-ISO
PSV-38403,EC-VALVE-RELIEF
PT-38404,EC-INST-PT
FCV-38405,EC-VALVE-CTRL
PSV-38406,EC-VALVE-RELIEF
TT-38407,EC-INST-TT
XV-38408,EC-VALVE-ISO
XV-38409,EC-VALVE-ISO
COL-38410,EC-VESSEL-COL
P-38411,EC-PUMP-CENTR
P-38412,EC-PUMP-RECIP
PT-38413,EC-INST-PT
LT-38414,EC-INST-LT
E-38415,EC-HEATEXCH-SHELL
E-38416,EC-HEATEXCH-SHELL
P-38417,EC-PUMP-CENTR
XV-38418,EC-VALVE-ISO
K-38419,EC-COMPRESSOR-CENTR
PT-38420,EC-INST-PT
LT-38421,EC-INST-LT
LT-38422,EC-INST-LT
XV-38423,EC-VALVE-ISO
V-38424,EC-VESSEL-SEP
P-38425,EC-PUMP-CENTR
FCV-38426,EC-VALVE-CTRL
FCV-38427,EC-VALVE-CTRL
FT-38428,EC-INST-FT
V-38429,EC-VESSEL-SEP
TT-38430,EC-INST-TT
FCV-38431,EC-VALVE-CTRL
COL-38432,EC-VESSEL-COL
P-38433,EC-PUMP-RECIP
PSV-38434,EC-VALVE-RELIEF
PT-38435,EC-INST-PT
P-38436,EC-PUMP-RECIP
XV-38437,EC-VALVE-ISO
LT-38438,EC-INST-LT
FT-38439,EC-INST-FT
E-38440,EC-HEATEXCH-SHELL
PSV-38441,EC-VALVE-RELIEF
E-38442,EC-HEATEXCH-SHELL
E-38443,EC-HEATEXCH-SHELL
P-38444,EC-PUMP-CENTR
COL-38445,EC-VESSEL-COL
FCV-38446,EC-VALVE-CTRL
K-38447,EC-COMPRESSOR-CENTR
FCV-38448,EC-VALVE-CTRL
COL-38449,EC-VESSEL-COL
K-38450,EC-COMPRESSOR-CENTR
K-38451,EC-COMPRESSOR-CENTR
LT-38452,EC-INST-LT
FT-38453,EC-INST-FT
P-38454,EC-PUMP-RECIP
V-38455,EC-VESSEL-SEP
FT-38456,EC-INST-FT
E-38457,EC-HEATEXCH-SHELL
P-38458,EC-PUMP-RECIP
E-38459,EC-HEATEXCH-SHELL
P-38460,EC-PUMP-CENTR
P-38461,EC-PUMP-RECIP
PSV-38462,EC-VALVE-RELIEF
PT-38463,EC-INST-PT
PT-38464,EC-INST-PT
P-38465,EC-PUMP-RECIP
P-38466,EC-PUMP-RECIP
TT-38467,EC-INST-TT
PSV-38468,EC-VALVE-RELIEF
COL-38469,EC-VESSEL-COL
FT-38470,EC-INST-FT
P-38471,EC-PUMP-RECIP
PSV-38472,EC-VALVE-RELIEF
COL-38473,EC-VESSEL-COL
PSV-38474,EC-VALVE-RELIEF
PT-38475,EC-INST-PT
P-38476,EC-PUMP-CENTR
V-38477,EC-VESSEL-SEP
TT-38478,EC-INST-TT
PSV-38479,EC-VALVE-RELIEF
K-38480,EC-COMPRESSOR-CENTR
LT-38481,EC-INST-LT
E-38482,EC-HEATEXCH-SHELL
FT-38483,EC-INST-FT
XV-38484,EC-VALVE-ISO
P-38485,EC-PUMP-RECIP
FCV-38486,EC-VALVE-CTRL
V-38487,EC-VESSEL-SEP
V-38488,EC-VESSEL-SEP
P-38489,EC-PUMP-RECIP
PSV-38490,EC-VALVE-RELIEF
E-38491,EC-HEATEXCH-SHELL
XV-38492,EC-VALVE-ISO
FT-38493,EC-INST-FT
LT-38494,EC-INST-LT
P-38495,EC-PUMP-CENTR
FT-38496,EC-INST-FT
FT-38497,EC-INST-FT
P-38498,EC-PUMP-CENTR
P-38499,EC-PUMP-CENTR
PT-38500,EC-INST-PT
PSV-38501,EC-VALVE-RELIEF
LT-38502,EC-INST-LT
XV-38503,EC-VALVE-ISO
LT-38504,EC-INST-LT
TT-38505,EC-INST-TT
PSV-38506,EC-VALVE-RELIEF
PSV-38507,EC-VALVE-RELIEF
LT-38508,EC-INST-LT
P-38509,EC-PUMP-CENTR
COL-38510,EC-VESSEL-COL
P-38511,EC-PUMP-RECIP
FT-38512,EC-INST-FT
V-38513,EC-VESSEL-SEP
FT-38514,EC-INST-FT
LT-38515,EC-INST-LT
P-38516,EC-PUMP-CENTR
TT-38517,EC-INST-TT
V-38518,EC-VESSEL-SEP
V-38519,EC-VESSEL-SEP
E-38520,EC-HEATEXCH-SHELL
PT-38521,EC-INST-PT
E-38522,EC-HEATEXCH-SHELL
PT-38523,EC-INST-PT
K-38524,EC-COMPRESSOR-CENTR
V-38525,EC-VESSEL-SEP
XV-38526,EC-VALVE-ISO
PT-38527,EC-INST-PT
XV-38528,EC-VALVE-ISO
PSV-38529,EC-VALVE-RELIEF
V-38530,EC-VESSEL-SEP
COL-38531,EC-VESSEL-COL
TT-38532,EC-INST-TT
P-38533,EC-PUMP-CENTR
XV-38534,EC-VALVE-ISO
TT-38535,EC-INST-TT
P-38536,EC-PUMP-CENTR
PT-38537,EC-INST-PT
PT-38538,EC-INST-PT
PSV-38539,EC-VALVE-RELIEF
K-38540,EC-COMPRESSOR-CENTR
FT-38541,EC-INST-FT
K-38542,EC-COMPRESSOR-CENTR
FCV-38543,EC-VALVE-CTRL
XV-38544,EC-VALVE-ISO
FT-38545,EC-INST-FT
LT-38546,EC-INST-LT
LT-38547,EC-INST-LT
COL-38548,EC-VESSEL-COL
K-38549,EC-COMPRESSOR-CENTR
FT-38550,EC-INST-FT
TT-38551,EC-INST-TT
P-38552,EC-PUMP-RECIP
K-38553,EC-COMPRESSOR-CENTR
COL-38554,EC-VESSEL-COL
PT-38555,EC-INST-PT
PT-38556,EC-INST-PT
XV-38557,EC-VALVE-ISO
P-38558,EC-PUMP-RECIP
FCV-38559,EC-VALVE-CTRL
V-38560,EC-VESSEL-SEP
XV-38561,EC-VALVE-ISO
FCV-38562,EC-VALVE-CTRL
LT-38563,EC-INST-LT
P-38564,EC-PUMP-CENTR
FCV-38565,EC-VALVE-CTRL
V-38566,EC-VESSEL-SEP
P-38567,EC-PUMP-CENTR
PSV-38568,EC-VALVE-RELIEF
TT-38569,EC-INST-TT
COL-38570,EC-VESSEL-COL
XV-38571,EC-VALVE-ISO
FT-38572,EC-INST-FT
P-38573,EC-PUMP-CENTR
E-38574,EC-HEATEXCH-SHELL
P-38575,EC-PUMP-CENTR
P-38576,EC-PUMP-CENTR
PSV-38577,EC-VALVE-RELIEF
K-38578,EC-COMPRESSOR-CENTR
K-38579,EC-COMPRESSOR-CENTR
V-38580,EC-VESSEL-SEP
XV-38581,EC-VALVE-ISO
TT-38582,EC-INST-TT
LT-38583,EC-INST-LT
TT-38584,EC-INST-TT
TT-38585,EC-INST-TT
FCV-38586,EC-VALVE-CTRL
XV-38587,EC-VALVE-ISO
LT-38588,EC-INST-LT
P-38589,EC-PUMP-RECIP
P-38590,EC-PUMP-CENTR
K-38591,EC-COMPRESSOR-CENTR
LT-38592,EC-INST-LT
COL-38593,EC-VESSEL-COL
P-38594,EC-PUMP-RECIP
P-38595,EC-PUMP-CENTR
K-38596,EC-COMPRESSOR-CENTR
P-38597,EC-PUMP-RECIP
FT-38598,EC-INST-FT
K-38599,EC-COMPRESSOR-CENTR
PT-38600,EC-INST-PT
TT-38601,EC-INST-TT
P-38602,EC-PUMP-CENTR
V-38603,EC-VESSEL-SEP
XV-38604,EC-VALVE-ISO
P-38605,EC-PUMP-RECIP
PT-38606,EC-INST-PT
FCV-38607,EC-VALVE-CTRL
E-38608,EC-HEATEXCH-SHELL
P-38609,EC-PUMP-RECIP
PT-38610,EC-INST-PT
XV-38611,EC-VALVE-ISO
LT-38612,EC-INST-LT
K-38613,EC-COMPRESSOR-CENTR
XV-38614,EC-VALVE-ISO
TT-38615,EC-INST-TT
PT-38616,EC-INST-PT
FT-38617,EC-INST-FT
COL-38618,EC-VESSEL-COL
FCV-38619,EC-VALVE-CTRL
E-38620,EC-HEATEXCH-SHELL
FT-38621,EC-INST-FT
P-38622,EC-PUMP-CENTR
LT-38623,EC-INST-LT
FT-38624,EC-INST-FT
FT-38625,EC-INST-FT
PSV-38626,EC-VALVE-RELIEF
TT-38627,EC-INST-TT
PT-38628,EC-INST-PT
PT-38629,EC-INST-PT
PT-38630,EC-INST-PT
LT-38631,EC-INST-LT
TT-38632,EC-INST-TT
P-38633,EC-PUMP-CENTR
K-38634,EC-COMPRESSOR-CENTR
TT-38635,EC-INST-TT
K-38636,EC-COMPRESSOR-CENTR
K-38637,EC-COMPRESSOR-CENTR
FT-38638,EC-INST-FT
LT-38639,EC-INST-LT
K-38640,EC-COMPRESSOR-CENTR
V-38641,EC-VESSEL-SEP
P-38642,EC-PUMP-RECIP
LT-38643,EC-INST-LT
COL-38644,EC-VESSEL-COL
FT-38645,EC-INST-FT
FT-38646,EC-INST-FT
FCV-38647,EC-VALVE-CTRL
FCV-38648,EC-VALVE-CTRL
P-38649,EC-PUMP-RECIP
PT-38650,EC-INST-PT
PSV-38651,EC-VALVE-RELIEF
XV-38652,EC-VALVE-ISO
K-38653,EC-COMPRESSOR-CENTR
PSV-38654,EC-VALVE-RELIEF
LT-38655,EC-INST-LT
E-38656,EC-HEATEXCH-SHELL
E-38657,EC-HEATEXCH-SHELL
PT-38658,EC-INST-PT
P-38659,EC-PUMP-CENTR
LT-38660,EC-INST-LT
PSV-38661,EC-VALVE-RELIEF
XV-38662,EC-VALVE-ISO
K-38663,EC-COMPRESSOR-CENTR
FCV-38664,EC-VALVE-CTRL
XV-38665,EC-VALVE-ISO
P-38666,EC-PUMP-RECIP
P-38667,EC-PUMP-RECIP
XV-38668,EC-VALVE-ISO
P-38669,EC-PUMP-RECIP
XV-38670,EC-VALVE-ISO
LT-38671,EC-INST-LT
PSV-38672,EC-VALVE-RELIEF
LT-38673,EC-INST-LT
P-38674,EC-PUMP-RECIP
V-38675,EC-VESSEL-SEP
FT-38676,EC-INST-FT
P-38677,EC-PUMP-RECIP
LT-38678,EC-INST-LT
K-38679,EC-COMPRESSOR-CENTR
FCV-38680,EC-VALVE-CTRL
P-38681,EC-PUMP-RECIP
XV-38682,EC-VALVE-ISO
P-38683,EC-PUMP-CENTR
PT-38684,EC-INST-PT
FCV-38685,EC-VALVE-CTRL
V-38686,EC-VESSEL-SEP
V-38687,EC-VESSEL-SEP
V-38688,EC-VESSEL-SEP
FCV-38689,EC-VALVE-CTRL
TT-38690,EC-INST-TT
PT-38691,EC-INST-PT
FCV-38692,EC-VALVE-CTRL
TT-38693,EC-INST-TT
P-38694,EC-PUMP-CENTR
PT-38695,EC-INST-PT
PT-38696,EC-INST-PT
PT-38697,EC-INST-PT
TT-38698,EC-INST-TT
PT-38699,EC-INST-PT
XV-38700,EC-VALVE-ISO
COL-38701,EC-VESSEL-COL
E-38702,EC-HEATEXCH-SHELL
LT-38703,EC-INST-LT
FCV-38704,EC-VALVE-CTRL
E-38705,EC-HEATEXCH-SHELL
XV-38706,EC-VALVE-ISO
PT-38707,EC-INST-PT
XV-38708,EC-VALVE-ISO
FCV-38709,EC-VALVE-CTRL
FT-38710,EC-INST-FT
P-38711,EC-PUMP-RECIP
LT-38712,EC-INST-LT
TT-38713,EC-INST-TT
FCV-38714,EC-VALVE-CTRL
V-38715,EC-VESSEL-SEP
FT-38716,EC-INST-FT
FCV-38717,EC-VALVE-CTRL
PT-38718,EC-INST-PT
P-38719,EC-PUMP-RECIP
FT-38720,EC-INST-FT
PT-38721,EC-INST-PT
V-38722,EC-VESSEL-SEP
COL-38723,EC-VESSEL-COL
K-38724,EC-COMPRESSOR-CENTR
PSV-38725,EC-VALVE-RELIEF
PSV-38726,EC-VALVE-RELIEF
LT-38727,EC-INST-LT
PT-38728,EC-INST-PT
LT-38729,EC-INST-LT
P-38730,EC-PUMP-RECIP
V-38731,EC-VESSEL-SEP
PT-38732,EC-INST-PT
P-38733,EC-PUMP-RECIP
P-38734,EC-PUMP-RECIP
FT-38735,EC-INST-FT
LT-38736,EC-INST-LT
V-38737,EC-VESSEL-SEP
TT-38738,EC-INST-TT
V-38739,EC-VESSEL-SEP
E-38740,EC-HEATEXCH-SHELL
LT-38741,EC-INST-LT
FT-38742,EC-INST-FT
LT-38743,EC-INST-LT
XV-38744,EC-VALVE-ISO
P-38745,EC-PUMP-CENTR
XV-38746,EC-VALVE-ISO
FT-38747,EC-INST-FT
E-38748,EC-HEATEXCH-SHELL
E-38749,EC-HEATEXCH-SHELL
P-38750,EC-PUMP-CENTR
P-38751,EC-PUMP-CENTR
PSV-38752,EC-VALVE-RELIEF
PT-38753,EC-INST-PT
FCV-38754,EC-VALVE-CTRL
XV-38755,EC-VALVE-ISO
P-38756,EC-PUMP-CENTR
V-38757,EC-VESSEL-SEP
FT-38758,EC-INST-FT
PT-38759,EC-INST-PT
FT-38760,EC-INST-FT
PSV-38761,EC-VALVE-RELIEF
COL-38762,EC-VESSEL-COL
XV-38763,EC-VALVE-ISO
PSV-38764,EC-VALVE-RELIEF
PT-38765,EC-INST-PT
E-38766,EC-HEATEXCH-SHELL
E-38767,EC-HEATEXCH-SHELL
FT-38768,EC-INST-FT
TT-38769,EC-INST-TT
XV-38770,EC-VALVE-ISO
PT-38771,EC-INST-PT
COL-38772,EC-VESSEL-COL
E-38773,EC-HEATEXCH-SHELL
K-38774,EC-COMPRESSOR-CENTR
COL-38775,EC-VESSEL-COL
P-38776,EC-PUMP-CENTR
FT-38777,EC-INST-FT
FT-38778,EC-INST-FT
FCV-38779,EC-VALVE-CTRL
LT-38780,EC-INST-LT
COL-38781,EC-VESSEL-COL
COL-38782,EC-VESSEL-COL
LT-38783,EC-INST-LT
PSV-38784,EC-VALVE-RELIEF
XV-38785,EC-VALVE-ISO
P-38786,EC-PUMP-RECIP
P-38787,EC-PUMP-RECIP
E-38788,EC-HEATEXCH-SHELL
XV-38789,EC-VALVE-ISO
COL-38790,EC-VESSEL-COL
E-38791,EC-HEATEXCH-SHELL
V-38792,EC-VESSEL-SEP
COL-38793,EC-VESSEL-COL
TT-38794,EC-INST-TT
COL-38795,EC-VESSEL-COL
PSV-38796,EC-VALVE-RELIEF
TT-38797,EC-INST-TT
XV-38798,EC-VALVE-ISO
P-38799,EC-PUMP-RECIP
PT-38800,EC-INST-PT
COL-38801,EC-VESSEL-COL
FCV-38802,EC-VALVE-CTRL
COL-38803,EC-VESSEL-COL
LT-38804,EC-INST-LT
FCV-38805,EC-VALVE-CTRL
K-38806,EC-COMPRESSOR-CENTR
P-38807,EC-PUMP-RECIP
P-38808,EC-PUMP-RECIP
FT-38809,EC-INST-FT
TT-38810,EC-INST-TT
FCV-38811,EC-VALVE-CTRL
P-38812,EC-PUMP-RECIP
V-38813,EC-VESSEL-SEP
XV-38814,EC-VALVE-ISO
PSV-38815,EC-VALVE-RELIEF
E-38816,EC-HEATEXCH-SHELL
K-38817,EC-COMPRESSOR-CENTR
P-38818,EC-PUMP-RECIP
FT-38819,EC-INST-FT
PSV-38820,EC-VALVE-RELIEF
COL-38821,EC-VESSEL-COL
P-38822,EC-PUMP-RECIP
K-38823,EC-COMPRESSOR-CENTR
PSV-38824,EC-VALVE-RELIEF
TT-38825,EC-INST-TT
PT-38826,EC-INST-PT
K-38827,EC-COMPRESSOR-CENTR
LT-38828,EC-INST-LT
PT-38829,EC-INST-PT
PT-38830,EC-INST-PT
XV-38831,EC-VALVE-ISO
LT-38832,EC-INST-LT
FCV-38833,EC-VALVE-CTRL
P-38834,EC-PUMP-CENTR
K-38835,EC-COMPRESSOR-CENTR
XV-38836,EC-VALVE-ISO
V-38837,EC-VESSEL-SEP
LT-38838,EC-INST-LT
XV-38839,EC-VALVE-ISO
TT-38840,EC-INST-TT
LT-38841,EC-INST-LT
P-38842,EC-PUMP-RECIP
PSV-38843,EC-VALVE-RELIEF
P-38844,EC-PUMP-RECIP
P-38845,EC-PUMP-RECIP
E-38846,EC-HEATEXCH-SHELL
K-38847,EC-COMPRESSOR-CENTR
TT-38848,EC-INST-TT
PT-38849,EC-INST-PT
K-38850,EC-COMPRESSOR-CENTR
K-38851,EC-COMPRESSOR-CENTR
XV-38852,EC-VALVE-ISO
K-38853,EC-COMPRESSOR-CENTR
PSV-38854,EC-VALVE-RELIEF
LT-38855,EC-INST-LT
PT-38856,EC-INST-PT
K-38857,EC-COMPRESSOR-CENTR
COL-38858,EC-VESSEL-COL
COL-38859,EC-VESSEL-COL
V-38860,EC-VESSEL-SEP
COL-38861,EC-VESSEL-COL
E-38862,EC-HEATEXCH-SHELL
PSV-38863,EC-VALVE-RELIEF
TT-38864,EC-INST-TT
E-38865,EC-HEATEXCH-SHELL
PT-38866,EC-INST-PT
FT-38867,EC-INST-FT
XV-38868,EC-VALVE-ISO
FT-38869,EC-INST-FT
FCV-38870,EC-VALVE-CTRL
TT-38871,EC-INST-TT
FT-38872,EC-INST-FT
TT-38873,EC-INST-TT
COL-38874,EC-VESSEL-COL
E-38875,EC-HEATEXCH-SHELL
COL-38876,EC-VESSEL-COL
XV-38877,EC-VALVE-ISO
TT-38878,EC-INST-TT
XV-38879,EC-VALVE-ISO
FCV-38880,EC-VALVE-CTRL
K-38881,EC-COMPRESSOR-CENTR
PSV-38882,EC-VALVE-RELIEF
E-38883,EC-HEATEXCH-SHELL
TT-38884,EC-INST-TT
FT-38885,EC-INST-FT
K-38886,EC-COMPRESSOR-CENTR
FT-38887,EC-INST-FT
XV-38888,EC-VALVE-ISO
XV-38889,EC-VALVE-ISO
P-38890,EC-PUMP-RECIP
FCV-38891,EC-VALVE-CTRL
XV-38892,EC-VALVE-ISO
LT-38893,EC-INST-LT
COL-38894,EC-VESSEL-COL
XV-38895,EC-VALVE-ISO
P-38896,EC-PUMP-RECIP
E-38897,EC-HEATEXCH-SHELL
LT-38898,EC-INST-LT
E-38899,EC-HEATEXCH-SHELL
PSV-38900,EC-VALVE-RELIEF
P-38901,EC-PUMP-CENTR
PSV-38902,EC-VALVE-RELIEF
V-38903,EC-VESSEL-SEP
FCV-38904,EC-VALVE-CTRL
TT-38905,EC-INST-TT
PSV-38906,EC-VALVE-RELIEF
V-38907,EC-VESSEL-SEP
P-38908,EC-PUMP-RECIP
COL-38909,EC-VESSEL-COL
V-38910,EC-VESSEL-SEP
TT-38911,EC-INST-TT
TT-38912,EC-INST-TT
P-38913,EC-PUMP-CENTR
V-38914,EC-VESSEL-SEP
TT-38915,EC-INST-TT
E-38916,EC-HEATEXCH-SHELL
K-38917,EC-COMPRESSOR-CENTR
XV-38918,EC-VALVE-ISO
P-38919,EC-PUMP-CENTR
E-38920,EC-HEATEXCH-SHELL
TT-38921,EC-INST-TT
LT-38922,EC-INST-LT
K-38923,EC-COMPRESSOR-CENTR
P-38924,EC-PUMP-CENTR
PT-38925,EC-INST-PT
PT-38926,EC-INST-PT
FCV-38927,EC-VALVE-CTRL
P-38928,EC-PUMP-CENTR
E-38929,EC-HEATEXCH-SHELL
COL-38930,EC-VESSEL-COL
P-38931,EC-PUMP-CENTR
LT-38932,EC-INST-LT
LT-38933,EC-INST-LT
V-38934,EC-VESSEL-SEP
TT-38935,EC-INST-TT
P-38936,EC-PUMP-CENTR
LT-38937,EC-INST-LT
PT-38938,EC-INST-PT
P-38939,EC-PUMP-RECIP
PSV-38940,EC-VALVE-RELIEF
E-38941,EC-HEATEXCH-SHELL
FT-38942,EC-INST-FT
P-38943,EC-PUMP-CENTR
FT-38944,EC-INST-FT
E-38945,EC-HEATEXCH-SHELL
COL-38946,EC-VESSEL-COL
K-38947,EC-COMPRESSOR-CENTR
K-38948,EC-COMPRESSOR-CENTR
LT-38949,EC-INST-LT
COL-38950,EC-VESSEL-COL
TT-38951,EC-INST-TT
FT-38952,EC-INST-FT
LT-38953,EC-INST-LT
E-38954,EC-HEATEXCH-SHELL
E-38955,EC-HEATEXCH-SHELL
P-38956,EC-PUMP-CENTR
PT-38957,EC-INST-PT
LT-38958,EC-INST-LT
P-38959,EC-PUMP-CENTR
LT-38960,EC-INST-LT
LT-38961,EC-INST-LT
E-38962,EC-HEATEXCH-SHELL
COL-38963,EC-VESSEL-COL
FT-38964,EC-INST-FT
LT-38965,EC-INST-LT
V-38966,EC-VESSEL-SEP
V-38967,EC-VESSEL-SEP
P-38968,EC-PUMP-RECIP
LT-38969,EC-INST-LT
COL-38970,EC-VESSEL-COL
XV-38971,EC-VALVE-ISO
PT-38972,EC-INST-PT
P-38973,EC-PUMP-CENTR
LT-38974,EC-INST-LT
XV-38975,EC-VALVE-ISO
TT-38976,EC-INST-TT
E-38977,EC-HEATEXCH-SHELL
COL-38978,EC-VESSEL-COL
PT-38979,EC-INST-PT
P-38980,EC-PUMP-CENTR
PT-38981,EC-INST-PT
K-38982,EC-COMPRESSOR-CENTR
P-38983,EC-PUMP-RECIP
LT-38984,EC-INST-LT
LT-38985,EC-INST-LT
K-38986,EC-COMPRESSOR-CENTR
K-38987,EC-COMPRESSOR-CENTR
V-38988,EC-VESSEL-SEP
COL-38989,EC-VESSEL-COL
PT-38990,EC-INST-PT
XV-38991,EC-VALVE-ISO
TT-38992,EC-INST-TT
COL-38993,EC-VESSEL-COL
COL-38994,EC-VESSEL-COL
V-38995,EC-VESSEL-SEP
E-38996,EC-HEATEXCH-SHELL
K-38997,EC-COMPRESSOR-CENTR
XV-38998,EC-VALVE-ISO
FT-38999,EC-INST-FT
E-39000,EC-HEATEXCH-SHELL
P-39001,EC-PUMP-CENTR
COL-39002,EC-VESSEL-COL
P-39003,EC-PUMP-CENTR
XV-39004,EC-VALVE-ISO
XV-39005,EC-VALVE-ISO
K-39006,EC-COMPRESSOR-CENTR
PT-39007,EC-INST-PT
PT-39008,EC-INST-PT
FCV-39009,EC-VALVE-CTRL
FCV-39010,EC-VALVE-CTRL
TT-39011,EC-INST-TT
COL-39012,EC-VESSEL-COL
TT-39013,EC-INST-TT
TT-39014,EC-INST-TT
FCV-39015,EC-VALVE-CTRL
COL-39016,EC-VESSEL-COL
FT-39017,EC-INST-FT
COL-39018,EC-VESSEL-COL
P-39019,EC-PUMP-CENTR
E-39020,EC-HEATEXCH-SHELL
P-39021,EC-PUMP-CENTR
P-39022,EC-PUMP-CENTR
P-39023,EC-PUMP-CENTR
E-39024,EC-HEATEXCH-SHELL
PSV-39025,EC-VALVE-RELIEF
K-39026,EC-COMPRESSOR-CENTR
PT-39027,EC-INST-PT
V-39028,EC-VESSEL-SEP
FCV-39029,EC-VALVE-CTRL
P-39030,EC-PUMP-CENTR
FT-39031,EC-INST-FT
PSV-39032,EC-VALVE-RELIEF
TT-39033,EC-INST-TT
E-39034,EC-HEATEXCH-SHELL
V-39035,EC-VESSEL-SEP
FCV-39036,EC-VALVE-CTRL
PT-39037,EC-INST-PT
LT-39038,EC-INST-LT
V-39039,EC-VESSEL-SEP
XV-39040,EC-VALVE-ISO
E-39041,EC-HEATEXCH-SHELL
PT-39042,EC-INST-PT
TT-39043,EC-INST-TT
V-39044,EC-VESSEL-SEP
V-39045,EC-VESSEL-SEP
FT-39046,EC-INST-FT
LT-39047,EC-INST-LT
P-39048,EC-PUMP-RECIP
XV-39049,EC-VALVE-ISO
LT-39050,EC-INST-LT
P-39051,EC-PUMP-RECIP
FCV-39052,EC-VALVE-CTRL
PT-39053,EC-INST-PT
V-39054,EC-VESSEL-SEP
E-39055,EC-HEATEXCH-SHELL
FT-39056,EC-INST-FT
FT-39057,EC-INST-FT
LT-39058,EC-INST-LT
V-39059,EC-VESSEL-SEP
PT-39060,EC-INST-PT
PSV-39061,EC-VALVE-RELIEF
K-39062,EC-COMPRESSOR-CENTR
V-39063,EC-VESSEL-SEP
V-39064,EC-VESSEL-SEP
XV-39065,EC-VALVE-ISO
COL-39066,EC-VESSEL-COL
TT-39067,EC-INST-TT
K-39068,EC-COMPRESSOR-CENTR
P-39069,EC-PUMP-CENTR
FCV-39070,EC-VALVE-CTRL
COL-39071,EC-VESSEL-COL
P-39072,EC-PUMP-RECIP
E-39073,EC-HEATEXCH-SHELL
P-39074,EC-PUMP-RECIP
P-39075,EC-PUMP-CENTR
P-39076,EC-PUMP-CENTR
P-39077,EC-PUMP-CENTR
PT-39078,EC-INST-PT
FT-39079,EC-INST-FT
K-39080,EC-COMPRESSOR-CENTR
XV-39081,EC-VALVE-ISO
LT-39082,EC-INST-LT
FT-39083,EC-INST-FT
COL-39084,EC-VESSEL-COL
FCV-39085,EC-VALVE-CTRL
V-39086,EC-VESSEL-SEP
K-39087,EC-COMPRESSOR-CENTR
LT-39088,EC-INST-LT
PT-39089,EC-INST-PT
PT-39090,EC-INST-PT
FT-39091,EC-INST-FT
P-39092,EC-PUMP-CENTR
LT-39093,EC-INST-LT
PSV-39094,EC-VALVE-RELIEF
PT-39095,EC-INST-PT
V-39096,EC-VESSEL-SEP
P-39097,EC-PUMP-CENTR
E-39098,EC-HEATEXCH-SHELL
COL-39099,EC-VESSEL-COL
PSV-39100,EC-VALVE-RELIEF
TT-39101,EC-INST-TT
PT-39102,EC-INST-PT
TT-39103,EC-INST-TT
P-39104,EC-PUMP-RECIP
E-39105,EC-HEATEXCH-SHELL
PSV-39106,EC-VALVE-RELIEF
V-39107,EC-VESSEL-SEP
COL-39108,EC-VESSEL-COL
FCV-39109,EC-VALVE-CTRL
FCV-39110,EC-VALVE-CTRL
COL-39111,EC-VESSEL-COL
FCV-39112,EC-VALVE-CTRL
FT-39113,EC-INST-FT
P-39114,EC-PUMP-RECIP
LT-39115,EC-INST-LT
COL-39116,EC-VESSEL-COL
E-39117,EC-HEATEXCH-SHELL
E-39118,EC-HEATEXCH-SHELL
K-39119,EC-COMPRESSOR-CENTR
PT-39120,EC-INST-PT
V-39121,EC-VESSEL-SEP
P-39122,EC-PUMP-CENTR
PSV-39123,EC-VALVE-RELIEF
V-39124,EC-VESSEL-SEP
XV-39125,EC-VALVE-ISO
TT-39126,EC-INST-TT
P-39127,EC-PUMP-RECIP
P-39128,EC-PUMP-CENTR
E-39129,EC-HEATEXCH-SHELL
P-39130,EC-PUMP-RECIP
K-39131,EC-COMPRESSOR-CENTR
PSV-39132,EC-VALVE-RELIEF
COL-39133,EC-VESSEL-COL
P-39134,EC-PUMP-CENTR
FCV-39135,EC-VALVE-CTRL
PT-39136,EC-INST-PT
FCV-39137,EC-VALVE-CTRL
P-39138,EC-PUMP-CENTR
COL-39139,EC-VESSEL-COL
FCV-39140,EC-VALVE-CTRL
FCV-39141,EC-VALVE-CTRL
PT-39142,EC-INST-PT
FT-39143,EC-INST-FT
TT-39144,EC-INST-TT
E-39145,EC-HEATEXCH-SHELL
E-39146,EC-HEATEXCH-SHELL
PT-39147,EC-INST-PT
P-39148,EC-PUMP-RECIP
FT-39149,EC-INST-FT
PSV-39150,EC-VALVE-RELIEF
PSV-39151,EC-VALVE-RELIEF
E-39152,EC-HEATEXCH-SHELL
XV-39153,EC-VALVE-ISO
PSV-39154,EC-VALVE-RELIEF
E-39155,EC-HEATEXCH-SHELL
P-39156,EC-PUMP-CENTR
FCV-39157,EC-VALVE-CTRL
P-39158,EC-PUMP-CENTR
FT-39159,EC-INST-FT
K-39160,EC-COMPRESSOR-CENTR
TT-39161,EC-INST-TT
COL-39162,EC-VESSEL-COL
TT-39163,EC-INST-TT
LT-39164,EC-INST-LT
V-39165,EC-VESSEL-SEP
P-39166,EC-PUMP-CENTR
PT-39167,EC-INST-PT
TT-39168,EC-INST-TT
K-39169,EC-COMPRESSOR-CENTR
XV-39170,EC-VALVE-ISO
XV-39171,EC-VALVE-ISO
P-39172,EC-PUMP-CENTR
PSV-39173,EC-VALVE-RELIEF
FT-39174,EC-INST-FT
XV-39175,EC-VALVE-ISO
FT-39176,EC-INST-FT
E-39177,EC-HEATEXCH-SHELL
XV-39178,EC-VALVE-ISO
E-39179,EC-HEATEXCH-SHELL
K-39180,EC-COMPRESSOR-CENTR
XV-39181,EC-VALVE-ISO
P-39182,EC-PUMP-CENTR
K-39183,EC-COMPRESSOR-CENTR
LT-39184,EC-INST-LT
COL-39185,EC-VESSEL-COL
P-39186,EC-PUMP-CENTR
P-39187,EC-PUMP-CENTR
V-39188,EC-VESSEL-SEP
LT-39189,EC-INST-LT
PSV-39190,EC-VALVE-RELIEF
XV-39191,EC-VALVE-ISO
P-39192,EC-PUMP-CENTR
V-39193,EC-VESSEL-SEP
COL-39194,EC-VESSEL-COL
FCV-39195,EC-VALVE-CTRL
V-39196,EC-VESSEL-SEP
TT-39197,EC-INST-TT
FCV-39198,EC-VALVE-CTRL
P-39199,EC-PUMP-CENTR
TT-39200,EC-INST-TT
FT-39201,EC-INST-FT
PT-39202,EC-INST-PT
E-39203,EC-HEATEXCH-SHELL
V-39204,EC-VESSEL-SEP
FCV-39205,EC-VALVE-CTRL
FT-39206,EC-INST-FT
PT-39207,EC-INST-PT
FCV-39208,EC-VALVE-CTRL
FCV-39209,EC-VALVE-CTRL
PT-39210,EC-INST-PT
FCV-39211,EC-VALVE-CTRL
FT-39212,EC-INST-FT
P-39213,EC-PUMP-RECIP
FCV-39214,EC-VALVE-CTRL
COL-39215,EC-VESSEL-COL
XV-39216,EC-VALVE-ISO
P-39217,EC-PUMP-CENTR
PT-39218,EC-INST-PT
FCV-39219,EC-VALVE-CTRL
K-39220,EC-COMPRESSOR-CENTR
K-39221,EC-COMPRESSOR-CENTR
PT-39222,EC-INST-PT
LT-39223,EC-INST-LT
LT-39224,EC-INST-LT
K-39225,EC-COMPRESSOR-CENTR
PT-39226,EC-INST-PT
K-39227,EC-COMPRESSOR-CENTR
K-39228,EC-COMPRESSOR-CENTR
TT-39229,EC-INST-TT
E-39230,EC-HEATEXCH-SHELL
XV-39231,EC-VALVE-ISO
V-39232,EC-VESSEL-SEP
P-39233,EC-PUMP-RECIP
TT-39234,EC-INST-TT
PT-39235,EC-INST-PT
P-39236,EC-PUMP-RECIP
P-39237,EC-PUMP-CENTR
PSV-39238,EC-VALVE-RELIEF
P-39239,EC-PUMP-CENTR
XV-39240,EC-VALVE-ISO
XV-39241,EC-VALVE-ISO
K-39242,EC-COMPRESSOR-CENTR
V-39243,EC-VESSEL-SEP
P-39244,EC-PUMP-RECIP
FCV-39245,EC-VALVE-CTRL
K-39246,EC-COMPRESSOR-CENTR
FCV-39247,EC-VALVE-CTRL
XV-39248,EC-VALVE-ISO
P-39249,EC-PUMP-CENTR
K-39250,EC-COMPRESSOR-CENTR
P-39251,EC-PUMP-CENTR
PT-39252,EC-INST-PT
LT-39253,EC-INST-LT
COL-39254,EC-VESSEL-COL
COL-39255,EC-VESSEL-COL
PSV-39256,EC-VALVE-RELIEF
LT-39257,EC-INST-LT
FCV-39258,EC-VALVE-CTRL
E-39259,EC-HEATEXCH-SHELL
TT-39260,EC-INST-TT
TT-39261,EC-INST-TT
K-39262,EC-COMPRESSOR-CENTR
LT-39263,EC-INST-LT
P-39264,EC-PUMP-RECIP
P-39265,EC-PUMP-RECIP
LT-39266,EC-INST-LT
PT-39267,EC-INST-PT
K-39268,EC-COMPRESSOR-CENTR
XV-39269,EC-VALVE-ISO
PT-39270,EC-INST-PT
K-39271,EC-COMPRESSOR-CENTR
PT-39272,EC-INST-PT
FCV-39273,EC-VALVE-CTRL
LT-39274,EC-INST-LT
FT-39275,EC-INST-FT
TT-39276,EC-INST-TT
V-39277,EC-VESSEL-SEP
FT-39278,EC-INST-FT
P-39279,EC-PUMP-CENTR
TT-39280,EC-INST-TT
K-39281,EC-COMPRESSOR-CENTR
P-39282,EC-PUMP-CENTR
PSV-39283,EC-VALVE-RELIEF
P-39284,EC-PUMP-RECIP
K-39285,EC-COMPRESSOR-CENTR
COL-39286,EC-VESSEL-COL
COL-39287,EC-VESSEL-COL
PT-39288,EC-INST-PT
P-39289,EC-PUMP-RECIP
TT-39290,EC-INST-TT
PT-39291,EC-INST-PT
FCV-39292,EC-VALVE-CTRL
K-39293,EC-COMPRESSOR-CENTR
PSV-39294,EC-VALVE-RELIEF
COL-39295,EC-VESSEL-COL
COL-39296,EC-VESSEL-COL
P-39297,EC-PUMP-RECIP
FCV-39298,EC-VALVE-CTRL
P-39299,EC-PUMP-CENTR
PSV-39300,EC-VALVE-RELIEF
COL-39301,EC-VESSEL-COL
V-39302,EC-VESSEL-SEP
XV-39303,EC-VALVE-ISO
E-39304,EC-HEATEXCH-SHELL
FT-39305,EC-INST-FT
E-39306,EC-HEATEXCH-SHELL
FT-39307,EC-INST-FT
PSV-39308,EC-VALVE-RELIEF
P-39309,EC-PUMP-CENTR
P-39310,EC-PUMP-RECIP
PT-39311,EC-INST-PT
P-39312,EC-PUMP-CENTR
COL-39313,EC-VESSEL-COL
FCV-39314,EC-VALVE-CTRL
TT-39315,EC-INST-TT
P-39316,EC-PUMP-CENTR
LT-39317,EC-INST-LT
P-39318,EC-PUMP-CENTR
COL-39319,EC-VESSEL-COL
FT-39320,EC-INST-FT
PSV-39321,EC-VALVE-RELIEF
E-39322,EC-HEATEXCH-SHELL
PSV-39323,EC-VALVE-RELIEF
PT-39324,EC-INST-PT
V-39325,EC-VESSEL-SEP
FT-39326,EC-INST-FT
V-39327,EC-VESSEL-SEP
PSV-39328,EC-VALVE-RELIEF
PT-39329,EC-INST-PT
TT-39330,EC-INST-TT
COL-39331,EC-VESSEL-COL
V-39332,EC-VESSEL-SEP
XV-39333,EC-VALVE-ISO
FCV-39334,EC-VALVE-CTRL
PSV-39335,EC-VALVE-RELIEF
XV-39336,EC-VALVE-ISO
FT-39337,EC-INST-FT
PT-39338,EC-INST-PT
FCV-39339,EC-VALVE-CTRL
PSV-39340,EC-VALVE-RELIEF
FT-39341,EC-INST-FT
P-39342,EC-PUMP-CENTR
V-39343,EC-VESSEL-SEP
PT-39344,EC-INST-PT
FT-39345,EC-INST-FT
PT-39346,EC-INST-PT
XV-39347,EC-VALVE-ISO
P-39348,EC-PUMP-RECIP
LT-39349,EC-INST-LT
LT-39350,EC-INST-LT
TT-39351,EC-INST-TT
COL-39352,EC-VESSEL-COL
FCV-39353,EC-VALVE-CTRL
PT-39354,EC-INST-PT
P-39355,EC-PUMP-CENTR
TT-39356,EC-INST-TT
TT-39357,EC-INST-TT
PT-39358,EC-INST-PT
COL-39359,EC-VESSEL-COL
V-39360,EC-VESSEL-SEP
XV-39361,EC-VALVE-ISO
PT-39362,EC-INST-PT
E-39363,EC-HEATEXCH-SHELL
LT-39364,EC-INST-LT
E-39365,EC-HEATEXCH-SHELL
LT-39366,EC-INST-LT
P-39367,EC-PUMP-RECIP
TT-39368,EC-INST-TT
FT-39369,EC-INST-FT
E-39370,EC-HEATEXCH-SHELL
V-39371,EC-VESSEL-SEP
V-39372,EC-VESSEL-SEP
PT-39373,EC-INST-PT
LT-39374,EC-INST-LT
PT-39375,EC-INST-PT
P-39376,EC-PUMP-CENTR
PT-39377,EC-INST-PT
FT-39378,EC-INST-FT
COL-39379,EC-VESSEL-COL
COL-39380,EC-VESSEL-COL
P-39381,EC-PUMP-RECIP
FCV-39382,EC-VALVE-CTRL
LT-39383,EC-INST-LT
TT-39384,EC-INST-TT
XV-39385,EC-VALVE-ISO
FT-39386,EC-INST-FT
FT-39387,EC-INST-FT
LT-39388,EC-INST-LT
K-39389,EC-COMPRESSOR-CENTR
XV-39390,EC-VALVE-ISO
P-39391,EC-PUMP-RECIP
P-39392,EC-PUMP-CENTR
V-39393,EC-VESSEL-SEP
FT-39394,EC-INST-FT
P-39395,EC-PUMP-RECIP
LT-39396,EC-INST-LT
FT-39397,EC-INST-FT
COL-39398,EC-VESSEL-COL
FCV-39399,EC-VALVE-CTRL
K-39400,EC-COMPRESSOR-CENTR
COL-39401,EC-VESSEL-COL
TT-39402,EC-INST-TT
FCV-39403,EC-VALVE-CTRL
V-39404,EC-VESSEL-SEP
TT-39405,EC-INST-TT
E-39406,EC-HEATEXCH-SHELL
FT-39407,EC-INST-FT
PSV-39408,EC-VALVE-RELIEF
XV-39409,EC-VALVE-ISO
COL-39410,EC-VESSEL-COL
XV-39411,EC-VALVE-ISO
K-39412,EC-COMPRESSOR-CENTR
LT-39413,EC-INST-LT
XV-39414,EC-VALVE-ISO
FT-39415,EC-INST-FT
FCV-39416,EC-VALVE-CTRL
P-39417,EC-PUMP-CENTR
FT-39418,EC-INST-FT
PSV-39419,EC-VALVE-RELIEF
TT-39420,EC-INST-TT
TT-39421,EC-INST-TT
FCV-39422,EC-VALVE-CTRL
FT-39423,EC-INST-FT
LT-39424,EC-INST-LT
P-39425,EC-PUMP-CENTR
P-39426,EC-PUMP-CENTR
LT-39427,EC-INST-LT
LT-39428,EC-INST-LT
LT-39429,EC-INST-LT
PSV-39430,EC-VALVE-RELIEF
FT-39431,EC-INST-FT
FT-39432,EC-INST-FT
E-39433,EC-HEATEXCH-SHELL
XV-39434,EC-VALVE-ISO
P-39435,EC-PUMP-CENTR
K-39436,EC-COMPRESSOR-CENTR
E-39437,EC-HEATEXCH-SHELL
FT-39438,EC-INST-FT
P-39439,EC-PUMP-CENTR
PSV-39440,EC-VALVE-RELIEF
V-39441,EC-VESSEL-SEP
P-39442,EC-PUMP-RECIP
P-39443,EC-PUMP-RECIP
FT-39444,EC-INST-FT
COL-39445,EC-VESSEL-COL
P-39446,EC-PUMP-RECIP
XV-39447,EC-VALVE-ISO
E-39448,EC-HEATEXCH-SHELL
V-39449,EC-VESSEL-SEP
P-39450,EC-PUMP-RECIP
FT-39451,EC-INST-FT
P-39452,EC-PUMP-CENTR
P-39453,EC-PUMP-CENTR
XV-39454,EC-VALVE-ISO
K-39455,EC-COMPRESSOR-CENTR
XV-39456,EC-VALVE-ISO
PT-39457,EC-INST-PT
XV-39458,EC-VALVE-ISO
P-39459,EC-PUMP-CENTR
TT-39460,EC-INST-TT
FCV-39461,EC-VALVE-CTRL
P-39462,EC-PUMP-CENTR
XV-39463,EC-VALVE-ISO
FCV-39464,EC-VALVE-CTRL
FT-39465,EC-INST-FT
FT-39466,EC-INST-FT
PSV-39467,EC-VALVE-RELIEF
FCV-39468,EC-VALVE-CTRL
K-39469,EC-COMPRESSOR-CENTR
K-39470,EC-COMPRESSOR-CENTR
COL-39471,EC-VESSEL-COL
FCV-39472,EC-VALVE-CTRL
E-39473,EC-HEATEXCH-SHELL
PSV-39474,EC-VALVE-RELIEF
P-39475,EC-PUMP-RECIP
TT-39476,EC-INST-TT
PT-39477,EC-INST-PT
TT-39478,EC-INST-TT
E-39479,EC-HEATEXCH-SHELL
COL-39480,EC-VESSEL-COL
COL-39481,EC-VESSEL-COL
TT-39482,EC-INST-TT
FCV-39483,EC-VALVE-CTRL
PSV-39484,EC-VALVE-RELIEF
XV-39485,EC-VALVE-ISO
FCV-39486,EC-VALVE-CTRL
P-39487,EC-PUMP-CENTR
K-39488,EC-COMPRESSOR-CENTR
COL-39489,EC-VESSEL-COL
P-39490,EC-PUMP-RECIP
P-39491,EC-PUMP-RECIP
TT-39492,EC-INST-TT
V-39493,EC-VESSEL-SEP
TT-39494,EC-INST-TT
P-39495,EC-PUMP-CENTR
FT-39496,EC-INST-FT
COL-39497,EC-VESSEL-COL
PT-39498,EC-INST-PT
P-39499,EC-PUMP-CENTR
PT-39500,EC-INST-PT
FCV-39501,EC-VALVE-CTRL
V-39502,EC-VESSEL-SEP
E-39503,EC-HEATEXCH-SHELL
FCV-39504,EC-VALVE-CTRL
FCV-39505,EC-VALVE-CTRL
K-39506,EC-COMPRESSOR-CENTR
COL-39507,EC-VESSEL-COL
V-39508,EC-VESSEL-SEP
K-39509,EC-COMPRESSOR-CENTR
FT-39510,EC-INST-FT
E-39511,EC-HEATEXCH-SHELL
FCV-39512,EC-VALVE-CTRL
P-39513,EC-PUMP-RECIP
E-39514,EC-HEATEXCH-SHELL
LT-39515,EC-INST-LT
LT-39516,EC-INST-LT
PT-39517,EC-INST-PT
P-39518,EC-PUMP-RECIP
PT-39519,EC-INST-PT
LT-39520,EC-INST-LT
PSV-39521,EC-VALVE-RELIEF
PT-39522,EC-INST-PT
PSV-39523,EC-VALVE-RELIEF
P-39524,EC-PUMP-RECIP
P-39525,EC-PUMP-RECIP
K-39526,EC-COMPRESSOR-CENTR
COL-39527,EC-VESSEL-COL
PT-39528,EC-INST-PT
V-39529,EC-VESSEL-SEP
TT-39530,EC-INST-TT
P-39531,EC-PUMP-RECIP
P-39532,EC-PUMP-CENTR
XV-39533,EC-VALVE-ISO
P-39534,EC-PUMP-RECIP
P-39535,EC-PUMP-RECIP
V-39536,EC-VESSEL-SEP
FCV-39537,EC-VALVE-CTRL
COL-39538,EC-VESSEL-COL
LT-39539,EC-INST-LT
COL-39540,EC-VESSEL-COL
XV-39541,EC-VALVE-ISO
COL-39542,EC-VESSEL-COL
LT-39543,EC-INST-LT
E-39544,EC-HEATEXCH-SHELL
PT-39545,EC-INST-PT
P-39546,EC-PUMP-CENTR
COL-39547,EC-VESSEL-COL
TT-39548,EC-INST-TT
V-39549,EC-VESSEL-SEP
FCV-39550,EC-VALVE-CTRL
XV-39551,EC-VALVE-ISO
V-39552,EC-VESSEL-SEP
TT-39553,EC-INST-TT
V-39554,EC-VESSEL-SEP
FT-39555,EC-INST-FT
V-39556,EC-VESSEL-SEP
PSV-39557,EC-VALVE-RELIEF
FCV-39558,EC-VALVE-CTRL
V-39559,EC-VESSEL-SEP
FT-39560,EC-INST-FT
TT-39561,EC-INST-TT
E-39562,EC-HEATEXCH-SHELL
FT-39563,EC-INST-FT
COL-39564,EC-VESSEL-COL
TT-39565,EC-INST-TT
LT-39566,EC-INST-LT
PSV-39567,EC-VALVE-RELIEF
E-39568,EC-HEATEXCH-SHELL
XV-39569,EC-VALVE-ISO
P-39570,EC-PUMP-RECIP
FT-39571,EC-INST-FT
XV-39572,EC-VALVE-ISO
P-39573,EC-PUMP-CENTR
XV-39574,EC-VALVE-ISO
P-39575,EC-PUMP-CENTR
TT-39576,EC-INST-TT
FT-39577,EC-INST-FT
K-39578,EC-COMPRESSOR-CENTR
P-39579,EC-PUMP-CENTR
FT-39580,EC-INST-FT
P-39581,EC-PUMP-CENTR
FCV-39582,EC-VALVE-CTRL
E-39583,EC-HEATEXCH-SHELL
P-39584,EC-PUMP-RECIP
XV-39585,EC-VALVE-ISO
TT-39586,EC-INST-TT
TT-39587,EC-INST-TT
K-39588,EC-COMPRESSOR-CENTR
TT-39589,EC-INST-TT
FT-39590,EC-INST-FT
FCV-39591,EC-VALVE-CTRL
P-39592,EC-PUMP-RECIP
P-39593,EC-PUMP-RECIP
P-39594,EC-PUMP-RECIP
PSV-39595,EC-VALVE-RELIEF
E-39596,EC-HEATEXCH-SHELL
FT-39597,EC-INST-FT
PSV-39598,EC-VALVE-RELIEF
PSV-39599,EC-VALVE-RELIEF
FCV-39600,EC-VALVE-CTRL
PSV-39601,EC-VALVE-RELIEF
K-39602,EC-COMPRESSOR-CENTR
P-39603,EC-PUMP-CENTR
LT-39604,EC-INST-LT
P-39605,EC-PUMP-CENTR
K-39606,EC-COMPRESSOR-CENTR
XV-39607,EC-VALVE-ISO
PT-39608,EC-INST-PT
P-39609,EC-PUMP-CENTR
PT-39610,EC-INST-PT
K-39611,EC-COMPRESSOR-CENTR
XV-39612,EC-VALVE-ISO
E-39613,EC-HEATEXCH-SHELL
TT-39614,EC-INST-TT
P-39615,EC-PUMP-CENTR
P-39616,EC-PUMP-CENTR
P-39617,EC-PUMP-CENTR
XV-39618,EC-VALVE-ISO
FT-39619,EC-INST-FT
LT-39620,EC-INST-LT
TT-39621,EC-INST-TT
COL-39622,EC-VESSEL-COL
V-39623,EC-VESSEL-SEP
K-39624,EC-COMPRESSOR-CENTR
XV-39625,EC-VALVE-ISO
K-39626,EC-COMPRESSOR-CENTR
FT-39627,EC-INST-FT
PSV-39628,EC-VALVE-RELIEF
K-39629,EC-COMPRESSOR-CENTR
E-39630,EC-HEATEXCH-SHELL
COL-39631,EC-VESSEL-COL
XV-39632,EC-VALVE-ISO
E-39633,EC-HEATEXCH-SHELL
V-39634,EC-VESSEL-SEP
E-39635,EC-HEATEXCH-SHELL
FT-39636,EC-INST-FT
LT-39637,EC-INST-LT
K-39638,EC-COMPRESSOR-CENTR
K-39639,EC-COMPRESSOR-CENTR
XV-39640,EC-VALVE-ISO
PT-39641,EC-INST-PT
E-39642,EC-HEATEXCH-SHELL
P-39643,EC-PUMP-CENTR
COL-39644,EC-VESSEL-COL
XV-39645,EC-VALVE-ISO
COL-39646,EC-VESSEL-COL
FCV-39647,EC-VALVE-CTRL
E-39648,EC-HEATEXCH-SHELL
P-39649,EC-PUMP-RECIP
XV-39650,EC-VALVE-ISO
TT-39651,EC-INST-TT
FT-39652,EC-INST-FT
FT-39653,EC-INST-FT
K-39654,EC-COMPRESSOR-CENTR
FT-39655,EC-INST-FT
P-39656,EC-PUMP-CENTR
P-39657,EC-PUMP-CENTR
P-39658,EC-PUMP-RECIP
E-39659,EC-HEATEXCH-SHELL
PT-39660,EC-INST-PT
P-39661,EC-PUMP-CENTR
P-39662,EC-PUMP-CENTR
V-39663,EC-VESSEL-SEP
K-39664,EC-COMPRESSOR-CENTR
FCV-39665,EC-VALVE-CTRL
K-39666,EC-COMPRESSOR-CENTR
P-39667,EC-PUMP-RECIP
FCV-39668,EC-VALVE-CTRL
LT-39669,EC-INST-LT
LT-39670,EC-INST-LT
E-39671,EC-HEATEXCH-SHELL
PT-39672,EC-INST-PT
PSV-39673,EC-VALVE-RELIEF
K-39674,EC-COMPRESSOR-CENTR
FT-39675,EC-INST-FT
E-39676,EC-HEATEXCH-SHELL
LT-39677,EC-INST-LT
FT-39678,EC-INST-FT
FT-39679,EC-INST-FT
FCV-39680,EC-VALVE-CTRL
V-39681,EC-VESSEL-SEP
LT-39682,EC-INST-LT
P-39683,EC-PUMP-CENTR
TT-39684,EC-INST-TT
FT-39685,EC-INST-FT
PSV-39686,EC-VALVE-RELIEF
XV-39687,EC-VALVE-ISO
TT-39688,EC-INST-TT
LT-39689,EC-INST-LT
P-39690,EC-PUMP-CENTR
LT-39691,EC-INST-LT
V-39692,EC-VESSEL-SEP
PT-39693,EC-INST-PT
TT-39694,EC-INST-TT
PSV-39695,EC-VALVE-RELIEF
FT-39696,EC-INST-FT
PT-39697,EC-INST-PT
FT-39698,EC-INST-FT
PSV-39699,EC-VALVE-RELIEF
FCV-39700,EC-VALVE-CTRL
V-39701,EC-VESSEL-SEP
LT-39702,EC-INST-LT
PT-39703,EC-INST-PT
P-39704,EC-PUMP-RECIP
TT-39705,EC-INST-TT
FT-39706,EC-INST-FT
P-39707,EC-PUMP-CENTR
P-39708,EC-PUMP-RECIP
TT-39709,EC-INST-TT
P-39710,EC-PUMP-CENTR
LT-39711,EC-INST-LT
P-39712,EC-PUMP-RECIP
K-39713,EC-COMPRESSOR-CENTR
PT-39714,EC-INST-PT
COL-39715,EC-VESSEL-COL
V-39716,EC-VESSEL-SEP
FT-39717,EC-INST-FT
P-39718,EC-PUMP-RECIP
LT-39719,EC-INST-LT
COL-39720,EC-VESSEL-COL
P-39721,EC-PUMP-RECIP
PT-39722,EC-INST-PT
PT-39723,EC-INST-PT
TT-39724,EC-INST-TT
PT-39725,EC-INST-PT
P-39726,EC-PUMP-CENTR
FT-39727,EC-INST-FT
PSV-39728,EC-VALVE-RELIEF
PSV-39729,EC-VALVE-RELIEF
TT-39730,EC-INST-TT
XV-39731,EC-VALVE-ISO
FT-39732,EC-INST-FT
P-39733,EC-PUMP-RECIP
COL-39734,EC-VESSEL-COL
FT-39735,EC-INST-FT
V-39736,EC-VESSEL-SEP
PSV-39737,EC-VALVE-RELIEF
PT-39738,EC-INST-PT
K-39739,EC-COMPRESSOR-CENTR
P-39740,EC-PUMP-RECIP
P-39741,EC-PUMP-CENTR
E-39742,EC-HEATEXCH-SHELL
P-39743,EC-PUMP-CENTR
XV-39744,EC-VALVE-ISO
P-39745,EC-PUMP-RECIP
XV-39746,EC-VALVE-ISO
FCV-39747,EC-VALVE-CTRL
FCV-39748,EC-VALVE-CTRL
COL-39749,EC-VESSEL-COL
E-39750,EC-HEATEXCH-SHELL
COL-39751,EC-VESSEL-COL
PSV-39752,EC-VALVE-RELIEF
P-39753,EC-PUMP-RECIP
P-39754,EC-PUMP-CENTR
PSV-39755,EC-VALVE-RELIEF
XV-39756,EC-VALVE-ISO
FCV-39757,EC-VALVE-CTRL
XV-39758,EC-VALVE-ISO
FCV-39759,EC-VALVE-CTRL
E-39760,EC-HEATEXCH-SHELL
V-39761,EC-VESSEL-SEP
P-39762,EC-PUMP-CENTR
TT-39763,EC-INST-TT
P-39764,EC-PUMP-RECIP
LT-39765,EC-INST-LT
PT-39766,EC-INST-PT
XV-39767,EC-VALVE-ISO
TT-39768,EC-INST-TT
PSV-39769,EC-VALVE-RELIEF
XV-39770,EC-VALVE-ISO
V-39771,EC-VESSEL-SEP
COL-39772,EC-VESSEL-COL
COL-39773,EC-VESSEL-COL
P-39774,EC-PUMP-RECIP
PT-39775,EC-INST-PT
P-39776,EC-PUMP-CENTR
TT-39777,EC-INST-TT
LT-39778,EC-INST-LT
V-39779,EC-VESSEL-SEP
TT-39780,EC-INST-TT
E-39781,EC-HEATEXCH-SHELL
PT-39782,EC-INST-PT
COL-39783,EC-VESSEL-COL
FCV-39784,EC-VALVE-CTRL
P-39785,EC-PUMP-RECIP
P-39786,EC-PUMP-RECIP
PT-39787,EC-INST-PT
XV-39788,EC-VALVE-ISO
E-39789,EC-HEATEXCH-SHELL
XV-39790,EC-VALVE-ISO
P-39791,EC-PUMP-RECIP
FCV-39792,EC-VALVE-CTRL
P-39793,EC-PUMP-RECIP
PT-39794,EC-INST-PT
XV-39795,EC-VALVE-ISO
P-39796,EC-PUMP-RECIP
P-39797,EC-PUMP-RECIP
FT-39798,EC-INST-FT
XV-39799,EC-VALVE-ISO
V-39800,EC-VESSEL-SEP
P-39801,EC-PUMP-CENTR
TT-39802,EC-INST-TT
V-39803,EC-VESSEL-SEP
E-39804,EC-HEATEXCH-SHELL
XV-39805,EC-VALVE-ISO
FCV-39806,EC-VALVE-CTRL
E-39807,EC-HEATEXCH-SHELL
P-39808,EC-PUMP-CENTR
E-39809,EC-HEATEXCH-SHELL
FCV-39810,EC-VALVE-CTRL
V-39811,EC-VESSEL-SEP
FCV-39812,EC-VALVE-CTRL
P-39813,EC-PUMP-RECIP
TT-39814,EC-INST-TT
V-39815,EC-VESSEL-SEP
K-39816,EC-COMPRESSOR-CENTR
V-39817,EC-VESSEL-SEP
FT-39818,EC-INST-FT
P-39819,EC-PUMP-CENTR
PSV-39820,EC-VALVE-RELIEF
FT-39821,EC-INST-FT
XV-39822,EC-VALVE-ISO
XV-39823,EC-VALVE-ISO
COL-39824,EC-VESSEL-COL
FT-39825,EC-INST-FT
V-39826,EC-VESSEL-SEP
COL-39827,EC-VESSEL-COL
P-39828,EC-PUMP-RECIP
LT-39829,EC-INST-LT
XV-39830,EC-VALVE-ISO
P-39831,EC-PUMP-CENTR
LT-39832,EC-INST-LT
XV-39833,EC-VALVE-ISO
LT-39834,EC-INST-LT
COL-39835,EC-VESSEL-COL
K-39836,EC-COMPRESSOR-CENTR
FCV-39837,EC-VALVE-CTRL
COL-39838,EC-VESSEL-COL
COL-39839,EC-VESSEL-COL
FCV-39840,EC-VALVE-CTRL
LT-39841,EC-INST-LT
LT-39842,EC-INST-LT
COL-39843,EC-VESSEL-COL
P-39844,EC-PUMP-CENTR
PSV-39845,EC-VALVE-RELIEF
FT-39846,EC-INST-FT
P-39847,EC-PUMP-RECIP
LT-39848,EC-INST-LT
FT-39849,EC-INST-FT
PT-39850,EC-INST-PT
P-39851,EC-PUMP-RECIP
P-39852,EC-PUMP-CENTR
COL-39853,EC-VESSEL-COL
COL-39854,EC-VESSEL-COL
TT-39855,EC-INST-TT
PT-39856,EC-INST-PT
LT-39857,EC-INST-LT
TT-39858,EC-INST-TT
FCV-39859,EC-VALVE-CTRL
K-39860,EC-COMPRESSOR-CENTR
COL-39861,EC-VESSEL-COL
V-39862,EC-VESSEL-SEP
P-39863,EC-PUMP-CENTR
COL-39864,EC-VESSEL-COL
COL-39865,EC-VESSEL-COL
TT-39866,EC-INST-TT
XV-39867,EC-VALVE-ISO
V-39868,EC-VESSEL-SEP
TT-39869,EC-INST-TT
XV-39870,EC-VALVE-ISO
LT-39871,EC-INST-LT
FT-39872,EC-INST-FT
LT-39873,EC-INST-LT
E-39874,EC-HEATEXCH-SHELL
LT-39875,EC-INST-LT
K-39876,EC-COMPRESSOR-CENTR
P-39877,EC-PUMP-CENTR
V-39878,EC-VESSEL-SEP
E-39879,EC-HEATEXCH-SHELL
LT-39880,EC-INST-LT
TT-39881,EC-INST-TT
V-39882,EC-VESSEL-SEP
LT-39883,EC-INST-LT
P-39884,EC-PUMP-CENTR
E-39885,EC-HEATEXCH-SHELL
FCV-39886,EC-VALVE-CTRL
P-39887,EC-PUMP-RECIP
K-39888,EC-COMPRESSOR-CENTR
P-39889,EC-PUMP-RECIP
COL-39890,EC-VESSEL-COL
P-39891,EC-PUMP-RECIP
COL-39892,EC-VESSEL-COL
V-39893,EC-VESSEL-SEP
FT-39894,EC-INST-FT
TT-39895,EC-INST-TT
PSV-39896,EC-VALVE-RELIEF
FCV-39897,EC-VALVE-CTRL
V-39898,EC-VESSEL-SEP
COL-39899,EC-VESSEL-COL
E-39900,EC-HEATEXCH-SHELL
FT-39901,EC-INST-FT
LT-39902,EC-INST-LT
FCV-39903,EC-VALVE-CTRL
PT-39904,EC-INST-PT
K-39905,EC-COMPRESSOR-CENTR
PSV-39906,EC-VALVE-RELIEF
P-39907,EC-PUMP-RECIP
P-39908,EC-PUMP-RECIP
TT-39909,EC-INST-TT
FCV-39910,EC-VALVE-CTRL
COL-39911,EC-VESSEL-COL
LT-39912,EC-INST-LT
V-39913,EC-VESSEL-SEP
PT-39914,EC-INST-PT
PSV-39915,EC-VALVE-RELIEF
P-39916,EC-PUMP-RECIP
V-39917,EC-VESSEL-SEP
COL-39918,EC-VESSEL-COL
P-39919,EC-PUMP-RECIP
P-39920,EC-PUMP-RECIP
LT-39921,EC-INST-LT
PSV-39922,EC-VALVE-RELIEF
E-39923,EC-HEATEXCH-SHELL
FT-39924,EC-INST-FT
XV-39925,EC-VALVE-ISO
K-39926,EC-COMPRESSOR-CENTR
FCV-39927,EC-VALVE-CTRL
LT-39928,EC-INST-LT
P-39929,EC-PUMP-RECIP
FT-39930,EC-INST-FT
FCV-39931,EC-VALVE-CTRL
K-39932,EC-COMPRESSOR-CENTR
PSV-39933,EC-VALVE-RELIEF
V-39934,EC-VESSEL-SEP
E-39935,EC-HEATEXCH-SHELL
V-39936,EC-VESSEL-SEP
XV-39937,EC-VALVE-ISO
V-39938,EC-VESSEL-SEP
FT-39939,EC-INST-FT
P-39940,EC-PUMP-CENTR
V-39941,EC-VESSEL-SEP
K-39942,EC-COMPRESSOR-CENTR
TT-39943,EC-INST-TT
LT-39944,EC-INST-LT
K-39945,EC-COMPRESSOR-CENTR
LT-39946,EC-INST-LT
LT-39947,EC-INST-LT
PSV-39948,EC-VALVE-RELIEF
P-39949,EC-PUMP-CENTR
COL-39950,EC-VESSEL-COL
PT-39951,EC-INST-PT
TT-39952,EC-INST-TT
V-39953,EC-VESSEL-SEP
P-39954,EC-PUMP-CENTR
P-39955,EC-PUMP-RECIP
V-39956,EC-VESSEL-SEP
P-39957,EC-PUMP-RECIP
P-39958,EC-PUMP-CENTR
COL-39959,EC-VESSEL-COL
LT-39960,EC-INST-LT
FT-39961,EC-INST-FT
E-39962,EC-HEATEXCH-SHELL
P-39963,EC-PUMP-CENTR
PT-39964,EC-INST-PT
LT-39965,EC-INST-LT
TT-39966,EC-INST-TT
P-39967,EC-PUMP-RECIP
K-39968,EC-COMPRESSOR-CENTR
FCV-39969,EC-VALVE-CTRL
LT-39970,EC-INST-LT
LT-39971,EC-INST-LT
V-39972,EC-VESSEL-SEP
K-39973,EC-COMPRESSOR-CENTR
LT-39974,EC-INST-LT
PSV-39975,EC-VALVE-RELIEF
P-39976,EC-PUMP-RECIP
P-39977,EC-PUMP-CENTR
XV-39978,EC-VALVE-ISO
PSV-39979,EC-VALVE-RELIEF
V-39980,EC-VESSEL-SEP
PSV-39981,EC-VALVE-RELIEF
E-39982,EC-HEATEXCH-SHELL
PT-39983,EC-INST-PT
LT-39984,EC-INST-LT
PT-39985,EC-INST-PT
P-39986,EC-PUMP-CENTR
FT-39987,EC-INST-FT
COL-39988,EC-VESSEL-COL
P-39989,EC-PUMP-CENTR
FCV-39990,EC-VALVE-CTRL
P-39991,EC-PUMP-CENTR
P-39992,EC-PUMP-RECIP
P-39993,EC-PUMP-CENTR
TT-39994,EC-INST-TT
PSV-39995,EC-VALVE-RELIEF
PT-39996,EC-INST-PT
FCV-39997,EC-VALVE-CTRL
P-39998,EC-PUMP-CENTR
P-39999,EC-PUMP-RECIP
XV-40000,EC-VALVE-ISO
V-40001,EC-VESSEL-SEP
XV-40002,EC-VALVE-ISO
TT-40003,EC-INST-TT
K-40004,EC-COMPRESSOR-CENTR
P-40005,EC-PUMP-RECIP
V-40006,EC-VESSEL-SEP
TT-40007,EC-INST-TT
COL-40008,EC-VESSEL-COL
P-40009,EC-PUMP-RECIP
V-40010,EC-VESSEL-SEP
E-40011,EC-HEATEXCH-SHELL
XV-40012,EC-VALVE-ISO
E-40013,EC-HEATEXCH-SHELL
P-40014,EC-PUMP-RECIP
P-40015,EC-PUMP-RECIP
PSV-40016,EC-VALVE-RELIEF
TT-40017,EC-INST-TT
LT-40018,EC-INST-LT
FCV-40019,EC-VALVE-CTRL
P-40020,EC-PUMP-CENTR
V-40021,EC-VESSEL-SEP
PT-40022,EC-INST-PT
PT-40023,EC-INST-PT
FT-40024,EC-INST-FT
V-40025,EC-VESSEL-SEP
P-40026,EC-PUMP-CENTR
LT-40027,EC-INST-LT
E-40028,EC-HEATEXCH-SHELL
FT-40029,EC-INST-FT
E-40030,EC-HEATEXCH-SHELL
COL-40031,EC-VESSEL-COL
XV-40032,EC-VALVE-ISO
P-40033,EC-PUMP-CENTR
V-40034,EC-VESSEL-SEP
