from,to,connectionType
P-2,XV-3,on-line
E-4,V-5,downstream-of
V-5,P-6,feeds
P-6,K-7,feeds
FCV-9,TT-10,feeds
TT-10,TT-11,discharges-to
TT-11,E-12,feeds
P-13,K-14,feeds
K-14,P-15,upstream-of
P-15,COL-16,downstream-of
COL-16,COL-17,discharges-to
K-18,XV-19,downstream-of
XV-19,FCV-20,discharges-to
FCV-20,FCV-21,upstream-of
FCV-21,E-22,feeds
E-22,COL-23,feeds
COL-23,PSV-24,feeds
PSV-24,K-25,upstream-of
K-25,LT-26,discharges-to
LT-26,COL-27,discharges-to
COL-27,FCV-28,downstream-of
FCV-28,COL-29,feeds
COL-29,V-30,feeds
V-30,TT-31,upstream-of
TT-31,TT-32,upstream-of
TT-32,XV-33,upstream-of
FT-34,V-35,discharges-to
V-35,V-36,feeds
V-36,P-37,feeds
P-37,P-38,discharges-to
E-39,COL-40,feeds
COL-40,PSV-41,downstream-of
PSV-41,TT-42,downstream-of
K-43,V-44,feeds
V-44,E-45,feeds
E-45,PT-46,feeds
K-47,FT-48,feeds
FT-48,COL-49,downstream-of
COL-49,PT-50,downstream-of
PT-50,K-51,downstream-of
TT-52,PT-53,discharges-to
PT-53,TT-54,discharges-to
XV-58,LT-59,feeds
XV-60,PT-61,discharges-to
PT-61,V-62,upstream-of
V-62,XV-63,on-line
XV-63,P-64,discharges-to
P-64,PT-65,downstream-of
PT-65,E-66,on-line
E-66,COL-67,upstream-of
V-68,FT-69,feeds
FT-69,PT-70,discharges-to
PT-70,TT-71,feeds
TT-71,LT-72,feeds
PSV-73,TT-74,discharges-to
TT-74,FT-75,on-line
FT-75,PSV-76,discharges-to
PSV-76,FT-77,feeds
XV-78,FT-79,downstream-of
FT-79,PSV-80,upstream-of
PSV-80,TT-81,discharges-to
TT-81,FT-82,upstream-of
FT-83,LT-84,downstream-of
FT-85,V-86,discharges-to
V-86,E-87,upstream-of
E-87,E-88,upstream-of
PT-89,XV-90,feeds
XV-90,COL-91,feeds
COL-91,COL-92,on-line
COL-92,K-93,feeds
K-93,FCV-94,downstream-of
FCV-94,V-95,upstream-of
P-96,FT-97,feeds
P-99,TT-100,discharges-to
XV-102,FCV-103,on-line
PT-104,FT-105,feeds
FT-105,V-106,downstream-of
V-106,XV-107,discharges-to
XV-107,FT-108,downstream-of
FT-108,V-109,feeds
V-109,P-110,discharges-to
P-110,K-111,discharges-to
K-111,PSV-112,feeds
PSV-112,LT-113,feeds
LT-113,FT-114,feeds
FCV-115,PSV-116,on-line
PSV-116,P-117,upstream-of
P-117,K-118,feeds
K-118,P-119,upstream-of
TT-120,P-121,downstream-of
LT-123,K-124,discharges-to
TT-125,V-126,on-line
V-126,P-127,downstream-of
V-128,FCV-129,upstream-of
E-130,COL-131,feeds
COL-131,V-132,downstream-of
P-133,LT-134,feeds
LT-134,PT-135,discharges-to
PT-135,PT-136,feeds
PT-136,XV-137,discharges-to
XV-137,LT-138,downstream-of
LT-138,P-139,downstream-of
P-139,COL-140,discharges-to
COL-140,LT-141,downstream-of
LT-141,XV-142,on-line
LT-143,K-144,feeds
E-145,TT-146,feeds
TT-146,LT-147,upstream-of
LT-147,PT-148,feeds
PSV-149,FCV-150,upstream-of
LT-151,FT-152,upstream-of
FT-152,LT-153,upstream-of
FT-154,P-155,feeds
XV-156,FCV-157,feeds
LT-159,LT-160,upstream-of
LT-160,PT-161,feeds
PT-161,XV-162,discharges-to
XV-162,K-163,upstream-of
K-163,FCV-164,discharges-to
TT-166,P-167,downstream-of
P-167,E-168,on-line
E-168,FCV-169,on-line
FCV-169,P-170,feeds
P-170,COL-171,discharges-to
COL-171,E-172,downstream-of
E-172,FT-173,upstream-of
FT-173,V-174,downstream-of
V-174,K-175,downstream-of
P-176,P-177,feeds
P-177,XV-178,downstream-of
FT-179,P-180,upstream-of
P-180,PT-181,on-line
PT-181,V-182,feeds
V-183,K-184,feeds
K-184,PSV-185,downstream-of
PSV-185,V-186,upstream-of
XV-187,PSV-188,upstream-of
P-189,PT-190,discharges-to
XV-191,XV-192,on-line
XV-192,K-193,discharges-to
K-193,PSV-194,discharges-to
COL-195,XV-196,on-line
TT-197,V-198,feeds
V-198,LT-199,discharges-to
LT-199,E-200,feeds
PT-201,FCV-202,on-line
FCV-202,P-203,upstream-of
P-203,P-204,discharges-to
P-204,COL-205,feeds
COL-205,FCV-206,discharges-to
COL-207,K-208,on-line
K-208,LT-209,on-line
LT-209,XV-210,on-line
XV-210,FT-211,feeds
FT-211,E-212,upstream-of
E-212,FT-213,on-line
FT-213,V-214,feeds
V-214,PT-215,feeds
COL-216,PT-217,discharges-to
PT-217,PT-218,upstream-of
COL-219,E-220,downstream-of
E-220,FT-221,discharges-to
FT-221,TT-222,discharges-to
TT-222,P-223,on-line
TT-224,TT-225,on-line
TT-225,TT-226,upstream-of
TT-226,PSV-227,downstream-of
XV-228,XV-229,upstream-of
XV-229,E-230,upstream-of
E-230,E-231,on-line
E-231,PT-232,feeds
PT-232,V-233,on-line
V-234,PSV-235,upstream-of
PSV-235,TT-236,upstream-of
TT-236,LT-237,upstream-of
LT-237,V-238,on-line
V-238,TT-239,discharges-to
TT-239,FCV-240,downstream-of
PSV-241,LT-242,on-line
LT-242,PT-243,discharges-to
PT-243,FCV-244,discharges-to
FCV-244,TT-245,discharges-to
TT-245,COL-246,downstream-of
V-247,E-248,discharges-to
P-249,COL-250,downstream-of
COL-250,K-251,downstream-of
K-251,PT-252,feeds
LT-253,E-254,downstream-of
E-254,V-255,feeds
COL-256,LT-257,downstream-of
E-259,FT-260,feeds
FT-260,PT-261,feeds
V-262,COL-263,discharges-to
LT-264,PSV-265,feeds
FCV-266,TT-267,downstream-of
TT-267,TT-268,discharges-to
TT-268,FCV-269,on-line
FCV-269,P-270,feeds
P-270,COL-271,on-line
COL-271,E-272,on-line
V-273,FCV-274,downstream-of
COL-275,LT-276,discharges-to
LT-276,FCV-277,feeds
FCV-277,K-278,on-line
K-278,FCV-279,discharges-to
FCV-279,E-280,downstream-of
E-280,K-281,on-line
K-281,V-282,on-line
V-282,E-283,on-line
FT-285,K-286,on-line
K-286,E-287,downstream-of
E-288,P-289,upstream-of
COL-290,PSV-291,on-line
PSV-291,V-292,upstream-of
FT-293,P-294,feeds
P-294,P-295,feeds
TT-296,XV-297,feeds
XV-297,FCV-298,discharges-to
FCV-298,E-299,discharges-to
E-299,TT-300,on-line
TT-300,PSV-301,discharges-to
PSV-301,E-302,downstream-of
E-302,PSV-303,downstream-of
PSV-303,PSV-304,on-line
PSV-304,K-305,on-line
K-305,TT-306,upstream-of
V-308,PT-309,discharges-to
XV-310,FT-311,on-line
FT-311,XV-312,downstream-of
P-315,K-316,discharges-to
K-316,COL-317,on-line
COL-317,P-318,downstream-of
P-319,LT-320,on-line
LT-320,PT-321,on-line
PT-321,COL-322,downstream-of
PSV-323,FT-324,on-line
FT-324,COL-325,on-line
V-326,LT-327,feeds
LT-327,E-328,upstream-of
E-328,P-329,discharges-to
P-329,E-330,discharges-to
K-331,COL-332,upstream-of
PT-333,PT-334,on-line
P-335,E-336,upstream-of
E-336,P-337,upstream-of
FT-343,P-344,downstream-of
P-344,P-345,downstream-of
P-345,COL-346,discharges-to
COL-346,PT-347,discharges-to
PT-348,XV-349,on-line
XV-349,PT-350,upstream-of
FT-351,PT-352,downstream-of
PT-352,COL-353,on-line
COL-353,K-354,downstream-of
K-354,V-355,upstream-of
V-355,P-356,on-line
P-356,FCV-357,on-line
FCV-357,COL-358,downstream-of
COL-358,P-359,discharges-to
P-359,PSV-360,upstream-of
PSV-360,K-361,upstream-of
K-361,LT-362,on-line
LT-362,LT-363,upstream-of
LT-363,P-364,upstream-of
P-364,P-365,upstream-of
P-366,COL-367,upstream-of
PT-370,V-371,downstream-of
FT-374,COL-375,downstream-of
K-376,TT-377,feeds
TT-377,FT-378,feeds
XV-379,PSV-380,discharges-to
PSV-380,LT-381,discharges-to
LT-381,PT-382,discharges-to
PT-382,V-383,feeds
V-383,XV-384,downstream-of
XV-384,P-385,upstream-of
P-385,PSV-386,on-line
PSV-386,COL-387,on-line
COL-387,XV-388,discharges-to
PT-389,P-390,discharges-to
XV-391,PT-392,downstream-of
PT-392,FT-393,discharges-to
FT-393,V-394,discharges-to
V-394,TT-395,feeds
TT-395,FT-396,on-line
FT-396,FCV-397,upstream-of
FCV-397,FT-398,downstream-of
LT-399,K-400,upstream-of
K-400,LT-401,discharges-to
LT-401,FCV-402,feeds
FCV-402,TT-403,on-line
LT-404,LT-405,downstream-of
LT-405,FCV-406,downstream-of
FCV-406,K-407,discharges-to
K-407,K-408,discharges-to
K-408,LT-409,feeds
LT-409,K-410,discharges-to
K-410,V-411,on-line
PT-413,E-414,on-line
E-414,V-415,upstream-of
V-415,FCV-416,feeds
FCV-416,P-417,discharges-to
P-417,V-418,upstream-of
TT-419,LT-420,upstream-of
LT-420,FT-421,downstream-of
FT-421,LT-422,upstream-of
LT-422,K-423,feeds
PSV-425,XV-426,feeds
XV-426,E-427,discharges-to
E-427,XV-428,downstream-of
XV-428,E-429,discharges-to
E-429,PT-430,upstream-of
PT-430,FCV-431,discharges-to
P-432,V-433,on-line
V-433,E-434,discharges-to
E-434,COL-435,downstream-of
PT-441,LT-442,discharges-to
LT-442,E-443,upstream-of
P-444,P-445,downstream-of
PSV-446,COL-447,downstream-of
XV-448,FT-449,on-line
PT-450,PT-451,feeds
XV-452,P-453,on-line
P-453,FCV-454,discharges-to
FCV-454,PSV-455,feeds
PSV-455,E-456,feeds
E-456,P-457,on-line
P-457,PT-458,discharges-to
COL-459,K-460,downstream-of
K-460,E-461,on-line
E-461,P-462,discharges-to
P-462,PT-463,feeds
PSV-468,P-469,upstream-of
P-469,P-470,on-line
P-470,P-471,downstream-of
P-471,FCV-472,discharges-to
FCV-472,XV-473,upstream-of
K-474,E-475,discharges-to
E-475,COL-476,upstream-of
COL-476,E-477,downstream-of
PT-479,K-480,downstream-of
P-482,TT-483,downstream-of
COL-485,P-486,downstream-of
P-486,FT-487,downstream-of
TT-489,PSV-490,on-line
PSV-490,TT-491,discharges-to
PT-492,PSV-493,on-line
PSV-493,FT-494,feeds
FT-494,PT-495,downstream-of
PT-496,FT-497,on-line
FT-497,FCV-498,discharges-to
FCV-498,FT-499,upstream-of
E-500,FCV-501,upstream-of
FCV-501,LT-502,feeds
LT-502,P-503,upstream-of
LT-504,PT-505,discharges-to
PT-505,E-506,downstream-of
PT-507,TT-508,on-line
TT-508,FCV-509,downstream-of
FCV-509,FT-510,upstream-of
FT-510,K-511,downstream-of
K-511,PT-512,on-line
PT-512,PSV-513,feeds
PSV-513,TT-514,on-line
TT-514,K-515,upstream-of
K-515,COL-516,upstream-of
COL-516,K-517,upstream-of
K-517,LT-518,discharges-to
LT-518,P-519,downstream-of
P-519,V-520,feeds
COL-525,E-526,upstream-of
E-526,COL-527,feeds
COL-527,P-528,upstream-of
P-528,PSV-529,on-line
PSV-529,P-530,discharges-to
V-531,E-532,feeds
E-532,PSV-533,feeds
E-535,FCV-536,downstream-of
FCV-536,XV-537,feeds
XV-537,P-538,feeds
P-538,FCV-539,downstream-of
LT-540,LT-541,downstream-of
LT-541,PT-542,feeds
PT-542,P-543,downstream-of
P-543,FT-544,feeds
FT-544,E-545,downstream-of
E-545,V-546,feeds
V-546,E-547,upstream-of
E-547,XV-548,upstream-of
XV-548,K-549,downstream-of
K-549,P-550,downstream-of
P-550,V-551,feeds
V-551,LT-552,on-line
LT-552,E-553,feeds
E-553,LT-554,upstream-of
PSV-555,P-556,on-line
P-556,P-557,feeds
P-557,COL-558,feeds
COL-558,TT-559,feeds
TT-559,FCV-560,discharges-to
FCV-560,E-561,discharges-to
E-561,K-562,downstream-of
K-562,P-563,feeds
P-563,LT-564,discharges-to
LT-564,PT-565,feeds
TT-566,COL-567,feeds
COL-567,P-568,on-line
P-568,E-569,discharges-to
E-569,K-570,on-line
K-570,FT-571,downstream-of
V-572,P-573,upstream-of
PT-574,TT-575,on-line
TT-575,XV-576,on-line
LT-577,E-578,feeds
LT-580,FCV-581,downstream-of
FCV-581,E-582,discharges-to
E-582,PSV-583,discharges-to
PSV-583,P-584,downstream-of
P-584,E-585,feeds
TT-587,LT-588,downstream-of
LT-588,K-589,upstream-of
PT-590,PSV-591,discharges-to
FCV-592,LT-593,downstream-of
LT-593,LT-594,on-line
LT-594,PT-595,upstream-of
PT-595,K-596,upstream-of
K-596,P-597,feeds
COL-598,PT-599,downstream-of
PT-599,FT-600,discharges-to
FT-600,PSV-601,feeds
PSV-601,COL-602,on-line
COL-602,E-603,upstream-of
E-603,XV-604,on-line
XV-604,PSV-605,feeds
PSV-605,LT-606,upstream-of
LT-606,FT-607,on-line
FT-607,E-608,downstream-of
E-608,PSV-609,downstream-of
PSV-609,FT-610,on-line
FT-610,E-611,upstream-of
E-611,K-612,upstream-of
COL-613,E-614,on-line
E-614,FCV-615,on-line
XV-617,E-618,upstream-of
E-619,LT-620,downstream-of
LT-620,K-621,upstream-of
K-621,P-622,upstream-of
P-625,XV-626,downstream-of
XV-626,P-627,discharges-to
P-627,COL-628,discharges-to
COL-628,COL-629,downstream-of
COL-629,LT-630,feeds
LT-630,K-631,downstream-of
K-631,FCV-632,upstream-of
FCV-632,P-633,on-line
PSV-636,XV-637,discharges-to
XV-637,FT-638,feeds
FT-638,E-639,upstream-of
E-639,P-640,feeds
FT-641,PSV-642,upstream-of
LT-643,COL-644,downstream-of
COL-644,PT-645,upstream-of
PT-645,K-646,feeds
K-646,FT-647,upstream-of
FT-647,TT-648,feeds
TT-648,PSV-649,on-line
P-650,K-651,discharges-to
K-651,FCV-652,on-line
E-653,XV-654,discharges-to
P-656,P-657,upstream-of
P-657,P-658,feeds
P-658,K-659,feeds
K-659,FCV-660,on-line
TT-661,PT-662,discharges-to
PT-662,XV-663,on-line
XV-663,LT-664,upstream-of
COL-665,V-666,feeds
V-666,P-667,feeds
P-667,FCV-668,feeds
FCV-668,P-669,upstream-of
FCV-672,PT-673,downstream-of
PT-673,LT-674,upstream-of
LT-674,COL-675,upstream-of
LT-676,K-677,on-line
K-677,E-678,discharges-to
PSV-679,P-680,upstream-of
FCV-681,K-682,downstream-of
K-682,PSV-683,on-line
K-684,E-685,discharges-to
E-685,P-686,downstream-of
P-686,FCV-687,discharges-to
FCV-687,FT-688,on-line
FT-688,P-689,downstream-of
P-689,TT-690,discharges-to
TT-690,TT-691,on-line
TT-691,K-692,upstream-of
K-692,COL-693,discharges-to
COL-693,XV-694,feeds
XV-694,PSV-695,upstream-of
PSV-695,P-696,downstream-of
P-696,PSV-697,downstream-of
PSV-697,V-698,discharges-to
V-698,P-699,downstream-of
P-699,FCV-700,discharges-to
FCV-700,FT-701,on-line
PSV-702,LT-703,downstream-of
K-705,V-706,downstream-of
V-706,FT-707,discharges-to
FT-707,XV-708,on-line
TT-709,FCV-710,on-line
COL-711,FT-712,downstream-of
XV-713,K-714,on-line
K-714,V-715,feeds
P-720,K-721,discharges-to
K-721,K-722,upstream-of
K-722,FCV-723,downstream-of
FCV-723,TT-724,downstream-of
TT-724,COL-725,downstream-of
COL-725,COL-726,upstream-of
COL-726,LT-727,upstream-of
LT-727,PSV-728,on-line
PSV-728,V-729,upstream-of
K-730,FT-731,downstream-of
K-732,P-733,feeds
V-734,FT-735,downstream-of
FT-736,FCV-737,upstream-of
K-738,PSV-739,discharges-to
PSV-739,V-740,on-line
V-740,P-741,on-line
P-741,PSV-742,upstream-of
TT-744,FT-745,discharges-to
FT-745,XV-746,feeds
XV-746,V-747,feeds
V-747,V-748,on-line
P-750,FT-751,upstream-of
FT-751,P-752,on-line
P-752,E-753,downstream-of
TT-754,FCV-755,feeds
E-756,LT-757,upstream-of
LT-757,P-758,discharges-to
P-758,V-759,discharges-to
PSV-766,TT-767,discharges-to
TT-767,P-768,feeds
P-768,PSV-769,on-line
PSV-769,COL-770,upstream-of
COL-770,E-771,discharges-to
E-771,COL-772,feeds
COL-772,COL-773,on-line
P-775,PSV-776,feeds
PSV-776,LT-777,discharges-to
LT-777,COL-778,upstream-of
PSV-779,V-780,discharges-to
P-782,PSV-783,discharges-to
V-784,PT-785,on-line
PT-785,E-786,upstream-of
E-786,K-787,on-line
K-787,V-788,downstream-of
V-788,COL-789,on-line
COL-789,K-790,upstream-of
FT-791,V-792,upstream-of
V-792,E-793,on-line
E-793,LT-794,on-line
P-796,V-797,on-line
E-798,LT-799,on-line
LT-799,TT-800,upstream-of
TT-800,P-801,downstream-of
V-802,E-803,downstream-of
E-805,E-806,feeds
E-807,TT-808,on-line
TT-808,V-809,on-line
V-809,PSV-810,downstream-of
PSV-810,FCV-811,upstream-of
FCV-811,XV-812,discharges-to
XV-812,COL-813,downstream-of
COL-813,COL-814,downstream-of
COL-814,PT-815,upstream-of
K-816,TT-817,feeds
TT-817,P-818,on-line
P-818,FT-819,downstream-of
FT-819,LT-820,on-line
LT-820,FCV-821,on-line
FCV-821,E-822,upstream-of
E-822,PSV-823,discharges-to
PSV-823,COL-824,on-line
COL-824,FCV-825,feeds
FCV-825,K-826,discharges-to
K-826,LT-827,downstream-of
K-828,FT-829,feeds
V-830,PT-831,downstream-of
PT-832,P-833,on-line
P-833,PT-834,on-line
PT-834,PT-835,on-line
PT-835,XV-836,upstream-of
COL-837,K-838,feeds
K-838,E-839,discharges-to
E-839,TT-840,on-line
TT-840,LT-841,upstream-of
PT-842,LT-843,downstream-of
LT-843,V-844,discharges-to
V-844,COL-845,downstream-of
COL-845,FT-846,on-line
FCV-847,FCV-848,downstream-of
FCV-848,LT-849,feeds
LT-849,P-850,downstream-of
P-850,PT-851,feeds
PT-851,PSV-852,downstream-of
PSV-852,K-853,feeds
LT-854,P-855,feeds
V-859,FT-860,downstream-of
FT-860,TT-861,on-line
TT-861,TT-862,feeds
TT-862,P-863,on-line
P-863,XV-864,downstream-of
XV-864,V-865,on-line
V-865,FCV-866,downstream-of
PSV-867,PSV-868,upstream-of
E-873,E-874,feeds
E-874,FT-875,feeds
FT-875,XV-876,upstream-of
XV-876,P-877,on-line
K-878,P-879,on-line
E-880,TT-881,discharges-to
TT-881,TT-882,feeds
TT-882,FCV-883,on-line
FCV-883,K-884,feeds
K-884,PSV-885,downstream-of
PSV-885,TT-886,feeds
TT-886,TT-887,downstream-of
V-888,PT-889,feeds
TT-890,P-891,discharges-to
XV-892,TT-893,upstream-of
TT-893,P-894,downstream-of
P-894,XV-895,on-line
PT-898,TT-899,on-line
TT-899,COL-900,upstream-of
E-901,P-902,on-line
P-902,P-903,feeds
LT-904,FCV-905,upstream-of
FCV-905,P-906,upstream-of
P-906,PSV-907,on-line
P-909,V-910,on-line
V-910,P-911,discharges-to
PT-912,TT-913,upstream-of
TT-913,E-914,downstream-of
E-914,COL-915,downstream-of
P-916,TT-917,downstream-of
TT-917,V-918,downstream-of
K-919,PT-920,on-line
PT-920,FCV-921,on-line
FCV-921,COL-922,upstream-of
COL-922,P-923,downstream-of
P-923,COL-924,on-line
COL-924,XV-925,on-line
XV-925,TT-926,feeds
TT-926,P-927,downstream-of
P-927,FT-928,on-line
FT-928,XV-929,on-line
FCV-930,P-931,on-line
FT-932,PSV-933,discharges-to
PSV-933,COL-934,discharges-to
COL-934,PSV-935,downstream-of
PSV-935,COL-936,on-line
COL-936,K-937,on-line
K-937,LT-938,discharges-to
LT-938,XV-939,on-line
XV-939,FT-940,on-line
FT-940,PT-941,on-line
PT-941,FT-942,feeds
FT-942,XV-943,discharges-to
XV-943,PT-944,downstream-of
PT-944,E-945,on-line
LT-946,FT-947,discharges-to
XV-948,TT-949,feeds
XV-951,V-952,discharges-to
V-952,K-953,downstream-of
K-953,FCV-954,discharges-to
FCV-954,COL-955,on-line
COL-955,K-956,on-line
PSV-958,K-959,upstream-of
K-959,K-960,feeds
K-960,E-961,on-line
E-961,E-962,feeds
E-962,LT-963,feeds
V-964,COL-965,downstream-of
COL-965,E-966,upstream-of
FT-967,TT-968,feeds
TT-968,V-969,on-line
V-969,XV-970,on-line
P-972,V-973,downstream-of
V-973,P-974,upstream-of
P-974,FCV-975,feeds
FCV-975,FCV-976,upstream-of
FCV-978,PSV-979,discharges-to
PSV-979,V-980,on-line
COL-982,XV-983,upstream-of
PSV-985,K-986,discharges-to
XV-988,V-989,feeds
V-989,P-990,feeds
E-991,LT-992,upstream-of
FCV-993,PT-994,upstream-of
PT-994,FT-995,upstream-of
FT-995,XV-996,downstream-of
XV-996,FT-997,downstream-of
FT-997,TT-998,feeds
COL-999,P-1000,upstream-of
P-1001,P-1002,discharges-to
P-1002,TT-1003,on-line
XV-1004,P-1005,downstream-of
P-1005,XV-1006,discharges-to
FT-1007,PSV-1008,downstream-of
PSV-1009,FT-1010,discharges-to
FT-1010,FT-1011,on-line
V-1012,XV-1013,upstream-of
XV-1013,LT-1014,on-line
LT-1014,FCV-1015,discharges-to
V-1016,LT-1017,downstream-of
LT-1017,PT-1018,upstream-of
PT-1018,LT-1019,on-line
LT-1019,FT-1020,discharges-to
FT-1020,COL-1021,discharges-to
P-1022,P-1023,downstream-of
P-1023,PT-1024,upstream-of
LT-1025,PSV-1026,discharges-to
PSV-1026,PSV-1027,feeds
PSV-1027,FCV-1028,downstream-of
FCV-1028,K-1029,feeds
K-1029,P-1030,discharges-to
P-1030,PSV-1031,upstream-of
PSV-1031,V-1032,discharges-to
V-1032,XV-1033,upstream-of
XV-1033,LT-1034,downstream-of
LT-1034,LT-1035,on-line
LT-1035,V-1036,discharges-to
V-1036,XV-1037,discharges-to
XV-1037,FT-1038,on-line
FT-1038,XV-1039,on-line
XV-1039,LT-1040,upstream-of
LT-1040,PSV-1041,downstream-of
PSV-1041,P-1042,on-line
P-1042,PT-1043,feeds
PT-1043,LT-1044,on-line
LT-1044,TT-1045,on-line
TT-1045,FCV-1046,downstream-of
LT-1050,P-1051,feeds
P-1054,P-1055,upstream-of
P-1055,P-1056,upstream-of
P-1056,P-1057,discharges-to
P-1057,K-1058,discharges-to
COL-1059,V-1060,downstream-of
E-1061,PT-1062,feeds
LT-1067,P-1068,on-line
FCV-1069,XV-1070,downstream-of
XV-1070,LT-1071,discharges-to
XV-1072,PT-1073,discharges-to
PT-1073,FT-1074,discharges-to
FT-1074,K-1075,discharges-to
K-1075,P-1076,discharges-to
V-1078,V-1079,upstream-of
V-1079,PT-1080,feeds
PT-1080,COL-1081,downstream-of
COL-1081,FCV-1082,downstream-of
FCV-1082,PSV-1083,discharges-to
PSV-1083,E-1084,discharges-to
E-1084,LT-1085,upstream-of
LT-1085,LT-1086,discharges-to
COL-1087,P-1088,downstream-of
P-1088,P-1089,upstream-of
P-1089,E-1090,feeds
PSV-1091,LT-1092,upstream-of
LT-1092,V-1093,discharges-to
V-1093,E-1094,upstream-of
E-1094,TT-1095,downstream-of
TT-1095,P-1096,downstream-of
P-1096,FT-1097,downstream-of
FT-1097,PSV-1098,upstream-of
PSV-1098,P-1099,on-line
V-1101,P-1102,feeds
P-1102,LT-1103,feeds
LT-1103,E-1104,on-line
K-1105,P-1106,downstream-of
K-1108,COL-1109,downstream-of
COL-1109,P-1110,downstream-of
P-1110,LT-1111,downstream-of
LT-1111,XV-1112,upstream-of
XV-1112,FCV-1113,feeds
TT-1114,P-1115,downstream-of
P-1115,V-1116,discharges-to
V-1116,LT-1117,on-line
LT-1117,FT-1118,downstream-of
FT-1118,TT-1119,feeds
TT-1119,V-1120,discharges-to
V-1120,P-1121,feeds
P-1121,FT-1122,upstream-of
FT-1122,K-1123,on-line
V-1124,TT-1125,feeds
TT-1125,PT-1126,discharges-to
PT-1126,COL-1127,feeds
COL-1127,PT-1128,on-line
PT-1128,P-1129,downstream-of
P-1129,P-1130,downstream-of
P-1130,FCV-1131,on-line
FCV-1131,PSV-1132,upstream-of
PSV-1132,PSV-1133,feeds
PSV-1133,P-1134,downstream-of
P-1134,P-1135,downstream-of
FT-1136,LT-1137,feeds
LT-1138,XV-1139,feeds
XV-1139,XV-1140,downstream-of
PSV-1143,P-1144,discharges-to
P-1148,PT-1149,upstream-of
PT-1149,FCV-1150,upstream-of
PSV-1151,P-1152,feeds
P-1154,V-1155,upstream-of
V-1155,E-1156,on-line
E-1156,K-1157,upstream-of
K-1157,FCV-1158,discharges-to
FCV-1158,COL-1159,downstream-of
COL-1159,V-1160,discharges-to
E-1161,LT-1162,on-line
LT-1162,LT-1163,feeds
LT-1163,LT-1164,feeds
LT-1164,XV-1165,discharges-to
LT-1168,P-1169,discharges-to
P-1169,PSV-1170,feeds
XV-1171,P-1172,discharges-to
TT-1173,COL-1174,downstream-of
LT-1176,P-1177,downstream-of
TT-1178,PT-1179,downstream-of
PT-1179,LT-1180,on-line
PT-1183,PSV-1184,feeds
PSV-1184,LT-1185,downstream-of
LT-1185,FCV-1186,discharges-to
FCV-1186,V-1187,on-line
TT-1188,PT-1189,discharges-to
PT-1189,PT-1190,discharges-to
PT-1190,XV-1191,discharges-to
XV-1191,PSV-1192,on-line
PSV-1192,P-1193,downstream-of
COL-1194,V-1195,downstream-of
V-1195,COL-1196,downstream-of
PT-1197,E-1198,upstream-of
E-1198,FCV-1199,discharges-to
FCV-1199,E-1200,feeds
E-1200,FCV-1201,on-line
FT-1202,V-1203,upstream-of
V-1203,XV-1204,feeds
XV-1204,FCV-1205,on-line
FCV-1205,P-1206,downstream-of
P-1206,K-1207,discharges-to
K-1207,K-1208,upstream-of
K-1208,LT-1209,on-line
LT-1209,FCV-1210,on-line
P-1211,P-1212,on-line
P-1212,V-1213,downstream-of
V-1213,V-1214,downstream-of
V-1214,XV-1215,feeds
XV-1215,XV-1216,on-line
XV-1216,P-1217,on-line
P-1217,FCV-1218,feeds
COL-1220,PSV-1221,on-line
PSV-1221,COL-1222,downstream-of
COL-1222,P-1223,on-line
P-1223,FCV-1224,downstream-of
FCV-1224,COL-1225,discharges-to
TT-1226,PT-1227,discharges-to
PT-1228,PT-1229,feeds
XV-1230,P-1231,on-line
P-1231,E-1232,discharges-to
FT-1235,FCV-1236,downstream-of
E-1239,FT-1240,feeds
FT-1240,P-1241,discharges-to
P-1241,TT-1242,downstream-of
TT-1242,P-1243,feeds
P-1243,XV-1244,downstream-of
XV-1244,LT-1245,feeds
V-1246,XV-1247,feeds
XV-1247,TT-1248,on-line
TT-1248,PT-1249,on-line
PT-1249,K-1250,on-line
K-1250,XV-1251,discharges-to
XV-1251,TT-1252,downstream-of
PSV-1253,XV-1254,upstream-of
COL-1255,P-1256,downstream-of
P-1256,FCV-1257,discharges-to
FCV-1257,LT-1258,on-line
LT-1258,PT-1259,on-line
PT-1259,COL-1260,upstream-of
COL-1260,TT-1261,on-line
TT-1261,P-1262,upstream-of
P-1262,E-1263,on-line
E-1263,FCV-1264,upstream-of
FCV-1264,P-1265,upstream-of
K-1266,P-1267,upstream-of
E-1268,P-1269,downstream-of
P-1269,TT-1270,upstream-of
TT-1270,P-1271,upstream-of
P-1271,P-1272,feeds
P-1272,COL-1273,on-line
P-1274,V-1275,downstream-of
PT-1277,COL-1278,discharges-to
COL-1278,K-1279,discharges-to
K-1279,P-1280,discharges-to
P-1280,P-1281,feeds
P-1281,PSV-1282,upstream-of
PSV-1282,FCV-1283,feeds
FCV-1283,FCV-1284,on-line
PT-1285,P-1286,discharges-to
P-1286,COL-1287,feeds
COL-1287,E-1288,discharges-to
E-1288,LT-1289,discharges-to
FT-1290,V-1291,upstream-of
P-1293,FT-1294,discharges-to
FT-1294,PT-1295,discharges-to
PT-1295,E-1296,discharges-to
E-1296,PT-1297,upstream-of
PT-1297,FT-1298,upstream-of
P-1299,LT-1300,on-line
LT-1300,FT-1301,upstream-of
COL-1303,K-1304,discharges-to
K-1304,PSV-1305,on-line
PSV-1305,P-1306,feeds
XV-1308,FT-1309,feeds
FT-1309,FCV-1310,upstream-of
FCV-1310,PT-1311,discharges-to
PT-1311,PT-1312,feeds
PT-1312,P-1313,discharges-to
TT-1314,E-1315,upstream-of
PSV-1316,K-1317,upstream-of
FT-1318,E-1319,upstream-of
E-1319,FCV-1320,on-line
FCV-1320,V-1321,upstream-of
V-1321,E-1322,downstream-of
FT-1323,FCV-1324,on-line
FCV-1324,TT-1325,downstream-of
XV-1326,K-1327,on-line
K-1327,P-1328,feeds
P-1328,PSV-1329,downstream-of
PSV-1329,LT-1330,feeds
LT-1330,V-1331,upstream-of
V-1331,V-1332,discharges-to
K-1333,TT-1334,downstream-of
V-1335,E-1336,upstream-of
E-1336,PSV-1337,upstream-of
PSV-1337,K-1338,on-line
K-1338,P-1339,on-line
XV-1341,V-1342,downstream-of
V-1342,P-1343,downstream-of
P-1346,TT-1347,on-line
P-1349,P-1350,upstream-of
P-1350,V-1351,upstream-of
FCV-1354,P-1355,discharges-to
P-1355,PSV-1356,downstream-of
PSV-1356,PSV-1357,discharges-to
PSV-1357,FCV-1358,feeds
FCV-1358,K-1359,discharges-to
K-1359,PT-1360,downstream-of
PT-1360,PSV-1361,feeds
PSV-1361,K-1362,discharges-to
K-1362,FT-1363,feeds
FT-1363,XV-1364,on-line
XV-1364,E-1365,discharges-to
E-1365,PT-1366,upstream-of
PT-1366,PT-1367,discharges-to
PT-1367,E-1368,discharges-to
E-1368,V-1369,feeds
V-1369,FCV-1370,discharges-to
E-1372,COL-1373,on-line
V-1374,P-1375,discharges-to
P-1375,XV-1376,feeds
TT-1377,FT-1378,discharges-to
FT-1378,P-1379,upstream-of
P-1379,PSV-1380,on-line
PSV-1380,P-1381,discharges-to
LT-1383,LT-1384,downstream-of
LT-1384,FCV-1385,feeds
FT-1386,PSV-1387,feeds
E-1388,P-1389,feeds
PT-1390,K-1391,feeds
K-1391,PT-1392,upstream-of
PT-1392,P-1393,feeds
P-1393,P-1394,feeds
P-1394,XV-1395,discharges-to
XV-1395,TT-1396,on-line
TT-1396,XV-1397,feeds
XV-1397,PT-1398,upstream-of
PT-1398,TT-1399,upstream-of
TT-1400,TT-1401,feeds
TT-1403,K-1404,upstream-of
PSV-1405,V-1406,upstream-of
V-1406,COL-1407,discharges-to
COL-1407,LT-1408,on-line
LT-1408,PSV-1409,downstream-of
PSV-1411,K-1412,discharges-to
K-1412,PT-1413,discharges-to
PT-1413,TT-1414,on-line
TT-1414,P-1415,on-line
P-1415,PT-1416,upstream-of
PT-1416,V-1417,feeds
V-1417,K-1418,upstream-of
K-1418,K-1419,discharges-to
K-1419,TT-1420,feeds
TT-1420,FT-1421,discharges-to
P-1422,PSV-1423,discharges-to
P-1427,PT-1428,on-line
P-1429,V-1430,downstream-of
V-1430,TT-1431,upstream-of
FT-1432,FCV-1433,on-line
FCV-1433,FT-1434,downstream-of
V-1435,FCV-1436,upstream-of
FCV-1436,P-1437,downstream-of
COL-1438,FCV-1439,on-line
FCV-1439,LT-1440,downstream-of
TT-1443,PSV-1444,feeds
TT-1445,XV-1446,on-line
COL-1447,K-1448,discharges-to
K-1448,P-1449,upstream-of
FCV-1450,FT-1451,upstream-of
FT-1451,FT-1452,downstream-of
FT-1452,V-1453,feeds
P-1454,TT-1455,discharges-to
TT-1455,E-1456,discharges-to
PT-1457,K-1458,on-line
K-1458,P-1459,upstream-of
P-1461,LT-1462,downstream-of
PT-1463,PSV-1464,on-line
PSV-1464,TT-1465,on-line
TT-1465,P-1466,downstream-of
P-1466,K-1467,upstream-of
K-1467,K-1468,feeds
COL-1469,PT-1470,feeds
PT-1470,P-1471,upstream-of
P-1471,V-1472,feeds
P-1473,PT-1474,upstream-of
V-1475,P-1476,feeds
P-1477,XV-1478,upstream-of
XV-1478,K-1479,downstream-of
P-1483,XV-1484,upstream-of
FT-1485,P-1486,feeds
P-1486,PSV-1487,upstream-of
PSV-1488,P-1489,discharges-to
TT-1491,TT-1492,discharges-to
TT-1492,E-1493,downstream-of
E-1493,FT-1494,downstream-of
FT-1494,P-1495,feeds
P-1495,PSV-1496,downstream-of
TT-1499,FCV-1500,discharges-to
FCV-1500,K-1501,feeds
K-1501,TT-1502,upstream-of
K-1503,PSV-1504,on-line
P-1505,V-1506,feeds
V-1506,P-1507,on-line
P-1507,E-1508,downstream-of
XV-1509,E-1510,feeds
LT-1511,PT-1512,upstream-of
P-1513,XV-1514,downstream-of
E-1517,P-1518,downstream-of
P-1518,P-1519,upstream-of
P-1519,K-1520,upstream-of
K-1520,FT-1521,feeds
FT-1521,TT-1522,upstream-of
TT-1522,TT-1523,discharges-to
TT-1523,COL-1524,feeds
COL-1524,COL-1525,feeds
COL-1525,COL-1526,on-line
COL-1526,COL-1527,downstream-of
COL-1527,COL-1528,downstream-of
COL-1528,XV-1529,upstream-of
XV-1529,FT-1530,feeds
FT-1530,COL-1531,discharges-to
FCV-1532,P-1533,discharges-to
P-1533,LT-1534,discharges-to
LT-1535,V-1536,on-line
V-1536,LT-1537,feeds
LT-1538,FT-1539,discharges-to
FT-1539,LT-1540,discharges-to
P-1541,FT-1542,downstream-of
FT-1542,PT-1543,downstream-of
PT-1543,E-1544,upstream-of
E-1544,TT-1545,discharges-to
TT-1545,K-1546,discharges-to
K-1546,V-1547,discharges-to
COL-1548,E-1549,on-line
E-1549,TT-1550,downstream-of
TT-1550,FCV-1551,discharges-to
FCV-1551,P-1552,upstream-of
P-1552,P-1553,downstream-of
P-1553,PSV-1554,discharges-to
E-1555,E-1556,upstream-of
P-1560,FT-1561,upstream-of
XV-1562,FCV-1563,discharges-to
FCV-1563,PT-1564,discharges-to
PT-1565,LT-1566,feeds
LT-1566,FT-1567,feeds
PSV-1568,E-1569,upstream-of
E-1569,PSV-1570,downstream-of
E-1571,E-1572,on-line
LT-1573,FT-1574,feeds
FT-1574,XV-1575,feeds
XV-1575,FT-1576,upstream-of
FT-1576,V-1577,on-line
V-1577,LT-1578,upstream-of
LT-1578,V-1579,downstream-of
V-1579,K-1580,on-line
K-1580,TT-1581,on-line
TT-1581,K-1582,upstream-of
K-1582,FT-1583,upstream-of
FT-1583,FCV-1584,discharges-to
FCV-1584,COL-1585,feeds
P-1586,PT-1587,feeds
FCV-1590,PT-1591,upstream-of
PT-1591,P-1592,discharges-to
P-1592,V-1593,on-line
P-1594,PSV-1595,discharges-to
PSV-1595,E-1596,downstream-of
E-1596,V-1597,discharges-to
V-1597,E-1598,discharges-to
E-1598,E-1599,feeds
COL-1600,XV-1601,feeds
XV-1601,V-1602,upstream-of
FCV-1604,P-1605,upstream-of
P-1605,PT-1606,upstream-of
LT-1607,P-1608,downstream-of
P-1608,K-1609,upstream-of
FCV-1610,E-1611,feeds
E-1611,LT-1612,discharges-to
V-1613,TT-1614,on-line
PT-1615,PT-1616,on-line
PT-1616,LT-1617,downstream-of
P-1618,P-1619,downstream-of
P-1619,PT-1620,feeds
PT-1620,TT-1621,downstream-of
TT-1621,COL-1622,feeds
COL-1622,V-1623,downstream-of
V-1623,PT-1624,feeds
LT-1625,FCV-1626,downstream-of
FCV-1626,K-1627,upstream-of
K-1627,XV-1628,feeds
XV-1628,FCV-1629,downstream-of
FCV-1629,P-1630,downstream-of
COL-1631,V-1632,downstream-of
V-1632,PT-1633,upstream-of
FCV-1634,E-1635,downstream-of
E-1635,FT-1636,on-line
FT-1636,K-1637,discharges-to
K-1637,V-1638,discharges-to
V-1638,COL-1639,discharges-to
P-1640,TT-1641,on-line
V-1642,TT-1643,discharges-to
TT-1643,E-1644,upstream-of
E-1644,COL-1645,upstream-of
COL-1645,FCV-1646,discharges-to
FCV-1646,FT-1647,discharges-to
FT-1648,TT-1649,upstream-of
V-1650,LT-1651,on-line
LT-1651,PSV-1652,upstream-of
PSV-1652,FT-1653,downstream-of
FT-1653,P-1654,upstream-of
P-1654,TT-1655,on-line
LT-1656,K-1657,downstream-of
K-1657,E-1658,downstream-of
E-1658,LT-1659,on-line
LT-1659,FCV-1660,discharges-to
XV-1661,PSV-1662,on-line
PSV-1662,TT-1663,on-line
TT-1663,P-1664,upstream-of
LT-1665,LT-1666,discharges-to
LT-1666,XV-1667,on-line
XV-1667,FT-1668,discharges-to
FT-1668,COL-1669,feeds
COL-1669,LT-1670,on-line
LT-1670,V-1671,downstream-of
FCV-1672,K-1673,on-line
K-1673,LT-1674,upstream-of
LT-1674,TT-1675,downstream-of
TT-1675,XV-1676,feeds
XV-1676,TT-1677,discharges-to
TT-1678,K-1679,downstream-of
E-1680,XV-1681,downstream-of
XV-1681,XV-1682,downstream-of
XV-1682,FCV-1683,discharges-to
FCV-1683,P-1684,on-line
P-1684,E-1685,upstream-of
E-1685,K-1686,downstream-of
V-1687,TT-1688,upstream-of
TT-1688,FT-1689,on-line
FT-1689,COL-1690,discharges-to
COL-1690,P-1691,feeds
P-1691,XV-1692,on-line
FT-1693,V-1694,downstream-of
V-1694,FCV-1695,discharges-to
FCV-1695,K-1696,on-line
TT-1700,PT-1701,discharges-to
PT-1701,K-1702,upstream-of
K-1702,COL-1703,discharges-to
P-1704,E-1705,downstream-of
E-1705,PSV-1706,on-line
PSV-1706,FCV-1707,upstream-of
FCV-1707,COL-1708,discharges-to
COL-1708,COL-1709,on-line
COL-1709,P-1710,upstream-of
V-1711,LT-1712,feeds
LT-1714,P-1715,on-line
V-1716,PSV-1717,on-line
FT-1719,PSV-1720,on-line
PSV-1720,FT-1721,on-line
FT-1721,P-1722,discharges-to
P-1722,XV-1723,feeds
XV-1723,TT-1724,discharges-to
TT-1724,E-1725,discharges-to
LT-1727,P-1728,discharges-to
P-1728,P-1729,on-line
PSV-1730,TT-1731,feeds
XV-1733,TT-1734,downstream-of
TT-1734,P-1735,feeds
P-1735,PT-1736,upstream-of
PT-1736,COL-1737,upstream-of
COL-1737,PT-1738,downstream-of
PT-1738,PSV-1739,discharges-to
P-1740,FT-1741,feeds
FT-1741,V-1742,on-line
FCV-1743,P-1744,discharges-to
PT-1746,LT-1747,upstream-of
COL-1748,TT-1749,on-line
XV-1750,K-1751,discharges-to
K-1751,LT-1752,downstream-of
LT-1752,PT-1753,discharges-to
PT-1753,PSV-1754,discharges-to
PSV-1754,LT-1755,upstream-of
LT-1755,PSV-1756,feeds
PSV-1756,LT-1757,downstream-of
LT-1757,PSV-1758,feeds
PSV-1758,FT-1759,discharges-to
FT-1759,PSV-1760,upstream-of
PSV-1760,K-1761,discharges-to
K-1761,LT-1762,discharges-to
LT-1762,TT-1763,upstream-of
TT-1763,PT-1764,upstream-of
PT-1764,LT-1765,downstream-of
E-1766,FCV-1767,downstream-of
FCV-1767,P-1768,discharges-to
P-1768,PSV-1769,feeds
V-1770,TT-1771,on-line
TT-1771,FT-1772,on-line
FT-1772,E-1773,discharges-to
E-1773,PSV-1774,discharges-to
XV-1775,LT-1776,upstream-of
LT-1776,V-1777,feeds
V-1777,PT-1778,discharges-to
PT-1778,XV-1779,upstream-of
XV-1779,XV-1780,discharges-to
FCV-1782,TT-1783,on-line
TT-1783,COL-1784,on-line
P-1788,FT-1789,feeds
FT-1789,PSV-1790,on-line
E-1792,FCV-1793,downstream-of
FCV-1793,P-1794,upstream-of
K-1795,PSV-1796,feeds
PSV-1796,TT-1797,upstream-of
XV-1798,COL-1799,discharges-to
COL-1799,XV-1800,on-line
XV-1800,PSV-1801,discharges-to
V-1803,P-1804,on-line
P-1804,P-1805,discharges-to
P-1805,K-1806,discharges-to
K-1806,P-1807,downstream-of
P-1807,LT-1808,on-line
P-1810,E-1811,feeds
COL-1812,TT-1813,upstream-of
TT-1813,COL-1814,feeds
COL-1814,FCV-1815,feeds
FCV-1815,FCV-1816,discharges-to
FCV-1816,COL-1817,discharges-to
COL-1817,FCV-1818,upstream-of
FCV-1818,K-1819,discharges-to
K-1819,COL-1820,downstream-of
K-1821,FT-1822,on-line
FT-1822,PT-1823,upstream-of
TT-1824,E-1825,feeds
PSV-1829,FT-1830,feeds
FT-1830,XV-1831,discharges-to
XV-1831,P-1832,discharges-to
P-1832,COL-1833,upstream-of
COL-1833,FCV-1834,discharges-to
FCV-1834,P-1835,discharges-to
V-1837,P-1838,upstream-of
P-1838,P-1839,downstream-of
P-1839,LT-1840,feeds
LT-1840,K-1841,feeds
E-1842,P-1843,discharges-to
P-1843,FT-1844,on-line
FT-1844,E-1845,upstream-of
FCV-1847,LT-1848,downstream-of
V-1849,COL-1850,on-line
PSV-1851,P-1852,upstream-of
P-1852,LT-1853,feeds
LT-1853,K-1854,on-line
XV-1855,E-1856,feeds
PSV-1857,FT-1858,upstream-of
XV-1861,COL-1862,downstream-of
COL-1862,TT-1863,on-line
TT-1863,FT-1864,downstream-of
FT-1864,FT-1865,downstream-of
FT-1866,P-1867,downstream-of
P-1867,E-1868,discharges-to
E-1868,P-1869,feeds
P-1869,FCV-1870,upstream-of
FCV-1870,FT-1871,discharges-to
FT-1871,P-1872,on-line
P-1873,FCV-1874,on-line
FCV-1874,PT-1875,downstream-of
FT-1876,PT-1877,discharges-to
PT-1877,K-1878,downstream-of
K-1878,FCV-1879,feeds
FCV-1879,FT-1880,upstream-of
FT-1880,XV-1881,feeds
XV-1881,PT-1882,feeds
PT-1882,LT-1883,downstream-of
LT-1883,XV-1884,discharges-to
XV-1884,E-1885,downstream-of
E-1885,V-1886,downstream-of
V-1886,PSV-1887,upstream-of
XV-1888,FT-1889,downstream-of
FT-1889,K-1890,feeds
K-1890,PT-1891,upstream-of
PT-1891,PSV-1892,discharges-to
PSV-1892,V-1893,on-line
V-1893,P-1894,feeds
FT-1895,K-1896,discharges-to
COL-1897,P-1898,discharges-to
XV-1899,PT-1900,upstream-of
PT-1900,P-1901,discharges-to
P-1901,P-1902,feeds
P-1902,V-1903,downstream-of
P-1904,XV-1905,downstream-of
XV-1905,V-1906,discharges-to
V-1906,COL-1907,on-line
COL-1907,E-1908,upstream-of
E-1908,LT-1909,upstream-of
LT-1909,COL-1910,upstream-of
COL-1910,COL-1911,upstream-of
LT-1913,K-1914,feeds
K-1914,XV-1915,on-line
XV-1915,V-1916,on-line
V-1916,PSV-1917,discharges-to
PSV-1917,FCV-1918,discharges-to
FCV-1918,COL-1919,discharges-to
COL-1919,FT-1920,downstream-of
XV-1921,PSV-1922,discharges-to
PSV-1922,V-1923,downstream-of
V-1923,FT-1924,downstream-of
COL-1925,P-1926,upstream-of
PSV-1929,TT-1930,on-line
P-1932,LT-1933,upstream-of
K-1936,TT-1937,discharges-to
TT-1937,V-1938,upstream-of
PSV-1943,XV-1944,upstream-of
XV-1944,K-1945,discharges-to
K-1945,PT-1946,downstream-of
PT-1946,P-1947,discharges-to
P-1947,P-1948,downstream-of
P-1948,FCV-1949,upstream-of
FCV-1949,TT-1950,upstream-of
TT-1950,PT-1951,feeds
PT-1951,PT-1952,on-line
E-1954,E-1955,discharges-to
E-1955,COL-1956,upstream-of
COL-1956,XV-1957,downstream-of
XV-1957,K-1958,downstream-of
E-1962,PSV-1963,on-line
FT-1967,COL-1968,downstream-of
COL-1968,XV-1969,discharges-to
TT-1970,PSV-1971,upstream-of
PSV-1971,XV-1972,on-line
XV-1973,XV-1974,downstream-of
XV-1974,V-1975,on-line
V-1975,FT-1976,upstream-of
FT-1976,P-1977,discharges-to
FCV-1978,PSV-1979,on-line
K-1980,XV-1981,upstream-of
XV-1981,P-1982,downstream-of
P-1982,P-1983,discharges-to
P-1983,E-1984,feeds
E-1984,K-1985,feeds
FCV-1986,XV-1987,upstream-of
TT-1990,P-1991,downstream-of
P-1991,PT-1992,discharges-to
PT-1992,COL-1993,upstream-of
COL-1993,P-1994,discharges-to
P-1994,K-1995,on-line
K-1995,P-1996,feeds
P-1996,E-1997,feeds
XV-1999,FCV-2000,upstream-of
FCV-2000,P-2001,on-line
FCV-2002,E-2003,discharges-to
E-2003,COL-2004,downstream-of
LT-2006,FT-2007,feeds
FT-2007,P-2008,upstream-of
P-2008,XV-2009,downstream-of
TT-2012,XV-2013,on-line
XV-2013,LT-2014,on-line
LT-2014,P-2015,downstream-of
P-2015,COL-2016,feeds
COL-2016,COL-2017,discharges-to
COL-2017,LT-2018,discharges-to
FCV-2019,FCV-2020,downstream-of
FCV-2020,E-2021,discharges-to
E-2021,V-2022,on-line
COL-2024,TT-2025,downstream-of
TT-2025,K-2026,downstream-of
PT-2029,FT-2030,upstream-of
FT-2030,COL-2031,on-line
COL-2032,PSV-2033,upstream-of
PSV-2033,P-2034,discharges-to
K-2035,LT-2036,feeds
LT-2036,PSV-2037,feeds
PSV-2037,PT-2038,discharges-to
K-2040,LT-2041,feeds
FT-2042,P-2043,on-line
P-2043,LT-2044,discharges-to
XV-2045,XV-2046,upstream-of
FCV-2048,FCV-2049,on-line
FCV-2049,COL-2050,upstream-of
COL-2050,TT-2051,discharges-to
TT-2051,PSV-2052,discharges-to
PSV-2052,PSV-2053,upstream-of
LT-2055,TT-2056,on-line
TT-2056,COL-2057,discharges-to
COL-2057,XV-2058,downstream-of
XV-2058,E-2059,upstream-of
E-2059,FCV-2060,feeds
FCV-2060,K-2061,downstream-of
XV-2063,PSV-2064,upstream-of
PSV-2064,FCV-2065,feeds
FT-2067,LT-2068,downstream-of
LT-2068,PT-2069,upstream-of
PT-2069,PSV-2070,discharges-to
PSV-2070,TT-2071,feeds
XV-2074,K-2075,on-line
LT-2076,LT-2077,on-line
LT-2077,P-2078,feeds
P-2078,TT-2079,downstream-of
XV-2082,PT-2083,on-line
PT-2083,TT-2084,discharges-to
PSV-2085,XV-2086,upstream-of
XV-2086,XV-2087,upstream-of
PSV-2091,P-2092,downstream-of
FT-2094,FT-2095,feeds
FT-2095,PT-2096,upstream-of
PT-2096,FCV-2097,upstream-of
PT-2100,XV-2101,downstream-of
XV-2102,E-2103,discharges-to
E-2103,FCV-2104,on-line
PT-2106,XV-2107,discharges-to
XV-2107,LT-2108,downstream-of
V-2109,PSV-2110,discharges-to
PSV-2110,K-2111,upstream-of
K-2111,V-2112,discharges-to
V-2112,TT-2113,downstream-of
TT-2113,V-2114,discharges-to
LT-2115,P-2116,on-line
P-2116,P-2117,downstream-of
P-2117,XV-2118,discharges-to
XV-2118,TT-2119,feeds
TT-2119,K-2120,feeds
P-2121,E-2122,downstream-of
COL-2123,P-2124,on-line
P-2125,P-2126,on-line
P-2127,PSV-2128,upstream-of
PSV-2128,XV-2129,on-line
XV-2129,E-2130,downstream-of
E-2130,TT-2131,discharges-to
TT-2131,LT-2132,upstream-of
LT-2132,XV-2133,discharges-to
TT-2134,PSV-2135,upstream-of
PSV-2135,E-2136,discharges-to
E-2136,COL-2137,on-line
COL-2137,COL-2138,discharges-to
COL-2138,FT-2139,on-line
FT-2139,FCV-2140,downstream-of
FCV-2140,P-2141,downstream-of
P-2141,PT-2142,upstream-of
PT-2142,P-2143,upstream-of
P-2143,PT-2144,on-line
PT-2144,LT-2145,downstream-of
LT-2146,XV-2147,discharges-to
XV-2147,FCV-2148,upstream-of
FCV-2148,FCV-2149,downstream-of
FCV-2149,XV-2150,discharges-to
XV-2150,PSV-2151,feeds
PSV-2151,P-2152,downstream-of
P-2152,FT-2153,downstream-of
V-2154,FT-2155,upstream-of
COL-2156,V-2157,feeds
E-2158,P-2159,on-line
XV-2160,XV-2161,downstream-of
XV-2161,TT-2162,feeds
TT-2164,PSV-2165,feeds
PSV-2165,V-2166,downstream-of
E-2167,K-2168,feeds
K-2168,COL-2169,downstream-of
P-2170,E-2171,feeds
P-2173,P-2174,discharges-to
P-2174,E-2175,upstream-of
E-2175,P-2176,upstream-of
P-2176,E-2177,on-line
E-2177,K-2178,downstream-of
K-2178,XV-2179,discharges-to
XV-2179,P-2180,discharges-to
P-2180,PT-2181,upstream-of
PT-2181,K-2182,on-line
K-2182,XV-2183,feeds
XV-2183,FCV-2184,feeds
FCV-2184,FT-2185,discharges-to
FT-2185,PT-2186,discharges-to
FT-2187,K-2188,discharges-to
K-2188,XV-2189,downstream-of
XV-2189,LT-2190,downstream-of
LT-2190,FT-2191,feeds
FT-2191,E-2192,discharges-to
E-2192,P-2193,upstream-of
P-2193,V-2194,on-line
V-2194,PSV-2195,on-line
PSV-2195,E-2196,feeds
PT-2197,TT-2198,upstream-of
TT-2198,COL-2199,upstream-of
COL-2199,PSV-2200,downstream-of
PSV-2200,K-2201,downstream-of
K-2201,LT-2202,discharges-to
LT-2202,FCV-2203,on-line
FCV-2203,FCV-2204,feeds
FCV-2204,LT-2205,downstream-of
LT-2205,FCV-2206,feeds
V-2207,E-2208,discharges-to
E-2208,TT-2209,feeds
TT-2209,FT-2210,discharges-to
FT-2210,V-2211,upstream-of
PT-2213,XV-2214,upstream-of
XV-2214,COL-2215,upstream-of
PT-2218,K-2219,downstream-of
K-2219,XV-2220,feeds
XV-2221,V-2222,downstream-of
V-2222,P-2223,downstream-of
K-2224,FT-2225,downstream-of
FT-2225,P-2226,discharges-to
P-2226,TT-2227,upstream-of
TT-2228,COL-2229,feeds
COL-2229,XV-2230,feeds
XV-2230,FT-2231,feeds
FT-2231,COL-2232,upstream-of
COL-2232,V-2233,discharges-to
V-2233,PSV-2234,feeds
XV-2235,K-2236,discharges-to
PSV-2237,PSV-2238,discharges-to
V-2239,P-2240,upstream-of
P-2240,V-2241,discharges-to
V-2241,P-2242,discharges-to
K-2243,FCV-2244,discharges-to
K-2245,P-2246,downstream-of
P-2246,FCV-2247,on-line
FCV-2247,E-2248,upstream-of
E-2248,LT-2249,downstream-of
LT-2249,V-2250,feeds
K-2251,PT-2252,upstream-of
PT-2252,K-2253,upstream-of
K-2253,E-2254,downstream-of
P-2259,E-2260,feeds
PT-2264,COL-2265,upstream-of
P-2266,PT-2267,upstream-of
PT-2267,V-2268,discharges-to
PSV-2269,E-2270,feeds
E-2270,P-2271,downstream-of
P-2271,LT-2272,discharges-to
LT-2272,TT-2273,feeds
LT-2277,FT-2278,discharges-to
FT-2278,K-2279,downstream-of
FT-2281,V-2282,feeds
V-2282,E-2283,on-line
E-2283,P-2284,feeds
P-2284,E-2285,on-line
E-2285,V-2286,discharges-to
V-2286,P-2287,upstream-of
P-2287,K-2288,discharges-to
K-2288,FCV-2289,downstream-of
FCV-2289,P-2290,on-line
P-2290,TT-2291,on-line
XV-2292,TT-2293,discharges-to
TT-2293,K-2294,feeds
K-2294,P-2295,upstream-of
P-2295,P-2296,on-line
P-2296,FT-2297,feeds
XV-2299,TT-2300,feeds
TT-2300,FCV-2301,upstream-of
FCV-2301,FT-2302,feeds
P-2303,K-2304,on-line
K-2304,FT-2305,feeds
FT-2305,XV-2306,on-line
P-2307,E-2308,on-line
E-2308,LT-2309,upstream-of
LT-2309,V-2310,discharges-to
V-2310,LT-2311,downstream-of
LT-2311,V-2312,discharges-to
V-2312,K-2313,feeds
K-2313,FT-2314,on-line
FT-2314,LT-2315,downstream-of
LT-2315,P-2316,downstream-of
P-2316,COL-2317,on-line
K-2320,K-2321,feeds
K-2321,PSV-2322,upstream-of
V-2323,PT-2324,downstream-of
PT-2324,V-2325,upstream-of
COL-2326,XV-2327,discharges-to
XV-2328,P-2329,discharges-to
P-2330,PT-2331,discharges-to
PT-2331,FCV-2332,upstream-of
FCV-2332,FT-2333,downstream-of
V-2335,COL-2336,feeds
COL-2336,P-2337,upstream-of
K-2338,P-2339,downstream-of
K-2340,V-2341,downstream-of
FCV-2343,V-2344,on-line
XV-2348,FT-2349,downstream-of
FT-2349,P-2350,downstream-of
P-2350,TT-2351,feeds
TT-2351,P-2352,downstream-of
P-2353,LT-2354,discharges-to
LT-2354,V-2355,feeds
V-2355,PSV-2356,downstream-of
PSV-2356,COL-2357,on-line
COL-2357,COL-2358,feeds
COL-2358,P-2359,on-line
P-2359,XV-2360,upstream-of
XV-2360,K-2361,on-line
K-2362,PSV-2363,discharges-to
PSV-2363,P-2364,on-line
PT-2365,P-2366,on-line
P-2366,FT-2367,on-line
FT-2367,FCV-2368,feeds
FCV-2368,PSV-2369,on-line
V-2370,PSV-2371,feeds
TT-2372,LT-2373,on-line
LT-2373,P-2374,downstream-of
P-2374,LT-2375,upstream-of
LT-2375,FT-2376,discharges-to
FT-2376,LT-2377,upstream-of
LT-2377,PSV-2378,feeds
PSV-2378,LT-2379,discharges-to
LT-2379,XV-2380,feeds
XV-2380,COL-2381,feeds
COL-2381,FT-2382,on-line
XV-2383,E-2384,discharges-to
E-2384,P-2385,feeds
P-2385,LT-2386,upstream-of
P-2387,V-2388,downstream-of
V-2388,COL-2389,feeds
COL-2389,E-2390,feeds
E-2390,E-2391,feeds
E-2391,V-2392,upstream-of
P-2393,PSV-2394,downstream-of
PSV-2394,XV-2395,discharges-to
XV-2395,FCV-2396,on-line
FCV-2396,COL-2397,discharges-to
PSV-2399,FT-2400,feeds
FT-2400,XV-2401,on-line
K-2402,V-2403,on-line
V-2403,XV-2404,on-line
XV-2404,PT-2405,discharges-to
TT-2409,P-2410,downstream-of
P-2410,E-2411,feeds
E-2411,PT-2412,downstream-of
PT-2412,LT-2413,on-line
LT-2413,P-2414,discharges-to
XV-2416,P-2417,upstream-of
P-2418,FCV-2419,upstream-of
FCV-2420,P-2421,on-line
P-2421,V-2422,upstream-of
PSV-2423,FT-2424,feeds
FT-2424,PSV-2425,on-line
P-2427,P-2428,feeds
P-2428,P-2429,on-line
P-2429,P-2430,feeds
COL-2431,FCV-2432,discharges-to
K-2433,P-2434,on-line
E-2435,K-2436,upstream-of
K-2436,P-2437,on-line
P-2437,LT-2438,feeds
LT-2438,P-2439,discharges-to
P-2439,FT-2440,on-line
FT-2440,FCV-2441,downstream-of
PSV-2442,K-2443,downstream-of
K-2443,V-2444,discharges-to
V-2444,P-2445,upstream-of
P-2445,XV-2446,feeds
LT-2447,TT-2448,upstream-of
TT-2448,PT-2449,upstream-of
PT-2449,COL-2450,upstream-of
COL-2450,PT-2451,feeds
PT-2451,XV-2452,feeds
XV-2452,TT-2453,feeds
TT-2453,FCV-2454,feeds
FCV-2454,P-2455,downstream-of
LT-2456,PT-2457,upstream-of
PT-2457,V-2458,downstream-of
V-2458,XV-2459,discharges-to
XV-2459,TT-2460,downstream-of
TT-2460,V-2461,discharges-to
V-2461,K-2462,feeds
P-2463,V-2464,discharges-to
K-2465,LT-2466,downstream-of
LT-2466,PSV-2467,discharges-to
PSV-2467,PSV-2468,upstream-of
TT-2471,PSV-2472,discharges-to
XV-2473,V-2474,on-line
LT-2475,PT-2476,feeds
PT-2476,FT-2477,downstream-of
FT-2478,LT-2479,feeds
LT-2479,K-2480,upstream-of
K-2482,P-2483,downstream-of
LT-2484,PSV-2485,downstream-of
P-2486,FCV-2487,downstream-of
FCV-2487,K-2488,downstream-of
K-2488,PT-2489,on-line
PT-2489,E-2490,on-line
E-2490,XV-2491,discharges-to
XV-2491,FCV-2492,on-line
FCV-2492,COL-2493,discharges-to
COL-2493,LT-2494,upstream-of
LT-2494,LT-2495,downstream-of
E-2496,PT-2497,upstream-of
PT-2497,P-2498,on-line
FCV-2500,P-2501,feeds
P-2501,P-2502,downstream-of
TT-2503,TT-2504,on-line
TT-2504,P-2505,on-line
P-2505,E-2506,on-line
E-2506,FT-2507,on-line
FT-2508,FT-2509,on-line
FT-2509,PT-2510,downstream-of
K-2511,LT-2512,on-line
LT-2512,K-2513,feeds
PT-2514,PT-2515,feeds
PT-2515,FCV-2516,upstream-of
FT-2521,FCV-2522,discharges-to
FCV-2522,PT-2523,upstream-of
PT-2523,PT-2524,feeds
PT-2524,COL-2525,feeds
COL-2526,PT-2527,discharges-to
PT-2527,TT-2528,on-line
TT-2528,XV-2529,upstream-of
FT-2530,K-2531,discharges-to
K-2531,PT-2532,downstream-of
P-2534,V-2535,discharges-to
V-2535,XV-2536,upstream-of
TT-2538,LT-2539,upstream-of
LT-2539,FT-2540,on-line
FT-2540,FT-2541,feeds
FT-2541,PSV-2542,on-line
V-2544,LT-2545,feeds
E-2548,LT-2549,feeds
LT-2549,E-2550,upstream-of
FT-2551,V-2552,upstream-of
V-2552,FT-2553,upstream-of
V-2557,PSV-2558,upstream-of
PSV-2558,FT-2559,upstream-of
FT-2559,P-2560,on-line
P-2560,FCV-2561,downstream-of
FCV-2561,E-2562,on-line
E-2562,V-2563,on-line
V-2563,K-2564,on-line
K-2564,P-2565,downstream-of
P-2565,COL-2566,downstream-of
COL-2566,E-2567,feeds
E-2567,LT-2568,on-line
LT-2568,PT-2569,discharges-to
PT-2570,FT-2571,upstream-of
FT-2571,FT-2572,on-line
FT-2572,P-2573,on-line
P-2573,PT-2574,feeds
PT-2574,TT-2575,feeds
K-2576,K-2577,discharges-to
K-2577,K-2578,downstream-of
K-2578,PT-2579,downstream-of
LT-2580,FT-2581,feeds
FT-2581,FCV-2582,upstream-of
FCV-2582,E-2583,on-line
E-2583,PSV-2584,on-line
PT-2586,TT-2587,discharges-to
TT-2587,COL-2588,downstream-of
COL-2588,COL-2589,upstream-of
COL-2589,K-2590,on-line
TT-2591,PT-2592,downstream-of
PT-2592,FCV-2593,discharges-to
FCV-2593,FCV-2594,on-line
FCV-2594,FT-2595,feeds
FT-2595,XV-2596,discharges-to
XV-2596,V-2597,downstream-of
V-2597,FCV-2598,downstream-of
COL-2600,PT-2601,upstream-of
PT-2601,PT-2602,on-line
PT-2602,TT-2603,feeds
TT-2603,P-2604,discharges-to
P-2604,TT-2605,upstream-of
TT-2605,FCV-2606,feeds
FCV-2606,TT-2607,on-line
TT-2607,XV-2608,discharges-to
XV-2608,E-2609,discharges-to
E-2609,XV-2610,discharges-to
XV-2610,E-2611,feeds
P-2612,PSV-2613,feeds
PSV-2613,V-2614,discharges-to
V-2614,TT-2615,downstream-of
TT-2615,FCV-2616,discharges-to
FCV-2616,V-2617,upstream-of
V-2618,K-2619,on-line
LT-2621,COL-2622,upstream-of
PSV-2623,FCV-2624,upstream-of
P-2627,XV-2628,downstream-of
XV-2628,PSV-2629,on-line
PSV-2629,V-2630,downstream-of
COL-2633,K-2634,downstream-of
P-2636,P-2637,feeds
P-2637,XV-2638,upstream-of
XV-2638,K-2639,on-line
K-2639,FT-2640,on-line
E-2641,E-2642,discharges-to
E-2642,COL-2643,feeds
COL-2643,V-2644,discharges-to
V-2644,LT-2645,on-line
LT-2645,E-2646,on-line
E-2646,TT-2647,feeds
TT-2647,FCV-2648,upstream-of
K-2649,XV-2650,upstream-of
XV-2650,LT-2651,feeds
PT-2652,LT-2653,on-line
PSV-2654,PSV-2655,feeds
PSV-2655,P-2656,feeds
P-2656,FCV-2657,downstream-of
FCV-2657,K-2658,downstream-of
K-2658,FCV-2659,discharges-to
FCV-2660,FCV-2661,upstream-of
FCV-2661,TT-2662,on-line
PSV-2665,TT-2666,discharges-to
TT-2666,FCV-2667,on-line
FCV-2667,FT-2668,on-line
FT-2668,P-2669,on-line
P-2669,XV-2670,feeds
XV-2670,E-2671,upstream-of
TT-2672,LT-2673,upstream-of
LT-2673,FT-2674,on-line
V-2676,TT-2677,feeds
TT-2677,FT-2678,feeds
P-2679,COL-2680,on-line
COL-2680,E-2681,on-line
E-2681,FCV-2682,on-line
FCV-2682,FT-2683,downstream-of
FCV-2684,TT-2685,upstream-of
TT-2685,K-2686,upstream-of
FCV-2687,P-2688,discharges-to
PT-2689,K-2690,on-line
K-2690,LT-2691,upstream-of
V-2692,XV-2693,downstream-of
FT-2696,FT-2697,downstream-of
FT-2697,P-2698,discharges-to
P-2698,E-2699,downstream-of
V-2701,FCV-2702,on-line
FCV-2702,P-2703,feeds
P-2703,XV-2704,upstream-of
XV-2704,E-2705,feeds
E-2705,V-2706,discharges-to
V-2706,K-2707,downstream-of
K-2707,LT-2708,discharges-to
P-2710,PSV-2711,discharges-to
XV-2712,P-2713,upstream-of
P-2713,PT-2714,feeds
PT-2714,TT-2715,feeds
TT-2715,PT-2716,upstream-of
PT-2716,TT-2717,discharges-to
TT-2717,V-2718,feeds
PT-2719,P-2720,on-line
COL-2721,TT-2722,upstream-of
TT-2722,P-2723,discharges-to
LT-2724,FT-2725,discharges-to
FT-2725,TT-2726,downstream-of
TT-2726,V-2727,feeds
V-2727,TT-2728,upstream-of
E-2730,XV-2731,upstream-of
XV-2731,XV-2732,downstream-of
XV-2732,K-2733,downstream-of
K-2733,FT-2734,on-line
FT-2734,PT-2735,downstream-of
V-2736,P-2737,feeds
P-2737,TT-2738,upstream-of
P-2739,PSV-2740,downstream-of
PSV-2740,E-2741,downstream-of
E-2741,TT-2742,discharges-to
TT-2742,PT-2743,discharges-to
V-2744,FCV-2745,downstream-of
FCV-2745,TT-2746,feeds
E-2747,PT-2748,feeds
PT-2748,FT-2749,discharges-to
FT-2749,XV-2750,discharges-to
FCV-2752,COL-2753,downstream-of
COL-2753,FCV-2754,discharges-to
FCV-2754,TT-2755,upstream-of
TT-2755,TT-2756,on-line
TT-2756,PSV-2757,feeds
PSV-2757,PT-2758,on-line
PT-2758,COL-2759,on-line
COL-2759,P-2760,downstream-of
LT-2761,V-2762,discharges-to
XV-2764,XV-2765,discharges-to
XV-2765,LT-2766,feeds
LT-2766,P-2767,discharges-to
K-2769,TT-2770,downstream-of
TT-2770,XV-2771,downstream-of
K-2773,PT-2774,on-line
PT-2774,P-2775,upstream-of
PT-2776,V-2777,upstream-of
V-2777,LT-2778,on-line
LT-2778,V-2779,upstream-of
V-2779,COL-2780,discharges-to
COL-2780,LT-2781,upstream-of
LT-2782,E-2783,on-line
V-2786,K-2787,discharges-to
K-2787,FCV-2788,feeds
K-2789,COL-2790,feeds
COL-2790,COL-2791,downstream-of
COL-2791,PT-2792,downstream-of
XV-2793,FCV-2794,upstream-of
FCV-2794,K-2795,feeds
K-2795,P-2796,on-line
XV-2797,P-2798,discharges-to
P-2798,V-2799,downstream-of
V-2799,K-2800,on-line
K-2800,P-2801,downstream-of
PT-2802,P-2803,on-line
P-2803,TT-2804,discharges-to
TT-2804,XV-2805,feeds
XV-2805,E-2806,feeds
LT-2808,PSV-2809,feeds
PSV-2809,COL-2810,upstream-of
FT-2811,PSV-2812,feeds
PSV-2812,PT-2813,discharges-to
PT-2813,P-2814,discharges-to
P-2814,PSV-2815,upstream-of
P-2816,PSV-2817,upstream-of
K-2818,E-2819,discharges-to
E-2819,FT-2820,upstream-of
FT-2820,FT-2821,discharges-to
P-2822,TT-2823,discharges-to
TT-2823,PSV-2824,on-line
PSV-2824,P-2825,feeds
P-2825,E-2826,feeds
E-2830,FT-2831,upstream-of
PT-2832,PT-2833,downstream-of
PT-2833,PT-2834,discharges-to
TT-2835,FT-2836,on-line
FCV-2838,TT-2839,downstream-of
V-2841,PT-2842,on-line
PT-2842,FCV-2843,feeds
FCV-2843,XV-2844,on-line
PSV-2847,P-2848,feeds
P-2848,FT-2849,feeds
FT-2849,PSV-2850,downstream-of
P-2852,FCV-2853,on-line
FCV-2853,E-2854,on-line
E-2854,V-2855,feeds
P-2856,LT-2857,upstream-of
LT-2857,PT-2858,discharges-to
PT-2858,K-2859,downstream-of
K-2859,COL-2860,on-line
COL-2860,PSV-2861,on-line
PSV-2861,FCV-2862,feeds
FCV-2862,PT-2863,feeds
E-2864,K-2865,downstream-of
K-2865,TT-2866,upstream-of
FCV-2867,E-2868,upstream-of
PT-2869,K-2870,discharges-to
K-2870,P-2871,upstream-of
P-2871,FT-2872,upstream-of
FT-2872,K-2873,on-line
K-2873,PSV-2874,on-line
PSV-2875,COL-2876,discharges-to
LT-2877,FT-2878,downstream-of
FT-2878,V-2879,feeds
V-2879,COL-2880,feeds
COL-2880,P-2881,downstream-of
P-2881,P-2882,feeds
P-2882,E-2883,on-line
E-2883,LT-2884,feeds
P-2886,P-2887,upstream-of
P-2887,P-2888,downstream-of
P-2890,TT-2891,on-line
TT-2891,P-2892,discharges-to
PT-2894,K-2895,upstream-of
K-2895,V-2896,discharges-to
E-2897,FCV-2898,downstream-of
FCV-2898,XV-2899,upstream-of
XV-2899,FCV-2900,upstream-of
FCV-2900,FT-2901,downstream-of
FT-2901,K-2902,downstream-of
K-2902,COL-2903,feeds
PSV-2904,TT-2905,feeds
TT-2905,XV-2906,on-line
XV-2906,K-2907,discharges-to
K-2907,COL-2908,on-line
COL-2908,LT-2909,downstream-of
COL-2910,TT-2911,discharges-to
K-2912,LT-2913,upstream-of
LT-2913,P-2914,on-line
P-2914,FCV-2915,feeds
FCV-2915,P-2916,feeds
P-2916,XV-2917,downstream-of
XV-2917,P-2918,discharges-to
P-2918,K-2919,discharges-to
K-2919,K-2920,on-line
K-2920,XV-2921,on-line
XV-2921,FT-2922,feeds
FT-2922,E-2923,feeds
TT-2924,FT-2925,discharges-to
FT-2925,V-2926,on-line
P-2928,P-2929,downstream-of
P-2929,XV-2930,discharges-to
XV-2930,K-2931,upstream-of
K-2931,P-2932,discharges-to
P-2932,V-2933,downstream-of
V-2933,V-2934,feeds
V-2934,LT-2935,feeds
E-2936,TT-2937,discharges-to
TT-2937,XV-2938,feeds
V-2939,FCV-2940,on-line
FCV-2940,V-2941,feeds
V-2941,PSV-2942,on-line
PSV-2942,TT-2943,on-line
TT-2943,XV-2944,on-line
LT-2945,FT-2946,discharges-to
FT-2946,PT-2947,feeds
P-2948,TT-2949,downstream-of
K-2950,FCV-2951,downstream-of
FCV-2951,XV-2952,discharges-to
XV-2952,E-2953,upstream-of
E-2953,PSV-2954,downstream-of
P-2955,XV-2956,downstream-of
P-2957,PT-2958,on-line
PT-2958,V-2959,feeds
V-2959,PT-2960,on-line
PT-2960,LT-2961,discharges-to
FCV-2962,LT-2963,downstream-of
PT-2965,PSV-2966,discharges-to
PT-2968,FCV-2969,downstream-of
PSV-2970,LT-2971,feeds
LT-2971,LT-2972,downstream-of
LT-2972,FT-2973,upstream-of
XV-2974,FCV-2975,on-line
FCV-2975,P-2976,upstream-of
P-2976,P-2977,upstream-of
P-2977,FT-2978,upstream-of
FT-2978,E-2979,on-line
TT-2980,FT-2981,downstream-of
FT-2981,E-2982,feeds
E-2982,TT-2983,upstream-of
TT-2983,LT-2984,downstream-of
LT-2984,FCV-2985,discharges-to
FCV-2985,V-2986,feeds
COL-2989,K-2990,upstream-of
V-2991,LT-2992,downstream-of
LT-2992,PSV-2993,upstream-of
PSV-2993,FCV-2994,on-line
FCV-2994,PSV-2995,on-line
PSV-2995,LT-2996,on-line
LT-2996,PSV-2997,feeds
PSV-2997,PT-2998,upstream-of
PT-2998,FCV-2999,feeds
FCV-2999,PSV-3000,discharges-to
P-3003,FT-3004,feeds
E-3006,LT-3007,discharges-to
COL-3008,V-3009,feeds
V-3009,P-3010,on-line
P-3010,PT-3011,on-line
PT-3011,PT-3012,feeds
PT-3012,COL-3013,discharges-to
COL-3013,E-3014,feeds
PSV-3015,PSV-3016,on-line
PSV-3016,FT-3017,discharges-to
FT-3017,XV-3018,upstream-of
XV-3018,PSV-3019,feeds
PSV-3019,XV-3020,discharges-to
XV-3020,P-3021,on-line
P-3021,FCV-3022,on-line
P-3023,FT-3024,on-line
PSV-3025,E-3026,feeds
E-3026,LT-3027,feeds
LT-3027,E-3028,upstream-of
E-3028,FT-3029,discharges-to
P-3030,K-3031,upstream-of
K-3031,P-3032,downstream-of
P-3032,P-3033,downstream-of
LT-3034,E-3035,upstream-of
E-3035,XV-3036,feeds
XV-3036,E-3037,upstream-of
E-3037,V-3038,discharges-to
V-3038,FCV-3039,downstream-of
FCV-3039,K-3040,downstream-of
PT-3043,LT-3044,feeds
LT-3044,V-3045,downstream-of
V-3045,E-3046,discharges-to
E-3046,P-3047,discharges-to
P-3047,K-3048,feeds
K-3048,P-3049,on-line
P-3049,COL-3050,discharges-to
COL-3050,LT-3051,discharges-to
LT-3051,PT-3052,on-line
E-3053,LT-3054,upstream-of
P-3055,COL-3056,upstream-of
COL-3056,V-3057,discharges-to
PSV-3060,XV-3061,downstream-of
K-3062,P-3063,discharges-to
P-3063,FT-3064,feeds
FT-3064,XV-3065,discharges-to
XV-3065,COL-3066,on-line
PSV-3067,V-3068,upstream-of
V-3068,COL-3069,feeds
COL-3069,TT-3070,discharges-to
E-3071,K-3072,upstream-of
K-3072,V-3073,downstream-of
P-3075,TT-3076,downstream-of
TT-3076,V-3077,upstream-of
V-3077,P-3078,upstream-of
P-3078,P-3079,feeds
P-3079,FT-3080,downstream-of
PT-3081,XV-3082,feeds
XV-3083,COL-3084,upstream-of
FCV-3085,P-3086,upstream-of
K-3087,K-3088,discharges-to
PSV-3091,V-3092,upstream-of
V-3092,PSV-3093,feeds
PSV-3093,COL-3094,downstream-of
COL-3094,P-3095,discharges-to
E-3096,FCV-3097,on-line
LT-3098,FCV-3099,feeds
FCV-3099,FCV-3100,discharges-to
V-3103,PSV-3104,downstream-of
PSV-3104,TT-3105,feeds
TT-3105,K-3106,downstream-of
K-3106,PSV-3107,feeds
PSV-3107,P-3108,on-line
P-3108,PT-3109,upstream-of
PT-3109,LT-3110,upstream-of
TT-3111,P-3112,discharges-to
P-3112,P-3113,downstream-of
P-3113,PT-3114,downstream-of
COL-3115,XV-3116,downstream-of
XV-3116,PSV-3117,discharges-to
PSV-3117,TT-3118,discharges-to
P-3119,COL-3120,upstream-of
COL-3120,XV-3121,discharges-to
XV-3121,P-3122,discharges-to
P-3122,P-3123,on-line
XV-3124,XV-3125,feeds
XV-3125,P-3126,feeds
P-3126,FCV-3127,upstream-of
FCV-3127,E-3128,feeds
P-3131,V-3132,downstream-of
V-3132,E-3133,upstream-of
E-3133,P-3134,feeds
XV-3135,V-3136,discharges-to
V-3136,LT-3137,feeds
LT-3137,FCV-3138,upstream-of
FCV-3138,COL-3139,downstream-of
COL-3139,P-3140,downstream-of
P-3140,V-3141,discharges-to
FT-3142,V-3143,downstream-of
V-3143,K-3144,on-line
K-3144,FT-3145,feeds
FT-3145,XV-3146,downstream-of
XV-3146,XV-3147,feeds
XV-3147,PT-3148,on-line
PT-3148,P-3149,discharges-to
P-3149,PSV-3150,downstream-of
PSV-3150,PSV-3151,on-line
PT-3154,COL-3155,feeds
COL-3155,K-3156,downstream-of
LT-3157,XV-3158,feeds
XV-3158,P-3159,discharges-to
P-3159,PT-3160,discharges-to
PT-3160,LT-3161,discharges-to
E-3162,K-3163,downstream-of
K-3163,TT-3164,feeds
TT-3164,LT-3165,discharges-to
LT-3165,FCV-3166,feeds
PT-3167,PSV-3168,on-line
PSV-3168,V-3169,on-line
V-3169,XV-3170,discharges-to
XV-3170,PSV-3171,on-line
PSV-3171,PT-3172,downstream-of
PT-3172,P-3173,feeds
P-3173,COL-3174,on-line
XV-3175,V-3176,feeds
V-3177,E-3178,on-line
P-3182,XV-3183,upstream-of
XV-3183,FT-3184,on-line
FT-3185,COL-3186,discharges-to
P-3187,P-3188,discharges-to
P-3189,K-3190,downstream-of
K-3190,LT-3191,downstream-of
LT-3191,PT-3192,on-line
PT-3192,K-3193,on-line
K-3193,V-3194,on-line
V-3194,P-3195,on-line
K-3197,LT-3198,upstream-of
XV-3199,LT-3200,feeds
FCV-3201,FCV-3202,on-line
P-3204,TT-3205,upstream-of
TT-3205,PT-3206,upstream-of
PT-3206,XV-3207,feeds
LT-3209,XV-3210,downstream-of
COL-3211,PT-3212,upstream-of
PT-3212,V-3213,feeds
V-3213,P-3214,discharges-to
PT-3216,XV-3217,downstream-of
XV-3217,FT-3218,on-line
V-3219,K-3220,upstream-of
K-3220,FT-3221,discharges-to
P-3222,PT-3223,downstream-of
PT-3223,E-3224,discharges-to
E-3224,TT-3225,on-line
TT-3225,FT-3226,discharges-to
FT-3226,E-3227,feeds
LT-3228,FT-3229,downstream-of
FT-3229,FCV-3230,feeds
FCV-3230,V-3231,discharges-to
V-3231,K-3232,upstream-of
TT-3234,FT-3235,upstream-of
FT-3235,FCV-3236,upstream-of
FCV-3236,FCV-3237,downstream-of
FCV-3237,K-3238,feeds
PT-3239,FT-3240,upstream-of
E-3243,P-3244,downstream-of
P-3244,PSV-3245,upstream-of
PSV-3245,FT-3246,on-line
FT-3246,P-3247,on-line
P-3247,V-3248,downstream-of
P-3249,PT-3250,downstream-of
TT-3252,V-3253,upstream-of
V-3253,P-3254,discharges-to
P-3254,LT-3255,upstream-of
LT-3255,FT-3256,feeds
P-3257,V-3258,feeds
V-3258,LT-3259,discharges-to
LT-3259,FCV-3260,on-line
FCV-3260,FT-3261,upstream-of
FT-3261,P-3262,upstream-of
P-3262,FCV-3263,on-line
V-3264,V-3265,feeds
V-3265,TT-3266,discharges-to
TT-3266,K-3267,downstream-of
K-3267,COL-3268,downstream-of
COL-3268,PSV-3269,upstream-of
PSV-3269,PT-3270,discharges-to
PT-3270,TT-3271,discharges-to
TT-3271,PT-3272,discharges-to
PT-3272,FCV-3273,downstream-of
FT-3275,XV-3276,feeds
XV-3276,V-3277,on-line
V-3277,TT-3278,on-line
TT-3278,PT-3279,discharges-to
PT-3279,FCV-3280,downstream-of
FCV-3280,P-3281,upstream-of
E-3282,FT-3283,upstream-of
E-3284,K-3285,on-line
K-3285,PSV-3286,on-line
PSV-3286,P-3287,downstream-of
XV-3288,COL-3289,discharges-to
XV-3290,P-3291,feeds
P-3291,TT-3292,upstream-of
PT-3293,E-3294,discharges-to
E-3294,FCV-3295,on-line
FCV-3295,P-3296,downstream-of
P-3298,V-3299,on-line
V-3299,E-3300,feeds
FCV-3301,XV-3302,discharges-to
XV-3302,V-3303,feeds
V-3303,LT-3304,discharges-to
LT-3304,E-3305,on-line
E-3305,FT-3306,feeds
PT-3307,FCV-3308,feeds
TT-3310,K-3311,upstream-of
K-3311,FCV-3312,on-line
FCV-3312,P-3313,downstream-of
FCV-3314,P-3315,feeds
PSV-3316,V-3317,on-line
PSV-3321,P-3322,discharges-to
P-3322,COL-3323,upstream-of
COL-3323,XV-3324,upstream-of
PT-3325,XV-3326,feeds
XV-3326,P-3327,on-line
FT-3329,P-3330,downstream-of
P-3330,K-3331,on-line
K-3331,COL-3332,upstream-of
E-3334,P-3335,on-line
TT-3336,LT-3337,downstream-of
LT-3337,K-3338,on-line
K-3338,E-3339,on-line
E-3339,XV-3340,upstream-of
K-3341,V-3342,upstream-of
V-3342,E-3343,downstream-of
TT-3344,XV-3345,on-line
P-3347,COL-3348,on-line
V-3349,XV-3350,discharges-to
XV-3350,PSV-3351,on-line
PSV-3351,FCV-3352,feeds
FCV-3352,E-3353,feeds
E-3353,K-3354,on-line
V-3355,TT-3356,discharges-to
FCV-3359,P-3360,on-line
P-3360,K-3361,discharges-to
K-3361,XV-3362,downstream-of
XV-3362,E-3363,feeds
E-3363,XV-3364,feeds
TT-3366,P-3367,downstream-of
P-3367,COL-3368,downstream-of
LT-3370,PSV-3371,downstream-of
LT-3372,PSV-3373,upstream-of
PSV-3373,P-3374,on-line
P-3374,FCV-3375,upstream-of
FCV-3376,FCV-3377,downstream-of
FCV-3377,K-3378,upstream-of
K-3378,LT-3379,feeds
PT-3380,PT-3381,upstream-of
PT-3381,E-3382,downstream-of
LT-3383,TT-3384,discharges-to
TT-3384,P-3385,on-line
COL-3388,P-3389,upstream-of
P-3389,P-3390,upstream-of
LT-3391,FCV-3392,upstream-of
LT-3393,PT-3394,discharges-to
PT-3394,PSV-3395,downstream-of
PSV-3395,K-3396,downstream-of
K-3396,FCV-3397,discharges-to
FCV-3397,FCV-3398,discharges-to
FCV-3398,TT-3399,downstream-of
TT-3399,V-3400,feeds
V-3400,COL-3401,downstream-of
COL-3401,P-3402,downstream-of
PSV-3403,P-3404,discharges-to
P-3404,TT-3405,on-line
TT-3405,FCV-3406,on-line
K-3408,P-3409,upstream-of
P-3409,E-3410,upstream-of
E-3410,E-3411,feeds
E-3411,PSV-3412,discharges-to
PSV-3412,P-3413,feeds
PT-3415,FCV-3416,upstream-of
FCV-3416,COL-3417,feeds
FCV-3418,FT-3419,on-line
FT-3419,XV-3420,on-line
XV-3420,PT-3421,upstream-of
XV-3422,TT-3423,downstream-of
TT-3423,K-3424,feeds
K-3424,TT-3425,feeds
TT-3425,XV-3426,upstream-of
LT-3427,PSV-3428,upstream-of
PSV-3428,V-3429,discharges-to
V-3429,PSV-3430,upstream-of
PSV-3430,LT-3431,on-line
P-3432,LT-3433,upstream-of
LT-3433,FCV-3434,feeds
FCV-3434,P-3435,upstream-of
P-3435,V-3436,on-line
V-3436,TT-3437,feeds
V-3438,P-3439,on-line
P-3439,K-3440,discharges-to
K-3440,FCV-3441,on-line
P-3442,COL-3443,feeds
COL-3443,FCV-3444,discharges-to
FCV-3444,V-3445,downstream-of
V-3445,P-3446,downstream-of
P-3446,K-3447,feeds
FT-3448,COL-3449,feeds
COL-3449,P-3450,discharges-to
PT-3452,P-3453,on-line
P-3454,PT-3455,upstream-of
V-3458,TT-3459,feeds
TT-3459,E-3460,upstream-of
E-3460,XV-3461,on-line
XV-3461,V-3462,feeds
E-3463,V-3464,downstream-of
V-3464,FCV-3465,downstream-of
V-3466,E-3467,upstream-of
E-3467,FT-3468,upstream-of
P-3469,FCV-3470,upstream-of
FCV-3470,PSV-3471,discharges-to
PT-3472,K-3473,discharges-to
K-3473,FCV-3474,upstream-of
FCV-3474,V-3475,discharges-to
XV-3478,PT-3479,feeds
PT-3479,TT-3480,feeds
PSV-3481,FCV-3482,feeds
FT-3483,P-3484,upstream-of
P-3484,V-3485,on-line
V-3485,LT-3486,downstream-of
LT-3486,P-3487,upstream-of
P-3488,PSV-3489,on-line
PSV-3489,LT-3490,upstream-of
K-3491,LT-3492,downstream-of
LT-3492,FT-3493,downstream-of
FT-3493,FT-3494,on-line
COL-3495,PT-3496,feeds
PT-3496,K-3497,upstream-of
K-3497,V-3498,feeds
V-3498,P-3499,discharges-to
P-3499,PSV-3500,discharges-to
PSV-3500,E-3501,upstream-of
E-3501,PT-3502,feeds
FT-3503,P-3504,feeds
P-3504,XV-3505,discharges-to
P-3508,TT-3509,on-line
TT-3509,P-3510,discharges-to
P-3510,FCV-3511,on-line
FCV-3511,XV-3512,feeds
XV-3512,K-3513,feeds
K-3513,TT-3514,downstream-of
TT-3514,PT-3515,downstream-of
PT-3515,P-3516,feeds
P-3517,E-3518,downstream-of
V-3519,PSV-3520,upstream-of
P-3521,E-3522,on-line
E-3522,PT-3523,feeds
PT-3523,E-3524,upstream-of
E-3524,TT-3525,on-line
TT-3525,COL-3526,on-line
COL-3526,K-3527,downstream-of
K-3527,P-3528,downstream-of
P-3528,K-3529,on-line
E-3533,PSV-3534,discharges-to
PSV-3534,PSV-3535,upstream-of
PSV-3535,FT-3536,discharges-to
FT-3536,COL-3537,on-line
COL-3537,E-3538,upstream-of
E-3538,E-3539,upstream-of
E-3540,LT-3541,downstream-of
E-3542,XV-3543,discharges-to
V-3544,TT-3545,downstream-of
K-3547,XV-3548,feeds
V-3549,V-3550,downstream-of
E-3551,P-3552,feeds
FCV-3554,E-3555,downstream-of
P-3557,TT-3558,discharges-to
V-3560,P-3561,downstream-of
P-3562,P-3563,feeds
P-3563,E-3564,discharges-to
E-3564,XV-3565,on-line
E-3567,P-3568,discharges-to
P-3568,V-3569,discharges-to
V-3569,TT-3570,feeds
TT-3570,FCV-3571,on-line
FCV-3571,LT-3572,on-line
TT-3574,PSV-3575,feeds
PSV-3575,E-3576,on-line
PSV-3578,PT-3579,upstream-of
PT-3579,COL-3580,feeds
COL-3580,FT-3581,upstream-of
FT-3581,FCV-3582,upstream-of
FCV-3582,PSV-3583,discharges-to
FCV-3584,FCV-3585,downstream-of
P-3587,XV-3588,discharges-to
XV-3588,LT-3589,discharges-to
LT-3589,PSV-3590,discharges-to
PSV-3590,FCV-3591,on-line
P-3592,TT-3593,on-line
TT-3593,COL-3594,feeds
COL-3594,E-3595,downstream-of
PSV-3596,V-3597,discharges-to
V-3597,E-3598,upstream-of
E-3598,V-3599,on-line
COL-3600,E-3601,upstream-of
E-3601,PSV-3602,downstream-of
TT-3603,P-3604,feeds
PSV-3605,P-3606,on-line
P-3606,COL-3607,on-line
LT-3612,LT-3613,downstream-of
XV-3615,COL-3616,upstream-of
COL-3616,COL-3617,downstream-of
COL-3617,P-3618,on-line
P-3618,PT-3619,upstream-of
PT-3619,LT-3620,feeds
LT-3620,LT-3621,feeds
COL-3622,P-3623,discharges-to
P-3623,FCV-3624,discharges-to
FCV-3624,COL-3625,feeds
PSV-3628,TT-3629,feeds
V-3631,V-3632,downstream-of
V-3632,FT-3633,feeds
FT-3633,P-3634,upstream-of
P-3634,PT-3635,discharges-to
PT-3635,P-3636,upstream-of
P-3636,V-3637,discharges-to
FT-3638,P-3639,discharges-to
P-3639,V-3640,feeds
V-3640,P-3641,downstream-of
P-3641,XV-3642,upstream-of
XV-3642,FT-3643,on-line
FT-3643,K-3644,on-line
K-3644,PSV-3645,on-line
PSV-3645,LT-3646,upstream-of
LT-3646,P-3647,discharges-to
P-3647,FT-3648,upstream-of
FT-3648,K-3649,on-line
K-3649,FCV-3650,on-line
FCV-3650,COL-3651,upstream-of
P-3652,FCV-3653,downstream-of
V-3656,E-3657,on-line
LT-3660,XV-3661,downstream-of
XV-3661,FCV-3662,feeds
FCV-3662,K-3663,upstream-of
K-3663,PT-3664,upstream-of
PT-3664,E-3665,discharges-to
E-3665,PT-3666,downstream-of
PT-3666,V-3667,upstream-of
V-3667,V-3668,on-line
K-3669,FT-3670,upstream-of
LT-3671,LT-3672,downstream-of
FT-3677,LT-3678,discharges-to
V-3679,K-3680,downstream-of
K-3680,FT-3681,downstream-of
FT-3681,FT-3682,on-line
FT-3682,XV-3683,feeds
XV-3683,K-3684,discharges-to
K-3685,FCV-3686,downstream-of
FCV-3686,K-3687,discharges-to
K-3687,V-3688,discharges-to
V-3688,K-3689,feeds
K-3689,K-3690,discharges-to
K-3690,V-3691,discharges-to
E-3692,FCV-3693,on-line
LT-3694,FT-3695,discharges-to
FT-3695,E-3696,downstream-of
E-3696,TT-3697,on-line
PSV-3698,LT-3699,feeds
E-3701,FT-3702,feeds
TT-3703,K-3704,upstream-of
XV-3705,TT-3706,discharges-to
TT-3706,P-3707,feeds
P-3707,PT-3708,feeds
PT-3708,PT-3709,downstream-of
PSV-3710,PT-3711,downstream-of
PT-3711,P-3712,downstream-of
P-3712,TT-3713,downstream-of
TT-3713,V-3714,downstream-of
PT-3715,E-3716,on-line
E-3716,PSV-3717,discharges-to
FT-3718,P-3719,downstream-of
P-3719,K-3720,upstream-of
XV-3722,PT-3723,downstream-of
PT-3723,XV-3724,upstream-of
XV-3725,P-3726,downstream-of
P-3726,PSV-3727,upstream-of
PSV-3727,XV-3728,on-line
COL-3730,FCV-3731,on-line
FCV-3731,K-3732,discharges-to
K-3732,FCV-3733,on-line
FCV-3734,V-3735,downstream-of
P-3736,TT-3737,discharges-to
TT-3737,TT-3738,on-line
TT-3738,V-3739,downstream-of
V-3739,COL-3740,on-line
COL-3740,PSV-3741,discharges-to
PSV-3741,P-3742,discharges-to
P-3742,K-3743,downstream-of
K-3743,P-3744,downstream-of
P-3744,FT-3745,feeds
FT-3745,K-3746,upstream-of
XV-3747,K-3748,on-line
P-3749,LT-3750,discharges-to
LT-3750,P-3751,feeds
P-3751,TT-3752,downstream-of
TT-3752,TT-3753,downstream-of
P-3755,E-3756,downstream-of
E-3756,TT-3757,discharges-to
TT-3757,P-3758,feeds
P-3758,P-3759,feeds
P-3759,E-3760,discharges-to
E-3760,E-3761,upstream-of
E-3761,P-3762,discharges-to
P-3762,P-3763,discharges-to
P-3763,TT-3764,on-line
TT-3764,XV-3765,discharges-to
XV-3765,K-3766,on-line
K-3766,PT-3767,on-line
PT-3767,E-3768,downstream-of
E-3768,P-3769,downstream-of
P-3769,K-3770,upstream-of
E-3771,P-3772,feeds
P-3772,P-3773,downstream-of
PSV-3777,COL-3778,discharges-to
COL-3778,K-3779,feeds
K-3779,FT-3780,feeds
XV-3781,FT-3782,discharges-to
FT-3782,FCV-3783,downstream-of
FCV-3783,LT-3784,on-line
LT-3784,FCV-3785,on-line
FCV-3785,PSV-3786,upstream-of
K-3787,P-3788,upstream-of
P-3788,PT-3789,feeds
FT-3790,COL-3791,downstream-of
P-3793,FCV-3794,on-line
FCV-3794,FT-3795,feeds
FT-3795,LT-3796,downstream-of
LT-3796,PT-3797,downstream-of
LT-3799,V-3800,downstream-of
FCV-3802,FCV-3803,upstream-of
XV-3804,P-3805,discharges-to
XV-3806,LT-3807,discharges-to
LT-3807,P-3808,on-line
P-3808,P-3809,discharges-to
P-3810,K-3811,discharges-to
K-3811,XV-3812,downstream-of
XV-3812,TT-3813,on-line
TT-3813,E-3814,on-line
E-3814,P-3815,upstream-of
P-3815,LT-3816,on-line
P-3817,COL-3818,upstream-of
COL-3818,K-3819,on-line
K-3819,TT-3820,downstream-of
TT-3820,P-3821,upstream-of
P-3821,K-3822,upstream-of
K-3822,PT-3823,downstream-of
PT-3823,E-3824,upstream-of
E-3824,XV-3825,feeds
P-3826,P-3827,feeds
P-3827,K-3828,upstream-of
PT-3829,PSV-3830,downstream-of
PSV-3830,PSV-3831,upstream-of
PSV-3831,PSV-3832,on-line
LT-3833,P-3834,downstream-of
P-3834,V-3835,on-line
COL-3836,COL-3837,on-line
XV-3840,P-3841,upstream-of
P-3841,XV-3842,downstream-of
XV-3842,XV-3843,discharges-to
XV-3843,PT-3844,on-line
PT-3844,K-3845,feeds
K-3845,PSV-3846,upstream-of
XV-3850,XV-3851,upstream-of
XV-3851,FCV-3852,downstream-of
COL-3853,E-3854,feeds
E-3854,XV-3855,feeds
K-3856,FCV-3857,on-line
FCV-3857,E-3858,upstream-of
LT-3859,P-3860,on-line
P-3860,P-3861,on-line
FT-3863,PSV-3864,downstream-of
PSV-3864,FCV-3865,feeds
TT-3866,XV-3867,upstream-of
XV-3867,FT-3868,downstream-of
FT-3868,PSV-3869,feeds
FT-3870,LT-3871,downstream-of
LT-3871,V-3872,on-line
V-3872,TT-3873,on-line
TT-3873,XV-3874,on-line
XV-3874,V-3875,feeds
FCV-3879,FCV-3880,discharges-to
FCV-3880,LT-3881,discharges-to
FCV-3882,P-3883,on-line
P-3883,P-3884,downstream-of
P-3884,TT-3885,on-line
TT-3885,V-3886,on-line
PT-3889,V-3890,on-line
V-3890,COL-3891,on-line
COL-3891,COL-3892,downstream-of
COL-3892,K-3893,upstream-of
K-3893,PSV-3894,on-line
PSV-3894,P-3895,upstream-of
P-3895,K-3896,feeds
K-3896,COL-3897,on-line
COL-3897,COL-3898,feeds
PSV-3899,PSV-3900,upstream-of
PSV-3900,V-3901,downstream-of
V-3901,E-3902,on-line
E-3902,V-3903,on-line
FCV-3904,P-3905,discharges-to
P-3905,XV-3906,downstream-of
XV-3906,FT-3907,discharges-to
FT-3907,TT-3908,downstream-of
TT-3908,FCV-3909,downstream-of
FCV-3909,TT-3910,on-line
TT-3910,P-3911,feeds
P-3911,PSV-3912,feeds
PSV-3912,TT-3913,upstream-of
FCV-3914,PSV-3915,downstream-of
PT-3916,E-3917,downstream-of
E-3917,P-3918,upstream-of
P-3918,V-3919,downstream-of
V-3919,FT-3920,feeds
FT-3920,FT-3921,downstream-of
FT-3921,K-3922,on-line
K-3922,K-3923,discharges-to
K-3923,XV-3924,upstream-of
XV-3924,LT-3925,downstream-of
E-3926,XV-3927,upstream-of
FT-3928,E-3929,feeds
E-3929,COL-3930,discharges-to
COL-3930,V-3931,feeds
V-3931,XV-3932,discharges-to
TT-3933,FT-3934,upstream-of
TT-3936,V-3937,feeds
V-3937,P-3938,feeds
P-3938,P-3939,feeds
P-3939,PT-3940,feeds
PT-3940,FCV-3941,on-line
FCV-3941,E-3942,discharges-to
TT-3944,FT-3945,on-line
FT-3947,P-3948,upstream-of
P-3948,E-3949,upstream-of
E-3949,XV-3950,on-line
XV-3950,P-3951,downstream-of
COL-3952,XV-3953,feeds
XV-3953,E-3954,upstream-of
E-3954,P-3955,feeds
P-3955,FT-3956,feeds
FT-3956,FT-3957,upstream-of
FT-3957,PT-3958,upstream-of
PT-3958,COL-3959,on-line
PSV-3960,FT-3961,discharges-to
FT-3961,P-3962,on-line
P-3962,LT-3963,on-line
LT-3963,PT-3964,on-line
PT-3964,K-3965,downstream-of
K-3965,PSV-3966,on-line
PSV-3966,K-3967,on-line
P-3968,E-3969,discharges-to
E-3969,P-3970,on-line
TT-3971,V-3972,downstream-of
V-3972,COL-3973,downstream-of
COL-3973,FCV-3974,upstream-of
FCV-3974,P-3975,on-line
P-3975,K-3976,downstream-of
K-3976,PSV-3977,discharges-to
PSV-3977,LT-3978,on-line
V-3980,FCV-3981,discharges-to
FCV-3981,V-3982,discharges-to
V-3982,PSV-3983,downstream-of
PSV-3983,PT-3984,feeds
PT-3984,LT-3985,discharges-to
LT-3985,FT-3986,on-line
FT-3986,FT-3987,on-line
FT-3987,LT-3988,on-line
V-3990,COL-3991,discharges-to
COL-3991,FCV-3992,feeds
V-3994,P-3995,upstream-of
FCV-3996,PSV-3997,feeds
PSV-3997,P-3998,on-line
P-3998,PSV-3999,upstream-of
PSV-3999,XV-4000,feeds
XV-4000,TT-4001,downstream-of
COL-4002,V-4003,upstream-of
V-4003,P-4004,downstream-of
COL-4005,PT-4006,on-line
PT-4006,PT-4007,discharges-to
COL-4009,COL-4010,discharges-to
LT-4012,PSV-4013,discharges-to
K-4015,XV-4016,discharges-to
XV-4016,COL-4017,feeds
FCV-4022,COL-4023,feeds
COL-4023,P-4024,downstream-of
P-4024,PT-4025,discharges-to
PT-4025,FT-4026,discharges-to
FT-4026,P-4027,on-line
P-4027,E-4028,on-line
E-4028,COL-4029,upstream-of
XV-4030,PSV-4031,upstream-of
PSV-4031,FCV-4032,feeds
FCV-4032,FT-4033,feeds
FT-4033,P-4034,on-line
XV-4035,COL-4036,on-line
COL-4036,XV-4037,discharges-to
XV-4037,COL-4038,upstream-of
COL-4038,V-4039,upstream-of
V-4039,K-4040,downstream-of
LT-4042,FT-4043,upstream-of
FT-4043,FCV-4044,upstream-of
FCV-4044,COL-4045,upstream-of
COL-4045,TT-4046,upstream-of
TT-4046,COL-4047,upstream-of
COL-4047,PSV-4048,feeds
PSV-4048,XV-4049,upstream-of
XV-4049,K-4050,on-line
K-4050,FT-4051,downstream-of
FT-4051,FCV-4052,downstream-of
LT-4053,P-4054,feeds
P-4054,FT-4055,feeds
FT-4055,PSV-4056,discharges-to
PSV-4056,PT-4057,downstream-of
PT-4057,K-4058,on-line
V-4060,P-4061,on-line
P-4061,LT-4062,downstream-of
LT-4062,E-4063,downstream-of
E-4063,E-4064,downstream-of
XV-4066,K-4067,upstream-of
K-4067,COL-4068,discharges-to
COL-4068,V-4069,downstream-of
V-4069,TT-4070,on-line
TT-4070,P-4071,downstream-of
P-4071,FT-4072,on-line
FT-4072,LT-4073,discharges-to
LT-4073,TT-4074,downstream-of
XV-4075,P-4076,discharges-to
P-4076,P-4077,upstream-of
LT-4078,PSV-4079,downstream-of
PSV-4079,E-4080,on-line
P-4081,E-4082,discharges-to
K-4084,P-4085,downstream-of
PT-4086,XV-4087,on-line
XV-4087,PT-4088,downstream-of
PT-4088,P-4089,on-line
P-4089,P-4090,discharges-to
P-4090,XV-4091,feeds
XV-4091,P-4092,on-line
P-4092,K-4093,upstream-of
K-4093,E-4094,upstream-of
E-4094,PSV-4095,on-line
PSV-4095,FT-4096,on-line
FT-4096,K-4097,on-line
K-4097,E-4098,upstream-of
XV-4099,FT-4100,downstream-of
FT-4100,XV-4101,downstream-of
P-4103,V-4104,discharges-to
V-4104,FCV-4105,discharges-to
FT-4106,LT-4107,feeds
LT-4107,V-4108,feeds
V-4108,P-4109,downstream-of
P-4109,V-4110,downstream-of
V-4110,COL-4111,on-line
COL-4111,E-4112,discharges-to
E-4112,V-4113,discharges-to
V-4113,E-4114,feeds
P-4115,FCV-4116,discharges-to
FCV-4116,P-4117,discharges-to
P-4117,FT-4118,discharges-to
LT-4120,FCV-4121,discharges-to
FCV-4121,FCV-4122,on-line
FCV-4122,E-4123,discharges-to
E-4123,TT-4124,downstream-of
TT-4124,P-4125,discharges-to
P-4125,COL-4126,discharges-to
COL-4126,K-4127,discharges-to
K-4127,FCV-4128,discharges-to
FCV-4128,FT-4129,discharges-to
P-4131,LT-4132,discharges-to
LT-4132,K-4133,feeds
K-4133,PT-4134,discharges-to
PT-4134,PT-4135,discharges-to
PT-4135,FT-4136,discharges-to
FT-4136,E-4137,feeds
E-4137,FT-4138,upstream-of
FT-4138,PSV-4139,downstream-of
PSV-4139,COL-4140,feeds
COL-4140,TT-4141,on-line
TT-4141,TT-4142,discharges-to
TT-4142,LT-4143,feeds
LT-4143,P-4144,discharges-to
P-4144,V-4145,on-line
E-4146,E-4147,downstream-of
E-4147,PSV-4148,feeds
PSV-4148,PT-4149,discharges-to
PT-4149,TT-4150,on-line
TT-4150,E-4151,downstream-of
PSV-4152,XV-4153,feeds
XV-4153,E-4154,discharges-to
E-4154,COL-4155,discharges-to
COL-4155,PT-4156,feeds
PT-4156,V-4157,downstream-of
V-4157,FCV-4158,discharges-to
FCV-4158,XV-4159,downstream-of
FT-4160,COL-4161,downstream-of
COL-4161,P-4162,upstream-of
P-4162,E-4163,discharges-to
E-4163,TT-4164,upstream-of
TT-4164,V-4165,feeds
E-4167,K-4168,on-line
K-4168,PT-4169,upstream-of
FCV-4170,P-4171,discharges-to
E-4172,P-4173,discharges-to
COL-4176,XV-4177,upstream-of
XV-4177,FCV-4178,downstream-of
FCV-4178,E-4179,on-line
E-4180,TT-4181,downstream-of
P-4182,COL-4183,upstream-of
COL-4183,FT-4184,discharges-to
FT-4184,PT-4185,on-line
PT-4185,V-4186,upstream-of
P-4187,P-4188,discharges-to
P-4188,XV-4189,feeds
XV-4189,P-4190,feeds
P-4190,FT-4191,feeds
FT-4191,P-4192,on-line
XV-4193,E-4194,feeds
E-4194,XV-4195,on-line
XV-4195,COL-4196,discharges-to
COL-4196,E-4197,downstream-of
E-4197,K-4198,downstream-of
COL-4199,K-4200,on-line
K-4200,LT-4201,discharges-to
LT-4201,E-4202,on-line
E-4202,FCV-4203,feeds
FCV-4203,E-4204,upstream-of
E-4204,V-4205,downstream-of
V-4205,FCV-4206,downstream-of
FCV-4206,P-4207,downstream-of
P-4207,COL-4208,on-line
V-4210,FCV-4211,feeds
FCV-4211,TT-4212,on-line
TT-4213,P-4214,upstream-of
P-4214,E-4215,upstream-of
E-4215,FCV-4216,downstream-of
FCV-4216,E-4217,on-line
E-4217,FCV-4218,on-line
FCV-4218,K-4219,on-line
K-4219,LT-4220,downstream-of
LT-4220,E-4221,on-line
E-4221,V-4222,discharges-to
V-4222,P-4223,discharges-to
P-4223,P-4224,upstream-of
K-4225,FT-4226,feeds
E-4227,FT-4228,on-line
FT-4228,P-4229,downstream-of
P-4230,K-4231,downstream-of
K-4231,P-4232,on-line
P-4232,E-4233,feeds
E-4233,PT-4234,discharges-to
PT-4234,P-4235,discharges-to
P-4235,COL-4236,feeds
FT-4237,PSV-4238,downstream-of
PSV-4238,COL-4239,feeds
COL-4239,P-4240,feeds
P-4242,V-4243,on-line
P-4245,TT-4246,feeds
TT-4246,E-4247,discharges-to
E-4247,COL-4248,upstream-of
COL-4248,TT-4249,on-line
TT-4249,PT-4250,discharges-to
PT-4250,TT-4251,on-line
FT-4252,COL-4253,discharges-to
K-4255,XV-4256,feeds
XV-4256,V-4257,upstream-of
V-4257,K-4258,downstream-of
K-4258,COL-4259,on-line
E-4262,P-4263,discharges-to
E-4265,LT-4266,upstream-of
LT-4268,P-4269,discharges-to
P-4269,COL-4270,upstream-of
COL-4270,P-4271,feeds
P-4271,P-4272,upstream-of
P-4272,FCV-4273,on-line
FCV-4273,LT-4274,discharges-to
LT-4274,K-4275,on-line
E-4276,V-4277,on-line
V-4277,P-4278,upstream-of
P-4280,FT-4281,upstream-of
FT-4281,PT-4282,feeds
PT-4283,P-4284,upstream-of
P-4284,PSV-4285,discharges-to
E-4287,K-4288,feeds
K-4288,PSV-4289,discharges-to
P-4290,FT-4291,downstream-of
FT-4291,K-4292,on-line
PT-4293,P-4294,feeds
P-4294,XV-4295,feeds
K-4296,TT-4297,discharges-to
TT-4297,PT-4298,discharges-to
PT-4298,FCV-4299,on-line
PT-4300,P-4301,upstream-of
P-4301,P-4302,on-line
P-4302,FT-4303,downstream-of
LT-4305,P-4306,on-line
P-4306,FT-4307,feeds
PSV-4309,V-4310,discharges-to
PT-4313,K-4314,on-line
FCV-4315,LT-4316,on-line
LT-4316,P-4317,feeds
E-4320,V-4321,on-line
V-4321,LT-4322,discharges-to
LT-4322,P-4323,downstream-of
P-4323,PT-4324,discharges-to
PT-4324,V-4325,on-line
V-4325,P-4326,upstream-of
P-4326,P-4327,discharges-to
P-4327,PSV-4328,upstream-of
PSV-4328,COL-4329,on-line
K-4330,LT-4331,feeds
LT-4331,V-4332,feeds
V-4333,XV-4334,upstream-of
XV-4334,V-4335,downstream-of
V-4335,P-4336,on-line
P-4336,FCV-4337,on-line
FCV-4337,K-4338,discharges-to
K-4339,V-4340,upstream-of
PSV-4342,PSV-4343,on-line
PSV-4343,COL-4344,on-line
COL-4344,PT-4345,upstream-of
PT-4345,V-4346,upstream-of
V-4346,PT-4347,discharges-to
PT-4347,E-4348,upstream-of
E-4348,XV-4349,downstream-of
XV-4349,FT-4350,on-line
FT-4350,TT-4351,downstream-of
TT-4351,COL-4352,discharges-to
PT-4353,P-4354,downstream-of
P-4354,TT-4355,upstream-of
FCV-4356,XV-4357,on-line
XV-4357,PT-4358,downstream-of
PT-4358,LT-4359,feeds
LT-4359,PT-4360,downstream-of
PT-4360,P-4361,on-line
P-4361,XV-4362,downstream-of
XV-4362,P-4363,discharges-to
P-4363,PSV-4364,downstream-of
PSV-4365,P-4366,feeds
P-4366,XV-4367,feeds
XV-4367,PSV-4368,upstream-of
PSV-4368,TT-4369,discharges-to
TT-4369,FT-4370,discharges-to
FCV-4372,E-4373,upstream-of
E-4373,FT-4374,downstream-of
FT-4374,K-4375,downstream-of
K-4375,P-4376,downstream-of
V-4377,V-4378,feeds
P-4379,P-4380,discharges-to
P-4380,LT-4381,upstream-of
K-4383,FT-4384,feeds
FT-4384,TT-4385,discharges-to
TT-4385,FT-4386,upstream-of
FT-4386,PSV-4387,upstream-of
PSV-4387,V-4388,feeds
P-4389,FT-4390,upstream-of
FT-4390,FT-4391,downstream-of
FT-4391,XV-4392,discharges-to
XV-4392,E-4393,feeds
E-4393,FCV-4394,on-line
FCV-4394,K-4395,upstream-of
PT-4396,LT-4397,discharges-to
LT-4397,FCV-4398,upstream-of
FCV-4398,K-4399,on-line
TT-4401,COL-4402,feeds
COL-4402,PSV-4403,upstream-of
PSV-4403,FCV-4404,upstream-of
FCV-4404,XV-4405,upstream-of
XV-4405,PT-4406,upstream-of
PT-4406,FT-4407,on-line
FT-4407,PSV-4408,downstream-of
PSV-4408,PT-4409,upstream-of
PT-4409,P-4410,feeds
P-4410,E-4411,feeds
E-4411,XV-4412,feeds
XV-4412,PT-4413,discharges-to
XV-4414,K-4415,upstream-of
LT-4416,PT-4417,upstream-of
PT-4417,TT-4418,upstream-of
TT-4418,FT-4419,upstream-of
FT-4419,P-4420,discharges-to
P-4420,LT-4421,feeds
LT-4421,P-4422,downstream-of
P-4422,K-4423,discharges-to
K-4423,E-4424,feeds
TT-4425,V-4426,upstream-of
COL-4427,V-4428,downstream-of
LT-4429,TT-4430,upstream-of
TT-4430,K-4431,upstream-of
K-4431,COL-4432,discharges-to
XV-4433,XV-4434,discharges-to
XV-4434,K-4435,upstream-of
XV-4436,P-4437,on-line
P-4437,FCV-4438,upstream-of
FCV-4438,XV-4439,upstream-of
XV-4439,XV-4440,on-line
XV-4440,V-4441,discharges-to
TT-4442,P-4443,on-line
P-4443,FT-4444,discharges-to
FT-4444,K-4445,feeds
K-4445,FT-4446,upstream-of
FT-4446,TT-4447,upstream-of
P-4448,PT-4449,on-line
PT-4449,PSV-4450,downstream-of
P-4451,E-4452,on-line
E-4452,FT-4453,downstream-of
FT-4453,TT-4454,upstream-of
TT-4454,E-4455,downstream-of
E-4455,K-4456,discharges-to
K-4456,PT-4457,upstream-of
PT-4457,XV-4458,discharges-to
XV-4459,COL-4460,upstream-of
COL-4460,TT-4461,discharges-to
TT-4461,P-4462,feeds
P-4462,V-4463,discharges-to
K-4465,V-4466,feeds
V-4466,COL-4467,feeds
COL-4467,XV-4468,on-line
COL-4469,XV-4470,upstream-of
E-4472,COL-4473,on-line
COL-4473,FCV-4474,downstream-of
FCV-4474,V-4475,downstream-of
V-4475,TT-4476,downstream-of
LT-4477,V-4478,discharges-to
P-4479,K-4480,downstream-of
K-4480,COL-4481,discharges-to
COL-4481,PT-4482,upstream-of
PT-4484,XV-4485,downstream-of
P-4486,P-4487,discharges-to
P-4487,FT-4488,upstream-of
FT-4488,K-4489,on-line
K-4489,FCV-4490,on-line
FCV-4490,P-4491,feeds
P-4491,FCV-4492,feeds
FCV-4492,FT-4493,on-line
FT-4493,P-4494,downstream-of
P-4494,P-4495,discharges-to
PSV-4496,PSV-4497,on-line
PSV-4497,XV-4498,discharges-to
XV-4498,PSV-4499,feeds
PSV-4499,FCV-4500,downstream-of
FCV-4500,COL-4501,on-line
V-4503,TT-4504,downstream-of
TT-4504,XV-4505,downstream-of
XV-4505,P-4506,upstream-of
P-4506,TT-4507,feeds
PT-4511,COL-4512,upstream-of
COL-4512,TT-4513,discharges-to
K-4514,XV-4515,discharges-to
XV-4515,COL-4516,upstream-of
COL-4516,P-4517,upstream-of
P-4517,K-4518,feeds
K-4518,XV-4519,upstream-of
XV-4519,COL-4520,downstream-of
COL-4520,V-4521,feeds
V-4521,K-4522,downstream-of
PSV-4523,PSV-4524,downstream-of
TT-4526,E-4527,on-line
E-4527,PSV-4528,on-line
PSV-4528,K-4529,feeds
P-4531,V-4532,upstream-of
FT-4533,XV-4534,downstream-of
XV-4534,TT-4535,feeds
TT-4535,FT-4536,downstream-of
FT-4536,E-4537,discharges-to
FCV-4538,COL-4539,upstream-of
PT-4542,FT-4543,upstream-of
PT-4544,PT-4545,downstream-of
PT-4545,P-4546,discharges-to
P-4548,LT-4549,discharges-to
V-4551,XV-4552,discharges-to
PT-4553,PT-4554,upstream-of
COL-4555,LT-4556,downstream-of
PSV-4557,FCV-4558,downstream-of
FCV-4558,E-4559,downstream-of
E-4559,E-4560,discharges-to
E-4563,E-4564,upstream-of
E-4564,PSV-4565,discharges-to
PSV-4565,V-4566,feeds
V-4566,COL-4567,downstream-of
COL-4567,K-4568,upstream-of
K-4568,P-4569,discharges-to
P-4569,TT-4570,on-line
V-4571,LT-4572,feeds
PT-4573,COL-4574,on-line
COL-4574,P-4575,feeds
TT-4576,PSV-4577,on-line
PSV-4577,TT-4578,discharges-to
FT-4579,K-4580,discharges-to
LT-4581,PT-4582,feeds
PT-4582,PSV-4583,discharges-to
PSV-4583,FT-4584,downstream-of
FT-4584,LT-4585,discharges-to
LT-4585,COL-4586,upstream-of
PSV-4587,P-4588,on-line
P-4588,PSV-4589,upstream-of
PSV-4589,TT-4590,feeds
TT-4590,P-4591,upstream-of
P-4591,V-4592,discharges-to
V-4592,E-4593,upstream-of
PSV-4594,PSV-4595,on-line
PSV-4595,XV-4596,feeds
XV-4596,P-4597,upstream-of
P-4597,FT-4598,discharges-to
V-4599,XV-4600,on-line
XV-4600,FT-4601,discharges-to
FT-4601,COL-4602,discharges-to
COL-4602,P-4603,upstream-of
P-4603,FT-4604,discharges-to
FT-4604,COL-4605,feeds
COL-4605,LT-4606,upstream-of
LT-4606,COL-4607,on-line
COL-4607,XV-4608,on-line
XV-4608,PT-4609,discharges-to
PT-4609,XV-4610,discharges-to
XV-4610,FCV-4611,upstream-of
FCV-4611,TT-4612,feeds
TT-4612,FCV-4613,on-line
XV-4614,P-4615,feeds
COL-4616,P-4617,feeds
COL-4623,TT-4624,feeds
TT-4624,FT-4625,on-line
FT-4625,P-4626,on-line
P-4626,V-4627,on-line
V-4627,FT-4628,on-line
FT-4628,FCV-4629,on-line
FCV-4629,P-4630,on-line
P-4630,LT-4631,downstream-of
LT-4631,FCV-4632,downstream-of
P-4633,FT-4634,feeds
FT-4634,LT-4635,on-line
LT-4635,P-4636,on-line
COL-4637,K-4638,discharges-to
PT-4640,V-4641,discharges-to
V-4641,K-4642,downstream-of
K-4642,LT-4643,feeds
LT-4643,LT-4644,discharges-to
LT-4644,XV-4645,upstream-of
XV-4645,V-4646,on-line
PT-4647,LT-4648,downstream-of
LT-4648,V-4649,on-line
V-4649,P-4650,discharges-to
XV-4652,PT-4653,discharges-to
PT-4653,LT-4654,downstream-of
LT-4654,PSV-4655,discharges-to
COL-4656,TT-4657,feeds
PT-4660,K-4661,feeds
K-4661,COL-4662,feeds
K-4663,COL-4664,downstream-of
COL-4664,COL-4665,feeds
COL-4665,E-4666,discharges-to
E-4666,TT-4667,discharges-to
TT-4669,COL-4670,feeds
COL-4670,FT-4671,feeds
PSV-4672,LT-4673,feeds
LT-4673,V-4674,feeds
K-4677,E-4678,downstream-of
COL-4679,P-4680,upstream-of
FT-4681,PT-4682,feeds
PT-4682,PSV-4683,on-line
PT-4686,LT-4687,upstream-of
LT-4687,LT-4688,downstream-of
LT-4688,PSV-4689,upstream-of
PSV-4689,V-4690,upstream-of
V-4690,LT-4691,feeds
P-4692,TT-4693,feeds
LT-4694,K-4695,discharges-to
K-4695,COL-4696,upstream-of
COL-4696,P-4697,downstream-of
P-4697,P-4698,upstream-of
P-4698,XV-4699,downstream-of
XV-4699,PSV-4700,discharges-to
PSV-4700,PT-4701,on-line
PT-4701,TT-4702,on-line
TT-4702,P-4703,downstream-of
PSV-4707,K-4708,on-line
K-4708,COL-4709,feeds
FT-4710,FT-4711,downstream-of
FT-4711,FCV-4712,upstream-of
FCV-4712,E-4713,on-line
E-4713,COL-4714,downstream-of
COL-4714,P-4715,discharges-to
TT-4717,LT-4718,feeds
LT-4718,E-4719,feeds
E-4719,COL-4720,on-line
V-4721,TT-4722,feeds
TT-4722,COL-4723,upstream-of
E-4724,FT-4725,discharges-to
K-4726,FCV-4727,discharges-to
PSV-4728,K-4729,on-line
K-4729,FT-4730,on-line
PT-4731,P-4732,feeds
P-4732,P-4733,downstream-of
P-4733,P-4734,discharges-to
FT-4735,V-4736,downstream-of
V-4736,E-4737,on-line
E-4737,COL-4738,feeds
P-4739,E-4740,on-line
E-4740,K-4741,discharges-to
LT-4742,FCV-4743,on-line
FCV-4743,K-4744,feeds
K-4744,K-4745,on-line
K-4745,XV-4746,on-line
E-4747,FT-4748,discharges-to
FT-4748,E-4749,feeds
XV-4750,K-4751,upstream-of
K-4751,V-4752,upstream-of
V-4752,FT-4753,upstream-of
FT-4753,LT-4754,on-line
LT-4754,V-4755,downstream-of
V-4755,XV-4756,downstream-of
XV-4756,COL-4757,downstream-of
COL-4757,TT-4758,discharges-to
COL-4759,FT-4760,discharges-to
FCV-4761,P-4762,downstream-of
P-4762,FT-4763,upstream-of
FT-4763,XV-4764,upstream-of
XV-4764,XV-4765,discharges-to
XV-4765,LT-4766,discharges-to
LT-4766,E-4767,upstream-of
E-4767,FCV-4768,on-line
FCV-4768,XV-4769,discharges-to
XV-4769,P-4770,upstream-of
P-4770,V-4771,upstream-of
K-4772,LT-4773,feeds
LT-4773,PT-4774,feeds
PT-4774,LT-4775,feeds
LT-4775,LT-4776,downstream-of
PT-4778,P-4779,on-line
P-4779,FT-4780,on-line
FT-4780,K-4781,upstream-of
K-4781,PSV-4782,discharges-to
PSV-4782,P-4783,feeds
V-4784,FT-4785,on-line
FT-4785,FT-4786,on-line
FT-4786,P-4787,discharges-to
P-4787,XV-4788,feeds
COL-4790,LT-4791,downstream-of
LT-4791,K-4792,discharges-to
TT-4793,K-4794,downstream-of
K-4794,XV-4795,downstream-of
XV-4795,XV-4796,on-line
XV-4796,XV-4797,feeds
V-4798,FCV-4799,upstream-of
FCV-4799,PT-4800,discharges-to
COL-4801,COL-4802,downstream-of
COL-4802,E-4803,downstream-of
E-4803,PT-4804,on-line
PT-4804,FCV-4805,discharges-to
FCV-4805,P-4806,discharges-to
P-4806,XV-4807,upstream-of
XV-4807,P-4808,discharges-to
FT-4809,XV-4810,upstream-of
XV-4810,FT-4811,on-line
XV-4812,LT-4813,discharges-to
LT-4813,P-4814,upstream-of
P-4814,P-4815,discharges-to
P-4815,P-4816,downstream-of
P-4816,PSV-4817,downstream-of
PSV-4817,TT-4818,upstream-of
TT-4818,P-4819,downstream-of
V-4821,FCV-4822,downstream-of
FCV-4822,PT-4823,on-line
PT-4823,TT-4824,downstream-of
TT-4824,LT-4825,downstream-of
V-4827,E-4828,discharges-to
E-4828,K-4829,discharges-to
K-4829,V-4830,discharges-to
V-4830,LT-4831,feeds
LT-4831,K-4832,feeds
K-4832,FCV-4833,upstream-of
FCV-4833,PSV-4834,upstream-of
P-4835,PSV-4836,downstream-of
PSV-4836,V-4837,upstream-of
V-4837,V-4838,downstream-of
V-4838,E-4839,discharges-to
E-4839,P-4840,feeds
P-4840,LT-4841,on-line
LT-4841,PT-4842,upstream-of
PT-4842,XV-4843,upstream-of
XV-4843,K-4844,upstream-of
K-4844,PSV-4845,upstream-of
E-4846,COL-4847,downstream-of
COL-4847,FT-4848,upstream-of
FT-4848,P-4849,downstream-of
TT-4851,TT-4852,discharges-to
TT-4852,K-4853,feeds
K-4854,K-4855,discharges-to
K-4855,FT-4856,upstream-of
FT-4856,P-4857,discharges-to
E-4858,FCV-4859,discharges-to
FCV-4859,FCV-4860,discharges-to
P-4861,P-4862,discharges-to
P-4862,FT-4863,upstream-of
FT-4863,FCV-4864,downstream-of
FCV-4864,FCV-4865,discharges-to
FCV-4865,PSV-4866,downstream-of
PSV-4866,P-4867,downstream-of
P-4867,XV-4868,upstream-of
XV-4868,FCV-4869,on-line
FCV-4869,PT-4870,on-line
PT-4870,COL-4871,discharges-to
COL-4873,COL-4874,downstream-of
COL-4876,PT-4877,downstream-of
XV-4878,TT-4879,downstream-of
TT-4879,PT-4880,upstream-of
PT-4880,COL-4881,on-line
COL-4881,P-4882,discharges-to
P-4882,COL-4883,feeds
COL-4883,PSV-4884,feeds
PSV-4884,V-4885,discharges-to
PT-4886,FT-4887,feeds
FT-4887,LT-4888,downstream-of
LT-4888,XV-4889,upstream-of
XV-4889,PT-4890,upstream-of
PT-4890,E-4891,upstream-of
K-4893,FT-4894,discharges-to
FT-4894,P-4895,feeds
P-4895,P-4896,upstream-of
P-4896,E-4897,feeds
E-4897,V-4898,on-line
P-4899,TT-4900,on-line
TT-4900,P-4901,discharges-to
P-4902,P-4903,feeds
P-4903,P-4904,upstream-of
E-4906,K-4907,feeds
K-4907,LT-4908,feeds
LT-4908,XV-4909,on-line
XV-4909,K-4910,upstream-of
V-4911,FCV-4912,upstream-of
FCV-4912,V-4913,feeds
V-4913,PSV-4914,downstream-of
PSV-4914,LT-4915,downstream-of
LT-4915,LT-4916,upstream-of
LT-4916,TT-4917,on-line
TT-4917,LT-4918,on-line
LT-4918,TT-4919,downstream-of
TT-4919,TT-4920,discharges-to
TT-4920,K-4921,upstream-of
K-4921,COL-4922,downstream-of
COL-4922,XV-4923,discharges-to
XV-4925,PSV-4926,downstream-of
PSV-4926,XV-4927,on-line
XV-4927,COL-4928,discharges-to
COL-4928,FCV-4929,feeds
E-4930,E-4931,discharges-to
E-4931,PSV-4932,on-line
PSV-4932,PSV-4933,on-line
PSV-4933,COL-4934,discharges-to
COL-4934,PT-4935,on-line
XV-4936,LT-4937,on-line
LT-4937,P-4938,feeds
P-4938,E-4939,downstream-of
PT-4940,K-4941,upstream-of
FT-4942,FCV-4943,downstream-of
FCV-4943,P-4944,on-line
P-4944,COL-4945,on-line
P-4948,K-4949,feeds
K-4949,TT-4950,on-line
TT-4950,PT-4951,on-line
PT-4951,PSV-4952,downstream-of
PT-4953,P-4954,on-line
FT-4955,V-4956,discharges-to
V-4956,P-4957,discharges-to
E-4959,COL-4960,feeds
COL-4960,XV-4961,downstream-of
TT-4962,P-4963,discharges-to
P-4963,V-4964,on-line
PSV-4965,LT-4966,upstream-of
COL-4968,V-4969,on-line
V-4969,P-4970,upstream-of
LT-4971,V-4972,discharges-to
V-4972,LT-4973,downstream-of
TT-4975,PT-4976,on-line
PT-4976,FCV-4977,feeds
FCV-4977,PSV-4978,feeds
COL-4979,FT-4980,downstream-of
V-4982,PT-4983,feeds
PT-4983,TT-4984,downstream-of
TT-4984,TT-4985,feeds
COL-4987,TT-4988,discharges-to
TT-4988,PT-4989,on-line
PT-4989,E-4990,on-line
FCV-4991,P-4992,feeds
FCV-4993,PSV-4994,on-line
PSV-4994,COL-4995,upstream-of
LT-4996,E-4997,on-line
E-4997,TT-4998,on-line
PT-5000,FCV-5001,on-line
XV-5003,XV-5004,feeds
XV-5004,V-5005,upstream-of
K-5006,P-5007,on-line
K-5008,P-5009,downstream-of
P-5009,PSV-5010,on-line
PSV-5010,PSV-5011,feeds
PT-5016,K-5017,discharges-to
K-5017,PSV-5018,on-line
PSV-5018,XV-5019,feeds
XV-5019,COL-5020,feeds
FT-5021,LT-5022,discharges-to
LT-5022,PSV-5023,feeds
PSV-5023,E-5024,upstream-of
E-5024,LT-5025,feeds
LT-5025,FCV-5026,feeds
FCV-5026,P-5027,feeds
XV-5028,E-5029,on-line
E-5029,P-5030,downstream-of
P-5030,PSV-5031,upstream-of
XV-5032,P-5033,feeds
P-5033,E-5034,on-line
TT-5035,E-5036,upstream-of
E-5036,P-5037,feeds
COL-5039,E-5040,on-line
E-5040,TT-5041,upstream-of
TT-5041,FCV-5042,discharges-to
FCV-5042,K-5043,downstream-of
FT-5045,TT-5046,feeds
TT-5046,COL-5047,discharges-to
COL-5047,V-5048,downstream-of
LT-5049,E-5050,downstream-of
E-5050,PSV-5051,feeds
PT-5052,E-5053,downstream-of
E-5053,PSV-5054,discharges-to
PSV-5054,K-5055,feeds
K-5055,P-5056,downstream-of
P-5056,E-5057,feeds
E-5057,P-5058,discharges-to
V-5059,V-5060,downstream-of
V-5060,P-5061,feeds
P-5061,P-5062,on-line
P-5062,E-5063,on-line
E-5063,COL-5064,downstream-of
COL-5064,COL-5065,feeds
COL-5065,P-5066,on-line
P-5066,V-5067,upstream-of
V-5067,XV-5068,on-line
XV-5068,P-5069,downstream-of
P-5069,FT-5070,discharges-to
FT-5070,TT-5071,discharges-to
TT-5071,XV-5072,upstream-of
XV-5072,PT-5073,downstream-of
FT-5074,P-5075,feeds
LT-5077,P-5078,discharges-to
P-5078,PSV-5079,downstream-of
PSV-5079,PT-5080,downstream-of
PT-5080,V-5081,on-line
FCV-5082,FT-5083,upstream-of
FT-5084,TT-5085,upstream-of
TT-5085,FCV-5086,on-line
FCV-5086,K-5087,on-line
K-5087,PSV-5088,feeds
P-5089,P-5090,downstream-of
P-5090,P-5091,feeds
P-5091,COL-5092,upstream-of
COL-5092,K-5093,feeds
K-5093,TT-5094,discharges-to
E-5100,E-5101,on-line
E-5101,PSV-5102,discharges-to
PSV-5102,E-5103,on-line
E-5103,LT-5104,downstream-of
LT-5104,V-5105,upstream-of
V-5105,LT-5106,upstream-of
LT-5106,PT-5107,downstream-of
FT-5109,K-5110,discharges-to
K-5110,PT-5111,discharges-to
PT-5111,XV-5112,discharges-to
FCV-5113,P-5114,discharges-to
P-5114,PT-5115,downstream-of
PT-5115,E-5116,feeds
E-5116,FCV-5117,downstream-of
FCV-5117,P-5118,on-line
P-5118,TT-5119,discharges-to
TT-5119,FCV-5120,discharges-to
P-5121,FCV-5122,on-line
FCV-5122,XV-5123,downstream-of
TT-5125,TT-5126,feeds
V-5127,P-5128,upstream-of
P-5128,PSV-5129,discharges-to
PSV-5129,V-5130,upstream-of
P-5131,P-5132,feeds
P-5132,FCV-5133,upstream-of
PSV-5134,P-5135,feeds
P-5135,P-5136,upstream-of
P-5136,LT-5137,discharges-to
XV-5139,E-5140,upstream-of
COL-5142,FCV-5143,downstream-of
FCV-5143,V-5144,downstream-of
V-5144,PT-5145,discharges-to
PT-5145,K-5146,downstream-of
K-5146,P-5147,downstream-of
P-5147,COL-5148,upstream-of
COL-5148,P-5149,feeds
P-5149,COL-5150,upstream-of
COL-5150,P-5151,upstream-of
P-5151,P-5152,discharges-to
E-5153,P-5154,upstream-of
P-5154,K-5155,on-line
K-5156,TT-5157,downstream-of
TT-5157,PSV-5158,feeds
PSV-5158,FT-5159,on-line
FT-5159,P-5160,feeds
P-5160,TT-5161,discharges-to
TT-5161,LT-5162,feeds
LT-5162,FT-5163,on-line
FT-5163,FCV-5164,upstream-of
PT-5165,V-5166,discharges-to
V-5166,E-5167,feeds
E-5167,K-5168,feeds
K-5168,K-5169,upstream-of
K-5169,V-5170,feeds
V-5170,PSV-5171,feeds
PSV-5171,LT-5172,downstream-of
TT-5173,E-5174,discharges-to
PT-5175,V-5176,feeds
V-5176,FT-5177,upstream-of
FT-5178,FT-5179,downstream-of
E-5180,XV-5181,on-line
XV-5182,FCV-5183,downstream-of
FCV-5183,K-5184,feeds
K-5184,E-5185,upstream-of
E-5185,TT-5186,feeds
TT-5186,XV-5187,downstream-of
XV-5187,E-5188,discharges-to
E-5188,P-5189,upstream-of
LT-5190,V-5191,downstream-of
V-5191,V-5192,upstream-of
K-5193,PT-5194,on-line
PT-5194,V-5195,upstream-of
V-5195,P-5196,discharges-to
FT-5197,V-5198,on-line
V-5200,E-5201,upstream-of
E-5201,K-5202,discharges-to
K-5202,XV-5203,upstream-of
XV-5203,PT-5204,on-line
PT-5204,LT-5205,downstream-of
LT-5205,FT-5206,upstream-of
FT-5206,COL-5207,downstream-of
COL-5207,K-5208,discharges-to
K-5208,COL-5209,downstream-of
COL-5209,TT-5210,on-line
TT-5210,E-5211,discharges-to
E-5211,FCV-5212,discharges-to
K-5213,TT-5214,discharges-to
TT-5214,XV-5215,upstream-of
V-5216,PT-5217,downstream-of
E-5219,V-5220,on-line
V-5220,LT-5221,downstream-of
PSV-5222,TT-5223,downstream-of
TT-5223,P-5224,upstream-of
P-5224,FCV-5225,discharges-to
FCV-5225,XV-5226,discharges-to
XV-5226,E-5227,upstream-of
E-5227,E-5228,upstream-of
E-5228,E-5229,downstream-of
TT-5230,V-5231,on-line
V-5231,FT-5232,on-line
FT-5232,P-5233,feeds
P-5233,FT-5234,upstream-of
PT-5235,V-5236,on-line
V-5236,FCV-5237,upstream-of
FCV-5237,FCV-5238,discharges-to
XV-5239,P-5240,discharges-to
P-5240,PT-5241,on-line
PT-5241,LT-5242,feeds
LT-5242,P-5243,on-line
E-5244,V-5245,on-line
V-5245,LT-5246,feeds
LT-5246,COL-5247,feeds
COL-5247,P-5248,discharges-to
P-5248,P-5249,feeds
P-5249,COL-5250,upstream-of
COL-5250,LT-5251,upstream-of
LT-5251,TT-5252,discharges-to
COL-5254,FCV-5255,downstream-of
FCV-5255,P-5256,on-line
P-5256,E-5257,downstream-of
E-5257,XV-5258,discharges-to
LT-5259,K-5260,feeds
K-5260,K-5261,discharges-to
K-5262,PT-5263,on-line
XV-5267,FCV-5268,downstream-of
P-5269,PT-5270,discharges-to
TT-5272,P-5273,feeds
P-5273,P-5274,discharges-to
TT-5277,P-5278,discharges-to
E-5279,TT-5280,feeds
TT-5280,FT-5281,on-line
FT-5281,P-5282,upstream-of
K-5283,V-5284,on-line
V-5284,FT-5285,feeds
FT-5285,E-5286,upstream-of
E-5286,PSV-5287,feeds
PSV-5287,P-5288,discharges-to
P-5288,V-5289,upstream-of
V-5289,LT-5290,on-line
LT-5290,PSV-5291,discharges-to
PSV-5291,P-5292,upstream-of
P-5292,E-5293,discharges-to
E-5293,P-5294,feeds
P-5294,LT-5295,upstream-of
LT-5295,FT-5296,upstream-of
FT-5296,P-5297,upstream-of
P-5297,FCV-5298,on-line
P-5299,P-5300,on-line
FT-5302,E-5303,feeds
E-5303,V-5304,upstream-of
V-5304,COL-5305,downstream-of
COL-5305,COL-5306,downstream-of
COL-5306,P-5307,on-line
P-5307,FCV-5308,discharges-to
V-5309,TT-5310,upstream-of
LT-5311,P-5312,downstream-of
TT-5313,P-5314,upstream-of
PSV-5315,FCV-5316,discharges-to
FCV-5316,FCV-5317,upstream-of
FCV-5317,FCV-5318,discharges-to
FCV-5318,PSV-5319,discharges-to
K-5321,FCV-5322,upstream-of
FCV-5322,P-5323,downstream-of
P-5323,COL-5324,upstream-of
PSV-5326,COL-5327,downstream-of
COL-5327,TT-5328,downstream-of
TT-5328,PSV-5329,upstream-of
PSV-5329,COL-5330,feeds
XV-5331,PSV-5332,feeds
PSV-5332,E-5333,on-line
E-5333,TT-5334,downstream-of
TT-5334,COL-5335,feeds
COL-5335,FCV-5336,on-line
FCV-5337,P-5338,downstream-of
P-5338,LT-5339,discharges-to
LT-5339,P-5340,feeds
COL-5342,PT-5343,on-line
PT-5343,P-5344,discharges-to
K-5345,FCV-5346,on-line
FCV-5346,P-5347,discharges-to
P-5347,FT-5348,downstream-of
FT-5348,COL-5349,on-line
COL-5350,LT-5351,on-line
LT-5351,E-5352,downstream-of
FCV-5354,FT-5355,feeds
FT-5355,P-5356,discharges-to
P-5356,E-5357,downstream-of
E-5357,K-5358,downstream-of
K-5358,K-5359,upstream-of
K-5359,LT-5360,downstream-of
LT-5360,FT-5361,downstream-of
FT-5361,PSV-5362,downstream-of
XV-5363,FCV-5364,downstream-of
FCV-5364,COL-5365,on-line
COL-5365,LT-5366,upstream-of
LT-5366,P-5367,downstream-of
V-5368,K-5369,downstream-of
K-5369,PSV-5370,on-line
PSV-5373,K-5374,on-line
K-5374,PT-5375,downstream-of
PT-5375,TT-5376,upstream-of
TT-5377,LT-5378,on-line
LT-5378,PSV-5379,discharges-to
PSV-5379,FT-5380,upstream-of
P-5382,E-5383,downstream-of
TT-5385,COL-5386,discharges-to
K-5387,TT-5388,feeds
TT-5388,PSV-5389,discharges-to
PSV-5389,LT-5390,upstream-of
COL-5391,K-5392,feeds
K-5392,FT-5393,on-line
P-5394,K-5395,on-line
K-5395,V-5396,downstream-of
V-5397,K-5398,discharges-to
K-5398,E-5399,downstream-of
E-5399,K-5400,upstream-of
K-5400,FT-5401,on-line
FCV-5402,COL-5403,feeds
COL-5403,PT-5404,discharges-to
PT-5406,PT-5407,upstream-of
PT-5407,P-5408,downstream-of
P-5408,K-5409,discharges-to
K-5410,PT-5411,discharges-to
PT-5411,FCV-5412,on-line
PT-5414,V-5415,feeds
V-5415,XV-5416,on-line
XV-5416,V-5417,upstream-of
FCV-5418,PSV-5419,upstream-of
PSV-5419,P-5420,downstream-of
P-5420,COL-5421,upstream-of
COL-5421,LT-5422,discharges-to
LT-5422,V-5423,on-line
V-5423,P-5424,discharges-to
P-5424,TT-5425,on-line
TT-5425,COL-5426,discharges-to
COL-5426,LT-5427,upstream-of
LT-5427,K-5428,feeds
K-5428,P-5429,feeds
P-5429,FT-5430,feeds
FT-5430,FT-5431,downstream-of
P-5432,FCV-5433,upstream-of
FT-5435,XV-5436,downstream-of
XV-5436,FT-5437,upstream-of
FT-5437,P-5438,upstream-of
TT-5442,PSV-5443,feeds
PSV-5443,TT-5444,discharges-to
TT-5444,FCV-5445,feeds
TT-5449,XV-5450,on-line
PT-5451,TT-5452,upstream-of
P-5453,FCV-5454,discharges-to
PT-5456,COL-5457,upstream-of
FT-5458,K-5459,feeds
PT-5463,P-5464,on-line
PSV-5466,XV-5467,upstream-of
XV-5467,K-5468,discharges-to
K-5468,LT-5469,feeds
LT-5469,LT-5470,on-line
LT-5470,E-5471,downstream-of
E-5471,FT-5472,downstream-of
FT-5472,P-5473,discharges-to
K-5474,TT-5475,feeds
FCV-5476,TT-5477,feeds
TT-5477,V-5478,feeds
V-5478,FT-5479,upstream-of
FCV-5482,XV-5483,downstream-of
XV-5483,FT-5484,discharges-to
V-5485,E-5486,upstream-of
E-5486,COL-5487,on-line
COL-5487,COL-5488,downstream-of
COL-5488,PT-5489,on-line
PT-5489,E-5490,downstream-of
XV-5493,COL-5494,downstream-of
COL-5494,P-5495,feeds
P-5495,XV-5496,discharges-to
XV-5496,FCV-5497,upstream-of
COL-5498,E-5499,feeds
E-5501,FCV-5502,feeds
FCV-5502,XV-5503,on-line
XV-5503,FCV-5504,upstream-of
P-5506,XV-5507,on-line
XV-5507,XV-5508,discharges-to
XV-5508,XV-5509,downstream-of
XV-5509,FCV-5510,downstream-of
FCV-5510,PSV-5511,feeds
PSV-5511,K-5512,on-line
TT-5513,PSV-5514,discharges-to
PSV-5514,LT-5515,feeds
E-5516,XV-5517,downstream-of
XV-5517,PT-5518,discharges-to
PT-5518,PT-5519,discharges-to
PT-5519,TT-5520,discharges-to
TT-5520,XV-5521,on-line
FCV-5522,COL-5523,discharges-to
COL-5523,FCV-5524,discharges-to
FCV-5524,LT-5525,discharges-to
LT-5525,XV-5526,on-line
PSV-5527,LT-5528,downstream-of
LT-5528,COL-5529,downstream-of
COL-5529,FCV-5530,feeds
XV-5531,XV-5532,feeds
XV-5532,P-5533,discharges-to
P-5533,K-5534,on-line
XV-5535,XV-5536,upstream-of
XV-5536,P-5537,downstream-of
FT-5538,FT-5539,discharges-to
FT-5539,PSV-5540,downstream-of
V-5541,P-5542,feeds
V-5544,FT-5545,on-line
FT-5545,FT-5546,discharges-to
V-5548,P-5549,upstream-of
V-5550,K-5551,upstream-of
K-5552,TT-5553,downstream-of
TT-5553,COL-5554,on-line
COL-5554,LT-5555,feeds
LT-5555,K-5556,feeds
K-5556,COL-5557,feeds
TT-5558,LT-5559,downstream-of
LT-5559,PT-5560,discharges-to
PT-5560,PSV-5561,upstream-of
PSV-5561,PT-5562,discharges-to
PT-5562,FCV-5563,on-line
FCV-5563,XV-5564,downstream-of
XV-5564,XV-5565,on-line
XV-5565,V-5566,downstream-of
V-5566,XV-5567,feeds
XV-5567,E-5568,feeds
V-5569,P-5570,downstream-of
P-5570,LT-5571,feeds
P-5573,XV-5574,feeds
COL-5576,TT-5577,feeds
P-5578,E-5579,downstream-of
V-5580,XV-5581,on-line
COL-5582,TT-5583,feeds
V-5584,FT-5585,downstream-of
LT-5586,P-5587,on-line
P-5587,P-5588,discharges-to
P-5588,P-5589,discharges-to
P-5590,FT-5591,discharges-to
FT-5591,PT-5592,feeds
PSV-5593,LT-5594,upstream-of
LT-5594,FT-5595,upstream-of
P-5596,FCV-5597,on-line
FCV-5597,FT-5598,upstream-of
FT-5599,XV-5600,upstream-of
XV-5600,K-5601,on-line
K-5602,TT-5603,feeds
TT-5603,P-5604,discharges-to
PT-5605,FCV-5606,discharges-to
K-5607,K-5608,on-line
LT-5610,PSV-5611,upstream-of
PSV-5611,TT-5612,upstream-of
TT-5612,PT-5613,downstream-of
PT-5613,PSV-5614,discharges-to
PSV-5614,FT-5615,upstream-of
FT-5615,FCV-5616,feeds
FCV-5616,PSV-5617,feeds
PSV-5617,COL-5618,downstream-of
COL-5618,V-5619,upstream-of
V-5619,XV-5620,feeds
XV-5620,FCV-5621,on-line
FCV-5621,PT-5622,feeds
PT-5622,FCV-5623,feeds
FCV-5623,V-5624,discharges-to
P-5625,PSV-5626,feeds
FCV-5628,P-5629,on-line
XV-5630,PSV-5631,downstream-of
PSV-5631,LT-5632,downstream-of
LT-5633,FCV-5634,feeds
FCV-5634,P-5635,upstream-of
P-5635,K-5636,discharges-to
K-5636,COL-5637,discharges-to
PSV-5638,P-5639,discharges-to
P-5639,LT-5640,feeds
LT-5640,PSV-5641,downstream-of
TT-5645,P-5646,downstream-of
P-5646,COL-5647,downstream-of
COL-5647,FT-5648,on-line
PSV-5649,PT-5650,feeds
PT-5650,COL-5651,discharges-to
COL-5651,XV-5652,downstream-of
XV-5652,FT-5653,feeds
FCV-5655,V-5656,downstream-of
V-5656,PT-5657,feeds
PT-5657,COL-5658,discharges-to
COL-5659,PT-5660,feeds
K-5661,E-5662,upstream-of
E-5662,XV-5663,downstream-of
XV-5663,P-5664,downstream-of
P-5664,PSV-5665,on-line
PSV-5665,XV-5666,upstream-of
XV-5666,P-5667,downstream-of
XV-5668,TT-5669,on-line
TT-5669,LT-5670,on-line
LT-5670,PSV-5671,downstream-of
PSV-5671,PT-5672,downstream-of
LT-5674,E-5675,downstream-of
PT-5676,XV-5677,discharges-to
XV-5677,XV-5678,discharges-to
XV-5678,P-5679,discharges-to
P-5679,PSV-5680,discharges-to
PSV-5680,E-5681,discharges-to
E-5682,K-5683,upstream-of
K-5683,V-5684,downstream-of
V-5686,FCV-5687,downstream-of
TT-5689,FT-5690,on-line
XV-5691,XV-5692,on-line
XV-5692,P-5693,feeds
PSV-5694,E-5695,discharges-to
E-5695,K-5696,discharges-to
K-5696,LT-5697,downstream-of
LT-5697,COL-5698,on-line
COL-5698,TT-5699,feeds
TT-5699,XV-5700,downstream-of
XV-5700,FCV-5701,feeds
E-5702,K-5703,discharges-to
K-5703,E-5704,on-line
E-5704,XV-5705,discharges-to
XV-5705,V-5706,on-line
FT-5707,P-5708,discharges-to
P-5708,COL-5709,downstream-of
FCV-5710,K-5711,feeds
P-5712,K-5713,on-line
K-5713,PSV-5714,upstream-of
PSV-5714,FT-5715,on-line
FT-5715,E-5716,discharges-to
E-5716,TT-5717,downstream-of
TT-5717,E-5718,upstream-of
P-5719,FCV-5720,discharges-to
FCV-5720,FT-5721,discharges-to
FT-5721,FCV-5722,feeds
FCV-5722,FT-5723,on-line
FT-5724,P-5725,upstream-of
P-5725,PT-5726,on-line
COL-5727,E-5728,downstream-of
E-5728,PSV-5729,feeds
PSV-5729,FCV-5730,feeds
FCV-5730,K-5731,discharges-to
TT-5733,FT-5734,upstream-of
FT-5734,FT-5735,discharges-to
K-5736,TT-5737,downstream-of
TT-5737,TT-5738,downstream-of
TT-5738,COL-5739,feeds
COL-5739,PT-5740,upstream-of
COL-5741,COL-5742,upstream-of
COL-5742,XV-5743,downstream-of
P-5744,E-5745,on-line
E-5745,P-5746,discharges-to
P-5746,P-5747,upstream-of
P-5747,V-5748,upstream-of
V-5748,FT-5749,feeds
FT-5749,E-5750,upstream-of
E-5750,V-5751,feeds
V-5751,XV-5752,on-line
XV-5752,K-5753,discharges-to
K-5753,P-5754,downstream-of
P-5754,V-5755,upstream-of
V-5755,P-5756,downstream-of
P-5756,E-5757,feeds
P-5758,COL-5759,downstream-of
COL-5759,PT-5760,discharges-to
PT-5760,V-5761,feeds
V-5761,PT-5762,discharges-to
PT-5762,E-5763,discharges-to
E-5763,FCV-5764,discharges-to
FCV-5764,TT-5765,downstream-of
TT-5765,PSV-5766,discharges-to
PSV-5766,FT-5767,upstream-of
V-5768,K-5769,feeds
V-5771,PT-5772,discharges-to
E-5773,PSV-5774,feeds
PSV-5774,FT-5775,downstream-of
FT-5775,TT-5776,discharges-to
V-5779,PSV-5780,upstream-of
PSV-5780,LT-5781,downstream-of
LT-5781,E-5782,on-line
E-5782,FCV-5783,feeds
FCV-5783,LT-5784,discharges-to
LT-5784,FCV-5785,discharges-to
FCV-5785,TT-5786,downstream-of
P-5790,P-5791,discharges-to
XV-5792,K-5793,upstream-of
K-5793,PSV-5794,downstream-of
PSV-5794,P-5795,downstream-of
XV-5798,E-5799,upstream-of
E-5799,V-5800,upstream-of
V-5800,P-5801,upstream-of
P-5801,FT-5802,upstream-of
FT-5802,COL-5803,feeds
COL-5803,PT-5804,upstream-of
PT-5804,PSV-5805,discharges-to
PSV-5805,P-5806,upstream-of
P-5806,TT-5807,downstream-of
TT-5807,PT-5808,upstream-of
PT-5808,LT-5809,feeds
LT-5809,E-5810,downstream-of
E-5810,TT-5811,discharges-to
TT-5811,P-5812,on-line
P-5812,E-5813,upstream-of
E-5813,K-5814,on-line
K-5814,COL-5815,feeds
COL-5815,FCV-5816,discharges-to
LT-5817,P-5818,downstream-of
P-5818,TT-5819,on-line
E-5820,FCV-5821,upstream-of
FCV-5821,FT-5822,downstream-of
FT-5822,TT-5823,feeds
TT-5823,V-5824,feeds
PSV-5827,E-5828,feeds
E-5828,COL-5829,downstream-of
TT-5830,P-5831,downstream-of
P-5831,K-5832,downstream-of
K-5832,P-5833,on-line
P-5833,P-5834,feeds
P-5834,P-5835,feeds
PT-5836,TT-5837,discharges-to
TT-5837,P-5838,feeds
P-5838,P-5839,on-line
P-5839,COL-5840,discharges-to
FCV-5842,FT-5843,discharges-to
FT-5845,PT-5846,on-line
PT-5846,TT-5847,on-line
TT-5847,PT-5848,upstream-of
PT-5848,V-5849,discharges-to
PT-5850,FCV-5851,feeds
FCV-5851,E-5852,on-line
E-5852,P-5853,feeds
E-5855,E-5856,on-line
E-5856,PSV-5857,discharges-to
PSV-5857,PSV-5858,on-line
PSV-5860,FCV-5861,feeds
PSV-5862,P-5863,discharges-to
P-5863,TT-5864,feeds
TT-5864,PT-5865,downstream-of
PT-5865,E-5866,upstream-of
E-5866,P-5867,discharges-to
P-5867,V-5868,downstream-of
V-5868,COL-5869,upstream-of
COL-5869,K-5870,downstream-of
FT-5871,K-5872,feeds
P-5873,V-5874,discharges-to
V-5874,TT-5875,downstream-of
TT-5875,E-5876,on-line
E-5876,V-5877,downstream-of
V-5877,P-5878,upstream-of
P-5878,V-5879,downstream-of
V-5879,COL-5880,on-line
COL-5880,FT-5881,upstream-of
K-5882,XV-5883,downstream-of
XV-5883,PT-5884,upstream-of
PT-5884,FCV-5885,downstream-of
P-5888,LT-5889,feeds
FT-5891,COL-5892,feeds
COL-5892,COL-5893,upstream-of
COL-5893,COL-5894,on-line
E-5895,P-5896,upstream-of
P-5898,PSV-5899,discharges-to
PSV-5899,PSV-5900,discharges-to
V-5901,XV-5902,upstream-of
COL-5903,COL-5904,feeds
COL-5904,FCV-5905,downstream-of
FCV-5905,LT-5906,on-line
LT-5906,P-5907,feeds
P-5907,PT-5908,feeds
PT-5908,COL-5909,upstream-of
COL-5909,LT-5910,downstream-of
LT-5910,K-5911,discharges-to
P-5914,P-5915,feeds
P-5915,V-5916,on-line
V-5916,LT-5917,on-line
PSV-5918,PT-5919,upstream-of
TT-5920,LT-5921,downstream-of
LT-5921,P-5922,on-line
P-5922,XV-5923,discharges-to
E-5925,P-5926,feeds
P-5926,COL-5927,upstream-of
COL-5927,P-5928,on-line
P-5930,LT-5931,downstream-of
LT-5931,LT-5932,upstream-of
LT-5932,TT-5933,upstream-of
TT-5933,V-5934,discharges-to
V-5934,TT-5935,upstream-of
TT-5935,COL-5936,upstream-of
COL-5936,TT-5937,upstream-of
TT-5937,FT-5938,feeds
TT-5939,PT-5940,discharges-to
PT-5940,E-5941,on-line
K-5942,P-5943,downstream-of
E-5947,COL-5948,downstream-of
COL-5948,P-5949,discharges-to
P-5949,LT-5950,feeds
TT-5951,V-5952,upstream-of
TT-5953,TT-5954,downstream-of
TT-5954,XV-5955,feeds
XV-5955,K-5956,on-line
K-5956,COL-5957,discharges-to
V-5958,V-5959,discharges-to
V-5959,PT-5960,downstream-of
COL-5962,PT-5963,feeds
PT-5963,K-5964,on-line
K-5964,P-5965,on-line
FT-5966,TT-5967,discharges-to
COL-5971,V-5972,feeds
K-5973,P-5974,discharges-to
P-5974,PSV-5975,downstream-of
PSV-5975,K-5976,upstream-of
K-5976,E-5977,downstream-of
E-5977,K-5978,discharges-to
K-5978,COL-5979,downstream-of
LT-5980,PSV-5981,downstream-of
PSV-5981,XV-5982,feeds
XV-5982,XV-5983,discharges-to
XV-5983,P-5984,feeds
P-5984,TT-5985,on-line
TT-5985,V-5986,feeds
TT-5987,V-5988,discharges-to
V-5988,PT-5989,downstream-of
PT-5989,XV-5990,discharges-to
XV-5990,P-5991,feeds
P-5991,PSV-5992,discharges-to
PSV-5992,P-5993,on-line
PT-5994,XV-5995,upstream-of
XV-5995,E-5996,upstream-of
E-5996,FT-5997,on-line
FT-5997,P-5998,discharges-to
P-5998,P-5999,upstream-of
V-6001,COL-6002,feeds
COL-6002,FCV-6003,downstream-of
P-6004,V-6005,on-line
E-6006,K-6007,feeds
K-6007,P-6008,downstream-of
LT-6010,FT-6011,feeds
FT-6011,V-6012,downstream-of
V-6012,PSV-6013,downstream-of
PSV-6013,XV-6014,discharges-to
COL-6015,COL-6016,downstream-of
COL-6016,E-6017,feeds
FCV-6019,TT-6020,discharges-to
FCV-6021,PSV-6022,discharges-to
PSV-6022,COL-6023,on-line
COL-6023,TT-6024,on-line
TT-6024,FCV-6025,downstream-of
FCV-6025,P-6026,on-line
P-6026,TT-6027,upstream-of
TT-6027,PT-6028,on-line
PT-6029,FCV-6030,discharges-to
FCV-6030,TT-6031,downstream-of
TT-6031,LT-6032,on-line
LT-6032,LT-6033,downstream-of
LT-6033,XV-6034,on-line
XV-6034,P-6035,feeds
P-6035,PSV-6036,upstream-of
PSV-6036,LT-6037,downstream-of
V-6038,K-6039,discharges-to
K-6039,K-6040,downstream-of
K-6040,E-6041,on-line
E-6041,P-6042,on-line
P-6042,FT-6043,discharges-to
FT-6043,E-6044,on-line
E-6044,E-6045,on-line
E-6045,FCV-6046,downstream-of
FCV-6046,XV-6047,feeds
XV-6047,LT-6048,upstream-of
K-6049,COL-6050,feeds
TT-6051,K-6052,upstream-of
XV-6053,TT-6054,upstream-of
TT-6054,FT-6055,downstream-of
PT-6056,FT-6057,on-line
FT-6057,P-6058,upstream-of
P-6058,LT-6059,feeds
LT-6059,FT-6060,on-line
FT-6060,PSV-6061,feeds
PSV-6061,E-6062,on-line
E-6062,LT-6063,upstream-of
LT-6063,XV-6064,discharges-to
XV-6064,LT-6065,on-line
TT-6066,LT-6067,feeds
COL-6070,FT-6071,downstream-of
FT-6071,E-6072,feeds
E-6072,K-6073,on-line
K-6073,COL-6074,on-line
COL-6074,E-6075,discharges-to
E-6075,V-6076,discharges-to
FCV-6078,COL-6079,upstream-of
COL-6079,FCV-6080,upstream-of
FCV-6080,TT-6081,downstream-of
TT-6081,P-6082,discharges-to
P-6085,K-6086,upstream-of
K-6086,LT-6087,feeds
P-6088,P-6089,on-line
PSV-6090,PT-6091,on-line
PT-6091,PSV-6092,discharges-to
PSV-6094,FCV-6095,upstream-of
FCV-6095,P-6096,upstream-of
P-6096,P-6097,feeds
COL-6098,FCV-6099,upstream-of
FCV-6099,FT-6100,downstream-of
FT-6100,FCV-6101,upstream-of
K-6102,V-6103,downstream-of
TT-6105,FT-6106,upstream-of
FT-6106,XV-6107,downstream-of
COL-6108,K-6109,upstream-of
K-6109,PSV-6110,feeds
E-6111,XV-6112,downstream-of
COL-6113,XV-6114,discharges-to
XV-6114,PSV-6115,downstream-of
PSV-6115,E-6116,upstream-of
P-6117,E-6118,downstream-of
E-6118,FT-6119,discharges-to
FT-6119,PT-6120,upstream-of
PT-6120,COL-6121,downstream-of
COL-6121,PSV-6122,upstream-of
PSV-6122,LT-6123,on-line
PT-6124,LT-6125,upstream-of
PSV-6126,K-6127,upstream-of
K-6127,P-6128,downstream-of
P-6128,PSV-6129,on-line
V-6130,PSV-6131,discharges-to
PSV-6131,PSV-6132,feeds
PSV-6132,E-6133,downstream-of
E-6133,E-6134,on-line
FCV-6135,FT-6136,feeds
FT-6136,FCV-6137,on-line
FCV-6137,K-6138,feeds
K-6138,K-6139,upstream-of
K-6139,PT-6140,on-line
PT-6140,TT-6141,discharges-to
P-6143,K-6144,discharges-to
K-6144,PSV-6145,downstream-of
PSV-6145,PT-6146,downstream-of
PT-6146,E-6147,upstream-of
PSV-6152,FT-6153,discharges-to
P-6154,P-6155,upstream-of
P-6155,FT-6156,discharges-to
FT-6156,K-6157,discharges-to
XV-6158,P-6159,on-line
FCV-6163,TT-6164,on-line
TT-6164,XV-6165,upstream-of
XV-6165,COL-6166,downstream-of
COL-6166,FT-6167,downstream-of
FT-6167,P-6168,discharges-to
P-6169,K-6170,downstream-of
K-6170,PSV-6171,discharges-to
PSV-6171,PSV-6172,upstream-of
PSV-6172,P-6173,discharges-to
P-6173,V-6174,discharges-to
FCV-6175,LT-6176,downstream-of
LT-6176,E-6177,downstream-of
P-6179,FCV-6180,feeds
TT-6181,TT-6182,discharges-to
TT-6182,E-6183,upstream-of
E-6183,LT-6184,downstream-of
FT-6187,FCV-6188,downstream-of
FCV-6188,TT-6189,feeds
LT-6191,LT-6192,on-line
LT-6192,E-6193,upstream-of
E-6193,FT-6194,upstream-of
FT-6194,TT-6195,upstream-of
P-6196,K-6197,downstream-of
COL-6198,XV-6199,upstream-of
XV-6199,FCV-6200,on-line
E-6201,FCV-6202,upstream-of
K-6203,COL-6204,feeds
COL-6204,XV-6205,feeds
XV-6205,TT-6206,downstream-of
COL-6207,P-6208,discharges-to
COL-6211,FCV-6212,downstream-of
P-6214,E-6215,feeds
E-6215,XV-6216,feeds
XV-6216,P-6217,on-line
TT-6218,P-6219,on-line
P-6219,PT-6220,discharges-to
PT-6220,TT-6221,on-line
TT-6222,XV-6223,upstream-of
XV-6223,LT-6224,feeds
PT-6226,P-6227,upstream-of
P-6227,P-6228,on-line
P-6228,PT-6229,feeds
PT-6229,COL-6230,discharges-to
P-6232,V-6233,upstream-of
FCV-6234,P-6235,upstream-of
P-6235,K-6236,on-line
K-6236,P-6237,discharges-to
P-6237,E-6238,feeds
E-6238,TT-6239,discharges-to
TT-6239,E-6240,feeds
E-6240,TT-6241,upstream-of
TT-6241,TT-6242,on-line
TT-6242,FT-6243,on-line
P-6244,PT-6245,feeds
PT-6245,P-6246,upstream-of
V-6247,PSV-6248,on-line
PSV-6249,FT-6250,discharges-to
LT-6252,E-6253,discharges-to
E-6253,COL-6254,discharges-to
E-6256,XV-6257,on-line
XV-6257,K-6258,on-line
K-6258,COL-6259,on-line
FT-6260,PSV-6261,feeds
PSV-6261,COL-6262,discharges-to
COL-6262,V-6263,on-line
V-6263,P-6264,discharges-to
LT-6269,E-6270,upstream-of
P-6272,PSV-6273,downstream-of
PSV-6273,COL-6274,downstream-of
FT-6276,LT-6277,upstream-of
LT-6277,P-6278,discharges-to
P-6278,LT-6279,discharges-to
LT-6279,PSV-6280,on-line
PSV-6280,E-6281,downstream-of
E-6281,P-6282,on-line
P-6282,PSV-6283,upstream-of
PSV-6283,TT-6284,discharges-to
TT-6284,COL-6285,upstream-of
COL-6285,K-6286,downstream-of
K-6286,V-6287,upstream-of
P-6288,FT-6289,on-line
FT-6289,COL-6290,discharges-to
COL-6290,PSV-6291,on-line
PSV-6291,E-6292,feeds
E-6292,FCV-6293,upstream-of
LT-6294,K-6295,downstream-of
K-6295,P-6296,on-line
P-6296,V-6297,discharges-to
V-6297,FCV-6298,upstream-of
FCV-6298,P-6299,feeds
P-6299,P-6300,on-line
P-6300,FT-6301,upstream-of
PT-6302,COL-6303,feeds
COL-6303,TT-6304,discharges-to
TT-6304,XV-6305,on-line
E-6306,FT-6307,upstream-of
FT-6307,COL-6308,discharges-to
COL-6308,XV-6309,discharges-to
LT-6310,FT-6311,downstream-of
FT-6311,TT-6312,discharges-to
TT-6312,V-6313,on-line
PT-6319,K-6320,feeds
FT-6321,LT-6322,feeds
LT-6322,P-6323,upstream-of
P-6323,FT-6324,on-line
FT-6324,P-6325,discharges-to
P-6325,V-6326,downstream-of
V-6326,PSV-6327,feeds
COL-6328,FT-6329,upstream-of
FT-6329,PT-6330,downstream-of
PT-6330,PSV-6331,on-line
PSV-6331,FCV-6332,on-line
FCV-6332,P-6333,on-line
K-6334,E-6335,feeds
E-6335,FT-6336,upstream-of
FT-6336,E-6337,downstream-of
E-6337,PSV-6338,downstream-of
E-6339,PSV-6340,feeds
V-6341,TT-6342,discharges-to
TT-6342,TT-6343,discharges-to
FCV-6344,XV-6345,discharges-to
XV-6345,V-6346,feeds
V-6346,PT-6347,upstream-of
PT-6347,XV-6348,upstream-of
E-6350,COL-6351,discharges-to
P-6352,LT-6353,discharges-to
LT-6353,P-6354,discharges-to
P-6354,V-6355,feeds
PSV-6356,PSV-6357,feeds
PSV-6357,E-6358,upstream-of
XV-6359,FT-6360,upstream-of
P-6361,XV-6362,upstream-of
XV-6362,P-6363,on-line
LT-6364,PSV-6365,discharges-to
PSV-6365,E-6366,downstream-of
XV-6367,XV-6368,discharges-to
XV-6368,FT-6369,discharges-to
FT-6369,PSV-6370,discharges-to
E-6371,PT-6372,downstream-of
PT-6372,COL-6373,on-line
COL-6373,P-6374,upstream-of
P-6374,E-6375,on-line
E-6375,LT-6376,upstream-of
LT-6376,P-6377,downstream-of
P-6377,COL-6378,downstream-of
COL-6378,E-6379,upstream-of
XV-6380,P-6381,downstream-of
XV-6383,P-6384,upstream-of
P-6384,PSV-6385,discharges-to
P-6386,FCV-6387,downstream-of
FT-6389,FT-6390,upstream-of
FT-6390,PSV-6391,downstream-of
TT-6392,FT-6393,feeds
FT-6393,XV-6394,feeds
XV-6394,LT-6395,downstream-of
LT-6395,COL-6396,upstream-of
COL-6396,V-6397,on-line
V-6397,COL-6398,downstream-of
PSV-6399,E-6400,discharges-to
E-6400,XV-6401,feeds
XV-6401,V-6402,discharges-to
V-6402,TT-6403,on-line
PT-6404,K-6405,discharges-to
TT-6406,P-6407,discharges-to
P-6407,XV-6408,downstream-of
XV-6408,LT-6409,discharges-to
LT-6409,P-6410,upstream-of
P-6410,V-6411,downstream-of
V-6411,TT-6412,upstream-of
TT-6412,P-6413,feeds
XV-6414,P-6415,feeds
P-6415,FCV-6416,on-line
FCV-6416,FT-6417,discharges-to
FT-6417,TT-6418,downstream-of
TT-6418,FCV-6419,feeds
FCV-6419,E-6420,feeds
E-6420,TT-6421,discharges-to
TT-6421,E-6422,upstream-of
E-6424,PSV-6425,upstream-of
PSV-6425,P-6426,downstream-of
P-6426,PSV-6427,discharges-to
PSV-6427,FT-6428,downstream-of
FT-6428,FCV-6429,upstream-of
FCV-6429,PSV-6430,feeds
PSV-6430,P-6431,downstream-of
P-6431,FCV-6432,upstream-of
FCV-6432,P-6433,upstream-of
FCV-6435,FT-6436,feeds
FT-6436,P-6437,feeds
P-6437,FCV-6438,downstream-of
FCV-6438,P-6439,discharges-to
P-6440,TT-6441,downstream-of
TT-6441,XV-6442,feeds
XV-6442,XV-6443,upstream-of
XV-6443,P-6444,downstream-of
PSV-6445,PSV-6446,discharges-to
PSV-6446,COL-6447,discharges-to
COL-6448,E-6449,downstream-of
PT-6451,FT-6452,on-line
FT-6452,COL-6453,discharges-to
COL-6453,FCV-6454,feeds
XV-6455,P-6456,upstream-of
P-6456,P-6457,downstream-of
P-6457,V-6458,feeds
TT-6459,P-6460,downstream-of
FT-6461,E-6462,upstream-of
XV-6464,LT-6465,feeds
LT-6465,XV-6466,on-line
XV-6466,K-6467,feeds
K-6467,E-6468,discharges-to
E-6468,FCV-6469,feeds
FCV-6469,P-6470,downstream-of
P-6470,E-6471,upstream-of
E-6471,E-6472,downstream-of
E-6472,PT-6473,downstream-of
PT-6473,E-6474,on-line
E-6474,COL-6475,upstream-of
COL-6475,FT-6476,downstream-of
FT-6476,K-6477,discharges-to
K-6477,E-6478,discharges-to
V-6481,K-6482,on-line
FT-6483,COL-6484,upstream-of
V-6486,XV-6487,downstream-of
PSV-6489,P-6490,discharges-to
P-6490,FCV-6491,downstream-of
FCV-6491,PT-6492,discharges-to
PT-6492,E-6493,feeds
E-6493,COL-6494,on-line
COL-6494,PSV-6495,feeds
PSV-6495,COL-6496,discharges-to
COL-6496,E-6497,downstream-of
LT-6498,PT-6499,feeds
PT-6499,P-6500,feeds
PSV-6501,E-6502,discharges-to
E-6502,COL-6503,downstream-of
COL-6503,E-6504,upstream-of
E-6504,XV-6505,discharges-to
XV-6505,PSV-6506,feeds
PSV-6506,PSV-6507,feeds
PSV-6507,P-6508,downstream-of
P-6508,COL-6509,discharges-to
COL-6509,P-6510,feeds
XV-6512,P-6513,upstream-of
LT-6514,XV-6515,on-line
XV-6515,K-6516,discharges-to
K-6516,V-6517,on-line
V-6517,E-6518,feeds
P-6520,FCV-6521,feeds
FCV-6521,K-6522,feeds
P-6523,FCV-6524,feeds
FCV-6524,K-6525,on-line
K-6525,PT-6526,downstream-of
PT-6526,PSV-6527,discharges-to
PSV-6527,V-6528,on-line
V-6528,FCV-6529,feeds
FCV-6529,LT-6530,discharges-to
LT-6530,LT-6531,feeds
LT-6531,E-6532,on-line
E-6532,XV-6533,upstream-of
XV-6533,TT-6534,downstream-of
TT-6535,XV-6536,on-line
XV-6536,PSV-6537,feeds
PSV-6537,TT-6538,discharges-to
P-6539,COL-6540,discharges-to
COL-6540,COL-6541,on-line
COL-6541,TT-6542,feeds
V-6543,P-6544,downstream-of
P-6544,V-6545,discharges-to
V-6545,FT-6546,downstream-of
FT-6546,PSV-6547,on-line
PSV-6547,COL-6548,feeds
COL-6553,V-6554,upstream-of
V-6554,K-6555,discharges-to
K-6555,TT-6556,downstream-of
TT-6556,COL-6557,discharges-to
PSV-6558,COL-6559,on-line
E-6562,LT-6563,downstream-of
LT-6563,LT-6564,downstream-of
V-6565,LT-6566,on-line
LT-6566,COL-6567,feeds
LT-6571,E-6572,on-line
PSV-6574,FT-6575,upstream-of
LT-6577,V-6578,discharges-to
V-6578,K-6579,upstream-of
K-6579,K-6580,feeds
K-6580,PSV-6581,on-line
PT-6582,XV-6583,on-line
XV-6583,FCV-6584,upstream-of
FCV-6584,COL-6585,downstream-of
XV-6586,FT-6587,on-line
FT-6587,LT-6588,downstream-of
LT-6591,FCV-6592,upstream-of
FCV-6592,LT-6593,upstream-of
XV-6594,V-6595,discharges-to
V-6595,FT-6596,discharges-to
FT-6596,PT-6597,discharges-to
COL-6598,TT-6599,downstream-of
TT-6599,FT-6600,downstream-of
COL-6601,PSV-6602,on-line
PSV-6602,P-6603,feeds
P-6603,FCV-6604,feeds
PSV-6605,K-6606,downstream-of
FT-6607,V-6608,downstream-of
LT-6609,E-6610,downstream-of
E-6610,XV-6611,downstream-of
XV-6611,P-6612,on-line
P-6612,P-6613,downstream-of
P-6613,V-6614,upstream-of
E-6615,LT-6616,feeds
LT-6616,FT-6617,discharges-to
FT-6617,V-6618,downstream-of
COL-6619,FT-6620,on-line
P-6621,V-6622,feeds
V-6622,P-6623,feeds
P-6623,TT-6624,on-line
TT-6624,PSV-6625,downstream-of
PSV-6625,V-6626,feeds
V-6626,FCV-6627,feeds
FCV-6627,PT-6628,on-line
PT-6628,PT-6629,upstream-of
LT-6630,P-6631,downstream-of
P-6631,PSV-6632,on-line
K-6633,FCV-6634,discharges-to
FCV-6634,PSV-6635,discharges-to
V-6636,V-6637,feeds
FCV-6642,LT-6643,upstream-of
LT-6643,P-6644,upstream-of
P-6644,FCV-6645,discharges-to
FCV-6645,FCV-6646,feeds
FCV-6646,PT-6647,downstream-of
PT-6647,FT-6648,on-line
FT-6649,XV-6650,feeds
XV-6650,PT-6651,on-line
FCV-6654,COL-6655,on-line
COL-6655,FT-6656,upstream-of
FT-6656,FT-6657,upstream-of
FT-6657,XV-6658,feeds
FT-6659,FCV-6660,feeds
P-6661,V-6662,discharges-to
V-6662,FCV-6663,upstream-of
FCV-6663,K-6664,discharges-to
K-6664,XV-6665,downstream-of
XV-6665,PSV-6666,on-line
PSV-6666,TT-6667,upstream-of
TT-6667,V-6668,on-line
PT-6669,FT-6670,upstream-of
FT-6670,FCV-6671,on-line
XV-6672,K-6673,discharges-to
K-6673,PT-6674,on-line
PT-6674,LT-6675,downstream-of
LT-6676,FCV-6677,feeds
FCV-6677,V-6678,feeds
V-6678,FCV-6679,on-line
FCV-6679,PT-6680,feeds
PT-6680,LT-6681,on-line
LT-6681,P-6682,downstream-of
P-6682,PT-6683,on-line
PT-6683,V-6684,discharges-to
XV-6685,XV-6686,on-line
E-6687,FT-6688,on-line
FT-6688,E-6689,downstream-of
E-6689,E-6690,feeds
E-6690,PSV-6691,on-line
PT-6692,K-6693,downstream-of
P-6694,FCV-6695,upstream-of
FCV-6695,PSV-6696,on-line
PSV-6696,TT-6697,on-line
P-6698,K-6699,feeds
P-6700,PSV-6701,upstream-of
PSV-6701,LT-6702,discharges-to
LT-6702,TT-6703,feeds
XV-6704,E-6705,upstream-of
E-6705,XV-6706,feeds
XV-6706,FT-6707,upstream-of
FT-6707,TT-6708,upstream-of
LT-6709,P-6710,on-line
P-6710,LT-6711,feeds
FT-6712,FT-6713,downstream-of
FT-6713,P-6714,on-line
PSV-6716,P-6717,upstream-of
P-6717,FT-6718,downstream-of
FT-6718,K-6719,downstream-of
E-6720,PT-6721,discharges-to
PT-6721,P-6722,upstream-of
TT-6724,K-6725,on-line
E-6726,PT-6727,feeds
PT-6727,P-6728,on-line
P-6728,P-6729,feeds
COL-6730,V-6731,on-line
LT-6732,E-6733,on-line
E-6733,LT-6734,on-line
LT-6734,COL-6735,upstream-of
LT-6736,P-6737,feeds
P-6737,K-6738,discharges-to
E-6739,FT-6740,discharges-to
FT-6740,TT-6741,downstream-of
PSV-6742,COL-6743,on-line
LT-6744,XV-6745,downstream-of
XV-6745,FCV-6746,downstream-of
FT-6749,E-6750,upstream-of
E-6750,LT-6751,downstream-of
LT-6751,FT-6752,on-line
E-6753,P-6754,downstream-of
E-6755,P-6756,upstream-of
FCV-6758,XV-6759,discharges-to
XV-6759,PSV-6760,on-line
PSV-6760,COL-6761,feeds
COL-6761,XV-6762,upstream-of
XV-6762,FCV-6763,upstream-of
FCV-6763,FT-6764,on-line
FT-6764,TT-6765,discharges-to
TT-6765,K-6766,upstream-of
K-6766,FCV-6767,on-line
PT-6768,FT-6769,feeds
FT-6769,FT-6770,feeds
COL-6771,V-6772,upstream-of
V-6772,P-6773,downstream-of
V-6774,FCV-6775,feeds
FCV-6775,PSV-6776,on-line
PSV-6776,PSV-6777,discharges-to
PSV-6777,PSV-6778,upstream-of
PSV-6778,P-6779,discharges-to
P-6779,V-6780,downstream-of
V-6780,COL-6781,discharges-to
PT-6782,FCV-6783,on-line
FCV-6783,PT-6784,discharges-to
PT-6784,V-6785,feeds
V-6785,FCV-6786,downstream-of
FCV-6786,FT-6787,feeds
PSV-6789,PT-6790,feeds
PT-6790,P-6791,feeds
P-6791,FCV-6792,upstream-of
FCV-6792,COL-6793,feeds
COL-6793,P-6794,discharges-to
P-6794,K-6795,on-line
K-6795,FCV-6796,feeds
XV-6798,PSV-6799,downstream-of
LT-6800,PSV-6801,feeds
PSV-6801,FT-6802,discharges-to
FT-6802,TT-6803,on-line
TT-6803,PT-6804,discharges-to
PT-6804,FCV-6805,feeds
FCV-6805,LT-6806,feeds
LT-6806,XV-6807,downstream-of
COL-6808,TT-6809,upstream-of
TT-6809,PT-6810,downstream-of
PT-6810,E-6811,discharges-to
E-6811,FCV-6812,upstream-of
FCV-6812,XV-6813,upstream-of
XV-6813,P-6814,upstream-of
P-6814,FCV-6815,discharges-to
FCV-6815,P-6816,on-line
P-6816,COL-6817,discharges-to
COL-6817,XV-6818,discharges-to
TT-6819,E-6820,downstream-of
E-6820,E-6821,discharges-to
P-6822,PT-6823,on-line
PT-6823,K-6824,feeds
V-6825,V-6826,feeds
PSV-6827,PT-6828,upstream-of
PT-6828,PT-6829,feeds
PT-6829,P-6830,feeds
P-6830,P-6831,feeds
P-6831,E-6832,discharges-to
V-6834,E-6835,downstream-of
E-6835,XV-6836,feeds
XV-6836,FCV-6837,downstream-of
FCV-6837,XV-6838,downstream-of
XV-6838,LT-6839,feeds
LT-6839,XV-6840,upstream-of
XV-6840,PSV-6841,on-line
PSV-6841,LT-6842,upstream-of
LT-6842,XV-6843,on-line
TT-6844,COL-6845,on-line
COL-6845,XV-6846,on-line
XV-6846,K-6847,on-line
K-6847,V-6848,discharges-to
V-6848,PSV-6849,upstream-of
PSV-6849,TT-6850,feeds
TT-6850,K-6851,discharges-to
V-6853,V-6854,on-line
V-6854,PSV-6855,on-line
P-6856,PT-6857,discharges-to
PT-6857,FCV-6858,upstream-of
FCV-6858,PT-6859,feeds
PT-6859,TT-6860,upstream-of
TT-6860,LT-6861,downstream-of
LT-6861,XV-6862,upstream-of
XV-6862,XV-6863,downstream-of
E-6865,PT-6866,feeds
PT-6866,P-6867,on-line
P-6867,P-6868,discharges-to
P-6868,PSV-6869,downstream-of
PSV-6869,TT-6870,on-line
XV-6872,TT-6873,discharges-to
TT-6873,LT-6874,upstream-of
LT-6874,PSV-6875,feeds
PT-6876,LT-6877,downstream-of
LT-6877,COL-6878,discharges-to
COL-6878,PT-6879,discharges-to
PT-6879,E-6880,discharges-to
E-6880,FCV-6881,downstream-of
FCV-6881,P-6882,feeds
P-6882,E-6883,on-line
E-6883,E-6884,discharges-to
E-6884,P-6885,upstream-of
P-6886,FCV-6887,upstream-of
FCV-6887,PT-6888,discharges-to
PT-6888,FCV-6889,feeds
FCV-6889,PSV-6890,feeds
TT-6891,PSV-6892,on-line
PSV-6892,PSV-6893,upstream-of
FT-6894,LT-6895,discharges-to
V-6896,XV-6897,discharges-to
XV-6897,LT-6898,on-line
COL-6899,LT-6900,on-line
LT-6900,LT-6901,upstream-of
PT-6903,PT-6904,downstream-of
PT-6904,P-6905,downstream-of
LT-6908,COL-6909,discharges-to
COL-6909,PT-6910,feeds
PT-6910,K-6911,discharges-to
FT-6912,V-6913,discharges-to
V-6914,P-6915,discharges-to
XV-6917,K-6918,on-line
FT-6919,P-6920,upstream-of
P-6920,PSV-6921,feeds
PSV-6921,K-6922,discharges-to
FT-6923,P-6924,discharges-to
P-6924,FCV-6925,feeds
P-6926,K-6927,feeds
TT-6928,COL-6929,downstream-of
COL-6929,PSV-6930,discharges-to
PSV-6930,COL-6931,discharges-to
COL-6931,COL-6932,feeds
COL-6932,LT-6933,discharges-to
LT-6933,P-6934,upstream-of
P-6934,TT-6935,upstream-of
FCV-6936,FCV-6937,on-line
FCV-6937,XV-6938,feeds
XV-6938,K-6939,upstream-of
LT-6942,FT-6943,upstream-of
FT-6943,COL-6944,downstream-of
COL-6944,PSV-6945,upstream-of
PSV-6945,TT-6946,downstream-of
TT-6946,COL-6947,downstream-of
COL-6947,XV-6948,discharges-to
XV-6948,E-6949,on-line
E-6949,PSV-6950,discharges-to
PSV-6950,FT-6951,upstream-of
FT-6951,COL-6952,on-line
COL-6952,LT-6953,discharges-to
LT-6953,PSV-6954,discharges-to
COL-6956,TT-6957,downstream-of
TT-6957,FCV-6958,downstream-of
E-6959,V-6960,feeds
XV-6961,COL-6962,feeds
COL-6962,PT-6963,on-line
FT-6964,COL-6965,on-line
COL-6965,PSV-6966,feeds
PSV-6966,PSV-6967,feeds
PSV-6967,TT-6968,upstream-of
TT-6968,LT-6969,on-line
LT-6969,E-6970,on-line
E-6970,LT-6971,on-line
LT-6971,K-6972,on-line
K-6972,PSV-6973,on-line
PSV-6973,XV-6974,on-line
XV-6974,K-6975,discharges-to
K-6975,LT-6976,downstream-of
XV-6977,TT-6978,discharges-to
TT-6978,FCV-6979,downstream-of
FCV-6979,K-6980,feeds
K-6980,E-6981,downstream-of
PT-6982,PT-6983,upstream-of
PT-6983,XV-6984,upstream-of
XV-6984,E-6985,downstream-of
E-6985,E-6986,discharges-to
E-6986,COL-6987,upstream-of
COL-6987,TT-6988,upstream-of
PSV-6990,TT-6991,discharges-to
TT-6991,PT-6992,upstream-of
PT-6992,XV-6993,feeds
XV-6993,TT-6994,feeds
TT-6994,LT-6995,upstream-of
LT-6995,FCV-6996,on-line
P-6997,TT-6998,feeds
PT-6999,FT-7000,discharges-to
FT-7000,PT-7001,feeds
PT-7001,P-7002,downstream-of
P-7002,V-7003,feeds
V-7003,COL-7004,upstream-of
COL-7004,P-7005,on-line
P-7005,E-7006,feeds
P-7007,PT-7008,upstream-of
PT-7008,E-7009,upstream-of
E-7009,COL-7010,discharges-to
P-7011,FCV-7012,feeds
FCV-7012,PSV-7013,discharges-to
PSV-7013,V-7014,discharges-to
E-7015,V-7016,feeds
XV-7017,TT-7018,upstream-of
TT-7020,LT-7021,downstream-of
E-7022,K-7023,downstream-of
K-7023,V-7024,feeds
V-7024,COL-7025,upstream-of
COL-7025,COL-7026,on-line
COL-7026,E-7027,upstream-of
LT-7028,LT-7029,downstream-of
LT-7029,V-7030,downstream-of
FCV-7031,FT-7032,feeds
FCV-7033,PSV-7034,downstream-of
P-7035,P-7036,upstream-of
P-7038,PSV-7039,feeds
PSV-7039,K-7040,upstream-of
TT-7041,K-7042,upstream-of
K-7042,E-7043,on-line
E-7043,PSV-7044,upstream-of
PSV-7044,TT-7045,discharges-to
TT-7045,E-7046,upstream-of
E-7046,XV-7047,downstream-of
XV-7047,TT-7048,upstream-of
TT-7048,FCV-7049,upstream-of
P-7050,LT-7051,downstream-of
FCV-7054,LT-7055,discharges-to
V-7056,TT-7057,on-line
TT-7057,PT-7058,on-line
PT-7058,COL-7059,downstream-of
COL-7059,PT-7060,on-line
PT-7060,PSV-7061,discharges-to
PSV-7061,PT-7062,discharges-to
PT-7062,LT-7063,downstream-of
COL-7064,LT-7065,on-line
COL-7066,E-7067,discharges-to
XV-7070,PSV-7071,on-line
PSV-7071,FCV-7072,discharges-to
FCV-7072,COL-7073,on-line
XV-7074,COL-7075,downstream-of
COL-7075,COL-7076,on-line
COL-7076,P-7077,discharges-to
P-7077,TT-7078,upstream-of
TT-7078,E-7079,discharges-to
E-7079,K-7080,upstream-of
E-7081,COL-7082,upstream-of
PT-7083,LT-7084,feeds
XV-7085,PSV-7086,upstream-of
PSV-7086,V-7087,feeds
E-7088,XV-7089,feeds
XV-7089,XV-7090,upstream-of
XV-7090,V-7091,upstream-of
FCV-7093,P-7094,on-line
P-7094,COL-7095,on-line
PT-7096,TT-7097,on-line
V-7098,XV-7099,on-line
XV-7099,XV-7100,downstream-of
XV-7100,TT-7101,downstream-of
TT-7101,TT-7102,upstream-of
TT-7102,TT-7103,discharges-to
PSV-7110,TT-7111,on-line
FT-7112,LT-7113,upstream-of
P-7115,LT-7116,on-line
E-7117,FCV-7118,discharges-to
FCV-7118,LT-7119,on-line
LT-7119,PSV-7120,downstream-of
K-7121,LT-7122,on-line
LT-7122,FCV-7123,upstream-of
FCV-7123,P-7124,downstream-of
P-7126,PT-7127,on-line
PT-7127,E-7128,feeds
E-7128,P-7129,upstream-of
XV-7130,V-7131,feeds
PT-7132,FT-7133,on-line
FT-7133,E-7134,upstream-of
E-7134,COL-7135,upstream-of
COL-7135,COL-7136,upstream-of
COL-7136,LT-7137,downstream-of
LT-7137,LT-7138,discharges-to
LT-7138,PSV-7139,upstream-of
PSV-7139,FT-7140,downstream-of
FT-7140,PT-7141,on-line
PT-7142,P-7143,on-line
P-7143,K-7144,downstream-of
V-7146,P-7147,on-line
P-7147,V-7148,feeds
COL-7150,FCV-7151,upstream-of
FCV-7151,FT-7152,on-line
V-7153,K-7154,on-line
PSV-7155,COL-7156,downstream-of
COL-7156,XV-7157,downstream-of
XV-7157,PSV-7158,on-line
V-7159,LT-7160,downstream-of
LT-7160,PSV-7161,feeds
PSV-7162,LT-7163,on-line
LT-7163,E-7164,downstream-of
E-7164,P-7165,discharges-to
P-7165,XV-7166,upstream-of
TT-7167,COL-7168,downstream-of
PSV-7169,XV-7170,feeds
P-7171,E-7172,feeds
E-7172,E-7173,upstream-of
PT-7174,TT-7175,feeds
P-7176,PSV-7177,discharges-to
PSV-7177,E-7178,upstream-of
E-7178,PSV-7179,feeds
PSV-7179,PSV-7180,discharges-to
PSV-7180,TT-7181,feeds
LT-7183,E-7184,feeds
COL-7186,P-7187,feeds
P-7187,PSV-7188,downstream-of
PSV-7188,XV-7189,on-line
XV-7189,COL-7190,feeds
COL-7190,FCV-7191,discharges-to
FCV-7191,PSV-7192,downstream-of
PSV-7192,TT-7193,on-line
TT-7193,K-7194,upstream-of
K-7194,V-7195,discharges-to
V-7195,FCV-7196,feeds
FCV-7196,FCV-7197,discharges-to
LT-7198,PT-7199,feeds
PT-7199,FCV-7200,discharges-to
FCV-7200,FCV-7201,on-line
FCV-7201,V-7202,discharges-to
K-7203,K-7204,on-line
COL-7206,PSV-7207,on-line
PSV-7207,FT-7208,on-line
FT-7208,P-7209,upstream-of
P-7210,XV-7211,on-line
XV-7211,XV-7212,discharges-to
XV-7212,K-7213,feeds
V-7214,V-7215,on-line
V-7215,PT-7216,discharges-to
PT-7216,PSV-7217,on-line
E-7218,P-7219,discharges-to
P-7219,FCV-7220,on-line
FCV-7220,V-7221,feeds
K-7222,FCV-7223,feeds
P-7226,FT-7227,on-line
FT-7227,P-7228,downstream-of
P-7228,FCV-7229,downstream-of
FCV-7229,P-7230,downstream-of
P-7230,PT-7231,feeds
PT-7231,XV-7232,feeds
P-7233,TT-7234,downstream-of
COL-7235,P-7236,feeds
P-7236,PT-7237,discharges-to
PT-7237,LT-7238,feeds
LT-7238,XV-7239,upstream-of
PT-7245,LT-7246,on-line
LT-7246,TT-7247,discharges-to
FT-7248,PT-7249,feeds
PT-7249,LT-7250,on-line
LT-7250,LT-7251,downstream-of
FT-7252,P-7253,discharges-to
P-7253,K-7254,upstream-of
K-7254,PSV-7255,discharges-to
PSV-7255,V-7256,discharges-to
V-7256,XV-7257,upstream-of
XV-7257,FCV-7258,feeds
XV-7260,PT-7261,upstream-of
E-7262,COL-7263,downstream-of
COL-7263,TT-7264,feeds
TT-7264,P-7265,on-line
PSV-7268,K-7269,discharges-to
K-7269,V-7270,upstream-of
COL-7273,FCV-7274,discharges-to
FCV-7274,LT-7275,on-line
PT-7276,TT-7277,downstream-of
E-7278,PSV-7279,downstream-of
PSV-7279,LT-7280,feeds
LT-7280,XV-7281,upstream-of
LT-7282,FT-7283,upstream-of
FT-7283,COL-7284,discharges-to
PSV-7285,P-7286,discharges-to
P-7286,FT-7287,feeds
FT-7287,E-7288,feeds
COL-7290,PSV-7291,feeds
PSV-7291,FT-7292,discharges-to
FT-7292,LT-7293,discharges-to
LT-7293,P-7294,feeds
PSV-7295,PSV-7296,discharges-to
FCV-7297,PSV-7298,discharges-to
PSV-7298,PSV-7299,feeds
PSV-7299,P-7300,upstream-of
P-7300,LT-7301,on-line
LT-7301,K-7302,discharges-to
K-7302,XV-7303,upstream-of
XV-7303,P-7304,on-line
P-7304,P-7305,downstream-of
P-7305,XV-7306,downstream-of
XV-7306,FT-7307,upstream-of
FT-7307,FT-7308,downstream-of
FT-7308,E-7309,upstream-of
E-7309,XV-7310,on-line
XV-7310,FT-7311,upstream-of
FT-7311,E-7312,upstream-of
E-7312,COL-7313,downstream-of
COL-7313,P-7314,downstream-of
FCV-7315,K-7316,on-line
E-7317,TT-7318,discharges-to
PSV-7319,COL-7320,feeds
COL-7320,TT-7321,feeds
TT-7321,E-7322,feeds
E-7322,V-7323,downstream-of
V-7323,PSV-7324,upstream-of
PSV-7324,PSV-7325,upstream-of
PT-7326,V-7327,feeds
V-7327,E-7328,upstream-of
E-7328,K-7329,feeds
K-7329,COL-7330,downstream-of
COL-7330,P-7331,on-line
P-7331,V-7332,on-line
XV-7333,XV-7334,downstream-of
XV-7334,XV-7335,downstream-of
XV-7335,LT-7336,upstream-of
LT-7336,P-7337,on-line
P-7337,P-7338,on-line
TT-7342,E-7343,feeds
FCV-7344,FCV-7345,feeds
P-7347,FCV-7348,feeds
FCV-7348,K-7349,feeds
K-7349,LT-7350,feeds
LT-7350,PT-7351,upstream-of
PT-7351,P-7352,feeds
XV-7355,V-7356,upstream-of
FT-7360,XV-7361,upstream-of
XV-7361,TT-7362,on-line
TT-7362,COL-7363,feeds
P-7364,PT-7365,on-line
COL-7369,COL-7370,on-line
COL-7370,XV-7371,discharges-to
V-7372,P-7373,discharges-to
LT-7375,XV-7376,discharges-to
XV-7376,XV-7377,on-line
XV-7377,P-7378,discharges-to
P-7381,PSV-7382,discharges-to
PSV-7382,PT-7383,feeds
PT-7383,K-7384,feeds
K-7384,TT-7385,discharges-to
TT-7385,TT-7386,upstream-of
TT-7386,LT-7387,on-line
LT-7387,XV-7388,downstream-of
V-7390,PSV-7391,upstream-of
PSV-7391,P-7392,upstream-of
P-7392,V-7393,feeds
V-7393,P-7394,feeds
P-7394,P-7395,downstream-of
P-7395,PSV-7396,on-line
FT-7397,K-7398,upstream-of
K-7398,PSV-7399,feeds
PSV-7399,P-7400,feeds
LT-7402,P-7403,downstream-of
P-7403,PSV-7404,downstream-of
V-7405,LT-7406,upstream-of
P-7407,FCV-7408,downstream-of
FCV-7408,COL-7409,feeds
COL-7409,P-7410,on-line
P-7410,PSV-7411,feeds
PSV-7411,K-7412,on-line
K-7412,LT-7413,downstream-of
LT-7413,V-7414,downstream-of
V-7414,V-7415,discharges-to
V-7415,PSV-7416,on-line
PSV-7416,K-7417,downstream-of
FCV-7418,PSV-7419,upstream-of
PSV-7419,K-7420,on-line
K-7420,PSV-7421,feeds
V-7422,K-7423,on-line
K-7423,E-7424,on-line
E-7424,FT-7425,discharges-to
FT-7425,XV-7426,discharges-to
XV-7426,PSV-7427,feeds
PSV-7427,PT-7428,feeds
PSV-7429,LT-7430,downstream-of
LT-7430,TT-7431,downstream-of
TT-7431,FCV-7432,on-line
COL-7434,P-7435,feeds
E-7437,E-7438,feeds
E-7438,LT-7439,upstream-of
LT-7439,TT-7440,feeds
TT-7440,E-7441,discharges-to
E-7441,E-7442,downstream-of
E-7442,COL-7443,on-line
COL-7443,XV-7444,discharges-to
LT-7445,K-7446,downstream-of
K-7446,FCV-7447,downstream-of
FCV-7447,FT-7448,discharges-to
FT-7448,FCV-7449,discharges-to
FCV-7449,V-7450,feeds
V-7450,PSV-7451,feeds
P-7452,V-7453,feeds
V-7453,FT-7454,upstream-of
FT-7454,V-7455,feeds
V-7455,V-7456,feeds
V-7456,FT-7457,on-line
FT-7457,COL-7458,discharges-to
COL-7459,E-7460,feeds
P-7461,LT-7462,on-line
LT-7462,XV-7463,downstream-of
XV-7463,K-7464,on-line
P-7465,P-7466,discharges-to
P-7466,P-7467,on-line
P-7467,PT-7468,discharges-to
PT-7468,COL-7469,on-line
COL-7469,P-7470,discharges-to
FCV-7472,LT-7473,on-line
LT-7473,PT-7474,upstream-of
PT-7474,XV-7475,downstream-of
P-7478,E-7479,on-line
E-7479,XV-7480,on-line
XV-7480,K-7481,feeds
K-7481,FT-7482,downstream-of
V-7483,PSV-7484,downstream-of
PSV-7484,P-7485,feeds
TT-7486,LT-7487,on-line
LT-7487,P-7488,downstream-of
P-7488,PSV-7489,discharges-to
PSV-7489,FCV-7490,on-line
FCV-7490,FCV-7491,feeds
FCV-7491,PSV-7492,on-line
PSV-7492,P-7493,on-line
P-7493,P-7494,discharges-to
P-7494,V-7495,upstream-of
V-7495,P-7496,on-line
P-7496,P-7497,upstream-of
P-7497,XV-7498,downstream-of
XV-7499,K-7500,downstream-of
K-7500,TT-7501,downstream-of
TT-7501,FCV-7502,downstream-of
FCV-7502,XV-7503,downstream-of
XV-7503,V-7504,feeds
V-7504,XV-7505,downstream-of
XV-7505,P-7506,discharges-to
P-7506,COL-7507,downstream-of
COL-7507,P-7508,downstream-of
P-7508,P-7509,downstream-of
P-7509,K-7510,on-line
K-7510,V-7511,downstream-of
V-7511,V-7512,feeds
V-7512,PSV-7513,feeds
PSV-7513,K-7514,discharges-to
V-7515,LT-7516,on-line
LT-7516,PSV-7517,downstream-of
PT-7519,COL-7520,on-line
COL-7520,P-7521,upstream-of
P-7521,K-7522,downstream-of
K-7522,PT-7523,feeds
PT-7523,P-7524,upstream-of
P-7524,K-7525,upstream-of
P-7526,LT-7527,on-line
FT-7528,PT-7529,discharges-to
V-7531,P-7532,upstream-of
P-7532,K-7533,feeds
K-7533,COL-7534,downstream-of
E-7535,COL-7536,on-line
COL-7536,E-7537,downstream-of
P-7540,TT-7541,discharges-to
E-7542,FCV-7543,upstream-of
FCV-7543,K-7544,discharges-to
K-7544,PT-7545,feeds
PT-7545,COL-7546,on-line
COL-7546,V-7547,feeds
FCV-7548,FT-7549,discharges-to
FT-7549,E-7550,upstream-of
E-7550,TT-7551,upstream-of
TT-7551,V-7552,feeds
K-7553,V-7554,feeds
FCV-7556,V-7557,discharges-to
V-7557,XV-7558,on-line
XV-7558,P-7559,discharges-to
P-7559,COL-7560,downstream-of
P-7561,LT-7562,downstream-of
LT-7562,TT-7563,downstream-of
TT-7563,E-7564,on-line
E-7564,E-7565,feeds
TT-7567,COL-7568,feeds
COL-7568,COL-7569,downstream-of
COL-7569,E-7570,on-line
E-7570,K-7571,discharges-to
K-7571,PSV-7572,on-line
PSV-7572,PT-7573,upstream-of
PT-7573,COL-7574,feeds
P-7576,P-7577,upstream-of
P-7577,FT-7578,downstream-of
FT-7578,TT-7579,on-line
TT-7579,P-7580,upstream-of
P-7580,P-7581,downstream-of
P-7581,PSV-7582,upstream-of
XV-7583,K-7584,feeds
K-7584,E-7585,feeds
E-7585,P-7586,downstream-of
P-7586,V-7587,upstream-of
V-7587,K-7588,downstream-of
K-7588,P-7589,downstream-of
P-7589,TT-7590,upstream-of
TT-7590,TT-7591,on-line
TT-7591,XV-7592,on-line
FT-7593,LT-7594,upstream-of
LT-7594,COL-7595,on-line
V-7596,V-7597,discharges-to
V-7597,P-7598,upstream-of
P-7598,LT-7599,upstream-of
K-7600,E-7601,on-line
E-7601,XV-7602,discharges-to
XV-7602,E-7603,downstream-of
LT-7604,TT-7605,discharges-to
TT-7605,P-7606,feeds
P-7606,P-7607,feeds
P-7607,P-7608,downstream-of
P-7608,PSV-7609,discharges-to
PSV-7609,COL-7610,on-line
COL-7610,P-7611,discharges-to
FT-7612,P-7613,upstream-of
P-7613,P-7614,downstream-of
P-7614,LT-7615,downstream-of
LT-7615,V-7616,on-line
V-7616,FT-7617,downstream-of
P-7619,PSV-7620,downstream-of
PSV-7620,PSV-7621,downstream-of
PSV-7621,PT-7622,upstream-of
PT-7622,PT-7623,discharges-to
PT-7623,FCV-7624,upstream-of
FCV-7624,LT-7625,downstream-of
PSV-7626,FT-7627,discharges-to
FT-7627,LT-7628,upstream-of
FT-7629,V-7630,discharges-to
V-7630,K-7631,discharges-to
K-7631,XV-7632,discharges-to
P-7633,E-7634,discharges-to
E-7634,E-7635,feeds
COL-7636,PT-7637,on-line
PT-7637,LT-7638,feeds
LT-7638,E-7639,feeds
E-7639,P-7640,upstream-of
P-7640,FT-7641,downstream-of
FCV-7642,E-7643,on-line
E-7643,E-7644,upstream-of
P-7646,PT-7647,on-line
PT-7647,TT-7648,discharges-to
TT-7648,V-7649,upstream-of
V-7649,V-7650,discharges-to
P-7651,E-7652,on-line
E-7652,XV-7653,upstream-of
XV-7653,V-7654,upstream-of
V-7654,P-7655,discharges-to
P-7655,FCV-7656,on-line
FCV-7656,TT-7657,discharges-to
V-7659,PSV-7660,downstream-of
PSV-7660,PT-7661,on-line
FCV-7663,E-7664,upstream-of
E-7664,P-7665,feeds
P-7665,P-7666,on-line
K-7667,FT-7668,downstream-of
P-7669,V-7670,downstream-of
V-7670,K-7671,upstream-of
K-7671,P-7672,feeds
FT-7673,FCV-7674,on-line
FCV-7674,COL-7675,discharges-to
COL-7675,TT-7676,upstream-of
TT-7676,FT-7677,downstream-of
LT-7679,TT-7680,on-line
TT-7680,XV-7681,downstream-of
XV-7681,COL-7682,discharges-to
COL-7682,LT-7683,upstream-of
LT-7683,PSV-7684,upstream-of
PSV-7684,K-7685,discharges-to
PT-7687,FCV-7688,on-line
FCV-7688,FCV-7689,discharges-to
FCV-7689,COL-7690,upstream-of
COL-7690,PSV-7691,feeds
PSV-7691,E-7692,on-line
E-7692,XV-7693,downstream-of
XV-7693,FT-7694,downstream-of
PSV-7695,V-7696,downstream-of
TT-7697,COL-7698,discharges-to
COL-7698,FCV-7699,feeds
FCV-7699,V-7700,feeds
V-7700,P-7701,discharges-to
P-7701,TT-7702,upstream-of
P-7703,FT-7704,discharges-to
FCV-7705,FCV-7706,feeds
K-7707,LT-7708,feeds
LT-7708,E-7709,downstream-of
E-7709,TT-7710,feeds
K-7711,FT-7712,feeds
PT-7713,P-7714,downstream-of
P-7716,P-7717,downstream-of
P-7717,FT-7718,on-line
FT-7720,K-7721,downstream-of
K-7721,PSV-7722,upstream-of
COL-7723,FT-7724,downstream-of
COL-7725,FCV-7726,discharges-to
FCV-7726,PSV-7727,downstream-of
PSV-7727,FT-7728,feeds
FT-7728,LT-7729,discharges-to
LT-7729,FCV-7730,feeds
FCV-7730,LT-7731,downstream-of
LT-7731,K-7732,discharges-to
K-7735,XV-7736,downstream-of
FT-7738,V-7739,feeds
LT-7742,P-7743,downstream-of
P-7743,P-7744,feeds
P-7744,V-7745,feeds
V-7745,COL-7746,on-line
COL-7746,E-7747,upstream-of
V-7748,XV-7749,downstream-of
XV-7749,K-7750,on-line
K-7750,FT-7751,discharges-to
FT-7751,XV-7752,upstream-of
XV-7752,K-7753,downstream-of
P-7756,TT-7757,downstream-of
COL-7758,FT-7759,discharges-to
FT-7761,P-7762,upstream-of
E-7764,TT-7765,upstream-of
TT-7765,FCV-7766,on-line
P-7767,PSV-7768,upstream-of
PSV-7768,P-7769,downstream-of
P-7769,LT-7770,downstream-of
LT-7770,K-7771,downstream-of
K-7771,PT-7772,feeds
FT-7773,P-7774,feeds
P-7774,COL-7775,upstream-of
COL-7775,K-7776,on-line
K-7776,P-7777,downstream-of
P-7777,P-7778,discharges-to
P-7778,V-7779,downstream-of
V-7779,K-7780,feeds
K-7780,TT-7781,on-line
TT-7781,PT-7782,discharges-to
PT-7782,V-7783,downstream-of
V-7783,FT-7784,on-line
FT-7784,PSV-7785,on-line
PSV-7785,P-7786,feeds
PT-7789,E-7790,feeds
E-7790,P-7791,upstream-of
P-7792,FCV-7793,feeds
FCV-7793,V-7794,downstream-of
V-7794,PT-7795,on-line
P-7796,PSV-7797,on-line
PSV-7797,P-7798,on-line
P-7798,V-7799,on-line
V-7799,LT-7800,upstream-of
LT-7800,PSV-7801,feeds
P-7802,TT-7803,discharges-to
TT-7803,TT-7804,feeds
E-7805,XV-7806,downstream-of
XV-7806,FCV-7807,feeds
FCV-7807,LT-7808,on-line
LT-7808,K-7809,on-line
K-7809,FCV-7810,upstream-of
FCV-7810,P-7811,upstream-of
P-7811,K-7812,on-line
K-7812,FCV-7813,upstream-of
FCV-7813,PT-7814,feeds
PT-7814,PT-7815,downstream-of
PT-7815,P-7816,upstream-of
P-7816,LT-7817,upstream-of
V-7819,COL-7820,discharges-to
COL-7820,FCV-7821,on-line
E-7824,XV-7825,upstream-of
XV-7825,K-7826,upstream-of
K-7827,K-7828,downstream-of
K-7828,FCV-7829,feeds
P-7830,K-7831,upstream-of
K-7831,P-7832,upstream-of
P-7832,PT-7833,feeds
PT-7833,TT-7834,discharges-to
FT-7835,P-7836,feeds
LT-7838,FT-7839,upstream-of
FT-7839,FT-7840,on-line
FT-7840,FT-7841,downstream-of
FT-7841,XV-7842,discharges-to
XV-7842,FT-7843,discharges-to
P-7844,XV-7845,downstream-of
P-7846,K-7847,on-line
K-7847,XV-7848,feeds
XV-7849,P-7850,feeds
P-7851,PT-7852,downstream-of
PT-7852,PT-7853,on-line
PT-7853,PSV-7854,downstream-of
PSV-7854,P-7855,upstream-of
P-7855,PSV-7856,feeds
PSV-7856,FT-7857,downstream-of
FT-7857,PT-7858,on-line
PT-7858,LT-7859,downstream-of
LT-7859,PT-7860,upstream-of
P-7861,V-7862,upstream-of
V-7862,P-7863,feeds
FCV-7866,FT-7867,discharges-to
COL-7871,LT-7872,discharges-to
LT-7872,COL-7873,feeds
COL-7873,V-7874,on-line
XV-7877,XV-7878,downstream-of
XV-7878,E-7879,downstream-of
E-7879,V-7880,upstream-of
XV-7881,PSV-7882,downstream-of
PT-7883,P-7884,upstream-of
P-7885,FT-7886,upstream-of
FT-7886,K-7887,upstream-of
FCV-7890,COL-7891,on-line
V-7892,P-7893,on-line
P-7893,V-7894,downstream-of
V-7895,FT-7896,feeds
PT-7899,K-7900,on-line
K-7900,K-7901,discharges-to
K-7901,LT-7902,upstream-of
LT-7902,COL-7903,upstream-of
E-7906,K-7907,upstream-of
K-7907,V-7908,feeds
V-7908,FCV-7909,feeds
FCV-7911,P-7912,on-line
P-7912,FCV-7913,downstream-of
FCV-7913,FT-7914,discharges-to
FT-7914,E-7915,downstream-of
E-7915,TT-7916,feeds
PSV-7917,TT-7918,on-line
PT-7919,XV-7920,downstream-of
XV-7920,K-7921,discharges-to
K-7921,K-7922,on-line
K-7922,LT-7923,discharges-to
PT-7924,PT-7925,upstream-of
PT-7925,FT-7926,downstream-of
FT-7926,COL-7927,downstream-of
COL-7927,PT-7928,upstream-of
PT-7928,COL-7929,on-line
COL-7929,FT-7930,on-line
FT-7930,XV-7931,discharges-to
FCV-7933,P-7934,on-line
P-7934,K-7935,on-line
K-7935,P-7936,on-line
P-7936,TT-7937,discharges-to
TT-7937,LT-7938,discharges-to
LT-7938,TT-7939,on-line
TT-7939,PSV-7940,downstream-of
TT-7941,K-7942,discharges-to
K-7942,XV-7943,discharges-to
TT-7945,LT-7946,downstream-of
E-7947,COL-7948,feeds
PSV-7949,E-7950,feeds
E-7950,E-7951,downstream-of
COL-7952,FT-7953,upstream-of
FT-7953,E-7954,downstream-of
E-7954,P-7955,downstream-of
P-7955,XV-7956,upstream-of
XV-7956,LT-7957,upstream-of
FCV-7959,PT-7960,discharges-to
PT-7960,PSV-7961,discharges-to
PSV-7961,XV-7962,upstream-of
XV-7962,COL-7963,feeds
COL-7963,FT-7964,downstream-of
FT-7964,TT-7965,feeds
TT-7965,P-7966,upstream-of
V-7967,P-7968,downstream-of
K-7969,PT-7970,upstream-of
PT-7970,PSV-7971,on-line
K-7972,LT-7973,upstream-of
K-7974,PSV-7975,on-line
V-7977,LT-7978,discharges-to
PT-7979,FT-7980,feeds
FT-7980,PT-7981,discharges-to
PT-7981,COL-7982,feeds
V-7983,XV-7984,discharges-to
XV-7984,V-7985,on-line
V-7985,TT-7986,downstream-of
TT-7986,PT-7987,upstream-of
PT-7987,XV-7988,feeds
XV-7988,FCV-7989,feeds
FCV-7989,TT-7990,discharges-to
TT-7990,K-7991,downstream-of
K-7991,V-7992,feeds
K-7993,E-7994,on-line
E-7994,FT-7995,discharges-to
FT-7995,XV-7996,upstream-of
K-8000,PSV-8001,on-line
PSV-8001,PT-8002,on-line
PT-8002,K-8003,feeds
K-8003,K-8004,on-line
K-8004,V-8005,upstream-of
V-8005,P-8006,upstream-of
P-8006,LT-8007,on-line
LT-8007,V-8008,discharges-to
E-8009,TT-8010,on-line
V-8011,PT-8012,upstream-of
FCV-8014,FCV-8015,upstream-of
K-8016,XV-8017,feeds
XV-8017,P-8018,discharges-to
P-8018,PSV-8019,downstream-of
PSV-8019,PT-8020,on-line
PT-8020,PT-8021,feeds
P-8022,XV-8023,on-line
XV-8023,K-8024,upstream-of
K-8024,P-8025,feeds
P-8025,COL-8026,discharges-to
FT-8027,FT-8028,discharges-to
FT-8028,COL-8029,downstream-of
P-8030,V-8031,discharges-to
V-8031,XV-8032,upstream-of
XV-8032,K-8033,feeds
K-8033,V-8034,upstream-of
V-8034,XV-8035,downstream-of
XV-8035,E-8036,discharges-to
E-8036,V-8037,upstream-of
COL-8038,FT-8039,discharges-to
FT-8039,LT-8040,on-line
LT-8040,PT-8041,upstream-of
PT-8041,XV-8042,discharges-to
PSV-8043,P-8044,upstream-of
P-8044,FCV-8045,downstream-of
FCV-8045,PSV-8046,downstream-of
PSV-8046,PSV-8047,downstream-of
PSV-8047,P-8048,upstream-of
P-8048,K-8049,feeds
XV-8051,PSV-8052,downstream-of
PSV-8052,E-8053,upstream-of
LT-8054,E-8055,discharges-to
E-8056,K-8057,discharges-to
V-8061,PT-8062,on-line
PT-8062,V-8063,discharges-to
V-8063,COL-8064,discharges-to
K-8065,E-8066,discharges-to
E-8066,PSV-8067,feeds
PSV-8067,P-8068,on-line
PT-8069,P-8070,downstream-of
P-8070,XV-8071,on-line
COL-8072,PT-8073,feeds
COL-8074,K-8075,discharges-to
LT-8076,K-8077,feeds
K-8077,V-8078,downstream-of
V-8078,V-8079,discharges-to
V-8079,K-8080,upstream-of
K-8080,LT-8081,upstream-of
V-8083,P-8084,upstream-of
P-8084,K-8085,feeds
K-8085,PSV-8086,upstream-of
PSV-8086,V-8087,downstream-of
V-8087,P-8088,feeds
P-8088,PT-8089,feeds
COL-8090,FT-8091,upstream-of
FT-8091,TT-8092,on-line
TT-8092,XV-8093,upstream-of
P-8094,COL-8095,feeds
COL-8095,V-8096,on-line
V-8096,K-8097,on-line
K-8097,TT-8098,downstream-of
TT-8098,PSV-8099,feeds
PSV-8099,V-8100,downstream-of
V-8100,PSV-8101,feeds
PSV-8101,PSV-8102,upstream-of
PSV-8102,FT-8103,upstream-of
FT-8104,LT-8105,downstream-of
LT-8105,LT-8106,upstream-of
LT-8106,PSV-8107,on-line
PSV-8107,LT-8108,upstream-of
LT-8108,COL-8109,discharges-to
COL-8109,FCV-8110,upstream-of
P-8111,XV-8112,upstream-of
TT-8113,FT-8114,discharges-to
P-8116,TT-8117,discharges-to
E-8122,TT-8123,feeds
FCV-8124,FT-8125,upstream-of
FT-8125,FCV-8126,upstream-of
FCV-8126,LT-8127,upstream-of
LT-8127,TT-8128,feeds
TT-8128,P-8129,feeds
P-8129,FCV-8130,discharges-to
FCV-8130,XV-8131,downstream-of
PT-8132,PSV-8133,feeds
PSV-8133,V-8134,downstream-of
P-8135,K-8136,discharges-to
K-8136,P-8137,downstream-of
E-8139,PSV-8140,on-line
PSV-8140,P-8141,upstream-of
P-8141,FT-8142,upstream-of
FT-8142,P-8143,upstream-of
K-8144,LT-8145,upstream-of
LT-8145,FT-8146,feeds
FT-8146,P-8147,discharges-to
P-8147,FCV-8148,upstream-of
P-8150,XV-8151,feeds
XV-8151,P-8152,feeds
V-8153,P-8154,downstream-of
P-8154,P-8155,feeds
P-8157,E-8158,on-line
E-8158,TT-8159,discharges-to
TT-8159,P-8160,downstream-of
PT-8161,LT-8162,on-line
LT-8162,K-8163,feeds
K-8163,LT-8164,on-line
LT-8164,TT-8165,on-line
TT-8165,LT-8166,feeds
LT-8166,P-8167,downstream-of
P-8171,PSV-8172,upstream-of
K-8173,FCV-8174,upstream-of
FCV-8174,FT-8175,feeds
FCV-8176,FT-8177,discharges-to
PT-8178,K-8179,upstream-of
P-8180,P-8181,feeds
FCV-8184,XV-8185,feeds
XV-8185,K-8186,downstream-of
FT-8187,P-8188,upstream-of
P-8188,V-8189,downstream-of
V-8189,COL-8190,discharges-to
PT-8191,P-8192,downstream-of
P-8192,FT-8193,downstream-of
FT-8194,K-8195,on-line
K-8195,LT-8196,downstream-of
LT-8196,E-8197,discharges-to
P-8198,FT-8199,discharges-to
FT-8199,V-8200,downstream-of
XV-8203,V-8204,discharges-to
V-8204,LT-8205,downstream-of
PSV-8206,P-8207,upstream-of
K-8208,PSV-8209,on-line
PSV-8209,FCV-8210,discharges-to
P-8211,PT-8212,upstream-of
PT-8212,K-8213,upstream-of
XV-8214,P-8215,downstream-of
P-8215,PSV-8216,feeds
PSV-8216,LT-8217,feeds
LT-8218,PT-8219,downstream-of
P-8220,XV-8221,downstream-of
PSV-8222,COL-8223,on-line
COL-8223,P-8224,discharges-to
P-8224,E-8225,discharges-to
P-8226,PT-8227,downstream-of
PSV-8229,COL-8230,feeds
COL-8231,P-8232,downstream-of
P-8232,XV-8233,downstream-of
XV-8233,K-8234,discharges-to
K-8234,FT-8235,feeds
FT-8235,FCV-8236,feeds
FCV-8236,FT-8237,downstream-of
FT-8237,FT-8238,upstream-of
FCV-8240,COL-8241,discharges-to
COL-8241,E-8242,upstream-of
FCV-8244,V-8245,on-line
TT-8246,P-8247,downstream-of
P-8247,XV-8248,downstream-of
XV-8248,LT-8249,downstream-of
LT-8249,P-8250,discharges-to
P-8250,K-8251,on-line
P-8253,E-8254,feeds
E-8254,TT-8255,feeds
TT-8255,XV-8256,upstream-of
LT-8257,FT-8258,upstream-of
COL-8263,P-8264,upstream-of
P-8264,V-8265,feeds
V-8265,FCV-8266,discharges-to
FCV-8266,PT-8267,discharges-to
PT-8267,E-8268,feeds
E-8268,PT-8269,downstream-of
PT-8269,P-8270,feeds
P-8270,V-8271,downstream-of
V-8271,P-8272,on-line
P-8272,P-8273,on-line
P-8273,E-8274,downstream-of
E-8274,COL-8275,upstream-of
V-8276,FCV-8277,feeds
FCV-8277,PSV-8278,feeds
PSV-8278,COL-8279,upstream-of
FCV-8280,K-8281,on-line
E-8282,P-8283,downstream-of
TT-8284,XV-8285,downstream-of
XV-8285,PT-8286,upstream-of
PT-8286,FCV-8287,on-line
FCV-8287,COL-8288,feeds
PT-8289,LT-8290,on-line
LT-8290,V-8291,upstream-of
V-8291,LT-8292,discharges-to
PT-8293,P-8294,discharges-to
P-8294,COL-8295,feeds
COL-8295,COL-8296,upstream-of
COL-8296,COL-8297,discharges-to
COL-8297,E-8298,downstream-of
E-8298,COL-8299,discharges-to
E-8300,P-8301,downstream-of
FT-8302,TT-8303,downstream-of
TT-8303,P-8304,discharges-to
P-8304,TT-8305,downstream-of
TT-8305,P-8306,feeds
PSV-8307,TT-8308,discharges-to
XV-8309,FT-8310,on-line
FT-8310,PT-8311,on-line
LT-8312,PT-8313,on-line
PT-8313,FT-8314,downstream-of
TT-8315,FCV-8316,discharges-to
FCV-8316,PSV-8317,upstream-of
PSV-8317,TT-8318,upstream-of
TT-8319,P-8320,upstream-of
COL-8322,K-8323,upstream-of
XV-8324,PSV-8325,on-line
PSV-8325,K-8326,on-line
K-8326,COL-8327,on-line
V-8328,FCV-8329,downstream-of
FCV-8329,FCV-8330,downstream-of
XV-8333,LT-8334,feeds
LT-8334,P-8335,upstream-of
P-8335,LT-8336,on-line
E-8337,PT-8338,discharges-to
PT-8338,PT-8339,feeds
PT-8339,LT-8340,downstream-of
LT-8340,FCV-8341,discharges-to
FCV-8341,K-8342,on-line
XV-8343,TT-8344,feeds
TT-8344,XV-8345,on-line
XV-8345,K-8346,downstream-of
XV-8347,PT-8348,downstream-of
PT-8348,K-8349,upstream-of
K-8349,PSV-8350,feeds
PSV-8350,COL-8351,feeds
COL-8351,P-8352,feeds
P-8352,P-8353,discharges-to
P-8353,COL-8354,on-line
COL-8355,PT-8356,upstream-of
PT-8356,V-8357,upstream-of
P-8359,TT-8360,on-line
P-8361,K-8362,on-line
PT-8363,FCV-8364,discharges-to
FCV-8364,LT-8365,downstream-of
LT-8365,FCV-8366,upstream-of
PSV-8367,K-8368,on-line
K-8368,FCV-8369,upstream-of
LT-8374,P-8375,on-line
P-8375,V-8376,upstream-of
V-8376,P-8377,discharges-to
XV-8378,XV-8379,feeds
V-8380,TT-8381,on-line
TT-8381,LT-8382,feeds
LT-8382,LT-8383,upstream-of
PSV-8384,FCV-8385,discharges-to
LT-8387,V-8388,downstream-of
V-8388,P-8389,on-line
P-8389,PSV-8390,feeds
PSV-8390,PSV-8391,on-line
PSV-8391,PT-8392,downstream-of
PT-8392,P-8393,downstream-of
P-8393,XV-8394,downstream-of
COL-8395,FT-8396,on-line
FT-8396,COL-8397,downstream-of
COL-8397,COL-8398,downstream-of
COL-8398,PT-8399,discharges-to
PT-8399,FCV-8400,downstream-of
FCV-8400,PT-8401,discharges-to
PT-8401,PT-8402,feeds
PT-8402,LT-8403,feeds
LT-8403,PT-8404,on-line
E-8406,K-8407,downstream-of
K-8407,K-8408,downstream-of
K-8408,P-8409,on-line
P-8409,FT-8410,on-line
FT-8410,LT-8411,discharges-to
LT-8411,P-8412,feeds
PSV-8413,COL-8414,feeds
COL-8414,PSV-8415,feeds
XV-8417,FT-8418,discharges-to
TT-8419,FCV-8420,on-line
FCV-8420,PSV-8421,on-line
PSV-8421,E-8422,discharges-to
E-8422,V-8423,discharges-to
V-8423,E-8424,upstream-of
P-8425,COL-8426,discharges-to
COL-8426,P-8427,on-line
P-8427,P-8428,downstream-of
P-8428,FT-8429,downstream-of
LT-8430,PSV-8431,feeds
PSV-8431,PSV-8432,feeds
PSV-8432,P-8433,on-line
P-8433,K-8434,downstream-of
K-8434,COL-8435,discharges-to
COL-8435,V-8436,discharges-to
V-8436,PSV-8437,discharges-to
PSV-8437,P-8438,feeds
P-8438,P-8439,upstream-of
P-8439,FT-8440,discharges-to
FT-8440,P-8441,upstream-of
P-8441,LT-8442,upstream-of
LT-8442,XV-8443,feeds
XV-8443,P-8444,feeds
P-8444,FT-8445,discharges-to
FT-8445,COL-8446,discharges-to
COL-8446,E-8447,downstream-of
E-8447,FCV-8448,upstream-of
V-8450,COL-8451,upstream-of
COL-8451,FT-8452,upstream-of
FT-8452,K-8453,upstream-of
K-8453,K-8454,upstream-of
K-8454,P-8455,feeds
P-8455,K-8456,upstream-of
K-8456,E-8457,discharges-to
TT-8458,PSV-8459,downstream-of
PSV-8459,PSV-8460,on-line
FT-8461,P-8462,discharges-to
LT-8463,LT-8464,on-line
LT-8464,XV-8465,upstream-of
XV-8465,P-8466,upstream-of
P-8468,TT-8469,on-line
TT-8469,K-8470,upstream-of
K-8470,FT-8471,feeds
FT-8471,TT-8472,on-line
TT-8472,P-8473,downstream-of
P-8473,P-8474,downstream-of
P-8474,LT-8475,discharges-to
K-8476,K-8477,feeds
K-8477,P-8478,upstream-of
P-8478,V-8479,discharges-to
FT-8482,P-8483,discharges-to
P-8483,K-8484,upstream-of
K-8484,K-8485,feeds
K-8485,P-8486,discharges-to
P-8486,TT-8487,on-line
TT-8487,K-8488,on-line
K-8488,V-8489,discharges-to
XV-8490,TT-8491,feeds
TT-8491,COL-8492,on-line
COL-8492,E-8493,feeds
COL-8494,P-8495,feeds
P-8495,TT-8496,on-line
TT-8496,PT-8497,upstream-of
COL-8498,PSV-8499,discharges-to
PSV-8499,E-8500,downstream-of
E-8501,PT-8502,on-line
FT-8503,PSV-8504,downstream-of
PSV-8504,TT-8505,feeds
TT-8505,PT-8506,upstream-of
PT-8506,TT-8507,feeds
TT-8507,PSV-8508,downstream-of
FCV-8510,P-8511,downstream-of
P-8511,FCV-8512,discharges-to
FCV-8512,K-8513,upstream-of
K-8513,P-8514,downstream-of
P-8514,PSV-8515,discharges-to
PSV-8515,COL-8516,on-line
COL-8516,FCV-8517,downstream-of
K-8520,E-8521,on-line
E-8522,FT-8523,on-line
FCV-8524,PT-8525,downstream-of
PT-8525,LT-8526,downstream-of
LT-8526,K-8527,discharges-to
K-8527,PT-8528,downstream-of
V-8529,FT-8530,on-line
FT-8530,V-8531,feeds
V-8531,PT-8532,discharges-to
PSV-8533,XV-8534,upstream-of
XV-8534,PT-8535,feeds
PT-8535,V-8536,feeds
V-8536,K-8537,feeds
K-8537,P-8538,feeds
P-8538,P-8539,on-line
K-8540,PT-8541,feeds
PT-8541,PT-8542,discharges-to
K-8544,PT-8545,downstream-of
PT-8545,FCV-8546,discharges-to
FT-8548,V-8549,discharges-to
V-8549,P-8550,downstream-of
P-8550,LT-8551,downstream-of
XV-8552,PSV-8553,upstream-of
V-8554,V-8555,downstream-of
V-8555,LT-8556,discharges-to
LT-8556,PT-8557,discharges-to
PT-8557,LT-8558,on-line
LT-8558,E-8559,upstream-of
E-8559,V-8560,on-line
V-8560,K-8561,downstream-of
LT-8562,V-8563,upstream-of
V-8563,FCV-8564,discharges-to
FCV-8564,E-8565,upstream-of
E-8565,FCV-8566,downstream-of
FCV-8566,COL-8567,upstream-of
K-8568,K-8569,feeds
K-8569,FT-8570,feeds
FT-8570,E-8571,feeds
E-8571,P-8572,downstream-of
COL-8576,PT-8577,on-line
PT-8577,V-8578,on-line
V-8578,PT-8579,downstream-of
PT-8579,COL-8580,discharges-to
COL-8580,FCV-8581,feeds
FCV-8581,PSV-8582,discharges-to
PSV-8582,TT-8583,on-line
TT-8583,PT-8584,feeds
PT-8584,PT-8585,downstream-of
P-8587,E-8588,on-line
E-8588,FCV-8589,upstream-of
FCV-8589,P-8590,downstream-of
PSV-8591,V-8592,on-line
V-8592,PSV-8593,downstream-of
E-8594,FCV-8595,discharges-to
FCV-8595,FCV-8596,discharges-to
E-8597,E-8598,feeds
E-8598,E-8599,on-line
E-8599,LT-8600,on-line
LT-8600,P-8601,on-line
P-8601,XV-8602,downstream-of
XV-8602,FCV-8603,discharges-to
TT-8605,E-8606,discharges-to
E-8606,FT-8607,upstream-of
FT-8607,PSV-8608,feeds
V-8609,XV-8610,downstream-of
LT-8611,PSV-8612,downstream-of
V-8615,P-8616,downstream-of
P-8616,COL-8617,upstream-of
COL-8617,PT-8618,discharges-to
V-8619,TT-8620,feeds
PSV-8623,P-8624,downstream-of
P-8624,FT-8625,feeds
FT-8625,PT-8626,upstream-of
PT-8626,PT-8627,upstream-of
XV-8629,TT-8630,upstream-of
TT-8630,V-8631,discharges-to
XV-8632,FT-8633,upstream-of
K-8634,V-8635,discharges-to
V-8635,FCV-8636,upstream-of
TT-8637,K-8638,upstream-of
K-8638,TT-8639,discharges-to
TT-8639,PSV-8640,discharges-to
PSV-8640,P-8641,on-line
P-8641,K-8642,downstream-of
K-8642,V-8643,downstream-of
V-8643,LT-8644,on-line
LT-8644,XV-8645,discharges-to
XV-8645,TT-8646,on-line
TT-8646,TT-8647,feeds
TT-8647,COL-8648,on-line
COL-8648,FCV-8649,discharges-to
FCV-8649,K-8650,upstream-of
K-8650,V-8651,downstream-of
V-8651,P-8652,on-line
P-8652,P-8653,discharges-to
P-8654,XV-8655,downstream-of
XV-8655,FT-8656,on-line
FT-8656,E-8657,downstream-of
E-8657,PT-8658,downstream-of
PT-8658,LT-8659,on-line
LT-8659,FCV-8660,on-line
TT-8661,E-8662,downstream-of
E-8663,K-8664,feeds
K-8664,TT-8665,upstream-of
TT-8665,E-8666,discharges-to
K-8667,LT-8668,on-line
LT-8669,P-8670,feeds
PT-8671,FT-8672,upstream-of
FT-8672,P-8673,discharges-to
P-8673,COL-8674,downstream-of
COL-8674,COL-8675,feeds
COL-8675,P-8676,feeds
P-8676,P-8677,upstream-of
P-8677,P-8678,downstream-of
E-8679,PT-8680,discharges-to
TT-8681,P-8682,upstream-of
P-8682,PT-8683,on-line
PT-8683,P-8684,upstream-of
P-8684,P-8685,downstream-of
P-8685,COL-8686,feeds
COL-8686,XV-8687,downstream-of
PSV-8688,FCV-8689,discharges-to
FCV-8689,COL-8690,on-line
FCV-8692,FCV-8693,upstream-of
P-8694,P-8695,on-line
P-8695,TT-8696,on-line
TT-8696,PT-8697,on-line
PT-8697,FCV-8698,feeds
FCV-8699,PT-8700,feeds
PT-8700,FT-8701,upstream-of
FT-8701,P-8702,feeds
P-8702,FCV-8703,discharges-to
K-8706,XV-8707,discharges-to
P-8708,PSV-8709,on-line
PSV-8709,PSV-8710,upstream-of
PSV-8710,COL-8711,discharges-to
COL-8711,E-8712,downstream-of
FT-8715,XV-8716,feeds
XV-8716,K-8717,upstream-of
K-8717,FCV-8718,feeds
FCV-8718,TT-8719,on-line
P-8720,P-8721,discharges-to
P-8721,P-8722,on-line
P-8722,FCV-8723,on-line
XV-8724,XV-8725,on-line
XV-8725,V-8726,discharges-to
V-8726,P-8727,downstream-of
P-8727,K-8728,upstream-of
K-8728,E-8729,feeds
E-8729,XV-8730,on-line
PT-8731,FCV-8732,upstream-of
FCV-8732,COL-8733,on-line
COL-8733,E-8734,downstream-of
E-8734,COL-8735,on-line
COL-8735,FT-8736,downstream-of
FT-8736,FT-8737,discharges-to
LT-8738,FCV-8739,downstream-of
FCV-8739,V-8740,on-line
V-8740,PT-8741,feeds
PT-8741,P-8742,upstream-of
LT-8743,E-8744,feeds
E-8744,LT-8745,downstream-of
LT-8746,K-8747,on-line
K-8747,PSV-8748,discharges-to
PSV-8748,COL-8749,downstream-of
LT-8750,FT-8751,on-line
FT-8751,P-8752,feeds
P-8752,K-8753,feeds
COL-8754,V-8755,downstream-of
COL-8756,E-8757,discharges-to
E-8757,COL-8758,discharges-to
COL-8758,K-8759,feeds
K-8759,PT-8760,discharges-to
TT-8762,COL-8763,feeds
COL-8763,LT-8764,upstream-of
LT-8764,TT-8765,discharges-to
TT-8765,COL-8766,feeds
COL-8766,P-8767,downstream-of
P-8768,P-8769,downstream-of
P-8769,FT-8770,on-line
FT-8771,TT-8772,downstream-of
TT-8772,K-8773,feeds
K-8773,E-8774,upstream-of
FCV-8775,LT-8776,feeds
E-8777,PT-8778,discharges-to
PT-8778,FT-8779,discharges-to
FT-8779,E-8780,on-line
E-8780,E-8781,downstream-of
E-8781,PSV-8782,discharges-to
PSV-8782,E-8783,feeds
E-8783,P-8784,downstream-of
P-8784,FT-8785,feeds
FT-8785,P-8786,on-line
P-8786,FCV-8787,upstream-of
FCV-8787,FCV-8788,feeds
P-8789,FT-8790,downstream-of
FT-8790,PT-8791,discharges-to
PSV-8792,V-8793,discharges-to
P-8795,P-8796,feeds
P-8796,FT-8797,feeds
FT-8797,FT-8798,discharges-to
FT-8798,K-8799,downstream-of
P-8803,TT-8804,downstream-of
FCV-8805,K-8806,upstream-of
FT-8808,TT-8809,discharges-to
TT-8809,COL-8810,on-line
COL-8810,COL-8811,discharges-to
COL-8811,COL-8812,upstream-of
COL-8813,TT-8814,downstream-of
E-8818,P-8819,feeds
P-8820,PSV-8821,upstream-of
PSV-8821,XV-8822,upstream-of
XV-8822,FT-8823,on-line
FT-8823,FCV-8824,on-line
FCV-8824,FT-8825,feeds
FT-8825,TT-8826,upstream-of
TT-8826,E-8827,on-line
FCV-8829,P-8830,feeds
K-8831,PSV-8832,downstream-of
PSV-8832,LT-8833,upstream-of
LT-8833,COL-8834,on-line
FCV-8835,FCV-8836,feeds
FCV-8836,XV-8837,discharges-to
TT-8838,COL-8839,upstream-of
COL-8839,V-8840,on-line
V-8842,FT-8843,upstream-of
FT-8843,FT-8844,on-line
FT-8844,FT-8845,on-line
FT-8845,TT-8846,on-line
TT-8846,COL-8847,downstream-of
COL-8847,COL-8848,on-line
COL-8848,FT-8849,upstream-of
FT-8849,TT-8850,on-line
TT-8850,P-8851,downstream-of
P-8851,PSV-8852,on-line
PSV-8852,E-8853,downstream-of
E-8853,FCV-8854,upstream-of
V-8855,K-8856,discharges-to
K-8856,FCV-8857,downstream-of
FCV-8857,K-8858,on-line
K-8858,XV-8859,on-line
XV-8859,COL-8860,on-line
COL-8860,PT-8861,upstream-of
PT-8861,LT-8862,discharges-to
LT-8862,P-8863,discharges-to
FT-8865,P-8866,on-line
P-8866,PSV-8867,on-line
PSV-8867,PSV-8868,upstream-of
PSV-8868,PSV-8869,on-line
TT-8871,FCV-8872,upstream-of
FCV-8872,TT-8873,feeds
TT-8873,LT-8874,feeds
PSV-8875,XV-8876,downstream-of
K-8877,V-8878,feeds
V-8878,COL-8879,downstream-of
COL-8879,E-8880,feeds
E-8880,E-8881,upstream-of
E-8881,XV-8882,feeds
XV-8882,K-8883,feeds
K-8883,TT-8884,feeds
TT-8884,FCV-8885,feeds
FCV-8885,FCV-8886,upstream-of
FCV-8886,E-8887,discharges-to
E-8888,FT-8889,discharges-to
COL-8890,P-8891,discharges-to
P-8891,PT-8892,discharges-to
PT-8892,FCV-8893,feeds
FT-8896,V-8897,upstream-of
V-8897,FCV-8898,on-line
FCV-8898,TT-8899,feeds
TT-8899,XV-8900,upstream-of
XV-8900,TT-8901,discharges-to
TT-8901,PT-8902,feeds
PT-8902,FCV-8903,feeds
LT-8904,PT-8905,discharges-to
PT-8905,K-8906,feeds
TT-8907,COL-8908,feeds
XV-8910,LT-8911,on-line
P-8912,XV-8913,upstream-of
PSV-8914,PSV-8915,on-line
PSV-8915,FCV-8916,downstream-of
E-8917,FCV-8918,downstream-of
FCV-8918,COL-8919,downstream-of
COL-8919,K-8920,discharges-to
TT-8921,TT-8922,upstream-of
P-8923,P-8924,upstream-of
TT-8926,COL-8927,downstream-of
FCV-8930,FCV-8931,upstream-of
FCV-8931,PSV-8932,on-line
PSV-8932,COL-8933,upstream-of
COL-8933,FCV-8934,feeds
FCV-8934,K-8935,discharges-to
K-8935,TT-8936,downstream-of
TT-8936,K-8937,discharges-to
XV-8938,FT-8939,on-line
P-8941,XV-8942,discharges-to
XV-8942,K-8943,feeds
K-8943,P-8944,discharges-to
P-8944,V-8945,upstream-of
V-8945,PT-8946,upstream-of
FT-8947,PT-8948,upstream-of
PT-8948,P-8949,on-line
P-8951,PT-8952,discharges-to
PT-8952,FCV-8953,on-line
FCV-8953,XV-8954,discharges-to
XV-8954,P-8955,upstream-of
PSV-8956,FT-8957,feeds
PT-8958,XV-8959,upstream-of
XV-8959,XV-8960,on-line
V-8961,FCV-8962,on-line
FCV-8962,TT-8963,on-line
LT-8964,P-8965,upstream-of
P-8965,PSV-8966,feeds
PSV-8966,P-8967,discharges-to
P-8967,K-8968,upstream-of
K-8968,FCV-8969,downstream-of
FCV-8969,TT-8970,upstream-of
TT-8970,XV-8971,on-line
LT-8972,FCV-8973,on-line
FCV-8973,FCV-8974,feeds
XV-8977,P-8978,discharges-to
TT-8979,V-8980,on-line
V-8980,COL-8981,upstream-of
COL-8981,V-8982,feeds
XV-8985,COL-8986,downstream-of
COL-8986,PT-8987,downstream-of
PT-8987,V-8988,on-line
V-8988,E-8989,on-line
E-8989,COL-8990,discharges-to
PSV-8991,COL-8992,on-line
COL-8992,E-8993,discharges-to
K-8995,LT-8996,on-line
PT-8997,FCV-8998,discharges-to
FCV-8998,P-8999,on-line
P-8999,FCV-9000,downstream-of
FCV-9000,PSV-9001,feeds
XV-9002,E-9003,feeds
E-9003,COL-9004,downstream-of
COL-9004,COL-9005,upstream-of
COL-9005,FT-9006,feeds
FT-9006,TT-9007,feeds
TT-9007,COL-9008,feeds
COL-9008,FT-9009,feeds
P-9010,XV-9011,feeds
XV-9012,P-9013,feeds
K-9014,FT-9015,feeds
FT-9015,TT-9016,on-line
TT-9016,FT-9017,on-line
FT-9019,PT-9020,discharges-to
TT-9023,E-9024,feeds
E-9024,FT-9025,upstream-of
FT-9025,TT-9026,downstream-of
TT-9026,FCV-9027,on-line
PT-9029,LT-9030,downstream-of
LT-9030,V-9031,upstream-of
TT-9032,E-9033,upstream-of
E-9033,LT-9034,upstream-of
P-9035,TT-9036,on-line
TT-9036,TT-9037,discharges-to
FT-9038,TT-9039,on-line
LT-9040,P-9041,downstream-of
P-9041,TT-9042,upstream-of
TT-9042,P-9043,feeds
FT-9044,E-9045,on-line
E-9045,XV-9046,upstream-of
XV-9046,PT-9047,discharges-to
PT-9048,PT-9049,feeds
PT-9049,TT-9050,on-line
TT-9050,PSV-9051,on-line
FCV-9052,LT-9053,feeds
LT-9053,PSV-9054,feeds
PSV-9054,PT-9055,on-line
PT-9055,E-9056,upstream-of
E-9056,P-9057,discharges-to
P-9057,COL-9058,downstream-of
COL-9058,COL-9059,discharges-to
COL-9059,K-9060,on-line
K-9060,FCV-9061,on-line
FCV-9061,PSV-9062,upstream-of
E-9063,P-9064,upstream-of
P-9064,E-9065,downstream-of
E-9065,FT-9066,upstream-of
P-9067,P-9068,discharges-to
P-9068,PT-9069,upstream-of
PT-9069,PT-9070,discharges-to
PT-9070,COL-9071,on-line
FCV-9072,PSV-9073,discharges-to
E-9074,TT-9075,downstream-of
PSV-9076,E-9077,downstream-of
E-9077,FCV-9078,feeds
FCV-9078,FT-9079,downstream-of
FT-9079,PT-9080,discharges-to
P-9081,P-9082,upstream-of
P-9082,LT-9083,upstream-of
LT-9083,TT-9084,discharges-to
TT-9084,LT-9085,downstream-of
FCV-9086,K-9087,feeds
FCV-9089,E-9090,discharges-to
COL-9091,V-9092,downstream-of
V-9092,E-9093,feeds
E-9093,P-9094,downstream-of
P-9094,COL-9095,on-line
FCV-9096,P-9097,downstream-of
TT-9098,FCV-9099,upstream-of
FCV-9099,FCV-9100,upstream-of
FCV-9100,FT-9101,on-line
FT-9101,XV-9102,downstream-of
XV-9102,K-9103,downstream-of
K-9103,TT-9104,on-line
TT-9104,K-9105,discharges-to
K-9105,FT-9106,upstream-of
FT-9106,XV-9107,on-line
XV-9107,FT-9108,downstream-of
E-9109,E-9110,upstream-of
COL-9111,TT-9112,discharges-to
TT-9112,TT-9113,feeds
TT-9113,FT-9114,upstream-of
TT-9115,P-9116,upstream-of
P-9116,PT-9117,on-line
P-9118,COL-9119,on-line
COL-9119,E-9120,feeds
XV-9121,COL-9122,on-line
COL-9122,V-9123,downstream-of
PSV-9124,PT-9125,downstream-of
LT-9126,V-9127,upstream-of
V-9127,FCV-9128,upstream-of
FCV-9128,XV-9129,on-line
XV-9129,FCV-9130,upstream-of
P-9131,P-9132,downstream-of
K-9135,V-9136,downstream-of
V-9136,XV-9137,downstream-of
XV-9137,FCV-9138,upstream-of
V-9139,FCV-9140,downstream-of
FCV-9140,E-9141,feeds
E-9141,PSV-9142,on-line
PSV-9142,PSV-9143,discharges-to
PT-9145,P-9146,discharges-to
P-9146,TT-9147,on-line
V-9148,XV-9149,upstream-of
PSV-9150,P-9151,discharges-to
LT-9152,K-9153,downstream-of
PT-9154,FT-9155,upstream-of
FT-9155,PSV-9156,on-line
PSV-9156,LT-9157,on-line
LT-9157,K-9158,discharges-to
TT-9159,K-9160,feeds
K-9160,K-9161,downstream-of
COL-9162,FT-9163,downstream-of
FT-9163,FT-9164,feeds
P-9165,E-9166,downstream-of
E-9166,LT-9167,on-line
XV-9168,E-9169,feeds
E-9169,TT-9170,discharges-to
TT-9170,P-9171,on-line
P-9171,TT-9172,downstream-of
TT-9172,P-9173,feeds
PT-9174,FCV-9175,downstream-of
FCV-9175,P-9176,feeds
E-9178,E-9179,discharges-to
V-9181,FT-9182,on-line
PT-9185,COL-9186,feeds
COL-9186,E-9187,discharges-to
E-9187,FCV-9188,upstream-of
P-9190,LT-9191,on-line
P-9192,E-9193,upstream-of
P-9194,PT-9195,on-line
PT-9197,P-9198,feeds
P-9198,COL-9199,downstream-of
COL-9199,COL-9200,discharges-to
COL-9200,LT-9201,upstream-of
LT-9201,COL-9202,feeds
LT-9203,FCV-9204,feeds
V-9205,P-9206,downstream-of
FCV-9208,TT-9209,on-line
PT-9211,PT-9212,discharges-to
PT-9212,P-9213,feeds
P-9213,LT-9214,feeds
FT-9216,FT-9217,discharges-to
FT-9222,K-9223,on-line
COL-9224,FCV-9225,on-line
V-9226,XV-9227,upstream-of
XV-9227,PSV-9228,feeds
PSV-9228,COL-9229,upstream-of
COL-9229,FCV-9230,on-line
XV-9231,FCV-9232,discharges-to
FCV-9232,PSV-9233,upstream-of
PSV-9233,P-9234,upstream-of
P-9234,P-9235,downstream-of
P-9235,E-9236,feeds
E-9236,P-9237,discharges-to
P-9237,FCV-9238,discharges-to
FCV-9238,FCV-9239,upstream-of
FCV-9239,LT-9240,on-line
P-9242,P-9243,discharges-to
P-9243,P-9244,upstream-of
XV-9245,XV-9246,downstream-of
XV-9246,COL-9247,feeds
COL-9247,FT-9248,on-line
FT-9248,FT-9249,on-line
FT-9249,K-9250,discharges-to
K-9250,P-9251,upstream-of
P-9253,LT-9254,downstream-of
LT-9254,K-9255,downstream-of
K-9255,P-9256,upstream-of
LT-9257,LT-9258,discharges-to
LT-9258,PT-9259,on-line
PT-9259,PT-9260,upstream-of
PT-9260,TT-9261,on-line
TT-9261,COL-9262,upstream-of
COL-9262,FCV-9263,feeds
FCV-9263,P-9264,discharges-to
P-9264,P-9265,feeds
P-9265,P-9266,on-line
P-9266,COL-9267,downstream-of
LT-9268,V-9269,on-line
V-9269,K-9270,feeds
K-9270,LT-9271,discharges-to
LT-9271,LT-9272,on-line
LT-9272,FT-9273,downstream-of
FT-9273,FT-9274,upstream-of
PSV-9275,XV-9276,discharges-to
XV-9276,COL-9277,upstream-of
COL-9278,P-9279,downstream-of
P-9279,PSV-9280,downstream-of
P-9283,COL-9284,downstream-of
K-9285,P-9286,on-line
P-9286,PT-9287,downstream-of
PT-9287,PT-9288,upstream-of
PT-9288,P-9289,feeds
P-9289,K-9290,downstream-of
P-9291,FT-9292,upstream-of
COL-9293,TT-9294,discharges-to
TT-9294,COL-9295,upstream-of
P-9297,K-9298,discharges-to
K-9298,LT-9299,feeds
LT-9299,TT-9300,downstream-of
TT-9300,XV-9301,upstream-of
K-9302,FT-9303,upstream-of
P-9304,LT-9305,discharges-to
LT-9305,V-9306,downstream-of
P-9307,XV-9308,feeds
COL-9309,V-9310,on-line
V-9310,FCV-9311,feeds
V-9312,P-9313,upstream-of
P-9313,P-9314,on-line
P-9314,COL-9315,on-line
COL-9315,PSV-9316,downstream-of
PT-9318,P-9319,feeds
PT-9321,E-9322,downstream-of
E-9322,PT-9323,upstream-of
P-9324,P-9325,discharges-to
LT-9326,V-9327,upstream-of
V-9327,FCV-9328,feeds
FCV-9328,COL-9329,on-line
FCV-9330,K-9331,discharges-to
XV-9332,TT-9333,discharges-to
TT-9333,LT-9334,downstream-of
P-9336,V-9337,upstream-of
XV-9338,K-9339,upstream-of
V-9340,PSV-9341,downstream-of
PSV-9341,XV-9342,downstream-of
XV-9342,PSV-9343,on-line
PSV-9343,E-9344,feeds
PSV-9345,E-9346,feeds
E-9346,P-9347,feeds
PT-9348,P-9349,on-line
P-9349,XV-9350,downstream-of
XV-9350,PT-9351,downstream-of
PT-9351,LT-9352,upstream-of
E-9353,FCV-9354,feeds
FCV-9354,LT-9355,discharges-to
LT-9355,COL-9356,upstream-of
COL-9356,V-9357,discharges-to
V-9357,V-9358,on-line
XV-9359,PSV-9360,discharges-to
PSV-9360,TT-9361,discharges-to
TT-9361,PT-9362,discharges-to
FT-9363,COL-9364,feeds
COL-9364,FT-9365,discharges-to
FT-9365,FT-9366,upstream-of
FT-9366,V-9367,downstream-of
V-9367,PT-9368,discharges-to
PT-9368,PT-9369,downstream-of
LT-9370,P-9371,discharges-to
P-9371,V-9372,on-line
TT-9373,P-9374,downstream-of
V-9375,PSV-9376,discharges-to
PSV-9376,V-9377,on-line
V-9377,FCV-9378,upstream-of
P-9379,XV-9380,downstream-of
XV-9380,E-9381,upstream-of
E-9381,LT-9382,downstream-of
LT-9382,K-9383,feeds
K-9383,PT-9384,discharges-to
FCV-9385,P-9386,on-line
P-9386,V-9387,discharges-to
V-9387,LT-9388,discharges-to
LT-9388,FT-9389,on-line
FT-9389,XV-9390,upstream-of
XV-9390,K-9391,on-line
K-9391,K-9392,on-line
K-9392,P-9393,downstream-of
K-9394,PSV-9395,upstream-of
PSV-9395,P-9396,on-line
FT-9398,FCV-9399,on-line
FCV-9399,LT-9400,upstream-of
LT-9400,LT-9401,on-line
LT-9401,P-9402,downstream-of
P-9402,FT-9403,on-line
P-9406,K-9407,discharges-to
COL-9408,P-9409,downstream-of
P-9409,LT-9410,discharges-to
LT-9410,P-9411,on-line
FCV-9412,PSV-9413,upstream-of
PSV-9413,XV-9414,feeds
XV-9414,PT-9415,upstream-of
PT-9415,TT-9416,on-line
TT-9416,PT-9417,feeds
TT-9418,LT-9419,upstream-of
PT-9420,COL-9421,feeds
COL-9421,E-9422,downstream-of
PSV-9423,P-9424,discharges-to
E-9425,FCV-9426,on-line
FCV-9426,LT-9427,upstream-of
LT-9427,LT-9428,downstream-of
FT-9429,E-9430,discharges-to
K-9431,FCV-9432,on-line
FCV-9432,FT-9433,on-line
FT-9433,FT-9434,feeds
XV-9436,PT-9437,feeds
PT-9437,FCV-9438,on-line
FCV-9438,PT-9439,discharges-to
LT-9442,P-9443,downstream-of
P-9443,P-9444,discharges-to
P-9445,V-9446,downstream-of
V-9446,E-9447,downstream-of
E-9447,K-9448,downstream-of
XV-9451,PSV-9452,feeds
PSV-9454,P-9455,upstream-of
P-9455,K-9456,upstream-of
K-9456,P-9457,downstream-of
PSV-9458,E-9459,discharges-to
E-9459,P-9460,downstream-of
P-9460,XV-9461,feeds
XV-9461,V-9462,downstream-of
PSV-9464,COL-9465,upstream-of
COL-9465,K-9466,discharges-to
P-9467,E-9468,discharges-to
E-9468,PSV-9469,feeds
PSV-9469,XV-9470,downstream-of
XV-9470,FCV-9471,discharges-to
K-9472,PT-9473,downstream-of
PT-9473,XV-9474,on-line
XV-9474,P-9475,discharges-to
E-9476,TT-9477,discharges-to
TT-9477,TT-9478,downstream-of
PSV-9479,XV-9480,on-line
XV-9480,PSV-9481,downstream-of
PSV-9481,FT-9482,downstream-of
FT-9482,XV-9483,on-line
XV-9483,V-9484,on-line
V-9484,COL-9485,discharges-to
LT-9488,FT-9489,downstream-of
FT-9489,FCV-9490,on-line
K-9491,P-9492,feeds
P-9492,FCV-9493,upstream-of
FCV-9493,V-9494,downstream-of
V-9494,TT-9495,upstream-of
TT-9495,LT-9496,downstream-of
LT-9496,PSV-9497,on-line
PSV-9497,TT-9498,feeds
TT-9498,E-9499,downstream-of
E-9499,FT-9500,upstream-of
FCV-9502,P-9503,discharges-to
P-9503,P-9504,on-line
P-9506,FT-9507,downstream-of
FT-9507,E-9508,on-line
TT-9509,XV-9510,upstream-of
LT-9511,K-9512,on-line
K-9512,E-9513,downstream-of
E-9513,FCV-9514,on-line
V-9516,E-9517,downstream-of
E-9517,K-9518,upstream-of
K-9518,P-9519,discharges-to
P-9519,PT-9520,on-line
PT-9520,K-9521,feeds
K-9521,FT-9522,upstream-of
FT-9522,PT-9523,downstream-of
PT-9523,PT-9524,on-line
PSV-9527,E-9528,discharges-to
TT-9529,PT-9530,discharges-to
PT-9530,V-9531,on-line
V-9531,PSV-9532,feeds
PSV-9532,V-9533,feeds
V-9533,V-9534,on-line
V-9534,XV-9535,downstream-of
XV-9535,V-9536,on-line
V-9536,FCV-9537,on-line
FCV-9537,K-9538,feeds
K-9538,V-9539,upstream-of
PT-9540,PT-9541,on-line
P-9543,COL-9544,upstream-of
COL-9544,FCV-9545,upstream-of
FCV-9545,PSV-9546,upstream-of
PSV-9546,FCV-9547,downstream-of
E-9548,PT-9549,downstream-of
FT-9550,FT-9551,feeds
FT-9551,PT-9552,on-line
PT-9552,E-9553,feeds
E-9553,P-9554,downstream-of
E-9555,LT-9556,downstream-of
LT-9556,P-9557,upstream-of
P-9557,COL-9558,upstream-of
COL-9558,COL-9559,on-line
COL-9559,PT-9560,discharges-to
FT-9561,PSV-9562,downstream-of
LT-9563,V-9564,upstream-of
V-9564,V-9565,downstream-of
V-9565,XV-9566,downstream-of
XV-9566,LT-9567,on-line
LT-9567,PT-9568,on-line
P-9569,COL-9570,upstream-of
PSV-9571,XV-9572,on-line
XV-9572,TT-9573,discharges-to
TT-9573,PT-9574,downstream-of
PT-9575,XV-9576,on-line
P-9578,PSV-9579,upstream-of
PSV-9579,PT-9580,on-line
PT-9580,P-9581,downstream-of
K-9583,P-9584,downstream-of
P-9585,XV-9586,upstream-of
XV-9586,V-9587,on-line
V-9587,K-9588,feeds
K-9590,FT-9591,discharges-to
FT-9591,FCV-9592,upstream-of
FCV-9592,P-9593,feeds
PSV-9594,LT-9595,on-line
PSV-9597,FCV-9598,on-line
FCV-9598,XV-9599,on-line
XV-9599,PT-9600,upstream-of
PT-9600,FCV-9601,feeds
FCV-9601,COL-9602,on-line
COL-9602,E-9603,discharges-to
FCV-9604,V-9605,on-line
V-9605,P-9606,discharges-to
P-9606,FCV-9607,feeds
E-9608,PSV-9609,feeds
PSV-9609,FT-9610,on-line
FT-9610,PT-9611,feeds
PT-9611,PT-9612,downstream-of
PT-9612,XV-9613,discharges-to
XV-9613,K-9614,on-line
E-9615,P-9616,feeds
P-9616,LT-9617,on-line
LT-9617,K-9618,upstream-of
FCV-9620,COL-9621,downstream-of
COL-9621,XV-9622,feeds
PSV-9623,XV-9624,upstream-of
PSV-9625,FT-9626,on-line
E-9627,K-9628,upstream-of
K-9629,FCV-9630,discharges-to
COL-9631,XV-9632,on-line
P-9633,XV-9634,on-line
XV-9634,PSV-9635,downstream-of
PSV-9635,V-9636,on-line
P-9638,P-9639,on-line
P-9639,TT-9640,feeds
TT-9640,FT-9641,feeds
FT-9641,PT-9642,upstream-of
FT-9643,PSV-9644,discharges-to
PSV-9644,COL-9645,on-line
COL-9645,XV-9646,downstream-of
XV-9646,PT-9647,discharges-to
PT-9647,K-9648,on-line
K-9648,P-9649,upstream-of
P-9649,COL-9650,downstream-of
P-9652,P-9653,discharges-to
P-9653,E-9654,downstream-of
E-9654,PT-9655,downstream-of
PT-9655,COL-9656,on-line
COL-9656,P-9657,upstream-of
P-9657,LT-9658,upstream-of
LT-9658,P-9659,downstream-of
P-9659,P-9660,upstream-of
P-9660,COL-9661,upstream-of
COL-9661,COL-9662,downstream-of
E-9666,LT-9667,discharges-to
LT-9667,P-9668,upstream-of
E-9669,FT-9670,downstream-of
K-9671,P-9672,downstream-of
P-9672,FCV-9673,on-line
FCV-9674,P-9675,upstream-of
P-9675,FT-9676,downstream-of
TT-9677,XV-9678,upstream-of
XV-9678,XV-9679,downstream-of
PT-9680,E-9681,downstream-of
E-9681,K-9682,downstream-of
K-9682,FCV-9683,upstream-of
XV-9684,COL-9685,downstream-of
COL-9685,K-9686,downstream-of
P-9687,XV-9688,downstream-of
XV-9688,V-9689,downstream-of
V-9689,XV-9690,discharges-to
XV-9690,FT-9691,on-line
FT-9691,P-9692,on-line
P-9692,V-9693,downstream-of
V-9693,V-9694,on-line
V-9694,COL-9695,downstream-of
COL-9695,XV-9696,downstream-of
E-9699,COL-9700,upstream-of
P-9703,XV-9704,discharges-to
P-9707,XV-9708,feeds
XV-9708,LT-9709,discharges-to
PSV-9710,FT-9711,downstream-of
V-9712,V-9713,feeds
V-9713,XV-9714,feeds
K-9715,FT-9716,upstream-of
P-9717,PT-9718,downstream-of
COL-9719,K-9720,on-line
K-9720,LT-9721,feeds
FCV-9722,LT-9723,feeds
LT-9723,TT-9724,feeds
TT-9724,TT-9725,on-line
TT-9725,E-9726,discharges-to
E-9726,V-9727,upstream-of
V-9727,PSV-9728,downstream-of
PSV-9728,FCV-9729,discharges-to
FCV-9729,XV-9730,downstream-of
XV-9730,LT-9731,on-line
K-9735,TT-9736,downstream-of
TT-9736,E-9737,upstream-of
FCV-9738,P-9739,downstream-of
P-9739,COL-9740,feeds
COL-9740,FCV-9741,downstream-of
FCV-9741,FT-9742,discharges-to
TT-9743,P-9744,upstream-of
P-9744,PSV-9745,on-line
PSV-9745,PSV-9746,feeds
LT-9747,P-9748,upstream-of
P-9748,P-9749,downstream-of
P-9749,P-9750,feeds
FT-9752,P-9753,downstream-of
P-9753,XV-9754,upstream-of
XV-9754,E-9755,feeds
E-9755,V-9756,upstream-of
V-9756,TT-9757,discharges-to
XV-9759,V-9760,downstream-of
PSV-9761,K-9762,feeds
K-9762,COL-9763,discharges-to
PT-9764,V-9765,feeds
V-9765,XV-9766,discharges-to
TT-9767,FCV-9768,feeds
FCV-9768,V-9769,feeds
E-9770,E-9771,discharges-to
E-9773,FT-9774,on-line
FT-9774,FCV-9775,feeds
FCV-9775,LT-9776,downstream-of
LT-9776,LT-9777,discharges-to
LT-9777,PSV-9778,on-line
FCV-9779,K-9780,feeds
PT-9781,P-9782,discharges-to
FT-9783,E-9784,upstream-of
E-9784,V-9785,feeds
V-9785,V-9786,downstream-of
V-9786,E-9787,discharges-to
E-9787,PT-9788,downstream-of
PT-9788,XV-9789,feeds
COL-9790,FCV-9791,discharges-to
FCV-9791,FT-9792,on-line
FT-9792,V-9793,on-line
V-9793,P-9794,upstream-of
P-9795,V-9796,feeds
P-9799,V-9800,on-line
V-9800,V-9801,on-line
V-9801,K-9802,upstream-of
K-9802,E-9803,upstream-of
COL-9804,FT-9805,on-line
FCV-9806,P-9807,discharges-to
PT-9809,XV-9810,feeds
XV-9810,PT-9811,discharges-to
P-9812,P-9813,downstream-of
P-9813,E-9814,feeds
E-9814,P-9815,discharges-to
P-9815,LT-9816,downstream-of
LT-9816,P-9817,downstream-of
FT-9818,V-9819,downstream-of
FCV-9821,V-9822,upstream-of
COL-9823,FT-9824,on-line
FT-9824,PSV-9825,upstream-of
PSV-9825,PSV-9826,on-line
PSV-9826,COL-9827,downstream-of
COL-9828,P-9829,discharges-to
P-9830,PT-9831,feeds
PT-9831,PSV-9832,feeds
PSV-9832,TT-9833,downstream-of
TT-9833,PT-9834,discharges-to
K-9836,FT-9837,upstream-of
FT-9837,PT-9838,upstream-of
PT-9838,PSV-9839,discharges-to
P-9840,PT-9841,upstream-of
P-9842,LT-9843,downstream-of
E-9844,XV-9845,feeds
XV-9845,LT-9846,downstream-of
LT-9846,FCV-9847,downstream-of
FCV-9847,COL-9848,on-line
V-9851,E-9852,downstream-of
E-9852,COL-9853,downstream-of
COL-9853,FT-9854,downstream-of
FT-9854,FCV-9855,discharges-to
FCV-9855,PT-9856,discharges-to
PT-9856,E-9857,on-line
E-9857,V-9858,discharges-to
P-9859,FT-9860,on-line
FT-9860,FT-9861,upstream-of
FT-9861,FT-9862,downstream-of
FT-9862,P-9863,on-line
P-9863,PSV-9864,downstream-of
P-9865,E-9866,on-line
E-9866,E-9867,feeds
E-9869,P-9870,discharges-to
K-9871,P-9872,downstream-of
P-9872,E-9873,on-line
E-9873,FT-9874,upstream-of
FT-9874,FCV-9875,upstream-of
FCV-9875,K-9876,upstream-of
K-9876,COL-9877,on-line
COL-9877,P-9878,downstream-of
P-9878,FCV-9879,upstream-of
FCV-9879,FT-9880,feeds
FT-9880,V-9881,on-line
V-9881,K-9882,feeds
PSV-9885,LT-9886,upstream-of
LT-9886,V-9887,downstream-of
K-9888,PT-9889,upstream-of
PT-9889,TT-9890,downstream-of
TT-9890,FT-9891,downstream-of
TT-9893,PT-9894,downstream-of
TT-9895,PT-9896,discharges-to
PT-9896,XV-9897,downstream-of
PSV-9900,COL-9901,upstream-of
TT-9902,V-9903,downstream-of
V-9903,PT-9904,on-line
PT-9904,V-9905,downstream-of
FT-9906,E-9907,discharges-to
E-9907,P-9908,discharges-to
P-9908,K-9909,feeds
K-9909,COL-9910,on-line
COL-9910,P-9911,feeds
P-9911,FT-9912,feeds
FT-9912,P-9913,discharges-to
P-9913,TT-9914,feeds
TT-9914,LT-9915,upstream-of
LT-9915,K-9916,on-line
K-9916,V-9917,feeds
V-9917,PSV-9918,feeds
PSV-9918,XV-9919,feeds
XV-9919,LT-9920,downstream-of
LT-9920,PT-9921,upstream-of
FCV-9924,PT-9925,feeds
PT-9926,E-9927,discharges-to
E-9927,E-9928,discharges-to
PSV-9929,P-9930,on-line
FCV-9932,TT-9933,upstream-of
TT-9933,PT-9934,on-line
PT-9934,K-9935,downstream-of
K-9935,PT-9936,feeds
LT-9937,FT-9938,discharges-to
FT-9938,P-9939,feeds
P-9939,FCV-9940,downstream-of
FCV-9940,LT-9941,upstream-of
LT-9941,TT-9942,on-line
P-9945,PT-9946,downstream-of
XV-9947,TT-9948,downstream-of
TT-9948,P-9949,on-line
P-9949,P-9950,discharges-to
K-9951,K-9952,upstream-of
K-9952,K-9953,downstream-of
K-9953,PT-9954,downstream-of
PT-9954,E-9955,upstream-of
E-9955,COL-9956,discharges-to
COL-9956,V-9957,upstream-of
V-9957,FCV-9958,downstream-of
FCV-9958,K-9959,downstream-of
K-9959,V-9960,feeds
V-9960,PSV-9961,upstream-of
PSV-9961,P-9962,feeds
P-9962,XV-9963,downstream-of
P-9964,FCV-9965,upstream-of
FCV-9965,XV-9966,on-line
XV-9966,XV-9967,feeds
XV-9967,COL-9968,downstream-of
COL-9968,COL-9969,discharges-to
LT-9970,P-9971,discharges-to
P-9971,TT-9972,feeds
TT-9972,PSV-9973,discharges-to
PSV-9973,XV-9974,feeds
XV-9974,FT-9975,feeds
FT-9975,E-9976,on-line
E-9976,P-9977,discharges-to
P-9977,FT-9978,feeds
FT-9978,P-9979,on-line
P-9979,PT-9980,discharges-to
PT-9980,FCV-9981,upstream-of
COL-9982,XV-9983,downstream-of
XV-9983,V-9984,feeds
V-9984,PSV-9985,discharges-to
PSV-9985,P-9986,discharges-to
P-9986,E-9987,feeds
E-9987,V-9988,discharges-to
V-9988,TT-9989,downstream-of
TT-9989,V-9990,discharges-to
V-9990,P-9991,downstream-of
P-9991,PSV-9992,discharges-to
FT-9995,P-9996,discharges-to
P-9996,XV-9997,feeds
XV-9997,PSV-9998,downstream-of
COL-9999,XV-10000,discharges-to
V-10001,LT-10002,feeds
LT-10002,PSV-10003,downstream-of
PSV-10003,LT-10004,on-line
LT-10004,PSV-10005,upstream-of
FCV-10006,P-10007,upstream-of
XV-10008,XV-10009,on-line
XV-10009,E-10010,feeds
PSV-10011,P-10012,downstream-of
PSV-10014,K-10015,discharges-to
K-10015,TT-10016,discharges-to
TT-10016,PSV-10017,feeds
PSV-10017,V-10018,discharges-to
V-10018,COL-10019,feeds
COL-10019,PSV-10020,discharges-to
PSV-10020,PT-10021,on-line
PT-10021,PT-10022,feeds
PT-10022,COL-10023,on-line
COL-10023,FT-10024,feeds
FT-10024,V-10025,discharges-to
LT-10026,K-10027,feeds
PT-10028,FT-10029,upstream-of
XV-10030,LT-10031,on-line
LT-10031,K-10032,upstream-of
K-10032,PSV-10033,on-line
PSV-10033,V-10034,on-line
FT-10038,K-10039,upstream-of
COL-10040,PT-10041,discharges-to
COL-10043,TT-10044,feeds
TT-10044,PT-10045,discharges-to
PT-10045,K-10046,upstream-of
TT-10047,COL-10048,downstream-of
FT-10049,PT-10050,downstream-of
P-10051,V-10052,discharges-to
PT-10053,PSV-10054,on-line
PSV-10054,PT-10055,downstream-of
PSV-10057,PSV-10058,upstream-of
V-10059,K-10060,downstream-of
K-10060,TT-10061,feeds
TT-10061,COL-10062,feeds
V-10063,PT-10064,feeds
PT-10064,PSV-10065,feeds
PSV-10065,FT-10066,upstream-of
FT-10066,COL-10067,feeds
COL-10067,K-10068,feeds
K-10068,E-10069,feeds
E-10069,K-10070,on-line
K-10070,PSV-10071,discharges-to
PT-10073,TT-10074,discharges-to
TT-10076,PT-10077,upstream-of
PT-10077,TT-10078,feeds
TT-10078,V-10079,on-line
V-10079,FT-10080,discharges-to
FT-10080,FCV-10081,upstream-of
FCV-10081,P-10082,downstream-of
P-10082,FCV-10083,on-line
FCV-10083,XV-10084,upstream-of
XV-10084,PSV-10085,feeds
E-10087,XV-10088,downstream-of
LT-10089,XV-10090,upstream-of
LT-10091,K-10092,upstream-of
PT-10094,PSV-10095,downstream-of
PSV-10095,V-10096,upstream-of
V-10096,P-10097,feeds
P-10097,FT-10098,feeds
FT-10098,XV-10099,upstream-of
XV-10099,XV-10100,discharges-to
XV-10100,FCV-10101,on-line
FCV-10101,FCV-10102,feeds
FCV-10102,PSV-10103,feeds
PSV-10103,E-10104,on-line
E-10104,P-10105,upstream-of
XV-10107,PSV-10108,discharges-to
COL-10109,E-10110,feeds
P-10111,P-10112,on-line
P-10112,XV-10113,feeds
XV-10113,PT-10114,downstream-of
PT-10114,TT-10115,on-line
TT-10115,PT-10116,downstream-of
LT-10118,PT-10119,discharges-to
PT-10119,COL-10120,feeds
COL-10120,K-10121,on-line
K-10121,E-10122,discharges-to
E-10123,P-10124,feeds
P-10124,COL-10125,on-line
COL-10125,K-10126,on-line
K-10126,XV-10127,downstream-of
XV-10127,FT-10128,feeds
PT-10131,PT-10132,on-line
TT-10134,P-10135,on-line
P-10135,TT-10136,downstream-of
TT-10136,LT-10137,discharges-to
LT-10137,TT-10138,downstream-of
TT-10138,TT-10139,upstream-of
TT-10139,PSV-10140,upstream-of
PT-10141,PSV-10142,discharges-to
FT-10143,E-10144,downstream-of
E-10144,TT-10145,discharges-to
XV-10146,P-10147,on-line
P-10147,COL-10148,on-line
COL-10148,V-10149,discharges-to
TT-10153,P-10154,discharges-to
P-10154,V-10155,downstream-of
P-10156,K-10157,feeds
K-10157,P-10158,feeds
P-10158,FCV-10159,downstream-of
FCV-10159,V-10160,on-line
V-10160,P-10161,downstream-of
P-10161,FT-10162,discharges-to
FT-10162,TT-10163,on-line
TT-10164,TT-10165,on-line
PSV-10166,P-10167,on-line
XV-10169,V-10170,feeds
V-10170,LT-10171,upstream-of
LT-10171,TT-10172,discharges-to
TT-10172,PT-10173,upstream-of
P-10174,P-10175,discharges-to
P-10176,PSV-10177,upstream-of
PSV-10177,XV-10178,upstream-of
XV-10178,V-10179,upstream-of
E-10180,PT-10181,on-line
PT-10181,LT-10182,upstream-of
P-10183,P-10184,on-line
P-10184,LT-10185,upstream-of
LT-10185,P-10186,feeds
P-10187,E-10188,downstream-of
FT-10190,V-10191,upstream-of
V-10191,PSV-10192,feeds
K-10193,P-10194,on-line
FT-10195,PSV-10196,on-line
PSV-10196,FT-10197,downstream-of
FT-10197,XV-10198,feeds
XV-10198,E-10199,downstream-of
E-10199,LT-10200,upstream-of
LT-10200,FCV-10201,downstream-of
FCV-10201,E-10202,feeds
E-10202,P-10203,upstream-of
P-10203,E-10204,upstream-of
FT-10205,TT-10206,upstream-of
COL-10208,E-10209,discharges-to
E-10209,PT-10210,on-line
P-10211,P-10212,on-line
P-10212,XV-10213,on-line
XV-10213,COL-10214,upstream-of
COL-10214,E-10215,downstream-of
E-10215,XV-10216,downstream-of
XV-10216,PSV-10217,feeds
PSV-10217,COL-10218,discharges-to
COL-10218,PT-10219,upstream-of
PT-10219,P-10220,discharges-to
P-10220,COL-10221,discharges-to
XV-10222,FCV-10223,feeds
FCV-10223,P-10224,upstream-of
P-10224,P-10225,on-line
P-10225,FCV-10226,feeds
LT-10227,E-10228,feeds
E-10228,FT-10229,discharges-to
FT-10229,TT-10230,on-line
TT-10230,E-10231,on-line
P-10232,LT-10233,feeds
LT-10233,COL-10234,feeds
COL-10234,FCV-10235,discharges-to
FCV-10235,P-10236,upstream-of
P-10236,FT-10237,upstream-of
FT-10237,FT-10238,downstream-of
FT-10238,COL-10239,feeds
K-10240,V-10241,downstream-of
LT-10242,P-10243,discharges-to
P-10243,V-10244,upstream-of
V-10244,PSV-10245,on-line
PSV-10245,K-10246,downstream-of
XV-10247,FCV-10248,upstream-of
FCV-10248,LT-10249,downstream-of
LT-10249,PSV-10250,on-line
PSV-10250,E-10251,feeds
E-10251,E-10252,upstream-of
TT-10253,V-10254,downstream-of
COL-10255,P-10256,downstream-of
PT-10257,XV-10258,downstream-of
XV-10258,PSV-10259,discharges-to
PSV-10259,PT-10260,upstream-of
PT-10260,PSV-10261,upstream-of
PSV-10261,FT-10262,feeds
XV-10264,XV-10265,feeds
XV-10265,P-10266,downstream-of
PSV-10267,XV-10268,downstream-of
XV-10268,E-10269,downstream-of
E-10269,PT-10270,downstream-of
PSV-10271,LT-10272,feeds
TT-10273,PT-10274,upstream-of
PT-10277,PSV-10278,on-line
FCV-10280,PT-10281,discharges-to
PT-10281,V-10282,feeds
V-10282,COL-10283,downstream-of
COL-10283,PSV-10284,feeds
PSV-10284,COL-10285,discharges-to
COL-10285,FCV-10286,upstream-of
FCV-10288,PT-10289,on-line
PT-10289,FT-10290,discharges-to
FT-10290,P-10291,feeds
P-10291,P-10292,feeds
P-10292,PT-10293,downstream-of
P-10294,E-10295,discharges-to
E-10295,FCV-10296,upstream-of
FCV-10296,LT-10297,on-line
LT-10297,COL-10298,feeds
COL-10298,XV-10299,on-line
XV-10299,V-10300,feeds
V-10300,V-10301,discharges-to
V-10301,PSV-10302,downstream-of
PSV-10302,FCV-10303,discharges-to
K-10304,COL-10305,discharges-to
FT-10311,P-10312,upstream-of
LT-10315,K-10316,discharges-to
K-10316,FT-10317,upstream-of
P-10318,FT-10319,downstream-of
FT-10319,TT-10320,on-line
TT-10320,P-10321,downstream-of
COL-10322,PSV-10323,upstream-of
PSV-10323,PSV-10324,downstream-of
PSV-10324,PSV-10325,on-line
PSV-10325,E-10326,upstream-of
TT-10327,E-10328,feeds
PSV-10329,XV-10330,on-line
E-10331,K-10332,discharges-to
K-10332,E-10333,upstream-of
E-10333,K-10334,upstream-of
K-10335,FT-10336,on-line
FT-10336,V-10337,feeds
V-10337,K-10338,downstream-of
P-10339,PSV-10340,upstream-of
PSV-10340,FT-10341,on-line
P-10342,FT-10343,feeds
PSV-10344,P-10345,on-line
LT-10346,P-10347,downstream-of
P-10347,P-10348,on-line
P-10348,COL-10349,downstream-of
PT-10350,E-10351,upstream-of
E-10351,V-10352,downstream-of
V-10352,FT-10353,upstream-of
V-10354,V-10355,discharges-to
V-10355,P-10356,on-line
P-10356,FCV-10357,on-line
FCV-10357,LT-10358,upstream-of
XV-10359,TT-10360,on-line
TT-10360,TT-10361,feeds
TT-10361,V-10362,upstream-of
V-10362,P-10363,feeds
P-10363,LT-10364,on-line
LT-10364,TT-10365,discharges-to
TT-10365,PSV-10366,upstream-of
PSV-10366,XV-10367,discharges-to
XV-10367,FT-10368,on-line
FT-10368,XV-10369,discharges-to
XV-10369,TT-10370,discharges-to
LT-10371,FT-10372,downstream-of
FT-10372,FCV-10373,on-line
FCV-10373,PT-10374,discharges-to
PT-10374,K-10375,upstream-of
K-10375,LT-10376,feeds
LT-10376,XV-10377,upstream-of
K-10378,PT-10379,on-line
PT-10379,PT-10380,discharges-to
PT-10380,FCV-10381,downstream-of
P-10382,K-10383,discharges-to
K-10383,FT-10384,on-line
E-10386,PSV-10387,discharges-to
PSV-10387,FCV-10388,discharges-to
FCV-10388,XV-10389,upstream-of
FCV-10391,FT-10392,discharges-to
V-10393,TT-10394,on-line
TT-10394,E-10395,feeds
XV-10397,TT-10398,feeds
TT-10399,LT-10400,upstream-of
LT-10400,FCV-10401,feeds
FCV-10401,FCV-10402,on-line
V-10403,E-10404,discharges-to
E-10404,P-10405,discharges-to
LT-10406,XV-10407,downstream-of
XV-10407,LT-10408,feeds
LT-10408,TT-10409,discharges-to
TT-10409,E-10410,upstream-of
PSV-10413,LT-10414,upstream-of
LT-10414,P-10415,on-line
P-10417,K-10418,downstream-of
K-10418,K-10419,discharges-to
K-10419,XV-10420,feeds
XV-10420,E-10421,downstream-of
E-10421,XV-10422,upstream-of
V-10423,PT-10424,downstream-of
PT-10424,V-10425,upstream-of
V-10425,E-10426,on-line
E-10426,PSV-10427,downstream-of
PT-10428,PSV-10429,upstream-of
E-10430,PT-10431,on-line
PT-10431,FCV-10432,upstream-of
FCV-10432,K-10433,discharges-to
XV-10435,P-10436,on-line
V-10437,FCV-10438,downstream-of
FCV-10438,LT-10439,downstream-of
LT-10439,LT-10440,discharges-to
LT-10440,PSV-10441,upstream-of
PSV-10441,PSV-10442,downstream-of
PSV-10442,P-10443,discharges-to
P-10443,TT-10444,discharges-to
TT-10444,K-10445,on-line
K-10445,K-10446,downstream-of
K-10446,P-10447,upstream-of
P-10447,P-10448,on-line
FT-10449,FT-10450,on-line
FT-10450,P-10451,feeds
P-10451,FCV-10452,downstream-of
FCV-10452,FT-10453,upstream-of
FCV-10454,PSV-10455,discharges-to
PSV-10455,P-10456,feeds
P-10456,PT-10457,upstream-of
PT-10457,FCV-10458,discharges-to
E-10459,E-10460,on-line
K-10462,FCV-10463,feeds
FCV-10463,XV-10464,discharges-to
XV-10464,V-10465,downstream-of
V-10465,FCV-10466,downstream-of
FCV-10466,TT-10467,downstream-of
K-10468,K-10469,discharges-to
XV-10471,PT-10472,downstream-of
FT-10473,P-10474,discharges-to
P-10475,E-10476,feeds
P-10477,E-10478,upstream-of
E-10478,TT-10479,downstream-of
TT-10479,TT-10480,feeds
TT-10480,P-10481,feeds
P-10481,K-10482,discharges-to
FCV-10485,P-10486,on-line
P-10486,LT-10487,discharges-to
LT-10487,FCV-10488,upstream-of
COL-10489,PT-10490,on-line
PT-10490,E-10491,downstream-of
E-10491,FT-10492,on-line
V-10494,P-10495,on-line
P-10495,FCV-10496,discharges-to
FCV-10496,P-10497,upstream-of
TT-10499,LT-10500,upstream-of
LT-10500,TT-10501,discharges-to
COL-10502,COL-10503,upstream-of
COL-10503,FT-10504,on-line
FT-10504,PT-10505,on-line
PT-10505,P-10506,downstream-of
FT-10507,P-10508,discharges-to
P-10508,PT-10509,feeds
K-10510,K-10511,upstream-of
PT-10512,XV-10513,upstream-of
XV-10513,PT-10514,discharges-to
PT-10516,XV-10517,downstream-of
PT-10518,E-10519,feeds
E-10519,K-10520,upstream-of
K-10520,FT-10521,discharges-to
FT-10521,PSV-10522,discharges-to
PSV-10522,PSV-10523,discharges-to
PSV-10523,FCV-10524,upstream-of
FCV-10524,V-10525,discharges-to
V-10525,PT-10526,downstream-of
PT-10526,P-10527,upstream-of
P-10529,TT-10530,downstream-of
LT-10531,XV-10532,feeds
XV-10532,COL-10533,discharges-to
COL-10533,PT-10534,feeds
PT-10534,V-10535,downstream-of
V-10535,LT-10536,discharges-to
LT-10536,FCV-10537,downstream-of
PT-10539,PSV-10540,on-line
PSV-10540,K-10541,discharges-to
K-10541,K-10542,discharges-to
K-10542,FCV-10543,feeds
TT-10545,FCV-10546,upstream-of
FCV-10546,PT-10547,on-line
PT-10547,P-10548,discharges-to
P-10548,P-10549,on-line
P-10549,TT-10550,feeds
PT-10551,P-10552,downstream-of
P-10552,V-10553,downstream-of
V-10553,FT-10554,upstream-of
FT-10554,P-10555,upstream-of
LT-10556,XV-10557,upstream-of
XV-10557,E-10558,on-line
E-10558,LT-10559,on-line
LT-10559,FT-10560,feeds
FT-10560,PSV-10561,feeds
PSV-10561,TT-10562,upstream-of
TT-10562,COL-10563,discharges-to
COL-10563,K-10564,discharges-to
PSV-10565,P-10566,on-line
P-10566,P-10567,discharges-to
P-10567,P-10568,discharges-to
P-10568,K-10569,upstream-of
K-10569,TT-10570,discharges-to
TT-10570,P-10571,upstream-of
P-10571,FCV-10572,on-line
LT-10573,LT-10574,upstream-of
LT-10574,E-10575,downstream-of
E-10575,XV-10576,upstream-of
XV-10576,K-10577,on-line
K-10577,FT-10578,downstream-of
FT-10578,K-10579,discharges-to
K-10579,P-10580,feeds
P-10580,E-10581,downstream-of
E-10581,XV-10582,feeds
E-10583,PT-10584,upstream-of
P-10586,XV-10587,discharges-to
XV-10587,P-10588,on-line
P-10588,COL-10589,discharges-to
LT-10590,P-10591,feeds
P-10593,TT-10594,on-line
FCV-10597,V-10598,feeds
V-10598,K-10599,upstream-of
K-10599,E-10600,discharges-to
E-10600,FCV-10601,discharges-to
TT-10602,V-10603,on-line
XV-10604,P-10605,downstream-of
FT-10606,P-10607,discharges-to
P-10607,PT-10608,upstream-of
K-10609,XV-10610,feeds
K-10614,FT-10615,feeds
FT-10615,LT-10616,feeds
LT-10616,P-10617,on-line
P-10617,TT-10618,upstream-of
TT-10618,P-10619,discharges-to
P-10619,V-10620,upstream-of
V-10620,K-10621,on-line
K-10621,PT-10622,on-line
PT-10622,P-10623,on-line
P-10624,TT-10625,on-line
V-10626,FCV-10627,upstream-of
FCV-10627,COL-10628,upstream-of
COL-10628,V-10629,discharges-to
V-10629,K-10630,on-line
TT-10631,LT-10632,downstream-of
LT-10632,LT-10633,downstream-of
FCV-10635,PT-10636,feeds
PT-10636,K-10637,discharges-to
K-10637,LT-10638,upstream-of
LT-10638,K-10639,upstream-of
PT-10641,PSV-10642,discharges-to
PSV-10642,PT-10643,downstream-of
PT-10643,PSV-10644,discharges-to
PSV-10644,XV-10645,discharges-to
XV-10645,COL-10646,upstream-of
COL-10646,PSV-10647,feeds
PSV-10647,LT-10648,on-line
LT-10648,V-10649,on-line
V-10649,XV-10650,discharges-to
XV-10650,K-10651,discharges-to
FT-10652,FCV-10653,downstream-of
FCV-10653,V-10654,discharges-to
V-10655,E-10656,upstream-of
E-10656,COL-10657,on-line
COL-10657,E-10658,upstream-of
E-10658,K-10659,feeds
PSV-10660,FT-10661,feeds
FT-10661,PSV-10662,on-line
FCV-10664,FT-10665,discharges-to
FT-10665,COL-10666,upstream-of
XV-10668,P-10669,downstream-of
P-10669,LT-10670,feeds
LT-10670,FT-10671,downstream-of
FT-10672,XV-10673,discharges-to
XV-10673,PT-10674,downstream-of
PT-10674,K-10675,upstream-of
LT-10678,PT-10679,discharges-to
PT-10679,PSV-10680,upstream-of
TT-10681,COL-10682,feeds
COL-10682,PT-10683,on-line
PT-10683,XV-10684,upstream-of
XV-10684,TT-10685,downstream-of
TT-10685,V-10686,upstream-of
V-10686,P-10687,on-line
P-10687,P-10688,feeds
P-10688,E-10689,on-line
E-10689,E-10690,feeds
E-10690,K-10691,upstream-of
K-10691,XV-10692,discharges-to
XV-10693,COL-10694,downstream-of
COL-10694,LT-10695,downstream-of
V-10696,V-10697,downstream-of
V-10697,PSV-10698,feeds
PSV-10698,PSV-10699,discharges-to
PSV-10699,PT-10700,feeds
PT-10700,K-10701,upstream-of
XV-10702,PT-10703,upstream-of
LT-10704,PT-10705,on-line
PT-10705,P-10706,on-line
P-10706,V-10707,discharges-to
V-10707,V-10708,upstream-of
P-10711,LT-10712,downstream-of
LT-10712,PSV-10713,discharges-to
PSV-10713,FCV-10714,discharges-to
FCV-10714,P-10715,downstream-of
TT-10716,P-10717,discharges-to
P-10717,XV-10718,on-line
XV-10718,P-10719,downstream-of
V-10720,PSV-10721,discharges-to
PSV-10721,FT-10722,on-line
FT-10722,PT-10723,discharges-to
FT-10724,TT-10725,discharges-to
TT-10725,V-10726,upstream-of
V-10726,COL-10727,discharges-to
COL-10727,V-10728,downstream-of
V-10728,LT-10729,discharges-to
LT-10729,XV-10730,on-line
XV-10730,TT-10731,discharges-to
TT-10731,FCV-10732,discharges-to
FCV-10732,V-10733,discharges-to
V-10733,P-10734,on-line
P-10734,LT-10735,discharges-to
LT-10735,TT-10736,upstream-of
TT-10736,E-10737,on-line
E-10737,PSV-10738,downstream-of
PSV-10738,PT-10739,upstream-of
PT-10739,V-10740,on-line
COL-10741,XV-10742,upstream-of
XV-10742,K-10743,feeds
K-10743,FT-10744,feeds
FT-10744,FCV-10745,feeds
P-10746,FCV-10747,upstream-of
P-10751,COL-10752,upstream-of
COL-10752,LT-10753,upstream-of
LT-10754,FCV-10755,discharges-to
FCV-10755,P-10756,feeds
P-10756,P-10757,downstream-of
XV-10759,LT-10760,upstream-of
LT-10760,TT-10761,discharges-to
TT-10761,TT-10762,discharges-to
TT-10762,XV-10763,downstream-of
XV-10763,COL-10764,upstream-of
COL-10764,P-10765,on-line
P-10765,P-10766,discharges-to
P-10766,XV-10767,discharges-to
XV-10767,TT-10768,downstream-of
TT-10768,P-10769,on-line
LT-10770,V-10771,discharges-to
P-10772,FT-10773,feeds
FT-10773,V-10774,on-line
V-10774,PT-10775,discharges-to
PT-10775,LT-10776,upstream-of
LT-10776,FCV-10777,on-line
FCV-10777,TT-10778,discharges-to
TT-10778,FT-10779,discharges-to
FT-10779,LT-10780,discharges-to
FCV-10781,PT-10782,downstream-of
PSV-10783,PSV-10784,discharges-to
PSV-10784,E-10785,on-line
E-10785,P-10786,upstream-of
COL-10789,PSV-10790,discharges-to
PSV-10790,XV-10791,upstream-of
FCV-10792,XV-10793,upstream-of
XV-10793,PT-10794,feeds
PT-10794,K-10795,upstream-of
P-10796,TT-10797,feeds
TT-10797,K-10798,discharges-to
K-10798,P-10799,feeds
P-10799,LT-10800,downstream-of
LT-10800,XV-10801,discharges-to
E-10802,COL-10803,downstream-of
COL-10803,P-10804,downstream-of
P-10804,PSV-10805,upstream-of
PSV-10805,PT-10806,downstream-of
FT-10807,K-10808,on-line
K-10808,P-10809,feeds
P-10809,FCV-10810,upstream-of
FCV-10810,PSV-10811,downstream-of
PSV-10811,COL-10812,upstream-of
COL-10812,E-10813,upstream-of
E-10813,XV-10814,downstream-of
XV-10814,K-10815,upstream-of
FT-10816,PT-10817,discharges-to
PT-10817,PSV-10818,upstream-of
PSV-10818,COL-10819,upstream-of
LT-10820,E-10821,upstream-of
E-10821,LT-10822,downstream-of
LT-10822,P-10823,downstream-of
P-10823,PT-10824,upstream-of
PT-10824,COL-10825,feeds
COL-10825,COL-10826,on-line
COL-10826,TT-10827,downstream-of
TT-10827,XV-10828,upstream-of
XV-10828,LT-10829,downstream-of
LT-10829,K-10830,discharges-to
K-10830,P-10831,discharges-to
K-10832,E-10833,downstream-of
V-10834,TT-10835,feeds
TT-10835,P-10836,downstream-of
P-10839,K-10840,upstream-of
FT-10842,P-10843,upstream-of
P-10843,P-10844,upstream-of
P-10844,FT-10845,on-line
COL-10847,PT-10848,on-line
TT-10849,LT-10850,feeds
FCV-10852,PT-10853,downstream-of
PT-10853,LT-10854,on-line
FT-10855,P-10856,downstream-of
P-10856,P-10857,discharges-to
P-10857,LT-10858,feeds
TT-10859,FCV-10860,upstream-of
FCV-10860,XV-10861,downstream-of
XV-10861,PSV-10862,feeds
PSV-10862,P-10863,upstream-of
P-10863,XV-10864,on-line
XV-10864,P-10865,downstream-of
PT-10866,PSV-10867,downstream-of
COL-10869,PT-10870,downstream-of
V-10871,TT-10872,on-line
TT-10872,E-10873,downstream-of
PSV-10874,FCV-10875,feeds
K-10876,XV-10877,upstream-of
XV-10877,P-10878,downstream-of
P-10878,E-10879,feeds
E-10879,COL-10880,on-line
COL-10880,PT-10881,on-line
PT-10881,P-10882,on-line
FT-10883,COL-10884,feeds
COL-10884,PT-10885,upstream-of
PT-10885,TT-10886,feeds
TT-10886,E-10887,downstream-of
E-10887,FCV-10888,on-line
P-10889,COL-10890,downstream-of
COL-10890,E-10891,upstream-of
K-10892,PSV-10893,feeds
V-10896,LT-10897,discharges-to
LT-10897,PT-10898,upstream-of
PT-10898,FT-10899,discharges-to
TT-10900,XV-10901,feeds
K-10902,FCV-10903,downstream-of
FCV-10903,E-10904,on-line
E-10904,PT-10905,discharges-to
K-10906,P-10907,on-line
TT-10909,COL-10910,on-line
K-10912,K-10913,feeds
K-10913,PSV-10914,discharges-to
PSV-10916,E-10917,downstream-of
E-10917,V-10918,discharges-to
P-10919,FCV-10920,upstream-of
FCV-10920,COL-10921,upstream-of
COL-10921,E-10922,feeds
COL-10923,TT-10924,on-line
FCV-10925,TT-10926,upstream-of
TT-10926,P-10927,on-line
P-10927,XV-10928,downstream-of
XV-10928,E-10929,discharges-to
XV-10930,PT-10931,feeds
PT-10931,FT-10932,on-line
FT-10932,P-10933,on-line
PSV-10934,K-10935,downstream-of
K-10935,TT-10936,discharges-to
TT-10936,FT-10937,on-line
FT-10937,FCV-10938,feeds
LT-10940,V-10941,feeds
V-10941,V-10942,on-line
V-10942,P-10943,downstream-of
P-10943,LT-10944,feeds
LT-10944,P-10945,downstream-of
P-10945,P-10946,discharges-to
P-10946,FT-10947,downstream-of
FT-10947,V-10948,on-line
V-10948,FCV-10949,on-line
FCV-10949,FCV-10950,discharges-to
V-10951,E-10952,on-line
XV-10954,FT-10955,on-line
FT-10955,FCV-10956,feeds
K-10957,E-10958,feeds
E-10958,TT-10959,feeds
TT-10959,PSV-10960,downstream-of
V-10961,E-10962,on-line
E-10962,LT-10963,upstream-of
LT-10963,XV-10964,on-line
E-10965,P-10966,feeds
LT-10967,FCV-10968,discharges-to
PSV-10970,FCV-10971,discharges-to
FCV-10971,TT-10972,downstream-of
TT-10972,COL-10973,upstream-of
COL-10973,P-10974,on-line
LT-10975,P-10976,feeds
P-10976,COL-10977,discharges-to
COL-10977,LT-10978,downstream-of
P-10979,COL-10980,discharges-to
K-10982,TT-10983,upstream-of
TT-10983,XV-10984,upstream-of
XV-10984,V-10985,downstream-of
XV-10986,COL-10987,discharges-to
XV-10989,XV-10990,upstream-of
PT-10991,FT-10992,discharges-to
FT-10992,FT-10993,discharges-to
XV-10994,COL-10995,upstream-of
COL-10995,PT-10996,downstream-of
FT-10998,XV-10999,feeds
COL-11000,FCV-11001,on-line
FCV-11001,TT-11002,upstream-of
TT-11002,P-11003,upstream-of
P-11003,FT-11004,on-line
FT-11004,V-11005,on-line
XV-11006,K-11007,feeds
K-11007,V-11008,discharges-to
V-11008,K-11009,downstream-of
K-11009,FCV-11010,discharges-to
P-11011,FT-11012,upstream-of
FT-11012,V-11013,on-line
V-11013,XV-11014,on-line
XV-11015,P-11016,downstream-of
P-11016,COL-11017,discharges-to
COL-11017,P-11018,feeds
V-11019,V-11020,discharges-to
V-11020,FCV-11021,discharges-to
K-11024,TT-11025,upstream-of
TT-11025,P-11026,on-line
FT-11027,PT-11028,discharges-to
PT-11028,TT-11029,on-line
TT-11029,P-11030,upstream-of
TT-11033,P-11034,feeds
P-11034,TT-11035,feeds
TT-11035,FT-11036,discharges-to
FT-11036,FCV-11037,on-line
FCV-11037,XV-11038,discharges-to
XV-11038,XV-11039,downstream-of
XV-11039,XV-11040,discharges-to
XV-11040,COL-11041,upstream-of
COL-11042,LT-11043,downstream-of
LT-11043,COL-11044,discharges-to
PT-11045,V-11046,on-line
P-11047,PSV-11048,upstream-of
PSV-11048,FCV-11049,discharges-to
FT-11050,E-11051,feeds
E-11051,XV-11052,downstream-of
FT-11053,FCV-11054,feeds
FCV-11054,FT-11055,on-line
FT-11055,P-11056,on-line
P-11056,V-11057,feeds
V-11057,PSV-11058,upstream-of
PSV-11058,TT-11059,upstream-of
TT-11059,PT-11060,downstream-of
COL-11061,K-11062,upstream-of
XV-11064,P-11065,feeds
P-11066,PSV-11067,feeds
PSV-11067,PSV-11068,discharges-to
TT-11070,FT-11071,downstream-of
FT-11071,FCV-11072,upstream-of
FCV-11072,XV-11073,downstream-of
XV-11073,P-11074,on-line
P-11074,V-11075,feeds
V-11075,COL-11076,on-line
FCV-11079,PSV-11080,upstream-of
P-11081,FCV-11082,discharges-to
P-11083,XV-11084,feeds
E-11085,P-11086,on-line
PSV-11087,E-11088,feeds
E-11088,PSV-11089,on-line
PSV-11089,FCV-11090,on-line
FCV-11090,FCV-11091,on-line
FCV-11091,E-11092,on-line
E-11092,V-11093,downstream-of
XV-11095,PSV-11096,upstream-of
PSV-11096,E-11097,feeds
E-11097,FT-11098,upstream-of
FT-11098,COL-11099,on-line
COL-11099,P-11100,discharges-to
P-11101,P-11102,downstream-of
P-11102,E-11103,feeds
E-11103,XV-11104,upstream-of
XV-11104,XV-11105,discharges-to
XV-11105,FCV-11106,feeds
FCV-11106,XV-11107,feeds
LT-11109,COL-11110,downstream-of
COL-11110,XV-11111,on-line
XV-11111,XV-11112,discharges-to
FCV-11113,V-11114,downstream-of
PT-11115,COL-11116,on-line
COL-11116,K-11117,discharges-to
K-11117,V-11118,discharges-to
XV-11119,PSV-11120,feeds
PSV-11120,PSV-11121,on-line
PSV-11121,K-11122,downstream-of
K-11122,P-11123,on-line
P-11123,V-11124,upstream-of
V-11124,COL-11125,discharges-to
K-11126,P-11127,discharges-to
P-11127,PSV-11128,on-line
PSV-11128,LT-11129,feeds
LT-11129,TT-11130,downstream-of
TT-11130,P-11131,feeds
P-11131,COL-11132,on-line
COL-11132,PSV-11133,downstream-of
PSV-11133,P-11134,feeds
P-11134,COL-11135,upstream-of
FT-11136,FT-11137,feeds
FT-11137,XV-11138,upstream-of
PT-11141,PSV-11142,downstream-of
PSV-11142,COL-11143,feeds
COL-11143,P-11144,feeds
P-11144,COL-11145,downstream-of
COL-11145,V-11146,on-line
V-11146,V-11147,downstream-of
V-11147,E-11148,feeds
E-11148,XV-11149,on-line
XV-11151,V-11152,upstream-of
V-11152,P-11153,downstream-of
FT-11155,PSV-11156,on-line
PSV-11156,COL-11157,on-line
COL-11158,PSV-11159,feeds
PSV-11159,V-11160,feeds
LT-11161,FT-11162,downstream-of
FT-11162,FCV-11163,upstream-of
FCV-11163,XV-11164,feeds
LT-11165,PSV-11166,on-line
FT-11167,P-11168,upstream-of
P-11169,V-11170,downstream-of
COL-11171,FCV-11172,upstream-of
FCV-11172,FT-11173,downstream-of
LT-11174,TT-11175,discharges-to
TT-11175,PT-11176,downstream-of
PT-11176,PSV-11177,downstream-of
PSV-11177,TT-11178,on-line
K-11179,V-11180,upstream-of
V-11180,FCV-11181,downstream-of
FCV-11181,P-11182,discharges-to
FCV-11183,PT-11184,on-line
PT-11184,FT-11185,on-line
PSV-11187,FCV-11188,on-line
FCV-11188,K-11189,feeds
K-11189,K-11190,feeds
P-11191,FCV-11192,feeds
LT-11199,PSV-11200,upstream-of
FCV-11201,K-11202,discharges-to
K-11202,PT-11203,feeds
P-11204,PT-11205,discharges-to
FCV-11206,V-11207,on-line
V-11207,E-11208,on-line
TT-11209,P-11210,on-line
E-11211,V-11212,discharges-to
V-11212,FCV-11213,upstream-of
P-11214,P-11215,upstream-of
P-11215,P-11216,upstream-of
P-11216,TT-11217,feeds
TT-11217,P-11218,feeds
P-11218,XV-11219,upstream-of
XV-11219,TT-11220,on-line
TT-11220,P-11221,upstream-of
P-11221,PT-11222,upstream-of
PT-11222,P-11223,upstream-of
P-11223,FCV-11224,upstream-of
PT-11225,XV-11226,downstream-of
XV-11226,LT-11227,feeds
P-11228,XV-11229,on-line
LT-11230,PT-11231,downstream-of
PT-11231,PT-11232,downstream-of
PT-11232,P-11233,downstream-of
LT-11234,E-11235,feeds
E-11235,K-11236,downstream-of
K-11236,COL-11237,feeds
COL-11237,P-11238,upstream-of
P-11242,PSV-11243,discharges-to
PSV-11243,P-11244,upstream-of
P-11244,K-11245,on-line
K-11245,V-11246,feeds
V-11246,V-11247,feeds
K-11248,FT-11249,discharges-to
FT-11249,FT-11250,feeds
FT-11250,P-11251,feeds
P-11251,XV-11252,upstream-of
XV-11252,COL-11253,on-line
PT-11254,K-11255,on-line
K-11255,P-11256,downstream-of
P-11256,LT-11257,discharges-to
XV-11259,PSV-11260,feeds
PSV-11260,V-11261,feeds
V-11261,PT-11262,downstream-of
PT-11262,FT-11263,feeds
FT-11263,FCV-11264,on-line
LT-11265,K-11266,feeds
K-11266,FT-11267,on-line
FT-11267,P-11268,downstream-of
K-11269,TT-11270,downstream-of
TT-11270,PT-11271,upstream-of
E-11272,PT-11273,feeds
PT-11273,XV-11274,downstream-of
V-11275,FCV-11276,upstream-of
E-11277,PT-11278,on-line
PT-11278,P-11279,discharges-to
FT-11281,XV-11282,upstream-of
XV-11282,V-11283,discharges-to
V-11283,K-11284,upstream-of
K-11284,PSV-11285,on-line
PSV-11285,XV-11286,downstream-of
XV-11286,PSV-11287,feeds
PSV-11287,K-11288,on-line
K-11288,COL-11289,discharges-to
COL-11289,K-11290,downstream-of
K-11290,P-11291,downstream-of
P-11291,FT-11292,feeds
FT-11292,V-11293,discharges-to
V-11293,E-11294,feeds
K-11295,P-11296,on-line
COL-11297,FT-11298,downstream-of
FT-11298,P-11299,downstream-of
P-11299,FT-11300,upstream-of
FT-11300,COL-11301,upstream-of
PT-11302,PT-11303,downstream-of
PT-11303,V-11304,downstream-of
V-11305,K-11306,feeds
K-11306,P-11307,on-line
P-11307,PSV-11308,feeds
PSV-11308,V-11309,upstream-of
V-11309,FCV-11310,upstream-of
FCV-11310,TT-11311,feeds
E-11313,FT-11314,upstream-of
FT-11314,LT-11315,upstream-of
XV-11316,PSV-11317,upstream-of
LT-11318,XV-11319,on-line
XV-11319,P-11320,feeds
V-11321,FCV-11322,on-line
FCV-11322,PSV-11323,downstream-of
PSV-11324,TT-11325,feeds
TT-11325,COL-11326,feeds
COL-11326,COL-11327,downstream-of
XV-11328,COL-11329,on-line
COL-11329,TT-11330,downstream-of
PSV-11331,V-11332,downstream-of
V-11332,PT-11333,feeds
E-11334,FT-11335,on-line
FT-11335,P-11336,downstream-of
P-11336,V-11337,upstream-of
V-11337,P-11338,feeds
P-11338,P-11339,on-line
P-11339,XV-11340,on-line
XV-11340,TT-11341,discharges-to
TT-11341,TT-11342,feeds
TT-11342,LT-11343,discharges-to
LT-11343,PSV-11344,discharges-to
FCV-11345,P-11346,feeds
P-11346,PT-11347,on-line
LT-11349,TT-11350,discharges-to
K-11354,P-11355,discharges-to
P-11355,PSV-11356,upstream-of
PSV-11356,PSV-11357,feeds
PSV-11357,XV-11358,upstream-of
XV-11358,LT-11359,on-line
LT-11359,PT-11360,feeds
P-11363,COL-11364,downstream-of
COL-11364,P-11365,on-line
P-11365,FCV-11366,feeds
XV-11367,PSV-11368,discharges-to
PSV-11368,P-11369,downstream-of
P-11369,XV-11370,upstream-of
E-11373,FCV-11374,downstream-of
FCV-11374,XV-11375,feeds
XV-11375,PT-11376,downstream-of
PT-11376,P-11377,feeds
P-11377,K-11378,downstream-of
K-11378,V-11379,feeds
V-11379,K-11380,on-line
K-11380,P-11381,discharges-to
PSV-11382,K-11383,feeds
K-11383,P-11384,on-line
P-11384,XV-11385,upstream-of
XV-11385,FT-11386,upstream-of
FT-11386,FT-11387,feeds
FT-11387,LT-11388,feeds
LT-11388,PSV-11389,downstream-of
XV-11390,E-11391,discharges-to
E-11391,FCV-11392,feeds
FCV-11392,TT-11393,feeds
TT-11393,PSV-11394,feeds
PSV-11394,E-11395,feeds
E-11395,XV-11396,on-line
XV-11396,FCV-11397,on-line
FCV-11397,K-11398,discharges-to
PT-11400,P-11401,discharges-to
P-11401,FCV-11402,on-line
V-11404,FCV-11405,feeds
FCV-11405,P-11406,discharges-to
P-11406,XV-11407,discharges-to
XV-11407,FT-11408,discharges-to
K-11409,LT-11410,feeds
LT-11410,E-11411,feeds
E-11411,V-11412,discharges-to
V-11412,K-11413,upstream-of
K-11413,V-11414,downstream-of
V-11414,E-11415,discharges-to
E-11415,COL-11416,downstream-of
COL-11416,P-11417,on-line
COL-11419,K-11420,upstream-of
K-11420,LT-11421,discharges-to
LT-11421,TT-11422,discharges-to
TT-11422,XV-11423,on-line
XV-11423,FT-11424,upstream-of
FT-11424,PSV-11425,feeds
V-11427,P-11428,discharges-to
P-11428,PT-11429,discharges-to
PT-11429,TT-11430,discharges-to
LT-11431,PT-11432,feeds
PT-11432,P-11433,upstream-of
P-11433,XV-11434,on-line
XV-11434,P-11435,discharges-to
P-11435,COL-11436,discharges-to
TT-11437,P-11438,feeds
PT-11439,E-11440,discharges-to
E-11440,P-11441,feeds
P-11441,COL-11442,discharges-to
COL-11442,FT-11443,feeds
FT-11443,K-11444,on-line
K-11444,PSV-11445,upstream-of
V-11446,FCV-11447,downstream-of
FCV-11447,V-11448,on-line
V-11448,XV-11449,upstream-of
XV-11449,K-11450,discharges-to
E-11453,XV-11454,on-line
XV-11454,PT-11455,on-line
E-11456,LT-11457,discharges-to
LT-11457,E-11458,discharges-to
P-11459,XV-11460,upstream-of
XV-11460,E-11461,upstream-of
E-11461,LT-11462,discharges-to
LT-11462,XV-11463,downstream-of
E-11465,LT-11466,downstream-of
LT-11466,P-11467,on-line
XV-11468,PSV-11469,on-line
PSV-11469,COL-11470,feeds
COL-11470,FT-11471,on-line
FT-11471,TT-11472,upstream-of
TT-11472,V-11473,discharges-to
V-11473,XV-11474,on-line
XV-11474,COL-11475,discharges-to
COL-11475,P-11476,downstream-of
P-11476,PT-11477,feeds
PT-11477,FCV-11478,upstream-of
FCV-11478,V-11479,on-line
V-11479,LT-11480,downstream-of
LT-11480,P-11481,upstream-of
P-11481,P-11482,discharges-to
P-11482,P-11483,discharges-to
P-11485,PSV-11486,downstream-of
PSV-11486,LT-11487,downstream-of
LT-11487,LT-11488,feeds
K-11490,PT-11491,on-line
PT-11491,PSV-11492,downstream-of
PSV-11492,PSV-11493,on-line
PSV-11493,FT-11494,upstream-of
FT-11494,LT-11495,upstream-of
LT-11495,P-11496,on-line
XV-11497,TT-11498,on-line
TT-11498,K-11499,feeds
K-11499,P-11500,discharges-to
P-11500,P-11501,feeds
P-11501,FCV-11502,feeds
FCV-11502,LT-11503,downstream-of
LT-11503,LT-11504,downstream-of
LT-11504,XV-11505,feeds
XV-11505,V-11506,upstream-of
P-11507,XV-11508,downstream-of
XV-11508,TT-11509,downstream-of
E-11511,XV-11512,feeds
XV-11512,P-11513,feeds
P-11514,FT-11515,downstream-of
V-11516,XV-11517,upstream-of
XV-11517,PT-11518,feeds
COL-11519,COL-11520,feeds
COL-11520,COL-11521,on-line
P-11522,P-11523,downstream-of
P-11523,P-11524,upstream-of
LT-11526,FT-11527,upstream-of
FT-11527,K-11528,discharges-to
K-11528,TT-11529,upstream-of
TT-11530,P-11531,feeds
V-11532,FT-11533,feeds
FT-11533,FT-11534,downstream-of
V-11535,E-11536,feeds
E-11536,PSV-11537,feeds
PT-11538,E-11539,upstream-of
COL-11540,XV-11541,feeds
E-11542,FCV-11543,on-line
FCV-11543,PSV-11544,discharges-to
PSV-11544,FCV-11545,downstream-of
LT-11548,TT-11549,discharges-to
TT-11549,TT-11550,downstream-of
PSV-11551,XV-11552,on-line
COL-11555,PT-11556,downstream-of
COL-11558,E-11559,feeds
E-11559,COL-11560,on-line
COL-11560,E-11561,feeds
PT-11563,P-11564,feeds
P-11564,LT-11565,downstream-of
LT-11565,TT-11566,downstream-of
LT-11567,V-11568,feeds
P-11569,E-11570,upstream-of
E-11570,XV-11571,feeds
COL-11573,XV-11574,upstream-of
XV-11574,P-11575,on-line
P-11575,XV-11576,discharges-to
LT-11578,PT-11579,on-line
PT-11579,TT-11580,on-line
TT-11580,TT-11581,discharges-to
TT-11583,P-11584,upstream-of
P-11584,E-11585,on-line
PSV-11586,K-11587,discharges-to
K-11587,FT-11588,downstream-of
LT-11590,P-11591,on-line
P-11591,FCV-11592,feeds
FCV-11592,PSV-11593,upstream-of
PSV-11593,V-11594,on-line
P-11595,XV-11596,discharges-to
V-11597,COL-11598,downstream-of
COL-11598,TT-11599,discharges-to
FT-11600,P-11601,upstream-of
FCV-11602,K-11603,feeds
K-11603,TT-11604,on-line
TT-11604,FT-11605,on-line
FT-11605,PSV-11606,on-line
LT-11610,FT-11611,feeds
FT-11611,COL-11612,downstream-of
COL-11612,FT-11613,feeds
FT-11613,COL-11614,feeds
COL-11614,XV-11615,feeds
XV-11615,FT-11616,discharges-to
FT-11618,PSV-11619,discharges-to
PSV-11619,FT-11620,upstream-of
FT-11620,FCV-11621,upstream-of
E-11622,PSV-11623,downstream-of
PSV-11623,K-11624,on-line
K-11624,E-11625,downstream-of
PSV-11626,P-11627,discharges-to
P-11627,FT-11628,feeds
FT-11628,XV-11629,discharges-to
COL-11630,K-11631,feeds
K-11631,P-11632,on-line
P-11632,XV-11633,discharges-to
XV-11633,XV-11634,feeds
XV-11634,FT-11635,on-line
FT-11635,PSV-11636,on-line
P-11637,V-11638,on-line
V-11638,K-11639,upstream-of
K-11639,LT-11640,downstream-of
P-11641,P-11642,upstream-of
P-11642,P-11643,discharges-to
PT-11644,XV-11645,discharges-to
XV-11645,FT-11646,downstream-of
FT-11646,P-11647,downstream-of
V-11648,COL-11649,on-line
COL-11649,LT-11650,downstream-of
LT-11650,P-11651,upstream-of
P-11651,PT-11652,on-line
PT-11652,P-11653,discharges-to
P-11653,COL-11654,feeds
COL-11654,PSV-11655,upstream-of
PSV-11655,FT-11656,feeds
FT-11656,PSV-11657,feeds
PSV-11657,E-11658,discharges-to
E-11658,COL-11659,upstream-of
V-11661,LT-11662,on-line
LT-11662,P-11663,downstream-of
P-11663,FT-11664,upstream-of
XV-11665,P-11666,on-line
P-11666,P-11667,discharges-to
P-11667,K-11668,upstream-of
FT-11671,PSV-11672,feeds
PSV-11672,FCV-11673,feeds
FCV-11673,P-11674,on-line
P-11674,PT-11675,feeds
PT-11675,XV-11676,feeds
XV-11676,TT-11677,feeds
XV-11678,LT-11679,discharges-to
LT-11679,XV-11680,on-line
XV-11680,FT-11681,feeds
FCV-11683,PT-11684,downstream-of
PT-11684,P-11685,feeds
P-11685,COL-11686,discharges-to
COL-11686,K-11687,feeds
K-11687,LT-11688,on-line
V-11690,XV-11691,feeds
COL-11692,LT-11693,discharges-to
LT-11693,PT-11694,feeds
PT-11694,PT-11695,feeds
PT-11695,PT-11696,feeds
PT-11696,P-11697,downstream-of
P-11697,PT-11698,upstream-of
LT-11701,PSV-11702,feeds
PSV-11702,K-11703,feeds
XV-11704,E-11705,upstream-of
E-11705,E-11706,on-line
E-11706,P-11707,discharges-to
P-11707,P-11708,feeds
P-11708,V-11709,discharges-to
V-11709,FT-11710,downstream-of
FT-11710,P-11711,on-line
P-11711,E-11712,on-line
E-11712,E-11713,on-line
K-11714,PT-11715,on-line
LT-11716,K-11717,discharges-to
LT-11718,K-11719,upstream-of
K-11719,LT-11720,upstream-of
LT-11720,P-11721,upstream-of
P-11721,PT-11722,feeds
PSV-11724,FT-11725,discharges-to
FT-11725,XV-11726,upstream-of
XV-11726,P-11727,on-line
P-11727,COL-11728,on-line
COL-11728,XV-11729,downstream-of
XV-11729,PT-11730,downstream-of
PT-11730,P-11731,on-line
P-11731,P-11732,discharges-to
LT-11733,LT-11734,downstream-of
LT-11734,XV-11735,on-line
XV-11735,P-11736,on-line
P-11736,PT-11737,on-line
PT-11737,K-11738,feeds
K-11738,P-11739,upstream-of
P-11739,TT-11740,discharges-to
TT-11740,LT-11741,discharges-to
LT-11741,K-11742,on-line
K-11742,P-11743,on-line
P-11743,K-11744,on-line
K-11744,E-11745,on-line
E-11745,FT-11746,feeds
FT-11746,COL-11747,discharges-to
COL-11747,TT-11748,downstream-of
TT-11748,V-11749,feeds
V-11749,XV-11750,feeds
XV-11750,LT-11751,feeds
COL-11752,PT-11753,downstream-of
PT-11753,K-11754,downstream-of
K-11754,COL-11755,downstream-of
COL-11755,FT-11756,discharges-to
FT-11756,K-11757,downstream-of
K-11757,E-11758,downstream-of
E-11758,PT-11759,discharges-to
PT-11759,LT-11760,discharges-to
FT-11762,XV-11763,discharges-to
XV-11763,XV-11764,on-line
XV-11764,P-11765,upstream-of
P-11765,FT-11766,on-line
FT-11766,XV-11767,downstream-of
XV-11767,PT-11768,on-line
PT-11768,COL-11769,upstream-of
COL-11769,P-11770,downstream-of
FCV-11772,LT-11773,upstream-of
LT-11773,LT-11774,feeds
LT-11774,TT-11775,on-line
TT-11775,K-11776,upstream-of
P-11777,V-11778,downstream-of
V-11778,TT-11779,feeds
TT-11779,FT-11780,feeds
FT-11780,PT-11781,downstream-of
PT-11781,V-11782,discharges-to
V-11783,P-11784,upstream-of
V-11785,V-11786,upstream-of
V-11786,PT-11787,downstream-of
P-11788,FCV-11789,feeds
FCV-11789,TT-11790,downstream-of
TT-11790,COL-11791,on-line
P-11792,K-11793,downstream-of
K-11793,FT-11794,on-line
E-11795,E-11796,downstream-of
K-11797,PT-11798,feeds
PT-11798,COL-11799,on-line
COL-11799,E-11800,on-line
E-11800,TT-11801,feeds
TT-11801,K-11802,downstream-of
K-11802,K-11803,feeds
LT-11805,XV-11806,upstream-of
XV-11806,FT-11807,on-line
COL-11808,P-11809,feeds
P-11809,E-11810,discharges-to
E-11810,FCV-11811,upstream-of
LT-11812,PT-11813,feeds
PT-11813,LT-11814,on-line
LT-11814,PSV-11815,discharges-to
PSV-11815,P-11816,upstream-of
P-11816,FT-11817,upstream-of
FT-11817,TT-11818,discharges-to
V-11819,V-11820,feeds
V-11820,PT-11821,upstream-of
PT-11821,PSV-11822,discharges-to
PSV-11822,E-11823,on-line
PSV-11824,E-11825,downstream-of
E-11825,E-11826,on-line
XV-11830,COL-11831,upstream-of
COL-11831,E-11832,discharges-to
E-11832,PSV-11833,downstream-of
K-11834,TT-11835,upstream-of
TT-11835,P-11836,downstream-of
P-11836,FT-11837,feeds
E-11838,TT-11839,feeds
TT-11839,TT-11840,upstream-of
TT-11840,XV-11841,on-line
XV-11841,K-11842,feeds
LT-11844,PSV-11845,upstream-of
PSV-11845,FCV-11846,upstream-of
E-11847,TT-11848,feeds
TT-11848,P-11849,downstream-of
P-11849,XV-11850,feeds
XV-11850,FCV-11851,feeds
P-11852,TT-11853,downstream-of
TT-11853,K-11854,downstream-of
FCV-11856,COL-11857,upstream-of
FCV-11858,XV-11859,on-line
XV-11859,E-11860,feeds
E-11860,P-11861,on-line
P-11861,PT-11862,discharges-to
FCV-11864,XV-11865,upstream-of
XV-11865,PT-11866,on-line
P-11867,PSV-11868,downstream-of
FT-11870,P-11871,upstream-of
LT-11872,LT-11873,on-line
LT-11873,E-11874,on-line
E-11874,P-11875,discharges-to
P-11876,FT-11877,discharges-to
FT-11877,PT-11878,downstream-of
PT-11878,K-11879,downstream-of
K-11879,P-11880,feeds
P-11880,TT-11881,downstream-of
TT-11881,FT-11882,feeds
FT-11882,PSV-11883,upstream-of
PSV-11883,P-11884,upstream-of
P-11884,PSV-11885,upstream-of
PSV-11885,V-11886,discharges-to
V-11886,TT-11887,feeds
XV-11888,TT-11889,upstream-of
TT-11889,P-11890,downstream-of
P-11893,K-11894,downstream-of
K-11894,K-11895,feeds
K-11895,PT-11896,on-line
PT-11896,P-11897,on-line
P-11897,PT-11898,on-line
PT-11898,FCV-11899,downstream-of
FCV-11899,FT-11900,discharges-to
FT-11900,K-11901,discharges-to
K-11901,K-11902,on-line
K-11902,V-11903,downstream-of
V-11903,LT-11904,feeds
LT-11904,P-11905,downstream-of
P-11905,FT-11906,feeds
FT-11906,FCV-11907,downstream-of
FCV-11907,XV-11908,upstream-of
PT-11909,V-11910,upstream-of
V-11910,XV-11911,feeds
COL-11912,COL-11913,feeds
COL-11914,P-11915,downstream-of
P-11915,K-11916,upstream-of
LT-11917,PSV-11918,on-line
PSV-11918,FCV-11919,discharges-to
FCV-11919,TT-11920,upstream-of
TT-11920,XV-11921,discharges-to
XV-11921,E-11922,feeds
E-11922,LT-11923,upstream-of
FT-11924,PT-11925,downstream-of
PT-11925,XV-11926,on-line
XV-11926,LT-11927,upstream-of
LT-11927,P-11928,on-line
P-11928,P-11929,on-line
P-11929,XV-11930,upstream-of
FT-11931,P-11932,downstream-of
P-11932,FT-11933,upstream-of
FT-11933,P-11934,on-line
TT-11935,K-11936,on-line
K-11936,LT-11937,discharges-to
V-11939,V-11940,upstream-of
V-11940,E-11941,upstream-of
E-11942,PSV-11943,discharges-to
PSV-11943,XV-11944,upstream-of
FT-11947,XV-11948,discharges-to
XV-11948,E-11949,upstream-of
E-11949,COL-11950,downstream-of
COL-11950,COL-11951,on-line
COL-11951,FT-11952,upstream-of
FT-11952,PSV-11953,feeds
PSV-11953,E-11954,discharges-to
E-11954,V-11955,downstream-of
V-11955,PT-11956,upstream-of
PT-11956,P-11957,on-line
P-11957,V-11958,feeds
V-11958,TT-11959,on-line
LT-11961,LT-11962,on-line
FCV-11966,E-11967,discharges-to
E-11967,V-11968,on-line
V-11968,P-11969,upstream-of
P-11969,PT-11970,downstream-of
PT-11970,E-11971,feeds
E-11971,COL-11972,feeds
PT-11975,LT-11976,downstream-of
LT-11976,V-11977,downstream-of
V-11977,PT-11978,discharges-to
PT-11978,XV-11979,on-line
XV-11979,P-11980,downstream-of
P-11980,XV-11981,feeds
PT-11982,FT-11983,discharges-to
FT-11983,PT-11984,discharges-to
LT-11985,K-11986,feeds
K-11986,PT-11987,on-line
PT-11987,E-11988,upstream-of
E-11988,COL-11989,upstream-of
COL-11989,P-11990,upstream-of
P-11990,LT-11991,downstream-of
FCV-11992,V-11993,feeds
V-11993,PT-11994,upstream-of
PT-11994,XV-11995,feeds
XV-11995,PT-11996,downstream-of
PT-11996,V-11997,upstream-of
V-11997,K-11998,upstream-of
K-11998,PSV-11999,on-line
PSV-11999,XV-12000,upstream-of
XV-12000,PSV-12001,feeds
PSV-12001,K-12002,upstream-of
K-12002,TT-12003,on-line
TT-12003,V-12004,on-line
V-12004,TT-12005,upstream-of
TT-12005,E-12006,feeds
E-12006,PSV-12007,downstream-of
PSV-12007,E-12008,on-line
E-12008,E-12009,feeds
E-12009,PT-12010,on-line
PT-12010,FT-12011,downstream-of
FT-12011,COL-12012,discharges-to
COL-12012,COL-12013,upstream-of
COL-12013,V-12014,upstream-of
XV-12015,V-12016,discharges-to
V-12016,E-12017,discharges-to
TT-12018,LT-12019,feeds
LT-12019,PT-12020,discharges-to
PT-12020,PSV-12021,discharges-to
FT-12022,TT-12023,upstream-of
TT-12023,FT-12024,feeds
E-12025,E-12026,feeds
E-12026,TT-12027,upstream-of
TT-12027,XV-12028,downstream-of
K-12029,PT-12030,downstream-of
PT-12030,COL-12031,discharges-to
K-12032,COL-12033,discharges-to
COL-12033,P-12034,upstream-of
P-12034,K-12035,upstream-of
K-12035,LT-12036,on-line
LT-12036,P-12037,downstream-of
P-12037,TT-12038,discharges-to
TT-12038,K-12039,feeds
K-12040,XV-12041,discharges-to
FT-12042,K-12043,discharges-to
K-12043,XV-12044,downstream-of
XV-12044,E-12045,feeds
P-12050,K-12051,upstream-of
K-12052,V-12053,feeds
P-12054,P-12055,discharges-to
P-12055,V-12056,downstream-of
V-12056,P-12057,feeds
P-12057,PT-12058,downstream-of
PT-12058,PT-12059,on-line
PT-12059,V-12060,upstream-of
V-12060,FT-12061,on-line
PSV-12063,P-12064,upstream-of
PT-12066,COL-12067,on-line
COL-12067,LT-12068,downstream-of
LT-12068,FCV-12069,upstream-of
P-12071,LT-12072,feeds
LT-12072,P-12073,feeds
P-12074,TT-12075,downstream-of
TT-12075,FCV-12076,on-line
FCV-12076,PT-12077,downstream-of
PT-12077,FT-12078,downstream-of
V-12079,FT-12080,discharges-to
FT-12080,P-12081,discharges-to
P-12081,P-12082,downstream-of
FT-12084,K-12085,on-line
K-12085,PSV-12086,upstream-of
PSV-12086,FT-12087,on-line
FT-12087,E-12088,downstream-of
P-12089,PT-12090,upstream-of
PSV-12091,TT-12092,discharges-to
E-12093,LT-12094,on-line
P-12095,P-12096,upstream-of
P-12096,PSV-12097,on-line
PSV-12097,FT-12098,upstream-of
FT-12098,FCV-12099,discharges-to
FCV-12099,K-12100,on-line
K-12100,V-12101,upstream-of
V-12101,FT-12102,discharges-to
FT-12102,E-12103,upstream-of
TT-12104,XV-12105,upstream-of
P-12113,FCV-12114,on-line
E-12115,V-12116,downstream-of
V-12116,K-12117,feeds
K-12117,P-12118,feeds
P-12118,P-12119,discharges-to
FCV-12120,FT-12121,downstream-of
FT-12121,E-12122,upstream-of
E-12122,LT-12123,on-line
LT-12123,V-12124,downstream-of
V-12124,FCV-12125,on-line
FCV-12125,P-12126,on-line
FCV-12128,P-12129,upstream-of
P-12129,XV-12130,feeds
XV-12130,PT-12131,downstream-of
PT-12131,LT-12132,on-line
LT-12132,FCV-12133,feeds
E-12134,K-12135,on-line
K-12135,FCV-12136,discharges-to
FCV-12136,COL-12137,upstream-of
COL-12137,P-12138,feeds
P-12138,K-12139,on-line
V-12141,LT-12142,downstream-of
FT-12143,PT-12144,discharges-to
PT-12144,K-12145,upstream-of
K-12145,P-12146,feeds
P-12146,E-12147,feeds
E-12147,E-12148,downstream-of
E-12148,LT-12149,downstream-of
LT-12149,PSV-12150,downstream-of
PSV-12150,FCV-12151,discharges-to
PSV-12152,P-12153,feeds
P-12153,COL-12154,upstream-of
COL-12154,FCV-12155,downstream-of
FCV-12155,XV-12156,feeds
XV-12156,P-12157,on-line
P-12157,E-12158,upstream-of
E-12158,TT-12159,downstream-of
TT-12159,COL-12160,downstream-of
COL-12160,FT-12161,upstream-of
TT-12163,XV-12164,downstream-of
XV-12164,V-12165,discharges-to
V-12165,K-12166,downstream-of
K-12166,XV-12167,feeds
XV-12167,E-12168,discharges-to
E-12168,PSV-12169,discharges-to
P-12170,V-12171,upstream-of
FCV-12172,TT-12173,downstream-of
PT-12174,LT-12175,feeds
LT-12175,FCV-12176,on-line
E-12177,PT-12178,on-line
PT-12178,LT-12179,on-line
LT-12179,PSV-12180,downstream-of
K-12182,LT-12183,discharges-to
P-12188,COL-12189,discharges-to
COL-12189,V-12190,feeds
LT-12191,P-12192,on-line
P-12192,FCV-12193,downstream-of
PT-12194,FCV-12195,upstream-of
FCV-12195,LT-12196,on-line
LT-12196,P-12197,upstream-of
P-12197,P-12198,discharges-to
P-12198,P-12199,discharges-to
P-12199,PT-12200,discharges-to
COL-12201,FCV-12202,on-line
FCV-12202,PT-12203,on-line
FCV-12204,TT-12205,feeds
TT-12206,P-12207,downstream-of
P-12207,PSV-12208,downstream-of
PSV-12208,K-12209,upstream-of
K-12209,P-12210,upstream-of
K-12211,FCV-12212,feeds
FCV-12212,PSV-12213,downstream-of
PSV-12213,COL-12214,discharges-to
LT-12215,E-12216,feeds
PSV-12217,PT-12218,feeds
PT-12218,E-12219,discharges-to
E-12220,E-12221,on-line
E-12223,PT-12224,downstream-of
TT-12225,FT-12226,downstream-of
FT-12226,P-12227,discharges-to
P-12227,COL-12228,downstream-of
PSV-12230,V-12231,feeds
V-12231,P-12232,downstream-of
XV-12233,P-12234,feeds
E-12235,COL-12236,discharges-to
COL-12236,P-12237,upstream-of
PT-12238,FT-12239,feeds
E-12240,P-12241,on-line
P-12241,P-12242,discharges-to
P-12242,P-12243,downstream-of
P-12243,K-12244,on-line
PT-12245,P-12246,discharges-to
P-12246,FCV-12247,on-line
FCV-12247,E-12248,feeds
K-12249,XV-12250,downstream-of
XV-12250,COL-12251,on-line
COL-12251,P-12252,feeds
P-12252,P-12253,on-line
K-12254,V-12255,feeds
V-12255,COL-12256,downstream-of
XV-12257,P-12258,upstream-of
FT-12260,COL-12261,on-line
COL-12261,FCV-12262,upstream-of
XV-12263,TT-12264,on-line
TT-12264,P-12265,on-line
PT-12266,P-12267,downstream-of
P-12267,V-12268,upstream-of
V-12268,PT-12269,on-line
P-12271,E-12272,downstream-of
TT-12273,PSV-12274,upstream-of
PSV-12274,PSV-12275,on-line
PSV-12275,PT-12276,on-line
PT-12276,P-12277,discharges-to
V-12278,XV-12279,upstream-of
FCV-12280,PT-12281,on-line
PT-12281,P-12282,on-line
P-12282,PT-12283,discharges-to
PT-12283,V-12284,on-line
V-12284,E-12285,feeds
P-12287,K-12288,feeds
K-12288,P-12289,feeds
P-12289,V-12290,downstream-of
P-12291,XV-12292,discharges-to
XV-12292,V-12293,upstream-of
FCV-12294,V-12295,discharges-to
V-12295,LT-12296,upstream-of
LT-12296,XV-12297,feeds
XV-12297,FCV-12298,feeds
LT-12299,K-12300,downstream-of
K-12300,XV-12301,discharges-to
TT-12302,V-12303,discharges-to
V-12303,XV-12304,discharges-to
TT-12305,PT-12306,discharges-to
PT-12306,P-12307,upstream-of
P-12307,E-12308,on-line
E-12308,TT-12309,discharges-to
TT-12309,TT-12310,feeds
TT-12310,P-12311,feeds
P-12311,COL-12312,upstream-of
COL-12312,P-12313,feeds
PT-12314,FCV-12315,on-line
FCV-12315,COL-12316,upstream-of
COL-12316,TT-12317,feeds
TT-12317,TT-12318,upstream-of
PSV-12320,XV-12321,on-line
XV-12321,V-12322,upstream-of
V-12322,E-12323,on-line
E-12323,XV-12324,feeds
PT-12325,V-12326,downstream-of
V-12326,COL-12327,discharges-to
COL-12328,PSV-12329,on-line
COL-12330,COL-12331,feeds
COL-12331,FCV-12332,discharges-to
TT-12334,LT-12335,feeds
LT-12335,P-12336,on-line
V-12338,FCV-12339,feeds
FCV-12339,FCV-12340,discharges-to
FCV-12340,FCV-12341,feeds
FCV-12341,FCV-12342,downstream-of
FCV-12342,FCV-12343,upstream-of
FCV-12343,FT-12344,upstream-of
FT-12344,FT-12345,upstream-of
FT-12345,K-12346,upstream-of
K-12346,PSV-12347,on-line
XV-12348,PT-12349,downstream-of
TT-12350,P-12351,upstream-of
PT-12352,PSV-12353,downstream-of
PT-12355,PT-12356,downstream-of
COL-12357,P-12358,discharges-to
COL-12360,P-12361,upstream-of
P-12361,COL-12362,on-line
COL-12362,XV-12363,feeds
COL-12364,P-12365,feeds
P-12365,XV-12366,on-line
XV-12366,FCV-12367,feeds
FT-12369,P-12370,discharges-to
K-12371,PT-12372,downstream-of
PT-12372,TT-12373,feeds
TT-12373,PSV-12374,discharges-to
PSV-12374,TT-12375,downstream-of
FCV-12376,XV-12377,downstream-of
XV-12377,V-12378,upstream-of
V-12378,TT-12379,downstream-of
TT-12379,V-12380,downstream-of
V-12380,LT-12381,discharges-to
LT-12381,TT-12382,feeds
TT-12382,TT-12383,on-line
TT-12383,P-12384,upstream-of
P-12384,XV-12385,feeds
PT-12386,LT-12387,on-line
LT-12387,COL-12388,downstream-of
COL-12388,P-12389,upstream-of
FCV-12390,P-12391,discharges-to
PT-12392,LT-12393,upstream-of
LT-12393,P-12394,downstream-of
P-12394,PSV-12395,downstream-of
LT-12396,FT-12397,upstream-of
FT-12397,P-12398,feeds
P-12398,FCV-12399,feeds
FCV-12399,FCV-12400,discharges-to
FCV-12400,FT-12401,discharges-to
XV-12402,TT-12403,on-line
TT-12403,P-12404,feeds
P-12404,P-12405,upstream-of
P-12405,E-12406,upstream-of
E-12406,E-12407,on-line
E-12407,PT-12408,feeds
PT-12408,TT-12409,discharges-to
TT-12409,K-12410,feeds
K-12410,E-12411,upstream-of
E-12411,PT-12412,upstream-of
PT-12412,FT-12413,feeds
FT-12413,V-12414,on-line
V-12414,FT-12415,upstream-of
FT-12415,V-12416,on-line
V-12416,P-12417,feeds
E-12418,P-12419,on-line
P-12419,TT-12420,discharges-to
TT-12420,V-12421,downstream-of
V-12421,P-12422,discharges-to
LT-12423,FT-12424,on-line
FT-12424,K-12425,discharges-to
V-12426,V-12427,upstream-of
V-12427,E-12428,upstream-of
E-12428,LT-12429,upstream-of
LT-12429,V-12430,downstream-of
V-12430,P-12431,upstream-of
PT-12432,P-12433,feeds
FCV-12434,XV-12435,upstream-of
XV-12435,FT-12436,discharges-to
FT-12436,K-12437,discharges-to
K-12437,P-12438,upstream-of
TT-12440,COL-12441,discharges-to
COL-12441,P-12442,upstream-of
FCV-12443,V-12444,feeds
V-12444,PSV-12445,on-line
PSV-12445,E-12446,feeds
FT-12447,P-12448,upstream-of
P-12448,XV-12449,downstream-of
K-12450,PT-12451,discharges-to
PT-12451,K-12452,upstream-of
PSV-12453,K-12454,downstream-of
K-12454,PT-12455,upstream-of
PT-12455,FT-12456,discharges-to
FT-12456,FCV-12457,discharges-to
FCV-12457,FCV-12458,upstream-of
E-12459,XV-12460,downstream-of
XV-12460,V-12461,feeds
V-12461,V-12462,on-line
V-12462,TT-12463,on-line
TT-12463,TT-12464,downstream-of
TT-12464,FT-12465,feeds
FT-12465,FCV-12466,discharges-to
FCV-12466,FCV-12467,upstream-of
K-12468,PT-12469,discharges-to
LT-12471,P-12472,on-line
P-12472,PSV-12473,downstream-of
PSV-12473,FT-12474,discharges-to
PSV-12475,V-12476,feeds
V-12476,K-12477,downstream-of
K-12477,COL-12478,discharges-to
E-12480,FCV-12481,discharges-to
FCV-12481,FCV-12482,discharges-to
PSV-12483,TT-12484,discharges-to
K-12486,LT-12487,discharges-to
LT-12487,V-12488,downstream-of
V-12488,FCV-12489,discharges-to
FCV-12490,LT-12491,downstream-of
LT-12491,FCV-12492,on-line
FCV-12492,V-12493,on-line
V-12493,V-12494,feeds
PSV-12495,P-12496,upstream-of
P-12496,E-12497,on-line
LT-12499,FT-12500,feeds
FT-12500,LT-12501,on-line
LT-12501,E-12502,downstream-of
FCV-12504,P-12505,upstream-of
P-12505,COL-12506,downstream-of
COL-12506,FT-12507,feeds
K-12510,COL-12511,downstream-of
P-12513,PSV-12514,feeds
PSV-12514,XV-12515,on-line
XV-12515,K-12516,downstream-of
K-12517,PSV-12518,feeds
PSV-12518,PT-12519,upstream-of
PT-12519,E-12520,on-line
E-12520,COL-12521,feeds
FT-12523,PSV-12524,downstream-of
E-12526,PSV-12527,feeds
PT-12528,K-12529,discharges-to
K-12529,TT-12530,on-line
FCV-12531,V-12532,discharges-to
V-12532,PT-12533,feeds
PT-12533,P-12534,on-line
P-12534,XV-12535,upstream-of
XV-12535,COL-12536,feeds
E-12537,P-12538,discharges-to
E-12539,FCV-12540,upstream-of
FCV-12540,V-12541,on-line
V-12541,P-12542,discharges-to
P-12542,P-12543,on-line
P-12543,FCV-12544,discharges-to
FT-12545,PT-12546,on-line
TT-12551,P-12552,feeds
P-12552,E-12553,discharges-to
E-12555,V-12556,discharges-to
V-12556,K-12557,downstream-of
K-12557,P-12558,upstream-of
P-12558,PT-12559,feeds
PT-12559,E-12560,discharges-to
FT-12562,TT-12563,downstream-of
P-12564,PSV-12565,downstream-of
PSV-12565,COL-12566,downstream-of
COL-12566,PSV-12567,on-line
PSV-12567,LT-12568,discharges-to
LT-12568,XV-12569,upstream-of
PSV-12571,P-12572,feeds
P-12572,TT-12573,feeds
TT-12573,FCV-12574,downstream-of
K-12577,V-12578,upstream-of
V-12578,E-12579,upstream-of
E-12579,K-12580,discharges-to
K-12580,E-12581,feeds
E-12581,FT-12582,discharges-to
FT-12582,E-12583,downstream-of
V-12584,XV-12585,downstream-of
XV-12585,PSV-12586,discharges-to
PSV-12586,PSV-12587,downstream-of
PSV-12587,P-12588,feeds
P-12588,V-12589,on-line
XV-12590,LT-12591,on-line
LT-12591,V-12592,downstream-of
P-12594,COL-12595,downstream-of
COL-12595,P-12596,discharges-to
E-12597,P-12598,discharges-to
P-12598,FCV-12599,on-line
FCV-12599,P-12600,on-line
P-12600,K-12601,feeds
E-12603,K-12604,on-line
K-12604,V-12605,discharges-to
V-12605,V-12606,feeds
V-12606,P-12607,discharges-to
K-12608,P-12609,downstream-of
P-12609,TT-12610,downstream-of
TT-12610,K-12611,on-line
K-12611,PT-12612,upstream-of
COL-12614,FCV-12615,on-line
FCV-12615,PT-12616,upstream-of
LT-12618,K-12619,discharges-to
K-12619,FT-12620,feeds
FT-12620,TT-12621,downstream-of
TT-12621,V-12622,on-line
V-12622,P-12623,feeds
LT-12624,COL-12625,discharges-to
K-12627,K-12628,feeds
K-12628,PSV-12629,feeds
PSV-12629,E-12630,on-line
E-12630,P-12631,discharges-to
P-12631,PSV-12632,on-line
P-12633,P-12634,discharges-to
P-12634,LT-12635,feeds
COL-12641,FCV-12642,downstream-of
FCV-12642,V-12643,on-line
XV-12644,LT-12645,feeds
LT-12645,K-12646,discharges-to
K-12646,P-12647,on-line
P-12647,V-12648,feeds
V-12648,V-12649,feeds
P-12651,PSV-12652,feeds
PSV-12653,PSV-12654,feeds
PSV-12654,PSV-12655,discharges-to
P-12656,FT-12657,on-line
FT-12657,V-12658,on-line
V-12658,LT-12659,downstream-of
LT-12659,PSV-12660,downstream-of
PSV-12660,COL-12661,downstream-of
COL-12661,FT-12662,downstream-of
FT-12662,PT-12663,discharges-to
PT-12663,FCV-12664,upstream-of
FCV-12664,P-12665,feeds
P-12665,PT-12666,downstream-of
XV-12667,PT-12668,on-line
PT-12668,COL-12669,discharges-to
LT-12671,XV-12672,on-line
XV-12672,P-12673,feeds
P-12673,FT-12674,downstream-of
V-12675,K-12676,discharges-to
FCV-12678,LT-12679,feeds
LT-12679,FT-12680,downstream-of
E-12685,FCV-12686,upstream-of
FCV-12686,V-12687,downstream-of
FCV-12688,K-12689,upstream-of
K-12690,FCV-12691,feeds
FCV-12691,LT-12692,discharges-to
LT-12692,FCV-12693,discharges-to
FCV-12693,P-12694,upstream-of
P-12694,P-12695,on-line
P-12695,P-12696,upstream-of
K-12697,E-12698,on-line
TT-12700,LT-12701,upstream-of
LT-12701,K-12702,upstream-of
K-12702,TT-12703,downstream-of
TT-12703,COL-12704,feeds
COL-12704,V-12705,downstream-of
P-12706,K-12707,discharges-to
PT-12709,P-12710,downstream-of
TT-12711,K-12712,downstream-of
K-12712,P-12713,downstream-of
E-12714,E-12715,downstream-of
E-12715,FT-12716,on-line
FT-12716,PSV-12717,downstream-of
PSV-12717,V-12718,discharges-to
PT-12719,PSV-12720,discharges-to
V-12722,PSV-12723,upstream-of
PSV-12723,P-12724,on-line
P-12724,E-12725,discharges-to
PSV-12727,COL-12728,on-line
P-12729,COL-12730,upstream-of
COL-12730,V-12731,downstream-of
P-12732,COL-12733,upstream-of
COL-12733,FT-12734,discharges-to
FT-12734,COL-12735,upstream-of
K-12736,COL-12737,on-line
PSV-12738,PT-12739,feeds
COL-12742,LT-12743,feeds
LT-12743,PSV-12744,downstream-of
FCV-12745,E-12746,feeds
PSV-12747,PT-12748,discharges-to
PT-12748,XV-12749,on-line
FT-12750,LT-12751,discharges-to
LT-12752,E-12753,upstream-of
E-12753,PT-12754,upstream-of
PT-12754,P-12755,upstream-of
P-12755,FT-12756,feeds
PSV-12757,PSV-12758,discharges-to
PSV-12758,TT-12759,downstream-of
TT-12759,TT-12760,discharges-to
TT-12760,XV-12761,discharges-to
XV-12761,FT-12762,on-line
FT-12762,PT-12763,downstream-of
PT-12763,COL-12764,feeds
COL-12765,COL-12766,downstream-of
COL-12766,TT-12767,on-line
FT-12768,K-12769,discharges-to
K-12770,FCV-12771,discharges-to
FCV-12771,K-12772,upstream-of
K-12772,K-12773,feeds
K-12773,FCV-12774,on-line
FCV-12774,COL-12775,on-line
E-12776,P-12777,downstream-of
P-12777,P-12778,discharges-to
P-12778,PT-12779,upstream-of
FT-12780,V-12781,feeds
V-12781,V-12782,feeds
V-12782,TT-12783,discharges-to
TT-12783,P-12784,on-line
P-12784,COL-12785,discharges-to
E-12787,COL-12788,feeds
COL-12788,V-12789,upstream-of
V-12789,E-12790,on-line
PT-12791,PT-12792,downstream-of
PT-12792,FT-12793,feeds
FT-12793,P-12794,feeds
PT-12795,XV-12796,upstream-of
XV-12796,P-12797,upstream-of
P-12797,E-12798,feeds
E-12798,E-12799,upstream-of
E-12799,FT-12800,discharges-to
FT-12800,XV-12801,on-line
XV-12801,XV-12802,on-line
XV-12802,PSV-12803,feeds
PSV-12803,TT-12804,discharges-to
P-12805,FT-12806,upstream-of
FT-12806,P-12807,downstream-of
P-12807,PT-12808,discharges-to
PT-12808,E-12809,feeds
E-12809,K-12810,upstream-of
K-12810,COL-12811,feeds
FCV-12812,PT-12813,upstream-of
PT-12813,FT-12814,upstream-of
FT-12814,XV-12815,feeds
PT-12816,LT-12817,upstream-of
LT-12817,E-12818,downstream-of
E-12818,PT-12819,upstream-of
PT-12819,E-12820,upstream-of
E-12820,LT-12821,upstream-of
FT-12822,TT-12823,feeds
TT-12823,E-12824,feeds
E-12824,K-12825,on-line
K-12825,V-12826,feeds
V-12826,FCV-12827,upstream-of
FCV-12827,E-12828,discharges-to
E-12828,FCV-12829,downstream-of
FCV-12829,E-12830,upstream-of
E-12830,FT-12831,upstream-of
FT-12831,XV-12832,on-line
XV-12832,P-12833,feeds
P-12833,P-12834,downstream-of
P-12834,FT-12835,downstream-of
FT-12835,P-12836,on-line
PSV-12837,FT-12838,upstream-of
FT-12838,FT-12839,on-line
PT-12840,V-12841,on-line
V-12841,PT-12842,on-line
PT-12842,K-12843,discharges-to
LT-12845,P-12846,upstream-of
FT-12847,P-12848,discharges-to
P-12848,COL-12849,discharges-to
COL-12849,P-12850,on-line
P-12850,E-12851,feeds
E-12851,XV-12852,upstream-of
FCV-12853,FT-12854,upstream-of
FT-12854,K-12855,downstream-of
COL-12856,V-12857,discharges-to
V-12857,XV-12858,upstream-of
XV-12858,FCV-12859,feeds
FCV-12859,P-12860,on-line
PSV-12861,P-12862,feeds
P-12862,COL-12863,downstream-of
V-12864,XV-12865,feeds
K-12866,TT-12867,feeds
LT-12868,K-12869,upstream-of
K-12869,P-12870,discharges-to
P-12870,PT-12871,on-line
PT-12871,XV-12872,discharges-to
XV-12872,P-12873,feeds
P-12873,P-12874,downstream-of
P-12874,V-12875,upstream-of
V-12875,E-12876,downstream-of
PT-12877,P-12878,on-line
PT-12879,TT-12880,downstream-of
E-12881,COL-12882,feeds
PSV-12883,K-12884,feeds
K-12885,P-12886,downstream-of
P-12886,XV-12887,feeds
XV-12887,PSV-12888,on-line
FCV-12889,P-12890,downstream-of
P-12890,LT-12891,feeds
COL-12892,K-12893,on-line
K-12893,P-12894,feeds
P-12894,P-12895,upstream-of
P-12895,XV-12896,on-line
XV-12896,K-12897,upstream-of
K-12897,TT-12898,downstream-of
P-12899,FT-12900,downstream-of
FT-12900,COL-12901,upstream-of
COL-12901,LT-12902,discharges-to
LT-12903,XV-12904,downstream-of
XV-12904,P-12905,feeds
P-12905,FCV-12906,downstream-of
FCV-12906,XV-12907,on-line
XV-12907,LT-12908,upstream-of
FCV-12909,PSV-12910,feeds
PSV-12910,E-12911,feeds
FCV-12913,COL-12914,downstream-of
COL-12914,FCV-12915,on-line
FCV-12915,FT-12916,feeds
FT-12916,P-12917,on-line
PT-12918,FT-12919,on-line
FCV-12920,XV-12921,feeds
E-12923,K-12924,feeds
K-12924,K-12925,upstream-of
K-12925,K-12926,upstream-of
K-12926,P-12927,discharges-to
PT-12928,TT-12929,upstream-of
XV-12932,LT-12933,on-line
LT-12933,XV-12934,discharges-to
XV-12934,E-12935,downstream-of
PT-12938,COL-12939,on-line
COL-12939,PSV-12940,feeds
P-12941,P-12942,downstream-of
P-12942,FCV-12943,upstream-of
FCV-12943,TT-12944,discharges-to
TT-12944,XV-12945,feeds
XV-12945,PT-12946,feeds
PT-12946,XV-12947,downstream-of
XV-12947,PSV-12948,discharges-to
PSV-12948,TT-12949,downstream-of
TT-12949,XV-12950,on-line
XV-12950,E-12951,upstream-of
E-12951,COL-12952,upstream-of
TT-12953,P-12954,upstream-of
E-12956,E-12957,feeds
E-12957,LT-12958,upstream-of
LT-12958,TT-12959,on-line
TT-12959,P-12960,discharges-to
K-12962,PSV-12963,on-line
PSV-12963,TT-12964,upstream-of
FCV-12966,E-12967,discharges-to
FCV-12968,LT-12969,upstream-of
LT-12969,P-12970,discharges-to
XV-12971,PT-12972,feeds
FT-12974,K-12975,downstream-of
K-12975,P-12976,on-line
P-12976,COL-12977,upstream-of
COL-12977,XV-12978,feeds
V-12982,P-12983,downstream-of
FCV-12985,XV-12986,discharges-to
P-12987,COL-12988,discharges-to
FCV-12989,PSV-12990,downstream-of
FT-12992,E-12993,downstream-of
E-12993,P-12994,upstream-of
P-12994,TT-12995,discharges-to
TT-12995,TT-12996,discharges-to
FCV-12997,E-12998,upstream-of
FT-13000,E-13001,downstream-of
FT-13002,P-13003,on-line
P-13003,FT-13004,upstream-of
FT-13004,E-13005,discharges-to
E-13005,PSV-13006,downstream-of
K-13008,PT-13009,discharges-to
PT-13009,P-13010,discharges-to
P-13010,XV-13011,feeds
COL-13012,V-13013,feeds
V-13013,P-13014,downstream-of
P-13014,LT-13015,upstream-of
COL-13016,V-13017,on-line
V-13017,E-13018,upstream-of
E-13018,TT-13019,on-line
P-13020,FT-13021,discharges-to
FT-13021,PT-13022,feeds
PT-13022,P-13023,on-line
K-13024,P-13025,upstream-of
P-13025,COL-13026,downstream-of
FCV-13028,FCV-13029,downstream-of
FCV-13029,LT-13030,discharges-to
LT-13030,LT-13031,upstream-of
LT-13031,K-13032,upstream-of
K-13032,P-13033,on-line
LT-13034,E-13035,feeds
FCV-13036,PSV-13037,on-line
FT-13039,TT-13040,upstream-of
E-13041,FCV-13042,downstream-of
FCV-13042,P-13043,discharges-to
E-13045,P-13046,upstream-of
COL-13048,FCV-13049,discharges-to
FCV-13049,FCV-13050,upstream-of
FCV-13050,TT-13051,downstream-of
TT-13051,K-13052,upstream-of
XV-13054,FCV-13055,downstream-of
FCV-13055,TT-13056,upstream-of
TT-13056,V-13057,downstream-of
E-13061,K-13062,upstream-of
K-13062,P-13063,downstream-of
P-13064,V-13065,on-line
V-13065,P-13066,on-line
P-13066,FCV-13067,downstream-of
FCV-13067,TT-13068,downstream-of
TT-13068,P-13069,feeds
E-13070,LT-13071,discharges-to
LT-13071,P-13072,on-line
P-13072,E-13073,upstream-of
E-13073,TT-13074,on-line
TT-13074,COL-13075,upstream-of
V-13076,FT-13077,upstream-of
FT-13077,FT-13078,on-line
FT-13078,TT-13079,on-line
TT-13079,K-13080,on-line
K-13080,FT-13081,upstream-of
FT-13081,PSV-13082,upstream-of
LT-13083,P-13084,discharges-to
P-13084,V-13085,downstream-of
V-13085,FCV-13086,upstream-of
FCV-13086,P-13087,upstream-of
P-13087,TT-13088,feeds
TT-13088,P-13089,on-line
P-13089,P-13090,discharges-to
V-13091,TT-13092,downstream-of
TT-13092,XV-13093,upstream-of
XV-13093,P-13094,feeds
P-13094,XV-13095,on-line
PSV-13097,E-13098,on-line
E-13098,FCV-13099,downstream-of
FCV-13099,COL-13100,feeds
TT-13101,E-13102,downstream-of
E-13102,FT-13103,on-line
FT-13103,P-13104,upstream-of
P-13106,P-13107,discharges-to
P-13107,K-13108,discharges-to
K-13108,V-13109,discharges-to
PT-13111,E-13112,on-line
E-13113,K-13114,downstream-of
LT-13115,XV-13116,feeds
XV-13116,P-13117,discharges-to
XV-13118,PT-13119,upstream-of
PT-13119,E-13120,upstream-of
E-13120,V-13121,feeds
V-13121,V-13122,downstream-of
COL-13125,FT-13126,downstream-of
FT-13126,FCV-13127,discharges-to
LT-13129,LT-13130,discharges-to
LT-13130,V-13131,discharges-to
V-13131,FCV-13132,downstream-of
FCV-13132,LT-13133,feeds
TT-13134,LT-13135,feeds
V-13136,FT-13137,downstream-of
FCV-13139,XV-13140,discharges-to
XV-13140,TT-13141,downstream-of
XV-13142,PT-13143,discharges-to
PT-13143,TT-13144,on-line
TT-13144,FCV-13145,upstream-of
FCV-13145,V-13146,discharges-to
V-13146,FCV-13147,upstream-of
FT-13148,P-13149,discharges-to
P-13149,P-13150,upstream-of
P-13150,FT-13151,on-line
FT-13151,XV-13152,on-line
XV-13152,COL-13153,downstream-of
COL-13153,LT-13154,on-line
LT-13154,PT-13155,upstream-of
PT-13155,E-13156,on-line
E-13156,E-13157,feeds
E-13157,XV-13158,upstream-of
XV-13158,TT-13159,downstream-of
TT-13159,XV-13160,downstream-of
FT-13161,P-13162,downstream-of
P-13162,FT-13163,on-line
FT-13163,XV-13164,discharges-to
XV-13164,FT-13165,downstream-of
FT-13165,V-13166,feeds
V-13166,FCV-13167,feeds
FCV-13167,V-13168,on-line
V-13168,V-13169,upstream-of
V-13169,FT-13170,downstream-of
FT-13172,TT-13173,upstream-of
FCV-13174,XV-13175,feeds
XV-13175,V-13176,discharges-to
V-13176,V-13177,discharges-to
TT-13178,K-13179,feeds
K-13179,PSV-13180,downstream-of
PSV-13180,P-13181,on-line
FCV-13183,K-13184,on-line
K-13185,LT-13186,feeds
LT-13186,FCV-13187,discharges-to
FCV-13187,PT-13188,upstream-of
PT-13188,K-13189,discharges-to
K-13189,PSV-13190,feeds
PSV-13190,K-13191,downstream-of
K-13191,TT-13192,downstream-of
FCV-13194,FCV-13195,on-line
FT-13196,FT-13197,on-line
FT-13197,PSV-13198,on-line
PSV-13198,PT-13199,discharges-to
PT-13199,PSV-13200,feeds
PSV-13200,FT-13201,discharges-to
FT-13201,P-13202,discharges-to
P-13202,PT-13203,downstream-of
PT-13203,V-13204,upstream-of
XV-13205,P-13206,feeds
P-13206,LT-13207,feeds
PSV-13208,V-13209,upstream-of
V-13209,P-13210,on-line
P-13210,P-13211,downstream-of
P-13211,COL-13212,feeds
FCV-13213,FT-13214,on-line
FT-13214,FT-13215,upstream-of
FT-13215,PT-13216,downstream-of
PT-13216,PT-13217,upstream-of
PT-13217,K-13218,downstream-of
K-13218,P-13219,feeds
K-13221,TT-13222,discharges-to
TT-13223,K-13224,discharges-to
E-13225,LT-13226,on-line
LT-13226,K-13227,feeds
K-13227,P-13228,feeds
V-13230,FCV-13231,downstream-of
FCV-13231,FCV-13232,discharges-to
FT-13233,COL-13234,on-line
COL-13234,K-13235,downstream-of
K-13235,PT-13236,downstream-of
TT-13237,E-13238,on-line
E-13238,E-13239,feeds
E-13239,COL-13240,downstream-of
TT-13241,PSV-13242,on-line
PSV-13242,COL-13243,on-line
COL-13243,FCV-13244,feeds
FCV-13244,XV-13245,downstream-of
XV-13245,PT-13246,feeds
PT-13246,FCV-13247,feeds
FCV-13247,E-13248,on-line
COL-13249,PT-13250,discharges-to
PT-13250,P-13251,downstream-of
P-13251,XV-13252,downstream-of
XV-13252,P-13253,discharges-to
P-13253,PSV-13254,downstream-of
PSV-13254,K-13255,feeds
K-13255,LT-13256,feeds
LT-13256,LT-13257,feeds
PSV-13258,PT-13259,discharges-to
PT-13259,PSV-13260,on-line
PSV-13260,E-13261,on-line
PSV-13262,XV-13263,feeds
XV-13263,PSV-13264,feeds
PSV-13265,PT-13266,discharges-to
PT-13266,V-13267,feeds
PT-13268,P-13269,on-line
P-13269,COL-13270,feeds
COL-13270,FCV-13271,upstream-of
P-13272,TT-13273,on-line
TT-13273,TT-13274,downstream-of
TT-13274,XV-13275,downstream-of
XV-13275,PT-13276,on-line
PT-13276,FT-13277,upstream-of
FT-13277,PT-13278,feeds
PT-13278,TT-13279,feeds
PT-13282,FT-13283,feeds
FT-13283,P-13284,downstream-of
P-13284,P-13285,discharges-to
P-13285,XV-13286,feeds
FCV-13288,P-13289,on-line
LT-13290,FT-13291,feeds
COL-13295,P-13296,on-line
P-13296,P-13297,discharges-to
P-13297,K-13298,discharges-to
K-13298,V-13299,downstream-of
V-13299,PT-13300,downstream-of
PT-13300,PT-13301,discharges-to
PT-13301,FT-13302,feeds
FT-13302,LT-13303,feeds
LT-13303,COL-13304,downstream-of
COL-13304,FT-13305,on-line
FT-13305,P-13306,on-line
FCV-13307,LT-13308,discharges-to
LT-13308,PSV-13309,upstream-of
E-13310,V-13311,discharges-to
V-13311,P-13312,on-line
P-13312,V-13313,on-line
V-13313,P-13314,on-line
P-13314,PT-13315,upstream-of
PT-13315,P-13316,downstream-of
P-13316,K-13317,downstream-of
K-13317,FT-13318,downstream-of
P-13320,COL-13321,on-line
COL-13321,K-13322,upstream-of
K-13322,P-13323,feeds
P-13323,PT-13324,discharges-to
LT-13325,PT-13326,feeds
V-13327,COL-13328,feeds
E-13329,FT-13330,upstream-of
FT-13330,FCV-13331,feeds
K-13332,P-13333,upstream-of
K-13334,V-13335,downstream-of
V-13335,FCV-13336,downstream-of
P-13338,LT-13339,discharges-to
LT-13339,PT-13340,upstream-of
TT-13341,E-13342,upstream-of
PSV-13346,P-13347,downstream-of
P-13347,LT-13348,downstream-of
PSV-13350,V-13351,feeds
V-13351,TT-13352,discharges-to
TT-13352,LT-13353,upstream-of
P-13355,TT-13356,downstream-of
XV-13357,TT-13358,downstream-of
TT-13358,PT-13359,on-line
PT-13359,PT-13360,downstream-of
PT-13360,V-13361,on-line
V-13361,FCV-13362,feeds
FCV-13362,XV-13363,downstream-of
XV-13363,FT-13364,downstream-of
COL-13365,FT-13366,upstream-of
FT-13366,TT-13367,feeds
COL-13368,P-13369,discharges-to
P-13369,V-13370,upstream-of
P-13371,COL-13372,upstream-of
FT-13373,COL-13374,on-line
FT-13375,PT-13376,feeds
LT-13377,E-13378,downstream-of
E-13378,P-13379,on-line
P-13379,TT-13380,on-line
TT-13380,LT-13381,downstream-of
LT-13381,PT-13382,feeds
PT-13382,P-13383,downstream-of
P-13383,P-13384,downstream-of
P-13384,E-13385,feeds
E-13385,COL-13386,on-line
COL-13386,PT-13387,upstream-of
PT-13387,FCV-13388,feeds
FCV-13388,K-13389,on-line
K-13389,FT-13390,downstream-of
FT-13390,XV-13391,feeds
XV-13391,XV-13392,downstream-of
XV-13392,XV-13393,feeds
XV-13393,PSV-13394,upstream-of
PSV-13394,P-13395,discharges-to
P-13395,FT-13396,on-line
E-13397,FT-13398,downstream-of
FT-13398,PT-13399,downstream-of
PT-13399,FT-13400,feeds
FT-13400,LT-13401,discharges-to
LT-13401,E-13402,upstream-of
E-13402,P-13403,discharges-to
P-13403,V-13404,feeds
FT-13405,XV-13406,discharges-to
XV-13406,K-13407,discharges-to
K-13407,FCV-13408,discharges-to
E-13409,FCV-13410,downstream-of
FCV-13410,COL-13411,discharges-to
COL-13411,TT-13412,feeds
TT-13412,COL-13413,downstream-of
FT-13414,FT-13415,discharges-to
XV-13416,PSV-13417,feeds
PSV-13417,LT-13418,upstream-of
XV-13419,TT-13420,discharges-to
TT-13420,K-13421,downstream-of
K-13421,PT-13422,discharges-to
PT-13422,K-13423,on-line
LT-13424,P-13425,on-line
P-13425,XV-13426,feeds
V-13429,V-13430,upstream-of
E-13431,K-13432,on-line
K-13432,TT-13433,feeds
P-13436,LT-13437,downstream-of
LT-13437,LT-13438,on-line
LT-13438,TT-13439,upstream-of
P-13440,FCV-13441,upstream-of
PT-13443,TT-13444,downstream-of
TT-13444,XV-13445,upstream-of
TT-13448,V-13449,downstream-of
V-13449,XV-13450,downstream-of
XV-13450,FCV-13451,upstream-of
FCV-13451,V-13452,downstream-of
V-13452,FT-13453,on-line
FT-13453,COL-13454,discharges-to
COL-13454,E-13455,feeds
E-13455,TT-13456,on-line
TT-13456,PSV-13457,discharges-to
PSV-13457,XV-13458,feeds
XV-13458,PSV-13459,discharges-to
PSV-13459,PSV-13460,on-line
V-13461,P-13462,discharges-to
P-13462,V-13463,feeds
V-13463,FCV-13464,on-line
FCV-13464,P-13465,feeds
P-13465,PSV-13466,downstream-of
PSV-13466,FT-13467,feeds
P-13469,K-13470,feeds
LT-13471,PT-13472,downstream-of
PT-13472,XV-13473,feeds
V-13474,XV-13475,discharges-to
COL-13476,K-13477,downstream-of
K-13477,P-13478,feeds
E-13479,K-13480,downstream-of
K-13480,LT-13481,feeds
LT-13481,FT-13482,discharges-to
FT-13485,LT-13486,downstream-of
LT-13486,COL-13487,feeds
COL-13487,PSV-13488,downstream-of
PSV-13490,COL-13491,downstream-of
COL-13491,FT-13492,feeds
XV-13493,K-13494,upstream-of
FCV-13496,E-13497,feeds
PSV-13498,E-13499,feeds
E-13499,FCV-13500,downstream-of
FCV-13500,TT-13501,upstream-of
TT-13501,E-13502,downstream-of
E-13502,COL-13503,upstream-of
COL-13503,FCV-13504,on-line
FCV-13504,P-13505,downstream-of
P-13505,K-13506,upstream-of
K-13506,P-13507,downstream-of
P-13507,P-13508,upstream-of
P-13508,COL-13509,discharges-to
COL-13509,XV-13510,discharges-to
XV-13510,FT-13511,on-line
K-13513,XV-13514,upstream-of
PT-13515,LT-13516,on-line
K-13517,P-13518,discharges-to
P-13518,LT-13519,upstream-of
LT-13519,E-13520,on-line
E-13520,PSV-13521,feeds
PSV-13521,P-13522,downstream-of
P-13522,V-13523,discharges-to
V-13523,FCV-13524,upstream-of
FCV-13524,PSV-13525,upstream-of
PSV-13525,K-13526,downstream-of
K-13526,V-13527,upstream-of
V-13527,V-13528,feeds
V-13528,PT-13529,discharges-to
PT-13529,P-13530,downstream-of
P-13530,PSV-13531,upstream-of
PSV-13531,COL-13532,feeds
COL-13532,COL-13533,downstream-of
XV-13534,E-13535,on-line
COL-13537,PSV-13538,discharges-to
PSV-13538,PT-13539,upstream-of
PT-13539,E-13540,feeds
E-13540,K-13541,downstream-of
K-13541,P-13542,feeds
P-13542,TT-13543,on-line
TT-13543,P-13544,feeds
TT-13546,P-13547,upstream-of
LT-13548,PT-13549,discharges-to
E-13550,LT-13551,upstream-of
LT-13551,P-13552,upstream-of
P-13552,P-13553,discharges-to
P-13553,E-13554,feeds
E-13554,E-13555,on-line
E-13555,PT-13556,upstream-of
TT-13558,COL-13559,upstream-of
COL-13559,V-13560,on-line
TT-13561,XV-13562,on-line
XV-13562,PSV-13563,feeds
PSV-13563,P-13564,discharges-to
COL-13566,K-13567,on-line
PSV-13568,XV-13569,downstream-of
XV-13569,LT-13570,downstream-of
P-13571,FT-13572,upstream-of
K-13573,K-13574,upstream-of
K-13574,PSV-13575,upstream-of
PSV-13575,LT-13576,feeds
XV-13577,LT-13578,feeds
LT-13578,COL-13579,upstream-of
COL-13579,PT-13580,feeds
PT-13580,TT-13581,feeds
TT-13581,P-13582,on-line
P-13582,FCV-13583,downstream-of
XV-13584,FCV-13585,feeds
FCV-13585,PSV-13586,feeds
PSV-13586,FCV-13587,feeds
FCV-13587,COL-13588,upstream-of
COL-13589,PSV-13590,discharges-to
PSV-13590,COL-13591,upstream-of
K-13592,K-13593,upstream-of
K-13593,E-13594,feeds
E-13594,V-13595,feeds
V-13595,E-13596,downstream-of
COL-13597,PSV-13598,feeds
PSV-13598,PT-13599,downstream-of
PT-13599,FCV-13600,feeds
FCV-13600,TT-13601,upstream-of
TT-13601,PT-13602,downstream-of
PT-13602,XV-13603,on-line
K-13604,PSV-13605,on-line
LT-13608,XV-13609,discharges-to
XV-13609,COL-13610,discharges-to
COL-13610,LT-13611,upstream-of
TT-13612,P-13613,discharges-to
P-13613,TT-13614,on-line
TT-13614,LT-13615,feeds
LT-13615,E-13616,downstream-of
E-13616,COL-13617,on-line
COL-13617,TT-13618,upstream-of
P-13620,E-13621,upstream-of
TT-13623,TT-13624,upstream-of
TT-13624,K-13625,downstream-of
K-13625,FT-13626,downstream-of
FT-13626,TT-13627,downstream-of
TT-13629,COL-13630,discharges-to
COL-13630,FT-13631,discharges-to
FT-13631,TT-13632,downstream-of
TT-13632,COL-13633,downstream-of
COL-13633,FCV-13634,on-line
FCV-13634,TT-13635,upstream-of
TT-13635,FCV-13636,feeds
FCV-13636,FT-13637,feeds
K-13638,P-13639,upstream-of
P-13639,K-13640,discharges-to
K-13640,TT-13641,on-line
TT-13641,FCV-13642,discharges-to
P-13643,PT-13644,discharges-to
PT-13644,FT-13645,feeds
FT-13645,P-13646,discharges-to
FCV-13647,P-13648,on-line
TT-13652,PSV-13653,on-line
COL-13654,TT-13655,downstream-of
TT-13655,PT-13656,discharges-to
PT-13656,FT-13657,discharges-to
P-13659,P-13660,discharges-to
P-13660,E-13661,on-line
TT-13665,TT-13666,on-line
PSV-13667,LT-13668,discharges-to
LT-13668,P-13669,feeds
P-13669,K-13670,on-line
K-13670,COL-13671,feeds
FCV-13672,PSV-13673,downstream-of
PSV-13673,XV-13674,downstream-of
XV-13676,FT-13677,on-line
FT-13677,TT-13678,on-line
TT-13678,K-13679,downstream-of
E-13680,E-13681,downstream-of
E-13681,V-13682,downstream-of
V-13682,P-13683,feeds
P-13683,P-13684,downstream-of
P-13686,P-13687,upstream-of
P-13687,XV-13688,upstream-of
LT-13689,TT-13690,discharges-to
TT-13690,E-13691,feeds
E-13691,FCV-13692,downstream-of
FCV-13692,V-13693,downstream-of
E-13695,COL-13696,discharges-to
COL-13696,K-13697,discharges-to
FCV-13698,PT-13699,on-line
TT-13700,COL-13701,feeds
COL-13701,V-13702,discharges-to
FT-13703,V-13704,upstream-of
V-13704,LT-13705,downstream-of
K-13708,V-13709,feeds
V-13709,TT-13710,downstream-of
TT-13710,FT-13711,on-line
FT-13711,LT-13712,upstream-of
LT-13712,K-13713,feeds
K-13713,LT-13714,upstream-of
LT-13714,P-13715,upstream-of
P-13715,FCV-13716,downstream-of
FCV-13716,PSV-13717,downstream-of
PSV-13717,PSV-13718,downstream-of
PSV-13718,FT-13719,discharges-to
PT-13720,FCV-13721,feeds
FCV-13721,PSV-13722,on-line
PSV-13722,V-13723,discharges-to
V-13723,TT-13724,downstream-of
FT-13725,P-13726,upstream-of
P-13726,P-13727,downstream-of
P-13727,PSV-13728,upstream-of
PSV-13728,PSV-13729,on-line
PSV-13729,LT-13730,discharges-to
LT-13730,TT-13731,upstream-of
TT-13731,V-13732,feeds
V-13732,PT-13733,upstream-of
PT-13733,P-13734,discharges-to
P-13734,LT-13735,upstream-of
LT-13735,V-13736,downstream-of
PT-13737,PSV-13738,feeds
PSV-13738,PT-13739,feeds
PT-13739,V-13740,upstream-of
V-13740,COL-13741,discharges-to
COL-13741,XV-13742,feeds
PSV-13743,FCV-13744,discharges-to
FCV-13744,PT-13745,upstream-of
PT-13745,XV-13746,on-line
XV-13746,V-13747,upstream-of
PSV-13748,V-13749,on-line
V-13749,XV-13750,upstream-of
XV-13750,FT-13751,feeds
COL-13752,E-13753,upstream-of
E-13753,PT-13754,downstream-of
PT-13754,P-13755,upstream-of
P-13755,FCV-13756,discharges-to
FCV-13756,E-13757,discharges-to
E-13757,FCV-13758,upstream-of
FCV-13758,XV-13759,discharges-to
FCV-13762,COL-13763,upstream-of
XV-13764,P-13765,discharges-to
P-13765,LT-13766,feeds
XV-13767,E-13768,upstream-of
E-13768,PSV-13769,discharges-to
XV-13771,E-13772,feeds
E-13772,PSV-13773,discharges-to
LT-13774,FCV-13775,upstream-of
E-13778,PT-13779,feeds
PT-13779,COL-13780,feeds
COL-13780,FCV-13781,downstream-of
FT-13783,FT-13784,feeds
FT-13784,K-13785,on-line
K-13785,K-13786,on-line
K-13786,E-13787,feeds
LT-13789,P-13790,on-line
TT-13791,FT-13792,discharges-to
TT-13793,PSV-13794,upstream-of
PSV-13794,K-13795,upstream-of
K-13795,COL-13796,downstream-of
K-13797,E-13798,downstream-of
E-13798,P-13799,feeds
P-13800,K-13801,upstream-of
K-13801,COL-13802,upstream-of
COL-13802,PT-13803,downstream-of
PT-13803,PT-13804,downstream-of
PT-13804,FT-13805,on-line
FT-13805,XV-13806,feeds
PSV-13808,FT-13809,on-line
FT-13809,PSV-13810,on-line
E-13811,PT-13812,upstream-of
PT-13812,V-13813,feeds
PT-13814,V-13815,downstream-of
V-13815,PSV-13816,feeds
E-13818,FCV-13819,downstream-of
XV-13820,COL-13821,on-line
COL-13821,P-13822,on-line
P-13822,LT-13823,downstream-of
TT-13824,E-13825,feeds
P-13826,PSV-13827,downstream-of
PSV-13827,LT-13828,on-line
LT-13828,FCV-13829,downstream-of
FCV-13829,XV-13830,discharges-to
XV-13830,K-13831,on-line
K-13831,FT-13832,on-line
FT-13832,TT-13833,on-line
PT-13835,LT-13836,feeds
LT-13836,XV-13837,feeds
XV-13837,XV-13838,feeds
XV-13838,PT-13839,on-line
PT-13839,E-13840,downstream-of
E-13840,LT-13841,on-line
LT-13841,PT-13842,discharges-to
PT-13842,XV-13843,feeds
XV-13843,P-13844,feeds
P-13844,PSV-13845,downstream-of
PSV-13845,E-13846,feeds
XV-13847,LT-13848,upstream-of
PT-13849,PT-13850,on-line
PT-13850,TT-13851,discharges-to
TT-13851,LT-13852,upstream-of
LT-13852,P-13853,discharges-to
P-13853,PSV-13854,upstream-of
PSV-13854,FT-13855,on-line
FT-13855,XV-13856,discharges-to
FT-13857,LT-13858,downstream-of
LT-13859,V-13860,feeds
V-13860,P-13861,feeds
P-13861,PSV-13862,downstream-of
K-13863,PT-13864,feeds
PT-13864,XV-13865,discharges-to
XV-13865,FCV-13866,upstream-of
FCV-13866,P-13867,upstream-of
P-13867,PT-13868,upstream-of
PT-13868,K-13869,discharges-to
P-13872,P-13873,discharges-to
LT-13874,XV-13875,upstream-of
XV-13875,LT-13876,downstream-of
FT-13878,LT-13879,on-line
LT-13879,V-13880,on-line
FT-13881,LT-13882,discharges-to
V-13883,LT-13884,feeds
V-13886,P-13887,downstream-of
P-13887,XV-13888,upstream-of
TT-13889,XV-13890,feeds
V-13892,LT-13893,on-line
LT-13893,V-13894,discharges-to
V-13894,COL-13895,discharges-to
PT-13897,PT-13898,on-line
FCV-13900,PSV-13901,on-line
TT-13903,PSV-13904,discharges-to
PSV-13904,TT-13905,discharges-to
TT-13905,LT-13906,discharges-to
TT-13907,XV-13908,feeds
XV-13908,LT-13909,downstream-of
COL-13910,COL-13911,downstream-of
P-13912,COL-13913,discharges-to
COL-13913,XV-13914,feeds
XV-13914,PT-13915,upstream-of
PT-13915,FCV-13916,downstream-of
K-13918,TT-13919,upstream-of
TT-13919,FCV-13920,upstream-of
FCV-13920,V-13921,downstream-of
V-13921,FCV-13922,feeds
FCV-13922,FCV-13923,upstream-of
FCV-13924,FT-13925,discharges-to
FT-13925,PSV-13926,on-line
PT-13927,LT-13928,downstream-of
E-13929,XV-13930,downstream-of
XV-13930,TT-13931,feeds
TT-13931,P-13932,upstream-of
P-13932,PSV-13933,feeds
FT-13934,PT-13935,upstream-of
PT-13935,FT-13936,feeds
FT-13936,P-13937,upstream-of
P-13937,P-13938,discharges-to
P-13938,V-13939,downstream-of
V-13939,PT-13940,downstream-of
PT-13940,P-13941,feeds
COL-13942,XV-13943,discharges-to
V-13944,FCV-13945,discharges-to
FCV-13945,TT-13946,discharges-to
K-13947,LT-13948,upstream-of
FT-13949,FT-13950,discharges-to
FT-13950,XV-13951,downstream-of
XV-13951,V-13952,feeds
V-13952,E-13953,downstream-of
E-13953,XV-13954,on-line
XV-13954,FCV-13955,discharges-to
PSV-13956,TT-13957,feeds
TT-13957,TT-13958,upstream-of
TT-13958,FT-13959,feeds
PT-13960,TT-13961,feeds
TT-13961,FT-13962,on-line
FT-13962,FT-13963,feeds
FT-13963,FT-13964,upstream-of
LT-13965,V-13966,on-line
V-13966,K-13967,feeds
TT-13969,PT-13970,on-line
PT-13970,V-13971,feeds
V-13971,E-13972,downstream-of
TT-13973,PT-13974,discharges-to
PT-13974,COL-13975,discharges-to
COL-13975,E-13976,feeds
E-13976,FCV-13977,feeds
TT-13979,P-13980,on-line
P-13980,FT-13981,feeds
FT-13981,E-13982,upstream-of
E-13982,XV-13983,feeds
PT-13984,P-13985,feeds
P-13985,K-13986,feeds
K-13986,V-13987,downstream-of
V-13987,XV-13988,upstream-of
PSV-13990,FT-13991,upstream-of
TT-13993,LT-13994,feeds
LT-13994,PSV-13995,feeds
PSV-13995,V-13996,on-line
V-13996,PT-13997,upstream-of
PT-13997,TT-13998,feeds
TT-13998,E-13999,discharges-to
E-13999,K-14000,upstream-of
K-14000,PT-14001,discharges-to
PT-14001,COL-14002,discharges-to
V-14003,COL-14004,discharges-to
PT-14007,COL-14008,downstream-of
P-14009,FT-14010,discharges-to
FT-14010,P-14011,on-line
P-14011,XV-14012,upstream-of
COL-14013,E-14014,feeds
PT-14015,PT-14016,upstream-of
P-14017,P-14018,on-line
K-14019,COL-14020,upstream-of
COL-14020,FT-14021,downstream-of
P-14025,COL-14026,discharges-to
COL-14026,LT-14027,on-line
PSV-14028,P-14029,downstream-of
P-14029,COL-14030,downstream-of
COL-14030,V-14031,feeds
V-14032,V-14033,downstream-of
V-14033,TT-14034,discharges-to
TT-14034,P-14035,downstream-of
P-14035,P-14036,feeds
TT-14038,V-14039,discharges-to
V-14039,COL-14040,feeds
P-14041,P-14042,downstream-of
FCV-14044,FT-14045,downstream-of
E-14048,E-14049,feeds
FT-14050,XV-14051,on-line
XV-14052,FT-14053,feeds
FT-14053,E-14054,discharges-to
E-14054,PSV-14055,feeds
PSV-14055,XV-14056,downstream-of
XV-14056,P-14057,feeds
PSV-14058,FCV-14059,discharges-to
FCV-14059,LT-14060,on-line
COL-14061,COL-14062,downstream-of
COL-14062,TT-14063,on-line
TT-14063,LT-14064,discharges-to
LT-14064,V-14065,feeds
V-14065,P-14066,downstream-of
PT-14067,LT-14068,discharges-to
LT-14068,V-14069,on-line
P-14070,P-14071,feeds
P-14071,PSV-14072,upstream-of
PSV-14072,K-14073,feeds
K-14073,XV-14074,discharges-to
XV-14074,K-14075,upstream-of
LT-14076,FCV-14077,feeds
FCV-14077,FT-14078,on-line
FT-14078,V-14079,feeds
V-14079,FCV-14080,discharges-to
COL-14082,FCV-14083,upstream-of
FCV-14083,PT-14084,on-line
PT-14084,P-14085,upstream-of
TT-14086,XV-14087,downstream-of
XV-14087,PT-14088,feeds
PT-14088,K-14089,upstream-of
E-14091,PSV-14092,on-line
XV-14093,E-14094,upstream-of
E-14094,V-14095,upstream-of
V-14095,K-14096,discharges-to
K-14097,COL-14098,discharges-to
TT-14099,P-14100,upstream-of
P-14101,LT-14102,discharges-to
LT-14102,PSV-14103,discharges-to
FT-14104,E-14105,discharges-to
LT-14107,PSV-14108,feeds
PSV-14108,TT-14109,feeds
TT-14109,E-14110,feeds
XV-14113,FT-14114,upstream-of
FT-14114,XV-14115,downstream-of
XV-14115,XV-14116,discharges-to
XV-14116,V-14117,upstream-of
V-14117,XV-14118,downstream-of
FT-14119,TT-14120,feeds
TT-14120,COL-14121,on-line
P-14124,XV-14125,upstream-of
K-14126,FCV-14127,feeds
FCV-14127,COL-14128,upstream-of
COL-14128,XV-14129,discharges-to
XV-14129,K-14130,upstream-of
K-14130,E-14131,feeds
K-14132,PT-14133,feeds
PT-14133,K-14134,discharges-to
E-14135,K-14136,feeds
P-14137,COL-14138,on-line
COL-14138,PT-14139,feeds
P-14140,PSV-14141,upstream-of
V-14142,K-14143,feeds
P-14144,P-14145,upstream-of
P-14145,TT-14146,upstream-of
P-14148,P-14149,discharges-to
P-14149,XV-14150,discharges-to
XV-14150,FT-14151,upstream-of
FT-14151,LT-14152,downstream-of
V-14153,FT-14154,discharges-to
FT-14154,P-14155,on-line
P-14155,XV-14156,upstream-of
XV-14156,P-14157,on-line
P-14157,XV-14158,discharges-to
XV-14158,FCV-14159,upstream-of
FCV-14159,P-14160,downstream-of
XV-14161,FT-14162,feeds
FT-14162,PT-14163,discharges-to
P-14166,FCV-14167,on-line
FCV-14167,PSV-14168,on-line
PSV-14168,LT-14169,upstream-of
LT-14169,TT-14170,on-line
K-14173,PSV-14174,on-line
PT-14176,V-14177,on-line
TT-14178,E-14179,feeds
E-14179,K-14180,on-line
K-14180,E-14181,downstream-of
TT-14182,COL-14183,on-line
COL-14183,P-14184,feeds
P-14184,K-14185,upstream-of
K-14185,P-14186,downstream-of
P-14186,V-14187,on-line
PT-14188,E-14189,discharges-to
E-14189,PT-14190,feeds
FT-14193,TT-14194,on-line
TT-14194,K-14195,downstream-of
FT-14196,P-14197,upstream-of
COL-14200,PT-14201,feeds
P-14202,E-14203,discharges-to
PSV-14205,V-14206,discharges-to
V-14206,P-14207,feeds
P-14207,LT-14208,upstream-of
LT-14208,LT-14209,feeds
LT-14209,P-14210,upstream-of
P-14210,FT-14211,upstream-of
FT-14211,XV-14212,discharges-to
XV-14212,E-14213,discharges-to
E-14213,PT-14214,upstream-of
PT-14214,K-14215,feeds
K-14215,P-14216,upstream-of
P-14216,FT-14217,discharges-to
COL-14218,P-14219,on-line
FCV-14220,COL-14221,feeds
COL-14221,V-14222,feeds
V-14222,P-14223,discharges-to
PT-14224,PT-14225,downstream-of
PT-14225,TT-14226,upstream-of
TT-14226,P-14227,discharges-to
COL-14228,PT-14229,downstream-of
PT-14229,FT-14230,downstream-of
FT-14230,E-14231,discharges-to
E-14231,COL-14232,on-line
COL-14232,P-14233,upstream-of
P-14233,FCV-14234,discharges-to
FCV-14234,COL-14235,upstream-of
COL-14235,PSV-14236,upstream-of
PSV-14236,K-14237,feeds
K-14237,FCV-14238,downstream-of
FCV-14238,COL-14239,discharges-to
E-14240,LT-14241,upstream-of
PSV-14242,FT-14243,downstream-of
FT-14243,E-14244,discharges-to
E-14244,PSV-14245,downstream-of
PSV-14245,E-14246,discharges-to
E-14246,E-14247,feeds
E-14247,E-14248,upstream-of
E-14248,PSV-14249,discharges-to
PSV-14249,XV-14250,downstream-of
XV-14250,XV-14251,discharges-to
XV-14251,P-14252,discharges-to
P-14252,FT-14253,downstream-of
FT-14253,XV-14254,feeds
E-14255,FT-14256,on-line
FT-14256,FT-14257,on-line
COL-14258,LT-14259,upstream-of
FT-14260,P-14261,on-line
P-14261,FT-14262,feeds
FT-14262,P-14263,feeds
XV-14264,LT-14265,feeds
TT-14266,PT-14267,on-line
P-14268,E-14269,feeds
E-14269,PSV-14270,upstream-of
PSV-14270,FT-14271,feeds
FT-14271,FCV-14272,upstream-of
PSV-14273,K-14274,on-line
FT-14275,P-14276,downstream-of
P-14276,FCV-14277,discharges-to
FCV-14277,K-14278,feeds
K-14278,LT-14279,upstream-of
LT-14279,FCV-14280,downstream-of
FCV-14280,COL-14281,feeds
K-14282,K-14283,downstream-of
K-14283,P-14284,discharges-to
P-14284,K-14285,downstream-of
K-14285,FT-14286,feeds
COL-14287,P-14288,on-line
PSV-14290,LT-14291,discharges-to
LT-14291,V-14292,on-line
V-14292,FT-14293,downstream-of
COL-14295,P-14296,discharges-to
P-14296,TT-14297,upstream-of
TT-14297,LT-14298,on-line
LT-14298,XV-14299,discharges-to
XV-14299,V-14300,on-line
V-14300,TT-14301,on-line
TT-14301,COL-14302,discharges-to
TT-14303,COL-14304,discharges-to
COL-14304,LT-14305,feeds
LT-14305,FCV-14306,on-line
FCV-14306,XV-14307,downstream-of
XV-14307,E-14308,feeds
E-14308,XV-14309,discharges-to
XV-14309,PSV-14310,downstream-of
PSV-14310,TT-14311,upstream-of
TT-14311,PSV-14312,downstream-of
PSV-14312,COL-14313,on-line
COL-14313,FCV-14314,feeds
FCV-14314,E-14315,on-line
E-14315,PSV-14316,feeds
PSV-14316,PT-14317,downstream-of
PT-14317,TT-14318,on-line
TT-14318,TT-14319,downstream-of
TT-14319,P-14320,discharges-to
XV-14321,E-14322,feeds
LT-14325,P-14326,upstream-of
P-14327,P-14328,upstream-of
P-14328,P-14329,feeds
P-14329,FT-14330,feeds
FT-14331,PSV-14332,discharges-to
PSV-14332,XV-14333,on-line
XV-14333,PSV-14334,on-line
PSV-14334,P-14335,downstream-of
P-14335,E-14336,upstream-of
E-14336,XV-14337,downstream-of
XV-14337,FT-14338,upstream-of
V-14339,TT-14340,on-line
TT-14340,FCV-14341,feeds
FCV-14341,LT-14342,discharges-to
PT-14344,P-14345,feeds
P-14345,TT-14346,on-line
TT-14346,LT-14347,downstream-of
K-14348,FT-14349,discharges-to
FT-14349,V-14350,feeds
V-14350,PSV-14351,feeds
PSV-14351,LT-14352,on-line
LT-14352,FCV-14353,downstream-of
LT-14355,FCV-14356,discharges-to
FCV-14356,E-14357,feeds
E-14357,PSV-14358,downstream-of
E-14359,FT-14360,feeds
FT-14360,PT-14361,upstream-of
PT-14361,LT-14362,feeds
LT-14362,P-14363,discharges-to
P-14363,K-14364,on-line
K-14364,V-14365,discharges-to
PSV-14368,LT-14369,downstream-of
LT-14369,E-14370,discharges-to
E-14370,XV-14371,downstream-of
XV-14371,FCV-14372,discharges-to
E-14374,XV-14375,discharges-to
XV-14375,PT-14376,discharges-to
PT-14376,FT-14377,discharges-to
FT-14377,PT-14378,on-line
PT-14378,LT-14379,discharges-to
LT-14379,E-14380,upstream-of
E-14380,PT-14381,downstream-of
PT-14381,PT-14382,downstream-of
PT-14382,P-14383,feeds
P-14383,E-14384,discharges-to
E-14384,PSV-14385,feeds
V-14388,PSV-14389,upstream-of
PSV-14389,TT-14390,upstream-of
TT-14390,P-14391,upstream-of
P-14391,TT-14392,discharges-to
TT-14392,P-14393,downstream-of
P-14393,COL-14394,discharges-to
COL-14394,LT-14395,upstream-of
LT-14395,K-14396,discharges-to
K-14396,P-14397,on-line
P-14397,LT-14398,on-line
LT-14398,FT-14399,on-line
K-14401,XV-14402,discharges-to
FCV-14403,FCV-14404,on-line
LT-14405,PSV-14406,downstream-of
PSV-14406,K-14407,on-line
K-14407,COL-14408,feeds
COL-14409,COL-14410,feeds
COL-14410,E-14411,on-line
E-14411,FT-14412,downstream-of
FT-14412,TT-14413,on-line
TT-14413,TT-14414,on-line
TT-14414,LT-14415,on-line
LT-14415,PSV-14416,upstream-of
PSV-14416,FCV-14417,downstream-of
FCV-14417,FT-14418,feeds
FT-14418,FCV-14419,feeds
FCV-14419,K-14420,feeds
TT-14423,COL-14424,discharges-to
COL-14424,P-14425,feeds
PT-14426,PT-14427,on-line
PT-14427,P-14428,feeds
P-14428,COL-14429,feeds
E-14430,FCV-14431,feeds
P-14432,E-14433,upstream-of
E-14433,PT-14434,on-line
PT-14434,PT-14435,discharges-to
PT-14436,XV-14437,feeds
XV-14437,P-14438,discharges-to
P-14438,LT-14439,feeds
PT-14441,COL-14442,downstream-of
COL-14442,FT-14443,upstream-of
FT-14443,XV-14444,upstream-of
XV-14444,P-14445,upstream-of
TT-14446,P-14447,on-line
V-14448,FCV-14449,feeds
PT-14450,COL-14451,feeds
LT-14454,TT-14455,feeds
TT-14455,FCV-14456,on-line
E-14457,FCV-14458,on-line
P-14459,E-14460,feeds
FCV-14462,P-14463,on-line
P-14463,LT-14464,feeds
LT-14464,PT-14465,upstream-of
PT-14465,FT-14466,feeds
FT-14466,FT-14467,discharges-to
FT-14467,PT-14468,on-line
PT-14468,XV-14469,discharges-to
P-14471,P-14472,downstream-of
XV-14473,PSV-14474,feeds
PSV-14474,COL-14475,feeds
PSV-14476,COL-14477,downstream-of
COL-14477,TT-14478,feeds
K-14480,TT-14481,on-line
TT-14481,FT-14482,discharges-to
FT-14482,P-14483,feeds
P-14483,V-14484,on-line
V-14484,FT-14485,feeds
FT-14485,E-14486,on-line
P-14488,PSV-14489,upstream-of
PSV-14489,FT-14490,on-line
V-14492,PSV-14493,downstream-of
PSV-14493,V-14494,downstream-of
V-14494,PT-14495,on-line
PT-14495,P-14496,discharges-to
P-14499,FT-14500,on-line
FT-14500,E-14501,upstream-of
E-14501,XV-14502,upstream-of
P-14503,FCV-14504,downstream-of
FCV-14504,V-14505,on-line
V-14505,PSV-14506,feeds
PSV-14506,K-14507,upstream-of
K-14507,TT-14508,upstream-of
E-14509,FT-14510,feeds
E-14511,XV-14512,upstream-of
XV-14512,E-14513,upstream-of
PSV-14515,TT-14516,discharges-to
TT-14516,XV-14517,on-line
FT-14518,PSV-14519,upstream-of
PSV-14519,XV-14520,on-line
COL-14521,TT-14522,feeds
TT-14522,TT-14523,feeds
TT-14523,COL-14524,on-line
COL-14524,COL-14525,discharges-to
COL-14525,FT-14526,downstream-of
XV-14527,XV-14528,feeds
XV-14528,FCV-14529,upstream-of
FCV-14529,TT-14530,downstream-of
COL-14531,FT-14532,feeds
P-14534,PT-14535,discharges-to
E-14536,E-14537,on-line
K-14538,FCV-14539,feeds
FCV-14539,E-14540,downstream-of
E-14540,FT-14541,discharges-to
FT-14541,COL-14542,downstream-of
P-14543,PSV-14544,feeds
PSV-14544,PSV-14545,upstream-of
PSV-14545,FCV-14546,downstream-of
XV-14548,TT-14549,upstream-of
TT-14549,PSV-14550,upstream-of
PSV-14550,TT-14551,feeds
TT-14551,COL-14552,on-line
E-14553,K-14554,discharges-to
P-14555,TT-14556,upstream-of
LT-14557,V-14558,upstream-of
V-14558,FCV-14559,upstream-of
FCV-14559,V-14560,on-line
V-14560,FT-14561,discharges-to
FT-14561,LT-14562,feeds
PSV-14563,PSV-14564,upstream-of
PSV-14564,E-14565,downstream-of
V-14566,PSV-14567,on-line
PSV-14567,E-14568,downstream-of
PSV-14569,K-14570,on-line
P-14571,COL-14572,feeds
K-14573,K-14574,discharges-to
COL-14575,COL-14576,upstream-of
COL-14576,XV-14577,downstream-of
TT-14578,E-14579,downstream-of
COL-14580,V-14581,upstream-of
COL-14584,XV-14585,discharges-to
XV-14585,E-14586,upstream-of
E-14586,P-14587,feeds
P-14587,P-14588,downstream-of
P-14588,P-14589,discharges-to
P-14589,V-14590,feeds
V-14590,TT-14591,on-line
TT-14591,V-14592,feeds
V-14592,COL-14593,on-line
COL-14593,E-14594,discharges-to
V-14595,PSV-14596,discharges-to
XV-14597,PSV-14598,downstream-of
PSV-14598,XV-14599,upstream-of
XV-14601,PSV-14602,feeds
PSV-14602,E-14603,downstream-of
E-14603,E-14604,feeds
E-14604,XV-14605,feeds
XV-14605,FT-14606,upstream-of
PSV-14607,PT-14608,discharges-to
P-14609,P-14610,on-line
P-14610,V-14611,downstream-of
XV-14612,P-14613,upstream-of
COL-14614,XV-14615,downstream-of
PSV-14616,COL-14617,upstream-of
LT-14618,COL-14619,upstream-of
COL-14619,XV-14620,on-line
E-14622,LT-14623,on-line
LT-14623,TT-14624,downstream-of
TT-14624,K-14625,upstream-of
K-14625,PT-14626,discharges-to
PT-14626,TT-14627,downstream-of
TT-14627,LT-14628,discharges-to
LT-14628,E-14629,downstream-of
E-14629,COL-14630,upstream-of
COL-14630,PSV-14631,on-line
PT-14635,TT-14636,on-line
FCV-14637,FCV-14638,feeds
E-14639,LT-14640,on-line
E-14644,PSV-14645,discharges-to
TT-14646,K-14647,upstream-of
K-14647,P-14648,upstream-of
P-14648,TT-14649,downstream-of
TT-14649,PSV-14650,feeds
P-14651,E-14652,on-line
E-14652,P-14653,discharges-to
P-14653,XV-14654,on-line
XV-14654,TT-14655,on-line
LT-14656,LT-14657,on-line
LT-14657,XV-14658,upstream-of
XV-14658,PT-14659,feeds
PT-14659,K-14660,discharges-to
K-14660,TT-14661,feeds
P-14662,COL-14663,discharges-to
COL-14663,LT-14664,discharges-to
LT-14664,K-14665,downstream-of
P-14667,P-14668,discharges-to
P-14668,V-14669,upstream-of
V-14669,TT-14670,on-line
TT-14670,V-14671,upstream-of
LT-14673,COL-14674,on-line
COL-14674,PSV-14675,discharges-to
PSV-14675,COL-14676,discharges-to
COL-14676,FT-14677,on-line
FT-14677,V-14678,feeds
V-14678,FCV-14679,feeds
FCV-14679,PT-14680,discharges-to
PT-14680,COL-14681,discharges-to
COL-14681,P-14682,discharges-to
P-14684,FCV-14685,on-line
FCV-14685,V-14686,on-line
V-14686,FT-14687,on-line
FT-14687,TT-14688,downstream-of
TT-14688,K-14689,downstream-of
K-14689,FT-14690,downstream-of
FT-14690,P-14691,discharges-to
LT-14693,V-14694,feeds
E-14695,V-14696,discharges-to
V-14696,PSV-14697,feeds
PSV-14697,E-14698,downstream-of
P-14700,TT-14701,feeds
TT-14701,FCV-14702,downstream-of
FCV-14702,P-14703,downstream-of
P-14704,E-14705,feeds
E-14705,E-14706,downstream-of
E-14706,E-14707,upstream-of
E-14707,LT-14708,discharges-to
LT-14708,K-14709,on-line
K-14709,FT-14710,on-line
FT-14710,FCV-14711,discharges-to
FCV-14711,TT-14712,upstream-of
TT-14712,P-14713,downstream-of
P-14713,P-14714,upstream-of
COL-14715,PT-14716,on-line
PT-14716,FT-14717,downstream-of
FT-14717,PSV-14718,feeds
PSV-14718,TT-14719,feeds
TT-14719,LT-14720,upstream-of
LT-14720,PSV-14721,feeds
PSV-14721,P-14722,feeds
P-14722,P-14723,discharges-to
COL-14725,LT-14726,upstream-of
LT-14726,TT-14727,downstream-of
TT-14727,E-14728,upstream-of
E-14728,LT-14729,on-line
LT-14729,E-14730,discharges-to
PSV-14732,PT-14733,downstream-of
P-14735,P-14736,discharges-to
P-14736,V-14737,on-line
V-14737,V-14738,on-line
P-14739,TT-14740,downstream-of
TT-14740,P-14741,downstream-of
P-14741,PT-14742,upstream-of
PT-14742,P-14743,feeds
P-14743,K-14744,downstream-of
E-14747,PSV-14748,feeds
PT-14749,FT-14750,upstream-of
FT-14750,V-14751,upstream-of
V-14751,PSV-14752,discharges-to
PSV-14752,PT-14753,discharges-to
PT-14753,V-14754,feeds
V-14754,FT-14755,upstream-of
K-14760,LT-14761,on-line
LT-14761,COL-14762,on-line
E-14763,K-14764,downstream-of
K-14764,P-14765,on-line
P-14765,LT-14766,upstream-of
LT-14766,FCV-14767,upstream-of
FCV-14767,P-14768,discharges-to
P-14768,V-14769,discharges-to
V-14769,V-14770,downstream-of
V-14770,PSV-14771,upstream-of
PSV-14771,TT-14772,downstream-of
P-14773,TT-14774,downstream-of
TT-14774,LT-14775,discharges-to
LT-14775,K-14776,upstream-of
K-14776,P-14777,feeds
P-14777,P-14778,feeds
P-14778,P-14779,on-line
P-14779,PSV-14780,on-line
PSV-14780,FCV-14781,on-line
PSV-14783,XV-14784,discharges-to
FT-14785,P-14786,feeds
P-14786,P-14787,discharges-to
P-14787,XV-14788,on-line
K-14790,XV-14791,discharges-to
V-14792,P-14793,discharges-to
P-14793,FCV-14794,feeds
FCV-14794,P-14795,on-line
PSV-14797,LT-14798,discharges-to
TT-14799,XV-14800,on-line
FT-14801,FT-14802,discharges-to
FT-14802,XV-14803,upstream-of
XV-14803,P-14804,feeds
P-14804,LT-14805,downstream-of
LT-14805,P-14806,downstream-of
P-14807,V-14808,discharges-to
V-14808,FT-14809,upstream-of
FT-14809,LT-14810,downstream-of
K-14811,P-14812,discharges-to
P-14812,P-14813,upstream-of
P-14813,E-14814,upstream-of
E-14814,E-14815,feeds
E-14815,P-14816,feeds
P-14816,TT-14817,on-line
P-14818,TT-14819,downstream-of
TT-14819,LT-14820,downstream-of
E-14821,LT-14822,upstream-of
LT-14822,PT-14823,downstream-of
PT-14823,K-14824,downstream-of
FCV-14825,PT-14826,on-line
P-14827,P-14828,discharges-to
P-14828,FCV-14829,on-line
FCV-14829,FT-14830,downstream-of
PT-14832,K-14833,discharges-to
K-14833,PSV-14834,feeds
PSV-14834,XV-14835,downstream-of
XV-14835,P-14836,on-line
P-14838,FCV-14839,discharges-to
PSV-14844,FCV-14845,feeds
FCV-14845,XV-14846,feeds
E-14848,FCV-14849,upstream-of
FCV-14849,FT-14850,on-line
FT-14850,TT-14851,downstream-of
TT-14851,E-14852,discharges-to
E-14852,FCV-14853,downstream-of
FCV-14853,V-14854,feeds
V-14854,FT-14855,on-line
FCV-14857,COL-14858,feeds
COL-14858,LT-14859,feeds
FCV-14861,K-14862,upstream-of
K-14862,P-14863,on-line
PT-14864,FT-14865,on-line
FT-14865,P-14866,upstream-of
P-14866,TT-14867,upstream-of
TT-14867,K-14868,feeds
K-14868,K-14869,on-line
K-14869,PSV-14870,on-line
E-14871,COL-14872,discharges-to
COL-14872,V-14873,discharges-to
V-14873,XV-14874,discharges-to
XV-14874,TT-14875,downstream-of
TT-14875,K-14876,upstream-of
COL-14877,XV-14878,feeds
XV-14878,V-14879,downstream-of
V-14879,COL-14880,upstream-of
COL-14880,LT-14881,downstream-of
LT-14881,PSV-14882,upstream-of
PSV-14882,FCV-14883,on-line
FCV-14883,PSV-14884,discharges-to
P-14885,FT-14886,downstream-of
FT-14886,E-14887,discharges-to
E-14888,P-14889,feeds
P-14890,K-14891,feeds
K-14891,FCV-14892,on-line
TT-14893,P-14894,on-line
P-14894,K-14895,upstream-of
K-14895,PT-14896,downstream-of
PT-14896,TT-14897,on-line
FCV-14898,P-14899,upstream-of
P-14899,TT-14900,upstream-of
P-14901,E-14902,downstream-of
E-14902,FT-14903,on-line
K-14904,PT-14905,downstream-of
PT-14905,XV-14906,discharges-to
FCV-14907,PSV-14908,feeds
PSV-14908,FCV-14909,upstream-of
FCV-14909,FCV-14910,discharges-to
K-14912,PSV-14913,downstream-of
PSV-14913,XV-14914,on-line
XV-14914,COL-14915,discharges-to
COL-14915,E-14916,on-line
E-14916,K-14917,feeds
LT-14918,FCV-14919,downstream-of
FCV-14919,K-14920,on-line
K-14920,P-14921,feeds
P-14921,PT-14922,feeds
PT-14922,K-14923,upstream-of
PSV-14924,PSV-14925,feeds
PSV-14925,FCV-14926,upstream-of
XV-14928,PT-14929,feeds
PT-14929,COL-14930,feeds
FCV-14931,P-14932,on-line
P-14932,K-14933,on-line
K-14933,FCV-14934,downstream-of
PSV-14935,COL-14936,downstream-of
COL-14936,LT-14937,feeds
LT-14937,COL-14938,downstream-of
COL-14938,XV-14939,upstream-of
P-14940,K-14941,on-line
K-14941,PT-14942,upstream-of
PT-14942,TT-14943,feeds
TT-14943,V-14944,discharges-to
V-14944,E-14945,discharges-to
P-14946,K-14947,on-line
K-14947,COL-14948,downstream-of
K-14949,FT-14950,on-line
COL-14951,P-14952,on-line
P-14952,COL-14953,upstream-of
COL-14953,P-14954,upstream-of
P-14954,P-14955,discharges-to
TT-14956,E-14957,upstream-of
E-14957,PT-14958,on-line
FT-14959,LT-14960,feeds
LT-14960,FCV-14961,feeds
FCV-14961,PSV-14962,feeds
PT-14963,PT-14964,discharges-to
FCV-14965,K-14966,on-line
K-14966,P-14967,discharges-to
P-14967,XV-14968,feeds
PT-14973,PT-14974,on-line
LT-14975,PT-14976,upstream-of
PT-14976,FT-14977,feeds
FT-14977,P-14978,upstream-of
P-14978,P-14979,on-line
P-14979,FCV-14980,on-line
FCV-14980,PT-14981,upstream-of
COL-14983,COL-14984,upstream-of
COL-14984,FCV-14985,discharges-to
FCV-14985,FT-14986,downstream-of
FT-14986,COL-14987,upstream-of
COL-14987,P-14988,downstream-of
P-14988,FT-14989,downstream-of
FT-14989,COL-14990,downstream-of
COL-14990,FCV-14991,feeds
FCV-14991,P-14992,on-line
P-14992,TT-14993,feeds
TT-14993,FCV-14994,feeds
FCV-14994,K-14995,feeds
K-14995,FT-14996,feeds
FT-14996,P-14997,on-line
P-14997,K-14998,discharges-to
K-14998,PSV-14999,downstream-of
TT-15000,P-15001,on-line
V-15002,V-15003,feeds
PSV-15005,V-15006,discharges-to
V-15006,E-15007,upstream-of
FCV-15008,V-15009,downstream-of
COL-15012,E-15013,downstream-of
FCV-15014,P-15015,upstream-of
P-15015,V-15016,discharges-to
V-15017,PT-15018,feeds
PT-15018,P-15019,downstream-of
XV-15020,COL-15021,discharges-to
COL-15021,P-15022,upstream-of
TT-15024,K-15025,upstream-of
K-15025,FCV-15026,upstream-of
FCV-15026,K-15027,feeds
K-15027,P-15028,upstream-of
FCV-15029,TT-15030,discharges-to
TT-15030,PT-15031,feeds
PT-15031,TT-15032,upstream-of
TT-15032,P-15033,upstream-of
TT-15034,V-15035,discharges-to
V-15035,P-15036,downstream-of
P-15036,PSV-15037,downstream-of
K-15045,FCV-15046,downstream-of
FT-15049,PSV-15050,discharges-to
P-15053,FCV-15054,feeds
FCV-15054,P-15055,feeds
P-15056,P-15057,on-line
P-15057,E-15058,downstream-of
E-15058,XV-15059,discharges-to
XV-15059,XV-15060,upstream-of
XV-15060,XV-15061,downstream-of
XV-15061,P-15062,discharges-to
P-15062,FCV-15063,discharges-to
FCV-15063,PSV-15064,on-line
PSV-15064,P-15065,on-line
P-15065,E-15066,upstream-of
E-15066,P-15067,on-line
XV-15068,XV-15069,discharges-to
P-15072,FCV-15073,feeds
FCV-15073,COL-15074,discharges-to
COL-15074,LT-15075,feeds
LT-15075,K-15076,upstream-of
TT-15077,K-15078,upstream-of
K-15078,PSV-15079,feeds
PSV-15079,V-15080,discharges-to
FCV-15082,FCV-15083,upstream-of
FCV-15083,P-15084,downstream-of
P-15084,E-15085,on-line
E-15085,COL-15086,upstream-of
COL-15086,P-15087,feeds
P-15087,P-15088,discharges-to
K-15090,XV-15091,on-line
XV-15091,TT-15092,discharges-to
K-15093,E-15094,upstream-of
COL-15096,PSV-15097,downstream-of
COL-15098,E-15099,on-line
E-15099,TT-15100,upstream-of
TT-15100,E-15101,on-line
LT-15103,P-15104,on-line
P-15104,FT-15105,downstream-of
FT-15105,XV-15106,downstream-of
XV-15108,E-15109,feeds
E-15109,XV-15110,upstream-of
XV-15110,E-15111,feeds
COL-15113,E-15114,on-line
XV-15115,TT-15116,downstream-of
FT-15117,FCV-15118,discharges-to
FCV-15118,PT-15119,upstream-of
PT-15119,TT-15120,feeds
TT-15120,K-15121,discharges-to
K-15121,TT-15122,discharges-to
TT-15122,LT-15123,discharges-to
TT-15124,TT-15125,feeds
K-15126,P-15127,upstream-of
P-15127,V-15128,downstream-of
V-15128,V-15129,discharges-to
V-15129,V-15130,discharges-to
V-15130,K-15131,discharges-to
K-15131,PSV-15132,on-line
PSV-15132,V-15133,feeds
V-15133,FT-15134,discharges-to
PSV-15135,FT-15136,upstream-of
FT-15136,K-15137,downstream-of
K-15137,P-15138,on-line
LT-15139,LT-15140,upstream-of
LT-15140,COL-15141,on-line
COL-15141,P-15142,on-line
COL-15143,XV-15144,on-line
XV-15144,XV-15145,discharges-to
XV-15145,E-15146,upstream-of
E-15146,FCV-15147,upstream-of
FCV-15147,V-15148,upstream-of
V-15148,XV-15149,downstream-of
FCV-15150,P-15151,on-line
P-15151,TT-15152,discharges-to
TT-15152,FT-15153,discharges-to
FT-15153,E-15154,feeds
E-15154,PSV-15155,downstream-of
E-15157,COL-15158,upstream-of
XV-15159,K-15160,feeds
K-15160,XV-15161,upstream-of
XV-15161,K-15162,on-line
P-15163,V-15164,on-line
V-15164,PT-15165,downstream-of
PT-15165,V-15166,on-line
COL-15167,COL-15168,upstream-of
COL-15168,PT-15169,downstream-of
PT-15169,PT-15170,downstream-of
PT-15170,P-15171,on-line
P-15171,PT-15172,feeds
PT-15172,FT-15173,feeds
FT-15173,P-15174,discharges-to
E-15175,COL-15176,downstream-of
P-15178,LT-15179,discharges-to
E-15181,FCV-15182,upstream-of
FCV-15182,TT-15183,downstream-of
TT-15183,PT-15184,downstream-of
PT-15184,PT-15185,feeds
FT-15186,E-15187,feeds
E-15187,P-15188,downstream-of
P-15188,P-15189,on-line
P-15189,XV-15190,discharges-to
E-15191,P-15192,on-line
P-15192,V-15193,feeds
V-15193,XV-15194,downstream-of
LT-15196,XV-15197,upstream-of
XV-15197,P-15198,discharges-to
P-15198,P-15199,on-line
P-15199,V-15200,upstream-of
P-15202,XV-15203,downstream-of
XV-15203,COL-15204,on-line
COL-15204,P-15205,upstream-of
TT-15206,TT-15207,discharges-to
TT-15207,P-15208,upstream-of
XV-15210,PT-15211,feeds
P-15212,FCV-15213,upstream-of
FCV-15213,K-15214,upstream-of
K-15214,P-15215,upstream-of
P-15215,V-15216,upstream-of
V-15216,COL-15217,downstream-of
COL-15217,XV-15218,discharges-to
XV-15218,K-15219,discharges-to
K-15219,P-15220,upstream-of
P-15220,XV-15221,upstream-of
FT-15222,FT-15223,upstream-of
TT-15225,PT-15226,upstream-of
COL-15227,PSV-15228,on-line
PSV-15228,FCV-15229,upstream-of
E-15230,PSV-15231,upstream-of
PSV-15231,XV-15232,downstream-of
XV-15232,E-15233,downstream-of
E-15233,E-15234,discharges-to
E-15234,K-15235,on-line
FT-15236,P-15237,upstream-of
P-15237,TT-15238,downstream-of
TT-15238,TT-15239,feeds
P-15240,COL-15241,on-line
K-15243,K-15244,discharges-to
K-15244,TT-15245,discharges-to
TT-15245,E-15246,discharges-to
E-15246,XV-15247,discharges-to
XV-15247,LT-15248,on-line
TT-15252,E-15253,upstream-of
PT-15254,XV-15255,on-line
XV-15255,K-15256,upstream-of
TT-15257,FCV-15258,on-line
V-15259,FT-15260,discharges-to
FT-15260,FT-15261,upstream-of
FT-15261,XV-15262,discharges-to
XV-15262,LT-15263,feeds
P-15264,COL-15265,on-line
COL-15265,LT-15266,feeds
LT-15266,PSV-15267,upstream-of
LT-15269,COL-15270,discharges-to
COL-15270,XV-15271,upstream-of
XV-15271,FT-15272,discharges-to
FT-15272,TT-15273,downstream-of
TT-15273,P-15274,discharges-to
P-15274,V-15275,discharges-to
V-15275,V-15276,discharges-to
LT-15277,XV-15278,upstream-of
XV-15278,P-15279,feeds
E-15283,P-15284,upstream-of
P-15284,FCV-15285,discharges-to
PSV-15286,PSV-15287,feeds
E-15289,K-15290,downstream-of
K-15290,PSV-15291,downstream-of
E-15292,K-15293,discharges-to
K-15293,PT-15294,on-line
PT-15294,COL-15295,discharges-to
COL-15295,COL-15296,feeds
XV-15298,COL-15299,discharges-to
LT-15300,LT-15301,downstream-of
LT-15301,P-15302,on-line
P-15302,TT-15303,downstream-of
TT-15303,P-15304,on-line
K-15305,P-15306,downstream-of
TT-15307,FT-15308,downstream-of
FT-15308,P-15309,upstream-of
V-15311,LT-15312,discharges-to
LT-15312,PT-15313,discharges-to
XV-15314,LT-15315,on-line
LT-15315,E-15316,discharges-to
E-15316,LT-15317,upstream-of
P-15319,P-15320,upstream-of
XV-15321,COL-15322,downstream-of
COL-15322,FT-15323,discharges-to
FT-15323,P-15324,discharges-to
P-15324,PT-15325,downstream-of
PT-15325,V-15326,downstream-of
V-15326,E-15327,discharges-to
E-15327,K-15328,discharges-to
K-15328,FCV-15329,discharges-to
FCV-15329,FCV-15330,on-line
FCV-15330,V-15331,downstream-of
V-15331,P-15332,feeds
P-15334,P-15335,feeds
P-15335,PSV-15336,upstream-of
PSV-15336,P-15337,discharges-to
XV-15338,COL-15339,on-line
COL-15339,P-15340,feeds
P-15340,PSV-15341,downstream-of
PSV-15342,FCV-15343,on-line
FCV-15343,E-15344,downstream-of
V-15345,E-15346,discharges-to
E-15346,FT-15347,discharges-to
FT-15347,FCV-15348,upstream-of
XV-15349,COL-15350,downstream-of
COL-15350,COL-15351,on-line
COL-15351,E-15352,upstream-of
E-15352,P-15353,downstream-of
PSV-15356,FCV-15357,on-line
XV-15358,K-15359,feeds
PSV-15360,XV-15361,feeds
TT-15365,P-15366,discharges-to
P-15366,K-15367,downstream-of
K-15367,PT-15368,discharges-to
PT-15368,FT-15369,on-line
FT-15369,P-15370,discharges-to
P-15370,P-15371,downstream-of
P-15371,FT-15372,on-line
FT-15372,E-15373,upstream-of
E-15373,LT-15374,upstream-of
COL-15375,LT-15376,on-line
LT-15376,XV-15377,feeds
P-15378,V-15379,discharges-to
V-15379,K-15380,discharges-to
K-15380,LT-15381,on-line
LT-15385,XV-15386,feeds
XV-15386,FCV-15387,upstream-of
FCV-15387,V-15388,downstream-of
V-15388,XV-15389,feeds
PT-15390,P-15391,feeds
P-15391,XV-15392,feeds
FCV-15393,TT-15394,downstream-of
TT-15394,TT-15395,downstream-of
PT-15396,P-15397,feeds
P-15397,PT-15398,discharges-to
PT-15398,XV-15399,on-line
COL-15402,LT-15403,discharges-to
LT-15405,FCV-15406,downstream-of
FCV-15406,P-15407,upstream-of
P-15407,P-15408,downstream-of
TT-15410,FCV-15411,downstream-of
FCV-15411,FT-15412,feeds
FCV-15414,V-15415,feeds
V-15415,XV-15416,discharges-to
XV-15416,K-15417,feeds
K-15418,XV-15419,downstream-of
XV-15419,P-15420,upstream-of
P-15420,TT-15421,discharges-to
TT-15421,XV-15422,discharges-to
LT-15423,XV-15424,discharges-to
XV-15424,LT-15425,discharges-to
LT-15425,FCV-15426,downstream-of
FCV-15426,LT-15427,upstream-of
PSV-15429,E-15430,discharges-to
E-15430,COL-15431,on-line
XV-15432,P-15433,discharges-to
P-15433,P-15434,on-line
P-15434,PSV-15435,feeds
PSV-15435,P-15436,discharges-to
P-15436,PSV-15437,on-line
PSV-15437,TT-15438,on-line
TT-15438,TT-15439,on-line
TT-15439,PSV-15440,on-line
PSV-15440,E-15441,downstream-of
E-15441,K-15442,on-line
K-15442,COL-15443,on-line
COL-15443,COL-15444,on-line
COL-15444,TT-15445,discharges-to
E-15446,FT-15447,downstream-of
FT-15447,LT-15448,upstream-of
LT-15448,COL-15449,discharges-to
COL-15449,K-15450,downstream-of
K-15450,FCV-15451,discharges-to
FCV-15451,V-15452,on-line
COL-15454,K-15455,on-line
K-15455,FCV-15456,discharges-to
FT-15457,V-15458,downstream-of
V-15458,COL-15459,discharges-to
PSV-15461,E-15462,upstream-of
E-15462,K-15463,on-line
K-15463,P-15464,discharges-to
P-15464,PT-15465,downstream-of
FCV-15467,TT-15468,downstream-of
P-15469,FCV-15470,discharges-to
V-15476,PT-15477,feeds
PT-15477,E-15478,feeds
E-15478,XV-15479,feeds
XV-15479,FCV-15480,upstream-of
P-15482,PSV-15483,upstream-of
PSV-15483,COL-15484,on-line
COL-15484,PT-15485,downstream-of
PT-15485,FCV-15486,feeds
FCV-15486,COL-15487,downstream-of
V-15488,XV-15489,upstream-of
PSV-15491,E-15492,upstream-of
XV-15493,PT-15494,feeds
PT-15494,E-15495,feeds
E-15495,FCV-15496,on-line
PT-15497,E-15498,downstream-of
E-15498,P-15499,downstream-of
P-15499,TT-15500,discharges-to
XV-15501,E-15502,downstream-of
E-15502,COL-15503,on-line
COL-15503,XV-15504,on-line
XV-15504,TT-15505,on-line
TT-15505,K-15506,feeds
XV-15508,E-15509,on-line
PT-15510,P-15511,discharges-to
P-15511,COL-15512,on-line
COL-15512,P-15513,discharges-to
P-15513,K-15514,upstream-of
PSV-15515,COL-15516,discharges-to
COL-15516,XV-15517,feeds
XV-15517,PSV-15518,discharges-to
TT-15519,PT-15520,feeds
PT-15520,FCV-15521,downstream-of
FCV-15521,FT-15522,feeds
FT-15522,FT-15523,discharges-to
FT-15523,FT-15524,feeds
V-15525,V-15526,on-line
V-15526,TT-15527,on-line
TT-15527,P-15528,upstream-of
P-15528,LT-15529,feeds
LT-15529,PSV-15530,upstream-of
FT-15531,LT-15532,upstream-of
LT-15532,P-15533,downstream-of
P-15534,E-15535,downstream-of
COL-15536,P-15537,upstream-of
FT-15538,E-15539,feeds
E-15539,P-15540,on-line
P-15540,P-15541,discharges-to
P-15541,COL-15542,downstream-of
COL-15542,LT-15543,downstream-of
P-15544,P-15545,feeds
P-15545,FT-15546,discharges-to
FT-15546,XV-15547,upstream-of
P-15549,TT-15550,downstream-of
FCV-15551,COL-15552,feeds
COL-15552,P-15553,downstream-of
FT-15555,XV-15556,on-line
PSV-15557,V-15558,downstream-of
TT-15561,COL-15562,feeds
COL-15562,PT-15563,on-line
PT-15563,XV-15564,discharges-to
XV-15564,TT-15565,discharges-to
K-15566,PT-15567,feeds
PT-15567,K-15568,downstream-of
K-15568,FCV-15569,on-line
FCV-15569,LT-15570,discharges-to
LT-15570,E-15571,downstream-of
E-15571,V-15572,discharges-to
V-15572,LT-15573,upstream-of
FCV-15575,E-15576,upstream-of
E-15576,XV-15577,upstream-of
XV-15577,PSV-15578,downstream-of
PSV-15578,E-15579,on-line
E-15579,TT-15580,downstream-of
XV-15581,PSV-15582,downstream-of
PSV-15582,P-15583,upstream-of
P-15583,E-15584,discharges-to
E-15584,COL-15585,discharges-to
P-15586,TT-15587,on-line
TT-15587,E-15588,downstream-of
E-15588,LT-15589,downstream-of
LT-15589,COL-15590,downstream-of
COL-15590,P-15591,on-line
P-15591,P-15592,upstream-of
P-15595,PSV-15596,upstream-of
PSV-15596,COL-15597,feeds
COL-15597,PSV-15598,upstream-of
PSV-15598,V-15599,discharges-to
V-15599,TT-15600,downstream-of
TT-15600,FCV-15601,feeds
FCV-15601,V-15602,feeds
V-15602,TT-15603,feeds
TT-15603,P-15604,upstream-of
P-15604,PSV-15605,downstream-of
PSV-15605,P-15606,on-line
PT-15607,XV-15608,on-line
XV-15608,V-15609,on-line
V-15609,TT-15610,downstream-of
COL-15612,K-15613,downstream-of
K-15613,LT-15614,discharges-to
LT-15614,V-15615,feeds
V-15615,PSV-15616,on-line
P-15617,FT-15618,feeds
FT-15618,K-15619,on-line
K-15619,XV-15620,downstream-of
P-15621,P-15622,on-line
XV-15624,FT-15625,downstream-of
FT-15625,FCV-15626,feeds
TT-15627,PSV-15628,feeds
PSV-15629,PSV-15630,upstream-of
PSV-15630,P-15631,feeds
P-15631,FT-15632,downstream-of
FCV-15634,P-15635,on-line
P-15635,LT-15636,discharges-to
FT-15637,V-15638,on-line
E-15639,K-15640,discharges-to
COL-15642,FCV-15643,upstream-of
FCV-15643,E-15644,upstream-of
XV-15645,XV-15646,feeds
XV-15646,XV-15647,on-line
XV-15647,P-15648,discharges-to
P-15648,XV-15649,upstream-of
PT-15650,TT-15651,discharges-to
TT-15651,LT-15652,on-line
LT-15652,P-15653,discharges-to
P-15653,K-15654,discharges-to
K-15654,V-15655,upstream-of
V-15655,XV-15656,on-line
XV-15656,K-15657,upstream-of
K-15657,PT-15658,on-line
FCV-15660,V-15661,upstream-of
V-15661,E-15662,upstream-of
XV-15664,V-15665,feeds
LT-15666,PT-15667,upstream-of
PT-15667,TT-15668,feeds
TT-15669,PT-15670,feeds
PT-15670,V-15671,upstream-of
V-15671,PSV-15672,discharges-to
PSV-15672,K-15673,discharges-to
P-15674,FT-15675,feeds
XV-15676,PSV-15677,upstream-of
PSV-15677,P-15678,feeds
LT-15679,FT-15680,discharges-to
FT-15680,P-15681,on-line
P-15681,FT-15682,discharges-to
FT-15682,E-15683,upstream-of
E-15683,E-15684,feeds
E-15684,FT-15685,discharges-to
E-15686,P-15687,discharges-to
P-15687,P-15688,feeds
P-15688,E-15689,downstream-of
E-15689,PT-15690,feeds
PT-15690,PT-15691,downstream-of
V-15692,K-15693,upstream-of
E-15694,K-15695,on-line
K-15695,XV-15696,discharges-to
XV-15696,TT-15697,feeds
TT-15697,XV-15698,on-line
XV-15698,K-15699,discharges-to
K-15700,LT-15701,on-line
LT-15701,TT-15702,discharges-to
V-15704,PT-15705,downstream-of
PT-15705,TT-15706,upstream-of
TT-15706,TT-15707,upstream-of
TT-15707,FCV-15708,feeds
FCV-15708,COL-15709,downstream-of
COL-15709,E-15710,downstream-of
E-15710,XV-15711,downstream-of
XV-15711,FT-15712,downstream-of
FT-15712,P-15713,discharges-to
P-15713,LT-15714,feeds
E-15715,FT-15716,discharges-to
FT-15716,TT-15717,upstream-of
XV-15718,V-15719,on-line
V-15719,K-15720,upstream-of
K-15720,P-15721,on-line
P-15721,XV-15722,on-line
XV-15722,TT-15723,discharges-to
TT-15723,FCV-15724,downstream-of
FCV-15724,FT-15725,downstream-of
XV-15726,PT-15727,downstream-of
PT-15727,V-15728,on-line
V-15728,LT-15729,upstream-of
LT-15729,XV-15730,feeds
XV-15730,FT-15731,upstream-of
FT-15731,XV-15732,downstream-of
XV-15732,V-15733,on-line
V-15733,E-15734,downstream-of
E-15734,LT-15735,downstream-of
PSV-15736,FCV-15737,upstream-of
FCV-15738,PT-15739,downstream-of
P-15741,TT-15742,upstream-of
XV-15749,PT-15750,downstream-of
PT-15750,P-15751,downstream-of
P-15751,FCV-15752,discharges-to
FT-15753,FCV-15754,discharges-to
FCV-15754,FCV-15755,feeds
FCV-15755,FCV-15756,downstream-of
FCV-15756,K-15757,feeds
K-15757,FCV-15758,upstream-of
PT-15759,E-15760,discharges-to
E-15760,K-15761,upstream-of
K-15761,P-15762,feeds
P-15762,FT-15763,upstream-of
COL-15765,P-15766,upstream-of
FT-15769,FCV-15770,upstream-of
FCV-15770,PSV-15771,downstream-of
P-15772,FCV-15773,upstream-of
K-15774,TT-15775,discharges-to
K-15776,K-15777,upstream-of
K-15777,TT-15778,on-line
P-15779,LT-15780,discharges-to
LT-15780,PSV-15781,upstream-of
PSV-15782,LT-15783,on-line
LT-15783,P-15784,feeds
P-15784,FCV-15785,downstream-of
FCV-15785,TT-15786,on-line
TT-15786,K-15787,feeds
E-15789,FT-15790,downstream-of
FT-15790,E-15791,feeds
E-15791,COL-15792,upstream-of
XV-15793,K-15794,downstream-of
K-15794,P-15795,feeds
P-15795,E-15796,feeds
E-15796,PT-15797,on-line
PT-15797,PSV-15798,feeds
PSV-15798,V-15799,on-line
XV-15801,V-15802,on-line
V-15807,PT-15808,feeds
E-15809,V-15810,on-line
V-15810,LT-15811,feeds
LT-15811,COL-15812,discharges-to
P-15814,P-15815,downstream-of
FT-15816,PSV-15817,upstream-of
PSV-15817,V-15818,downstream-of
V-15818,PT-15819,upstream-of
PT-15819,K-15820,downstream-of
K-15820,PT-15821,on-line
PT-15821,PSV-15822,feeds
TT-15823,P-15824,feeds
P-15824,PSV-15825,downstream-of
PSV-15825,PT-15826,on-line
PT-15826,E-15827,downstream-of
E-15827,LT-15828,on-line
LT-15828,E-15829,downstream-of
K-15831,V-15832,downstream-of
V-15832,XV-15833,discharges-to
XV-15833,PSV-15834,discharges-to
PT-15835,COL-15836,discharges-to
E-15837,FT-15838,downstream-of
FT-15838,LT-15839,feeds
LT-15839,P-15840,upstream-of
P-15841,V-15842,on-line
V-15842,FCV-15843,discharges-to
P-15844,P-15845,on-line
P-15845,TT-15846,downstream-of
P-15847,PSV-15848,on-line
PSV-15848,PT-15849,feeds
PT-15849,V-15850,downstream-of
LT-15851,FT-15852,on-line
FT-15852,LT-15853,feeds
PT-15854,E-15855,discharges-to
E-15855,PT-15856,downstream-of
PT-15856,XV-15857,on-line
XV-15857,TT-15858,downstream-of
V-15859,TT-15860,downstream-of
TT-15860,PT-15861,downstream-of
PT-15861,TT-15862,on-line
TT-15862,LT-15863,on-line
LT-15863,FT-15864,discharges-to
FT-15864,LT-15865,downstream-of
FCV-15866,COL-15867,upstream-of
COL-15867,LT-15868,on-line
LT-15868,P-15869,discharges-to
P-15870,FCV-15871,upstream-of
COL-15872,V-15873,upstream-of
V-15873,P-15874,downstream-of
P-15874,XV-15875,discharges-to
E-15876,P-15877,on-line
P-15877,TT-15878,upstream-of
LT-15879,E-15880,discharges-to
XV-15881,E-15882,downstream-of
E-15882,PT-15883,upstream-of
PT-15883,K-15884,on-line
V-15885,PT-15886,on-line
PT-15886,TT-15887,upstream-of
TT-15887,E-15888,downstream-of
E-15888,COL-15889,on-line
LT-15890,E-15891,feeds
V-15892,TT-15893,downstream-of
TT-15893,XV-15894,on-line
XV-15894,P-15895,feeds
COL-15896,PT-15897,downstream-of
PSV-15900,PT-15901,feeds
PT-15901,V-15902,feeds
V-15902,TT-15903,discharges-to
TT-15903,PSV-15904,upstream-of
PSV-15904,P-15905,discharges-to
FT-15907,LT-15908,downstream-of
XV-15910,V-15911,on-line
LT-15912,K-15913,feeds
P-15917,K-15918,discharges-to
K-15918,FT-15919,upstream-of
FT-15919,PSV-15920,on-line
PSV-15920,V-15921,on-line
V-15921,K-15922,feeds
FCV-15924,V-15925,discharges-to
V-15925,FCV-15926,upstream-of
FCV-15926,COL-15927,downstream-of
COL-15927,K-15928,upstream-of
COL-15929,P-15930,downstream-of
P-15930,E-15931,downstream-of
P-15932,P-15933,on-line
P-15933,E-15934,discharges-to
E-15934,COL-15935,on-line
COL-15935,E-15936,discharges-to
FCV-15937,PT-15938,downstream-of
PT-15938,P-15939,feeds
TT-15940,PT-15941,downstream-of
PT-15941,FCV-15942,discharges-to
FCV-15942,P-15943,discharges-to
P-15943,K-15944,upstream-of
FT-15945,PSV-15946,upstream-of
PSV-15946,FT-15947,downstream-of
FT-15947,P-15948,on-line
P-15948,COL-15949,downstream-of
COL-15949,FT-15950,upstream-of
FT-15950,P-15951,downstream-of
P-15951,PT-15952,downstream-of
PT-15952,COL-15953,downstream-of
COL-15953,V-15954,feeds
V-15954,V-15955,downstream-of
V-15955,LT-15956,feeds
LT-15956,TT-15957,upstream-of
E-15958,E-15959,downstream-of
E-15959,V-15960,upstream-of
V-15960,P-15961,feeds
P-15961,COL-15962,feeds
COL-15962,FCV-15963,feeds
FCV-15963,LT-15964,feeds
LT-15964,P-15965,feeds
P-15965,E-15966,upstream-of
E-15966,K-15967,feeds
K-15967,E-15968,discharges-to
COL-15969,V-15970,discharges-to
P-15971,COL-15972,feeds
COL-15972,XV-15973,discharges-to
XV-15973,PSV-15974,on-line
PSV-15974,TT-15975,downstream-of
TT-15975,LT-15976,upstream-of
LT-15976,TT-15977,downstream-of
COL-15978,XV-15979,feeds
XV-15979,COL-15980,on-line
FT-15981,K-15982,upstream-of
K-15982,V-15983,upstream-of
V-15983,E-15984,feeds
E-15984,E-15985,feeds
E-15985,E-15986,feeds
PT-15987,TT-15988,upstream-of
P-15989,FCV-15990,upstream-of
FCV-15990,LT-15991,discharges-to
LT-15991,LT-15992,on-line
P-15996,PT-15997,downstream-of
PT-15997,PSV-15998,downstream-of
PSV-15998,P-15999,feeds
COL-16000,P-16001,upstream-of
P-16001,COL-16002,discharges-to
COL-16002,FCV-16003,on-line
FCV-16003,K-16004,discharges-to
K-16004,LT-16005,feeds
LT-16005,K-16006,upstream-of
K-16006,PT-16007,on-line
V-16008,PT-16009,discharges-to
PT-16009,V-16010,downstream-of
PSV-16011,TT-16012,feeds
TT-16012,PSV-16013,on-line
PSV-16013,PSV-16014,on-line
PSV-16014,K-16015,feeds
K-16015,XV-16016,discharges-to
XV-16016,TT-16017,feeds
TT-16017,PSV-16018,downstream-of
PSV-16018,K-16019,feeds
K-16019,XV-16020,upstream-of
XV-16020,PT-16021,upstream-of
PT-16021,FCV-16022,downstream-of
FCV-16022,FCV-16023,downstream-of
FCV-16023,V-16024,downstream-of
V-16024,FCV-16025,feeds
FCV-16025,PSV-16026,downstream-of
PSV-16026,FCV-16027,downstream-of
E-16029,PT-16030,discharges-to
FCV-16031,COL-16032,downstream-of
XV-16033,XV-16034,upstream-of
XV-16034,P-16035,feeds
K-16036,COL-16037,feeds
COL-16037,E-16038,discharges-to
FCV-16040,FCV-16041,upstream-of
FCV-16041,XV-16042,on-line
LT-16044,PT-16045,feeds
TT-16047,PT-16048,feeds
PT-16048,P-16049,upstream-of
FT-16050,V-16051,discharges-to
V-16051,LT-16052,feeds
LT-16052,P-16053,feeds
P-16053,PSV-16054,downstream-of
PSV-16054,XV-16055,on-line
XV-16055,PSV-16056,discharges-to
PSV-16056,K-16057,on-line
K-16057,V-16058,feeds
V-16058,E-16059,upstream-of
E-16059,P-16060,on-line
P-16060,FCV-16061,upstream-of
FCV-16061,PSV-16062,feeds
PSV-16062,TT-16063,on-line
TT-16063,PT-16064,feeds
E-16067,K-16068,feeds
K-16068,PT-16069,feeds
PT-16069,TT-16070,upstream-of
TT-16070,FT-16071,on-line
FT-16071,TT-16072,feeds
TT-16072,P-16073,on-line
COL-16074,V-16075,discharges-to
V-16075,P-16076,discharges-to
P-16077,PSV-16078,downstream-of
PSV-16078,FCV-16079,upstream-of
FCV-16079,PT-16080,on-line
P-16081,LT-16082,on-line
K-16083,XV-16084,discharges-to
PT-16086,P-16087,feeds
P-16087,PT-16088,on-line
PT-16088,P-16089,feeds
P-16089,LT-16090,downstream-of
LT-16090,PT-16091,feeds
PT-16091,P-16092,feeds
P-16092,P-16093,downstream-of
P-16093,LT-16094,upstream-of
LT-16094,K-16095,discharges-to
XV-16097,TT-16098,discharges-to
TT-16098,XV-16099,feeds
P-16101,FCV-16102,discharges-to
FCV-16102,TT-16103,feeds
TT-16103,E-16104,on-line
E-16104,COL-16105,downstream-of
COL-16105,LT-16106,downstream-of
K-16108,TT-16109,feeds
TT-16109,PT-16110,upstream-of
TT-16111,FT-16112,feeds
FT-16112,FCV-16113,discharges-to
FCV-16113,COL-16114,feeds
COL-16114,P-16115,downstream-of
P-16115,TT-16116,feeds
PT-16117,FT-16118,downstream-of
PSV-16119,FCV-16120,on-line
FCV-16122,FCV-16123,upstream-of
LT-16125,P-16126,on-line
P-16126,E-16127,discharges-to
E-16127,FCV-16128,discharges-to
FCV-16128,TT-16129,discharges-to
TT-16129,LT-16130,feeds
LT-16130,FCV-16131,downstream-of
FCV-16131,FT-16132,on-line
V-16133,V-16134,upstream-of
V-16134,PSV-16135,discharges-to
PSV-16135,PT-16136,upstream-of
PT-16136,FT-16137,discharges-to
FT-16137,P-16138,feeds
P-16139,FT-16140,discharges-to
FT-16140,LT-16141,downstream-of
LT-16141,PSV-16142,feeds
PSV-16143,PT-16144,downstream-of
PT-16144,K-16145,discharges-to
K-16145,TT-16146,discharges-to
TT-16146,P-16147,on-line
PT-16149,K-16150,discharges-to
PSV-16151,TT-16152,on-line
TT-16152,LT-16153,downstream-of
E-16154,E-16155,feeds
E-16155,COL-16156,on-line
P-16157,K-16158,discharges-to
XV-16160,PSV-16161,on-line
PSV-16161,COL-16162,upstream-of
COL-16162,FT-16163,discharges-to
FT-16165,PSV-16166,downstream-of
PSV-16166,E-16167,feeds
E-16167,P-16168,on-line
PT-16169,FCV-16170,on-line
FCV-16170,FT-16171,on-line
FT-16171,P-16172,downstream-of
P-16172,K-16173,discharges-to
K-16173,LT-16174,upstream-of
LT-16174,K-16175,on-line
K-16175,FT-16176,on-line
FT-16176,E-16177,downstream-of
E-16177,V-16178,downstream-of
V-16178,TT-16179,discharges-to
TT-16179,K-16180,feeds
COL-16181,COL-16182,upstream-of
COL-16182,LT-16183,discharges-to
LT-16183,FCV-16184,on-line
FCV-16184,V-16185,on-line
V-16185,V-16186,discharges-to
V-16186,PT-16187,upstream-of
P-16188,COL-16189,on-line
COL-16189,V-16190,upstream-of
P-16191,PT-16192,upstream-of
PT-16192,PSV-16193,on-line
PSV-16193,P-16194,on-line
PSV-16195,FT-16196,discharges-to
FT-16196,LT-16197,on-line
V-16198,E-16199,discharges-to
E-16199,K-16200,discharges-to
K-16200,COL-16201,on-line
COL-16201,COL-16202,downstream-of
COL-16202,XV-16203,on-line
XV-16203,LT-16204,downstream-of
LT-16204,V-16205,on-line
XV-16206,PT-16207,feeds
PSV-16209,XV-16210,downstream-of
XV-16210,PSV-16211,downstream-of
TT-16214,FT-16215,downstream-of
FT-16215,V-16216,discharges-to
V-16216,TT-16217,on-line
LT-16218,PSV-16219,downstream-of
PSV-16219,E-16220,downstream-of
E-16220,P-16221,on-line
P-16221,FT-16222,discharges-to
FT-16222,P-16223,upstream-of
P-16223,LT-16224,on-line
LT-16224,P-16225,upstream-of
P-16227,V-16228,discharges-to
V-16228,XV-16229,upstream-of
XV-16229,PSV-16230,upstream-of
PSV-16230,COL-16231,on-line
COL-16231,FCV-16232,downstream-of
P-16233,PSV-16234,feeds
XV-16236,V-16237,on-line
V-16237,LT-16238,discharges-to
LT-16238,P-16239,discharges-to
K-16240,FT-16241,upstream-of
LT-16242,PSV-16243,feeds
PSV-16243,PT-16244,upstream-of
PT-16244,FT-16245,discharges-to
FT-16245,E-16246,discharges-to
E-16246,FT-16247,downstream-of
FCV-16248,PT-16249,upstream-of
PT-16249,P-16250,downstream-of
LT-16252,XV-16253,discharges-to
XV-16253,FT-16254,feeds
FT-16254,P-16255,downstream-of
P-16255,LT-16256,downstream-of
LT-16258,K-16259,feeds
K-16261,PT-16262,discharges-to
PT-16262,V-16263,downstream-of
V-16263,COL-16264,discharges-to
COL-16264,TT-16265,feeds
E-16266,TT-16267,on-line
TT-16267,PT-16268,upstream-of
FT-16269,K-16270,upstream-of
K-16270,COL-16271,on-line
COL-16271,LT-16272,on-line
LT-16272,PT-16273,on-line
COL-16274,P-16275,downstream-of
P-16275,P-16276,discharges-to
P-16276,P-16277,upstream-of
FCV-16279,PSV-16280,feeds
PSV-16280,COL-16281,feeds
XV-16284,P-16285,feeds
P-16287,XV-16288,upstream-of
XV-16288,PT-16289,discharges-to
PT-16289,P-16290,feeds
FT-16292,COL-16293,feeds
PSV-16294,PSV-16295,on-line
PSV-16295,PT-16296,discharges-to
V-16297,TT-16298,discharges-to
TT-16298,TT-16299,discharges-to
TT-16299,P-16300,discharges-to
E-16301,P-16302,downstream-of
P-16302,V-16303,upstream-of
FT-16304,P-16305,upstream-of
P-16305,E-16306,discharges-to
E-16306,PSV-16307,on-line
COL-16308,TT-16309,upstream-of
TT-16309,E-16310,downstream-of
PT-16312,K-16313,upstream-of
K-16313,PT-16314,on-line
FCV-16315,XV-16316,feeds
XV-16316,E-16317,feeds
XV-16318,FCV-16319,downstream-of
FCV-16319,PSV-16320,feeds
PSV-16320,FT-16321,upstream-of
FT-16321,P-16322,discharges-to
P-16322,FCV-16323,discharges-to
FCV-16323,P-16324,upstream-of
P-16324,LT-16325,discharges-to
LT-16325,COL-16326,upstream-of
E-16329,E-16330,downstream-of
E-16330,FCV-16331,feeds
FCV-16331,TT-16332,upstream-of
TT-16332,FCV-16333,downstream-of
FCV-16334,E-16335,upstream-of
PSV-16336,K-16337,upstream-of
K-16337,COL-16338,feeds
COL-16338,E-16339,discharges-to
E-16339,LT-16340,discharges-to
LT-16340,FCV-16341,upstream-of
FCV-16341,E-16342,downstream-of
E-16342,P-16343,upstream-of
P-16343,P-16344,upstream-of
P-16344,V-16345,downstream-of
V-16345,P-16346,upstream-of
P-16346,PT-16347,upstream-of
PT-16347,P-16348,on-line
P-16348,FT-16349,upstream-of
XV-16350,P-16351,discharges-to
P-16351,V-16352,feeds
V-16352,K-16353,on-line
K-16353,PT-16354,discharges-to
LT-16355,FCV-16356,upstream-of
TT-16357,TT-16358,discharges-to
TT-16358,V-16359,feeds
V-16359,FT-16360,on-line
FT-16360,TT-16361,upstream-of
TT-16361,PT-16362,upstream-of
V-16363,PT-16364,discharges-to
PT-16364,FCV-16365,upstream-of
V-16366,FT-16367,feeds
E-16368,XV-16369,downstream-of
PSV-16370,K-16371,downstream-of
K-16371,TT-16372,on-line
TT-16372,E-16373,feeds
FT-16374,TT-16375,upstream-of
E-16376,P-16377,upstream-of
P-16377,PT-16378,discharges-to
PT-16378,PSV-16379,discharges-to
PSV-16379,LT-16380,on-line
P-16382,K-16383,upstream-of
K-16383,P-16384,upstream-of
P-16384,COL-16385,downstream-of
COL-16385,E-16386,discharges-to
E-16386,LT-16387,upstream-of
COL-16388,TT-16389,downstream-of
K-16392,FT-16393,on-line
FT-16393,FT-16394,upstream-of
FT-16394,PSV-16395,feeds
PSV-16395,V-16396,downstream-of
V-16399,FCV-16400,on-line
COL-16402,PT-16403,upstream-of
V-16405,P-16406,upstream-of
P-16406,E-16407,on-line
P-16408,XV-16409,on-line
XV-16409,FCV-16410,upstream-of
FCV-16414,PT-16415,upstream-of
PSV-16416,V-16417,downstream-of
V-16417,FT-16418,on-line
LT-16420,P-16421,upstream-of
P-16421,COL-16422,feeds
V-16423,FCV-16424,upstream-of
P-16425,P-16426,downstream-of
E-16427,K-16428,downstream-of
K-16428,P-16429,downstream-of
PSV-16430,P-16431,upstream-of
P-16431,P-16432,upstream-of
P-16432,TT-16433,downstream-of
TT-16433,FCV-16434,feeds
FCV-16434,V-16435,on-line
V-16435,V-16436,on-line
FCV-16437,TT-16438,upstream-of
TT-16438,K-16439,discharges-to
K-16439,TT-16440,upstream-of
TT-16440,TT-16441,upstream-of
TT-16441,V-16442,discharges-to
V-16442,XV-16443,feeds
XV-16443,XV-16444,upstream-of
XV-16444,E-16445,upstream-of
E-16447,K-16448,on-line
LT-16450,PSV-16451,feeds
COL-16454,E-16455,feeds
E-16455,E-16456,upstream-of
E-16456,COL-16457,discharges-to
COL-16457,COL-16458,upstream-of
PSV-16459,V-16460,upstream-of
V-16460,XV-16461,feeds
XV-16463,FT-16464,on-line
FT-16464,PT-16465,downstream-of
PT-16465,PSV-16466,discharges-to
PSV-16466,V-16467,discharges-to
K-16471,LT-16472,downstream-of
LT-16472,PT-16473,on-line
PT-16473,COL-16474,downstream-of
K-16475,LT-16476,discharges-to
LT-16476,LT-16477,feeds
P-16478,K-16479,upstream-of
K-16479,TT-16480,downstream-of
PSV-16484,P-16485,upstream-of
P-16485,FCV-16486,on-line
FCV-16486,FT-16487,on-line
XV-16488,FT-16489,downstream-of
TT-16490,COL-16491,downstream-of
COL-16491,P-16492,upstream-of
P-16492,FCV-16493,upstream-of
PSV-16495,V-16496,on-line
V-16496,K-16497,on-line
K-16497,K-16498,feeds
K-16498,P-16499,upstream-of
P-16499,XV-16500,discharges-to
XV-16501,P-16502,feeds
P-16502,PT-16503,upstream-of
PT-16507,P-16508,downstream-of
P-16508,P-16509,downstream-of
LT-16510,K-16511,on-line
K-16511,P-16512,upstream-of
PSV-16514,PT-16515,upstream-of
PT-16515,P-16516,discharges-to
V-16517,PT-16518,discharges-to
COL-16521,XV-16522,discharges-to
COL-16525,FCV-16526,upstream-of
FCV-16526,COL-16527,upstream-of
COL-16527,PT-16528,feeds
PT-16528,V-16529,downstream-of
V-16529,PSV-16530,on-line
PSV-16530,PSV-16531,on-line
FT-16534,XV-16535,on-line
XV-16535,K-16536,discharges-to
K-16536,FT-16537,upstream-of
FT-16537,PSV-16538,feeds
PSV-16538,COL-16539,upstream-of
PSV-16541,LT-16542,on-line
LT-16542,K-16543,feeds
K-16543,TT-16544,upstream-of
TT-16544,PT-16545,upstream-of
PT-16545,XV-16546,on-line
XV-16546,PT-16547,discharges-to
PT-16547,FCV-16548,upstream-of
FCV-16548,K-16549,feeds
K-16549,FT-16550,downstream-of
FT-16550,XV-16551,discharges-to
XV-16551,P-16552,on-line
P-16552,V-16553,downstream-of
LT-16556,TT-16557,downstream-of
LT-16558,TT-16559,feeds
TT-16559,P-16560,on-line
COL-16562,COL-16563,downstream-of
COL-16563,XV-16564,on-line
FCV-16565,P-16566,discharges-to
PT-16567,PT-16568,upstream-of
PT-16568,P-16569,discharges-to
E-16570,PT-16571,on-line
PT-16571,PSV-16572,downstream-of
PSV-16572,PSV-16573,upstream-of
PSV-16573,P-16574,on-line
P-16574,PSV-16575,upstream-of
PSV-16575,LT-16576,feeds
LT-16576,PSV-16577,on-line
PSV-16577,K-16578,downstream-of
K-16578,PT-16579,upstream-of
PT-16579,K-16580,discharges-to
P-16581,V-16582,feeds
FT-16584,K-16585,discharges-to
K-16585,LT-16586,upstream-of
LT-16586,PSV-16587,upstream-of
PSV-16587,LT-16588,on-line
LT-16588,COL-16589,downstream-of
K-16590,XV-16591,discharges-to
XV-16591,FT-16592,feeds
FT-16592,COL-16593,feeds
K-16594,PSV-16595,on-line
PSV-16596,LT-16597,discharges-to
LT-16597,PSV-16598,on-line
PSV-16598,PT-16599,on-line
TT-16602,FT-16603,downstream-of
FT-16603,PT-16604,on-line
PT-16604,V-16605,discharges-to
V-16605,TT-16606,downstream-of
TT-16606,TT-16607,on-line
FCV-16608,TT-16609,downstream-of
TT-16609,E-16610,feeds
E-16610,P-16611,upstream-of
LT-16612,K-16613,downstream-of
COL-16614,E-16615,discharges-to
E-16615,PT-16616,discharges-to
PT-16616,K-16617,feeds
P-16621,E-16622,feeds
COL-16625,P-16626,on-line
P-16626,FCV-16627,discharges-to
FCV-16627,COL-16628,on-line
COL-16628,TT-16629,on-line
TT-16629,FT-16630,discharges-to
V-16632,PT-16633,upstream-of
PT-16633,FCV-16634,upstream-of
FCV-16634,TT-16635,feeds
PSV-16636,LT-16637,downstream-of
LT-16637,P-16638,on-line
P-16639,P-16640,discharges-to
P-16640,FCV-16641,upstream-of
FCV-16641,PT-16642,downstream-of
FT-16645,P-16646,upstream-of
P-16646,P-16647,on-line
COL-16648,PT-16649,upstream-of
PT-16649,K-16650,upstream-of
K-16650,PSV-16651,downstream-of
V-16652,XV-16653,downstream-of
XV-16653,XV-16654,upstream-of
XV-16655,P-16656,discharges-to
P-16658,TT-16659,discharges-to
TT-16659,FT-16660,on-line
FT-16660,XV-16661,discharges-to
V-16662,XV-16663,discharges-to
XV-16663,COL-16664,discharges-to
P-16666,COL-16667,on-line
COL-16667,FT-16668,on-line
FT-16668,K-16669,on-line
TT-16670,PT-16671,downstream-of
PT-16673,PT-16674,discharges-to
E-16675,P-16676,downstream-of
XV-16677,V-16678,discharges-to
V-16678,K-16679,feeds
K-16679,LT-16680,discharges-to
LT-16681,COL-16682,on-line
COL-16682,LT-16683,discharges-to
LT-16683,TT-16684,on-line
FCV-16685,P-16686,feeds
P-16689,P-16690,on-line
P-16690,PSV-16691,discharges-to
E-16693,PT-16694,discharges-to
PT-16694,V-16695,on-line
V-16695,LT-16696,on-line
LT-16696,FT-16697,feeds
FCV-16698,FT-16699,feeds
K-16700,K-16701,upstream-of
PSV-16702,COL-16703,downstream-of
COL-16703,TT-16704,on-line
TT-16704,V-16705,on-line
V-16706,K-16707,downstream-of
E-16710,K-16711,feeds
K-16711,K-16712,on-line
PT-16713,LT-16714,downstream-of
LT-16714,FT-16715,on-line
PT-16716,PSV-16717,discharges-to
PSV-16717,PT-16718,upstream-of
PT-16718,TT-16719,downstream-of
TT-16719,E-16720,upstream-of
E-16720,PT-16721,discharges-to
P-16722,K-16723,discharges-to
PSV-16726,FCV-16727,downstream-of
FCV-16727,PT-16728,on-line
FT-16729,FT-16730,on-line
FT-16730,TT-16731,feeds
K-16732,P-16733,feeds
P-16734,E-16735,downstream-of
TT-16736,P-16737,upstream-of
P-16737,COL-16738,discharges-to
P-16739,PT-16740,upstream-of
PT-16740,P-16741,discharges-to
P-16741,TT-16742,upstream-of
TT-16742,P-16743,upstream-of
P-16743,TT-16744,on-line
TT-16744,E-16745,downstream-of
XV-16746,V-16747,upstream-of
V-16747,P-16748,discharges-to
FT-16751,TT-16752,on-line
TT-16752,E-16753,downstream-of
V-16756,P-16757,downstream-of
P-16757,K-16758,feeds
K-16758,K-16759,upstream-of
K-16759,LT-16760,upstream-of
LT-16760,FCV-16761,feeds
FCV-16761,PSV-16762,on-line
TT-16763,TT-16764,on-line
COL-16765,FCV-16766,downstream-of
P-16768,FT-16769,feeds
FT-16769,LT-16770,feeds
LT-16770,COL-16771,downstream-of
COL-16771,P-16772,downstream-of
E-16773,TT-16774,feeds
K-16775,FCV-16776,discharges-to
LT-16777,LT-16778,upstream-of
E-16779,P-16780,on-line
P-16780,PT-16781,feeds
PT-16782,P-16783,on-line
P-16783,PT-16784,on-line
PT-16784,FT-16785,upstream-of
FT-16785,FT-16786,feeds
FT-16786,COL-16787,feeds
COL-16787,PT-16788,upstream-of
PT-16788,COL-16789,discharges-to
COL-16789,LT-16790,discharges-to
COL-16792,P-16793,discharges-to
XV-16794,COL-16795,feeds
PT-16798,TT-16799,upstream-of
LT-16800,COL-16801,discharges-to
COL-16801,P-16802,feeds
P-16802,P-16803,downstream-of
P-16803,FT-16804,upstream-of
XV-16805,FT-16806,downstream-of
PSV-16808,XV-16809,upstream-of
XV-16809,COL-16810,downstream-of
COL-16810,V-16811,on-line
V-16811,PSV-16812,feeds
TT-16813,E-16814,upstream-of
TT-16820,P-16821,upstream-of
P-16821,LT-16822,upstream-of
LT-16822,V-16823,feeds
V-16823,FCV-16824,feeds
FCV-16824,FCV-16825,feeds
FCV-16825,FCV-16826,downstream-of
TT-16827,TT-16828,discharges-to
TT-16828,FT-16829,on-line
TT-16830,LT-16831,discharges-to
LT-16831,FCV-16832,on-line
FCV-16832,PSV-16833,on-line
PSV-16833,FT-16834,discharges-to
FT-16834,PSV-16835,feeds
K-16837,PSV-16838,downstream-of
XV-16839,PT-16840,upstream-of
PT-16840,PSV-16841,downstream-of
PSV-16841,XV-16842,feeds
XV-16842,COL-16843,downstream-of
COL-16843,TT-16844,discharges-to
TT-16844,FCV-16845,feeds
FCV-16845,K-16846,downstream-of
K-16846,PSV-16847,on-line
PSV-16847,PSV-16848,on-line
PSV-16848,PSV-16849,downstream-of
PSV-16849,K-16850,downstream-of
K-16850,LT-16851,on-line
COL-16853,TT-16854,on-line
TT-16854,XV-16855,on-line
XV-16855,XV-16856,feeds
FT-16858,PT-16859,upstream-of
XV-16860,PT-16861,downstream-of
PT-16861,P-16862,upstream-of
P-16862,E-16863,downstream-of
E-16863,P-16864,downstream-of
P-16864,E-16865,upstream-of
E-16865,FT-16866,upstream-of
P-16869,P-16870,feeds
P-16870,K-16871,discharges-to
K-16871,FCV-16872,on-line
FCV-16872,PSV-16873,on-line
PSV-16873,COL-16874,downstream-of
COL-16874,K-16875,feeds
K-16875,COL-16876,upstream-of
V-16877,P-16878,on-line
P-16878,XV-16879,feeds
XV-16879,TT-16880,discharges-to
LT-16882,XV-16883,upstream-of
XV-16883,PT-16884,on-line
PT-16884,LT-16885,upstream-of
LT-16885,V-16886,upstream-of
V-16886,TT-16887,downstream-of
TT-16887,TT-16888,on-line
TT-16888,V-16889,feeds
V-16889,TT-16890,on-line
PSV-16891,K-16892,downstream-of
P-16893,P-16894,discharges-to
P-16894,K-16895,downstream-of
TT-16897,LT-16898,discharges-to
COL-16899,P-16900,discharges-to
P-16900,TT-16901,upstream-of
TT-16901,XV-16902,upstream-of
XV-16902,PT-16903,discharges-to
FCV-16904,P-16905,upstream-of
P-16905,PSV-16906,downstream-of
PSV-16906,FCV-16907,on-line
FCV-16907,TT-16908,discharges-to
V-16909,LT-16910,discharges-to
E-16912,K-16913,downstream-of
K-16913,E-16914,discharges-to
PSV-16915,TT-16916,discharges-to
P-16917,V-16918,on-line
V-16918,FCV-16919,feeds
FCV-16919,PSV-16920,on-line
P-16922,V-16923,upstream-of
V-16923,COL-16924,upstream-of
COL-16924,P-16925,on-line
P-16925,COL-16926,discharges-to
K-16927,COL-16928,feeds
COL-16928,E-16929,downstream-of
E-16929,TT-16930,downstream-of
E-16931,FCV-16932,discharges-to
XV-16934,LT-16935,feeds
LT-16935,PSV-16936,upstream-of
PSV-16936,TT-16937,feeds
TT-16937,COL-16938,on-line
COL-16938,FCV-16939,discharges-to
FCV-16939,PT-16940,discharges-to
V-16941,K-16942,downstream-of
K-16942,P-16943,feeds
P-16943,XV-16944,discharges-to
XV-16944,LT-16945,feeds
COL-16946,K-16947,on-line
K-16947,XV-16948,feeds
V-16949,LT-16950,discharges-to
LT-16950,P-16951,upstream-of
P-16951,K-16952,discharges-to
K-16952,FCV-16953,on-line
FCV-16953,XV-16954,discharges-to
XV-16954,FCV-16955,upstream-of
LT-16956,FT-16957,on-line
FT-16957,FCV-16958,downstream-of
K-16960,V-16961,upstream-of
LT-16962,V-16963,upstream-of
V-16963,K-16964,on-line
K-16964,P-16965,downstream-of
P-16965,K-16966,upstream-of
K-16966,PSV-16967,upstream-of
P-16969,COL-16970,on-line
FT-16973,FT-16974,discharges-to
P-16976,TT-16977,feeds
TT-16977,XV-16978,discharges-to
P-16979,P-16980,feeds
TT-16981,P-16982,discharges-to
PT-16984,E-16985,on-line
E-16985,K-16986,feeds
K-16986,FCV-16987,feeds
FCV-16987,COL-16988,upstream-of
COL-16988,TT-16989,discharges-to
TT-16989,FT-16990,feeds
PT-16991,FCV-16992,upstream-of
E-16994,PT-16995,feeds
PT-16995,PT-16996,feeds
PT-16996,TT-16997,on-line
TT-16997,V-16998,discharges-to
V-16998,COL-16999,feeds
COL-17000,P-17001,upstream-of
PT-17003,COL-17004,on-line
COL-17004,V-17005,upstream-of
V-17005,V-17006,on-line
V-17006,V-17007,feeds
V-17007,LT-17008,downstream-of
FT-17010,E-17011,feeds
E-17011,P-17012,on-line
P-17012,LT-17013,upstream-of
LT-17013,PT-17014,on-line
PT-17014,FT-17015,feeds
FT-17015,COL-17016,feeds
K-17017,XV-17018,on-line
XV-17018,P-17019,discharges-to
P-17019,XV-17020,on-line
XV-17020,XV-17021,feeds
XV-17021,TT-17022,on-line
TT-17022,TT-17023,upstream-of
TT-17023,COL-17024,downstream-of
COL-17024,LT-17025,upstream-of
PT-17026,P-17027,feeds
P-17027,E-17028,upstream-of
E-17028,P-17029,on-line
P-17031,LT-17032,discharges-to
LT-17032,E-17033,on-line
E-17033,XV-17034,downstream-of
XV-17034,COL-17035,on-line
COL-17035,LT-17036,upstream-of
FCV-17037,PT-17038,on-line
PT-17038,TT-17039,feeds
TT-17039,V-17040,upstream-of
V-17040,XV-17041,upstream-of
XV-17041,PT-17042,upstream-of
K-17043,E-17044,upstream-of
PT-17045,E-17046,discharges-to
E-17046,PSV-17047,discharges-to
PSV-17048,P-17049,on-line
K-17050,COL-17051,downstream-of
COL-17051,P-17052,discharges-to
P-17052,PT-17053,discharges-to
PT-17053,P-17054,upstream-of
P-17054,P-17055,downstream-of
P-17055,P-17056,upstream-of
P-17056,TT-17057,discharges-to
TT-17057,COL-17058,downstream-of
COL-17058,P-17059,discharges-to
P-17059,P-17060,discharges-to
PSV-17062,PSV-17063,feeds
LT-17064,LT-17065,feeds
FCV-17067,E-17068,on-line
FCV-17070,E-17071,discharges-to
E-17071,PT-17072,on-line
PT-17072,XV-17073,feeds
P-17074,E-17075,downstream-of
TT-17076,LT-17077,on-line
LT-17077,P-17078,on-line
P-17078,LT-17079,on-line
V-17080,P-17081,on-line
P-17081,PT-17082,feeds
PT-17082,E-17083,upstream-of
V-17084,P-17085,feeds
PSV-17089,XV-17090,feeds
XV-17090,V-17091,on-line
V-17091,PSV-17092,upstream-of
TT-17093,LT-17094,discharges-to
LT-17094,XV-17095,discharges-to
PSV-17096,PSV-17097,upstream-of
PSV-17097,PSV-17098,upstream-of
PSV-17098,K-17099,feeds
K-17099,FT-17100,discharges-to
FT-17100,P-17101,on-line
TT-17105,PSV-17106,discharges-to
XV-17107,V-17108,on-line
V-17108,XV-17109,upstream-of
XV-17109,TT-17110,downstream-of
TT-17110,K-17111,feeds
K-17111,FT-17112,feeds
FT-17115,LT-17116,feeds
LT-17116,TT-17117,feeds
TT-17117,TT-17118,downstream-of
TT-17118,P-17119,upstream-of
P-17119,E-17120,on-line
E-17121,FT-17122,discharges-to
LT-17124,E-17125,feeds
E-17125,P-17126,on-line
P-17126,TT-17127,upstream-of
TT-17127,TT-17128,downstream-of
TT-17128,PT-17129,upstream-of
PSV-17130,P-17131,on-line
P-17131,FT-17132,on-line
V-17133,P-17134,feeds
P-17134,FCV-17135,on-line
P-17136,LT-17137,on-line
LT-17137,COL-17138,upstream-of
COL-17138,FT-17139,downstream-of
FT-17139,TT-17140,upstream-of
P-17141,E-17142,downstream-of
FCV-17143,XV-17144,discharges-to
XV-17144,FCV-17145,upstream-of
FCV-17145,TT-17146,upstream-of
TT-17146,TT-17147,feeds
TT-17147,K-17148,upstream-of
K-17148,XV-17149,upstream-of
XV-17149,XV-17150,downstream-of
XV-17150,XV-17151,downstream-of
K-17152,FT-17153,upstream-of
FT-17153,COL-17154,downstream-of
COL-17154,P-17155,upstream-of
P-17155,K-17156,downstream-of
K-17156,E-17157,upstream-of
V-17160,K-17161,upstream-of
LT-17162,COL-17163,upstream-of
COL-17163,K-17164,feeds
K-17164,TT-17165,upstream-of
TT-17165,XV-17166,downstream-of
XV-17166,PT-17167,downstream-of
PT-17167,XV-17168,feeds
XV-17168,COL-17169,on-line
TT-17171,P-17172,feeds
PT-17173,XV-17174,on-line
XV-17174,P-17175,upstream-of
P-17175,COL-17176,feeds
COL-17176,FCV-17177,on-line
FCV-17177,COL-17178,feeds
COL-17178,COL-17179,feeds
COL-17179,FT-17180,feeds
FT-17180,K-17181,upstream-of
K-17181,FT-17182,downstream-of
FT-17182,P-17183,on-line
P-17183,COL-17184,discharges-to
V-17186,P-17187,feeds
P-17187,PSV-17188,on-line
PSV-17188,LT-17189,feeds
P-17192,K-17193,discharges-to
K-17193,XV-17194,discharges-to
P-17196,XV-17197,on-line
XV-17197,PSV-17198,feeds
P-17199,FT-17200,discharges-to
FT-17200,LT-17201,feeds
FCV-17202,P-17203,feeds
P-17203,FT-17204,discharges-to
FT-17204,PT-17205,discharges-to
PT-17205,PT-17206,on-line
PT-17207,P-17208,on-line
P-17208,K-17209,upstream-of
K-17209,V-17210,feeds
V-17210,P-17211,upstream-of
PT-17212,E-17213,feeds
FCV-17214,PT-17215,on-line
P-17216,TT-17217,discharges-to
TT-17217,COL-17218,discharges-to
COL-17218,P-17219,on-line
P-17219,TT-17220,feeds
TT-17220,COL-17221,upstream-of
COL-17221,PT-17222,upstream-of
PT-17222,COL-17223,discharges-to
COL-17223,XV-17224,discharges-to
XV-17224,K-17225,upstream-of
PSV-17226,V-17227,feeds
V-17227,P-17228,upstream-of
COL-17230,PT-17231,on-line
COL-17232,PT-17233,on-line
PT-17233,TT-17234,discharges-to
TT-17234,FT-17235,discharges-to
FT-17235,LT-17236,upstream-of
XV-17237,TT-17238,upstream-of
TT-17238,LT-17239,on-line
LT-17239,PSV-17240,on-line
XV-17241,K-17242,upstream-of
K-17242,XV-17243,downstream-of
XV-17243,PT-17244,feeds
PT-17244,PSV-17245,on-line
PSV-17247,PT-17248,downstream-of
PT-17248,K-17249,on-line
K-17249,FCV-17250,upstream-of
FCV-17250,PT-17251,feeds
FT-17252,COL-17253,on-line
COL-17253,COL-17254,upstream-of
COL-17254,PSV-17255,upstream-of
PSV-17255,K-17256,downstream-of
K-17256,FCV-17257,feeds
FT-17258,V-17259,upstream-of
PT-17260,E-17261,upstream-of
E-17261,LT-17262,discharges-to
PSV-17264,P-17265,on-line
P-17267,TT-17268,on-line
TT-17268,FT-17269,downstream-of
XV-17272,PSV-17273,on-line
PSV-17274,TT-17275,upstream-of
TT-17275,E-17276,upstream-of
E-17276,LT-17277,discharges-to
LT-17277,FCV-17278,discharges-to
E-17280,LT-17281,discharges-to
LT-17281,COL-17282,discharges-to
V-17283,XV-17284,upstream-of
K-17287,LT-17288,on-line
LT-17288,E-17289,downstream-of
PT-17290,P-17291,on-line
PSV-17292,PSV-17293,upstream-of
PSV-17293,P-17294,on-line
K-17295,E-17296,feeds
E-17297,V-17298,downstream-of
COL-17299,PSV-17300,on-line
PSV-17301,P-17302,downstream-of
P-17302,LT-17303,downstream-of
LT-17303,FT-17304,discharges-to
V-17306,LT-17307,upstream-of
LT-17307,PSV-17308,discharges-to
PSV-17308,TT-17309,downstream-of
TT-17309,PSV-17310,on-line
PSV-17310,PSV-17311,feeds
PSV-17311,TT-17312,upstream-of
TT-17312,FCV-17313,discharges-to
P-17315,P-17316,downstream-of
P-17316,E-17317,downstream-of
FT-17320,FCV-17321,feeds
LT-17325,V-17326,upstream-of
K-17328,K-17329,upstream-of
E-17331,TT-17332,discharges-to
TT-17332,K-17333,upstream-of
FT-17334,PT-17335,discharges-to
PT-17335,P-17336,downstream-of
P-17336,COL-17337,downstream-of
COL-17337,COL-17338,discharges-to
E-17340,E-17341,feeds
E-17341,K-17342,downstream-of
LT-17343,P-17344,feeds
FCV-17345,PSV-17346,discharges-to
PSV-17346,PSV-17347,discharges-to
PT-17349,LT-17350,downstream-of
LT-17350,XV-17351,on-line
XV-17351,V-17352,downstream-of
V-17352,V-17353,discharges-to
V-17353,P-17354,on-line
FCV-17355,K-17356,on-line
P-17357,V-17358,upstream-of
FT-17361,P-17362,downstream-of
P-17362,E-17363,feeds
E-17363,K-17364,on-line
K-17364,E-17365,feeds
FT-17366,K-17367,discharges-to
K-17367,TT-17368,feeds
TT-17368,E-17369,on-line
PT-17370,XV-17371,feeds
XV-17371,V-17372,feeds
FT-17373,PT-17374,discharges-to
COL-17375,COL-17376,upstream-of
PT-17377,V-17378,discharges-to
P-17379,K-17380,on-line
K-17380,P-17381,on-line
P-17381,FCV-17382,discharges-to
FCV-17382,E-17383,on-line
E-17383,PSV-17384,feeds
PSV-17384,LT-17385,downstream-of
LT-17385,FT-17386,downstream-of
COL-17388,TT-17389,downstream-of
TT-17389,P-17390,upstream-of
FT-17391,V-17392,discharges-to
V-17392,TT-17393,on-line
TT-17393,PSV-17394,discharges-to
P-17395,FT-17396,on-line
FT-17396,XV-17397,on-line
XV-17397,P-17398,feeds
P-17398,FT-17399,upstream-of
P-17400,FCV-17401,upstream-of
FCV-17401,FCV-17402,upstream-of
FCV-17402,PSV-17403,downstream-of
PSV-17403,V-17404,discharges-to
V-17404,P-17405,downstream-of
COL-17407,E-17408,on-line
E-17408,TT-17409,upstream-of
TT-17409,LT-17410,on-line
LT-17410,LT-17411,downstream-of
LT-17411,K-17412,on-line
K-17412,TT-17413,feeds
TT-17413,FCV-17414,upstream-of
FCV-17414,P-17415,discharges-to
P-17415,XV-17416,downstream-of
XV-17416,FT-17417,discharges-to
FT-17417,P-17418,on-line
P-17418,PT-17419,upstream-of
PT-17419,PSV-17420,upstream-of
PSV-17420,K-17421,on-line
K-17421,TT-17422,discharges-to
TT-17422,K-17423,discharges-to
K-17423,PSV-17424,upstream-of
PSV-17424,FCV-17425,on-line
FCV-17425,LT-17426,upstream-of
LT-17426,P-17427,on-line
FCV-17429,FCV-17430,on-line
FCV-17430,XV-17431,on-line
XV-17431,LT-17432,on-line
XV-17434,P-17435,feeds
PSV-17436,P-17437,on-line
P-17437,P-17438,feeds
P-17438,PSV-17439,upstream-of
PSV-17439,PSV-17440,feeds
PSV-17440,FT-17441,downstream-of
PT-17442,COL-17443,on-line
COL-17443,E-17444,upstream-of
E-17444,PT-17445,downstream-of
PT-17445,P-17446,on-line
P-17446,K-17447,upstream-of
PSV-17448,PT-17449,downstream-of
PT-17449,LT-17450,upstream-of
LT-17450,XV-17451,on-line
XV-17451,XV-17452,discharges-to
XV-17452,FCV-17453,feeds
FCV-17453,TT-17454,discharges-to
TT-17454,PT-17455,upstream-of
PT-17455,FCV-17456,upstream-of
FCV-17458,TT-17459,discharges-to
TT-17459,COL-17460,upstream-of
COL-17460,K-17461,upstream-of
K-17461,LT-17462,discharges-to
LT-17462,P-17463,feeds
FT-17464,TT-17465,feeds
FT-17468,PT-17469,downstream-of
PT-17469,PT-17470,discharges-to
PT-17470,P-17471,downstream-of
P-17471,V-17472,discharges-to
TT-17473,COL-17474,on-line
COL-17474,TT-17475,upstream-of
V-17476,PSV-17477,upstream-of
PSV-17477,COL-17478,on-line
COL-17478,P-17479,feeds
P-17479,P-17480,downstream-of
P-17480,TT-17481,upstream-of
P-17482,FT-17483,upstream-of
PSV-17487,XV-17488,downstream-of
V-17489,LT-17490,discharges-to
LT-17491,PT-17492,on-line
V-17493,V-17494,on-line
PSV-17495,V-17496,on-line
PT-17497,V-17498,downstream-of
V-17498,P-17499,upstream-of
K-17501,P-17502,downstream-of
P-17502,XV-17503,discharges-to
XV-17503,PT-17504,discharges-to
PT-17504,P-17505,on-line
P-17506,PSV-17507,upstream-of
PSV-17507,E-17508,on-line
LT-17509,P-17510,downstream-of
P-17510,PT-17511,feeds
PT-17511,PT-17512,on-line
PT-17512,PT-17513,on-line
P-17514,XV-17515,feeds
XV-17515,V-17516,discharges-to
P-17518,FCV-17519,on-line
K-17520,K-17521,upstream-of
TT-17522,FCV-17523,downstream-of
FCV-17523,PT-17524,upstream-of
PT-17524,FT-17525,on-line
FT-17525,V-17526,on-line
FCV-17527,P-17528,upstream-of
P-17528,XV-17529,on-line
P-17530,V-17531,on-line
V-17531,TT-17532,downstream-of
TT-17532,PT-17533,upstream-of
PT-17533,V-17534,downstream-of
V-17534,E-17535,downstream-of
E-17535,COL-17536,discharges-to
COL-17536,V-17537,on-line
V-17538,E-17539,on-line
PT-17540,V-17541,downstream-of
V-17541,LT-17542,upstream-of
LT-17542,V-17543,downstream-of
P-17544,PSV-17545,on-line
PSV-17545,PSV-17546,on-line
FCV-17547,LT-17548,discharges-to
TT-17549,P-17550,downstream-of
XV-17551,K-17552,discharges-to
K-17552,PSV-17553,on-line
PSV-17553,FT-17554,on-line
FT-17554,PT-17555,downstream-of
PT-17555,P-17556,downstream-of
P-17556,PSV-17557,upstream-of
PSV-17558,PT-17559,downstream-of
P-17560,E-17561,discharges-to
PSV-17562,V-17563,discharges-to
V-17563,P-17564,discharges-to
P-17564,TT-17565,discharges-to
TT-17565,FT-17566,on-line
FT-17566,FCV-17567,on-line
FCV-17567,PSV-17568,upstream-of
PSV-17568,V-17569,discharges-to
V-17569,P-17570,feeds
TT-17571,K-17572,discharges-to
K-17572,P-17573,on-line
P-17573,PSV-17574,discharges-to
PSV-17574,PSV-17575,discharges-to
K-17576,FCV-17577,on-line
FCV-17577,P-17578,on-line
P-17578,P-17579,discharges-to
K-17580,E-17581,on-line
E-17581,XV-17582,downstream-of
XV-17582,FCV-17583,upstream-of
FCV-17583,LT-17584,downstream-of
LT-17584,P-17585,upstream-of
P-17587,PSV-17588,upstream-of
PSV-17588,TT-17589,upstream-of
TT-17589,XV-17590,on-line
XV-17590,XV-17591,on-line
FCV-17592,TT-17593,feeds
E-17594,LT-17595,upstream-of
LT-17595,K-17596,feeds
K-17596,V-17597,discharges-to
V-17597,V-17598,downstream-of
E-17599,PSV-17600,on-line
V-17601,P-17602,discharges-to
P-17602,PSV-17603,upstream-of
PSV-17604,V-17605,feeds
TT-17606,P-17607,upstream-of
P-17607,PSV-17608,on-line
PSV-17608,P-17609,discharges-to
P-17609,LT-17610,upstream-of
LT-17610,FCV-17611,feeds
FCV-17611,LT-17612,upstream-of
E-17613,LT-17614,upstream-of
LT-17614,K-17615,upstream-of
K-17615,PSV-17616,feeds
PSV-17616,FT-17617,upstream-of
FT-17617,P-17618,feeds
P-17618,E-17619,on-line
E-17619,PT-17620,on-line
PT-17620,XV-17621,upstream-of
XV-17621,PT-17622,upstream-of
PT-17622,FCV-17623,downstream-of
FT-17624,FT-17625,on-line
P-17626,TT-17627,feeds
TT-17627,E-17628,upstream-of
FCV-17629,E-17630,feeds
E-17630,K-17631,upstream-of
TT-17632,PT-17633,feeds
PT-17633,FT-17634,on-line
FT-17634,TT-17635,on-line
PT-17637,E-17638,upstream-of
E-17638,E-17639,downstream-of
V-17640,PSV-17641,upstream-of
PSV-17641,TT-17642,discharges-to
FT-17644,PSV-17645,discharges-to
PSV-17645,FT-17646,downstream-of
FT-17646,LT-17647,feeds
LT-17647,E-17648,feeds
COL-17650,P-17651,feeds
P-17651,PSV-17652,upstream-of
PSV-17652,P-17653,downstream-of
P-17653,FCV-17654,feeds
FT-17655,COL-17656,on-line
COL-17656,P-17657,discharges-to
P-17657,PT-17658,downstream-of
PT-17658,FT-17659,on-line
FT-17659,P-17660,discharges-to
P-17661,TT-17662,on-line
TT-17662,K-17663,upstream-of
K-17663,E-17664,feeds
V-17665,XV-17666,on-line
XV-17666,XV-17667,discharges-to
XV-17667,K-17668,feeds
K-17668,XV-17669,downstream-of
XV-17669,FT-17670,downstream-of
PSV-17671,PT-17672,downstream-of
XV-17673,COL-17674,feeds
COL-17674,K-17675,upstream-of
K-17675,TT-17676,on-line
V-17677,FCV-17678,discharges-to
FCV-17678,COL-17679,feeds
COL-17679,COL-17680,feeds
COL-17680,FCV-17681,feeds
K-17682,E-17683,feeds
PSV-17685,LT-17686,discharges-to
LT-17686,COL-17687,feeds
COL-17687,LT-17688,downstream-of
COL-17689,V-17690,discharges-to
TT-17694,P-17695,upstream-of
P-17695,FT-17696,on-line
PT-17700,XV-17701,feeds
PSV-17702,E-17703,on-line
FCV-17704,COL-17705,downstream-of
COL-17705,V-17706,upstream-of
V-17706,P-17707,feeds
V-17708,K-17709,feeds
K-17709,LT-17710,upstream-of
FT-17711,XV-17712,downstream-of
FCV-17713,TT-17714,on-line
P-17715,K-17716,on-line
XV-17717,LT-17718,upstream-of
LT-17718,PT-17719,downstream-of
PT-17719,FT-17720,upstream-of
FT-17720,XV-17721,downstream-of
COL-17722,TT-17723,upstream-of
TT-17723,E-17724,feeds
LT-17725,FT-17726,discharges-to
FT-17726,P-17727,feeds
P-17727,K-17728,feeds
K-17728,V-17729,discharges-to
V-17730,P-17731,on-line
P-17731,PT-17732,downstream-of
PT-17732,P-17733,on-line
P-17733,COL-17734,on-line
COL-17734,TT-17735,feeds
TT-17735,LT-17736,upstream-of
LT-17736,E-17737,on-line
E-17737,PSV-17738,feeds
PSV-17738,FCV-17739,feeds
FCV-17739,P-17740,on-line
P-17740,XV-17741,on-line
FCV-17742,FT-17743,downstream-of
FT-17743,PT-17744,feeds
PT-17744,E-17745,discharges-to
P-17746,XV-17747,downstream-of
XV-17747,PT-17748,discharges-to
PT-17748,E-17749,discharges-to
E-17749,PT-17750,feeds
PT-17750,XV-17751,on-line
XV-17751,XV-17752,downstream-of
LT-17756,K-17757,downstream-of
K-17757,LT-17758,on-line
LT-17758,TT-17759,feeds
TT-17759,FCV-17760,discharges-to
FCV-17760,XV-17761,downstream-of
P-17762,FCV-17763,discharges-to
XV-17764,FCV-17765,discharges-to
COL-17766,LT-17767,downstream-of
LT-17767,E-17768,downstream-of
E-17768,TT-17769,feeds
TT-17769,K-17770,downstream-of
PT-17771,FT-17772,upstream-of
K-17774,K-17775,downstream-of
PT-17776,K-17777,discharges-to
K-17777,PT-17778,downstream-of
PT-17778,E-17779,downstream-of
E-17779,XV-17780,on-line
XV-17780,E-17781,upstream-of
E-17781,E-17782,downstream-of
E-17782,E-17783,on-line
TT-17784,XV-17785,discharges-to
XV-17785,PT-17786,downstream-of
PT-17786,LT-17787,downstream-of
COL-17789,TT-17790,upstream-of
XV-17791,PT-17792,feeds
PT-17792,PSV-17793,on-line
PSV-17793,E-17794,upstream-of
FT-17795,K-17796,upstream-of
K-17796,P-17797,upstream-of
P-17797,E-17798,on-line
E-17798,V-17799,feeds
V-17799,FCV-17800,discharges-to
XV-17803,V-17804,on-line
V-17804,COL-17805,downstream-of
COL-17805,COL-17806,discharges-to
COL-17806,TT-17807,upstream-of
TT-17807,E-17808,upstream-of
E-17808,TT-17809,on-line
TT-17809,K-17810,upstream-of
K-17810,PSV-17811,discharges-to
P-17812,V-17813,discharges-to
V-17813,K-17814,on-line
E-17815,XV-17816,upstream-of
XV-17816,XV-17817,discharges-to
XV-17817,V-17818,downstream-of
V-17818,COL-17819,discharges-to
XV-17820,K-17821,upstream-of
FCV-17822,E-17823,downstream-of
E-17823,FCV-17824,downstream-of
FCV-17824,PSV-17825,feeds
PSV-17825,XV-17826,discharges-to
TT-17827,P-17828,discharges-to
P-17828,E-17829,upstream-of
E-17829,XV-17830,upstream-of
XV-17830,XV-17831,upstream-of
FCV-17832,FCV-17833,feeds
FCV-17833,XV-17834,upstream-of
XV-17834,PT-17835,discharges-to
E-17836,P-17837,on-line
P-17837,PT-17838,upstream-of
PT-17838,FT-17839,upstream-of
FT-17839,K-17840,discharges-to
K-17840,V-17841,downstream-of
V-17841,FCV-17842,on-line
PSV-17843,V-17844,downstream-of
V-17844,PT-17845,upstream-of
PT-17845,V-17846,feeds
COL-17847,XV-17848,discharges-to
XV-17848,P-17849,discharges-to
P-17849,V-17850,upstream-of
FCV-17851,XV-17852,upstream-of
XV-17852,P-17853,on-line
TT-17855,E-17856,discharges-to
E-17856,COL-17857,downstream-of
K-17858,FCV-17859,upstream-of
FCV-17859,PSV-17860,on-line
PSV-17860,FCV-17861,feeds
TT-17862,V-17863,on-line
P-17864,FT-17865,feeds
FT-17868,PSV-17869,downstream-of
PSV-17869,PSV-17870,feeds
PSV-17870,LT-17871,feeds
LT-17871,PSV-17872,discharges-to
PSV-17872,E-17873,downstream-of
K-17875,V-17876,discharges-to
V-17876,FT-17877,on-line
COL-17878,XV-17879,upstream-of
K-17880,TT-17881,discharges-to
TT-17881,E-17882,downstream-of
E-17883,XV-17884,upstream-of
E-17885,FT-17886,on-line
E-17887,V-17888,discharges-to
V-17888,XV-17889,feeds
TT-17890,FT-17891,on-line
FT-17892,PT-17893,upstream-of
PT-17894,K-17895,discharges-to
K-17895,XV-17896,downstream-of
XV-17896,P-17897,feeds
K-17898,PSV-17899,upstream-of
E-17900,TT-17901,upstream-of
TT-17901,LT-17902,discharges-to
LT-17902,XV-17903,feeds
XV-17903,TT-17904,downstream-of
TT-17905,P-17906,upstream-of
P-17906,V-17907,upstream-of
E-17909,FCV-17910,discharges-to
FCV-17910,P-17911,upstream-of
LT-17912,PT-17913,on-line
PT-17913,LT-17914,discharges-to
P-17915,V-17916,discharges-to
V-17916,COL-17917,on-line
COL-17917,XV-17918,upstream-of
FT-17920,XV-17921,upstream-of
XV-17921,COL-17922,feeds
V-17923,FT-17924,upstream-of
P-17926,K-17927,on-line
K-17927,P-17928,upstream-of
P-17928,XV-17929,feeds
XV-17929,XV-17930,upstream-of
COL-17931,E-17932,discharges-to
E-17932,XV-17933,feeds
XV-17933,V-17934,downstream-of
FT-17935,FCV-17936,downstream-of
FCV-17936,PT-17937,downstream-of
PT-17937,E-17938,feeds
E-17938,LT-17939,feeds
LT-17939,PSV-17940,on-line
PSV-17940,P-17941,discharges-to
V-17942,V-17943,on-line
V-17943,XV-17944,upstream-of
P-17946,FCV-17947,downstream-of
FCV-17947,PSV-17948,upstream-of
P-17949,COL-17950,on-line
COL-17950,E-17951,upstream-of
XV-17952,FT-17953,discharges-to
K-17954,LT-17955,feeds
LT-17955,TT-17956,on-line
TT-17956,FCV-17957,downstream-of
FCV-17957,FT-17958,feeds
FT-17958,P-17959,on-line
FCV-17960,K-17961,feeds
P-17962,V-17963,downstream-of
V-17963,PSV-17964,on-line
PSV-17964,TT-17965,discharges-to
TT-17965,FCV-17966,on-line
P-17968,COL-17969,downstream-of
E-17970,PT-17971,upstream-of
PT-17971,TT-17972,downstream-of
TT-17973,LT-17974,feeds
P-17975,P-17976,on-line
P-17976,K-17977,on-line
K-17977,P-17978,on-line
V-17979,FT-17980,upstream-of
K-17981,V-17982,upstream-of
V-17982,LT-17983,downstream-of
FCV-17985,P-17986,feeds
P-17986,K-17987,feeds
PSV-17988,P-17989,feeds
P-17989,COL-17990,feeds
PT-17992,V-17993,downstream-of
V-17993,TT-17994,downstream-of
TT-17994,FT-17995,discharges-to
LT-17996,COL-17997,feeds
PT-17999,TT-18000,downstream-of
V-18001,FT-18002,downstream-of
P-18003,K-18004,on-line
K-18004,FCV-18005,on-line
FCV-18005,FCV-18006,on-line
FCV-18006,COL-18007,feeds
COL-18007,FT-18008,upstream-of
FT-18008,PT-18009,on-line
PT-18009,FCV-18010,on-line
FCV-18010,FT-18011,discharges-to
FT-18011,K-18012,downstream-of
K-18012,FT-18013,downstream-of
FT-18013,P-18014,downstream-of
P-18014,FCV-18015,on-line
P-18016,FT-18017,upstream-of
K-18020,P-18021,feeds
P-18021,E-18022,on-line
E-18023,LT-18024,upstream-of
LT-18024,E-18025,discharges-to
E-18025,TT-18026,on-line
TT-18026,P-18027,upstream-of
TT-18028,LT-18029,discharges-to
LT-18029,P-18030,downstream-of
K-18032,V-18033,upstream-of
V-18033,E-18034,downstream-of
E-18034,XV-18035,upstream-of
XV-18035,P-18036,on-line
XV-18037,TT-18038,on-line
TT-18038,V-18039,downstream-of
V-18039,E-18040,discharges-to
E-18040,P-18041,discharges-to
K-18043,LT-18044,on-line
LT-18044,V-18045,downstream-of
E-18046,FCV-18047,feeds
FCV-18047,FCV-18048,downstream-of
FCV-18048,LT-18049,discharges-to
FCV-18052,E-18053,on-line
PSV-18054,PSV-18055,upstream-of
PSV-18055,COL-18056,on-line
COL-18056,PSV-18057,upstream-of
PSV-18057,V-18058,feeds
PSV-18059,V-18060,feeds
V-18060,TT-18061,feeds
TT-18061,XV-18062,on-line
LT-18063,P-18064,on-line
P-18064,PSV-18065,on-line
COL-18066,K-18067,feeds
K-18067,P-18068,downstream-of
FCV-18070,P-18071,feeds
PT-18072,LT-18073,discharges-to
PSV-18075,P-18076,on-line
P-18076,P-18077,feeds
LT-18078,LT-18079,upstream-of
LT-18079,K-18080,feeds
PSV-18081,P-18082,feeds
P-18082,P-18083,feeds
K-18084,P-18085,discharges-to
P-18085,P-18086,upstream-of
FCV-18088,V-18089,on-line
P-18091,LT-18092,feeds
P-18093,P-18094,on-line
P-18094,V-18095,upstream-of
V-18095,K-18096,upstream-of
K-18096,TT-18097,downstream-of
TT-18097,FT-18098,on-line
FT-18098,P-18099,discharges-to
P-18099,P-18100,feeds
FT-18102,XV-18103,discharges-to
E-18104,E-18105,feeds
E-18105,FT-18106,upstream-of
FT-18106,PSV-18107,feeds
P-18108,P-18109,downstream-of
FCV-18111,FCV-18112,discharges-to
FCV-18112,LT-18113,upstream-of
LT-18113,FT-18114,upstream-of
TT-18116,P-18117,on-line
P-18117,XV-18118,downstream-of
XV-18119,K-18120,on-line
FCV-18121,PSV-18122,discharges-to
P-18124,P-18125,feeds
P-18125,TT-18126,feeds
TT-18126,XV-18127,feeds
XV-18127,K-18128,upstream-of
PT-18130,FT-18131,upstream-of
FT-18131,P-18132,feeds
P-18133,PSV-18134,discharges-to
K-18137,LT-18138,on-line
LT-18138,E-18139,on-line
E-18139,PT-18140,upstream-of
PT-18140,XV-18141,upstream-of
FT-18142,K-18143,on-line
K-18143,TT-18144,upstream-of
TT-18144,P-18145,on-line
P-18145,P-18146,on-line
XV-18147,XV-18148,feeds
LT-18149,PT-18150,downstream-of
PT-18150,P-18151,discharges-to
P-18151,TT-18152,downstream-of
TT-18152,LT-18153,discharges-to
LT-18153,P-18154,downstream-of
P-18154,PSV-18155,upstream-of
PSV-18155,COL-18156,discharges-to
P-18157,PSV-18158,downstream-of
PSV-18158,P-18159,feeds
P-18159,K-18160,feeds
PSV-18161,FT-18162,feeds
XV-18164,PT-18165,upstream-of
PT-18165,FT-18166,on-line
FT-18166,PT-18167,on-line
PT-18167,PT-18168,discharges-to
PT-18168,P-18169,upstream-of
P-18169,V-18170,discharges-to
V-18170,P-18171,on-line
P-18171,FT-18172,on-line
FT-18172,K-18173,downstream-of
K-18173,V-18174,upstream-of
V-18174,FCV-18175,feeds
PSV-18177,K-18178,feeds
K-18178,PSV-18179,downstream-of
E-18180,LT-18181,downstream-of
LT-18181,COL-18182,on-line
FCV-18185,FCV-18186,on-line
V-18188,P-18189,discharges-to
P-18189,FCV-18190,downstream-of
FCV-18190,LT-18191,discharges-to
LT-18191,P-18192,discharges-to
P-18192,LT-18193,on-line
FT-18194,P-18195,feeds
P-18195,FT-18196,feeds
FT-18197,E-18198,on-line
P-18199,P-18200,feeds
P-18200,LT-18201,upstream-of
LT-18201,E-18202,downstream-of
E-18202,PT-18203,downstream-of
PT-18203,P-18204,upstream-of
P-18204,XV-18205,on-line
P-18206,PSV-18207,discharges-to
P-18208,TT-18209,downstream-of
FT-18210,P-18211,feeds
P-18211,K-18212,upstream-of
K-18212,FCV-18213,downstream-of
P-18214,P-18215,downstream-of
PSV-18216,TT-18217,downstream-of
TT-18217,P-18218,feeds
P-18219,K-18220,upstream-of
K-18220,XV-18221,downstream-of
XV-18221,E-18222,discharges-to
E-18222,LT-18223,on-line
LT-18223,PT-18224,discharges-to
PT-18224,LT-18225,feeds
LT-18225,PT-18226,on-line
PT-18226,P-18227,feeds
P-18227,K-18228,discharges-to
P-18229,TT-18230,upstream-of
E-18231,FT-18232,discharges-to
FT-18232,FCV-18233,upstream-of
FCV-18233,V-18234,upstream-of
V-18234,FCV-18235,discharges-to
FCV-18235,LT-18236,on-line
LT-18236,E-18237,discharges-to
E-18237,K-18238,upstream-of
K-18238,PSV-18239,upstream-of
COL-18240,K-18241,discharges-to
K-18241,COL-18242,feeds
LT-18243,P-18244,upstream-of
P-18244,FCV-18245,discharges-to
FCV-18245,FCV-18246,feeds
FCV-18246,FT-18247,feeds
XV-18249,K-18250,downstream-of
K-18250,E-18251,feeds
E-18251,TT-18252,feeds
K-18255,PT-18256,downstream-of
COL-18257,TT-18258,downstream-of
TT-18258,PT-18259,upstream-of
PT-18259,COL-18260,downstream-of
COL-18260,PT-18261,upstream-of
PT-18261,P-18262,downstream-of
P-18262,LT-18263,downstream-of
K-18264,V-18265,on-line
V-18265,K-18266,downstream-of
P-18267,FCV-18268,discharges-to
FCV-18268,E-18269,discharges-to
PT-18270,PT-18271,feeds
PSV-18273,COL-18274,on-line
COL-18274,E-18275,discharges-to
E-18276,K-18277,downstream-of
K-18277,FCV-18278,discharges-to
FCV-18278,PT-18279,on-line
PT-18279,PSV-18280,downstream-of
PSV-18280,PT-18281,feeds
PT-18281,PT-18282,downstream-of
PT-18282,P-18283,upstream-of
P-18283,FT-18284,feeds
FT-18284,P-18285,upstream-of
P-18287,PSV-18288,upstream-of
PSV-18288,LT-18289,upstream-of
LT-18289,PSV-18290,downstream-of
PSV-18290,TT-18291,discharges-to
P-18293,P-18294,downstream-of
P-18294,XV-18295,downstream-of
XV-18295,COL-18296,on-line
COL-18296,TT-18297,feeds
TT-18297,V-18298,downstream-of
V-18298,LT-18299,discharges-to
LT-18299,PSV-18300,upstream-of
FCV-18305,P-18306,on-line
COL-18308,PSV-18309,on-line
PSV-18309,E-18310,upstream-of
E-18310,PSV-18311,feeds
PSV-18311,TT-18312,on-line
TT-18312,PT-18313,downstream-of
PT-18313,E-18314,upstream-of
E-18314,P-18315,upstream-of
P-18315,PT-18316,feeds
PT-18316,COL-18317,upstream-of
COL-18317,TT-18318,downstream-of
TT-18318,P-18319,discharges-to
TT-18320,P-18321,downstream-of
P-18321,P-18322,upstream-of
P-18322,V-18323,discharges-to
V-18323,P-18324,downstream-of
P-18324,E-18325,downstream-of
PSV-18327,PT-18328,discharges-to
PT-18328,PT-18329,discharges-to
FCV-18330,P-18331,discharges-to
P-18332,V-18333,upstream-of
V-18333,FCV-18334,discharges-to
FCV-18334,K-18335,on-line
K-18335,LT-18336,discharges-to
LT-18336,PT-18337,discharges-to
COL-18338,E-18339,on-line
E-18339,LT-18340,on-line
LT-18340,K-18341,discharges-to
K-18341,P-18342,feeds
FCV-18343,V-18344,discharges-to
V-18344,XV-18345,discharges-to
XV-18345,TT-18346,discharges-to
TT-18346,LT-18347,discharges-to
LT-18347,FT-18348,downstream-of
FT-18348,LT-18349,discharges-to
LT-18349,XV-18350,on-line
FCV-18351,COL-18352,feeds
COL-18352,PT-18353,downstream-of
PT-18353,P-18354,upstream-of
P-18354,PSV-18355,downstream-of
PSV-18355,E-18356,on-line
FCV-18358,TT-18359,downstream-of
P-18360,PSV-18361,downstream-of
PSV-18361,P-18362,discharges-to
P-18362,E-18363,downstream-of
E-18363,FT-18364,downstream-of
FT-18364,FCV-18365,feeds
FCV-18365,V-18366,discharges-to
V-18366,E-18367,on-line
P-18369,FT-18370,discharges-to
FT-18370,FT-18371,on-line
FT-18371,LT-18372,on-line
LT-18372,FCV-18373,on-line
FCV-18373,K-18374,upstream-of
K-18374,LT-18375,upstream-of
LT-18375,V-18376,downstream-of
P-18377,K-18378,downstream-of
K-18378,P-18379,on-line
P-18379,P-18380,discharges-to
P-18380,K-18381,on-line
V-18382,V-18383,feeds
V-18383,FCV-18384,upstream-of
P-18385,E-18386,feeds
E-18386,PSV-18387,downstream-of
PSV-18387,LT-18388,feeds
LT-18388,K-18389,upstream-of
K-18389,COL-18390,downstream-of
XV-18392,LT-18393,on-line
LT-18393,TT-18394,on-line
TT-18394,K-18395,discharges-to
K-18395,FT-18396,downstream-of
FT-18396,COL-18397,upstream-of
COL-18397,COL-18398,feeds
COL-18398,TT-18399,downstream-of
TT-18399,TT-18400,upstream-of
V-18402,V-18403,downstream-of
K-18405,P-18406,on-line
P-18406,V-18407,discharges-to
V-18407,P-18408,discharges-to
P-18408,FT-18409,discharges-to
P-18410,TT-18411,feeds
FT-18412,XV-18413,upstream-of
PT-18414,LT-18415,downstream-of
LT-18415,P-18416,discharges-to
P-18416,K-18417,upstream-of
FT-18418,COL-18419,on-line
COL-18419,LT-18420,on-line
LT-18420,PSV-18421,feeds
PSV-18421,FCV-18422,downstream-of
FCV-18422,TT-18423,downstream-of
TT-18423,K-18424,feeds
P-18425,PSV-18426,downstream-of
PSV-18426,TT-18427,on-line
TT-18427,PSV-18428,feeds
PSV-18428,LT-18429,feeds
LT-18429,V-18430,on-line
V-18430,FT-18431,on-line
PT-18433,P-18434,downstream-of
XV-18435,TT-18436,on-line
FT-18437,COL-18438,on-line
COL-18438,K-18439,on-line
K-18439,PSV-18440,on-line
PSV-18440,TT-18441,discharges-to
P-18442,P-18443,discharges-to
FT-18444,V-18445,upstream-of
V-18445,PSV-18446,feeds
PSV-18446,P-18447,upstream-of
P-18447,PSV-18448,feeds
PSV-18448,PT-18449,discharges-to
PT-18449,P-18450,discharges-to
FT-18451,PT-18452,downstream-of
K-18454,PSV-18455,downstream-of
PSV-18455,FT-18456,upstream-of
FT-18456,V-18457,downstream-of
V-18457,V-18458,on-line
V-18458,P-18459,discharges-to
P-18459,P-18460,feeds
COL-18462,P-18463,discharges-to
P-18463,PSV-18464,upstream-of
PSV-18464,K-18465,feeds
LT-18466,K-18467,feeds
K-18467,COL-18468,upstream-of
COL-18468,FT-18469,discharges-to
PT-18471,PT-18472,on-line
PT-18472,PT-18473,upstream-of
PT-18473,LT-18474,downstream-of
LT-18474,PT-18475,discharges-to
PT-18475,V-18476,upstream-of
V-18476,LT-18477,feeds
LT-18477,FT-18478,upstream-of
P-18481,V-18482,feeds
K-18484,COL-18485,discharges-to
COL-18485,P-18486,upstream-of
P-18486,K-18487,downstream-of
FT-18488,PSV-18489,upstream-of
PSV-18489,XV-18490,downstream-of
XV-18490,V-18491,discharges-to
V-18491,K-18492,downstream-of
K-18492,E-18493,discharges-to
E-18493,FCV-18494,discharges-to
E-18495,P-18496,downstream-of
E-18497,P-18498,feeds
P-18498,LT-18499,on-line
LT-18499,E-18500,on-line
E-18500,PSV-18501,downstream-of
PSV-18501,PT-18502,on-line
PT-18502,FCV-18503,on-line
FCV-18503,PSV-18504,on-line
PSV-18504,PT-18505,on-line
PT-18505,FCV-18506,discharges-to
FCV-18506,P-18507,on-line
P-18507,P-18508,downstream-of
P-18508,COL-18509,feeds
COL-18510,E-18511,downstream-of
E-18511,TT-18512,upstream-of
TT-18512,LT-18513,feeds
COL-18514,FCV-18515,discharges-to
FCV-18515,PT-18516,discharges-to
PT-18516,E-18517,upstream-of
E-18517,COL-18518,on-line
XV-18520,TT-18521,upstream-of
P-18522,K-18523,on-line
FT-18524,FCV-18525,downstream-of
FCV-18525,FT-18526,feeds
XV-18527,XV-18528,feeds
PSV-18529,PSV-18530,on-line
PSV-18530,FCV-18531,feeds
FCV-18531,FCV-18532,feeds
FCV-18533,V-18534,feeds
V-18534,PSV-18535,downstream-of
PSV-18535,V-18536,upstream-of
V-18536,XV-18537,upstream-of
XV-18537,P-18538,downstream-of
P-18538,LT-18539,on-line
LT-18539,LT-18540,upstream-of
LT-18540,K-18541,downstream-of
V-18542,XV-18543,feeds
FCV-18545,P-18546,upstream-of
P-18546,TT-18547,on-line
TT-18547,TT-18548,downstream-of
P-18552,TT-18553,downstream-of
TT-18553,K-18554,upstream-of
K-18554,PT-18555,feeds
P-18557,P-18558,feeds
P-18558,K-18559,downstream-of
K-18559,TT-18560,downstream-of
TT-18560,COL-18561,discharges-to
COL-18561,E-18562,on-line
E-18562,PT-18563,on-line
COL-18564,E-18565,discharges-to
E-18565,LT-18566,upstream-of
LT-18566,FT-18567,discharges-to
TT-18568,P-18569,upstream-of
P-18569,P-18570,feeds
P-18570,LT-18571,feeds
COL-18573,K-18574,upstream-of
COL-18575,PT-18576,discharges-to
PT-18576,K-18577,discharges-to
P-18579,FT-18580,on-line
FT-18580,P-18581,on-line
P-18581,P-18582,on-line
P-18582,LT-18583,feeds
LT-18583,FT-18584,discharges-to
FT-18584,V-18585,discharges-to
V-18585,K-18586,feeds
K-18586,TT-18587,on-line
TT-18587,E-18588,discharges-to
E-18588,P-18589,feeds
COL-18590,V-18591,feeds
LT-18592,P-18593,feeds
XV-18594,COL-18595,on-line
XV-18596,XV-18597,downstream-of
XV-18597,TT-18598,on-line
TT-18598,P-18599,discharges-to
PT-18601,PSV-18602,downstream-of
FT-18604,LT-18605,on-line
LT-18605,FCV-18606,feeds
FCV-18606,PT-18607,downstream-of
COL-18608,TT-18609,on-line
TT-18609,FCV-18610,feeds
LT-18611,P-18612,discharges-to
P-18612,FT-18613,on-line
V-18616,PT-18617,upstream-of
PT-18617,K-18618,upstream-of
COL-18620,PSV-18621,on-line
FCV-18622,V-18623,discharges-to
V-18623,COL-18624,discharges-to
COL-18624,PT-18625,upstream-of
PT-18625,V-18626,upstream-of
V-18626,FCV-18627,upstream-of
FCV-18627,E-18628,discharges-to
V-18629,V-18630,upstream-of
E-18631,E-18632,discharges-to
COL-18633,PT-18634,feeds
K-18635,K-18636,downstream-of
K-18636,PSV-18637,downstream-of
FCV-18638,FCV-18639,downstream-of
FCV-18639,PSV-18640,discharges-to
PSV-18640,PSV-18641,upstream-of
PSV-18641,K-18642,upstream-of
K-18642,FCV-18643,feeds
FCV-18643,COL-18644,feeds
COL-18644,V-18645,discharges-to
V-18645,PT-18646,on-line
PT-18646,E-18647,downstream-of
E-18647,K-18648,upstream-of
K-18648,LT-18649,feeds
LT-18649,P-18650,downstream-of
P-18650,E-18651,upstream-of
E-18651,P-18652,on-line
P-18652,V-18653,on-line
V-18653,P-18654,discharges-to
P-18654,LT-18655,discharges-to
LT-18655,PSV-18656,upstream-of
PSV-18656,P-18657,on-line
P-18657,TT-18658,feeds
PT-18660,LT-18661,feeds
LT-18661,XV-18662,feeds
TT-18664,V-18665,downstream-of
V-18665,FT-18666,downstream-of
K-18668,TT-18669,downstream-of
TT-18669,E-18670,on-line
E-18670,E-18671,discharges-to
E-18671,FCV-18672,downstream-of
FCV-18672,K-18673,feeds
K-18673,COL-18674,downstream-of
K-18675,LT-18676,feeds
LT-18676,TT-18677,discharges-to
TT-18677,PT-18678,on-line
PT-18678,V-18679,discharges-to
P-18680,LT-18681,discharges-to
LT-18681,FT-18682,downstream-of
FT-18682,LT-18683,on-line
LT-18683,P-18684,feeds
P-18684,K-18685,on-line
K-18685,E-18686,discharges-to
P-18687,V-18688,on-line
LT-18689,P-18690,on-line
P-18690,PSV-18691,downstream-of
PSV-18691,COL-18692,discharges-to
PSV-18693,FCV-18694,downstream-of
FCV-18694,V-18695,upstream-of
FCV-18696,P-18697,upstream-of
P-18697,PSV-18698,discharges-to
PSV-18698,P-18699,downstream-of
XV-18700,TT-18701,on-line
TT-18701,V-18702,on-line
V-18702,E-18703,downstream-of
E-18703,PSV-18704,on-line
PSV-18704,V-18705,upstream-of
V-18705,P-18706,discharges-to
K-18707,FT-18708,downstream-of
XV-18709,XV-18710,downstream-of
XV-18710,COL-18711,discharges-to
P-18712,P-18713,upstream-of
PT-18715,E-18716,feeds
E-18716,PSV-18717,feeds
PSV-18717,PT-18718,upstream-of
K-18719,E-18720,on-line
E-18720,E-18721,feeds
E-18721,XV-18722,on-line
XV-18722,COL-18723,feeds
E-18724,TT-18725,feeds
TT-18725,FCV-18726,upstream-of
FCV-18726,LT-18727,upstream-of
LT-18727,P-18728,downstream-of
P-18728,K-18729,feeds
E-18731,XV-18732,discharges-to
XV-18732,E-18733,downstream-of
E-18733,P-18734,discharges-to
P-18735,PT-18736,feeds
PT-18736,PSV-18737,discharges-to
PSV-18737,K-18738,on-line
K-18738,TT-18739,upstream-of
TT-18739,PSV-18740,feeds
PSV-18740,XV-18741,on-line
LT-18742,V-18743,discharges-to
V-18743,PT-18744,downstream-of
PT-18744,K-18745,on-line
K-18745,K-18746,discharges-to
K-18746,XV-18747,feeds
XV-18747,TT-18748,feeds
TT-18748,K-18749,upstream-of
K-18749,P-18750,upstream-of
FT-18751,E-18752,upstream-of
E-18752,P-18753,upstream-of
P-18753,XV-18754,downstream-of
XV-18754,PSV-18755,downstream-of
P-18756,K-18757,on-line
K-18757,LT-18758,upstream-of
K-18760,XV-18761,on-line
COL-18762,LT-18763,discharges-to
PT-18764,XV-18765,discharges-to
XV-18765,TT-18766,discharges-to
TT-18766,XV-18767,downstream-of
COL-18768,FT-18769,upstream-of
FT-18769,PSV-18770,discharges-to
PSV-18770,PT-18771,upstream-of
PT-18771,V-18772,feeds
V-18772,V-18773,downstream-of
PT-18774,E-18775,feeds
E-18775,FCV-18776,upstream-of
LT-18777,E-18778,downstream-of
E-18778,XV-18779,upstream-of
XV-18779,FT-18780,discharges-to
FT-18780,TT-18781,discharges-to
TT-18781,PSV-18782,upstream-of
LT-18783,P-18784,upstream-of
P-18784,TT-18785,discharges-to
TT-18785,PSV-18786,on-line
PSV-18786,PT-18787,downstream-of
FCV-18788,V-18789,downstream-of
XV-18790,P-18791,downstream-of
P-18792,V-18793,feeds
V-18793,COL-18794,on-line
COL-18794,V-18795,downstream-of
V-18795,V-18796,discharges-to
E-18798,COL-18799,downstream-of
LT-18800,FT-18801,feeds
FT-18801,P-18802,downstream-of
PT-18803,COL-18804,upstream-of
COL-18804,FT-18805,discharges-to
FT-18805,V-18806,on-line
V-18806,P-18807,upstream-of
P-18807,K-18808,feeds
FCV-18809,FT-18810,upstream-of
FT-18810,TT-18811,discharges-to
TT-18811,LT-18812,upstream-of
LT-18812,FT-18813,on-line
FT-18813,V-18814,upstream-of
FT-18815,K-18816,feeds
K-18816,COL-18817,on-line
COL-18817,K-18818,discharges-to
K-18818,V-18819,feeds
PSV-18820,COL-18821,discharges-to
V-18822,E-18823,feeds
V-18825,E-18826,feeds
E-18827,FCV-18828,discharges-to
P-18830,COL-18831,downstream-of
P-18832,LT-18833,on-line
LT-18833,PT-18834,discharges-to
PT-18834,LT-18835,feeds
LT-18835,E-18836,downstream-of
E-18836,V-18837,downstream-of
V-18837,K-18838,on-line
K-18838,LT-18839,on-line
LT-18839,PT-18840,downstream-of
PT-18840,XV-18841,upstream-of
XV-18841,P-18842,on-line
P-18842,LT-18843,discharges-to
LT-18843,FT-18844,feeds
FT-18844,V-18845,on-line
TT-18846,K-18847,on-line
K-18847,LT-18848,downstream-of
LT-18848,FCV-18849,discharges-to
FCV-18849,LT-18850,downstream-of
PT-18851,E-18852,on-line
E-18852,FCV-18853,downstream-of
COL-18854,P-18855,discharges-to
PSV-18856,K-18857,downstream-of
K-18857,XV-18858,discharges-to
XV-18858,LT-18859,discharges-to
TT-18861,PT-18862,downstream-of
V-18864,PT-18865,on-line
PT-18865,V-18866,discharges-to
V-18866,TT-18867,upstream-of
TT-18867,FCV-18868,discharges-to
FCV-18868,PSV-18869,feeds
PSV-18869,COL-18870,on-line
COL-18870,LT-18871,upstream-of
XV-18873,PSV-18874,on-line
PSV-18874,PT-18875,discharges-to
PT-18875,V-18876,feeds
V-18876,TT-18877,upstream-of
TT-18877,E-18878,discharges-to
E-18878,P-18879,downstream-of
K-18880,K-18881,feeds
K-18881,K-18882,feeds
E-18883,K-18884,discharges-to
K-18884,FT-18885,upstream-of
P-18886,FCV-18887,discharges-to
FCV-18887,FT-18888,feeds
FT-18888,PT-18889,downstream-of
PT-18889,P-18890,feeds
P-18890,XV-18891,feeds
PSV-18893,TT-18894,feeds
TT-18894,K-18895,upstream-of
K-18895,P-18896,feeds
FCV-18898,K-18899,on-line
K-18900,E-18901,discharges-to
E-18901,PT-18902,downstream-of
FT-18907,LT-18908,feeds
P-18910,P-18911,feeds
E-18914,K-18915,upstream-of
P-18916,E-18917,downstream-of
E-18917,TT-18918,downstream-of
TT-18918,P-18919,on-line
P-18919,PSV-18920,downstream-of
PSV-18920,FCV-18921,upstream-of
FCV-18921,LT-18922,discharges-to
LT-18922,P-18923,upstream-of
P-18923,FT-18924,feeds
FT-18924,P-18925,upstream-of
P-18926,TT-18927,on-line
TT-18927,V-18928,downstream-of
PSV-18929,K-18930,on-line
COL-18931,FCV-18932,discharges-to
FCV-18932,FCV-18933,discharges-to
FCV-18933,K-18934,feeds
K-18934,XV-18935,downstream-of
XV-18936,E-18937,on-line
E-18937,E-18938,downstream-of
E-18938,COL-18939,feeds
K-18940,FCV-18941,on-line
FCV-18941,P-18942,upstream-of
P-18942,K-18943,on-line
K-18943,E-18944,feeds
E-18944,V-18945,upstream-of
V-18945,FCV-18946,on-line
V-18947,XV-18948,downstream-of
XV-18948,PT-18949,discharges-to
PT-18949,P-18950,upstream-of
PT-18952,P-18953,upstream-of
FCV-18955,PT-18956,discharges-to
PT-18956,TT-18957,feeds
TT-18957,COL-18958,upstream-of
COL-18958,LT-18959,upstream-of
FCV-18960,P-18961,upstream-of
P-18961,PT-18962,feeds
PT-18962,FCV-18963,downstream-of
P-18964,LT-18965,upstream-of
LT-18965,P-18966,discharges-to
P-18968,K-18969,discharges-to
K-18969,XV-18970,feeds
XV-18970,FCV-18971,on-line
E-18974,V-18975,feeds
PSV-18976,PT-18977,downstream-of
PT-18977,P-18978,upstream-of
P-18978,P-18979,upstream-of
P-18979,P-18980,discharges-to
P-18980,E-18981,discharges-to
LT-18983,XV-18984,feeds
XV-18984,FCV-18985,on-line
LT-18986,PT-18987,discharges-to
PT-18987,PSV-18988,downstream-of
PT-18990,LT-18991,discharges-to
P-18992,FCV-18993,downstream-of
FCV-18993,K-18994,upstream-of
K-18994,XV-18995,upstream-of
XV-18995,V-18996,upstream-of
V-18996,V-18997,on-line
V-18997,TT-18998,on-line
TT-18998,XV-18999,downstream-of
XV-18999,XV-19000,feeds
P-19003,K-19004,feeds
K-19004,FT-19005,upstream-of
FT-19005,K-19006,discharges-to
K-19006,PSV-19007,feeds
PSV-19007,V-19008,feeds
P-19009,P-19010,on-line
P-19010,COL-19011,discharges-to
COL-19011,PSV-19012,on-line
V-19013,P-19014,feeds
P-19014,V-19015,discharges-to
V-19015,V-19016,upstream-of
V-19016,E-19017,upstream-of
E-19017,K-19018,discharges-to
PSV-19019,TT-19020,discharges-to
TT-19020,V-19021,upstream-of
E-19022,LT-19023,discharges-to
LT-19023,LT-19024,on-line
K-19026,PSV-19027,upstream-of
PSV-19028,K-19029,on-line
K-19029,V-19030,upstream-of
V-19030,P-19031,discharges-to
P-19031,FT-19032,on-line
K-19033,P-19034,upstream-of
PSV-19035,K-19036,downstream-of
K-19036,FT-19037,on-line
FT-19037,FT-19038,upstream-of
FT-19039,FCV-19040,feeds
FCV-19040,TT-19041,downstream-of
TT-19041,XV-19042,discharges-to
XV-19042,E-19043,downstream-of
E-19043,E-19044,downstream-of
FCV-19045,PSV-19046,on-line
K-19047,PT-19048,downstream-of
PT-19048,COL-19049,discharges-to
COL-19049,LT-19050,feeds
LT-19050,P-19051,on-line
P-19051,TT-19052,downstream-of
K-19055,XV-19056,feeds
XV-19056,COL-19057,downstream-of
COL-19057,PT-19058,feeds
PT-19058,TT-19059,upstream-of
P-19060,K-19061,upstream-of
K-19061,COL-19062,feeds
COL-19062,COL-19063,upstream-of
FT-19065,FCV-19066,feeds
FCV-19066,FCV-19067,discharges-to
XV-19069,FT-19070,feeds
FT-19070,P-19071,feeds
P-19071,COL-19072,downstream-of
TT-19073,E-19074,upstream-of
E-19074,FT-19075,on-line
FT-19075,PSV-19076,upstream-of
PSV-19076,TT-19077,feeds
TT-19077,E-19078,downstream-of
P-19079,V-19080,on-line
V-19080,K-19081,downstream-of
K-19081,P-19082,discharges-to
E-19083,PSV-19084,feeds
PSV-19084,P-19085,discharges-to
P-19085,COL-19086,upstream-of
COL-19086,K-19087,discharges-to
K-19087,FCV-19088,discharges-to
FCV-19088,PT-19089,upstream-of
K-19091,FCV-19092,upstream-of
FCV-19092,FCV-19093,downstream-of
FCV-19093,V-19094,discharges-to
V-19094,V-19095,discharges-to
P-19096,P-19097,downstream-of
P-19097,V-19098,upstream-of
V-19098,K-19099,downstream-of
K-19099,XV-19100,feeds
E-19101,P-19102,downstream-of
P-19102,LT-19103,upstream-of
LT-19103,K-19104,on-line
K-19104,FCV-19105,discharges-to
FCV-19105,K-19106,discharges-to
V-19107,PT-19108,discharges-to
K-19109,K-19110,upstream-of
P-19111,K-19112,upstream-of
K-19112,FT-19113,downstream-of
FT-19113,COL-19114,on-line
P-19115,K-19116,downstream-of
K-19116,E-19117,upstream-of
E-19117,FCV-19118,discharges-to
PT-19120,P-19121,downstream-of
P-19121,TT-19122,discharges-to
TT-19122,LT-19123,on-line
LT-19123,P-19124,discharges-to
P-19124,P-19125,upstream-of
P-19125,LT-19126,discharges-to
LT-19126,P-19127,upstream-of
P-19127,TT-19128,feeds
TT-19128,K-19129,upstream-of
K-19129,FCV-19130,upstream-of
FCV-19130,P-19131,discharges-to
P-19131,FT-19132,discharges-to
P-19133,P-19134,downstream-of
LT-19135,PSV-19136,on-line
PSV-19136,LT-19137,discharges-to
PT-19138,P-19139,downstream-of
P-19139,XV-19140,upstream-of
XV-19140,K-19141,discharges-to
K-19141,E-19142,feeds
E-19142,FT-19143,discharges-to
PT-19145,FT-19146,upstream-of
FT-19146,LT-19147,feeds
P-19148,K-19149,feeds
K-19149,V-19150,feeds
V-19150,K-19151,downstream-of
K-19151,PSV-19152,feeds
FCV-19153,V-19154,feeds
FT-19156,XV-19157,upstream-of
XV-19157,P-19158,upstream-of
P-19160,TT-19161,feeds
FCV-19162,V-19163,on-line
V-19163,XV-19164,discharges-to
XV-19164,K-19165,upstream-of
K-19165,TT-19166,downstream-of
TT-19166,LT-19167,on-line
P-19168,P-19169,feeds
P-19169,PSV-19170,on-line
PSV-19170,TT-19171,upstream-of
FT-19172,PSV-19173,upstream-of
PSV-19173,XV-19174,upstream-of
P-19175,COL-19176,on-line
COL-19176,COL-19177,feeds
COL-19177,COL-19178,upstream-of
COL-19178,XV-19179,upstream-of
PSV-19180,XV-19181,upstream-of
XV-19181,PSV-19182,on-line
LT-19183,P-19184,feeds
P-19184,P-19185,on-line
P-19185,FT-19186,feeds
FT-19186,TT-19187,on-line
TT-19187,P-19188,on-line
P-19188,LT-19189,upstream-of
LT-19189,P-19190,on-line
P-19190,XV-19191,upstream-of
P-19192,COL-19193,discharges-to
COL-19193,XV-19194,on-line
XV-19194,P-19195,feeds
P-19195,K-19196,discharges-to
K-19196,P-19197,downstream-of
PT-19198,P-19199,upstream-of
P-19199,PSV-19200,upstream-of
PSV-19200,PSV-19201,upstream-of
PSV-19201,E-19202,feeds
E-19202,V-19203,upstream-of
V-19203,P-19204,upstream-of
P-19205,XV-19206,discharges-to
V-19207,COL-19208,on-line
COL-19208,FT-19209,discharges-to
XV-19211,K-19212,feeds
K-19212,K-19213,discharges-to
K-19213,FCV-19214,discharges-to
FCV-19214,FCV-19215,downstream-of
FCV-19215,XV-19216,on-line
PT-19220,K-19221,on-line
K-19221,E-19222,feeds
E-19222,FT-19223,on-line
FT-19223,V-19224,downstream-of
V-19224,XV-19225,discharges-to
XV-19225,P-19226,upstream-of
P-19226,LT-19227,feeds
LT-19227,PSV-19228,on-line
P-19230,P-19231,on-line
P-19231,FT-19232,upstream-of
FT-19232,P-19233,downstream-of
P-19233,E-19234,feeds
E-19234,XV-19235,feeds
XV-19235,PT-19236,downstream-of
PT-19236,LT-19237,feeds
LT-19237,V-19238,downstream-of
V-19238,V-19239,on-line
V-19239,PT-19240,feeds
FCV-19241,PT-19242,discharges-to
PT-19242,FT-19243,downstream-of
FT-19243,K-19244,downstream-of
K-19244,PSV-19245,upstream-of
PSV-19245,COL-19246,upstream-of
COL-19246,XV-19247,on-line
XV-19247,COL-19248,upstream-of
V-19252,LT-19253,upstream-of
LT-19253,PT-19254,feeds
FT-19255,P-19256,discharges-to
P-19256,V-19257,downstream-of
V-19257,COL-19258,discharges-to
COL-19258,LT-19259,downstream-of
XV-19260,COL-19261,discharges-to
COL-19261,E-19262,discharges-to
E-19262,FCV-19263,upstream-of
FCV-19263,E-19264,downstream-of
E-19264,XV-19265,discharges-to
XV-19265,V-19266,upstream-of
V-19266,TT-19267,feeds
TT-19267,V-19268,upstream-of
V-19268,COL-19269,discharges-to
COL-19269,FCV-19270,on-line
FCV-19270,FT-19271,downstream-of
FCV-19273,E-19274,discharges-to
E-19274,XV-19275,on-line
XV-19275,LT-19276,on-line
FT-19277,COL-19278,downstream-of
COL-19278,PSV-19279,downstream-of
PSV-19279,PSV-19280,discharges-to
PSV-19281,P-19282,feeds
P-19284,PSV-19285,on-line
PT-19286,LT-19287,upstream-of
LT-19287,E-19288,downstream-of
E-19288,P-19289,on-line
P-19289,XV-19290,on-line
XV-19290,TT-19291,feeds
P-19292,V-19293,on-line
V-19293,V-19294,downstream-of
V-19294,FCV-19295,upstream-of
FCV-19295,P-19296,feeds
P-19296,XV-19297,discharges-to
XV-19297,XV-19298,feeds
XV-19298,XV-19299,feeds
COL-19300,K-19301,discharges-to
K-19301,XV-19302,downstream-of
XV-19302,P-19303,downstream-of
LT-19305,K-19306,discharges-to
K-19306,TT-19307,downstream-of
COL-19308,FT-19309,upstream-of
FT-19309,LT-19310,feeds
LT-19310,COL-19311,feeds
COL-19311,P-19312,discharges-to
P-19312,P-19313,upstream-of
P-19313,LT-19314,feeds
LT-19314,V-19315,discharges-to
V-19315,TT-19316,downstream-of
E-19317,V-19318,downstream-of
V-19318,P-19319,on-line
FCV-19321,K-19322,upstream-of
K-19322,FT-19323,discharges-to
FT-19323,FT-19324,downstream-of
FT-19324,XV-19325,feeds
FT-19326,V-19327,downstream-of
V-19327,XV-19328,on-line
XV-19328,PT-19329,feeds
K-19330,PT-19331,feeds
PSV-19334,XV-19335,discharges-to
XV-19335,XV-19336,feeds
XV-19336,TT-19337,feeds
TT-19337,TT-19338,downstream-of
PSV-19344,P-19345,discharges-to
P-19345,V-19346,upstream-of
V-19346,K-19347,upstream-of
P-19351,TT-19352,downstream-of
P-19353,FCV-19354,feeds
FCV-19354,PSV-19355,feeds
PSV-19355,TT-19356,on-line
TT-19356,V-19357,downstream-of
V-19357,PSV-19358,discharges-to
PSV-19358,PSV-19359,downstream-of
P-19363,TT-19364,downstream-of
FCV-19366,COL-19367,downstream-of
COL-19367,PT-19368,on-line
PT-19368,V-19369,feeds
PT-19370,COL-19371,feeds
XV-19372,COL-19373,discharges-to
COL-19373,P-19374,on-line
P-19374,E-19375,discharges-to
E-19375,V-19376,on-line
V-19376,P-19377,discharges-to
P-19377,K-19378,feeds
K-19378,P-19379,upstream-of
P-19379,V-19380,discharges-to
V-19380,P-19381,downstream-of
P-19381,P-19382,upstream-of
P-19382,P-19383,downstream-of
FT-19385,COL-19386,feeds
COL-19386,LT-19387,upstream-of
COL-19388,E-19389,feeds
E-19389,FT-19390,on-line
XV-19393,TT-19394,discharges-to
TT-19394,FCV-19395,downstream-of
FCV-19395,FCV-19396,downstream-of
FCV-19396,FT-19397,upstream-of
FT-19397,E-19398,feeds
E-19398,LT-19399,upstream-of
LT-19399,P-19400,upstream-of
P-19400,PT-19401,downstream-of
PT-19401,FCV-19402,feeds
LT-19404,LT-19405,upstream-of
LT-19405,COL-19406,feeds
COL-19406,PSV-19407,upstream-of
PSV-19407,E-19408,discharges-to
E-19408,V-19409,feeds
V-19409,LT-19410,discharges-to
LT-19410,P-19411,downstream-of
P-19411,XV-19412,downstream-of
XV-19412,PT-19413,on-line
XV-19415,P-19416,on-line
P-19416,K-19417,discharges-to
K-19417,PT-19418,upstream-of
PT-19418,E-19419,on-line
P-19421,K-19422,upstream-of
K-19422,FCV-19423,upstream-of
FCV-19423,PT-19424,discharges-to
PT-19424,P-19425,discharges-to
P-19425,COL-19426,downstream-of
COL-19426,P-19427,discharges-to
XV-19428,PT-19429,on-line
PT-19429,P-19430,downstream-of
P-19431,P-19432,downstream-of
P-19432,PT-19433,upstream-of
PT-19433,PSV-19434,feeds
V-19435,TT-19436,downstream-of
FCV-19437,TT-19438,downstream-of
TT-19438,V-19439,feeds
V-19439,XV-19440,downstream-of
XV-19440,K-19441,feeds
LT-19442,PSV-19443,on-line
PSV-19443,LT-19444,downstream-of
LT-19444,P-19445,on-line
P-19445,LT-19446,on-line
LT-19446,FCV-19447,upstream-of
FCV-19447,PSV-19448,on-line
FCV-19449,COL-19450,on-line
COL-19450,XV-19451,discharges-to
XV-19451,LT-19452,downstream-of
LT-19452,LT-19453,on-line
TT-19454,FCV-19455,discharges-to
TT-19456,TT-19457,discharges-to
TT-19457,TT-19458,upstream-of
V-19460,K-19461,on-line
K-19461,LT-19462,upstream-of
FT-19464,FCV-19465,discharges-to
FCV-19465,K-19466,downstream-of
K-19466,K-19467,discharges-to
K-19467,COL-19468,on-line
COL-19468,FCV-19469,feeds
FCV-19469,PSV-19470,downstream-of
PSV-19470,PT-19471,feeds
PT-19471,FCV-19472,on-line
FCV-19472,FCV-19473,discharges-to
FCV-19473,P-19474,upstream-of
LT-19475,K-19476,on-line
K-19476,TT-19477,downstream-of
TT-19477,XV-19478,downstream-of
XV-19478,P-19479,downstream-of
P-19479,V-19480,upstream-of
V-19480,E-19481,upstream-of
E-19481,FCV-19482,feeds
FCV-19482,FT-19483,on-line
V-19484,E-19485,on-line
LT-19486,P-19487,discharges-to
P-19487,LT-19488,upstream-of
LT-19488,PSV-19489,discharges-to
PSV-19489,FT-19490,downstream-of
FT-19490,P-19491,downstream-of
TT-19493,XV-19494,downstream-of
PSV-19497,FCV-19498,downstream-of
FT-19499,TT-19500,upstream-of
TT-19501,E-19502,downstream-of
E-19502,FCV-19503,feeds
PSV-19504,K-19505,feeds
V-19508,K-19509,downstream-of
K-19509,V-19510,feeds
V-19510,LT-19511,feeds
LT-19511,P-19512,downstream-of
TT-19515,P-19516,on-line
LT-19517,E-19518,upstream-of
XV-19520,XV-19521,feeds
XV-19521,LT-19522,downstream-of
XV-19525,PSV-19526,downstream-of
P-19528,TT-19529,on-line
TT-19529,COL-19530,discharges-to
COL-19530,K-19531,upstream-of
K-19531,PT-19532,upstream-of
TT-19533,PSV-19534,discharges-to
PSV-19534,P-19535,discharges-to
P-19535,FCV-19536,upstream-of
FCV-19536,P-19537,feeds
PSV-19540,K-19541,downstream-of
PT-19542,LT-19543,discharges-to
FCV-19544,XV-19545,downstream-of
XV-19545,FCV-19546,feeds
FCV-19546,E-19547,feeds
E-19547,COL-19548,feeds
COL-19548,FCV-19549,downstream-of
PSV-19550,V-19551,downstream-of
V-19551,PSV-19552,on-line
PSV-19552,P-19553,feeds
P-19553,PSV-19554,discharges-to
PSV-19554,COL-19555,feeds
COL-19555,K-19556,discharges-to
K-19556,P-19557,feeds
P-19557,PT-19558,on-line
PT-19558,P-19559,downstream-of
FCV-19560,V-19561,discharges-to
V-19561,P-19562,upstream-of
P-19562,FCV-19563,discharges-to
FCV-19563,PT-19564,on-line
PSV-19565,FT-19566,upstream-of
E-19569,LT-19570,discharges-to
P-19571,E-19572,feeds
E-19572,K-19573,discharges-to
K-19574,XV-19575,feeds
XV-19575,FCV-19576,upstream-of
FCV-19576,LT-19577,feeds
TT-19581,FT-19582,on-line
FT-19582,TT-19583,discharges-to
TT-19583,PSV-19584,on-line
K-19585,E-19586,feeds
E-19586,PT-19587,discharges-to
PT-19588,P-19589,upstream-of
LT-19590,FT-19591,feeds
FT-19591,FCV-19592,discharges-to
FCV-19592,V-19593,upstream-of
XV-19594,V-19595,on-line
V-19595,K-19596,upstream-of
K-19597,P-19598,feeds
P-19598,COL-19599,feeds
COL-19599,FT-19600,downstream-of
FT-19600,PT-19601,on-line
PT-19601,PSV-19602,discharges-to
PSV-19602,PT-19603,downstream-of
PT-19603,PT-19604,on-line
PT-19604,V-19605,feeds
V-19605,FT-19606,feeds
FT-19606,V-19607,on-line
FCV-19608,LT-19609,downstream-of
LT-19609,E-19610,on-line
E-19612,E-19613,downstream-of
E-19613,PT-19614,downstream-of
PT-19614,XV-19615,downstream-of
LT-19616,E-19617,discharges-to
E-19617,PT-19618,feeds
PT-19618,XV-19619,feeds
XV-19619,FCV-19620,feeds
FCV-19620,P-19621,on-line
PT-19624,LT-19625,discharges-to
LT-19625,P-19626,discharges-to
P-19626,TT-19627,on-line
TT-19627,PT-19628,feeds
PT-19628,V-19629,discharges-to
V-19629,XV-19630,downstream-of
FT-19631,P-19632,on-line
V-19634,PSV-19635,downstream-of
FCV-19638,P-19639,feeds
P-19639,K-19640,on-line
K-19640,P-19641,upstream-of
P-19641,LT-19642,on-line
LT-19642,K-19643,on-line
K-19643,PSV-19644,on-line
K-19646,V-19647,feeds
V-19647,K-19648,feeds
K-19648,P-19649,downstream-of
P-19649,P-19650,discharges-to
P-19650,COL-19651,feeds
COL-19651,V-19652,upstream-of
V-19652,PT-19653,discharges-to
PT-19653,FT-19654,downstream-of
PSV-19655,P-19656,on-line
P-19656,PT-19657,feeds
COL-19659,E-19660,feeds
E-19660,COL-19661,on-line
COL-19661,TT-19662,feeds
TT-19662,COL-19663,upstream-of
COL-19663,FCV-19664,feeds
TT-19665,PSV-19666,on-line
PSV-19666,COL-19667,on-line
COL-19667,E-19668,discharges-to
E-19668,XV-19669,upstream-of
XV-19669,LT-19670,downstream-of
LT-19670,K-19671,discharges-to
K-19671,FT-19672,upstream-of
FT-19672,E-19673,discharges-to
FT-19678,E-19679,upstream-of
E-19679,V-19680,upstream-of
FCV-19681,COL-19682,feeds
COL-19682,K-19683,on-line
LT-19684,V-19685,downstream-of
V-19685,COL-19686,downstream-of
COL-19686,PSV-19687,on-line
PSV-19687,P-19688,on-line
COL-19689,PT-19690,discharges-to
PT-19690,FT-19691,discharges-to
V-19692,TT-19693,upstream-of
TT-19693,LT-19694,discharges-to
LT-19694,COL-19695,on-line
COL-19695,P-19696,downstream-of
FCV-19699,XV-19700,feeds
XV-19700,P-19701,discharges-to
P-19701,E-19702,feeds
E-19702,V-19703,downstream-of
V-19703,PT-19704,discharges-to
LT-19706,FCV-19707,discharges-to
FCV-19707,P-19708,on-line
P-19708,FT-19709,feeds
PSV-19710,LT-19711,upstream-of
LT-19711,PSV-19712,downstream-of
LT-19713,PSV-19714,upstream-of
PSV-19714,TT-19715,feeds
TT-19715,E-19716,feeds
E-19716,PSV-19717,on-line
K-19718,V-19719,on-line
V-19719,FCV-19720,upstream-of
K-19722,FT-19723,downstream-of
FT-19723,FT-19724,on-line
FT-19724,PSV-19725,downstream-of
PSV-19725,FT-19726,feeds
V-19727,P-19728,on-line
P-19728,PT-19729,feeds
PT-19729,P-19730,discharges-to
P-19730,XV-19731,upstream-of
XV-19731,PT-19732,discharges-to
XV-19733,COL-19734,feeds
COL-19734,P-19735,on-line
P-19735,LT-19736,upstream-of
LT-19736,P-19737,discharges-to
P-19737,TT-19738,feeds
TT-19738,E-19739,discharges-to
E-19739,P-19740,feeds
P-19740,PSV-19741,feeds
PSV-19741,V-19742,on-line
V-19742,E-19743,discharges-to
TT-19745,LT-19746,upstream-of
LT-19751,P-19752,downstream-of
FCV-19753,TT-19754,feeds
TT-19754,COL-19755,downstream-of
COL-19755,COL-19756,downstream-of
PT-19757,V-19758,upstream-of
V-19758,E-19759,upstream-of
P-19760,P-19761,downstream-of
P-19761,PT-19762,upstream-of
PT-19762,FCV-19763,downstream-of
FCV-19763,PSV-19764,on-line
P-19765,FCV-19766,discharges-to
P-19767,E-19768,discharges-to
E-19768,LT-19769,discharges-to
LT-19770,XV-19771,on-line
XV-19772,FCV-19773,upstream-of
FCV-19773,LT-19774,discharges-to
LT-19774,E-19775,upstream-of
P-19777,LT-19778,discharges-to
K-19779,FT-19780,on-line
FT-19780,FCV-19781,upstream-of
E-19782,FCV-19783,feeds
FCV-19783,E-19784,discharges-to
P-19785,E-19786,feeds
LT-19787,LT-19788,downstream-of
LT-19788,FT-19789,discharges-to
FT-19789,V-19790,discharges-to
V-19790,FCV-19791,downstream-of
V-19792,XV-19793,downstream-of
V-19794,TT-19795,downstream-of
TT-19795,FT-19796,on-line
FT-19796,E-19797,feeds
E-19797,FCV-19798,upstream-of
FCV-19798,P-19799,discharges-to
P-19799,P-19800,on-line
XV-19801,P-19802,feeds
P-19803,PT-19804,discharges-to
FT-19805,FCV-19806,upstream-of
FCV-19806,LT-19807,feeds
LT-19807,V-19808,on-line
V-19808,TT-19809,downstream-of
TT-19809,PT-19810,downstream-of
PT-19810,TT-19811,discharges-to
P-19813,PT-19814,upstream-of
E-19815,V-19816,downstream-of
P-19817,COL-19818,discharges-to
COL-19818,PT-19819,upstream-of
PT-19819,P-19820,feeds
P-19820,FCV-19821,on-line
FCV-19822,PSV-19823,upstream-of
V-19824,P-19825,on-line
V-19826,XV-19827,discharges-to
XV-19827,COL-19828,upstream-of
COL-19828,PT-19829,discharges-to
PT-19829,PT-19830,feeds
PT-19830,PSV-19831,feeds
PSV-19831,PT-19832,downstream-of
PT-19832,V-19833,feeds
V-19833,P-19834,downstream-of
P-19834,P-19835,on-line
P-19835,V-19836,on-line
V-19836,E-19837,downstream-of
E-19837,PT-19838,upstream-of
PT-19838,E-19839,downstream-of
E-19839,TT-19840,feeds
TT-19840,E-19841,upstream-of
E-19841,V-19842,on-line
V-19842,FT-19843,discharges-to
FT-19843,V-19844,discharges-to
V-19844,PT-19845,upstream-of
PT-19845,K-19846,downstream-of
K-19846,FCV-19847,upstream-of
K-19848,XV-19849,upstream-of
XV-19849,PSV-19850,downstream-of
COL-19856,K-19857,feeds
K-19857,V-19858,discharges-to
E-19860,E-19861,downstream-of
E-19861,COL-19862,on-line
COL-19862,FCV-19863,upstream-of
FCV-19863,XV-19864,downstream-of
XV-19864,FT-19865,feeds
P-19866,PT-19867,upstream-of
PT-19867,P-19868,feeds
P-19868,P-19869,downstream-of
P-19869,E-19870,feeds
E-19870,COL-19871,upstream-of
K-19873,COL-19874,downstream-of
COL-19874,E-19875,downstream-of
FCV-19876,TT-19877,upstream-of
TT-19877,P-19878,upstream-of
P-19878,LT-19879,on-line
LT-19879,P-19880,discharges-to
P-19882,LT-19883,on-line
E-19885,FT-19886,discharges-to
FT-19886,TT-19887,upstream-of
TT-19887,V-19888,downstream-of
V-19888,P-19889,upstream-of
P-19889,XV-19890,on-line
TT-19891,COL-19892,discharges-to
COL-19892,K-19893,discharges-to
K-19893,V-19894,feeds
V-19894,K-19895,feeds
K-19895,COL-19896,upstream-of
COL-19896,E-19897,upstream-of
PT-19898,E-19899,feeds
E-19899,E-19900,upstream-of
P-19901,K-19902,discharges-to
P-19903,E-19904,downstream-of
E-19904,XV-19905,discharges-to
XV-19905,P-19906,on-line
XV-19907,P-19908,feeds
FCV-19909,FT-19910,downstream-of
FT-19910,FT-19911,feeds
V-19912,PT-19913,downstream-of
PT-19913,P-19914,upstream-of
P-19914,FCV-19915,downstream-of
FCV-19915,LT-19916,feeds
LT-19916,V-19917,downstream-of
V-19917,XV-19918,feeds
XV-19918,FCV-19919,on-line
FCV-19919,PT-19920,discharges-to
PT-19920,P-19921,downstream-of
P-19921,LT-19922,downstream-of
LT-19922,COL-19923,feeds
FCV-19924,PT-19925,on-line
PT-19925,P-19926,downstream-of
P-19927,COL-19928,downstream-of
COL-19928,P-19929,discharges-to
PT-19930,P-19931,discharges-to
P-19931,P-19932,discharges-to
P-19932,P-19933,on-line
FT-19935,V-19936,on-line
V-19936,PT-19937,discharges-to
E-19938,P-19939,downstream-of
P-19939,P-19940,downstream-of
P-19940,LT-19941,upstream-of
LT-19941,E-19942,upstream-of
E-19942,E-19943,downstream-of
COL-19944,FT-19945,discharges-to
FT-19945,PSV-19946,upstream-of
PSV-19946,COL-19947,discharges-to
COL-19947,XV-19948,discharges-to
XV-19948,XV-19949,discharges-to
P-19950,COL-19951,discharges-to
PSV-19952,LT-19953,downstream-of
P-19954,E-19955,downstream-of
E-19955,FCV-19956,discharges-to
E-19957,P-19958,discharges-to
PT-19959,P-19960,discharges-to
P-19960,TT-19961,downstream-of
PSV-19964,K-19965,downstream-of
K-19965,E-19966,on-line
E-19966,LT-19967,downstream-of
LT-19967,P-19968,downstream-of
P-19968,P-19969,feeds
COL-19970,E-19971,on-line
E-19971,FT-19972,downstream-of
COL-19973,E-19974,on-line
TT-19975,P-19976,discharges-to
P-19976,E-19977,on-line
V-19978,COL-19979,on-line
COL-19979,FT-19980,on-line
FT-19980,XV-19981,feeds
XV-19981,P-19982,upstream-of
P-19982,XV-19983,on-line
XV-19983,FT-19984,feeds
FT-19984,K-19985,upstream-of
K-19985,K-19986,discharges-to
K-19986,P-19987,feeds
V-19988,LT-19989,downstream-of
LT-19989,E-19990,discharges-to
COL-19991,COL-19992,downstream-of
XV-19994,E-19995,downstream-of
E-19995,P-19996,feeds
P-19996,FCV-19997,feeds
FCV-19997,TT-19998,feeds
TT-19998,P-19999,discharges-to
P-19999,LT-20000,downstream-of
LT-20000,P-20001,downstream-of
P-20001,LT-20002,feeds
LT-20002,P-20003,on-line
P-20003,FCV-20004,downstream-of
FCV-20004,PT-20005,feeds
E-20006,V-20007,downstream-of
V-20007,FCV-20008,upstream-of
FCV-20008,COL-20009,discharges-to
XV-20011,LT-20012,on-line
COL-20013,LT-20014,discharges-to
LT-20014,P-20015,feeds
P-20015,E-20016,discharges-to
P-20017,COL-20018,upstream-of
COL-20018,PT-20019,upstream-of
PT-20019,FCV-20020,feeds
FCV-20020,XV-20021,feeds
XV-20021,P-20022,on-line
P-20022,LT-20023,upstream-of
LT-20023,PT-20024,on-line
PT-20024,P-20025,discharges-to
P-20028,FT-20029,on-line
PSV-20030,XV-20031,on-line
FCV-20032,PT-20033,discharges-to
E-20037,LT-20038,downstream-of
FT-20039,V-20040,feeds
V-20040,P-20041,on-line
P-20041,V-20042,discharges-to
V-20042,V-20043,on-line
V-20043,COL-20044,on-line
COL-20044,E-20045,discharges-to
E-20045,LT-20046,upstream-of
LT-20046,FT-20047,upstream-of
FT-20047,P-20048,downstream-of
PSV-20049,K-20050,feeds
K-20050,TT-20051,on-line
PSV-20052,PSV-20053,on-line
PSV-20053,FCV-20054,on-line
FCV-20054,FT-20055,feeds
PSV-20056,COL-20057,feeds
V-20058,COL-20059,feeds
COL-20059,LT-20060,downstream-of
P-20061,K-20062,upstream-of
FT-20064,E-20065,feeds
FCV-20066,V-20067,on-line
V-20067,V-20068,downstream-of
V-20068,P-20069,feeds
P-20069,P-20070,downstream-of
PT-20072,COL-20073,upstream-of
P-20074,COL-20075,discharges-to
COL-20075,V-20076,feeds
V-20076,XV-20077,feeds
XV-20077,FCV-20078,downstream-of
PSV-20079,V-20080,upstream-of
V-20080,PT-20081,on-line
PT-20081,V-20082,feeds
V-20082,TT-20083,discharges-to
TT-20083,COL-20084,on-line
COL-20084,P-20085,feeds
P-20085,P-20086,upstream-of
P-20086,V-20087,downstream-of
V-20087,PSV-20088,discharges-to
TT-20089,PT-20090,on-line
E-20092,V-20093,discharges-to
V-20093,P-20094,upstream-of
P-20094,FT-20095,downstream-of
FT-20095,FCV-20096,upstream-of
FCV-20096,LT-20097,upstream-of
LT-20097,FT-20098,upstream-of
FT-20098,K-20099,discharges-to
K-20099,COL-20100,feeds
COL-20100,LT-20101,discharges-to
LT-20101,P-20102,feeds
P-20102,LT-20103,on-line
LT-20103,TT-20104,discharges-to
P-20105,P-20106,on-line
P-20106,PT-20107,feeds
PT-20107,PSV-20108,upstream-of
P-20109,E-20110,feeds
E-20110,P-20111,feeds
V-20112,FT-20113,upstream-of
FT-20113,COL-20114,feeds
COL-20114,FCV-20115,feeds
XV-20116,TT-20117,feeds
TT-20117,PSV-20118,on-line
PSV-20118,K-20119,on-line
P-20121,PT-20122,upstream-of
PT-20122,COL-20123,upstream-of
COL-20123,P-20124,discharges-to
K-20125,COL-20126,discharges-to
FCV-20127,PSV-20128,feeds
FT-20129,LT-20130,on-line
E-20131,P-20132,feeds
P-20132,V-20133,on-line
V-20133,COL-20134,discharges-to
COL-20134,FCV-20135,on-line
FCV-20135,LT-20136,downstream-of
LT-20136,FT-20137,downstream-of
FT-20137,XV-20138,upstream-of
XV-20138,FCV-20139,downstream-of
FCV-20139,E-20140,discharges-to
P-20141,LT-20142,downstream-of
LT-20142,K-20143,upstream-of
LT-20145,TT-20146,upstream-of
FT-20147,P-20148,on-line
P-20148,LT-20149,on-line
LT-20149,LT-20150,discharges-to
LT-20150,TT-20151,feeds
PT-20152,TT-20153,upstream-of
TT-20153,LT-20154,upstream-of
LT-20154,PT-20155,discharges-to
PT-20157,LT-20158,downstream-of
P-20159,LT-20160,on-line
LT-20160,PT-20161,on-line
PT-20161,PT-20162,upstream-of
PT-20162,LT-20163,upstream-of
P-20164,LT-20165,downstream-of
TT-20166,COL-20167,downstream-of
COL-20167,COL-20168,downstream-of
COL-20168,FT-20169,upstream-of
E-20170,COL-20171,feeds
V-20172,FT-20173,discharges-to
FT-20173,E-20174,feeds
E-20174,K-20175,upstream-of
K-20175,P-20176,discharges-to
P-20176,V-20177,feeds
V-20177,FCV-20178,discharges-to
FCV-20178,PSV-20179,discharges-to
V-20181,COL-20182,upstream-of
TT-20183,LT-20184,downstream-of
LT-20184,E-20185,downstream-of
FT-20187,P-20188,downstream-of
P-20188,FCV-20189,upstream-of
COL-20190,PT-20191,discharges-to
FT-20192,K-20193,feeds
XV-20194,PT-20195,downstream-of
PT-20195,V-20196,upstream-of
FT-20198,PT-20199,upstream-of
PT-20199,V-20200,downstream-of
V-20201,PT-20202,downstream-of
PT-20202,V-20203,upstream-of
V-20203,FT-20204,feeds
LT-20205,XV-20206,feeds
E-20207,P-20208,on-line
P-20208,P-20209,feeds
P-20209,PSV-20210,feeds
LT-20211,P-20212,upstream-of
P-20212,FT-20213,upstream-of
FT-20213,TT-20214,downstream-of
TT-20214,XV-20215,discharges-to
FCV-20216,TT-20217,feeds
TT-20217,V-20218,downstream-of
V-20218,E-20219,on-line
E-20219,PSV-20220,upstream-of
PSV-20220,V-20221,on-line
TT-20222,V-20223,upstream-of
V-20223,P-20224,feeds
PT-20225,P-20226,feeds
P-20226,XV-20227,downstream-of
XV-20227,XV-20228,downstream-of
XV-20228,PSV-20229,upstream-of
PSV-20229,K-20230,upstream-of
K-20230,E-20231,discharges-to
E-20231,FCV-20232,upstream-of
FCV-20232,P-20233,upstream-of
COL-20236,PSV-20237,on-line
V-20238,E-20239,on-line
E-20239,PSV-20240,on-line
PSV-20240,TT-20241,downstream-of
PT-20242,LT-20243,feeds
LT-20243,XV-20244,discharges-to
XV-20244,XV-20245,on-line
XV-20245,TT-20246,feeds
XV-20247,PSV-20248,downstream-of
PSV-20248,FCV-20249,upstream-of
FCV-20249,FCV-20250,feeds
PSV-20251,P-20252,upstream-of
P-20252,TT-20253,on-line
COL-20255,LT-20256,feeds
LT-20256,LT-20257,downstream-of
LT-20257,FT-20258,downstream-of
FT-20258,LT-20259,feeds
K-20261,PSV-20262,feeds
PSV-20262,FT-20263,on-line
FT-20263,E-20264,downstream-of
LT-20265,FCV-20266,discharges-to
FCV-20266,PT-20267,upstream-of
PT-20267,PT-20268,feeds
PT-20268,P-20269,upstream-of
P-20269,TT-20270,on-line
TT-20270,V-20271,upstream-of
V-20271,PT-20272,on-line
PT-20272,FCV-20273,upstream-of
FCV-20273,P-20274,discharges-to
P-20274,K-20275,discharges-to
K-20275,PT-20276,discharges-to
PT-20276,P-20277,feeds
XV-20280,PSV-20281,on-line
PSV-20281,COL-20282,on-line
COL-20282,FCV-20283,feeds
PSV-20284,K-20285,on-line
K-20285,LT-20286,discharges-to
LT-20286,P-20287,downstream-of
P-20287,XV-20288,upstream-of
K-20291,V-20292,discharges-to
V-20292,V-20293,downstream-of
V-20293,PT-20294,discharges-to
PT-20294,P-20295,on-line
K-20296,E-20297,feeds
XV-20298,LT-20299,downstream-of
LT-20300,PT-20301,feeds
FT-20302,XV-20303,downstream-of
XV-20303,PT-20304,upstream-of
PT-20304,PT-20305,downstream-of
PT-20305,LT-20306,feeds
K-20307,K-20308,on-line
COL-20309,FCV-20310,feeds
FCV-20311,FCV-20312,downstream-of
FCV-20312,K-20313,on-line
K-20313,LT-20314,downstream-of
LT-20314,K-20315,upstream-of
K-20315,XV-20316,feeds
TT-20317,K-20318,on-line
K-20318,TT-20319,on-line
TT-20319,TT-20320,discharges-to
TT-20320,P-20321,discharges-to
P-20321,FT-20322,downstream-of
FT-20322,P-20323,discharges-to
COL-20324,K-20325,downstream-of
V-20326,TT-20327,downstream-of
XV-20328,K-20329,on-line
K-20329,FT-20330,on-line
FT-20330,P-20331,discharges-to
P-20331,LT-20332,upstream-of
LT-20332,FCV-20333,discharges-to
FCV-20333,FCV-20334,feeds
FCV-20334,E-20335,discharges-to
E-20335,E-20336,on-line
E-20336,V-20337,on-line
V-20337,FCV-20338,feeds
FCV-20338,COL-20339,downstream-of
COL-20339,K-20340,on-line
K-20340,FCV-20341,downstream-of
PSV-20342,FCV-20343,on-line
FCV-20343,FT-20344,on-line
FT-20344,FCV-20345,upstream-of
V-20347,V-20348,upstream-of
V-20348,FCV-20349,upstream-of
FCV-20349,TT-20350,downstream-of
TT-20350,E-20351,feeds
PT-20352,XV-20353,on-line
XV-20353,V-20354,upstream-of
K-20355,V-20356,upstream-of
V-20356,PSV-20357,discharges-to
PSV-20357,P-20358,discharges-to
P-20358,FCV-20359,on-line
FCV-20359,PSV-20360,on-line
PSV-20360,P-20361,discharges-to
P-20361,P-20362,upstream-of
XV-20363,P-20364,feeds
P-20364,K-20365,upstream-of
P-20366,COL-20367,discharges-to
FCV-20370,K-20371,upstream-of
P-20372,COL-20373,feeds
COL-20374,K-20375,discharges-to
K-20375,LT-20376,discharges-to
LT-20376,LT-20377,discharges-to
LT-20377,P-20378,feeds
V-20379,FT-20380,upstream-of
FT-20380,TT-20381,downstream-of
TT-20381,COL-20382,downstream-of
COL-20382,V-20383,discharges-to
V-20383,COL-20384,discharges-to
FCV-20385,COL-20386,discharges-to
COL-20386,V-20387,feeds
V-20387,COL-20388,upstream-of
COL-20388,FT-20389,upstream-of
FT-20389,LT-20390,on-line
PSV-20391,E-20392,discharges-to
E-20392,LT-20393,feeds
LT-20393,COL-20394,downstream-of
COL-20394,FCV-20395,downstream-of
FCV-20395,V-20396,downstream-of
V-20396,E-20397,on-line
E-20397,FCV-20398,discharges-to
V-20399,TT-20400,downstream-of
TT-20400,TT-20401,discharges-to
LT-20402,FCV-20403,on-line
P-20405,FCV-20406,discharges-to
TT-20407,PT-20408,downstream-of
PT-20408,XV-20409,discharges-to
XV-20409,LT-20410,feeds
E-20411,XV-20412,upstream-of
XV-20412,E-20413,feeds
FCV-20414,FT-20415,discharges-to
FT-20415,FT-20416,discharges-to
P-20418,FCV-20419,feeds
FCV-20419,TT-20420,upstream-of
K-20421,LT-20422,downstream-of
LT-20422,COL-20423,upstream-of
COL-20423,TT-20424,discharges-to
TT-20424,P-20425,on-line
P-20425,PT-20426,on-line
PT-20426,P-20427,upstream-of
P-20427,V-20428,on-line
PSV-20430,P-20431,downstream-of
P-20431,FT-20432,feeds
FT-20432,FCV-20433,upstream-of
P-20434,LT-20435,on-line
K-20436,P-20437,on-line
P-20437,FCV-20438,feeds
FCV-20438,E-20439,downstream-of
E-20439,PT-20440,feeds
PT-20440,V-20441,on-line
V-20441,TT-20442,upstream-of
TT-20442,TT-20443,feeds
FCV-20444,TT-20445,downstream-of
TT-20446,LT-20447,downstream-of
LT-20447,XV-20448,downstream-of
XV-20448,XV-20449,downstream-of
XV-20449,XV-20450,downstream-of
XV-20450,FCV-20451,downstream-of
FCV-20451,FT-20452,discharges-to
FT-20452,PT-20453,feeds
PT-20453,PSV-20454,downstream-of
PSV-20454,PT-20455,upstream-of
PT-20455,V-20456,on-line
V-20456,PT-20457,feeds
E-20460,PSV-20461,downstream-of
PSV-20461,COL-20462,feeds
PT-20463,P-20464,discharges-to
P-20464,E-20465,discharges-to
COL-20467,K-20468,discharges-to
COL-20469,TT-20470,feeds
TT-20470,FCV-20471,feeds
FCV-20471,FCV-20472,on-line
TT-20473,XV-20474,downstream-of
XV-20474,FT-20475,on-line
FT-20475,PT-20476,downstream-of
PT-20476,TT-20477,on-line
TT-20477,TT-20478,feeds
TT-20478,V-20479,upstream-of
V-20479,PT-20480,upstream-of
PT-20480,FCV-20481,on-line
P-20482,E-20483,downstream-of
E-20485,FCV-20486,upstream-of
FCV-20486,LT-20487,feeds
LT-20487,FCV-20488,upstream-of
FCV-20488,E-20489,upstream-of
E-20489,FT-20490,on-line
FT-20490,LT-20491,feeds
LT-20491,LT-20492,on-line
FT-20493,PT-20494,feeds
P-20495,K-20496,downstream-of
K-20496,PSV-20497,upstream-of
P-20498,LT-20499,downstream-of
PSV-20500,V-20501,downstream-of
P-20504,P-20505,downstream-of
P-20505,PT-20506,downstream-of
PT-20506,PSV-20507,discharges-to
PSV-20507,LT-20508,on-line
V-20509,PT-20510,on-line
PT-20510,LT-20511,on-line
LT-20511,P-20512,discharges-to
PT-20515,PT-20516,feeds
PT-20516,P-20517,upstream-of
P-20517,PSV-20518,discharges-to
PSV-20518,P-20519,feeds
P-20519,TT-20520,discharges-to
TT-20520,PSV-20521,feeds
PSV-20521,P-20522,discharges-to
P-20522,PT-20523,feeds
PT-20524,FCV-20525,on-line
FCV-20525,P-20526,downstream-of
P-20526,V-20527,upstream-of
V-20527,LT-20528,on-line
LT-20528,FCV-20529,feeds
FCV-20529,FCV-20530,feeds
PSV-20532,PT-20533,on-line
P-20534,XV-20535,upstream-of
XV-20535,K-20536,feeds
K-20536,XV-20537,downstream-of
XV-20537,FCV-20538,downstream-of
FCV-20538,PSV-20539,on-line
PSV-20539,K-20540,discharges-to
COL-20541,E-20542,on-line
LT-20543,P-20544,on-line
COL-20545,P-20546,downstream-of
PSV-20547,COL-20548,upstream-of
FT-20549,P-20550,downstream-of
P-20550,V-20551,upstream-of
XV-20552,P-20553,feeds
V-20554,FCV-20555,upstream-of
TT-20557,E-20558,downstream-of
E-20558,XV-20559,on-line
XV-20559,V-20560,downstream-of
V-20560,E-20561,on-line
E-20561,PT-20562,upstream-of
PT-20562,TT-20563,upstream-of
TT-20563,PSV-20564,discharges-to
COL-20565,LT-20566,upstream-of
LT-20566,PSV-20567,on-line
P-20568,PSV-20569,on-line
TT-20570,E-20571,feeds
E-20571,PT-20572,feeds
PT-20572,E-20573,on-line
E-20573,FT-20574,on-line
LT-20575,TT-20576,downstream-of
TT-20576,K-20577,feeds
PSV-20579,PT-20580,upstream-of
PT-20582,FT-20583,discharges-to
FT-20583,COL-20584,discharges-to
COL-20584,K-20585,discharges-to
K-20585,FT-20586,downstream-of
V-20587,PT-20588,downstream-of
FT-20589,COL-20590,discharges-to
COL-20590,K-20591,on-line
K-20591,LT-20592,downstream-of
LT-20592,P-20593,upstream-of
XV-20594,P-20595,feeds
P-20595,E-20596,feeds
E-20596,E-20597,on-line
E-20597,P-20598,feeds
COL-20599,XV-20600,downstream-of
LT-20603,K-20604,feeds
K-20604,K-20605,upstream-of
K-20605,K-20606,downstream-of
K-20606,P-20607,downstream-of
E-20608,FCV-20609,discharges-to
K-20610,XV-20611,downstream-of
XV-20611,FT-20612,discharges-to
FT-20612,COL-20613,upstream-of
COL-20613,PSV-20614,on-line
PSV-20614,V-20615,discharges-to
V-20615,E-20616,downstream-of
V-20618,E-20619,downstream-of
E-20619,TT-20620,feeds
TT-20620,PT-20621,on-line
E-20622,P-20623,on-line
P-20623,E-20624,discharges-to
E-20625,FCV-20626,upstream-of
PT-20628,P-20629,discharges-to
PSV-20631,V-20632,upstream-of
V-20632,P-20633,feeds
P-20633,PSV-20634,upstream-of
PSV-20634,FCV-20635,downstream-of
FCV-20635,K-20636,downstream-of
K-20636,V-20637,on-line
PT-20638,XV-20639,discharges-to
XV-20639,COL-20640,downstream-of
COL-20640,LT-20641,discharges-to
LT-20641,P-20642,on-line
P-20642,LT-20643,on-line
LT-20643,FT-20644,on-line
FT-20644,P-20645,upstream-of
P-20648,FT-20649,downstream-of
FT-20649,COL-20650,upstream-of
FCV-20651,LT-20652,discharges-to
LT-20652,PT-20653,on-line
PSV-20654,E-20655,feeds
E-20655,P-20656,downstream-of
P-20656,PT-20657,downstream-of
E-20658,K-20659,discharges-to
PSV-20661,XV-20662,discharges-to
XV-20662,P-20663,upstream-of
P-20663,XV-20664,feeds
XV-20664,E-20665,discharges-to
P-20666,PT-20667,upstream-of
P-20668,FCV-20669,on-line
FCV-20669,FCV-20670,downstream-of
K-20671,P-20672,downstream-of
P-20672,K-20673,on-line
V-20674,COL-20675,feeds
COL-20675,LT-20676,downstream-of
LT-20676,P-20677,upstream-of
P-20677,FT-20678,upstream-of
FT-20678,V-20679,discharges-to
V-20679,V-20680,upstream-of
V-20680,PSV-20681,discharges-to
K-20682,E-20683,downstream-of
E-20683,PSV-20684,upstream-of
PSV-20684,PSV-20685,downstream-of
PSV-20685,TT-20686,on-line
TT-20686,PT-20687,discharges-to
K-20688,P-20689,downstream-of
P-20689,P-20690,downstream-of
P-20693,E-20694,on-line
E-20694,COL-20695,discharges-to
COL-20695,K-20696,feeds
K-20696,TT-20697,on-line
TT-20697,TT-20698,on-line
TT-20698,P-20699,discharges-to
FCV-20700,V-20701,feeds
V-20701,PSV-20702,upstream-of
E-20703,XV-20704,on-line
XV-20704,FCV-20705,feeds
FCV-20705,TT-20706,upstream-of
TT-20706,COL-20707,discharges-to
COL-20707,TT-20708,discharges-to
TT-20708,COL-20709,upstream-of
TT-20710,PSV-20711,on-line
TT-20713,TT-20714,feeds
TT-20714,V-20715,upstream-of
V-20716,XV-20717,discharges-to
TT-20721,COL-20722,downstream-of
COL-20722,TT-20723,downstream-of
TT-20723,LT-20724,on-line
LT-20724,XV-20725,feeds
XV-20725,LT-20726,downstream-of
FCV-20727,TT-20728,feeds
TT-20730,V-20731,discharges-to
V-20731,E-20732,on-line
COL-20733,V-20734,on-line
TT-20735,FCV-20736,discharges-to
LT-20737,P-20738,feeds
P-20738,K-20739,downstream-of
K-20739,LT-20740,feeds
LT-20740,P-20741,feeds
XV-20742,XV-20743,downstream-of
TT-20744,COL-20745,on-line
COL-20745,V-20746,on-line
V-20747,XV-20748,discharges-to
XV-20748,PSV-20749,on-line
PSV-20749,P-20750,upstream-of
P-20750,E-20751,feeds
P-20752,K-20753,on-line
V-20754,FT-20755,feeds
FT-20755,FT-20756,feeds
FT-20756,E-20757,upstream-of
FCV-20758,LT-20759,upstream-of
LT-20761,FT-20762,feeds
FT-20762,PSV-20763,discharges-to
PSV-20763,PT-20764,feeds
PT-20764,XV-20765,feeds
XV-20766,K-20767,feeds
K-20767,TT-20768,downstream-of
TT-20768,P-20769,downstream-of
PT-20772,TT-20773,on-line
E-20774,FCV-20775,upstream-of
FCV-20776,P-20777,on-line
E-20778,PSV-20779,upstream-of
PSV-20779,PSV-20780,upstream-of
XV-20782,K-20783,downstream-of
K-20783,XV-20784,feeds
XV-20784,K-20785,feeds
K-20785,FCV-20786,on-line
FCV-20786,XV-20787,downstream-of
XV-20787,FT-20788,discharges-to
FT-20788,P-20789,upstream-of
FT-20791,XV-20792,on-line
XV-20792,COL-20793,discharges-to
COL-20793,PSV-20794,on-line
PSV-20794,E-20795,feeds
E-20795,TT-20796,discharges-to
E-20797,LT-20798,discharges-to
TT-20799,FCV-20800,discharges-to
FCV-20800,P-20801,on-line
P-20801,PSV-20802,downstream-of
PSV-20802,K-20803,discharges-to
K-20803,FT-20804,upstream-of
FT-20804,P-20805,feeds
PSV-20806,COL-20807,discharges-to
FCV-20812,PSV-20813,feeds
PSV-20813,E-20814,feeds
E-20814,XV-20815,upstream-of
XV-20815,XV-20816,feeds
XV-20816,TT-20817,on-line
TT-20817,PT-20818,downstream-of
PT-20818,FCV-20819,on-line
FCV-20819,K-20820,on-line
K-20820,P-20821,upstream-of
P-20821,XV-20822,on-line
XV-20822,COL-20823,downstream-of
COL-20823,FCV-20824,discharges-to
FCV-20824,E-20825,feeds
E-20825,K-20826,downstream-of
K-20826,PT-20827,discharges-to
V-20828,FCV-20829,upstream-of
FCV-20829,FT-20830,discharges-to
FT-20830,PSV-20831,discharges-to
PSV-20831,PT-20832,on-line
K-20834,FT-20835,upstream-of
LT-20836,LT-20837,downstream-of
LT-20837,P-20838,discharges-to
P-20839,E-20840,downstream-of
E-20840,FCV-20841,feeds
FCV-20841,P-20842,discharges-to
P-20842,E-20843,downstream-of
E-20843,E-20844,upstream-of
E-20844,COL-20845,feeds
COL-20845,PSV-20846,on-line
PSV-20846,FCV-20847,downstream-of
K-20848,P-20849,upstream-of
P-20849,P-20850,discharges-to
P-20850,COL-20851,upstream-of
COL-20851,K-20852,upstream-of
LT-20854,FT-20855,upstream-of
FT-20855,P-20856,discharges-to
P-20856,K-20857,downstream-of
E-20858,P-20859,downstream-of
P-20859,FT-20860,upstream-of
FT-20860,XV-20861,downstream-of
XV-20861,TT-20862,upstream-of
COL-20863,FCV-20864,on-line
TT-20865,FT-20866,upstream-of
LT-20867,K-20868,on-line
K-20868,P-20869,downstream-of
K-20870,K-20871,upstream-of
COL-20872,V-20873,feeds
V-20873,FCV-20874,upstream-of
FCV-20874,TT-20875,discharges-to
TT-20875,FCV-20876,feeds
FCV-20876,P-20877,on-line
P-20877,COL-20878,feeds
TT-20879,LT-20880,discharges-to
LT-20880,PT-20881,feeds
P-20882,XV-20883,discharges-to
COL-20884,LT-20885,downstream-of
LT-20885,P-20886,feeds
P-20886,COL-20887,upstream-of
XV-20888,FT-20889,feeds
FT-20889,P-20890,on-line
P-20890,XV-20891,discharges-to
XV-20891,FT-20892,feeds
FT-20892,PT-20893,feeds
PT-20893,FT-20894,downstream-of
FT-20894,P-20895,on-line
FT-20896,PSV-20897,upstream-of
PSV-20897,K-20898,downstream-of
K-20898,FT-20899,on-line
FT-20899,XV-20900,feeds
P-20901,PT-20902,upstream-of
PT-20902,K-20903,on-line
K-20903,P-20904,downstream-of
P-20904,PSV-20905,feeds
COL-20906,P-20907,discharges-to
P-20907,XV-20908,upstream-of
XV-20908,FCV-20909,upstream-of
FCV-20909,FT-20910,upstream-of
FT-20910,V-20911,discharges-to
PSV-20912,V-20913,discharges-to
COL-20914,K-20915,feeds
K-20915,V-20916,feeds
FCV-20917,K-20918,feeds
K-20918,FT-20919,on-line
FT-20919,E-20920,on-line
E-20920,V-20921,on-line
PT-20924,TT-20925,downstream-of
TT-20925,FCV-20926,feeds
LT-20928,PSV-20929,on-line
PSV-20929,P-20930,upstream-of
P-20930,FCV-20931,on-line
P-20933,FT-20934,downstream-of
V-20936,FCV-20937,upstream-of
FCV-20937,P-20938,upstream-of
P-20938,E-20939,on-line
E-20939,PT-20940,on-line
PT-20940,PT-20941,discharges-to
P-20942,V-20943,downstream-of
PT-20944,COL-20945,feeds
E-20947,FT-20948,feeds
FT-20948,FT-20949,feeds
FT-20949,XV-20950,downstream-of
TT-20951,TT-20952,on-line
TT-20952,LT-20953,downstream-of
LT-20953,XV-20954,discharges-to
XV-20954,V-20955,feeds
V-20955,TT-20956,feeds
TT-20956,TT-20957,discharges-to
TT-20957,P-20958,downstream-of
P-20959,XV-20960,discharges-to
XV-20960,P-20961,on-line
P-20961,P-20962,on-line
P-20962,PSV-20963,upstream-of
K-20964,E-20965,feeds
E-20966,COL-20967,on-line
COL-20967,PSV-20968,downstream-of
LT-20970,FT-20971,on-line
FT-20971,PSV-20972,discharges-to
PSV-20972,COL-20973,feeds
COL-20973,P-20974,upstream-of
P-20974,TT-20975,upstream-of
TT-20975,P-20976,upstream-of
PT-20979,PSV-20980,discharges-to
TT-20983,FCV-20984,feeds
K-20985,E-20986,on-line
E-20986,PSV-20987,upstream-of
PSV-20987,K-20988,discharges-to
K-20988,COL-20989,downstream-of
COL-20989,FCV-20990,discharges-to
FCV-20990,FCV-20991,on-line
FCV-20991,XV-20992,discharges-to
XV-20992,COL-20993,downstream-of
COL-20993,P-20994,downstream-of
P-20994,COL-20995,on-line
COL-20995,LT-20996,upstream-of
LT-20996,PSV-20997,feeds
PSV-20997,XV-20998,upstream-of
XV-20998,FCV-20999,downstream-of
COL-21000,LT-21001,on-line
LT-21001,E-21002,on-line
P-21004,COL-21005,discharges-to
COL-21005,TT-21006,upstream-of
TT-21006,PSV-21007,downstream-of
FCV-21008,LT-21009,discharges-to
LT-21009,COL-21010,upstream-of
P-21014,K-21015,feeds
K-21015,P-21016,on-line
P-21016,E-21017,on-line
E-21017,P-21018,downstream-of
E-21021,E-21022,discharges-to
E-21022,XV-21023,on-line
P-21025,V-21026,downstream-of
V-21026,K-21027,on-line
K-21027,P-21028,upstream-of
P-21028,K-21029,feeds
K-21029,K-21030,discharges-to
K-21030,E-21031,discharges-to
E-21031,COL-21032,feeds
FCV-21033,E-21034,discharges-to
E-21034,XV-21035,upstream-of
P-21036,FCV-21037,on-line
K-21038,FCV-21039,discharges-to
P-21040,P-21041,on-line
P-21041,XV-21042,upstream-of
FT-21043,FCV-21044,downstream-of
FCV-21044,PSV-21045,on-line
P-21046,PT-21047,downstream-of
PT-21047,FT-21048,discharges-to
FT-21048,PSV-21049,downstream-of
PSV-21049,V-21050,downstream-of
V-21050,LT-21051,on-line
LT-21051,XV-21052,discharges-to
FCV-21053,LT-21054,on-line
LT-21054,V-21055,upstream-of
V-21056,P-21057,feeds
P-21057,V-21058,downstream-of
V-21058,LT-21059,discharges-to
LT-21059,PT-21060,feeds
K-21061,PT-21062,upstream-of
PT-21062,V-21063,on-line
V-21063,COL-21064,feeds
P-21065,PT-21066,upstream-of
PT-21068,TT-21069,feeds
E-21070,V-21071,feeds
V-21071,LT-21072,feeds
LT-21072,XV-21073,feeds
XV-21073,V-21074,downstream-of
PT-21077,LT-21078,upstream-of
COL-21080,FT-21081,on-line
FT-21081,COL-21082,discharges-to
FT-21083,COL-21084,feeds
PSV-21085,P-21086,downstream-of
P-21086,LT-21087,feeds
XV-21088,PSV-21089,downstream-of
LT-21091,E-21092,upstream-of
E-21092,P-21093,on-line
P-21093,PSV-21094,feeds
PSV-21094,TT-21095,feeds
TT-21095,K-21096,feeds
K-21096,TT-21097,downstream-of
FCV-21098,E-21099,feeds
E-21099,FCV-21100,feeds
FCV-21100,PSV-21101,on-line
PSV-21101,LT-21102,discharges-to
LT-21105,V-21106,downstream-of
V-21106,P-21107,feeds
COL-21108,V-21109,feeds
V-21109,P-21110,feeds
P-21110,COL-21111,downstream-of
COL-21111,FT-21112,discharges-to
FT-21112,V-21113,upstream-of
V-21113,LT-21114,downstream-of
LT-21114,P-21115,discharges-to
P-21115,P-21116,feeds
P-21116,P-21117,on-line
P-21117,P-21118,discharges-to
P-21118,K-21119,discharges-to
K-21119,COL-21120,downstream-of
COL-21120,FT-21121,downstream-of
FT-21121,K-21122,on-line
K-21122,E-21123,on-line
P-21124,V-21125,downstream-of
V-21125,XV-21126,discharges-to
XV-21126,FCV-21127,feeds
FCV-21127,FCV-21128,on-line
FCV-21128,LT-21129,on-line
LT-21129,XV-21130,on-line
XV-21130,P-21131,on-line
K-21132,PSV-21133,downstream-of
PSV-21133,XV-21134,downstream-of
TT-21135,K-21136,on-line
K-21136,FCV-21137,discharges-to
FCV-21137,FT-21138,upstream-of
FT-21138,FT-21139,on-line
COL-21141,COL-21142,discharges-to
COL-21142,K-21143,on-line
K-21143,XV-21144,feeds
XV-21144,LT-21145,on-line
FCV-21148,E-21149,downstream-of
E-21149,P-21150,downstream-of
K-21152,XV-21153,discharges-to
FCV-21155,K-21156,on-line
K-21156,P-21157,downstream-of
LT-21158,K-21159,downstream-of
K-21159,PSV-21160,feeds
PSV-21160,FT-21161,feeds
PT-21165,COL-21166,feeds
TT-21167,XV-21168,discharges-to
PT-21169,P-21170,feeds
P-21170,PT-21171,downstream-of
FT-21173,FT-21174,discharges-to
FT-21174,TT-21175,discharges-to
K-21176,PSV-21177,downstream-of
PSV-21177,FT-21178,discharges-to
FT-21178,FT-21179,downstream-of
TT-21180,P-21181,on-line
P-21181,V-21182,discharges-to
V-21182,V-21183,feeds
V-21183,LT-21184,feeds
LT-21184,E-21185,on-line
P-21186,XV-21187,downstream-of
TT-21188,P-21189,downstream-of
P-21189,V-21190,feeds
V-21190,K-21191,on-line
K-21191,P-21192,upstream-of
P-21192,V-21193,downstream-of
V-21193,PSV-21194,upstream-of
PSV-21194,K-21195,downstream-of
PSV-21196,TT-21197,feeds
TT-21197,TT-21198,discharges-to
TT-21198,E-21199,upstream-of
E-21199,XV-21200,on-line
LT-21202,PSV-21203,on-line
PSV-21203,COL-21204,discharges-to
COL-21204,TT-21205,upstream-of
TT-21205,K-21206,upstream-of
K-21206,FT-21207,upstream-of
FT-21207,K-21208,downstream-of
K-21208,XV-21209,feeds
XV-21209,V-21210,on-line
V-21210,PT-21211,feeds
PT-21211,PT-21212,downstream-of
PT-21212,FCV-21213,upstream-of
FCV-21213,PSV-21214,upstream-of
PSV-21214,TT-21215,on-line
V-21216,FT-21217,downstream-of
FT-21217,PT-21218,feeds
PT-21218,K-21219,downstream-of
K-21219,XV-21220,feeds
XV-21220,XV-21221,discharges-to
XV-21221,K-21222,upstream-of
K-21222,P-21223,upstream-of
V-21224,LT-21225,on-line
LT-21225,V-21226,discharges-to
P-21227,K-21228,discharges-to
K-21228,FCV-21229,on-line
P-21230,TT-21231,downstream-of
TT-21231,TT-21232,on-line
P-21233,P-21234,downstream-of
P-21234,FCV-21235,discharges-to
FT-21237,COL-21238,upstream-of
COL-21238,PSV-21239,on-line
PSV-21239,V-21240,on-line
FCV-21241,FT-21242,on-line
PSV-21243,P-21244,feeds
P-21244,XV-21245,downstream-of
K-21248,E-21249,discharges-to
E-21249,FT-21250,feeds
FT-21250,PT-21251,downstream-of
K-21254,FT-21255,downstream-of
FT-21255,FT-21256,feeds
FT-21256,P-21257,downstream-of
P-21257,PT-21258,on-line
PT-21258,COL-21259,downstream-of
COL-21259,FT-21260,feeds
FT-21260,E-21261,discharges-to
FT-21262,FT-21263,downstream-of
FT-21263,P-21264,on-line
P-21264,P-21265,discharges-to
P-21265,E-21266,discharges-to
E-21268,FCV-21269,discharges-to
PSV-21270,COL-21271,discharges-to
TT-21272,P-21273,feeds
P-21273,P-21274,downstream-of
P-21274,FT-21275,on-line
TT-21276,PSV-21277,feeds
PSV-21277,FCV-21278,downstream-of
FCV-21278,FCV-21279,upstream-of
FCV-21279,FT-21280,downstream-of
FT-21280,PSV-21281,upstream-of
PSV-21281,K-21282,on-line
K-21282,FT-21283,upstream-of
FT-21283,FCV-21284,upstream-of
FCV-21284,K-21285,upstream-of
K-21285,E-21286,downstream-of
E-21286,K-21287,upstream-of
TT-21289,V-21290,on-line
P-21291,FT-21292,downstream-of
COL-21294,FCV-21295,feeds
FT-21297,TT-21298,discharges-to
TT-21298,P-21299,downstream-of
P-21299,COL-21300,on-line
COL-21300,FCV-21301,feeds
FCV-21301,FT-21302,downstream-of
FT-21302,V-21303,downstream-of
V-21303,E-21304,on-line
E-21304,LT-21305,feeds
LT-21305,COL-21306,discharges-to
COL-21306,XV-21307,discharges-to
XV-21307,TT-21308,feeds
TT-21308,P-21309,on-line
P-21309,P-21310,upstream-of
P-21310,P-21311,feeds
FT-21314,K-21315,upstream-of
K-21315,COL-21316,on-line
COL-21316,E-21317,downstream-of
E-21317,E-21318,upstream-of
E-21318,COL-21319,downstream-of
XV-21320,LT-21321,downstream-of
K-21324,XV-21325,feeds
XV-21325,PSV-21326,feeds
PSV-21326,LT-21327,discharges-to
LT-21327,E-21328,downstream-of
E-21328,TT-21329,on-line
TT-21329,E-21330,downstream-of
PT-21331,V-21332,discharges-to
V-21332,K-21333,downstream-of
K-21333,TT-21334,on-line
PT-21336,FT-21337,discharges-to
COL-21338,FCV-21339,upstream-of
FCV-21339,K-21340,upstream-of
K-21340,P-21341,upstream-of
PSV-21342,TT-21343,upstream-of
COL-21346,COL-21347,discharges-to
COL-21350,PT-21351,upstream-of
PT-21351,LT-21352,feeds
LT-21352,V-21353,upstream-of
V-21353,K-21354,upstream-of
P-21355,COL-21356,discharges-to
COL-21356,XV-21357,feeds
XV-21357,PSV-21358,on-line
PSV-21358,PT-21359,feeds
LT-21360,P-21361,on-line
P-21361,XV-21362,feeds
XV-21365,V-21366,on-line
LT-21367,COL-21368,feeds
COL-21368,COL-21369,on-line
COL-21369,P-21370,feeds
P-21370,FCV-21371,upstream-of
FCV-21371,COL-21372,discharges-to
COL-21372,FCV-21373,on-line
FCV-21373,FCV-21374,upstream-of
FCV-21374,PSV-21375,upstream-of
PSV-21375,PSV-21376,downstream-of
PSV-21376,PT-21377,discharges-to
PT-21377,P-21378,downstream-of
P-21378,COL-21379,discharges-to
XV-21380,P-21381,downstream-of
P-21381,P-21382,upstream-of
P-21382,K-21383,feeds
K-21383,K-21384,discharges-to
K-21384,FT-21385,upstream-of
FT-21385,TT-21386,discharges-to
PT-21387,COL-21388,upstream-of
COL-21388,P-21389,downstream-of
P-21389,XV-21390,downstream-of
XV-21390,K-21391,on-line
K-21391,P-21392,upstream-of
PT-21393,V-21394,feeds
V-21394,P-21395,on-line
PSV-21396,FCV-21397,downstream-of
P-21400,PSV-21401,on-line
PSV-21401,XV-21402,upstream-of
XV-21402,E-21403,feeds
E-21403,K-21404,on-line
K-21404,FT-21405,downstream-of
K-21406,COL-21407,feeds
COL-21407,K-21408,upstream-of
K-21408,K-21409,upstream-of
K-21409,P-21410,upstream-of
P-21410,LT-21411,downstream-of
LT-21411,P-21412,feeds
P-21412,K-21413,feeds
K-21414,PT-21415,downstream-of
PT-21415,PSV-21416,upstream-of
FT-21417,K-21418,feeds
TT-21420,XV-21421,downstream-of
K-21423,FCV-21424,feeds
FCV-21424,FT-21425,discharges-to
COL-21426,PSV-21427,on-line
PSV-21427,K-21428,on-line
FT-21431,FT-21432,downstream-of
FT-21432,XV-21433,downstream-of
LT-21435,COL-21436,on-line
COL-21436,TT-21437,discharges-to
FCV-21440,FT-21441,feeds
FT-21441,V-21442,upstream-of
V-21442,E-21443,discharges-to
TT-21445,FCV-21446,on-line
FCV-21446,COL-21447,discharges-to
COL-21447,P-21448,downstream-of
P-21448,COL-21449,feeds
COL-21449,E-21450,feeds
E-21450,XV-21451,downstream-of
XV-21451,COL-21452,feeds
COL-21452,P-21453,feeds
P-21454,LT-21455,feeds
PT-21458,PT-21459,discharges-to
PT-21459,PT-21460,downstream-of
PT-21460,PSV-21461,feeds
PSV-21461,XV-21462,feeds
XV-21462,LT-21463,upstream-of
K-21465,PSV-21466,on-line
LT-21467,P-21468,downstream-of
LT-21469,FCV-21470,on-line
FT-21471,COL-21472,downstream-of
COL-21472,LT-21473,upstream-of
LT-21473,E-21474,upstream-of
E-21474,V-21475,upstream-of
V-21475,PSV-21476,discharges-to
PSV-21476,PT-21477,upstream-of
PT-21477,V-21478,discharges-to
FT-21480,PSV-21481,upstream-of
LT-21482,XV-21483,discharges-to
XV-21483,LT-21484,feeds
K-21486,V-21487,downstream-of
P-21488,XV-21489,on-line
XV-21489,COL-21490,feeds
COL-21490,FCV-21491,downstream-of
FCV-21491,K-21492,upstream-of
K-21492,TT-21493,on-line
TT-21493,PT-21494,feeds
K-21496,E-21497,discharges-to
E-21497,XV-21498,on-line
XV-21498,COL-21499,feeds
COL-21499,FCV-21500,downstream-of
FCV-21500,P-21501,discharges-to
P-21501,FT-21502,feeds
FT-21502,TT-21503,feeds
P-21505,PT-21506,on-line
PT-21506,LT-21507,on-line
P-21509,LT-21510,feeds
K-21511,FT-21512,downstream-of
FT-21512,P-21513,downstream-of
P-21513,E-21514,upstream-of
P-21515,COL-21516,discharges-to
COL-21516,TT-21517,on-line
TT-21517,E-21518,discharges-to
PT-21519,FT-21520,upstream-of
FT-21520,P-21521,downstream-of
FCV-21522,TT-21523,downstream-of
TT-21523,PT-21524,upstream-of
PT-21524,COL-21525,on-line
V-21526,E-21527,upstream-of
XV-21528,FT-21529,on-line
V-21531,PSV-21532,discharges-to
PSV-21532,PT-21533,downstream-of
PT-21533,XV-21534,feeds
V-21535,P-21536,discharges-to
P-21536,K-21537,on-line
K-21537,FCV-21538,upstream-of
TT-21539,XV-21540,upstream-of
LT-21541,LT-21542,discharges-to
LT-21542,FT-21543,downstream-of
PSV-21544,COL-21545,discharges-to
COL-21545,PSV-21546,on-line
PSV-21546,LT-21547,upstream-of
LT-21547,V-21548,discharges-to
V-21548,FCV-21549,feeds
FCV-21549,V-21550,downstream-of
V-21550,P-21551,downstream-of
P-21551,FT-21552,upstream-of
FT-21552,COL-21553,discharges-to
COL-21553,FT-21554,upstream-of
V-21555,PT-21556,discharges-to
PT-21556,V-21557,upstream-of
LT-21560,P-21561,on-line
P-21561,V-21562,on-line
XV-21563,FCV-21564,on-line
FCV-21564,PT-21565,discharges-to
PSV-21567,P-21568,feeds
PSV-21571,COL-21572,feeds
COL-21572,PSV-21573,on-line
PSV-21573,P-21574,downstream-of
P-21574,XV-21575,upstream-of
XV-21575,XV-21576,on-line
XV-21576,K-21577,on-line
LT-21578,COL-21579,downstream-of
COL-21579,P-21580,upstream-of
P-21580,V-21581,upstream-of
E-21582,LT-21583,upstream-of
LT-21583,TT-21584,on-line
TT-21584,E-21585,downstream-of
PSV-21588,XV-21589,on-line
V-21590,PSV-21591,feeds
PSV-21591,FCV-21592,upstream-of
FCV-21592,PT-21593,on-line
PT-21593,PSV-21594,feeds
PSV-21594,TT-21595,discharges-to
TT-21595,LT-21596,downstream-of
LT-21596,PSV-21597,on-line
PSV-21597,TT-21598,feeds
TT-21598,P-21599,on-line
P-21599,FT-21600,downstream-of
FT-21600,TT-21601,on-line
TT-21601,XV-21602,upstream-of
P-21603,P-21604,upstream-of
P-21604,TT-21605,upstream-of
LT-21606,PT-21607,downstream-of
V-21608,V-21609,on-line
V-21609,V-21610,discharges-to
V-21610,K-21611,feeds
K-21611,TT-21612,downstream-of
TT-21612,PT-21613,feeds
PT-21613,XV-21614,on-line
XV-21614,TT-21615,on-line
COL-21616,XV-21617,discharges-to
P-21619,FCV-21620,downstream-of
FCV-21620,XV-21621,on-line
XV-21621,XV-21622,upstream-of
LT-21623,XV-21624,discharges-to
XV-21624,PSV-21625,discharges-to
FT-21627,V-21628,discharges-to
PSV-21629,PT-21630,downstream-of
PT-21630,P-21631,downstream-of
PSV-21632,FT-21633,on-line
FT-21633,LT-21634,downstream-of
LT-21634,PT-21635,on-line
PT-21635,PSV-21636,discharges-to
PSV-21637,PSV-21638,upstream-of
COL-21639,PSV-21640,on-line
PSV-21640,FCV-21641,feeds
FCV-21641,TT-21642,upstream-of
TT-21642,P-21643,feeds
P-21643,FT-21644,discharges-to
FT-21644,P-21645,discharges-to
PT-21646,P-21647,feeds
E-21648,PSV-21649,upstream-of
PSV-21649,XV-21650,on-line
E-21651,LT-21652,on-line
P-21653,XV-21654,discharges-to
XV-21654,TT-21655,upstream-of
TT-21655,P-21656,upstream-of
P-21656,PSV-21657,upstream-of
PSV-21657,PSV-21658,downstream-of
PSV-21658,E-21659,on-line
E-21659,FT-21660,downstream-of
FT-21660,FT-21661,downstream-of
FT-21661,P-21662,feeds
E-21665,P-21666,feeds
P-21666,PSV-21667,downstream-of
PSV-21667,LT-21668,downstream-of
LT-21668,V-21669,discharges-to
FCV-21670,COL-21671,feeds
COL-21671,P-21672,discharges-to
P-21672,PT-21673,discharges-to
PT-21673,FCV-21674,discharges-to
FCV-21674,V-21675,on-line
V-21675,LT-21676,downstream-of
LT-21676,TT-21677,upstream-of
TT-21677,FT-21678,discharges-to
FCV-21679,P-21680,upstream-of
P-21680,FT-21681,discharges-to
FT-21681,K-21682,on-line
K-21682,PT-21683,feeds
PT-21683,LT-21684,feeds
LT-21684,LT-21685,feeds
LT-21685,LT-21686,downstream-of
FT-21687,P-21688,downstream-of
P-21688,TT-21689,discharges-to
TT-21689,FCV-21690,discharges-to
LT-21691,COL-21692,downstream-of
COL-21692,V-21693,discharges-to
V-21693,P-21694,discharges-to
P-21694,FCV-21695,feeds
FCV-21696,PT-21697,discharges-to
PT-21697,E-21698,discharges-to
E-21698,PT-21699,downstream-of
PT-21699,XV-21700,feeds
COL-21701,K-21702,on-line
COL-21703,P-21704,upstream-of
P-21704,PT-21705,discharges-to
PT-21705,P-21706,feeds
P-21706,LT-21707,feeds
LT-21707,P-21708,discharges-to
FCV-21709,XV-21710,feeds
XV-21710,PSV-21711,on-line
PSV-21712,P-21713,on-line
P-21713,P-21714,upstream-of
P-21714,PT-21715,downstream-of
PT-21715,P-21716,discharges-to
P-21716,PT-21717,feeds
PT-21717,V-21718,upstream-of
PSV-21719,E-21720,discharges-to
E-21720,V-21721,upstream-of
V-21721,PSV-21722,discharges-to
PSV-21722,P-21723,upstream-of
P-21723,V-21724,discharges-to
V-21724,K-21725,downstream-of
TT-21726,FCV-21727,upstream-of
K-21728,PSV-21729,upstream-of
PSV-21729,TT-21730,upstream-of
TT-21730,FCV-21731,on-line
FCV-21731,V-21732,upstream-of
V-21732,XV-21733,downstream-of
XV-21733,FT-21734,upstream-of
FT-21734,PSV-21735,feeds
PSV-21735,PSV-21736,discharges-to
PSV-21736,FT-21737,on-line
FT-21737,FCV-21738,downstream-of
FCV-21738,P-21739,feeds
PSV-21740,FT-21741,feeds
FT-21741,PT-21742,downstream-of
PT-21742,TT-21743,discharges-to
TT-21743,XV-21744,downstream-of
PSV-21746,V-21747,feeds
FT-21748,P-21749,upstream-of
P-21749,PT-21750,feeds
PT-21750,FCV-21751,upstream-of
FCV-21751,E-21752,on-line
E-21752,TT-21753,downstream-of
COL-21755,V-21756,discharges-to
V-21756,K-21757,upstream-of
K-21757,FT-21758,on-line
FT-21758,XV-21759,discharges-to
PT-21760,E-21761,downstream-of
E-21761,P-21762,feeds
E-21763,P-21764,downstream-of
PSV-21767,TT-21768,on-line
TT-21768,LT-21769,discharges-to
LT-21769,P-21770,downstream-of
P-21770,P-21771,discharges-to
P-21771,LT-21772,upstream-of
LT-21772,PSV-21773,feeds
PSV-21773,XV-21774,on-line
XV-21774,TT-21775,downstream-of
TT-21775,TT-21776,downstream-of
E-21778,COL-21779,upstream-of
COL-21779,FCV-21780,downstream-of
TT-21781,P-21782,discharges-to
P-21782,PSV-21783,on-line
PSV-21783,COL-21784,feeds
COL-21784,COL-21785,on-line
COL-21785,E-21786,on-line
E-21786,LT-21787,feeds
LT-21787,COL-21788,upstream-of
COL-21788,K-21789,upstream-of
K-21789,V-21790,feeds
V-21790,COL-21791,downstream-of
PT-21793,PSV-21794,discharges-to
PSV-21794,P-21795,discharges-to
P-21795,FT-21796,upstream-of
V-21797,P-21798,downstream-of
P-21798,FT-21799,on-line
FT-21799,E-21800,downstream-of
E-21802,PT-21803,downstream-of
TT-21804,K-21805,feeds
FT-21806,V-21807,feeds
V-21807,TT-21808,downstream-of
TT-21808,TT-21809,on-line
TT-21809,COL-21810,on-line
COL-21810,TT-21811,upstream-of
TT-21811,E-21812,downstream-of
E-21812,FCV-21813,on-line
FCV-21813,TT-21814,feeds
TT-21814,PT-21815,downstream-of
PT-21815,K-21816,feeds
K-21816,TT-21817,feeds
TT-21817,K-21818,feeds
K-21818,PSV-21819,on-line
PSV-21819,FT-21820,downstream-of
XV-21821,E-21822,downstream-of
E-21822,FT-21823,discharges-to
PSV-21824,PSV-21825,on-line
PSV-21825,PT-21826,on-line
PT-21826,LT-21827,on-line
LT-21827,COL-21828,on-line
COL-21828,TT-21829,upstream-of
TT-21829,TT-21830,feeds
TT-21830,XV-21831,on-line
XV-21831,FT-21832,upstream-of
FT-21832,E-21833,feeds
E-21833,FCV-21834,on-line
FCV-21834,COL-21835,feeds
COL-21835,PSV-21836,upstream-of
P-21837,P-21838,on-line
P-21838,COL-21839,on-line
COL-21839,V-21840,discharges-to
PSV-21842,XV-21843,downstream-of
XV-21843,FCV-21844,upstream-of
FT-21847,COL-21848,discharges-to
XV-21851,P-21852,downstream-of
P-21852,FT-21853,upstream-of
P-21854,K-21855,on-line
K-21855,LT-21856,feeds
LT-21856,XV-21857,feeds
PSV-21858,FT-21859,on-line
FT-21859,PSV-21860,downstream-of
PT-21862,FT-21863,discharges-to
FT-21863,PSV-21864,upstream-of
FCV-21865,V-21866,feeds
V-21866,PSV-21867,downstream-of
PSV-21867,XV-21868,feeds
XV-21868,FCV-21869,on-line
LT-21872,FT-21873,feeds
P-21875,E-21876,on-line
E-21876,E-21877,discharges-to
P-21878,FT-21879,on-line
FT-21879,P-21880,upstream-of
COL-21882,E-21883,upstream-of
E-21883,E-21884,discharges-to
E-21884,COL-21885,on-line
COL-21885,K-21886,discharges-to
FCV-21888,COL-21889,discharges-to
COL-21889,E-21890,on-line
E-21890,LT-21891,discharges-to
PT-21892,FT-21893,on-line
FT-21893,FT-21894,upstream-of
FT-21894,PT-21895,discharges-to
FCV-21896,XV-21897,feeds
P-21899,K-21900,downstream-of
K-21900,K-21901,upstream-of
XV-21902,FCV-21903,upstream-of
FCV-21903,PT-21904,discharges-to
PT-21904,V-21905,on-line
V-21905,K-21906,discharges-to
K-21906,FCV-21907,downstream-of
PT-21908,LT-21909,feeds
LT-21909,LT-21910,downstream-of
LT-21910,FCV-21911,on-line
FCV-21911,LT-21912,feeds
LT-21912,PT-21913,downstream-of
PT-21913,E-21914,discharges-to
E-21914,K-21915,on-line
K-21915,PSV-21916,on-line
XV-21919,V-21920,on-line
V-21920,COL-21921,on-line
COL-21921,E-21922,on-line
E-21922,V-21923,upstream-of
V-21923,COL-21924,discharges-to
COL-21924,K-21925,upstream-of
K-21925,E-21926,upstream-of
TT-21930,XV-21931,on-line
XV-21931,FCV-21932,upstream-of
E-21933,COL-21934,upstream-of
COL-21934,PT-21935,on-line
PT-21935,FT-21936,discharges-to
FT-21936,PT-21937,downstream-of
PSV-21938,P-21939,on-line
P-21939,K-21940,feeds
K-21942,P-21943,upstream-of
P-21943,P-21944,downstream-of
V-21945,FCV-21946,discharges-to
PT-21948,COL-21949,discharges-to
COL-21949,TT-21950,discharges-to
V-21951,COL-21952,upstream-of
COL-21952,PT-21953,discharges-to
PT-21953,COL-21954,feeds
COL-21954,FT-21955,downstream-of
FT-21955,FT-21956,downstream-of
TT-21957,FT-21958,upstream-of
V-21960,PT-21961,upstream-of
PT-21961,TT-21962,on-line
FCV-21964,FCV-21965,on-line
V-21966,LT-21967,downstream-of
LT-21967,P-21968,downstream-of
P-21968,P-21969,on-line
P-21969,COL-21970,on-line
COL-21970,V-21971,on-line
V-21971,FT-21972,downstream-of
FT-21972,LT-21973,feeds
LT-21973,E-21974,on-line
P-21976,K-21977,downstream-of
K-21977,P-21978,upstream-of
TT-21979,FT-21980,on-line
FT-21980,LT-21981,downstream-of
LT-21981,E-21982,downstream-of
E-21982,V-21983,feeds
V-21983,E-21984,upstream-of
COL-21985,XV-21986,feeds
XV-21986,P-21987,downstream-of
P-21988,XV-21989,discharges-to
XV-21989,K-21990,discharges-to
K-21990,PSV-21991,on-line
PSV-21991,E-21992,feeds
E-21992,E-21993,discharges-to
E-21993,PSV-21994,on-line
PSV-21994,TT-21995,feeds
TT-21995,P-21996,feeds
P-21996,COL-21997,upstream-of
COL-21997,COL-21998,downstream-of
LT-21999,E-22000,discharges-to
LT-22002,FCV-22003,discharges-to
FCV-22003,P-22004,on-line
P-22004,FT-22005,upstream-of
PSV-22006,P-22007,on-line
LT-22010,P-22011,upstream-of
COL-22012,FCV-22013,upstream-of
FCV-22013,XV-22014,downstream-of
XV-22014,FCV-22015,discharges-to
FCV-22015,TT-22016,discharges-to
TT-22016,E-22017,discharges-to
PT-22018,K-22019,upstream-of
K-22019,XV-22020,upstream-of
XV-22020,K-22021,on-line
K-22021,FT-22022,on-line
FT-22022,LT-22023,upstream-of
FCV-22024,E-22025,upstream-of
V-22026,P-22027,feeds
P-22027,E-22028,discharges-to
E-22028,PT-22029,on-line
PT-22029,K-22030,downstream-of
K-22030,FCV-22031,discharges-to
FCV-22031,TT-22032,discharges-to
V-22033,K-22034,downstream-of
K-22034,PT-22035,on-line
PT-22035,FT-22036,feeds
LT-22037,TT-22038,feeds
TT-22038,FT-22039,downstream-of
FT-22040,XV-22041,upstream-of
P-22044,V-22045,on-line
V-22045,TT-22046,downstream-of
E-22047,LT-22048,feeds
LT-22048,LT-22049,on-line
LT-22049,E-22050,discharges-to
LT-22051,P-22052,upstream-of
V-22053,K-22054,upstream-of
K-22054,FCV-22055,on-line
FCV-22055,PT-22056,discharges-to
PT-22056,P-22057,upstream-of
P-22057,K-22058,upstream-of
K-22058,E-22059,on-line
E-22059,K-22060,discharges-to
E-22062,P-22063,feeds
P-22063,TT-22064,discharges-to
TT-22064,PSV-22065,on-line
PSV-22065,COL-22066,discharges-to
COL-22066,V-22067,on-line
V-22067,PSV-22068,upstream-of
P-22070,FT-22071,discharges-to
FT-22071,K-22072,discharges-to
COL-22074,K-22075,downstream-of
K-22075,COL-22076,feeds
COL-22076,PSV-22077,upstream-of
PSV-22077,COL-22078,downstream-of
COL-22078,PT-22079,downstream-of
PT-22080,PSV-22081,discharges-to
TT-22082,E-22083,upstream-of
E-22083,FCV-22084,feeds
FCV-22084,V-22085,feeds
V-22085,FT-22086,downstream-of
FT-22086,LT-22087,on-line
LT-22087,PT-22088,on-line
FT-22089,P-22090,discharges-to
FT-22091,TT-22092,on-line
TT-22092,K-22093,downstream-of
FCV-22094,E-22095,feeds
TT-22096,TT-22097,on-line
PT-22098,P-22099,feeds
P-22099,E-22100,feeds
E-22100,XV-22101,downstream-of
XV-22101,PSV-22102,discharges-to
PSV-22102,PSV-22103,feeds
FT-22104,XV-22105,on-line
XV-22105,FCV-22106,upstream-of
FT-22107,PSV-22108,downstream-of
XV-22109,COL-22110,feeds
COL-22110,TT-22111,feeds
TT-22111,PT-22112,discharges-to
PT-22112,XV-22113,feeds
E-22114,K-22115,discharges-to
K-22115,TT-22116,feeds
PSV-22117,K-22118,on-line
PSV-22119,V-22120,discharges-to
V-22120,P-22121,downstream-of
P-22121,LT-22122,on-line
PSV-22123,K-22124,on-line
K-22124,V-22125,on-line
V-22125,COL-22126,discharges-to
PSV-22127,P-22128,downstream-of
P-22128,FCV-22129,downstream-of
FCV-22130,LT-22131,upstream-of
LT-22131,XV-22132,on-line
LT-22133,PT-22134,downstream-of
XV-22135,XV-22136,downstream-of
XV-22136,PT-22137,downstream-of
PT-22137,PSV-22138,feeds
PSV-22138,E-22139,on-line
P-22142,FCV-22143,discharges-to
FT-22144,PT-22145,on-line
TT-22146,XV-22147,downstream-of
XV-22147,K-22148,feeds
K-22148,K-22149,downstream-of
FT-22150,FT-22151,discharges-to
FT-22151,P-22152,feeds
P-22152,V-22153,discharges-to
K-22154,LT-22155,feeds
LT-22155,PT-22156,feeds
XV-22157,TT-22158,downstream-of
TT-22158,E-22159,on-line
E-22159,XV-22160,downstream-of
LT-22161,E-22162,upstream-of
E-22162,COL-22163,upstream-of
V-22164,PSV-22165,feeds
PSV-22165,PT-22166,on-line
PT-22166,LT-22167,discharges-to
LT-22167,P-22168,discharges-to
P-22168,XV-22169,feeds
K-22170,P-22171,feeds
P-22171,TT-22172,upstream-of
TT-22172,FT-22173,upstream-of
FT-22173,V-22174,upstream-of
V-22174,COL-22175,downstream-of
COL-22175,PT-22176,upstream-of
PT-22176,TT-22177,on-line
TT-22177,PSV-22178,upstream-of
PSV-22178,PT-22179,downstream-of
FT-22181,FCV-22182,discharges-to
FCV-22182,PT-22183,downstream-of
PT-22183,P-22184,on-line
E-22185,XV-22186,upstream-of
LT-22188,E-22189,feeds
PSV-22190,P-22191,feeds
P-22192,K-22193,on-line
K-22193,PSV-22194,discharges-to
PSV-22194,COL-22195,downstream-of
E-22197,P-22198,feeds
P-22198,P-22199,upstream-of
FT-22200,P-22201,downstream-of
COL-22205,TT-22206,downstream-of
P-22208,FT-22209,downstream-of
FT-22209,LT-22210,downstream-of
P-22212,LT-22213,on-line
P-22218,XV-22219,feeds
XV-22219,FT-22220,upstream-of
TT-22221,TT-22222,discharges-to
E-22223,P-22224,upstream-of
P-22224,E-22225,upstream-of
E-22225,P-22226,feeds
LT-22227,FCV-22228,downstream-of
FCV-22228,V-22229,feeds
V-22229,FT-22230,discharges-to
FT-22230,FT-22231,downstream-of
FT-22231,P-22232,upstream-of
P-22232,FCV-22233,feeds
FCV-22235,FT-22236,feeds
FT-22236,FT-22237,downstream-of
FT-22237,PSV-22238,upstream-of
PSV-22238,P-22239,upstream-of
P-22239,P-22240,downstream-of
P-22240,COL-22241,on-line
P-22242,TT-22243,downstream-of
TT-22243,PSV-22244,discharges-to
K-22246,LT-22247,feeds
TT-22248,FT-22249,feeds
FT-22249,K-22250,feeds
K-22250,P-22251,on-line
P-22251,TT-22252,feeds
TT-22252,XV-22253,upstream-of
XV-22253,V-22254,discharges-to
XV-22256,E-22257,discharges-to
E-22257,TT-22258,discharges-to
TT-22258,K-22259,upstream-of
K-22259,PT-22260,discharges-to
PT-22260,K-22261,on-line
K-22261,V-22262,on-line
LT-22264,E-22265,feeds
E-22265,P-22266,feeds
P-22266,PSV-22267,downstream-of
PSV-22267,K-22268,on-line
K-22268,TT-22269,feeds
TT-22269,XV-22270,on-line
XV-22270,TT-22271,feeds
P-22272,K-22273,on-line
K-22273,FCV-22274,on-line
FCV-22274,E-22275,upstream-of
TT-22276,COL-22277,downstream-of
V-22280,P-22281,feeds
COL-22282,PT-22283,on-line
PT-22283,XV-22284,feeds
XV-22284,FT-22285,downstream-of
FT-22285,FCV-22286,on-line
FCV-22286,XV-22287,on-line
XV-22287,COL-22288,on-line
COL-22288,PT-22289,discharges-to
PT-22289,FT-22290,on-line
FT-22290,PT-22291,on-line
PT-22291,V-22292,on-line
E-22294,P-22295,discharges-to
P-22295,LT-22296,upstream-of
LT-22296,FCV-22297,discharges-to
PSV-22298,XV-22299,upstream-of
E-22300,COL-22301,downstream-of
XV-22302,LT-22303,discharges-to
LT-22303,E-22304,discharges-to
PT-22306,PT-22307,feeds
E-22308,FCV-22309,upstream-of
FCV-22309,LT-22310,discharges-to
XV-22311,XV-22312,discharges-to
FCV-22314,P-22315,downstream-of
P-22317,PSV-22318,discharges-to
V-22320,XV-22321,upstream-of
E-22324,FT-22325,discharges-to
P-22328,K-22329,discharges-to
E-22330,K-22331,discharges-to
K-22331,PSV-22332,feeds
PSV-22332,TT-22333,downstream-of
TT-22333,PSV-22334,downstream-of
PSV-22334,FCV-22335,on-line
PSV-22336,TT-22337,upstream-of
TT-22337,FCV-22338,upstream-of
PSV-22340,FCV-22341,upstream-of
COL-22342,LT-22343,on-line
V-22344,TT-22345,downstream-of
TT-22345,XV-22346,downstream-of
FCV-22347,K-22348,feeds
PSV-22349,E-22350,upstream-of
E-22350,PSV-22351,upstream-of
PSV-22351,LT-22352,upstream-of
LT-22352,PSV-22353,feeds
PSV-22353,COL-22354,feeds
COL-22354,P-22355,upstream-of
PT-22356,E-22357,discharges-to
E-22357,E-22358,upstream-of
E-22358,XV-22359,downstream-of
XV-22359,LT-22360,on-line
LT-22360,FT-22361,downstream-of
E-22363,E-22364,on-line
E-22365,FCV-22366,feeds
FCV-22366,FT-22367,downstream-of
FT-22367,E-22368,upstream-of
E-22368,TT-22369,feeds
TT-22369,TT-22370,on-line
TT-22370,PT-22371,feeds
PT-22371,P-22372,on-line
P-22372,FCV-22373,on-line
P-22374,V-22375,upstream-of
P-22376,E-22377,upstream-of
E-22377,V-22378,feeds
V-22378,FCV-22379,downstream-of
FCV-22379,P-22380,upstream-of
LT-22381,LT-22382,upstream-of
LT-22382,FCV-22383,feeds
FCV-22383,K-22384,discharges-to
LT-22385,FT-22386,upstream-of
FT-22386,PSV-22387,discharges-to
PSV-22387,P-22388,downstream-of
P-22389,COL-22390,discharges-to
P-22393,TT-22394,on-line
TT-22394,XV-22395,feeds
XV-22395,TT-22396,upstream-of
TT-22396,P-22397,on-line
P-22397,PSV-22398,downstream-of
P-22400,LT-22401,on-line
XV-22403,V-22404,feeds
V-22404,TT-22405,downstream-of
TT-22405,E-22406,upstream-of
E-22406,PT-22407,on-line
PT-22407,P-22408,downstream-of
P-22408,V-22409,on-line
PSV-22412,K-22413,downstream-of
K-22413,P-22414,upstream-of
P-22414,P-22415,downstream-of
P-22415,PSV-22416,upstream-of
PSV-22416,FCV-22417,discharges-to
COL-22419,K-22420,downstream-of
K-22420,K-22421,on-line
PSV-22422,P-22423,on-line
P-22423,P-22424,on-line
P-22424,PT-22425,downstream-of
PT-22425,COL-22426,upstream-of
E-22428,XV-22429,discharges-to
XV-22429,P-22430,upstream-of
P-22430,P-22431,discharges-to
PSV-22432,P-22433,on-line
P-22433,XV-22434,upstream-of
FCV-22437,TT-22438,feeds
TT-22438,P-22439,feeds
P-22439,XV-22440,feeds
XV-22440,LT-22441,on-line
LT-22442,COL-22443,discharges-to
COL-22443,LT-22444,downstream-of
LT-22444,P-22445,downstream-of
P-22445,TT-22446,upstream-of
PSV-22447,PT-22448,feeds
P-22449,COL-22450,on-line
COL-22450,P-22451,feeds
PSV-22452,FCV-22453,upstream-of
FCV-22453,PSV-22454,upstream-of
PSV-22454,P-22455,on-line
LT-22456,TT-22457,on-line
TT-22457,PT-22458,downstream-of
PT-22458,PT-22459,downstream-of
V-22460,COL-22461,upstream-of
V-22464,V-22465,feeds
E-22466,V-22467,downstream-of
COL-22468,FT-22469,downstream-of
FT-22469,PSV-22470,upstream-of
PSV-22470,FCV-22471,discharges-to
TT-22472,FT-22473,feeds
FT-22473,FCV-22474,feeds
FCV-22474,XV-22475,upstream-of
P-22477,LT-22478,on-line
LT-22478,P-22479,on-line
P-22479,E-22480,discharges-to
PT-22482,FT-22483,on-line
FT-22483,FT-22484,feeds
FT-22484,XV-22485,on-line
P-22486,FT-22487,downstream-of
TT-22488,FT-22489,upstream-of
FT-22489,V-22490,on-line
PSV-22491,PSV-22492,on-line
PSV-22492,LT-22493,on-line
LT-22493,XV-22494,downstream-of
XV-22494,K-22495,discharges-to
E-22496,P-22497,on-line
P-22497,V-22498,downstream-of
V-22498,TT-22499,upstream-of
TT-22499,TT-22500,on-line
TT-22500,FT-22501,upstream-of
FT-22501,V-22502,downstream-of
V-22502,PT-22503,feeds
P-22504,FT-22505,discharges-to
FT-22505,E-22506,on-line
E-22506,LT-22507,upstream-of
LT-22507,PT-22508,upstream-of
FT-22509,PT-22510,downstream-of
PT-22510,PT-22511,feeds
PT-22511,XV-22512,downstream-of
XV-22513,COL-22514,feeds
COL-22514,K-22515,discharges-to
COL-22516,COL-22517,on-line
PSV-22518,FCV-22519,discharges-to
FCV-22519,LT-22520,upstream-of
LT-22520,E-22521,upstream-of
E-22521,COL-22522,upstream-of
COL-22522,LT-22523,on-line
LT-22523,P-22524,upstream-of
P-22524,LT-22525,feeds
LT-22525,E-22526,on-line
COL-22527,COL-22528,on-line
COL-22528,TT-22529,discharges-to
K-22530,V-22531,on-line
V-22531,E-22532,on-line
V-22533,K-22534,upstream-of
K-22534,V-22535,downstream-of
V-22535,XV-22536,downstream-of
XV-22536,P-22537,upstream-of
P-22537,COL-22538,downstream-of
P-22541,FT-22542,discharges-to
FT-22542,P-22543,downstream-of
P-22543,COL-22544,downstream-of
COL-22544,E-22545,downstream-of
XV-22546,P-22547,feeds
P-22547,V-22548,downstream-of
V-22548,FCV-22549,discharges-to
PT-22550,FT-22551,upstream-of
FT-22551,TT-22552,upstream-of
TT-22552,P-22553,upstream-of
P-22553,FCV-22554,upstream-of
V-22555,FT-22556,on-line
FT-22556,V-22557,downstream-of
V-22557,FCV-22558,feeds
K-22561,PT-22562,feeds
PT-22562,P-22563,on-line
P-22563,FT-22564,downstream-of
K-22565,XV-22566,on-line
PT-22567,P-22568,downstream-of
FCV-22570,PSV-22571,on-line
K-22572,P-22573,feeds
TT-22578,PSV-22579,discharges-to
PSV-22579,PT-22580,on-line
PT-22580,FCV-22581,on-line
V-22582,PSV-22583,upstream-of
PSV-22583,FCV-22584,feeds
FCV-22584,K-22585,feeds
K-22585,K-22586,on-line
TT-22589,E-22590,feeds
E-22590,FT-22591,feeds
FT-22591,E-22592,discharges-to
E-22592,PSV-22593,downstream-of
PSV-22593,K-22594,feeds
K-22594,FCV-22595,downstream-of
P-22597,PSV-22598,downstream-of
PSV-22598,FCV-22599,discharges-to
FCV-22599,COL-22600,on-line
COL-22600,LT-22601,on-line
LT-22602,V-22603,downstream-of
TT-22604,XV-22605,feeds
XV-22605,TT-22606,feeds
COL-22607,K-22608,downstream-of
K-22608,E-22609,downstream-of
E-22609,TT-22610,feeds
TT-22610,PT-22611,discharges-to
PT-22611,PT-22612,feeds
PT-22612,K-22613,on-line
K-22614,XV-22615,discharges-to
P-22616,PSV-22617,downstream-of
K-22620,PSV-22621,discharges-to
PT-22623,P-22624,discharges-to
P-22624,TT-22625,downstream-of
COL-22626,K-22627,feeds
P-22630,P-22631,discharges-to
P-22631,COL-22632,on-line
COL-22632,V-22633,on-line
V-22634,P-22635,feeds
P-22635,LT-22636,discharges-to
LT-22636,P-22637,feeds
P-22637,TT-22638,downstream-of
TT-22638,P-22639,downstream-of
K-22640,K-22641,on-line
PSV-22643,TT-22644,on-line
TT-22644,TT-22645,downstream-of
K-22646,PSV-22647,discharges-to
PSV-22647,COL-22648,feeds
COL-22648,V-22649,upstream-of
V-22649,COL-22650,downstream-of
K-22651,FT-22652,upstream-of
FT-22652,FT-22653,upstream-of
FT-22653,PSV-22654,discharges-to
PSV-22654,TT-22655,discharges-to
TT-22655,XV-22656,discharges-to
XV-22656,PSV-22657,discharges-to
PSV-22657,XV-22658,discharges-to
XV-22658,LT-22659,feeds
LT-22659,P-22660,upstream-of
FT-22661,P-22662,feeds
TT-22663,FCV-22664,feeds
FCV-22664,FCV-22665,on-line
FCV-22665,E-22666,feeds
E-22666,P-22667,feeds
P-22667,K-22668,upstream-of
P-22674,K-22675,feeds
K-22675,E-22676,on-line
P-22677,P-22678,upstream-of
P-22678,E-22679,on-line
E-22679,LT-22680,upstream-of
PSV-22682,PSV-22683,feeds
PSV-22683,K-22684,on-line
P-22687,PSV-22688,feeds
PSV-22688,PSV-22689,discharges-to
PSV-22689,LT-22690,on-line
LT-22690,XV-22691,discharges-to
E-22692,XV-22693,downstream-of
PT-22694,V-22695,upstream-of
V-22695,FT-22696,upstream-of
FT-22696,E-22697,feeds
E-22697,P-22698,upstream-of
TT-22700,PT-22701,discharges-to
PT-22701,PT-22702,feeds
PT-22702,LT-22703,downstream-of
COL-22705,FCV-22706,feeds
FCV-22706,K-22707,upstream-of
P-22708,FCV-22709,upstream-of
P-22713,PSV-22714,upstream-of
PSV-22714,LT-22715,on-line
LT-22716,PT-22717,on-line
PT-22717,V-22718,discharges-to
V-22718,XV-22719,discharges-to
XV-22719,FT-22720,upstream-of
FT-22720,P-22721,upstream-of
P-22721,K-22722,discharges-to
XV-22723,FCV-22724,discharges-to
FCV-22724,PSV-22725,upstream-of
TT-22726,P-22727,downstream-of
P-22727,K-22728,upstream-of
K-22728,COL-22729,discharges-to
COL-22729,TT-22730,feeds
TT-22730,K-22731,downstream-of
XV-22732,K-22733,upstream-of
E-22734,COL-22735,downstream-of
P-22736,PSV-22737,feeds
PSV-22737,V-22738,on-line
V-22738,PSV-22739,feeds
PSV-22739,PT-22740,feeds
P-22742,PSV-22743,feeds
PSV-22743,E-22744,on-line
E-22744,PSV-22745,downstream-of
PSV-22745,V-22746,discharges-to
V-22746,PT-22747,feeds
PT-22747,P-22748,downstream-of
P-22748,K-22749,feeds
K-22749,PSV-22750,discharges-to
TT-22752,K-22753,downstream-of
E-22755,XV-22756,on-line
XV-22756,COL-22757,discharges-to
PSV-22758,TT-22759,upstream-of
TT-22759,PSV-22760,on-line
PT-22761,TT-22762,feeds
FCV-22763,TT-22764,upstream-of
TT-22764,E-22765,downstream-of
E-22766,P-22767,discharges-to
P-22767,LT-22768,on-line
LT-22768,COL-22769,on-line
COL-22769,E-22770,feeds
E-22770,FCV-22771,discharges-to
FCV-22771,E-22772,upstream-of
E-22772,PSV-22773,on-line
COL-22776,XV-22777,downstream-of
XV-22777,XV-22778,feeds
XV-22778,LT-22779,discharges-to
LT-22779,K-22780,on-line
K-22780,XV-22781,discharges-to
V-22782,TT-22783,feeds
TT-22783,TT-22784,on-line
TT-22784,COL-22785,downstream-of
COL-22785,TT-22786,on-line
TT-22786,LT-22787,on-line
LT-22787,P-22788,upstream-of
P-22788,XV-22789,on-line
XV-22791,FT-22792,discharges-to
FT-22792,PSV-22793,upstream-of
PSV-22793,XV-22794,discharges-to
LT-22795,FT-22796,upstream-of
FT-22796,K-22797,downstream-of
K-22797,XV-22798,downstream-of
XV-22798,K-22799,on-line
FT-22800,XV-22801,on-line
PT-22802,LT-22803,downstream-of
LT-22803,TT-22804,feeds
TT-22804,E-22805,feeds
E-22805,FCV-22806,upstream-of
P-22807,E-22808,downstream-of
E-22808,TT-22809,on-line
TT-22809,P-22810,feeds
P-22810,E-22811,on-line
E-22811,K-22812,on-line
K-22812,COL-22813,on-line
V-22814,P-22815,upstream-of
P-22815,FCV-22816,downstream-of
FCV-22816,COL-22817,upstream-of
COL-22817,COL-22818,on-line
COL-22818,E-22819,upstream-of
E-22819,LT-22820,downstream-of
LT-22820,XV-22821,upstream-of
XV-22821,FT-22822,upstream-of
TT-22823,FCV-22824,feeds
FCV-22824,PT-22825,upstream-of
PT-22825,P-22826,downstream-of
P-22826,PT-22827,upstream-of
TT-22830,TT-22831,feeds
TT-22831,TT-22832,discharges-to
TT-22832,P-22833,discharges-to
P-22833,COL-22834,upstream-of
COL-22834,P-22835,upstream-of
P-22835,E-22836,on-line
E-22836,LT-22837,feeds
LT-22837,TT-22838,on-line
K-22839,LT-22840,upstream-of
LT-22840,K-22841,feeds
K-22841,LT-22842,upstream-of
LT-22842,XV-22843,downstream-of
XV-22843,XV-22844,discharges-to
PSV-22845,COL-22846,on-line
COL-22846,V-22847,feeds
V-22847,TT-22848,upstream-of
TT-22848,K-22849,upstream-of
K-22849,P-22850,discharges-to
FCV-22851,V-22852,on-line
V-22852,PT-22853,discharges-to
FT-22855,TT-22856,upstream-of
V-22857,E-22858,downstream-of
E-22858,XV-22859,downstream-of
P-22860,LT-22861,feeds
LT-22861,E-22862,on-line
TT-22863,COL-22864,upstream-of
P-22865,FCV-22866,downstream-of
FCV-22866,E-22867,downstream-of
V-22868,LT-22869,feeds
LT-22869,XV-22870,on-line
XV-22870,PSV-22871,on-line
PSV-22871,XV-22872,downstream-of
XV-22872,P-22873,downstream-of
P-22873,LT-22874,on-line
LT-22874,FCV-22875,feeds
FCV-22875,COL-22876,upstream-of
P-22877,TT-22878,on-line
P-22879,XV-22880,discharges-to
P-22881,E-22882,feeds
E-22882,FT-22883,feeds
FT-22883,P-22884,discharges-to
COL-22887,V-22888,upstream-of
V-22888,P-22889,feeds
P-22889,P-22890,on-line
FCV-22891,V-22892,discharges-to
V-22892,V-22893,feeds
V-22893,K-22894,downstream-of
K-22894,TT-22895,feeds
TT-22895,TT-22896,on-line
TT-22896,COL-22897,downstream-of
COL-22897,FT-22898,feeds
TT-22899,K-22900,downstream-of
K-22900,XV-22901,on-line
XV-22901,TT-22902,on-line
TT-22902,COL-22903,on-line
COL-22903,E-22904,on-line
V-22905,V-22906,on-line
FCV-22908,P-22909,downstream-of
P-22909,FT-22910,downstream-of
LT-22913,LT-22914,discharges-to
LT-22914,FT-22915,discharges-to
FT-22915,XV-22916,upstream-of
XV-22916,K-22917,on-line
FCV-22918,FT-22919,on-line
K-22920,PT-22921,upstream-of
PT-22921,FCV-22922,upstream-of
K-22923,TT-22924,upstream-of
TT-22924,LT-22925,on-line
FCV-22926,FT-22927,discharges-to
FT-22931,COL-22932,upstream-of
COL-22932,COL-22933,upstream-of
COL-22934,K-22935,downstream-of
K-22935,PT-22936,downstream-of
PT-22936,PT-22937,discharges-to
PT-22937,K-22938,upstream-of
K-22938,FCV-22939,downstream-of
XV-22941,PT-22942,downstream-of
PT-22942,FT-22943,discharges-to
FT-22943,P-22944,on-line
COL-22945,FT-22946,feeds
FCV-22947,XV-22948,feeds
XV-22948,P-22949,on-line
P-22949,TT-22950,downstream-of
E-22952,P-22953,discharges-to
P-22953,K-22954,feeds
K-22954,FCV-22955,discharges-to
FCV-22955,FT-22956,discharges-to
PT-22957,P-22958,upstream-of
P-22958,TT-22959,downstream-of
TT-22959,XV-22960,discharges-to
FT-22961,P-22962,on-line
P-22962,K-22963,upstream-of
K-22963,P-22964,downstream-of
P-22964,FCV-22965,downstream-of
FCV-22965,LT-22966,feeds
LT-22966,E-22967,on-line
E-22967,PSV-22968,feeds
PSV-22968,V-22969,discharges-to
E-22970,PSV-22971,upstream-of
PSV-22971,XV-22972,discharges-to
XV-22972,LT-22973,discharges-to
LT-22973,COL-22974,on-line
COL-22974,TT-22975,downstream-of
TT-22976,XV-22977,on-line
XV-22977,LT-22978,on-line
XV-22979,V-22980,upstream-of
FCV-22981,FT-22982,feeds
FT-22982,FCV-22983,on-line
FCV-22983,COL-22984,discharges-to
COL-22984,FCV-22985,upstream-of
COL-22986,FCV-22987,discharges-to
FCV-22987,P-22988,downstream-of
P-22988,P-22989,upstream-of
XV-22990,LT-22991,feeds
LT-22991,XV-22992,downstream-of
XV-22992,P-22993,on-line
P-22993,E-22994,upstream-of
E-22994,LT-22995,on-line
LT-22995,P-22996,downstream-of
P-22996,FCV-22997,downstream-of
PSV-22998,K-22999,downstream-of
K-22999,E-23000,downstream-of
E-23000,V-23001,discharges-to
V-23001,PSV-23002,upstream-of
V-23004,FT-23005,on-line
FT-23006,FCV-23007,on-line
FT-23009,TT-23010,discharges-to
TT-23010,TT-23011,downstream-of
TT-23011,TT-23012,discharges-to
TT-23012,P-23013,discharges-to
P-23013,LT-23014,upstream-of
PSV-23015,XV-23016,downstream-of
XV-23016,K-23017,downstream-of
K-23017,PT-23018,downstream-of
P-23019,XV-23020,downstream-of
PT-23021,P-23022,on-line
P-23027,COL-23028,downstream-of
COL-23028,PT-23029,on-line
PT-23029,FCV-23030,feeds
COL-23031,XV-23032,upstream-of
XV-23032,COL-23033,upstream-of
K-23035,XV-23036,discharges-to
XV-23036,FT-23037,discharges-to
PT-23038,V-23039,on-line
V-23040,XV-23041,downstream-of
XV-23041,K-23042,feeds
PSV-23044,V-23045,upstream-of
V-23045,FCV-23046,on-line
LT-23047,LT-23048,discharges-to
K-23049,FCV-23050,upstream-of
FCV-23050,P-23051,feeds
P-23051,FCV-23052,upstream-of
FCV-23053,XV-23054,upstream-of
XV-23054,K-23055,discharges-to
K-23055,P-23056,feeds
E-23057,FT-23058,upstream-of
FT-23059,PSV-23060,upstream-of
COL-23063,TT-23064,on-line
TT-23064,E-23065,on-line
K-23066,K-23067,downstream-of
K-23067,P-23068,downstream-of
FCV-23069,COL-23070,upstream-of
COL-23070,K-23071,upstream-of
FCV-23072,XV-23073,feeds
XV-23073,TT-23074,on-line
TT-23074,LT-23075,discharges-to
LT-23075,FCV-23076,discharges-to
K-23077,LT-23078,upstream-of
LT-23078,V-23079,upstream-of
V-23079,TT-23080,downstream-of
LT-23085,FCV-23086,upstream-of
FCV-23086,P-23087,discharges-to
K-23089,FCV-23090,feeds
FCV-23090,FCV-23091,upstream-of
FCV-23091,PT-23092,upstream-of
PT-23092,V-23093,on-line
V-23093,V-23094,discharges-to
V-23094,V-23095,downstream-of
V-23095,PT-23096,on-line
PT-23096,LT-23097,feeds
LT-23097,E-23098,discharges-to
E-23098,E-23099,feeds
E-23099,PSV-23100,discharges-to
PSV-23100,TT-23101,upstream-of
TT-23101,TT-23102,upstream-of
TT-23102,P-23103,upstream-of
P-23103,PSV-23104,downstream-of
PSV-23104,FT-23105,upstream-of
E-23106,P-23107,discharges-to
FCV-23108,P-23109,on-line
P-23109,PT-23110,discharges-to
XV-23111,XV-23112,discharges-to
XV-23113,LT-23114,discharges-to
LT-23114,FCV-23115,discharges-to
FCV-23115,V-23116,on-line
XV-23117,LT-23118,downstream-of
LT-23118,FT-23119,discharges-to
FT-23119,FCV-23120,feeds
FCV-23120,PT-23121,downstream-of
PT-23121,P-23122,discharges-to
PT-23123,K-23124,upstream-of
K-23124,E-23125,upstream-of
E-23125,PT-23126,downstream-of
PT-23126,PT-23127,downstream-of
E-23128,TT-23129,upstream-of
TT-23129,FT-23130,downstream-of
FT-23130,PSV-23131,discharges-to
PSV-23131,P-23132,on-line
FCV-23133,E-23134,upstream-of
E-23134,COL-23135,feeds
COL-23135,K-23136,downstream-of
K-23136,TT-23137,discharges-to
P-23138,K-23139,feeds
P-23140,P-23141,feeds
P-23141,COL-23142,downstream-of
COL-23142,K-23143,on-line
K-23144,FT-23145,on-line
FT-23145,V-23146,downstream-of
FT-23147,E-23148,upstream-of
FCV-23149,E-23150,upstream-of
E-23150,TT-23151,feeds
TT-23151,PSV-23152,discharges-to
PSV-23152,FT-23153,upstream-of
PSV-23156,E-23157,upstream-of
E-23157,XV-23158,downstream-of
XV-23158,PT-23159,discharges-to
PT-23159,V-23160,feeds
V-23160,PT-23161,upstream-of
PT-23161,TT-23162,upstream-of
TT-23162,V-23163,on-line
V-23163,LT-23164,feeds
V-23165,XV-23166,discharges-to
XV-23166,FT-23167,feeds
FT-23167,FT-23168,feeds
V-23171,E-23172,on-line
E-23173,PT-23174,downstream-of
K-23175,PSV-23176,downstream-of
PSV-23176,FCV-23177,upstream-of
P-23179,FCV-23180,discharges-to
FCV-23180,P-23181,on-line
P-23181,PSV-23182,upstream-of
PSV-23182,XV-23183,on-line
PT-23184,PT-23185,downstream-of
PT-23185,E-23186,discharges-to
PSV-23190,P-23191,feeds
P-23191,K-23192,on-line
FCV-23193,E-23194,upstream-of
K-23195,K-23196,on-line
K-23196,COL-23197,discharges-to
TT-23198,COL-23199,on-line
COL-23199,P-23200,on-line
P-23200,K-23201,downstream-of
K-23201,XV-23202,discharges-to
E-23203,P-23204,on-line
P-23204,XV-23205,downstream-of
XV-23205,P-23206,discharges-to
P-23206,E-23207,upstream-of
E-23207,K-23208,discharges-to
K-23208,LT-23209,on-line
LT-23209,XV-23210,feeds
P-23211,PT-23212,upstream-of
PSV-23215,XV-23216,downstream-of
XV-23216,XV-23217,discharges-to
XV-23217,P-23218,upstream-of
P-23218,PT-23219,feeds
PT-23219,V-23220,on-line
V-23221,XV-23222,feeds
XV-23222,PSV-23223,feeds
PSV-23223,P-23224,on-line
TT-23225,XV-23226,downstream-of
XV-23226,V-23227,upstream-of
P-23230,P-23231,feeds
K-23232,E-23233,on-line
K-23234,K-23235,discharges-to
K-23235,COL-23236,downstream-of
COL-23236,PSV-23237,feeds
P-23238,PT-23239,upstream-of
TT-23240,P-23241,downstream-of
P-23241,E-23242,downstream-of
FT-23245,FT-23246,feeds
FT-23246,COL-23247,discharges-to
COL-23247,PT-23248,on-line
E-23251,K-23252,downstream-of
K-23252,TT-23253,feeds
TT-23253,E-23254,downstream-of
PT-23256,PSV-23257,upstream-of
PSV-23257,COL-23258,upstream-of
COL-23258,K-23259,feeds
K-23259,PSV-23260,upstream-of
COL-23261,P-23262,upstream-of
P-23262,LT-23263,downstream-of
PSV-23265,XV-23266,discharges-to
XV-23266,LT-23267,upstream-of
PT-23268,PT-23269,upstream-of
PT-23269,P-23270,upstream-of
XV-23271,FT-23272,feeds
FT-23272,FCV-23273,upstream-of
FCV-23273,PT-23274,on-line
PT-23274,FCV-23275,feeds
PSV-23276,P-23277,upstream-of
P-23277,FT-23278,discharges-to
FT-23278,P-23279,upstream-of
P-23279,PSV-23280,discharges-to
PSV-23281,E-23282,upstream-of
E-23282,FCV-23283,discharges-to
FCV-23283,P-23284,downstream-of
FT-23285,PSV-23286,on-line
K-23287,LT-23288,discharges-to
LT-23288,COL-23289,feeds
COL-23289,P-23290,downstream-of
P-23290,P-23291,on-line
P-23291,E-23292,downstream-of
E-23292,E-23293,feeds
K-23295,P-23296,upstream-of
P-23296,XV-23297,on-line
XV-23297,PSV-23298,feeds
V-23302,PSV-23303,downstream-of
P-23304,K-23305,downstream-of
K-23305,PT-23306,on-line
PT-23306,LT-23307,upstream-of
LT-23307,PT-23308,discharges-to
E-23309,COL-23310,feeds
COL-23310,COL-23311,discharges-to
COL-23311,LT-23312,on-line
LT-23312,V-23313,downstream-of
K-23314,P-23315,upstream-of
P-23315,V-23316,discharges-to
P-23317,LT-23318,discharges-to
LT-23318,FCV-23319,on-line
COL-23320,E-23321,on-line
E-23321,FT-23322,upstream-of
FT-23322,FCV-23323,downstream-of
FCV-23323,FCV-23324,downstream-of
FCV-23324,FCV-23325,downstream-of
FCV-23325,V-23326,upstream-of
V-23326,LT-23327,feeds
FCV-23328,K-23329,discharges-to
P-23330,TT-23331,upstream-of
TT-23331,PT-23332,downstream-of
FT-23333,P-23334,discharges-to
P-23334,V-23335,upstream-of
V-23335,XV-23336,upstream-of
XV-23336,LT-23337,downstream-of
LT-23337,TT-23338,feeds
TT-23338,LT-23339,on-line
LT-23339,V-23340,upstream-of
V-23340,P-23341,downstream-of
TT-23342,FCV-23343,feeds
FCV-23343,TT-23344,feeds
P-23347,P-23348,upstream-of
E-23349,FCV-23350,feeds
PSV-23353,P-23354,discharges-to
P-23354,P-23355,downstream-of
V-23356,FT-23357,downstream-of
FT-23357,PSV-23358,on-line
PSV-23358,PT-23359,on-line
V-23361,PT-23362,downstream-of
PT-23362,TT-23363,discharges-to
TT-23363,PT-23364,discharges-to
PT-23364,V-23365,downstream-of
V-23365,LT-23366,discharges-to
LT-23366,LT-23367,on-line
LT-23367,LT-23368,on-line
LT-23368,LT-23369,on-line
LT-23369,COL-23370,feeds
FT-23372,FCV-23373,discharges-to
FCV-23373,PT-23374,on-line
P-23376,PSV-23377,downstream-of
XV-23379,E-23380,upstream-of
LT-23382,LT-23383,feeds
LT-23383,PT-23384,discharges-to
PT-23384,P-23385,downstream-of
P-23385,P-23386,on-line
P-23386,V-23387,upstream-of
P-23389,P-23390,feeds
P-23390,XV-23391,feeds
XV-23391,COL-23392,on-line
FT-23393,PT-23394,downstream-of
XV-23397,FCV-23398,discharges-to
FCV-23398,FT-23399,downstream-of
FT-23399,FT-23400,upstream-of
FT-23400,P-23401,downstream-of
PSV-23402,COL-23403,on-line
COL-23403,COL-23404,upstream-of
LT-23405,P-23406,upstream-of
P-23406,PT-23407,upstream-of
PT-23407,COL-23408,feeds
COL-23413,PT-23414,upstream-of
PT-23414,P-23415,on-line
P-23415,PSV-23416,on-line
TT-23417,PT-23418,feeds
PT-23418,P-23419,discharges-to
LT-23421,K-23422,on-line
K-23422,P-23423,upstream-of
P-23423,COL-23424,downstream-of
COL-23424,PSV-23425,upstream-of
PSV-23425,P-23426,discharges-to
P-23426,E-23427,downstream-of
E-23427,PSV-23428,upstream-of
PSV-23428,PT-23429,feeds
PT-23429,FT-23430,on-line
V-23432,COL-23433,on-line
COL-23433,K-23434,on-line
K-23434,COL-23435,feeds
COL-23435,E-23436,feeds
E-23437,V-23438,downstream-of
V-23438,K-23439,discharges-to
PSV-23440,TT-23441,discharges-to
V-23442,V-23443,discharges-to
P-23445,XV-23446,downstream-of
XV-23446,LT-23447,on-line
LT-23447,K-23448,feeds
K-23448,E-23449,feeds
E-23449,E-23450,feeds
TT-23451,TT-23452,feeds
TT-23452,COL-23453,on-line
PT-23454,TT-23455,discharges-to
TT-23455,LT-23456,upstream-of
V-23457,XV-23458,downstream-of
XV-23458,PT-23459,feeds
PT-23459,K-23460,upstream-of
K-23460,FT-23461,upstream-of
FT-23461,XV-23462,discharges-to
XV-23462,K-23463,downstream-of
K-23463,PT-23464,upstream-of
PT-23464,LT-23465,downstream-of
LT-23465,LT-23466,on-line
LT-23466,PSV-23467,on-line
E-23469,FCV-23470,discharges-to
FCV-23470,P-23471,on-line
PSV-23472,FT-23473,discharges-to
K-23474,FCV-23475,downstream-of
P-23476,PSV-23477,on-line
PSV-23477,PSV-23478,upstream-of
XV-23479,PSV-23480,discharges-to
PSV-23480,K-23481,feeds
K-23481,COL-23482,on-line
COL-23482,FT-23483,upstream-of
LT-23484,PT-23485,on-line
P-23486,E-23487,downstream-of
PT-23489,XV-23490,feeds
XV-23490,COL-23491,on-line
V-23492,TT-23493,feeds
FT-23494,PSV-23495,upstream-of
FT-23496,COL-23497,downstream-of
COL-23497,FCV-23498,on-line
PSV-23499,P-23500,on-line
P-23500,PT-23501,on-line
PT-23501,E-23502,feeds
E-23502,P-23503,feeds
TT-23504,V-23505,on-line
V-23505,PSV-23506,discharges-to
PSV-23506,K-23507,on-line
K-23507,P-23508,upstream-of
V-23510,TT-23511,discharges-to
PT-23515,COL-23516,upstream-of
COL-23516,FCV-23517,downstream-of
FCV-23517,PT-23518,feeds
PT-23518,FT-23519,feeds
FT-23519,FT-23520,discharges-to
FT-23520,P-23521,discharges-to
XV-23525,FCV-23526,downstream-of
FCV-23529,LT-23530,upstream-of
LT-23530,FCV-23531,discharges-to
FCV-23531,E-23532,downstream-of
E-23532,PT-23533,feeds
PT-23533,V-23534,downstream-of
V-23535,XV-23536,on-line
XV-23536,PSV-23537,discharges-to
TT-23539,COL-23540,feeds
COL-23540,FCV-23541,discharges-to
FCV-23541,FT-23542,upstream-of
FT-23542,P-23543,downstream-of
P-23543,COL-23544,on-line
XV-23547,P-23548,on-line
P-23548,E-23549,on-line
PT-23551,TT-23552,upstream-of
TT-23552,PT-23553,downstream-of
PT-23553,K-23554,downstream-of
K-23554,FT-23555,upstream-of
FT-23555,FCV-23556,feeds
PSV-23558,P-23559,downstream-of
V-23561,K-23562,on-line
K-23562,COL-23563,on-line
COL-23563,PSV-23564,downstream-of
XV-23565,P-23566,upstream-of
P-23566,FCV-23567,on-line
FCV-23567,K-23568,on-line
K-23568,COL-23569,feeds
P-23571,TT-23572,downstream-of
LT-23573,LT-23574,upstream-of
LT-23574,TT-23575,on-line
TT-23575,E-23576,on-line
COL-23577,LT-23578,downstream-of
LT-23578,FCV-23579,upstream-of
FCV-23579,LT-23580,downstream-of
LT-23583,P-23584,on-line
P-23584,PT-23585,upstream-of
FCV-23586,TT-23587,downstream-of
TT-23588,P-23589,upstream-of
P-23589,E-23590,upstream-of
LT-23591,K-23592,upstream-of
K-23592,TT-23593,feeds
FT-23594,XV-23595,discharges-to
XV-23595,K-23596,upstream-of
E-23597,XV-23598,discharges-to
P-23599,LT-23600,feeds
LT-23600,XV-23601,feeds
XV-23601,FCV-23602,feeds
FCV-23602,PSV-23603,discharges-to
K-23604,FCV-23605,upstream-of
FCV-23609,P-23610,downstream-of
P-23610,P-23611,upstream-of
P-23611,FT-23612,feeds
LT-23613,XV-23614,upstream-of
K-23615,TT-23616,on-line
TT-23616,V-23617,on-line
V-23617,P-23618,on-line
P-23619,PT-23620,feeds
TT-23621,FCV-23622,feeds
LT-23623,FT-23624,downstream-of
TT-23625,PSV-23626,downstream-of
LT-23628,FT-23629,upstream-of
LT-23632,K-23633,feeds
K-23633,TT-23634,on-line
PSV-23636,P-23637,on-line
COL-23640,PSV-23641,discharges-to
PSV-23641,FT-23642,feeds
FT-23642,P-23643,feeds
P-23643,TT-23644,discharges-to
TT-23644,K-23645,upstream-of
K-23645,E-23646,on-line
E-23646,E-23647,feeds
E-23647,P-23648,discharges-to
FCV-23652,PT-23653,on-line
TT-23654,V-23655,on-line
V-23655,TT-23656,upstream-of
COL-23657,E-23658,downstream-of
E-23658,K-23659,downstream-of
COL-23660,PSV-23661,upstream-of
PSV-23661,LT-23662,upstream-of
K-23663,FT-23664,discharges-to
FT-23664,P-23665,upstream-of
E-23667,PT-23668,feeds
P-23669,E-23670,downstream-of
XV-23671,PSV-23672,feeds
V-23673,PT-23674,discharges-to
PT-23674,COL-23675,discharges-to
COL-23675,FT-23676,on-line
FT-23676,V-23677,feeds
XV-23678,FCV-23679,on-line
FCV-23679,TT-23680,feeds
COL-23681,V-23682,feeds
PSV-23683,COL-23684,on-line
XV-23685,PT-23686,downstream-of
PT-23686,K-23687,discharges-to
K-23687,FCV-23688,discharges-to
FCV-23690,COL-23691,downstream-of
P-23692,FT-23693,discharges-to
COL-23695,PT-23696,upstream-of
PT-23696,LT-23697,discharges-to
PT-23698,PSV-23699,downstream-of
PSV-23699,PT-23700,on-line
PT-23700,FT-23701,feeds
P-23702,PT-23703,downstream-of
PT-23703,P-23704,upstream-of
P-23704,COL-23705,on-line
PT-23706,V-23707,feeds
V-23707,TT-23708,on-line
TT-23708,PT-23709,upstream-of
PT-23709,FCV-23710,downstream-of
PSV-23712,PT-23713,discharges-to
PT-23713,V-23714,downstream-of
V-23714,TT-23715,discharges-to
TT-23715,TT-23716,on-line
TT-23716,E-23717,feeds
E-23717,FT-23718,on-line
FT-23718,XV-23719,on-line
XV-23719,E-23720,feeds
E-23720,V-23721,feeds
TT-23724,XV-23725,upstream-of
XV-23725,V-23726,on-line
V-23726,P-23727,downstream-of
P-23727,COL-23728,feeds
COL-23728,TT-23729,on-line
TT-23729,K-23730,upstream-of
K-23730,LT-23731,on-line
PSV-23733,P-23734,feeds
FCV-23735,PSV-23736,upstream-of
FCV-23737,COL-23738,discharges-to
COL-23738,COL-23739,discharges-to
COL-23739,E-23740,downstream-of
E-23740,FCV-23741,discharges-to
LT-23742,V-23743,discharges-to
XV-23745,E-23746,upstream-of
E-23746,FCV-23747,on-line
FCV-23747,P-23748,downstream-of
P-23748,LT-23749,upstream-of
LT-23749,P-23750,upstream-of
P-23750,P-23751,downstream-of
P-23751,TT-23752,on-line
TT-23752,LT-23753,on-line
FT-23754,V-23755,on-line
V-23755,PT-23756,feeds
FCV-23758,FCV-23759,upstream-of
FCV-23759,FT-23760,on-line
FT-23760,TT-23761,upstream-of
TT-23761,TT-23762,feeds
TT-23762,PT-23763,on-line
PT-23763,P-23764,downstream-of
P-23764,PT-23765,discharges-to
PT-23765,V-23766,downstream-of
V-23766,P-23767,feeds
P-23767,P-23768,downstream-of
P-23768,TT-23769,downstream-of
TT-23769,K-23770,upstream-of
K-23770,PT-23771,discharges-to
FCV-23774,XV-23775,on-line
PT-23777,COL-23778,on-line
P-23779,PT-23780,feeds
PT-23780,V-23781,feeds
XV-23784,PT-23785,discharges-to
PT-23785,PSV-23786,feeds
PSV-23786,LT-23787,upstream-of
COL-23790,LT-23791,feeds
FCV-23792,XV-23793,upstream-of
E-23794,V-23795,upstream-of
V-23795,FT-23796,discharges-to
FT-23796,LT-23797,on-line
LT-23797,LT-23798,feeds
LT-23798,XV-23799,feeds
XV-23799,P-23800,downstream-of
COL-23803,PT-23804,on-line
PT-23804,LT-23805,discharges-to
P-23806,PSV-23807,downstream-of
PSV-23807,K-23808,upstream-of
E-23809,P-23810,downstream-of
P-23810,P-23811,feeds
V-23812,FT-23813,on-line
FT-23813,COL-23814,downstream-of
COL-23814,FCV-23815,upstream-of
FCV-23815,P-23816,upstream-of
P-23816,FCV-23817,on-line
FCV-23817,LT-23818,feeds
LT-23818,P-23819,on-line
COL-23820,P-23821,discharges-to
COL-23822,K-23823,discharges-to
K-23823,TT-23824,upstream-of
TT-23824,P-23825,downstream-of
P-23825,PSV-23826,discharges-to
LT-23828,XV-23829,upstream-of
K-23830,COL-23831,on-line
COL-23831,P-23832,feeds
P-23833,FT-23834,downstream-of
FT-23834,PSV-23835,feeds
PSV-23835,P-23836,on-line
P-23836,PSV-23837,feeds
K-23840,P-23841,discharges-to
P-23841,LT-23842,discharges-to
V-23843,E-23844,upstream-of
E-23844,COL-23845,on-line
COL-23845,P-23846,on-line
P-23846,TT-23847,on-line
P-23848,P-23849,upstream-of
P-23849,LT-23850,on-line
FT-23851,XV-23852,feeds
PT-23853,XV-23854,feeds
XV-23854,P-23855,on-line
P-23855,TT-23856,feeds
TT-23856,P-23857,on-line
P-23857,P-23858,downstream-of
P-23858,V-23859,upstream-of
V-23859,K-23860,downstream-of
XV-23865,FCV-23866,discharges-to
FCV-23866,COL-23867,upstream-of
LT-23870,COL-23871,discharges-to
COL-23871,COL-23872,feeds
COL-23872,FCV-23873,upstream-of
FCV-23873,E-23874,feeds
TT-23875,PT-23876,upstream-of
PT-23876,TT-23877,feeds
TT-23877,FT-23878,upstream-of
PSV-23879,FT-23880,on-line
FT-23880,P-23881,on-line
P-23881,P-23882,on-line
P-23882,V-23883,discharges-to
V-23883,E-23884,on-line
E-23884,P-23885,feeds
P-23885,TT-23886,upstream-of
LT-23888,E-23889,downstream-of
E-23889,FCV-23890,on-line
TT-23891,LT-23892,upstream-of
LT-23892,K-23893,upstream-of
K-23893,P-23894,on-line
P-23894,PT-23895,on-line
PT-23895,P-23896,discharges-to
P-23896,COL-23897,upstream-of
COL-23897,P-23898,feeds
TT-23902,XV-23903,feeds
XV-23903,PT-23904,discharges-to
PT-23904,COL-23905,feeds
COL-23905,FCV-23906,upstream-of
FCV-23906,E-23907,feeds
E-23907,P-23908,upstream-of
P-23909,XV-23910,downstream-of
FT-23911,COL-23912,upstream-of
COL-23912,XV-23913,upstream-of
K-23914,P-23915,on-line
XV-23916,E-23917,on-line
E-23917,TT-23918,upstream-of
FCV-23919,PT-23920,downstream-of
PT-23920,K-23921,discharges-to
K-23921,K-23922,upstream-of
K-23922,K-23923,feeds
K-23923,PT-23924,on-line
K-23925,PSV-23926,feeds
PSV-23926,TT-23927,feeds
TT-23927,TT-23928,upstream-of
TT-23928,COL-23929,downstream-of
COL-23929,PT-23930,downstream-of
PT-23930,XV-23931,feeds
XV-23931,PSV-23932,feeds
FT-23933,E-23934,upstream-of
TT-23935,K-23936,downstream-of
K-23936,E-23937,downstream-of
E-23937,FT-23938,on-line
FT-23938,TT-23939,downstream-of
COL-23941,LT-23942,discharges-to
LT-23942,XV-23943,upstream-of
P-23945,LT-23946,discharges-to
LT-23946,XV-23947,downstream-of
XV-23947,FCV-23948,feeds
FCV-23948,COL-23949,upstream-of
COL-23949,PSV-23950,feeds
PSV-23950,PT-23951,discharges-to
PT-23951,PSV-23952,feeds
PSV-23952,V-23953,downstream-of
V-23953,XV-23954,upstream-of
PSV-23955,COL-23956,upstream-of
COL-23956,XV-23957,on-line
XV-23957,COL-23958,feeds
COL-23958,LT-23959,feeds
PSV-23960,FT-23961,discharges-to
FT-23961,FT-23962,on-line
FT-23962,COL-23963,feeds
COL-23963,TT-23964,on-line
TT-23964,P-23965,downstream-of
P-23965,PSV-23966,upstream-of
PSV-23966,P-23967,discharges-to
PT-23969,FT-23970,discharges-to
FT-23970,TT-23971,feeds
TT-23971,PT-23972,downstream-of
V-23974,FT-23975,upstream-of
FT-23975,XV-23976,on-line
XV-23976,FT-23977,discharges-to
P-23978,V-23979,feeds
FCV-23980,LT-23981,downstream-of
LT-23981,PT-23982,feeds
PT-23982,P-23983,discharges-to
P-23983,PSV-23984,upstream-of
E-23985,P-23986,discharges-to
XV-23987,XV-23988,on-line
XV-23988,COL-23989,downstream-of
COL-23989,P-23990,on-line
P-23990,P-23991,feeds
P-23991,K-23992,on-line
P-23994,FCV-23995,on-line
TT-23996,PSV-23997,on-line
V-23998,XV-23999,on-line
XV-23999,E-24000,on-line
E-24000,PT-24001,discharges-to
PT-24001,TT-24002,discharges-to
TT-24002,E-24003,downstream-of
E-24003,K-24004,discharges-to
K-24004,PT-24005,feeds
PT-24005,E-24006,feeds
E-24006,FT-24007,upstream-of
TT-24008,E-24009,discharges-to
V-24010,FT-24011,upstream-of
FT-24011,P-24012,discharges-to
FCV-24014,PSV-24015,upstream-of
PT-24018,V-24019,downstream-of
V-24019,LT-24020,on-line
LT-24020,V-24021,discharges-to
V-24021,FT-24022,upstream-of
LT-24024,V-24025,downstream-of
V-24025,FT-24026,downstream-of
FT-24026,TT-24027,discharges-to
TT-24027,FT-24028,on-line
FT-24028,PT-24029,downstream-of
PT-24029,PT-24030,on-line
PT-24030,COL-24031,feeds
COL-24031,XV-24032,discharges-to
FT-24033,K-24034,on-line
K-24034,PSV-24035,upstream-of
PSV-24035,TT-24036,feeds
TT-24036,COL-24037,feeds
COL-24037,PSV-24038,on-line
PSV-24038,TT-24039,downstream-of
TT-24039,V-24040,upstream-of
V-24040,P-24041,feeds
P-24041,PT-24042,feeds
K-24050,P-24051,on-line
E-24052,K-24053,feeds
K-24053,E-24054,upstream-of
E-24054,PSV-24055,on-line
PSV-24055,K-24056,downstream-of
TT-24057,K-24058,feeds
K-24058,LT-24059,on-line
LT-24059,LT-24060,on-line
LT-24060,P-24061,discharges-to
P-24061,XV-24062,feeds
XV-24062,PSV-24063,discharges-to
PSV-24063,COL-24064,discharges-to
COL-24064,PT-24065,upstream-of
PT-24065,E-24066,downstream-of
E-24066,FCV-24067,feeds
FCV-24067,TT-24068,feeds
TT-24068,E-24069,upstream-of
E-24069,P-24070,on-line
P-24070,XV-24071,discharges-to
XV-24071,P-24072,on-line
P-24072,P-24073,downstream-of
P-24073,PT-24074,discharges-to
PT-24074,PT-24075,upstream-of
PT-24075,FCV-24076,discharges-to
FT-24079,V-24080,upstream-of
TT-24081,PSV-24082,discharges-to
PSV-24082,E-24083,feeds
E-24083,FT-24084,discharges-to
FT-24084,PT-24085,downstream-of
PT-24085,P-24086,feeds
FCV-24087,FT-24088,discharges-to
FT-24088,XV-24089,downstream-of
XV-24089,FT-24090,feeds
FT-24090,PSV-24091,downstream-of
XV-24092,FT-24093,upstream-of
FT-24093,COL-24094,upstream-of
COL-24094,PT-24095,upstream-of
PT-24095,COL-24096,feeds
FT-24099,COL-24100,downstream-of
COL-24100,XV-24101,upstream-of
XV-24101,TT-24102,upstream-of
TT-24102,E-24103,upstream-of
E-24103,V-24104,upstream-of
V-24104,K-24105,discharges-to
K-24105,LT-24106,upstream-of
LT-24106,P-24107,discharges-to
P-24107,P-24108,discharges-to
P-24108,P-24109,on-line
P-24109,PT-24110,on-line
PT-24110,FT-24111,feeds
FT-24111,P-24112,on-line
P-24112,P-24113,downstream-of
P-24113,PT-24114,feeds
PT-24117,PSV-24118,feeds
PSV-24118,FT-24119,feeds
FT-24119,COL-24120,downstream-of
E-24121,FT-24122,upstream-of
FT-24122,TT-24123,downstream-of
TT-24123,K-24124,downstream-of
K-24124,V-24125,feeds
V-24125,PT-24126,discharges-to
PT-24126,XV-24127,discharges-to
XV-24127,V-24128,downstream-of
V-24128,PSV-24129,feeds
PSV-24129,PSV-24130,feeds
PSV-24130,PSV-24131,upstream-of
FT-24132,FCV-24133,upstream-of
FCV-24133,E-24134,feeds
E-24134,FCV-24135,on-line
FCV-24135,V-24136,on-line
V-24136,V-24137,on-line
FCV-24140,V-24141,upstream-of
V-24141,XV-24142,upstream-of
E-24144,P-24145,on-line
P-24145,P-24146,downstream-of
P-24146,E-24147,discharges-to
E-24148,LT-24149,downstream-of
LT-24149,LT-24150,downstream-of
V-24151,PSV-24152,feeds
PT-24154,COL-24155,upstream-of
COL-24155,TT-24156,feeds
TT-24156,XV-24157,feeds
TT-24158,E-24159,discharges-to
E-24160,P-24161,feeds
P-24161,P-24162,feeds
P-24164,XV-24165,discharges-to
XV-24165,E-24166,on-line
E-24166,P-24167,discharges-to
E-24168,V-24169,feeds
V-24169,P-24170,on-line
P-24170,P-24171,discharges-to
P-24173,P-24174,on-line
P-24174,TT-24175,on-line
FCV-24176,P-24177,discharges-to
P-24177,FCV-24178,downstream-of
FCV-24178,V-24179,downstream-of
V-24179,TT-24180,downstream-of
TT-24180,FCV-24181,feeds
FCV-24181,XV-24182,feeds
XV-24182,TT-24183,downstream-of
TT-24183,TT-24184,downstream-of
FT-24185,E-24186,discharges-to
E-24186,TT-24187,feeds
PSV-24188,XV-24189,discharges-to
XV-24189,FCV-24190,feeds
FCV-24190,FCV-24191,discharges-to
COL-24192,PT-24193,on-line
PT-24193,P-24194,downstream-of
P-24194,COL-24195,downstream-of
COL-24195,PT-24196,discharges-to
PT-24196,TT-24197,upstream-of
TT-24197,E-24198,upstream-of
E-24198,P-24199,downstream-of
P-24199,E-24200,on-line
E-24200,E-24201,discharges-to
E-24201,COL-24202,downstream-of
COL-24202,V-24203,feeds
PT-24204,FCV-24205,upstream-of
FCV-24205,COL-24206,feeds
COL-24206,XV-24207,downstream-of
XV-24207,P-24208,discharges-to
K-24209,LT-24210,feeds
LT-24210,XV-24211,on-line
XV-24211,FCV-24212,upstream-of
FCV-24212,TT-24213,feeds
TT-24213,E-24214,downstream-of
E-24214,E-24215,discharges-to
E-24215,FCV-24216,downstream-of
LT-24219,COL-24220,feeds
PSV-24221,TT-24222,upstream-of
PT-24223,FT-24224,discharges-to
FT-24224,PSV-24225,on-line
PSV-24225,XV-24226,discharges-to
XV-24226,FT-24227,upstream-of
FT-24227,COL-24228,discharges-to
COL-24228,P-24229,on-line
P-24231,PSV-24232,downstream-of
P-24234,V-24235,feeds
V-24235,PSV-24236,on-line
PSV-24236,K-24237,downstream-of
K-24237,E-24238,discharges-to
E-24238,TT-24239,downstream-of
E-24240,P-24241,upstream-of
P-24241,PT-24242,on-line
PT-24244,E-24245,downstream-of
E-24245,V-24246,discharges-to
V-24246,P-24247,discharges-to
P-24247,PT-24248,discharges-to
LT-24249,FT-24250,feeds
FT-24250,FCV-24251,upstream-of
PSV-24252,V-24253,upstream-of
V-24254,FT-24255,feeds
FT-24255,P-24256,on-line
P-24256,K-24257,discharges-to
K-24257,K-24258,upstream-of
K-24258,V-24259,feeds
V-24259,TT-24260,upstream-of
PT-24263,V-24264,upstream-of
PSV-24265,LT-24266,upstream-of
LT-24266,XV-24267,feeds
XV-24267,FT-24268,upstream-of
FT-24268,XV-24269,discharges-to
XV-24269,FCV-24270,downstream-of
FCV-24270,PT-24271,upstream-of
PT-24271,PSV-24272,discharges-to
PSV-24272,K-24273,feeds
P-24274,P-24275,upstream-of
P-24275,FT-24276,on-line
K-24277,COL-24278,discharges-to
FCV-24279,K-24280,discharges-to
PSV-24281,FCV-24282,discharges-to
FCV-24282,E-24283,upstream-of
COL-24284,FCV-24285,discharges-to
FCV-24285,E-24286,discharges-to
E-24286,P-24287,upstream-of
P-24287,V-24288,upstream-of
V-24288,V-24289,on-line
V-24289,P-24290,on-line
P-24290,PT-24291,upstream-of
PSV-24292,K-24293,feeds
K-24293,LT-24294,feeds
LT-24294,PT-24295,discharges-to
TT-24296,V-24297,upstream-of
K-24298,V-24299,feeds
V-24299,E-24300,discharges-to
E-24300,PSV-24301,downstream-of
PSV-24304,FT-24305,feeds
FT-24305,LT-24306,on-line
LT-24306,TT-24307,feeds
TT-24308,P-24309,feeds
P-24309,LT-24310,on-line
LT-24310,FT-24311,on-line
TT-24313,P-24314,discharges-to
XV-24315,PT-24316,feeds
PT-24316,K-24317,feeds
K-24317,TT-24318,upstream-of
TT-24318,V-24319,on-line
E-24321,XV-24322,discharges-to
XV-24322,XV-24323,discharges-to
FT-24324,P-24325,on-line
P-24325,V-24326,downstream-of
V-24326,V-24327,discharges-to
V-24327,FCV-24328,downstream-of
FCV-24328,P-24329,feeds
P-24329,P-24330,downstream-of
FT-24331,PSV-24332,on-line
PSV-24332,FT-24333,downstream-of
FT-24333,E-24334,upstream-of
FCV-24335,P-24336,discharges-to
P-24336,PSV-24337,feeds
PSV-24337,P-24338,discharges-to
P-24338,FT-24339,on-line
FT-24339,E-24340,downstream-of
E-24340,FT-24341,on-line
P-24342,P-24343,upstream-of
P-24343,XV-24344,on-line
XV-24344,LT-24345,feeds
XV-24346,PT-24347,downstream-of
PT-24347,P-24348,on-line
P-24348,E-24349,downstream-of
XV-24350,PT-24351,on-line
TT-24353,E-24354,discharges-to
PT-24355,PSV-24356,on-line
PSV-24356,TT-24357,upstream-of
TT-24357,V-24358,discharges-to
LT-24359,P-24360,on-line
P-24360,FCV-24361,downstream-of
PT-24362,TT-24363,upstream-of
TT-24363,E-24364,discharges-to
E-24364,K-24365,feeds
K-24365,LT-24366,feeds
K-24367,PT-24368,discharges-to
PT-24368,PSV-24369,discharges-to
PSV-24369,E-24370,on-line
E-24370,V-24371,downstream-of
V-24371,P-24372,on-line
COL-24375,P-24376,discharges-to
P-24376,K-24377,on-line
P-24378,FT-24379,discharges-to
P-24380,V-24381,on-line
V-24381,COL-24382,on-line
COL-24382,PSV-24383,on-line
PSV-24383,FCV-24384,downstream-of
FCV-24384,PSV-24385,feeds
PSV-24385,P-24386,discharges-to
P-24386,COL-24387,feeds
PT-24390,XV-24391,feeds
COL-24392,E-24393,upstream-of
E-24393,PT-24394,on-line
K-24399,XV-24400,upstream-of
XV-24400,PT-24401,discharges-to
PT-24401,V-24402,feeds
V-24402,FCV-24403,feeds
PSV-24404,LT-24405,upstream-of
LT-24405,FCV-24406,discharges-to
E-24407,TT-24408,on-line
LT-24409,XV-24410,discharges-to
XV-24410,PSV-24411,downstream-of
PT-24413,E-24414,on-line
V-24415,P-24416,discharges-to
P-24416,E-24417,discharges-to
E-24417,FCV-24418,on-line
FCV-24418,XV-24419,discharges-to
P-24420,P-24421,downstream-of
V-24422,P-24423,upstream-of
P-24423,E-24424,upstream-of
E-24424,LT-24425,downstream-of
LT-24425,K-24426,downstream-of
COL-24428,P-24429,on-line
P-24429,TT-24430,downstream-of
P-24432,P-24433,upstream-of
K-24434,P-24435,upstream-of
P-24435,COL-24436,discharges-to
COL-24436,XV-24437,upstream-of
LT-24438,E-24439,discharges-to
V-24441,E-24442,on-line
P-24443,PSV-24444,downstream-of
PSV-24444,K-24445,on-line
K-24445,E-24446,on-line
E-24446,TT-24447,upstream-of
TT-24447,TT-24448,on-line
XV-24450,FCV-24451,discharges-to
FCV-24451,PSV-24452,discharges-to
PSV-24452,K-24453,feeds
K-24453,V-24454,feeds
V-24454,COL-24455,on-line
COL-24455,PT-24456,upstream-of
XV-24459,PSV-24460,downstream-of
LT-24461,PT-24462,on-line
PT-24462,FCV-24463,on-line
FCV-24463,LT-24464,downstream-of
LT-24464,XV-24465,on-line
XV-24465,PT-24466,upstream-of
PT-24466,PSV-24467,downstream-of
PSV-24467,PSV-24468,upstream-of
PSV-24468,XV-24469,upstream-of
XV-24469,PT-24470,feeds
PT-24470,COL-24471,on-line
COL-24471,P-24472,on-line
P-24472,TT-24473,discharges-to
TT-24473,COL-24474,discharges-to
K-24475,FT-24476,upstream-of
XV-24478,K-24479,feeds
K-24479,PSV-24480,downstream-of
PSV-24480,TT-24481,upstream-of
TT-24481,XV-24482,discharges-to
XV-24482,PT-24483,downstream-of
PT-24483,TT-24484,feeds
TT-24484,V-24485,feeds
TT-24486,V-24487,downstream-of
V-24487,FT-24488,feeds
FT-24488,P-24489,discharges-to
P-24489,K-24490,upstream-of
K-24490,K-24491,on-line
E-24493,K-24494,downstream-of
K-24494,LT-24495,upstream-of
LT-24495,E-24496,upstream-of
FT-24498,P-24499,upstream-of
K-24500,TT-24501,downstream-of
TT-24501,FCV-24502,feeds
FCV-24502,P-24503,on-line
P-24503,TT-24504,upstream-of
TT-24504,FT-24505,upstream-of
FT-24505,P-24506,downstream-of
P-24506,FT-24507,feeds
P-24508,P-24509,upstream-of
P-24509,E-24510,upstream-of
COL-24511,FT-24512,feeds
E-24513,COL-24514,on-line
P-24516,PSV-24517,discharges-to
K-24518,XV-24519,downstream-of
XV-24519,TT-24520,upstream-of
FT-24521,TT-24522,on-line
TT-24522,P-24523,upstream-of
PT-24524,PSV-24525,discharges-to
PSV-24525,FCV-24526,feeds
FCV-24526,TT-24527,on-line
FCV-24528,LT-24529,on-line
LT-24529,FT-24530,upstream-of
FT-24530,XV-24531,upstream-of
XV-24531,COL-24532,downstream-of
FCV-24533,P-24534,feeds
P-24534,P-24535,on-line
P-24536,PSV-24537,discharges-to
PSV-24537,P-24538,upstream-of
P-24538,COL-24539,upstream-of
COL-24539,FCV-24540,on-line
FCV-24540,PT-24541,upstream-of
PT-24541,P-24542,discharges-to
P-24542,PSV-24543,discharges-to
PSV-24543,FCV-24544,upstream-of
FCV-24544,TT-24545,downstream-of
TT-24545,E-24546,downstream-of
FT-24547,XV-24548,discharges-to
XV-24548,PSV-24549,downstream-of
XV-24551,TT-24552,discharges-to
PSV-24554,PSV-24555,on-line
PSV-24555,P-24556,upstream-of
P-24556,PT-24557,feeds
PT-24557,P-24558,discharges-to
E-24559,XV-24560,feeds
XV-24560,P-24561,upstream-of
PT-24562,P-24563,discharges-to
P-24563,K-24564,downstream-of
K-24564,PT-24565,downstream-of
PT-24565,K-24566,discharges-to
K-24566,TT-24567,discharges-to
TT-24567,TT-24568,downstream-of
TT-24568,V-24569,feeds
V-24569,PT-24570,on-line
FT-24573,P-24574,on-line
LT-24578,FCV-24579,feeds
P-24581,V-24582,feeds
V-24582,TT-24583,feeds
TT-24583,V-24584,upstream-of
V-24584,K-24585,discharges-to
K-24585,FT-24586,feeds
FT-24587,E-24588,discharges-to
V-24590,COL-24591,on-line
COL-24591,K-24592,discharges-to
K-24592,TT-24593,downstream-of
TT-24593,COL-24594,on-line
P-24596,P-24597,feeds
P-24597,K-24598,upstream-of
K-24598,FCV-24599,discharges-to
FCV-24599,PT-24600,on-line
PSV-24601,TT-24602,on-line
TT-24602,FCV-24603,downstream-of
FCV-24603,E-24604,discharges-to
TT-24608,TT-24609,downstream-of
TT-24609,E-24610,on-line
PT-24613,E-24614,upstream-of
E-24614,FT-24615,downstream-of
FT-24615,V-24616,downstream-of
P-24617,PT-24618,feeds
TT-24619,FT-24620,downstream-of
FT-24620,FT-24621,feeds
E-24622,V-24623,upstream-of
COL-24624,LT-24625,downstream-of
LT-24625,E-24626,upstream-of
E-24626,V-24627,downstream-of
FT-24628,P-24629,feeds
P-24629,FT-24630,upstream-of
K-24633,FT-24634,upstream-of
FT-24634,XV-24635,downstream-of
XV-24635,FT-24636,feeds
TT-24637,P-24638,feeds
XV-24639,TT-24640,discharges-to
TT-24640,P-24641,upstream-of
P-24641,V-24642,on-line
TT-24643,COL-24644,upstream-of
COL-24644,XV-24645,upstream-of
XV-24645,LT-24646,feeds
LT-24646,FT-24647,downstream-of
PT-24648,XV-24649,upstream-of
K-24650,P-24651,downstream-of
P-24651,COL-24652,feeds
COL-24652,XV-24653,downstream-of
PSV-24654,COL-24655,downstream-of
COL-24655,TT-24656,on-line
P-24657,P-24658,feeds
P-24658,E-24659,feeds
V-24660,V-24661,downstream-of
V-24661,V-24662,discharges-to
V-24662,PT-24663,discharges-to
XV-24664,FT-24665,discharges-to
COL-24666,K-24667,on-line
K-24667,TT-24668,downstream-of
V-24669,P-24670,upstream-of
P-24670,LT-24671,downstream-of
LT-24671,P-24672,feeds
E-24674,V-24675,discharges-to
PSV-24676,COL-24677,upstream-of
COL-24677,E-24678,discharges-to
E-24678,P-24679,upstream-of
P-24679,P-24680,discharges-to
P-24680,P-24681,downstream-of
LT-24682,TT-24683,upstream-of
FCV-24685,K-24686,upstream-of
K-24686,FCV-24687,feeds
P-24688,E-24689,on-line
K-24691,P-24692,on-line
P-24692,PT-24693,downstream-of
E-24694,TT-24695,feeds
PT-24696,PSV-24697,on-line
PSV-24697,K-24698,upstream-of
XV-24699,V-24700,downstream-of
V-24700,LT-24701,upstream-of
LT-24701,P-24702,discharges-to
FCV-24703,E-24704,feeds
P-24706,FCV-24707,upstream-of
FCV-24707,P-24708,downstream-of
P-24708,P-24709,downstream-of
PSV-24711,FT-24712,upstream-of
P-24713,LT-24714,downstream-of
LT-24714,COL-24715,on-line
COL-24716,TT-24717,on-line
PT-24718,TT-24719,feeds
TT-24719,XV-24720,downstream-of
XV-24720,FT-24721,downstream-of
FT-24721,P-24722,downstream-of
P-24722,P-24723,discharges-to
P-24723,P-24724,discharges-to
P-24724,PSV-24725,upstream-of
PSV-24725,TT-24726,discharges-to
K-24727,PT-24728,downstream-of
PT-24728,E-24729,feeds
E-24729,PT-24730,downstream-of
FCV-24731,FT-24732,upstream-of
FT-24732,TT-24733,upstream-of
TT-24733,V-24734,on-line
V-24734,PSV-24735,discharges-to
PSV-24735,FT-24736,on-line
TT-24737,K-24738,discharges-to
V-24741,PSV-24742,on-line
PSV-24742,COL-24743,upstream-of
COL-24743,V-24744,on-line
V-24744,K-24745,upstream-of
K-24745,COL-24746,upstream-of
COL-24746,COL-24747,on-line
COL-24747,K-24748,discharges-to
K-24748,PT-24749,downstream-of
PT-24749,TT-24750,upstream-of
TT-24750,V-24751,downstream-of
V-24751,P-24752,on-line
P-24752,PT-24753,discharges-to
PSV-24755,PSV-24756,discharges-to
PSV-24756,XV-24757,upstream-of
E-24758,TT-24759,upstream-of
TT-24759,FCV-24760,upstream-of
V-24763,P-24764,on-line
P-24764,V-24765,discharges-to
PT-24767,FT-24768,downstream-of
FT-24768,XV-24769,on-line
XV-24769,P-24770,upstream-of
P-24770,P-24771,feeds
COL-24772,FCV-24773,discharges-to
FCV-24773,E-24774,downstream-of
E-24774,FCV-24775,downstream-of
FCV-24775,XV-24776,discharges-to
XV-24776,P-24777,upstream-of
P-24777,V-24778,discharges-to
V-24778,TT-24779,on-line
TT-24779,FT-24780,upstream-of
FT-24780,FCV-24781,on-line
FCV-24781,P-24782,downstream-of
P-24782,PT-24783,discharges-to
PT-24783,V-24784,upstream-of
V-24784,E-24785,upstream-of
E-24785,V-24786,downstream-of
P-24788,E-24789,discharges-to
E-24789,COL-24790,feeds
COL-24790,V-24791,discharges-to
E-24792,FT-24793,on-line
FT-24793,FCV-24794,feeds
FCV-24794,K-24795,upstream-of
K-24795,FCV-24796,on-line
FCV-24800,FCV-24801,feeds
FCV-24801,FCV-24802,on-line
PT-24803,P-24804,downstream-of
P-24804,COL-24805,discharges-to
COL-24805,E-24806,on-line
PT-24807,FT-24808,discharges-to
P-24809,TT-24810,downstream-of
TT-24810,FT-24811,on-line
FT-24811,E-24812,on-line
E-24812,LT-24813,on-line
LT-24813,P-24814,upstream-of
P-24814,E-24815,on-line
E-24815,LT-24816,on-line
LT-24819,PT-24820,downstream-of
LT-24821,E-24822,feeds
E-24822,E-24823,feeds
TT-24825,LT-24826,feeds
LT-24826,P-24827,feeds
COL-24828,V-24829,discharges-to
V-24829,TT-24830,upstream-of
COL-24833,PSV-24834,downstream-of
PSV-24834,P-24835,discharges-to
P-24835,FCV-24836,downstream-of
PSV-24837,E-24838,discharges-to
E-24838,E-24839,downstream-of
E-24839,FT-24840,downstream-of
FT-24840,K-24841,feeds
K-24841,V-24842,discharges-to
V-24842,XV-24843,downstream-of
XV-24843,FCV-24844,feeds
FCV-24844,PT-24845,upstream-of
PT-24845,FCV-24846,feeds
FCV-24846,PT-24847,feeds
PT-24847,E-24848,on-line
FCV-24849,V-24850,on-line
FCV-24851,K-24852,discharges-to
K-24852,LT-24853,on-line
LT-24853,P-24854,downstream-of
P-24854,XV-24855,discharges-to
XV-24855,LT-24856,discharges-to
LT-24856,TT-24857,on-line
E-24858,PT-24859,downstream-of
E-24860,PSV-24861,discharges-to
PSV-24861,LT-24862,feeds
LT-24862,P-24863,discharges-to
TT-24864,E-24865,upstream-of
E-24865,K-24866,discharges-to
K-24866,TT-24867,feeds
COL-24870,V-24871,downstream-of
V-24871,P-24872,upstream-of
P-24872,TT-24873,downstream-of
LT-24874,LT-24875,on-line
LT-24875,PT-24876,discharges-to
TT-24877,V-24878,feeds
V-24879,LT-24880,downstream-of
TT-24882,COL-24883,discharges-to
V-24884,V-24885,upstream-of
TT-24886,PSV-24887,discharges-to
XV-24889,PT-24890,feeds
PT-24890,PT-24891,downstream-of
XV-24892,P-24893,feeds
COL-24895,PSV-24896,on-line
TT-24898,P-24899,feeds
P-24899,V-24900,downstream-of
LT-24901,PT-24902,on-line
PT-24902,E-24903,upstream-of
E-24904,TT-24905,feeds
TT-24905,TT-24906,feeds
TT-24906,COL-24907,on-line
COL-24907,FCV-24908,feeds
FCV-24908,FT-24909,discharges-to
V-24913,TT-24914,discharges-to
TT-24914,PT-24915,upstream-of
PT-24915,XV-24916,discharges-to
XV-24916,P-24917,downstream-of
P-24917,PT-24918,upstream-of
PT-24918,FCV-24919,upstream-of
FCV-24919,PSV-24920,discharges-to
PSV-24920,P-24921,discharges-to
FT-24922,K-24923,feeds
K-24923,PSV-24924,on-line
PSV-24924,FCV-24925,feeds
FCV-24925,P-24926,on-line
P-24926,PSV-24927,downstream-of
V-24928,V-24929,upstream-of
V-24929,PT-24930,on-line
V-24931,K-24932,on-line
V-24933,FCV-24934,feeds
FCV-24934,XV-24935,feeds
XV-24935,COL-24936,downstream-of
COL-24937,XV-24938,downstream-of
XV-24938,E-24939,on-line
E-24939,PSV-24940,upstream-of
PSV-24940,COL-24941,discharges-to
COL-24941,K-24942,downstream-of
K-24943,PT-24944,feeds
PT-24944,PT-24945,on-line
P-24946,PT-24947,feeds
PT-24947,PSV-24948,upstream-of
PSV-24948,XV-24949,upstream-of
XV-24949,PSV-24950,on-line
PSV-24950,K-24951,discharges-to
K-24951,PT-24952,on-line
V-24953,K-24954,upstream-of
FCV-24956,XV-24957,downstream-of
XV-24957,COL-24958,feeds
COL-24959,K-24960,discharges-to
K-24960,E-24961,on-line
TT-24962,TT-24963,discharges-to
P-24965,LT-24966,on-line
FT-24968,PT-24969,on-line
PT-24969,COL-24970,on-line
COL-24970,P-24971,feeds
P-24971,COL-24972,upstream-of
COL-24972,TT-24973,upstream-of
TT-24973,V-24974,discharges-to
V-24974,LT-24975,upstream-of
LT-24975,K-24976,upstream-of
PT-24977,PT-24978,on-line
PT-24978,PT-24979,upstream-of
FT-24981,E-24982,feeds
P-24983,P-24984,upstream-of
COL-24985,FCV-24986,on-line
FCV-24986,TT-24987,upstream-of
TT-24989,P-24990,on-line
P-24990,E-24991,discharges-to
P-24992,P-24993,upstream-of
TT-24994,PSV-24995,discharges-to
PSV-24995,PT-24996,downstream-of
PT-24996,FT-24997,feeds
FT-24997,PSV-24998,on-line
V-25000,FT-25001,downstream-of
FT-25001,V-25002,discharges-to
V-25002,LT-25003,discharges-to
LT-25003,PSV-25004,upstream-of
K-25006,FT-25007,feeds
FT-25007,PSV-25008,feeds
PSV-25008,V-25009,on-line
PT-25010,K-25011,upstream-of
P-25012,TT-25013,upstream-of
FCV-25015,FCV-25016,upstream-of
FCV-25016,LT-25017,discharges-to
V-25018,E-25019,discharges-to
LT-25020,P-25021,on-line
FT-25022,P-25023,feeds
P-25023,FCV-25024,feeds
FCV-25024,E-25025,feeds
XV-25026,P-25027,upstream-of
P-25027,E-25028,discharges-to
E-25028,FCV-25029,discharges-to
FCV-25029,FT-25030,on-line
E-25031,E-25032,discharges-to
E-25032,PT-25033,on-line
TT-25034,V-25035,feeds
V-25035,TT-25036,downstream-of
TT-25036,PSV-25037,upstream-of
PSV-25037,P-25038,on-line
P-25039,LT-25040,feeds
FCV-25041,E-25042,upstream-of
E-25042,P-25043,downstream-of
P-25043,FT-25044,feeds
FT-25044,LT-25045,feeds
LT-25045,COL-25046,feeds
COL-25046,COL-25047,discharges-to
P-25048,COL-25049,upstream-of
COL-25049,COL-25050,on-line
COL-25050,XV-25051,discharges-to
XV-25051,PT-25052,feeds
V-25054,FT-25055,feeds
FT-25055,TT-25056,upstream-of
TT-25056,P-25057,feeds
P-25057,FT-25058,feeds
FT-25058,V-25059,discharges-to
V-25060,PSV-25061,downstream-of
PSV-25061,LT-25062,on-line
LT-25062,LT-25063,discharges-to
LT-25063,P-25064,feeds
P-25064,FCV-25065,discharges-to
P-25066,FCV-25067,downstream-of
PT-25069,COL-25070,downstream-of
K-25071,K-25072,discharges-to
K-25072,P-25073,on-line
P-25073,XV-25074,downstream-of
XV-25074,V-25075,on-line
V-25075,LT-25076,on-line
LT-25076,LT-25077,on-line
LT-25077,FT-25078,upstream-of
FT-25078,P-25079,on-line
P-25079,FCV-25080,feeds
FCV-25080,LT-25081,discharges-to
LT-25081,V-25082,feeds
XV-25083,V-25084,downstream-of
V-25084,COL-25085,downstream-of
COL-25085,P-25086,discharges-to
P-25086,E-25087,upstream-of
E-25087,FCV-25088,discharges-to
FCV-25088,LT-25089,feeds
V-25090,E-25091,downstream-of
E-25091,P-25092,upstream-of
P-25093,K-25094,downstream-of
K-25094,P-25095,upstream-of
LT-25096,LT-25097,discharges-to
LT-25097,XV-25098,downstream-of
XV-25098,FCV-25099,on-line
FCV-25099,PT-25100,upstream-of
PT-25100,E-25101,discharges-to
FT-25104,PT-25105,on-line
PT-25105,PSV-25106,discharges-to
PSV-25106,PSV-25107,discharges-to
COL-25108,K-25109,discharges-to
K-25109,XV-25110,feeds
XV-25110,V-25111,feeds
PSV-25112,TT-25113,feeds
TT-25113,PT-25114,upstream-of
PT-25114,E-25115,upstream-of
E-25115,TT-25116,discharges-to
TT-25116,E-25117,downstream-of
PT-25118,PSV-25119,discharges-to
PSV-25119,PT-25120,feeds
PT-25120,COL-25121,upstream-of
LT-25122,K-25123,on-line
K-25123,COL-25124,upstream-of
COL-25124,P-25125,downstream-of
P-25125,E-25126,upstream-of
TT-25127,V-25128,upstream-of
K-25129,TT-25130,feeds
TT-25131,V-25132,upstream-of
E-25133,COL-25134,on-line
COL-25134,PT-25135,on-line
PT-25135,COL-25136,on-line
COL-25136,XV-25137,discharges-to
XV-25137,TT-25138,downstream-of
TT-25138,TT-25139,downstream-of
TT-25139,TT-25140,feeds
FT-25145,TT-25146,downstream-of
TT-25146,FCV-25147,downstream-of
FCV-25147,V-25148,on-line
V-25148,PSV-25149,upstream-of
PSV-25149,V-25150,upstream-of
LT-25151,K-25152,feeds
K-25152,LT-25153,discharges-to
LT-25153,P-25154,on-line
P-25154,PSV-25155,discharges-to
PT-25156,COL-25157,upstream-of
COL-25157,P-25158,downstream-of
P-25158,PSV-25159,on-line
FT-25163,XV-25164,downstream-of
XV-25164,COL-25165,upstream-of
V-25166,P-25167,feeds
P-25167,E-25168,upstream-of
E-25168,P-25169,upstream-of
P-25169,TT-25170,feeds
TT-25170,FT-25171,upstream-of
TT-25173,P-25174,downstream-of
P-25174,K-25175,upstream-of
K-25175,P-25176,discharges-to
V-25177,PSV-25178,downstream-of
V-25179,E-25180,feeds
E-25180,TT-25181,upstream-of
TT-25181,LT-25182,downstream-of
V-25183,FT-25184,feeds
FT-25184,COL-25185,downstream-of
COL-25185,LT-25186,on-line
P-25189,XV-25190,upstream-of
XV-25190,E-25191,discharges-to
E-25191,PSV-25192,upstream-of
P-25193,COL-25194,discharges-to
COL-25194,E-25195,discharges-to
K-25196,TT-25197,downstream-of
TT-25197,FT-25198,discharges-to
FT-25198,XV-25199,downstream-of
XV-25199,K-25200,on-line
TT-25202,PSV-25203,upstream-of
LT-25206,XV-25207,upstream-of
XV-25207,PSV-25208,downstream-of
PSV-25208,K-25209,downstream-of
K-25209,FT-25210,upstream-of
PT-25212,PT-25213,feeds
PT-25213,LT-25214,discharges-to
LT-25214,PSV-25215,on-line
PSV-25217,E-25218,on-line
XV-25219,LT-25220,on-line
P-25222,LT-25223,upstream-of
TT-25224,XV-25225,feeds
XV-25225,P-25226,feeds
P-25226,V-25227,feeds
V-25227,P-25228,upstream-of
P-25228,FT-25229,discharges-to
FCV-25231,K-25232,discharges-to
COL-25233,TT-25234,feeds
V-25235,K-25236,on-line
K-25236,LT-25237,upstream-of
LT-25237,K-25238,feeds
PSV-25239,PSV-25240,on-line
FCV-25241,LT-25242,upstream-of
FCV-25243,TT-25244,downstream-of
TT-25244,FT-25245,upstream-of
PSV-25246,K-25247,downstream-of
K-25247,FT-25248,on-line
PSV-25249,V-25250,discharges-to
E-25253,V-25254,upstream-of
V-25254,PSV-25255,on-line
V-25256,XV-25257,discharges-to
P-25258,PSV-25259,on-line
PSV-25259,V-25260,feeds
K-25261,P-25262,upstream-of
P-25262,V-25263,feeds
V-25263,COL-25264,on-line
COL-25264,V-25265,on-line
V-25265,V-25266,discharges-to
XV-25267,P-25268,feeds
P-25268,FCV-25269,feeds
TT-25270,COL-25271,discharges-to
COL-25271,V-25272,upstream-of
V-25272,PT-25273,upstream-of
XV-25274,FT-25275,discharges-to
TT-25276,PT-25277,on-line
K-25278,TT-25279,upstream-of
TT-25279,P-25280,discharges-to
P-25281,E-25282,on-line
E-25282,TT-25283,on-line
TT-25283,P-25284,feeds
K-25285,P-25286,discharges-to
P-25286,FT-25287,discharges-to
FT-25287,FT-25288,upstream-of
V-25290,COL-25291,upstream-of
COL-25291,PT-25292,on-line
E-25294,P-25295,downstream-of
P-25297,P-25298,upstream-of
P-25298,TT-25299,upstream-of
P-25302,E-25303,upstream-of
COL-25305,V-25306,on-line
V-25308,FCV-25309,feeds
FCV-25309,XV-25310,on-line
FT-25312,P-25313,feeds
P-25313,COL-25314,on-line
E-25315,E-25316,downstream-of
E-25316,P-25317,on-line
P-25317,COL-25318,on-line
COL-25318,PSV-25319,downstream-of
PSV-25319,FT-25320,downstream-of
FT-25320,FCV-25321,discharges-to
P-25323,LT-25324,upstream-of
LT-25324,K-25325,discharges-to
K-25325,K-25326,upstream-of
K-25326,PSV-25327,on-line
PSV-25327,PSV-25328,discharges-to
PSV-25328,P-25329,discharges-to
P-25329,XV-25330,upstream-of
XV-25330,LT-25331,discharges-to
LT-25331,TT-25332,upstream-of
TT-25332,LT-25333,on-line
LT-25333,V-25334,upstream-of
K-25335,P-25336,discharges-to
P-25336,P-25337,on-line
P-25337,K-25338,upstream-of
K-25338,COL-25339,downstream-of
P-25341,K-25342,on-line
K-25342,TT-25343,on-line
TT-25343,XV-25344,feeds
XV-25344,COL-25345,upstream-of
E-25349,K-25350,downstream-of
XV-25351,XV-25352,upstream-of
PT-25354,K-25355,on-line
K-25355,COL-25356,discharges-to
COL-25356,FT-25357,on-line
TT-25358,FT-25359,on-line
FT-25359,XV-25360,downstream-of
XV-25360,FT-25361,feeds
PT-25362,PT-25363,downstream-of
V-25364,COL-25365,feeds
K-25366,P-25367,upstream-of
P-25367,E-25368,feeds
E-25371,LT-25372,feeds
LT-25372,V-25373,discharges-to
V-25373,E-25374,on-line
E-25374,P-25375,on-line
P-25375,FCV-25376,discharges-to
K-25377,PSV-25378,upstream-of
PSV-25378,TT-25379,on-line
FT-25381,P-25382,feeds
P-25382,COL-25383,discharges-to
COL-25383,TT-25384,discharges-to
P-25385,FCV-25386,upstream-of
FCV-25386,FCV-25387,on-line
FCV-25387,E-25388,downstream-of
E-25388,P-25389,downstream-of
XV-25390,COL-25391,upstream-of
COL-25391,COL-25392,upstream-of
COL-25392,FT-25393,upstream-of
PT-25395,V-25396,downstream-of
V-25396,P-25397,upstream-of
P-25397,E-25398,upstream-of
COL-25402,XV-25403,downstream-of
PSV-25404,PT-25405,downstream-of
PT-25405,FT-25406,on-line
FT-25406,PSV-25407,on-line
PSV-25407,COL-25408,feeds
COL-25408,FT-25409,feeds
PT-25410,P-25411,feeds
P-25411,P-25412,downstream-of
V-25414,TT-25415,upstream-of
TT-25415,K-25416,discharges-to
FT-25417,E-25418,discharges-to
E-25421,PSV-25422,discharges-to
PSV-25422,LT-25423,discharges-to
LT-25423,TT-25424,upstream-of
TT-25424,P-25425,on-line
P-25425,COL-25426,on-line
COL-25426,P-25427,feeds
P-25427,COL-25428,upstream-of
COL-25428,COL-25429,discharges-to
PSV-25431,COL-25432,downstream-of
COL-25432,P-25433,feeds
P-25433,P-25434,discharges-to
P-25434,K-25435,downstream-of
FCV-25437,K-25438,on-line
K-25438,FT-25439,downstream-of
FT-25439,XV-25440,on-line
XV-25440,PT-25441,downstream-of
K-25444,FT-25445,downstream-of
FT-25445,TT-25446,feeds
TT-25446,TT-25447,upstream-of
V-25448,K-25449,on-line
K-25449,COL-25450,feeds
COL-25450,P-25451,discharges-to
P-25451,V-25452,feeds
V-25452,P-25453,discharges-to
FCV-25454,PT-25455,discharges-to
FT-25456,K-25457,feeds
PT-25458,V-25459,discharges-to
XV-25460,LT-25461,feeds
LT-25461,P-25462,downstream-of
P-25462,K-25463,upstream-of
XV-25465,P-25466,on-line
P-25466,FT-25467,feeds
FT-25467,COL-25468,feeds
COL-25468,LT-25469,on-line
LT-25469,P-25470,discharges-to
P-25470,TT-25471,feeds
TT-25471,PT-25472,downstream-of
PT-25472,FCV-25473,discharges-to
FCV-25473,P-25474,on-line
P-25474,PSV-25475,downstream-of
PSV-25475,TT-25476,downstream-of
TT-25476,P-25477,downstream-of
P-25477,FT-25478,upstream-of
FT-25478,PT-25479,upstream-of
PT-25479,E-25480,on-line
P-25481,PT-25482,on-line
PT-25482,P-25483,downstream-of
P-25483,XV-25484,upstream-of
XV-25484,LT-25485,downstream-of
LT-25485,P-25486,discharges-to
P-25486,COL-25487,feeds
COL-25487,COL-25488,feeds
P-25489,K-25490,feeds
K-25490,TT-25491,feeds
V-25492,FT-25493,downstream-of
COL-25495,K-25496,upstream-of
K-25496,V-25497,on-line
V-25497,FT-25498,feeds
FT-25498,FT-25499,on-line
FT-25499,FT-25500,downstream-of
TT-25501,COL-25502,upstream-of
FT-25503,FT-25504,upstream-of
FT-25504,FCV-25505,downstream-of
LT-25506,FT-25507,upstream-of
FT-25507,TT-25508,feeds
E-25510,TT-25511,downstream-of
TT-25511,P-25512,discharges-to
P-25512,PSV-25513,discharges-to
PSV-25513,LT-25514,upstream-of
FT-25516,P-25517,downstream-of
P-25517,P-25518,discharges-to
PT-25519,COL-25520,downstream-of
FT-25521,TT-25522,upstream-of
TT-25522,P-25523,upstream-of
P-25523,FCV-25524,upstream-of
FCV-25524,PSV-25525,on-line
PSV-25525,V-25526,feeds
V-25526,PSV-25527,upstream-of
PSV-25527,PSV-25528,downstream-of
PSV-25528,PSV-25529,discharges-to
K-25530,PT-25531,on-line
PT-25531,E-25532,discharges-to
E-25532,XV-25533,discharges-to
XV-25533,XV-25534,discharges-to
XV-25534,COL-25535,on-line
COL-25536,P-25537,feeds
FT-25538,TT-25539,discharges-to
TT-25539,FT-25540,on-line
FT-25540,XV-25541,downstream-of
E-25542,XV-25543,feeds
P-25544,E-25545,discharges-to
P-25546,FT-25547,feeds
FT-25547,TT-25548,feeds
TT-25548,K-25549,on-line
K-25549,P-25550,on-line
P-25550,FCV-25551,discharges-to
FCV-25551,K-25552,feeds
P-25553,K-25554,downstream-of
PT-25556,V-25557,downstream-of
V-25557,LT-25558,on-line
LT-25559,XV-25560,upstream-of
V-25561,XV-25562,discharges-to
XV-25562,XV-25563,feeds
FT-25564,FT-25565,downstream-of
FT-25565,TT-25566,upstream-of
TT-25566,LT-25567,on-line
LT-25567,TT-25568,discharges-to
TT-25568,TT-25569,on-line
TT-25569,XV-25570,discharges-to
XV-25570,LT-25571,feeds
K-25572,PSV-25573,downstream-of
PSV-25573,P-25574,upstream-of
P-25574,XV-25575,discharges-to
XV-25575,FCV-25576,discharges-to
PSV-25577,PT-25578,discharges-to
PT-25578,FCV-25579,on-line
E-25580,FT-25581,downstream-of
FT-25581,PSV-25582,on-line
PSV-25582,COL-25583,upstream-of
COL-25583,TT-25584,downstream-of
TT-25584,PT-25585,feeds
TT-25586,PSV-25587,discharges-to
K-25589,E-25590,upstream-of
COL-25592,TT-25593,discharges-to
TT-25593,COL-25594,upstream-of
COL-25594,P-25595,discharges-to
P-25595,COL-25596,upstream-of
TT-25598,V-25599,feeds
V-25599,K-25600,upstream-of
K-25600,P-25601,on-line
LT-25602,P-25603,feeds
P-25603,K-25604,feeds
K-25604,FT-25605,discharges-to
FT-25605,V-25606,feeds
P-25607,K-25608,feeds
K-25608,V-25609,upstream-of
V-25609,PT-25610,downstream-of
PT-25610,E-25611,feeds
E-25611,PSV-25612,downstream-of
PSV-25612,V-25613,downstream-of
V-25613,E-25614,discharges-to
E-25614,XV-25615,feeds
XV-25615,TT-25616,discharges-to
TT-25616,FT-25617,upstream-of
FT-25617,PT-25618,upstream-of
PSV-25619,P-25620,downstream-of
FCV-25621,PT-25622,upstream-of
PT-25622,K-25623,on-line
TT-25624,E-25625,on-line
E-25625,E-25626,discharges-to
E-25626,P-25627,feeds
FCV-25629,PSV-25630,feeds
PSV-25630,E-25631,feeds
E-25631,XV-25632,downstream-of
XV-25632,PSV-25633,feeds
P-25635,FT-25636,discharges-to
FT-25636,E-25637,feeds
COL-25638,E-25639,discharges-to
E-25639,PT-25640,discharges-to
PT-25640,P-25641,on-line
P-25641,FCV-25642,feeds
PT-25644,K-25645,upstream-of
P-25646,FT-25647,discharges-to
FT-25647,TT-25648,on-line
XV-25649,FT-25650,feeds
FT-25651,K-25652,on-line
K-25652,FT-25653,downstream-of
FT-25653,LT-25654,feeds
PT-25655,PSV-25656,on-line
PT-25657,FCV-25658,discharges-to
FCV-25658,PSV-25659,discharges-to
PSV-25659,TT-25660,discharges-to
TT-25661,COL-25662,upstream-of
LT-25663,PSV-25664,discharges-to
LT-25666,K-25667,discharges-to
K-25667,P-25668,discharges-to
FT-25669,COL-25670,downstream-of
TT-25672,FT-25673,on-line
FT-25673,V-25674,discharges-to
V-25674,XV-25675,upstream-of
XV-25675,PT-25676,on-line
PT-25676,LT-25677,downstream-of
LT-25677,P-25678,on-line
COL-25679,PT-25680,feeds
PT-25680,PSV-25681,feeds
PSV-25681,K-25682,on-line
K-25682,FCV-25683,discharges-to
K-25687,V-25688,feeds
V-25688,PT-25689,feeds
PT-25689,FCV-25690,discharges-to
K-25691,TT-25692,discharges-to
TT-25692,PSV-25693,upstream-of
PSV-25693,COL-25694,upstream-of
COL-25694,V-25695,downstream-of
V-25695,V-25696,upstream-of
V-25696,LT-25697,on-line
LT-25697,P-25698,discharges-to
P-25698,V-25699,upstream-of
V-25699,PT-25700,upstream-of
PT-25700,P-25701,discharges-to
P-25701,PT-25702,upstream-of
PT-25702,K-25703,upstream-of
P-25705,P-25706,upstream-of
P-25706,XV-25707,discharges-to
XV-25707,PT-25708,feeds
PT-25709,XV-25710,upstream-of
XV-25710,FT-25711,on-line
FT-25711,LT-25712,on-line
LT-25712,PT-25713,feeds
PT-25713,COL-25714,downstream-of
COL-25714,V-25715,upstream-of
V-25715,V-25716,on-line
V-25716,V-25717,discharges-to
V-25717,FCV-25718,feeds
FCV-25718,E-25719,on-line
E-25719,P-25720,upstream-of
P-25720,V-25721,upstream-of
V-25721,FT-25722,downstream-of
LT-25723,P-25724,feeds
P-25724,V-25725,discharges-to
V-25725,XV-25726,feeds
K-25727,TT-25728,upstream-of
TT-25728,E-25729,discharges-to
E-25729,TT-25730,feeds
TT-25730,V-25731,upstream-of
FT-25732,P-25733,upstream-of
P-25733,FT-25734,downstream-of
E-25735,P-25736,on-line
P-25736,PT-25737,feeds
P-25738,FT-25739,upstream-of
FT-25739,PSV-25740,feeds
PSV-25740,PT-25741,on-line
PT-25741,LT-25742,downstream-of
LT-25742,PT-25743,downstream-of
PT-25743,P-25744,discharges-to
P-25744,TT-25745,downstream-of
TT-25745,LT-25746,feeds
LT-25746,FT-25747,discharges-to
FT-25747,TT-25748,feeds
TT-25748,LT-25749,upstream-of
LT-25749,FT-25750,upstream-of
FT-25750,P-25751,on-line
P-25751,PT-25752,on-line
PT-25752,XV-25753,feeds
XV-25753,XV-25754,upstream-of
FT-25756,E-25757,on-line
FT-25762,COL-25763,downstream-of
COL-25763,FCV-25764,on-line
COL-25765,XV-25766,on-line
XV-25766,P-25767,downstream-of
P-25767,PT-25768,downstream-of
PT-25768,P-25769,downstream-of
P-25769,PSV-25770,upstream-of
PSV-25770,PSV-25771,discharges-to
PSV-25771,P-25772,downstream-of
P-25772,XV-25773,upstream-of
XV-25773,V-25774,upstream-of
V-25774,FT-25775,upstream-of
FT-25775,XV-25776,upstream-of
XV-25776,V-25777,upstream-of
P-25779,COL-25780,discharges-to
COL-25780,LT-25781,discharges-to
TT-25782,P-25783,discharges-to
P-25783,E-25784,feeds
E-25784,K-25785,downstream-of
K-25785,V-25786,feeds
V-25786,TT-25787,on-line
P-25789,E-25790,downstream-of
E-25790,P-25791,downstream-of
FT-25793,P-25794,upstream-of
P-25794,XV-25795,discharges-to
COL-25796,PSV-25797,feeds
PSV-25797,COL-25798,upstream-of
COL-25798,E-25799,on-line
COL-25800,P-25801,upstream-of
P-25801,P-25802,upstream-of
P-25802,LT-25803,on-line
LT-25803,FT-25804,on-line
FT-25804,K-25805,downstream-of
K-25805,V-25806,on-line
V-25806,XV-25807,upstream-of
P-25809,PT-25810,discharges-to
PT-25810,P-25811,on-line
P-25811,LT-25812,downstream-of
LT-25812,TT-25813,on-line
TT-25813,P-25814,discharges-to
P-25814,E-25815,feeds
E-25815,P-25816,feeds
PT-25819,K-25820,feeds
K-25820,LT-25821,upstream-of
LT-25821,K-25822,on-line
K-25822,K-25823,on-line
K-25823,E-25824,downstream-of
K-25826,PT-25827,feeds
PT-25827,COL-25828,feeds
COL-25828,PSV-25829,discharges-to
PSV-25829,E-25830,on-line
P-25831,XV-25832,discharges-to
XV-25832,P-25833,upstream-of
P-25833,PSV-25834,upstream-of
P-25835,FT-25836,upstream-of
FT-25836,E-25837,upstream-of
P-25838,FT-25839,feeds
FT-25839,COL-25840,upstream-of
COL-25840,FT-25841,downstream-of
FT-25841,TT-25842,on-line
TT-25842,LT-25843,downstream-of
LT-25843,P-25844,discharges-to
P-25844,PSV-25845,on-line
PSV-25845,XV-25846,feeds
XV-25846,XV-25847,discharges-to
XV-25847,V-25848,on-line
V-25848,FCV-25849,discharges-to
FCV-25849,E-25850,upstream-of
E-25850,PT-25851,on-line
PT-25851,PSV-25852,feeds
PSV-25852,V-25853,discharges-to
V-25853,XV-25854,on-line
XV-25854,P-25855,upstream-of
P-25855,COL-25856,discharges-to
COL-25856,XV-25857,feeds
P-25858,P-25859,feeds
P-25859,FT-25860,feeds
FT-25860,XV-25861,on-line
XV-25861,P-25862,discharges-to
E-25864,FT-25865,upstream-of
FT-25865,PSV-25866,feeds
PSV-25866,XV-25867,feeds
XV-25867,XV-25868,discharges-to
XV-25868,P-25869,on-line
COL-25870,TT-25871,discharges-to
TT-25871,K-25872,on-line
K-25872,V-25873,on-line
XV-25875,K-25876,upstream-of
K-25876,LT-25877,upstream-of
LT-25877,K-25878,discharges-to
K-25878,P-25879,discharges-to
P-25879,K-25880,discharges-to
K-25880,P-25881,on-line
LT-25882,K-25883,upstream-of
PSV-25886,TT-25887,downstream-of
TT-25887,PT-25888,feeds
PT-25888,E-25889,downstream-of
LT-25890,PSV-25891,discharges-to
PSV-25891,P-25892,discharges-to
P-25892,P-25893,feeds
P-25893,FCV-25894,downstream-of
XV-25895,PT-25896,feeds
P-25898,E-25899,discharges-to
E-25899,P-25900,on-line
P-25900,P-25901,downstream-of
FCV-25902,P-25903,discharges-to
P-25903,E-25904,downstream-of
E-25904,P-25905,discharges-to
FCV-25906,FT-25907,feeds
FT-25907,FT-25908,upstream-of
FT-25908,FCV-25909,on-line
FCV-25909,LT-25910,upstream-of
LT-25910,TT-25911,discharges-to
TT-25911,FCV-25912,upstream-of
P-25913,PT-25914,feeds
PT-25914,LT-25915,on-line
P-25916,PT-25917,on-line
TT-25920,XV-25921,discharges-to
FCV-25922,FT-25923,upstream-of
FT-25923,LT-25924,feeds
LT-25924,TT-25925,feeds
COL-25927,COL-25928,downstream-of
E-25929,PSV-25930,discharges-to
TT-25931,P-25932,discharges-to
LT-25933,FCV-25934,downstream-of
FCV-25934,COL-25935,downstream-of
COL-25935,COL-25936,discharges-to
COL-25936,PT-25937,discharges-to
PT-25937,XV-25938,upstream-of
TT-25939,FT-25940,upstream-of
FT-25940,XV-25941,upstream-of
XV-25941,PSV-25942,discharges-to
PSV-25942,PSV-25943,feeds
PSV-25943,FT-25944,on-line
PT-25945,P-25946,on-line
P-25946,FCV-25947,discharges-to
LT-25948,LT-25949,discharges-to
LT-25949,P-25950,on-line
PSV-25952,FT-25953,upstream-of
E-25955,FCV-25956,discharges-to
P-25958,FCV-25959,feeds
FCV-25959,K-25960,discharges-to
K-25960,E-25961,upstream-of
E-25961,P-25962,on-line
P-25962,V-25963,downstream-of
V-25963,P-25964,discharges-to
P-25964,TT-25965,upstream-of
TT-25965,TT-25966,downstream-of
TT-25966,FT-25967,discharges-to
FT-25967,P-25968,upstream-of
P-25968,E-25969,feeds
E-25969,PSV-25970,on-line
PSV-25970,LT-25971,on-line
LT-25971,K-25972,upstream-of
PT-25974,TT-25975,upstream-of
P-25980,E-25981,downstream-of
E-25981,FT-25982,upstream-of
FT-25982,FT-25983,feeds
FT-25983,PT-25984,upstream-of
COL-25985,PT-25986,upstream-of
FT-25987,FT-25988,discharges-to
FT-25988,FT-25989,upstream-of
FT-25989,COL-25990,upstream-of
COL-25990,E-25991,upstream-of
E-25991,FCV-25992,upstream-of
FCV-25992,P-25993,upstream-of
P-25993,K-25994,on-line
K-25994,P-25995,on-line
P-25995,K-25996,discharges-to
COL-25997,TT-25998,feeds
TT-25998,COL-25999,upstream-of
TT-26000,FT-26001,feeds
FT-26001,XV-26002,discharges-to
K-26003,P-26004,upstream-of
E-26005,LT-26006,discharges-to
PSV-26007,XV-26008,discharges-to
COL-26009,V-26010,downstream-of
V-26010,FCV-26011,downstream-of
FCV-26011,COL-26012,feeds
COL-26012,FT-26013,upstream-of
FT-26013,XV-26014,upstream-of
XV-26014,K-26015,discharges-to
E-26016,V-26017,on-line
V-26017,E-26018,discharges-to
PT-26019,K-26020,on-line
K-26020,FCV-26021,downstream-of
FCV-26021,FT-26022,on-line
TT-26025,FCV-26026,upstream-of
FCV-26026,V-26027,on-line
V-26027,E-26028,discharges-to
K-26030,K-26031,on-line
K-26031,E-26032,on-line
E-26032,V-26033,discharges-to
P-26034,V-26035,upstream-of
LT-26037,LT-26038,feeds
P-26040,P-26041,on-line
P-26041,V-26042,upstream-of
TT-26044,P-26045,downstream-of
P-26045,LT-26046,upstream-of
LT-26046,V-26047,feeds
V-26047,COL-26048,feeds
COL-26048,TT-26049,discharges-to
TT-26049,FCV-26050,discharges-to
FCV-26050,FCV-26051,on-line
FCV-26051,PSV-26052,downstream-of
PSV-26052,PSV-26053,downstream-of
PSV-26053,FCV-26054,discharges-to
FCV-26054,TT-26055,on-line
TT-26055,TT-26056,upstream-of
P-26057,P-26058,upstream-of
V-26059,PT-26060,feeds
PT-26060,P-26061,downstream-of
P-26061,COL-26062,upstream-of
COL-26062,FCV-26063,on-line
FCV-26063,V-26064,discharges-to
V-26064,PSV-26065,upstream-of
PSV-26065,E-26066,downstream-of
E-26066,PT-26067,upstream-of
PT-26067,COL-26068,discharges-to
COL-26068,P-26069,downstream-of
P-26069,FCV-26070,discharges-to
PT-26072,TT-26073,discharges-to
TT-26073,FCV-26074,downstream-of
TT-26075,P-26076,on-line
XV-26077,K-26078,on-line
K-26078,P-26079,feeds
P-26079,PT-26080,upstream-of
PT-26080,PT-26081,feeds
PT-26081,P-26082,discharges-to
P-26082,TT-26083,downstream-of
TT-26084,COL-26085,on-line
FCV-26086,K-26087,discharges-to
PT-26089,K-26090,feeds
K-26090,E-26091,on-line
E-26091,P-26092,on-line
P-26092,FT-26093,upstream-of
XV-26094,COL-26095,downstream-of
COL-26095,XV-26096,feeds
XV-26096,COL-26097,upstream-of
COL-26097,LT-26098,feeds
LT-26098,FCV-26099,discharges-to
FCV-26099,FT-26100,feeds
K-26101,E-26102,on-line
E-26102,TT-26103,on-line
E-26104,FCV-26105,upstream-of
FCV-26105,PT-26106,on-line
PT-26106,V-26107,feeds
V-26107,XV-26108,discharges-to
FCV-26111,FT-26112,upstream-of
FT-26114,FT-26115,on-line
XV-26116,PT-26117,upstream-of
PT-26117,K-26118,on-line
K-26118,PSV-26119,on-line
PSV-26119,PT-26120,downstream-of
PT-26120,LT-26121,downstream-of
PT-26124,PSV-26125,downstream-of
PSV-26125,PT-26126,feeds
PT-26126,P-26127,on-line
P-26127,P-26128,upstream-of
PT-26129,PSV-26130,discharges-to
PSV-26130,FT-26131,feeds
P-26132,P-26133,upstream-of
K-26134,XV-26135,discharges-to
XV-26135,TT-26136,feeds
TT-26138,TT-26139,discharges-to
V-26141,COL-26142,upstream-of
LT-26143,K-26144,on-line
P-26145,XV-26146,upstream-of
XV-26146,P-26147,downstream-of
K-26148,P-26149,upstream-of
E-26150,FCV-26151,downstream-of
P-26152,P-26153,feeds
P-26153,K-26154,feeds
K-26154,XV-26155,on-line
XV-26155,K-26156,downstream-of
K-26156,TT-26157,on-line
TT-26157,XV-26158,discharges-to
XV-26158,K-26159,on-line
K-26159,FCV-26160,discharges-to
FCV-26160,PT-26161,discharges-to
PT-26161,COL-26162,discharges-to
COL-26162,PT-26163,discharges-to
PT-26163,K-26164,downstream-of
K-26164,FCV-26165,downstream-of
FCV-26165,FT-26166,discharges-to
FT-26166,E-26167,discharges-to
V-26169,K-26170,on-line
PT-26172,P-26173,upstream-of
P-26173,PSV-26174,on-line
PSV-26174,PT-26175,downstream-of
PT-26175,P-26176,upstream-of
P-26176,PT-26177,on-line
PT-26177,PT-26178,upstream-of
PT-26178,E-26179,downstream-of
E-26179,FT-26180,on-line
FT-26180,PSV-26181,on-line
PSV-26181,P-26182,downstream-of
P-26182,K-26183,downstream-of
K-26183,XV-26184,feeds
XV-26184,PT-26185,on-line
PT-26185,E-26186,upstream-of
E-26186,E-26187,feeds
E-26187,P-26188,discharges-to
P-26188,PT-26189,upstream-of
PT-26189,LT-26190,discharges-to
K-26191,FT-26192,upstream-of
FT-26192,FT-26193,downstream-of
FT-26193,E-26194,upstream-of
E-26194,LT-26195,on-line
LT-26196,P-26197,downstream-of
PSV-26198,LT-26199,discharges-to
PT-26203,P-26204,feeds
P-26204,XV-26205,discharges-to
XV-26205,P-26206,on-line
P-26206,P-26207,on-line
V-26209,TT-26210,discharges-to
TT-26210,P-26211,discharges-to
P-26211,P-26212,feeds
P-26215,V-26216,on-line
V-26216,PSV-26217,feeds
PSV-26217,TT-26218,feeds
TT-26218,P-26219,on-line
P-26219,COL-26220,downstream-of
COL-26220,FT-26221,upstream-of
LT-26223,PT-26224,on-line
PT-26224,FT-26225,discharges-to
P-26226,FT-26227,feeds
FT-26227,FCV-26228,discharges-to
FT-26229,LT-26230,discharges-to
LT-26230,V-26231,discharges-to
TT-26232,P-26233,upstream-of
V-26234,E-26235,feeds
E-26235,FCV-26236,downstream-of
FCV-26236,COL-26237,feeds
P-26238,K-26239,on-line
K-26239,COL-26240,feeds
XV-26241,PT-26242,discharges-to
PT-26242,LT-26243,discharges-to
LT-26243,FT-26244,feeds
FT-26244,K-26245,upstream-of
K-26245,XV-26246,on-line
XV-26246,TT-26247,on-line
TT-26247,TT-26248,upstream-of
TT-26248,TT-26249,feeds
TT-26249,K-26250,discharges-to
K-26250,COL-26251,upstream-of
COL-26251,TT-26252,feeds
TT-26252,P-26253,upstream-of
TT-26254,FCV-26255,discharges-to
K-26256,FT-26257,upstream-of
FT-26257,FT-26258,on-line
FT-26258,FCV-26259,feeds
FCV-26259,FCV-26260,discharges-to
FCV-26260,V-26261,on-line
V-26261,P-26262,on-line
P-26263,K-26264,on-line
K-26264,FT-26265,discharges-to
FT-26265,PSV-26266,feeds
LT-26267,TT-26268,feeds
TT-26268,P-26269,downstream-of
P-26269,E-26270,feeds
E-26270,K-26271,feeds
K-26271,V-26272,discharges-to
V-26272,E-26273,feeds
E-26273,V-26274,feeds
V-26274,FCV-26275,downstream-of
FCV-26275,FCV-26276,upstream-of
E-26278,PT-26279,feeds
PT-26279,PSV-26280,downstream-of
PSV-26280,FT-26281,upstream-of
FT-26281,P-26282,discharges-to
P-26282,V-26283,upstream-of
V-26283,V-26284,feeds
V-26284,FT-26285,discharges-to
LT-26286,P-26287,downstream-of
P-26287,E-26288,downstream-of
E-26288,COL-26289,feeds
COL-26289,FCV-26290,downstream-of
FCV-26290,FCV-26291,downstream-of
FCV-26291,PT-26292,downstream-of
P-26294,P-26295,upstream-of
E-26300,E-26301,on-line
E-26301,PT-26302,upstream-of
PT-26302,LT-26303,discharges-to
LT-26309,TT-26310,discharges-to
FCV-26311,FCV-26312,downstream-of
FCV-26312,LT-26313,downstream-of
LT-26313,P-26314,feeds
COL-26315,PSV-26316,discharges-to
PSV-26316,PT-26317,downstream-of
PT-26317,TT-26318,upstream-of
E-26319,E-26320,discharges-to
E-26320,FCV-26321,downstream-of
FCV-26321,P-26322,discharges-to
P-26322,FCV-26323,feeds
TT-26324,V-26325,upstream-of
FCV-26326,E-26327,upstream-of
PT-26328,XV-26329,downstream-of
XV-26329,P-26330,on-line
P-26330,FT-26331,downstream-of
FT-26331,P-26332,discharges-to
PT-26334,LT-26335,on-line
PSV-26338,V-26339,downstream-of
V-26339,K-26340,on-line
K-26340,K-26341,feeds
K-26341,V-26342,upstream-of
V-26342,FCV-26343,upstream-of
FCV-26343,PT-26344,upstream-of
LT-26346,K-26347,on-line
K-26347,P-26348,downstream-of
P-26351,XV-26352,downstream-of
XV-26352,P-26353,upstream-of
P-26353,P-26354,upstream-of
P-26354,FCV-26355,feeds
COL-26356,E-26357,downstream-of
E-26357,COL-26358,feeds
COL-26358,COL-26359,discharges-to
COL-26359,PT-26360,on-line
PT-26360,LT-26361,upstream-of
LT-26361,XV-26362,downstream-of
XV-26362,V-26363,discharges-to
LT-26364,COL-26365,feeds
E-26366,V-26367,on-line
V-26367,PT-26368,upstream-of
PT-26368,E-26369,feeds
E-26369,FCV-26370,feeds
FCV-26370,E-26371,discharges-to
E-26371,COL-26372,upstream-of
V-26373,FCV-26374,discharges-to
P-26375,V-26376,upstream-of
V-26376,COL-26377,downstream-of
COL-26377,PSV-26378,feeds
PSV-26378,COL-26379,on-line
COL-26379,E-26380,upstream-of
K-26381,FT-26382,on-line
PT-26385,FT-26386,downstream-of
FCV-26387,FT-26388,on-line
P-26389,XV-26390,downstream-of
XV-26390,PT-26391,feeds
PT-26391,FCV-26392,feeds
K-26393,LT-26394,feeds
LT-26394,PSV-26395,feeds
PSV-26395,K-26396,upstream-of
XV-26402,COL-26403,discharges-to
P-26404,P-26405,upstream-of
FCV-26408,P-26409,downstream-of
XV-26410,XV-26411,feeds
XV-26411,PT-26412,on-line
PT-26412,COL-26413,discharges-to
K-26414,P-26415,discharges-to
P-26415,FCV-26416,discharges-to
FCV-26416,E-26417,downstream-of
E-26417,FCV-26418,upstream-of
FCV-26418,K-26419,discharges-to
K-26419,V-26420,discharges-to
V-26420,XV-26421,feeds
COL-26422,XV-26423,upstream-of
XV-26423,P-26424,discharges-to
LT-26425,TT-26426,upstream-of
P-26427,PSV-26428,discharges-to
PSV-26428,E-26429,downstream-of
LT-26430,LT-26431,upstream-of
LT-26431,TT-26432,upstream-of
TT-26432,LT-26433,on-line
LT-26433,P-26434,on-line
P-26434,LT-26435,on-line
LT-26435,K-26436,on-line
K-26436,XV-26437,feeds
TT-26438,XV-26439,discharges-to
XV-26439,LT-26440,upstream-of
LT-26440,K-26441,on-line
E-26442,P-26443,discharges-to
P-26443,COL-26444,discharges-to
COL-26444,P-26445,downstream-of
FCV-26446,LT-26447,on-line
XV-26448,PT-26449,on-line
PT-26449,FT-26450,upstream-of
TT-26451,PSV-26452,discharges-to
PSV-26452,P-26453,on-line
FCV-26454,LT-26455,discharges-to
LT-26458,COL-26459,on-line
COL-26459,TT-26460,upstream-of
TT-26460,FCV-26461,on-line
FCV-26461,FT-26462,upstream-of
FT-26462,FCV-26463,discharges-to
LT-26464,LT-26465,feeds
LT-26465,V-26466,on-line
P-26469,PT-26470,on-line
PT-26470,P-26471,feeds
P-26471,TT-26472,upstream-of
TT-26472,XV-26473,feeds
PT-26474,TT-26475,on-line
TT-26475,LT-26476,feeds
P-26478,FCV-26479,downstream-of
FCV-26479,XV-26480,downstream-of
P-26484,FT-26485,on-line
PT-26488,PT-26489,upstream-of
FT-26491,PT-26492,upstream-of
LT-26493,FT-26494,on-line
FT-26494,FCV-26495,discharges-to
P-26496,PT-26497,on-line
PT-26497,K-26498,upstream-of
K-26498,PT-26499,downstream-of
PT-26499,FCV-26500,discharges-to
FCV-26500,COL-26501,downstream-of
COL-26501,LT-26502,upstream-of
LT-26502,COL-26503,feeds
COL-26503,TT-26504,on-line
FCV-26505,K-26506,discharges-to
K-26506,LT-26507,on-line
TT-26508,P-26509,upstream-of
K-26510,LT-26511,downstream-of
LT-26511,PSV-26512,discharges-to
PSV-26512,TT-26513,discharges-to
TT-26513,PT-26514,on-line
PT-26514,FT-26515,feeds
TT-26517,PSV-26518,on-line
PSV-26518,E-26519,downstream-of
COL-26521,LT-26522,feeds
XV-26523,LT-26524,downstream-of
V-26525,TT-26526,upstream-of
TT-26526,COL-26527,feeds
FT-26528,PT-26529,downstream-of
PT-26529,PT-26530,on-line
PT-26530,XV-26531,downstream-of
XV-26531,K-26532,downstream-of
FCV-26534,V-26535,upstream-of
K-26538,P-26539,feeds
PT-26540,FT-26541,discharges-to
FT-26541,PSV-26542,on-line
V-26545,K-26546,discharges-to
K-26546,XV-26547,downstream-of
P-26549,TT-26550,feeds
TT-26550,P-26551,on-line
P-26551,P-26552,feeds
P-26552,P-26553,on-line
E-26554,P-26555,discharges-to
P-26555,COL-26556,feeds
COL-26556,LT-26557,on-line
P-26558,FCV-26559,downstream-of
V-26560,P-26561,on-line
FCV-26562,FCV-26563,on-line
FCV-26563,FCV-26564,on-line
FCV-26564,V-26565,upstream-of
E-26566,TT-26567,discharges-to
TT-26567,PSV-26568,feeds
K-26569,PT-26570,downstream-of
P-26571,P-26572,discharges-to
P-26572,XV-26573,upstream-of
COL-26574,E-26575,upstream-of
E-26575,PSV-26576,discharges-to
E-26578,LT-26579,feeds
LT-26579,P-26580,downstream-of
K-26582,E-26583,feeds
E-26583,K-26584,upstream-of
PSV-26585,TT-26586,feeds
PT-26590,FT-26591,on-line
FT-26591,P-26592,discharges-to
P-26592,FT-26593,on-line
P-26594,FCV-26595,feeds
FCV-26595,K-26596,feeds
K-26596,E-26597,on-line
COL-26598,FCV-26599,discharges-to
FCV-26599,FT-26600,upstream-of
LT-26601,LT-26602,downstream-of
LT-26602,P-26603,upstream-of
TT-26604,COL-26605,feeds
COL-26605,P-26606,on-line
P-26606,XV-26607,downstream-of
COL-26608,K-26609,on-line
K-26609,COL-26610,on-line
COL-26610,PT-26611,upstream-of
PT-26611,P-26612,discharges-to
COL-26614,FT-26615,upstream-of
FT-26615,TT-26616,feeds
TT-26616,P-26617,on-line
P-26617,PT-26618,on-line
TT-26619,TT-26620,discharges-to
TT-26620,PT-26621,on-line
PT-26621,LT-26622,on-line
LT-26622,LT-26623,on-line
XV-26625,PSV-26626,downstream-of
PSV-26626,PSV-26627,downstream-of
PSV-26627,TT-26628,on-line
TT-26628,PSV-26629,feeds
PSV-26629,V-26630,on-line
V-26630,PSV-26631,downstream-of
COL-26632,FT-26633,upstream-of
FT-26633,PSV-26634,upstream-of
PSV-26634,P-26635,downstream-of
P-26635,LT-26636,discharges-to
PSV-26637,K-26638,downstream-of
PSV-26639,E-26640,upstream-of
E-26640,K-26641,upstream-of
K-26641,FT-26642,upstream-of
FT-26642,P-26643,on-line
P-26643,P-26644,upstream-of
P-26644,LT-26645,on-line
PT-26649,PSV-26650,on-line
FCV-26651,P-26652,feeds
P-26652,COL-26653,discharges-to
COL-26653,V-26654,discharges-to
TT-26655,FT-26656,upstream-of
FT-26656,P-26657,on-line
E-26659,E-26660,feeds
E-26661,PSV-26662,downstream-of
PSV-26662,V-26663,on-line
V-26663,P-26664,feeds
P-26664,P-26665,discharges-to
P-26665,FCV-26666,feeds
FT-26667,K-26668,feeds
K-26668,V-26669,upstream-of
V-26670,COL-26671,feeds
FCV-26675,E-26676,upstream-of
E-26676,PSV-26677,downstream-of
PSV-26677,E-26678,on-line
E-26678,TT-26679,feeds
TT-26679,TT-26680,upstream-of
COL-26681,P-26682,downstream-of
P-26682,PSV-26683,discharges-to
PSV-26683,K-26684,discharges-to
K-26684,PSV-26685,on-line
PSV-26685,FCV-26686,downstream-of
P-26687,P-26688,upstream-of
P-26688,COL-26689,discharges-to
P-26690,PSV-26691,on-line
PSV-26691,LT-26692,on-line
LT-26692,FT-26693,on-line
FT-26693,COL-26694,upstream-of
FT-26695,P-26696,downstream-of
P-26696,COL-26697,upstream-of
P-26698,LT-26699,upstream-of
LT-26699,E-26700,feeds
K-26701,COL-26702,upstream-of
COL-26702,FCV-26703,feeds
FCV-26703,E-26704,on-line
FT-26705,V-26706,downstream-of
V-26706,TT-26707,discharges-to
TT-26707,P-26708,upstream-of
FT-26709,V-26710,downstream-of
V-26710,V-26711,upstream-of
V-26711,LT-26712,upstream-of
LT-26712,TT-26713,discharges-to
TT-26713,P-26714,discharges-to
V-26715,P-26716,feeds
P-26716,PSV-26717,on-line
PSV-26717,COL-26718,discharges-to
COL-26718,PSV-26719,on-line
P-26720,V-26721,downstream-of
LT-26723,LT-26724,discharges-to
FT-26725,LT-26726,feeds
LT-26726,P-26727,upstream-of
P-26727,K-26728,feeds
K-26728,P-26729,upstream-of
P-26729,E-26730,upstream-of
E-26730,P-26731,downstream-of
P-26731,FCV-26732,discharges-to
V-26733,LT-26734,feeds
LT-26734,P-26735,upstream-of
P-26735,V-26736,downstream-of
V-26736,PT-26737,on-line
FCV-26738,TT-26739,downstream-of
TT-26739,COL-26740,feeds
LT-26741,PSV-26742,on-line
PSV-26742,XV-26743,feeds
XV-26743,E-26744,feeds
E-26744,PT-26745,feeds
PT-26745,E-26746,discharges-to
LT-26749,PT-26750,discharges-to
PT-26750,XV-26751,on-line
XV-26751,LT-26752,downstream-of
FCV-26754,E-26755,upstream-of
K-26756,XV-26757,feeds
XV-26757,K-26758,on-line
K-26758,P-26759,upstream-of
P-26759,P-26760,upstream-of
LT-26762,P-26763,feeds
P-26763,FCV-26764,discharges-to
FCV-26764,P-26765,discharges-to
P-26765,LT-26766,discharges-to
LT-26766,PSV-26767,downstream-of
P-26768,LT-26769,downstream-of
PSV-26771,PSV-26772,downstream-of
XV-26773,LT-26774,feeds
LT-26774,FCV-26775,discharges-to
FCV-26775,PSV-26776,downstream-of
PSV-26776,V-26777,upstream-of
V-26777,COL-26778,on-line
COL-26778,FCV-26779,discharges-to
FCV-26779,TT-26780,on-line
TT-26780,K-26781,discharges-to
V-26782,PSV-26783,upstream-of
PSV-26783,E-26784,on-line
E-26784,V-26785,upstream-of
TT-26787,XV-26788,downstream-of
XV-26788,COL-26789,on-line
COL-26789,COL-26790,downstream-of
TT-26791,FCV-26792,on-line
FCV-26792,PSV-26793,discharges-to
P-26794,TT-26795,discharges-to
E-26799,COL-26800,upstream-of
COL-26800,PT-26801,discharges-to
P-26802,E-26803,on-line
E-26803,TT-26804,upstream-of
PSV-26806,TT-26807,feeds
TT-26807,E-26808,downstream-of
E-26808,PSV-26809,downstream-of
PSV-26809,P-26810,on-line
FT-26811,XV-26812,upstream-of
XV-26812,FT-26813,feeds
FT-26813,TT-26814,discharges-to
K-26815,PT-26816,feeds
FT-26818,E-26819,on-line
E-26819,PSV-26820,discharges-to
K-26823,K-26824,downstream-of
XV-26825,PT-26826,downstream-of
PT-26826,P-26827,feeds
P-26827,LT-26828,on-line
PSV-26829,K-26830,downstream-of
K-26830,PSV-26831,upstream-of
PSV-26831,P-26832,upstream-of
P-26832,FT-26833,discharges-to
FT-26833,FCV-26834,discharges-to
E-26838,P-26839,downstream-of
P-26839,FT-26840,upstream-of
FT-26840,P-26841,feeds
P-26841,V-26842,downstream-of
V-26842,P-26843,upstream-of
P-26843,TT-26844,feeds
TT-26844,P-26845,feeds
P-26845,P-26846,on-line
P-26848,FT-26849,upstream-of
FT-26849,V-26850,downstream-of
V-26850,K-26851,downstream-of
COL-26852,P-26853,upstream-of
P-26853,COL-26854,discharges-to
COL-26854,TT-26855,on-line
TT-26855,COL-26856,downstream-of
COL-26856,V-26857,upstream-of
V-26857,LT-26858,discharges-to
LT-26858,P-26859,feeds
P-26859,TT-26860,on-line
K-26861,TT-26862,on-line
XV-26863,COL-26864,upstream-of
E-26866,E-26867,upstream-of
E-26867,P-26868,feeds
P-26868,XV-26869,downstream-of
XV-26869,E-26870,on-line
E-26870,K-26871,feeds
K-26871,XV-26872,feeds
XV-26872,FCV-26873,discharges-to
PT-26874,LT-26875,on-line
PSV-26876,PT-26877,discharges-to
PT-26877,V-26878,discharges-to
V-26878,V-26879,feeds
V-26879,V-26880,feeds
V-26880,K-26881,downstream-of
K-26882,P-26883,on-line
P-26883,P-26884,feeds
XV-26885,LT-26886,feeds
LT-26886,PT-26887,feeds
PT-26887,K-26888,upstream-of
P-26890,PT-26891,upstream-of
P-26892,COL-26893,discharges-to
COL-26893,V-26894,upstream-of
E-26895,E-26896,upstream-of
E-26896,V-26897,feeds
V-26897,P-26898,upstream-of
TT-26899,PSV-26900,feeds
PSV-26900,LT-26901,upstream-of
PT-26902,LT-26903,feeds
LT-26903,LT-26904,downstream-of
LT-26904,P-26905,downstream-of
P-26905,XV-26906,on-line
XV-26906,TT-26907,feeds
TT-26907,V-26908,feeds
E-26909,E-26910,feeds
FCV-26911,V-26912,upstream-of
V-26912,XV-26913,discharges-to
XV-26913,FCV-26914,on-line
FCV-26914,E-26915,discharges-to
E-26915,K-26916,feeds
E-26917,K-26918,downstream-of
E-26919,K-26920,feeds
XV-26921,FT-26922,upstream-of
COL-26923,P-26924,downstream-of
P-26924,P-26925,on-line
V-26926,E-26927,on-line
E-26927,K-26928,upstream-of
K-26928,FCV-26929,downstream-of
FCV-26929,PSV-26930,upstream-of
PSV-26930,P-26931,feeds
V-26932,E-26933,on-line
E-26933,FCV-26934,on-line
FCV-26934,LT-26935,discharges-to
LT-26935,K-26936,downstream-of
K-26936,FT-26937,on-line
FT-26938,FCV-26939,discharges-to
FCV-26939,TT-26940,on-line
TT-26940,K-26941,feeds
K-26941,P-26942,on-line
P-26942,FT-26943,on-line
FT-26943,V-26944,discharges-to
V-26944,K-26945,feeds
K-26945,FCV-26946,downstream-of
LT-26947,K-26948,discharges-to
K-26948,P-26949,downstream-of
P-26949,V-26950,downstream-of
LT-26955,P-26956,downstream-of
P-26956,E-26957,downstream-of
E-26957,V-26958,on-line
V-26958,P-26959,downstream-of
P-26959,XV-26960,upstream-of
XV-26960,LT-26961,on-line
LT-26961,LT-26962,downstream-of
LT-26962,V-26963,on-line
V-26963,V-26964,downstream-of
FT-26966,COL-26967,discharges-to
P-26968,FT-26969,feeds
FT-26969,P-26970,downstream-of
P-26970,COL-26971,downstream-of
COL-26971,FT-26972,discharges-to
FT-26972,LT-26973,feeds
FCV-26976,COL-26977,on-line
COL-26977,TT-26978,downstream-of
TT-26978,E-26979,downstream-of
E-26979,P-26980,downstream-of
P-26980,COL-26981,upstream-of
COL-26981,FT-26982,discharges-to
FT-26982,K-26983,discharges-to
K-26983,XV-26984,on-line
XV-26984,TT-26985,discharges-to
TT-26985,XV-26986,upstream-of
XV-26986,TT-26987,discharges-to
P-26988,TT-26989,on-line
TT-26989,FT-26990,upstream-of
P-26991,K-26992,downstream-of
K-26992,PSV-26993,discharges-to
P-26996,COL-26997,upstream-of
COL-26997,P-26998,discharges-to
COL-26999,E-27000,feeds
E-27000,K-27001,upstream-of
K-27001,FT-27002,feeds
PT-27003,PSV-27004,feeds
PSV-27004,FT-27005,downstream-of
FT-27005,TT-27006,discharges-to
TT-27006,COL-27007,discharges-to
COL-27007,V-27008,on-line
V-27008,PT-27009,feeds
P-27010,K-27011,on-line
FT-27012,LT-27013,downstream-of
LT-27013,FT-27014,feeds
FT-27014,K-27015,upstream-of
K-27017,V-27018,discharges-to
V-27018,P-27019,feeds
PT-27020,K-27021,on-line
K-27021,PT-27022,feeds
FCV-27023,LT-27024,upstream-of
LT-27024,FT-27025,upstream-of
FT-27025,P-27026,discharges-to
P-27026,COL-27027,on-line
K-27028,V-27029,upstream-of
V-27029,P-27030,discharges-to
TT-27031,FT-27032,on-line
FT-27032,V-27033,on-line
E-27034,P-27035,feeds
P-27035,PT-27036,discharges-to
PT-27036,P-27037,downstream-of
E-27038,COL-27039,on-line
COL-27039,LT-27040,discharges-to
FT-27041,XV-27042,on-line
COL-27045,XV-27046,upstream-of
COL-27047,P-27048,upstream-of
P-27048,PSV-27049,on-line
P-27050,PSV-27051,feeds
PSV-27051,XV-27052,downstream-of
XV-27052,XV-27053,upstream-of
XV-27053,FT-27054,discharges-to
FT-27056,V-27057,feeds
V-27057,FCV-27058,on-line
FCV-27058,P-27059,on-line
P-27059,K-27060,upstream-of
K-27060,FT-27061,discharges-to
FT-27062,P-27063,on-line
TT-27065,FT-27066,downstream-of
FT-27066,TT-27067,on-line
TT-27067,K-27068,on-line
K-27068,FCV-27069,downstream-of
K-27070,LT-27071,on-line
LT-27071,P-27072,downstream-of
P-27072,E-27073,discharges-to
E-27073,FT-27074,upstream-of
FT-27074,K-27075,on-line
K-27075,PT-27076,feeds
PT-27076,XV-27077,feeds
P-27078,TT-27079,upstream-of
TT-27079,PT-27080,discharges-to
P-27081,COL-27082,downstream-of
COL-27082,TT-27083,feeds
TT-27083,FCV-27084,downstream-of
FCV-27084,FT-27085,upstream-of
FT-27085,E-27086,downstream-of
E-27086,P-27087,discharges-to
P-27087,K-27088,feeds
K-27088,K-27089,upstream-of
K-27089,FCV-27090,downstream-of
FCV-27090,PT-27091,upstream-of
PT-27091,COL-27092,discharges-to
COL-27092,K-27093,downstream-of
K-27093,E-27094,on-line
E-27094,E-27095,on-line
E-27095,FCV-27096,discharges-to
FCV-27096,P-27097,discharges-to
P-27097,TT-27098,discharges-to
TT-27098,PT-27099,on-line
PT-27099,TT-27100,downstream-of
E-27102,P-27103,discharges-to
P-27103,LT-27104,discharges-to
LT-27105,FT-27106,feeds
LT-27108,FCV-27109,downstream-of
FCV-27109,PSV-27110,feeds
FCV-27113,PT-27114,feeds
PSV-27115,E-27116,downstream-of
XV-27117,FCV-27118,downstream-of
FCV-27118,FT-27119,feeds
FT-27119,V-27120,on-line
K-27122,LT-27123,discharges-to
LT-27123,FT-27124,discharges-to
FT-27124,P-27125,on-line
PT-27127,XV-27128,on-line
XV-27128,P-27129,on-line
P-27129,P-27130,upstream-of
COL-27131,XV-27132,upstream-of
XV-27132,E-27133,feeds
P-27134,K-27135,on-line
K-27135,TT-27136,feeds
TT-27136,FT-27137,downstream-of
FT-27137,TT-27138,downstream-of
TT-27138,P-27139,feeds
P-27139,COL-27140,upstream-of
COL-27140,TT-27141,downstream-of
TT-27141,P-27142,upstream-of
P-27142,FCV-27143,on-line
FCV-27143,FT-27144,feeds
P-27146,FCV-27147,discharges-to
LT-27148,TT-27149,upstream-of
TT-27149,P-27150,discharges-to
PSV-27152,P-27153,downstream-of
E-27154,XV-27155,discharges-to
XV-27155,XV-27156,discharges-to
XV-27156,COL-27157,on-line
PSV-27158,PSV-27159,feeds
P-27160,TT-27161,upstream-of
TT-27161,XV-27162,on-line
XV-27162,K-27163,discharges-to
E-27164,V-27165,upstream-of
PT-27166,K-27167,on-line
E-27169,V-27170,on-line
TT-27171,COL-27172,upstream-of
COL-27172,FCV-27173,on-line
K-27174,P-27175,upstream-of
P-27175,E-27176,discharges-to
E-27176,LT-27177,downstream-of
LT-27177,XV-27178,downstream-of
COL-27180,TT-27181,feeds
TT-27181,COL-27182,upstream-of
COL-27182,P-27183,on-line
P-27183,TT-27184,feeds
TT-27184,P-27185,discharges-to
PSV-27186,XV-27187,downstream-of
K-27190,P-27191,discharges-to
P-27191,LT-27192,downstream-of
FT-27195,P-27196,on-line
P-27196,E-27197,discharges-to
LT-27198,P-27199,downstream-of
P-27199,FCV-27200,feeds
FCV-27200,COL-27201,on-line
COL-27201,LT-27202,downstream-of
LT-27202,PT-27203,upstream-of
PT-27203,FCV-27204,feeds
E-27206,FT-27207,feeds
FT-27207,P-27208,discharges-to
P-27208,FT-27209,downstream-of
FT-27209,PT-27210,on-line
LT-27211,XV-27212,feeds
XV-27212,PT-27213,discharges-to
K-27214,K-27215,upstream-of
K-27215,P-27216,downstream-of
FCV-27217,LT-27218,upstream-of
LT-27218,V-27219,upstream-of
V-27219,LT-27220,downstream-of
K-27221,FCV-27222,feeds
FCV-27222,P-27223,on-line
FCV-27224,COL-27225,feeds
COL-27225,PSV-27226,upstream-of
V-27227,FT-27228,discharges-to
FT-27228,COL-27229,downstream-of
COL-27229,K-27230,on-line
FT-27231,E-27232,downstream-of
E-27232,V-27233,feeds
K-27234,LT-27235,upstream-of
LT-27235,PSV-27236,discharges-to
V-27238,FCV-27239,downstream-of
FCV-27239,XV-27240,downstream-of
XV-27240,XV-27241,downstream-of
XV-27241,P-27242,discharges-to
P-27242,PSV-27243,downstream-of
XV-27244,K-27245,downstream-of
PT-27246,P-27247,upstream-of
P-27247,P-27248,downstream-of
PT-27249,FCV-27250,on-line
P-27251,TT-27252,on-line
TT-27252,FT-27253,upstream-of
FT-27253,COL-27254,on-line
COL-27254,LT-27255,upstream-of
LT-27256,FCV-27257,discharges-to
P-27259,LT-27260,downstream-of
TT-27261,K-27262,downstream-of
XV-27263,FCV-27264,feeds
FCV-27264,LT-27265,upstream-of
P-27266,LT-27267,on-line
LT-27267,V-27268,downstream-of
V-27268,PT-27269,on-line
PT-27269,E-27270,feeds
FCV-27271,FT-27272,upstream-of
FT-27272,P-27273,on-line
P-27273,FCV-27274,upstream-of
FCV-27274,FT-27275,downstream-of
FT-27275,E-27276,discharges-to
TT-27277,FT-27278,downstream-of
LT-27280,TT-27281,feeds
TT-27281,P-27282,discharges-to
P-27284,PT-27285,feeds
TT-27286,PT-27287,feeds
K-27288,XV-27289,on-line
XV-27289,V-27290,feeds
V-27290,FCV-27291,discharges-to
P-27292,FCV-27293,discharges-to
PSV-27294,P-27295,discharges-to
P-27295,V-27296,feeds
V-27296,XV-27297,downstream-of
K-27298,K-27299,upstream-of
K-27299,FCV-27300,on-line
PSV-27301,TT-27302,feeds
TT-27302,PT-27303,feeds
PT-27303,K-27304,upstream-of
XV-27305,P-27306,upstream-of
P-27306,LT-27307,discharges-to
LT-27307,PSV-27308,on-line
PT-27310,V-27311,on-line
FCV-27312,PT-27313,feeds
PT-27313,TT-27314,on-line
V-27315,P-27316,downstream-of
XV-27319,XV-27320,downstream-of
XV-27320,XV-27321,downstream-of
XV-27321,TT-27322,discharges-to
TT-27322,FT-27323,discharges-to
FCV-27326,PSV-27327,upstream-of
PSV-27327,P-27328,feeds
PSV-27329,V-27330,downstream-of
V-27330,PT-27331,feeds
PT-27331,PSV-27332,feeds
COL-27333,PSV-27334,on-line
PSV-27334,LT-27335,on-line
LT-27335,COL-27336,discharges-to
COL-27336,P-27337,feeds
P-27337,LT-27338,feeds
LT-27338,COL-27339,downstream-of
P-27341,PT-27342,on-line
PT-27342,LT-27343,upstream-of
PT-27344,COL-27345,discharges-to
COL-27345,P-27346,on-line
P-27346,FCV-27347,on-line
FCV-27347,PT-27348,feeds
PT-27348,FT-27349,feeds
V-27351,P-27352,discharges-to
LT-27354,FCV-27355,downstream-of
FCV-27355,XV-27356,on-line
XV-27356,LT-27357,downstream-of
LT-27357,K-27358,feeds
K-27358,P-27359,on-line
P-27359,COL-27360,downstream-of
COL-27360,K-27361,discharges-to
K-27361,FT-27362,upstream-of
P-27364,PT-27365,on-line
PT-27365,FT-27366,on-line
FT-27366,P-27367,discharges-to
P-27367,PT-27368,discharges-to
TT-27369,V-27370,on-line
V-27370,V-27371,upstream-of
PSV-27372,P-27373,downstream-of
P-27373,LT-27374,discharges-to
LT-27374,FT-27375,on-line
FT-27375,K-27376,downstream-of
K-27376,P-27377,upstream-of
P-27377,PT-27378,discharges-to
PT-27378,P-27379,discharges-to
P-27379,K-27380,downstream-of
XV-27381,TT-27382,discharges-to
TT-27382,TT-27383,upstream-of
PT-27384,TT-27385,on-line
TT-27385,FT-27386,upstream-of
FT-27386,E-27387,downstream-of
E-27387,K-27388,discharges-to
K-27388,PT-27389,discharges-to
FCV-27390,TT-27391,downstream-of
TT-27391,COL-27392,upstream-of
FCV-27393,P-27394,downstream-of
K-27395,FCV-27396,downstream-of
FCV-27397,PSV-27398,feeds
FT-27400,PT-27401,discharges-to
PSV-27402,FT-27403,downstream-of
XV-27405,FT-27406,downstream-of
PT-27407,FCV-27408,feeds
K-27409,V-27410,downstream-of
V-27410,E-27411,on-line
E-27411,XV-27412,on-line
E-27413,LT-27414,feeds
FT-27415,PSV-27416,feeds
PSV-27416,PT-27417,upstream-of
COL-27418,LT-27419,upstream-of
LT-27419,TT-27420,downstream-of
TT-27420,V-27421,downstream-of
V-27421,P-27422,on-line
PSV-27424,LT-27425,on-line
FT-27426,E-27427,upstream-of
E-27427,XV-27428,on-line
XV-27428,E-27429,on-line
E-27430,P-27431,downstream-of
P-27431,P-27432,upstream-of
V-27435,COL-27436,discharges-to
COL-27439,LT-27440,discharges-to
LT-27440,V-27441,downstream-of
V-27441,P-27442,upstream-of
P-27442,P-27443,downstream-of
V-27444,TT-27445,upstream-of
TT-27445,E-27446,discharges-to
E-27446,XV-27447,upstream-of
K-27448,PT-27449,discharges-to
PT-27449,COL-27450,feeds
COL-27450,E-27451,downstream-of
COL-27452,TT-27453,feeds
TT-27453,P-27454,downstream-of
P-27454,COL-27455,upstream-of
COL-27455,FCV-27456,feeds
FCV-27456,PSV-27457,on-line
PSV-27457,COL-27458,feeds
PSV-27460,PT-27461,discharges-to
PT-27461,E-27462,upstream-of
E-27462,COL-27463,discharges-to
COL-27463,V-27464,upstream-of
V-27464,V-27465,downstream-of
XV-27466,PSV-27467,on-line
PSV-27467,K-27468,discharges-to
K-27468,E-27469,feeds
P-27471,XV-27472,on-line
V-27474,P-27475,discharges-to
PT-27476,XV-27477,upstream-of
XV-27477,LT-27478,discharges-to
LT-27478,E-27479,on-line
E-27479,P-27480,discharges-to
PT-27482,PSV-27483,on-line
FCV-27484,XV-27485,downstream-of
XV-27485,E-27486,upstream-of
E-27486,COL-27487,upstream-of
COL-27487,XV-27488,discharges-to
XV-27488,P-27489,on-line
P-27489,COL-27490,discharges-to
COL-27490,XV-27491,downstream-of
XV-27491,P-27492,downstream-of
PT-27493,P-27494,upstream-of
P-27494,P-27495,feeds
P-27495,P-27496,downstream-of
P-27496,P-27497,downstream-of
P-27497,PT-27498,on-line
P-27499,P-27500,upstream-of
P-27500,V-27501,on-line
TT-27502,COL-27503,discharges-to
COL-27503,XV-27504,on-line
XV-27504,LT-27505,on-line
FCV-27508,COL-27509,downstream-of
E-27510,COL-27511,on-line
P-27512,P-27513,discharges-to
P-27513,FT-27514,discharges-to
FCV-27515,FCV-27516,feeds
FCV-27516,V-27517,discharges-to
V-27517,XV-27518,downstream-of
XV-27518,PSV-27519,feeds
PSV-27519,PT-27520,on-line
PT-27520,PT-27521,feeds
P-27522,E-27523,upstream-of
E-27523,XV-27524,on-line
V-27526,FT-27527,upstream-of
COL-27530,LT-27531,downstream-of
LT-27531,TT-27532,upstream-of
TT-27532,E-27533,downstream-of
E-27533,P-27534,feeds
P-27535,XV-27536,downstream-of
XV-27536,V-27537,on-line
V-27537,K-27538,downstream-of
K-27538,LT-27539,feeds
LT-27539,XV-27540,on-line
V-27541,V-27542,discharges-to
V-27542,PSV-27543,on-line
PSV-27543,LT-27544,discharges-to
FT-27545,PT-27546,upstream-of
PT-27546,COL-27547,discharges-to
COL-27547,XV-27548,upstream-of
XV-27548,P-27549,upstream-of
P-27549,COL-27550,downstream-of
TT-27552,V-27553,upstream-of
V-27553,P-27554,upstream-of
P-27554,PSV-27555,discharges-to
PSV-27555,K-27556,on-line
P-27557,PSV-27558,downstream-of
PSV-27558,TT-27559,downstream-of
TT-27559,P-27560,downstream-of
P-27560,FCV-27561,discharges-to
FCV-27561,PT-27562,discharges-to
PT-27562,FCV-27563,discharges-to
P-27565,LT-27566,on-line
FCV-27567,TT-27568,upstream-of
COL-27569,PSV-27570,discharges-to
PSV-27570,LT-27571,discharges-to
LT-27571,XV-27572,discharges-to
XV-27572,XV-27573,on-line
XV-27573,XV-27574,on-line
XV-27574,LT-27575,feeds
LT-27575,XV-27576,on-line
XV-27576,XV-27577,discharges-to
XV-27577,V-27578,on-line
K-27579,K-27580,downstream-of
K-27580,XV-27581,upstream-of
XV-27581,XV-27582,on-line
XV-27582,FCV-27583,feeds
XV-27585,E-27586,on-line
E-27586,PSV-27587,on-line
LT-27588,LT-27589,on-line
LT-27589,FT-27590,discharges-to
FT-27590,FT-27591,on-line
FT-27591,P-27592,upstream-of
PSV-27593,P-27594,on-line
P-27594,FCV-27595,discharges-to
K-27596,XV-27597,on-line
XV-27597,PT-27598,discharges-to
PT-27598,COL-27599,feeds
COL-27599,V-27600,discharges-to
E-27601,E-27602,downstream-of
P-27605,E-27606,downstream-of
E-27606,V-27607,on-line
V-27607,XV-27608,on-line
XV-27608,K-27609,on-line
K-27609,TT-27610,discharges-to
TT-27610,P-27611,on-line
P-27611,P-27612,upstream-of
P-27612,PSV-27613,feeds
V-27614,P-27615,discharges-to
PT-27616,FT-27617,upstream-of
FT-27617,TT-27618,discharges-to
TT-27618,FCV-27619,upstream-of
FT-27620,COL-27621,downstream-of
E-27622,E-27623,downstream-of
E-27623,K-27624,upstream-of
V-27625,LT-27626,on-line
LT-27626,V-27627,on-line
COL-27628,E-27629,upstream-of
E-27629,FT-27630,downstream-of
FT-27630,PT-27631,feeds
PT-27632,K-27633,feeds
K-27633,FCV-27634,upstream-of
K-27635,P-27636,upstream-of
P-27636,FT-27637,upstream-of
E-27640,PT-27641,downstream-of
PT-27641,P-27642,upstream-of
P-27642,K-27643,upstream-of
K-27643,E-27644,upstream-of
E-27644,TT-27645,discharges-to
TT-27645,V-27646,feeds
V-27646,TT-27647,downstream-of
TT-27647,PSV-27648,on-line
K-27649,XV-27650,feeds
XV-27650,XV-27651,upstream-of
XV-27651,K-27652,downstream-of
K-27652,FCV-27653,feeds
FCV-27653,FCV-27654,on-line
FCV-27654,LT-27655,upstream-of
LT-27655,LT-27656,upstream-of
LT-27656,P-27657,downstream-of
P-27657,TT-27658,upstream-of
TT-27658,V-27659,feeds
V-27659,PSV-27660,feeds
PSV-27660,FT-27661,downstream-of
FT-27661,P-27662,discharges-to
P-27662,E-27663,on-line
FCV-27664,LT-27665,upstream-of
COL-27667,PSV-27668,downstream-of
PSV-27668,P-27669,upstream-of
P-27669,COL-27670,on-line
PT-27671,COL-27672,downstream-of
COL-27672,COL-27673,feeds
K-27674,XV-27675,discharges-to
XV-27675,K-27676,upstream-of
FCV-27677,TT-27678,discharges-to
TT-27678,PT-27679,on-line
PT-27679,P-27680,discharges-to
P-27680,V-27681,downstream-of
V-27681,TT-27682,downstream-of
TT-27682,LT-27683,upstream-of
COL-27684,TT-27685,discharges-to
TT-27685,TT-27686,feeds
TT-27686,XV-27687,upstream-of
COL-27688,P-27689,discharges-to
P-27689,COL-27690,downstream-of
COL-27690,PSV-27691,feeds
PSV-27691,TT-27692,on-line
TT-27692,K-27693,upstream-of
K-27694,PSV-27695,on-line
PSV-27695,P-27696,on-line
P-27696,TT-27697,feeds
TT-27697,K-27698,downstream-of
K-27698,TT-27699,discharges-to
TT-27699,E-27700,upstream-of
E-27700,XV-27701,downstream-of
XV-27701,COL-27702,on-line
COL-27702,P-27703,on-line
P-27703,XV-27704,on-line
XV-27704,LT-27705,upstream-of
LT-27705,PT-27706,discharges-to
PT-27706,P-27707,feeds
COL-27710,E-27711,on-line
E-27711,LT-27712,discharges-to
LT-27712,TT-27713,downstream-of
K-27714,TT-27715,discharges-to
FT-27716,E-27717,discharges-to
E-27717,LT-27718,on-line
LT-27718,P-27719,on-line
P-27719,P-27720,downstream-of
P-27720,P-27721,on-line
PT-27723,TT-27724,upstream-of
TT-27724,E-27725,upstream-of
E-27725,FCV-27726,downstream-of
TT-27727,V-27728,feeds
K-27729,E-27730,on-line
E-27730,E-27731,downstream-of
E-27733,E-27734,downstream-of
K-27735,P-27736,upstream-of
P-27736,V-27737,upstream-of
LT-27739,P-27740,on-line
P-27740,E-27741,upstream-of
E-27741,E-27742,downstream-of
E-27742,COL-27743,feeds
COL-27743,XV-27744,upstream-of
XV-27744,P-27745,downstream-of
P-27745,FT-27746,discharges-to
P-27747,COL-27748,feeds
COL-27748,K-27749,upstream-of
K-27749,PT-27750,downstream-of
PT-27750,TT-27751,upstream-of
TT-27751,FT-27752,discharges-to
FT-27752,COL-27753,downstream-of
XV-27755,FCV-27756,feeds
FCV-27756,TT-27757,on-line
TT-27757,PT-27758,upstream-of
E-27759,TT-27760,on-line
TT-27760,P-27761,feeds
V-27764,LT-27765,on-line
LT-27765,XV-27766,downstream-of
COL-27769,P-27770,feeds
FCV-27771,PSV-27772,downstream-of
PSV-27773,FCV-27774,on-line
FCV-27775,FT-27776,upstream-of
FT-27776,XV-27777,upstream-of
FT-27778,FT-27779,feeds
E-27781,V-27782,upstream-of
V-27782,PSV-27783,discharges-to
PSV-27783,LT-27784,on-line
LT-27784,P-27785,discharges-to
P-27785,E-27786,feeds
E-27786,P-27787,feeds
P-27787,P-27788,discharges-to
TT-27790,FCV-27791,feeds
PT-27793,LT-27794,downstream-of
P-27795,XV-27796,on-line
PT-27798,FT-27799,discharges-to
E-27800,XV-27801,discharges-to
XV-27801,PT-27802,upstream-of
COL-27804,P-27805,on-line
P-27805,FCV-27806,on-line
FCV-27806,LT-27807,downstream-of
LT-27807,XV-27808,feeds
XV-27808,PT-27809,feeds
PT-27809,FCV-27810,feeds
FCV-27810,P-27811,discharges-to
P-27811,P-27812,discharges-to
TT-27813,P-27814,feeds
COL-27815,TT-27816,on-line
FCV-27817,K-27818,on-line
K-27818,XV-27819,upstream-of
XV-27819,COL-27820,feeds
COL-27820,P-27821,upstream-of
P-27821,FCV-27822,on-line
FCV-27822,V-27823,feeds
V-27823,PSV-27824,discharges-to
PSV-27824,XV-27825,downstream-of
XV-27825,P-27826,on-line
P-27826,FCV-27827,downstream-of
FCV-27827,TT-27828,discharges-to
TT-27828,K-27829,discharges-to
FT-27832,V-27833,downstream-of
V-27833,PSV-27834,on-line
PSV-27834,PT-27835,feeds
PT-27835,P-27836,discharges-to
P-27836,V-27837,on-line
V-27837,V-27838,discharges-to
FT-27840,TT-27841,on-line
TT-27841,PT-27842,upstream-of
PSV-27843,COL-27844,feeds
LT-27845,K-27846,discharges-to
K-27846,FT-27847,downstream-of
FT-27847,XV-27848,on-line
XV-27848,K-27849,on-line
TT-27850,K-27851,downstream-of
V-27852,V-27853,discharges-to
K-27855,PSV-27856,downstream-of
PSV-27856,TT-27857,upstream-of
K-27858,COL-27859,feeds
COL-27859,PSV-27860,downstream-of
PSV-27860,TT-27861,feeds
TT-27861,V-27862,on-line
K-27863,TT-27864,feeds
TT-27864,P-27865,downstream-of
P-27865,XV-27866,upstream-of
XV-27866,FCV-27867,discharges-to
FCV-27867,K-27868,on-line
FT-27869,COL-27870,upstream-of
COL-27870,XV-27871,on-line
XV-27871,FCV-27872,downstream-of
FCV-27872,FT-27873,discharges-to
FT-27873,P-27874,downstream-of
P-27874,FT-27875,feeds
FT-27875,P-27876,on-line
P-27876,FT-27877,downstream-of
P-27878,P-27879,on-line
P-27879,E-27880,on-line
E-27880,K-27881,on-line
TT-27882,P-27883,feeds
P-27883,V-27884,upstream-of
V-27884,FT-27885,downstream-of
PSV-27887,FCV-27888,on-line
FCV-27888,LT-27889,feeds
LT-27889,COL-27890,discharges-to
K-27891,P-27892,downstream-of
P-27892,P-27893,on-line
P-27893,COL-27894,downstream-of
COL-27894,FT-27895,upstream-of
V-27896,FCV-27897,downstream-of
FCV-27897,FT-27898,on-line
P-27899,K-27900,downstream-of
XV-27901,FCV-27902,upstream-of
FCV-27902,XV-27903,upstream-of
XV-27903,K-27904,feeds
K-27904,COL-27905,discharges-to
COL-27905,FT-27906,discharges-to
FT-27906,PSV-27907,downstream-of
LT-27908,E-27909,discharges-to
E-27909,TT-27910,upstream-of
FT-27912,FT-27913,on-line
FCV-27914,V-27915,discharges-to
V-27915,COL-27916,discharges-to
COL-27916,FCV-27917,on-line
FT-27920,LT-27921,discharges-to
LT-27921,COL-27922,on-line
COL-27922,FCV-27923,on-line
FCV-27923,V-27924,feeds
P-27925,FCV-27926,downstream-of
FCV-27926,TT-27927,on-line
TT-27927,K-27928,upstream-of
K-27928,XV-27929,feeds
FCV-27931,FT-27932,downstream-of
FT-27932,P-27933,on-line
P-27933,K-27934,downstream-of
K-27934,K-27935,discharges-to
K-27935,K-27936,feeds
P-27938,XV-27939,discharges-to
XV-27939,LT-27940,on-line
LT-27940,FCV-27941,downstream-of
FCV-27941,XV-27942,downstream-of
XV-27942,FCV-27943,upstream-of
P-27945,E-27946,feeds
E-27946,XV-27947,on-line
LT-27948,V-27949,downstream-of
V-27949,K-27950,downstream-of
PT-27951,P-27952,discharges-to
P-27952,XV-27953,upstream-of
V-27954,TT-27955,discharges-to
XV-27957,TT-27958,feeds
P-27959,PSV-27960,feeds
PSV-27960,E-27961,downstream-of
E-27961,V-27962,feeds
V-27962,PT-27963,feeds
PT-27963,FT-27964,upstream-of
FT-27964,K-27965,discharges-to
K-27965,P-27966,on-line
P-27966,PT-27967,upstream-of
PT-27967,V-27968,discharges-to
V-27968,XV-27969,discharges-to
XV-27969,COL-27970,upstream-of
COL-27970,XV-27971,discharges-to
XV-27971,E-27972,on-line
PSV-27973,LT-27974,downstream-of
E-27976,FCV-27977,upstream-of
FCV-27978,FT-27979,on-line
P-27981,V-27982,feeds
V-27982,XV-27983,discharges-to
K-27985,P-27986,upstream-of
P-27986,FT-27987,upstream-of
FT-27988,P-27989,downstream-of
COL-27990,E-27991,on-line
E-27991,FCV-27992,upstream-of
FCV-27992,FT-27993,discharges-to
P-27994,PT-27995,feeds
PT-27995,V-27996,upstream-of
P-27997,XV-27998,on-line
TT-27999,COL-28000,discharges-to
P-28003,FT-28004,downstream-of
FT-28004,V-28005,upstream-of
V-28005,FCV-28006,on-line
P-28007,XV-28008,on-line
XV-28008,TT-28009,downstream-of
P-28010,PT-28011,downstream-of
PT-28011,FCV-28012,downstream-of
FCV-28013,COL-28014,feeds
PSV-28015,PSV-28016,downstream-of
PSV-28016,FCV-28017,downstream-of
FCV-28017,LT-28018,on-line
P-28019,FT-28020,on-line
FT-28020,E-28021,discharges-to
TT-28022,K-28023,feeds
K-28023,COL-28024,on-line
COL-28024,FT-28025,on-line
FT-28025,P-28026,downstream-of
P-28026,PSV-28027,feeds
PSV-28027,LT-28028,upstream-of
LT-28028,PSV-28029,discharges-to
PSV-28029,K-28030,feeds
K-28030,FT-28031,on-line
FT-28031,K-28032,discharges-to
K-28032,PSV-28033,downstream-of
TT-28035,V-28036,downstream-of
V-28036,PT-28037,downstream-of
FT-28039,V-28040,discharges-to
V-28040,E-28041,upstream-of
E-28041,P-28042,upstream-of
P-28042,E-28043,discharges-to
E-28043,TT-28044,upstream-of
TT-28044,PSV-28045,on-line
PSV-28045,P-28046,feeds
P-28046,XV-28047,on-line
XV-28047,TT-28048,feeds
TT-28048,COL-28049,upstream-of
COL-28049,E-28050,upstream-of
E-28050,COL-28051,on-line
COL-28051,P-28052,discharges-to
PSV-28053,PSV-28054,on-line
XV-28056,XV-28057,downstream-of
FT-28058,FT-28059,feeds
P-28060,FT-28061,upstream-of
FT-28061,TT-28062,on-line
TT-28062,TT-28063,downstream-of
TT-28063,PSV-28064,upstream-of
FT-28065,E-28066,discharges-to
E-28066,P-28067,downstream-of
P-28067,XV-28068,upstream-of
P-28070,PT-28071,discharges-to
PT-28071,XV-28072,on-line
E-28073,XV-28074,upstream-of
XV-28074,LT-28075,discharges-to
LT-28075,P-28076,feeds
P-28076,TT-28077,upstream-of
TT-28077,P-28078,on-line
P-28078,K-28079,discharges-to
K-28079,P-28080,upstream-of
P-28080,LT-28081,on-line
P-28082,XV-28083,downstream-of
XV-28083,PT-28084,feeds
FCV-28085,LT-28086,on-line
LT-28086,FCV-28087,discharges-to
XV-28090,V-28091,feeds
V-28091,FCV-28092,feeds
FCV-28092,COL-28093,discharges-to
COL-28093,PT-28094,feeds
COL-28095,FCV-28096,downstream-of
P-28098,FCV-28099,upstream-of
FCV-28099,E-28100,discharges-to
PT-28102,FT-28103,feeds
COL-28108,K-28109,downstream-of
PSV-28110,PT-28111,discharges-to
PSV-28113,FT-28114,upstream-of
FT-28114,FT-28115,upstream-of
PSV-28116,FCV-28117,discharges-to
FCV-28117,LT-28118,upstream-of
LT-28118,XV-28119,discharges-to
XV-28119,PT-28120,discharges-to
PT-28120,FT-28121,upstream-of
FT-28121,PT-28122,feeds
PT-28122,TT-28123,feeds
TT-28123,PT-28124,upstream-of
PT-28124,V-28125,on-line
E-28126,LT-28127,discharges-to
LT-28127,FCV-28128,downstream-of
FCV-28128,FT-28129,on-line
FT-28129,K-28130,upstream-of
K-28130,P-28131,feeds
P-28131,XV-28132,feeds
XV-28132,P-28133,discharges-to
P-28133,P-28134,feeds
P-28134,LT-28135,discharges-to
LT-28135,XV-28136,feeds
XV-28137,P-28138,upstream-of
PT-28142,COL-28143,upstream-of
COL-28143,FCV-28144,downstream-of
FCV-28144,COL-28145,upstream-of
COL-28145,FT-28146,feeds
TT-28147,P-28148,feeds
P-28148,COL-28149,discharges-to
COL-28149,P-28150,on-line
P-28150,LT-28151,discharges-to
K-28152,COL-28153,on-line
COL-28153,P-28154,upstream-of
P-28154,TT-28155,on-line
TT-28155,E-28156,discharges-to
E-28156,LT-28157,downstream-of
LT-28157,XV-28158,on-line
XV-28158,COL-28159,feeds
P-28162,PSV-28163,feeds
PSV-28163,K-28164,on-line
K-28164,FCV-28165,downstream-of
FCV-28165,E-28166,on-line
E-28166,COL-28167,upstream-of
COL-28167,LT-28168,downstream-of
P-28169,LT-28170,on-line
FT-28171,P-28172,on-line
V-28174,TT-28175,upstream-of
TT-28175,XV-28176,feeds
PSV-28177,COL-28178,feeds
COL-28178,PT-28179,upstream-of
PT-28183,XV-28184,upstream-of
XV-28184,COL-28185,downstream-of
COL-28185,COL-28186,downstream-of
COL-28186,P-28187,feeds
P-28187,TT-28188,on-line
PSV-28189,XV-28190,feeds
K-28193,COL-28194,feeds
COL-28194,P-28195,feeds
COL-28197,FCV-28198,downstream-of
K-28199,FCV-28200,on-line
FCV-28200,V-28201,downstream-of
V-28201,FT-28202,feeds
K-28203,FCV-28204,downstream-of
FCV-28204,XV-28205,feeds
XV-28205,FT-28206,discharges-to
FT-28206,P-28207,on-line
P-28207,P-28208,upstream-of
P-28208,V-28209,feeds
PT-28210,FCV-28211,downstream-of
FCV-28211,PSV-28212,downstream-of
PSV-28212,P-28213,feeds
P-28213,PT-28214,upstream-of
PSV-28217,V-28218,upstream-of
XV-28219,XV-28220,feeds
K-28222,XV-28223,on-line
E-28225,V-28226,on-line
K-28227,PSV-28228,upstream-of
COL-28229,FCV-28230,upstream-of
FCV-28230,P-28231,downstream-of
P-28231,LT-28232,upstream-of
LT-28234,E-28235,upstream-of
E-28235,K-28236,on-line
K-28236,P-28237,upstream-of
P-28237,P-28238,on-line
P-28238,FT-28239,downstream-of
LT-28242,FCV-28243,upstream-of
FCV-28243,PSV-28244,discharges-to
PSV-28244,P-28245,on-line
P-28245,XV-28246,upstream-of
XV-28246,E-28247,upstream-of
E-28247,LT-28248,upstream-of
LT-28248,K-28249,upstream-of
V-28250,K-28251,upstream-of
P-28252,K-28253,upstream-of
K-28253,P-28254,on-line
P-28254,P-28255,upstream-of
P-28255,K-28256,discharges-to
FT-28257,E-28258,discharges-to
E-28258,LT-28259,on-line
LT-28259,PSV-28260,discharges-to
PSV-28260,V-28261,downstream-of
LT-28262,COL-28263,discharges-to
COL-28263,LT-28264,on-line
LT-28264,XV-28265,on-line
XV-28265,PT-28266,on-line
PT-28266,FCV-28267,downstream-of
FCV-28267,P-28268,on-line
P-28268,LT-28269,upstream-of
LT-28269,COL-28270,feeds
COL-28270,FT-28271,discharges-to
FT-28271,COL-28272,discharges-to
COL-28272,PSV-28273,feeds
PSV-28273,P-28274,feeds
K-28275,LT-28276,discharges-to
LT-28276,E-28277,feeds
E-28277,COL-28278,on-line
PSV-28279,K-28280,upstream-of
K-28280,TT-28281,on-line
TT-28281,FCV-28282,discharges-to
V-28283,P-28284,on-line
P-28284,PSV-28285,on-line
PT-28287,LT-28288,downstream-of
LT-28288,LT-28289,upstream-of
XV-28290,COL-28291,on-line
COL-28291,P-28292,downstream-of
P-28292,XV-28293,discharges-to
XV-28293,PSV-28294,feeds
PSV-28294,PT-28295,upstream-of
PT-28295,COL-28296,downstream-of
COL-28296,K-28297,downstream-of
XV-28298,K-28299,feeds
K-28299,LT-28300,on-line
LT-28300,XV-28301,upstream-of
XV-28301,K-28302,on-line
K-28302,TT-28303,feeds
TT-28303,FT-28304,on-line
LT-28307,FT-28308,feeds
FT-28308,K-28309,downstream-of
K-28309,P-28310,upstream-of
V-28311,K-28312,discharges-to
K-28312,PSV-28313,feeds
PSV-28313,FT-28314,discharges-to
FT-28314,P-28315,discharges-to
P-28315,FT-28316,feeds
V-28317,P-28318,downstream-of
P-28318,PSV-28319,downstream-of
PSV-28319,TT-28320,on-line
TT-28320,LT-28321,upstream-of
PT-28322,COL-28323,downstream-of
P-28324,TT-28325,on-line
TT-28325,PT-28326,feeds
PT-28326,PSV-28327,downstream-of
PSV-28327,K-28328,discharges-to
K-28328,FCV-28329,on-line
XV-28330,LT-28331,on-line
LT-28331,PSV-28332,feeds
PT-28333,COL-28334,discharges-to
COL-28334,E-28335,discharges-to
E-28335,TT-28336,downstream-of
TT-28336,P-28337,discharges-to
FT-28338,TT-28339,on-line
TT-28339,TT-28340,feeds
TT-28340,P-28341,upstream-of
P-28341,P-28342,upstream-of
P-28342,V-28343,upstream-of
V-28343,P-28344,discharges-to
P-28344,XV-28345,on-line
XV-28345,PSV-28346,downstream-of
PSV-28346,E-28347,on-line
E-28347,FT-28348,downstream-of
FT-28349,E-28350,feeds
E-28350,FCV-28351,downstream-of
FCV-28351,PSV-28352,upstream-of
PSV-28353,P-28354,upstream-of
P-28354,PT-28355,downstream-of
PT-28355,P-28356,upstream-of
P-28356,E-28357,upstream-of
P-28358,XV-28359,feeds
COL-28360,XV-28361,feeds
XV-28361,FCV-28362,on-line
COL-28363,V-28364,upstream-of
V-28364,COL-28365,upstream-of
LT-28367,FCV-28368,upstream-of
FCV-28368,FT-28369,upstream-of
FT-28369,FT-28370,feeds
FT-28370,P-28371,discharges-to
PSV-28372,E-28373,upstream-of
E-28373,COL-28374,downstream-of
E-28375,LT-28376,downstream-of
LT-28376,PT-28377,on-line
PT-28377,XV-28378,downstream-of
XV-28378,TT-28379,upstream-of
TT-28379,K-28380,on-line
K-28380,PT-28381,feeds
PT-28381,P-28382,on-line
P-28382,FT-28383,downstream-of
LT-28385,FCV-28386,downstream-of
FCV-28386,FCV-28387,feeds
FCV-28387,COL-28388,discharges-to
COL-28388,XV-28389,feeds
XV-28389,P-28390,discharges-to
PT-28391,K-28392,on-line
COL-28393,FT-28394,feeds
P-28395,LT-28396,on-line
LT-28397,TT-28398,on-line
TT-28398,P-28399,upstream-of
E-28400,FT-28401,discharges-to
PSV-28402,TT-28403,on-line
TT-28403,COL-28404,discharges-to
COL-28404,XV-28405,downstream-of
XV-28405,COL-28406,discharges-to
COL-28406,V-28407,on-line
V-28407,FCV-28408,feeds
FT-28409,V-28410,feeds
PSV-28411,XV-28412,downstream-of
PSV-28418,FCV-28419,downstream-of
FCV-28419,PT-28420,discharges-to
PT-28420,FCV-28421,downstream-of
COL-28424,K-28425,discharges-to
K-28425,PSV-28426,downstream-of
PSV-28426,COL-28427,on-line
COL-28427,P-28428,discharges-to
XV-28429,E-28430,discharges-to
E-28430,FT-28431,feeds
FT-28431,FCV-28432,feeds
V-28433,P-28434,upstream-of
P-28434,V-28435,upstream-of
V-28435,PSV-28436,downstream-of
P-28437,FT-28438,on-line
FCV-28439,E-28440,discharges-to
FT-28443,PT-28444,upstream-of
PT-28444,LT-28445,discharges-to
LT-28445,PT-28446,discharges-to
PT-28446,PSV-28447,downstream-of
PSV-28447,V-28448,upstream-of
V-28448,FT-28449,downstream-of
FT-28449,P-28450,on-line
XV-28451,LT-28452,discharges-to
LT-28452,PT-28453,discharges-to
PT-28453,TT-28454,discharges-to
TT-28454,E-28455,upstream-of
P-28456,FT-28457,downstream-of
FT-28457,LT-28458,discharges-to
E-28459,K-28460,feeds
P-28461,FT-28462,on-line
XV-28465,E-28466,downstream-of
E-28466,P-28467,on-line
P-28467,E-28468,on-line
PT-28469,P-28470,upstream-of
P-28470,PSV-28471,downstream-of
PSV-28471,COL-28472,upstream-of
PT-28474,PSV-28475,on-line
E-28476,P-28477,discharges-to
K-28478,PT-28479,discharges-to
V-28480,FT-28481,downstream-of
FT-28481,E-28482,discharges-to
E-28482,PT-28483,upstream-of
TT-28484,E-28485,downstream-of
E-28485,K-28486,on-line
K-28486,XV-28487,downstream-of
XV-28487,TT-28488,discharges-to
TT-28488,FT-28489,upstream-of
FT-28489,P-28490,downstream-of
P-28490,V-28491,feeds
V-28491,K-28492,on-line
K-28492,V-28493,upstream-of
V-28493,V-28494,downstream-of
V-28494,FCV-28495,on-line
FCV-28495,P-28496,feeds
P-28496,K-28497,feeds
K-28497,COL-28498,upstream-of
COL-28498,E-28499,feeds
COL-28500,PT-28501,feeds
PT-28501,LT-28502,on-line
TT-28504,TT-28505,downstream-of
TT-28505,FCV-28506,upstream-of
FCV-28506,K-28507,discharges-to
K-28507,PT-28508,downstream-of
PSV-28509,V-28510,on-line
V-28510,COL-28511,on-line
COL-28511,P-28512,upstream-of
E-28513,K-28514,discharges-to
K-28514,P-28515,feeds
P-28515,P-28516,upstream-of
P-28516,FCV-28517,upstream-of
FCV-28517,P-28518,downstream-of
P-28518,E-28519,downstream-of
E-28519,V-28520,feeds
V-28520,E-28521,discharges-to
E-28522,E-28523,upstream-of
E-28523,FT-28524,on-line
FT-28524,FT-28525,downstream-of
FT-28525,LT-28526,discharges-to
LT-28526,K-28527,discharges-to
K-28527,FCV-28528,feeds
FCV-28528,FCV-28529,upstream-of
FCV-28529,XV-28530,on-line
XV-28530,FCV-28531,discharges-to
FCV-28531,P-28532,downstream-of
P-28532,COL-28533,on-line
COL-28533,FCV-28534,feeds
FCV-28534,P-28535,on-line
P-28535,FT-28536,upstream-of
TT-28539,PT-28540,feeds
PT-28540,K-28541,discharges-to
E-28542,COL-28543,feeds
COL-28543,FT-28544,downstream-of
FT-28544,E-28545,downstream-of
E-28545,PSV-28546,on-line
PSV-28546,E-28547,upstream-of
E-28547,LT-28548,upstream-of
LT-28548,XV-28549,feeds
XV-28549,P-28550,downstream-of
P-28550,P-28551,feeds
P-28551,P-28552,feeds
P-28552,PT-28553,downstream-of
XV-28554,K-28555,feeds
K-28555,V-28556,feeds
V-28556,XV-28557,feeds
XV-28557,K-28558,feeds
P-28560,FCV-28561,on-line
FCV-28561,P-28562,feeds
FT-28563,PT-28564,feeds
PT-28564,PSV-28565,feeds
PSV-28565,FT-28566,on-line
FT-28566,LT-28567,discharges-to
LT-28567,PSV-28568,discharges-to
PSV-28568,PT-28569,downstream-of
PT-28569,TT-28570,feeds
TT-28570,COL-28571,downstream-of
PSV-28572,TT-28573,discharges-to
FT-28574,P-28575,feeds
P-28575,TT-28576,feeds
TT-28576,TT-28577,on-line
TT-28577,LT-28578,feeds
LT-28578,FT-28579,upstream-of
FT-28579,K-28580,upstream-of
K-28580,V-28581,downstream-of
K-28582,FCV-28583,downstream-of
FCV-28583,K-28584,feeds
LT-28585,P-28586,on-line
K-28588,V-28589,upstream-of
V-28589,LT-28590,feeds
FCV-28591,P-28592,downstream-of
P-28592,PSV-28593,feeds
PSV-28593,FT-28594,downstream-of
FT-28594,LT-28595,discharges-to
TT-28597,FCV-28598,feeds
FCV-28598,P-28599,discharges-to
P-28599,P-28600,downstream-of
P-28601,P-28602,on-line
P-28602,COL-28603,downstream-of
COL-28603,FCV-28604,discharges-to
FCV-28604,XV-28605,downstream-of
PT-28606,E-28607,on-line
E-28607,FCV-28608,discharges-to
FCV-28608,PT-28609,on-line
PT-28609,P-28610,discharges-to
PSV-28611,PT-28612,discharges-to
LT-28613,V-28614,feeds
V-28614,FT-28615,upstream-of
XV-28616,TT-28617,upstream-of
TT-28617,PSV-28618,upstream-of
PSV-28618,FCV-28619,on-line
FCV-28619,LT-28620,upstream-of
XV-28621,E-28622,upstream-of
E-28622,PT-28623,downstream-of
E-28624,TT-28625,discharges-to
TT-28625,V-28626,discharges-to
V-28629,FCV-28630,downstream-of
FCV-28632,FT-28633,downstream-of
FT-28633,PT-28634,feeds
PT-28634,K-28635,upstream-of
PT-28636,FCV-28637,downstream-of
LT-28638,TT-28639,upstream-of
TT-28639,PT-28640,upstream-of
PT-28640,COL-28641,upstream-of
PSV-28642,PSV-28643,discharges-to
PSV-28643,P-28644,on-line
P-28644,COL-28645,downstream-of
P-28646,PSV-28647,downstream-of
PSV-28647,P-28648,feeds
TT-28650,K-28651,discharges-to
K-28651,LT-28652,discharges-to
P-28653,P-28654,discharges-to
P-28654,TT-28655,feeds
TT-28655,COL-28656,feeds
PSV-28657,PT-28658,downstream-of
PT-28658,COL-28659,downstream-of
XV-28660,FCV-28661,feeds
PT-28662,COL-28663,feeds
K-28664,XV-28665,downstream-of
XV-28665,COL-28666,on-line
COL-28666,V-28667,downstream-of
PSV-28668,E-28669,discharges-to
E-28669,TT-28670,discharges-to
TT-28670,PSV-28671,feeds
P-28673,FT-28674,downstream-of
FT-28674,K-28675,on-line
K-28675,XV-28676,feeds
XV-28676,P-28677,discharges-to
P-28678,FT-28679,upstream-of
P-28681,E-28682,feeds
P-28683,P-28684,upstream-of
P-28684,PSV-28685,upstream-of
PSV-28685,PT-28686,feeds
LT-28687,FCV-28688,upstream-of
LT-28691,PSV-28692,discharges-to
PSV-28692,P-28693,on-line
P-28693,K-28694,upstream-of
K-28694,P-28695,on-line
E-28696,XV-28697,feeds
P-28698,K-28699,upstream-of
K-28699,PT-28700,feeds
P-28701,PT-28702,feeds
PT-28702,PSV-28703,on-line
E-28705,COL-28706,upstream-of
P-28707,XV-28708,upstream-of
TT-28709,FCV-28710,on-line
P-28711,P-28712,feeds
P-28712,V-28713,on-line
V-28713,P-28714,discharges-to
P-28714,E-28715,feeds
E-28715,P-28716,downstream-of
P-28716,FT-28717,downstream-of
FT-28717,P-28718,on-line
PT-28719,E-28720,downstream-of
LT-28722,V-28723,discharges-to
V-28723,E-28724,upstream-of
FCV-28725,P-28726,downstream-of
COL-28727,PSV-28728,upstream-of
PSV-28728,FT-28729,discharges-to
P-28731,COL-28732,downstream-of
COL-28732,PT-28733,feeds
PT-28734,TT-28735,feeds
TT-28735,FCV-28736,discharges-to
FCV-28736,V-28737,downstream-of
V-28737,FCV-28738,upstream-of
FCV-28738,PSV-28739,downstream-of
P-28740,P-28741,upstream-of
E-28742,P-28743,feeds
XV-28744,LT-28745,on-line
LT-28745,TT-28746,discharges-to
XV-28747,TT-28748,upstream-of
TT-28748,P-28749,on-line
LT-28750,LT-28751,on-line
LT-28751,E-28752,feeds
E-28752,FT-28753,on-line
FT-28753,V-28754,on-line
V-28754,LT-28755,discharges-to
P-28756,P-28757,upstream-of
P-28757,PSV-28758,feeds
PSV-28758,FT-28759,feeds
FT-28759,LT-28760,discharges-to
COL-28761,V-28762,feeds
V-28762,V-28763,downstream-of
E-28764,E-28765,downstream-of
E-28765,COL-28766,on-line
COL-28766,FT-28767,feeds
V-28768,FCV-28769,downstream-of
FCV-28770,LT-28771,on-line
LT-28771,P-28772,downstream-of
P-28772,K-28773,on-line
PSV-28775,TT-28776,downstream-of
TT-28776,COL-28777,downstream-of
COL-28777,K-28778,feeds
K-28779,P-28780,discharges-to
P-28780,PSV-28781,on-line
XV-28782,COL-28783,discharges-to
COL-28783,PT-28784,downstream-of
V-28785,P-28786,upstream-of
P-28786,COL-28787,downstream-of
COL-28787,PSV-28788,downstream-of
PSV-28789,PT-28790,discharges-to
PT-28790,FT-28791,discharges-to
FT-28791,TT-28792,downstream-of
TT-28792,P-28793,upstream-of
P-28793,FT-28794,downstream-of
K-28795,P-28796,upstream-of
P-28796,P-28797,feeds
E-28798,PSV-28799,discharges-to
P-28802,LT-28803,on-line
LT-28803,COL-28804,discharges-to
K-28805,TT-28806,upstream-of
PT-28807,TT-28808,on-line
TT-28808,E-28809,downstream-of
E-28809,FT-28810,discharges-to
FT-28810,COL-28811,discharges-to
COL-28811,P-28812,on-line
P-28812,P-28813,discharges-to
P-28813,K-28814,upstream-of
K-28814,K-28815,on-line
K-28815,XV-28816,upstream-of
E-28819,LT-28820,on-line
LT-28820,LT-28821,downstream-of
TT-28822,COL-28823,feeds
PSV-28824,TT-28825,discharges-to
PSV-28826,COL-28827,on-line
FCV-28828,K-28829,on-line
K-28829,E-28830,on-line
E-28830,FT-28831,downstream-of
LT-28833,TT-28834,downstream-of
TT-28834,LT-28835,upstream-of
FCV-28836,FT-28837,upstream-of
FT-28837,COL-28838,feeds
COL-28838,TT-28839,downstream-of
TT-28839,LT-28840,downstream-of
LT-28840,LT-28841,on-line
P-28843,FT-28844,upstream-of
FT-28844,LT-28845,on-line
LT-28845,XV-28846,feeds
XV-28846,TT-28847,on-line
TT-28847,E-28848,discharges-to
TT-28849,FT-28850,discharges-to
FT-28850,PSV-28851,discharges-to
PSV-28851,P-28852,downstream-of
PT-28853,V-28854,upstream-of
V-28854,K-28855,feeds
K-28855,FT-28856,downstream-of
FT-28856,P-28857,discharges-to
P-28857,FCV-28858,upstream-of
FCV-28858,K-28859,upstream-of
PT-28860,FT-28861,on-line
FT-28861,V-28862,on-line
V-28862,FCV-28863,downstream-of
P-28864,TT-28865,discharges-to
TT-28865,XV-28866,downstream-of
XV-28866,K-28867,downstream-of
PSV-28869,FT-28870,feeds
FT-28870,PT-28871,on-line
PSV-28872,PSV-28873,feeds
PSV-28873,COL-28874,upstream-of
COL-28874,FCV-28875,feeds
FCV-28875,TT-28876,discharges-to
TT-28876,PSV-28877,on-line
FCV-28880,TT-28881,downstream-of
TT-28881,P-28882,discharges-to
P-28882,E-28883,downstream-of
E-28883,P-28884,downstream-of
P-28884,LT-28885,feeds
PSV-28886,V-28887,discharges-to
V-28887,E-28888,on-line
E-28888,FCV-28889,discharges-to
FT-28891,P-28892,discharges-to
P-28892,E-28893,discharges-to
E-28893,PT-28894,downstream-of
PT-28894,E-28895,upstream-of
E-28895,V-28896,upstream-of
V-28896,K-28897,upstream-of
K-28897,FCV-28898,on-line
FCV-28898,FCV-28899,downstream-of
PT-28901,FCV-28902,downstream-of
PSV-28903,FCV-28904,on-line
FCV-28904,TT-28905,feeds
TT-28905,FT-28906,feeds
FT-28906,FT-28907,downstream-of
FT-28907,COL-28908,discharges-to
E-28909,LT-28910,discharges-to
PSV-28911,XV-28912,feeds
K-28913,TT-28914,feeds
TT-28914,K-28915,upstream-of
K-28915,V-28916,feeds
V-28916,P-28917,downstream-of
P-28918,COL-28919,feeds
COL-28919,E-28920,feeds
E-28920,PSV-28921,upstream-of
PSV-28921,LT-28922,on-line
TT-28923,E-28924,downstream-of
E-28924,K-28925,feeds
K-28925,XV-28926,discharges-to
K-28927,TT-28928,upstream-of
PT-28929,E-28930,on-line
K-28931,TT-28932,feeds
TT-28932,P-28933,feeds
P-28933,V-28934,upstream-of
V-28934,LT-28935,discharges-to
LT-28935,COL-28936,downstream-of
COL-28936,FCV-28937,on-line
FCV-28937,TT-28938,downstream-of
TT-28938,PSV-28939,feeds
PSV-28939,K-28940,discharges-to
K-28940,COL-28941,downstream-of
COL-28941,XV-28942,feeds
FCV-28943,XV-28944,downstream-of
XV-28944,TT-28945,upstream-of
TT-28945,TT-28946,upstream-of
FCV-28949,TT-28950,on-line
TT-28950,P-28951,upstream-of
P-28951,FT-28952,upstream-of
FT-28952,TT-28953,downstream-of
TT-28953,P-28954,discharges-to
PSV-28955,FT-28956,upstream-of
FT-28956,P-28957,discharges-to
P-28957,V-28958,feeds
V-28958,PSV-28959,discharges-to
PSV-28959,V-28960,discharges-to
V-28960,V-28961,downstream-of
V-28961,V-28962,discharges-to
FT-28964,XV-28965,discharges-to
XV-28966,LT-28967,downstream-of
LT-28967,PSV-28968,discharges-to
PSV-28968,P-28969,discharges-to
P-28969,FCV-28970,on-line
PT-28971,PSV-28972,discharges-to
PSV-28972,XV-28973,feeds
XV-28973,V-28974,upstream-of
V-28974,TT-28975,upstream-of
TT-28975,XV-28976,on-line
XV-28976,K-28977,discharges-to
K-28977,TT-28978,upstream-of
TT-28978,P-28979,upstream-of
P-28979,FT-28980,discharges-to
FT-28980,V-28981,downstream-of
V-28981,PSV-28982,discharges-to
PT-28983,FT-28984,feeds
FT-28984,COL-28985,feeds
LT-28987,PSV-28988,feeds
PSV-28988,XV-28989,upstream-of
XV-28989,P-28990,discharges-to
FT-28992,LT-28993,discharges-to
LT-28993,FCV-28994,on-line
FCV-28994,PSV-28995,on-line
PSV-28995,P-28996,discharges-to
P-28996,V-28997,on-line
V-28997,PSV-28998,downstream-of
PSV-28998,LT-28999,discharges-to
P-29000,V-29001,discharges-to
V-29001,COL-29002,on-line
COL-29003,P-29004,discharges-to
FT-29005,E-29006,downstream-of
E-29006,TT-29007,on-line
FCV-29008,FT-29009,downstream-of
FT-29009,XV-29010,discharges-to
XV-29010,P-29011,downstream-of
P-29011,PSV-29012,upstream-of
PSV-29013,XV-29014,feeds
P-29016,XV-29017,feeds
V-29018,P-29019,discharges-to
P-29019,PT-29020,feeds
P-29022,P-29023,feeds
P-29023,FT-29024,feeds
FT-29024,FT-29025,downstream-of
FT-29026,V-29027,discharges-to
FT-29028,COL-29029,on-line
COL-29029,K-29030,on-line
K-29030,TT-29031,downstream-of
TT-29031,P-29032,upstream-of
P-29032,FCV-29033,on-line
FCV-29033,V-29034,downstream-of
V-29034,LT-29035,discharges-to
COL-29040,PT-29041,discharges-to
PT-29041,TT-29042,feeds
XV-29044,COL-29045,feeds
FT-29047,FCV-29048,on-line
FCV-29048,P-29049,on-line
P-29049,P-29050,feeds
P-29050,K-29051,downstream-of
K-29051,XV-29052,discharges-to
XV-29052,FT-29053,discharges-to
V-29054,LT-29055,upstream-of
PSV-29056,COL-29057,discharges-to
COL-29057,PSV-29058,downstream-of
PSV-29058,PT-29059,feeds
PT-29059,XV-29060,downstream-of
K-29061,FT-29062,downstream-of
TT-29063,PT-29064,upstream-of
PT-29064,PSV-29065,feeds
V-29066,FCV-29067,upstream-of
FCV-29067,K-29068,discharges-to
K-29068,E-29069,upstream-of
FT-29071,PSV-29072,upstream-of
P-29073,V-29074,upstream-of
V-29074,E-29075,discharges-to
E-29075,V-29076,upstream-of
V-29076,XV-29077,upstream-of
K-29079,K-29080,discharges-to
K-29080,V-29081,discharges-to
V-29081,V-29082,downstream-of
FT-29084,PT-29085,upstream-of
PT-29085,XV-29086,on-line
XV-29086,FCV-29087,upstream-of
FCV-29087,TT-29088,on-line
TT-29088,FT-29089,downstream-of
V-29092,FT-29093,feeds
FT-29093,LT-29094,downstream-of
COL-29095,COL-29096,discharges-to
COL-29096,TT-29097,on-line
TT-29097,K-29098,on-line
K-29098,P-29099,feeds
P-29099,PSV-29100,discharges-to
PSV-29100,PT-29101,on-line
PT-29101,PT-29102,discharges-to
TT-29104,FT-29105,feeds
FT-29105,FCV-29106,discharges-to
FCV-29106,LT-29107,discharges-to
V-29108,FT-29109,discharges-to
FT-29109,LT-29110,on-line
LT-29110,E-29111,downstream-of
P-29112,COL-29113,downstream-of
TT-29114,E-29115,discharges-to
E-29115,K-29116,discharges-to
K-29116,TT-29117,discharges-to
TT-29117,E-29118,upstream-of
E-29118,K-29119,discharges-to
K-29119,K-29120,discharges-to
K-29120,P-29121,discharges-to
P-29121,PT-29122,discharges-to
PT-29122,K-29123,on-line
K-29123,FCV-29124,feeds
FCV-29124,P-29125,on-line
P-29125,FCV-29126,on-line
PSV-29127,COL-29128,feeds
COL-29128,TT-29129,feeds
PSV-29133,V-29134,feeds
V-29134,TT-29135,discharges-to
E-29138,P-29139,upstream-of
P-29139,P-29140,feeds
P-29140,LT-29141,on-line
LT-29141,XV-29142,discharges-to
XV-29142,P-29143,upstream-of
P-29143,V-29144,on-line
P-29145,P-29146,upstream-of
XV-29149,E-29150,upstream-of
E-29150,P-29151,upstream-of
P-29151,TT-29152,on-line
K-29154,E-29155,discharges-to
E-29155,TT-29156,feeds
TT-29156,LT-29157,downstream-of
P-29159,P-29160,feeds
P-29160,PT-29161,feeds
PT-29162,V-29163,discharges-to
V-29164,P-29165,discharges-to
P-29165,FCV-29166,upstream-of
FCV-29166,FCV-29167,on-line
FCV-29167,E-29168,feeds
K-29171,P-29172,on-line
P-29172,P-29173,on-line
P-29173,PT-29174,feeds
PT-29174,PSV-29175,discharges-to
PSV-29176,XV-29177,discharges-to
V-29178,COL-29179,on-line
COL-29179,TT-29180,on-line
TT-29180,K-29181,discharges-to
P-29182,XV-29183,downstream-of
XV-29183,LT-29184,on-line
LT-29184,PSV-29185,upstream-of
PSV-29185,FT-29186,downstream-of
E-29187,COL-29188,downstream-of
PSV-29189,FT-29190,downstream-of
FT-29190,COL-29191,upstream-of
COL-29191,TT-29192,upstream-of
TT-29192,V-29193,feeds
V-29193,V-29194,downstream-of
V-29194,K-29195,discharges-to
K-29195,E-29196,feeds
E-29196,LT-29197,discharges-to
LT-29197,PSV-29198,downstream-of
TT-29200,P-29201,upstream-of
PSV-29202,LT-29203,downstream-of
P-29204,K-29205,discharges-to
K-29205,XV-29206,feeds
XV-29206,P-29207,upstream-of
P-29207,K-29208,feeds
K-29208,E-29209,downstream-of
E-29209,P-29210,downstream-of
P-29210,COL-29211,discharges-to
TT-29212,COL-29213,feeds
FT-29214,FT-29215,discharges-to
FT-29215,LT-29216,upstream-of
LT-29216,FCV-29217,feeds
FCV-29217,P-29218,upstream-of
P-29218,XV-29219,feeds
XV-29219,FT-29220,feeds
P-29222,P-29223,upstream-of
P-29223,K-29224,upstream-of
K-29224,P-29225,on-line
P-29225,FT-29226,upstream-of
P-29229,K-29230,downstream-of
K-29230,PSV-29231,downstream-of
PSV-29231,PSV-29232,upstream-of
PSV-29232,V-29233,upstream-of
V-29233,P-29234,feeds
P-29234,LT-29235,downstream-of
LT-29235,LT-29236,upstream-of
LT-29236,TT-29237,discharges-to
TT-29237,PT-29238,upstream-of
PT-29240,K-29241,discharges-to
K-29241,PSV-29242,discharges-to
COL-29243,PT-29244,on-line
PSV-29245,FCV-29246,discharges-to
FT-29247,COL-29248,on-line
COL-29248,TT-29249,feeds
FT-29250,V-29251,discharges-to
V-29251,LT-29252,on-line
LT-29252,V-29253,downstream-of
V-29253,PSV-29254,feeds
COL-29256,LT-29257,downstream-of
LT-29257,PSV-29258,discharges-to
P-29259,PT-29260,discharges-to
PT-29260,P-29261,discharges-to
P-29261,E-29262,discharges-to
E-29262,TT-29263,upstream-of
E-29264,E-29265,discharges-to
E-29265,FCV-29266,on-line
FCV-29266,LT-29267,upstream-of
LT-29267,PT-29268,feeds
PT-29268,P-29269,upstream-of
P-29269,COL-29270,on-line
COL-29270,PSV-29271,feeds
PT-29272,XV-29273,upstream-of
XV-29273,TT-29274,downstream-of
TT-29274,PT-29275,feeds
PT-29275,FCV-29276,downstream-of
P-29278,FT-29279,downstream-of
FT-29279,FT-29280,feeds
TT-29281,FT-29282,downstream-of
LT-29284,PSV-29285,discharges-to
P-29286,E-29287,downstream-of
E-29287,FT-29288,feeds
COL-29289,TT-29290,on-line
P-29291,FCV-29292,upstream-of
FCV-29292,V-29293,downstream-of
V-29293,P-29294,feeds
K-29295,COL-29296,upstream-of
COL-29296,XV-29297,upstream-of
XV-29298,K-29299,discharges-to
K-29299,K-29300,on-line
K-29300,PSV-29301,on-line
PSV-29301,FCV-29302,discharges-to
FCV-29302,V-29303,feeds
V-29303,FT-29304,discharges-to
P-29306,PT-29307,downstream-of
PT-29307,PSV-29308,feeds
XV-29309,E-29310,upstream-of
E-29310,V-29311,on-line
V-29311,LT-29312,discharges-to
FT-29313,FT-29314,on-line
FCV-29315,K-29316,on-line
K-29316,LT-29317,downstream-of
LT-29317,PT-29318,discharges-to
PT-29318,V-29319,feeds
XV-29321,K-29322,feeds
K-29322,XV-29323,discharges-to
XV-29323,PSV-29324,on-line
PSV-29324,P-29325,upstream-of
P-29325,FT-29326,feeds
FT-29326,COL-29327,discharges-to
COL-29327,TT-29328,feeds
TT-29328,FT-29329,on-line
FT-29329,P-29330,discharges-to
P-29330,V-29331,discharges-to
K-29332,V-29333,feeds
V-29333,TT-29334,discharges-to
FT-29336,TT-29337,downstream-of
TT-29337,V-29338,feeds
V-29338,PSV-29339,upstream-of
PSV-29339,FCV-29340,discharges-to
FCV-29340,P-29341,on-line
V-29342,XV-29343,discharges-to
V-29344,P-29345,discharges-to
P-29345,TT-29346,on-line
TT-29346,FCV-29347,discharges-to
FCV-29347,FT-29348,on-line
XV-29349,PSV-29350,discharges-to
PSV-29350,P-29351,on-line
P-29351,TT-29352,downstream-of
TT-29353,P-29354,on-line
P-29354,FT-29355,downstream-of
FT-29359,COL-29360,upstream-of
E-29361,PSV-29362,downstream-of
FT-29367,TT-29368,on-line
TT-29368,E-29369,feeds
P-29370,PSV-29371,upstream-of
PSV-29371,E-29372,discharges-to
E-29372,K-29373,upstream-of
K-29373,FT-29374,discharges-to
XV-29375,P-29376,downstream-of
P-29376,K-29377,upstream-of
K-29377,P-29378,upstream-of
P-29378,P-29379,feeds
P-29379,P-29380,upstream-of
P-29381,TT-29382,on-line
COL-29383,COL-29384,downstream-of
COL-29384,K-29385,discharges-to
K-29385,FCV-29386,downstream-of
FCV-29386,LT-29387,discharges-to
K-29389,P-29390,on-line
P-29390,V-29391,feeds
V-29391,K-29392,upstream-of
P-29393,P-29394,downstream-of
P-29394,P-29395,discharges-to
E-29397,PSV-29398,upstream-of
PSV-29398,V-29399,downstream-of
V-29399,TT-29400,upstream-of
TT-29400,LT-29401,downstream-of
XV-29402,FCV-29403,downstream-of
FCV-29403,P-29404,downstream-of
K-29405,E-29406,discharges-to
E-29406,FT-29407,upstream-of
FT-29407,LT-29408,on-line
E-29411,E-29412,upstream-of
FCV-29413,FT-29414,upstream-of
TT-29415,XV-29416,feeds
XV-29416,V-29417,on-line
XV-29420,FCV-29421,discharges-to
FCV-29421,V-29422,feeds
V-29422,FCV-29423,feeds
FCV-29423,LT-29424,downstream-of
LT-29424,PT-29425,feeds
PSV-29426,TT-29427,discharges-to
TT-29427,XV-29428,upstream-of
XV-29428,PSV-29429,downstream-of
PSV-29429,K-29430,feeds
K-29430,P-29431,upstream-of
LT-29432,COL-29433,on-line
COL-29433,PT-29434,downstream-of
PT-29434,P-29435,discharges-to
P-29435,K-29436,downstream-of
K-29436,FCV-29437,downstream-of
FCV-29437,PSV-29438,discharges-to
LT-29440,K-29441,on-line
K-29441,XV-29442,upstream-of
XV-29442,FCV-29443,upstream-of
FCV-29444,V-29445,discharges-to
P-29446,V-29447,downstream-of
V-29449,E-29450,on-line
P-29451,V-29452,discharges-to
V-29452,K-29453,upstream-of
K-29453,PT-29454,feeds
PT-29454,K-29455,upstream-of
LT-29456,PT-29457,discharges-to
PT-29457,P-29458,discharges-to
P-29458,PT-29459,feeds
PT-29459,FCV-29460,upstream-of
PSV-29461,P-29462,feeds
P-29462,TT-29463,downstream-of
TT-29463,P-29464,feeds
FT-29465,V-29466,feeds
V-29466,PT-29467,downstream-of
TT-29468,TT-29469,downstream-of
TT-29469,FCV-29470,downstream-of
FCV-29470,TT-29471,upstream-of
PSV-29472,COL-29473,feeds
TT-29474,PSV-29475,upstream-of
PT-29476,P-29477,discharges-to
P-29477,LT-29478,downstream-of
LT-29478,K-29479,discharges-to
K-29479,TT-29480,discharges-to
TT-29480,FT-29481,upstream-of
FT-29481,FCV-29482,on-line
FCV-29482,V-29483,downstream-of
COL-29484,PT-29485,upstream-of
PT-29485,P-29486,on-line
PSV-29488,XV-29489,upstream-of
E-29490,TT-29491,discharges-to
P-29496,PSV-29497,upstream-of
PSV-29497,PT-29498,on-line
PT-29498,K-29499,on-line
P-29502,E-29503,feeds
E-29503,E-29504,feeds
E-29504,PSV-29505,downstream-of
PSV-29505,LT-29506,upstream-of
FCV-29507,V-29508,discharges-to
V-29508,TT-29509,discharges-to
TT-29509,V-29510,upstream-of
V-29510,COL-29511,downstream-of
PT-29512,COL-29513,upstream-of
COL-29513,XV-29514,downstream-of
FCV-29516,TT-29517,upstream-of
LT-29518,FT-29519,on-line
FT-29519,P-29520,discharges-to
P-29520,TT-29521,on-line
K-29522,PSV-29523,downstream-of
PSV-29523,XV-29524,on-line
XV-29524,E-29525,on-line
E-29525,PT-29526,upstream-of
PT-29526,FT-29527,upstream-of
FT-29527,FT-29528,downstream-of
FT-29528,P-29529,downstream-of
P-29529,PT-29530,upstream-of
PT-29530,V-29531,discharges-to
V-29531,FCV-29532,on-line
FCV-29532,E-29533,feeds
E-29533,PSV-29534,on-line
K-29535,PSV-29536,on-line
PSV-29536,V-29537,discharges-to
V-29537,XV-29538,on-line
PT-29540,E-29541,feeds
E-29541,FT-29542,discharges-to
FT-29542,TT-29543,upstream-of
TT-29543,XV-29544,discharges-to
XV-29544,P-29545,on-line
P-29545,P-29546,on-line
P-29546,PSV-29547,discharges-to
PSV-29547,TT-29548,on-line
TT-29548,PT-29549,upstream-of
PT-29549,XV-29550,feeds
XV-29551,LT-29552,downstream-of
LT-29552,PT-29553,feeds
PT-29553,XV-29554,upstream-of
XV-29554,TT-29555,feeds
TT-29555,TT-29556,feeds
TT-29556,P-29557,discharges-to
P-29557,PT-29558,feeds
XV-29559,PSV-29560,feeds
PSV-29560,E-29561,feeds
V-29562,XV-29563,on-line
XV-29563,V-29564,downstream-of
P-29565,COL-29566,on-line
PT-29567,PSV-29568,on-line
PSV-29568,PSV-29569,upstream-of
PSV-29569,PT-29570,downstream-of
PT-29570,P-29571,on-line
P-29572,P-29573,upstream-of
P-29573,COL-29574,upstream-of
COL-29574,FT-29575,on-line
LT-29577,P-29578,feeds
PT-29579,PT-29580,on-line
PT-29580,FT-29581,upstream-of
FT-29581,P-29582,downstream-of
P-29582,COL-29583,downstream-of
COL-29583,E-29584,feeds
LT-29585,XV-29586,on-line
XV-29586,FCV-29587,on-line
FCV-29587,LT-29588,downstream-of
PT-29589,V-29590,downstream-of
V-29590,COL-29591,on-line
COL-29591,LT-29592,on-line
PSV-29593,PT-29594,on-line
FT-29595,E-29596,on-line
PT-29597,E-29598,upstream-of
K-29599,P-29600,discharges-to
P-29600,E-29601,discharges-to
E-29601,LT-29602,on-line
LT-29602,V-29603,feeds
V-29603,XV-29604,discharges-to
TT-29606,FT-29607,discharges-to
XV-29608,XV-29609,feeds
K-29611,P-29612,downstream-of
P-29612,TT-29613,discharges-to
TT-29613,V-29614,upstream-of
PSV-29615,XV-29616,feeds
K-29618,PT-29619,upstream-of
PSV-29620,XV-29621,discharges-to
XV-29621,FT-29622,upstream-of
FT-29622,LT-29623,discharges-to
LT-29623,E-29624,upstream-of
E-29624,FT-29625,feeds
FT-29625,PSV-29626,discharges-to
COL-29627,P-29628,upstream-of
P-29628,COL-29629,feeds
COL-29631,P-29632,downstream-of
FT-29633,TT-29634,feeds
TT-29634,FCV-29635,on-line
FCV-29635,COL-29636,upstream-of
E-29637,E-29638,feeds
LT-29639,TT-29640,feeds
P-29641,V-29642,discharges-to
V-29642,FCV-29643,downstream-of
FCV-29644,K-29645,on-line
K-29645,E-29646,upstream-of
E-29647,FCV-29648,discharges-to
FCV-29648,XV-29649,upstream-of
XV-29649,V-29650,downstream-of
V-29650,K-29651,discharges-to
K-29651,LT-29652,downstream-of
LT-29652,K-29653,discharges-to
K-29653,P-29654,upstream-of
P-29654,E-29655,discharges-to
P-29656,FT-29657,downstream-of
FT-29657,FCV-29658,discharges-to
FCV-29658,PT-29659,on-line
PT-29659,PSV-29660,discharges-to
PSV-29660,TT-29661,feeds
TT-29661,TT-29662,discharges-to
TT-29662,P-29663,downstream-of
P-29663,COL-29664,discharges-to
COL-29664,FT-29665,on-line
FT-29665,E-29666,feeds
LT-29668,V-29669,downstream-of
V-29669,PT-29670,upstream-of
PT-29670,XV-29671,feeds
COL-29672,FT-29673,discharges-to
PT-29674,P-29675,downstream-of
P-29675,FCV-29676,feeds
FCV-29676,E-29677,downstream-of
P-29678,K-29679,downstream-of
K-29679,LT-29680,discharges-to
LT-29680,FT-29681,feeds
FT-29681,P-29682,feeds
P-29682,FCV-29683,on-line
TT-29686,XV-29687,on-line
XV-29687,TT-29688,upstream-of
FT-29689,P-29690,on-line
P-29690,LT-29691,downstream-of
XV-29692,LT-29693,on-line
LT-29693,FT-29694,discharges-to
FT-29694,PSV-29695,downstream-of
PSV-29695,PSV-29696,upstream-of
FCV-29698,COL-29699,discharges-to
COL-29699,COL-29700,discharges-to
COL-29700,FCV-29701,discharges-to
V-29703,E-29704,downstream-of
E-29704,TT-29705,on-line
TT-29705,LT-29706,on-line
LT-29706,P-29707,on-line
FT-29708,FT-29709,discharges-to
FT-29709,FT-29710,upstream-of
FT-29710,FCV-29711,feeds
PT-29712,FT-29713,downstream-of
FT-29713,XV-29714,upstream-of
P-29716,P-29717,feeds
V-29718,K-29719,feeds
K-29719,V-29720,feeds
V-29720,LT-29721,discharges-to
P-29723,K-29724,upstream-of
K-29724,PT-29725,downstream-of
PT-29725,P-29726,upstream-of
P-29726,P-29727,upstream-of
P-29727,XV-29728,discharges-to
XV-29728,E-29729,downstream-of
E-29729,PSV-29730,discharges-to
PSV-29730,FCV-29731,upstream-of
FCV-29731,COL-29732,on-line
PT-29733,XV-29734,on-line
XV-29734,E-29735,upstream-of
E-29735,K-29736,feeds
FT-29737,K-29738,on-line
K-29738,V-29739,downstream-of
TT-29740,COL-29741,feeds
P-29742,FCV-29743,discharges-to
FCV-29743,P-29744,upstream-of
TT-29745,TT-29746,upstream-of
TT-29746,XV-29747,feeds
PT-29751,TT-29752,upstream-of
TT-29752,PT-29753,downstream-of
COL-29754,LT-29755,feeds
COL-29756,P-29757,feeds
P-29757,XV-29758,on-line
K-29760,LT-29761,on-line
LT-29761,V-29762,discharges-to
V-29762,COL-29763,discharges-to
COL-29763,FCV-29764,discharges-to
P-29765,K-29766,feeds
K-29766,E-29767,downstream-of
E-29767,V-29768,discharges-to
V-29768,FCV-29769,feeds
FCV-29769,P-29770,discharges-to
P-29770,LT-29771,downstream-of
LT-29771,COL-29772,feeds
COL-29772,COL-29773,on-line
COL-29773,P-29774,downstream-of
P-29774,P-29775,discharges-to
P-29775,P-29776,feeds
P-29776,P-29777,feeds
FT-29779,PT-29780,feeds
PT-29780,FCV-29781,discharges-to
XV-29783,P-29784,on-line
P-29784,E-29785,upstream-of
E-29786,COL-29787,feeds
COL-29787,P-29788,downstream-of
P-29788,XV-29789,downstream-of
E-29791,COL-29792,on-line
XV-29793,P-29794,discharges-to
P-29794,PT-29795,downstream-of
PT-29795,COL-29796,discharges-to
COL-29796,K-29797,downstream-of
P-29799,TT-29800,on-line
TT-29800,FT-29801,downstream-of
FT-29801,FT-29802,feeds
FT-29802,PT-29803,upstream-of
PT-29803,E-29804,feeds
LT-29806,PSV-29807,downstream-of
P-29810,FT-29811,downstream-of
FT-29811,E-29812,feeds
E-29812,FCV-29813,downstream-of
FCV-29813,FCV-29814,upstream-of
FCV-29814,LT-29815,on-line
E-29817,COL-29818,downstream-of
COL-29818,FT-29819,on-line
FT-29819,PT-29820,discharges-to
PT-29820,V-29821,feeds
V-29821,P-29822,discharges-to
P-29822,LT-29823,discharges-to
LT-29823,COL-29824,upstream-of
COL-29824,FCV-29825,on-line
FCV-29825,PT-29826,downstream-of
PT-29826,FCV-29827,upstream-of
E-29828,FT-29829,discharges-to
K-29831,PSV-29832,upstream-of
PSV-29832,PT-29833,downstream-of
PT-29833,XV-29834,upstream-of
XV-29834,TT-29835,on-line
TT-29835,TT-29836,downstream-of
TT-29836,XV-29837,upstream-of
XV-29837,PSV-29838,downstream-of
TT-29840,LT-29841,on-line
LT-29841,K-29842,on-line
K-29842,PT-29843,discharges-to
PT-29843,E-29844,upstream-of
XV-29847,PT-29848,upstream-of
PT-29848,V-29849,discharges-to
V-29849,P-29850,on-line
P-29850,E-29851,upstream-of
E-29851,LT-29852,upstream-of
PT-29853,P-29854,discharges-to
P-29854,V-29855,discharges-to
V-29855,TT-29856,downstream-of
FT-29858,V-29859,on-line
TT-29860,P-29861,upstream-of
COL-29862,FCV-29863,upstream-of
E-29864,TT-29865,feeds
PSV-29866,COL-29867,downstream-of
COL-29867,K-29868,feeds
K-29868,PT-29869,upstream-of
TT-29870,PT-29871,upstream-of
V-29872,LT-29873,discharges-to
PSV-29874,TT-29875,discharges-to
TT-29875,COL-29876,discharges-to
COL-29876,P-29877,discharges-to
E-29879,XV-29880,discharges-to
XV-29880,COL-29881,upstream-of
COL-29881,K-29882,downstream-of
K-29882,FT-29883,feeds
FT-29883,PSV-29884,discharges-to
PSV-29884,V-29885,downstream-of
FT-29886,TT-29887,upstream-of
TT-29887,XV-29888,discharges-to
V-29890,V-29891,upstream-of
V-29891,P-29892,downstream-of
V-29894,P-29895,on-line
P-29895,COL-29896,discharges-to
COL-29896,E-29897,on-line
K-29898,FCV-29899,upstream-of
FCV-29899,COL-29900,feeds
COL-29900,LT-29901,downstream-of
LT-29901,P-29902,feeds
P-29902,P-29903,downstream-of
XV-29904,PT-29905,discharges-to
TT-29907,TT-29908,downstream-of
TT-29908,COL-29909,downstream-of
COL-29909,LT-29910,upstream-of
K-29911,E-29912,feeds
E-29912,PT-29913,feeds
PT-29913,FCV-29914,feeds
FCV-29914,TT-29915,on-line
TT-29915,COL-29916,upstream-of
COL-29916,P-29917,feeds
P-29917,PT-29918,downstream-of
PT-29918,E-29919,upstream-of
E-29919,FT-29920,discharges-to
FT-29920,FT-29921,discharges-to
FT-29921,E-29922,upstream-of
E-29922,COL-29923,feeds
TT-29924,TT-29925,on-line
TT-29925,P-29926,on-line
P-29926,V-29927,on-line
E-29929,COL-29930,on-line
COL-29930,V-29931,on-line
V-29931,PSV-29932,upstream-of
COL-29936,K-29937,downstream-of
K-29937,TT-29938,upstream-of
TT-29938,FCV-29939,downstream-of
FCV-29939,FT-29940,downstream-of
FT-29940,XV-29941,downstream-of
XV-29941,XV-29942,discharges-to
XV-29942,PSV-29943,upstream-of
PSV-29943,P-29944,upstream-of
LT-29945,PSV-29946,feeds
P-29947,K-29948,feeds
K-29948,P-29949,downstream-of
LT-29952,PT-29953,feeds
PT-29953,LT-29954,feeds
FT-29955,E-29956,discharges-to
E-29956,FCV-29957,upstream-of
FCV-29957,K-29958,downstream-of
V-29961,COL-29962,on-line
FCV-29963,LT-29964,downstream-of
LT-29964,P-29965,discharges-to
P-29965,COL-29966,on-line
E-29967,V-29968,upstream-of
P-29969,LT-29970,on-line
LT-29970,FCV-29971,upstream-of
XV-29972,P-29973,upstream-of
P-29973,PT-29974,upstream-of
PT-29974,XV-29975,discharges-to
XV-29975,V-29976,upstream-of
P-29977,FCV-29978,feeds
FCV-29978,XV-29979,discharges-to
TT-29981,COL-29982,downstream-of
COL-29982,COL-29983,on-line
COL-29983,COL-29984,on-line
COL-29984,LT-29985,on-line
COL-29986,LT-29987,downstream-of
LT-29987,COL-29988,downstream-of
COL-29988,TT-29989,upstream-of
PT-29994,TT-29995,feeds
TT-29995,P-29996,discharges-to
P-29996,LT-29997,on-line
FT-29998,P-29999,upstream-of
P-29999,FT-30000,feeds
FT-30000,V-30001,feeds
V-30001,V-30002,upstream-of
LT-30004,E-30005,upstream-of
E-30005,FCV-30006,discharges-to
FCV-30006,PT-30007,discharges-to
PT-30007,PSV-30008,on-line
PSV-30008,PSV-30009,downstream-of
K-30010,PT-30011,discharges-to
PT-30011,LT-30012,on-line
LT-30012,FCV-30013,on-line
FCV-30013,E-30014,upstream-of
E-30014,LT-30015,discharges-to
TT-30018,TT-30019,discharges-to
FT-30020,P-30021,on-line
P-30021,XV-30022,upstream-of
COL-30023,XV-30024,feeds
XV-30024,XV-30025,downstream-of
XV-30025,E-30026,downstream-of
XV-30027,PT-30028,downstream-of
PT-30028,FT-30029,on-line
FT-30029,K-30030,on-line
K-30030,P-30031,on-line
P-30031,XV-30032,on-line
V-30035,FCV-30036,downstream-of
FCV-30036,TT-30037,feeds
TT-30037,K-30038,upstream-of
K-30038,LT-30039,feeds
LT-30039,XV-30040,downstream-of
XV-30040,LT-30041,on-line
LT-30041,XV-30042,upstream-of
XV-30042,PSV-30043,upstream-of
PSV-30043,PT-30044,discharges-to
E-30045,XV-30046,upstream-of
XV-30046,P-30047,discharges-to
P-30049,XV-30050,discharges-to
V-30054,P-30055,upstream-of
P-30055,FCV-30056,feeds
FCV-30056,XV-30057,feeds
XV-30057,COL-30058,on-line
COL-30058,PSV-30059,on-line
PSV-30059,P-30060,on-line
P-30060,PT-30061,downstream-of
PT-30061,P-30062,downstream-of
P-30062,COL-30063,on-line
COL-30063,P-30064,upstream-of
P-30064,FT-30065,downstream-of
FT-30065,K-30066,feeds
K-30066,P-30067,downstream-of
P-30067,TT-30068,feeds
TT-30068,LT-30069,downstream-of
LT-30069,COL-30070,upstream-of
COL-30070,FT-30071,discharges-to
FT-30071,FCV-30072,upstream-of
FCV-30072,E-30073,feeds
E-30073,PSV-30074,downstream-of
PSV-30074,P-30075,upstream-of
P-30076,LT-30077,feeds
LT-30077,TT-30078,feeds
TT-30078,PSV-30079,downstream-of
PSV-30079,XV-30080,upstream-of
XV-30080,COL-30081,downstream-of
COL-30081,XV-30082,feeds
XV-30082,PT-30083,on-line
PSV-30084,FT-30085,on-line
FT-30085,P-30086,discharges-to
P-30086,FCV-30087,discharges-to
FCV-30087,FT-30088,discharges-to
FT-30088,K-30089,on-line
K-30089,K-30090,upstream-of
TT-30091,E-30092,discharges-to
E-30092,V-30093,feeds
V-30093,XV-30094,on-line
XV-30094,FCV-30095,on-line
FCV-30095,FT-30096,on-line
FT-30100,P-30101,downstream-of
P-30101,XV-30102,discharges-to
XV-30102,E-30103,feeds
E-30103,PSV-30104,downstream-of
PSV-30106,COL-30107,discharges-to
COL-30107,LT-30108,upstream-of
LT-30108,E-30109,discharges-to
E-30109,P-30110,on-line
P-30110,E-30111,on-line
E-30111,K-30112,feeds
K-30112,PSV-30113,discharges-to
PSV-30113,PT-30114,upstream-of
K-30116,PSV-30117,discharges-to
PSV-30117,PT-30118,on-line
PT-30118,LT-30119,on-line
LT-30119,PSV-30120,on-line
PSV-30120,PT-30121,upstream-of
PT-30121,FCV-30122,upstream-of
FCV-30122,FCV-30123,downstream-of
FCV-30123,COL-30124,downstream-of
K-30125,TT-30126,upstream-of
TT-30126,V-30127,downstream-of
V-30127,PT-30128,discharges-to
PT-30130,K-30131,downstream-of
P-30132,V-30133,feeds
E-30135,COL-30136,upstream-of
COL-30136,V-30137,upstream-of
V-30137,FT-30138,discharges-to
FT-30138,XV-30139,upstream-of
XV-30139,P-30140,downstream-of
K-30144,K-30145,discharges-to
K-30145,K-30146,upstream-of
LT-30147,PSV-30148,upstream-of
PSV-30148,K-30149,on-line
TT-30150,COL-30151,upstream-of
TT-30152,LT-30153,upstream-of
TT-30154,XV-30155,on-line
XV-30155,FCV-30156,on-line
FCV-30156,TT-30157,discharges-to
TT-30157,K-30158,on-line
K-30158,P-30159,downstream-of
P-30159,P-30160,upstream-of
P-30160,K-30161,upstream-of
K-30161,LT-30162,discharges-to
LT-30162,PT-30163,upstream-of
PT-30163,LT-30164,on-line
PSV-30166,K-30167,feeds
K-30167,P-30168,downstream-of
TT-30169,LT-30170,discharges-to
E-30171,XV-30172,feeds
XV-30172,P-30173,on-line
P-30173,PT-30174,downstream-of
PT-30174,P-30175,discharges-to
P-30175,COL-30176,feeds
COL-30176,P-30177,on-line
P-30177,P-30178,upstream-of
E-30179,K-30180,discharges-to
P-30182,P-30183,downstream-of
P-30183,E-30184,downstream-of
V-30188,P-30189,downstream-of
P-30189,XV-30190,on-line
XV-30190,E-30191,upstream-of
E-30191,PSV-30192,discharges-to
PSV-30192,P-30193,on-line
P-30193,PSV-30194,discharges-to
COL-30196,PT-30197,discharges-to
PT-30197,PSV-30198,on-line
PSV-30198,E-30199,upstream-of
K-30202,V-30203,feeds
V-30203,FCV-30204,discharges-to
FCV-30204,PT-30205,discharges-to
FCV-30207,TT-30208,feeds
TT-30208,TT-30209,feeds
V-30210,COL-30211,on-line
P-30212,V-30213,downstream-of
V-30213,FT-30214,downstream-of
FT-30214,XV-30215,feeds
XV-30215,V-30216,downstream-of
V-30216,P-30217,discharges-to
FCV-30219,FT-30220,upstream-of
P-30221,COL-30222,upstream-of
COL-30222,K-30223,discharges-to
K-30223,E-30224,discharges-to
E-30224,TT-30225,on-line
LT-30227,PT-30228,upstream-of
FT-30230,P-30231,discharges-to
P-30231,E-30232,feeds
E-30232,FT-30233,feeds
FT-30233,COL-30234,discharges-to
TT-30236,P-30237,upstream-of
COL-30238,TT-30239,on-line
TT-30239,TT-30240,discharges-to
TT-30240,K-30241,discharges-to
E-30242,LT-30243,feeds
P-30244,PT-30245,downstream-of
PT-30245,V-30246,feeds
V-30246,P-30247,upstream-of
P-30247,TT-30248,discharges-to
TT-30248,P-30249,on-line
P-30249,TT-30250,on-line
XV-30251,TT-30252,downstream-of
TT-30252,XV-30253,feeds
P-30254,FCV-30255,on-line
XV-30256,V-30257,feeds
V-30257,XV-30258,on-line
XV-30259,COL-30260,feeds
LT-30261,COL-30262,downstream-of
COL-30262,FT-30263,discharges-to
FT-30264,P-30265,feeds
P-30266,E-30267,discharges-to
E-30267,PSV-30268,on-line
PSV-30268,P-30269,upstream-of
P-30269,FCV-30270,feeds
FCV-30270,PT-30271,on-line
PT-30271,V-30272,feeds
V-30272,PSV-30273,upstream-of
P-30274,FT-30275,upstream-of
K-30277,COL-30278,downstream-of
COL-30278,LT-30279,discharges-to
LT-30279,K-30280,discharges-to
K-30280,LT-30281,feeds
LT-30281,COL-30282,feeds
COL-30282,PSV-30283,upstream-of
PSV-30283,P-30284,feeds
P-30284,E-30285,on-line
PSV-30287,E-30288,feeds
E-30288,P-30289,discharges-to
P-30289,K-30290,upstream-of
K-30290,K-30291,on-line
PSV-30292,V-30293,discharges-to
V-30293,PSV-30294,downstream-of
PSV-30294,TT-30295,on-line
TT-30295,P-30296,upstream-of
E-30297,XV-30298,on-line
XV-30298,PT-30299,downstream-of
PT-30299,K-30300,discharges-to
K-30300,PSV-30301,on-line
PSV-30301,PT-30302,discharges-to
XV-30303,V-30304,discharges-to
P-30305,E-30306,feeds
E-30306,P-30307,downstream-of
P-30307,TT-30308,downstream-of
TT-30308,P-30309,upstream-of
XV-30310,K-30311,on-line
K-30311,XV-30312,feeds
XV-30312,PSV-30313,discharges-to
PSV-30313,P-30314,on-line
P-30314,PT-30315,downstream-of
PT-30315,P-30316,upstream-of
P-30316,TT-30317,feeds
TT-30317,XV-30318,upstream-of
XV-30318,COL-30319,feeds
P-30320,FT-30321,downstream-of
PSV-30322,XV-30323,discharges-to
XV-30323,FCV-30324,feeds
FCV-30324,TT-30325,upstream-of
TT-30325,E-30326,on-line
E-30326,K-30327,on-line
FCV-30328,E-30329,downstream-of
V-30332,LT-30333,downstream-of
P-30334,V-30335,on-line
V-30335,PT-30336,on-line
FCV-30337,FCV-30338,on-line
FCV-30338,P-30339,discharges-to
K-30340,PSV-30341,downstream-of
PSV-30341,PSV-30342,on-line
K-30343,E-30344,on-line
E-30344,LT-30345,on-line
LT-30345,PSV-30346,downstream-of
PSV-30346,P-30347,upstream-of
P-30347,V-30348,discharges-to
E-30349,PSV-30350,downstream-of
PSV-30350,V-30351,on-line
FCV-30352,LT-30353,upstream-of
LT-30353,FCV-30354,discharges-to
PT-30355,P-30356,discharges-to
P-30356,FCV-30357,downstream-of
FCV-30357,P-30358,upstream-of
P-30358,V-30359,upstream-of
V-30359,COL-30360,upstream-of
COL-30360,TT-30361,downstream-of
TT-30361,XV-30362,on-line
XV-30362,V-30363,discharges-to
V-30363,P-30364,upstream-of
P-30364,FT-30365,feeds
PSV-30369,P-30370,on-line
FCV-30371,LT-30372,discharges-to
LT-30372,TT-30373,on-line
TT-30373,K-30374,feeds
COL-30376,LT-30377,discharges-to
LT-30377,PT-30378,discharges-to
PT-30378,PT-30379,upstream-of
LT-30382,LT-30383,feeds
LT-30383,PSV-30384,on-line
PSV-30384,COL-30385,feeds
COL-30385,TT-30386,discharges-to
TT-30386,E-30387,feeds
PT-30388,FCV-30389,upstream-of
FCV-30389,COL-30390,upstream-of
P-30391,COL-30392,on-line
COL-30392,PT-30393,on-line
PT-30393,XV-30394,on-line
XV-30394,XV-30395,discharges-to
XV-30395,XV-30396,upstream-of
XV-30397,XV-30398,on-line
XV-30398,FT-30399,on-line
FT-30399,K-30400,upstream-of
COL-30403,COL-30404,feeds
COL-30404,XV-30405,discharges-to
XV-30405,COL-30406,discharges-to
COL-30406,V-30407,upstream-of
V-30407,P-30408,upstream-of
P-30408,COL-30409,downstream-of
COL-30409,FCV-30410,downstream-of
FCV-30410,TT-30411,downstream-of
TT-30411,FCV-30412,feeds
FCV-30412,TT-30413,downstream-of
TT-30413,V-30414,discharges-to
V-30414,PSV-30415,upstream-of
P-30416,XV-30417,feeds
XV-30417,V-30418,discharges-to
PT-30420,E-30421,upstream-of
K-30422,XV-30423,downstream-of
XV-30423,XV-30424,discharges-to
XV-30424,TT-30425,downstream-of
COL-30426,P-30427,feeds
P-30427,PSV-30428,downstream-of
PSV-30429,PSV-30430,downstream-of
PSV-30430,COL-30431,feeds
COL-30431,PSV-30432,on-line
XV-30434,TT-30435,feeds
TT-30435,V-30436,on-line
V-30437,PSV-30438,upstream-of
P-30442,PT-30443,feeds
PT-30443,E-30444,upstream-of
E-30444,FT-30445,on-line
K-30446,E-30447,upstream-of
COL-30449,XV-30450,feeds
XV-30450,K-30451,downstream-of
V-30452,PT-30453,downstream-of
COL-30454,V-30455,discharges-to
PSV-30456,P-30457,discharges-to
P-30457,P-30458,on-line
K-30460,V-30461,discharges-to
V-30461,K-30462,discharges-to
K-30462,XV-30463,upstream-of
FT-30464,COL-30465,discharges-to
E-30466,P-30467,on-line
FT-30468,PSV-30469,on-line
FCV-30471,P-30472,downstream-of
K-30473,LT-30474,on-line
E-30476,COL-30477,on-line
TT-30478,FT-30479,on-line
K-30480,FT-30481,downstream-of
FT-30481,V-30482,discharges-to
V-30482,P-30483,discharges-to
P-30483,P-30484,on-line
P-30485,LT-30486,discharges-to
LT-30486,P-30487,upstream-of
E-30488,V-30489,feeds
V-30489,P-30490,on-line
P-30490,K-30491,downstream-of
LT-30492,LT-30493,upstream-of
TT-30495,PSV-30496,downstream-of
PSV-30496,FT-30497,discharges-to
LT-30498,P-30499,discharges-to
P-30499,V-30500,feeds
V-30500,V-30501,discharges-to
PSV-30502,XV-30503,feeds
XV-30503,K-30504,downstream-of
FT-30505,K-30506,on-line
K-30506,FT-30507,on-line
FT-30507,PSV-30508,downstream-of
K-30510,TT-30511,feeds
E-30512,XV-30513,downstream-of
XV-30513,E-30514,on-line
E-30514,V-30515,downstream-of
V-30515,COL-30516,on-line
COL-30516,COL-30517,feeds
P-30518,LT-30519,on-line
LT-30519,COL-30520,feeds
COL-30520,TT-30521,downstream-of
TT-30521,K-30522,upstream-of
K-30522,FCV-30523,discharges-to
COL-30524,FCV-30525,feeds
FCV-30525,PSV-30526,upstream-of
PSV-30526,PSV-30527,feeds
PSV-30527,LT-30528,on-line
LT-30528,LT-30529,on-line
LT-30529,V-30530,on-line
V-30530,K-30531,discharges-to
K-30531,FCV-30532,on-line
FCV-30532,PT-30533,on-line
PT-30533,V-30534,discharges-to
V-30534,V-30535,feeds
V-30537,COL-30538,on-line
COL-30538,TT-30539,discharges-to
COL-30540,COL-30541,upstream-of
COL-30542,P-30543,downstream-of
XV-30545,LT-30546,downstream-of
K-30547,K-30548,downstream-of
K-30548,P-30549,feeds
P-30549,XV-30550,on-line
P-30551,TT-30552,discharges-to
TT-30552,PT-30553,discharges-to
PT-30553,XV-30554,on-line
XV-30554,P-30555,downstream-of
XV-30558,V-30559,on-line
V-30559,PSV-30560,feeds
PSV-30560,P-30561,on-line
PT-30562,FT-30563,upstream-of
FT-30564,P-30565,on-line
PSV-30566,E-30567,upstream-of
E-30567,FCV-30568,upstream-of
FCV-30568,V-30569,downstream-of
P-30570,P-30571,downstream-of
TT-30573,P-30574,on-line
P-30574,P-30575,discharges-to
P-30575,TT-30576,on-line
TT-30576,PT-30577,upstream-of
PT-30577,FT-30578,feeds
FT-30578,FCV-30579,on-line
FCV-30579,FT-30580,feeds
FT-30580,P-30581,downstream-of
P-30581,E-30582,upstream-of
XV-30583,COL-30584,downstream-of
V-30585,P-30586,downstream-of
COL-30589,FT-30590,on-line
E-30592,PSV-30593,upstream-of
PSV-30593,E-30594,discharges-to
E-30594,XV-30595,upstream-of
XV-30595,E-30596,feeds
E-30596,XV-30597,feeds
XV-30597,K-30598,downstream-of
XV-30600,LT-30601,upstream-of
LT-30601,P-30602,on-line
P-30602,FCV-30603,feeds
FCV-30603,PT-30604,discharges-to
PT-30604,P-30605,discharges-to
XV-30606,K-30607,downstream-of
K-30607,XV-30608,downstream-of
XV-30608,PSV-30609,downstream-of
PSV-30609,COL-30610,upstream-of
COL-30610,TT-30611,upstream-of
V-30616,FCV-30617,upstream-of
FCV-30617,COL-30618,on-line
COL-30618,FCV-30619,feeds
PT-30621,FCV-30622,upstream-of
P-30623,FCV-30624,discharges-to
FCV-30624,K-30625,discharges-to
XV-30627,XV-30628,discharges-to
COL-30630,FT-30631,on-line
PSV-30632,FT-30633,on-line
FT-30633,PSV-30634,discharges-to
COL-30636,FT-30637,discharges-to
FT-30637,P-30638,downstream-of
P-30638,FCV-30639,discharges-to
FCV-30639,PT-30640,on-line
TT-30642,XV-30643,upstream-of
K-30644,COL-30645,discharges-to
COL-30645,TT-30646,upstream-of
TT-30646,FCV-30647,upstream-of
FCV-30647,K-30648,feeds
K-30648,P-30649,upstream-of
P-30649,LT-30650,on-line
LT-30650,P-30651,downstream-of
P-30651,K-30652,downstream-of
K-30652,TT-30653,feeds
TT-30653,COL-30654,upstream-of
LT-30657,XV-30658,downstream-of
XV-30658,FT-30659,upstream-of
FT-30659,V-30660,feeds
V-30660,PSV-30661,discharges-to
XV-30662,PT-30663,discharges-to
E-30664,P-30665,upstream-of
P-30665,PT-30666,upstream-of
PT-30666,K-30667,on-line
LT-30669,P-30670,feeds
PSV-30672,PSV-30673,on-line
PSV-30673,FCV-30674,feeds
FCV-30674,TT-30675,on-line
TT-30675,XV-30676,upstream-of
XV-30676,XV-30677,discharges-to
XV-30677,PT-30678,on-line
COL-30680,P-30681,discharges-to
K-30682,E-30683,discharges-to
PT-30685,P-30686,feeds
P-30686,COL-30687,on-line
COL-30687,FT-30688,discharges-to
FT-30688,FCV-30689,upstream-of
FCV-30689,PSV-30690,feeds
PSV-30691,P-30692,downstream-of
V-30693,COL-30694,downstream-of
P-30695,FCV-30696,feeds
FCV-30696,FT-30697,feeds
K-30698,K-30699,on-line
K-30699,V-30700,downstream-of
V-30700,LT-30701,downstream-of
COL-30702,PT-30703,upstream-of
V-30704,E-30705,downstream-of
E-30705,FCV-30706,downstream-of
FCV-30706,V-30707,upstream-of
V-30707,FT-30708,discharges-to
FT-30708,P-30709,discharges-to
P-30712,PT-30713,downstream-of
P-30714,FT-30715,feeds
FT-30715,E-30716,feeds
E-30716,K-30717,feeds
K-30717,V-30718,downstream-of
LT-30719,XV-30720,discharges-to
XV-30720,XV-30721,upstream-of
XV-30721,FT-30722,downstream-of
FT-30722,PT-30723,discharges-to
E-30724,K-30725,downstream-of
K-30725,FT-30726,feeds
FT-30726,FT-30727,on-line
FT-30727,P-30728,on-line
P-30728,FCV-30729,feeds
PT-30730,LT-30731,downstream-of
LT-30731,FCV-30732,discharges-to
TT-30733,PSV-30734,feeds
PT-30736,PT-30737,feeds
PT-30737,E-30738,on-line
E-30738,XV-30739,feeds
P-30740,PSV-30741,discharges-to
PSV-30741,K-30742,upstream-of
K-30742,COL-30743,upstream-of
COL-30743,E-30744,feeds
E-30744,PSV-30745,downstream-of
PSV-30745,LT-30746,downstream-of
FT-30747,PT-30748,upstream-of
COL-30749,FCV-30750,feeds
FCV-30750,K-30751,upstream-of
K-30751,XV-30752,on-line
XV-30752,E-30753,on-line
P-30756,TT-30757,discharges-to
COL-30758,COL-30759,discharges-to
COL-30759,FT-30760,downstream-of
FT-30760,PSV-30761,feeds
PSV-30763,V-30764,on-line
V-30764,P-30765,feeds
P-30765,K-30766,downstream-of
PT-30767,COL-30768,feeds
COL-30768,E-30769,discharges-to
E-30769,E-30770,downstream-of
E-30770,K-30771,upstream-of
P-30773,TT-30774,on-line
TT-30774,P-30775,feeds
XV-30776,PSV-30777,on-line
PSV-30777,PT-30778,feeds
PT-30778,V-30779,upstream-of
V-30779,TT-30780,downstream-of
TT-30780,FT-30781,on-line
FT-30781,PSV-30782,on-line
PSV-30782,K-30783,on-line
K-30783,PT-30784,discharges-to
FT-30788,FCV-30789,downstream-of
FCV-30789,COL-30790,downstream-of
P-30791,XV-30792,discharges-to
LT-30794,V-30795,feeds
V-30795,E-30796,on-line
E-30796,P-30797,upstream-of
P-30797,P-30798,discharges-to
P-30798,COL-30799,on-line
XV-30800,E-30801,upstream-of
E-30801,K-30802,downstream-of
K-30802,LT-30803,downstream-of
LT-30803,PT-30804,upstream-of
PT-30804,P-30805,on-line
P-30805,LT-30806,discharges-to
LT-30806,P-30807,downstream-of
P-30807,PT-30808,upstream-of
PT-30809,P-30810,on-line
P-30810,K-30811,upstream-of
K-30811,V-30812,upstream-of
XV-30817,K-30818,feeds
K-30818,P-30819,on-line
P-30819,XV-30820,feeds
XV-30820,FCV-30821,feeds
FCV-30821,E-30822,discharges-to
E-30822,FT-30823,on-line
TT-30824,P-30825,upstream-of
P-30825,P-30826,discharges-to
P-30826,PSV-30827,discharges-to
PSV-30827,COL-30828,on-line
COL-30828,PT-30829,feeds
PT-30829,V-30830,downstream-of
V-30830,LT-30831,feeds
LT-30831,COL-30832,upstream-of
COL-30832,P-30833,feeds
PSV-30834,LT-30835,feeds
LT-30835,FCV-30836,discharges-to
FCV-30836,FCV-30837,upstream-of
FCV-30837,TT-30838,feeds
TT-30838,COL-30839,upstream-of
COL-30839,K-30840,feeds
E-30841,P-30842,discharges-to
V-30843,PT-30844,downstream-of
PT-30844,XV-30845,discharges-to
P-30846,P-30847,on-line
P-30847,XV-30848,on-line
XV-30848,E-30849,feeds
E-30849,E-30850,upstream-of
P-30851,P-30852,on-line
P-30852,E-30853,discharges-to
E-30853,E-30854,on-line
E-30854,LT-30855,downstream-of
LT-30855,LT-30856,upstream-of
XV-30857,TT-30858,downstream-of
TT-30858,V-30859,discharges-to
V-30860,PSV-30861,discharges-to
P-30862,V-30863,discharges-to
V-30863,LT-30864,feeds
LT-30864,P-30865,downstream-of
V-30866,COL-30867,on-line
COL-30867,V-30868,downstream-of
V-30868,E-30869,discharges-to
E-30869,PT-30870,feeds
PT-30870,LT-30871,downstream-of
P-30874,LT-30875,feeds
LT-30875,XV-30876,discharges-to
XV-30876,PSV-30877,upstream-of
E-30878,FT-30879,on-line
PSV-30880,V-30881,feeds
TT-30882,TT-30883,on-line
TT-30883,E-30884,feeds
FCV-30885,FT-30886,on-line
FT-30886,XV-30887,upstream-of
XV-30887,FT-30888,feeds
FT-30888,V-30889,downstream-of
V-30889,LT-30890,downstream-of
LT-30890,K-30891,discharges-to
K-30891,XV-30892,feeds
XV-30892,P-30893,upstream-of
P-30893,FCV-30894,downstream-of
FCV-30894,P-30895,downstream-of
FT-30901,FT-30902,discharges-to
FT-30902,P-30903,downstream-of
P-30903,XV-30904,on-line
XV-30904,PSV-30905,downstream-of
PSV-30905,P-30906,downstream-of
P-30906,FT-30907,on-line
FT-30907,COL-30908,discharges-to
COL-30908,PT-30909,on-line
PT-30909,COL-30910,downstream-of
COL-30910,E-30911,discharges-to
E-30911,PSV-30912,feeds
PSV-30912,K-30913,on-line
LT-30914,P-30915,discharges-to
P-30915,P-30916,feeds
P-30916,V-30917,discharges-to
FT-30919,FT-30920,feeds
FT-30920,COL-30921,downstream-of
LT-30922,P-30923,on-line
P-30923,PT-30924,feeds
PT-30924,COL-30925,upstream-of
PSV-30926,PT-30927,upstream-of
PT-30927,K-30928,downstream-of
K-30928,LT-30929,on-line
LT-30929,V-30930,upstream-of
V-30930,P-30931,downstream-of
P-30931,V-30932,downstream-of
TT-30934,E-30935,downstream-of
FCV-30936,V-30937,downstream-of
FT-30938,E-30939,feeds
E-30940,TT-30941,discharges-to
TT-30941,COL-30942,feeds
COL-30942,P-30943,feeds
PSV-30944,XV-30945,on-line
XV-30945,FCV-30946,discharges-to
FCV-30946,K-30947,downstream-of
K-30947,K-30948,upstream-of
K-30948,E-30949,upstream-of
E-30949,TT-30950,on-line
TT-30950,E-30951,on-line
E-30951,V-30952,upstream-of
V-30952,FT-30953,feeds
FT-30953,E-30954,on-line
E-30954,COL-30955,on-line
COL-30955,E-30956,on-line
E-30956,COL-30957,upstream-of
COL-30957,E-30958,downstream-of
E-30958,K-30959,downstream-of
XV-30963,XV-30964,downstream-of
XV-30964,FCV-30965,downstream-of
FCV-30965,PSV-30966,discharges-to
PT-30967,LT-30968,discharges-to
LT-30968,COL-30969,feeds
PT-30970,FT-30971,feeds
FT-30971,V-30972,discharges-to
V-30972,PT-30973,downstream-of
PT-30973,V-30974,upstream-of
V-30979,FT-30980,upstream-of
XV-30981,V-30982,feeds
V-30982,XV-30983,on-line
XV-30983,XV-30984,upstream-of
LT-30986,FT-30987,discharges-to
FT-30987,V-30988,discharges-to
V-30988,LT-30989,upstream-of
LT-30989,K-30990,upstream-of
LT-30992,E-30993,downstream-of
XV-30994,V-30995,discharges-to
V-30995,COL-30996,feeds
PT-30997,LT-30998,discharges-to
PSV-30999,V-31000,feeds
V-31000,LT-31001,feeds
LT-31001,TT-31002,feeds
TT-31002,XV-31003,upstream-of
XV-31003,TT-31004,on-line
V-31005,FCV-31006,downstream-of
V-31007,P-31008,downstream-of
K-31009,PSV-31010,feeds
PSV-31010,XV-31011,downstream-of
XV-31011,PSV-31012,feeds
FCV-31013,P-31014,feeds
PT-31015,PT-31016,upstream-of
FT-31017,XV-31018,feeds
XV-31019,P-31020,feeds
P-31020,P-31021,discharges-to
P-31021,PSV-31022,discharges-to
PSV-31022,FCV-31023,on-line
K-31024,TT-31025,discharges-to
COL-31026,P-31027,on-line
XV-31028,K-31029,downstream-of
K-31029,P-31030,upstream-of
P-31030,FT-31031,feeds
FT-31031,P-31032,downstream-of
P-31032,FT-31033,downstream-of
FT-31033,V-31034,on-line
COL-31035,LT-31036,downstream-of
LT-31036,TT-31037,feeds
V-31038,FT-31039,feeds
FT-31039,PSV-31040,on-line
PSV-31040,LT-31041,upstream-of
P-31042,V-31043,feeds
V-31043,V-31044,downstream-of
V-31044,P-31045,downstream-of
P-31045,P-31046,feeds
P-31046,FT-31047,downstream-of
P-31048,K-31049,downstream-of
K-31049,P-31050,on-line
P-31050,LT-31051,discharges-to
LT-31051,E-31052,discharges-to
E-31052,PSV-31053,on-line
PSV-31053,LT-31054,on-line
LT-31054,PT-31055,downstream-of
P-31057,PSV-31058,on-line
PSV-31058,V-31059,feeds
FT-31060,P-31061,on-line
P-31061,XV-31062,feeds
XV-31062,E-31063,upstream-of
TT-31065,K-31066,upstream-of
K-31066,P-31067,discharges-to
P-31069,PT-31070,upstream-of
V-31071,P-31072,discharges-to
LT-31074,V-31075,discharges-to
LT-31077,FCV-31078,upstream-of
FCV-31078,TT-31079,upstream-of
TT-31079,E-31080,downstream-of
P-31082,COL-31083,feeds
COL-31084,PSV-31085,on-line
PSV-31085,P-31086,discharges-to
P-31086,FCV-31087,feeds
FCV-31087,P-31088,downstream-of
P-31088,PT-31089,feeds
PT-31089,LT-31090,downstream-of
PSV-31092,XV-31093,downstream-of
XV-31093,K-31094,on-line
P-31096,K-31097,feeds
K-31097,PT-31098,feeds
PT-31099,V-31100,on-line
V-31100,P-31101,upstream-of
P-31101,V-31102,downstream-of
V-31102,K-31103,feeds
K-31103,V-31104,feeds
V-31104,TT-31105,on-line
TT-31105,E-31106,on-line
E-31106,LT-31107,on-line
LT-31107,XV-31108,feeds
XV-31108,FT-31109,on-line
FT-31109,E-31110,feeds
E-31110,P-31111,upstream-of
E-31113,TT-31114,upstream-of
TT-31114,PSV-31115,upstream-of
PSV-31115,XV-31116,on-line
XV-31116,PSV-31117,on-line
LT-31118,V-31119,discharges-to
V-31119,P-31120,discharges-to
P-31120,V-31121,downstream-of
V-31121,E-31122,upstream-of
E-31122,PSV-31123,discharges-to
PSV-31123,K-31124,downstream-of
K-31124,V-31125,on-line
PT-31126,E-31127,discharges-to
E-31127,P-31128,feeds
P-31128,FCV-31129,on-line
FCV-31129,P-31130,feeds
P-31130,LT-31131,on-line
E-31132,K-31133,upstream-of
K-31133,XV-31134,upstream-of
XV-31134,P-31135,feeds
P-31135,PT-31136,feeds
PT-31136,LT-31137,feeds
LT-31137,P-31138,downstream-of
P-31138,V-31139,upstream-of
V-31139,PSV-31140,discharges-to
COL-31141,PSV-31142,downstream-of
LT-31143,PSV-31144,downstream-of
P-31145,E-31146,upstream-of
E-31146,P-31147,discharges-to
P-31147,TT-31148,on-line
TT-31148,COL-31149,downstream-of
COL-31149,XV-31150,feeds
TT-31152,V-31153,on-line
V-31153,FCV-31154,discharges-to
V-31155,PT-31156,discharges-to
PT-31156,FT-31157,feeds
FT-31157,E-31158,upstream-of
E-31158,TT-31159,feeds
V-31162,V-31163,on-line
V-31163,XV-31164,feeds
XV-31164,TT-31165,upstream-of
TT-31165,E-31166,feeds
V-31167,PSV-31168,downstream-of
PSV-31168,PSV-31169,feeds
PT-31170,LT-31171,on-line
TT-31172,TT-31173,discharges-to
TT-31173,FT-31174,upstream-of
FT-31174,V-31175,discharges-to
V-31175,XV-31176,discharges-to
XV-31176,XV-31177,discharges-to
XV-31177,E-31178,on-line
E-31178,PT-31179,feeds
P-31182,FT-31183,on-line
FT-31183,LT-31184,feeds
XV-31185,PT-31186,discharges-to
V-31187,COL-31188,discharges-to
COL-31188,PT-31189,downstream-of
PT-31189,FCV-31190,upstream-of
FCV-31190,E-31191,downstream-of
E-31191,LT-31192,downstream-of
LT-31192,FT-31193,feeds
FT-31193,LT-31194,on-line
LT-31194,PT-31195,feeds
PSV-31198,PSV-31199,on-line
PSV-31199,XV-31200,downstream-of
XV-31200,COL-31201,on-line
FT-31202,P-31203,upstream-of
P-31203,FCV-31204,discharges-to
FCV-31204,LT-31205,on-line
LT-31205,COL-31206,on-line
COL-31206,COL-31207,discharges-to
K-31208,TT-31209,downstream-of
TT-31209,TT-31210,downstream-of
TT-31210,PSV-31211,upstream-of
PSV-31211,V-31212,upstream-of
V-31212,V-31213,upstream-of
V-31213,LT-31214,discharges-to
LT-31214,FCV-31215,feeds
FCV-31215,V-31216,downstream-of
V-31216,E-31217,upstream-of
E-31217,K-31218,on-line
K-31218,PSV-31219,upstream-of
PSV-31219,P-31220,feeds
P-31220,TT-31221,discharges-to
TT-31221,P-31222,downstream-of
FT-31223,E-31224,upstream-of
E-31224,FCV-31225,discharges-to
P-31226,TT-31227,discharges-to
TT-31227,FT-31228,upstream-of
FT-31228,PSV-31229,upstream-of
PSV-31230,LT-31231,downstream-of
FT-31232,PT-31233,on-line
PT-31233,FT-31234,on-line
COL-31236,XV-31237,discharges-to
P-31238,V-31239,discharges-to
V-31239,TT-31240,feeds
XV-31241,E-31242,on-line
FCV-31243,COL-31244,downstream-of
COL-31244,FCV-31245,feeds
FCV-31245,PSV-31246,upstream-of
P-31249,V-31250,discharges-to
V-31250,TT-31251,discharges-to
PSV-31252,PSV-31253,feeds
PSV-31253,FCV-31254,feeds
FCV-31254,PT-31255,upstream-of
PT-31255,TT-31256,upstream-of
TT-31256,K-31257,on-line
K-31257,COL-31258,downstream-of
COL-31258,V-31259,feeds
V-31259,COL-31260,upstream-of
COL-31260,FCV-31261,downstream-of
FT-31262,FCV-31263,feeds
FCV-31263,P-31264,upstream-of
P-31264,TT-31265,discharges-to
FCV-31266,PSV-31267,feeds
PSV-31267,COL-31268,upstream-of
P-31270,PT-31271,feeds
PT-31271,XV-31272,discharges-to
XV-31272,PT-31273,upstream-of
PT-31273,K-31274,downstream-of
K-31274,XV-31275,on-line
XV-31275,LT-31276,upstream-of
LT-31276,V-31277,feeds
V-31277,FT-31278,upstream-of
FT-31278,XV-31279,on-line
XV-31279,TT-31280,upstream-of
TT-31280,E-31281,downstream-of
LT-31285,K-31286,on-line
K-31286,FCV-31287,on-line
P-31289,P-31290,on-line
P-31290,PT-31291,upstream-of
PT-31291,FCV-31292,feeds
FCV-31292,TT-31293,on-line
V-31294,PSV-31295,discharges-to
PSV-31295,PSV-31296,feeds
PSV-31296,COL-31297,discharges-to
K-31298,K-31299,downstream-of
PT-31301,LT-31302,discharges-to
LT-31302,XV-31303,upstream-of
XV-31303,P-31304,upstream-of
P-31304,PT-31305,on-line
PT-31305,K-31306,feeds
K-31306,P-31307,feeds
K-31308,E-31309,discharges-to
E-31309,E-31310,downstream-of
E-31310,V-31311,on-line
V-31311,K-31312,downstream-of
K-31312,TT-31313,on-line
TT-31313,PT-31314,downstream-of
PT-31314,PSV-31315,feeds
PSV-31315,P-31316,on-line
P-31316,TT-31317,discharges-to
FT-31318,PSV-31319,downstream-of
PSV-31319,E-31320,discharges-to
COL-31321,V-31322,upstream-of
V-31322,FCV-31323,downstream-of
FCV-31325,COL-31326,on-line
COL-31326,K-31327,on-line
K-31327,LT-31328,upstream-of
LT-31328,P-31329,on-line
P-31329,P-31330,upstream-of
P-31330,COL-31331,feeds
K-31332,XV-31333,feeds
PT-31334,E-31335,downstream-of
E-31335,LT-31336,downstream-of
COL-31337,E-31338,upstream-of
TT-31339,V-31340,feeds
PSV-31342,PT-31343,discharges-to
PT-31343,V-31344,downstream-of
V-31344,TT-31345,downstream-of
TT-31345,K-31346,discharges-to
K-31346,P-31347,on-line
V-31349,E-31350,on-line
E-31350,FT-31351,discharges-to
LT-31355,FCV-31356,on-line
FCV-31356,PT-31357,on-line
PT-31357,LT-31358,upstream-of
LT-31358,FT-31359,upstream-of
FT-31359,E-31360,downstream-of
E-31360,LT-31361,feeds
LT-31361,PSV-31362,feeds
PSV-31362,P-31363,on-line
P-31363,COL-31364,feeds
COL-31364,PSV-31365,upstream-of
PSV-31365,COL-31366,downstream-of
XV-31367,LT-31368,upstream-of
LT-31368,P-31369,on-line
FCV-31370,TT-31371,discharges-to
TT-31371,P-31372,feeds
P-31372,PT-31373,feeds
PT-31373,PT-31374,on-line
K-31375,LT-31376,discharges-to
LT-31376,FCV-31377,feeds
FCV-31377,PSV-31378,feeds
PSV-31378,FT-31379,feeds
FT-31379,K-31380,upstream-of
K-31380,V-31381,upstream-of
V-31381,FCV-31382,feeds
FT-31383,V-31384,on-line
V-31384,PSV-31385,upstream-of
PSV-31385,XV-31386,upstream-of
XV-31389,E-31390,upstream-of
E-31390,PSV-31391,discharges-to
PSV-31391,PSV-31392,downstream-of
FCV-31393,COL-31394,on-line
TT-31396,PT-31397,on-line
PT-31397,LT-31398,downstream-of
LT-31398,XV-31399,discharges-to
E-31401,XV-31402,feeds
XV-31402,PSV-31403,feeds
PSV-31403,FCV-31404,discharges-to
FCV-31404,FT-31405,on-line
P-31407,PSV-31408,discharges-to
FCV-31409,PSV-31410,discharges-to
PSV-31410,FT-31411,downstream-of
FT-31411,V-31412,discharges-to
V-31412,PSV-31413,downstream-of
PSV-31413,FCV-31414,downstream-of
FCV-31414,LT-31415,upstream-of
LT-31415,FCV-31416,upstream-of
FCV-31416,XV-31417,discharges-to
XV-31418,FCV-31419,feeds
FCV-31419,FT-31420,on-line
FT-31420,P-31421,feeds
K-31422,P-31423,downstream-of
P-31423,XV-31424,discharges-to
XV-31424,TT-31425,discharges-to
TT-31425,COL-31426,upstream-of
LT-31428,PSV-31429,downstream-of
PSV-31429,TT-31430,upstream-of
XV-31431,E-31432,on-line
E-31432,FT-31433,downstream-of
FT-31433,COL-31434,upstream-of
COL-31434,LT-31435,on-line
LT-31435,PT-31436,upstream-of
E-31437,K-31438,on-line
P-31439,PSV-31440,downstream-of
PSV-31440,FCV-31441,downstream-of
FCV-31441,P-31442,on-line
P-31442,PT-31443,feeds
PT-31443,PT-31444,downstream-of
PT-31444,FT-31445,upstream-of
FT-31445,V-31446,downstream-of
V-31446,PSV-31447,discharges-to
XV-31448,PSV-31449,downstream-of
PSV-31449,PT-31450,on-line
P-31451,P-31452,on-line
P-31452,V-31453,feeds
V-31453,FCV-31454,on-line
FCV-31454,PSV-31455,upstream-of
P-31456,PT-31457,upstream-of
PT-31457,FCV-31458,discharges-to
LT-31460,FCV-31461,discharges-to
FCV-31461,PSV-31462,downstream-of
P-31463,P-31464,downstream-of
P-31464,V-31465,on-line
PT-31466,LT-31467,discharges-to
FCV-31468,V-31469,on-line
V-31469,PT-31470,feeds
PT-31470,P-31471,on-line
P-31471,PT-31472,on-line
PT-31472,LT-31473,downstream-of
LT-31473,TT-31474,on-line
TT-31474,FT-31475,discharges-to
FT-31475,FCV-31476,downstream-of
FCV-31476,V-31477,feeds
V-31477,FT-31478,feeds
XV-31481,TT-31482,discharges-to
TT-31482,P-31483,downstream-of
P-31483,K-31484,discharges-to
LT-31486,P-31487,downstream-of
P-31487,PT-31488,on-line
P-31489,PSV-31490,downstream-of
PSV-31490,TT-31491,on-line
TT-31491,E-31492,downstream-of
E-31492,XV-31493,downstream-of
XV-31493,LT-31494,upstream-of
LT-31494,PSV-31495,discharges-to
TT-31497,LT-31498,discharges-to
LT-31498,FCV-31499,downstream-of
FCV-31499,P-31500,upstream-of
P-31500,PT-31501,upstream-of
PT-31501,P-31502,on-line
V-31504,XV-31505,upstream-of
XV-31505,FT-31506,upstream-of
FT-31506,PSV-31507,on-line
P-31510,FCV-31511,on-line
FCV-31511,PSV-31512,discharges-to
PSV-31512,TT-31513,feeds
TT-31513,FT-31514,on-line
FT-31514,K-31515,feeds
XV-31516,TT-31517,discharges-to
P-31518,XV-31519,on-line
XV-31519,FCV-31520,discharges-to
FCV-31520,XV-31521,upstream-of
XV-31521,K-31522,discharges-to
K-31522,FCV-31523,discharges-to
FCV-31523,P-31524,feeds
P-31524,XV-31525,upstream-of
XV-31525,P-31526,upstream-of
PT-31527,V-31528,upstream-of
V-31528,COL-31529,downstream-of
COL-31529,PT-31530,upstream-of
P-31531,FCV-31532,on-line
XV-31533,COL-31534,upstream-of
P-31535,K-31536,discharges-to
K-31536,E-31537,downstream-of
E-31537,XV-31538,on-line
TT-31539,P-31540,on-line
P-31540,K-31541,upstream-of
K-31541,COL-31542,discharges-to
COL-31542,COL-31543,on-line
COL-31543,FT-31544,on-line
COL-31545,XV-31546,feeds
XV-31546,K-31547,upstream-of
K-31547,TT-31548,upstream-of
TT-31548,PSV-31549,upstream-of
PSV-31549,LT-31550,feeds
LT-31550,K-31551,feeds
K-31551,PSV-31552,upstream-of
PSV-31552,XV-31553,discharges-to
FT-31555,K-31556,feeds
COL-31557,P-31558,on-line
P-31558,PT-31559,feeds
PT-31559,P-31560,on-line
K-31564,P-31565,feeds
P-31565,PSV-31566,upstream-of
PSV-31566,P-31567,feeds
P-31567,PSV-31568,discharges-to
PSV-31568,FCV-31569,on-line
FCV-31569,XV-31570,discharges-to
XV-31570,FCV-31571,downstream-of
FCV-31571,FT-31572,feeds
FT-31572,XV-31573,upstream-of
XV-31573,XV-31574,feeds
TT-31575,P-31576,discharges-to
P-31576,COL-31577,on-line
COL-31577,XV-31578,discharges-to
XV-31578,PT-31579,discharges-to
E-31581,COL-31582,on-line
K-31583,LT-31584,discharges-to
LT-31584,PT-31585,on-line
PT-31585,V-31586,discharges-to
V-31586,PSV-31587,downstream-of
PSV-31587,K-31588,feeds
K-31588,FCV-31589,discharges-to
FCV-31589,COL-31590,feeds
V-31592,PT-31593,upstream-of
PT-31593,LT-31594,downstream-of
TT-31595,P-31596,discharges-to
P-31597,V-31598,discharges-to
V-31598,FCV-31599,feeds
LT-31600,PT-31601,upstream-of
PT-31601,FT-31602,upstream-of
K-31603,XV-31604,feeds
XV-31604,TT-31605,discharges-to
TT-31605,XV-31606,downstream-of
XV-31606,PT-31607,downstream-of
FCV-31609,TT-31610,downstream-of
FCV-31611,PSV-31612,upstream-of
PSV-31612,TT-31613,discharges-to
TT-31613,COL-31614,discharges-to
P-31617,P-31618,feeds
P-31618,COL-31619,on-line
K-31621,COL-31622,feeds
PT-31623,E-31624,upstream-of
PSV-31625,TT-31626,upstream-of
TT-31626,P-31627,on-line
P-31627,XV-31628,discharges-to
XV-31628,XV-31629,discharges-to
COL-31630,FT-31631,upstream-of
FT-31631,COL-31632,upstream-of
P-31633,V-31634,downstream-of
TT-31635,TT-31636,feeds
TT-31636,LT-31637,on-line
LT-31637,P-31638,discharges-to
P-31638,COL-31639,on-line
COL-31639,XV-31640,discharges-to
XV-31640,FCV-31641,feeds
FCV-31641,K-31642,downstream-of
K-31642,PSV-31643,on-line
PSV-31643,P-31644,upstream-of
P-31644,K-31645,discharges-to
K-31645,P-31646,downstream-of
P-31646,PSV-31647,downstream-of
PSV-31647,LT-31648,upstream-of
LT-31648,TT-31649,downstream-of
XV-31651,TT-31652,discharges-to
FT-31654,COL-31655,feeds
V-31656,V-31657,downstream-of
V-31659,V-31660,on-line
V-31660,COL-31661,discharges-to
COL-31661,XV-31662,upstream-of
XV-31662,TT-31663,downstream-of
FCV-31664,V-31665,on-line
V-31665,E-31666,downstream-of
K-31667,PSV-31668,discharges-to
PSV-31668,PSV-31669,downstream-of
P-31670,V-31671,discharges-to
V-31671,E-31672,downstream-of
E-31672,P-31673,feeds
V-31675,K-31676,upstream-of
K-31676,LT-31677,downstream-of
LT-31677,PT-31678,downstream-of
PT-31678,P-31679,downstream-of
P-31679,FT-31680,downstream-of
FT-31680,LT-31681,feeds
COL-31682,XV-31683,discharges-to
FCV-31684,P-31685,downstream-of
P-31685,PT-31686,on-line
PT-31686,K-31687,discharges-to
K-31687,K-31688,upstream-of
K-31688,PSV-31689,upstream-of
COL-31694,COL-31695,downstream-of
COL-31695,E-31696,downstream-of
E-31696,TT-31697,feeds
TT-31697,XV-31698,discharges-to
XV-31698,PSV-31699,feeds
PSV-31699,COL-31700,upstream-of
COL-31700,FT-31701,downstream-of
FT-31701,P-31702,feeds
P-31702,XV-31703,feeds
XV-31703,P-31704,discharges-to
P-31704,FCV-31705,downstream-of
FCV-31705,XV-31706,on-line
XV-31706,LT-31707,downstream-of
P-31709,FT-31710,discharges-to
FT-31710,V-31711,discharges-to
P-31712,LT-31713,discharges-to
LT-31713,PT-31714,feeds
PT-31714,FT-31715,feeds
COL-31716,V-31717,feeds
V-31718,V-31719,feeds
COL-31722,K-31723,on-line
COL-31725,E-31726,on-line
E-31726,COL-31727,feeds
FT-31728,COL-31729,downstream-of
LT-31731,XV-31732,discharges-to
XV-31732,XV-31733,discharges-to
XV-31733,E-31734,downstream-of
E-31734,V-31735,on-line
V-31735,FCV-31736,on-line
FCV-31736,XV-31737,upstream-of
PSV-31740,LT-31741,on-line
LT-31741,FCV-31742,downstream-of
FCV-31742,P-31743,feeds
P-31743,E-31744,feeds
E-31744,PT-31745,downstream-of
PT-31745,LT-31746,on-line
LT-31746,PSV-31747,upstream-of
PT-31749,V-31750,on-line
COL-31752,FCV-31753,feeds
FCV-31753,P-31754,downstream-of
P-31755,FT-31756,upstream-of
FT-31756,LT-31757,upstream-of
LT-31757,TT-31758,upstream-of
TT-31758,P-31759,upstream-of
P-31759,PT-31760,feeds
PT-31760,FCV-31761,on-line
FCV-31761,XV-31762,downstream-of
XV-31762,V-31763,downstream-of
V-31763,P-31764,upstream-of
P-31764,PSV-31765,upstream-of
PSV-31765,XV-31766,discharges-to
XV-31766,LT-31767,downstream-of
LT-31767,V-31768,discharges-to
V-31768,K-31769,discharges-to
K-31769,P-31770,discharges-to
P-31770,PT-31771,feeds
PT-31771,P-31772,discharges-to
FT-31773,E-31774,downstream-of
E-31774,LT-31775,on-line
LT-31775,P-31776,discharges-to
P-31776,FT-31777,upstream-of
FT-31777,LT-31778,on-line
FT-31779,XV-31780,upstream-of
XV-31780,PT-31781,upstream-of
K-31782,FCV-31783,upstream-of
FCV-31783,XV-31784,downstream-of
XV-31784,P-31785,downstream-of
P-31785,V-31786,downstream-of
V-31786,TT-31787,discharges-to
FCV-31788,E-31789,upstream-of
E-31789,XV-31790,on-line
XV-31791,FCV-31792,on-line
FCV-31792,FCV-31793,feeds
FCV-31793,V-31794,upstream-of
V-31794,PSV-31795,downstream-of
PSV-31795,COL-31796,downstream-of
COL-31796,COL-31797,downstream-of
COL-31797,COL-31798,downstream-of
COL-31798,V-31799,discharges-to
V-31799,TT-31800,upstream-of
TT-31800,PT-31801,discharges-to
P-31803,E-31804,downstream-of
COL-31807,K-31808,feeds
K-31808,P-31809,downstream-of
P-31809,PSV-31810,discharges-to
PSV-31810,K-31811,discharges-to
K-31811,PT-31812,discharges-to
PT-31812,FCV-31813,downstream-of
FCV-31813,PT-31814,on-line
PT-31814,P-31815,feeds
P-31815,P-31816,downstream-of
P-31816,COL-31817,discharges-to
COL-31817,PSV-31818,discharges-to
K-31819,E-31820,feeds
E-31820,K-31821,on-line
K-31821,K-31822,feeds
K-31822,TT-31823,feeds
PSV-31824,PSV-31825,upstream-of
FT-31826,FCV-31827,downstream-of
FCV-31827,E-31828,upstream-of
FT-31829,PT-31830,on-line
P-31831,XV-31832,feeds
XV-31832,FT-31833,on-line
FT-31833,P-31834,upstream-of
P-31834,K-31835,discharges-to
K-31835,K-31836,upstream-of
K-31836,P-31837,discharges-to
COL-31838,E-31839,on-line
E-31839,V-31840,discharges-to
V-31840,PT-31841,feeds
P-31844,PSV-31845,discharges-to
PT-31846,P-31847,upstream-of
P-31847,V-31848,downstream-of
V-31848,P-31849,on-line
P-31849,PSV-31850,discharges-to
PSV-31850,FCV-31851,feeds
FCV-31851,FCV-31852,upstream-of
FCV-31852,PT-31853,feeds
PT-31853,LT-31854,feeds
LT-31854,XV-31855,upstream-of
V-31856,FCV-31857,upstream-of
FCV-31857,FT-31858,downstream-of
FT-31858,XV-31859,discharges-to
XV-31859,XV-31860,feeds
XV-31860,XV-31861,feeds
XV-31861,PT-31862,on-line
PT-31862,PSV-31863,upstream-of
PSV-31863,COL-31864,upstream-of
COL-31864,TT-31865,on-line
COL-31866,P-31867,on-line
P-31867,K-31868,on-line
LT-31870,K-31871,feeds
K-31871,COL-31872,feeds
COL-31872,XV-31873,on-line
XV-31873,COL-31874,on-line
COL-31874,K-31875,upstream-of
PSV-31876,P-31877,downstream-of
P-31877,LT-31878,feeds
LT-31878,COL-31879,on-line
PSV-31881,E-31882,on-line
E-31882,PSV-31883,downstream-of
PSV-31883,FT-31884,upstream-of
FT-31884,P-31885,on-line
LT-31886,P-31887,feeds
V-31888,FT-31889,downstream-of
P-31891,LT-31892,upstream-of
LT-31892,K-31893,on-line
K-31893,P-31894,on-line
P-31894,TT-31895,downstream-of
TT-31895,PSV-31896,downstream-of
PSV-31896,LT-31897,feeds
PSV-31898,FCV-31899,upstream-of
FCV-31899,K-31900,downstream-of
P-31902,XV-31903,on-line
XV-31903,V-31904,downstream-of
FCV-31905,FCV-31906,downstream-of
FCV-31906,COL-31907,discharges-to
COL-31907,V-31908,feeds
V-31908,V-31909,downstream-of
V-31909,PT-31910,on-line
PT-31910,P-31911,on-line
P-31911,COL-31912,upstream-of
COL-31912,FT-31913,feeds
FT-31913,V-31914,upstream-of
V-31914,PSV-31915,upstream-of
FT-31918,XV-31919,upstream-of
PT-31921,V-31922,downstream-of
V-31922,P-31923,downstream-of
FCV-31924,PT-31925,feeds
COL-31927,P-31928,feeds
COL-31929,P-31930,downstream-of
P-31930,FCV-31931,discharges-to
FCV-31931,PT-31932,discharges-to
PT-31932,TT-31933,discharges-to
TT-31933,PSV-31934,upstream-of
E-31935,K-31936,discharges-to
K-31936,P-31937,upstream-of
P-31937,LT-31938,feeds
LT-31938,V-31939,feeds
P-31940,P-31941,discharges-to
P-31943,TT-31944,upstream-of
LT-31946,PT-31947,on-line
PSV-31949,E-31950,on-line
E-31950,P-31951,on-line
P-31951,P-31952,downstream-of
P-31952,LT-31953,discharges-to
XV-31954,TT-31955,on-line
TT-31955,P-31956,discharges-to
P-31956,E-31957,downstream-of
E-31957,TT-31958,downstream-of
K-31959,LT-31960,upstream-of
LT-31960,FT-31961,downstream-of
TT-31962,PSV-31963,discharges-to
PSV-31963,PSV-31964,upstream-of
LT-31965,FT-31966,discharges-to
FT-31966,COL-31967,feeds
COL-31967,TT-31968,on-line
TT-31968,V-31969,on-line
PT-31970,XV-31971,on-line
PT-31974,LT-31975,on-line
LT-31975,K-31976,downstream-of
K-31976,P-31977,discharges-to
P-31977,K-31978,upstream-of
COL-31981,FCV-31982,feeds
FCV-31982,PSV-31983,downstream-of
PSV-31983,FT-31984,downstream-of
FT-31984,TT-31985,upstream-of
TT-31985,K-31986,downstream-of
V-31988,FCV-31989,upstream-of
FCV-31989,P-31990,downstream-of
FT-31991,K-31992,discharges-to
K-31992,COL-31993,upstream-of
COL-31993,PT-31994,on-line
TT-31996,XV-31997,downstream-of
XV-31997,P-31998,discharges-to
P-31998,P-31999,upstream-of
P-31999,TT-32000,downstream-of
TT-32000,PT-32001,on-line
PT-32001,LT-32002,upstream-of
LT-32002,PT-32003,on-line
FCV-32004,COL-32005,upstream-of
COL-32005,K-32006,upstream-of
P-32008,V-32009,feeds
V-32009,P-32010,on-line
XV-32013,FCV-32014,downstream-of
FCV-32014,FT-32015,feeds
FT-32015,LT-32016,downstream-of
LT-32016,E-32017,discharges-to
E-32017,COL-32018,downstream-of
COL-32018,E-32019,discharges-to
E-32019,COL-32020,feeds
COL-32020,P-32021,upstream-of
P-32021,XV-32022,on-line
P-32023,E-32024,upstream-of
PT-32025,FCV-32026,on-line
COL-32027,E-32028,discharges-to
E-32028,K-32029,upstream-of
K-32029,P-32030,feeds
P-32030,K-32031,upstream-of
P-32032,K-32033,on-line
K-32033,E-32034,upstream-of
E-32034,XV-32035,downstream-of
XV-32035,LT-32036,downstream-of
P-32037,XV-32038,on-line
XV-32038,P-32039,feeds
P-32039,LT-32040,downstream-of
TT-32042,E-32043,feeds
E-32043,P-32044,on-line
P-32044,PSV-32045,feeds
PSV-32045,XV-32046,discharges-to
V-32047,E-32048,upstream-of
P-32050,P-32051,discharges-to
P-32051,XV-32052,upstream-of
XV-32052,LT-32053,downstream-of
FCV-32054,FCV-32055,downstream-of
FCV-32055,TT-32056,upstream-of
TT-32056,TT-32057,discharges-to
V-32059,PSV-32060,downstream-of
E-32063,FCV-32064,discharges-to
FCV-32064,TT-32065,feeds
TT-32065,E-32066,on-line
E-32066,FCV-32067,upstream-of
P-32069,XV-32070,upstream-of
XV-32070,V-32071,feeds
V-32071,V-32072,feeds
V-32072,K-32073,downstream-of
K-32073,COL-32074,discharges-to
V-32076,LT-32077,feeds
LT-32077,COL-32078,discharges-to
P-32079,FCV-32080,upstream-of
FCV-32080,FCV-32081,feeds
K-32083,FT-32084,on-line
FT-32084,TT-32085,feeds
TT-32085,E-32086,feeds
PSV-32087,TT-32088,feeds
TT-32088,PT-32089,discharges-to
FT-32090,XV-32091,feeds
XV-32092,FT-32093,discharges-to
FT-32093,TT-32094,discharges-to
TT-32094,LT-32095,downstream-of
LT-32095,K-32096,upstream-of
K-32096,P-32097,on-line
P-32097,FT-32098,downstream-of
FT-32098,PSV-32099,upstream-of
PSV-32099,V-32100,on-line
XV-32101,FCV-32102,upstream-of
FCV-32102,LT-32103,feeds
K-32104,P-32105,feeds
P-32105,LT-32106,on-line
LT-32106,XV-32107,downstream-of
XV-32107,TT-32108,upstream-of
FCV-32109,P-32110,upstream-of
P-32110,FT-32111,upstream-of
V-32113,E-32114,downstream-of
P-32115,TT-32116,on-line
TT-32116,PSV-32117,upstream-of
PSV-32117,PT-32118,downstream-of
COL-32119,LT-32120,downstream-of
PT-32121,FT-32122,upstream-of
FT-32122,COL-32123,discharges-to
FT-32127,LT-32128,upstream-of
FT-32130,E-32131,downstream-of
E-32131,P-32132,on-line
P-32132,FCV-32133,upstream-of
FCV-32133,FCV-32134,downstream-of
E-32136,E-32137,discharges-to
E-32137,PT-32138,feeds
PT-32138,XV-32139,on-line
XV-32139,COL-32140,discharges-to
COL-32140,FT-32141,discharges-to
FT-32141,PSV-32142,feeds
PSV-32142,FT-32143,downstream-of
COL-32144,V-32145,discharges-to
V-32145,PT-32146,feeds
PT-32146,P-32147,on-line
P-32147,K-32148,feeds
K-32148,V-32149,downstream-of
V-32149,P-32150,on-line
P-32150,FCV-32151,feeds
FCV-32151,E-32152,discharges-to
E-32152,PT-32153,discharges-to
PT-32153,PT-32154,feeds
PT-32154,FT-32155,feeds
FT-32155,P-32156,upstream-of
P-32156,FT-32157,upstream-of
FT-32157,PT-32158,feeds
P-32160,TT-32161,feeds
TT-32161,P-32162,feeds
P-32162,PSV-32163,downstream-of
P-32164,XV-32165,discharges-to
XV-32165,V-32166,upstream-of
V-32166,K-32167,on-line
PT-32169,PT-32170,downstream-of
PT-32170,K-32171,discharges-to
K-32171,FCV-32172,feeds
FCV-32172,K-32173,on-line
K-32173,P-32174,downstream-of
P-32174,PSV-32175,feeds
PSV-32175,LT-32176,downstream-of
LT-32176,LT-32177,discharges-to
LT-32177,FT-32178,downstream-of
FT-32178,COL-32179,feeds
PT-32182,E-32183,upstream-of
E-32183,TT-32184,feeds
TT-32184,P-32185,discharges-to
P-32185,P-32186,feeds
XV-32187,FCV-32188,feeds
FCV-32188,PT-32189,upstream-of
COL-32190,E-32191,discharges-to
FCV-32193,XV-32194,downstream-of
XV-32194,FCV-32195,upstream-of
FCV-32195,LT-32196,discharges-to
LT-32196,XV-32197,on-line
E-32198,PT-32199,downstream-of
PT-32199,PT-32200,on-line
PT-32200,FCV-32201,feeds
FCV-32201,P-32202,on-line
P-32202,LT-32203,downstream-of
LT-32203,COL-32204,discharges-to
P-32206,COL-32207,upstream-of
COL-32207,COL-32208,feeds
COL-32208,P-32209,discharges-to
P-32209,E-32210,on-line
TT-32212,E-32213,discharges-to
E-32213,PSV-32214,downstream-of
PSV-32214,V-32215,upstream-of
TT-32216,K-32217,downstream-of
K-32217,FT-32218,upstream-of
PT-32220,V-32221,on-line
V-32221,TT-32222,downstream-of
TT-32222,LT-32223,feeds
LT-32223,XV-32224,feeds
XV-32224,COL-32225,upstream-of
COL-32225,COL-32226,downstream-of
COL-32226,K-32227,upstream-of
K-32228,COL-32229,downstream-of
COL-32229,V-32230,upstream-of
V-32230,PSV-32231,discharges-to
FT-32232,PSV-32233,on-line
PSV-32233,P-32234,discharges-to
P-32234,K-32235,upstream-of
K-32235,V-32236,downstream-of
E-32237,PSV-32238,discharges-to
PSV-32238,XV-32239,on-line
XV-32239,XV-32240,feeds
XV-32240,TT-32241,feeds
FT-32242,TT-32243,upstream-of
TT-32243,PT-32244,discharges-to
PT-32244,V-32245,feeds
V-32245,V-32246,downstream-of
FT-32247,FT-32248,discharges-to
FCV-32249,COL-32250,downstream-of
LT-32251,XV-32252,on-line
FCV-32253,FCV-32254,discharges-to
FCV-32254,LT-32255,feeds
LT-32255,FT-32256,feeds
FT-32256,LT-32257,downstream-of
FT-32259,XV-32260,discharges-to
V-32261,XV-32262,upstream-of
COL-32264,V-32265,discharges-to
V-32265,P-32266,feeds
P-32266,FT-32267,discharges-to
FT-32267,P-32268,upstream-of
COL-32270,PT-32271,on-line
PT-32271,E-32272,discharges-to
V-32275,COL-32276,upstream-of
COL-32276,P-32277,discharges-to
P-32277,P-32278,downstream-of
P-32278,E-32279,upstream-of
K-32280,PSV-32281,discharges-to
PSV-32281,PSV-32282,discharges-to
PSV-32282,XV-32283,downstream-of
FCV-32284,FT-32285,discharges-to
FT-32285,FT-32286,downstream-of
FT-32286,K-32287,downstream-of
K-32287,COL-32288,downstream-of
PT-32290,FCV-32291,discharges-to
K-32293,FT-32294,feeds
FT-32294,V-32295,upstream-of
K-32296,E-32297,on-line
V-32299,XV-32300,upstream-of
XV-32300,PT-32301,downstream-of
PT-32301,E-32302,on-line
E-32302,K-32303,upstream-of
K-32303,XV-32304,feeds
XV-32304,TT-32305,discharges-to
TT-32305,V-32306,discharges-to
V-32306,P-32307,downstream-of
P-32310,PSV-32311,upstream-of
PSV-32311,COL-32312,upstream-of
COL-32312,FCV-32313,upstream-of
PSV-32316,FT-32317,discharges-to
FT-32317,FCV-32318,upstream-of
XV-32319,K-32320,downstream-of
K-32320,COL-32321,downstream-of
K-32322,P-32323,upstream-of
P-32324,K-32325,upstream-of
PSV-32326,K-32327,feeds
K-32327,P-32328,on-line
COL-32331,COL-32332,upstream-of
COL-32332,V-32333,downstream-of
V-32333,K-32334,discharges-to
PT-32336,PT-32337,discharges-to
E-32338,XV-32339,feeds
PT-32340,P-32341,on-line
P-32341,P-32342,discharges-to
P-32342,COL-32343,upstream-of
COL-32343,P-32344,downstream-of
P-32344,FCV-32345,discharges-to
FCV-32345,PT-32346,discharges-to
FT-32348,P-32349,upstream-of
P-32349,P-32350,on-line
P-32350,K-32351,downstream-of
E-32352,PT-32353,feeds
PT-32353,PSV-32354,on-line
PSV-32354,P-32355,feeds
P-32355,P-32356,downstream-of
P-32356,FT-32357,upstream-of
COL-32359,V-32360,on-line
V-32360,K-32361,on-line
K-32361,PT-32362,feeds
PT-32362,V-32363,feeds
FCV-32364,FCV-32365,feeds
FCV-32365,TT-32366,downstream-of
TT-32366,V-32367,discharges-to
V-32367,COL-32368,downstream-of
COL-32368,V-32369,feeds
V-32369,E-32370,on-line
E-32370,TT-32371,on-line
TT-32371,P-32372,upstream-of
FCV-32373,LT-32374,upstream-of
LT-32374,FCV-32375,feeds
FCV-32375,E-32376,feeds
E-32376,PT-32377,feeds
PT-32377,K-32378,downstream-of
K-32378,XV-32379,upstream-of
COL-32382,COL-32383,downstream-of
COL-32383,E-32384,upstream-of
E-32384,E-32385,on-line
E-32385,E-32386,feeds
PT-32387,P-32388,on-line
P-32389,XV-32390,downstream-of
XV-32390,XV-32391,upstream-of
XV-32391,V-32392,feeds
V-32392,P-32393,feeds
FCV-32394,COL-32395,downstream-of
COL-32395,XV-32396,upstream-of
PT-32397,K-32398,discharges-to
K-32398,COL-32399,on-line
COL-32399,P-32400,downstream-of
P-32400,E-32401,upstream-of
E-32401,P-32402,feeds
P-32402,PSV-32403,feeds
PSV-32403,FT-32404,upstream-of
FT-32404,COL-32405,downstream-of
COL-32405,FCV-32406,downstream-of
PSV-32407,P-32408,feeds
P-32408,P-32409,discharges-to
P-32409,E-32410,upstream-of
E-32410,P-32411,discharges-to
PSV-32412,TT-32413,on-line
TT-32413,COL-32414,on-line
COL-32414,TT-32415,upstream-of
TT-32415,P-32416,upstream-of
COL-32417,XV-32418,discharges-to
XV-32418,V-32419,on-line
E-32420,P-32421,upstream-of
COL-32422,TT-32423,upstream-of
LT-32424,TT-32425,discharges-to
TT-32425,TT-32426,downstream-of
TT-32426,PT-32427,discharges-to
PT-32427,LT-32428,upstream-of
K-32429,P-32430,upstream-of
P-32430,K-32431,discharges-to
K-32431,COL-32432,downstream-of
COL-32432,TT-32433,on-line
TT-32433,K-32434,on-line
K-32434,LT-32435,feeds
LT-32435,PT-32436,discharges-to
PT-32436,E-32437,discharges-to
COL-32438,FT-32439,feeds
COL-32440,XV-32441,discharges-to
XV-32441,FCV-32442,discharges-to
PT-32443,XV-32444,upstream-of
XV-32444,K-32445,discharges-to
FT-32446,PT-32447,downstream-of
PT-32447,TT-32448,downstream-of
P-32449,V-32450,on-line
P-32452,COL-32453,on-line
COL-32453,FCV-32454,feeds
P-32456,TT-32457,feeds
TT-32457,V-32458,on-line
V-32458,LT-32459,on-line
LT-32459,PT-32460,upstream-of
PT-32460,V-32461,discharges-to
V-32461,FCV-32462,downstream-of
FCV-32462,LT-32463,upstream-of
LT-32464,FT-32465,feeds
FT-32465,COL-32466,feeds
PT-32468,E-32469,on-line
P-32471,PSV-32472,discharges-to
PSV-32472,E-32473,downstream-of
E-32473,V-32474,downstream-of
V-32474,TT-32475,upstream-of
TT-32475,COL-32476,on-line
COL-32476,COL-32477,upstream-of
COL-32477,P-32478,discharges-to
P-32479,P-32480,feeds
V-32483,FCV-32484,downstream-of
XV-32485,V-32486,discharges-to
V-32486,P-32487,feeds
K-32489,PT-32490,upstream-of
PT-32490,FT-32491,feeds
P-32492,E-32493,downstream-of
E-32493,P-32494,upstream-of
K-32497,PSV-32498,on-line
V-32499,COL-32500,upstream-of
COL-32500,TT-32501,upstream-of
TT-32501,XV-32502,on-line
XV-32502,FT-32503,on-line
FT-32503,PSV-32504,on-line
XV-32505,P-32506,downstream-of
P-32506,V-32507,on-line
V-32507,FCV-32508,discharges-to
FCV-32508,COL-32509,downstream-of
COL-32509,LT-32510,discharges-to
LT-32510,FCV-32511,discharges-to
FCV-32511,TT-32512,downstream-of
TT-32512,FT-32513,upstream-of
PSV-32514,E-32515,upstream-of
E-32515,K-32516,feeds
K-32516,P-32517,discharges-to
P-32517,LT-32518,discharges-to
LT-32518,LT-32519,feeds
LT-32519,XV-32520,on-line
XV-32520,P-32521,discharges-to
P-32521,V-32522,on-line
COL-32524,FCV-32525,feeds
PT-32527,FT-32528,on-line
FT-32528,LT-32529,upstream-of
LT-32529,P-32530,feeds
P-32530,K-32531,upstream-of
K-32531,XV-32532,on-line
XV-32532,COL-32533,on-line
COL-32533,LT-32534,downstream-of
LT-32534,FCV-32535,on-line
PT-32536,P-32537,downstream-of
P-32537,COL-32538,downstream-of
FT-32540,PT-32541,upstream-of
PT-32541,P-32542,feeds
E-32543,P-32544,on-line
P-32544,FT-32545,feeds
FT-32545,E-32546,downstream-of
E-32546,V-32547,feeds
V-32547,FCV-32548,feeds
FCV-32548,P-32549,on-line
P-32549,PSV-32550,feeds
XV-32551,PSV-32552,downstream-of
V-32553,K-32554,on-line
XV-32555,FCV-32556,discharges-to
FCV-32556,COL-32557,feeds
XV-32559,V-32560,discharges-to
V-32560,P-32561,discharges-to
P-32561,K-32562,on-line
K-32562,FT-32563,discharges-to
FT-32563,LT-32564,on-line
LT-32565,FCV-32566,upstream-of
E-32569,FCV-32570,feeds
FCV-32570,FT-32571,upstream-of
FT-32571,LT-32572,discharges-to
PSV-32573,XV-32574,discharges-to
COL-32575,PSV-32576,discharges-to
PSV-32576,P-32577,on-line
PT-32578,TT-32579,feeds
TT-32579,TT-32580,downstream-of
TT-32580,P-32581,downstream-of
P-32581,XV-32582,on-line
XV-32582,K-32583,downstream-of
K-32583,P-32584,downstream-of
FCV-32586,PSV-32587,feeds
PSV-32587,K-32588,feeds
COL-32590,P-32591,feeds
P-32591,FT-32592,feeds
FT-32592,TT-32593,upstream-of
TT-32593,TT-32594,upstream-of
COL-32595,COL-32596,downstream-of
COL-32596,XV-32597,on-line
LT-32598,PT-32599,feeds
PT-32599,FCV-32600,discharges-to
PT-32602,K-32603,downstream-of
K-32603,P-32604,discharges-to
P-32604,P-32605,upstream-of
COL-32606,XV-32607,on-line
V-32608,PT-32609,feeds
LT-32610,FT-32611,feeds
FT-32611,FT-32612,upstream-of
FT-32612,COL-32613,feeds
COL-32613,V-32614,upstream-of
V-32614,FT-32615,discharges-to
K-32616,PSV-32617,upstream-of
PSV-32617,XV-32618,upstream-of
XV-32618,COL-32619,discharges-to
PT-32620,LT-32621,feeds
E-32623,PSV-32624,feeds
PSV-32624,LT-32625,downstream-of
LT-32625,FCV-32626,discharges-to
K-32627,FCV-32628,downstream-of
FCV-32628,E-32629,downstream-of
E-32629,E-32630,on-line
E-32630,PT-32631,upstream-of
PT-32631,PSV-32632,downstream-of
PSV-32632,E-32633,discharges-to
E-32633,P-32634,feeds
P-32634,FCV-32635,downstream-of
FCV-32635,PSV-32636,on-line
P-32637,E-32638,discharges-to
PSV-32639,K-32640,on-line
E-32641,E-32642,on-line
E-32642,FT-32643,upstream-of
FT-32643,K-32644,feeds
PSV-32646,PSV-32647,discharges-to
P-32649,TT-32650,on-line
TT-32650,P-32651,upstream-of
PSV-32653,K-32654,feeds
K-32654,P-32655,feeds
TT-32656,FCV-32657,downstream-of
FCV-32657,PT-32658,on-line
PT-32658,LT-32659,feeds
LT-32659,TT-32660,on-line
FT-32663,TT-32664,feeds
TT-32664,COL-32665,feeds
COL-32665,K-32666,upstream-of
K-32667,K-32668,feeds
K-32668,K-32669,downstream-of
K-32669,XV-32670,on-line
XV-32670,FCV-32671,upstream-of
FCV-32671,PT-32672,upstream-of
PT-32672,PSV-32673,feeds
PSV-32673,P-32674,upstream-of
P-32674,PT-32675,upstream-of
PT-32675,K-32676,on-line
FCV-32677,P-32678,downstream-of
P-32680,FT-32681,discharges-to
FT-32681,PSV-32682,feeds
PSV-32682,V-32683,discharges-to
V-32683,K-32684,discharges-to
K-32684,P-32685,feeds
P-32685,COL-32686,upstream-of
COL-32686,P-32687,feeds
P-32687,LT-32688,upstream-of
E-32689,PSV-32690,upstream-of
P-32691,P-32692,upstream-of
LT-32694,FT-32695,discharges-to
FT-32695,FT-32696,downstream-of
P-32697,FT-32698,discharges-to
FCV-32700,E-32701,discharges-to
E-32701,PSV-32702,discharges-to
PSV-32702,COL-32703,discharges-to
COL-32703,FT-32704,discharges-to
FT-32704,XV-32705,downstream-of
COL-32706,TT-32707,on-line
TT-32707,FCV-32708,upstream-of
FCV-32708,FT-32709,on-line
FT-32709,FCV-32710,upstream-of
FCV-32710,P-32711,upstream-of
P-32713,E-32714,upstream-of
E-32714,XV-32715,downstream-of
LT-32716,FCV-32717,on-line
FCV-32718,K-32719,upstream-of
TT-32721,V-32722,upstream-of
V-32722,PT-32723,discharges-to
FCV-32725,LT-32726,on-line
LT-32726,V-32727,downstream-of
V-32727,P-32728,discharges-to
P-32728,P-32729,discharges-to
P-32729,P-32730,feeds
P-32730,P-32731,discharges-to
FT-32732,P-32733,feeds
P-32733,PSV-32734,downstream-of
PSV-32734,TT-32735,feeds
TT-32735,PSV-32736,downstream-of
PSV-32739,P-32740,downstream-of
FCV-32741,COL-32742,on-line
COL-32742,V-32743,downstream-of
V-32743,XV-32744,on-line
P-32745,TT-32746,feeds
TT-32746,FCV-32747,feeds
FCV-32747,K-32748,upstream-of
K-32748,K-32749,discharges-to
K-32749,LT-32750,downstream-of
LT-32750,PT-32751,discharges-to
PSV-32752,LT-32753,discharges-to
LT-32753,E-32754,on-line
E-32754,P-32755,upstream-of
XV-32756,LT-32757,discharges-to
LT-32758,FT-32759,upstream-of
FT-32759,LT-32760,feeds
LT-32761,LT-32762,feeds
PT-32763,LT-32764,upstream-of
LT-32764,K-32765,discharges-to
FCV-32766,FT-32767,feeds
PT-32768,K-32769,discharges-to
K-32769,K-32770,discharges-to
K-32770,E-32771,upstream-of
E-32771,FT-32772,downstream-of
FT-32772,FT-32773,on-line
FT-32773,E-32774,discharges-to
E-32775,P-32776,on-line
P-32776,FT-32777,on-line
FT-32777,TT-32778,on-line
TT-32778,V-32779,on-line
V-32779,TT-32780,downstream-of
PT-32782,K-32783,upstream-of
K-32783,PSV-32784,on-line
PSV-32784,TT-32785,discharges-to
TT-32785,V-32786,discharges-to
V-32786,PT-32787,discharges-to
PT-32787,P-32788,on-line
P-32788,PT-32789,on-line
PT-32789,E-32790,on-line
E-32790,PT-32791,feeds
PT-32791,TT-32792,upstream-of
TT-32792,XV-32793,upstream-of
XV-32793,TT-32794,on-line
TT-32794,K-32795,upstream-of
K-32795,P-32796,upstream-of
P-32796,K-32797,on-line
P-32798,V-32799,discharges-to
V-32799,TT-32800,discharges-to
LT-32801,LT-32802,upstream-of
LT-32802,COL-32803,upstream-of
COL-32803,FT-32804,on-line
FT-32804,V-32805,on-line
V-32805,LT-32806,downstream-of
LT-32806,FCV-32807,discharges-to
FCV-32807,V-32808,downstream-of
E-32809,TT-32810,downstream-of
TT-32810,PSV-32811,discharges-to
LT-32813,TT-32814,upstream-of
TT-32814,XV-32815,downstream-of
XV-32815,PT-32816,downstream-of
PT-32816,COL-32817,feeds
TT-32819,TT-32820,on-line
TT-32820,V-32821,on-line
PSV-32822,LT-32823,downstream-of
PT-32825,FT-32826,downstream-of
TT-32828,XV-32829,feeds
V-32830,XV-32831,feeds
XV-32831,V-32832,upstream-of
P-32833,E-32834,on-line
P-32835,E-32836,on-line
E-32836,TT-32837,feeds
TT-32837,P-32838,discharges-to
FCV-32839,PSV-32840,discharges-to
PSV-32840,FT-32841,on-line
FT-32841,P-32842,feeds
P-32842,P-32843,discharges-to
P-32843,V-32844,downstream-of
LT-32845,COL-32846,upstream-of
COL-32846,PT-32847,upstream-of
PT-32847,FT-32848,upstream-of
FT-32848,COL-32849,downstream-of
COL-32849,PSV-32850,discharges-to
V-32851,XV-32852,upstream-of
XV-32852,FCV-32853,discharges-to
XV-32856,P-32857,on-line
FCV-32858,P-32859,downstream-of
P-32859,TT-32860,on-line
E-32862,P-32863,discharges-to
P-32863,PSV-32864,discharges-to
PSV-32864,COL-32865,feeds
PT-32866,COL-32867,on-line
PSV-32872,P-32873,on-line
P-32873,PSV-32874,upstream-of
PSV-32874,P-32875,feeds
TT-32876,PT-32877,downstream-of
PT-32877,P-32878,feeds
P-32878,P-32879,downstream-of
P-32879,PSV-32880,feeds
PSV-32880,PT-32881,on-line
PT-32881,P-32882,on-line
TT-32885,P-32886,downstream-of
P-32886,V-32887,upstream-of
V-32887,FCV-32888,discharges-to
FCV-32888,E-32889,upstream-of
E-32889,V-32890,feeds
V-32890,LT-32891,downstream-of
FT-32892,PT-32893,downstream-of
PT-32893,P-32894,downstream-of
FCV-32895,P-32896,feeds
TT-32897,XV-32898,feeds
XV-32898,FCV-32899,downstream-of
V-32900,K-32901,discharges-to
XV-32904,LT-32905,feeds
K-32906,PT-32907,feeds
K-32908,P-32909,downstream-of
P-32909,COL-32910,on-line
COL-32910,E-32911,upstream-of
E-32911,K-32912,downstream-of
K-32912,K-32913,downstream-of
K-32913,PT-32914,on-line
PT-32914,COL-32915,feeds
COL-32915,PSV-32916,upstream-of
PSV-32916,TT-32917,on-line
TT-32917,PT-32918,downstream-of
PSV-32921,XV-32922,on-line
XV-32922,P-32923,downstream-of
P-32923,K-32924,on-line
K-32924,P-32925,upstream-of
P-32925,K-32926,downstream-of
K-32926,PT-32927,downstream-of
PT-32927,TT-32928,upstream-of
LT-32931,P-32932,downstream-of
COL-32933,TT-32934,feeds
FT-32935,PT-32936,feeds
PT-32936,XV-32937,discharges-to
XV-32937,V-32938,discharges-to
LT-32939,P-32940,on-line
P-32940,E-32941,discharges-to
E-32941,XV-32942,discharges-to
XV-32942,XV-32943,feeds
XV-32943,PSV-32944,discharges-to
PSV-32944,PT-32945,on-line
PT-32945,PT-32946,upstream-of
PT-32946,XV-32947,feeds
FT-32949,LT-32950,downstream-of
LT-32950,P-32951,feeds
PSV-32953,PT-32954,on-line
PT-32954,TT-32955,upstream-of
TT-32955,PSV-32956,upstream-of
PSV-32956,FCV-32957,on-line
FCV-32957,COL-32958,on-line
COL-32959,P-32960,feeds
P-32960,V-32961,downstream-of
V-32961,PSV-32962,discharges-to
PSV-32962,COL-32963,upstream-of
COL-32963,PSV-32964,feeds
PSV-32964,PSV-32965,discharges-to
PSV-32965,K-32966,downstream-of
K-32966,PT-32967,discharges-to
PT-32967,PT-32968,feeds
PT-32968,COL-32969,feeds
P-32970,FCV-32971,upstream-of
PSV-32973,FCV-32974,feeds
FCV-32974,COL-32975,discharges-to
COL-32975,K-32976,upstream-of
K-32976,XV-32977,discharges-to
XV-32977,PSV-32978,on-line
PSV-32978,PSV-32979,downstream-of
PSV-32979,P-32980,discharges-to
COL-32982,V-32983,downstream-of
V-32983,P-32984,downstream-of
FT-32985,K-32986,upstream-of
COL-32988,V-32989,feeds
V-32989,PSV-32990,upstream-of
PSV-32990,LT-32991,feeds
LT-32991,TT-32992,on-line
TT-32992,TT-32993,on-line
TT-32993,FT-32994,on-line
FT-32994,PSV-32995,on-line
PSV-32995,K-32996,upstream-of
P-32997,PSV-32998,feeds
PSV-32998,XV-32999,feeds
XV-32999,V-33000,on-line
V-33000,XV-33001,downstream-of
XV-33001,PSV-33002,feeds
K-33003,V-33004,feeds
LT-33005,XV-33006,discharges-to
XV-33006,FCV-33007,on-line
TT-33010,FT-33011,feeds
FT-33011,V-33012,downstream-of
V-33012,FCV-33013,discharges-to
TT-33016,FCV-33017,upstream-of
FCV-33017,XV-33018,feeds
XV-33018,P-33019,downstream-of
K-33020,COL-33021,downstream-of
PT-33022,TT-33023,feeds
TT-33023,LT-33024,on-line
PSV-33027,P-33028,downstream-of
P-33028,COL-33029,discharges-to
COL-33029,COL-33030,downstream-of
COL-33030,LT-33031,upstream-of
LT-33031,FCV-33032,on-line
FCV-33032,PSV-33033,discharges-to
E-33034,PSV-33035,downstream-of
PSV-33035,E-33036,upstream-of
E-33036,LT-33037,downstream-of
COL-33038,TT-33039,feeds
TT-33039,COL-33040,discharges-to
COL-33040,P-33041,discharges-to
P-33041,PT-33042,upstream-of
E-33044,P-33045,upstream-of
P-33046,XV-33047,downstream-of
XV-33047,V-33048,on-line
V-33048,PT-33049,discharges-to
PT-33049,PSV-33050,upstream-of
PSV-33050,P-33051,on-line
P-33051,K-33052,upstream-of
K-33052,P-33053,downstream-of
P-33053,P-33054,discharges-to
P-33054,FT-33055,feeds
FT-33055,XV-33056,feeds
E-33057,TT-33058,on-line
TT-33058,FT-33059,feeds
FT-33059,FCV-33060,feeds
FCV-33060,XV-33061,on-line
P-33062,K-33063,upstream-of
K-33063,COL-33064,downstream-of
FCV-33065,LT-33066,on-line
LT-33066,PSV-33067,feeds
PSV-33067,LT-33068,on-line
TT-33069,V-33070,on-line
V-33070,XV-33071,feeds
XV-33071,P-33072,downstream-of
COL-33074,XV-33075,upstream-of
XV-33075,FT-33076,feeds
E-33079,PSV-33080,discharges-to
PSV-33080,FCV-33081,downstream-of
PT-33084,LT-33085,on-line
LT-33086,FT-33087,downstream-of
FT-33087,LT-33088,on-line
LT-33088,LT-33089,discharges-to
LT-33089,V-33090,discharges-to
P-33091,LT-33092,downstream-of
LT-33092,COL-33093,on-line
COL-33093,PT-33094,on-line
PT-33094,PT-33095,upstream-of
TT-33096,COL-33097,feeds
COL-33097,PT-33098,feeds
PT-33098,TT-33099,upstream-of
P-33100,PT-33101,feeds
PSV-33103,TT-33104,on-line
TT-33104,XV-33105,feeds
XV-33105,K-33106,upstream-of
K-33106,XV-33107,on-line
P-33108,PSV-33109,discharges-to
PSV-33109,LT-33110,downstream-of
V-33111,E-33112,downstream-of
E-33112,K-33113,discharges-to
K-33113,LT-33114,discharges-to
LT-33114,XV-33115,upstream-of
XV-33115,COL-33116,upstream-of
COL-33116,K-33117,feeds
K-33117,E-33118,upstream-of
E-33118,FCV-33119,discharges-to
FCV-33119,XV-33120,on-line
FT-33121,XV-33122,on-line
P-33123,TT-33124,upstream-of
TT-33124,PSV-33125,downstream-of
PSV-33125,P-33126,upstream-of
P-33126,FT-33127,feeds
TT-33128,E-33129,discharges-to
E-33129,COL-33130,upstream-of
XV-33131,FCV-33132,on-line
E-33134,FT-33135,downstream-of
E-33136,XV-33137,feeds
XV-33137,PSV-33138,discharges-to
PSV-33138,XV-33139,discharges-to
E-33141,E-33142,upstream-of
E-33142,COL-33143,downstream-of
COL-33143,FT-33144,on-line
FT-33144,TT-33145,discharges-to
TT-33147,COL-33148,on-line
COL-33148,TT-33149,feeds
LT-33150,LT-33151,feeds
LT-33151,E-33152,on-line
E-33152,LT-33153,upstream-of
FT-33154,FCV-33155,on-line
FCV-33155,TT-33156,on-line
TT-33156,TT-33157,discharges-to
TT-33157,FT-33158,on-line
V-33159,XV-33160,downstream-of
LT-33161,PSV-33162,on-line
P-33163,E-33164,discharges-to
P-33165,PT-33166,downstream-of
PT-33166,PSV-33167,discharges-to
E-33168,V-33169,discharges-to
V-33169,PSV-33170,on-line
PSV-33170,V-33171,discharges-to
V-33171,PT-33172,feeds
PT-33172,E-33173,on-line
E-33173,COL-33174,feeds
COL-33174,V-33175,upstream-of
V-33175,TT-33176,upstream-of
TT-33176,LT-33177,on-line
LT-33177,TT-33178,discharges-to
P-33180,COL-33181,downstream-of
COL-33185,P-33186,feeds
P-33186,COL-33187,discharges-to
PT-33189,LT-33190,upstream-of
P-33191,FT-33192,upstream-of
FT-33192,P-33193,feeds
E-33194,FT-33195,on-line
FT-33195,PT-33196,upstream-of
PT-33196,P-33197,feeds
FT-33199,FT-33200,discharges-to
P-33202,P-33203,discharges-to
P-33203,E-33204,feeds
E-33204,COL-33205,downstream-of
TT-33206,PSV-33207,on-line
P-33208,PT-33209,downstream-of
COL-33211,P-33212,feeds
P-33212,COL-33213,upstream-of
FCV-33214,FCV-33215,upstream-of
FCV-33215,FT-33216,upstream-of
FT-33216,COL-33217,discharges-to
COL-33217,FCV-33218,downstream-of
FCV-33218,P-33219,feeds
P-33219,K-33220,discharges-to
V-33222,FCV-33223,downstream-of
FCV-33223,E-33224,downstream-of
E-33224,V-33225,feeds
V-33225,COL-33226,feeds
COL-33226,P-33227,discharges-to
K-33228,PT-33229,upstream-of
PT-33229,LT-33230,upstream-of
LT-33230,P-33231,discharges-to
P-33232,TT-33233,upstream-of
E-33234,FCV-33235,downstream-of
FCV-33235,PT-33236,discharges-to
PT-33236,FT-33237,on-line
FT-33237,K-33238,feeds
XV-33239,PSV-33240,upstream-of
PSV-33240,P-33241,feeds
P-33241,PT-33242,on-line
PT-33242,PSV-33243,on-line
PSV-33243,V-33244,discharges-to
V-33244,V-33245,upstream-of
V-33245,TT-33246,feeds
TT-33246,PT-33247,on-line
XV-33248,TT-33249,on-line
E-33250,P-33251,on-line
P-33251,K-33252,on-line
K-33252,XV-33253,discharges-to
XV-33253,E-33254,downstream-of
E-33254,E-33255,on-line
E-33255,COL-33256,upstream-of
COL-33256,PT-33257,feeds
PT-33257,V-33258,downstream-of
V-33258,P-33259,on-line
P-33259,XV-33260,upstream-of
XV-33260,E-33261,downstream-of
PSV-33262,COL-33263,on-line
PT-33264,V-33265,downstream-of
K-33266,PT-33267,on-line
PT-33267,V-33268,upstream-of
V-33268,K-33269,feeds
PT-33270,TT-33271,on-line
TT-33271,V-33272,discharges-to
V-33272,PT-33273,feeds
PT-33273,P-33274,on-line
P-33274,K-33275,feeds
K-33275,COL-33276,discharges-to
FCV-33277,V-33278,upstream-of
V-33278,PSV-33279,downstream-of
PSV-33279,XV-33280,discharges-to
XV-33280,XV-33281,feeds
XV-33281,LT-33282,on-line
FT-33287,PSV-33288,feeds
LT-33289,V-33290,upstream-of
V-33290,XV-33291,feeds
XV-33291,TT-33292,downstream-of
PT-33293,K-33294,feeds
K-33294,P-33295,feeds
P-33295,XV-33296,discharges-to
XV-33296,P-33297,discharges-to
P-33297,XV-33298,downstream-of
XV-33298,E-33299,discharges-to
E-33299,P-33300,downstream-of
P-33300,COL-33301,on-line
COL-33301,XV-33302,discharges-to
XV-33302,V-33303,feeds
PSV-33305,E-33306,upstream-of
E-33306,PSV-33307,on-line
PSV-33307,PT-33308,on-line
PT-33308,TT-33309,feeds
FCV-33310,FT-33311,upstream-of
FT-33311,COL-33312,discharges-to
COL-33312,FCV-33313,on-line
FCV-33313,K-33314,discharges-to
P-33316,FCV-33317,downstream-of
V-33318,FCV-33319,upstream-of
FCV-33319,TT-33320,feeds
TT-33320,LT-33321,on-line
LT-33321,V-33322,discharges-to
V-33324,XV-33325,discharges-to
XV-33325,V-33326,on-line
V-33326,P-33327,upstream-of
P-33327,V-33328,on-line
V-33328,FT-33329,upstream-of
TT-33330,TT-33331,feeds
TT-33331,PSV-33332,feeds
PSV-33332,PSV-33333,discharges-to
PSV-33333,LT-33334,feeds
P-33335,FCV-33336,feeds
PT-33337,FCV-33338,upstream-of
PT-33339,P-33340,feeds
E-33341,V-33342,upstream-of
V-33342,PSV-33343,upstream-of
PSV-33343,P-33344,upstream-of
P-33344,E-33345,downstream-of
E-33345,LT-33346,feeds
LT-33346,PT-33347,upstream-of
PT-33347,E-33348,discharges-to
E-33348,E-33349,feeds
E-33349,E-33350,feeds
E-33350,PSV-33351,upstream-of
FT-33352,K-33353,downstream-of
K-33353,PSV-33354,on-line
PSV-33354,FCV-33355,upstream-of
XV-33356,K-33357,feeds
K-33357,LT-33358,on-line
V-33359,K-33360,downstream-of
K-33360,E-33361,feeds
P-33363,P-33364,upstream-of
P-33365,LT-33366,feeds
LT-33366,FCV-33367,upstream-of
P-33369,COL-33370,discharges-to
COL-33370,LT-33371,upstream-of
LT-33371,K-33372,upstream-of
K-33372,LT-33373,on-line
XV-33374,K-33375,downstream-of
FCV-33376,TT-33377,discharges-to
TT-33377,LT-33378,on-line
LT-33378,XV-33379,downstream-of
XV-33379,V-33380,upstream-of
P-33382,XV-33383,downstream-of
XV-33383,COL-33384,upstream-of
COL-33384,FT-33385,feeds
FT-33385,FCV-33386,on-line
FCV-33386,PT-33387,discharges-to
XV-33388,FCV-33389,feeds
P-33391,K-33392,upstream-of
P-33393,P-33394,downstream-of
P-33394,P-33395,discharges-to
P-33395,P-33396,feeds
P-33396,FT-33397,discharges-to
FT-33397,V-33398,discharges-to
V-33398,K-33399,downstream-of
K-33399,XV-33400,discharges-to
XV-33400,K-33401,on-line
K-33401,PSV-33402,downstream-of
XV-33404,PSV-33405,downstream-of
PSV-33405,P-33406,discharges-to
K-33407,E-33408,downstream-of
P-33409,E-33410,feeds
V-33411,PSV-33412,discharges-to
K-33413,PT-33414,feeds
PT-33414,LT-33415,discharges-to
E-33416,LT-33417,on-line
LT-33417,FCV-33418,feeds
COL-33419,K-33420,discharges-to
PT-33421,P-33422,feeds
P-33422,TT-33423,on-line
TT-33423,COL-33424,on-line
COL-33424,TT-33425,downstream-of
TT-33425,PSV-33426,feeds
PSV-33426,E-33427,downstream-of
E-33427,E-33428,upstream-of
E-33428,P-33429,downstream-of
P-33429,V-33430,on-line
V-33430,E-33431,feeds
P-33434,FCV-33435,upstream-of
PT-33436,P-33437,downstream-of
V-33438,COL-33439,feeds
COL-33439,PSV-33440,discharges-to
PSV-33440,E-33441,discharges-to
E-33442,FCV-33443,upstream-of
FCV-33443,LT-33444,feeds
LT-33444,FCV-33445,upstream-of
FCV-33445,PSV-33446,feeds
PSV-33446,FCV-33447,upstream-of
LT-33448,E-33449,downstream-of
XV-33450,TT-33451,feeds
TT-33451,P-33452,downstream-of
P-33452,K-33453,downstream-of
K-33453,PSV-33454,on-line
PSV-33454,LT-33455,discharges-to
P-33456,E-33457,on-line
P-33458,FCV-33459,on-line
FCV-33459,K-33460,feeds
K-33460,V-33461,upstream-of
P-33462,P-33463,discharges-to
P-33463,P-33464,upstream-of
P-33464,V-33465,downstream-of
V-33465,P-33466,feeds
K-33467,P-33468,downstream-of
FCV-33469,FT-33470,upstream-of
FT-33470,XV-33471,upstream-of
XV-33471,LT-33472,feeds
LT-33472,COL-33473,feeds
COL-33473,FT-33474,feeds
FT-33474,FT-33475,downstream-of
FT-33475,LT-33476,feeds
LT-33476,TT-33477,feeds
E-33478,P-33479,upstream-of
P-33479,P-33480,upstream-of
FT-33482,FT-33483,upstream-of
FT-33483,V-33484,discharges-to
PSV-33485,PT-33486,upstream-of
E-33487,K-33488,feeds
K-33488,P-33489,upstream-of
P-33489,K-33490,on-line
K-33490,FCV-33491,upstream-of
FCV-33491,K-33492,upstream-of
K-33492,PT-33493,feeds
PT-33493,FCV-33494,on-line
XV-33495,P-33496,discharges-to
P-33496,COL-33497,downstream-of
COL-33497,PT-33498,discharges-to
PT-33498,TT-33499,upstream-of
PSV-33501,P-33502,upstream-of
P-33502,PT-33503,on-line
PT-33503,P-33504,on-line
P-33504,PSV-33505,on-line
V-33506,P-33507,upstream-of
E-33509,P-33510,feeds
P-33510,V-33511,discharges-to
V-33511,P-33512,upstream-of
XV-33513,K-33514,discharges-to
K-33514,TT-33515,upstream-of
TT-33515,V-33516,downstream-of
V-33516,LT-33517,upstream-of
LT-33517,V-33518,upstream-of
V-33518,TT-33519,on-line
TT-33519,P-33520,feeds
V-33523,COL-33524,feeds
XV-33525,V-33526,upstream-of
V-33526,E-33527,upstream-of
E-33527,LT-33528,feeds
LT-33528,LT-33529,discharges-to
LT-33529,XV-33530,downstream-of
V-33531,COL-33532,feeds
FT-33534,COL-33535,upstream-of
COL-33535,COL-33536,feeds
COL-33536,PT-33537,discharges-to
COL-33540,XV-33541,feeds
XV-33541,K-33542,feeds
P-33543,K-33544,upstream-of
K-33544,P-33545,downstream-of
P-33545,COL-33546,downstream-of
COL-33546,E-33547,upstream-of
E-33547,LT-33548,downstream-of
E-33549,PT-33550,feeds
PT-33550,COL-33551,feeds
FT-33553,LT-33554,feeds
LT-33554,V-33555,upstream-of
V-33555,PSV-33556,upstream-of
PSV-33556,LT-33557,discharges-to
LT-33557,PT-33558,upstream-of
COL-33559,FCV-33560,downstream-of
FCV-33560,P-33561,discharges-to
P-33561,COL-33562,discharges-to
COL-33562,P-33563,downstream-of
P-33563,E-33564,upstream-of
FT-33565,K-33566,feeds
V-33568,LT-33569,discharges-to
LT-33569,TT-33570,downstream-of
PSV-33571,P-33572,upstream-of
P-33572,V-33573,feeds
V-33573,XV-33574,upstream-of
XV-33574,FCV-33575,upstream-of
FCV-33575,COL-33576,upstream-of
COL-33576,XV-33577,discharges-to
XV-33577,PSV-33578,upstream-of
PSV-33578,PT-33579,on-line
PT-33579,XV-33580,downstream-of
FT-33581,PT-33582,feeds
PT-33582,PSV-33583,upstream-of
P-33584,COL-33585,upstream-of
V-33586,P-33587,feeds
PT-33590,FT-33591,feeds
FT-33591,FCV-33592,discharges-to
PT-33593,V-33594,on-line
E-33595,P-33596,feeds
P-33596,V-33597,on-line
V-33597,E-33598,downstream-of
E-33598,E-33599,feeds
E-33599,P-33600,upstream-of
XV-33601,COL-33602,on-line
COL-33602,LT-33603,feeds
LT-33603,FT-33604,on-line
FT-33604,TT-33605,feeds
COL-33606,COL-33607,feeds
LT-33608,PT-33609,feeds
PT-33609,XV-33610,on-line
PSV-33611,FT-33612,upstream-of
K-33613,COL-33614,on-line
P-33615,TT-33616,feeds
TT-33616,P-33617,feeds
P-33617,TT-33618,upstream-of
TT-33618,K-33619,discharges-to
K-33619,V-33620,feeds
COL-33621,K-33622,downstream-of
K-33622,FCV-33623,upstream-of
PSV-33625,PT-33626,discharges-to
PT-33626,FT-33627,discharges-to
LT-33628,P-33629,downstream-of
P-33629,V-33630,downstream-of
V-33630,E-33631,upstream-of
E-33631,E-33632,upstream-of
E-33632,P-33633,on-line
COL-33634,P-33635,upstream-of
P-33636,PSV-33637,downstream-of
PSV-33637,P-33638,feeds
PT-33639,E-33640,upstream-of
E-33640,COL-33641,downstream-of
V-33644,PT-33645,feeds
PT-33645,PSV-33646,upstream-of
PSV-33646,LT-33647,feeds
LT-33647,E-33648,downstream-of
E-33648,XV-33649,on-line
K-33650,PSV-33651,downstream-of
PSV-33651,P-33652,on-line
P-33652,V-33653,on-line
P-33654,COL-33655,downstream-of
COL-33655,PSV-33656,discharges-to
PSV-33656,K-33657,discharges-to
K-33657,E-33658,upstream-of
P-33659,E-33660,upstream-of
E-33660,K-33661,on-line
K-33661,XV-33662,feeds
XV-33662,TT-33663,upstream-of
TT-33663,FT-33664,downstream-of
FT-33664,FT-33665,discharges-to
XV-33666,FCV-33667,upstream-of
FCV-33667,XV-33668,discharges-to
XV-33668,TT-33669,on-line
TT-33669,TT-33670,on-line
TT-33670,P-33671,feeds
P-33671,XV-33672,on-line
XV-33672,PSV-33673,discharges-to
PSV-33673,FCV-33674,downstream-of
P-33675,PSV-33676,on-line
PSV-33676,PT-33677,downstream-of
PT-33677,P-33678,upstream-of
P-33679,COL-33680,downstream-of
V-33681,V-33682,feeds
V-33682,COL-33683,on-line
LT-33686,XV-33687,feeds
XV-33688,TT-33689,feeds
TT-33689,FT-33690,on-line
FT-33690,FCV-33691,discharges-to
FCV-33691,LT-33692,downstream-of
LT-33692,XV-33693,downstream-of
TT-33694,P-33695,upstream-of
PT-33696,K-33697,discharges-to
TT-33698,P-33699,downstream-of
P-33699,LT-33700,feeds
LT-33700,FCV-33701,discharges-to
COL-33702,K-33703,downstream-of
K-33703,FCV-33704,feeds
FCV-33704,LT-33705,on-line
LT-33705,P-33706,upstream-of
P-33706,PT-33707,upstream-of
PSV-33708,PT-33709,downstream-of
PT-33709,COL-33710,upstream-of
XV-33711,K-33712,on-line
V-33714,PT-33715,on-line
PT-33715,E-33716,on-line
E-33716,COL-33717,on-line
COL-33717,COL-33718,downstream-of
FT-33720,V-33721,feeds
V-33721,E-33722,on-line
E-33722,FT-33723,feeds
FT-33723,PSV-33724,discharges-to
TT-33725,V-33726,downstream-of
V-33726,XV-33727,discharges-to
XV-33727,V-33728,upstream-of
COL-33729,P-33730,feeds
FCV-33731,V-33732,feeds
V-33732,K-33733,feeds
K-33733,P-33734,upstream-of
FCV-33735,P-33736,upstream-of
P-33736,COL-33737,downstream-of
COL-33737,FT-33738,discharges-to
LT-33739,FT-33740,feeds
FT-33740,E-33741,discharges-to
K-33742,FCV-33743,downstream-of
TT-33744,FCV-33745,on-line
FCV-33745,K-33746,on-line
K-33746,V-33747,downstream-of
V-33747,FT-33748,upstream-of
FT-33748,FT-33749,downstream-of
FT-33749,K-33750,feeds
K-33750,PT-33751,feeds
PT-33751,COL-33752,feeds
COL-33752,V-33753,downstream-of
V-33753,P-33754,downstream-of
P-33754,PSV-33755,discharges-to
PSV-33755,P-33756,downstream-of
P-33757,FCV-33758,feeds
PSV-33759,P-33760,feeds
XV-33762,K-33763,upstream-of
K-33763,P-33764,feeds
FT-33765,PSV-33766,on-line
PSV-33766,XV-33767,feeds
XV-33767,E-33768,upstream-of
E-33768,PSV-33769,discharges-to
LT-33770,FT-33771,downstream-of
FT-33771,TT-33772,downstream-of
TT-33772,COL-33773,upstream-of
COL-33773,E-33774,feeds
PT-33775,P-33776,on-line
P-33776,P-33777,downstream-of
XV-33778,XV-33779,downstream-of
XV-33779,LT-33780,discharges-to
PT-33782,FT-33783,feeds
FT-33783,FCV-33784,feeds
FCV-33784,P-33785,downstream-of
P-33785,K-33786,downstream-of
K-33786,P-33787,downstream-of
P-33787,E-33788,on-line
PT-33789,FCV-33790,discharges-to
LT-33791,PT-33792,downstream-of
E-33793,XV-33794,upstream-of
XV-33794,COL-33795,discharges-to
E-33796,FT-33797,upstream-of
FT-33797,PT-33798,discharges-to
PT-33798,PT-33799,discharges-to
PT-33799,K-33800,discharges-to
K-33800,P-33801,feeds
P-33801,V-33802,downstream-of
TT-33803,FCV-33804,upstream-of
FCV-33804,TT-33805,downstream-of
TT-33805,XV-33806,upstream-of
XV-33806,V-33807,discharges-to
V-33807,FT-33808,discharges-to
FT-33808,V-33809,discharges-to
P-33811,FCV-33812,feeds
FCV-33812,XV-33813,downstream-of
XV-33813,COL-33814,on-line
COL-33814,COL-33815,discharges-to
COL-33815,P-33816,upstream-of
P-33816,XV-33817,upstream-of
XV-33817,V-33818,downstream-of
V-33818,V-33819,feeds
XV-33821,PSV-33822,on-line
PSV-33822,TT-33823,feeds
TT-33823,TT-33824,discharges-to
TT-33824,FCV-33825,downstream-of
COL-33826,XV-33827,downstream-of
XV-33827,XV-33828,feeds
XV-33828,E-33829,upstream-of
E-33829,P-33830,discharges-to
P-33830,XV-33831,on-line
TT-33832,XV-33833,feeds
XV-33835,LT-33836,on-line
LT-33836,P-33837,upstream-of
P-33837,P-33838,discharges-to
V-33839,FCV-33840,feeds
FCV-33840,P-33841,on-line
LT-33842,FCV-33843,downstream-of
FCV-33843,PT-33844,on-line
PT-33844,COL-33845,feeds
COL-33845,PSV-33846,discharges-to
PSV-33846,PSV-33847,discharges-to
PSV-33847,E-33848,discharges-to
E-33848,COL-33849,downstream-of
TT-33850,E-33851,feeds
LT-33852,P-33853,downstream-of
P-33855,PT-33856,upstream-of
PT-33856,FT-33857,feeds
FT-33857,COL-33858,on-line
COL-33858,FCV-33859,feeds
FCV-33859,P-33860,upstream-of
P-33860,COL-33861,feeds
TT-33862,PSV-33863,feeds
COL-33867,TT-33868,discharges-to
P-33869,E-33870,upstream-of
E-33870,PT-33871,feeds
PT-33871,TT-33872,upstream-of
TT-33872,K-33873,upstream-of
K-33873,COL-33874,downstream-of
COL-33874,XV-33875,on-line
COL-33876,E-33877,upstream-of
PT-33879,E-33880,feeds
E-33880,TT-33881,upstream-of
TT-33881,E-33882,on-line
E-33882,E-33883,downstream-of
E-33883,PT-33884,on-line
XV-33885,COL-33886,downstream-of
COL-33886,FCV-33887,discharges-to
FCV-33887,LT-33888,upstream-of
TT-33889,PT-33890,upstream-of
PT-33890,PT-33891,feeds
PT-33891,E-33892,discharges-to
E-33892,P-33893,feeds
P-33894,P-33895,on-line
P-33895,COL-33896,discharges-to
COL-33896,FCV-33897,discharges-to
FCV-33897,TT-33898,on-line
LT-33900,TT-33901,discharges-to
TT-33901,TT-33902,on-line
E-33903,E-33904,on-line
E-33904,XV-33905,downstream-of
XV-33905,PT-33906,upstream-of
LT-33907,LT-33908,on-line
LT-33908,LT-33909,on-line
LT-33909,LT-33910,feeds
LT-33910,COL-33911,upstream-of
COL-33911,E-33912,discharges-to
E-33912,PT-33913,discharges-to
PT-33913,XV-33914,feeds
XV-33914,P-33915,feeds
P-33915,P-33916,upstream-of
P-33916,TT-33917,on-line
TT-33917,TT-33918,feeds
TT-33918,E-33919,upstream-of
E-33919,V-33920,feeds
COL-33921,PT-33922,discharges-to
PT-33922,XV-33923,feeds
XV-33923,FCV-33924,upstream-of
LT-33925,FT-33926,feeds
P-33928,P-33929,downstream-of
P-33929,PT-33930,upstream-of
PT-33930,PT-33931,feeds
TT-33932,PSV-33933,discharges-to
PSV-33933,V-33934,discharges-to
V-33934,COL-33935,upstream-of
COL-33935,FT-33936,on-line
FT-33936,PT-33937,on-line
PT-33937,COL-33938,on-line
COL-33938,P-33939,downstream-of
P-33939,E-33940,discharges-to
E-33940,LT-33941,downstream-of
E-33944,PSV-33945,discharges-to
PSV-33945,FCV-33946,feeds
FCV-33946,TT-33947,on-line
TT-33947,TT-33948,downstream-of
TT-33948,K-33949,feeds
K-33949,PSV-33950,on-line
PSV-33950,P-33951,upstream-of
PSV-33952,FCV-33953,upstream-of
FCV-33953,V-33954,feeds
V-33954,V-33955,discharges-to
V-33955,PSV-33956,feeds
PSV-33956,XV-33957,feeds
XV-33957,P-33958,feeds
P-33958,K-33959,downstream-of
P-33960,COL-33961,feeds
XV-33962,V-33963,discharges-to
V-33963,E-33964,feeds
E-33964,K-33965,on-line
K-33965,V-33966,on-line
LT-33967,LT-33968,feeds
LT-33968,PT-33969,feeds
COL-33970,TT-33971,feeds
TT-33971,PT-33972,on-line
PT-33972,E-33973,on-line
COL-33974,P-33975,discharges-to
K-33976,COL-33977,feeds
COL-33977,TT-33978,downstream-of
TT-33978,PT-33979,discharges-to
PT-33979,XV-33980,discharges-to
FT-33982,K-33983,feeds
P-33984,V-33985,downstream-of
V-33985,COL-33986,on-line
FCV-33987,XV-33988,on-line
XV-33988,TT-33989,feeds
FCV-33990,FCV-33991,on-line
FCV-33991,PT-33992,on-line
PT-33992,COL-33993,upstream-of
COL-33993,COL-33994,on-line
V-33996,P-33997,upstream-of
P-33997,FT-33998,on-line
FT-33998,V-33999,on-line
V-33999,FT-34000,upstream-of
FT-34001,FCV-34002,downstream-of
FCV-34002,E-34003,feeds
E-34003,P-34004,feeds
PT-34006,XV-34007,feeds
XV-34007,E-34008,discharges-to
FT-34013,PT-34014,feeds
FT-34016,K-34017,discharges-to
K-34017,P-34018,upstream-of
P-34018,V-34019,upstream-of
V-34019,XV-34020,feeds
LT-34022,PSV-34023,downstream-of
TT-34024,XV-34025,upstream-of
XV-34025,COL-34026,on-line
PSV-34028,E-34029,feeds
E-34029,PT-34030,on-line
TT-34031,FT-34032,downstream-of
FCV-34033,K-34034,downstream-of
FCV-34035,LT-34036,discharges-to
TT-34038,FCV-34039,downstream-of
FCV-34039,FCV-34040,discharges-to
FCV-34040,E-34041,on-line
COL-34042,FT-34043,discharges-to
FT-34043,FT-34044,upstream-of
FT-34044,K-34045,upstream-of
PSV-34046,LT-34047,upstream-of
LT-34047,FCV-34048,discharges-to
FCV-34048,FCV-34049,feeds
FCV-34049,K-34050,on-line
K-34050,XV-34051,discharges-to
TT-34052,V-34053,on-line
K-34058,PSV-34059,feeds
COL-34060,P-34061,on-line
P-34061,LT-34062,discharges-to
E-34063,FT-34064,feeds
V-34067,P-34068,upstream-of
P-34068,PSV-34069,downstream-of
PSV-34069,P-34070,discharges-to
P-34070,V-34071,discharges-to
PT-34072,TT-34073,feeds
V-34076,V-34077,feeds
V-34077,PSV-34078,on-line
PSV-34078,E-34079,discharges-to
E-34079,PSV-34080,discharges-to
PSV-34080,XV-34081,on-line
XV-34081,P-34082,upstream-of
XV-34083,FCV-34084,on-line
FCV-34084,TT-34085,discharges-to
TT-34085,LT-34086,upstream-of
LT-34086,V-34087,on-line
FT-34088,K-34089,discharges-to
K-34089,COL-34090,discharges-to
COL-34090,LT-34091,feeds
LT-34091,FCV-34092,downstream-of
FCV-34092,PT-34093,downstream-of
PT-34093,E-34094,on-line
E-34094,P-34095,on-line
P-34095,P-34096,upstream-of
P-34096,E-34097,downstream-of
E-34097,PT-34098,feeds
PT-34098,XV-34099,discharges-to
XV-34099,P-34100,upstream-of
P-34100,V-34101,discharges-to
V-34101,P-34102,downstream-of
P-34102,PT-34103,discharges-to
LT-34104,TT-34105,upstream-of
TT-34105,PT-34106,on-line
PT-34106,TT-34107,downstream-of
XV-34109,P-34110,on-line
P-34110,PSV-34111,discharges-to
PSV-34111,XV-34112,feeds
XV-34112,PSV-34113,discharges-to
V-34114,K-34115,discharges-to
K-34115,V-34116,on-line
FCV-34120,E-34121,downstream-of
E-34121,P-34122,downstream-of
P-34122,FCV-34123,discharges-to
FCV-34123,XV-34124,feeds
XV-34124,FCV-34125,downstream-of
COL-34127,FT-34128,discharges-to
FT-34128,FCV-34129,on-line
FCV-34129,TT-34130,on-line
TT-34130,PT-34131,upstream-of
PT-34131,V-34132,downstream-of
COL-34133,P-34134,discharges-to
P-34134,V-34135,downstream-of
V-34135,LT-34136,on-line
LT-34136,E-34137,feeds
FT-34138,PSV-34139,feeds
PSV-34139,PT-34140,on-line
XV-34141,FCV-34142,downstream-of
FCV-34142,FCV-34143,feeds
FCV-34143,PT-34144,upstream-of
PT-34144,TT-34145,upstream-of
PSV-34146,PSV-34147,upstream-of
PSV-34147,FT-34148,downstream-of
FCV-34150,LT-34151,downstream-of
LT-34151,FT-34152,discharges-to
FT-34152,V-34153,downstream-of
V-34153,TT-34154,discharges-to
PT-34155,TT-34156,upstream-of
TT-34156,P-34157,downstream-of
P-34157,COL-34158,feeds
COL-34158,V-34159,upstream-of
V-34159,FT-34160,discharges-to
FT-34160,P-34161,upstream-of
P-34161,COL-34162,upstream-of
COL-34162,P-34163,discharges-to
LT-34165,P-34166,discharges-to
LT-34168,E-34169,on-line
E-34169,PSV-34170,feeds
PSV-34170,P-34171,feeds
V-34173,COL-34174,on-line
COL-34174,P-34175,feeds
P-34175,P-34176,downstream-of
V-34177,K-34178,upstream-of
K-34178,XV-34179,on-line
XV-34179,K-34180,on-line
K-34180,XV-34181,discharges-to
XV-34181,FCV-34182,feeds
PT-34184,TT-34185,discharges-to
TT-34185,TT-34186,upstream-of
K-34190,V-34191,discharges-to
P-34194,PT-34195,discharges-to
PT-34195,PT-34196,feeds
PT-34196,P-34197,upstream-of
P-34197,FT-34198,on-line
FT-34198,FCV-34199,feeds
LT-34200,K-34201,on-line
P-34203,E-34204,upstream-of
LT-34205,PT-34206,on-line
TT-34211,E-34212,feeds
E-34212,COL-34213,downstream-of
V-34214,LT-34215,upstream-of
LT-34215,E-34216,on-line
E-34216,E-34217,upstream-of
E-34217,PSV-34218,downstream-of
P-34220,K-34221,discharges-to
K-34221,COL-34222,upstream-of
PT-34226,PT-34227,upstream-of
LT-34228,V-34229,discharges-to
TT-34230,XV-34231,downstream-of
P-34233,COL-34234,discharges-to
COL-34234,PT-34235,upstream-of
PT-34235,FCV-34236,feeds
FCV-34236,PSV-34237,downstream-of
PSV-34237,V-34238,discharges-to
PT-34239,P-34240,upstream-of
P-34240,PSV-34241,downstream-of
PSV-34241,PT-34242,discharges-to
PT-34242,LT-34243,feeds
LT-34243,E-34244,feeds
E-34244,P-34245,upstream-of
P-34245,V-34246,feeds
V-34246,TT-34247,on-line
TT-34247,E-34248,upstream-of
E-34248,LT-34249,feeds
FCV-34251,FCV-34252,downstream-of
FCV-34252,XV-34253,feeds
XV-34253,E-34254,upstream-of
P-34257,PT-34258,discharges-to
PT-34258,TT-34259,discharges-to
TT-34259,P-34260,discharges-to
PT-34261,K-34262,feeds
K-34262,PSV-34263,upstream-of
PSV-34263,PT-34264,on-line
PT-34264,FT-34265,discharges-to
FT-34265,V-34266,discharges-to
FT-34267,PSV-34268,on-line
PSV-34268,COL-34269,feeds
COL-34269,K-34270,downstream-of
K-34270,K-34271,discharges-to
K-34271,PT-34272,on-line
PT-34272,K-34273,upstream-of
LT-34277,LT-34278,discharges-to
TT-34279,K-34280,discharges-to
K-34280,FT-34281,discharges-to
FT-34281,FT-34282,discharges-to
FT-34282,LT-34283,on-line
LT-34283,K-34284,feeds
FCV-34287,V-34288,feeds
V-34288,V-34289,on-line
V-34289,P-34290,on-line
TT-34291,LT-34292,downstream-of
LT-34292,FT-34293,on-line
FCV-34294,V-34295,discharges-to
V-34295,FCV-34296,discharges-to
FCV-34296,K-34297,downstream-of
K-34297,COL-34298,feeds
FCV-34299,LT-34300,downstream-of
LT-34300,TT-34301,discharges-to
TT-34301,K-34302,downstream-of
K-34302,TT-34303,upstream-of
V-34304,PT-34305,downstream-of
TT-34308,COL-34309,on-line
COL-34309,FT-34310,feeds
FT-34310,TT-34311,discharges-to
TT-34311,COL-34312,upstream-of
LT-34313,FT-34314,upstream-of
TT-34315,FT-34316,discharges-to
COL-34317,P-34318,feeds
K-34323,TT-34324,upstream-of
TT-34324,E-34325,discharges-to
E-34325,COL-34326,downstream-of
COL-34326,P-34327,on-line
P-34327,FCV-34328,discharges-to
FCV-34328,P-34329,downstream-of
P-34329,FCV-34330,on-line
E-34331,LT-34332,downstream-of
E-34333,P-34334,downstream-of
P-34334,K-34335,feeds
K-34335,P-34336,feeds
P-34336,E-34337,feeds
P-34338,V-34339,feeds
V-34339,FCV-34340,feeds
FCV-34340,P-34341,downstream-of
P-34341,P-34342,upstream-of
PSV-34344,P-34345,feeds
P-34345,PSV-34346,downstream-of
PSV-34346,PSV-34347,on-line
FCV-34349,FT-34350,feeds
XV-34351,FCV-34352,upstream-of
FCV-34352,K-34353,feeds
XV-34355,PT-34356,upstream-of
PT-34356,PT-34357,feeds
PT-34357,P-34358,downstream-of
P-34358,XV-34359,downstream-of
XV-34359,K-34360,downstream-of
TT-34362,LT-34363,feeds
FT-34364,TT-34365,on-line
TT-34365,FT-34366,downstream-of
FT-34366,XV-34367,discharges-to
V-34368,FCV-34369,upstream-of
PSV-34370,LT-34371,downstream-of
LT-34371,FCV-34372,downstream-of
FCV-34372,LT-34373,on-line
LT-34373,PSV-34374,discharges-to
PSV-34374,TT-34375,on-line
TT-34375,XV-34376,upstream-of
XV-34376,FT-34377,upstream-of
FT-34377,XV-34378,feeds
XV-34378,COL-34379,discharges-to
COL-34379,XV-34380,feeds
P-34381,V-34382,feeds
LT-34383,XV-34384,feeds
V-34386,K-34387,discharges-to
K-34387,E-34388,discharges-to
P-34389,FT-34390,upstream-of
FT-34390,E-34391,on-line
PSV-34392,P-34393,discharges-to
P-34393,PSV-34394,discharges-to
FT-34395,LT-34396,feeds
E-34397,TT-34398,on-line
TT-34398,PT-34399,upstream-of
PT-34399,K-34400,feeds
P-34401,V-34402,discharges-to
P-34403,XV-34404,on-line
XV-34404,TT-34405,feeds
TT-34405,COL-34406,upstream-of
COL-34406,XV-34407,feeds
XV-34407,FT-34408,downstream-of
FT-34408,LT-34409,on-line
LT-34409,FT-34410,upstream-of
FT-34410,FCV-34411,downstream-of
FCV-34411,PSV-34412,on-line
PSV-34412,E-34413,discharges-to
E-34413,P-34414,on-line
P-34414,XV-34415,feeds
XV-34415,PSV-34416,on-line
LT-34417,PSV-34418,feeds
PSV-34418,V-34419,upstream-of
V-34419,K-34420,on-line
FCV-34421,FCV-34422,feeds
FCV-34422,K-34423,on-line
K-34423,V-34424,discharges-to
P-34427,V-34428,feeds
V-34429,PSV-34430,downstream-of
PSV-34430,XV-34431,discharges-to
XV-34431,E-34432,feeds
E-34432,K-34433,downstream-of
K-34433,K-34434,discharges-to
K-34434,P-34435,discharges-to
XV-34436,TT-34437,downstream-of
TT-34437,P-34438,feeds
P-34438,TT-34439,feeds
TT-34439,P-34440,discharges-to
FCV-34441,E-34442,downstream-of
P-34443,FCV-34444,on-line
FCV-34444,V-34445,on-line
V-34445,TT-34446,discharges-to
TT-34446,FCV-34447,upstream-of
FCV-34447,FT-34448,on-line
FCV-34449,PSV-34450,discharges-to
FT-34452,XV-34453,on-line
XV-34453,PSV-34454,downstream-of
E-34456,E-34457,feeds
E-34457,TT-34458,on-line
PT-34459,TT-34460,feeds
COL-34461,PT-34462,on-line
TT-34463,TT-34464,upstream-of
TT-34464,K-34465,upstream-of
LT-34467,FCV-34468,feeds
FCV-34468,E-34469,downstream-of
E-34469,FCV-34470,downstream-of
FCV-34470,LT-34471,downstream-of
LT-34471,COL-34472,downstream-of
TT-34473,TT-34474,upstream-of
FT-34475,P-34476,upstream-of
P-34476,E-34477,feeds
FT-34480,K-34481,on-line
E-34482,P-34483,discharges-to
P-34486,E-34487,on-line
E-34487,LT-34488,upstream-of
LT-34488,K-34489,on-line
K-34489,FCV-34490,downstream-of
FCV-34490,XV-34491,feeds
XV-34491,COL-34492,downstream-of
COL-34492,FCV-34493,downstream-of
FCV-34493,TT-34494,on-line
TT-34494,PSV-34495,downstream-of
PSV-34495,TT-34496,feeds
XV-34497,E-34498,upstream-of
E-34498,P-34499,discharges-to
P-34499,K-34500,feeds
K-34500,P-34501,discharges-to
P-34501,LT-34502,upstream-of
LT-34502,P-34503,feeds
P-34503,LT-34504,discharges-to
LT-34504,V-34505,downstream-of
COL-34509,P-34510,downstream-of
COL-34511,FT-34512,downstream-of
FT-34512,XV-34513,discharges-to
XV-34513,LT-34514,downstream-of
LT-34514,LT-34515,discharges-to
V-34517,TT-34518,discharges-to
TT-34518,K-34519,on-line
K-34519,LT-34520,discharges-to
LT-34520,COL-34521,on-line
COL-34521,XV-34522,on-line
XV-34522,LT-34523,downstream-of
LT-34523,PT-34524,on-line
PT-34524,LT-34525,on-line
E-34527,COL-34528,discharges-to
XV-34529,FCV-34530,discharges-to
K-34531,E-34532,discharges-to
E-34532,TT-34533,on-line
FCV-34534,LT-34535,on-line
LT-34535,XV-34536,downstream-of
XV-34536,FT-34537,on-line
FT-34537,V-34538,upstream-of
V-34538,FT-34539,downstream-of
FT-34539,V-34540,feeds
V-34540,V-34541,downstream-of
V-34541,TT-34542,feeds
TT-34542,COL-34543,upstream-of
FT-34544,V-34545,on-line
V-34545,PSV-34546,discharges-to
FT-34547,FT-34548,upstream-of
FT-34548,FCV-34549,upstream-of
FCV-34549,LT-34550,feeds
LT-34550,K-34551,feeds
TT-34553,V-34554,feeds
V-34554,PSV-34555,upstream-of
PSV-34555,P-34556,discharges-to
P-34556,LT-34557,feeds
LT-34557,V-34558,upstream-of
V-34558,PSV-34559,on-line
FT-34562,PT-34563,feeds
PT-34564,TT-34565,downstream-of
E-34567,P-34568,feeds
E-34569,LT-34570,on-line
COL-34571,LT-34572,upstream-of
FCV-34573,FT-34574,upstream-of
P-34577,PT-34578,feeds
PT-34578,XV-34579,discharges-to
LT-34580,COL-34581,feeds
COL-34581,K-34582,discharges-to
K-34582,FT-34583,on-line
PT-34584,COL-34585,discharges-to
COL-34585,P-34586,downstream-of
FCV-34587,E-34588,upstream-of
E-34588,FCV-34589,discharges-to
FCV-34589,LT-34590,feeds
LT-34590,V-34591,downstream-of
V-34591,TT-34592,discharges-to
FCV-34595,P-34596,upstream-of
P-34596,FCV-34597,discharges-to
FCV-34597,LT-34598,on-line
LT-34598,COL-34599,discharges-to
COL-34599,FCV-34600,feeds
FT-34601,PSV-34602,feeds
PSV-34602,FCV-34603,downstream-of
P-34605,K-34606,feeds
K-34606,P-34607,discharges-to
P-34607,E-34608,discharges-to
P-34609,PT-34610,downstream-of
PT-34610,FT-34611,downstream-of
PT-34612,PSV-34613,discharges-to
PSV-34613,XV-34614,discharges-to
PT-34615,TT-34616,feeds
TT-34616,V-34617,feeds
V-34617,K-34618,discharges-to
K-34618,E-34619,on-line
E-34619,P-34620,feeds
P-34620,TT-34621,on-line
TT-34621,LT-34622,downstream-of
P-34623,P-34624,downstream-of
P-34624,E-34625,downstream-of
E-34625,V-34626,upstream-of
TT-34627,P-34628,discharges-to
LT-34629,P-34630,discharges-to
P-34630,LT-34631,upstream-of
E-34632,P-34633,upstream-of
TT-34634,PT-34635,feeds
PT-34635,FT-34636,upstream-of
FT-34636,PSV-34637,upstream-of
XV-34639,LT-34640,feeds
FCV-34641,K-34642,upstream-of
COL-34644,V-34645,discharges-to
V-34645,TT-34646,on-line
PSV-34648,LT-34649,feeds
XV-34650,PT-34651,downstream-of
P-34652,P-34653,downstream-of
XV-34654,FT-34655,upstream-of
P-34657,TT-34658,upstream-of
TT-34658,FT-34659,discharges-to
TT-34661,XV-34662,downstream-of
TT-34663,LT-34664,feeds
FCV-34665,FT-34666,downstream-of
COL-34669,P-34670,downstream-of
P-34670,P-34671,on-line
P-34671,XV-34672,discharges-to
FT-34675,COL-34676,discharges-to
COL-34677,E-34678,downstream-of
PSV-34679,FCV-34680,upstream-of
FCV-34680,COL-34681,feeds
COL-34681,E-34682,upstream-of
P-34683,P-34684,on-line
K-34685,P-34686,upstream-of
P-34686,PSV-34687,feeds
PSV-34687,P-34688,feeds
PSV-34689,FT-34690,downstream-of
FT-34692,PT-34693,discharges-to
PT-34693,LT-34694,feeds
LT-34694,FCV-34695,feeds
FCV-34695,LT-34696,upstream-of
P-34700,P-34701,on-line
P-34701,COL-34702,feeds
FT-34705,FCV-34706,downstream-of
FCV-34706,K-34707,discharges-to
K-34707,P-34708,discharges-to
XV-34709,LT-34710,on-line
LT-34710,E-34711,on-line
E-34711,V-34712,upstream-of
V-34712,COL-34713,on-line
COL-34713,XV-34714,upstream-of
XV-34714,K-34715,on-line
K-34715,TT-34716,on-line
XV-34717,PT-34718,feeds
PT-34718,E-34719,discharges-to
E-34719,P-34720,upstream-of
P-34720,LT-34721,discharges-to
LT-34721,K-34722,discharges-to
P-34723,P-34724,downstream-of
P-34724,FCV-34725,on-line
FCV-34725,V-34726,downstream-of
FT-34727,E-34728,downstream-of
E-34728,PT-34729,feeds
TT-34730,LT-34731,downstream-of
LT-34731,P-34732,on-line
P-34732,K-34733,feeds
K-34733,P-34734,feeds
P-34734,FT-34735,downstream-of
FT-34735,P-34736,on-line
P-34737,P-34738,downstream-of
P-34738,P-34739,upstream-of
P-34739,FT-34740,downstream-of
P-34742,FCV-34743,upstream-of
PT-34744,FT-34745,upstream-of
FT-34745,E-34746,discharges-to
E-34746,K-34747,discharges-to
K-34747,FT-34748,downstream-of
FT-34748,P-34749,on-line
P-34749,TT-34750,upstream-of
TT-34750,E-34751,discharges-to
E-34751,P-34752,feeds
P-34752,TT-34753,discharges-to
COL-34754,TT-34755,on-line
TT-34755,LT-34756,on-line
LT-34756,FCV-34757,upstream-of
FCV-34757,PT-34758,on-line
V-34759,COL-34760,downstream-of
COL-34760,XV-34761,downstream-of
XV-34761,PSV-34762,discharges-to
PSV-34762,PT-34763,downstream-of
PT-34763,PT-34764,upstream-of
PT-34764,PSV-34765,feeds
TT-34766,P-34767,upstream-of
P-34768,K-34769,feeds
K-34769,TT-34770,downstream-of
TT-34770,PSV-34771,discharges-to
COL-34772,XV-34773,on-line
P-34775,COL-34776,on-line
XV-34777,PSV-34778,feeds
PT-34779,E-34780,feeds
XV-34781,PSV-34782,discharges-to
PSV-34782,FT-34783,downstream-of
FT-34783,V-34784,feeds
LT-34785,P-34786,on-line
P-34786,TT-34787,upstream-of
TT-34787,P-34788,upstream-of
TT-34791,XV-34792,on-line
XV-34792,LT-34793,discharges-to
LT-34793,P-34794,upstream-of
K-34795,XV-34796,upstream-of
FCV-34797,K-34798,on-line
K-34798,P-34799,upstream-of
P-34799,PT-34800,downstream-of
PT-34800,K-34801,upstream-of
K-34801,XV-34802,upstream-of
XV-34802,FT-34803,discharges-to
FT-34803,TT-34804,discharges-to
TT-34804,XV-34805,on-line
XV-34805,PSV-34806,on-line
FT-34812,PT-34813,upstream-of
PT-34813,TT-34814,upstream-of
PSV-34815,E-34816,upstream-of
E-34816,XV-34817,feeds
COL-34818,P-34819,feeds
P-34819,COL-34820,upstream-of
XV-34821,V-34822,downstream-of
V-34822,E-34823,discharges-to
E-34823,E-34824,on-line
E-34824,K-34825,discharges-to
K-34825,COL-34826,feeds
COL-34826,PT-34827,discharges-to
PT-34827,FCV-34828,downstream-of
FCV-34828,PSV-34829,feeds
PSV-34829,P-34830,upstream-of
P-34830,E-34831,discharges-to
E-34831,LT-34832,upstream-of
LT-34832,PT-34833,upstream-of
PT-34833,PT-34834,feeds
PT-34834,XV-34835,feeds
K-34836,P-34837,feeds
P-34837,FCV-34838,upstream-of
FCV-34838,E-34839,discharges-to
V-34841,XV-34842,feeds
LT-34843,V-34844,upstream-of
V-34844,PSV-34845,upstream-of
PSV-34845,K-34846,upstream-of
K-34846,XV-34847,upstream-of
XV-34847,P-34848,on-line
P-34848,FT-34849,upstream-of
FT-34849,FT-34850,downstream-of
K-34851,V-34852,discharges-to
V-34852,COL-34853,on-line
COL-34853,TT-34854,upstream-of
TT-34854,FT-34855,on-line
FT-34855,PSV-34856,feeds
PSV-34856,XV-34857,upstream-of
XV-34857,P-34858,downstream-of
P-34858,V-34859,discharges-to
V-34859,FCV-34860,on-line
FCV-34860,TT-34861,discharges-to
TT-34861,P-34862,on-line
P-34863,V-34864,downstream-of
V-34864,P-34865,feeds
P-34865,V-34866,discharges-to
V-34866,E-34867,discharges-to
P-34868,PSV-34869,on-line
PSV-34869,LT-34870,on-line
FT-34872,PSV-34873,discharges-to
FCV-34875,FT-34876,upstream-of
E-34877,LT-34878,downstream-of
LT-34878,P-34879,on-line
P-34879,COL-34880,on-line
PSV-34881,PSV-34882,upstream-of
FCV-34884,PT-34885,upstream-of
PT-34885,PT-34886,downstream-of
PT-34886,FCV-34887,feeds
FCV-34888,P-34889,upstream-of
XV-34890,P-34891,downstream-of
P-34891,FT-34892,discharges-to
FT-34892,P-34893,downstream-of
P-34893,FCV-34894,on-line
FCV-34894,COL-34895,upstream-of
COL-34895,K-34896,discharges-to
K-34896,V-34897,feeds
FCV-34898,FCV-34899,on-line
FCV-34899,FT-34900,on-line
PSV-34901,PSV-34902,feeds
P-34903,COL-34904,upstream-of
COL-34904,PT-34905,discharges-to
FCV-34908,V-34909,feeds
XV-34910,P-34911,downstream-of
P-34911,K-34912,upstream-of
K-34912,PSV-34913,upstream-of
PSV-34913,E-34914,discharges-to
E-34914,P-34915,downstream-of
P-34915,E-34916,downstream-of
E-34916,PT-34917,downstream-of
P-34919,P-34920,on-line
V-34921,K-34922,on-line
K-34922,PT-34923,on-line
FT-34924,P-34925,feeds
P-34925,LT-34926,downstream-of
LT-34926,FT-34927,upstream-of
FT-34927,XV-34928,on-line
XV-34928,FCV-34929,downstream-of
FCV-34929,P-34930,downstream-of
TT-34931,E-34932,upstream-of
E-34932,LT-34933,upstream-of
LT-34933,V-34934,on-line
V-34934,LT-34935,discharges-to
LT-34935,PSV-34936,upstream-of
PSV-34936,P-34937,discharges-to
P-34937,V-34938,discharges-to
P-34939,TT-34940,on-line
TT-34940,V-34941,feeds
V-34941,P-34942,upstream-of
K-34943,FCV-34944,on-line
FCV-34944,XV-34945,discharges-to
XV-34945,K-34946,downstream-of
K-34946,FT-34947,downstream-of
PSV-34948,XV-34949,downstream-of
XV-34949,P-34950,discharges-to
XV-34953,PSV-34954,downstream-of
PSV-34954,V-34955,discharges-to
V-34955,V-34956,upstream-of
V-34956,FT-34957,discharges-to
P-34960,E-34961,on-line
P-34962,FCV-34963,downstream-of
FCV-34963,P-34964,feeds
P-34964,FCV-34965,on-line
FCV-34965,COL-34966,downstream-of
COL-34966,FT-34967,upstream-of
FT-34967,LT-34968,feeds
PT-34969,K-34970,on-line
K-34970,P-34971,feeds
P-34971,COL-34972,downstream-of
COL-34972,COL-34973,discharges-to
COL-34973,XV-34974,downstream-of
XV-34974,PSV-34975,feeds
PSV-34975,PSV-34976,discharges-to
PSV-34976,P-34977,on-line
P-34977,PSV-34978,discharges-to
PSV-34978,PSV-34979,on-line
PSV-34979,V-34980,upstream-of
V-34980,PT-34981,discharges-to
V-34983,COL-34984,upstream-of
COL-34984,P-34985,on-line
P-34985,V-34986,feeds
V-34986,XV-34987,discharges-to
XV-34987,V-34988,downstream-of
V-34988,PT-34989,on-line
XV-34990,P-34991,upstream-of
FT-34992,PSV-34993,on-line
PSV-34993,E-34994,discharges-to
E-34994,LT-34995,on-line
LT-34995,FCV-34996,discharges-to
FCV-34996,PSV-34997,discharges-to
PSV-34997,V-34998,on-line
PT-35000,COL-35001,upstream-of
COL-35001,K-35002,on-line
V-35005,COL-35006,feeds
COL-35006,TT-35007,feeds
TT-35007,P-35008,feeds
P-35008,FT-35009,on-line
E-35011,COL-35012,discharges-to
COL-35012,PSV-35013,on-line
PSV-35014,PSV-35015,discharges-to
PSV-35015,TT-35016,upstream-of
V-35017,XV-35018,feeds
XV-35018,XV-35019,downstream-of
XV-35019,TT-35020,on-line
TT-35020,LT-35021,upstream-of
E-35023,XV-35024,feeds
XV-35024,TT-35025,on-line
TT-35025,FCV-35026,discharges-to
PSV-35027,PSV-35028,feeds
XV-35030,PSV-35031,upstream-of
PSV-35031,COL-35032,discharges-to
P-35033,PT-35034,on-line
PT-35034,TT-35035,downstream-of
TT-35035,COL-35036,upstream-of
COL-35036,COL-35037,discharges-to
COL-35038,XV-35039,upstream-of
XV-35039,K-35040,on-line
PSV-35041,E-35042,discharges-to
E-35042,FCV-35043,discharges-to
FCV-35043,P-35044,discharges-to
P-35044,E-35045,downstream-of
E-35045,PSV-35046,downstream-of
PSV-35046,P-35047,feeds
P-35047,XV-35048,downstream-of
XV-35048,V-35049,upstream-of
E-35050,XV-35051,discharges-to
XV-35051,PSV-35052,upstream-of
PSV-35053,LT-35054,discharges-to
PSV-35055,FT-35056,on-line
LT-35057,PSV-35058,discharges-to
PSV-35058,V-35059,discharges-to
V-35059,P-35060,feeds
COL-35061,LT-35062,downstream-of
LT-35062,P-35063,downstream-of
P-35063,FT-35064,upstream-of
PT-35065,E-35066,feeds
E-35066,P-35067,upstream-of
P-35067,E-35068,feeds
K-35069,P-35070,downstream-of
FT-35071,TT-35072,upstream-of
TT-35072,E-35073,feeds
E-35073,PT-35074,on-line
V-35075,TT-35076,downstream-of
P-35077,FCV-35078,feeds
FCV-35078,FCV-35079,discharges-to
FCV-35079,LT-35080,upstream-of
LT-35080,PSV-35081,feeds
PSV-35081,K-35082,feeds
K-35082,P-35083,downstream-of
P-35083,V-35084,on-line
V-35084,K-35085,discharges-to
K-35085,K-35086,upstream-of
E-35088,FCV-35089,downstream-of
FCV-35089,FCV-35090,downstream-of
P-35091,XV-35092,discharges-to
XV-35092,TT-35093,feeds
TT-35093,TT-35094,upstream-of
TT-35094,K-35095,feeds
K-35095,PSV-35096,feeds
PSV-35096,PSV-35097,downstream-of
PSV-35097,P-35098,downstream-of
P-35098,LT-35099,discharges-to
LT-35099,FT-35100,downstream-of
FT-35100,COL-35101,upstream-of
COL-35101,K-35102,downstream-of
K-35102,P-35103,feeds
P-35103,COL-35104,downstream-of
COL-35104,P-35105,upstream-of
K-35107,LT-35108,on-line
LT-35108,E-35109,on-line
E-35109,TT-35110,discharges-to
E-35111,PSV-35112,downstream-of
PSV-35112,COL-35113,downstream-of
COL-35113,E-35114,discharges-to
E-35114,E-35115,feeds
E-35116,PSV-35117,feeds
PSV-35117,PT-35118,upstream-of
V-35120,E-35121,upstream-of
E-35121,E-35122,feeds
E-35122,PT-35123,on-line
PSV-35124,FCV-35125,discharges-to
FCV-35125,K-35126,downstream-of
K-35126,K-35127,feeds
K-35127,K-35128,feeds
K-35128,XV-35129,feeds
P-35130,K-35131,on-line
K-35131,PT-35132,feeds
COL-35133,XV-35134,feeds
K-35135,P-35136,on-line
P-35136,PSV-35137,discharges-to
PSV-35137,TT-35138,on-line
TT-35138,K-35139,downstream-of
K-35139,FT-35140,upstream-of
FT-35140,XV-35141,feeds
XV-35141,PT-35142,feeds
PT-35142,XV-35143,discharges-to
XV-35143,TT-35144,on-line
COL-35145,PSV-35146,downstream-of
PSV-35146,XV-35147,discharges-to
LT-35148,P-35149,downstream-of
TT-35150,COL-35151,feeds
LT-35152,K-35153,upstream-of
K-35153,COL-35154,upstream-of
COL-35154,PSV-35155,upstream-of
V-35156,P-35157,discharges-to
P-35157,K-35158,downstream-of
FT-35159,P-35160,downstream-of
E-35161,LT-35162,downstream-of
LT-35162,E-35163,on-line
PT-35164,XV-35165,upstream-of
XV-35165,PSV-35166,upstream-of
PSV-35166,P-35167,discharges-to
P-35167,FT-35168,discharges-to
TT-35169,P-35170,downstream-of
P-35170,P-35171,upstream-of
P-35171,K-35172,downstream-of
K-35172,P-35173,discharges-to
P-35173,XV-35174,upstream-of
E-35177,K-35178,downstream-of
K-35178,LT-35179,discharges-to
LT-35179,V-35180,on-line
FT-35181,PT-35182,downstream-of
XV-35185,P-35186,on-line
P-35186,COL-35187,feeds
COL-35188,PT-35189,upstream-of
P-35190,FCV-35191,discharges-to
E-35192,K-35193,discharges-to
K-35193,XV-35194,discharges-to
V-35198,P-35199,on-line
P-35199,V-35200,discharges-to
K-35202,K-35203,downstream-of
K-35203,PSV-35204,discharges-to
PSV-35204,FCV-35205,feeds
FCV-35205,XV-35206,downstream-of
XV-35206,PSV-35207,discharges-to
LT-35208,TT-35209,upstream-of
E-35212,P-35213,on-line
P-35213,K-35214,feeds
K-35214,PT-35215,downstream-of
PT-35215,PT-35216,downstream-of
P-35217,P-35218,feeds
P-35218,XV-35219,upstream-of
P-35220,FCV-35221,discharges-to
XV-35223,PT-35224,discharges-to
PT-35224,V-35225,on-line
V-35225,P-35226,on-line
P-35226,XV-35227,feeds
PSV-35228,E-35229,on-line
K-35230,FT-35231,discharges-to
FT-35231,P-35232,discharges-to
LT-35233,FCV-35234,upstream-of
FCV-35234,XV-35235,downstream-of
XV-35235,P-35236,upstream-of
P-35236,PT-35237,upstream-of
PT-35237,E-35238,upstream-of
E-35238,P-35239,feeds
P-35239,P-35240,on-line
P-35240,FT-35241,downstream-of
FT-35241,P-35242,on-line
P-35242,PT-35243,upstream-of
PT-35243,FT-35244,downstream-of
FT-35244,TT-35245,feeds
TT-35245,LT-35246,discharges-to
P-35247,FCV-35248,on-line
XV-35249,P-35250,feeds
P-35250,P-35251,feeds
P-35251,E-35252,on-line
P-35254,PT-35255,on-line
P-35256,TT-35257,feeds
TT-35257,PT-35258,on-line
PT-35258,XV-35259,discharges-to
PSV-35260,PSV-35261,on-line
PSV-35261,P-35262,on-line
P-35262,XV-35263,downstream-of
XV-35263,K-35264,feeds
TT-35265,PSV-35266,feeds
PSV-35266,V-35267,downstream-of
PSV-35268,XV-35269,on-line
FCV-35270,PSV-35271,feeds
PSV-35271,K-35272,upstream-of
K-35272,K-35273,upstream-of
K-35273,P-35274,discharges-to
P-35274,P-35275,upstream-of
TT-35276,TT-35277,discharges-to
TT-35277,P-35278,on-line
P-35278,COL-35279,on-line
FCV-35281,COL-35282,discharges-to
COL-35282,FCV-35283,feeds
FCV-35283,COL-35284,on-line
FCV-35285,P-35286,downstream-of
P-35286,K-35287,on-line
E-35288,P-35289,feeds
P-35289,E-35290,discharges-to
E-35290,E-35291,feeds
E-35291,COL-35292,on-line
COL-35292,V-35293,on-line
XV-35294,XV-35295,downstream-of
XV-35295,LT-35296,discharges-to
LT-35296,COL-35297,feeds
V-35298,K-35299,upstream-of
P-35300,V-35301,discharges-to
V-35301,P-35302,discharges-to
P-35302,TT-35303,downstream-of
V-35304,FCV-35305,on-line
FCV-35305,TT-35306,discharges-to
TT-35306,PSV-35307,on-line
PT-35309,P-35310,discharges-to
P-35310,COL-35311,feeds
COL-35311,P-35312,feeds
XV-35313,V-35314,discharges-to
XV-35315,LT-35316,on-line
LT-35316,PT-35317,upstream-of
PT-35317,TT-35318,downstream-of
LT-35320,FT-35321,discharges-to
PT-35323,COL-35324,discharges-to
COL-35324,PT-35325,upstream-of
FCV-35326,PSV-35327,discharges-to
PSV-35327,TT-35328,on-line
XV-35330,P-35331,feeds
P-35331,PSV-35332,downstream-of
PSV-35332,PSV-35333,feeds
PSV-35333,FT-35334,upstream-of
FT-35334,PSV-35335,downstream-of
PSV-35335,PT-35336,upstream-of
PT-35336,K-35337,feeds
K-35337,XV-35338,upstream-of
P-35339,P-35340,feeds
P-35340,TT-35341,downstream-of
P-35342,PT-35343,discharges-to
P-35344,FCV-35345,downstream-of
FCV-35345,COL-35346,discharges-to
FCV-35351,P-35352,downstream-of
V-35353,FT-35354,on-line
FT-35354,P-35355,upstream-of
P-35355,PT-35356,upstream-of
PT-35356,PSV-35357,discharges-to
PSV-35357,TT-35358,upstream-of
P-35359,PT-35360,on-line
PT-35360,K-35361,upstream-of
K-35361,PSV-35362,discharges-to
PSV-35362,FT-35363,discharges-to
FT-35363,P-35364,feeds
P-35364,XV-35365,feeds
XV-35365,XV-35366,upstream-of
XV-35366,P-35367,feeds
P-35367,TT-35368,downstream-of
TT-35368,LT-35369,upstream-of
FT-35371,P-35372,on-line
P-35373,E-35374,discharges-to
E-35374,K-35375,discharges-to
K-35375,P-35376,on-line
P-35376,PSV-35377,discharges-to
PSV-35377,LT-35378,feeds
LT-35378,TT-35379,discharges-to
TT-35379,COL-35380,discharges-to
COL-35380,E-35381,discharges-to
E-35381,PSV-35382,discharges-to
PSV-35382,FCV-35383,downstream-of
FCV-35383,FT-35384,upstream-of
FT-35384,LT-35385,on-line
LT-35385,PT-35386,feeds
PT-35386,TT-35387,on-line
TT-35387,E-35388,feeds
E-35388,LT-35389,upstream-of
LT-35389,K-35390,feeds
K-35390,P-35391,upstream-of
P-35391,COL-35392,on-line
COL-35392,P-35393,discharges-to
P-35393,LT-35394,upstream-of
LT-35394,PSV-35395,discharges-to
P-35396,FT-35397,feeds
FT-35397,COL-35398,upstream-of
E-35399,XV-35400,on-line
XV-35400,K-35401,feeds
K-35401,FT-35402,upstream-of
FT-35402,FT-35403,upstream-of
FT-35403,LT-35404,on-line
LT-35404,LT-35405,on-line
LT-35405,XV-35406,feeds
XV-35406,XV-35407,on-line
XV-35407,P-35408,on-line
PSV-35409,P-35410,on-line
LT-35411,P-35412,downstream-of
P-35412,E-35413,upstream-of
COL-35414,E-35415,feeds
PSV-35416,E-35417,discharges-to
XV-35418,XV-35419,downstream-of
XV-35419,XV-35420,on-line
PSV-35421,TT-35422,discharges-to
TT-35422,K-35423,on-line
K-35423,FCV-35424,feeds
FCV-35424,XV-35425,upstream-of
XV-35425,PSV-35426,feeds
PSV-35426,P-35427,upstream-of
FCV-35428,K-35429,discharges-to
K-35429,LT-35430,upstream-of
LT-35430,PT-35431,on-line
LT-35432,PSV-35433,upstream-of
TT-35435,PSV-35436,on-line
TT-35437,LT-35438,downstream-of
LT-35438,E-35439,discharges-to
E-35439,FCV-35440,discharges-to
FCV-35440,TT-35441,upstream-of
TT-35441,FCV-35442,upstream-of
TT-35444,LT-35445,upstream-of
LT-35445,FCV-35446,on-line
TT-35447,LT-35448,upstream-of
LT-35448,V-35449,downstream-of
V-35449,FT-35450,downstream-of
P-35451,LT-35452,on-line
LT-35452,P-35453,downstream-of
XV-35456,K-35457,downstream-of
K-35457,PT-35458,discharges-to
PT-35458,PSV-35459,on-line
PSV-35459,LT-35460,discharges-to
LT-35460,LT-35461,discharges-to
LT-35461,FT-35462,discharges-to
E-35463,FCV-35464,downstream-of
FCV-35464,K-35465,downstream-of
K-35465,XV-35466,on-line
XV-35466,FCV-35467,upstream-of
FCV-35467,FCV-35468,on-line
FCV-35468,PT-35469,on-line
PT-35469,P-35470,upstream-of
P-35470,K-35471,on-line
K-35471,V-35472,upstream-of
V-35472,PT-35473,discharges-to
PT-35473,V-35474,on-line
FCV-35476,FT-35477,on-line
PSV-35479,E-35480,downstream-of
E-35480,TT-35481,downstream-of
TT-35481,E-35482,downstream-of
E-35483,P-35484,feeds
P-35484,P-35485,discharges-to
P-35485,PT-35486,on-line
PT-35486,P-35487,discharges-to
E-35488,P-35489,downstream-of
P-35489,LT-35490,discharges-to
LT-35490,PSV-35491,on-line
PSV-35491,P-35492,on-line
FT-35495,P-35496,upstream-of
P-35496,PT-35497,downstream-of
PT-35497,LT-35498,discharges-to
LT-35498,P-35499,on-line
P-35499,XV-35500,discharges-to
XV-35500,PSV-35501,downstream-of
PSV-35501,PT-35502,discharges-to
PT-35502,K-35503,downstream-of
K-35503,P-35504,downstream-of
P-35504,K-35505,upstream-of
V-35506,PSV-35507,discharges-to
XV-35508,FCV-35509,upstream-of
FCV-35509,P-35510,feeds
P-35510,E-35511,discharges-to
COL-35512,FT-35513,discharges-to
FT-35513,XV-35514,discharges-to
XV-35514,LT-35515,discharges-to
LT-35515,FT-35516,upstream-of
FT-35516,P-35517,on-line
P-35517,PSV-35518,upstream-of
PSV-35518,K-35519,downstream-of
P-35520,V-35521,feeds
V-35521,LT-35522,feeds
LT-35522,E-35523,discharges-to
PSV-35528,FCV-35529,discharges-to
PT-35531,XV-35532,feeds
FCV-35533,E-35534,on-line
E-35534,E-35535,on-line
E-35535,TT-35536,upstream-of
PSV-35540,P-35541,discharges-to
P-35541,LT-35542,upstream-of
LT-35542,PSV-35543,upstream-of
PSV-35543,E-35544,on-line
XV-35546,LT-35547,feeds
LT-35548,E-35549,downstream-of
PSV-35550,LT-35551,downstream-of
LT-35551,PSV-35552,downstream-of
PT-35553,P-35554,downstream-of
P-35554,P-35555,upstream-of
V-35556,TT-35557,upstream-of
COL-35560,PSV-35561,downstream-of
COL-35562,XV-35563,feeds
E-35564,P-35565,on-line
FT-35566,P-35567,on-line
P-35567,TT-35568,on-line
TT-35568,P-35569,feeds
P-35569,LT-35570,downstream-of
LT-35570,PT-35571,downstream-of
PT-35571,V-35572,upstream-of
V-35572,PSV-35573,downstream-of
PSV-35573,V-35574,upstream-of
V-35574,LT-35575,on-line
P-35576,P-35577,discharges-to
XV-35580,COL-35581,discharges-to
COL-35581,XV-35582,upstream-of
FCV-35583,K-35584,upstream-of
K-35584,XV-35585,discharges-to
E-35591,XV-35592,discharges-to
XV-35592,PSV-35593,feeds
PSV-35593,PT-35594,on-line
PT-35594,K-35595,on-line
K-35595,TT-35596,feeds
V-35597,E-35598,discharges-to
P-35600,P-35601,discharges-to
P-35601,K-35602,upstream-of
K-35602,E-35603,feeds
E-35603,COL-35604,on-line
K-35605,V-35606,feeds
V-35608,PT-35609,discharges-to
PT-35609,COL-35610,feeds
COL-35610,TT-35611,upstream-of
TT-35611,V-35612,upstream-of
V-35612,FT-35613,discharges-to
FT-35613,V-35614,downstream-of
V-35614,FT-35615,on-line
FT-35615,P-35616,discharges-to
P-35616,FCV-35617,feeds
FCV-35617,FCV-35618,downstream-of
FCV-35618,PT-35619,discharges-to
FT-35620,K-35621,on-line
E-35622,P-35623,on-line
P-35623,PT-35624,upstream-of
PT-35624,COL-35625,feeds
COL-35625,E-35626,downstream-of
E-35626,LT-35627,on-line
PSV-35628,COL-35629,discharges-to
COL-35629,LT-35630,on-line
V-35632,XV-35633,on-line
XV-35633,TT-35634,upstream-of
TT-35634,PT-35635,on-line
PT-35635,FT-35636,downstream-of
FT-35636,XV-35637,discharges-to
XV-35637,TT-35638,feeds
LT-35640,P-35641,downstream-of
P-35641,P-35642,feeds
P-35642,TT-35643,discharges-to
P-35645,FT-35646,upstream-of
FT-35646,PT-35647,feeds
PT-35647,P-35648,discharges-to
P-35648,PT-35649,upstream-of
PT-35649,K-35650,on-line
V-35652,COL-35653,discharges-to
COL-35653,E-35654,upstream-of
E-35654,PSV-35655,discharges-to
PSV-35655,V-35656,on-line
E-35657,XV-35658,downstream-of
E-35660,E-35661,upstream-of
E-35661,FT-35662,on-line
V-35663,FCV-35664,upstream-of
LT-35665,P-35666,on-line
P-35666,K-35667,discharges-to
K-35667,P-35668,discharges-to
P-35668,XV-35669,discharges-to
XV-35669,E-35670,downstream-of
E-35670,XV-35671,upstream-of
FT-35672,XV-35673,discharges-to
XV-35673,COL-35674,feeds
COL-35674,XV-35675,discharges-to
XV-35675,V-35676,downstream-of
V-35676,COL-35677,feeds
COL-35677,PT-35678,discharges-to
FT-35679,E-35680,upstream-of
E-35680,FT-35681,on-line
FT-35681,LT-35682,upstream-of
LT-35682,P-35683,upstream-of
P-35683,LT-35684,on-line
V-35685,K-35686,discharges-to
K-35686,P-35687,downstream-of
P-35687,K-35688,on-line
K-35688,LT-35689,on-line
LT-35689,FT-35690,upstream-of
FT-35690,PT-35691,upstream-of
PT-35691,XV-35692,discharges-to
P-35693,FT-35694,downstream-of
FT-35694,V-35695,feeds
FT-35696,FCV-35697,discharges-to
FCV-35697,TT-35698,on-line
TT-35698,COL-35699,feeds
COL-35700,P-35701,downstream-of
P-35701,V-35702,upstream-of
V-35702,TT-35703,feeds
FCV-35704,XV-35705,discharges-to
XV-35705,V-35706,discharges-to
V-35706,COL-35707,upstream-of
COL-35707,LT-35708,feeds
LT-35708,PSV-35709,on-line
E-35711,P-35712,upstream-of
FT-35713,PT-35714,upstream-of
V-35715,P-35716,feeds
P-35716,P-35717,downstream-of
P-35717,TT-35718,on-line
TT-35718,XV-35719,discharges-to
FT-35720,FCV-35721,downstream-of
LT-35722,P-35723,feeds
PT-35724,PSV-35725,feeds
FT-35727,V-35728,feeds
V-35728,V-35729,feeds
V-35729,TT-35730,on-line
P-35731,PT-35732,on-line
PT-35733,E-35734,downstream-of
E-35734,XV-35735,upstream-of
XV-35735,TT-35736,on-line
COL-35737,V-35738,on-line
V-35738,P-35739,discharges-to
P-35739,V-35740,downstream-of
V-35740,K-35741,upstream-of
K-35741,K-35742,feeds
K-35742,PT-35743,on-line
PT-35743,LT-35744,discharges-to
LT-35744,PT-35745,downstream-of
PT-35745,K-35746,upstream-of
K-35746,P-35747,feeds
P-35747,E-35748,downstream-of
E-35748,P-35749,discharges-to
P-35749,FCV-35750,feeds
FCV-35750,V-35751,discharges-to
P-35754,V-35755,downstream-of
K-35756,P-35757,upstream-of
P-35757,PSV-35758,discharges-to
E-35760,E-35761,downstream-of
XV-35762,PT-35763,discharges-to
P-35765,V-35766,feeds
V-35766,E-35767,upstream-of
E-35767,P-35768,discharges-to
P-35768,FCV-35769,discharges-to
FCV-35769,COL-35770,downstream-of
COL-35770,PSV-35771,on-line
PSV-35771,P-35772,feeds
TT-35773,COL-35774,discharges-to
COL-35774,PSV-35775,discharges-to
E-35778,V-35779,upstream-of
V-35779,COL-35780,feeds
FCV-35783,E-35784,discharges-to
E-35784,LT-35785,downstream-of
LT-35785,K-35786,feeds
FCV-35788,XV-35789,feeds
FT-35790,LT-35791,on-line
LT-35791,V-35792,discharges-to
V-35792,FT-35793,feeds
FT-35793,PSV-35794,downstream-of
PSV-35794,V-35795,on-line
V-35796,TT-35797,upstream-of
PT-35799,TT-35800,feeds
TT-35800,P-35801,discharges-to
P-35801,P-35802,upstream-of
P-35802,P-35803,feeds
P-35803,FT-35804,feeds
K-35806,PT-35807,discharges-to
PT-35807,P-35808,discharges-to
FCV-35809,E-35810,feeds
E-35810,PSV-35811,on-line
PSV-35811,K-35812,downstream-of
PSV-35815,K-35816,discharges-to
K-35816,TT-35817,upstream-of
TT-35817,V-35818,downstream-of
V-35818,V-35819,downstream-of
LT-35821,P-35822,feeds
PT-35823,V-35824,on-line
V-35824,P-35825,upstream-of
PSV-35826,TT-35827,feeds
TT-35828,FT-35829,downstream-of
FT-35829,E-35830,on-line
E-35830,XV-35831,feeds
FCV-35832,XV-35833,feeds
XV-35833,TT-35834,on-line
PSV-35835,V-35836,on-line
V-35836,E-35837,on-line
PSV-35838,V-35839,upstream-of
K-35840,PSV-35841,discharges-to
PSV-35841,FT-35842,on-line
PSV-35843,PT-35844,downstream-of
PT-35844,TT-35845,downstream-of
E-35846,TT-35847,on-line
TT-35847,FT-35848,downstream-of
FT-35848,E-35849,downstream-of
E-35849,K-35850,on-line
K-35850,FT-35851,upstream-of
FT-35851,P-35852,feeds
P-35852,PT-35853,downstream-of
PT-35853,E-35854,downstream-of
PSV-35856,P-35857,upstream-of
P-35858,TT-35859,upstream-of
TT-35859,V-35860,discharges-to
V-35860,TT-35861,on-line
TT-35861,PT-35862,upstream-of
PT-35862,P-35863,upstream-of
P-35863,E-35864,discharges-to
E-35864,K-35865,discharges-to
K-35865,K-35866,feeds
FT-35867,TT-35868,upstream-of
TT-35868,PSV-35869,feeds
PSV-35869,P-35870,feeds
P-35870,XV-35871,downstream-of
XV-35871,TT-35872,discharges-to
TT-35872,XV-35873,on-line
XV-35873,P-35874,upstream-of
P-35874,FCV-35875,feeds
FCV-35875,FCV-35876,downstream-of
FCV-35876,E-35877,downstream-of
E-35877,PSV-35878,feeds
PSV-35878,P-35879,upstream-of
P-35879,V-35880,downstream-of
V-35880,FT-35881,on-line
FT-35881,TT-35882,upstream-of
TT-35882,PT-35883,on-line
PT-35883,XV-35884,feeds
XV-35884,TT-35885,feeds
FCV-35887,LT-35888,downstream-of
LT-35888,V-35889,discharges-to
V-35889,FT-35890,on-line
V-35891,LT-35892,upstream-of
LT-35892,PT-35893,discharges-to
PT-35893,TT-35894,discharges-to
TT-35894,P-35895,feeds
P-35895,TT-35896,on-line
TT-35896,P-35897,on-line
V-35898,TT-35899,upstream-of
COL-35900,PSV-35901,upstream-of
PSV-35902,E-35903,upstream-of
P-35904,FCV-35905,upstream-of
FCV-35905,V-35906,discharges-to
V-35906,XV-35907,discharges-to
PT-35909,E-35910,feeds
E-35910,P-35911,downstream-of
FCV-35915,XV-35916,upstream-of
XV-35916,P-35917,feeds
P-35917,XV-35918,discharges-to
XV-35918,TT-35919,upstream-of
FT-35920,V-35921,on-line
V-35921,COL-35922,feeds
COL-35924,P-35925,discharges-to
P-35925,V-35926,downstream-of
PT-35927,XV-35928,downstream-of
XV-35928,TT-35929,downstream-of
E-35931,FCV-35932,on-line
FCV-35932,K-35933,on-line
TT-35935,FT-35936,downstream-of
FT-35936,PSV-35937,downstream-of
PSV-35938,PSV-35939,upstream-of
PSV-35939,COL-35940,feeds
COL-35940,PT-35941,on-line
PT-35941,FT-35942,feeds
FT-35942,K-35943,downstream-of
K-35943,PSV-35944,discharges-to
PSV-35944,TT-35945,discharges-to
TT-35945,FT-35946,discharges-to
E-35947,P-35948,downstream-of
P-35949,PSV-35950,feeds
PSV-35950,XV-35951,downstream-of
FT-35953,E-35954,downstream-of
COL-35955,XV-35956,upstream-of
E-35957,XV-35958,discharges-to
XV-35958,V-35959,feeds
V-35959,P-35960,downstream-of
V-35961,PSV-35962,discharges-to
COL-35963,V-35964,feeds
PT-35965,E-35966,discharges-to
E-35966,COL-35967,discharges-to
COL-35967,LT-35968,downstream-of
V-35969,E-35970,feeds
E-35970,COL-35971,on-line
COL-35971,PSV-35972,discharges-to
PSV-35972,E-35973,discharges-to
E-35973,P-35974,downstream-of
P-35974,PT-35975,upstream-of
FCV-35976,E-35977,on-line
V-35978,V-35979,discharges-to
V-35979,P-35980,discharges-to
P-35980,LT-35981,discharges-to
V-35982,XV-35983,discharges-to
XV-35983,PT-35984,feeds
K-35985,PT-35986,discharges-to
P-35987,XV-35988,downstream-of
XV-35989,K-35990,downstream-of
V-35991,COL-35992,discharges-to
COL-35992,COL-35993,downstream-of
COL-35993,P-35994,feeds
XV-35995,PSV-35996,on-line
PSV-35996,P-35997,downstream-of
P-35997,PT-35998,downstream-of
E-36000,PT-36001,on-line
PT-36001,XV-36002,downstream-of
XV-36002,P-36003,discharges-to
P-36003,K-36004,on-line
K-36004,FCV-36005,downstream-of
FCV-36005,LT-36006,discharges-to
LT-36006,TT-36007,downstream-of
TT-36007,XV-36008,feeds
XV-36008,FT-36009,downstream-of
COL-36011,P-36012,upstream-of
P-36012,LT-36013,discharges-to
LT-36013,XV-36014,discharges-to
XV-36014,E-36015,upstream-of
PSV-36017,E-36018,downstream-of
PT-36020,K-36021,on-line
K-36021,TT-36022,downstream-of
E-36023,FT-36024,discharges-to
FT-36024,COL-36025,on-line
COL-36025,XV-36026,discharges-to
XV-36026,P-36027,downstream-of
COL-36031,LT-36032,on-line
LT-36032,P-36033,discharges-to
P-36033,PT-36034,feeds
PT-36034,XV-36035,discharges-to
XV-36035,K-36036,discharges-to
K-36037,PT-36038,on-line
PT-36038,K-36039,feeds
TT-36040,FT-36041,downstream-of
FT-36041,LT-36042,upstream-of
P-36043,PSV-36044,on-line
XV-36045,COL-36046,feeds
COL-36046,PSV-36047,feeds
TT-36049,P-36050,feeds
P-36050,COL-36051,downstream-of
COL-36051,FCV-36052,discharges-to
FCV-36052,E-36053,on-line
E-36053,LT-36054,discharges-to
LT-36054,V-36055,feeds
V-36055,K-36056,discharges-to
K-36056,XV-36057,discharges-to
XV-36057,TT-36058,discharges-to
TT-36059,K-36060,on-line
PT-36061,LT-36062,downstream-of
LT-36062,LT-36063,discharges-to
LT-36063,COL-36064,on-line
PT-36066,V-36067,downstream-of
V-36067,XV-36068,feeds
XV-36068,FCV-36069,discharges-to
FCV-36069,PSV-36070,discharges-to
PSV-36070,LT-36071,feeds
LT-36071,PSV-36072,feeds
PSV-36072,E-36073,feeds
E-36073,FCV-36074,upstream-of
FCV-36074,XV-36075,downstream-of
E-36076,TT-36077,discharges-to
TT-36077,TT-36078,upstream-of
TT-36078,FCV-36079,on-line
FCV-36079,E-36080,on-line
E-36080,PT-36081,discharges-to
PT-36081,P-36082,discharges-to
P-36082,P-36083,downstream-of
FT-36084,K-36085,feeds
K-36085,FT-36086,downstream-of
PT-36087,FCV-36088,downstream-of
FCV-36089,LT-36090,downstream-of
LT-36090,P-36091,downstream-of
PSV-36092,FCV-36093,on-line
FCV-36093,V-36094,downstream-of
V-36094,PT-36095,downstream-of
XV-36096,LT-36097,discharges-to
P-36098,FCV-36099,upstream-of
FCV-36099,LT-36100,on-line
LT-36100,PT-36101,downstream-of
PT-36101,XV-36102,on-line
PT-36103,P-36104,downstream-of
P-36104,P-36105,on-line
PT-36106,P-36107,feeds
FT-36109,V-36110,upstream-of
V-36110,V-36111,discharges-to
V-36111,LT-36112,downstream-of
LT-36112,XV-36113,feeds
XV-36113,PSV-36114,discharges-to
PSV-36114,E-36115,feeds
E-36115,LT-36116,discharges-to
P-36117,V-36118,downstream-of
V-36118,E-36119,on-line
E-36119,LT-36120,on-line
LT-36120,P-36121,feeds
V-36122,XV-36123,upstream-of
K-36125,PT-36126,downstream-of
PT-36126,P-36127,feeds
P-36127,P-36128,upstream-of
P-36128,E-36129,feeds
E-36129,E-36130,on-line
E-36130,E-36131,discharges-to
E-36131,TT-36132,downstream-of
TT-36132,P-36133,on-line
P-36133,K-36134,downstream-of
K-36134,V-36135,discharges-to
P-36136,P-36137,upstream-of
PSV-36140,PSV-36141,downstream-of
PSV-36144,P-36145,upstream-of
P-36145,FCV-36146,downstream-of
FCV-36146,FCV-36147,feeds
TT-36148,K-36149,on-line
K-36151,FCV-36152,feeds
FCV-36152,P-36153,discharges-to
P-36153,COL-36154,discharges-to
COL-36154,LT-36155,feeds
LT-36155,E-36156,upstream-of
E-36156,TT-36157,discharges-to
TT-36157,K-36158,discharges-to
K-36158,FCV-36159,feeds
FCV-36159,TT-36160,feeds
FT-36161,XV-36162,discharges-to
XV-36162,FCV-36163,discharges-to
FCV-36163,PT-36164,discharges-to
P-36167,TT-36168,on-line
PSV-36169,FT-36170,on-line
FT-36170,LT-36171,discharges-to
XV-36172,PT-36173,feeds
TT-36175,LT-36176,downstream-of
LT-36176,XV-36177,feeds
FCV-36179,FT-36180,discharges-to
FT-36180,K-36181,downstream-of
K-36181,COL-36182,discharges-to
K-36183,PSV-36184,downstream-of
PSV-36184,TT-36185,downstream-of
PT-36186,P-36187,upstream-of
P-36187,PT-36188,downstream-of
FCV-36189,K-36190,downstream-of
XV-36191,COL-36192,upstream-of
LT-36195,FCV-36196,on-line
FCV-36196,E-36197,downstream-of
E-36197,P-36198,on-line
P-36198,E-36199,upstream-of
LT-36200,P-36201,feeds
P-36201,V-36202,feeds
K-36203,XV-36204,feeds
XV-36204,TT-36205,feeds
TT-36205,PSV-36206,on-line
PSV-36206,COL-36207,on-line
COL-36207,PT-36208,feeds
PT-36208,P-36209,discharges-to
E-36210,P-36211,feeds
E-36212,PSV-36213,on-line
PSV-36213,TT-36214,on-line
TT-36214,TT-36215,on-line
TT-36215,FCV-36216,downstream-of
FCV-36216,FT-36217,upstream-of
FCV-36218,E-36219,on-line
LT-36225,LT-36226,feeds
LT-36226,P-36227,discharges-to
P-36227,P-36228,upstream-of
PSV-36229,P-36230,on-line
P-36230,P-36231,on-line
P-36231,PSV-36232,upstream-of
P-36233,TT-36234,on-line
TT-36234,PSV-36235,upstream-of
LT-36236,XV-36237,feeds
XV-36237,COL-36238,downstream-of
PSV-36239,P-36240,downstream-of
FT-36241,PSV-36242,on-line
PT-36243,XV-36244,feeds
XV-36244,LT-36245,feeds
LT-36245,V-36246,downstream-of
V-36246,E-36247,feeds
LT-36248,PSV-36249,feeds
PSV-36252,PSV-36253,feeds
TT-36256,TT-36257,downstream-of
P-36259,FT-36260,feeds
FT-36260,PT-36261,discharges-to
K-36262,COL-36263,upstream-of
COL-36263,FT-36264,downstream-of
P-36265,XV-36266,downstream-of
XV-36266,PSV-36267,discharges-to
PSV-36267,PT-36268,downstream-of
PT-36268,PSV-36269,upstream-of
PSV-36269,COL-36270,discharges-to
COL-36270,E-36271,upstream-of
FCV-36272,P-36273,downstream-of
P-36273,FT-36274,feeds
FT-36274,E-36275,on-line
E-36275,XV-36276,downstream-of
XV-36276,FCV-36277,on-line
FCV-36277,XV-36278,discharges-to
XV-36278,V-36279,feeds
V-36279,E-36280,upstream-of
E-36280,P-36281,downstream-of
P-36281,LT-36282,feeds
LT-36282,XV-36283,discharges-to
XV-36283,COL-36284,feeds
COL-36284,K-36285,discharges-to
PT-36286,E-36287,on-line
E-36287,FT-36288,discharges-to
FT-36288,XV-36289,discharges-to
XV-36289,FCV-36290,upstream-of
FCV-36290,V-36291,downstream-of
V-36291,FT-36292,downstream-of
FT-36292,LT-36293,feeds
FCV-36295,COL-36296,discharges-to
COL-36296,FCV-36297,downstream-of
FCV-36297,XV-36298,upstream-of
XV-36298,P-36299,feeds
P-36299,K-36300,downstream-of
K-36300,FCV-36301,on-line
FCV-36301,P-36302,on-line
P-36302,XV-36303,discharges-to
XV-36303,P-36304,downstream-of
P-36304,FCV-36305,upstream-of
PT-36306,P-36307,discharges-to
P-36307,FCV-36308,downstream-of
E-36310,P-36311,downstream-of
P-36311,K-36312,feeds
K-36312,PT-36313,feeds
PT-36313,XV-36314,upstream-of
XV-36314,FCV-36315,on-line
P-36318,XV-36319,feeds
XV-36319,LT-36320,upstream-of
LT-36320,COL-36321,downstream-of
COL-36321,PSV-36322,downstream-of
PSV-36322,FT-36323,on-line
FT-36323,FCV-36324,downstream-of
FCV-36324,FT-36325,on-line
FT-36325,XV-36326,discharges-to
XV-36326,K-36327,downstream-of
K-36327,K-36328,feeds
K-36328,FT-36329,on-line
FCV-36330,XV-36331,on-line
XV-36331,PSV-36332,downstream-of
PSV-36332,LT-36333,discharges-to
P-36334,TT-36335,upstream-of
TT-36335,P-36336,discharges-to
P-36336,FT-36337,downstream-of
P-36338,FT-36339,discharges-to
FT-36339,FT-36340,feeds
FT-36340,LT-36341,upstream-of
LT-36341,K-36342,on-line
K-36342,XV-36343,discharges-to
COL-36346,XV-36347,upstream-of
XV-36347,E-36348,discharges-to
FCV-36350,P-36351,discharges-to
K-36352,PSV-36353,discharges-to
LT-36354,K-36355,downstream-of
P-36356,K-36357,upstream-of
K-36358,V-36359,feeds
V-36359,K-36360,discharges-to
K-36360,TT-36361,feeds
TT-36361,LT-36362,feeds
LT-36362,XV-36363,feeds
XV-36363,COL-36364,feeds
COL-36364,V-36365,downstream-of
V-36365,PSV-36366,downstream-of
PSV-36366,COL-36367,downstream-of
COL-36367,E-36368,feeds
PSV-36370,FCV-36371,discharges-to
FCV-36371,V-36372,feeds
V-36372,P-36373,feeds
P-36373,K-36374,on-line
K-36374,P-36375,downstream-of
P-36375,PT-36376,feeds
PT-36376,P-36377,feeds
P-36377,LT-36378,feeds
LT-36379,FCV-36380,on-line
FCV-36380,P-36381,on-line
V-36382,COL-36383,feeds
COL-36383,XV-36384,feeds
K-36385,PSV-36386,on-line
PSV-36386,P-36387,feeds
P-36387,V-36388,upstream-of
P-36390,COL-36391,upstream-of
COL-36391,TT-36392,discharges-to
TT-36392,FCV-36393,feeds
FCV-36393,P-36394,upstream-of
P-36394,FT-36395,on-line
FT-36395,E-36396,feeds
PSV-36397,COL-36398,downstream-of
COL-36398,PSV-36399,downstream-of
PSV-36399,E-36400,downstream-of
E-36400,LT-36401,upstream-of
LT-36401,PT-36402,upstream-of
PT-36402,E-36403,on-line
E-36403,E-36404,downstream-of
E-36404,P-36405,feeds
P-36405,XV-36406,feeds
XV-36406,LT-36407,discharges-to
LT-36407,P-36408,upstream-of
P-36409,COL-36410,on-line
PT-36411,E-36412,on-line
E-36412,LT-36413,discharges-to
LT-36413,XV-36414,upstream-of
XV-36414,PT-36415,feeds
TT-36416,V-36417,feeds
K-36418,PT-36419,downstream-of
PT-36419,FCV-36420,discharges-to
PSV-36421,V-36422,downstream-of
V-36422,FCV-36423,upstream-of
FCV-36423,PSV-36424,upstream-of
LT-36425,K-36426,feeds
K-36426,TT-36427,feeds
K-36428,FT-36429,discharges-to
P-36431,V-36432,downstream-of
V-36432,FT-36433,feeds
FT-36433,FCV-36434,downstream-of
FCV-36434,XV-36435,on-line
XV-36435,COL-36436,on-line
COL-36436,P-36437,discharges-to
P-36437,TT-36438,feeds
TT-36438,COL-36439,downstream-of
XV-36440,P-36441,downstream-of
P-36441,COL-36442,upstream-of
COL-36442,PT-36443,on-line
PT-36443,XV-36444,discharges-to
FCV-36445,FT-36446,feeds
FT-36446,P-36447,discharges-to
P-36447,E-36448,upstream-of
E-36449,LT-36450,feeds
LT-36450,PSV-36451,discharges-to
K-36452,PT-36453,upstream-of
PT-36453,FCV-36454,discharges-to
FCV-36454,TT-36455,discharges-to
TT-36455,PT-36456,discharges-to
K-36457,V-36458,feeds
V-36458,FT-36459,discharges-to
FT-36459,E-36460,feeds
XV-36461,PSV-36462,on-line
PSV-36462,PSV-36463,feeds
PSV-36463,FCV-36464,feeds
FCV-36464,PT-36465,feeds
PT-36465,TT-36466,downstream-of
TT-36466,PSV-36467,discharges-to
PSV-36467,LT-36468,downstream-of
LT-36468,P-36469,on-line
P-36469,FT-36470,feeds
TT-36471,TT-36472,on-line
TT-36472,FCV-36473,upstream-of
FCV-36473,E-36474,feeds
E-36474,PSV-36475,discharges-to
FT-36476,P-36477,upstream-of
FT-36478,TT-36479,on-line
PSV-36480,P-36481,downstream-of
P-36481,P-36482,discharges-to
P-36482,V-36483,downstream-of
V-36483,TT-36484,feeds
TT-36484,P-36485,discharges-to
P-36485,PSV-36486,downstream-of
PSV-36486,XV-36487,upstream-of
XV-36487,TT-36488,downstream-of
TT-36488,PSV-36489,feeds
PSV-36489,FT-36490,discharges-to
FT-36490,COL-36491,downstream-of
COL-36491,P-36492,discharges-to
P-36492,FCV-36493,feeds
FCV-36493,LT-36494,discharges-to
LT-36494,PSV-36495,upstream-of
PSV-36495,COL-36496,upstream-of
P-36497,TT-36498,feeds
TT-36498,V-36499,feeds
V-36499,COL-36500,discharges-to
COL-36500,TT-36501,on-line
TT-36501,LT-36502,on-line
LT-36502,COL-36503,downstream-of
COL-36503,TT-36504,downstream-of
PSV-36505,COL-36506,discharges-to
XV-36507,XV-36508,feeds
PT-36510,PSV-36511,upstream-of
K-36513,FCV-36514,downstream-of
FCV-36514,K-36515,discharges-to
K-36515,PT-36516,feeds
PT-36516,E-36517,upstream-of
PT-36519,PSV-36520,feeds
PSV-36520,V-36521,upstream-of
V-36521,COL-36522,downstream-of
COL-36522,P-36523,on-line
V-36524,FT-36525,on-line
K-36527,E-36528,on-line
E-36528,V-36529,discharges-to
V-36529,K-36530,on-line
K-36530,LT-36531,on-line
LT-36531,PSV-36532,upstream-of
PSV-36532,P-36533,on-line
P-36533,COL-36534,downstream-of
COL-36534,PSV-36535,discharges-to
LT-36537,K-36538,discharges-to
K-36538,XV-36539,upstream-of
XV-36539,COL-36540,feeds
COL-36540,TT-36541,upstream-of
FCV-36542,FT-36543,feeds
FT-36543,PT-36544,upstream-of
PT-36544,COL-36545,on-line
COL-36545,P-36546,upstream-of
COL-36547,K-36548,on-line
K-36548,TT-36549,discharges-to
TT-36549,COL-36550,feeds
COL-36550,P-36551,discharges-to
E-36553,FT-36554,downstream-of
FT-36554,PT-36555,on-line
PT-36555,PT-36556,on-line
P-36557,TT-36558,downstream-of
TT-36558,PT-36559,upstream-of
K-36560,PT-36561,feeds
PT-36561,K-36562,discharges-to
K-36562,P-36563,downstream-of
P-36563,FT-36564,on-line
FT-36564,FCV-36565,discharges-to
FCV-36565,K-36566,upstream-of
K-36566,COL-36567,on-line
V-36568,FCV-36569,feeds
FCV-36569,XV-36570,downstream-of
XV-36570,E-36571,upstream-of
E-36571,COL-36572,discharges-to
COL-36572,V-36573,discharges-to
V-36573,COL-36574,discharges-to
LT-36575,COL-36576,feeds
COL-36576,XV-36577,discharges-to
XV-36577,K-36578,feeds
E-36580,PSV-36581,on-line
PSV-36581,FCV-36582,feeds
FCV-36582,FT-36583,downstream-of
FT-36583,V-36584,feeds
V-36584,COL-36585,on-line
COL-36585,P-36586,discharges-to
XV-36588,COL-36589,on-line
COL-36589,E-36590,feeds
E-36591,FCV-36592,on-line
FCV-36592,FT-36593,upstream-of
FT-36593,XV-36594,upstream-of
XV-36594,V-36595,feeds
V-36595,LT-36596,discharges-to
LT-36596,PSV-36597,downstream-of
LT-36600,K-36601,downstream-of
FT-36603,PSV-36604,upstream-of
PSV-36604,COL-36605,downstream-of
COL-36605,P-36606,on-line
P-36606,COL-36607,on-line
COL-36607,LT-36608,downstream-of
LT-36608,XV-36609,on-line
XV-36612,LT-36613,discharges-to
LT-36613,PT-36614,feeds
PT-36614,K-36615,discharges-to
K-36615,XV-36616,feeds
XV-36617,P-36618,downstream-of
P-36618,PSV-36619,on-line
XV-36620,FCV-36621,downstream-of
FCV-36621,PSV-36622,downstream-of
PSV-36622,TT-36623,upstream-of
TT-36623,PSV-36624,discharges-to
PSV-36624,P-36625,downstream-of
P-36625,E-36626,on-line
E-36626,E-36627,downstream-of
P-36629,P-36630,downstream-of
FT-36633,V-36634,discharges-to
V-36634,COL-36635,feeds
COL-36635,COL-36636,feeds
LT-36638,E-36639,upstream-of
PSV-36641,FCV-36642,upstream-of
PT-36647,FCV-36648,discharges-to
FCV-36648,FT-36649,downstream-of
FT-36649,COL-36650,downstream-of
COL-36650,LT-36651,discharges-to
LT-36651,LT-36652,downstream-of
LT-36652,FT-36653,discharges-to
XV-36654,E-36655,on-line
E-36655,PSV-36656,upstream-of
PSV-36656,FT-36657,feeds
FT-36657,FT-36658,on-line
E-36659,PT-36660,on-line
COL-36662,E-36663,feeds
K-36665,P-36666,discharges-to
P-36666,LT-36667,on-line
PSV-36668,FCV-36669,upstream-of
PSV-36670,V-36671,discharges-to
V-36671,V-36672,downstream-of
V-36672,FT-36673,on-line
FT-36673,FT-36674,upstream-of
LT-36675,V-36676,discharges-to
V-36676,K-36677,upstream-of
V-36678,PT-36679,upstream-of
PT-36679,XV-36680,on-line
XV-36680,P-36681,feeds
P-36681,P-36682,upstream-of
P-36682,V-36683,on-line
V-36683,TT-36684,discharges-to
P-36685,LT-36686,discharges-to
LT-36686,P-36687,downstream-of
FCV-36688,PSV-36689,feeds
PSV-36689,LT-36690,on-line
FT-36691,PT-36692,upstream-of
PT-36692,P-36693,downstream-of
P-36693,V-36694,feeds
V-36694,LT-36695,feeds
PSV-36696,XV-36697,discharges-to
K-36698,P-36699,discharges-to
PT-36700,XV-36701,upstream-of
XV-36701,V-36702,downstream-of
K-36705,TT-36706,on-line
P-36707,K-36708,downstream-of
LT-36709,FT-36710,feeds
FT-36710,XV-36711,upstream-of
XV-36711,TT-36712,downstream-of
TT-36712,P-36713,upstream-of
TT-36715,P-36716,downstream-of
P-36716,TT-36717,upstream-of
XV-36718,FCV-36719,on-line
P-36720,FCV-36721,feeds
PT-36722,FT-36723,upstream-of
FCV-36724,LT-36725,upstream-of
LT-36725,P-36726,on-line
P-36726,FT-36727,upstream-of
FT-36727,XV-36728,downstream-of
P-36729,PSV-36730,upstream-of
PT-36731,P-36732,upstream-of
P-36732,P-36733,on-line
P-36733,P-36734,upstream-of
XV-36735,PSV-36736,feeds
PSV-36736,LT-36737,downstream-of
LT-36737,V-36738,downstream-of
XV-36743,FCV-36744,upstream-of
FCV-36744,E-36745,on-line
FT-36747,PSV-36748,feeds
K-36749,LT-36750,feeds
PSV-36754,COL-36755,feeds
COL-36755,E-36756,feeds
FT-36759,P-36760,upstream-of
P-36760,P-36761,on-line
P-36761,LT-36762,feeds
LT-36762,TT-36763,feeds
TT-36763,LT-36764,feeds
LT-36764,PSV-36765,on-line
TT-36767,FT-36768,discharges-to
FT-36768,XV-36769,downstream-of
P-36770,FCV-36771,on-line
FCV-36771,LT-36772,downstream-of
LT-36772,V-36773,discharges-to
P-36774,PSV-36775,feeds
PSV-36775,COL-36776,on-line
V-36781,E-36782,on-line
E-36782,TT-36783,upstream-of
TT-36783,V-36784,on-line
PSV-36785,TT-36786,upstream-of
V-36787,TT-36788,upstream-of
V-36790,PT-36791,downstream-of
PT-36791,V-36792,on-line
V-36792,K-36793,downstream-of
K-36793,P-36794,discharges-to
P-36794,XV-36795,discharges-to
XV-36795,XV-36796,feeds
FT-36797,K-36798,downstream-of
K-36798,PSV-36799,downstream-of
PSV-36799,LT-36800,feeds
LT-36800,PSV-36801,discharges-to
V-36802,E-36803,downstream-of
XV-36804,V-36805,downstream-of
V-36805,P-36806,discharges-to
COL-36807,FCV-36808,feeds
FCV-36808,P-36809,upstream-of
P-36810,K-36811,downstream-of
K-36811,FT-36812,downstream-of
FCV-36814,LT-36815,downstream-of
LT-36815,XV-36816,upstream-of
PSV-36817,P-36818,discharges-to
P-36818,FT-36819,discharges-to
P-36820,E-36821,discharges-to
E-36821,XV-36822,downstream-of
XV-36822,P-36823,upstream-of
V-36824,COL-36825,on-line
COL-36825,P-36826,downstream-of
P-36826,FCV-36827,on-line
FCV-36827,COL-36828,downstream-of
COL-36828,P-36829,upstream-of
P-36829,TT-36830,downstream-of
TT-36830,K-36831,downstream-of
K-36831,PSV-36832,upstream-of
PSV-36832,PT-36833,discharges-to
PT-36833,PT-36834,downstream-of
PT-36834,E-36835,discharges-to
E-36835,XV-36836,feeds
XV-36836,LT-36837,feeds
LT-36837,COL-36838,on-line
COL-36839,COL-36840,downstream-of
FCV-36841,P-36842,upstream-of
P-36842,P-36843,discharges-to
K-36845,PT-36846,on-line
PT-36846,COL-36847,discharges-to
FCV-36849,FT-36850,downstream-of
FT-36850,V-36851,feeds
V-36851,PT-36852,on-line
PT-36852,COL-36853,downstream-of
COL-36853,LT-36854,discharges-to
LT-36854,P-36855,discharges-to
P-36855,V-36856,feeds
COL-36857,FT-36858,upstream-of
FT-36858,XV-36859,discharges-to
XV-36859,PSV-36860,feeds
PSV-36860,P-36861,downstream-of
P-36861,LT-36862,feeds
FCV-36865,K-36866,upstream-of
K-36866,E-36867,discharges-to
E-36867,P-36868,on-line
P-36868,COL-36869,feeds
K-36870,PT-36871,upstream-of
COL-36873,K-36874,discharges-to
K-36874,FT-36875,upstream-of
FT-36875,V-36876,discharges-to
V-36876,V-36877,downstream-of
V-36877,FCV-36878,feeds
FCV-36878,FT-36879,upstream-of
TT-36880,TT-36881,upstream-of
P-36882,V-36883,discharges-to
P-36884,V-36885,feeds
V-36885,E-36886,on-line
V-36887,PSV-36888,on-line
PSV-36888,COL-36889,on-line
COL-36889,FT-36890,discharges-to
P-36891,PT-36892,downstream-of
TT-36893,TT-36894,feeds
FCV-36895,PT-36896,on-line
PT-36896,P-36897,downstream-of
P-36897,LT-36898,upstream-of
COL-36899,P-36900,discharges-to
P-36900,P-36901,downstream-of
P-36901,TT-36902,feeds
P-36903,XV-36904,discharges-to
TT-36907,LT-36908,discharges-to
LT-36908,FT-36909,feeds
FT-36909,LT-36910,on-line
LT-36910,K-36911,discharges-to
K-36911,FCV-36912,upstream-of
FCV-36912,COL-36913,feeds
COL-36913,FCV-36914,discharges-to
FCV-36914,TT-36915,discharges-to
TT-36915,K-36916,on-line
TT-36917,FT-36918,downstream-of
FT-36921,COL-36922,discharges-to
COL-36922,P-36923,discharges-to
P-36923,PSV-36924,upstream-of
PSV-36924,LT-36925,upstream-of
LT-36925,PT-36926,discharges-to
P-36927,FT-36928,on-line
FT-36928,COL-36929,on-line
COL-36929,E-36930,discharges-to
E-36930,P-36931,discharges-to
P-36931,TT-36932,downstream-of
TT-36932,LT-36933,upstream-of
TT-36934,K-36935,discharges-to
K-36935,XV-36936,on-line
XV-36936,PSV-36937,upstream-of
FT-36938,PSV-36939,discharges-to
PSV-36939,FCV-36940,on-line
XV-36942,V-36943,discharges-to
XV-36944,XV-36945,feeds
P-36946,COL-36947,on-line
LT-36949,P-36950,downstream-of
P-36950,PT-36951,on-line
PT-36951,TT-36952,downstream-of
TT-36954,TT-36955,on-line
TT-36955,TT-36956,feeds
TT-36956,XV-36957,feeds
XV-36957,PSV-36958,downstream-of
PSV-36958,COL-36959,feeds
FT-36963,E-36964,discharges-to
TT-36965,P-36966,feeds
P-36966,K-36967,upstream-of
PSV-36968,TT-36969,upstream-of
P-36971,LT-36972,feeds
XV-36974,LT-36975,downstream-of
FCV-36977,V-36978,discharges-to
COL-36979,K-36980,feeds
V-36981,PT-36982,feeds
PT-36982,V-36983,upstream-of
V-36983,FCV-36984,discharges-to
FCV-36984,P-36985,on-line
P-36985,FCV-36986,upstream-of
P-36989,XV-36990,on-line
LT-36994,P-36995,feeds
P-36995,P-36996,upstream-of
P-36996,FCV-36997,discharges-to
V-36998,V-36999,on-line
PSV-37001,COL-37002,downstream-of
COL-37002,K-37003,upstream-of
K-37003,COL-37004,upstream-of
COL-37004,PT-37005,downstream-of
PT-37005,PT-37006,on-line
K-37007,PT-37008,on-line
PT-37008,E-37009,on-line
TT-37010,K-37011,on-line
K-37011,FT-37012,feeds
FT-37012,LT-37013,downstream-of
LT-37014,PT-37015,upstream-of
FT-37017,PT-37018,feeds
PT-37018,K-37019,discharges-to
LT-37021,V-37022,upstream-of
PT-37024,FT-37025,upstream-of
FT-37025,P-37026,on-line
P-37026,TT-37027,discharges-to
TT-37027,V-37028,on-line
V-37028,COL-37029,discharges-to
COL-37029,TT-37030,downstream-of
TT-37030,XV-37031,feeds
XV-37031,K-37032,upstream-of
PT-37033,PSV-37034,upstream-of
E-37035,LT-37036,upstream-of
LT-37036,PSV-37037,upstream-of
PSV-37039,LT-37040,on-line
LT-37040,LT-37041,discharges-to
LT-37041,COL-37042,downstream-of
COL-37042,LT-37043,upstream-of
LT-37043,PSV-37044,upstream-of
PSV-37044,LT-37045,on-line
LT-37045,PSV-37046,upstream-of
P-37047,XV-37048,downstream-of
XV-37048,XV-37049,on-line
XV-37049,LT-37050,on-line
LT-37050,LT-37051,downstream-of
LT-37051,PT-37052,upstream-of
K-37053,LT-37054,discharges-to
K-37055,PT-37056,discharges-to
PT-37056,COL-37057,feeds
COL-37057,E-37058,on-line
E-37058,TT-37059,on-line
PT-37061,V-37062,feeds
V-37062,XV-37063,upstream-of
XV-37063,FT-37064,discharges-to
COL-37065,K-37066,feeds
K-37066,K-37067,on-line
P-37069,PT-37070,on-line
PT-37070,PT-37071,downstream-of
PT-37071,LT-37072,upstream-of
PT-37073,K-37074,on-line
K-37074,P-37075,discharges-to
FT-37076,XV-37077,upstream-of
XV-37077,PT-37078,feeds
PT-37078,PSV-37079,on-line
PSV-37079,V-37080,feeds
FT-37081,COL-37082,discharges-to
COL-37082,P-37083,feeds
P-37083,V-37084,downstream-of
V-37084,PT-37085,discharges-to
PSV-37086,XV-37087,downstream-of
XV-37087,XV-37088,downstream-of
FCV-37089,PSV-37090,on-line
PSV-37090,FT-37091,upstream-of
FT-37091,COL-37092,on-line
COL-37092,PT-37093,discharges-to
E-37094,COL-37095,feeds
PSV-37098,XV-37099,on-line
P-37100,PT-37101,upstream-of
P-37103,LT-37104,on-line
FCV-37105,FT-37106,downstream-of
LT-37107,PSV-37108,discharges-to
PSV-37108,LT-37109,downstream-of
LT-37111,TT-37112,downstream-of
COL-37113,PSV-37114,upstream-of
PSV-37114,LT-37115,downstream-of
XV-37116,K-37117,discharges-to
K-37117,V-37118,downstream-of
V-37118,PSV-37119,upstream-of
PSV-37119,P-37120,discharges-to
P-37120,XV-37121,upstream-of
XV-37121,LT-37122,on-line
COL-37123,PSV-37124,discharges-to
TT-37125,V-37126,downstream-of
FCV-37127,PSV-37128,discharges-to
PSV-37128,LT-37129,downstream-of
LT-37129,FT-37130,upstream-of
FT-37130,V-37131,downstream-of
PT-37132,PT-37133,feeds
PT-37133,COL-37134,downstream-of
COL-37134,E-37135,feeds
E-37135,K-37136,feeds
K-37136,TT-37137,on-line
PSV-37138,E-37139,discharges-to
E-37139,P-37140,on-line
PSV-37141,P-37142,feeds
P-37142,V-37143,upstream-of
V-37143,E-37144,discharges-to
E-37144,FT-37145,on-line
P-37146,PT-37147,downstream-of
PT-37148,COL-37149,on-line
FCV-37150,PSV-37151,feeds
PSV-37151,FCV-37152,discharges-to
PSV-37153,COL-37154,downstream-of
COL-37154,PSV-37155,upstream-of
PSV-37155,PSV-37156,discharges-to
PSV-37156,FCV-37157,upstream-of
FCV-37157,PT-37158,discharges-to
PT-37158,TT-37159,upstream-of
TT-37159,V-37160,feeds
PSV-37161,PSV-37162,on-line
P-37163,K-37164,on-line
K-37164,K-37165,discharges-to
K-37165,PSV-37166,upstream-of
PSV-37166,PT-37167,on-line
TT-37168,XV-37169,feeds
TT-37170,COL-37171,on-line
COL-37171,FCV-37172,discharges-to
COL-37173,XV-37174,downstream-of
XV-37174,PT-37175,discharges-to
PT-37175,PT-37176,downstream-of
PT-37177,PSV-37178,on-line
TT-37179,LT-37180,feeds
LT-37180,FT-37181,downstream-of
FT-37181,P-37182,downstream-of
LT-37183,TT-37184,on-line
TT-37184,PT-37185,discharges-to
PT-37185,TT-37186,on-line
TT-37186,V-37187,upstream-of
V-37187,PT-37188,upstream-of
PT-37188,FCV-37189,downstream-of
PSV-37191,V-37192,downstream-of
V-37192,FT-37193,downstream-of
FT-37193,PT-37194,downstream-of
PT-37194,P-37195,downstream-of
P-37195,V-37196,upstream-of
V-37196,PSV-37197,on-line
FT-37198,TT-37199,discharges-to
TT-37199,E-37200,downstream-of
E-37200,P-37201,discharges-to
P-37202,PSV-37203,upstream-of
PSV-37203,P-37204,on-line
P-37204,PSV-37205,upstream-of
LT-37206,COL-37207,feeds
COL-37207,COL-37208,discharges-to
COL-37208,E-37209,upstream-of
E-37209,TT-37210,on-line
E-37211,PSV-37212,upstream-of
PSV-37212,P-37213,discharges-to
FCV-37214,E-37215,discharges-to
E-37215,K-37216,on-line
K-37216,XV-37217,downstream-of
XV-37217,P-37218,discharges-to
P-37218,FT-37219,feeds
FT-37219,K-37220,feeds
K-37220,TT-37221,discharges-to
FT-37223,K-37224,discharges-to
K-37224,FCV-37225,discharges-to
FCV-37225,TT-37226,discharges-to
TT-37226,XV-37227,downstream-of
P-37228,K-37229,downstream-of
K-37229,XV-37230,downstream-of
XV-37230,PT-37231,upstream-of
PT-37231,XV-37232,on-line
COL-37235,COL-37236,on-line
COL-37236,XV-37237,downstream-of
XV-37237,COL-37238,on-line
COL-37238,FCV-37239,downstream-of
FCV-37239,TT-37240,downstream-of
TT-37240,TT-37241,upstream-of
TT-37241,TT-37242,upstream-of
TT-37242,XV-37243,discharges-to
XV-37243,K-37244,downstream-of
PT-37245,V-37246,feeds
V-37246,FCV-37247,on-line
FCV-37247,V-37248,feeds
V-37248,XV-37249,upstream-of
XV-37249,PSV-37250,downstream-of
PSV-37250,XV-37251,downstream-of
XV-37252,XV-37253,on-line
E-37254,E-37255,upstream-of
E-37255,PT-37256,on-line
PT-37256,TT-37257,downstream-of
TT-37257,P-37258,feeds
P-37258,E-37259,downstream-of
E-37259,PT-37260,discharges-to
PT-37260,P-37261,feeds
V-37263,E-37264,upstream-of
E-37264,K-37265,discharges-to
E-37266,P-37267,discharges-to
V-37268,P-37269,discharges-to
P-37269,PSV-37270,on-line
PSV-37270,P-37271,on-line
P-37271,P-37272,upstream-of
P-37272,K-37273,downstream-of
PT-37274,LT-37275,feeds
LT-37275,K-37276,upstream-of
K-37276,TT-37277,on-line
TT-37277,XV-37278,feeds
XV-37278,V-37279,feeds
V-37279,XV-37280,on-line
XV-37280,XV-37281,downstream-of
TT-37282,P-37283,upstream-of
P-37284,E-37285,downstream-of
E-37285,E-37286,feeds
E-37286,PSV-37287,on-line
PSV-37287,P-37288,discharges-to
TT-37290,K-37291,upstream-of
K-37291,V-37292,downstream-of
E-37293,E-37294,upstream-of
E-37294,K-37295,on-line
P-37298,PT-37299,downstream-of
E-37300,LT-37301,discharges-to
LT-37301,LT-37302,upstream-of
LT-37302,P-37303,discharges-to
P-37303,P-37304,on-line
P-37304,V-37305,feeds
V-37305,E-37306,discharges-to
COL-37307,XV-37308,discharges-to
XV-37308,K-37309,discharges-to
K-37309,PSV-37310,on-line
PSV-37310,PT-37311,downstream-of
COL-37312,V-37313,discharges-to
V-37313,V-37314,discharges-to
V-37314,PT-37315,upstream-of
K-37317,FT-37318,downstream-of
FT-37318,XV-37319,upstream-of
XV-37319,LT-37320,downstream-of
LT-37320,XV-37321,upstream-of
XV-37321,FT-37322,feeds
FT-37323,XV-37324,downstream-of
XV-37324,V-37325,upstream-of
V-37325,K-37326,downstream-of
K-37326,K-37327,on-line
K-37328,P-37329,feeds
TT-37330,XV-37331,feeds
PSV-37332,E-37333,upstream-of
E-37333,P-37334,upstream-of
P-37334,P-37335,downstream-of
P-37335,FCV-37336,on-line
P-37338,V-37339,discharges-to
V-37339,P-37340,upstream-of
P-37340,XV-37341,upstream-of
XV-37341,P-37342,discharges-to
TT-37344,TT-37345,upstream-of
V-37346,P-37347,upstream-of
P-37347,PSV-37348,feeds
PSV-37348,FCV-37349,upstream-of
TT-37351,COL-37352,on-line
COL-37352,K-37353,discharges-to
K-37353,P-37354,downstream-of
P-37354,LT-37355,upstream-of
LT-37355,P-37356,downstream-of
P-37356,V-37357,feeds
V-37357,XV-37358,upstream-of
XV-37358,FCV-37359,on-line
FCV-37359,LT-37360,discharges-to
LT-37360,P-37361,upstream-of
P-37361,E-37362,on-line
E-37362,V-37363,downstream-of
V-37364,LT-37365,on-line
P-37366,TT-37367,discharges-to
FT-37370,LT-37371,upstream-of
FT-37374,XV-37375,feeds
XV-37375,K-37376,discharges-to
K-37376,PT-37377,feeds
K-37378,FT-37379,discharges-to
E-37380,TT-37381,feeds
P-37382,COL-37383,on-line
COL-37383,LT-37384,upstream-of
LT-37384,E-37385,feeds
K-37386,LT-37387,upstream-of
LT-37387,PSV-37388,upstream-of
PSV-37388,XV-37389,upstream-of
XV-37389,FCV-37390,upstream-of
FCV-37390,COL-37391,feeds
FCV-37392,P-37393,downstream-of
P-37393,E-37394,upstream-of
E-37394,E-37395,downstream-of
TT-37396,P-37397,upstream-of
PT-37398,PT-37399,upstream-of
PT-37399,P-37400,downstream-of
P-37400,P-37401,downstream-of
P-37401,P-37402,downstream-of
P-37402,FCV-37403,on-line
FCV-37403,P-37404,downstream-of
P-37404,COL-37405,on-line
COL-37405,P-37406,on-line
P-37406,LT-37407,downstream-of
LT-37407,PT-37408,feeds
PT-37408,E-37409,discharges-to
LT-37410,P-37411,discharges-to
P-37411,FCV-37412,downstream-of
FCV-37412,P-37413,upstream-of
P-37413,V-37414,on-line
V-37414,K-37415,feeds
K-37415,V-37416,upstream-of
V-37417,E-37418,feeds
P-37421,LT-37422,discharges-to
TT-37423,E-37424,downstream-of
FCV-37425,PSV-37426,upstream-of
PSV-37426,FCV-37427,discharges-to
FCV-37427,FCV-37428,discharges-to
FCV-37428,COL-37429,upstream-of
COL-37429,PT-37430,on-line
K-37431,PSV-37432,upstream-of
XV-37434,K-37435,downstream-of
K-37435,V-37436,discharges-to
COL-37438,V-37439,upstream-of
V-37439,K-37440,upstream-of
K-37440,FT-37441,on-line
COL-37443,FCV-37444,feeds
FCV-37444,P-37445,downstream-of
P-37445,XV-37446,on-line
XV-37446,TT-37447,feeds
PT-37449,V-37450,downstream-of
TT-37451,E-37452,upstream-of
LT-37453,TT-37454,downstream-of
PT-37455,FT-37456,discharges-to
P-37457,P-37458,on-line
P-37458,LT-37459,discharges-to
LT-37459,K-37460,feeds
K-37460,TT-37461,downstream-of
TT-37461,FCV-37462,on-line
FCV-37462,FCV-37463,upstream-of
FCV-37463,PT-37464,on-line
K-37465,FT-37466,on-line
K-37467,PSV-37468,upstream-of
PSV-37468,FCV-37469,on-line
FCV-37471,P-37472,downstream-of
P-37472,FT-37473,downstream-of
FT-37473,XV-37474,on-line
XV-37474,LT-37475,downstream-of
LT-37475,FCV-37476,feeds
FCV-37476,PT-37477,on-line
XV-37478,PSV-37479,downstream-of
E-37481,TT-37482,discharges-to
TT-37482,FCV-37483,feeds
PSV-37485,PT-37486,discharges-to
P-37488,PSV-37489,on-line
PSV-37489,P-37490,downstream-of
P-37490,V-37491,discharges-to
V-37491,PT-37492,on-line
PT-37492,TT-37493,on-line
TT-37493,P-37494,upstream-of
P-37494,K-37495,downstream-of
K-37495,COL-37496,on-line
COL-37496,FT-37497,downstream-of
LT-37499,COL-37500,discharges-to
FT-37501,V-37502,on-line
V-37503,FCV-37504,feeds
FCV-37504,XV-37505,feeds
XV-37505,E-37506,upstream-of
E-37506,FT-37507,upstream-of
FT-37507,PT-37508,feeds
PT-37508,V-37509,discharges-to
V-37509,XV-37510,upstream-of
XV-37510,V-37511,feeds
V-37511,FT-37512,feeds
XV-37513,XV-37514,downstream-of
XV-37514,PSV-37515,discharges-to
PSV-37515,FCV-37516,downstream-of
V-37517,FT-37518,downstream-of
FT-37518,P-37519,feeds
P-37521,XV-37522,feeds
XV-37522,K-37523,discharges-to
K-37523,P-37524,upstream-of
XV-37525,FT-37526,on-line
FT-37526,PT-37527,upstream-of
P-37528,TT-37529,discharges-to
COL-37532,FT-37533,discharges-to
FT-37533,E-37534,feeds
E-37534,COL-37535,discharges-to
COL-37535,V-37536,upstream-of
V-37536,PT-37537,feeds
PT-37537,LT-37538,upstream-of
LT-37538,PSV-37539,discharges-to
PSV-37539,XV-37540,on-line
P-37541,K-37542,downstream-of
K-37542,P-37543,downstream-of
P-37543,E-37544,feeds
E-37544,FT-37545,discharges-to
FT-37545,V-37546,feeds
V-37548,P-37549,upstream-of
P-37550,P-37551,feeds
P-37551,P-37552,on-line
P-37552,PT-37553,downstream-of
PT-37553,COL-37554,downstream-of
COL-37554,LT-37555,downstream-of
P-37556,FCV-37557,on-line
P-37558,LT-37559,downstream-of
LT-37559,K-37560,discharges-to
K-37560,PSV-37561,upstream-of
PSV-37561,XV-37562,downstream-of
XV-37562,PT-37563,downstream-of
PT-37563,K-37564,on-line
K-37564,E-37565,upstream-of
COL-37568,PT-37569,discharges-to
PT-37569,V-37570,on-line
V-37570,FCV-37571,on-line
FCV-37571,PT-37572,upstream-of
PT-37572,P-37573,feeds
P-37573,V-37574,discharges-to
V-37574,COL-37575,upstream-of
COL-37575,PSV-37576,downstream-of
P-37577,FCV-37578,on-line
FCV-37578,PSV-37579,on-line
FCV-37581,PT-37582,upstream-of
PT-37582,FT-37583,upstream-of
FT-37583,P-37584,upstream-of
P-37584,LT-37585,downstream-of
LT-37585,PSV-37586,downstream-of
PSV-37586,XV-37587,upstream-of
XV-37587,K-37588,on-line
K-37588,FT-37589,upstream-of
FT-37589,P-37590,downstream-of
P-37590,FCV-37591,downstream-of
K-37592,PT-37593,discharges-to
PT-37593,P-37594,downstream-of
E-37595,COL-37596,downstream-of
P-37600,K-37601,upstream-of
K-37601,K-37602,upstream-of
K-37602,FCV-37603,downstream-of
FCV-37603,K-37604,upstream-of
K-37604,PT-37605,on-line
P-37606,COL-37607,downstream-of
XV-37608,V-37609,feeds
V-37609,XV-37610,discharges-to
XV-37610,V-37611,discharges-to
V-37611,PSV-37612,upstream-of
PSV-37612,V-37613,discharges-to
V-37613,P-37614,downstream-of
P-37614,LT-37615,downstream-of
LT-37616,TT-37617,on-line
LT-37622,COL-37623,on-line
COL-37623,PSV-37624,upstream-of
PSV-37624,FT-37625,upstream-of
FT-37625,K-37626,downstream-of
PT-37627,XV-37628,upstream-of
XV-37628,K-37629,downstream-of
K-37629,XV-37630,on-line
XV-37630,P-37631,on-line
P-37631,COL-37632,feeds
COL-37632,E-37633,discharges-to
P-37634,XV-37635,feeds
XV-37635,FT-37636,feeds
FT-37636,FT-37637,on-line
FT-37637,XV-37638,upstream-of
XV-37638,COL-37639,downstream-of
COL-37639,FT-37640,on-line
FT-37640,FCV-37641,upstream-of
COL-37643,P-37644,feeds
K-37646,K-37647,discharges-to
K-37647,COL-37648,on-line
COL-37648,FT-37649,discharges-to
FT-37649,COL-37650,downstream-of
COL-37650,LT-37651,discharges-to
LT-37651,FCV-37652,feeds
XV-37653,FCV-37654,downstream-of
FCV-37654,PT-37655,on-line
PT-37655,COL-37656,upstream-of
E-37657,XV-37658,discharges-to
XV-37658,P-37659,upstream-of
P-37659,P-37660,upstream-of
PT-37662,FCV-37663,discharges-to
FCV-37663,V-37664,upstream-of
V-37664,P-37665,downstream-of
P-37665,TT-37666,upstream-of
TT-37666,E-37667,on-line
E-37667,K-37668,feeds
K-37668,PSV-37669,feeds
V-37670,LT-37671,upstream-of
LT-37671,PT-37672,on-line
PT-37672,TT-37673,discharges-to
TT-37673,P-37674,on-line
PT-37676,COL-37677,downstream-of
COL-37677,FT-37678,on-line
FT-37678,E-37679,upstream-of
E-37679,P-37680,upstream-of
P-37680,PSV-37681,feeds
K-37682,FCV-37683,upstream-of
P-37684,PT-37685,on-line
PT-37685,TT-37686,downstream-of
TT-37686,XV-37687,feeds
LT-37688,PT-37689,upstream-of
PT-37689,COL-37690,on-line
P-37691,COL-37692,upstream-of
COL-37692,FT-37693,upstream-of
FT-37693,PSV-37694,upstream-of
PSV-37695,FT-37696,upstream-of
FT-37696,FT-37697,feeds
FT-37697,E-37698,on-line
E-37698,PSV-37699,on-line
XV-37700,FT-37701,upstream-of
FT-37701,XV-37702,on-line
XV-37702,TT-37703,on-line
LT-37704,E-37705,discharges-to
E-37705,PT-37706,upstream-of
PT-37706,PSV-37707,feeds
PSV-37707,XV-37708,discharges-to
PSV-37709,LT-37710,feeds
LT-37710,K-37711,upstream-of
V-37712,COL-37713,upstream-of
P-37714,E-37715,discharges-to
E-37715,P-37716,feeds
P-37716,V-37717,feeds
P-37720,COL-37721,on-line
COL-37721,K-37722,feeds
K-37722,LT-37723,feeds
FT-37725,COL-37726,feeds
COL-37726,TT-37727,downstream-of
TT-37727,K-37728,discharges-to
K-37728,PSV-37729,on-line
PT-37732,V-37733,feeds
V-37733,E-37734,upstream-of
E-37735,E-37736,downstream-of
E-37736,TT-37737,downstream-of
TT-37738,TT-37739,discharges-to
PSV-37740,FT-37741,feeds
FT-37741,P-37742,feeds
P-37742,XV-37743,discharges-to
P-37744,TT-37745,feeds
E-37746,FCV-37747,feeds
P-37748,XV-37749,feeds
XV-37749,K-37750,on-line
XV-37751,V-37752,upstream-of
V-37752,E-37753,discharges-to
E-37753,TT-37754,upstream-of
E-37755,TT-37756,downstream-of
TT-37756,FT-37757,upstream-of
FT-37757,FCV-37758,on-line
FCV-37758,TT-37759,discharges-to
V-37760,PT-37761,feeds
E-37762,TT-37763,on-line
PSV-37764,XV-37765,feeds
XV-37765,V-37766,on-line
V-37766,P-37767,feeds
P-37767,COL-37768,downstream-of
COL-37768,K-37769,on-line
K-37769,PSV-37770,on-line
PSV-37770,P-37771,discharges-to
P-37772,PT-37773,feeds
P-37774,FT-37775,feeds
FT-37775,COL-37776,upstream-of
COL-37776,LT-37777,on-line
LT-37777,P-37778,feeds
P-37778,FT-37779,discharges-to
K-37781,PSV-37782,downstream-of
V-37786,TT-37787,discharges-to
TT-37787,P-37788,downstream-of
P-37788,P-37789,on-line
P-37789,PT-37790,upstream-of
PT-37790,XV-37791,downstream-of
XV-37791,XV-37792,upstream-of
XV-37792,PSV-37793,discharges-to
PSV-37793,FT-37794,discharges-to
FT-37794,P-37795,feeds
P-37795,FCV-37796,upstream-of
P-37797,P-37798,on-line
P-37798,TT-37799,discharges-to
TT-37799,FT-37800,discharges-to
FT-37800,COL-37801,discharges-to
COL-37801,P-37802,downstream-of
P-37802,PT-37803,discharges-to
LT-37804,FCV-37805,on-line
FCV-37805,TT-37806,downstream-of
TT-37806,PT-37807,feeds
COL-37808,XV-37809,feeds
V-37810,P-37811,on-line
P-37811,LT-37812,upstream-of
LT-37812,TT-37813,downstream-of
TT-37813,TT-37814,feeds
FCV-37816,TT-37817,feeds
FCV-37818,FCV-37819,upstream-of
FCV-37819,COL-37820,upstream-of
COL-37820,LT-37821,feeds
V-37822,COL-37823,discharges-to
COL-37823,TT-37824,discharges-to
TT-37824,LT-37825,feeds
LT-37825,XV-37826,on-line
PT-37828,FT-37829,discharges-to
FT-37829,TT-37830,feeds
PSV-37831,E-37832,feeds
E-37832,V-37833,on-line
COL-37834,V-37835,feeds
V-37835,P-37836,discharges-to
P-37836,TT-37837,discharges-to
PT-37839,E-37840,upstream-of
PT-37841,P-37842,feeds
V-37843,K-37844,discharges-to
K-37844,COL-37845,feeds
COL-37845,K-37846,upstream-of
PSV-37847,PT-37848,feeds
PSV-37850,K-37851,feeds
K-37851,E-37852,on-line
E-37852,PT-37853,feeds
PT-37853,V-37854,discharges-to
V-37854,TT-37855,discharges-to
TT-37855,V-37856,discharges-to
V-37856,FT-37857,feeds
FT-37857,V-37858,on-line
TT-37859,P-37860,feeds
P-37860,K-37861,feeds
K-37861,V-37862,discharges-to
V-37862,PSV-37863,on-line
E-37866,K-37867,discharges-to
K-37867,E-37868,downstream-of
P-37869,XV-37870,upstream-of
LT-37871,P-37872,downstream-of
P-37872,XV-37873,discharges-to
XV-37873,COL-37874,upstream-of
COL-37874,V-37875,discharges-to
V-37875,E-37876,discharges-to
E-37876,COL-37877,downstream-of
COL-37877,P-37878,downstream-of
FT-37879,PSV-37880,feeds
PSV-37880,K-37881,feeds
K-37881,FT-37882,upstream-of
FT-37882,PT-37883,downstream-of
COL-37884,P-37885,on-line
P-37885,LT-37886,discharges-to
LT-37886,PT-37887,on-line
PT-37887,V-37888,feeds
LT-37889,PT-37890,downstream-of
PT-37890,P-37891,discharges-to
P-37891,P-37892,discharges-to
P-37892,COL-37893,discharges-to
E-37894,PSV-37895,feeds
P-37896,PT-37897,downstream-of
V-37898,E-37899,discharges-to
E-37899,V-37900,downstream-of
V-37900,COL-37901,upstream-of
COL-37901,PT-37902,upstream-of
PT-37902,PT-37903,discharges-to
PT-37903,TT-37904,upstream-of
TT-37904,PT-37905,discharges-to
FT-37907,FT-37908,downstream-of
FT-37908,FT-37909,feeds
FT-37909,TT-37910,on-line
TT-37910,V-37911,discharges-to
V-37911,TT-37912,downstream-of
TT-37912,K-37913,downstream-of
K-37913,FT-37914,upstream-of
FT-37914,LT-37915,downstream-of
LT-37915,PT-37916,discharges-to
PT-37916,FCV-37917,feeds
FCV-37917,V-37918,upstream-of
V-37918,P-37919,upstream-of
P-37919,PSV-37920,downstream-of
P-37922,FT-37923,upstream-of
FT-37923,V-37924,downstream-of
TT-37925,FT-37926,feeds
FT-37929,V-37930,downstream-of
V-37932,P-37933,feeds
FCV-37934,PT-37935,upstream-of
PT-37935,P-37936,on-line
P-37936,E-37937,feeds
FCV-37938,TT-37939,discharges-to
TT-37939,XV-37940,on-line
XV-37940,P-37941,upstream-of
P-37941,P-37942,downstream-of
PT-37945,PSV-37946,downstream-of
P-37947,LT-37948,upstream-of
LT-37948,PT-37949,downstream-of
PT-37949,TT-37950,on-line
XV-37951,COL-37952,upstream-of
COL-37952,TT-37953,feeds
TT-37953,PT-37954,feeds
FT-37959,PT-37960,upstream-of
PT-37960,E-37961,on-line
E-37961,COL-37962,downstream-of
COL-37962,P-37963,feeds
P-37963,V-37964,feeds
V-37964,FT-37965,on-line
FCV-37966,FCV-37967,downstream-of
FCV-37967,FT-37968,upstream-of
COL-37969,K-37970,upstream-of
K-37970,K-37971,feeds
K-37971,K-37972,upstream-of
K-37972,P-37973,discharges-to
P-37973,FT-37974,feeds
FT-37974,FT-37975,upstream-of
FT-37975,COL-37976,discharges-to
K-37978,FT-37979,downstream-of
FT-37979,PT-37980,feeds
K-37981,E-37982,upstream-of
E-37982,FT-37983,feeds
FT-37983,PT-37984,downstream-of
PT-37984,V-37985,downstream-of
LT-37988,FT-37989,downstream-of
COL-37990,XV-37991,on-line
XV-37991,FT-37992,upstream-of
PT-37993,E-37994,downstream-of
E-37994,COL-37995,on-line
COL-37995,XV-37996,discharges-to
P-37997,TT-37998,downstream-of
TT-37998,P-37999,on-line
P-37999,COL-38000,downstream-of
COL-38000,LT-38001,feeds
LT-38001,TT-38002,upstream-of
LT-38003,V-38004,feeds
V-38004,P-38005,downstream-of
P-38005,P-38006,on-line
P-38006,P-38007,on-line
P-38007,K-38008,discharges-to
COL-38011,LT-38012,discharges-to
LT-38012,P-38013,upstream-of
P-38013,K-38014,discharges-to
K-38014,TT-38015,feeds
XV-38018,PT-38019,feeds
PT-38019,FT-38020,discharges-to
XV-38021,LT-38022,discharges-to
LT-38022,V-38023,upstream-of
V-38023,K-38024,on-line
K-38024,LT-38025,discharges-to
LT-38025,FT-38026,downstream-of
FT-38026,P-38027,on-line
P-38027,P-38028,upstream-of
FT-38029,V-38030,downstream-of
V-38030,COL-38031,discharges-to
PT-38032,P-38033,downstream-of
P-38033,P-38034,upstream-of
COL-38035,FT-38036,on-line
TT-38037,E-38038,on-line
E-38038,E-38039,on-line
E-38039,LT-38040,downstream-of
FT-38043,P-38044,feeds
P-38044,PSV-38045,feeds
PSV-38045,K-38046,downstream-of
K-38046,P-38047,downstream-of
FCV-38049,XV-38050,discharges-to
K-38051,COL-38052,discharges-to
FT-38054,P-38055,on-line
P-38055,V-38056,feeds
XV-38057,PSV-38058,discharges-to
PSV-38058,LT-38059,downstream-of
K-38062,XV-38063,downstream-of
XV-38063,PSV-38064,feeds
PSV-38064,COL-38065,downstream-of
COL-38065,PSV-38066,upstream-of
PSV-38066,K-38067,feeds
K-38067,K-38068,downstream-of
FT-38069,K-38070,upstream-of
LT-38071,FCV-38072,feeds
FCV-38072,V-38073,upstream-of
FCV-38077,PSV-38078,downstream-of
PT-38080,E-38081,discharges-to
E-38081,P-38082,upstream-of
P-38082,PT-38083,feeds
FCV-38084,K-38085,downstream-of
P-38086,XV-38087,on-line
XV-38087,COL-38088,feeds
COL-38088,E-38089,on-line
PT-38090,K-38091,on-line
K-38091,E-38092,on-line
E-38092,E-38093,feeds
E-38093,LT-38094,discharges-to
LT-38094,P-38095,discharges-to
P-38095,LT-38096,discharges-to
LT-38096,V-38097,upstream-of
V-38097,LT-38098,upstream-of
LT-38098,V-38099,on-line
COL-38100,PT-38101,upstream-of
PT-38101,E-38102,upstream-of
E-38102,LT-38103,on-line
LT-38103,COL-38104,feeds
COL-38104,K-38105,downstream-of
E-38107,PSV-38108,on-line
PSV-38108,PT-38109,feeds
PT-38109,PT-38110,upstream-of
PT-38110,FCV-38111,downstream-of
K-38112,FCV-38113,feeds
FCV-38113,COL-38114,upstream-of
XV-38115,XV-38116,discharges-to
PSV-38118,LT-38119,downstream-of
LT-38119,K-38120,feeds
E-38121,FT-38122,on-line
PSV-38125,K-38126,upstream-of
K-38127,E-38128,feeds
E-38128,E-38129,upstream-of
E-38129,P-38130,downstream-of
P-38130,PSV-38131,on-line
PSV-38131,V-38132,on-line
COL-38133,E-38134,on-line
E-38134,P-38135,discharges-to
P-38135,P-38136,feeds
P-38136,V-38137,on-line
V-38137,PT-38138,downstream-of
PT-38138,XV-38139,downstream-of
FCV-38140,K-38141,feeds
K-38142,XV-38143,feeds
XV-38143,PT-38144,discharges-to
PT-38144,XV-38145,downstream-of
XV-38145,E-38146,downstream-of
E-38146,PSV-38147,discharges-to
PSV-38147,XV-38148,on-line
XV-38148,COL-38149,discharges-to
FT-38150,V-38151,discharges-to
V-38151,TT-38152,on-line
TT-38152,E-38153,downstream-of
P-38156,TT-38157,on-line
TT-38158,FT-38159,on-line
FT-38159,FCV-38160,discharges-to
FCV-38160,P-38161,discharges-to
P-38161,V-38162,upstream-of
V-38162,FCV-38163,discharges-to
FCV-38163,TT-38164,on-line
TT-38164,FCV-38165,downstream-of
FCV-38165,FCV-38166,discharges-to
PT-38167,LT-38168,feeds
E-38169,PSV-38170,discharges-to
PSV-38170,FCV-38171,on-line
FCV-38171,COL-38172,downstream-of
COL-38172,P-38173,downstream-of
P-38173,P-38174,upstream-of
P-38174,P-38175,downstream-of
P-38176,COL-38177,on-line
P-38180,K-38181,upstream-of
K-38182,LT-38183,upstream-of
LT-38183,LT-38184,feeds
E-38186,COL-38187,discharges-to
PT-38188,LT-38189,feeds
FT-38190,PT-38191,upstream-of
E-38192,V-38193,feeds
V-38195,P-38196,downstream-of
FT-38197,TT-38198,feeds
E-38199,LT-38200,upstream-of
PSV-38202,PSV-38203,feeds
PSV-38203,XV-38204,feeds
XV-38204,P-38205,discharges-to
P-38205,K-38206,discharges-to
K-38206,TT-38207,upstream-of
TT-38212,LT-38213,downstream-of
PSV-38215,FT-38216,feeds
FT-38216,LT-38217,downstream-of
LT-38218,K-38219,discharges-to
PSV-38220,FT-38221,feeds
FT-38221,FCV-38222,on-line
FCV-38222,FT-38223,upstream-of
FT-38223,PSV-38224,on-line
FT-38225,FT-38226,on-line
FT-38226,P-38227,discharges-to
P-38229,FCV-38230,discharges-to
K-38231,PT-38232,on-line
PT-38232,TT-38233,upstream-of
TT-38233,COL-38234,discharges-to
COL-38234,LT-38235,upstream-of
LT-38235,P-38236,feeds
P-38236,P-38237,on-line
P-38237,LT-38238,downstream-of
LT-38238,PSV-38239,downstream-of
PSV-38239,TT-38240,feeds
TT-38240,K-38241,discharges-to
K-38241,XV-38242,downstream-of
XV-38242,XV-38243,upstream-of
XV-38243,E-38244,downstream-of
P-38245,XV-38246,feeds
XV-38246,PSV-38247,on-line
XV-38249,XV-38250,feeds
XV-38250,V-38251,feeds
V-38251,PT-38252,downstream-of
PT-38252,P-38253,on-line
P-38253,LT-38254,feeds
LT-38255,XV-38256,discharges-to
FCV-38258,TT-38259,feeds
TT-38259,PT-38260,downstream-of
PT-38260,PSV-38261,downstream-of
PSV-38261,TT-38262,feeds
TT-38262,FCV-38263,upstream-of
FCV-38263,PSV-38264,feeds
PT-38267,FT-38268,on-line
FT-38268,FCV-38269,discharges-to
FCV-38269,LT-38270,on-line
LT-38270,COL-38271,on-line
COL-38271,COL-38272,downstream-of
XV-38275,COL-38276,upstream-of
COL-38276,COL-38277,upstream-of
COL-38277,PT-38278,upstream-of
FCV-38279,K-38280,feeds
K-38280,PT-38281,feeds
K-38284,FT-38285,discharges-to
TT-38286,K-38287,downstream-of
K-38287,V-38288,upstream-of
V-38288,FT-38289,discharges-to
PT-38290,FT-38291,feeds
FT-38291,P-38292,upstream-of
P-38292,XV-38293,on-line
XV-38295,PT-38296,feeds
PT-38296,LT-38297,discharges-to
LT-38297,PT-38298,upstream-of
PT-38298,E-38299,downstream-of
E-38299,P-38300,upstream-of
P-38300,FT-38301,downstream-of
FT-38301,P-38302,on-line
P-38303,FCV-38304,upstream-of
FCV-38305,PT-38306,upstream-of
PT-38306,PSV-38307,discharges-to
PSV-38307,PT-38308,on-line
XV-38311,V-38312,upstream-of
V-38312,FCV-38313,discharges-to
FCV-38313,COL-38314,upstream-of
COL-38314,PT-38315,feeds
FCV-38316,XV-38317,downstream-of
V-38318,FCV-38319,on-line
FCV-38319,P-38320,feeds
TT-38322,FCV-38323,discharges-to
COL-38324,PT-38325,on-line
PT-38325,XV-38326,upstream-of
XV-38326,PT-38327,feeds
P-38328,K-38329,discharges-to
K-38329,COL-38330,feeds
P-38332,FT-38333,upstream-of
FT-38334,FT-38335,downstream-of
FT-38335,P-38336,discharges-to
P-38336,PT-38337,downstream-of
E-38338,V-38339,upstream-of
V-38339,P-38340,downstream-of
P-38340,E-38341,upstream-of
E-38341,FT-38342,downstream-of
FT-38342,P-38343,downstream-of
K-38344,P-38345,upstream-of
P-38345,LT-38346,on-line
LT-38346,XV-38347,discharges-to
XV-38347,PT-38348,downstream-of
PT-38348,PSV-38349,discharges-to
PSV-38349,TT-38350,on-line
TT-38350,FCV-38351,on-line
FCV-38351,E-38352,downstream-of
TT-38355,COL-38356,upstream-of
COL-38356,K-38357,discharges-to
XV-38358,P-38359,downstream-of
P-38359,FT-38360,discharges-to
FT-38360,V-38361,feeds
V-38361,XV-38362,upstream-of
XV-38362,TT-38363,downstream-of
PSV-38364,FCV-38365,downstream-of
FCV-38365,K-38366,on-line
K-38366,P-38367,feeds
P-38367,P-38368,on-line
P-38368,LT-38369,feeds
LT-38369,COL-38370,upstream-of
COL-38370,FT-38371,on-line
P-38375,V-38376,feeds
V-38376,TT-38377,feeds
TT-38377,P-38378,feeds
P-38378,TT-38379,feeds
TT-38379,K-38380,discharges-to
K-38380,FCV-38381,feeds
P-38383,LT-38384,on-line
LT-38384,COL-38385,upstream-of
P-38387,TT-38388,on-line
FT-38389,LT-38390,discharges-to
LT-38390,K-38391,discharges-to
K-38391,TT-38392,discharges-to
TT-38392,PSV-38393,upstream-of
PSV-38393,E-38394,downstream-of
E-38394,COL-38395,discharges-to
PSV-38397,V-38398,downstream-of
V-38398,P-38399,on-line
P-38399,P-38400,downstream-of
P-38400,P-38401,downstream-of
P-38401,XV-38402,upstream-of
PT-38404,FCV-38405,downstream-of
PSV-38406,TT-38407,on-line
TT-38407,XV-38408,feeds
XV-38408,XV-38409,upstream-of
P-38411,P-38412,discharges-to
P-38412,PT-38413,on-line
LT-38414,E-38415,downstream-of
E-38415,E-38416,on-line
E-38416,P-38417,downstream-of
P-38417,XV-38418,downstream-of
XV-38418,K-38419,downstream-of
K-38419,PT-38420,feeds
PT-38420,LT-38421,downstream-of
LT-38421,LT-38422,feeds
LT-38422,XV-38423,downstream-of
XV-38423,V-38424,on-line
P-38425,FCV-38426,on-line
FCV-38426,FCV-38427,feeds
FCV-38427,FT-38428,downstream-of
FT-38428,V-38429,feeds
V-38429,TT-38430,on-line
FCV-38431,COL-38432,discharges-to
COL-38432,P-38433,discharges-to
P-38433,PSV-38434,upstream-of
PSV-38434,PT-38435,discharges-to
PT-38435,P-38436,downstream-of
P-38436,XV-38437,upstream-of
XV-38437,LT-38438,downstream-of
LT-38438,FT-38439,discharges-to
FT-38439,E-38440,feeds
E-38440,PSV-38441,discharges-to
E-38442,E-38443,feeds
E-38443,P-38444,feeds
P-38444,COL-38445,upstream-of
COL-38445,FCV-38446,feeds
FCV-38446,K-38447,on-line
K-38447,FCV-38448,on-line
FCV-38448,COL-38449,on-line
K-38450,K-38451,on-line
FT-38453,P-38454,upstream-of
P-38454,V-38455,discharges-to
E-38457,P-38458,downstream-of
P-38458,E-38459,on-line
E-38459,P-38460,discharges-to
P-38461,PSV-38462,upstream-of
PSV-38462,PT-38463,on-line
PT-38464,P-38465,discharges-to
P-38465,P-38466,upstream-of
TT-38467,PSV-38468,downstream-of
PSV-38468,COL-38469,feeds
COL-38469,FT-38470,upstream-of
FT-38470,P-38471,feeds
P-38471,PSV-38472,upstream-of
PSV-38472,COL-38473,downstream-of
PSV-38474,PT-38475,upstream-of
PT-38475,P-38476,on-line
P-38476,V-38477,discharges-to
V-38477,TT-38478,discharges-to
PSV-38479,K-38480,downstream-of
K-38480,LT-38481,feeds
E-38482,FT-38483,on-line
XV-38484,P-38485,upstream-of
P-38485,FCV-38486,downstream-of
FCV-38486,V-38487,upstream-of
V-38487,V-38488,on-line
P-38489,PSV-38490,downstream-of
PSV-38490,E-38491,discharges-to
E-38491,XV-38492,downstream-of
LT-38494,P-38495,on-line
P-38495,FT-38496,downstream-of
FT-38496,FT-38497,discharges-to
P-38498,P-38499,downstream-of
P-38499,PT-38500,downstream-of
PT-38500,PSV-38501,downstream-of
PSV-38501,LT-38502,upstream-of
LT-38502,XV-38503,on-line
XV-38503,LT-38504,upstream-of
TT-38505,PSV-38506,feeds
PSV-38506,PSV-38507,on-line
PSV-38507,LT-38508,upstream-of
P-38511,FT-38512,on-line
V-38513,FT-38514,discharges-to
FT-38514,LT-38515,on-line
LT-38515,P-38516,discharges-to
P-38516,TT-38517,feeds
TT-38517,V-38518,downstream-of
V-38518,V-38519,downstream-of
V-38519,E-38520,upstream-of
PT-38521,E-38522,on-line
E-38522,PT-38523,downstream-of
PT-38523,K-38524,feeds
V-38525,XV-38526,upstream-of
XV-38526,PT-38527,discharges-to
XV-38528,PSV-38529,feeds
PSV-38529,V-38530,downstream-of
V-38530,COL-38531,discharges-to
COL-38531,TT-38532,downstream-of
TT-38532,P-38533,feeds
P-38533,XV-38534,feeds
TT-38535,P-38536,upstream-of
P-38536,PT-38537,discharges-to
PT-38537,PT-38538,feeds
PSV-38539,K-38540,upstream-of
FT-38541,K-38542,upstream-of
K-38542,FCV-38543,on-line
FCV-38543,XV-38544,downstream-of
XV-38544,FT-38545,discharges-to
FT-38545,LT-38546,feeds
LT-38547,COL-38548,upstream-of
K-38549,FT-38550,feeds
FT-38550,TT-38551,feeds
TT-38551,P-38552,discharges-to
P-38552,K-38553,upstream-of
K-38553,COL-38554,downstream-of
COL-38554,PT-38555,upstream-of
PT-38555,PT-38556,upstream-of
XV-38557,P-38558,feeds
P-38558,FCV-38559,upstream-of
FCV-38559,V-38560,discharges-to
V-38560,XV-38561,on-line
XV-38561,FCV-38562,feeds
LT-38563,P-38564,downstream-of
P-38564,FCV-38565,downstream-of
FCV-38565,V-38566,on-line
V-38566,P-38567,on-line
P-38567,PSV-38568,on-line
PSV-38568,TT-38569,discharges-to
TT-38569,COL-38570,feeds
COL-38570,XV-38571,upstream-of
FT-38572,P-38573,feeds
V-38580,XV-38581,feeds
XV-38581,TT-38582,discharges-to
LT-38583,TT-38584,downstream-of
TT-38584,TT-38585,feeds
FCV-38586,XV-38587,on-line
LT-38588,P-38589,discharges-to
P-38590,K-38591,feeds
K-38591,LT-38592,feeds
COL-38593,P-38594,feeds
P-38594,P-38595,on-line
K-38596,P-38597,discharges-to
FT-38598,K-38599,discharges-to
K-38599,PT-38600,on-line
V-38603,XV-38604,downstream-of
XV-38604,P-38605,discharges-to
FCV-38607,E-38608,upstream-of
E-38608,P-38609,discharges-to
P-38609,PT-38610,feeds
PT-38610,XV-38611,feeds
XV-38611,LT-38612,downstream-of
LT-38612,K-38613,feeds
XV-38614,TT-38615,downstream-of
PT-38616,FT-38617,downstream-of
FT-38617,COL-38618,downstream-of
COL-38618,FCV-38619,feeds
E-38620,FT-38621,discharges-to
FT-38621,P-38622,upstream-of
LT-38623,FT-38624,upstream-of
FT-38624,FT-38625,upstream-of
FT-38625,PSV-38626,downstream-of
PSV-38626,TT-38627,feeds
PT-38628,PT-38629,on-line
PT-38629,PT-38630,downstream-of
PT-38630,LT-38631,discharges-to
LT-38631,TT-38632,on-line
TT-38632,P-38633,downstream-of
P-38633,K-38634,on-line
K-38634,TT-38635,on-line
TT-38635,K-38636,feeds
K-38636,K-38637,downstream-of
K-38637,FT-38638,downstream-of
FT-38638,LT-38639,on-line
LT-38639,K-38640,on-line
K-38640,V-38641,downstream-of
V-38641,P-38642,downstream-of
P-38642,LT-38643,discharges-to
LT-38643,COL-38644,feeds
COL-38644,FT-38645,discharges-to
FT-38645,FT-38646,upstream-of
FT-38646,FCV-38647,discharges-to
FCV-38648,P-38649,on-line
PSV-38651,XV-38652,on-line
XV-38652,K-38653,downstream-of
K-38653,PSV-38654,downstream-of
PSV-38654,LT-38655,on-line
E-38657,PT-38658,downstream-of
P-38659,LT-38660,discharges-to
PSV-38661,XV-38662,feeds
XV-38662,K-38663,downstream-of
K-38663,FCV-38664,upstream-of
FCV-38664,XV-38665,discharges-to
P-38666,P-38667,on-line
P-38667,XV-38668,on-line
XV-38668,P-38669,downstream-of
P-38669,XV-38670,on-line
XV-38670,LT-38671,upstream-of
LT-38671,PSV-38672,downstream-of
PSV-38672,LT-38673,feeds
LT-38673,P-38674,feeds
P-38674,V-38675,on-line
V-38675,FT-38676,on-line
FT-38676,P-38677,upstream-of
P-38677,LT-38678,feeds
LT-38678,K-38679,feeds
K-38679,FCV-38680,on-line
FCV-38680,P-38681,upstream-of
P-38681,XV-38682,discharges-to
XV-38682,P-38683,upstream-of
P-38683,PT-38684,downstream-of
PT-38684,FCV-38685,on-line
V-38686,V-38687,discharges-to
V-38687,V-38688,upstream-of
FCV-38689,TT-38690,downstream-of
FCV-38692,TT-38693,discharges-to
P-38694,PT-38695,upstream-of
PT-38695,PT-38696,feeds
COL-38701,E-38702,discharges-to
E-38702,LT-38703,feeds
LT-38703,FCV-38704,upstream-of
FCV-38704,E-38705,feeds
E-38705,XV-38706,feeds
XV-38706,PT-38707,feeds
PT-38707,XV-38708,discharges-to
XV-38708,FCV-38709,downstream-of
FCV-38709,FT-38710,upstream-of
P-38711,LT-38712,upstream-of
LT-38712,TT-38713,on-line
TT-38713,FCV-38714,downstream-of
FCV-38714,V-38715,feeds
FT-38716,FCV-38717,on-line
P-38719,FT-38720,downstream-of
FT-38720,PT-38721,on-line
PT-38721,V-38722,upstream-of
V-38722,COL-38723,downstream-of
K-38724,PSV-38725,on-line
PSV-38725,PSV-38726,downstream-of
PSV-38726,LT-38727,upstream-of
LT-38727,PT-38728,feeds
PT-38728,LT-38729,feeds
LT-38729,P-38730,discharges-to
P-38730,V-38731,feeds
V-38731,PT-38732,on-line
PT-38732,P-38733,downstream-of
P-38734,FT-38735,upstream-of
FT-38735,LT-38736,on-line
V-38737,TT-38738,upstream-of
TT-38738,V-38739,on-line
E-38740,LT-38741,upstream-of
LT-38741,FT-38742,feeds
LT-38743,XV-38744,on-line
XV-38744,P-38745,discharges-to
P-38745,XV-38746,downstream-of
XV-38746,FT-38747,on-line
E-38748,E-38749,downstream-of
E-38749,P-38750,feeds
PSV-38752,PT-38753,discharges-to
PT-38753,FCV-38754,feeds
FCV-38754,XV-38755,feeds
XV-38755,P-38756,upstream-of
P-38756,V-38757,discharges-to
V-38757,FT-38758,feeds
PT-38759,FT-38760,downstream-of
PSV-38761,COL-38762,discharges-to
COL-38762,XV-38763,downstream-of
XV-38763,PSV-38764,downstream-of
PSV-38764,PT-38765,feeds
PT-38765,E-38766,upstream-of
E-38767,FT-38768,on-line
FT-38768,TT-38769,upstream-of
XV-38770,PT-38771,on-line
K-38774,COL-38775,feeds
COL-38775,P-38776,discharges-to
P-38776,FT-38777,upstream-of
FT-38777,FT-38778,feeds
FT-38778,FCV-38779,feeds
FCV-38779,LT-38780,feeds
LT-38780,COL-38781,discharges-to
LT-38783,PSV-38784,feeds
PSV-38784,XV-38785,upstream-of
XV-38785,P-38786,upstream-of
P-38786,P-38787,upstream-of
E-38788,XV-38789,feeds
XV-38789,COL-38790,discharges-to
COL-38790,E-38791,on-line
E-38791,V-38792,upstream-of
COL-38793,TT-38794,on-line
TT-38794,COL-38795,upstream-of
PSV-38796,TT-38797,upstream-of
XV-38798,P-38799,discharges-to
COL-38801,FCV-38802,discharges-to
FCV-38802,COL-38803,feeds
COL-38803,LT-38804,feeds
FCV-38805,K-38806,feeds
P-38807,P-38808,downstream-of
P-38808,FT-38809,downstream-of
FT-38809,TT-38810,feeds
TT-38810,FCV-38811,feeds
FCV-38811,P-38812,downstream-of
K-38817,P-38818,downstream-of
P-38818,FT-38819,feeds
COL-38821,P-38822,upstream-of
K-38823,PSV-38824,feeds
TT-38825,PT-38826,upstream-of
PT-38826,K-38827,feeds
LT-38828,PT-38829,on-line
PT-38829,PT-38830,upstream-of
PT-38830,XV-38831,feeds
XV-38831,LT-38832,upstream-of
FCV-38833,P-38834,downstream-of
P-38834,K-38835,downstream-of
XV-38836,V-38837,downstream-of
V-38837,LT-38838,feeds
XV-38839,TT-38840,downstream-of
TT-38840,LT-38841,feeds
P-38842,PSV-38843,upstream-of
PSV-38843,P-38844,feeds
P-38844,P-38845,downstream-of
P-38845,E-38846,upstream-of
E-38846,K-38847,upstream-of
K-38847,TT-38848,upstream-of
TT-38848,PT-38849,downstream-of
PT-38849,K-38850,upstream-of
K-38850,K-38851,downstream-of
K-38851,XV-38852,discharges-to
XV-38852,K-38853,discharges-to
K-38853,PSV-38854,discharges-to
LT-38855,PT-38856,on-line
PT-38856,K-38857,downstream-of
COL-38858,COL-38859,on-line
COL-38859,V-38860,discharges-to
V-38860,COL-38861,discharges-to
COL-38861,E-38862,feeds
E-38862,PSV-38863,on-line
TT-38864,E-38865,upstream-of
FT-38869,FCV-38870,upstream-of
FCV-38870,TT-38871,upstream-of
TT-38871,FT-38872,on-line
FT-38872,TT-38873,on-line
TT-38873,COL-38874,feeds
COL-38874,E-38875,feeds
E-38875,COL-38876,feeds
COL-38876,XV-38877,discharges-to
XV-38877,TT-38878,discharges-to
TT-38878,XV-38879,feeds
FCV-38880,K-38881,on-line
K-38881,PSV-38882,upstream-of
PSV-38882,E-38883,discharges-to
E-38883,TT-38884,feeds
TT-38884,FT-38885,downstream-of
FT-38885,K-38886,downstream-of
K-38886,FT-38887,downstream-of
FT-38887,XV-38888,upstream-of
XV-38892,LT-38893,downstream-of
COL-38894,XV-38895,feeds
E-38897,LT-38898,on-line
LT-38898,E-38899,discharges-to
E-38899,PSV-38900,downstream-of
PSV-38900,P-38901,downstream-of
PSV-38902,V-38903,on-line
V-38903,FCV-38904,discharges-to
FCV-38904,TT-38905,feeds
PSV-38906,V-38907,feeds
V-38907,P-38908,on-line
P-38908,COL-38909,on-line
COL-38909,V-38910,upstream-of
V-38910,TT-38911,upstream-of
TT-38911,TT-38912,discharges-to
TT-38912,P-38913,upstream-of
P-38913,V-38914,feeds
V-38914,TT-38915,on-line
TT-38915,E-38916,upstream-of
XV-38918,P-38919,feeds
P-38919,E-38920,discharges-to
E-38920,TT-38921,on-line
TT-38921,LT-38922,feeds
LT-38922,K-38923,downstream-of
K-38923,P-38924,feeds
P-38924,PT-38925,on-line
P-38928,E-38929,upstream-of
E-38929,COL-38930,discharges-to
COL-38930,P-38931,on-line
P-38931,LT-38932,feeds
LT-38932,LT-38933,downstream-of
V-38934,TT-38935,upstream-of
TT-38935,P-38936,downstream-of
LT-38937,PT-38938,downstream-of
PT-38938,P-38939,upstream-of
P-38939,PSV-38940,downstream-of
E-38941,FT-38942,feeds
FT-38942,P-38943,feeds
FT-38944,E-38945,upstream-of
E-38945,COL-38946,discharges-to
K-38947,K-38948,upstream-of
K-38948,LT-38949,discharges-to
LT-38949,COL-38950,feeds
TT-38951,FT-38952,downstream-of
LT-38953,E-38954,discharges-to
E-38955,P-38956,upstream-of
LT-38958,P-38959,downstream-of
P-38959,LT-38960,discharges-to
LT-38960,LT-38961,upstream-of
LT-38961,E-38962,on-line
COL-38963,FT-38964,downstream-of
FT-38964,LT-38965,downstream-of
LT-38965,V-38966,feeds
P-38968,LT-38969,downstream-of
COL-38970,XV-38971,discharges-to
XV-38971,PT-38972,feeds
PT-38972,P-38973,on-line
P-38973,LT-38974,feeds
XV-38975,TT-38976,on-line
TT-38976,E-38977,feeds
E-38977,COL-38978,feeds
PT-38979,P-38980,feeds
PT-38981,K-38982,on-line
K-38982,P-38983,downstream-of
P-38983,LT-38984,discharges-to
LT-38984,LT-38985,on-line
LT-38985,K-38986,discharges-to
K-38986,K-38987,discharges-to
K-38987,V-38988,discharges-to
V-38988,COL-38989,on-line
COL-38989,PT-38990,on-line
E-38996,K-38997,feeds
K-38997,XV-38998,downstream-of
XV-38998,FT-38999,feeds
FT-38999,E-39000,on-line
E-39000,P-39001,feeds
COL-39002,P-39003,on-line
P-39003,XV-39004,on-line
XV-39005,K-39006,on-line
PT-39007,PT-39008,feeds
PT-39008,FCV-39009,discharges-to
FCV-39009,FCV-39010,upstream-of
FCV-39010,TT-39011,discharges-to
TT-39011,COL-39012,downstream-of
COL-39012,TT-39013,discharges-to
TT-39013,TT-39014,discharges-to
TT-39014,FCV-39015,on-line
COL-39016,FT-39017,upstream-of
E-39020,P-39021,downstream-of
P-39021,P-39022,feeds
P-39022,P-39023,upstream-of
P-39023,E-39024,upstream-of
PSV-39025,K-39026,feeds
K-39026,PT-39027,on-line
PT-39027,V-39028,upstream-of
FCV-39029,P-39030,on-line
P-39030,FT-39031,downstream-of
FT-39031,PSV-39032,on-line
PSV-39032,TT-39033,discharges-to
TT-39033,E-39034,upstream-of
E-39034,V-39035,on-line
FCV-39036,PT-39037,discharges-to
V-39039,XV-39040,feeds
E-39041,PT-39042,feeds
PT-39042,TT-39043,upstream-of
TT-39043,V-39044,on-line
V-39044,V-39045,discharges-to
V-39045,FT-39046,feeds
LT-39047,P-39048,discharges-to
P-39048,XV-39049,on-line
XV-39049,LT-39050,discharges-to
P-39051,FCV-39052,on-line
FT-39056,FT-39057,discharges-to
FT-39057,LT-39058,downstream-of
K-39062,V-39063,upstream-of
V-39063,V-39064,discharges-to
V-39064,XV-39065,discharges-to
XV-39065,COL-39066,upstream-of
COL-39066,TT-39067,upstream-of
K-39068,P-39069,downstream-of
COL-39071,P-39072,discharges-to
E-39073,P-39074,feeds
P-39075,P-39076,discharges-to
P-39076,P-39077,discharges-to
P-39077,PT-39078,upstream-of
PT-39078,FT-39079,feeds
FT-39079,K-39080,discharges-to
K-39080,XV-39081,discharges-to
XV-39081,LT-39082,downstream-of
LT-39082,FT-39083,on-line
FT-39083,COL-39084,on-line
FCV-39085,V-39086,upstream-of
K-39087,LT-39088,downstream-of
PT-39089,PT-39090,upstream-of
PT-39090,FT-39091,downstream-of
FT-39091,P-39092,downstream-of
PSV-39094,PT-39095,upstream-of
PT-39095,V-39096,upstream-of
P-39097,E-39098,on-line
E-39098,COL-39099,feeds
COL-39099,PSV-39100,downstream-of
PSV-39100,TT-39101,discharges-to
P-39104,E-39105,upstream-of
PSV-39106,V-39107,upstream-of
FCV-39109,FCV-39110,upstream-of
FCV-39110,COL-39111,downstream-of
COL-39111,FCV-39112,feeds
FT-39113,P-39114,feeds
LT-39115,COL-39116,feeds
K-39119,PT-39120,feeds
PT-39120,V-39121,upstream-of
P-39122,PSV-39123,downstream-of
PSV-39123,V-39124,on-line
V-39124,XV-39125,upstream-of
TT-39126,P-39127,on-line
P-39127,P-39128,downstream-of
P-39128,E-39129,discharges-to
COL-39133,P-39134,on-line
P-39134,FCV-39135,feeds
FCV-39137,P-39138,discharges-to
COL-39139,FCV-39140,discharges-to
FCV-39140,FCV-39141,upstream-of
FCV-39141,PT-39142,on-line
PT-39142,FT-39143,on-line
TT-39144,E-39145,on-line
E-39145,E-39146,upstream-of
FT-39149,PSV-39150,discharges-to
PSV-39150,PSV-39151,upstream-of
E-39152,XV-39153,upstream-of
XV-39153,PSV-39154,on-line
PSV-39154,E-39155,downstream-of
E-39155,P-39156,upstream-of
P-39156,FCV-39157,feeds
FT-39159,K-39160,discharges-to
K-39160,TT-39161,discharges-to
TT-39161,COL-39162,on-line
COL-39162,TT-39163,discharges-to
LT-39164,V-39165,upstream-of
V-39165,P-39166,on-line
P-39166,PT-39167,downstream-of
TT-39168,K-39169,discharges-to
K-39169,XV-39170,upstream-of
XV-39171,P-39172,downstream-of
P-39172,PSV-39173,upstream-of
PSV-39173,FT-39174,feeds
FT-39174,XV-39175,upstream-of
XV-39175,FT-39176,discharges-to
FT-39176,E-39177,on-line
E-39177,XV-39178,upstream-of
XV-39178,E-39179,feeds
E-39179,K-39180,discharges-to
K-39180,XV-39181,downstream-of
XV-39181,P-39182,on-line
P-39182,K-39183,on-line
LT-39184,COL-39185,upstream-of
V-39188,LT-39189,on-line
LT-39189,PSV-39190,feeds
PSV-39190,XV-39191,discharges-to
XV-39191,P-39192,feeds
P-39192,V-39193,downstream-of
V-39193,COL-39194,feeds
COL-39194,FCV-39195,on-line
FCV-39195,V-39196,downstream-of
FCV-39198,P-39199,feeds
P-39199,TT-39200,feeds
TT-39200,FT-39201,feeds
FT-39201,PT-39202,upstream-of
PT-39202,E-39203,discharges-to
E-39203,V-39204,on-line
V-39204,FCV-39205,discharges-to
FCV-39205,FT-39206,upstream-of
FT-39206,PT-39207,discharges-to
FCV-39208,FCV-39209,upstream-of
FCV-39209,PT-39210,on-line
PT-39210,FCV-39211,upstream-of
FCV-39211,FT-39212,discharges-to
FT-39212,P-39213,upstream-of
P-39213,FCV-39214,feeds
FCV-39214,COL-39215,discharges-to
XV-39216,P-39217,upstream-of
P-39217,PT-39218,feeds
FCV-39219,K-39220,feeds
PT-39222,LT-39223,upstream-of
LT-39223,LT-39224,discharges-to
LT-39224,K-39225,on-line
K-39225,PT-39226,feeds
K-39227,K-39228,upstream-of
K-39228,TT-39229,feeds
TT-39229,E-39230,on-line
E-39230,XV-39231,downstream-of
V-39232,P-39233,downstream-of
P-39236,P-39237,downstream-of
P-39239,XV-39240,discharges-to
XV-39240,XV-39241,discharges-to
K-39242,V-39243,downstream-of
V-39243,P-39244,feeds
P-39244,FCV-39245,on-line
K-39246,FCV-39247,discharges-to
FCV-39247,XV-39248,upstream-of
XV-39248,P-39249,downstream-of
P-39249,K-39250,discharges-to
PT-39252,LT-39253,discharges-to
COL-39254,COL-39255,discharges-to
COL-39255,PSV-39256,downstream-of
LT-39257,FCV-39258,feeds
TT-39260,TT-39261,upstream-of
K-39262,LT-39263,upstream-of
LT-39263,P-39264,discharges-to
P-39265,LT-39266,feeds
LT-39266,PT-39267,discharges-to
PT-39267,K-39268,on-line
K-39268,XV-39269,feeds
XV-39269,PT-39270,discharges-to
PT-39270,K-39271,feeds
K-39271,PT-39272,upstream-of
PT-39272,FCV-39273,on-line
FCV-39273,LT-39274,downstream-of
FT-39275,TT-39276,feeds
TT-39276,V-39277,on-line
P-39279,TT-39280,downstream-of
TT-39280,K-39281,discharges-to
K-39281,P-39282,feeds
P-39282,PSV-39283,on-line
PSV-39283,P-39284,on-line
K-39285,COL-39286,feeds
COL-39287,PT-39288,feeds
PT-39288,P-39289,feeds
P-39289,TT-39290,on-line
TT-39290,PT-39291,on-line
PT-39291,FCV-39292,upstream-of
FCV-39292,K-39293,downstream-of
PSV-39294,COL-39295,on-line
COL-39295,COL-39296,discharges-to
COL-39296,P-39297,on-line
P-39297,FCV-39298,upstream-of
PSV-39300,COL-39301,on-line
V-39302,XV-39303,feeds
FT-39305,E-39306,downstream-of
E-39306,FT-39307,downstream-of
FT-39307,PSV-39308,upstream-of
PSV-39308,P-39309,downstream-of
P-39309,P-39310,discharges-to
P-39310,PT-39311,on-line
P-39312,COL-39313,feeds
COL-39313,FCV-39314,downstream-of
FCV-39314,TT-39315,on-line
TT-39315,P-39316,feeds
P-39318,COL-39319,feeds
COL-39319,FT-39320,on-line
PSV-39321,E-39322,downstream-of
E-39322,PSV-39323,discharges-to
TT-39330,COL-39331,upstream-of
V-39332,XV-39333,feeds
XV-39333,FCV-39334,upstream-of
FCV-39334,PSV-39335,discharges-to
FT-39337,PT-39338,discharges-to
PSV-39340,FT-39341,discharges-to
FT-39341,P-39342,upstream-of
P-39342,V-39343,discharges-to
PT-39344,FT-39345,feeds
FT-39345,PT-39346,discharges-to
PT-39346,XV-39347,discharges-to
XV-39347,P-39348,downstream-of
P-39348,LT-39349,discharges-to
LT-39349,LT-39350,feeds
TT-39351,COL-39352,feeds
COL-39352,FCV-39353,feeds
FCV-39353,PT-39354,on-line
PT-39354,P-39355,discharges-to
P-39355,TT-39356,upstream-of
TT-39356,TT-39357,on-line
TT-39357,PT-39358,discharges-to
PT-39358,COL-39359,upstream-of
COL-39359,V-39360,discharges-to
V-39360,XV-39361,feeds
XV-39361,PT-39362,discharges-to
E-39363,LT-39364,discharges-to
E-39365,LT-39366,discharges-to
LT-39366,P-39367,downstream-of
P-39367,TT-39368,upstream-of
FT-39369,E-39370,downstream-of
E-39370,V-39371,feeds
V-39372,PT-39373,downstream-of
LT-39374,PT-39375,feeds
PT-39375,P-39376,discharges-to
P-39376,PT-39377,downstream-of
P-39381,FCV-39382,feeds
FCV-39382,LT-39383,discharges-to
LT-39383,TT-39384,downstream-of
XV-39385,FT-39386,downstream-of
FT-39387,LT-39388,upstream-of
LT-39388,K-39389,discharges-to
XV-39390,P-39391,discharges-to
P-39391,P-39392,downstream-of
V-39393,FT-39394,upstream-of
FT-39394,P-39395,on-line
P-39395,LT-39396,upstream-of
LT-39396,FT-39397,upstream-of
FT-39397,COL-39398,upstream-of
COL-39398,FCV-39399,feeds
K-39400,COL-39401,discharges-to
COL-39401,TT-39402,downstream-of
FCV-39403,V-39404,on-line
V-39404,TT-39405,feeds
TT-39405,E-39406,downstream-of
FT-39407,PSV-39408,downstream-of
PSV-39408,XV-39409,feeds
XV-39409,COL-39410,discharges-to
COL-39410,XV-39411,downstream-of
XV-39411,K-39412,feeds
K-39412,LT-39413,on-line
LT-39413,XV-39414,on-line
XV-39414,FT-39415,downstream-of
FCV-39416,P-39417,discharges-to
P-39417,FT-39418,feeds
TT-39420,TT-39421,upstream-of
FCV-39422,FT-39423,on-line
FT-39423,LT-39424,on-line
LT-39424,P-39425,feeds
P-39425,P-39426,feeds
P-39426,LT-39427,feeds
LT-39427,LT-39428,upstream-of
LT-39429,PSV-39430,discharges-to
PSV-39430,FT-39431,discharges-to
FT-39431,FT-39432,upstream-of
FT-39432,E-39433,downstream-of
E-39433,XV-39434,discharges-to
E-39437,FT-39438,on-line
FT-39438,P-39439,on-line
PSV-39440,V-39441,discharges-to
P-39442,P-39443,downstream-of
FT-39444,COL-39445,feeds
P-39446,XV-39447,feeds
XV-39447,E-39448,upstream-of
E-39448,V-39449,downstream-of
V-39449,P-39450,downstream-of
FT-39451,P-39452,downstream-of
P-39452,P-39453,on-line
P-39453,XV-39454,upstream-of
XV-39454,K-39455,feeds
XV-39456,PT-39457,on-line
PT-39457,XV-39458,upstream-of
XV-39458,P-39459,feeds
FCV-39461,P-39462,on-line
P-39462,XV-39463,on-line
XV-39463,FCV-39464,on-line
FT-39465,FT-39466,downstream-of
PSV-39467,FCV-39468,on-line
FCV-39468,K-39469,feeds
K-39470,COL-39471,discharges-to
E-39473,PSV-39474,discharges-to
PSV-39474,P-39475,upstream-of
P-39475,TT-39476,discharges-to
TT-39476,PT-39477,discharges-to
TT-39478,E-39479,discharges-to
E-39479,COL-39480,on-line
COL-39480,COL-39481,discharges-to
TT-39482,FCV-39483,discharges-to
FCV-39483,PSV-39484,on-line
FCV-39486,P-39487,upstream-of
P-39487,K-39488,feeds
K-39488,COL-39489,upstream-of
COL-39489,P-39490,on-line
P-39490,P-39491,on-line
P-39491,TT-39492,upstream-of
TT-39492,V-39493,upstream-of
V-39493,TT-39494,on-line
TT-39494,P-39495,discharges-to
P-39495,FT-39496,downstream-of
FT-39496,COL-39497,discharges-to
PT-39498,P-39499,upstream-of
FCV-39501,V-39502,feeds
V-39502,E-39503,downstream-of
FCV-39504,FCV-39505,upstream-of
COL-39507,V-39508,on-line
V-39508,K-39509,on-line
K-39509,FT-39510,on-line
FT-39510,E-39511,discharges-to
FCV-39512,P-39513,feeds
P-39513,E-39514,feeds
E-39514,LT-39515,downstream-of
LT-39515,LT-39516,feeds
LT-39516,PT-39517,on-line
PT-39517,P-39518,discharges-to
P-39518,PT-39519,on-line
LT-39520,PSV-39521,downstream-of
P-39524,P-39525,upstream-of
P-39525,K-39526,discharges-to
COL-39527,PT-39528,downstream-of
PT-39528,V-39529,discharges-to
TT-39530,P-39531,on-line
P-39531,P-39532,downstream-of
P-39532,XV-39533,on-line
XV-39533,P-39534,on-line
P-39535,V-39536,feeds
V-39536,FCV-39537,downstream-of
FCV-39537,COL-39538,discharges-to
XV-39541,COL-39542,downstream-of
COL-39542,LT-39543,feeds
LT-39543,E-39544,downstream-of
PT-39545,P-39546,on-line
P-39546,COL-39547,feeds
COL-39547,TT-39548,on-line
V-39549,FCV-39550,feeds
FCV-39550,XV-39551,feeds
XV-39551,V-39552,upstream-of
V-39552,TT-39553,discharges-to
FT-39555,V-39556,on-line
PSV-39557,FCV-39558,discharges-to
FCV-39558,V-39559,discharges-to
V-39559,FT-39560,upstream-of
TT-39561,E-39562,downstream-of
FT-39563,COL-39564,downstream-of
PSV-39567,E-39568,downstream-of
P-39570,FT-39571,feeds
FT-39571,XV-39572,downstream-of
XV-39572,P-39573,downstream-of
XV-39574,P-39575,on-line
TT-39576,FT-39577,discharges-to
FT-39577,K-39578,upstream-of
K-39578,P-39579,feeds
P-39579,FT-39580,downstream-of
FT-39580,P-39581,downstream-of
P-39581,FCV-39582,feeds
E-39583,P-39584,upstream-of
P-39584,XV-39585,discharges-to
XV-39585,TT-39586,upstream-of
TT-39586,TT-39587,on-line
TT-39587,K-39588,feeds
K-39588,TT-39589,feeds
FCV-39591,P-39592,upstream-of
P-39594,PSV-39595,on-line
PSV-39595,E-39596,on-line
E-39596,FT-39597,feeds
FT-39597,PSV-39598,discharges-to
PSV-39599,FCV-39600,discharges-to
FCV-39600,PSV-39601,downstream-of
PSV-39601,K-39602,upstream-of
LT-39604,P-39605,upstream-of
P-39605,K-39606,downstream-of
XV-39607,PT-39608,on-line
PT-39608,P-39609,on-line
P-39609,PT-39610,discharges-to
PT-39610,K-39611,on-line
K-39611,XV-39612,on-line
XV-39612,E-39613,feeds
E-39613,TT-39614,discharges-to
TT-39614,P-39615,upstream-of
P-39615,P-39616,discharges-to
P-39616,P-39617,on-line
XV-39618,FT-39619,feeds
LT-39620,TT-39621,downstream-of
TT-39621,COL-39622,feeds
V-39623,K-39624,downstream-of
XV-39625,K-39626,downstream-of
K-39626,FT-39627,upstream-of
PSV-39628,K-39629,discharges-to
XV-39632,E-39633,upstream-of
V-39634,E-39635,discharges-to
E-39635,FT-39636,downstream-of
FT-39636,LT-39637,on-line
LT-39637,K-39638,discharges-to
K-39639,XV-39640,on-line
XV-39640,PT-39641,downstream-of
PT-39641,E-39642,feeds
E-39642,P-39643,discharges-to
P-39643,COL-39644,on-line
COL-39646,FCV-39647,discharges-to
FCV-39647,E-39648,on-line
P-39649,XV-39650,on-line
TT-39651,FT-39652,discharges-to
FT-39652,FT-39653,on-line
FT-39653,K-39654,discharges-to
FT-39655,P-39656,upstream-of
P-39658,E-39659,discharges-to
E-39659,PT-39660,upstream-of
P-39661,P-39662,downstream-of
P-39662,V-39663,on-line
V-39663,K-39664,upstream-of
K-39664,FCV-39665,feeds
K-39666,P-39667,downstream-of
FCV-39668,LT-39669,feeds
LT-39669,LT-39670,on-line
LT-39670,E-39671,downstream-of
E-39671,PT-39672,discharges-to
PT-39672,PSV-39673,on-line
PSV-39673,K-39674,on-line
FT-39675,E-39676,upstream-of
E-39676,LT-39677,on-line
LT-39677,FT-39678,feeds
FT-39678,FT-39679,on-line
FT-39679,FCV-39680,downstream-of
FCV-39680,V-39681,upstream-of
V-39681,LT-39682,on-line
LT-39682,P-39683,upstream-of
P-39683,TT-39684,upstream-of
FT-39685,PSV-39686,feeds
PSV-39686,XV-39687,downstream-of
XV-39687,TT-39688,on-line
P-39690,LT-39691,feeds
LT-39691,V-39692,downstream-of
PT-39693,TT-39694,feeds
TT-39694,PSV-39695,on-line
PSV-39695,FT-39696,on-line
FT-39696,PT-39697,downstream-of
PT-39697,FT-39698,feeds
FT-39698,PSV-39699,upstream-of
FCV-39700,V-39701,on-line
V-39701,LT-39702,feeds
PT-39703,P-39704,upstream-of
P-39704,TT-39705,on-line
TT-39705,FT-39706,discharges-to
P-39707,P-39708,discharges-to
P-39708,TT-39709,feeds
TT-39709,P-39710,downstream-of
P-39710,LT-39711,downstream-of
LT-39711,P-39712,discharges-to
P-39712,K-39713,feeds
K-39713,PT-39714,on-line
PT-39714,COL-39715,downstream-of
COL-39715,V-39716,feeds
V-39716,FT-39717,discharges-to
COL-39720,P-39721,upstream-of
P-39721,PT-39722,downstream-of
PT-39722,PT-39723,discharges-to
PT-39723,TT-39724,upstream-of
TT-39724,PT-39725,downstream-of
PT-39725,P-39726,upstream-of
FT-39727,PSV-39728,on-line
PSV-39728,PSV-39729,feeds
PSV-39729,TT-39730,downstream-of
TT-39730,XV-39731,upstream-of
XV-39731,FT-39732,on-line
FT-39732,P-39733,downstream-of
P-39733,COL-39734,upstream-of
COL-39734,FT-39735,upstream-of
FT-39735,V-39736,on-line
V-39736,PSV-39737,feeds
PT-39738,K-39739,discharges-to
K-39739,P-39740,discharges-to
P-39741,E-39742,upstream-of
E-39742,P-39743,upstream-of
P-39743,XV-39744,on-line
XV-39744,P-39745,upstream-of
P-39745,XV-39746,upstream-of
FCV-39748,COL-39749,discharges-to
E-39750,COL-39751,discharges-to
PSV-39752,P-39753,upstream-of
P-39753,P-39754,discharges-to
P-39754,PSV-39755,on-line
XV-39756,FCV-39757,on-line
FCV-39757,XV-39758,discharges-to
XV-39758,FCV-39759,discharges-to
FCV-39759,E-39760,on-line
E-39760,V-39761,feeds
V-39761,P-39762,downstream-of
TT-39763,P-39764,feeds
P-39764,LT-39765,feeds
LT-39765,PT-39766,downstream-of
PT-39766,XV-39767,upstream-of
XV-39767,TT-39768,discharges-to
TT-39768,PSV-39769,discharges-to
PSV-39769,XV-39770,on-line
V-39771,COL-39772,discharges-to
COL-39772,COL-39773,upstream-of
COL-39773,P-39774,upstream-of
P-39774,PT-39775,on-line
TT-39777,LT-39778,downstream-of
LT-39778,V-39779,discharges-to
TT-39780,E-39781,discharges-to
E-39781,PT-39782,downstream-of
COL-39783,FCV-39784,discharges-to
FCV-39784,P-39785,feeds
PT-39787,XV-39788,on-line
XV-39788,E-39789,discharges-to
E-39789,XV-39790,on-line
P-39791,FCV-39792,discharges-to
XV-39795,P-39796,upstream-of
P-39796,P-39797,feeds
XV-39799,V-39800,discharges-to
V-39800,P-39801,downstream-of
P-39801,TT-39802,upstream-of
TT-39802,V-39803,on-line
V-39803,E-39804,discharges-to
E-39804,XV-39805,upstream-of
XV-39805,FCV-39806,feeds
E-39807,P-39808,upstream-of
P-39808,E-39809,discharges-to
FCV-39810,V-39811,upstream-of
P-39813,TT-39814,upstream-of
V-39815,K-39816,discharges-to
K-39816,V-39817,discharges-to
V-39817,FT-39818,discharges-to
FT-39818,P-39819,downstream-of
P-39819,PSV-39820,on-line
PSV-39820,FT-39821,downstream-of
XV-39822,XV-39823,downstream-of
COL-39824,FT-39825,feeds
FT-39825,V-39826,downstream-of
V-39826,COL-39827,discharges-to
COL-39827,P-39828,upstream-of
P-39828,LT-39829,upstream-of
LT-39829,XV-39830,discharges-to
XV-39830,P-39831,on-line
P-39831,LT-39832,on-line
LT-39832,XV-39833,on-line
LT-39834,COL-39835,feeds
COL-39835,K-39836,feeds
K-39836,FCV-39837,discharges-to
LT-39841,LT-39842,downstream-of
LT-39842,COL-39843,discharges-to
COL-39843,P-39844,discharges-to
P-39844,PSV-39845,on-line
PSV-39845,FT-39846,downstream-of
FT-39846,P-39847,upstream-of
LT-39848,FT-39849,on-line
FT-39849,PT-39850,downstream-of
PT-39850,P-39851,feeds
P-39852,COL-39853,downstream-of
COL-39853,COL-39854,upstream-of
COL-39854,TT-39855,on-line
TT-39855,PT-39856,downstream-of
PT-39856,LT-39857,upstream-of
LT-39857,TT-39858,discharges-to
TT-39858,FCV-39859,on-line
FCV-39859,K-39860,discharges-to
K-39860,COL-39861,feeds
COL-39861,V-39862,discharges-to
V-39862,P-39863,discharges-to
COL-39865,TT-39866,upstream-of
TT-39866,XV-39867,on-line
V-39868,TT-39869,downstream-of
TT-39869,XV-39870,feeds
XV-39870,LT-39871,feeds
LT-39871,FT-39872,feeds
LT-39873,E-39874,upstream-of
LT-39875,K-39876,discharges-to
K-39876,P-39877,discharges-to
P-39877,V-39878,discharges-to
E-39879,LT-39880,discharges-to
LT-39880,TT-39881,discharges-to
TT-39881,V-39882,feeds
V-39882,LT-39883,downstream-of
LT-39883,P-39884,upstream-of
P-39884,E-39885,upstream-of
E-39885,FCV-39886,feeds
FCV-39886,P-39887,downstream-of
K-39888,P-39889,downstream-of
P-39889,COL-39890,discharges-to
COL-39890,P-39891,downstream-of
P-39891,COL-39892,upstream-of
V-39893,FT-39894,upstream-of
FT-39894,TT-39895,upstream-of
PSV-39896,FCV-39897,discharges-to
COL-39899,E-39900,discharges-to
E-39900,FT-39901,feeds
FT-39901,LT-39902,on-line
FCV-39903,PT-39904,upstream-of
PT-39904,K-39905,on-line
PSV-39906,P-39907,feeds
P-39907,P-39908,downstream-of
P-39908,TT-39909,feeds
TT-39909,FCV-39910,upstream-of
FCV-39910,COL-39911,feeds
COL-39911,LT-39912,discharges-to
PT-39914,PSV-39915,upstream-of
PSV-39915,P-39916,upstream-of
P-39916,V-39917,on-line
V-39917,COL-39918,feeds
COL-39918,P-39919,discharges-to
P-39919,P-39920,downstream-of
PSV-39922,E-39923,downstream-of
E-39923,FT-39924,feeds
FCV-39927,LT-39928,on-line
FT-39930,FCV-39931,feeds
FCV-39931,K-39932,discharges-to
K-39932,PSV-39933,discharges-to
V-39934,E-39935,on-line
E-39935,V-39936,on-line
V-39936,XV-39937,feeds
XV-39937,V-39938,downstream-of
V-39938,FT-39939,upstream-of
P-39940,V-39941,upstream-of
V-39941,K-39942,on-line
TT-39943,LT-39944,feeds
LT-39946,LT-39947,on-line
LT-39947,PSV-39948,upstream-of
PSV-39948,P-39949,on-line
P-39949,COL-39950,discharges-to
COL-39950,PT-39951,on-line
PT-39951,TT-39952,downstream-of
TT-39952,V-39953,upstream-of
P-39954,P-39955,on-line
V-39956,P-39957,on-line
P-39958,COL-39959,downstream-of
COL-39959,LT-39960,on-line
LT-39960,FT-39961,on-line
FT-39961,E-39962,on-line
E-39962,P-39963,feeds
P-39963,PT-39964,on-line
LT-39965,TT-39966,upstream-of
P-39967,K-39968,discharges-to
LT-39970,LT-39971,upstream-of
LT-39974,PSV-39975,feeds
PSV-39975,P-39976,upstream-of
P-39976,P-39977,feeds
XV-39978,PSV-39979,feeds
PSV-39979,V-39980,discharges-to
PSV-39981,E-39982,on-line
E-39982,PT-39983,upstream-of
PT-39983,LT-39984,discharges-to
FT-39987,COL-39988,on-line
P-39989,FCV-39990,feeds
FCV-39990,P-39991,discharges-to
P-39991,P-39992,upstream-of
P-39992,P-39993,downstream-of
P-39993,TT-39994,feeds
TT-39994,PSV-39995,feeds
PSV-39995,PT-39996,on-line
PT-39996,FCV-39997,on-line
FCV-39997,P-39998,on-line
P-39999,XV-40000,discharges-to
XV-40000,V-40001,on-line
XV-40002,TT-40003,on-line
TT-40003,K-40004,downstream-of
K-40004,P-40005,downstream-of
V-40006,TT-40007,downstream-of
TT-40007,COL-40008,upstream-of
COL-40008,P-40009,downstream-of
P-40009,V-40010,downstream-of
XV-40012,E-40013,upstream-of
E-40013,P-40014,downstream-of
P-40014,P-40015,feeds
PSV-40016,TT-40017,upstream-of
FCV-40019,P-40020,on-line
V-40021,PT-40022,feeds
PT-40022,PT-40023,downstream-of
PT-40023,FT-40024,upstream-of
V-40025,P-40026,feeds
P-40026,LT-40027,upstream-of
LT-40027,E-40028,feeds
FT-40029,E-40030,upstream-of
E-40030,COL-40031,upstream-of
XV-40032,P-40033,feeds
