from,to
TT-1,OTA-000001
FCV-9,OTA-000002
TT-10,OTA-000003
TT-11,OTA-000004
FCV-20,OTA-000005
FCV-21,OTA-000006
LT-26,OTA-000007
FCV-28,OTA-000008
TT-31,OTA-000009
TT-32,OTA-000010
FT-34,OTA-000011
TT-42,OTA-000012
PT-46,OTA-000013
FT-48,OTA-000014
PT-50,OTA-000015
TT-52,OTA-000016
PT-53,OTA-000017
TT-54,OTA-000018
FCV-55,OTA-000019
LT-59,OTA-000020
PT-61,OTA-000021
PT-65,OTA-000022
FT-69,OTA-000023
PT-70,OTA-000024
TT-71,OTA-000025
LT-72,OTA-000026
TT-74,OTA-000027
FT-75,OTA-000028
FT-77,OTA-000029
FT-79,OTA-000030
TT-81,OTA-000031
FT-82,OTA-000032
FT-83,OTA-000033
LT-84,OTA-000034
FT-85,OTA-000035
PT-89,OTA-000036
FCV-94,OTA-000037
FT-97,OTA-000038
TT-100,OTA-000039
FCV-103,OTA-000040
PT-104,OTA-000041
FT-105,OTA-000042
FT-108,OTA-000043
LT-113,OTA-000044
FT-114,OTA-000045
FCV-115,OTA-000046
TT-120,OTA-000047
LT-122,OTA-000048
LT-123,OTA-000049
TT-125,OTA-000050
FCV-129,OTA-000051
LT-134,OTA-000052
PT-135,OTA-000053
PT-136,OTA-000054
LT-138,OTA-000055
LT-141,OTA-000056
LT-143,OTA-000057
TT-146,OTA-000058
LT-147,OTA-000059
PT-148,OTA-000060
FCV-150,OTA-000061
LT-151,OTA-000062
FT-152,OTA-000063
LT-153,OTA-000064
FT-154,OTA-000065
FCV-157,OTA-000066
LT-159,OTA-000067
LT-160,OTA-000068
PT-161,OTA-000069
FCV-164,OTA-000070
TT-166,OTA-000071
FCV-169,OTA-000072
FT-173,OTA-000073
FT-179,OTA-000074
PT-181,OTA-000075
PT-190,OTA-000076
TT-197,OTA-000077
LT-199,OTA-000078
PT-201,OTA-000079
FCV-202,OTA-000080
FCV-206,OTA-000081
LT-209,OTA-000082
FT-211,OTA-000083
FT-213,OTA-000084
PT-215,OTA-000085
PT-217,OTA-000086
PT-218,OTA-000087
FT-221,OTA-000088
TT-222,OTA-000089
TT-224,OTA-000090
TT-225,OTA-000091
TT-226,OTA-000092
PT-232,OTA-000093
TT-236,OTA-000094
LT-237,OTA-000095
TT-239,OTA-000096
FCV-240,OTA-000097
LT-242,OTA-000098
PT-243,OTA-000099
FCV-244,OTA-000100
TT-245,OTA-000101
PT-252,OTA-000102
LT-253,OTA-000103
LT-257,OTA-000104
FT-260,OTA-000105
PT-261,OTA-000106
LT-264,OTA-000107
FCV-266,OTA-000108
TT-267,OTA-000109
TT-268,OTA-000110
FCV-269,OTA-000111
FCV-274,OTA-000112
LT-276,OTA-000113
FCV-277,OTA-000114
FCV-279,OTA-000115
FT-285,OTA-000116
FT-293,OTA-000117
TT-296,OTA-000118
FCV-298,OTA-000119
TT-300,OTA-000120
TT-306,OTA-000121
PT-309,OTA-000122
FT-311,OTA-000123
LT-314,OTA-000124
LT-320,OTA-000125
PT-321,OTA-000126
FT-324,OTA-000127
LT-327,OTA-000128
PT-333,OTA-000129
PT-334,OTA-000130
FT-338,OTA-000131
FT-340,OTA-000132
FT-343,OTA-000133
PT-347,OTA-000134
PT-348,OTA-000135
PT-350,OTA-000136
FT-351,OTA-000137
PT-352,OTA-000138
FCV-357,OTA-000139
LT-362,OTA-000140
LT-363,OTA-000141
FCV-369,OTA-000142
PT-370,OTA-000143
FT-374,OTA-000144
TT-377,OTA-000145
FT-378,OTA-000146
LT-381,OTA-000147
PT-382,OTA-000148
PT-389,OTA-000149
PT-392,OTA-000150
FT-393,OTA-000151
TT-395,OTA-000152
FT-396,OTA-000153
FCV-397,OTA-000154
FT-398,OTA-000155
LT-399,OTA-000156
LT-401,OTA-000157
FCV-402,OTA-000158
TT-403,OTA-000159
LT-404,OTA-000160
LT-405,OTA-000161
FCV-406,OTA-000162
LT-409,OTA-000163
PT-413,OTA-000164
FCV-416,OTA-000165
TT-419,OTA-000166
LT-420,OTA-000167
FT-421,OTA-000168
LT-422,OTA-000169
FCV-424,OTA-000170
PT-430,OTA-000171
FCV-431,OTA-000172
TT-438,OTA-000173
PT-440,OTA-000174
PT-441,OTA-000175
LT-442,OTA-000176
FT-449,OTA-000177
PT-450,OTA-000178
PT-451,OTA-000179
FCV-454,OTA-000180
PT-458,OTA-000181
PT-463,OTA-000182
FCV-472,OTA-000183
PT-479,OTA-000184
TT-483,OTA-000185
LT-484,OTA-000186
FT-487,OTA-000187
FCV-488,OTA-000188
TT-489,OTA-000189
TT-491,OTA-000190
PT-492,OTA-000191
FT-494,OTA-000192
PT-495,OTA-000193
PT-496,OTA-000194
FT-497,OTA-000195
FCV-498,OTA-000196
FT-499,OTA-000197
FCV-501,OTA-000198
LT-502,OTA-000199
LT-504,OTA-000200
PT-505,OTA-000201
PT-507,OTA-000202
TT-508,OTA-000203
FCV-509,OTA-000204
FT-510,OTA-000205
PT-512,OTA-000206
TT-514,OTA-000207
LT-518,OTA-000208
PT-522,OTA-000209
FT-523,OTA-000210
FT-524,OTA-000211
FCV-536,OTA-000212
FCV-539,OTA-000213
LT-540,OTA-000214
LT-541,OTA-000215
PT-542,OTA-000216
FT-544,OTA-000217
LT-552,OTA-000218
LT-554,OTA-000219
TT-559,OTA-000220
FCV-560,OTA-000221
LT-564,OTA-000222
PT-565,OTA-000223
TT-566,OTA-000224
FT-571,OTA-000225
PT-574,OTA-000226
TT-575,OTA-000227
LT-577,OTA-000228
TT-579,OTA-000229
LT-580,OTA-000230
FCV-581,OTA-000231
TT-587,OTA-000232
LT-588,OTA-000233
PT-590,OTA-000234
FCV-592,OTA-000235
LT-593,OTA-000236
LT-594,OTA-000237
PT-595,OTA-000238
PT-599,OTA-000239
FT-600,OTA-000240
LT-606,OTA-000241
FT-607,OTA-000242
FT-610,OTA-000243
FCV-615,OTA-000244
LT-620,OTA-000245
TT-623,OTA-000246
LT-630,OTA-000247
FCV-632,OTA-000248
FCV-635,OTA-000249
FT-638,OTA-000250
FT-641,OTA-000251
LT-643,OTA-000252
PT-645,OTA-000253
FT-647,OTA-000254
TT-648,OTA-000255
FCV-652,OTA-000256
FCV-660,OTA-000257
TT-661,OTA-000258
PT-662,OTA-000259
LT-664,OTA-000260
FCV-668,OTA-000261
FCV-672,OTA-000262
PT-673,OTA-000263
LT-674,OTA-000264
LT-676,OTA-000265
FCV-681,OTA-000266
FCV-687,OTA-000267
FT-688,OTA-000268
TT-690,OTA-000269
TT-691,OTA-000270
FCV-700,OTA-000271
FT-701,OTA-000272
LT-703,OTA-000273
FT-707,OTA-000274
TT-709,OTA-000275
FCV-710,OTA-000276
FT-712,OTA-000277
LT-717,OTA-000278
TT-718,OTA-000279
FCV-723,OTA-000280
TT-724,OTA-000281
LT-727,OTA-000282
FT-731,OTA-000283
FT-735,OTA-000284
FT-736,OTA-000285
FCV-737,OTA-000286
TT-743,OTA-000287
TT-744,OTA-000288
FT-745,OTA-000289
FT-751,OTA-000290
TT-754,OTA-000291
FCV-755,OTA-000292
LT-757,OTA-000293
FCV-763,OTA-000294
LT-765,OTA-000295
TT-767,OTA-000296
LT-777,OTA-000297
FT-781,OTA-000298
PT-785,OTA-000299
FT-791,OTA-000300
LT-794,OTA-000301
LT-799,OTA-000302
TT-800,OTA-000303
TT-808,OTA-000304
FCV-811,OTA-000305
PT-815,OTA-000306
TT-817,OTA-000307
FT-819,OTA-000308
LT-820,OTA-000309
FCV-821,OTA-000310
FCV-825,OTA-000311
LT-827,OTA-000312
FT-829,OTA-000313
PT-831,OTA-000314
PT-832,OTA-000315
PT-834,OTA-000316
PT-835,OTA-000317
TT-840,OTA-000318
LT-841,OTA-000319
PT-842,OTA-000320
LT-843,OTA-000321
FT-846,OTA-000322
FCV-847,OTA-000323
FCV-848,OTA-000324
LT-849,OTA-000325
PT-851,OTA-000326
LT-854,OTA-000327
TT-856,OTA-000328
FCV-858,OTA-000329
FT-860,OTA-000330
TT-861,OTA-000331
TT-862,OTA-000332
FCV-866,OTA-000333
FCV-870,OTA-000334
FT-875,OTA-000335
TT-881,OTA-000336
TT-882,OTA-000337
FCV-883,OTA-000338
TT-886,OTA-000339
TT-887,OTA-000340
PT-889,OTA-000341
TT-890,OTA-000342
TT-893,OTA-000343
PT-898,OTA-000344
TT-899,OTA-000345
LT-904,OTA-000346
FCV-905,OTA-000347
PT-912,OTA-000348
TT-913,OTA-000349
TT-917,OTA-000350
PT-920,OTA-000351
FCV-921,OTA-000352
TT-926,OTA-000353
FT-928,OTA-000354
FCV-930,OTA-000355
FT-932,OTA-000356
LT-938,OTA-000357
FT-940,OTA-000358
PT-941,OTA-000359
FT-942,OTA-000360
PT-944,OTA-000361
LT-946,OTA-000362
FT-947,OTA-000363
TT-949,OTA-000364
FCV-950,OTA-000365
FCV-954,OTA-000366
LT-963,OTA-000367
FT-967,OTA-000368
TT-968,OTA-000369
FT-971,OTA-000370
FCV-975,OTA-000371
FCV-976,OTA-000372
FCV-977,OTA-000373
FCV-978,OTA-000374
LT-984,OTA-000375
LT-992,OTA-000376
FCV-993,OTA-000377
PT-994,OTA-000378
FT-995,OTA-000379
FT-997,OTA-000380
TT-998,OTA-000381
TT-1003,OTA-000382
FT-1007,OTA-000383
FT-1010,OTA-000384
FT-1011,OTA-000385
LT-1014,OTA-000386
FCV-1015,OTA-000387
LT-1017,OTA-000388
PT-1018,OTA-000389
LT-1019,OTA-000390
FT-1020,OTA-000391
PT-1024,OTA-000392
LT-1025,OTA-000393
FCV-1028,OTA-000394
LT-1034,OTA-000395
LT-1035,OTA-000396
FT-1038,OTA-000397
LT-1040,OTA-000398
PT-1043,OTA-000399
LT-1044,OTA-000400
TT-1045,OTA-000401
FCV-1046,OTA-000402
LT-1049,OTA-000403
LT-1050,OTA-000404
FT-1053,OTA-000405
PT-1062,OTA-000406
PT-1063,OTA-000407
LT-1067,OTA-000408
FCV-1069,OTA-000409
LT-1071,OTA-000410
PT-1073,OTA-000411
FT-1074,OTA-000412
LT-1077,OTA-000413
PT-1080,OTA-000414
FCV-1082,OTA-000415
LT-1085,OTA-000416
LT-1086,OTA-000417
LT-1092,OTA-000418
TT-1095,OTA-000419
FT-1097,OTA-000420
TT-1100,OTA-000421
LT-1103,OTA-000422
TT-1107,OTA-000423
LT-1111,OTA-000424
FCV-1113,OTA-000425
TT-1114,OTA-000426
LT-1117,OTA-000427
FT-1118,OTA-000428
TT-1119,OTA-000429
FT-1122,OTA-000430
TT-1125,OTA-000431
PT-1126,OTA-000432
PT-1128,OTA-000433
FCV-1131,OTA-000434
FT-1136,OTA-000435
LT-1137,OTA-000436
LT-1138,OTA-000437
PT-1149,OTA-000438
FCV-1150,OTA-000439
LT-1153,OTA-000440
FCV-1158,OTA-000441
LT-1162,OTA-000442
LT-1163,OTA-000443
LT-1164,OTA-000444
LT-1168,OTA-000445
TT-1173,OTA-000446
FT-1175,OTA-000447
LT-1176,OTA-000448
TT-1178,OTA-000449
PT-1179,OTA-000450
LT-1180,OTA-000451
PT-1181,OTA-000452
LT-1182,OTA-000453
PT-1183,OTA-000454
LT-1185,OTA-000455
FCV-1186,OTA-000456
TT-1188,OTA-000457
PT-1189,OTA-000458
PT-1190,OTA-000459
PT-1197,OTA-000460
FCV-1199,OTA-000461
FCV-1201,OTA-000462
FT-1202,OTA-000463
FCV-1205,OTA-000464
LT-1209,OTA-000465
FCV-1210,OTA-000466
FCV-1218,OTA-000467
FT-1219,OTA-000468
FCV-1224,OTA-000469
TT-1226,OTA-000470
PT-1227,OTA-000471
PT-1228,OTA-000472
PT-1229,OTA-000473
FT-1235,OTA-000474
FCV-1236,OTA-000475
LT-1238,OTA-000476
FT-1240,OTA-000477
TT-1242,OTA-000478
LT-1245,OTA-000479
TT-1248,OTA-000480
PT-1249,OTA-000481
TT-1252,OTA-000482
FCV-1257,OTA-000483
LT-1258,OTA-000484
PT-1259,OTA-000485
TT-1261,OTA-000486
FCV-1264,OTA-000487
TT-1270,OTA-000488
PT-1277,OTA-000489
FCV-1283,OTA-000490
FCV-1284,OTA-000491
PT-1285,OTA-000492
LT-1289,OTA-000493
FT-1290,OTA-000494
FT-1294,OTA-000495
PT-1295,OTA-000496
PT-1297,OTA-000497
FT-1298,OTA-000498
LT-1300,OTA-000499
FT-1301,OTA-000500
PT-1302,OTA-000501
FT-1309,OTA-000502
FCV-1310,OTA-000503
PT-1311,OTA-000504
PT-1312,OTA-000505
TT-1314,OTA-000506
FT-1318,OTA-000507
FCV-1320,OTA-000508
FT-1323,OTA-000509
FCV-1324,OTA-000510
TT-1325,OTA-000511
LT-1330,OTA-000512
TT-1334,OTA-000513
FT-1344,OTA-000514
TT-1347,OTA-000515
FCV-1354,OTA-000516
FCV-1358,OTA-000517
PT-1360,OTA-000518
FT-1363,OTA-000519
PT-1366,OTA-000520
PT-1367,OTA-000521
FCV-1370,OTA-000522
TT-1377,OTA-000523
FT-1378,OTA-000524
LT-1383,OTA-000525
LT-1384,OTA-000526
FCV-1385,OTA-000527
FT-1386,OTA-000528
PT-1390,OTA-000529
PT-1392,OTA-000530
TT-1396,OTA-000531
PT-1398,OTA-000532
TT-1399,OTA-000533
TT-1400,OTA-000534
TT-1401,OTA-000535
FT-1402,OTA-000536
TT-1403,OTA-000537
LT-1408,OTA-000538
PT-1413,OTA-000539
TT-1414,OTA-000540
PT-1416,OTA-000541
TT-1420,OTA-000542
FT-1421,OTA-000543
LT-1424,OTA-000544
FCV-1425,OTA-000545
LT-1426,OTA-000546
PT-1428,OTA-000547
TT-1431,OTA-000548
FT-1432,OTA-000549
FCV-1433,OTA-000550
FT-1434,OTA-000551
FCV-1436,OTA-000552
FCV-1439,OTA-000553
LT-1440,OTA-000554
TT-1443,OTA-000555
TT-1445,OTA-000556
FCV-1450,OTA-000557
FT-1451,OTA-000558
FT-1452,OTA-000559
TT-1455,OTA-000560
PT-1457,OTA-000561
LT-1462,OTA-000562
PT-1463,OTA-000563
TT-1465,OTA-000564
PT-1470,OTA-000565
PT-1474,OTA-000566
TT-1482,OTA-000567
FT-1485,OTA-000568
TT-1491,OTA-000569
TT-1492,OTA-000570
FT-1494,OTA-000571
LT-1498,OTA-000572
TT-1499,OTA-000573
FCV-1500,OTA-000574
TT-1502,OTA-000575
LT-1511,OTA-000576
PT-1512,OTA-000577
FT-1521,OTA-000578
TT-1522,OTA-000579
TT-1523,OTA-000580
FT-1530,OTA-000581
FCV-1532,OTA-000582
LT-1534,OTA-000583
LT-1535,OTA-000584
LT-1537,OTA-000585
LT-1538,OTA-000586
FT-1539,OTA-000587
LT-1540,OTA-000588
FT-1542,OTA-000589
PT-1543,OTA-000590
TT-1545,OTA-000591
TT-1550,OTA-000592
FCV-1551,OTA-000593
FT-1561,OTA-000594
FCV-1563,OTA-000595
PT-1564,OTA-000596
PT-1565,OTA-000597
LT-1566,OTA-000598
FT-1567,OTA-000599
LT-1573,OTA-000600
FT-1574,OTA-000601
FT-1576,OTA-000602
LT-1578,OTA-000603
TT-1581,OTA-000604
FT-1583,OTA-000605
FCV-1584,OTA-000606
PT-1587,OTA-000607
FCV-1590,OTA-000608
PT-1591,OTA-000609
FCV-1604,OTA-000610
PT-1606,OTA-000611
LT-1607,OTA-000612
FCV-1610,OTA-000613
LT-1612,OTA-000614
TT-1614,OTA-000615
PT-1615,OTA-000616
PT-1616,OTA-000617
LT-1617,OTA-000618
PT-1620,OTA-000619
TT-1621,OTA-000620
PT-1624,OTA-000621
LT-1625,OTA-000622
FCV-1626,OTA-000623
FCV-1629,OTA-000624
PT-1633,OTA-000625
FCV-1634,OTA-000626
FT-1636,OTA-000627
TT-1641,OTA-000628
TT-1643,OTA-000629
FCV-1646,OTA-000630
FT-1647,OTA-000631
FT-1648,OTA-000632
TT-1649,OTA-000633
LT-1651,OTA-000634
FT-1653,OTA-000635
TT-1655,OTA-000636
LT-1656,OTA-000637
LT-1659,OTA-000638
FCV-1660,OTA-000639
TT-1663,OTA-000640
LT-1665,OTA-000641
LT-1666,OTA-000642
FT-1668,OTA-000643
LT-1670,OTA-000644
FCV-1672,OTA-000645
LT-1674,OTA-000646
TT-1675,OTA-000647
TT-1677,OTA-000648
TT-1678,OTA-000649
FCV-1683,OTA-000650
TT-1688,OTA-000651
FT-1689,OTA-000652
FT-1693,OTA-000653
FCV-1695,OTA-000654
TT-1700,OTA-000655
PT-1701,OTA-000656
FCV-1707,OTA-000657
LT-1712,OTA-000658
LT-1714,OTA-000659
FT-1719,OTA-000660
FT-1721,OTA-000661
TT-1724,OTA-000662
LT-1727,OTA-000663
TT-1731,OTA-000664
TT-1734,OTA-000665
PT-1736,OTA-000666
PT-1738,OTA-000667
FT-1741,OTA-000668
FCV-1743,OTA-000669
FT-1745,OTA-000670
PT-1746,OTA-000671
LT-1747,OTA-000672
TT-1749,OTA-000673
LT-1752,OTA-000674
PT-1753,OTA-000675
LT-1755,OTA-000676
LT-1757,OTA-000677
FT-1759,OTA-000678
LT-1762,OTA-000679
TT-1763,OTA-000680
PT-1764,OTA-000681
LT-1765,OTA-000682
FCV-1767,OTA-000683
TT-1771,OTA-000684
FT-1772,OTA-000685
LT-1776,OTA-000686
PT-1778,OTA-000687
PT-1781,OTA-000688
FCV-1782,OTA-000689
TT-1783,OTA-000690
TT-1786,OTA-000691
FT-1789,OTA-000692
FCV-1793,OTA-000693
TT-1797,OTA-000694
LT-1808,OTA-000695
TT-1813,OTA-000696
FCV-1815,OTA-000697
FCV-1816,OTA-000698
FCV-1818,OTA-000699
FT-1822,OTA-000700
PT-1823,OTA-000701
TT-1824,OTA-000702
FT-1826,OTA-000703
FT-1830,OTA-000704
FCV-1834,OTA-000705
LT-1840,OTA-000706
FT-1844,OTA-000707
FCV-1847,OTA-000708
LT-1848,OTA-000709
LT-1853,OTA-000710
FT-1858,OTA-000711
LT-1859,OTA-000712
TT-1863,OTA-000713
FT-1864,OTA-000714
FT-1865,OTA-000715
FT-1866,OTA-000716
FCV-1870,OTA-000717
FT-1871,OTA-000718
FCV-1874,OTA-000719
PT-1875,OTA-000720
FT-1876,OTA-000721
PT-1877,OTA-000722
FCV-1879,OTA-000723
FT-1880,OTA-000724
PT-1882,OTA-000725
LT-1883,OTA-000726
FT-1889,OTA-000727
PT-1891,OTA-000728
FT-1895,OTA-000729
PT-1900,OTA-000730
LT-1909,OTA-000731
LT-1913,OTA-000732
FCV-1918,OTA-000733
FT-1920,OTA-000734
FT-1924,OTA-000735
LT-1928,OTA-000736
TT-1930,OTA-000737
PT-1931,OTA-000738
LT-1933,OTA-000739
TT-1937,OTA-000740
FCV-1939,OTA-000741
FCV-1942,OTA-000742
PT-1946,OTA-000743
FCV-1949,OTA-000744
TT-1950,OTA-000745
PT-1951,OTA-000746
PT-1952,OTA-000747
FT-1953,OTA-000748
PT-1959,OTA-000749
FCV-1960,OTA-000750
FT-1965,OTA-000751
FT-1967,OTA-000752
TT-1970,OTA-000753
FT-1976,OTA-000754
FCV-1978,OTA-000755
FCV-1986,OTA-000756
PT-1988,OTA-000757
TT-1990,OTA-000758
PT-1992,OTA-000759
FCV-2000,OTA-000760
FCV-2002,OTA-000761
LT-2006,OTA-000762
FT-2007,OTA-000763
PT-2010,OTA-000764
TT-2012,OTA-000765
LT-2014,OTA-000766
LT-2018,OTA-000767
FCV-2019,OTA-000768
FCV-2020,OTA-000769
TT-2025,OTA-000770
FCV-2028,OTA-000771
PT-2029,OTA-000772
FT-2030,OTA-000773
LT-2036,OTA-000774
PT-2038,OTA-000775
LT-2041,OTA-000776
FT-2042,OTA-000777
LT-2044,OTA-000778
FCV-2048,OTA-000779
FCV-2049,OTA-000780
TT-2051,OTA-000781
LT-2055,OTA-000782
TT-2056,OTA-000783
FCV-2060,OTA-000784
FCV-2065,OTA-000785
FT-2067,OTA-000786
LT-2068,OTA-000787
PT-2069,OTA-000788
TT-2071,OTA-000789
LT-2076,OTA-000790
LT-2077,OTA-000791
TT-2079,OTA-000792
TT-2080,OTA-000793
PT-2083,OTA-000794
TT-2084,OTA-000795
PT-2089,OTA-000796
FCV-2093,OTA-000797
FT-2094,OTA-000798
FT-2095,OTA-000799
PT-2096,OTA-000800
FCV-2097,OTA-000801
PT-2100,OTA-000802
FCV-2104,OTA-000803
PT-2106,OTA-000804
LT-2108,OTA-000805
TT-2113,OTA-000806
LT-2115,OTA-000807
TT-2119,OTA-000808
TT-2131,OTA-000809
LT-2132,OTA-000810
TT-2134,OTA-000811
FT-2139,OTA-000812
FCV-2140,OTA-000813
PT-2142,OTA-000814
PT-2144,OTA-000815
LT-2145,OTA-000816
LT-2146,OTA-000817
FCV-2148,OTA-000818
FCV-2149,OTA-000819
FT-2153,OTA-000820
FT-2155,OTA-000821
TT-2162,OTA-000822
FCV-2163,OTA-000823
TT-2164,OTA-000824
LT-2172,OTA-000825
PT-2181,OTA-000826
FCV-2184,OTA-000827
FT-2185,OTA-000828
PT-2186,OTA-000829
FT-2187,OTA-000830
LT-2190,OTA-000831
FT-2191,OTA-000832
PT-2197,OTA-000833
TT-2198,OTA-000834
LT-2202,OTA-000835
FCV-2203,OTA-000836
FCV-2204,OTA-000837
LT-2205,OTA-000838
FCV-2206,OTA-000839
TT-2209,OTA-000840
FT-2210,OTA-000841
PT-2213,OTA-000842
PT-2218,OTA-000843
FT-2225,OTA-000844
TT-2227,OTA-000845
TT-2228,OTA-000846
FT-2231,OTA-000847
FCV-2244,OTA-000848
FCV-2247,OTA-000849
LT-2249,OTA-000850
PT-2252,OTA-000851
FT-2263,OTA-000852
PT-2264,OTA-000853
PT-2267,OTA-000854
LT-2272,OTA-000855
TT-2273,OTA-000856
TT-2275,OTA-000857
LT-2277,OTA-000858
FT-2278,OTA-000859
TT-2280,OTA-000860
FT-2281,OTA-000861
FCV-2289,OTA-000862
TT-2291,OTA-000863
TT-2293,OTA-000864
FT-2297,OTA-000865
TT-2300,OTA-000866
FCV-2301,OTA-000867
FT-2302,OTA-000868
FT-2305,OTA-000869
LT-2309,OTA-000870
LT-2311,OTA-000871
FT-2314,OTA-000872
LT-2315,OTA-000873
TT-2318,OTA-000874
PT-2324,OTA-000875
PT-2331,OTA-000876
FCV-2332,OTA-000877
FT-2333,OTA-000878
LT-2334,OTA-000879
TT-2342,OTA-000880
FCV-2343,OTA-000881
FCV-2345,OTA-000882
LT-2346,OTA-000883
FT-2349,OTA-000884
TT-2351,OTA-000885
LT-2354,OTA-000886
PT-2365,OTA-000887
FT-2367,OTA-000888
FCV-2368,OTA-000889
TT-2372,OTA-000890
LT-2373,OTA-000891
LT-2375,OTA-000892
FT-2376,OTA-000893
LT-2377,OTA-000894
LT-2379,OTA-000895
FT-2382,OTA-000896
LT-2386,OTA-000897
FCV-2396,OTA-000898
FT-2400,OTA-000899
PT-2405,OTA-000900
FT-2408,OTA-000901
TT-2409,OTA-000902
PT-2412,OTA-000903
LT-2413,OTA-000904
FCV-2415,OTA-000905
FCV-2419,OTA-000906
FCV-2420,OTA-000907
FT-2424,OTA-000908
FCV-2432,OTA-000909
LT-2438,OTA-000910
FT-2440,OTA-000911
FCV-2441,OTA-000912
LT-2447,OTA-000913
TT-2448,OTA-000914
PT-2449,OTA-000915
PT-2451,OTA-000916
TT-2453,OTA-000917
FCV-2454,OTA-000918
LT-2456,OTA-000919
PT-2457,OTA-000920
TT-2460,OTA-000921
LT-2466,OTA-000922
PT-2469,OTA-000923
PT-2470,OTA-000924
TT-2471,OTA-000925
LT-2475,OTA-000926
PT-2476,OTA-000927
FT-2477,OTA-000928
FT-2478,OTA-000929
LT-2479,OTA-000930
LT-2484,OTA-000931
FCV-2487,OTA-000932
PT-2489,OTA-000933
FCV-2492,OTA-000934
LT-2494,OTA-000935
LT-2495,OTA-000936
PT-2497,OTA-000937
FCV-2500,OTA-000938
TT-2503,OTA-000939
TT-2504,OTA-000940
FT-2507,OTA-000941
FT-2508,OTA-000942
FT-2509,OTA-000943
PT-2510,OTA-000944
LT-2512,OTA-000945
PT-2514,OTA-000946
PT-2515,OTA-000947
FCV-2516,OTA-000948
FT-2521,OTA-000949
FCV-2522,OTA-000950
PT-2523,OTA-000951
PT-2524,OTA-000952
PT-2527,OTA-000953
TT-2528,OTA-000954
FT-2530,OTA-000955
PT-2532,OTA-000956
TT-2538,OTA-000957
LT-2539,OTA-000958
FT-2540,OTA-000959
FT-2541,OTA-000960
LT-2545,OTA-000961
TT-2546,OTA-000962
FT-2547,OTA-000963
LT-2549,OTA-000964
FT-2551,OTA-000965
FT-2553,OTA-000966
FT-2555,OTA-000967
LT-2556,OTA-000968
FT-2559,OTA-000969
FCV-2561,OTA-000970
LT-2568,OTA-000971
PT-2569,OTA-000972
PT-2570,OTA-000973
FT-2571,OTA-000974
FT-2572,OTA-000975
PT-2574,OTA-000976
TT-2575,OTA-000977
PT-2579,OTA-000978
LT-2580,OTA-000979
FT-2581,OTA-000980
FCV-2582,OTA-000981
PT-2586,OTA-000982
TT-2587,OTA-000983
TT-2591,OTA-000984
PT-2592,OTA-000985
FCV-2593,OTA-000986
FCV-2594,OTA-000987
FT-2595,OTA-000988
FCV-2598,OTA-000989
FCV-2599,OTA-000990
PT-2601,OTA-000991
PT-2602,OTA-000992
TT-2603,OTA-000993
TT-2605,OTA-000994
FCV-2606,OTA-000995
TT-2607,OTA-000996
TT-2615,OTA-000997
FCV-2616,OTA-000998
FCV-2620,OTA-000999
LT-2621,OTA-001000
FCV-2624,OTA-001001
FCV-2626,OTA-001002
FCV-2632,OTA-001003
FT-2640,OTA-001004
LT-2645,OTA-001005
TT-2647,OTA-001006
FCV-2648,OTA-001007
LT-2651,OTA-001008
PT-2652,OTA-001009
LT-2653,OTA-001010
FCV-2657,OTA-001011
FCV-2659,OTA-001012
FCV-2660,OTA-001013
FCV-2661,OTA-001014
TT-2662,OTA-001015
TT-2666,OTA-001016
FCV-2667,OTA-001017
FT-2668,OTA-001018
TT-2672,OTA-001019
LT-2673,OTA-001020
FT-2674,OTA-001021
TT-2677,OTA-001022
FT-2678,OTA-001023
FCV-2682,OTA-001024
FT-2683,OTA-001025
FCV-2684,OTA-001026
TT-2685,OTA-001027
FCV-2687,OTA-001028
PT-2689,OTA-001029
LT-2691,OTA-001030
FT-2696,OTA-001031
FT-2697,OTA-001032
FCV-2702,OTA-001033
LT-2708,OTA-001034
PT-2714,OTA-001035
TT-2715,OTA-001036
PT-2716,OTA-001037
TT-2717,OTA-001038
PT-2719,OTA-001039
TT-2722,OTA-001040
LT-2724,OTA-001041
FT-2725,OTA-001042
TT-2726,OTA-001043
TT-2728,OTA-001044
FT-2734,OTA-001045
PT-2735,OTA-001046
TT-2738,OTA-001047
TT-2742,OTA-001048
PT-2743,OTA-001049
FCV-2745,OTA-001050
TT-2746,OTA-001051
PT-2748,OTA-001052
FT-2749,OTA-001053
FCV-2752,OTA-001054
FCV-2754,OTA-001055
TT-2755,OTA-001056
TT-2756,OTA-001057
PT-2758,OTA-001058
LT-2761,OTA-001059
LT-2766,OTA-001060
TT-2770,OTA-001061
PT-2774,OTA-001062
PT-2776,OTA-001063
LT-2778,OTA-001064
LT-2781,OTA-001065
LT-2782,OTA-001066
FCV-2788,OTA-001067
PT-2792,OTA-001068
FCV-2794,OTA-001069
PT-2802,OTA-001070
TT-2804,OTA-001071
LT-2808,OTA-001072
FT-2811,OTA-001073
PT-2813,OTA-001074
FT-2820,OTA-001075
FT-2821,OTA-001076
TT-2823,OTA-001077
FT-2828,OTA-001078
PT-2829,OTA-001079
FT-2831,OTA-001080
PT-2832,OTA-001081
PT-2833,OTA-001082
PT-2834,OTA-001083
TT-2835,OTA-001084
FT-2836,OTA-001085
FCV-2838,OTA-001086
TT-2839,OTA-001087
TT-2840,OTA-001088
PT-2842,OTA-001089
FCV-2843,OTA-001090
FT-2849,OTA-001091
FCV-2853,OTA-001092
LT-2857,OTA-001093
PT-2858,OTA-001094
FCV-2862,OTA-001095
PT-2863,OTA-001096
TT-2866,OTA-001097
FCV-2867,OTA-001098
PT-2869,OTA-001099
FT-2872,OTA-001100
LT-2877,OTA-001101
FT-2878,OTA-001102
LT-2884,OTA-001103
PT-2885,OTA-001104
TT-2891,OTA-001105
PT-2894,OTA-001106
FCV-2898,OTA-001107
FCV-2900,OTA-001108
FT-2901,OTA-001109
TT-2905,OTA-001110
LT-2909,OTA-001111
TT-2911,OTA-001112
LT-2913,OTA-001113
FCV-2915,OTA-001114
FT-2922,OTA-001115
TT-2924,OTA-001116
FT-2925,OTA-001117
LT-2935,OTA-001118
TT-2937,OTA-001119
FCV-2940,OTA-001120
TT-2943,OTA-001121
LT-2945,OTA-001122
FT-2946,OTA-001123
PT-2947,OTA-001124
TT-2949,OTA-001125
FCV-2951,OTA-001126
PT-2958,OTA-001127
PT-2960,OTA-001128
LT-2961,OTA-001129
FCV-2962,OTA-001130
LT-2963,OTA-001131
PT-2965,OTA-001132
LT-2967,OTA-001133
PT-2968,OTA-001134
FCV-2969,OTA-001135
LT-2971,OTA-001136
LT-2972,OTA-001137
FT-2973,OTA-001138
FCV-2975,OTA-001139
FT-2978,OTA-001140
TT-2980,OTA-001141
FT-2981,OTA-001142
TT-2983,OTA-001143
LT-2984,OTA-001144
FCV-2985,OTA-001145
LT-2992,OTA-001146
FCV-2994,OTA-001147
LT-2996,OTA-001148
PT-2998,OTA-001149
FCV-2999,OTA-001150
FCV-3001,OTA-001151
FT-3004,OTA-001152
LT-3007,OTA-001153
PT-3011,OTA-001154
PT-3012,OTA-001155
FT-3017,OTA-001156
FCV-3022,OTA-001157
FT-3024,OTA-001158
LT-3027,OTA-001159
FT-3029,OTA-001160
LT-3034,OTA-001161
FCV-3039,OTA-001162
TT-3041,OTA-001163
FCV-3042,OTA-001164
PT-3043,OTA-001165
LT-3044,OTA-001166
LT-3051,OTA-001167
PT-3052,OTA-001168
LT-3054,OTA-001169
FT-3064,OTA-001170
TT-3070,OTA-001171
TT-3076,OTA-001172
FT-3080,OTA-001173
PT-3081,OTA-001174
FCV-3085,OTA-001175
FCV-3097,OTA-001176
LT-3098,OTA-001177
FCV-3099,OTA-001178
FCV-3100,OTA-001179
TT-3102,OTA-001180
TT-3105,OTA-001181
PT-3109,OTA-001182
LT-3110,OTA-001183
TT-3111,OTA-001184
PT-3114,OTA-001185
TT-3118,OTA-001186
FCV-3127,OTA-001187
FT-3129,OTA-001188
LT-3130,OTA-001189
LT-3137,OTA-001190
FCV-3138,OTA-001191
FT-3142,OTA-001192
FT-3145,OTA-001193
PT-3148,OTA-001194
PT-3154,OTA-001195
LT-3157,OTA-001196
PT-3160,OTA-001197
LT-3161,OTA-001198
TT-3164,OTA-001199
LT-3165,OTA-001200
FCV-3166,OTA-001201
PT-3167,OTA-001202
PT-3172,OTA-001203
FCV-3180,OTA-001204
FCV-3181,OTA-001205
FT-3184,OTA-001206
FT-3185,OTA-001207
LT-3191,OTA-001208
PT-3192,OTA-001209
LT-3198,OTA-001210
LT-3200,OTA-001211
FCV-3201,OTA-001212
FCV-3202,OTA-001213
LT-3203,OTA-001214
TT-3205,OTA-001215
PT-3206,OTA-001216
LT-3208,OTA-001217
LT-3209,OTA-001218
PT-3212,OTA-001219
FCV-3215,OTA-001220
PT-3216,OTA-001221
FT-3218,OTA-001222
FT-3221,OTA-001223
PT-3223,OTA-001224
TT-3225,OTA-001225
FT-3226,OTA-001226
LT-3228,OTA-001227
FT-3229,OTA-001228
FCV-3230,OTA-001229
FCV-3233,OTA-001230
TT-3234,OTA-001231
FT-3235,OTA-001232
FCV-3236,OTA-001233
FCV-3237,OTA-001234
PT-3239,OTA-001235
FT-3240,OTA-001236
FT-3246,OTA-001237
PT-3250,OTA-001238
FT-3251,OTA-001239
TT-3252,OTA-001240
LT-3255,OTA-001241
FT-3256,OTA-001242
LT-3259,OTA-001243
FCV-3260,OTA-001244
FT-3261,OTA-001245
FCV-3263,OTA-001246
TT-3266,OTA-001247
PT-3270,OTA-001248
TT-3271,OTA-001249
PT-3272,OTA-001250
FCV-3273,OTA-001251
FCV-3274,OTA-001252
FT-3275,OTA-001253
TT-3278,OTA-001254
PT-3279,OTA-001255
FCV-3280,OTA-001256
FT-3283,OTA-001257
TT-3292,OTA-001258
PT-3293,OTA-001259
FCV-3295,OTA-001260
FT-3297,OTA-001261
FCV-3301,OTA-001262
LT-3304,OTA-001263
FT-3306,OTA-001264
PT-3307,OTA-001265
FCV-3308,OTA-001266
TT-3310,OTA-001267
FCV-3312,OTA-001268
FCV-3314,OTA-001269
TT-3320,OTA-001270
PT-3325,OTA-001271
PT-3328,OTA-001272
FT-3329,OTA-001273
TT-3336,OTA-001274
LT-3337,OTA-001275
TT-3344,OTA-001276
FCV-3352,OTA-001277
TT-3356,OTA-001278
TT-3357,OTA-001279
LT-3358,OTA-001280
FCV-3359,OTA-001281
TT-3366,OTA-001282
FT-3369,OTA-001283
LT-3370,OTA-001284
LT-3372,OTA-001285
FCV-3375,OTA-001286
FCV-3376,OTA-001287
FCV-3377,OTA-001288
LT-3379,OTA-001289
PT-3380,OTA-001290
PT-3381,OTA-001291
LT-3383,OTA-001292
TT-3384,OTA-001293
LT-3391,OTA-001294
FCV-3392,OTA-001295
LT-3393,OTA-001296
PT-3394,OTA-001297
FCV-3397,OTA-001298
FCV-3398,OTA-001299
TT-3399,OTA-001300
TT-3405,OTA-001301
FCV-3406,OTA-001302
LT-3407,OTA-001303
PT-3415,OTA-001304
FCV-3416,OTA-001305
FCV-3418,OTA-001306
FT-3419,OTA-001307
PT-3421,OTA-001308
TT-3423,OTA-001309
TT-3425,OTA-001310
LT-3427,OTA-001311
LT-3431,OTA-001312
LT-3433,OTA-001313
FCV-3434,OTA-001314
TT-3437,OTA-001315
FCV-3441,OTA-001316
FCV-3444,OTA-001317
FT-3448,OTA-001318
PT-3452,OTA-001319
PT-3455,OTA-001320
LT-3457,OTA-001321
TT-3459,OTA-001322
FCV-3465,OTA-001323
FT-3468,OTA-001324
FCV-3470,OTA-001325
PT-3472,OTA-001326
FCV-3474,OTA-001327
FT-3476,OTA-001328
PT-3477,OTA-001329
PT-3479,OTA-001330
TT-3480,OTA-001331
FCV-3482,OTA-001332
FT-3483,OTA-001333
LT-3486,OTA-001334
LT-3490,OTA-001335
LT-3492,OTA-001336
FT-3493,OTA-001337
FT-3494,OTA-001338
PT-3496,OTA-001339
PT-3502,OTA-001340
FT-3503,OTA-001341
TT-3506,OTA-001342
PT-3507,OTA-001343
TT-3509,OTA-001344
FCV-3511,OTA-001345
TT-3514,OTA-001346
PT-3515,OTA-001347
PT-3523,OTA-001348
TT-3525,OTA-001349
FT-3536,OTA-001350
LT-3541,OTA-001351
TT-3545,OTA-001352
FCV-3554,OTA-001353
FT-3556,OTA-001354
TT-3558,OTA-001355
TT-3559,OTA-001356
TT-3570,OTA-001357
FCV-3571,OTA-001358
LT-3572,OTA-001359
TT-3574,OTA-001360
PT-3577,OTA-001361
PT-3579,OTA-001362
FT-3581,OTA-001363
FCV-3582,OTA-001364
FCV-3584,OTA-001365
FCV-3585,OTA-001366
LT-3589,OTA-001367
FCV-3591,OTA-001368
TT-3593,OTA-001369
TT-3603,OTA-001370
TT-3608,OTA-001371
PT-3609,OTA-001372
FCV-3611,OTA-001373
LT-3612,OTA-001374
LT-3613,OTA-001375
PT-3619,OTA-001376
LT-3620,OTA-001377
LT-3621,OTA-001378
FCV-3624,OTA-001379
PT-3626,OTA-001380
FT-3627,OTA-001381
TT-3629,OTA-001382
FT-3633,OTA-001383
PT-3635,OTA-001384
FT-3638,OTA-001385
FT-3643,OTA-001386
LT-3646,OTA-001387
FT-3648,OTA-001388
FCV-3650,OTA-001389
FCV-3653,OTA-001390
PT-3654,OTA-001391
LT-3660,OTA-001392
FCV-3662,OTA-001393
PT-3664,OTA-001394
PT-3666,OTA-001395
FT-3670,OTA-001396
LT-3671,OTA-001397
LT-3672,OTA-001398
FT-3677,OTA-001399
LT-3678,OTA-001400
FT-3681,OTA-001401
FT-3682,OTA-001402
FCV-3686,OTA-001403
FCV-3693,OTA-001404
LT-3694,OTA-001405
FT-3695,OTA-001406
TT-3697,OTA-001407
LT-3699,OTA-001408
FT-3702,OTA-001409
TT-3703,OTA-001410
TT-3706,OTA-001411
PT-3708,OTA-001412
PT-3709,OTA-001413
PT-3711,OTA-001414
TT-3713,OTA-001415
PT-3715,OTA-001416
FT-3718,OTA-001417
PT-3723,OTA-001418
FCV-3731,OTA-001419
FCV-3733,OTA-001420
FCV-3734,OTA-001421
TT-3737,OTA-001422
TT-3738,OTA-001423
FT-3745,OTA-001424
LT-3750,OTA-001425
TT-3752,OTA-001426
TT-3753,OTA-001427
FT-3754,OTA-001428
TT-3757,OTA-001429
TT-3764,OTA-001430
PT-3767,OTA-001431
FT-3780,OTA-001432
FT-3782,OTA-001433
FCV-3783,OTA-001434
LT-3784,OTA-001435
FCV-3785,OTA-001436
PT-3789,OTA-001437
FT-3790,OTA-001438
FCV-3792,OTA-001439
FCV-3794,OTA-001440
FT-3795,OTA-001441
LT-3796,OTA-001442
PT-3797,OTA-001443
LT-3799,OTA-001444
FCV-3802,OTA-001445
FCV-3803,OTA-001446
LT-3807,OTA-001447
TT-3813,OTA-001448
LT-3816,OTA-001449
TT-3820,OTA-001450
PT-3823,OTA-001451
PT-3829,OTA-001452
LT-3833,OTA-001453
PT-3838,OTA-001454
PT-3844,OTA-001455
FT-3848,OTA-001456
LT-3849,OTA-001457
FCV-3852,OTA-001458
FCV-3857,OTA-001459
LT-3859,OTA-001460
FCV-3862,OTA-001461
FT-3863,OTA-001462
FCV-3865,OTA-001463
TT-3866,OTA-001464
FT-3868,OTA-001465
FT-3870,OTA-001466
LT-3871,OTA-001467
TT-3873,OTA-001468
PT-3877,OTA-001469
LT-3878,OTA-001470
FCV-3879,OTA-001471
FCV-3880,OTA-001472
LT-3881,OTA-001473
FCV-3882,OTA-001474
TT-3885,OTA-001475
TT-3887,OTA-001476
PT-3889,OTA-001477
FCV-3904,OTA-001478
FT-3907,OTA-001479
TT-3908,OTA-001480
FCV-3909,OTA-001481
TT-3910,OTA-001482
TT-3913,OTA-001483
FCV-3914,OTA-001484
PT-3916,OTA-001485
FT-3920,OTA-001486
FT-3921,OTA-001487
LT-3925,OTA-001488
FT-3928,OTA-001489
TT-3933,OTA-001490
FT-3934,OTA-001491
TT-3936,OTA-001492
PT-3940,OTA-001493
FCV-3941,OTA-001494
TT-3944,OTA-001495
FT-3945,OTA-001496
FCV-3946,OTA-001497
FT-3947,OTA-001498
FT-3956,OTA-001499
FT-3957,OTA-001500
PT-3958,OTA-001501
FT-3961,OTA-001502
LT-3963,OTA-001503
PT-3964,OTA-001504
TT-3971,OTA-001505
FCV-3974,OTA-001506
LT-3978,OTA-001507
FT-3979,OTA-001508
FCV-3981,OTA-001509
PT-3984,OTA-001510
LT-3985,OTA-001511
FT-3986,OTA-001512
FT-3987,OTA-001513
LT-3988,OTA-001514
FCV-3992,OTA-001515
FCV-3996,OTA-001516
TT-4001,OTA-001517
PT-4006,OTA-001518
PT-4007,OTA-001519
PT-4011,OTA-001520
LT-4012,OTA-001521
FT-4020,OTA-001522
FCV-4022,OTA-001523
PT-4025,OTA-001524
FT-4026,OTA-001525
FCV-4032,OTA-001526
FT-4033,OTA-001527
LT-4042,OTA-001528
FT-4043,OTA-001529
FCV-4044,OTA-001530
TT-4046,OTA-001531
FT-4051,OTA-001532
FCV-4052,OTA-001533
LT-4053,OTA-001534
FT-4055,OTA-001535
PT-4057,OTA-001536
TT-4059,OTA-001537
LT-4062,OTA-001538
TT-4070,OTA-001539
FT-4072,OTA-001540
LT-4073,OTA-001541
TT-4074,OTA-001542
LT-4078,OTA-001543
PT-4086,OTA-001544
PT-4088,OTA-001545
FT-4096,OTA-001546
FT-4100,OTA-001547
FCV-4105,OTA-001548
FT-4106,OTA-001549
LT-4107,OTA-001550
FCV-4116,OTA-001551
FT-4118,OTA-001552
LT-4120,OTA-001553
FCV-4121,OTA-001554
FCV-4122,OTA-001555
TT-4124,OTA-001556
FCV-4128,OTA-001557
FT-4129,OTA-001558
PT-4130,OTA-001559
LT-4132,OTA-001560
PT-4134,OTA-001561
PT-4135,OTA-001562
FT-4136,OTA-001563
FT-4138,OTA-001564
TT-4141,OTA-001565
TT-4142,OTA-001566
LT-4143,OTA-001567
PT-4149,OTA-001568
TT-4150,OTA-001569
PT-4156,OTA-001570
FCV-4158,OTA-001571
FT-4160,OTA-001572
TT-4164,OTA-001573
TT-4166,OTA-001574
PT-4169,OTA-001575
FCV-4170,OTA-001576
FCV-4178,OTA-001577
TT-4181,OTA-001578
FT-4184,OTA-001579
PT-4185,OTA-001580
FT-4191,OTA-001581
LT-4201,OTA-001582
FCV-4203,OTA-001583
FCV-4206,OTA-001584
FCV-4211,OTA-001585
TT-4212,OTA-001586
TT-4213,OTA-001587
FCV-4216,OTA-001588
FCV-4218,OTA-001589
LT-4220,OTA-001590
FT-4226,OTA-001591
FT-4228,OTA-001592
PT-4234,OTA-001593
FT-4237,OTA-001594
TT-4246,OTA-001595
TT-4249,OTA-001596
PT-4250,OTA-001597
TT-4251,OTA-001598
FT-4252,OTA-001599
FCV-4261,OTA-001600
FT-4264,OTA-001601
LT-4266,OTA-001602
LT-4268,OTA-001603
FCV-4273,OTA-001604
LT-4274,OTA-001605
FT-4281,OTA-001606
PT-4282,OTA-001607
PT-4283,OTA-001608
FT-4291,OTA-001609
PT-4293,OTA-001610
TT-4297,OTA-001611
PT-4298,OTA-001612
FCV-4299,OTA-001613
PT-4300,OTA-001614
FT-4303,OTA-001615
PT-4304,OTA-001616
LT-4305,OTA-001617
FT-4307,OTA-001618
PT-4313,OTA-001619
FCV-4315,OTA-001620
LT-4316,OTA-001621
FCV-4319,OTA-001622
LT-4322,OTA-001623
PT-4324,OTA-001624
LT-4331,OTA-001625
FCV-4337,OTA-001626
PT-4341,OTA-001627
PT-4345,OTA-001628
PT-4347,OTA-001629
FT-4350,OTA-001630
TT-4351,OTA-001631
PT-4353,OTA-001632
TT-4355,OTA-001633
FCV-4356,OTA-001634
PT-4358,OTA-001635
LT-4359,OTA-001636
PT-4360,OTA-001637
TT-4369,OTA-001638
FT-4370,OTA-001639
LT-4371,OTA-001640
FCV-4372,OTA-001641
FT-4374,OTA-001642
LT-4381,OTA-001643
FT-4382,OTA-001644
FT-4384,OTA-001645
TT-4385,OTA-001646
FT-4386,OTA-001647
FT-4390,OTA-001648
FT-4391,OTA-001649
FCV-4394,OTA-001650
PT-4396,OTA-001651
LT-4397,OTA-001652
FCV-4398,OTA-001653
TT-4401,OTA-001654
FCV-4404,OTA-001655
PT-4406,OTA-001656
FT-4407,OTA-001657
PT-4409,OTA-001658
PT-4413,OTA-001659
LT-4416,OTA-001660
PT-4417,OTA-001661
TT-4418,OTA-001662
FT-4419,OTA-001663
LT-4421,OTA-001664
TT-4425,OTA-001665
LT-4429,OTA-001666
TT-4430,OTA-001667
FCV-4438,OTA-001668
TT-4442,OTA-001669
FT-4444,OTA-001670
FT-4446,OTA-001671
TT-4447,OTA-001672
PT-4449,OTA-001673
FT-4453,OTA-001674
TT-4454,OTA-001675
PT-4457,OTA-001676
TT-4461,OTA-001677
FT-4471,OTA-001678
FCV-4474,OTA-001679
TT-4476,OTA-001680
LT-4477,OTA-001681
PT-4482,OTA-001682
FT-4483,OTA-001683
PT-4484,OTA-001684
FT-4488,OTA-001685
FCV-4490,OTA-001686
FCV-4492,OTA-001687
FT-4493,OTA-001688
FCV-4500,OTA-001689
LT-4502,OTA-001690
TT-4504,OTA-001691
TT-4507,OTA-001692
FT-4508,OTA-001693
FT-4509,OTA-001694
PT-4511,OTA-001695
TT-4513,OTA-001696
FT-4525,OTA-001697
TT-4526,OTA-001698
FT-4533,OTA-001699
TT-4535,OTA-001700
FT-4536,OTA-001701
FCV-4538,OTA-001702
LT-4541,OTA-001703
PT-4542,OTA-001704
FT-4543,OTA-001705
PT-4544,OTA-001706
PT-4545,OTA-001707
TT-4547,OTA-001708
LT-4549,OTA-001709
PT-4553,OTA-001710
PT-4554,OTA-001711
LT-4556,OTA-001712
FCV-4558,OTA-001713
FT-4561,OTA-001714
LT-4562,OTA-001715
TT-4570,OTA-001716
LT-4572,OTA-001717
PT-4573,OTA-001718
TT-4576,OTA-001719
TT-4578,OTA-001720
FT-4579,OTA-001721
LT-4581,OTA-001722
PT-4582,OTA-001723
FT-4584,OTA-001724
LT-4585,OTA-001725
TT-4590,OTA-001726
FT-4598,OTA-001727
FT-4601,OTA-001728
FT-4604,OTA-001729
LT-4606,OTA-001730
PT-4609,OTA-001731
FCV-4611,OTA-001732
TT-4612,OTA-001733
FCV-4613,OTA-001734
FT-4620,OTA-001735
TT-4622,OTA-001736
TT-4624,OTA-001737
FT-4625,OTA-001738
FT-4628,OTA-001739
FCV-4629,OTA-001740
LT-4631,OTA-001741
FCV-4632,OTA-001742
FT-4634,OTA-001743
LT-4635,OTA-001744
PT-4640,OTA-001745
LT-4643,OTA-001746
LT-4644,OTA-001747
PT-4647,OTA-001748
LT-4648,OTA-001749
PT-4653,OTA-001750
LT-4654,OTA-001751
TT-4657,OTA-001752
FT-4658,OTA-001753
FCV-4659,OTA-001754
PT-4660,OTA-001755
TT-4667,OTA-001756
TT-4669,OTA-001757
FT-4671,OTA-001758
LT-4673,OTA-001759
FT-4681,OTA-001760
PT-4682,OTA-001761
TT-4684,OTA-001762
PT-4686,OTA-001763
LT-4687,OTA-001764
LT-4688,OTA-001765
LT-4691,OTA-001766
TT-4693,OTA-001767
LT-4694,OTA-001768
PT-4701,OTA-001769
TT-4702,OTA-001770
FT-4710,OTA-001771
FT-4711,OTA-001772
FCV-4712,OTA-001773
TT-4717,OTA-001774
LT-4718,OTA-001775
TT-4722,OTA-001776
FT-4725,OTA-001777
FCV-4727,OTA-001778
FT-4730,OTA-001779
PT-4731,OTA-001780
FT-4735,OTA-001781
LT-4742,OTA-001782
FCV-4743,OTA-001783
FT-4748,OTA-001784
FT-4753,OTA-001785
LT-4754,OTA-001786
TT-4758,OTA-001787
FT-4760,OTA-001788
FCV-4761,OTA-001789
FT-4763,OTA-001790
LT-4766,OTA-001791
FCV-4768,OTA-001792
LT-4773,OTA-001793
PT-4774,OTA-001794
LT-4775,OTA-001795
LT-4776,OTA-001796
PT-4778,OTA-001797
FT-4780,OTA-001798
FT-4785,OTA-001799
FT-4786,OTA-001800
LT-4791,OTA-001801
TT-4793,OTA-001802
FCV-4799,OTA-001803
PT-4800,OTA-001804
PT-4804,OTA-001805
FCV-4805,OTA-001806
FT-4809,OTA-001807
FT-4811,OTA-001808
LT-4813,OTA-001809
TT-4818,OTA-001810
FCV-4822,OTA-001811
PT-4823,OTA-001812
TT-4824,OTA-001813
LT-4825,OTA-001814
FT-4826,OTA-001815
LT-4831,OTA-001816
FCV-4833,OTA-001817
LT-4841,OTA-001818
PT-4842,OTA-001819
FT-4848,OTA-001820
TT-4851,OTA-001821
TT-4852,OTA-001822
FT-4856,OTA-001823
FCV-4859,OTA-001824
FCV-4860,OTA-001825
FT-4863,OTA-001826
FCV-4864,OTA-001827
FCV-4865,OTA-001828
FCV-4869,OTA-001829
PT-4870,OTA-001830
PT-4877,OTA-001831
TT-4879,OTA-001832
PT-4880,OTA-001833
PT-4886,OTA-001834
FT-4887,OTA-001835
LT-4888,OTA-001836
PT-4890,OTA-001837
FT-4894,OTA-001838
TT-4900,OTA-001839
LT-4908,OTA-001840
FCV-4912,OTA-001841
LT-4915,OTA-001842
LT-4916,OTA-001843
TT-4917,OTA-001844
LT-4918,OTA-001845
TT-4919,OTA-001846
TT-4920,OTA-001847
FCV-4929,OTA-001848
PT-4935,OTA-001849
LT-4937,OTA-001850
PT-4940,OTA-001851
FT-4942,OTA-001852
FCV-4943,OTA-001853
TT-4946,OTA-001854
FT-4947,OTA-001855
TT-4950,OTA-001856
PT-4951,OTA-001857
PT-4953,OTA-001858
FT-4955,OTA-001859
FCV-4958,OTA-001860
TT-4962,OTA-001861
LT-4966,OTA-001862
LT-4971,OTA-001863
LT-4973,OTA-001864
TT-4975,OTA-001865
PT-4976,OTA-001866
FCV-4977,OTA-001867
FT-4980,OTA-001868
PT-4983,OTA-001869
TT-4984,OTA-001870
TT-4985,OTA-001871
LT-4986,OTA-001872
TT-4988,OTA-001873
PT-4989,OTA-001874
FCV-4991,OTA-001875
FCV-4993,OTA-001876
LT-4996,OTA-001877
TT-4998,OTA-001878
PT-5000,OTA-001879
FCV-5001,OTA-001880
LT-5014,OTA-001881
PT-5016,OTA-001882
FT-5021,OTA-001883
LT-5022,OTA-001884
LT-5025,OTA-001885
FCV-5026,OTA-001886
TT-5035,OTA-001887
TT-5041,OTA-001888
FCV-5042,OTA-001889
FT-5045,OTA-001890
TT-5046,OTA-001891
LT-5049,OTA-001892
PT-5052,OTA-001893
FT-5070,OTA-001894
TT-5071,OTA-001895
PT-5073,OTA-001896
FT-5074,OTA-001897
FCV-5076,OTA-001898
LT-5077,OTA-001899
PT-5080,OTA-001900
FCV-5082,OTA-001901
FT-5083,OTA-001902
FT-5084,OTA-001903
TT-5085,OTA-001904
FCV-5086,OTA-001905
TT-5094,OTA-001906
LT-5095,OTA-001907
PT-5098,OTA-001908
TT-5099,OTA-001909
LT-5104,OTA-001910
LT-5106,OTA-001911
PT-5107,OTA-001912
PT-5108,OTA-001913
FT-5109,OTA-001914
PT-5111,OTA-001915
FCV-5113,OTA-001916
PT-5115,OTA-001917
FCV-5117,OTA-001918
TT-5119,OTA-001919
FCV-5120,OTA-001920
FCV-5122,OTA-001921
FT-5124,OTA-001922
TT-5125,OTA-001923
TT-5126,OTA-001924
FCV-5133,OTA-001925
LT-5137,OTA-001926
TT-5141,OTA-001927
FCV-5143,OTA-001928
PT-5145,OTA-001929
TT-5157,OTA-001930
FT-5159,OTA-001931
TT-5161,OTA-001932
LT-5162,OTA-001933
FT-5163,OTA-001934
FCV-5164,OTA-001935
PT-5165,OTA-001936
LT-5172,OTA-001937
TT-5173,OTA-001938
PT-5175,OTA-001939
FT-5177,OTA-001940
FT-5178,OTA-001941
FT-5179,OTA-001942
FCV-5183,OTA-001943
TT-5186,OTA-001944
LT-5190,OTA-001945
PT-5194,OTA-001946
FT-5197,OTA-001947
PT-5204,OTA-001948
LT-5205,OTA-001949
FT-5206,OTA-001950
TT-5210,OTA-001951
FCV-5212,OTA-001952
TT-5214,OTA-001953
PT-5217,OTA-001954
FCV-5218,OTA-001955
LT-5221,OTA-001956
TT-5223,OTA-001957
FCV-5225,OTA-001958
TT-5230,OTA-001959
FT-5232,OTA-001960
FT-5234,OTA-001961
PT-5235,OTA-001962
FCV-5237,OTA-001963
FCV-5238,OTA-001964
PT-5241,OTA-001965
LT-5242,OTA-001966
LT-5246,OTA-001967
LT-5251,OTA-001968
TT-5252,OTA-001969
FCV-5255,OTA-001970
LT-5259,OTA-001971
PT-5263,OTA-001972
PT-5264,OTA-001973
FCV-5265,OTA-001974
FCV-5268,OTA-001975
PT-5270,OTA-001976
TT-5271,OTA-001977
TT-5272,OTA-001978
TT-5277,OTA-001979
TT-5280,OTA-001980
FT-5281,OTA-001981
FT-5285,OTA-001982
LT-5290,OTA-001983
LT-5295,OTA-001984
FT-5296,OTA-001985
FCV-5298,OTA-001986
FT-5302,OTA-001987
FCV-5308,OTA-001988
TT-5310,OTA-001989
LT-5311,OTA-001990
TT-5313,OTA-001991
FCV-5316,OTA-001992
FCV-5317,OTA-001993
FCV-5318,OTA-001994
FT-5320,OTA-001995
FCV-5322,OTA-001996
TT-5328,OTA-001997
TT-5334,OTA-001998
FCV-5336,OTA-001999
FCV-5337,OTA-002000
LT-5339,OTA-002001
PT-5343,OTA-002002
FCV-5346,OTA-002003
FT-5348,OTA-002004
LT-5351,OTA-002005
FCV-5354,OTA-002006
FT-5355,OTA-002007
LT-5360,OTA-002008
FT-5361,OTA-002009
FCV-5364,OTA-002010
LT-5366,OTA-002011
PT-5372,OTA-002012
PT-5375,OTA-002013
TT-5376,OTA-002014
TT-5377,OTA-002015
LT-5378,OTA-002016
FT-5380,OTA-002017
TT-5385,OTA-002018
TT-5388,OTA-002019
LT-5390,OTA-002020
FT-5393,OTA-002021
FT-5401,OTA-002022
FCV-5402,OTA-002023
PT-5404,OTA-002024
PT-5406,OTA-002025
PT-5407,OTA-002026
PT-5411,OTA-002027
FCV-5412,OTA-002028
LT-5413,OTA-002029
PT-5414,OTA-002030
FCV-5418,OTA-002031
LT-5422,OTA-002032
TT-5425,OTA-002033
LT-5427,OTA-002034
FT-5430,OTA-002035
FT-5431,OTA-002036
FCV-5433,OTA-002037
FT-5435,OTA-002038
FT-5437,OTA-002039
TT-5442,OTA-002040
TT-5444,OTA-002041
FCV-5445,OTA-002042
FT-5448,OTA-002043
TT-5449,OTA-002044
PT-5451,OTA-002045
TT-5452,OTA-002046
FCV-5454,OTA-002047
PT-5456,OTA-002048
FT-5458,OTA-002049
TT-5460,OTA-002050
LT-5462,OTA-002051
PT-5463,OTA-002052
LT-5469,OTA-002053
LT-5470,OTA-002054
FT-5472,OTA-002055
TT-5475,OTA-002056
FCV-5476,OTA-002057
TT-5477,OTA-002058
FT-5479,OTA-002059
FT-5481,OTA-002060
FCV-5482,OTA-002061
FT-5484,OTA-002062
PT-5489,OTA-002063
FCV-5497,OTA-002064
FCV-5502,OTA-002065
FCV-5504,OTA-002066
FCV-5510,OTA-002067
TT-5513,OTA-002068
LT-5515,OTA-002069
PT-5518,OTA-002070
PT-5519,OTA-002071
TT-5520,OTA-002072
FCV-5522,OTA-002073
FCV-5524,OTA-002074
LT-5525,OTA-002075
LT-5528,OTA-002076
FCV-5530,OTA-002077
FT-5538,OTA-002078
FT-5539,OTA-002079
FT-5545,OTA-002080
FT-5546,OTA-002081
TT-5553,OTA-002082
LT-5555,OTA-002083
TT-5558,OTA-002084
LT-5559,OTA-002085
PT-5560,OTA-002086
PT-5562,OTA-002087
FCV-5563,OTA-002088
LT-5571,OTA-002089
LT-5572,OTA-002090
LT-5575,OTA-002091
TT-5577,OTA-002092
TT-5583,OTA-002093
FT-5585,OTA-002094
LT-5586,OTA-002095
FT-5591,OTA-002096
PT-5592,OTA-002097
LT-5594,OTA-002098
FT-5595,OTA-002099
FCV-5597,OTA-002100
FT-5598,OTA-002101
FT-5599,OTA-002102
TT-5603,OTA-002103
PT-5605,OTA-002104
FCV-5606,OTA-002105
LT-5610,OTA-002106
TT-5612,OTA-002107
PT-5613,OTA-002108
FT-5615,OTA-002109
FCV-5616,OTA-002110
FCV-5621,OTA-002111
PT-5622,OTA-002112
FCV-5623,OTA-002113
FCV-5628,OTA-002114
LT-5632,OTA-002115
LT-5633,OTA-002116
FCV-5634,OTA-002117
LT-5640,OTA-002118
LT-5642,OTA-002119
LT-5643,OTA-002120
TT-5645,OTA-002121
FT-5648,OTA-002122
PT-5650,OTA-002123
FT-5653,OTA-002124
FCV-5655,OTA-002125
PT-5657,OTA-002126
PT-5660,OTA-002127
TT-5669,OTA-002128
LT-5670,OTA-002129
PT-5672,OTA-002130
PT-5673,OTA-002131
LT-5674,OTA-002132
PT-5676,OTA-002133
FCV-5685,OTA-002134
FCV-5687,OTA-002135
TT-5689,OTA-002136
FT-5690,OTA-002137
LT-5697,OTA-002138
TT-5699,OTA-002139
FCV-5701,OTA-002140
FT-5707,OTA-002141
FCV-5710,OTA-002142
FT-5715,OTA-002143
TT-5717,OTA-002144
FCV-5720,OTA-002145
FT-5721,OTA-002146
FCV-5722,OTA-002147
FT-5723,OTA-002148
FT-5724,OTA-002149
PT-5726,OTA-002150
FCV-5730,OTA-002151
PT-5732,OTA-002152
TT-5733,OTA-002153
FT-5734,OTA-002154
FT-5735,OTA-002155
TT-5737,OTA-002156
TT-5738,OTA-002157
PT-5740,OTA-002158
FT-5749,OTA-002159
PT-5760,OTA-002160
PT-5762,OTA-002161
FCV-5764,OTA-002162
TT-5765,OTA-002163
FT-5767,OTA-002164
FT-5770,OTA-002165
PT-5772,OTA-002166
FT-5775,OTA-002167
TT-5776,OTA-002168
LT-5781,OTA-002169
FCV-5783,OTA-002170
LT-5784,OTA-002171
FCV-5785,OTA-002172
TT-5786,OTA-002173
TT-5788,OTA-002174
FT-5802,OTA-002175
PT-5804,OTA-002176
TT-5807,OTA-002177
PT-5808,OTA-002178
LT-5809,OTA-002179
TT-5811,OTA-002180
FCV-5816,OTA-002181
LT-5817,OTA-002182
TT-5819,OTA-002183
FCV-5821,OTA-002184
FT-5822,OTA-002185
TT-5823,OTA-002186
FCV-5826,OTA-002187
TT-5830,OTA-002188
PT-5836,OTA-002189
TT-5837,OTA-002190
FCV-5842,OTA-002191
FT-5843,OTA-002192
FT-5845,OTA-002193
PT-5846,OTA-002194
TT-5847,OTA-002195
PT-5848,OTA-002196
PT-5850,OTA-002197
FCV-5851,OTA-002198
FCV-5861,OTA-002199
TT-5864,OTA-002200
PT-5865,OTA-002201
FT-5871,OTA-002202
TT-5875,OTA-002203
FT-5881,OTA-002204
PT-5884,OTA-002205
FCV-5885,OTA-002206
FCV-5886,OTA-002207
LT-5889,OTA-002208
FCV-5890,OTA-002209
FT-5891,OTA-002210
FCV-5905,OTA-002211
LT-5906,OTA-002212
PT-5908,OTA-002213
LT-5910,OTA-002214
LT-5917,OTA-002215
PT-5919,OTA-002216
TT-5920,OTA-002217
LT-5921,OTA-002218
LT-5931,OTA-002219
LT-5932,OTA-002220
TT-5933,OTA-002221
TT-5935,OTA-002222
TT-5937,OTA-002223
FT-5938,OTA-002224
TT-5939,OTA-002225
PT-5940,OTA-002226
TT-5945,OTA-002227
FT-5946,OTA-002228
LT-5950,OTA-002229
TT-5951,OTA-002230
TT-5953,OTA-002231
TT-5954,OTA-002232
PT-5960,OTA-002233
PT-5963,OTA-002234
FT-5966,OTA-002235
TT-5967,OTA-002236
FT-5970,OTA-002237
LT-5980,OTA-002238
TT-5985,OTA-002239
TT-5987,OTA-002240
PT-5989,OTA-002241
PT-5994,OTA-002242
FT-5997,OTA-002243
FCV-6003,OTA-002244
LT-6010,OTA-002245
FT-6011,OTA-002246
PT-6018,OTA-002247
FCV-6019,OTA-002248
TT-6020,OTA-002249
FCV-6021,OTA-002250
TT-6024,OTA-002251
FCV-6025,OTA-002252
TT-6027,OTA-002253
PT-6028,OTA-002254
PT-6029,OTA-002255
FCV-6030,OTA-002256
TT-6031,OTA-002257
LT-6032,OTA-002258
LT-6033,OTA-002259
LT-6037,OTA-002260
FT-6043,OTA-002261
FCV-6046,OTA-002262
LT-6048,OTA-002263
TT-6051,OTA-002264
TT-6054,OTA-002265
FT-6055,OTA-002266
PT-6056,OTA-002267
FT-6057,OTA-002268
LT-6059,OTA-002269
FT-6060,OTA-002270
LT-6063,OTA-002271
LT-6065,OTA-002272
TT-6066,OTA-002273
LT-6067,OTA-002274
TT-6068,OTA-002275
LT-6069,OTA-002276
FT-6071,OTA-002277
LT-6077,OTA-002278
FCV-6078,OTA-002279
FCV-6080,OTA-002280
TT-6081,OTA-002281
LT-6084,OTA-002282
LT-6087,OTA-002283
PT-6091,OTA-002284
FCV-6095,OTA-002285
FCV-6099,OTA-002286
FT-6100,OTA-002287
FCV-6101,OTA-002288
TT-6105,OTA-002289
FT-6106,OTA-002290
FT-6119,OTA-002291
PT-6120,OTA-002292
LT-6123,OTA-002293
PT-6124,OTA-002294
LT-6125,OTA-002295
FCV-6135,OTA-002296
FT-6136,OTA-002297
FCV-6137,OTA-002298
PT-6140,OTA-002299
TT-6141,OTA-002300
PT-6146,OTA-002301
FT-6153,OTA-002302
FT-6156,OTA-002303
FT-6160,OTA-002304
PT-6161,OTA-002305
FCV-6163,OTA-002306
TT-6164,OTA-002307
FT-6167,OTA-002308
FCV-6175,OTA-002309
LT-6176,OTA-002310
FT-6178,OTA-002311
FCV-6180,OTA-002312
TT-6181,OTA-002313
TT-6182,OTA-002314
LT-6184,OTA-002315
FT-6186,OTA-002316
FT-6187,OTA-002317
FCV-6188,OTA-002318
TT-6189,OTA-002319
TT-6190,OTA-002320
LT-6191,OTA-002321
LT-6192,OTA-002322
FT-6194,OTA-002323
TT-6195,OTA-002324
FCV-6200,OTA-002325
FCV-6202,OTA-002326
TT-6206,OTA-002327
FT-6209,OTA-002328
FCV-6212,OTA-002329
TT-6218,OTA-002330
PT-6220,OTA-002331
TT-6221,OTA-002332
TT-6222,OTA-002333
LT-6224,OTA-002334
PT-6226,OTA-002335
PT-6229,OTA-002336
TT-6231,OTA-002337
FCV-6234,OTA-002338
TT-6239,OTA-002339
TT-6241,OTA-002340
TT-6242,OTA-002341
FT-6243,OTA-002342
PT-6245,OTA-002343
FT-6250,OTA-002344
LT-6252,OTA-002345
FCV-6255,OTA-002346
FT-6260,OTA-002347
LT-6267,OTA-002348
PT-6268,OTA-002349
LT-6269,OTA-002350
LT-6275,OTA-002351
FT-6276,OTA-002352
LT-6277,OTA-002353
LT-6279,OTA-002354
TT-6284,OTA-002355
FT-6289,OTA-002356
FCV-6293,OTA-002357
LT-6294,OTA-002358
FCV-6298,OTA-002359
FT-6301,OTA-002360
PT-6302,OTA-002361
TT-6304,OTA-002362
FT-6307,OTA-002363
LT-6310,OTA-002364
FT-6311,OTA-002365
TT-6312,OTA-002366
TT-6314,OTA-002367
FT-6318,OTA-002368
PT-6319,OTA-002369
FT-6321,OTA-002370
LT-6322,OTA-002371
FT-6324,OTA-002372
FT-6329,OTA-002373
PT-6330,OTA-002374
FCV-6332,OTA-002375
FT-6336,OTA-002376
TT-6342,OTA-002377
TT-6343,OTA-002378
FCV-6344,OTA-002379
PT-6347,OTA-002380
LT-6353,OTA-002381
FT-6360,OTA-002382
LT-6364,OTA-002383
FT-6369,OTA-002384
PT-6372,OTA-002385
LT-6376,OTA-002386
FCV-6387,OTA-002387
FT-6389,OTA-002388
FT-6390,OTA-002389
TT-6392,OTA-002390
FT-6393,OTA-002391
LT-6395,OTA-002392
TT-6403,OTA-002393
PT-6404,OTA-002394
TT-6406,OTA-002395
LT-6409,OTA-002396
TT-6412,OTA-002397
FCV-6416,OTA-002398
FT-6417,OTA-002399
TT-6418,OTA-002400
FCV-6419,OTA-002401
TT-6421,OTA-002402
FT-6428,OTA-002403
FCV-6429,OTA-002404
FCV-6432,OTA-002405
LT-6434,OTA-002406
FCV-6435,OTA-002407
FT-6436,OTA-002408
FCV-6438,OTA-002409
TT-6441,OTA-002410
PT-6451,OTA-002411
FT-6452,OTA-002412
FCV-6454,OTA-002413
TT-6459,OTA-002414
FT-6461,OTA-002415
LT-6465,OTA-002416
FCV-6469,OTA-002417
PT-6473,OTA-002418
FT-6476,OTA-002419
FT-6479,OTA-002420
FCV-6480,OTA-002421
FT-6483,OTA-002422
TT-6485,OTA-002423
FCV-6491,OTA-002424
PT-6492,OTA-002425
LT-6498,OTA-002426
PT-6499,OTA-002427
LT-6511,OTA-002428
LT-6514,OTA-002429
FCV-6521,OTA-002430
FCV-6524,OTA-002431
PT-6526,OTA-002432
FCV-6529,OTA-002433
LT-6530,OTA-002434
LT-6531,OTA-002435
TT-6534,OTA-002436
TT-6535,OTA-002437
TT-6538,OTA-002438
TT-6542,OTA-002439
FT-6546,OTA-002440
FT-6551,OTA-002441
TT-6556,OTA-002442
PT-6560,OTA-002443
FCV-6561,OTA-002444
LT-6563,OTA-002445
LT-6564,OTA-002446
LT-6566,OTA-002447
PT-6569,OTA-002448
FCV-6570,OTA-002449
LT-6571,OTA-002450
LT-6573,OTA-002451
FT-6575,OTA-002452
FT-6576,OTA-002453
LT-6577,OTA-002454
PT-6582,OTA-002455
FCV-6584,OTA-002456
FT-6587,OTA-002457
LT-6588,OTA-002458
LT-6591,OTA-002459
FCV-6592,OTA-002460
LT-6593,OTA-002461
FT-6596,OTA-002462
PT-6597,OTA-002463
TT-6599,OTA-002464
FT-6600,OTA-002465
FCV-6604,OTA-002466
FT-6607,OTA-002467
LT-6609,OTA-002468
LT-6616,OTA-002469
FT-6617,OTA-002470
FT-6620,OTA-002471
TT-6624,OTA-002472
FCV-6627,OTA-002473
PT-6628,OTA-002474
PT-6629,OTA-002475
LT-6630,OTA-002476
FCV-6634,OTA-002477
FT-6638,OTA-002478
FCV-6642,OTA-002479
LT-6643,OTA-002480
FCV-6645,OTA-002481
FCV-6646,OTA-002482
PT-6647,OTA-002483
FT-6648,OTA-002484
FT-6649,OTA-002485
PT-6651,OTA-002486
FCV-6654,OTA-002487
FT-6656,OTA-002488
FT-6657,OTA-002489
FT-6659,OTA-002490
FCV-6660,OTA-002491
FCV-6663,OTA-002492
TT-6667,OTA-002493
PT-6669,OTA-002494
FT-6670,OTA-002495
FCV-6671,OTA-002496
PT-6674,OTA-002497
LT-6675,OTA-002498
LT-6676,OTA-002499
FCV-6677,OTA-002500
FCV-6679,OTA-002501
PT-6680,OTA-002502
LT-6681,OTA-002503
PT-6683,OTA-002504
FT-6688,OTA-002505
PT-6692,OTA-002506
FCV-6695,OTA-002507
TT-6697,OTA-002508
LT-6702,OTA-002509
TT-6703,OTA-002510
FT-6707,OTA-002511
TT-6708,OTA-002512
LT-6709,OTA-002513
LT-6711,OTA-002514
FT-6712,OTA-002515
FT-6713,OTA-002516
TT-6715,OTA-002517
FT-6718,OTA-002518
PT-6721,OTA-002519
TT-6724,OTA-002520
PT-6727,OTA-002521
LT-6732,OTA-002522
LT-6734,OTA-002523
LT-6736,OTA-002524
FT-6740,OTA-002525
TT-6741,OTA-002526
LT-6744,OTA-002527
FCV-6746,OTA-002528
PT-6748,OTA-002529
FT-6749,OTA-002530
LT-6751,OTA-002531
FT-6752,OTA-002532
LT-6757,OTA-002533
FCV-6758,OTA-002534
FCV-6763,OTA-002535
FT-6764,OTA-002536
TT-6765,OTA-002537
FCV-6767,OTA-002538
PT-6768,OTA-002539
FT-6769,OTA-002540
FT-6770,OTA-002541
FCV-6775,OTA-002542
PT-6782,OTA-002543
FCV-6783,OTA-002544
PT-6784,OTA-002545
FCV-6786,OTA-002546
FT-6787,OTA-002547
PT-6790,OTA-002548
FCV-6792,OTA-002549
FCV-6796,OTA-002550
LT-6800,OTA-002551
FT-6802,OTA-002552
TT-6803,OTA-002553
PT-6804,OTA-002554
FCV-6805,OTA-002555
LT-6806,OTA-002556
TT-6809,OTA-002557
PT-6810,OTA-002558
FCV-6812,OTA-002559
FCV-6815,OTA-002560
TT-6819,OTA-002561
PT-6823,OTA-002562
PT-6828,OTA-002563
PT-6829,OTA-002564
FCV-6837,OTA-002565
LT-6839,OTA-002566
LT-6842,OTA-002567
TT-6844,OTA-002568
TT-6850,OTA-002569
PT-6857,OTA-002570
FCV-6858,OTA-002571
PT-6859,OTA-002572
TT-6860,OTA-002573
LT-6861,OTA-002574
PT-6866,OTA-002575
TT-6870,OTA-002576
FT-6871,OTA-002577
TT-6873,OTA-002578
LT-6874,OTA-002579
PT-6876,OTA-002580
LT-6877,OTA-002581
PT-6879,OTA-002582
FCV-6881,OTA-002583
FCV-6887,OTA-002584
PT-6888,OTA-002585
FCV-6889,OTA-002586
TT-6891,OTA-002587
FT-6894,OTA-002588
LT-6895,OTA-002589
LT-6898,OTA-002590
LT-6900,OTA-002591
LT-6901,OTA-002592
PT-6903,OTA-002593
PT-6904,OTA-002594
LT-6908,OTA-002595
PT-6910,OTA-002596
FT-6912,OTA-002597
FT-6919,OTA-002598
FT-6923,OTA-002599
FCV-6925,OTA-002600
TT-6928,OTA-002601
LT-6933,OTA-002602
TT-6935,OTA-002603
FCV-6936,OTA-002604
FCV-6937,OTA-002605
TT-6940,OTA-002606
LT-6942,OTA-002607
FT-6943,OTA-002608
TT-6946,OTA-002609
FT-6951,OTA-002610
LT-6953,OTA-002611
FT-6955,OTA-002612
TT-6957,OTA-002613
FCV-6958,OTA-002614
PT-6963,OTA-002615
FT-6964,OTA-002616
TT-6968,OTA-002617
LT-6969,OTA-002618
LT-6971,OTA-002619
LT-6976,OTA-002620
TT-6978,OTA-002621
FCV-6979,OTA-002622
PT-6982,OTA-002623
PT-6983,OTA-002624
TT-6988,OTA-002625
TT-6991,OTA-002626
PT-6992,OTA-002627
TT-6994,OTA-002628
LT-6995,OTA-002629
FCV-6996,OTA-002630
TT-6998,OTA-002631
PT-6999,OTA-002632
FT-7000,OTA-002633
PT-7001,OTA-002634
PT-7008,OTA-002635
FCV-7012,OTA-002636
TT-7018,OTA-002637
TT-7020,OTA-002638
LT-7021,OTA-002639
LT-7028,OTA-002640
LT-7029,OTA-002641
FCV-7031,OTA-002642
FT-7032,OTA-002643
FCV-7033,OTA-002644
TT-7041,OTA-002645
TT-7045,OTA-002646
TT-7048,OTA-002647
FCV-7049,OTA-002648
LT-7051,OTA-002649
FT-7053,OTA-002650
FCV-7054,OTA-002651
LT-7055,OTA-002652
TT-7057,OTA-002653
PT-7058,OTA-002654
PT-7060,OTA-002655
PT-7062,OTA-002656
LT-7063,OTA-002657
LT-7065,OTA-002658
FCV-7072,OTA-002659
TT-7078,OTA-002660
PT-7083,OTA-002661
LT-7084,OTA-002662
FCV-7093,OTA-002663
PT-7096,OTA-002664
TT-7097,OTA-002665
TT-7101,OTA-002666
TT-7102,OTA-002667
TT-7103,OTA-002668
TT-7106,OTA-002669
LT-7107,OTA-002670
TT-7108,OTA-002671
TT-7111,OTA-002672
FT-7112,OTA-002673
LT-7113,OTA-002674
LT-7116,OTA-002675
FCV-7118,OTA-002676
LT-7119,OTA-002677
LT-7122,OTA-002678
FCV-7123,OTA-002679
PT-7127,OTA-002680
PT-7132,OTA-002681
FT-7133,OTA-002682
LT-7137,OTA-002683
LT-7138,OTA-002684
FT-7140,OTA-002685
PT-7141,OTA-002686
PT-7142,OTA-002687
LT-7145,OTA-002688
FCV-7151,OTA-002689
FT-7152,OTA-002690
LT-7160,OTA-002691
LT-7163,OTA-002692
TT-7167,OTA-002693
PT-7174,OTA-002694
TT-7175,OTA-002695
TT-7181,OTA-002696
LT-7183,OTA-002697
FCV-7191,OTA-002698
TT-7193,OTA-002699
FCV-7196,OTA-002700
FCV-7197,OTA-002701
LT-7198,OTA-002702
PT-7199,OTA-002703
FCV-7200,OTA-002704
FCV-7201,OTA-002705
FT-7208,OTA-002706
PT-7216,OTA-002707
FCV-7220,OTA-002708
FCV-7223,OTA-002709
FCV-7225,OTA-002710
FT-7227,OTA-002711
FCV-7229,OTA-002712
PT-7231,OTA-002713
TT-7234,OTA-002714
PT-7237,OTA-002715
LT-7238,OTA-002716
FCV-7240,OTA-002717
TT-7242,OTA-002718
PT-7245,OTA-002719
LT-7246,OTA-002720
TT-7247,OTA-002721
FT-7248,OTA-002722
PT-7249,OTA-002723
LT-7250,OTA-002724
LT-7251,OTA-002725
FT-7252,OTA-002726
FCV-7258,OTA-002727
PT-7261,OTA-002728
TT-7264,OTA-002729
FCV-7266,OTA-002730
TT-7271,OTA-002731
FCV-7274,OTA-002732
LT-7275,OTA-002733
PT-7276,OTA-002734
TT-7277,OTA-002735
LT-7280,OTA-002736
LT-7282,OTA-002737
FT-7283,OTA-002738
FT-7287,OTA-002739
FT-7289,OTA-002740
FT-7292,OTA-002741
LT-7293,OTA-002742
FCV-7297,OTA-002743
LT-7301,OTA-002744
FT-7307,OTA-002745
FT-7308,OTA-002746
FT-7311,OTA-002747
FCV-7315,OTA-002748
TT-7318,OTA-002749
TT-7321,OTA-002750
PT-7326,OTA-002751
LT-7336,OTA-002752
TT-7339,OTA-002753
TT-7340,OTA-002754
TT-7341,OTA-002755
TT-7342,OTA-002756
FCV-7344,OTA-002757
FCV-7345,OTA-002758
FCV-7348,OTA-002759
LT-7350,OTA-002760
PT-7351,OTA-002761
PT-7354,OTA-002762
PT-7359,OTA-002763
FT-7360,OTA-002764
TT-7362,OTA-002765
PT-7365,OTA-002766
FT-7366,OTA-002767
TT-7367,OTA-002768
LT-7368,OTA-002769
LT-7374,OTA-002770
LT-7375,OTA-002771
PT-7383,OTA-002772
TT-7385,OTA-002773
TT-7386,OTA-002774
LT-7387,OTA-002775
TT-7389,OTA-002776
FT-7397,OTA-002777
LT-7402,OTA-002778
LT-7406,OTA-002779
FCV-7408,OTA-002780
LT-7413,OTA-002781
FCV-7418,OTA-002782
FT-7425,OTA-002783
PT-7428,OTA-002784
LT-7430,OTA-002785
TT-7431,OTA-002786
FCV-7432,OTA-002787
LT-7439,OTA-002788
TT-7440,OTA-002789
LT-7445,OTA-002790
FCV-7447,OTA-002791
FT-7448,OTA-002792
FCV-7449,OTA-002793
FT-7454,OTA-002794
FT-7457,OTA-002795
LT-7462,OTA-002796
PT-7468,OTA-002797
FCV-7472,OTA-002798
LT-7473,OTA-002799
PT-7474,OTA-002800
FT-7482,OTA-002801
TT-7486,OTA-002802
LT-7487,OTA-002803
FCV-7490,OTA-002804
FCV-7491,OTA-002805
TT-7501,OTA-002806
FCV-7502,OTA-002807
LT-7516,OTA-002808
PT-7519,OTA-002809
PT-7523,OTA-002810
LT-7527,OTA-002811
FT-7528,OTA-002812
PT-7529,OTA-002813
TT-7530,OTA-002814
FCV-7538,OTA-002815
TT-7541,OTA-002816
FCV-7543,OTA-002817
PT-7545,OTA-002818
FCV-7548,OTA-002819
FT-7549,OTA-002820
TT-7551,OTA-002821
PT-7555,OTA-002822
FCV-7556,OTA-002823
LT-7562,OTA-002824
TT-7563,OTA-002825
TT-7567,OTA-002826
PT-7573,OTA-002827
PT-7575,OTA-002828
FT-7578,OTA-002829
TT-7579,OTA-002830
TT-7590,OTA-002831
TT-7591,OTA-002832
FT-7593,OTA-002833
LT-7594,OTA-002834
LT-7599,OTA-002835
LT-7604,OTA-002836
TT-7605,OTA-002837
FT-7612,OTA-002838
LT-7615,OTA-002839
FT-7617,OTA-002840
PT-7622,OTA-002841
PT-7623,OTA-002842
FCV-7624,OTA-002843
LT-7625,OTA-002844
FT-7627,OTA-002845
LT-7628,OTA-002846
FT-7629,OTA-002847
PT-7637,OTA-002848
LT-7638,OTA-002849
FT-7641,OTA-002850
FCV-7642,OTA-002851
PT-7647,OTA-002852
TT-7648,OTA-002853
FCV-7656,OTA-002854
TT-7657,OTA-002855
PT-7661,OTA-002856
LT-7662,OTA-002857
FCV-7663,OTA-002858
FT-7668,OTA-002859
FT-7673,OTA-002860
FCV-7674,OTA-002861
TT-7676,OTA-002862
FT-7677,OTA-002863
LT-7679,OTA-002864
TT-7680,OTA-002865
LT-7683,OTA-002866
PT-7687,OTA-002867
FCV-7688,OTA-002868
FCV-7689,OTA-002869
FT-7694,OTA-002870
TT-7697,OTA-002871
FCV-7699,OTA-002872
TT-7702,OTA-002873
FT-7704,OTA-002874
FCV-7705,OTA-002875
FCV-7706,OTA-002876
LT-7708,OTA-002877
TT-7710,OTA-002878
FT-7712,OTA-002879
PT-7713,OTA-002880
FCV-7715,OTA-002881
FT-7718,OTA-002882
TT-7719,OTA-002883
FT-7720,OTA-002884
FT-7724,OTA-002885
FCV-7726,OTA-002886
FT-7728,OTA-002887
LT-7729,OTA-002888
FCV-7730,OTA-002889
LT-7731,OTA-002890
PT-7734,OTA-002891
FT-7738,OTA-002892
TT-7740,OTA-002893
LT-7742,OTA-002894
FT-7751,OTA-002895
TT-7757,OTA-002896
FT-7759,OTA-002897
FT-7761,OTA-002898
TT-7765,OTA-002899
FCV-7766,OTA-002900
LT-7770,OTA-002901
PT-7772,OTA-002902
FT-7773,OTA-002903
TT-7781,OTA-002904
PT-7782,OTA-002905
FT-7784,OTA-002906
PT-7788,OTA-002907
PT-7789,OTA-002908
FCV-7793,OTA-002909
PT-7795,OTA-002910
LT-7800,OTA-002911
TT-7803,OTA-002912
TT-7804,OTA-002913
FCV-7807,OTA-002914
LT-7808,OTA-002915
FCV-7810,OTA-002916
FCV-7813,OTA-002917
PT-7814,OTA-002918
PT-7815,OTA-002919
LT-7817,OTA-002920
FCV-7821,OTA-002921
LT-7823,OTA-002922
FCV-7829,OTA-002923
PT-7833,OTA-002924
TT-7834,OTA-002925
FT-7835,OTA-002926
LT-7838,OTA-002927
FT-7839,OTA-002928
FT-7840,OTA-002929
FT-7841,OTA-002930
FT-7843,OTA-002931
PT-7852,OTA-002932
PT-7853,OTA-002933
FT-7857,OTA-002934
PT-7858,OTA-002935
LT-7859,OTA-002936
PT-7860,OTA-002937
FCV-7866,OTA-002938
FT-7867,OTA-002939
TT-7868,OTA-002940
LT-7872,OTA-002941
TT-7875,OTA-002942
PT-7883,OTA-002943
FT-7886,OTA-002944
FCV-7890,OTA-002945
FT-7896,OTA-002946
PT-7899,OTA-002947
LT-7902,OTA-002948
FT-7905,OTA-002949
FCV-7909,OTA-002950
FCV-7911,OTA-002951
FCV-7913,OTA-002952
FT-7914,OTA-002953
TT-7916,OTA-002954
TT-7918,OTA-002955
PT-7919,OTA-002956
LT-7923,OTA-002957
PT-7924,OTA-002958
PT-7925,OTA-002959
FT-7926,OTA-002960
PT-7928,OTA-002961
FT-7930,OTA-002962
PT-7932,OTA-002963
FCV-7933,OTA-002964
TT-7937,OTA-002965
LT-7938,OTA-002966
TT-7939,OTA-002967
TT-7941,OTA-002968
TT-7945,OTA-002969
LT-7946,OTA-002970
FT-7953,OTA-002971
LT-7957,OTA-002972
FCV-7959,OTA-002973
PT-7960,OTA-002974
FT-7964,OTA-002975
TT-7965,OTA-002976
PT-7970,OTA-002977
LT-7973,OTA-002978
LT-7978,OTA-002979
PT-7979,OTA-002980
FT-7980,OTA-002981
PT-7981,OTA-002982
TT-7986,OTA-002983
PT-7987,OTA-002984
FCV-7989,OTA-002985
TT-7990,OTA-002986
FT-7995,OTA-002987
LT-7998,OTA-002988
PT-8002,OTA-002989
LT-8007,OTA-002990
TT-8010,OTA-002991
PT-8012,OTA-002992
FCV-8014,OTA-002993
FCV-8015,OTA-002994
PT-8020,OTA-002995
PT-8021,OTA-002996
FT-8027,OTA-002997
FT-8028,OTA-002998
FT-8039,OTA-002999
LT-8040,OTA-003000
PT-8041,OTA-003001
FCV-8045,OTA-003002
FT-8050,OTA-003003
LT-8054,OTA-003004
TT-8060,OTA-003005
PT-8062,OTA-003006
PT-8069,OTA-003007
PT-8073,OTA-003008
LT-8076,OTA-003009
LT-8081,OTA-003010
PT-8089,OTA-003011
FT-8091,OTA-003012
TT-8092,OTA-003013
TT-8098,OTA-003014
FT-8103,OTA-003015
FT-8104,OTA-003016
LT-8105,OTA-003017
LT-8106,OTA-003018
LT-8108,OTA-003019
FCV-8110,OTA-003020
TT-8113,OTA-003021
FT-8114,OTA-003022
TT-8117,OTA-003023
FCV-8118,OTA-003024
TT-8123,OTA-003025
FCV-8124,OTA-003026
FT-8125,OTA-003027
FCV-8126,OTA-003028
LT-8127,OTA-003029
TT-8128,OTA-003030
FCV-8130,OTA-003031
PT-8132,OTA-003032
FT-8138,OTA-003033
FT-8142,OTA-003034
LT-8145,OTA-003035
FT-8146,OTA-003036
FCV-8148,OTA-003037
LT-8149,OTA-003038
TT-8159,OTA-003039
PT-8161,OTA-003040
LT-8162,OTA-003041
LT-8164,OTA-003042
TT-8165,OTA-003043
LT-8166,OTA-003044
FCV-8174,OTA-003045
FT-8175,OTA-003046
FCV-8176,OTA-003047
FT-8177,OTA-003048
PT-8178,OTA-003049
PT-8182,OTA-003050
FT-8183,OTA-003051
FCV-8184,OTA-003052
FT-8187,OTA-003053
PT-8191,OTA-003054
FT-8193,OTA-003055
FT-8194,OTA-003056
LT-8196,OTA-003057
FT-8199,OTA-003058
LT-8205,OTA-003059
FCV-8210,OTA-003060
PT-8212,OTA-003061
LT-8217,OTA-003062
LT-8218,OTA-003063
PT-8219,OTA-003064
PT-8227,OTA-003065
PT-8228,OTA-003066
FT-8235,OTA-003067
FCV-8236,OTA-003068
FT-8237,OTA-003069
FT-8238,OTA-003070
FCV-8240,OTA-003071
FT-8243,OTA-003072
FCV-8244,OTA-003073
TT-8246,OTA-003074
LT-8249,OTA-003075
TT-8255,OTA-003076
LT-8257,OTA-003077
FT-8258,OTA-003078
PT-8260,OTA-003079
FCV-8266,OTA-003080
PT-8267,OTA-003081
PT-8269,OTA-003082
FCV-8277,OTA-003083
FCV-8280,OTA-003084
TT-8284,OTA-003085
PT-8286,OTA-003086
FCV-8287,OTA-003087
PT-8289,OTA-003088
LT-8290,OTA-003089
LT-8292,OTA-003090
PT-8293,OTA-003091
FT-8302,OTA-003092
TT-8303,OTA-003093
TT-8305,OTA-003094
TT-8308,OTA-003095
FT-8310,OTA-003096
PT-8311,OTA-003097
LT-8312,OTA-003098
PT-8313,OTA-003099
FT-8314,OTA-003100
TT-8315,OTA-003101
FCV-8316,OTA-003102
TT-8318,OTA-003103
TT-8319,OTA-003104
FCV-8329,OTA-003105
FCV-8330,OTA-003106
LT-8334,OTA-003107
LT-8336,OTA-003108
PT-8338,OTA-003109
PT-8339,OTA-003110
LT-8340,OTA-003111
FCV-8341,OTA-003112
TT-8344,OTA-003113
PT-8348,OTA-003114
PT-8356,OTA-003115
FCV-8358,OTA-003116
TT-8360,OTA-003117
PT-8363,OTA-003118
FCV-8364,OTA-003119
LT-8365,OTA-003120
FCV-8366,OTA-003121
FCV-8369,OTA-003122
TT-8371,OTA-003123
FT-8373,OTA-003124
LT-8374,OTA-003125
TT-8381,OTA-003126
LT-8382,OTA-003127
LT-8383,OTA-003128
FCV-8385,OTA-003129
LT-8387,OTA-003130
PT-8392,OTA-003131
FT-8396,OTA-003132
PT-8399,OTA-003133
FCV-8400,OTA-003134
PT-8401,OTA-003135
PT-8402,OTA-003136
LT-8403,OTA-003137
PT-8404,OTA-003138
PT-8405,OTA-003139
FT-8410,OTA-003140
LT-8411,OTA-003141
FT-8418,OTA-003142
TT-8419,OTA-003143
FCV-8420,OTA-003144
FT-8429,OTA-003145
LT-8430,OTA-003146
FT-8440,OTA-003147
LT-8442,OTA-003148
FT-8445,OTA-003149
FCV-8448,OTA-003150
FT-8452,OTA-003151
TT-8458,OTA-003152
FT-8461,OTA-003153
LT-8463,OTA-003154
LT-8464,OTA-003155
TT-8469,OTA-003156
FT-8471,OTA-003157
TT-8472,OTA-003158
LT-8475,OTA-003159
PT-8480,OTA-003160
FT-8481,OTA-003161
FT-8482,OTA-003162
TT-8487,OTA-003163
TT-8491,OTA-003164
TT-8496,OTA-003165
PT-8497,OTA-003166
PT-8502,OTA-003167
FT-8503,OTA-003168
TT-8505,OTA-003169
PT-8506,OTA-003170
TT-8507,OTA-003171
LT-8509,OTA-003172
FCV-8510,OTA-003173
FCV-8512,OTA-003174
FCV-8517,OTA-003175
FT-8523,OTA-003176
FCV-8524,OTA-003177
PT-8525,OTA-003178
LT-8526,OTA-003179
PT-8528,OTA-003180
FT-8530,OTA-003181
PT-8532,OTA-003182
PT-8535,OTA-003183
PT-8541,OTA-003184
PT-8542,OTA-003185
FCV-8543,OTA-003186
PT-8545,OTA-003187
FCV-8546,OTA-003188
PT-8547,OTA-003189
FT-8548,OTA-003190
LT-8551,OTA-003191
LT-8556,OTA-003192
PT-8557,OTA-003193
LT-8558,OTA-003194
LT-8562,OTA-003195
FCV-8564,OTA-003196
FCV-8566,OTA-003197
FT-8570,OTA-003198
FCV-8575,OTA-003199
PT-8577,OTA-003200
PT-8579,OTA-003201
FCV-8581,OTA-003202
TT-8583,OTA-003203
PT-8584,OTA-003204
PT-8585,OTA-003205
FCV-8589,OTA-003206
FCV-8595,OTA-003207
FCV-8596,OTA-003208
LT-8600,OTA-003209
FCV-8603,OTA-003210
TT-8605,OTA-003211
FT-8607,OTA-003212
LT-8611,OTA-003213
PT-8618,OTA-003214
TT-8620,OTA-003215
FT-8622,OTA-003216
FT-8625,OTA-003217
PT-8626,OTA-003218
PT-8627,OTA-003219
TT-8630,OTA-003220
FT-8633,OTA-003221
FCV-8636,OTA-003222
TT-8637,OTA-003223
TT-8639,OTA-003224
LT-8644,OTA-003225
TT-8646,OTA-003226
TT-8647,OTA-003227
FCV-8649,OTA-003228
FT-8656,OTA-003229
PT-8658,OTA-003230
LT-8659,OTA-003231
FCV-8660,OTA-003232
TT-8661,OTA-003233
TT-8665,OTA-003234
LT-8668,OTA-003235
LT-8669,OTA-003236
PT-8671,OTA-003237
FT-8672,OTA-003238
PT-8680,OTA-003239
TT-8681,OTA-003240
PT-8683,OTA-003241
FCV-8689,OTA-003242
FCV-8692,OTA-003243
FCV-8693,OTA-003244
TT-8696,OTA-003245
PT-8697,OTA-003246
FCV-8698,OTA-003247
FCV-8699,OTA-003248
PT-8700,OTA-003249
FT-8701,OTA-003250
FCV-8703,OTA-003251
LT-8713,OTA-003252
TT-8714,OTA-003253
FT-8715,OTA-003254
FCV-8718,OTA-003255
TT-8719,OTA-003256
FCV-8723,OTA-003257
PT-8731,OTA-003258
FCV-8732,OTA-003259
FT-8736,OTA-003260
FT-8737,OTA-003261
LT-8738,OTA-003262
FCV-8739,OTA-003263
PT-8741,OTA-003264
LT-8743,OTA-003265
LT-8745,OTA-003266
LT-8746,OTA-003267
LT-8750,OTA-003268
FT-8751,OTA-003269
PT-8760,OTA-003270
TT-8762,OTA-003271
LT-8764,OTA-003272
TT-8765,OTA-003273
FT-8770,OTA-003274
FT-8771,OTA-003275
TT-8772,OTA-003276
FCV-8775,OTA-003277
LT-8776,OTA-003278
PT-8778,OTA-003279
FT-8779,OTA-003280
FT-8785,OTA-003281
FCV-8787,OTA-003282
FCV-8788,OTA-003283
FT-8790,OTA-003284
PT-8791,OTA-003285
FT-8797,OTA-003286
FT-8798,OTA-003287
FCV-8800,OTA-003288
FCV-8802,OTA-003289
TT-8804,OTA-003290
FCV-8805,OTA-003291
FT-8808,OTA-003292
TT-8809,OTA-003293
TT-8814,OTA-003294
FT-8816,OTA-003295
FT-8823,OTA-003296
FCV-8824,OTA-003297
FT-8825,OTA-003298
TT-8826,OTA-003299
FCV-8829,OTA-003300
LT-8833,OTA-003301
FCV-8835,OTA-003302
FCV-8836,OTA-003303
TT-8838,OTA-003304
TT-8841,OTA-003305
FT-8843,OTA-003306
FT-8844,OTA-003307
FT-8845,OTA-003308
TT-8846,OTA-003309
FT-8849,OTA-003310
TT-8850,OTA-003311
FCV-8854,OTA-003312
FCV-8857,OTA-003313
PT-8861,OTA-003314
LT-8862,OTA-003315
FT-8865,OTA-003316
LT-8870,OTA-003317
TT-8871,OTA-003318
FCV-8872,OTA-003319
TT-8873,OTA-003320
LT-8874,OTA-003321
TT-8884,OTA-003322
FCV-8885,OTA-003323
FCV-8886,OTA-003324
FT-8889,OTA-003325
PT-8892,OTA-003326
FCV-8893,OTA-003327
TT-8895,OTA-003328
FT-8896,OTA-003329
FCV-8898,OTA-003330
TT-8899,OTA-003331
TT-8901,OTA-003332
PT-8902,OTA-003333
FCV-8903,OTA-003334
LT-8904,OTA-003335
PT-8905,OTA-003336
TT-8907,OTA-003337
PT-8909,OTA-003338
LT-8911,OTA-003339
FCV-8916,OTA-003340
FCV-8918,OTA-003341
TT-8921,OTA-003342
TT-8922,OTA-003343
LT-8925,OTA-003344
TT-8926,OTA-003345
FCV-8930,OTA-003346
FCV-8931,OTA-003347
FCV-8934,OTA-003348
TT-8936,OTA-003349
FT-8939,OTA-003350
PT-8946,OTA-003351
FT-8947,OTA-003352
PT-8948,OTA-003353
PT-8952,OTA-003354
FCV-8953,OTA-003355
FT-8957,OTA-003356
PT-8958,OTA-003357
FCV-8962,OTA-003358
TT-8963,OTA-003359
LT-8964,OTA-003360
FCV-8969,OTA-003361
TT-8970,OTA-003362
LT-8972,OTA-003363
FCV-8973,OTA-003364
FCV-8974,OTA-003365
FT-8976,OTA-003366
TT-8979,OTA-003367
TT-8983,OTA-003368
PT-8987,OTA-003369
LT-8996,OTA-003370
PT-8997,OTA-003371
FCV-8998,OTA-003372
FCV-9000,OTA-003373
FT-9006,OTA-003374
TT-9007,OTA-003375
FT-9009,OTA-003376
FT-9015,OTA-003377
TT-9016,OTA-003378
FT-9017,OTA-003379
FCV-9018,OTA-003380
FT-9019,OTA-003381
PT-9020,OTA-003382
LT-9022,OTA-003383
TT-9023,OTA-003384
FT-9025,OTA-003385
TT-9026,OTA-003386
FCV-9027,OTA-003387
TT-9028,OTA-003388
PT-9029,OTA-003389
LT-9030,OTA-003390
TT-9032,OTA-003391
LT-9034,OTA-003392
TT-9036,OTA-003393
TT-9037,OTA-003394
FT-9038,OTA-003395
TT-9039,OTA-003396
LT-9040,OTA-003397
TT-9042,OTA-003398
FT-9044,OTA-003399
PT-9047,OTA-003400
PT-9048,OTA-003401
PT-9049,OTA-003402
TT-9050,OTA-003403
FCV-9052,OTA-003404
LT-9053,OTA-003405
PT-9055,OTA-003406
FCV-9061,OTA-003407
FT-9066,OTA-003408
PT-9069,OTA-003409
PT-9070,OTA-003410
FCV-9072,OTA-003411
TT-9075,OTA-003412
FCV-9078,OTA-003413
FT-9079,OTA-003414
PT-9080,OTA-003415
LT-9083,OTA-003416
TT-9084,OTA-003417
LT-9085,OTA-003418
FCV-9086,OTA-003419
FCV-9089,OTA-003420
FCV-9096,OTA-003421
TT-9098,OTA-003422
FCV-9099,OTA-003423
FCV-9100,OTA-003424
FT-9101,OTA-003425
TT-9104,OTA-003426
FT-9106,OTA-003427
FT-9108,OTA-003428
TT-9112,OTA-003429
TT-9113,OTA-003430
FT-9114,OTA-003431
TT-9115,OTA-003432
PT-9117,OTA-003433
PT-9125,OTA-003434
LT-9126,OTA-003435
FCV-9128,OTA-003436
FCV-9130,OTA-003437
PT-9133,OTA-003438
TT-9134,OTA-003439
FCV-9138,OTA-003440
FCV-9140,OTA-003441
PT-9145,OTA-003442
TT-9147,OTA-003443
LT-9152,OTA-003444
PT-9154,OTA-003445
FT-9155,OTA-003446
LT-9157,OTA-003447
TT-9159,OTA-003448
FT-9163,OTA-003449
FT-9164,OTA-003450
LT-9167,OTA-003451
TT-9170,OTA-003452
TT-9172,OTA-003453
PT-9174,OTA-003454
FCV-9175,OTA-003455
FT-9182,OTA-003456
TT-9183,OTA-003457
FCV-9184,OTA-003458
PT-9185,OTA-003459
FCV-9188,OTA-003460
PT-9189,OTA-003461
LT-9191,OTA-003462
PT-9195,OTA-003463
TT-9196,OTA-003464
PT-9197,OTA-003465
LT-9201,OTA-003466
LT-9203,OTA-003467
FCV-9204,OTA-003468
FCV-9208,OTA-003469
TT-9209,OTA-003470
PT-9211,OTA-003471
PT-9212,OTA-003472
LT-9214,OTA-003473
FCV-9215,OTA-003474
FT-9216,OTA-003475
FT-9217,OTA-003476
LT-9220,OTA-003477
FT-9222,OTA-003478
FCV-9225,OTA-003479
FCV-9230,OTA-003480
FCV-9232,OTA-003481
FCV-9238,OTA-003482
FCV-9239,OTA-003483
LT-9240,OTA-003484
FT-9248,OTA-003485
FT-9249,OTA-003486
LT-9254,OTA-003487
LT-9257,OTA-003488
LT-9258,OTA-003489
PT-9259,OTA-003490
PT-9260,OTA-003491
TT-9261,OTA-003492
FCV-9263,OTA-003493
LT-9268,OTA-003494
LT-9271,OTA-003495
LT-9272,OTA-003496
FT-9273,OTA-003497
FT-9274,OTA-003498
FT-9282,OTA-003499
PT-9287,OTA-003500
PT-9288,OTA-003501
FT-9292,OTA-003502
TT-9294,OTA-003503
LT-9299,OTA-003504
TT-9300,OTA-003505
FT-9303,OTA-003506
LT-9305,OTA-003507
FCV-9311,OTA-003508
FT-9317,OTA-003509
PT-9318,OTA-003510
PT-9321,OTA-003511
PT-9323,OTA-003512
LT-9326,OTA-003513
FCV-9328,OTA-003514
FCV-9330,OTA-003515
TT-9333,OTA-003516
LT-9334,OTA-003517
PT-9348,OTA-003518
PT-9351,OTA-003519
LT-9352,OTA-003520
FCV-9354,OTA-003521
LT-9355,OTA-003522
TT-9361,OTA-003523
PT-9362,OTA-003524
FT-9363,OTA-003525
FT-9365,OTA-003526
FT-9366,OTA-003527
PT-9368,OTA-003528
PT-9369,OTA-003529
LT-9370,OTA-003530
TT-9373,OTA-003531
FCV-9378,OTA-003532
LT-9382,OTA-003533
PT-9384,OTA-003534
FCV-9385,OTA-003535
LT-9388,OTA-003536
FT-9389,OTA-003537
FT-9398,OTA-003538
FCV-9399,OTA-003539
LT-9400,OTA-003540
LT-9401,OTA-003541
FT-9403,OTA-003542
LT-9404,OTA-003543
FCV-9405,OTA-003544
LT-9410,OTA-003545
FCV-9412,OTA-003546
PT-9415,OTA-003547
TT-9416,OTA-003548
PT-9417,OTA-003549
TT-9418,OTA-003550
LT-9419,OTA-003551
PT-9420,OTA-003552
FCV-9426,OTA-003553
LT-9427,OTA-003554
LT-9428,OTA-003555
FT-9429,OTA-003556
FCV-9432,OTA-003557
FT-9433,OTA-003558
FT-9434,OTA-003559
TT-9435,OTA-003560
PT-9437,OTA-003561
FCV-9438,OTA-003562
PT-9439,OTA-003563
FCV-9440,OTA-003564
LT-9442,OTA-003565
FT-9463,OTA-003566
FCV-9471,OTA-003567
PT-9473,OTA-003568
TT-9477,OTA-003569
TT-9478,OTA-003570
FT-9482,OTA-003571
LT-9488,OTA-003572
FT-9489,OTA-003573
FCV-9490,OTA-003574
FCV-9493,OTA-003575
TT-9495,OTA-003576
LT-9496,OTA-003577
TT-9498,OTA-003578
FT-9500,OTA-003579
PT-9501,OTA-003580
FCV-9502,OTA-003581
FT-9507,OTA-003582
TT-9509,OTA-003583
LT-9511,OTA-003584
FCV-9514,OTA-003585
PT-9520,OTA-003586
FT-9522,OTA-003587
PT-9523,OTA-003588
PT-9524,OTA-003589
PT-9525,OTA-003590
TT-9529,OTA-003591
PT-9530,OTA-003592
FCV-9537,OTA-003593
PT-9540,OTA-003594
PT-9541,OTA-003595
PT-9542,OTA-003596
FCV-9545,OTA-003597
FCV-9547,OTA-003598
PT-9549,OTA-003599
FT-9550,OTA-003600
FT-9551,OTA-003601
PT-9552,OTA-003602
LT-9556,OTA-003603
PT-9560,OTA-003604
FT-9561,OTA-003605
LT-9563,OTA-003606
LT-9567,OTA-003607
PT-9568,OTA-003608
TT-9573,OTA-003609
PT-9574,OTA-003610
PT-9575,OTA-003611
PT-9580,OTA-003612
FT-9591,OTA-003613
FCV-9592,OTA-003614
LT-9595,OTA-003615
LT-9596,OTA-003616
FCV-9598,OTA-003617
PT-9600,OTA-003618
FCV-9601,OTA-003619
FCV-9604,OTA-003620
FCV-9607,OTA-003621
FT-9610,OTA-003622
PT-9611,OTA-003623
PT-9612,OTA-003624
LT-9617,OTA-003625
FT-9619,OTA-003626
FCV-9620,OTA-003627
FT-9626,OTA-003628
FCV-9630,OTA-003629
TT-9640,OTA-003630
FT-9641,OTA-003631
PT-9642,OTA-003632
FT-9643,OTA-003633
PT-9647,OTA-003634
PT-9655,OTA-003635
LT-9658,OTA-003636
LT-9663,OTA-003637
LT-9664,OTA-003638
LT-9667,OTA-003639
FT-9670,OTA-003640
FCV-9673,OTA-003641
FCV-9674,OTA-003642
FT-9676,OTA-003643
TT-9677,OTA-003644
PT-9680,OTA-003645
FCV-9683,OTA-003646
FT-9691,OTA-003647
FT-9697,OTA-003648
LT-9698,OTA-003649
FT-9701,OTA-003650
FCV-9702,OTA-003651
LT-9709,OTA-003652
FT-9711,OTA-003653
FT-9716,OTA-003654
PT-9718,OTA-003655
LT-9721,OTA-003656
FCV-9722,OTA-003657
LT-9723,OTA-003658
TT-9724,OTA-003659
TT-9725,OTA-003660
FCV-9729,OTA-003661
LT-9731,OTA-003662
FCV-9732,OTA-003663
TT-9736,OTA-003664
FCV-9738,OTA-003665
FCV-9741,OTA-003666
FT-9742,OTA-003667
TT-9743,OTA-003668
LT-9747,OTA-003669
LT-9751,OTA-003670
FT-9752,OTA-003671
TT-9757,OTA-003672
PT-9764,OTA-003673
TT-9767,OTA-003674
FCV-9768,OTA-003675
FT-9774,OTA-003676
FCV-9775,OTA-003677
LT-9776,OTA-003678
LT-9777,OTA-003679
FCV-9779,OTA-003680
PT-9781,OTA-003681
FT-9783,OTA-003682
PT-9788,OTA-003683
FCV-9791,OTA-003684
FT-9792,OTA-003685
FT-9805,OTA-003686
FCV-9806,OTA-003687
FT-9808,OTA-003688
PT-9809,OTA-003689
PT-9811,OTA-003690
LT-9816,OTA-003691
FT-9818,OTA-003692
FCV-9821,OTA-003693
FT-9824,OTA-003694
PT-9831,OTA-003695
TT-9833,OTA-003696
PT-9834,OTA-003697
FCV-9835,OTA-003698
FT-9837,OTA-003699
PT-9838,OTA-003700
PT-9841,OTA-003701
LT-9843,OTA-003702
LT-9846,OTA-003703
FCV-9847,OTA-003704
FT-9854,OTA-003705
FCV-9855,OTA-003706
PT-9856,OTA-003707
FT-9860,OTA-003708
FT-9861,OTA-003709
FT-9862,OTA-003710
FT-9874,OTA-003711
FCV-9875,OTA-003712
FCV-9879,OTA-003713
FT-9880,OTA-003714
FCV-9884,OTA-003715
LT-9886,OTA-003716
PT-9889,OTA-003717
TT-9890,OTA-003718
FT-9891,OTA-003719
TT-9893,OTA-003720
PT-9894,OTA-003721
TT-9895,OTA-003722
PT-9896,OTA-003723
FT-9899,OTA-003724
TT-9902,OTA-003725
PT-9904,OTA-003726
FT-9906,OTA-003727
FT-9912,OTA-003728
TT-9914,OTA-003729
LT-9915,OTA-003730
LT-9920,OTA-003731
PT-9921,OTA-003732
LT-9922,OTA-003733
PT-9923,OTA-003734
FCV-9924,OTA-003735
PT-9925,OTA-003736
PT-9926,OTA-003737
FCV-9932,OTA-003738
TT-9933,OTA-003739
PT-9934,OTA-003740
PT-9936,OTA-003741
LT-9937,OTA-003742
FT-9938,OTA-003743
FCV-9940,OTA-003744
LT-9941,OTA-003745
TT-9942,OTA-003746
TT-9944,OTA-003747
PT-9946,OTA-003748
TT-9948,OTA-003749
PT-9954,OTA-003750
FCV-9958,OTA-003751
FCV-9965,OTA-003752
LT-9970,OTA-003753
TT-9972,OTA-003754
FT-9975,OTA-003755
FT-9978,OTA-003756
PT-9980,OTA-003757
FCV-9981,OTA-003758
TT-9989,OTA-003759
TT-9993,OTA-003760
FT-9995,OTA-003761
LT-10002,OTA-003762
LT-10004,OTA-003763
FCV-10006,OTA-003764
LT-10013,OTA-003765
TT-10016,OTA-003766
PT-10021,OTA-003767
PT-10022,OTA-003768
FT-10024,OTA-003769
LT-10026,OTA-003770
PT-10028,OTA-003771
FT-10029,OTA-003772
LT-10031,OTA-003773
FT-10038,OTA-003774
PT-10041,OTA-003775
LT-10042,OTA-003776
TT-10044,OTA-003777
PT-10045,OTA-003778
TT-10047,OTA-003779
FT-10049,OTA-003780
PT-10050,OTA-003781
PT-10053,OTA-003782
PT-10055,OTA-003783
TT-10061,OTA-003784
PT-10064,OTA-003785
FT-10066,OTA-003786
TT-10072,OTA-003787
PT-10073,OTA-003788
TT-10074,OTA-003789
FCV-10075,OTA-003790
TT-10076,OTA-003791
PT-10077,OTA-003792
TT-10078,OTA-003793
FT-10080,OTA-003794
FCV-10081,OTA-003795
FCV-10083,OTA-003796
LT-10089,OTA-003797
LT-10091,OTA-003798
PT-10094,OTA-003799
FT-10098,OTA-003800
FCV-10101,OTA-003801
FCV-10102,OTA-003802
FT-10106,OTA-003803
PT-10114,OTA-003804
TT-10115,OTA-003805
PT-10116,OTA-003806
LT-10117,OTA-003807
LT-10118,OTA-003808
PT-10119,OTA-003809
FT-10128,OTA-003810
PT-10131,OTA-003811
PT-10132,OTA-003812
FCV-10133,OTA-003813
TT-10134,OTA-003814
TT-10136,OTA-003815
LT-10137,OTA-003816
TT-10138,OTA-003817
TT-10139,OTA-003818
PT-10141,OTA-003819
FT-10143,OTA-003820
TT-10145,OTA-003821
FT-10150,OTA-003822
TT-10153,OTA-003823
FCV-10159,OTA-003824
FT-10162,OTA-003825
TT-10163,OTA-003826
TT-10164,OTA-003827
TT-10165,OTA-003828
TT-10168,OTA-003829
LT-10171,OTA-003830
TT-10172,OTA-003831
PT-10173,OTA-003832
PT-10181,OTA-003833
LT-10182,OTA-003834
LT-10185,OTA-003835
FT-10190,OTA-003836
FT-10195,OTA-003837
FT-10197,OTA-003838
LT-10200,OTA-003839
FCV-10201,OTA-003840
FT-10205,OTA-003841
TT-10206,OTA-003842
FCV-10207,OTA-003843
PT-10210,OTA-003844
PT-10219,OTA-003845
FCV-10223,OTA-003846
FCV-10226,OTA-003847
LT-10227,OTA-003848
FT-10229,OTA-003849
TT-10230,OTA-003850
LT-10233,OTA-003851
FCV-10235,OTA-003852
FT-10237,OTA-003853
FT-10238,OTA-003854
LT-10242,OTA-003855
FCV-10248,OTA-003856
LT-10249,OTA-003857
TT-10253,OTA-003858
PT-10257,OTA-003859
PT-10260,OTA-003860
FT-10262,OTA-003861
PT-10270,OTA-003862
LT-10272,OTA-003863
TT-10273,OTA-003864
PT-10274,OTA-003865
PT-10276,OTA-003866
PT-10277,OTA-003867
FCV-10280,OTA-003868
PT-10281,OTA-003869
FCV-10286,OTA-003870
FT-10287,OTA-003871
FCV-10288,OTA-003872
PT-10289,OTA-003873
FT-10290,OTA-003874
PT-10293,OTA-003875
FCV-10296,OTA-003876
LT-10297,OTA-003877
FCV-10303,OTA-003878
FCV-10307,OTA-003879
FT-10311,OTA-003880
LT-10314,OTA-003881
LT-10315,OTA-003882
FT-10317,OTA-003883
FT-10319,OTA-003884
TT-10320,OTA-003885
TT-10327,OTA-003886
FT-10336,OTA-003887
FT-10341,OTA-003888
FT-10343,OTA-003889
LT-10346,OTA-003890
PT-10350,OTA-003891
FT-10353,OTA-003892
FCV-10357,OTA-003893
LT-10358,OTA-003894
TT-10360,OTA-003895
TT-10361,OTA-003896
LT-10364,OTA-003897
TT-10365,OTA-003898
FT-10368,OTA-003899
TT-10370,OTA-003900
LT-10371,OTA-003901
FT-10372,OTA-003902
FCV-10373,OTA-003903
PT-10374,OTA-003904
LT-10376,OTA-003905
PT-10379,OTA-003906
PT-10380,OTA-003907
FCV-10381,OTA-003908
FT-10384,OTA-003909
FCV-10388,OTA-003910
PT-10390,OTA-003911
FCV-10391,OTA-003912
FT-10392,OTA-003913
TT-10394,OTA-003914
PT-10396,OTA-003915
TT-10398,OTA-003916
TT-10399,OTA-003917
LT-10400,OTA-003918
FCV-10401,OTA-003919
FCV-10402,OTA-003920
LT-10406,OTA-003921
LT-10408,OTA-003922
TT-10409,OTA-003923
FT-10412,OTA-003924
LT-10414,OTA-003925
PT-10424,OTA-003926
PT-10428,OTA-003927
PT-10431,OTA-003928
FCV-10432,OTA-003929
FT-10434,OTA-003930
FCV-10438,OTA-003931
LT-10439,OTA-003932
LT-10440,OTA-003933
TT-10444,OTA-003934
FT-10449,OTA-003935
FT-10450,OTA-003936
FCV-10452,OTA-003937
FT-10453,OTA-003938
FCV-10454,OTA-003939
PT-10457,OTA-003940
FCV-10458,OTA-003941
LT-10461,OTA-003942
FCV-10463,OTA-003943
FCV-10466,OTA-003944
TT-10467,OTA-003945
FCV-10470,OTA-003946
PT-10472,OTA-003947
FT-10473,OTA-003948
TT-10479,OTA-003949
TT-10480,OTA-003950
PT-10484,OTA-003951
FCV-10485,OTA-003952
LT-10487,OTA-003953
FCV-10488,OTA-003954
PT-10490,OTA-003955
FT-10492,OTA-003956
FCV-10496,OTA-003957
TT-10499,OTA-003958
LT-10500,OTA-003959
TT-10501,OTA-003960
FT-10504,OTA-003961
PT-10505,OTA-003962
FT-10507,OTA-003963
PT-10509,OTA-003964
PT-10512,OTA-003965
PT-10514,OTA-003966
TT-10515,OTA-003967
PT-10516,OTA-003968
PT-10518,OTA-003969
FT-10521,OTA-003970
FCV-10524,OTA-003971
PT-10526,OTA-003972
TT-10530,OTA-003973
LT-10531,OTA-003974
PT-10534,OTA-003975
LT-10536,OTA-003976
FCV-10537,OTA-003977
FCV-10538,OTA-003978
PT-10539,OTA-003979
FCV-10543,OTA-003980
TT-10545,OTA-003981
FCV-10546,OTA-003982
PT-10547,OTA-003983
TT-10550,OTA-003984
PT-10551,OTA-003985
FT-10554,OTA-003986
LT-10556,OTA-003987
LT-10559,OTA-003988
FT-10560,OTA-003989
TT-10562,OTA-003990
TT-10570,OTA-003991
FCV-10572,OTA-003992
LT-10573,OTA-003993
LT-10574,OTA-003994
FT-10578,OTA-003995
PT-10584,OTA-003996
FCV-10585,OTA-003997
LT-10590,OTA-003998
TT-10594,OTA-003999
LT-10595,OTA-004000
FCV-10597,OTA-004001
FCV-10601,OTA-004002
TT-10602,OTA-004003
FT-10606,OTA-004004
PT-10608,OTA-004005
FCV-10613,OTA-004006
FT-10615,OTA-004007
LT-10616,OTA-004008
TT-10618,OTA-004009
PT-10622,OTA-004010
TT-10625,OTA-004011
FCV-10627,OTA-004012
TT-10631,OTA-004013
LT-10632,OTA-004014
LT-10633,OTA-004015
FCV-10635,OTA-004016
PT-10636,OTA-004017
LT-10638,OTA-004018
PT-10641,OTA-004019
PT-10643,OTA-004020
LT-10648,OTA-004021
FT-10652,OTA-004022
FCV-10653,OTA-004023
FT-10661,OTA-004024
FCV-10664,OTA-004025
FT-10665,OTA-004026
LT-10670,OTA-004027
FT-10671,OTA-004028
FT-10672,OTA-004029
PT-10674,OTA-004030
FT-10677,OTA-004031
LT-10678,OTA-004032
PT-10679,OTA-004033
TT-10681,OTA-004034
PT-10683,OTA-004035
TT-10685,OTA-004036
LT-10695,OTA-004037
PT-10700,OTA-004038
PT-10703,OTA-004039
LT-10704,OTA-004040
PT-10705,OTA-004041
FT-10709,OTA-004042
LT-10710,OTA-004043
LT-10712,OTA-004044
FCV-10714,OTA-004045
TT-10716,OTA-004046
FT-10722,OTA-004047
PT-10723,OTA-004048
FT-10724,OTA-004049
TT-10725,OTA-004050
LT-10729,OTA-004051
TT-10731,OTA-004052
FCV-10732,OTA-004053
LT-10735,OTA-004054
TT-10736,OTA-004055
PT-10739,OTA-004056
FT-10744,OTA-004057
FCV-10745,OTA-004058
FCV-10747,OTA-004059
LT-10748,OTA-004060
LT-10753,OTA-004061
LT-10754,OTA-004062
FCV-10755,OTA-004063
LT-10760,OTA-004064
TT-10761,OTA-004065
TT-10762,OTA-004066
TT-10768,OTA-004067
LT-10770,OTA-004068
FT-10773,OTA-004069
PT-10775,OTA-004070
LT-10776,OTA-004071
FCV-10777,OTA-004072
TT-10778,OTA-004073
FT-10779,OTA-004074
LT-10780,OTA-004075
FCV-10781,OTA-004076
PT-10782,OTA-004077
PT-10788,OTA-004078
FCV-10792,OTA-004079
PT-10794,OTA-004080
TT-10797,OTA-004081
LT-10800,OTA-004082
PT-10806,OTA-004083
FT-10807,OTA-004084
FCV-10810,OTA-004085
FT-10816,OTA-004086
PT-10817,OTA-004087
LT-10820,OTA-004088
LT-10822,OTA-004089
PT-10824,OTA-004090
TT-10827,OTA-004091
LT-10829,OTA-004092
TT-10835,OTA-004093
TT-10837,OTA-004094
FT-10842,OTA-004095
FT-10845,OTA-004096
PT-10848,OTA-004097
TT-10849,OTA-004098
LT-10850,OTA-004099
FT-10851,OTA-004100
FCV-10852,OTA-004101
PT-10853,OTA-004102
LT-10854,OTA-004103
FT-10855,OTA-004104
LT-10858,OTA-004105
TT-10859,OTA-004106
FCV-10860,OTA-004107
PT-10866,OTA-004108
PT-10870,OTA-004109
TT-10872,OTA-004110
FCV-10875,OTA-004111
PT-10881,OTA-004112
FT-10883,OTA-004113
PT-10885,OTA-004114
TT-10886,OTA-004115
FCV-10888,OTA-004116
FT-10894,OTA-004117
LT-10897,OTA-004118
PT-10898,OTA-004119
FT-10899,OTA-004120
TT-10900,OTA-004121
FCV-10903,OTA-004122
PT-10905,OTA-004123
TT-10909,OTA-004124
FCV-10920,OTA-004125
TT-10924,OTA-004126
FCV-10925,OTA-004127
TT-10926,OTA-004128
PT-10931,OTA-004129
FT-10932,OTA-004130
TT-10936,OTA-004131
FT-10937,OTA-004132
FCV-10938,OTA-004133
TT-10939,OTA-004134
LT-10940,OTA-004135
LT-10944,OTA-004136
FT-10947,OTA-004137
FCV-10949,OTA-004138
FCV-10950,OTA-004139
FCV-10953,OTA-004140
FT-10955,OTA-004141
FCV-10956,OTA-004142
TT-10959,OTA-004143
LT-10963,OTA-004144
LT-10967,OTA-004145
FCV-10968,OTA-004146
FCV-10969,OTA-004147
FCV-10971,OTA-004148
TT-10972,OTA-004149
LT-10975,OTA-004150
LT-10978,OTA-004151
TT-10983,OTA-004152
PT-10991,OTA-004153
FT-10992,OTA-004154
FT-10993,OTA-004155
PT-10996,OTA-004156
FT-10998,OTA-004157
FCV-11001,OTA-004158
TT-11002,OTA-004159
FT-11004,OTA-004160
FCV-11010,OTA-004161
FT-11012,OTA-004162
FCV-11021,OTA-004163
TT-11025,OTA-004164
FT-11027,OTA-004165
PT-11028,OTA-004166
TT-11029,OTA-004167
TT-11033,OTA-004168
TT-11035,OTA-004169
FT-11036,OTA-004170
FCV-11037,OTA-004171
LT-11043,OTA-004172
PT-11045,OTA-004173
FCV-11049,OTA-004174
FT-11050,OTA-004175
FT-11053,OTA-004176
FCV-11054,OTA-004177
FT-11055,OTA-004178
TT-11059,OTA-004179
PT-11060,OTA-004180
PT-11069,OTA-004181
TT-11070,OTA-004182
FT-11071,OTA-004183
FCV-11072,OTA-004184
FT-11078,OTA-004185
FCV-11079,OTA-004186
FCV-11082,OTA-004187
FCV-11090,OTA-004188
FCV-11091,OTA-004189
FT-11098,OTA-004190
FCV-11106,OTA-004191
LT-11109,OTA-004192
FCV-11113,OTA-004193
PT-11115,OTA-004194
LT-11129,OTA-004195
TT-11130,OTA-004196
FT-11136,OTA-004197
FT-11137,OTA-004198
PT-11141,OTA-004199
LT-11154,OTA-004200
FT-11155,OTA-004201
LT-11161,OTA-004202
FT-11162,OTA-004203
FCV-11163,OTA-004204
LT-11165,OTA-004205
FT-11167,OTA-004206
FCV-11172,OTA-004207
FT-11173,OTA-004208
LT-11174,OTA-004209
TT-11175,OTA-004210
PT-11176,OTA-004211
TT-11178,OTA-004212
FCV-11181,OTA-004213
FCV-11183,OTA-004214
PT-11184,OTA-004215
FT-11185,OTA-004216
TT-11186,OTA-004217
FCV-11188,OTA-004218
FCV-11192,OTA-004219
FCV-11195,OTA-004220
LT-11199,OTA-004221
FCV-11201,OTA-004222
PT-11203,OTA-004223
PT-11205,OTA-004224
FCV-11206,OTA-004225
TT-11209,OTA-004226
FCV-11213,OTA-004227
TT-11217,OTA-004228
TT-11220,OTA-004229
PT-11222,OTA-004230
FCV-11224,OTA-004231
PT-11225,OTA-004232
LT-11227,OTA-004233
LT-11230,OTA-004234
PT-11231,OTA-004235
PT-11232,OTA-004236
LT-11234,OTA-004237
FT-11249,OTA-004238
FT-11250,OTA-004239
PT-11254,OTA-004240
LT-11257,OTA-004241
PT-11262,OTA-004242
FT-11263,OTA-004243
FCV-11264,OTA-004244
LT-11265,OTA-004245
FT-11267,OTA-004246
TT-11270,OTA-004247
PT-11271,OTA-004248
PT-11273,OTA-004249
FCV-11276,OTA-004250
PT-11278,OTA-004251
FT-11281,OTA-004252
FT-11292,OTA-004253
FT-11298,OTA-004254
FT-11300,OTA-004255
PT-11302,OTA-004256
PT-11303,OTA-004257
FCV-11310,OTA-004258
TT-11311,OTA-004259
FT-11314,OTA-004260
LT-11315,OTA-004261
LT-11318,OTA-004262
FCV-11322,OTA-004263
TT-11325,OTA-004264
TT-11330,OTA-004265
PT-11333,OTA-004266
FT-11335,OTA-004267
TT-11341,OTA-004268
TT-11342,OTA-004269
LT-11343,OTA-004270
FCV-11345,OTA-004271
PT-11347,OTA-004272
LT-11349,OTA-004273
TT-11350,OTA-004274
LT-11359,OTA-004275
PT-11360,OTA-004276
FCV-11366,OTA-004277
PT-11371,OTA-004278
FCV-11372,OTA-004279
FCV-11374,OTA-004280
PT-11376,OTA-004281
FT-11386,OTA-004282
FT-11387,OTA-004283
LT-11388,OTA-004284
FCV-11392,OTA-004285
TT-11393,OTA-004286
FCV-11397,OTA-004287
PT-11400,OTA-004288
FCV-11402,OTA-004289
FCV-11405,OTA-004290
FT-11408,OTA-004291
LT-11410,OTA-004292
LT-11421,OTA-004293
TT-11422,OTA-004294
FT-11424,OTA-004295
PT-11429,OTA-004296
TT-11430,OTA-004297
LT-11431,OTA-004298
PT-11432,OTA-004299
TT-11437,OTA-004300
PT-11439,OTA-004301
FT-11443,OTA-004302
FCV-11447,OTA-004303
PT-11455,OTA-004304
LT-11457,OTA-004305
LT-11462,OTA-004306
LT-11466,OTA-004307
FT-11471,OTA-004308
TT-11472,OTA-004309
PT-11477,OTA-004310
FCV-11478,OTA-004311
LT-11480,OTA-004312
LT-11484,OTA-004313
LT-11487,OTA-004314
LT-11488,OTA-004315
LT-11489,OTA-004316
PT-11491,OTA-004317
FT-11494,OTA-004318
LT-11495,OTA-004319
TT-11498,OTA-004320
FCV-11502,OTA-004321
LT-11503,OTA-004322
LT-11504,OTA-004323
TT-11509,OTA-004324
FT-11515,OTA-004325
PT-11518,OTA-004326
LT-11526,OTA-004327
FT-11527,OTA-004328
TT-11529,OTA-004329
TT-11530,OTA-004330
FT-11533,OTA-004331
FT-11534,OTA-004332
PT-11538,OTA-004333
FCV-11543,OTA-004334
FCV-11545,OTA-004335
LT-11548,OTA-004336
TT-11549,OTA-004337
TT-11550,OTA-004338
PT-11556,OTA-004339
LT-11562,OTA-004340
PT-11563,OTA-004341
LT-11565,OTA-004342
TT-11566,OTA-004343
LT-11567,OTA-004344
TT-11572,OTA-004345
LT-11578,OTA-004346
PT-11579,OTA-004347
TT-11580,OTA-004348
TT-11581,OTA-004349
FCV-11582,OTA-004350
TT-11583,OTA-004351
FT-11588,OTA-004352
LT-11590,OTA-004353
FCV-11592,OTA-004354
TT-11599,OTA-004355
FT-11600,OTA-004356
FCV-11602,OTA-004357
TT-11604,OTA-004358
FT-11605,OTA-004359
LT-11607,OTA-004360
TT-11608,OTA-004361
FT-11609,OTA-004362
LT-11610,OTA-004363
FT-11611,OTA-004364
FT-11613,OTA-004365
FT-11616,OTA-004366
PT-11617,OTA-004367
FT-11618,OTA-004368
FT-11620,OTA-004369
FCV-11621,OTA-004370
FT-11628,OTA-004371
FT-11635,OTA-004372
LT-11640,OTA-004373
PT-11644,OTA-004374
FT-11646,OTA-004375
LT-11650,OTA-004376
PT-11652,OTA-004377
FT-11656,OTA-004378
LT-11662,OTA-004379
FT-11664,OTA-004380
FT-11671,OTA-004381
FCV-11673,OTA-004382
PT-11675,OTA-004383
TT-11677,OTA-004384
LT-11679,OTA-004385
FT-11681,OTA-004386
FCV-11683,OTA-004387
PT-11684,OTA-004388
LT-11688,OTA-004389
LT-11693,OTA-004390
PT-11694,OTA-004391
PT-11695,OTA-004392
PT-11696,OTA-004393
PT-11698,OTA-004394
FT-11699,OTA-004395
LT-11701,OTA-004396
FT-11710,OTA-004397
PT-11715,OTA-004398
LT-11716,OTA-004399
LT-11718,OTA-004400
LT-11720,OTA-004401
PT-11722,OTA-004402
FT-11725,OTA-004403
PT-11730,OTA-004404
LT-11733,OTA-004405
LT-11734,OTA-004406
PT-11737,OTA-004407
TT-11740,OTA-004408
LT-11741,OTA-004409
FT-11746,OTA-004410
TT-11748,OTA-004411
LT-11751,OTA-004412
PT-11753,OTA-004413
FT-11756,OTA-004414
PT-11759,OTA-004415
LT-11760,OTA-004416
FT-11762,OTA-004417
FT-11766,OTA-004418
PT-11768,OTA-004419
FCV-11771,OTA-004420
FCV-11772,OTA-004421
LT-11773,OTA-004422
LT-11774,OTA-004423
TT-11775,OTA-004424
TT-11779,OTA-004425
FT-11780,OTA-004426
PT-11781,OTA-004427
PT-11787,OTA-004428
FCV-11789,OTA-004429
TT-11790,OTA-004430
FT-11794,OTA-004431
PT-11798,OTA-004432
TT-11801,OTA-004433
FT-11804,OTA-004434
LT-11805,OTA-004435
FT-11807,OTA-004436
FCV-11811,OTA-004437
LT-11812,OTA-004438
PT-11813,OTA-004439
LT-11814,OTA-004440
FT-11817,OTA-004441
TT-11818,OTA-004442
PT-11821,OTA-004443
TT-11835,OTA-004444
FT-11837,OTA-004445
TT-11839,OTA-004446
TT-11840,OTA-004447
PT-11843,OTA-004448
LT-11844,OTA-004449
FCV-11846,OTA-004450
TT-11848,OTA-004451
FCV-11851,OTA-004452
TT-11853,OTA-004453
FCV-11856,OTA-004454
FCV-11858,OTA-004455
PT-11862,OTA-004456
FT-11863,OTA-004457
FCV-11864,OTA-004458
PT-11866,OTA-004459
FCV-11869,OTA-004460
FT-11870,OTA-004461
LT-11872,OTA-004462
LT-11873,OTA-004463
FT-11877,OTA-004464
PT-11878,OTA-004465
TT-11881,OTA-004466
FT-11882,OTA-004467
TT-11887,OTA-004468
TT-11889,OTA-004469
TT-11891,OTA-004470
PT-11896,OTA-004471
PT-11898,OTA-004472
FCV-11899,OTA-004473
FT-11900,OTA-004474
LT-11904,OTA-004475
FT-11906,OTA-004476
FCV-11907,OTA-004477
PT-11909,OTA-004478
LT-11917,OTA-004479
FCV-11919,OTA-004480
TT-11920,OTA-004481
LT-11923,OTA-004482
FT-11924,OTA-004483
PT-11925,OTA-004484
LT-11927,OTA-004485
FT-11931,OTA-004486
FT-11933,OTA-004487
TT-11935,OTA-004488
LT-11937,OTA-004489
FT-11947,OTA-004490
FT-11952,OTA-004491
PT-11956,OTA-004492
TT-11959,OTA-004493
LT-11961,OTA-004494
LT-11962,OTA-004495
FT-11963,OTA-004496
FCV-11964,OTA-004497
LT-11965,OTA-004498
FCV-11966,OTA-004499
PT-11970,OTA-004500
PT-11974,OTA-004501
PT-11975,OTA-004502
LT-11976,OTA-004503
PT-11978,OTA-004504
PT-11982,OTA-004505
FT-11983,OTA-004506
PT-11984,OTA-004507
LT-11985,OTA-004508
PT-11987,OTA-004509
LT-11991,OTA-004510
FCV-11992,OTA-004511
PT-11994,OTA-004512
PT-11996,OTA-004513
TT-12003,OTA-004514
TT-12005,OTA-004515
PT-12010,OTA-004516
FT-12011,OTA-004517
TT-12018,OTA-004518
LT-12019,OTA-004519
PT-12020,OTA-004520
FT-12022,OTA-004521
TT-12023,OTA-004522
FT-12024,OTA-004523
TT-12027,OTA-004524
PT-12030,OTA-004525
LT-12036,OTA-004526
TT-12038,OTA-004527
FT-12042,OTA-004528
FT-12046,OTA-004529
PT-12048,OTA-004530
TT-12049,OTA-004531
PT-12058,OTA-004532
PT-12059,OTA-004533
FT-12061,OTA-004534
PT-12066,OTA-004535
LT-12068,OTA-004536
FCV-12069,OTA-004537
LT-12072,OTA-004538
TT-12075,OTA-004539
FCV-12076,OTA-004540
PT-12077,OTA-004541
FT-12078,OTA-004542
FT-12080,OTA-004543
TT-12083,OTA-004544
FT-12084,OTA-004545
FT-12087,OTA-004546
PT-12090,OTA-004547
TT-12092,OTA-004548
LT-12094,OTA-004549
FT-12098,OTA-004550
FCV-12099,OTA-004551
FT-12102,OTA-004552
TT-12104,OTA-004553
LT-12106,OTA-004554
FT-12107,OTA-004555
TT-12108,OTA-004556
PT-12109,OTA-004557
PT-12111,OTA-004558
PT-12112,OTA-004559
FCV-12114,OTA-004560
FCV-12120,OTA-004561
FT-12121,OTA-004562
LT-12123,OTA-004563
FCV-12125,OTA-004564
FCV-12128,OTA-004565
PT-12131,OTA-004566
LT-12132,OTA-004567
FCV-12133,OTA-004568
FCV-12136,OTA-004569
LT-12142,OTA-004570
FT-12143,OTA-004571
PT-12144,OTA-004572
LT-12149,OTA-004573
FCV-12151,OTA-004574
FCV-12155,OTA-004575
TT-12159,OTA-004576
FT-12161,OTA-004577
TT-12163,OTA-004578
FCV-12172,OTA-004579
TT-12173,OTA-004580
PT-12174,OTA-004581
LT-12175,OTA-004582
FCV-12176,OTA-004583
PT-12178,OTA-004584
LT-12179,OTA-004585
LT-12183,OTA-004586
TT-12184,OTA-004587
FT-12187,OTA-004588
LT-12191,OTA-004589
FCV-12193,OTA-004590
PT-12194,OTA-004591
FCV-12195,OTA-004592
LT-12196,OTA-004593
PT-12200,OTA-004594
FCV-12202,OTA-004595
PT-12203,OTA-004596
FCV-12204,OTA-004597
TT-12205,OTA-004598
TT-12206,OTA-004599
FCV-12212,OTA-004600
LT-12215,OTA-004601
PT-12218,OTA-004602
PT-12224,OTA-004603
TT-12225,OTA-004604
FT-12226,OTA-004605
PT-12238,OTA-004606
FT-12239,OTA-004607
PT-12245,OTA-004608
FCV-12247,OTA-004609
FT-12260,OTA-004610
FCV-12262,OTA-004611
TT-12264,OTA-004612
PT-12266,OTA-004613
PT-12269,OTA-004614
TT-12273,OTA-004615
PT-12276,OTA-004616
FCV-12280,OTA-004617
PT-12281,OTA-004618
PT-12283,OTA-004619
FCV-12294,OTA-004620
LT-12296,OTA-004621
FCV-12298,OTA-004622
LT-12299,OTA-004623
TT-12302,OTA-004624
TT-12305,OTA-004625
PT-12306,OTA-004626
TT-12309,OTA-004627
TT-12310,OTA-004628
PT-12314,OTA-004629
FCV-12315,OTA-004630
TT-12317,OTA-004631
TT-12318,OTA-004632
PT-12325,OTA-004633
FCV-12332,OTA-004634
TT-12334,OTA-004635
LT-12335,OTA-004636
FCV-12337,OTA-004637
FCV-12339,OTA-004638
FCV-12340,OTA-004639
FCV-12341,OTA-004640
FCV-12342,OTA-004641
FCV-12343,OTA-004642
FT-12344,OTA-004643
FT-12345,OTA-004644
PT-12349,OTA-004645
TT-12350,OTA-004646
PT-12352,OTA-004647
FCV-12354,OTA-004648
PT-12355,OTA-004649
PT-12356,OTA-004650
FCV-12367,OTA-004651
FCV-12368,OTA-004652
FT-12369,OTA-004653
PT-12372,OTA-004654
TT-12373,OTA-004655
TT-12375,OTA-004656
FCV-12376,OTA-004657
TT-12379,OTA-004658
LT-12381,OTA-004659
TT-12382,OTA-004660
TT-12383,OTA-004661
PT-12386,OTA-004662
LT-12387,OTA-004663
FCV-12390,OTA-004664
PT-12392,OTA-004665
LT-12393,OTA-004666
LT-12396,OTA-004667
FT-12397,OTA-004668
FCV-12399,OTA-004669
FCV-12400,OTA-004670
FT-12401,OTA-004671
TT-12403,OTA-004672
PT-12408,OTA-004673
TT-12409,OTA-004674
PT-12412,OTA-004675
FT-12413,OTA-004676
FT-12415,OTA-004677
TT-12420,OTA-004678
LT-12423,OTA-004679
FT-12424,OTA-004680
LT-12429,OTA-004681
PT-12432,OTA-004682
FCV-12434,OTA-004683
FT-12436,OTA-004684
TT-12440,OTA-004685
FCV-12443,OTA-004686
FT-12447,OTA-004687
PT-12451,OTA-004688
PT-12455,OTA-004689
FT-12456,OTA-004690
FCV-12457,OTA-004691
FCV-12458,OTA-004692
TT-12463,OTA-004693
TT-12464,OTA-004694
FT-12465,OTA-004695
FCV-12466,OTA-004696
FCV-12467,OTA-004697
PT-12469,OTA-004698
LT-12471,OTA-004699
FT-12474,OTA-004700
FT-12479,OTA-004701
FCV-12481,OTA-004702
FCV-12482,OTA-004703
TT-12484,OTA-004704
FCV-12485,OTA-004705
LT-12487,OTA-004706
FCV-12489,OTA-004707
FCV-12490,OTA-004708
LT-12491,OTA-004709
FCV-12492,OTA-004710
LT-12499,OTA-004711
FT-12500,OTA-004712
LT-12501,OTA-004713
FCV-12503,OTA-004714
FCV-12504,OTA-004715
FT-12507,OTA-004716
FT-12508,OTA-004717
FT-12509,OTA-004718
PT-12512,OTA-004719
PT-12519,OTA-004720
PT-12522,OTA-004721
FT-12523,OTA-004722
PT-12528,OTA-004723
TT-12530,OTA-004724
FCV-12531,OTA-004725
PT-12533,OTA-004726
FCV-12540,OTA-004727
FCV-12544,OTA-004728
FT-12545,OTA-004729
PT-12546,OTA-004730
LT-12548,OTA-004731
TT-12549,OTA-004732
TT-12551,OTA-004733
PT-12559,OTA-004734
FCV-12561,OTA-004735
FT-12562,OTA-004736
TT-12563,OTA-004737
LT-12568,OTA-004738
TT-12573,OTA-004739
FCV-12574,OTA-004740
FT-12582,OTA-004741
LT-12591,OTA-004742
FCV-12599,OTA-004743
TT-12610,OTA-004744
PT-12612,OTA-004745
LT-12613,OTA-004746
FCV-12615,OTA-004747
PT-12616,OTA-004748
LT-12618,OTA-004749
FT-12620,OTA-004750
TT-12621,OTA-004751
LT-12624,OTA-004752
LT-12635,OTA-004753
TT-12637,OTA-004754
TT-12639,OTA-004755
FCV-12642,OTA-004756
LT-12645,OTA-004757
FT-12650,OTA-004758
FT-12657,OTA-004759
LT-12659,OTA-004760
FT-12662,OTA-004761
PT-12663,OTA-004762
FCV-12664,OTA-004763
PT-12666,OTA-004764
PT-12668,OTA-004765
LT-12671,OTA-004766
FT-12674,OTA-004767
FT-12677,OTA-004768
FCV-12678,OTA-004769
LT-12679,OTA-004770
FT-12680,OTA-004771
FCV-12681,OTA-004772
PT-12682,OTA-004773
FCV-12686,OTA-004774
FCV-12688,OTA-004775
FCV-12691,OTA-004776
LT-12692,OTA-004777
FCV-12693,OTA-004778
TT-12700,OTA-004779
LT-12701,OTA-004780
TT-12703,OTA-004781
PT-12709,OTA-004782
TT-12711,OTA-004783
FT-12716,OTA-004784
PT-12719,OTA-004785
FT-12734,OTA-004786
PT-12739,OTA-004787
LT-12743,OTA-004788
FCV-12745,OTA-004789
PT-12748,OTA-004790
FT-12750,OTA-004791
LT-12751,OTA-004792
LT-12752,OTA-004793
PT-12754,OTA-004794
FT-12756,OTA-004795
TT-12759,OTA-004796
TT-12760,OTA-004797
FT-12762,OTA-004798
PT-12763,OTA-004799
TT-12767,OTA-004800
FT-12768,OTA-004801
FCV-12771,OTA-004802
FCV-12774,OTA-004803
PT-12779,OTA-004804
FT-12780,OTA-004805
TT-12783,OTA-004806
PT-12791,OTA-004807
PT-12792,OTA-004808
FT-12793,OTA-004809
PT-12795,OTA-004810
FT-12800,OTA-004811
TT-12804,OTA-004812
FT-12806,OTA-004813
PT-12808,OTA-004814
FCV-12812,OTA-004815
PT-12813,OTA-004816
FT-12814,OTA-004817
PT-12816,OTA-004818
LT-12817,OTA-004819
PT-12819,OTA-004820
LT-12821,OTA-004821
FT-12822,OTA-004822
TT-12823,OTA-004823
FCV-12827,OTA-004824
FCV-12829,OTA-004825
FT-12831,OTA-004826
FT-12835,OTA-004827
FT-12838,OTA-004828
FT-12839,OTA-004829
PT-12840,OTA-004830
PT-12842,OTA-004831
LT-12845,OTA-004832
FT-12847,OTA-004833
FCV-12853,OTA-004834
FT-12854,OTA-004835
FCV-12859,OTA-004836
TT-12867,OTA-004837
LT-12868,OTA-004838
PT-12871,OTA-004839
PT-12877,OTA-004840
PT-12879,OTA-004841
TT-12880,OTA-004842
FCV-12889,OTA-004843
LT-12891,OTA-004844
TT-12898,OTA-004845
FT-12900,OTA-004846
LT-12902,OTA-004847
LT-12903,OTA-004848
FCV-12906,OTA-004849
LT-12908,OTA-004850
FCV-12909,OTA-004851
FCV-12913,OTA-004852
FCV-12915,OTA-004853
FT-12916,OTA-004854
PT-12918,OTA-004855
FT-12919,OTA-004856
FCV-12920,OTA-004857
LT-12922,OTA-004858
PT-12928,OTA-004859
TT-12929,OTA-004860
TT-12931,OTA-004861
LT-12933,OTA-004862
TT-12937,OTA-004863
PT-12938,OTA-004864
FCV-12943,OTA-004865
TT-12944,OTA-004866
PT-12946,OTA-004867
TT-12949,OTA-004868
TT-12953,OTA-004869
TT-12955,OTA-004870
LT-12958,OTA-004871
TT-12959,OTA-004872
TT-12961,OTA-004873
TT-12964,OTA-004874
FCV-12966,OTA-004875
FCV-12968,OTA-004876
LT-12969,OTA-004877
PT-12972,OTA-004878
FT-12973,OTA-004879
FT-12974,OTA-004880
LT-12979,OTA-004881
FCV-12984,OTA-004882
FCV-12985,OTA-004883
FCV-12989,OTA-004884
LT-12991,OTA-004885
FT-12992,OTA-004886
TT-12995,OTA-004887
TT-12996,OTA-004888
FCV-12997,OTA-004889
FT-13000,OTA-004890
FT-13002,OTA-004891
FT-13004,OTA-004892
PT-13009,OTA-004893
LT-13015,OTA-004894
TT-13019,OTA-004895
FT-13021,OTA-004896
PT-13022,OTA-004897
FT-13027,OTA-004898
FCV-13028,OTA-004899
FCV-13029,OTA-004900
LT-13030,OTA-004901
LT-13031,OTA-004902
LT-13034,OTA-004903
FCV-13036,OTA-004904
FT-13039,OTA-004905
TT-13040,OTA-004906
FCV-13042,OTA-004907
FCV-13049,OTA-004908
FCV-13050,OTA-004909
TT-13051,OTA-004910
FCV-13053,OTA-004911
FCV-13055,OTA-004912
TT-13056,OTA-004913
FT-13060,OTA-004914
FCV-13067,OTA-004915
TT-13068,OTA-004916
LT-13071,OTA-004917
TT-13074,OTA-004918
FT-13077,OTA-004919
FT-13078,OTA-004920
TT-13079,OTA-004921
FT-13081,OTA-004922
LT-13083,OTA-004923
FCV-13086,OTA-004924
TT-13088,OTA-004925
TT-13092,OTA-004926
FCV-13099,OTA-004927
TT-13101,OTA-004928
FT-13103,OTA-004929
PT-13111,OTA-004930
LT-13115,OTA-004931
PT-13119,OTA-004932
LT-13123,OTA-004933
LT-13124,OTA-004934
FT-13126,OTA-004935
FCV-13127,OTA-004936
LT-13129,OTA-004937
LT-13130,OTA-004938
FCV-13132,OTA-004939
LT-13133,OTA-004940
TT-13134,OTA-004941
LT-13135,OTA-004942
FT-13137,OTA-004943
FCV-13139,OTA-004944
TT-13141,OTA-004945
PT-13143,OTA-004946
TT-13144,OTA-004947
FCV-13145,OTA-004948
FCV-13147,OTA-004949
FT-13148,OTA-004950
FT-13151,OTA-004951
LT-13154,OTA-004952
PT-13155,OTA-004953
TT-13159,OTA-004954
FT-13161,OTA-004955
FT-13163,OTA-004956
FT-13165,OTA-004957
FCV-13167,OTA-004958
FT-13170,OTA-004959
LT-13171,OTA-004960
FT-13172,OTA-004961
TT-13173,OTA-004962
FCV-13174,OTA-004963
TT-13178,OTA-004964
FCV-13183,OTA-004965
LT-13186,OTA-004966
FCV-13187,OTA-004967
PT-13188,OTA-004968
TT-13192,OTA-004969
FCV-13194,OTA-004970
FCV-13195,OTA-004971
FT-13196,OTA-004972
FT-13197,OTA-004973
PT-13199,OTA-004974
FT-13201,OTA-004975
PT-13203,OTA-004976
LT-13207,OTA-004977
FCV-13213,OTA-004978
FT-13214,OTA-004979
FT-13215,OTA-004980
PT-13216,OTA-004981
PT-13217,OTA-004982
FCV-13220,OTA-004983
TT-13222,OTA-004984
TT-13223,OTA-004985
LT-13226,OTA-004986
FT-13229,OTA-004987
FCV-13231,OTA-004988
FCV-13232,OTA-004989
FT-13233,OTA-004990
PT-13236,OTA-004991
TT-13237,OTA-004992
TT-13241,OTA-004993
FCV-13244,OTA-004994
PT-13246,OTA-004995
FCV-13247,OTA-004996
PT-13250,OTA-004997
LT-13256,OTA-004998
LT-13257,OTA-004999
PT-13259,OTA-005000
PT-13266,OTA-005001
PT-13268,OTA-005002
FCV-13271,OTA-005003
TT-13273,OTA-005004
TT-13274,OTA-005005
PT-13276,OTA-005006
FT-13277,OTA-005007
PT-13278,OTA-005008
TT-13279,OTA-005009
PT-13282,OTA-005010
FT-13283,OTA-005011
LT-13287,OTA-005012
FCV-13288,OTA-005013
LT-13290,OTA-005014
FT-13291,OTA-005015
LT-13292,OTA-005016
FT-13293,OTA-005017
PT-13300,OTA-005018
PT-13301,OTA-005019
FT-13302,OTA-005020
LT-13303,OTA-005021
FT-13305,OTA-005022
FCV-13307,OTA-005023
LT-13308,OTA-005024
PT-13315,OTA-005025
FT-13318,OTA-005026
PT-13324,OTA-005027
LT-13325,OTA-005028
PT-13326,OTA-005029
FT-13330,OTA-005030
FCV-13331,OTA-005031
FCV-13336,OTA-005032
PT-13337,OTA-005033
LT-13339,OTA-005034
PT-13340,OTA-005035
TT-13341,OTA-005036
PT-13345,OTA-005037
LT-13348,OTA-005038
TT-13352,OTA-005039
LT-13353,OTA-005040
TT-13356,OTA-005041
TT-13358,OTA-005042
PT-13359,OTA-005043
PT-13360,OTA-005044
FCV-13362,OTA-005045
FT-13364,OTA-005046
FT-13366,OTA-005047
TT-13367,OTA-005048
FT-13373,OTA-005049
FT-13375,OTA-005050
PT-13376,OTA-005051
LT-13377,OTA-005052
TT-13380,OTA-005053
LT-13381,OTA-005054
PT-13382,OTA-005055
PT-13387,OTA-005056
FCV-13388,OTA-005057
FT-13390,OTA-005058
FT-13396,OTA-005059
FT-13398,OTA-005060
PT-13399,OTA-005061
FT-13400,OTA-005062
LT-13401,OTA-005063
FT-13405,OTA-005064
FCV-13408,OTA-005065
FCV-13410,OTA-005066
TT-13412,OTA-005067
FT-13414,OTA-005068
FT-13415,OTA-005069
LT-13418,OTA-005070
TT-13420,OTA-005071
PT-13422,OTA-005072
LT-13424,OTA-005073
TT-13433,OTA-005074
LT-13437,OTA-005075
LT-13438,OTA-005076
TT-13439,OTA-005077
FCV-13441,OTA-005078
PT-13443,OTA-005079
TT-13444,OTA-005080
LT-13447,OTA-005081
TT-13448,OTA-005082
FCV-13451,OTA-005083
FT-13453,OTA-005084
TT-13456,OTA-005085
FCV-13464,OTA-005086
FT-13467,OTA-005087
FCV-13468,OTA-005088
LT-13471,OTA-005089
PT-13472,OTA-005090
LT-13481,OTA-005091
FT-13482,OTA-005092
LT-13483,OTA-005093
FT-13484,OTA-005094
FT-13485,OTA-005095
LT-13486,OTA-005096
FCV-13489,OTA-005097
FT-13492,OTA-005098
TT-13495,OTA-005099
FCV-13496,OTA-005100
FCV-13500,OTA-005101
TT-13501,OTA-005102
FCV-13504,OTA-005103
FT-13511,OTA-005104
PT-13515,OTA-005105
LT-13516,OTA-005106
LT-13519,OTA-005107
FCV-13524,OTA-005108
PT-13529,OTA-005109
PT-13539,OTA-005110
TT-13543,OTA-005111
FT-13545,OTA-005112
TT-13546,OTA-005113
LT-13548,OTA-005114
PT-13549,OTA-005115
LT-13551,OTA-005116
PT-13556,OTA-005117
TT-13558,OTA-005118
TT-13561,OTA-005119
LT-13570,OTA-005120
FT-13572,OTA-005121
LT-13576,OTA-005122
LT-13578,OTA-005123
PT-13580,OTA-005124
TT-13581,OTA-005125
FCV-13583,OTA-005126
FCV-13585,OTA-005127
FCV-13587,OTA-005128
PT-13599,OTA-005129
FCV-13600,OTA-005130
TT-13601,OTA-005131
PT-13602,OTA-005132
LT-13608,OTA-005133
LT-13611,OTA-005134
TT-13612,OTA-005135
TT-13614,OTA-005136
LT-13615,OTA-005137
TT-13618,OTA-005138
TT-13619,OTA-005139
TT-13623,OTA-005140
TT-13624,OTA-005141
FT-13626,OTA-005142
TT-13627,OTA-005143
TT-13629,OTA-005144
FT-13631,OTA-005145
TT-13632,OTA-005146
FCV-13634,OTA-005147
TT-13635,OTA-005148
FCV-13636,OTA-005149
FT-13637,OTA-005150
TT-13641,OTA-005151
FCV-13642,OTA-005152
PT-13644,OTA-005153
FT-13645,OTA-005154
FCV-13647,OTA-005155
FCV-13650,OTA-005156
TT-13652,OTA-005157
TT-13655,OTA-005158
PT-13656,OTA-005159
FT-13657,OTA-005160
LT-13663,OTA-005161
TT-13665,OTA-005162
TT-13666,OTA-005163
LT-13668,OTA-005164
FCV-13672,OTA-005165
LT-13675,OTA-005166
FT-13677,OTA-005167
TT-13678,OTA-005168
LT-13689,OTA-005169
TT-13690,OTA-005170
FCV-13692,OTA-005171
FCV-13698,OTA-005172
PT-13699,OTA-005173
TT-13700,OTA-005174
FT-13703,OTA-005175
LT-13705,OTA-005176
TT-13710,OTA-005177
FT-13711,OTA-005178
LT-13712,OTA-005179
LT-13714,OTA-005180
FCV-13716,OTA-005181
FT-13719,OTA-005182
PT-13720,OTA-005183
FCV-13721,OTA-005184
TT-13724,OTA-005185
FT-13725,OTA-005186
LT-13730,OTA-005187
TT-13731,OTA-005188
PT-13733,OTA-005189
LT-13735,OTA-005190
PT-13737,OTA-005191
PT-13739,OTA-005192
FCV-13744,OTA-005193
PT-13745,OTA-005194
FT-13751,OTA-005195
PT-13754,OTA-005196
FCV-13756,OTA-005197
FCV-13758,OTA-005198
FCV-13761,OTA-005199
FCV-13762,OTA-005200
LT-13766,OTA-005201
LT-13774,OTA-005202
FCV-13775,OTA-005203
LT-13776,OTA-005204
PT-13779,OTA-005205
FCV-13781,OTA-005206
FT-13783,OTA-005207
FT-13784,OTA-005208
LT-13789,OTA-005209
TT-13791,OTA-005210
FT-13792,OTA-005211
TT-13793,OTA-005212
PT-13803,OTA-005213
PT-13804,OTA-005214
FT-13805,OTA-005215
LT-13807,OTA-005216
FT-13809,OTA-005217
PT-13812,OTA-005218
PT-13814,OTA-005219
FCV-13819,OTA-005220
LT-13823,OTA-005221
TT-13824,OTA-005222
LT-13828,OTA-005223
FCV-13829,OTA-005224
FT-13832,OTA-005225
TT-13833,OTA-005226
PT-13834,OTA-005227
PT-13835,OTA-005228
LT-13836,OTA-005229
PT-13839,OTA-005230
LT-13841,OTA-005231
PT-13842,OTA-005232
LT-13848,OTA-005233
PT-13849,OTA-005234
PT-13850,OTA-005235
TT-13851,OTA-005236
LT-13852,OTA-005237
FT-13855,OTA-005238
FT-13857,OTA-005239
LT-13858,OTA-005240
LT-13859,OTA-005241
PT-13864,OTA-005242
FCV-13866,OTA-005243
PT-13868,OTA-005244
TT-13870,OTA-005245
LT-13874,OTA-005246
LT-13876,OTA-005247
TT-13877,OTA-005248
FT-13878,OTA-005249
LT-13879,OTA-005250
FT-13881,OTA-005251
LT-13882,OTA-005252
LT-13884,OTA-005253
FCV-13885,OTA-005254
TT-13889,OTA-005255
LT-13893,OTA-005256
LT-13896,OTA-005257
PT-13897,OTA-005258
PT-13898,OTA-005259
FCV-13900,OTA-005260
TT-13903,OTA-005261
TT-13905,OTA-005262
LT-13906,OTA-005263
TT-13907,OTA-005264
LT-13909,OTA-005265
PT-13915,OTA-005266
FCV-13916,OTA-005267
TT-13919,OTA-005268
FCV-13920,OTA-005269
FCV-13922,OTA-005270
FCV-13923,OTA-005271
FCV-13924,OTA-005272
FT-13925,OTA-005273
PT-13927,OTA-005274
LT-13928,OTA-005275
TT-13931,OTA-005276
FT-13934,OTA-005277
PT-13935,OTA-005278
FT-13936,OTA-005279
PT-13940,OTA-005280
FCV-13945,OTA-005281
TT-13946,OTA-005282
LT-13948,OTA-005283
FT-13949,OTA-005284
FT-13950,OTA-005285
FCV-13955,OTA-005286
TT-13957,OTA-005287
TT-13958,OTA-005288
FT-13959,OTA-005289
PT-13960,OTA-005290
TT-13961,OTA-005291
FT-13962,OTA-005292
FT-13963,OTA-005293
FT-13964,OTA-005294
LT-13965,OTA-005295
LT-13968,OTA-005296
TT-13969,OTA-005297
PT-13970,OTA-005298
TT-13973,OTA-005299
PT-13974,OTA-005300
FCV-13977,OTA-005301
PT-13978,OTA-005302
TT-13979,OTA-005303
FT-13981,OTA-005304
PT-13984,OTA-005305
TT-13989,OTA-005306
FT-13991,OTA-005307
FCV-13992,OTA-005308
TT-13993,OTA-005309
LT-13994,OTA-005310
PT-13997,OTA-005311
TT-13998,OTA-005312
PT-14001,OTA-005313
TT-14005,OTA-005314
PT-14007,OTA-005315
FT-14010,OTA-005316
PT-14015,OTA-005317
PT-14016,OTA-005318
FT-14021,OTA-005319
LT-14027,OTA-005320
TT-14034,OTA-005321
TT-14038,OTA-005322
FCV-14043,OTA-005323
FCV-14044,OTA-005324
FT-14045,OTA-005325
FT-14046,OTA-005326
FT-14050,OTA-005327
FT-14053,OTA-005328
FCV-14059,OTA-005329
LT-14060,OTA-005330
TT-14063,OTA-005331
LT-14064,OTA-005332
PT-14067,OTA-005333
LT-14068,OTA-005334
LT-14076,OTA-005335
FCV-14077,OTA-005336
FT-14078,OTA-005337
FCV-14080,OTA-005338
FCV-14083,OTA-005339
PT-14084,OTA-005340
TT-14086,OTA-005341
PT-14088,OTA-005342
TT-14099,OTA-005343
LT-14102,OTA-005344
FT-14104,OTA-005345
LT-14107,OTA-005346
TT-14109,OTA-005347
PT-14112,OTA-005348
FT-14114,OTA-005349
FT-14119,OTA-005350
TT-14120,OTA-005351
FCV-14127,OTA-005352
PT-14133,OTA-005353
PT-14139,OTA-005354
TT-14146,OTA-005355
FT-14151,OTA-005356
LT-14152,OTA-005357
FT-14154,OTA-005358
FCV-14159,OTA-005359
FT-14162,OTA-005360
PT-14163,OTA-005361
FT-14164,OTA-005362
FCV-14167,OTA-005363
LT-14169,OTA-005364
TT-14170,OTA-005365
PT-14176,OTA-005366
TT-14178,OTA-005367
TT-14182,OTA-005368
PT-14188,OTA-005369
PT-14190,OTA-005370
FT-14191,OTA-005371
FT-14193,OTA-005372
TT-14194,OTA-005373
FT-14196,OTA-005374
PT-14201,OTA-005375
LT-14208,OTA-005376
LT-14209,OTA-005377
FT-14211,OTA-005378
PT-14214,OTA-005379
FT-14217,OTA-005380
FCV-14220,OTA-005381
PT-14224,OTA-005382
PT-14225,OTA-005383
TT-14226,OTA-005384
PT-14229,OTA-005385
FT-14230,OTA-005386
FCV-14234,OTA-005387
FCV-14238,OTA-005388
LT-14241,OTA-005389
FT-14243,OTA-005390
FT-14253,OTA-005391
FT-14256,OTA-005392
FT-14257,OTA-005393
LT-14259,OTA-005394
FT-14260,OTA-005395
FT-14262,OTA-005396
LT-14265,OTA-005397
TT-14266,OTA-005398
PT-14267,OTA-005399
FT-14271,OTA-005400
FCV-14272,OTA-005401
FT-14275,OTA-005402
FCV-14277,OTA-005403
LT-14279,OTA-005404
FCV-14280,OTA-005405
FT-14286,OTA-005406
LT-14291,OTA-005407
FT-14293,OTA-005408
TT-14297,OTA-005409
LT-14298,OTA-005410
TT-14301,OTA-005411
TT-14303,OTA-005412
LT-14305,OTA-005413
FCV-14306,OTA-005414
TT-14311,OTA-005415
FCV-14314,OTA-005416
PT-14317,OTA-005417
TT-14318,OTA-005418
TT-14319,OTA-005419
FCV-14323,OTA-005420
LT-14325,OTA-005421
FT-14330,OTA-005422
FT-14331,OTA-005423
FT-14338,OTA-005424
TT-14340,OTA-005425
FCV-14341,OTA-005426
LT-14342,OTA-005427
PT-14344,OTA-005428
TT-14346,OTA-005429
LT-14347,OTA-005430
FT-14349,OTA-005431
LT-14352,OTA-005432
FCV-14353,OTA-005433
LT-14355,OTA-005434
FCV-14356,OTA-005435
FT-14360,OTA-005436
PT-14361,OTA-005437
LT-14362,OTA-005438
TT-14367,OTA-005439
LT-14369,OTA-005440
FCV-14372,OTA-005441
FCV-14373,OTA-005442
PT-14376,OTA-005443
FT-14377,OTA-005444
PT-14378,OTA-005445
LT-14379,OTA-005446
PT-14381,OTA-005447
PT-14382,OTA-005448
TT-14390,OTA-005449
TT-14392,OTA-005450
LT-14395,OTA-005451
LT-14398,OTA-005452
FT-14399,OTA-005453
FCV-14403,OTA-005454
FCV-14404,OTA-005455
LT-14405,OTA-005456
FT-14412,OTA-005457
TT-14413,OTA-005458
TT-14414,OTA-005459
LT-14415,OTA-005460
FCV-14417,OTA-005461
FT-14418,OTA-005462
FCV-14419,OTA-005463
TT-14423,OTA-005464
PT-14426,OTA-005465
PT-14427,OTA-005466
FCV-14431,OTA-005467
PT-14434,OTA-005468
PT-14435,OTA-005469
PT-14436,OTA-005470
LT-14439,OTA-005471
PT-14441,OTA-005472
FT-14443,OTA-005473
TT-14446,OTA-005474
FCV-14449,OTA-005475
PT-14450,OTA-005476
FCV-14452,OTA-005477
LT-14454,OTA-005478
TT-14455,OTA-005479
FCV-14456,OTA-005480
FCV-14458,OTA-005481
FCV-14462,OTA-005482
LT-14464,OTA-005483
PT-14465,OTA-005484
FT-14466,OTA-005485
FT-14467,OTA-005486
PT-14468,OTA-005487
TT-14478,OTA-005488
TT-14481,OTA-005489
FT-14482,OTA-005490
FT-14485,OTA-005491
FT-14490,OTA-005492
PT-14495,OTA-005493
FCV-14497,OTA-005494
FT-14500,OTA-005495
FCV-14504,OTA-005496
TT-14508,OTA-005497
FT-14510,OTA-005498
TT-14516,OTA-005499
FT-14518,OTA-005500
TT-14522,OTA-005501
TT-14523,OTA-005502
FT-14526,OTA-005503
FCV-14529,OTA-005504
TT-14530,OTA-005505
FT-14532,OTA-005506
PT-14535,OTA-005507
FCV-14539,OTA-005508
FT-14541,OTA-005509
FCV-14546,OTA-005510
TT-14549,OTA-005511
TT-14551,OTA-005512
TT-14556,OTA-005513
LT-14557,OTA-005514
FCV-14559,OTA-005515
FT-14561,OTA-005516
LT-14562,OTA-005517
TT-14578,OTA-005518
FT-14583,OTA-005519
TT-14591,OTA-005520
PT-14600,OTA-005521
FT-14606,OTA-005522
PT-14608,OTA-005523
LT-14618,OTA-005524
LT-14623,OTA-005525
TT-14624,OTA-005526
PT-14626,OTA-005527
TT-14627,OTA-005528
LT-14628,OTA-005529
PT-14634,OTA-005530
PT-14635,OTA-005531
TT-14636,OTA-005532
FCV-14637,OTA-005533
FCV-14638,OTA-005534
LT-14640,OTA-005535
FT-14641,OTA-005536
TT-14646,OTA-005537
TT-14649,OTA-005538
TT-14655,OTA-005539
LT-14656,OTA-005540
LT-14657,OTA-005541
PT-14659,OTA-005542
TT-14661,OTA-005543
LT-14664,OTA-005544
TT-14670,OTA-005545
LT-14672,OTA-005546
LT-14673,OTA-005547
FT-14677,OTA-005548
FCV-14679,OTA-005549
PT-14680,OTA-005550
PT-14683,OTA-005551
FCV-14685,OTA-005552
FT-14687,OTA-005553
TT-14688,OTA-005554
FT-14690,OTA-005555
LT-14693,OTA-005556
TT-14701,OTA-005557
FCV-14702,OTA-005558
LT-14708,OTA-005559
FT-14710,OTA-005560
FCV-14711,OTA-005561
TT-14712,OTA-005562
PT-14716,OTA-005563
FT-14717,OTA-005564
TT-14719,OTA-005565
LT-14720,OTA-005566
TT-14724,OTA-005567
LT-14726,OTA-005568
TT-14727,OTA-005569
LT-14729,OTA-005570
PT-14733,OTA-005571
TT-14740,OTA-005572
PT-14742,OTA-005573
PT-14746,OTA-005574
PT-14749,OTA-005575
FT-14750,OTA-005576
PT-14753,OTA-005577
FT-14755,OTA-005578
FCV-14757,OTA-005579
LT-14761,OTA-005580
LT-14766,OTA-005581
FCV-14767,OTA-005582
TT-14772,OTA-005583
TT-14774,OTA-005584
LT-14775,OTA-005585
FCV-14781,OTA-005586
FT-14785,OTA-005587
LT-14789,OTA-005588
FCV-14794,OTA-005589
LT-14798,OTA-005590
TT-14799,OTA-005591
FT-14801,OTA-005592
FT-14802,OTA-005593
LT-14805,OTA-005594
FT-14809,OTA-005595
LT-14810,OTA-005596
TT-14817,OTA-005597
TT-14819,OTA-005598
LT-14820,OTA-005599
LT-14822,OTA-005600
PT-14823,OTA-005601
FCV-14825,OTA-005602
PT-14826,OTA-005603
FCV-14829,OTA-005604
FT-14830,OTA-005605
TT-14831,OTA-005606
PT-14832,OTA-005607
FCV-14839,OTA-005608
FCV-14840,OTA-005609
FT-14842,OTA-005610
FCV-14845,OTA-005611
TT-14847,OTA-005612
FCV-14849,OTA-005613
FT-14850,OTA-005614
TT-14851,OTA-005615
FCV-14853,OTA-005616
FT-14855,OTA-005617
TT-14856,OTA-005618
FCV-14857,OTA-005619
LT-14859,OTA-005620
FT-14860,OTA-005621
FCV-14861,OTA-005622
PT-14864,OTA-005623
FT-14865,OTA-005624
TT-14867,OTA-005625
TT-14875,OTA-005626
LT-14881,OTA-005627
FCV-14883,OTA-005628
FT-14886,OTA-005629
FCV-14892,OTA-005630
TT-14893,OTA-005631
PT-14896,OTA-005632
TT-14897,OTA-005633
FCV-14898,OTA-005634
TT-14900,OTA-005635
FT-14903,OTA-005636
PT-14905,OTA-005637
FCV-14907,OTA-005638
FCV-14909,OTA-005639
FCV-14910,OTA-005640
LT-14911,OTA-005641
LT-14918,OTA-005642
FCV-14919,OTA-005643
PT-14922,OTA-005644
FCV-14926,OTA-005645
FCV-14927,OTA-005646
PT-14929,OTA-005647
FCV-14931,OTA-005648
FCV-14934,OTA-005649
LT-14937,OTA-005650
PT-14942,OTA-005651
TT-14943,OTA-005652
FT-14950,OTA-005653
TT-14956,OTA-005654
PT-14958,OTA-005655
FT-14959,OTA-005656
LT-14960,OTA-005657
FCV-14961,OTA-005658
PT-14963,OTA-005659
PT-14964,OTA-005660
FCV-14965,OTA-005661
LT-14969,OTA-005662
PT-14973,OTA-005663
PT-14974,OTA-005664
LT-14975,OTA-005665
PT-14976,OTA-005666
FT-14977,OTA-005667
FCV-14980,OTA-005668
PT-14981,OTA-005669
FCV-14985,OTA-005670
FT-14986,OTA-005671
FT-14989,OTA-005672
FCV-14991,OTA-005673
TT-14993,OTA-005674
FCV-14994,OTA-005675
FT-14996,OTA-005676
TT-15000,OTA-005677
TT-15004,OTA-005678
FCV-15008,OTA-005679
FCV-15014,OTA-005680
PT-15018,OTA-005681
TT-15024,OTA-005682
FCV-15026,OTA-005683
FCV-15029,OTA-005684
TT-15030,OTA-005685
PT-15031,OTA-005686
TT-15032,OTA-005687
TT-15034,OTA-005688
LT-15039,OTA-005689
TT-15043,OTA-005690
TT-15044,OTA-005691
FCV-15046,OTA-005692
FT-15047,OTA-005693
PT-15048,OTA-005694
FT-15049,OTA-005695
FCV-15052,OTA-005696
FCV-15054,OTA-005697
FCV-15063,OTA-005698
PT-15070,OTA-005699
FCV-15073,OTA-005700
LT-15075,OTA-005701
TT-15077,OTA-005702
FCV-15082,OTA-005703
FCV-15083,OTA-005704
TT-15092,OTA-005705
LT-15095,OTA-005706
TT-15100,OTA-005707
FT-15102,OTA-005708
LT-15103,OTA-005709
FT-15105,OTA-005710
TT-15116,OTA-005711
FT-15117,OTA-005712
FCV-15118,OTA-005713
PT-15119,OTA-005714
TT-15120,OTA-005715
TT-15122,OTA-005716
LT-15123,OTA-005717
TT-15124,OTA-005718
TT-15125,OTA-005719
FT-15134,OTA-005720
FT-15136,OTA-005721
LT-15139,OTA-005722
LT-15140,OTA-005723
FCV-15147,OTA-005724
FCV-15150,OTA-005725
TT-15152,OTA-005726
FT-15153,OTA-005727
PT-15165,OTA-005728
PT-15169,OTA-005729
PT-15170,OTA-005730
PT-15172,OTA-005731
FT-15173,OTA-005732
FT-15177,OTA-005733
LT-15179,OTA-005734
FCV-15182,OTA-005735
TT-15183,OTA-005736
PT-15184,OTA-005737
PT-15185,OTA-005738
FT-15186,OTA-005739
LT-15196,OTA-005740
TT-15206,OTA-005741
TT-15207,OTA-005742
PT-15211,OTA-005743
FCV-15213,OTA-005744
FT-15222,OTA-005745
FT-15223,OTA-005746
TT-15225,OTA-005747
PT-15226,OTA-005748
FCV-15229,OTA-005749
FT-15236,OTA-005750
TT-15238,OTA-005751
TT-15239,OTA-005752
PT-15242,OTA-005753
TT-15245,OTA-005754
LT-15248,OTA-005755
TT-15252,OTA-005756
PT-15254,OTA-005757
TT-15257,OTA-005758
FCV-15258,OTA-005759
FT-15260,OTA-005760
FT-15261,OTA-005761
LT-15263,OTA-005762
LT-15266,OTA-005763
LT-15269,OTA-005764
FT-15272,OTA-005765
TT-15273,OTA-005766
LT-15277,OTA-005767
FCV-15285,OTA-005768
PT-15294,OTA-005769
LT-15300,OTA-005770
LT-15301,OTA-005771
TT-15303,OTA-005772
TT-15307,OTA-005773
FT-15308,OTA-005774
LT-15312,OTA-005775
PT-15313,OTA-005776
LT-15315,OTA-005777
LT-15317,OTA-005778
FT-15323,OTA-005779
PT-15325,OTA-005780
FCV-15329,OTA-005781
FCV-15330,OTA-005782
FT-15333,OTA-005783
FCV-15343,OTA-005784
FT-15347,OTA-005785
FCV-15348,OTA-005786
FCV-15357,OTA-005787
TT-15364,OTA-005788
TT-15365,OTA-005789
PT-15368,OTA-005790
FT-15369,OTA-005791
FT-15372,OTA-005792
LT-15374,OTA-005793
LT-15376,OTA-005794
LT-15381,OTA-005795
LT-15385,OTA-005796
FCV-15387,OTA-005797
PT-15390,OTA-005798
FCV-15393,OTA-005799
TT-15394,OTA-005800
TT-15395,OTA-005801
PT-15396,OTA-005802
PT-15398,OTA-005803
FT-15400,OTA-005804
LT-15403,OTA-005805
LT-15405,OTA-005806
FCV-15406,OTA-005807
TT-15410,OTA-005808
FCV-15411,OTA-005809
FT-15412,OTA-005810
LT-15413,OTA-005811
FCV-15414,OTA-005812
TT-15421,OTA-005813
LT-15423,OTA-005814
LT-15425,OTA-005815
FCV-15426,OTA-005816
LT-15427,OTA-005817
TT-15438,OTA-005818
TT-15439,OTA-005819
TT-15445,OTA-005820
FT-15447,OTA-005821
LT-15448,OTA-005822
FCV-15451,OTA-005823
FCV-15456,OTA-005824
FT-15457,OTA-005825
PT-15465,OTA-005826
LT-15466,OTA-005827
FCV-15467,OTA-005828
TT-15468,OTA-005829
FCV-15470,OTA-005830
FCV-15471,OTA-005831
PT-15477,OTA-005832
FCV-15480,OTA-005833
PT-15485,OTA-005834
FCV-15486,OTA-005835
PT-15494,OTA-005836
FCV-15496,OTA-005837
PT-15497,OTA-005838
TT-15500,OTA-005839
TT-15505,OTA-005840
FT-15507,OTA-005841
PT-15510,OTA-005842
TT-15519,OTA-005843
PT-15520,OTA-005844
FCV-15521,OTA-005845
FT-15522,OTA-005846
FT-15523,OTA-005847
FT-15524,OTA-005848
TT-15527,OTA-005849
LT-15529,OTA-005850
FT-15531,OTA-005851
LT-15532,OTA-005852
FT-15538,OTA-005853
LT-15543,OTA-005854
FT-15546,OTA-005855
TT-15548,OTA-005856
TT-15550,OTA-005857
FCV-15551,OTA-005858
FT-15555,OTA-005859
TT-15561,OTA-005860
PT-15563,OTA-005861
TT-15565,OTA-005862
PT-15567,OTA-005863
FCV-15569,OTA-005864
LT-15570,OTA-005865
LT-15573,OTA-005866
FT-15574,OTA-005867
FCV-15575,OTA-005868
TT-15580,OTA-005869
TT-15587,OTA-005870
LT-15589,OTA-005871
TT-15600,OTA-005872
FCV-15601,OTA-005873
TT-15603,OTA-005874
PT-15607,OTA-005875
TT-15610,OTA-005876
FT-15611,OTA-005877
LT-15614,OTA-005878
FT-15618,OTA-005879
FT-15625,OTA-005880
FCV-15626,OTA-005881
TT-15627,OTA-005882
FT-15632,OTA-005883
FCV-15634,OTA-005884
LT-15636,OTA-005885
FT-15637,OTA-005886
FCV-15643,OTA-005887
PT-15650,OTA-005888
TT-15651,OTA-005889
LT-15652,OTA-005890
PT-15658,OTA-005891
FCV-15660,OTA-005892
LT-15666,OTA-005893
PT-15667,OTA-005894
TT-15668,OTA-005895
TT-15669,OTA-005896
PT-15670,OTA-005897
FT-15675,OTA-005898
LT-15679,OTA-005899
FT-15680,OTA-005900
FT-15682,OTA-005901
FT-15685,OTA-005902
PT-15690,OTA-005903
PT-15691,OTA-005904
TT-15697,OTA-005905
LT-15701,OTA-005906
TT-15702,OTA-005907
PT-15705,OTA-005908
TT-15706,OTA-005909
TT-15707,OTA-005910
FCV-15708,OTA-005911
FT-15712,OTA-005912
LT-15714,OTA-005913
FT-15716,OTA-005914
TT-15717,OTA-005915
TT-15723,OTA-005916
FCV-15724,OTA-005917
FT-15725,OTA-005918
PT-15727,OTA-005919
LT-15729,OTA-005920
FT-15731,OTA-005921
LT-15735,OTA-005922
FCV-15737,OTA-005923
FCV-15738,OTA-005924
PT-15739,OTA-005925
FT-15740,OTA-005926
TT-15742,OTA-005927
TT-15744,OTA-005928
PT-15747,OTA-005929
LT-15748,OTA-005930
PT-15750,OTA-005931
FCV-15752,OTA-005932
FT-15753,OTA-005933
FCV-15754,OTA-005934
FCV-15755,OTA-005935
FCV-15756,OTA-005936
FCV-15758,OTA-005937
PT-15759,OTA-005938
FT-15763,OTA-005939
LT-15764,OTA-005940
TT-15767,OTA-005941
FT-15769,OTA-005942
FCV-15770,OTA-005943
FCV-15773,OTA-005944
TT-15775,OTA-005945
TT-15778,OTA-005946
LT-15780,OTA-005947
LT-15783,OTA-005948
FCV-15785,OTA-005949
TT-15786,OTA-005950
FT-15790,OTA-005951
PT-15797,OTA-005952
PT-15800,OTA-005953
FT-15806,OTA-005954
PT-15808,OTA-005955
LT-15811,OTA-005956
FT-15816,OTA-005957
PT-15819,OTA-005958
PT-15821,OTA-005959
TT-15823,OTA-005960
PT-15826,OTA-005961
LT-15828,OTA-005962
FT-15830,OTA-005963
PT-15835,OTA-005964
FT-15838,OTA-005965
LT-15839,OTA-005966
FCV-15843,OTA-005967
TT-15846,OTA-005968
PT-15849,OTA-005969
LT-15851,OTA-005970
FT-15852,OTA-005971
LT-15853,OTA-005972
PT-15854,OTA-005973
PT-15856,OTA-005974
TT-15858,OTA-005975
TT-15860,OTA-005976
PT-15861,OTA-005977
TT-15862,OTA-005978
LT-15863,OTA-005979
FT-15864,OTA-005980
LT-15865,OTA-005981
FCV-15866,OTA-005982
LT-15868,OTA-005983
FCV-15871,OTA-005984
TT-15878,OTA-005985
LT-15879,OTA-005986
PT-15883,OTA-005987
PT-15886,OTA-005988
TT-15887,OTA-005989
LT-15890,OTA-005990
TT-15893,OTA-005991
PT-15897,OTA-005992
PT-15898,OTA-005993
PT-15901,OTA-005994
TT-15903,OTA-005995
FT-15907,OTA-005996
LT-15908,OTA-005997
LT-15912,OTA-005998
FCV-15914,OTA-005999
FCV-15915,OTA-006000
FT-15919,OTA-006001
FCV-15924,OTA-006002
FCV-15926,OTA-006003
FCV-15937,OTA-006004
PT-15938,OTA-006005
TT-15940,OTA-006006
PT-15941,OTA-006007
FCV-15942,OTA-006008
FT-15945,OTA-006009
FT-15947,OTA-006010
FT-15950,OTA-006011
PT-15952,OTA-006012
LT-15956,OTA-006013
TT-15957,OTA-006014
FCV-15963,OTA-006015
LT-15964,OTA-006016
TT-15975,OTA-006017
LT-15976,OTA-006018
TT-15977,OTA-006019
FT-15981,OTA-006020
PT-15987,OTA-006021
TT-15988,OTA-006022
FCV-15990,OTA-006023
LT-15991,OTA-006024
LT-15992,OTA-006025
PT-15993,OTA-006026
TT-15995,OTA-006027
PT-15997,OTA-006028
FCV-16003,OTA-006029
LT-16005,OTA-006030
PT-16007,OTA-006031
PT-16009,OTA-006032
TT-16012,OTA-006033
TT-16017,OTA-006034
PT-16021,OTA-006035
FCV-16022,OTA-006036
FCV-16023,OTA-006037
FCV-16025,OTA-006038
FCV-16027,OTA-006039
FT-16028,OTA-006040
PT-16030,OTA-006041
FCV-16031,OTA-006042
FCV-16040,OTA-006043
FCV-16041,OTA-006044
PT-16043,OTA-006045
LT-16044,OTA-006046
PT-16045,OTA-006047
TT-16046,OTA-006048
TT-16047,OTA-006049
PT-16048,OTA-006050
FT-16050,OTA-006051
LT-16052,OTA-006052
FCV-16061,OTA-006053
TT-16063,OTA-006054
PT-16064,OTA-006055
PT-16069,OTA-006056
TT-16070,OTA-006057
FT-16071,OTA-006058
TT-16072,OTA-006059
FCV-16079,OTA-006060
PT-16080,OTA-006061
LT-16082,OTA-006062
LT-16085,OTA-006063
PT-16086,OTA-006064
PT-16088,OTA-006065
LT-16090,OTA-006066
PT-16091,OTA-006067
LT-16094,OTA-006068
TT-16098,OTA-006069
FT-16100,OTA-006070
FCV-16102,OTA-006071
TT-16103,OTA-006072
LT-16106,OTA-006073
PT-16107,OTA-006074
TT-16109,OTA-006075
PT-16110,OTA-006076
TT-16111,OTA-006077
FT-16112,OTA-006078
FCV-16113,OTA-006079
TT-16116,OTA-006080
PT-16117,OTA-006081
FT-16118,OTA-006082
FCV-16120,OTA-006083
FCV-16122,OTA-006084
FCV-16123,OTA-006085
FT-16124,OTA-006086
LT-16125,OTA-006087
FCV-16128,OTA-006088
TT-16129,OTA-006089
LT-16130,OTA-006090
FCV-16131,OTA-006091
FT-16132,OTA-006092
PT-16136,OTA-006093
FT-16137,OTA-006094
FT-16140,OTA-006095
LT-16141,OTA-006096
PT-16144,OTA-006097
TT-16146,OTA-006098
PT-16148,OTA-006099
PT-16149,OTA-006100
TT-16152,OTA-006101
LT-16153,OTA-006102
FT-16163,OTA-006103
FT-16165,OTA-006104
PT-16169,OTA-006105
FCV-16170,OTA-006106
FT-16171,OTA-006107
LT-16174,OTA-006108
FT-16176,OTA-006109
TT-16179,OTA-006110
LT-16183,OTA-006111
FCV-16184,OTA-006112
PT-16187,OTA-006113
PT-16192,OTA-006114
FT-16196,OTA-006115
LT-16197,OTA-006116
LT-16204,OTA-006117
PT-16207,OTA-006118
LT-16212,OTA-006119
PT-16213,OTA-006120
TT-16214,OTA-006121
FT-16215,OTA-006122
TT-16217,OTA-006123
LT-16218,OTA-006124
FT-16222,OTA-006125
LT-16224,OTA-006126
FCV-16232,OTA-006127
FCV-16235,OTA-006128
LT-16238,OTA-006129
FT-16241,OTA-006130
LT-16242,OTA-006131
PT-16244,OTA-006132
FT-16245,OTA-006133
FT-16247,OTA-006134
FCV-16248,OTA-006135
PT-16249,OTA-006136
LT-16252,OTA-006137
FT-16254,OTA-006138
LT-16256,OTA-006139
LT-16258,OTA-006140
PT-16262,OTA-006141
TT-16265,OTA-006142
TT-16267,OTA-006143
PT-16268,OTA-006144
FT-16269,OTA-006145
LT-16272,OTA-006146
PT-16273,OTA-006147
FT-16278,OTA-006148
FCV-16279,OTA-006149
PT-16283,OTA-006150
PT-16289,OTA-006151
FT-16292,OTA-006152
PT-16296,OTA-006153
TT-16298,OTA-006154
TT-16299,OTA-006155
FT-16304,OTA-006156
TT-16309,OTA-006157
PT-16312,OTA-006158
PT-16314,OTA-006159
FCV-16315,OTA-006160
FCV-16319,OTA-006161
FT-16321,OTA-006162
FCV-16323,OTA-006163
LT-16325,OTA-006164
FCV-16331,OTA-006165
TT-16332,OTA-006166
FCV-16333,OTA-006167
FCV-16334,OTA-006168
LT-16340,OTA-006169
FCV-16341,OTA-006170
PT-16347,OTA-006171
FT-16349,OTA-006172
PT-16354,OTA-006173
LT-16355,OTA-006174
FCV-16356,OTA-006175
TT-16357,OTA-006176
TT-16358,OTA-006177
FT-16360,OTA-006178
TT-16361,OTA-006179
PT-16362,OTA-006180
PT-16364,OTA-006181
FCV-16365,OTA-006182
FT-16367,OTA-006183
TT-16372,OTA-006184
FT-16374,OTA-006185
TT-16375,OTA-006186
PT-16378,OTA-006187
LT-16380,OTA-006188
LT-16387,OTA-006189
TT-16389,OTA-006190
PT-16391,OTA-006191
FT-16393,OTA-006192
FT-16394,OTA-006193
FCV-16400,OTA-006194
PT-16403,OTA-006195
FCV-16410,OTA-006196
FCV-16414,OTA-006197
PT-16415,OTA-006198
FT-16418,OTA-006199
LT-16420,OTA-006200
FCV-16424,OTA-006201
TT-16433,OTA-006202
FCV-16434,OTA-006203
FCV-16437,OTA-006204
TT-16438,OTA-006205
TT-16440,OTA-006206
TT-16441,OTA-006207
LT-16450,OTA-006208
TT-16453,OTA-006209
FT-16464,OTA-006210
PT-16465,OTA-006211
FCV-16469,OTA-006212
LT-16472,OTA-006213
PT-16473,OTA-006214
LT-16476,OTA-006215
LT-16477,OTA-006216
TT-16480,OTA-006217
FCV-16481,OTA-006218
FT-16482,OTA-006219
FCV-16486,OTA-006220
FT-16487,OTA-006221
FT-16489,OTA-006222
TT-16490,OTA-006223
FCV-16493,OTA-006224
PT-16503,OTA-006225
LT-16504,OTA-006226
FT-16506,OTA-006227
PT-16507,OTA-006228
LT-16510,OTA-006229
PT-16513,OTA-006230
PT-16515,OTA-006231
PT-16518,OTA-006232
TT-16520,OTA-006233
FCV-16526,OTA-006234
PT-16528,OTA-006235
FT-16534,OTA-006236
FT-16537,OTA-006237
PT-16540,OTA-006238
LT-16542,OTA-006239
TT-16544,OTA-006240
PT-16545,OTA-006241
PT-16547,OTA-006242
FCV-16548,OTA-006243
FT-16550,OTA-006244
TT-16555,OTA-006245
LT-16556,OTA-006246
TT-16557,OTA-006247
LT-16558,OTA-006248
TT-16559,OTA-006249
LT-16561,OTA-006250
FCV-16565,OTA-006251
PT-16567,OTA-006252
PT-16568,OTA-006253
PT-16571,OTA-006254
LT-16576,OTA-006255
PT-16579,OTA-006256
FT-16584,OTA-006257
LT-16586,OTA-006258
LT-16588,OTA-006259
FT-16592,OTA-006260
LT-16597,OTA-006261
PT-16599,OTA-006262
TT-16602,OTA-006263
FT-16603,OTA-006264
PT-16604,OTA-006265
TT-16606,OTA-006266
TT-16607,OTA-006267
FCV-16608,OTA-006268
TT-16609,OTA-006269
LT-16612,OTA-006270
PT-16616,OTA-006271
LT-16618,OTA-006272
FT-16623,OTA-006273
FCV-16627,OTA-006274
TT-16629,OTA-006275
FT-16630,OTA-006276
PT-16631,OTA-006277
PT-16633,OTA-006278
FCV-16634,OTA-006279
TT-16635,OTA-006280
LT-16637,OTA-006281
FCV-16641,OTA-006282
PT-16642,OTA-006283
FT-16645,OTA-006284
PT-16649,OTA-006285
TT-16659,OTA-006286
FT-16660,OTA-006287
PT-16665,OTA-006288
FT-16668,OTA-006289
TT-16670,OTA-006290
PT-16671,OTA-006291
PT-16673,OTA-006292
PT-16674,OTA-006293
LT-16680,OTA-006294
LT-16681,OTA-006295
LT-16683,OTA-006296
TT-16684,OTA-006297
FCV-16685,OTA-006298
TT-16687,OTA-006299
PT-16688,OTA-006300
PT-16694,OTA-006301
LT-16696,OTA-006302
FT-16697,OTA-006303
FCV-16698,OTA-006304
FT-16699,OTA-006305
TT-16704,OTA-006306
FT-16709,OTA-006307
PT-16713,OTA-006308
LT-16714,OTA-006309
FT-16715,OTA-006310
PT-16716,OTA-006311
PT-16718,OTA-006312
TT-16719,OTA-006313
PT-16721,OTA-006314
FCV-16727,OTA-006315
PT-16728,OTA-006316
FT-16729,OTA-006317
FT-16730,OTA-006318
TT-16731,OTA-006319
TT-16736,OTA-006320
PT-16740,OTA-006321
TT-16742,OTA-006322
TT-16744,OTA-006323
FT-16751,OTA-006324
TT-16752,OTA-006325
LT-16754,OTA-006326
LT-16760,OTA-006327
FCV-16761,OTA-006328
TT-16763,OTA-006329
TT-16764,OTA-006330
FCV-16766,OTA-006331
LT-16767,OTA-006332
FT-16769,OTA-006333
LT-16770,OTA-006334
TT-16774,OTA-006335
FCV-16776,OTA-006336
LT-16777,OTA-006337
LT-16778,OTA-006338
PT-16781,OTA-006339
PT-16782,OTA-006340
PT-16784,OTA-006341
FT-16785,OTA-006342
FT-16786,OTA-006343
PT-16788,OTA-006344
LT-16790,OTA-006345
PT-16796,OTA-006346
PT-16797,OTA-006347
PT-16798,OTA-006348
TT-16799,OTA-006349
LT-16800,OTA-006350
FT-16804,OTA-006351
FT-16806,OTA-006352
TT-16813,OTA-006353
PT-16815,OTA-006354
FT-16816,OTA-006355
FCV-16817,OTA-006356
FCV-16819,OTA-006357
TT-16820,OTA-006358
LT-16822,OTA-006359
FCV-16824,OTA-006360
FCV-16825,OTA-006361
FCV-16826,OTA-006362
TT-16827,OTA-006363
TT-16828,OTA-006364
FT-16829,OTA-006365
TT-16830,OTA-006366
LT-16831,OTA-006367
FCV-16832,OTA-006368
FT-16834,OTA-006369
TT-16836,OTA-006370
PT-16840,OTA-006371
TT-16844,OTA-006372
FCV-16845,OTA-006373
LT-16851,OTA-006374
TT-16854,OTA-006375
FT-16858,OTA-006376
PT-16859,OTA-006377
PT-16861,OTA-006378
FT-16866,OTA-006379
LT-16867,OTA-006380
FCV-16872,OTA-006381
TT-16880,OTA-006382
FCV-16881,OTA-006383
LT-16882,OTA-006384
PT-16884,OTA-006385
LT-16885,OTA-006386
TT-16887,OTA-006387
TT-16888,OTA-006388
TT-16890,OTA-006389
PT-16896,OTA-006390
TT-16897,OTA-006391
LT-16898,OTA-006392
TT-16901,OTA-006393
PT-16903,OTA-006394
FCV-16904,OTA-006395
FCV-16907,OTA-006396
TT-16908,OTA-006397
LT-16910,OTA-006398
TT-16916,OTA-006399
FCV-16919,OTA-006400
TT-16930,OTA-006401
FCV-16932,OTA-006402
LT-16933,OTA-006403
LT-16935,OTA-006404
TT-16937,OTA-006405
FCV-16939,OTA-006406
PT-16940,OTA-006407
LT-16945,OTA-006408
LT-16950,OTA-006409
FCV-16953,OTA-006410
FCV-16955,OTA-006411
LT-16956,OTA-006412
FT-16957,OTA-006413
FCV-16958,OTA-006414
FCV-16959,OTA-006415
LT-16962,OTA-006416
PT-16968,OTA-006417
PT-16972,OTA-006418
FT-16973,OTA-006419
FT-16974,OTA-006420
FT-16975,OTA-006421
TT-16977,OTA-006422
TT-16981,OTA-006423
PT-16984,OTA-006424
FCV-16987,OTA-006425
TT-16989,OTA-006426
FT-16990,OTA-006427
PT-16991,OTA-006428
FCV-16992,OTA-006429
FCV-16993,OTA-006430
PT-16995,OTA-006431
PT-16996,OTA-006432
TT-16997,OTA-006433
PT-17003,OTA-006434
LT-17008,OTA-006435
FT-17010,OTA-006436
LT-17013,OTA-006437
PT-17014,OTA-006438
FT-17015,OTA-006439
TT-17022,OTA-006440
TT-17023,OTA-006441
LT-17025,OTA-006442
PT-17026,OTA-006443
TT-17030,OTA-006444
LT-17032,OTA-006445
LT-17036,OTA-006446
FCV-17037,OTA-006447
PT-17038,OTA-006448
TT-17039,OTA-006449
PT-17042,OTA-006450
PT-17045,OTA-006451
PT-17053,OTA-006452
TT-17057,OTA-006453
LT-17061,OTA-006454
LT-17064,OTA-006455
LT-17065,OTA-006456
PT-17066,OTA-006457
FCV-17067,OTA-006458
FCV-17070,OTA-006459
PT-17072,OTA-006460
TT-17076,OTA-006461
LT-17077,OTA-006462
LT-17079,OTA-006463
PT-17082,OTA-006464
TT-17093,OTA-006465
LT-17094,OTA-006466
FT-17100,OTA-006467
FT-17103,OTA-006468
PT-17104,OTA-006469
TT-17105,OTA-006470
TT-17110,OTA-006471
FT-17112,OTA-006472
FCV-17113,OTA-006473
TT-17114,OTA-006474
FT-17115,OTA-006475
LT-17116,OTA-006476
TT-17117,OTA-006477
TT-17118,OTA-006478
FT-17122,OTA-006479
FT-17123,OTA-006480
LT-17124,OTA-006481
TT-17127,OTA-006482
TT-17128,OTA-006483
PT-17129,OTA-006484
FT-17132,OTA-006485
FCV-17135,OTA-006486
LT-17137,OTA-006487
FT-17139,OTA-006488
TT-17140,OTA-006489
FCV-17143,OTA-006490
FCV-17145,OTA-006491
TT-17146,OTA-006492
TT-17147,OTA-006493
FT-17153,OTA-006494
LT-17159,OTA-006495
LT-17162,OTA-006496
TT-17165,OTA-006497
PT-17167,OTA-006498
TT-17171,OTA-006499
PT-17173,OTA-006500
FCV-17177,OTA-006501
FT-17180,OTA-006502
FT-17182,OTA-006503
FCV-17185,OTA-006504
LT-17189,OTA-006505
FT-17200,OTA-006506
LT-17201,OTA-006507
FCV-17202,OTA-006508
FT-17204,OTA-006509
PT-17205,OTA-006510
PT-17206,OTA-006511
PT-17207,OTA-006512
PT-17212,OTA-006513
FCV-17214,OTA-006514
PT-17215,OTA-006515
TT-17217,OTA-006516
TT-17220,OTA-006517
PT-17222,OTA-006518
PT-17231,OTA-006519
PT-17233,OTA-006520
TT-17234,OTA-006521
FT-17235,OTA-006522
LT-17236,OTA-006523
TT-17238,OTA-006524
LT-17239,OTA-006525
PT-17244,OTA-006526
PT-17246,OTA-006527
PT-17248,OTA-006528
FCV-17250,OTA-006529
PT-17251,OTA-006530
FT-17252,OTA-006531
FCV-17257,OTA-006532
FT-17258,OTA-006533
PT-17260,OTA-006534
LT-17262,OTA-006535
PT-17263,OTA-006536
LT-17266,OTA-006537
TT-17268,OTA-006538
FT-17269,OTA-006539
TT-17270,OTA-006540
TT-17275,OTA-006541
LT-17277,OTA-006542
FCV-17278,OTA-006543
LT-17281,OTA-006544
TT-17285,OTA-006545
LT-17288,OTA-006546
PT-17290,OTA-006547
LT-17303,OTA-006548
FT-17304,OTA-006549
TT-17305,OTA-006550
LT-17307,OTA-006551
TT-17309,OTA-006552
TT-17312,OTA-006553
FCV-17313,OTA-006554
FCV-17319,OTA-006555
FT-17320,OTA-006556
FCV-17321,OTA-006557
LT-17322,OTA-006558
LT-17325,OTA-006559
LT-17327,OTA-006560
TT-17332,OTA-006561
FT-17334,OTA-006562
PT-17335,OTA-006563
LT-17343,OTA-006564
FCV-17345,OTA-006565
PT-17349,OTA-006566
LT-17350,OTA-006567
FCV-17355,OTA-006568
FT-17361,OTA-006569
FT-17366,OTA-006570
TT-17368,OTA-006571
PT-17370,OTA-006572
FT-17373,OTA-006573
PT-17374,OTA-006574
PT-17377,OTA-006575
FCV-17382,OTA-006576
LT-17385,OTA-006577
FT-17386,OTA-006578
TT-17389,OTA-006579
FT-17391,OTA-006580
TT-17393,OTA-006581
FT-17396,OTA-006582
FT-17399,OTA-006583
FCV-17401,OTA-006584
FCV-17402,OTA-006585
TT-17409,OTA-006586
LT-17410,OTA-006587
LT-17411,OTA-006588
TT-17413,OTA-006589
FCV-17414,OTA-006590
FT-17417,OTA-006591
PT-17419,OTA-006592
TT-17422,OTA-006593
FCV-17425,OTA-006594
LT-17426,OTA-006595
TT-17428,OTA-006596
FCV-17429,OTA-006597
FCV-17430,OTA-006598
LT-17432,OTA-006599
FT-17441,OTA-006600
PT-17442,OTA-006601
PT-17445,OTA-006602
PT-17449,OTA-006603
LT-17450,OTA-006604
FCV-17453,OTA-006605
TT-17454,OTA-006606
PT-17455,OTA-006607
FCV-17456,OTA-006608
FCV-17458,OTA-006609
TT-17459,OTA-006610
LT-17462,OTA-006611
FT-17464,OTA-006612
TT-17465,OTA-006613
FT-17468,OTA-006614
PT-17469,OTA-006615
PT-17470,OTA-006616
TT-17473,OTA-006617
TT-17475,OTA-006618
TT-17481,OTA-006619
FT-17483,OTA-006620
PT-17486,OTA-006621
LT-17490,OTA-006622
LT-17491,OTA-006623
PT-17492,OTA-006624
PT-17497,OTA-006625
PT-17504,OTA-006626
LT-17509,OTA-006627
PT-17511,OTA-006628
PT-17512,OTA-006629
PT-17513,OTA-006630
FCV-17519,OTA-006631
TT-17522,OTA-006632
FCV-17523,OTA-006633
PT-17524,OTA-006634
FT-17525,OTA-006635
FCV-17527,OTA-006636
TT-17532,OTA-006637
PT-17533,OTA-006638
PT-17540,OTA-006639
LT-17542,OTA-006640
FCV-17547,OTA-006641
LT-17548,OTA-006642
TT-17549,OTA-006643
FT-17554,OTA-006644
PT-17555,OTA-006645
PT-17559,OTA-006646
TT-17565,OTA-006647
FT-17566,OTA-006648
FCV-17567,OTA-006649
TT-17571,OTA-006650
FCV-17577,OTA-006651
FCV-17583,OTA-006652
LT-17584,OTA-006653
FCV-17586,OTA-006654
TT-17589,OTA-006655
FCV-17592,OTA-006656
TT-17593,OTA-006657
LT-17595,OTA-006658
TT-17606,OTA-006659
LT-17610,OTA-006660
FCV-17611,OTA-006661
LT-17612,OTA-006662
LT-17614,OTA-006663
FT-17617,OTA-006664
PT-17620,OTA-006665
PT-17622,OTA-006666
FCV-17623,OTA-006667
FT-17624,OTA-006668
FT-17625,OTA-006669
TT-17627,OTA-006670
FCV-17629,OTA-006671
TT-17632,OTA-006672
PT-17633,OTA-006673
FT-17634,OTA-006674
TT-17635,OTA-006675
PT-17637,OTA-006676
TT-17642,OTA-006677
FT-17644,OTA-006678
FT-17646,OTA-006679
LT-17647,OTA-006680
LT-17649,OTA-006681
FCV-17654,OTA-006682
FT-17655,OTA-006683
PT-17658,OTA-006684
FT-17659,OTA-006685
TT-17662,OTA-006686
FT-17670,OTA-006687
PT-17672,OTA-006688
TT-17676,OTA-006689
FCV-17678,OTA-006690
FCV-17681,OTA-006691
LT-17686,OTA-006692
LT-17688,OTA-006693
FT-17693,OTA-006694
TT-17694,OTA-006695
FT-17696,OTA-006696
FCV-17697,OTA-006697
LT-17699,OTA-006698
PT-17700,OTA-006699
FCV-17704,OTA-006700
LT-17710,OTA-006701
FT-17711,OTA-006702
FCV-17713,OTA-006703
TT-17714,OTA-006704
LT-17718,OTA-006705
PT-17719,OTA-006706
FT-17720,OTA-006707
TT-17723,OTA-006708
LT-17725,OTA-006709
FT-17726,OTA-006710
PT-17732,OTA-006711
TT-17735,OTA-006712
LT-17736,OTA-006713
FCV-17739,OTA-006714
FCV-17742,OTA-006715
FT-17743,OTA-006716
PT-17744,OTA-006717
PT-17748,OTA-006718
PT-17750,OTA-006719
PT-17755,OTA-006720
LT-17756,OTA-006721
LT-17758,OTA-006722
TT-17759,OTA-006723
FCV-17760,OTA-006724
FCV-17763,OTA-006725
FCV-17765,OTA-006726
LT-17767,OTA-006727
TT-17769,OTA-006728
PT-17771,OTA-006729
FT-17772,OTA-006730
PT-17776,OTA-006731
PT-17778,OTA-006732
TT-17784,OTA-006733
PT-17786,OTA-006734
LT-17787,OTA-006735
FT-17788,OTA-006736
TT-17790,OTA-006737
PT-17792,OTA-006738
FT-17795,OTA-006739
FCV-17800,OTA-006740
FCV-17802,OTA-006741
TT-17807,OTA-006742
TT-17809,OTA-006743
FCV-17822,OTA-006744
FCV-17824,OTA-006745
TT-17827,OTA-006746
FCV-17832,OTA-006747
FCV-17833,OTA-006748
PT-17835,OTA-006749
PT-17838,OTA-006750
FT-17839,OTA-006751
FCV-17842,OTA-006752
PT-17845,OTA-006753
FCV-17851,OTA-006754
TT-17855,OTA-006755
FCV-17859,OTA-006756
FCV-17861,OTA-006757
TT-17862,OTA-006758
FT-17865,OTA-006759
FT-17868,OTA-006760
LT-17871,OTA-006761
LT-17874,OTA-006762
FT-17877,OTA-006763
TT-17881,OTA-006764
FT-17886,OTA-006765
TT-17890,OTA-006766
FT-17891,OTA-006767
FT-17892,OTA-006768
PT-17893,OTA-006769
PT-17894,OTA-006770
TT-17901,OTA-006771
LT-17902,OTA-006772
TT-17904,OTA-006773
TT-17905,OTA-006774
FCV-17910,OTA-006775
LT-17912,OTA-006776
PT-17913,OTA-006777
LT-17914,OTA-006778
FT-17920,OTA-006779
FT-17924,OTA-006780
FT-17925,OTA-006781
FT-17935,OTA-006782
FCV-17936,OTA-006783
PT-17937,OTA-006784
LT-17939,OTA-006785
TT-17945,OTA-006786
FCV-17947,OTA-006787
FT-17953,OTA-006788
LT-17955,OTA-006789
TT-17956,OTA-006790
FCV-17957,OTA-006791
FT-17958,OTA-006792
FCV-17960,OTA-006793
TT-17965,OTA-006794
FCV-17966,OTA-006795
LT-17967,OTA-006796
PT-17971,OTA-006797
TT-17972,OTA-006798
TT-17973,OTA-006799
LT-17974,OTA-006800
FT-17980,OTA-006801
LT-17983,OTA-006802
TT-17984,OTA-006803
FCV-17985,OTA-006804
LT-17991,OTA-006805
PT-17992,OTA-006806
TT-17994,OTA-006807
FT-17995,OTA-006808
LT-17996,OTA-006809
LT-17998,OTA-006810
PT-17999,OTA-006811
TT-18000,OTA-006812
FT-18002,OTA-006813
FCV-18005,OTA-006814
FCV-18006,OTA-006815
FT-18008,OTA-006816
PT-18009,OTA-006817
FCV-18010,OTA-006818
FT-18011,OTA-006819
FT-18013,OTA-006820
FCV-18015,OTA-006821
FT-18017,OTA-006822
LT-18024,OTA-006823
TT-18026,OTA-006824
TT-18028,OTA-006825
LT-18029,OTA-006826
TT-18038,OTA-006827
LT-18044,OTA-006828
FCV-18047,OTA-006829
FCV-18048,OTA-006830
LT-18049,OTA-006831
PT-18050,OTA-006832
LT-18051,OTA-006833
FCV-18052,OTA-006834
TT-18061,OTA-006835
LT-18063,OTA-006836
FCV-18070,OTA-006837
PT-18072,OTA-006838
LT-18073,OTA-006839
LT-18078,OTA-006840
LT-18079,OTA-006841
FCV-18088,OTA-006842
LT-18092,OTA-006843
TT-18097,OTA-006844
FT-18098,OTA-006845
PT-18101,OTA-006846
FT-18102,OTA-006847
FT-18106,OTA-006848
FCV-18111,OTA-006849
FCV-18112,OTA-006850
LT-18113,OTA-006851
FT-18114,OTA-006852
PT-18115,OTA-006853
TT-18116,OTA-006854
FCV-18121,OTA-006855
FCV-18123,OTA-006856
TT-18126,OTA-006857
PT-18129,OTA-006858
PT-18130,OTA-006859
FT-18131,OTA-006860
TT-18136,OTA-006861
LT-18138,OTA-006862
PT-18140,OTA-006863
FT-18142,OTA-006864
TT-18144,OTA-006865
LT-18149,OTA-006866
PT-18150,OTA-006867
TT-18152,OTA-006868
LT-18153,OTA-006869
FT-18162,OTA-006870
PT-18165,OTA-006871
FT-18166,OTA-006872
PT-18167,OTA-006873
PT-18168,OTA-006874
FT-18172,OTA-006875
FCV-18175,OTA-006876
LT-18181,OTA-006877
TT-18183,OTA-006878
FCV-18185,OTA-006879
FCV-18186,OTA-006880
FCV-18190,OTA-006881
LT-18191,OTA-006882
LT-18193,OTA-006883
FT-18194,OTA-006884
FT-18196,OTA-006885
FT-18197,OTA-006886
LT-18201,OTA-006887
PT-18203,OTA-006888
TT-18209,OTA-006889
FT-18210,OTA-006890
FCV-18213,OTA-006891
TT-18217,OTA-006892
LT-18223,OTA-006893
PT-18224,OTA-006894
LT-18225,OTA-006895
PT-18226,OTA-006896
TT-18230,OTA-006897
FT-18232,OTA-006898
FCV-18233,OTA-006899
FCV-18235,OTA-006900
LT-18236,OTA-006901
LT-18243,OTA-006902
FCV-18245,OTA-006903
FCV-18246,OTA-006904
FT-18247,OTA-006905
TT-18252,OTA-006906
PT-18256,OTA-006907
TT-18258,OTA-006908
PT-18259,OTA-006909
PT-18261,OTA-006910
LT-18263,OTA-006911
FCV-18268,OTA-006912
PT-18270,OTA-006913
PT-18271,OTA-006914
FCV-18278,OTA-006915
PT-18279,OTA-006916
PT-18281,OTA-006917
PT-18282,OTA-006918
FT-18284,OTA-006919
LT-18289,OTA-006920
TT-18291,OTA-006921
TT-18297,OTA-006922
LT-18299,OTA-006923
LT-18301,OTA-006924
FCV-18305,OTA-006925
LT-18307,OTA-006926
TT-18312,OTA-006927
PT-18313,OTA-006928
PT-18316,OTA-006929
TT-18318,OTA-006930
TT-18320,OTA-006931
FCV-18326,OTA-006932
PT-18328,OTA-006933
PT-18329,OTA-006934
FCV-18330,OTA-006935
FCV-18334,OTA-006936
LT-18336,OTA-006937
PT-18337,OTA-006938
LT-18340,OTA-006939
FCV-18343,OTA-006940
TT-18346,OTA-006941
LT-18347,OTA-006942
FT-18348,OTA-006943
LT-18349,OTA-006944
FCV-18351,OTA-006945
PT-18353,OTA-006946
FCV-18358,OTA-006947
TT-18359,OTA-006948
FT-18364,OTA-006949
FCV-18365,OTA-006950
LT-18368,OTA-006951
FT-18370,OTA-006952
FT-18371,OTA-006953
LT-18372,OTA-006954
FCV-18373,OTA-006955
LT-18375,OTA-006956
FCV-18384,OTA-006957
LT-18388,OTA-006958
FCV-18391,OTA-006959
LT-18393,OTA-006960
TT-18394,OTA-006961
FT-18396,OTA-006962
TT-18399,OTA-006963
TT-18400,OTA-006964
FT-18409,OTA-006965
TT-18411,OTA-006966
FT-18412,OTA-006967
PT-18414,OTA-006968
LT-18415,OTA-006969
FT-18418,OTA-006970
LT-18420,OTA-006971
FCV-18422,OTA-006972
TT-18423,OTA-006973
TT-18427,OTA-006974
LT-18429,OTA-006975
FT-18431,OTA-006976
PT-18433,OTA-006977
TT-18436,OTA-006978
FT-18437,OTA-006979
TT-18441,OTA-006980
FT-18444,OTA-006981
PT-18449,OTA-006982
FT-18451,OTA-006983
PT-18452,OTA-006984
FT-18456,OTA-006985
LT-18466,OTA-006986
FT-18469,OTA-006987
PT-18471,OTA-006988
PT-18472,OTA-006989
PT-18473,OTA-006990
LT-18474,OTA-006991
PT-18475,OTA-006992
LT-18477,OTA-006993
FT-18478,OTA-006994
FCV-18479,OTA-006995
PT-18483,OTA-006996
FT-18488,OTA-006997
FCV-18494,OTA-006998
LT-18499,OTA-006999
PT-18502,OTA-007000
FCV-18503,OTA-007001
PT-18505,OTA-007002
FCV-18506,OTA-007003
TT-18512,OTA-007004
LT-18513,OTA-007005
FCV-18515,OTA-007006
PT-18516,OTA-007007
PT-18519,OTA-007008
TT-18521,OTA-007009
FT-18524,OTA-007010
FCV-18525,OTA-007011
FT-18526,OTA-007012
FCV-18531,OTA-007013
FCV-18532,OTA-007014
FCV-18533,OTA-007015
LT-18539,OTA-007016
LT-18540,OTA-007017
FT-18544,OTA-007018
FCV-18545,OTA-007019
TT-18547,OTA-007020
TT-18548,OTA-007021
PT-18551,OTA-007022
TT-18553,OTA-007023
PT-18555,OTA-007024
TT-18560,OTA-007025
PT-18563,OTA-007026
LT-18566,OTA-007027
FT-18567,OTA-007028
TT-18568,OTA-007029
LT-18571,OTA-007030
PT-18576,OTA-007031
FT-18580,OTA-007032
LT-18583,OTA-007033
FT-18584,OTA-007034
TT-18587,OTA-007035
LT-18592,OTA-007036
TT-18598,OTA-007037
PT-18601,OTA-007038
PT-18603,OTA-007039
FT-18604,OTA-007040
LT-18605,OTA-007041
FCV-18606,OTA-007042
PT-18607,OTA-007043
TT-18609,OTA-007044
FCV-18610,OTA-007045
LT-18611,OTA-007046
FT-18613,OTA-007047
PT-18617,OTA-007048
FCV-18622,OTA-007049
PT-18625,OTA-007050
FCV-18627,OTA-007051
PT-18634,OTA-007052
FCV-18638,OTA-007053
FCV-18639,OTA-007054
FCV-18643,OTA-007055
PT-18646,OTA-007056
LT-18649,OTA-007057
LT-18655,OTA-007058
TT-18658,OTA-007059
PT-18660,OTA-007060
LT-18661,OTA-007061
FT-18663,OTA-007062
TT-18664,OTA-007063
FT-18666,OTA-007064
TT-18669,OTA-007065
FCV-18672,OTA-007066
LT-18676,OTA-007067
TT-18677,OTA-007068
PT-18678,OTA-007069
LT-18681,OTA-007070
FT-18682,OTA-007071
LT-18683,OTA-007072
LT-18689,OTA-007073
FCV-18694,OTA-007074
FCV-18696,OTA-007075
TT-18701,OTA-007076
FT-18708,OTA-007077
PT-18715,OTA-007078
PT-18718,OTA-007079
TT-18725,OTA-007080
FCV-18726,OTA-007081
LT-18727,OTA-007082
PT-18736,OTA-007083
TT-18739,OTA-007084
LT-18742,OTA-007085
PT-18744,OTA-007086
TT-18748,OTA-007087
FT-18751,OTA-007088
LT-18758,OTA-007089
LT-18763,OTA-007090
PT-18764,OTA-007091
TT-18766,OTA-007092
FT-18769,OTA-007093
PT-18771,OTA-007094
PT-18774,OTA-007095
FCV-18776,OTA-007096
LT-18777,OTA-007097
FT-18780,OTA-007098
TT-18781,OTA-007099
LT-18783,OTA-007100
TT-18785,OTA-007101
PT-18787,OTA-007102
FCV-18788,OTA-007103
LT-18800,OTA-007104
FT-18801,OTA-007105
PT-18803,OTA-007106
FT-18805,OTA-007107
FCV-18809,OTA-007108
FT-18810,OTA-007109
TT-18811,OTA-007110
LT-18812,OTA-007111
FT-18813,OTA-007112
FT-18815,OTA-007113
TT-18824,OTA-007114
FCV-18828,OTA-007115
LT-18833,OTA-007116
PT-18834,OTA-007117
LT-18835,OTA-007118
LT-18839,OTA-007119
PT-18840,OTA-007120
LT-18843,OTA-007121
FT-18844,OTA-007122
TT-18846,OTA-007123
LT-18848,OTA-007124
FCV-18849,OTA-007125
LT-18850,OTA-007126
PT-18851,OTA-007127
FCV-18853,OTA-007128
LT-18859,OTA-007129
TT-18860,OTA-007130
TT-18861,OTA-007131
PT-18862,OTA-007132
FT-18863,OTA-007133
PT-18865,OTA-007134
TT-18867,OTA-007135
FCV-18868,OTA-007136
LT-18871,OTA-007137
TT-18872,OTA-007138
PT-18875,OTA-007139
TT-18877,OTA-007140
FT-18885,OTA-007141
FCV-18887,OTA-007142
FT-18888,OTA-007143
PT-18889,OTA-007144
TT-18894,OTA-007145
FCV-18898,OTA-007146
PT-18902,OTA-007147
TT-18903,OTA-007148
TT-18906,OTA-007149
FT-18907,OTA-007150
LT-18908,OTA-007151
FT-18909,OTA-007152
FT-18912,OTA-007153
FCV-18913,OTA-007154
TT-18918,OTA-007155
FCV-18921,OTA-007156
LT-18922,OTA-007157
FT-18924,OTA-007158
TT-18927,OTA-007159
FCV-18932,OTA-007160
FCV-18933,OTA-007161
FCV-18941,OTA-007162
FCV-18946,OTA-007163
PT-18949,OTA-007164
FCV-18951,OTA-007165
PT-18952,OTA-007166
PT-18954,OTA-007167
FCV-18955,OTA-007168
PT-18956,OTA-007169
TT-18957,OTA-007170
LT-18959,OTA-007171
FCV-18960,OTA-007172
PT-18962,OTA-007173
FCV-18963,OTA-007174
LT-18965,OTA-007175
FCV-18971,OTA-007176
PT-18977,OTA-007177
LT-18982,OTA-007178
LT-18983,OTA-007179
FCV-18985,OTA-007180
LT-18986,OTA-007181
PT-18987,OTA-007182
PT-18990,OTA-007183
LT-18991,OTA-007184
FCV-18993,OTA-007185
TT-18998,OTA-007186
LT-19001,OTA-007187
FT-19005,OTA-007188
TT-19020,OTA-007189
LT-19023,OTA-007190
LT-19024,OTA-007191
FT-19032,OTA-007192
FT-19037,OTA-007193
FT-19038,OTA-007194
FT-19039,OTA-007195
FCV-19040,OTA-007196
TT-19041,OTA-007197
FCV-19045,OTA-007198
PT-19048,OTA-007199
LT-19050,OTA-007200
TT-19052,OTA-007201
PT-19058,OTA-007202
TT-19059,OTA-007203
FT-19065,OTA-007204
FCV-19066,OTA-007205
FCV-19067,OTA-007206
FT-19070,OTA-007207
TT-19073,OTA-007208
FT-19075,OTA-007209
TT-19077,OTA-007210
FCV-19088,OTA-007211
PT-19089,OTA-007212
FCV-19092,OTA-007213
FCV-19093,OTA-007214
LT-19103,OTA-007215
FCV-19105,OTA-007216
PT-19108,OTA-007217
FT-19113,OTA-007218
FCV-19118,OTA-007219
PT-19120,OTA-007220
TT-19122,OTA-007221
LT-19123,OTA-007222
LT-19126,OTA-007223
TT-19128,OTA-007224
FCV-19130,OTA-007225
FT-19132,OTA-007226
LT-19135,OTA-007227
LT-19137,OTA-007228
PT-19138,OTA-007229
FT-19143,OTA-007230
FT-19144,OTA-007231
PT-19145,OTA-007232
FT-19146,OTA-007233
LT-19147,OTA-007234
FCV-19153,OTA-007235
FT-19156,OTA-007236
TT-19161,OTA-007237
FCV-19162,OTA-007238
TT-19166,OTA-007239
LT-19167,OTA-007240
TT-19171,OTA-007241
FT-19172,OTA-007242
LT-19183,OTA-007243
FT-19186,OTA-007244
TT-19187,OTA-007245
LT-19189,OTA-007246
PT-19198,OTA-007247
FT-19209,OTA-007248
PT-19210,OTA-007249
FCV-19214,OTA-007250
FCV-19215,OTA-007251
PT-19217,OTA-007252
TT-19218,OTA-007253
FT-19219,OTA-007254
PT-19220,OTA-007255
FT-19223,OTA-007256
LT-19227,OTA-007257
FT-19232,OTA-007258
PT-19236,OTA-007259
LT-19237,OTA-007260
PT-19240,OTA-007261
FCV-19241,OTA-007262
PT-19242,OTA-007263
FT-19243,OTA-007264
LT-19249,OTA-007265
FT-19251,OTA-007266
LT-19253,OTA-007267
PT-19254,OTA-007268
FT-19255,OTA-007269
LT-19259,OTA-007270
FCV-19263,OTA-007271
TT-19267,OTA-007272
FCV-19270,OTA-007273
FT-19271,OTA-007274
FCV-19273,OTA-007275
LT-19276,OTA-007276
FT-19277,OTA-007277
PT-19283,OTA-007278
PT-19286,OTA-007279
LT-19287,OTA-007280
TT-19291,OTA-007281
FCV-19295,OTA-007282
LT-19305,OTA-007283
TT-19307,OTA-007284
FT-19309,OTA-007285
LT-19310,OTA-007286
LT-19314,OTA-007287
TT-19316,OTA-007288
FCV-19321,OTA-007289
FT-19323,OTA-007290
FT-19324,OTA-007291
FT-19326,OTA-007292
PT-19329,OTA-007293
PT-19331,OTA-007294
FT-19332,OTA-007295
TT-19337,OTA-007296
TT-19338,OTA-007297
PT-19340,OTA-007298
LT-19341,OTA-007299
TT-19352,OTA-007300
FCV-19354,OTA-007301
TT-19356,OTA-007302
TT-19364,OTA-007303
FCV-19366,OTA-007304
PT-19368,OTA-007305
PT-19370,OTA-007306
FT-19385,OTA-007307
LT-19387,OTA-007308
FT-19390,OTA-007309
TT-19394,OTA-007310
FCV-19395,OTA-007311
FCV-19396,OTA-007312
FT-19397,OTA-007313
LT-19399,OTA-007314
PT-19401,OTA-007315
FCV-19402,OTA-007316
FT-19403,OTA-007317
LT-19404,OTA-007318
LT-19405,OTA-007319
LT-19410,OTA-007320
PT-19413,OTA-007321
PT-19418,OTA-007322
FCV-19423,OTA-007323
PT-19424,OTA-007324
PT-19429,OTA-007325
PT-19433,OTA-007326
TT-19436,OTA-007327
FCV-19437,OTA-007328
TT-19438,OTA-007329
LT-19442,OTA-007330
LT-19444,OTA-007331
LT-19446,OTA-007332
FCV-19447,OTA-007333
FCV-19449,OTA-007334
LT-19452,OTA-007335
LT-19453,OTA-007336
TT-19454,OTA-007337
FCV-19455,OTA-007338
TT-19456,OTA-007339
TT-19457,OTA-007340
TT-19458,OTA-007341
LT-19462,OTA-007342
FCV-19463,OTA-007343
FT-19464,OTA-007344
FCV-19465,OTA-007345
FCV-19469,OTA-007346
PT-19471,OTA-007347
FCV-19472,OTA-007348
FCV-19473,OTA-007349
LT-19475,OTA-007350
TT-19477,OTA-007351
FCV-19482,OTA-007352
FT-19483,OTA-007353
LT-19486,OTA-007354
LT-19488,OTA-007355
FT-19490,OTA-007356
TT-19493,OTA-007357
FCV-19498,OTA-007358
FT-19499,OTA-007359
TT-19500,OTA-007360
TT-19501,OTA-007361
FCV-19503,OTA-007362
PT-19507,OTA-007363
LT-19511,OTA-007364
TT-19515,OTA-007365
LT-19517,OTA-007366
LT-19522,OTA-007367
FT-19523,OTA-007368
TT-19527,OTA-007369
TT-19529,OTA-007370
PT-19532,OTA-007371
TT-19533,OTA-007372
FCV-19536,OTA-007373
TT-19539,OTA-007374
PT-19542,OTA-007375
LT-19543,OTA-007376
FCV-19544,OTA-007377
FCV-19546,OTA-007378
FCV-19549,OTA-007379
PT-19558,OTA-007380
FCV-19560,OTA-007381
FCV-19563,OTA-007382
PT-19564,OTA-007383
FT-19566,OTA-007384
LT-19570,OTA-007385
FCV-19576,OTA-007386
LT-19577,OTA-007387
FCV-19580,OTA-007388
TT-19581,OTA-007389
FT-19582,OTA-007390
TT-19583,OTA-007391
PT-19587,OTA-007392
PT-19588,OTA-007393
LT-19590,OTA-007394
FT-19591,OTA-007395
FCV-19592,OTA-007396
FT-19600,OTA-007397
PT-19601,OTA-007398
PT-19603,OTA-007399
PT-19604,OTA-007400
FT-19606,OTA-007401
FCV-19608,OTA-007402
LT-19609,OTA-007403
LT-19611,OTA-007404
PT-19614,OTA-007405
LT-19616,OTA-007406
PT-19618,OTA-007407
FCV-19620,OTA-007408
PT-19622,OTA-007409
PT-19624,OTA-007410
LT-19625,OTA-007411
TT-19627,OTA-007412
PT-19628,OTA-007413
FT-19631,OTA-007414
FT-19633,OTA-007415
FCV-19638,OTA-007416
LT-19642,OTA-007417
PT-19653,OTA-007418
FT-19654,OTA-007419
PT-19657,OTA-007420
TT-19658,OTA-007421
TT-19662,OTA-007422
FCV-19664,OTA-007423
TT-19665,OTA-007424
LT-19670,OTA-007425
FT-19672,OTA-007426
LT-19674,OTA-007427
TT-19675,OTA-007428
FT-19677,OTA-007429
FT-19678,OTA-007430
FCV-19681,OTA-007431
LT-19684,OTA-007432
PT-19690,OTA-007433
FT-19691,OTA-007434
TT-19693,OTA-007435
LT-19694,OTA-007436
PT-19697,OTA-007437
PT-19698,OTA-007438
FCV-19699,OTA-007439
PT-19704,OTA-007440
FT-19705,OTA-007441
LT-19706,OTA-007442
FCV-19707,OTA-007443
FT-19709,OTA-007444
LT-19711,OTA-007445
LT-19713,OTA-007446
TT-19715,OTA-007447
FCV-19720,OTA-007448
FT-19723,OTA-007449
FT-19724,OTA-007450
FT-19726,OTA-007451
PT-19729,OTA-007452
PT-19732,OTA-007453
LT-19736,OTA-007454
TT-19738,OTA-007455
TT-19745,OTA-007456
LT-19746,OTA-007457
FCV-19747,OTA-007458
LT-19748,OTA-007459
FT-19749,OTA-007460
LT-19751,OTA-007461
FCV-19753,OTA-007462
TT-19754,OTA-007463
PT-19757,OTA-007464
PT-19762,OTA-007465
FCV-19763,OTA-007466
FCV-19766,OTA-007467
LT-19769,OTA-007468
LT-19770,OTA-007469
FCV-19773,OTA-007470
LT-19774,OTA-007471
FT-19776,OTA-007472
LT-19778,OTA-007473
FT-19780,OTA-007474
FCV-19781,OTA-007475
FCV-19783,OTA-007476
LT-19787,OTA-007477
LT-19788,OTA-007478
FT-19789,OTA-007479
FCV-19791,OTA-007480
TT-19795,OTA-007481
FT-19796,OTA-007482
FCV-19798,OTA-007483
PT-19804,OTA-007484
FT-19805,OTA-007485
FCV-19806,OTA-007486
LT-19807,OTA-007487
TT-19809,OTA-007488
PT-19810,OTA-007489
TT-19811,OTA-007490
PT-19812,OTA-007491
PT-19814,OTA-007492
PT-19819,OTA-007493
FCV-19821,OTA-007494
FCV-19822,OTA-007495
PT-19829,OTA-007496
PT-19830,OTA-007497
PT-19832,OTA-007498
PT-19838,OTA-007499
TT-19840,OTA-007500
FT-19843,OTA-007501
PT-19845,OTA-007502
FCV-19847,OTA-007503
FCV-19851,OTA-007504
FCV-19854,OTA-007505
FCV-19855,OTA-007506
FCV-19863,OTA-007507
FT-19865,OTA-007508
PT-19867,OTA-007509
LT-19872,OTA-007510
FCV-19876,OTA-007511
TT-19877,OTA-007512
LT-19879,OTA-007513
LT-19881,OTA-007514
LT-19883,OTA-007515
FT-19886,OTA-007516
TT-19887,OTA-007517
TT-19891,OTA-007518
PT-19898,OTA-007519
FCV-19909,OTA-007520
FT-19910,OTA-007521
FT-19911,OTA-007522
PT-19913,OTA-007523
FCV-19915,OTA-007524
LT-19916,OTA-007525
FCV-19919,OTA-007526
PT-19920,OTA-007527
LT-19922,OTA-007528
FCV-19924,OTA-007529
PT-19925,OTA-007530
PT-19930,OTA-007531
FT-19935,OTA-007532
PT-19937,OTA-007533
LT-19941,OTA-007534
FT-19945,OTA-007535
LT-19953,OTA-007536
FCV-19956,OTA-007537
PT-19959,OTA-007538
TT-19961,OTA-007539
FT-19962,OTA-007540
LT-19967,OTA-007541
FT-19972,OTA-007542
TT-19975,OTA-007543
FT-19980,OTA-007544
FT-19984,OTA-007545
LT-19989,OTA-007546
PT-19993,OTA-007547
FCV-19997,OTA-007548
TT-19998,OTA-007549
LT-20000,OTA-007550
LT-20002,OTA-007551
FCV-20004,OTA-007552
PT-20005,OTA-007553
FCV-20008,OTA-007554
LT-20012,OTA-007555
LT-20014,OTA-007556
PT-20019,OTA-007557
FCV-20020,OTA-007558
LT-20023,OTA-007559
PT-20024,OTA-007560
FT-20029,OTA-007561
FCV-20032,OTA-007562
PT-20033,OTA-007563
FCV-20036,OTA-007564
LT-20038,OTA-007565
FT-20039,OTA-007566
LT-20046,OTA-007567
FT-20047,OTA-007568
TT-20051,OTA-007569
FCV-20054,OTA-007570
FT-20055,OTA-007571
LT-20060,OTA-007572
FT-20064,OTA-007573
FCV-20066,OTA-007574
FCV-20071,OTA-007575
PT-20072,OTA-007576
FCV-20078,OTA-007577
PT-20081,OTA-007578
TT-20083,OTA-007579
TT-20089,OTA-007580
PT-20090,OTA-007581
PT-20091,OTA-007582
FT-20095,OTA-007583
FCV-20096,OTA-007584
LT-20097,OTA-007585
FT-20098,OTA-007586
LT-20101,OTA-007587
LT-20103,OTA-007588
TT-20104,OTA-007589
PT-20107,OTA-007590
FT-20113,OTA-007591
FCV-20115,OTA-007592
TT-20117,OTA-007593
PT-20122,OTA-007594
FCV-20127,OTA-007595
FT-20129,OTA-007596
LT-20130,OTA-007597
FCV-20135,OTA-007598
LT-20136,OTA-007599
FT-20137,OTA-007600
FCV-20139,OTA-007601
LT-20142,OTA-007602
LT-20145,OTA-007603
TT-20146,OTA-007604
FT-20147,OTA-007605
LT-20149,OTA-007606
LT-20150,OTA-007607
TT-20151,OTA-007608
PT-20152,OTA-007609
TT-20153,OTA-007610
LT-20154,OTA-007611
PT-20155,OTA-007612
PT-20156,OTA-007613
PT-20157,OTA-007614
LT-20158,OTA-007615
LT-20160,OTA-007616
PT-20161,OTA-007617
PT-20162,OTA-007618
LT-20163,OTA-007619
LT-20165,OTA-007620
TT-20166,OTA-007621
FT-20169,OTA-007622
FT-20173,OTA-007623
FCV-20178,OTA-007624
TT-20183,OTA-007625
LT-20184,OTA-007626
FT-20187,OTA-007627
FCV-20189,OTA-007628
PT-20191,OTA-007629
FT-20192,OTA-007630
PT-20195,OTA-007631
FT-20198,OTA-007632
PT-20199,OTA-007633
PT-20202,OTA-007634
FT-20204,OTA-007635
LT-20205,OTA-007636
LT-20211,OTA-007637
FT-20213,OTA-007638
TT-20214,OTA-007639
FCV-20216,OTA-007640
TT-20217,OTA-007641
TT-20222,OTA-007642
PT-20225,OTA-007643
FCV-20232,OTA-007644
TT-20241,OTA-007645
PT-20242,OTA-007646
LT-20243,OTA-007647
TT-20246,OTA-007648
FCV-20249,OTA-007649
FCV-20250,OTA-007650
TT-20253,OTA-007651
LT-20256,OTA-007652
LT-20257,OTA-007653
FT-20258,OTA-007654
LT-20259,OTA-007655
PT-20260,OTA-007656
FT-20263,OTA-007657
LT-20265,OTA-007658
FCV-20266,OTA-007659
PT-20267,OTA-007660
PT-20268,OTA-007661
TT-20270,OTA-007662
PT-20272,OTA-007663
FCV-20273,OTA-007664
PT-20276,OTA-007665
FCV-20283,OTA-007666
LT-20286,OTA-007667
TT-20289,OTA-007668
TT-20290,OTA-007669
PT-20294,OTA-007670
LT-20299,OTA-007671
LT-20300,OTA-007672
PT-20301,OTA-007673
FT-20302,OTA-007674
PT-20304,OTA-007675
PT-20305,OTA-007676
LT-20306,OTA-007677
FCV-20310,OTA-007678
FCV-20311,OTA-007679
FCV-20312,OTA-007680
LT-20314,OTA-007681
TT-20317,OTA-007682
TT-20319,OTA-007683
TT-20320,OTA-007684
FT-20322,OTA-007685
TT-20327,OTA-007686
FT-20330,OTA-007687
LT-20332,OTA-007688
FCV-20333,OTA-007689
FCV-20334,OTA-007690
FCV-20338,OTA-007691
FCV-20341,OTA-007692
FCV-20343,OTA-007693
FT-20344,OTA-007694
FCV-20345,OTA-007695
FCV-20349,OTA-007696
TT-20350,OTA-007697
PT-20352,OTA-007698
FCV-20359,OTA-007699
FCV-20370,OTA-007700
LT-20376,OTA-007701
LT-20377,OTA-007702
FT-20380,OTA-007703
TT-20381,OTA-007704
FCV-20385,OTA-007705
FT-20389,OTA-007706
LT-20390,OTA-007707
LT-20393,OTA-007708
FCV-20395,OTA-007709
FCV-20398,OTA-007710
TT-20400,OTA-007711
TT-20401,OTA-007712
LT-20402,OTA-007713
FCV-20403,OTA-007714
FT-20404,OTA-007715
FCV-20406,OTA-007716
TT-20407,OTA-007717
PT-20408,OTA-007718
LT-20410,OTA-007719
FCV-20414,OTA-007720
FT-20415,OTA-007721
FT-20416,OTA-007722
TT-20417,OTA-007723
FCV-20419,OTA-007724
TT-20420,OTA-007725
LT-20422,OTA-007726
TT-20424,OTA-007727
PT-20426,OTA-007728
FT-20432,OTA-007729
FCV-20433,OTA-007730
LT-20435,OTA-007731
FCV-20438,OTA-007732
PT-20440,OTA-007733
TT-20442,OTA-007734
TT-20443,OTA-007735
FCV-20444,OTA-007736
TT-20445,OTA-007737
TT-20446,OTA-007738
LT-20447,OTA-007739
FCV-20451,OTA-007740
FT-20452,OTA-007741
PT-20453,OTA-007742
PT-20455,OTA-007743
PT-20457,OTA-007744
FCV-20459,OTA-007745
PT-20463,OTA-007746
FCV-20466,OTA-007747
TT-20470,OTA-007748
FCV-20471,OTA-007749
FCV-20472,OTA-007750
TT-20473,OTA-007751
FT-20475,OTA-007752
PT-20476,OTA-007753
TT-20477,OTA-007754
TT-20478,OTA-007755
PT-20480,OTA-007756
FCV-20481,OTA-007757
FCV-20486,OTA-007758
LT-20487,OTA-007759
FCV-20488,OTA-007760
FT-20490,OTA-007761
LT-20491,OTA-007762
LT-20492,OTA-007763
FT-20493,OTA-007764
PT-20494,OTA-007765
LT-20499,OTA-007766
PT-20506,OTA-007767
LT-20508,OTA-007768
PT-20510,OTA-007769
LT-20511,OTA-007770
PT-20513,OTA-007771
PT-20515,OTA-007772
PT-20516,OTA-007773
TT-20520,OTA-007774
PT-20523,OTA-007775
PT-20524,OTA-007776
FCV-20525,OTA-007777
LT-20528,OTA-007778
FCV-20529,OTA-007779
FCV-20530,OTA-007780
PT-20531,OTA-007781
PT-20533,OTA-007782
FCV-20538,OTA-007783
LT-20543,OTA-007784
FT-20549,OTA-007785
FCV-20555,OTA-007786
TT-20557,OTA-007787
PT-20562,OTA-007788
TT-20563,OTA-007789
LT-20566,OTA-007790
TT-20570,OTA-007791
PT-20572,OTA-007792
FT-20574,OTA-007793
LT-20575,OTA-007794
TT-20576,OTA-007795
PT-20580,OTA-007796
PT-20582,OTA-007797
FT-20583,OTA-007798
FT-20586,OTA-007799
PT-20588,OTA-007800
FT-20589,OTA-007801
LT-20592,OTA-007802
LT-20603,OTA-007803
FCV-20609,OTA-007804
FT-20612,OTA-007805
FT-20617,OTA-007806
TT-20620,OTA-007807
PT-20621,OTA-007808
FCV-20626,OTA-007809
TT-20627,OTA-007810
PT-20628,OTA-007811
FCV-20635,OTA-007812
PT-20638,OTA-007813
LT-20641,OTA-007814
LT-20643,OTA-007815
FT-20644,OTA-007816
FT-20649,OTA-007817
FCV-20651,OTA-007818
LT-20652,OTA-007819
PT-20653,OTA-007820
PT-20657,OTA-007821
PT-20667,OTA-007822
FCV-20669,OTA-007823
FCV-20670,OTA-007824
LT-20676,OTA-007825
FT-20678,OTA-007826
TT-20686,OTA-007827
PT-20687,OTA-007828
PT-20691,OTA-007829
TT-20697,OTA-007830
TT-20698,OTA-007831
FCV-20700,OTA-007832
FCV-20705,OTA-007833
TT-20706,OTA-007834
TT-20708,OTA-007835
TT-20710,OTA-007836
TT-20713,OTA-007837
TT-20714,OTA-007838
TT-20718,OTA-007839
FT-20719,OTA-007840
TT-20721,OTA-007841
TT-20723,OTA-007842
LT-20724,OTA-007843
LT-20726,OTA-007844
FCV-20727,OTA-007845
TT-20728,OTA-007846
TT-20730,OTA-007847
TT-20735,OTA-007848
FCV-20736,OTA-007849
LT-20737,OTA-007850
LT-20740,OTA-007851
TT-20744,OTA-007852
FT-20755,OTA-007853
FT-20756,OTA-007854
FCV-20758,OTA-007855
LT-20759,OTA-007856
FCV-20760,OTA-007857
LT-20761,OTA-007858
FT-20762,OTA-007859
PT-20764,OTA-007860
TT-20768,OTA-007861
PT-20772,OTA-007862
TT-20773,OTA-007863
FCV-20775,OTA-007864
FCV-20776,OTA-007865
FCV-20786,OTA-007866
FT-20788,OTA-007867
FT-20791,OTA-007868
TT-20796,OTA-007869
LT-20798,OTA-007870
TT-20799,OTA-007871
FCV-20800,OTA-007872
FT-20804,OTA-007873
FT-20810,OTA-007874
FCV-20811,OTA-007875
FCV-20812,OTA-007876
TT-20817,OTA-007877
PT-20818,OTA-007878
FCV-20819,OTA-007879
FCV-20824,OTA-007880
PT-20827,OTA-007881
FCV-20829,OTA-007882
FT-20830,OTA-007883
PT-20832,OTA-007884
FT-20835,OTA-007885
LT-20836,OTA-007886
LT-20837,OTA-007887
FCV-20841,OTA-007888
FCV-20847,OTA-007889
FT-20853,OTA-007890
LT-20854,OTA-007891
FT-20855,OTA-007892
FT-20860,OTA-007893
TT-20862,OTA-007894
FCV-20864,OTA-007895
TT-20865,OTA-007896
FT-20866,OTA-007897
LT-20867,OTA-007898
FCV-20874,OTA-007899
TT-20875,OTA-007900
FCV-20876,OTA-007901
TT-20879,OTA-007902
LT-20880,OTA-007903
PT-20881,OTA-007904
LT-20885,OTA-007905
FT-20889,OTA-007906
FT-20892,OTA-007907
PT-20893,OTA-007908
FT-20894,OTA-007909
FT-20896,OTA-007910
FT-20899,OTA-007911
PT-20902,OTA-007912
FCV-20909,OTA-007913
FT-20910,OTA-007914
FCV-20917,OTA-007915
FT-20919,OTA-007916
PT-20923,OTA-007917
PT-20924,OTA-007918
TT-20925,OTA-007919
FCV-20926,OTA-007920
FCV-20927,OTA-007921
LT-20928,OTA-007922
FCV-20931,OTA-007923
PT-20932,OTA-007924
FT-20934,OTA-007925
PT-20935,OTA-007926
FCV-20937,OTA-007927
PT-20940,OTA-007928
PT-20941,OTA-007929
PT-20944,OTA-007930
TT-20946,OTA-007931
FT-20948,OTA-007932
FT-20949,OTA-007933
TT-20951,OTA-007934
TT-20952,OTA-007935
LT-20953,OTA-007936
TT-20956,OTA-007937
TT-20957,OTA-007938
FCV-20969,OTA-007939
LT-20970,OTA-007940
FT-20971,OTA-007941
TT-20975,OTA-007942
PT-20978,OTA-007943
PT-20979,OTA-007944
TT-20983,OTA-007945
FCV-20984,OTA-007946
FCV-20990,OTA-007947
FCV-20991,OTA-007948
LT-20996,OTA-007949
FCV-20999,OTA-007950
LT-21001,OTA-007951
TT-21006,OTA-007952
FCV-21008,OTA-007953
LT-21009,OTA-007954
FT-21013,OTA-007955
LT-21019,OTA-007956
FT-21024,OTA-007957
FCV-21033,OTA-007958
FCV-21037,OTA-007959
FCV-21039,OTA-007960
FT-21043,OTA-007961
FCV-21044,OTA-007962
PT-21047,OTA-007963
FT-21048,OTA-007964
LT-21051,OTA-007965
FCV-21053,OTA-007966
LT-21054,OTA-007967
LT-21059,OTA-007968
PT-21060,OTA-007969
PT-21062,OTA-007970
PT-21066,OTA-007971
FT-21067,OTA-007972
PT-21068,OTA-007973
TT-21069,OTA-007974
LT-21072,OTA-007975
TT-21075,OTA-007976
PT-21077,OTA-007977
LT-21078,OTA-007978
FT-21081,OTA-007979
FT-21083,OTA-007980
LT-21087,OTA-007981
LT-21091,OTA-007982
TT-21095,OTA-007983
TT-21097,OTA-007984
FCV-21098,OTA-007985
FCV-21100,OTA-007986
LT-21102,OTA-007987
FT-21103,OTA-007988
LT-21105,OTA-007989
FT-21112,OTA-007990
LT-21114,OTA-007991
FT-21121,OTA-007992
FCV-21127,OTA-007993
FCV-21128,OTA-007994
LT-21129,OTA-007995
TT-21135,OTA-007996
FCV-21137,OTA-007997
FT-21138,OTA-007998
FT-21139,OTA-007999
LT-21145,OTA-008000
FCV-21148,OTA-008001
FCV-21155,OTA-008002
LT-21158,OTA-008003
FT-21161,OTA-008004
FCV-21162,OTA-008005
PT-21165,OTA-008006
TT-21167,OTA-008007
PT-21169,OTA-008008
PT-21171,OTA-008009
FT-21173,OTA-008010
FT-21174,OTA-008011
TT-21175,OTA-008012
FT-21178,OTA-008013
FT-21179,OTA-008014
TT-21180,OTA-008015
LT-21184,OTA-008016
TT-21188,OTA-008017
TT-21197,OTA-008018
TT-21198,OTA-008019
LT-21202,OTA-008020
TT-21205,OTA-008021
FT-21207,OTA-008022
PT-21211,OTA-008023
PT-21212,OTA-008024
FCV-21213,OTA-008025
TT-21215,OTA-008026
FT-21217,OTA-008027
PT-21218,OTA-008028
LT-21225,OTA-008029
FCV-21229,OTA-008030
TT-21231,OTA-008031
TT-21232,OTA-008032
FCV-21235,OTA-008033
FT-21237,OTA-008034
FCV-21241,OTA-008035
FT-21242,OTA-008036
FT-21250,OTA-008037
PT-21251,OTA-008038
FT-21255,OTA-008039
FT-21256,OTA-008040
PT-21258,OTA-008041
FT-21260,OTA-008042
FT-21262,OTA-008043
FT-21263,OTA-008044
FCV-21269,OTA-008045
TT-21272,OTA-008046
FT-21275,OTA-008047
TT-21276,OTA-008048
FCV-21278,OTA-008049
FCV-21279,OTA-008050
FT-21280,OTA-008051
FT-21283,OTA-008052
FCV-21284,OTA-008053
FT-21288,OTA-008054
TT-21289,OTA-008055
FT-21292,OTA-008056
FCV-21295,OTA-008057
FT-21297,OTA-008058
TT-21298,OTA-008059
FCV-21301,OTA-008060
FT-21302,OTA-008061
LT-21305,OTA-008062
TT-21308,OTA-008063
PT-21313,OTA-008064
FT-21314,OTA-008065
LT-21321,OTA-008066
FT-21322,OTA-008067
LT-21327,OTA-008068
TT-21329,OTA-008069
PT-21331,OTA-008070
TT-21334,OTA-008071
PT-21336,OTA-008072
FT-21337,OTA-008073
FCV-21339,OTA-008074
TT-21343,OTA-008075
LT-21344,OTA-008076
PT-21351,OTA-008077
LT-21352,OTA-008078
PT-21359,OTA-008079
LT-21360,OTA-008080
LT-21364,OTA-008081
LT-21367,OTA-008082
FCV-21371,OTA-008083
FCV-21373,OTA-008084
FCV-21374,OTA-008085
PT-21377,OTA-008086
FT-21385,OTA-008087
TT-21386,OTA-008088
PT-21387,OTA-008089
PT-21393,OTA-008090
FCV-21397,OTA-008091
FT-21398,OTA-008092
FCV-21399,OTA-008093
FT-21405,OTA-008094
LT-21411,OTA-008095
PT-21415,OTA-008096
FT-21417,OTA-008097
TT-21420,OTA-008098
FCV-21424,OTA-008099
FT-21425,OTA-008100
TT-21429,OTA-008101
FT-21431,OTA-008102
FT-21432,OTA-008103
LT-21435,OTA-008104
TT-21437,OTA-008105
FCV-21440,OTA-008106
FT-21441,OTA-008107
FT-21444,OTA-008108
TT-21445,OTA-008109
FCV-21446,OTA-008110
LT-21455,OTA-008111
PT-21458,OTA-008112
PT-21459,OTA-008113
PT-21460,OTA-008114
LT-21463,OTA-008115
LT-21467,OTA-008116
LT-21469,OTA-008117
FCV-21470,OTA-008118
FT-21471,OTA-008119
LT-21473,OTA-008120
PT-21477,OTA-008121
TT-21479,OTA-008122
FT-21480,OTA-008123
LT-21482,OTA-008124
LT-21484,OTA-008125
FCV-21491,OTA-008126
TT-21493,OTA-008127
PT-21494,OTA-008128
LT-21495,OTA-008129
FCV-21500,OTA-008130
FT-21502,OTA-008131
TT-21503,OTA-008132
PT-21506,OTA-008133
LT-21507,OTA-008134
LT-21510,OTA-008135
FT-21512,OTA-008136
TT-21517,OTA-008137
PT-21519,OTA-008138
FT-21520,OTA-008139
FCV-21522,OTA-008140
TT-21523,OTA-008141
PT-21524,OTA-008142
FT-21529,OTA-008143
PT-21533,OTA-008144
FCV-21538,OTA-008145
TT-21539,OTA-008146
LT-21541,OTA-008147
LT-21542,OTA-008148
FT-21543,OTA-008149
LT-21547,OTA-008150
FCV-21549,OTA-008151
FT-21552,OTA-008152
FT-21554,OTA-008153
PT-21556,OTA-008154
TT-21558,OTA-008155
FT-21559,OTA-008156
LT-21560,OTA-008157
FCV-21564,OTA-008158
PT-21565,OTA-008159
TT-21569,OTA-008160
LT-21578,OTA-008161
LT-21583,OTA-008162
TT-21584,OTA-008163
LT-21586,OTA-008164
FCV-21587,OTA-008165
FCV-21592,OTA-008166
PT-21593,OTA-008167
TT-21595,OTA-008168
LT-21596,OTA-008169
TT-21598,OTA-008170
FT-21600,OTA-008171
TT-21601,OTA-008172
TT-21605,OTA-008173
LT-21606,OTA-008174
PT-21607,OTA-008175
TT-21612,OTA-008176
PT-21613,OTA-008177
TT-21615,OTA-008178
FCV-21620,OTA-008179
LT-21623,OTA-008180
FT-21627,OTA-008181
PT-21630,OTA-008182
FT-21633,OTA-008183
LT-21634,OTA-008184
PT-21635,OTA-008185
FCV-21641,OTA-008186
TT-21642,OTA-008187
FT-21644,OTA-008188
PT-21646,OTA-008189
LT-21652,OTA-008190
TT-21655,OTA-008191
FT-21660,OTA-008192
FT-21661,OTA-008193
PT-21663,OTA-008194
TT-21664,OTA-008195
LT-21668,OTA-008196
FCV-21670,OTA-008197
PT-21673,OTA-008198
FCV-21674,OTA-008199
LT-21676,OTA-008200
TT-21677,OTA-008201
FT-21678,OTA-008202
FCV-21679,OTA-008203
FT-21681,OTA-008204
PT-21683,OTA-008205
LT-21684,OTA-008206
LT-21685,OTA-008207
LT-21686,OTA-008208
FT-21687,OTA-008209
TT-21689,OTA-008210
FCV-21690,OTA-008211
LT-21691,OTA-008212
FCV-21695,OTA-008213
FCV-21696,OTA-008214
PT-21697,OTA-008215
PT-21699,OTA-008216
PT-21705,OTA-008217
LT-21707,OTA-008218
FCV-21709,OTA-008219
PT-21715,OTA-008220
PT-21717,OTA-008221
TT-21726,OTA-008222
FCV-21727,OTA-008223
TT-21730,OTA-008224
FCV-21731,OTA-008225
FT-21734,OTA-008226
FT-21737,OTA-008227
FCV-21738,OTA-008228
FT-21741,OTA-008229
PT-21742,OTA-008230
TT-21743,OTA-008231
PT-21745,OTA-008232
FT-21748,OTA-008233
PT-21750,OTA-008234
FCV-21751,OTA-008235
TT-21753,OTA-008236
FCV-21754,OTA-008237
FT-21758,OTA-008238
PT-21760,OTA-008239
FT-21765,OTA-008240
TT-21768,OTA-008241
LT-21769,OTA-008242
LT-21772,OTA-008243
TT-21775,OTA-008244
TT-21776,OTA-008245
FCV-21780,OTA-008246
TT-21781,OTA-008247
LT-21787,OTA-008248
PT-21793,OTA-008249
FT-21796,OTA-008250
FT-21799,OTA-008251
FCV-21801,OTA-008252
PT-21803,OTA-008253
TT-21804,OTA-008254
FT-21806,OTA-008255
TT-21808,OTA-008256
TT-21809,OTA-008257
TT-21811,OTA-008258
FCV-21813,OTA-008259
TT-21814,OTA-008260
PT-21815,OTA-008261
TT-21817,OTA-008262
FT-21820,OTA-008263
FT-21823,OTA-008264
PT-21826,OTA-008265
LT-21827,OTA-008266
TT-21829,OTA-008267
TT-21830,OTA-008268
FT-21832,OTA-008269
FCV-21834,OTA-008270
FCV-21844,OTA-008271
LT-21845,OTA-008272
FT-21847,OTA-008273
FT-21853,OTA-008274
LT-21856,OTA-008275
FT-21859,OTA-008276
PT-21862,OTA-008277
FT-21863,OTA-008278
FCV-21865,OTA-008279
FCV-21869,OTA-008280
LT-21870,OTA-008281
LT-21872,OTA-008282
FT-21873,OTA-008283
FT-21874,OTA-008284
FT-21879,OTA-008285
FT-21881,OTA-008286
FCV-21888,OTA-008287
LT-21891,OTA-008288
PT-21892,OTA-008289
FT-21893,OTA-008290
FT-21894,OTA-008291
PT-21895,OTA-008292
FCV-21896,OTA-008293
PT-21898,OTA-008294
FCV-21903,OTA-008295
PT-21904,OTA-008296
FCV-21907,OTA-008297
PT-21908,OTA-008298
LT-21909,OTA-008299
LT-21910,OTA-008300
FCV-21911,OTA-008301
LT-21912,OTA-008302
PT-21913,OTA-008303
FT-21929,OTA-008304
TT-21930,OTA-008305
FCV-21932,OTA-008306
PT-21935,OTA-008307
FT-21936,OTA-008308
PT-21937,OTA-008309
LT-21941,OTA-008310
FCV-21946,OTA-008311
FT-21947,OTA-008312
PT-21948,OTA-008313
TT-21950,OTA-008314
PT-21953,OTA-008315
FT-21955,OTA-008316
FT-21956,OTA-008317
TT-21957,OTA-008318
FT-21958,OTA-008319
PT-21961,OTA-008320
TT-21962,OTA-008321
FT-21963,OTA-008322
FCV-21964,OTA-008323
FCV-21965,OTA-008324
LT-21967,OTA-008325
FT-21972,OTA-008326
LT-21973,OTA-008327
FT-21975,OTA-008328
TT-21979,OTA-008329
FT-21980,OTA-008330
LT-21981,OTA-008331
TT-21995,OTA-008332
LT-21999,OTA-008333
FT-22001,OTA-008334
LT-22002,OTA-008335
FCV-22003,OTA-008336
FT-22005,OTA-008337
FT-22009,OTA-008338
LT-22010,OTA-008339
FCV-22013,OTA-008340
FCV-22015,OTA-008341
TT-22016,OTA-008342
PT-22018,OTA-008343
FT-22022,OTA-008344
LT-22023,OTA-008345
FCV-22024,OTA-008346
PT-22029,OTA-008347
FCV-22031,OTA-008348
TT-22032,OTA-008349
PT-22035,OTA-008350
FT-22036,OTA-008351
LT-22037,OTA-008352
TT-22038,OTA-008353
FT-22039,OTA-008354
FT-22040,OTA-008355
TT-22046,OTA-008356
LT-22048,OTA-008357
LT-22049,OTA-008358
LT-22051,OTA-008359
FCV-22055,OTA-008360
PT-22056,OTA-008361
PT-22061,OTA-008362
TT-22064,OTA-008363
FCV-22069,OTA-008364
FT-22071,OTA-008365
PT-22079,OTA-008366
PT-22080,OTA-008367
TT-22082,OTA-008368
FCV-22084,OTA-008369
FT-22086,OTA-008370
LT-22087,OTA-008371
PT-22088,OTA-008372
FT-22089,OTA-008373
FT-22091,OTA-008374
TT-22092,OTA-008375
FCV-22094,OTA-008376
TT-22096,OTA-008377
TT-22097,OTA-008378
PT-22098,OTA-008379
FT-22104,OTA-008380
FCV-22106,OTA-008381
FT-22107,OTA-008382
TT-22111,OTA-008383
PT-22112,OTA-008384
TT-22116,OTA-008385
LT-22122,OTA-008386
FCV-22129,OTA-008387
FCV-22130,OTA-008388
LT-22131,OTA-008389
LT-22133,OTA-008390
PT-22134,OTA-008391
PT-22137,OTA-008392
FT-22140,OTA-008393
FCV-22143,OTA-008394
FT-22144,OTA-008395
PT-22145,OTA-008396
TT-22146,OTA-008397
FT-22150,OTA-008398
FT-22151,OTA-008399
LT-22155,OTA-008400
PT-22156,OTA-008401
TT-22158,OTA-008402
LT-22161,OTA-008403
PT-22166,OTA-008404
LT-22167,OTA-008405
TT-22172,OTA-008406
FT-22173,OTA-008407
PT-22176,OTA-008408
TT-22177,OTA-008409
PT-22179,OTA-008410
FT-22181,OTA-008411
FCV-22182,OTA-008412
PT-22183,OTA-008413
LT-22188,OTA-008414
FT-22200,OTA-008415
FCV-22202,OTA-008416
TT-22206,OTA-008417
FT-22209,OTA-008418
LT-22210,OTA-008419
LT-22213,OTA-008420
FT-22220,OTA-008421
TT-22221,OTA-008422
TT-22222,OTA-008423
LT-22227,OTA-008424
FCV-22228,OTA-008425
FT-22230,OTA-008426
FT-22231,OTA-008427
FCV-22233,OTA-008428
FCV-22235,OTA-008429
FT-22236,OTA-008430
FT-22237,OTA-008431
TT-22243,OTA-008432
LT-22247,OTA-008433
TT-22248,OTA-008434
FT-22249,OTA-008435
TT-22252,OTA-008436
TT-22258,OTA-008437
PT-22260,OTA-008438
LT-22264,OTA-008439
TT-22269,OTA-008440
TT-22271,OTA-008441
FCV-22274,OTA-008442
TT-22276,OTA-008443
LT-22278,OTA-008444
FT-22279,OTA-008445
PT-22283,OTA-008446
FT-22285,OTA-008447
FCV-22286,OTA-008448
PT-22289,OTA-008449
FT-22290,OTA-008450
PT-22291,OTA-008451
TT-22293,OTA-008452
LT-22296,OTA-008453
FCV-22297,OTA-008454
LT-22303,OTA-008455
PT-22306,OTA-008456
PT-22307,OTA-008457
FCV-22309,OTA-008458
LT-22310,OTA-008459
FCV-22314,OTA-008460
FT-22316,OTA-008461
PT-22319,OTA-008462
FT-22322,OTA-008463
FT-22325,OTA-008464
PT-22326,OTA-008465
PT-22327,OTA-008466
TT-22333,OTA-008467
FCV-22335,OTA-008468
TT-22337,OTA-008469
FCV-22338,OTA-008470
FCV-22341,OTA-008471
LT-22343,OTA-008472
TT-22345,OTA-008473
FCV-22347,OTA-008474
LT-22352,OTA-008475
PT-22356,OTA-008476
LT-22360,OTA-008477
FT-22361,OTA-008478
FCV-22366,OTA-008479
FT-22367,OTA-008480
TT-22369,OTA-008481
TT-22370,OTA-008482
PT-22371,OTA-008483
FCV-22373,OTA-008484
FCV-22379,OTA-008485
LT-22381,OTA-008486
LT-22382,OTA-008487
FCV-22383,OTA-008488
LT-22385,OTA-008489
FT-22386,OTA-008490
TT-22394,OTA-008491
TT-22396,OTA-008492
LT-22401,OTA-008493
TT-22405,OTA-008494
PT-22407,OTA-008495
FCV-22417,OTA-008496
LT-22418,OTA-008497
PT-22425,OTA-008498
TT-22427,OTA-008499
FCV-22435,OTA-008500
FCV-22437,OTA-008501
TT-22438,OTA-008502
LT-22441,OTA-008503
LT-22442,OTA-008504
LT-22444,OTA-008505
TT-22446,OTA-008506
PT-22448,OTA-008507
FCV-22453,OTA-008508
LT-22456,OTA-008509
TT-22457,OTA-008510
PT-22458,OTA-008511
PT-22459,OTA-008512
FT-22469,OTA-008513
FCV-22471,OTA-008514
TT-22472,OTA-008515
FT-22473,OTA-008516
FCV-22474,OTA-008517
LT-22478,OTA-008518
TT-22481,OTA-008519
PT-22482,OTA-008520
FT-22483,OTA-008521
FT-22484,OTA-008522
FT-22487,OTA-008523
TT-22488,OTA-008524
FT-22489,OTA-008525
LT-22493,OTA-008526
TT-22499,OTA-008527
TT-22500,OTA-008528
FT-22501,OTA-008529
PT-22503,OTA-008530
FT-22505,OTA-008531
LT-22507,OTA-008532
PT-22508,OTA-008533
FT-22509,OTA-008534
PT-22510,OTA-008535
PT-22511,OTA-008536
FCV-22519,OTA-008537
LT-22520,OTA-008538
LT-22523,OTA-008539
LT-22525,OTA-008540
TT-22529,OTA-008541
FT-22542,OTA-008542
FCV-22549,OTA-008543
PT-22550,OTA-008544
FT-22551,OTA-008545
TT-22552,OTA-008546
FCV-22554,OTA-008547
FT-22556,OTA-008548
FCV-22558,OTA-008549
PT-22562,OTA-008550
FT-22564,OTA-008551
PT-22567,OTA-008552
FT-22569,OTA-008553
FCV-22570,OTA-008554
TT-22574,OTA-008555
FCV-22576,OTA-008556
TT-22578,OTA-008557
PT-22580,OTA-008558
FCV-22581,OTA-008559
FCV-22584,OTA-008560
TT-22589,OTA-008561
FT-22591,OTA-008562
FCV-22595,OTA-008563
FCV-22599,OTA-008564
LT-22601,OTA-008565
LT-22602,OTA-008566
TT-22604,OTA-008567
TT-22606,OTA-008568
TT-22610,OTA-008569
PT-22611,OTA-008570
PT-22612,OTA-008571
FT-22618,OTA-008572
TT-22619,OTA-008573
TT-22622,OTA-008574
PT-22623,OTA-008575
TT-22625,OTA-008576
LT-22628,OTA-008577
TT-22629,OTA-008578
LT-22636,OTA-008579
TT-22638,OTA-008580
TT-22642,OTA-008581
TT-22644,OTA-008582
TT-22645,OTA-008583
FT-22652,OTA-008584
FT-22653,OTA-008585
TT-22655,OTA-008586
LT-22659,OTA-008587
FT-22661,OTA-008588
TT-22663,OTA-008589
FCV-22664,OTA-008590
FCV-22665,OTA-008591
TT-22672,OTA-008592
LT-22680,OTA-008593
LT-22690,OTA-008594
PT-22694,OTA-008595
FT-22696,OTA-008596
TT-22700,OTA-008597
PT-22701,OTA-008598
PT-22702,OTA-008599
LT-22703,OTA-008600
FCV-22706,OTA-008601
FCV-22709,OTA-008602
LT-22710,OTA-008603
TT-22712,OTA-008604
LT-22715,OTA-008605
LT-22716,OTA-008606
PT-22717,OTA-008607
FT-22720,OTA-008608
FCV-22724,OTA-008609
TT-22726,OTA-008610
TT-22730,OTA-008611
PT-22740,OTA-008612
FCV-22741,OTA-008613
PT-22747,OTA-008614
TT-22752,OTA-008615
TT-22759,OTA-008616
PT-22761,OTA-008617
TT-22762,OTA-008618
FCV-22763,OTA-008619
TT-22764,OTA-008620
LT-22768,OTA-008621
FCV-22771,OTA-008622
LT-22779,OTA-008623
TT-22783,OTA-008624
TT-22784,OTA-008625
TT-22786,OTA-008626
LT-22787,OTA-008627
TT-22790,OTA-008628
FT-22792,OTA-008629
LT-22795,OTA-008630
FT-22796,OTA-008631
FT-22800,OTA-008632
PT-22802,OTA-008633
LT-22803,OTA-008634
TT-22804,OTA-008635
FCV-22806,OTA-008636
TT-22809,OTA-008637
FCV-22816,OTA-008638
LT-22820,OTA-008639
FT-22822,OTA-008640
TT-22823,OTA-008641
FCV-22824,OTA-008642
PT-22825,OTA-008643
PT-22827,OTA-008644
TT-22830,OTA-008645
TT-22831,OTA-008646
TT-22832,OTA-008647
LT-22837,OTA-008648
TT-22838,OTA-008649
LT-22840,OTA-008650
LT-22842,OTA-008651
TT-22848,OTA-008652
FCV-22851,OTA-008653
PT-22853,OTA-008654
FT-22854,OTA-008655
FT-22855,OTA-008656
TT-22856,OTA-008657
LT-22861,OTA-008658
TT-22863,OTA-008659
FCV-22866,OTA-008660
LT-22869,OTA-008661
LT-22874,OTA-008662
FCV-22875,OTA-008663
TT-22878,OTA-008664
FT-22883,OTA-008665
FT-22885,OTA-008666
PT-22886,OTA-008667
FCV-22891,OTA-008668
TT-22895,OTA-008669
TT-22896,OTA-008670
FT-22898,OTA-008671
TT-22899,OTA-008672
TT-22902,OTA-008673
TT-22907,OTA-008674
FCV-22908,OTA-008675
FT-22910,OTA-008676
TT-22911,OTA-008677
LT-22913,OTA-008678
LT-22914,OTA-008679
FT-22915,OTA-008680
FCV-22918,OTA-008681
FT-22919,OTA-008682
PT-22921,OTA-008683
FCV-22922,OTA-008684
TT-22924,OTA-008685
LT-22925,OTA-008686
FCV-22926,OTA-008687
FT-22927,OTA-008688
FCV-22929,OTA-008689
PT-22930,OTA-008690
FT-22931,OTA-008691
PT-22936,OTA-008692
PT-22937,OTA-008693
FCV-22939,OTA-008694
PT-22942,OTA-008695
FT-22943,OTA-008696
FT-22946,OTA-008697
FCV-22947,OTA-008698
TT-22950,OTA-008699
FCV-22955,OTA-008700
FT-22956,OTA-008701
PT-22957,OTA-008702
TT-22959,OTA-008703
FT-22961,OTA-008704
FCV-22965,OTA-008705
LT-22966,OTA-008706
LT-22973,OTA-008707
TT-22975,OTA-008708
TT-22976,OTA-008709
LT-22978,OTA-008710
FCV-22981,OTA-008711
FT-22982,OTA-008712
FCV-22983,OTA-008713
FCV-22985,OTA-008714
FCV-22987,OTA-008715
LT-22991,OTA-008716
LT-22995,OTA-008717
FCV-22997,OTA-008718
FT-23003,OTA-008719
FT-23005,OTA-008720
FT-23006,OTA-008721
FCV-23007,OTA-008722
FCV-23008,OTA-008723
FT-23009,OTA-008724
TT-23010,OTA-008725
TT-23011,OTA-008726
TT-23012,OTA-008727
LT-23014,OTA-008728
PT-23018,OTA-008729
PT-23021,OTA-008730
LT-23024,OTA-008731
FT-23025,OTA-008732
PT-23029,OTA-008733
FCV-23030,OTA-008734
PT-23034,OTA-008735
FT-23037,OTA-008736
PT-23038,OTA-008737
FCV-23046,OTA-008738
LT-23047,OTA-008739
LT-23048,OTA-008740
FCV-23050,OTA-008741
FCV-23052,OTA-008742
FCV-23053,OTA-008743
FT-23058,OTA-008744
FT-23059,OTA-008745
FT-23061,OTA-008746
FT-23062,OTA-008747
TT-23064,OTA-008748
FCV-23069,OTA-008749
FCV-23072,OTA-008750
TT-23074,OTA-008751
LT-23075,OTA-008752
FCV-23076,OTA-008753
LT-23078,OTA-008754
TT-23080,OTA-008755
LT-23081,OTA-008756
TT-23084,OTA-008757
LT-23085,OTA-008758
FCV-23086,OTA-008759
FCV-23090,OTA-008760
FCV-23091,OTA-008761
PT-23092,OTA-008762
PT-23096,OTA-008763
LT-23097,OTA-008764
TT-23101,OTA-008765
TT-23102,OTA-008766
FT-23105,OTA-008767
FCV-23108,OTA-008768
PT-23110,OTA-008769
LT-23114,OTA-008770
FCV-23115,OTA-008771
LT-23118,OTA-008772
FT-23119,OTA-008773
FCV-23120,OTA-008774
PT-23121,OTA-008775
PT-23123,OTA-008776
PT-23126,OTA-008777
PT-23127,OTA-008778
TT-23129,OTA-008779
FT-23130,OTA-008780
FCV-23133,OTA-008781
TT-23137,OTA-008782
FT-23145,OTA-008783
FT-23147,OTA-008784
FCV-23149,OTA-008785
TT-23151,OTA-008786
FT-23153,OTA-008787
TT-23155,OTA-008788
PT-23159,OTA-008789
PT-23161,OTA-008790
TT-23162,OTA-008791
LT-23164,OTA-008792
FT-23167,OTA-008793
FT-23168,OTA-008794
TT-23169,OTA-008795
TT-23170,OTA-008796
PT-23174,OTA-008797
FCV-23177,OTA-008798
PT-23178,OTA-008799
FCV-23180,OTA-008800
PT-23184,OTA-008801
PT-23185,OTA-008802
PT-23189,OTA-008803
FCV-23193,OTA-008804
TT-23198,OTA-008805
LT-23209,OTA-008806
PT-23212,OTA-008807
PT-23219,OTA-008808
TT-23225,OTA-008809
PT-23239,OTA-008810
TT-23240,OTA-008811
FT-23244,OTA-008812
FT-23245,OTA-008813
FT-23246,OTA-008814
PT-23248,OTA-008815
PT-23250,OTA-008816
TT-23253,OTA-008817
LT-23255,OTA-008818
PT-23256,OTA-008819
LT-23263,OTA-008820
LT-23267,OTA-008821
PT-23268,OTA-008822
PT-23269,OTA-008823
FT-23272,OTA-008824
FCV-23273,OTA-008825
PT-23274,OTA-008826
FCV-23275,OTA-008827
FT-23278,OTA-008828
FCV-23283,OTA-008829
FT-23285,OTA-008830
LT-23288,OTA-008831
PT-23294,OTA-008832
FCV-23300,OTA-008833
PT-23306,OTA-008834
LT-23307,OTA-008835
PT-23308,OTA-008836
LT-23312,OTA-008837
LT-23318,OTA-008838
FCV-23319,OTA-008839
FT-23322,OTA-008840
FCV-23323,OTA-008841
FCV-23324,OTA-008842
FCV-23325,OTA-008843
LT-23327,OTA-008844
FCV-23328,OTA-008845
TT-23331,OTA-008846
PT-23332,OTA-008847
FT-23333,OTA-008848
LT-23337,OTA-008849
TT-23338,OTA-008850
LT-23339,OTA-008851
TT-23342,OTA-008852
FCV-23343,OTA-008853
TT-23344,OTA-008854
FT-23346,OTA-008855
FCV-23350,OTA-008856
FT-23357,OTA-008857
PT-23359,OTA-008858
PT-23362,OTA-008859
TT-23363,OTA-008860
PT-23364,OTA-008861
LT-23366,OTA-008862
LT-23367,OTA-008863
LT-23368,OTA-008864
LT-23369,OTA-008865
LT-23371,OTA-008866
FT-23372,OTA-008867
FCV-23373,OTA-008868
PT-23374,OTA-008869
FT-23378,OTA-008870
PT-23381,OTA-008871
LT-23382,OTA-008872
LT-23383,OTA-008873
PT-23384,OTA-008874
FT-23393,OTA-008875
PT-23394,OTA-008876
FCV-23398,OTA-008877
FT-23399,OTA-008878
FT-23400,OTA-008879
LT-23405,OTA-008880
PT-23407,OTA-008881
PT-23409,OTA-008882
TT-23411,OTA-008883
PT-23414,OTA-008884
TT-23417,OTA-008885
PT-23418,OTA-008886
LT-23421,OTA-008887
PT-23429,OTA-008888
FT-23430,OTA-008889
FCV-23431,OTA-008890
TT-23441,OTA-008891
LT-23444,OTA-008892
LT-23447,OTA-008893
TT-23451,OTA-008894
TT-23452,OTA-008895
PT-23454,OTA-008896
TT-23455,OTA-008897
LT-23456,OTA-008898
PT-23459,OTA-008899
FT-23461,OTA-008900
PT-23464,OTA-008901
LT-23465,OTA-008902
LT-23466,OTA-008903
FCV-23470,OTA-008904
FT-23473,OTA-008905
FCV-23475,OTA-008906
FT-23483,OTA-008907
LT-23484,OTA-008908
PT-23485,OTA-008909
FT-23488,OTA-008910
PT-23489,OTA-008911
TT-23493,OTA-008912
FT-23494,OTA-008913
FT-23496,OTA-008914
FCV-23498,OTA-008915
PT-23501,OTA-008916
TT-23504,OTA-008917
FCV-23509,OTA-008918
TT-23511,OTA-008919
LT-23512,OTA-008920
FCV-23514,OTA-008921
PT-23515,OTA-008922
FCV-23517,OTA-008923
PT-23518,OTA-008924
FT-23519,OTA-008925
FT-23520,OTA-008926
LT-23523,OTA-008927
LT-23524,OTA-008928
FCV-23526,OTA-008929
FCV-23527,OTA-008930
FCV-23529,OTA-008931
LT-23530,OTA-008932
FCV-23531,OTA-008933
PT-23533,OTA-008934
PT-23538,OTA-008935
TT-23539,OTA-008936
FCV-23541,OTA-008937
FT-23542,OTA-008938
PT-23551,OTA-008939
TT-23552,OTA-008940
PT-23553,OTA-008941
FT-23555,OTA-008942
FCV-23556,OTA-008943
FCV-23567,OTA-008944
TT-23572,OTA-008945
LT-23573,OTA-008946
LT-23574,OTA-008947
TT-23575,OTA-008948
LT-23578,OTA-008949
FCV-23579,OTA-008950
LT-23580,OTA-008951
PT-23582,OTA-008952
LT-23583,OTA-008953
PT-23585,OTA-008954
FCV-23586,OTA-008955
TT-23587,OTA-008956
TT-23588,OTA-008957
LT-23591,OTA-008958
TT-23593,OTA-008959
FT-23594,OTA-008960
LT-23600,OTA-008961
FCV-23602,OTA-008962
FCV-23605,OTA-008963
FCV-23609,OTA-008964
FT-23612,OTA-008965
LT-23613,OTA-008966
TT-23616,OTA-008967
PT-23620,OTA-008968
TT-23621,OTA-008969
FCV-23622,OTA-008970
LT-23623,OTA-008971
FT-23624,OTA-008972
TT-23625,OTA-008973
LT-23628,OTA-008974
FT-23629,OTA-008975
FCV-23631,OTA-008976
LT-23632,OTA-008977
TT-23634,OTA-008978
PT-23639,OTA-008979
FT-23642,OTA-008980
TT-23644,OTA-008981
LT-23650,OTA-008982
TT-23651,OTA-008983
FCV-23652,OTA-008984
PT-23653,OTA-008985
TT-23654,OTA-008986
TT-23656,OTA-008987
LT-23662,OTA-008988
FT-23664,OTA-008989
PT-23668,OTA-008990
PT-23674,OTA-008991
FT-23676,OTA-008992
FCV-23679,OTA-008993
TT-23680,OTA-008994
PT-23686,OTA-008995
FCV-23688,OTA-008996
FCV-23690,OTA-008997
FT-23693,OTA-008998
PT-23696,OTA-008999
LT-23697,OTA-009000
PT-23698,OTA-009001
PT-23700,OTA-009002
FT-23701,OTA-009003
PT-23703,OTA-009004
PT-23706,OTA-009005
TT-23708,OTA-009006
PT-23709,OTA-009007
FCV-23710,OTA-009008
PT-23713,OTA-009009
TT-23715,OTA-009010
TT-23716,OTA-009011
FT-23718,OTA-009012
PT-23722,OTA-009013
TT-23723,OTA-009014
TT-23724,OTA-009015
TT-23729,OTA-009016
LT-23731,OTA-009017
FCV-23735,OTA-009018
FCV-23737,OTA-009019
FCV-23741,OTA-009020
LT-23742,OTA-009021
FCV-23747,OTA-009022
LT-23749,OTA-009023
TT-23752,OTA-009024
LT-23753,OTA-009025
FT-23754,OTA-009026
PT-23756,OTA-009027
FCV-23758,OTA-009028
FCV-23759,OTA-009029
FT-23760,OTA-009030
TT-23761,OTA-009031
TT-23762,OTA-009032
PT-23763,OTA-009033
PT-23765,OTA-009034
TT-23769,OTA-009035
PT-23771,OTA-009036
FCV-23774,OTA-009037
PT-23777,OTA-009038
PT-23780,OTA-009039
PT-23785,OTA-009040
LT-23787,OTA-009041
LT-23789,OTA-009042
LT-23791,OTA-009043
FCV-23792,OTA-009044
FT-23796,OTA-009045
LT-23797,OTA-009046
LT-23798,OTA-009047
PT-23804,OTA-009048
LT-23805,OTA-009049
FT-23813,OTA-009050
FCV-23815,OTA-009051
FCV-23817,OTA-009052
LT-23818,OTA-009053
TT-23824,OTA-009054
FT-23827,OTA-009055
LT-23828,OTA-009056
FT-23834,OTA-009057
TT-23839,OTA-009058
LT-23842,OTA-009059
TT-23847,OTA-009060
LT-23850,OTA-009061
FT-23851,OTA-009062
PT-23853,OTA-009063
TT-23856,OTA-009064
FCV-23866,OTA-009065
LT-23870,OTA-009066
FCV-23873,OTA-009067
TT-23875,OTA-009068
PT-23876,OTA-009069
TT-23877,OTA-009070
FT-23878,OTA-009071
FT-23880,OTA-009072
TT-23886,OTA-009073
PT-23887,OTA-009074
LT-23888,OTA-009075
FCV-23890,OTA-009076
TT-23891,OTA-009077
LT-23892,OTA-009078
PT-23895,OTA-009079
FCV-23900,OTA-009080
TT-23902,OTA-009081
PT-23904,OTA-009082
FCV-23906,OTA-009083
FT-23911,OTA-009084
TT-23918,OTA-009085
FCV-23919,OTA-009086
PT-23920,OTA-009087
PT-23924,OTA-009088
TT-23927,OTA-009089
TT-23928,OTA-009090
PT-23930,OTA-009091
FT-23933,OTA-009092
TT-23935,OTA-009093
FT-23938,OTA-009094
TT-23939,OTA-009095
LT-23942,OTA-009096
LT-23946,OTA-009097
FCV-23948,OTA-009098
PT-23951,OTA-009099
LT-23959,OTA-009100
FT-23961,OTA-009101
FT-23962,OTA-009102
TT-23964,OTA-009103
FCV-23968,OTA-009104
PT-23969,OTA-009105
FT-23970,OTA-009106
TT-23971,OTA-009107
PT-23972,OTA-009108
FT-23975,OTA-009109
FT-23977,OTA-009110
FCV-23980,OTA-009111
LT-23981,OTA-009112
PT-23982,OTA-009113
LT-23993,OTA-009114
FCV-23995,OTA-009115
TT-23996,OTA-009116
PT-24001,OTA-009117
TT-24002,OTA-009118
PT-24005,OTA-009119
FT-24007,OTA-009120
TT-24008,OTA-009121
FT-24011,OTA-009122
FCV-24014,OTA-009123
PT-24017,OTA-009124
PT-24018,OTA-009125
LT-24020,OTA-009126
FT-24022,OTA-009127
PT-24023,OTA-009128
LT-24024,OTA-009129
FT-24026,OTA-009130
TT-24027,OTA-009131
FT-24028,OTA-009132
PT-24029,OTA-009133
PT-24030,OTA-009134
FT-24033,OTA-009135
TT-24036,OTA-009136
TT-24039,OTA-009137
PT-24042,OTA-009138
TT-24045,OTA-009139
FT-24046,OTA-009140
TT-24057,OTA-009141
LT-24059,OTA-009142
LT-24060,OTA-009143
PT-24065,OTA-009144
FCV-24067,OTA-009145
TT-24068,OTA-009146
PT-24074,OTA-009147
PT-24075,OTA-009148
FCV-24076,OTA-009149
TT-24077,OTA-009150
FT-24079,OTA-009151
TT-24081,OTA-009152
FT-24084,OTA-009153
PT-24085,OTA-009154
FCV-24087,OTA-009155
FT-24088,OTA-009156
FT-24090,OTA-009157
FT-24093,OTA-009158
PT-24095,OTA-009159
LT-24098,OTA-009160
FT-24099,OTA-009161
TT-24102,OTA-009162
LT-24106,OTA-009163
PT-24110,OTA-009164
FT-24111,OTA-009165
PT-24114,OTA-009166
PT-24115,OTA-009167
PT-24117,OTA-009168
FT-24119,OTA-009169
FT-24122,OTA-009170
TT-24123,OTA-009171
PT-24126,OTA-009172
FT-24132,OTA-009173
FCV-24133,OTA-009174
FCV-24135,OTA-009175
TT-24139,OTA-009176
FCV-24140,OTA-009177
LT-24149,OTA-009178
LT-24150,OTA-009179
FCV-24153,OTA-009180
PT-24154,OTA-009181
TT-24156,OTA-009182
TT-24158,OTA-009183
FCV-24172,OTA-009184
TT-24175,OTA-009185
FCV-24176,OTA-009186
FCV-24178,OTA-009187
TT-24180,OTA-009188
FCV-24181,OTA-009189
TT-24183,OTA-009190
TT-24184,OTA-009191
FT-24185,OTA-009192
TT-24187,OTA-009193
FCV-24190,OTA-009194
FCV-24191,OTA-009195
PT-24193,OTA-009196
PT-24196,OTA-009197
TT-24197,OTA-009198
PT-24204,OTA-009199
FCV-24205,OTA-009200
LT-24210,OTA-009201
FCV-24212,OTA-009202
TT-24213,OTA-009203
FCV-24216,OTA-009204
PT-24218,OTA-009205
LT-24219,OTA-009206
TT-24222,OTA-009207
PT-24223,OTA-009208
FT-24224,OTA-009209
FT-24227,OTA-009210
TT-24239,OTA-009211
PT-24242,OTA-009212
PT-24244,OTA-009213
PT-24248,OTA-009214
LT-24249,OTA-009215
FT-24250,OTA-009216
FCV-24251,OTA-009217
FT-24255,OTA-009218
TT-24260,OTA-009219
PT-24263,OTA-009220
LT-24266,OTA-009221
FT-24268,OTA-009222
FCV-24270,OTA-009223
PT-24271,OTA-009224
FT-24276,OTA-009225
FCV-24279,OTA-009226
FCV-24282,OTA-009227
FCV-24285,OTA-009228
PT-24291,OTA-009229
LT-24294,OTA-009230
PT-24295,OTA-009231
TT-24296,OTA-009232
FT-24305,OTA-009233
LT-24306,OTA-009234
TT-24307,OTA-009235
TT-24308,OTA-009236
LT-24310,OTA-009237
FT-24311,OTA-009238
PT-24312,OTA-009239
TT-24313,OTA-009240
PT-24316,OTA-009241
TT-24318,OTA-009242
FT-24324,OTA-009243
FCV-24328,OTA-009244
FT-24331,OTA-009245
FT-24333,OTA-009246
FCV-24335,OTA-009247
FT-24339,OTA-009248
FT-24341,OTA-009249
LT-24345,OTA-009250
PT-24347,OTA-009251
PT-24351,OTA-009252
TT-24353,OTA-009253
PT-24355,OTA-009254
TT-24357,OTA-009255
LT-24359,OTA-009256
FCV-24361,OTA-009257
PT-24362,OTA-009258
TT-24363,OTA-009259
LT-24366,OTA-009260
PT-24368,OTA-009261
LT-24374,OTA-009262
FT-24379,OTA-009263
FCV-24384,OTA-009264
PT-24390,OTA-009265
PT-24394,OTA-009266
FCV-24395,OTA-009267
FCV-24397,OTA-009268
PT-24401,OTA-009269
FCV-24403,OTA-009270
LT-24405,OTA-009271
FCV-24406,OTA-009272
TT-24408,OTA-009273
LT-24409,OTA-009274
FCV-24412,OTA-009275
PT-24413,OTA-009276
FCV-24418,OTA-009277
LT-24425,OTA-009278
TT-24430,OTA-009279
TT-24431,OTA-009280
LT-24438,OTA-009281
TT-24447,OTA-009282
TT-24448,OTA-009283
FCV-24451,OTA-009284
PT-24456,OTA-009285
LT-24461,OTA-009286
PT-24462,OTA-009287
FCV-24463,OTA-009288
LT-24464,OTA-009289
PT-24466,OTA-009290
PT-24470,OTA-009291
TT-24473,OTA-009292
FT-24476,OTA-009293
TT-24481,OTA-009294
PT-24483,OTA-009295
TT-24484,OTA-009296
TT-24486,OTA-009297
FT-24488,OTA-009298
LT-24495,OTA-009299
FT-24498,OTA-009300
TT-24501,OTA-009301
FCV-24502,OTA-009302
TT-24504,OTA-009303
FT-24505,OTA-009304
FT-24507,OTA-009305
FT-24512,OTA-009306
TT-24520,OTA-009307
FT-24521,OTA-009308
TT-24522,OTA-009309
PT-24524,OTA-009310
FCV-24526,OTA-009311
TT-24527,OTA-009312
FCV-24528,OTA-009313
LT-24529,OTA-009314
FT-24530,OTA-009315
FCV-24533,OTA-009316
FCV-24540,OTA-009317
PT-24541,OTA-009318
FCV-24544,OTA-009319
TT-24545,OTA-009320
FT-24547,OTA-009321
TT-24552,OTA-009322
PT-24557,OTA-009323
PT-24562,OTA-009324
PT-24565,OTA-009325
TT-24567,OTA-009326
TT-24568,OTA-009327
PT-24570,OTA-009328
FT-24573,OTA-009329
LT-24576,OTA-009330
LT-24578,OTA-009331
FCV-24579,OTA-009332
TT-24583,OTA-009333
FT-24586,OTA-009334
FT-24587,OTA-009335
FCV-24589,OTA-009336
TT-24593,OTA-009337
TT-24595,OTA-009338
FCV-24599,OTA-009339
PT-24600,OTA-009340
TT-24602,OTA-009341
FCV-24603,OTA-009342
TT-24608,OTA-009343
TT-24609,OTA-009344
PT-24613,OTA-009345
FT-24615,OTA-009346
PT-24618,OTA-009347
TT-24619,OTA-009348
FT-24620,OTA-009349
FT-24621,OTA-009350
LT-24625,OTA-009351
FT-24628,OTA-009352
FT-24630,OTA-009353
FT-24631,OTA-009354
FT-24632,OTA-009355
FT-24634,OTA-009356
FT-24636,OTA-009357
TT-24637,OTA-009358
TT-24640,OTA-009359
TT-24643,OTA-009360
LT-24646,OTA-009361
FT-24647,OTA-009362
PT-24648,OTA-009363
TT-24656,OTA-009364
PT-24663,OTA-009365
FT-24665,OTA-009366
TT-24668,OTA-009367
LT-24671,OTA-009368
LT-24682,OTA-009369
TT-24683,OTA-009370
FCV-24685,OTA-009371
FCV-24687,OTA-009372
PT-24693,OTA-009373
TT-24695,OTA-009374
PT-24696,OTA-009375
LT-24701,OTA-009376
FCV-24703,OTA-009377
FCV-24705,OTA-009378
FCV-24707,OTA-009379
FT-24712,OTA-009380
LT-24714,OTA-009381
TT-24717,OTA-009382
PT-24718,OTA-009383
TT-24719,OTA-009384
FT-24721,OTA-009385
TT-24726,OTA-009386
PT-24728,OTA-009387
PT-24730,OTA-009388
FCV-24731,OTA-009389
FT-24732,OTA-009390
TT-24733,OTA-009391
FT-24736,OTA-009392
TT-24737,OTA-009393
FT-24739,OTA-009394
TT-24740,OTA-009395
PT-24749,OTA-009396
TT-24750,OTA-009397
PT-24753,OTA-009398
TT-24759,OTA-009399
FCV-24760,OTA-009400
PT-24761,OTA-009401
PT-24762,OTA-009402
PT-24767,OTA-009403
FT-24768,OTA-009404
FCV-24773,OTA-009405
FCV-24775,OTA-009406
TT-24779,OTA-009407
FT-24780,OTA-009408
FCV-24781,OTA-009409
PT-24783,OTA-009410
FT-24793,OTA-009411
FCV-24794,OTA-009412
FCV-24796,OTA-009413
LT-24798,OTA-009414
FCV-24800,OTA-009415
FCV-24801,OTA-009416
FCV-24802,OTA-009417
PT-24803,OTA-009418
PT-24807,OTA-009419
FT-24808,OTA-009420
TT-24810,OTA-009421
FT-24811,OTA-009422
LT-24813,OTA-009423
LT-24816,OTA-009424
LT-24819,OTA-009425
PT-24820,OTA-009426
LT-24821,OTA-009427
TT-24825,OTA-009428
LT-24826,OTA-009429
TT-24830,OTA-009430
FT-24831,OTA-009431
FCV-24836,OTA-009432
FT-24840,OTA-009433
FCV-24844,OTA-009434
PT-24845,OTA-009435
FCV-24846,OTA-009436
PT-24847,OTA-009437
FCV-24849,OTA-009438
FCV-24851,OTA-009439
LT-24853,OTA-009440
LT-24856,OTA-009441
TT-24857,OTA-009442
PT-24859,OTA-009443
LT-24862,OTA-009444
TT-24864,OTA-009445
TT-24867,OTA-009446
LT-24869,OTA-009447
TT-24873,OTA-009448
LT-24874,OTA-009449
LT-24875,OTA-009450
PT-24876,OTA-009451
TT-24877,OTA-009452
LT-24880,OTA-009453
PT-24881,OTA-009454
TT-24882,OTA-009455
TT-24886,OTA-009456
PT-24890,OTA-009457
PT-24891,OTA-009458
TT-24898,OTA-009459
LT-24901,OTA-009460
PT-24902,OTA-009461
TT-24905,OTA-009462
TT-24906,OTA-009463
FCV-24908,OTA-009464
FT-24909,OTA-009465
FCV-24910,OTA-009466
FT-24911,OTA-009467
TT-24914,OTA-009468
PT-24915,OTA-009469
PT-24918,OTA-009470
FCV-24919,OTA-009471
FT-24922,OTA-009472
FCV-24925,OTA-009473
PT-24930,OTA-009474
FCV-24934,OTA-009475
PT-24944,OTA-009476
PT-24945,OTA-009477
PT-24947,OTA-009478
PT-24952,OTA-009479
LT-24955,OTA-009480
FCV-24956,OTA-009481
TT-24962,OTA-009482
TT-24963,OTA-009483
FCV-24964,OTA-009484
LT-24966,OTA-009485
FT-24968,OTA-009486
PT-24969,OTA-009487
TT-24973,OTA-009488
LT-24975,OTA-009489
PT-24977,OTA-009490
PT-24978,OTA-009491
PT-24979,OTA-009492
FT-24981,OTA-009493
FCV-24986,OTA-009494
TT-24987,OTA-009495
TT-24989,OTA-009496
TT-24994,OTA-009497
PT-24996,OTA-009498
FT-24997,OTA-009499
FT-25001,OTA-009500
LT-25003,OTA-009501
FT-25005,OTA-009502
FT-25007,OTA-009503
PT-25010,OTA-009504
TT-25013,OTA-009505
FCV-25015,OTA-009506
FCV-25016,OTA-009507
LT-25017,OTA-009508
LT-25020,OTA-009509
FT-25022,OTA-009510
FCV-25024,OTA-009511
FCV-25029,OTA-009512
FT-25030,OTA-009513
PT-25033,OTA-009514
TT-25034,OTA-009515
TT-25036,OTA-009516
LT-25040,OTA-009517
FCV-25041,OTA-009518
FT-25044,OTA-009519
LT-25045,OTA-009520
PT-25052,OTA-009521
FT-25055,OTA-009522
TT-25056,OTA-009523
FT-25058,OTA-009524
LT-25062,OTA-009525
LT-25063,OTA-009526
FCV-25065,OTA-009527
FCV-25067,OTA-009528
PT-25069,OTA-009529
LT-25076,OTA-009530
LT-25077,OTA-009531
FT-25078,OTA-009532
FCV-25080,OTA-009533
LT-25081,OTA-009534
FCV-25088,OTA-009535
LT-25089,OTA-009536
LT-25096,OTA-009537
LT-25097,OTA-009538
FCV-25099,OTA-009539
PT-25100,OTA-009540
FT-25102,OTA-009541
PT-25103,OTA-009542
FT-25104,OTA-009543
PT-25105,OTA-009544
TT-25113,OTA-009545
PT-25114,OTA-009546
TT-25116,OTA-009547
PT-25118,OTA-009548
PT-25120,OTA-009549
LT-25122,OTA-009550
TT-25127,OTA-009551
TT-25130,OTA-009552
TT-25131,OTA-009553
PT-25135,OTA-009554
TT-25138,OTA-009555
TT-25139,OTA-009556
TT-25140,OTA-009557
FT-25145,OTA-009558
TT-25146,OTA-009559
FCV-25147,OTA-009560
LT-25151,OTA-009561
LT-25153,OTA-009562
PT-25156,OTA-009563
PT-25161,OTA-009564
PT-25162,OTA-009565
FT-25163,OTA-009566
TT-25170,OTA-009567
FT-25171,OTA-009568
LT-25172,OTA-009569
TT-25173,OTA-009570
TT-25181,OTA-009571
LT-25182,OTA-009572
FT-25184,OTA-009573
LT-25186,OTA-009574
FCV-25188,OTA-009575
TT-25197,OTA-009576
FT-25198,OTA-009577
FT-25201,OTA-009578
TT-25202,OTA-009579
FT-25205,OTA-009580
LT-25206,OTA-009581
FT-25210,OTA-009582
PT-25212,OTA-009583
PT-25213,OTA-009584
LT-25214,OTA-009585
TT-25216,OTA-009586
LT-25220,OTA-009587
LT-25223,OTA-009588
TT-25224,OTA-009589
FT-25229,OTA-009590
FCV-25231,OTA-009591
TT-25234,OTA-009592
LT-25237,OTA-009593
FCV-25241,OTA-009594
LT-25242,OTA-009595
FCV-25243,OTA-009596
TT-25244,OTA-009597
FT-25245,OTA-009598
FT-25248,OTA-009599
PT-25251,OTA-009600
LT-25252,OTA-009601
FCV-25269,OTA-009602
TT-25270,OTA-009603
PT-25273,OTA-009604
FT-25275,OTA-009605
TT-25276,OTA-009606
PT-25277,OTA-009607
TT-25279,OTA-009608
TT-25283,OTA-009609
FT-25287,OTA-009610
FT-25288,OTA-009611
PT-25289,OTA-009612
PT-25292,OTA-009613
TT-25299,OTA-009614
PT-25301,OTA-009615
FCV-25304,OTA-009616
FCV-25307,OTA-009617
FCV-25309,OTA-009618
FT-25312,OTA-009619
FT-25320,OTA-009620
FCV-25321,OTA-009621
FCV-25322,OTA-009622
LT-25324,OTA-009623
LT-25331,OTA-009624
TT-25332,OTA-009625
LT-25333,OTA-009626
TT-25343,OTA-009627
PT-25354,OTA-009628
FT-25357,OTA-009629
TT-25358,OTA-009630
FT-25359,OTA-009631
FT-25361,OTA-009632
PT-25362,OTA-009633
PT-25363,OTA-009634
LT-25369,OTA-009635
LT-25372,OTA-009636
FCV-25376,OTA-009637
TT-25379,OTA-009638
FT-25381,OTA-009639
TT-25384,OTA-009640
FCV-25386,OTA-009641
FCV-25387,OTA-009642
FT-25393,OTA-009643
PT-25395,OTA-009644
PT-25405,OTA-009645
FT-25406,OTA-009646
FT-25409,OTA-009647
PT-25410,OTA-009648
FT-25413,OTA-009649
TT-25415,OTA-009650
FT-25417,OTA-009651
LT-25420,OTA-009652
LT-25423,OTA-009653
TT-25424,OTA-009654
PT-25436,OTA-009655
FCV-25437,OTA-009656
FT-25439,OTA-009657
PT-25441,OTA-009658
FT-25443,OTA-009659
FT-25445,OTA-009660
TT-25446,OTA-009661
TT-25447,OTA-009662
FCV-25454,OTA-009663
PT-25455,OTA-009664
FT-25456,OTA-009665
PT-25458,OTA-009666
LT-25461,OTA-009667
FT-25467,OTA-009668
LT-25469,OTA-009669
TT-25471,OTA-009670
PT-25472,OTA-009671
FCV-25473,OTA-009672
TT-25476,OTA-009673
FT-25478,OTA-009674
PT-25479,OTA-009675
PT-25482,OTA-009676
LT-25485,OTA-009677
TT-25491,OTA-009678
FT-25493,OTA-009679
LT-25494,OTA-009680
FT-25498,OTA-009681
FT-25499,OTA-009682
FT-25500,OTA-009683
TT-25501,OTA-009684
FT-25503,OTA-009685
FT-25504,OTA-009686
FCV-25505,OTA-009687
LT-25506,OTA-009688
FT-25507,OTA-009689
TT-25508,OTA-009690
LT-25509,OTA-009691
TT-25511,OTA-009692
LT-25514,OTA-009693
FT-25516,OTA-009694
PT-25519,OTA-009695
FT-25521,OTA-009696
TT-25522,OTA-009697
FCV-25524,OTA-009698
PT-25531,OTA-009699
FT-25538,OTA-009700
TT-25539,OTA-009701
FT-25540,OTA-009702
FT-25547,OTA-009703
TT-25548,OTA-009704
FCV-25551,OTA-009705
PT-25556,OTA-009706
LT-25558,OTA-009707
LT-25559,OTA-009708
FT-25564,OTA-009709
FT-25565,OTA-009710
TT-25566,OTA-009711
LT-25567,OTA-009712
TT-25568,OTA-009713
TT-25569,OTA-009714
LT-25571,OTA-009715
FCV-25576,OTA-009716
PT-25578,OTA-009717
FCV-25579,OTA-009718
FT-25581,OTA-009719
TT-25584,OTA-009720
PT-25585,OTA-009721
TT-25586,OTA-009722
PT-25591,OTA-009723
TT-25593,OTA-009724
TT-25597,OTA-009725
TT-25598,OTA-009726
LT-25602,OTA-009727
FT-25605,OTA-009728
PT-25610,OTA-009729
TT-25616,OTA-009730
FT-25617,OTA-009731
PT-25618,OTA-009732
FCV-25621,OTA-009733
PT-25622,OTA-009734
TT-25624,OTA-009735
FCV-25629,OTA-009736
FCV-25634,OTA-009737
FT-25636,OTA-009738
PT-25640,OTA-009739
FCV-25642,OTA-009740
PT-25644,OTA-009741
FT-25647,OTA-009742
TT-25648,OTA-009743
FT-25650,OTA-009744
FT-25651,OTA-009745
FT-25653,OTA-009746
LT-25654,OTA-009747
PT-25655,OTA-009748
PT-25657,OTA-009749
FCV-25658,OTA-009750
TT-25660,OTA-009751
TT-25661,OTA-009752
LT-25663,OTA-009753
LT-25666,OTA-009754
FT-25669,OTA-009755
FCV-25671,OTA-009756
TT-25672,OTA-009757
FT-25673,OTA-009758
PT-25676,OTA-009759
LT-25677,OTA-009760
PT-25680,OTA-009761
FCV-25683,OTA-009762
PT-25689,OTA-009763
FCV-25690,OTA-009764
TT-25692,OTA-009765
LT-25697,OTA-009766
PT-25700,OTA-009767
PT-25702,OTA-009768
PT-25708,OTA-009769
PT-25709,OTA-009770
FT-25711,OTA-009771
LT-25712,OTA-009772
PT-25713,OTA-009773
FCV-25718,OTA-009774
FT-25722,OTA-009775
LT-25723,OTA-009776
TT-25728,OTA-009777
TT-25730,OTA-009778
FT-25732,OTA-009779
FT-25734,OTA-009780
PT-25737,OTA-009781
FT-25739,OTA-009782
PT-25741,OTA-009783
LT-25742,OTA-009784
PT-25743,OTA-009785
TT-25745,OTA-009786
LT-25746,OTA-009787
FT-25747,OTA-009788
TT-25748,OTA-009789
LT-25749,OTA-009790
FT-25750,OTA-009791
PT-25752,OTA-009792
LT-25755,OTA-009793
FT-25756,OTA-009794
FT-25758,OTA-009795
PT-25760,OTA-009796
FT-25762,OTA-009797
FCV-25764,OTA-009798
PT-25768,OTA-009799
FT-25775,OTA-009800
LT-25781,OTA-009801
TT-25782,OTA-009802
TT-25787,OTA-009803
FT-25793,OTA-009804
LT-25803,OTA-009805
FT-25804,OTA-009806
PT-25810,OTA-009807
LT-25812,OTA-009808
TT-25813,OTA-009809
FCV-25818,OTA-009810
PT-25819,OTA-009811
LT-25821,OTA-009812
FT-25825,OTA-009813
PT-25827,OTA-009814
FT-25836,OTA-009815
FT-25839,OTA-009816
FT-25841,OTA-009817
TT-25842,OTA-009818
LT-25843,OTA-009819
FCV-25849,OTA-009820
PT-25851,OTA-009821
FT-25860,OTA-009822
FT-25865,OTA-009823
TT-25871,OTA-009824
LT-25877,OTA-009825
LT-25882,OTA-009826
LT-25884,OTA-009827
TT-25887,OTA-009828
PT-25888,OTA-009829
LT-25890,OTA-009830
FCV-25894,OTA-009831
PT-25896,OTA-009832
FCV-25902,OTA-009833
FCV-25906,OTA-009834
FT-25907,OTA-009835
FT-25908,OTA-009836
FCV-25909,OTA-009837
LT-25910,OTA-009838
TT-25911,OTA-009839
FCV-25912,OTA-009840
PT-25914,OTA-009841
LT-25915,OTA-009842
PT-25917,OTA-009843
TT-25920,OTA-009844
FCV-25922,OTA-009845
FT-25923,OTA-009846
LT-25924,OTA-009847
TT-25925,OTA-009848
TT-25931,OTA-009849
LT-25933,OTA-009850
FCV-25934,OTA-009851
PT-25937,OTA-009852
TT-25939,OTA-009853
FT-25940,OTA-009854
FT-25944,OTA-009855
PT-25945,OTA-009856
FCV-25947,OTA-009857
LT-25948,OTA-009858
LT-25949,OTA-009859
FT-25953,OTA-009860
FT-25954,OTA-009861
FCV-25956,OTA-009862
FCV-25959,OTA-009863
TT-25965,OTA-009864
TT-25966,OTA-009865
FT-25967,OTA-009866
LT-25971,OTA-009867
PT-25974,OTA-009868
TT-25975,OTA-009869
LT-25977,OTA-009870
FT-25982,OTA-009871
FT-25983,OTA-009872
PT-25984,OTA-009873
PT-25986,OTA-009874
FT-25987,OTA-009875
FT-25988,OTA-009876
FT-25989,OTA-009877
FCV-25992,OTA-009878
TT-25998,OTA-009879
TT-26000,OTA-009880
FT-26001,OTA-009881
LT-26006,OTA-009882
FCV-26011,OTA-009883
FT-26013,OTA-009884
PT-26019,OTA-009885
FCV-26021,OTA-009886
FT-26022,OTA-009887
FCV-26024,OTA-009888
TT-26025,OTA-009889
FCV-26026,OTA-009890
FT-26029,OTA-009891
LT-26037,OTA-009892
LT-26038,OTA-009893
FT-26039,OTA-009894
TT-26044,OTA-009895
LT-26046,OTA-009896
TT-26049,OTA-009897
FCV-26050,OTA-009898
FCV-26051,OTA-009899
FCV-26054,OTA-009900
TT-26055,OTA-009901
TT-26056,OTA-009902
PT-26060,OTA-009903
FCV-26063,OTA-009904
PT-26067,OTA-009905
FCV-26070,OTA-009906
PT-26071,OTA-009907
PT-26072,OTA-009908
TT-26073,OTA-009909
FCV-26074,OTA-009910
TT-26075,OTA-009911
PT-26080,OTA-009912
PT-26081,OTA-009913
TT-26083,OTA-009914
TT-26084,OTA-009915
FCV-26086,OTA-009916
PT-26089,OTA-009917
FT-26093,OTA-009918
LT-26098,OTA-009919
FCV-26099,OTA-009920
FT-26100,OTA-009921
TT-26103,OTA-009922
FCV-26105,OTA-009923
PT-26106,OTA-009924
TT-26109,OTA-009925
FCV-26111,OTA-009926
FT-26112,OTA-009927
FT-26114,OTA-009928
FT-26115,OTA-009929
PT-26117,OTA-009930
PT-26120,OTA-009931
LT-26121,OTA-009932
LT-26123,OTA-009933
PT-26124,OTA-009934
PT-26126,OTA-009935
PT-26129,OTA-009936
FT-26131,OTA-009937
TT-26136,OTA-009938
FCV-26137,OTA-009939
TT-26138,OTA-009940
TT-26139,OTA-009941
FCV-26140,OTA-009942
LT-26143,OTA-009943
FCV-26151,OTA-009944
TT-26157,OTA-009945
FCV-26160,OTA-009946
PT-26161,OTA-009947
PT-26163,OTA-009948
FCV-26165,OTA-009949
FT-26166,OTA-009950
PT-26172,OTA-009951
PT-26175,OTA-009952
PT-26177,OTA-009953
PT-26178,OTA-009954
FT-26180,OTA-009955
PT-26185,OTA-009956
PT-26189,OTA-009957
LT-26190,OTA-009958
FT-26192,OTA-009959
FT-26193,OTA-009960
LT-26195,OTA-009961
LT-26196,OTA-009962
LT-26199,OTA-009963
FCV-26201,OTA-009964
TT-26202,OTA-009965
PT-26203,OTA-009966
TT-26210,OTA-009967
TT-26218,OTA-009968
FT-26221,OTA-009969
TT-26222,OTA-009970
LT-26223,OTA-009971
PT-26224,OTA-009972
FT-26225,OTA-009973
FT-26227,OTA-009974
FCV-26228,OTA-009975
FT-26229,OTA-009976
LT-26230,OTA-009977
TT-26232,OTA-009978
FCV-26236,OTA-009979
PT-26242,OTA-009980
LT-26243,OTA-009981
FT-26244,OTA-009982
TT-26247,OTA-009983
TT-26248,OTA-009984
TT-26249,OTA-009985
TT-26252,OTA-009986
TT-26254,OTA-009987
FCV-26255,OTA-009988
FT-26257,OTA-009989
FT-26258,OTA-009990
FCV-26259,OTA-009991
FCV-26260,OTA-009992
FT-26265,OTA-009993
LT-26267,OTA-009994
TT-26268,OTA-009995
FCV-26275,OTA-009996
FCV-26276,OTA-009997
PT-26279,OTA-009998
FT-26281,OTA-009999
FT-26285,OTA-010000
LT-26286,OTA-010001
FCV-26290,OTA-010002
FCV-26291,OTA-010003
PT-26292,OTA-010004
FCV-26296,OTA-010005
LT-26297,OTA-010006
FT-26299,OTA-010007
PT-26302,OTA-010008
LT-26303,OTA-010009
TT-26305,OTA-010010
FCV-26307,OTA-010011
FT-26308,OTA-010012
LT-26309,OTA-010013
TT-26310,OTA-010014
FCV-26311,OTA-010015
FCV-26312,OTA-010016
LT-26313,OTA-010017
PT-26317,OTA-010018
TT-26318,OTA-010019
FCV-26321,OTA-010020
FCV-26323,OTA-010021
TT-26324,OTA-010022
FCV-26326,OTA-010023
PT-26328,OTA-010024
FT-26331,OTA-010025
PT-26334,OTA-010026
LT-26335,OTA-010027
LT-26336,OTA-010028
FCV-26343,OTA-010029
PT-26344,OTA-010030
LT-26346,OTA-010031
FCV-26349,OTA-010032
FT-26350,OTA-010033
FCV-26355,OTA-010034
PT-26360,OTA-010035
LT-26361,OTA-010036
LT-26364,OTA-010037
PT-26368,OTA-010038
FCV-26370,OTA-010039
FCV-26374,OTA-010040
FT-26382,OTA-010041
PT-26385,OTA-010042
FT-26386,OTA-010043
FCV-26387,OTA-010044
FT-26388,OTA-010045
PT-26391,OTA-010046
FCV-26392,OTA-010047
LT-26394,OTA-010048
FT-26398,OTA-010049
TT-26400,OTA-010050
FCV-26407,OTA-010051
FCV-26408,OTA-010052
PT-26412,OTA-010053
FCV-26416,OTA-010054
FCV-26418,OTA-010055
LT-26425,OTA-010056
TT-26426,OTA-010057
LT-26430,OTA-010058
LT-26431,OTA-010059
TT-26432,OTA-010060
LT-26433,OTA-010061
LT-26435,OTA-010062
TT-26438,OTA-010063
LT-26440,OTA-010064
FCV-26446,OTA-010065
LT-26447,OTA-010066
PT-26449,OTA-010067
FT-26450,OTA-010068
TT-26451,OTA-010069
FCV-26454,OTA-010070
LT-26455,OTA-010071
FCV-26456,OTA-010072
PT-26457,OTA-010073
LT-26458,OTA-010074
TT-26460,OTA-010075
FCV-26461,OTA-010076
FT-26462,OTA-010077
FCV-26463,OTA-010078
LT-26464,OTA-010079
LT-26465,OTA-010080
TT-26467,OTA-010081
PT-26470,OTA-010082
TT-26472,OTA-010083
PT-26474,OTA-010084
TT-26475,OTA-010085
LT-26476,OTA-010086
FT-26477,OTA-010087
FCV-26479,OTA-010088
FT-26481,OTA-010089
FT-26485,OTA-010090
TT-26486,OTA-010091
PT-26488,OTA-010092
PT-26489,OTA-010093
LT-26490,OTA-010094
FT-26491,OTA-010095
PT-26492,OTA-010096
LT-26493,OTA-010097
FT-26494,OTA-010098
FCV-26495,OTA-010099
PT-26497,OTA-010100
PT-26499,OTA-010101
FCV-26500,OTA-010102
LT-26502,OTA-010103
TT-26504,OTA-010104
FCV-26505,OTA-010105
LT-26507,OTA-010106
TT-26508,OTA-010107
LT-26511,OTA-010108
TT-26513,OTA-010109
PT-26514,OTA-010110
FT-26515,OTA-010111
TT-26517,OTA-010112
LT-26522,OTA-010113
LT-26524,OTA-010114
TT-26526,OTA-010115
FT-26528,OTA-010116
PT-26529,OTA-010117
PT-26530,OTA-010118
LT-26533,OTA-010119
FCV-26534,OTA-010120
TT-26537,OTA-010121
PT-26540,OTA-010122
FT-26541,OTA-010123
PT-26544,OTA-010124
TT-26550,OTA-010125
LT-26557,OTA-010126
FCV-26559,OTA-010127
FCV-26562,OTA-010128
FCV-26563,OTA-010129
FCV-26564,OTA-010130
TT-26567,OTA-010131
PT-26570,OTA-010132
LT-26579,OTA-010133
TT-26586,OTA-010134
TT-26587,OTA-010135
FT-26588,OTA-010136
LT-26589,OTA-010137
PT-26590,OTA-010138
FT-26591,OTA-010139
FT-26593,OTA-010140
FCV-26595,OTA-010141
FCV-26599,OTA-010142
FT-26600,OTA-010143
LT-26601,OTA-010144
LT-26602,OTA-010145
TT-26604,OTA-010146
PT-26611,OTA-010147
FT-26613,OTA-010148
FT-26615,OTA-010149
TT-26616,OTA-010150
PT-26618,OTA-010151
TT-26619,OTA-010152
TT-26620,OTA-010153
PT-26621,OTA-010154
LT-26622,OTA-010155
LT-26623,OTA-010156
TT-26628,OTA-010157
FT-26633,OTA-010158
LT-26636,OTA-010159
FT-26642,OTA-010160
LT-26645,OTA-010161
LT-26647,OTA-010162
FCV-26648,OTA-010163
PT-26649,OTA-010164
FCV-26651,OTA-010165
TT-26655,OTA-010166
FT-26656,OTA-010167
FCV-26666,OTA-010168
FT-26667,OTA-010169
FCV-26675,OTA-010170
TT-26679,OTA-010171
TT-26680,OTA-010172
FCV-26686,OTA-010173
LT-26692,OTA-010174
FT-26693,OTA-010175
FT-26695,OTA-010176
LT-26699,OTA-010177
FCV-26703,OTA-010178
FT-26705,OTA-010179
TT-26707,OTA-010180
FT-26709,OTA-010181
LT-26712,OTA-010182
TT-26713,OTA-010183
LT-26723,OTA-010184
LT-26724,OTA-010185
FT-26725,OTA-010186
LT-26726,OTA-010187
FCV-26732,OTA-010188
LT-26734,OTA-010189
PT-26737,OTA-010190
FCV-26738,OTA-010191
TT-26739,OTA-010192
LT-26741,OTA-010193
PT-26745,OTA-010194
FCV-26747,OTA-010195
LT-26748,OTA-010196
LT-26749,OTA-010197
PT-26750,OTA-010198
LT-26752,OTA-010199
FCV-26753,OTA-010200
FCV-26754,OTA-010201
LT-26762,OTA-010202
FCV-26764,OTA-010203
LT-26766,OTA-010204
LT-26769,OTA-010205
TT-26770,OTA-010206
LT-26774,OTA-010207
FCV-26775,OTA-010208
FCV-26779,OTA-010209
TT-26780,OTA-010210
TT-26787,OTA-010211
TT-26791,OTA-010212
FCV-26792,OTA-010213
TT-26795,OTA-010214
FT-26798,OTA-010215
PT-26801,OTA-010216
TT-26804,OTA-010217
TT-26807,OTA-010218
FT-26811,OTA-010219
FT-26813,OTA-010220
TT-26814,OTA-010221
PT-26816,OTA-010222
FT-26818,OTA-010223
PT-26821,OTA-010224
TT-26822,OTA-010225
PT-26826,OTA-010226
LT-26828,OTA-010227
FT-26833,OTA-010228
FCV-26834,OTA-010229
FCV-26835,OTA-010230
LT-26837,OTA-010231
FT-26840,OTA-010232
TT-26844,OTA-010233
FT-26849,OTA-010234
TT-26855,OTA-010235
LT-26858,OTA-010236
TT-26860,OTA-010237
TT-26862,OTA-010238
FCV-26873,OTA-010239
PT-26874,OTA-010240
LT-26875,OTA-010241
PT-26877,OTA-010242
LT-26886,OTA-010243
PT-26887,OTA-010244
PT-26891,OTA-010245
TT-26899,OTA-010246
LT-26901,OTA-010247
PT-26902,OTA-010248
LT-26903,OTA-010249
LT-26904,OTA-010250
TT-26907,OTA-010251
FCV-26911,OTA-010252
FCV-26914,OTA-010253
FT-26922,OTA-010254
FCV-26929,OTA-010255
FCV-26934,OTA-010256
LT-26935,OTA-010257
FT-26937,OTA-010258
FT-26938,OTA-010259
FCV-26939,OTA-010260
TT-26940,OTA-010261
FT-26943,OTA-010262
FCV-26946,OTA-010263
LT-26947,OTA-010264
LT-26951,OTA-010265
PT-26952,OTA-010266
TT-26953,OTA-010267
LT-26955,OTA-010268
LT-26961,OTA-010269
LT-26962,OTA-010270
PT-26965,OTA-010271
FT-26966,OTA-010272
FT-26969,OTA-010273
FT-26972,OTA-010274
LT-26973,OTA-010275
FCV-26976,OTA-010276
TT-26978,OTA-010277
FT-26982,OTA-010278
TT-26985,OTA-010279
TT-26987,OTA-010280
TT-26989,OTA-010281
FT-26990,OTA-010282
FT-27002,OTA-010283
PT-27003,OTA-010284
FT-27005,OTA-010285
TT-27006,OTA-010286
PT-27009,OTA-010287
FT-27012,OTA-010288
LT-27013,OTA-010289
FT-27014,OTA-010290
PT-27020,OTA-010291
PT-27022,OTA-010292
FCV-27023,OTA-010293
LT-27024,OTA-010294
FT-27025,OTA-010295
TT-27031,OTA-010296
FT-27032,OTA-010297
PT-27036,OTA-010298
LT-27040,OTA-010299
FT-27041,OTA-010300
PT-27044,OTA-010301
FT-27054,OTA-010302
FT-27056,OTA-010303
FCV-27058,OTA-010304
FT-27061,OTA-010305
FT-27062,OTA-010306
TT-27064,OTA-010307
TT-27065,OTA-010308
FT-27066,OTA-010309
TT-27067,OTA-010310
FCV-27069,OTA-010311
LT-27071,OTA-010312
FT-27074,OTA-010313
PT-27076,OTA-010314
TT-27079,OTA-010315
PT-27080,OTA-010316
TT-27083,OTA-010317
FCV-27084,OTA-010318
FT-27085,OTA-010319
FCV-27090,OTA-010320
PT-27091,OTA-010321
FCV-27096,OTA-010322
TT-27098,OTA-010323
PT-27099,OTA-010324
TT-27100,OTA-010325
FT-27101,OTA-010326
LT-27104,OTA-010327
LT-27105,OTA-010328
FT-27106,OTA-010329
FT-27107,OTA-010330
LT-27108,OTA-010331
FCV-27109,OTA-010332
FCV-27111,OTA-010333
PT-27112,OTA-010334
FCV-27113,OTA-010335
PT-27114,OTA-010336
FCV-27118,OTA-010337
FT-27119,OTA-010338
LT-27123,OTA-010339
FT-27124,OTA-010340
LT-27126,OTA-010341
PT-27127,OTA-010342
TT-27136,OTA-010343
FT-27137,OTA-010344
TT-27138,OTA-010345
TT-27141,OTA-010346
FCV-27143,OTA-010347
FT-27144,OTA-010348
FCV-27147,OTA-010349
LT-27148,OTA-010350
TT-27149,OTA-010351
TT-27161,OTA-010352
PT-27166,OTA-010353
TT-27168,OTA-010354
TT-27171,OTA-010355
FCV-27173,OTA-010356
LT-27177,OTA-010357
TT-27181,OTA-010358
TT-27184,OTA-010359
LT-27192,OTA-010360
FT-27195,OTA-010361
LT-27198,OTA-010362
FCV-27200,OTA-010363
LT-27202,OTA-010364
PT-27203,OTA-010365
FCV-27204,OTA-010366
FT-27207,OTA-010367
FT-27209,OTA-010368
PT-27210,OTA-010369
LT-27211,OTA-010370
PT-27213,OTA-010371
FCV-27217,OTA-010372
LT-27218,OTA-010373
LT-27220,OTA-010374
FCV-27222,OTA-010375
FCV-27224,OTA-010376
FT-27228,OTA-010377
FT-27231,OTA-010378
LT-27235,OTA-010379
FCV-27239,OTA-010380
PT-27246,OTA-010381
PT-27249,OTA-010382
FCV-27250,OTA-010383
TT-27252,OTA-010384
FT-27253,OTA-010385
LT-27255,OTA-010386
LT-27256,OTA-010387
FCV-27257,OTA-010388
LT-27260,OTA-010389
TT-27261,OTA-010390
FCV-27264,OTA-010391
LT-27265,OTA-010392
LT-27267,OTA-010393
PT-27269,OTA-010394
FCV-27271,OTA-010395
FT-27272,OTA-010396
FCV-27274,OTA-010397
FT-27275,OTA-010398
TT-27277,OTA-010399
FT-27278,OTA-010400
LT-27280,OTA-010401
TT-27281,OTA-010402
FT-27283,OTA-010403
PT-27285,OTA-010404
TT-27286,OTA-010405
PT-27287,OTA-010406
FCV-27291,OTA-010407
FCV-27293,OTA-010408
FCV-27300,OTA-010409
TT-27302,OTA-010410
PT-27303,OTA-010411
LT-27307,OTA-010412
PT-27309,OTA-010413
PT-27310,OTA-010414
FCV-27312,OTA-010415
PT-27313,OTA-010416
TT-27314,OTA-010417
FCV-27318,OTA-010418
TT-27322,OTA-010419
FT-27323,OTA-010420
LT-27325,OTA-010421
FCV-27326,OTA-010422
PT-27331,OTA-010423
LT-27335,OTA-010424
LT-27338,OTA-010425
PT-27342,OTA-010426
LT-27343,OTA-010427
PT-27344,OTA-010428
FCV-27347,OTA-010429
PT-27348,OTA-010430
FT-27349,OTA-010431
FT-27350,OTA-010432
FCV-27353,OTA-010433
LT-27354,OTA-010434
FCV-27355,OTA-010435
LT-27357,OTA-010436
FT-27362,OTA-010437
FCV-27363,OTA-010438
PT-27365,OTA-010439
FT-27366,OTA-010440
PT-27368,OTA-010441
TT-27369,OTA-010442
LT-27374,OTA-010443
FT-27375,OTA-010444
PT-27378,OTA-010445
TT-27382,OTA-010446
TT-27383,OTA-010447
PT-27384,OTA-010448
TT-27385,OTA-010449
FT-27386,OTA-010450
PT-27389,OTA-010451
FCV-27390,OTA-010452
TT-27391,OTA-010453
FCV-27393,OTA-010454
FCV-27396,OTA-010455
FCV-27397,OTA-010456
FT-27400,OTA-010457
PT-27401,OTA-010458
FT-27403,OTA-010459
FT-27406,OTA-010460
PT-27407,OTA-010461
FCV-27408,OTA-010462
LT-27414,OTA-010463
FT-27415,OTA-010464
PT-27417,OTA-010465
LT-27419,OTA-010466
TT-27420,OTA-010467
LT-27425,OTA-010468
FT-27426,OTA-010469
FCV-27437,OTA-010470
FT-27438,OTA-010471
LT-27440,OTA-010472
TT-27445,OTA-010473
PT-27449,OTA-010474
TT-27453,OTA-010475
FCV-27456,OTA-010476
PT-27461,OTA-010477
PT-27470,OTA-010478
PT-27476,OTA-010479
LT-27478,OTA-010480
TT-27481,OTA-010481
PT-27482,OTA-010482
FCV-27484,OTA-010483
PT-27493,OTA-010484
PT-27498,OTA-010485
TT-27502,OTA-010486
LT-27505,OTA-010487
FCV-27508,OTA-010488
FT-27514,OTA-010489
FCV-27515,OTA-010490
FCV-27516,OTA-010491
PT-27520,OTA-010492
PT-27521,OTA-010493
FT-27525,OTA-010494
FT-27527,OTA-010495
LT-27531,OTA-010496
TT-27532,OTA-010497
LT-27539,OTA-010498
LT-27544,OTA-010499
FT-27545,OTA-010500
PT-27546,OTA-010501
FCV-27551,OTA-010502
TT-27552,OTA-010503
TT-27559,OTA-010504
FCV-27561,OTA-010505
PT-27562,OTA-010506
FCV-27563,OTA-010507
FT-27564,OTA-010508
LT-27566,OTA-010509
FCV-27567,OTA-010510
TT-27568,OTA-010511
LT-27571,OTA-010512
LT-27575,OTA-010513
FCV-27583,OTA-010514
TT-27584,OTA-010515
LT-27588,OTA-010516
LT-27589,OTA-010517
FT-27590,OTA-010518
FT-27591,OTA-010519
FCV-27595,OTA-010520
PT-27598,OTA-010521
LT-27604,OTA-010522
TT-27610,OTA-010523
PT-27616,OTA-010524
FT-27617,OTA-010525
TT-27618,OTA-010526
FCV-27619,OTA-010527
FT-27620,OTA-010528
LT-27626,OTA-010529
FT-27630,OTA-010530
PT-27631,OTA-010531
PT-27632,OTA-010532
FCV-27634,OTA-010533
FT-27637,OTA-010534
PT-27641,OTA-010535
TT-27645,OTA-010536
TT-27647,OTA-010537
FCV-27653,OTA-010538
FCV-27654,OTA-010539
LT-27655,OTA-010540
LT-27656,OTA-010541
TT-27658,OTA-010542
FT-27661,OTA-010543
FCV-27664,OTA-010544
LT-27665,OTA-010545
TT-27666,OTA-010546
PT-27671,OTA-010547
FCV-27677,OTA-010548
TT-27678,OTA-010549
PT-27679,OTA-010550
TT-27682,OTA-010551
LT-27683,OTA-010552
TT-27685,OTA-010553
TT-27686,OTA-010554
TT-27692,OTA-010555
TT-27697,OTA-010556
TT-27699,OTA-010557
LT-27705,OTA-010558
PT-27706,OTA-010559
FCV-27709,OTA-010560
LT-27712,OTA-010561
TT-27713,OTA-010562
TT-27715,OTA-010563
FT-27716,OTA-010564
LT-27718,OTA-010565
FCV-27722,OTA-010566
PT-27723,OTA-010567
TT-27724,OTA-010568
FCV-27726,OTA-010569
TT-27727,OTA-010570
FCV-27738,OTA-010571
LT-27739,OTA-010572
FT-27746,OTA-010573
PT-27750,OTA-010574
TT-27751,OTA-010575
FT-27752,OTA-010576
TT-27754,OTA-010577
FCV-27756,OTA-010578
TT-27757,OTA-010579
PT-27758,OTA-010580
TT-27760,OTA-010581
LT-27765,OTA-010582
FT-27768,OTA-010583
FCV-27771,OTA-010584
FCV-27774,OTA-010585
FCV-27775,OTA-010586
FT-27776,OTA-010587
FT-27778,OTA-010588
FT-27779,OTA-010589
LT-27784,OTA-010590
TT-27790,OTA-010591
FCV-27791,OTA-010592
FT-27792,OTA-010593
PT-27793,OTA-010594
LT-27794,OTA-010595
PT-27798,OTA-010596
FT-27799,OTA-010597
PT-27802,OTA-010598
FT-27803,OTA-010599
FCV-27806,OTA-010600
LT-27807,OTA-010601
PT-27809,OTA-010602
FCV-27810,OTA-010603
TT-27813,OTA-010604
TT-27816,OTA-010605
FCV-27817,OTA-010606
FCV-27822,OTA-010607
FCV-27827,OTA-010608
TT-27828,OTA-010609
FT-27832,OTA-010610
PT-27835,OTA-010611
LT-27839,OTA-010612
FT-27840,OTA-010613
TT-27841,OTA-010614
PT-27842,OTA-010615
LT-27845,OTA-010616
FT-27847,OTA-010617
TT-27850,OTA-010618
TT-27857,OTA-010619
TT-27861,OTA-010620
TT-27864,OTA-010621
FCV-27867,OTA-010622
FT-27869,OTA-010623
FCV-27872,OTA-010624
FT-27873,OTA-010625
FT-27875,OTA-010626
FT-27877,OTA-010627
TT-27882,OTA-010628
FT-27885,OTA-010629
FT-27886,OTA-010630
FCV-27888,OTA-010631
LT-27889,OTA-010632
FT-27895,OTA-010633
FCV-27897,OTA-010634
FT-27898,OTA-010635
FCV-27902,OTA-010636
FT-27906,OTA-010637
LT-27908,OTA-010638
TT-27910,OTA-010639
PT-27911,OTA-010640
FT-27912,OTA-010641
FT-27913,OTA-010642
FCV-27914,OTA-010643
FCV-27917,OTA-010644
FT-27920,OTA-010645
LT-27921,OTA-010646
FCV-27923,OTA-010647
FCV-27926,OTA-010648
TT-27927,OTA-010649
FCV-27931,OTA-010650
FT-27932,OTA-010651
LT-27940,OTA-010652
FCV-27941,OTA-010653
FCV-27943,OTA-010654
LT-27948,OTA-010655
PT-27951,OTA-010656
TT-27955,OTA-010657
LT-27956,OTA-010658
TT-27958,OTA-010659
PT-27963,OTA-010660
FT-27964,OTA-010661
PT-27967,OTA-010662
LT-27974,OTA-010663
FCV-27977,OTA-010664
FCV-27978,OTA-010665
FT-27979,OTA-010666
PT-27980,OTA-010667
FT-27987,OTA-010668
FT-27988,OTA-010669
FCV-27992,OTA-010670
FT-27993,OTA-010671
PT-27995,OTA-010672
TT-27999,OTA-010673
LT-28002,OTA-010674
FT-28004,OTA-010675
FCV-28006,OTA-010676
TT-28009,OTA-010677
PT-28011,OTA-010678
FCV-28012,OTA-010679
FCV-28013,OTA-010680
FCV-28017,OTA-010681
LT-28018,OTA-010682
FT-28020,OTA-010683
TT-28022,OTA-010684
FT-28025,OTA-010685
LT-28028,OTA-010686
FT-28031,OTA-010687
PT-28034,OTA-010688
TT-28035,OTA-010689
PT-28037,OTA-010690
FT-28039,OTA-010691
TT-28044,OTA-010692
TT-28048,OTA-010693
FT-28058,OTA-010694
FT-28059,OTA-010695
FT-28061,OTA-010696
TT-28062,OTA-010697
TT-28063,OTA-010698
FT-28065,OTA-010699
PT-28071,OTA-010700
LT-28075,OTA-010701
TT-28077,OTA-010702
LT-28081,OTA-010703
PT-28084,OTA-010704
FCV-28085,OTA-010705
LT-28086,OTA-010706
FCV-28087,OTA-010707
FCV-28092,OTA-010708
PT-28094,OTA-010709
FCV-28096,OTA-010710
FCV-28099,OTA-010711
PT-28101,OTA-010712
PT-28102,OTA-010713
FT-28103,OTA-010714
TT-28104,OTA-010715
TT-28107,OTA-010716
PT-28111,OTA-010717
LT-28112,OTA-010718
FT-28114,OTA-010719
FT-28115,OTA-010720
FCV-28117,OTA-010721
LT-28118,OTA-010722
PT-28120,OTA-010723
FT-28121,OTA-010724
PT-28122,OTA-010725
TT-28123,OTA-010726
PT-28124,OTA-010727
LT-28127,OTA-010728
FCV-28128,OTA-010729
FT-28129,OTA-010730
LT-28135,OTA-010731
FCV-28140,OTA-010732
PT-28142,OTA-010733
FCV-28144,OTA-010734
FT-28146,OTA-010735
TT-28147,OTA-010736
LT-28151,OTA-010737
TT-28155,OTA-010738
LT-28157,OTA-010739
PT-28160,OTA-010740
FCV-28165,OTA-010741
LT-28168,OTA-010742
LT-28170,OTA-010743
FT-28171,OTA-010744
TT-28175,OTA-010745
PT-28179,OTA-010746
TT-28180,OTA-010747
PT-28181,OTA-010748
FT-28182,OTA-010749
PT-28183,OTA-010750
TT-28188,OTA-010751
FCV-28196,OTA-010752
FCV-28198,OTA-010753
FCV-28200,OTA-010754
FT-28202,OTA-010755
FCV-28204,OTA-010756
FT-28206,OTA-010757
PT-28210,OTA-010758
FCV-28211,OTA-010759
PT-28214,OTA-010760
PT-28216,OTA-010761
FCV-28230,OTA-010762
LT-28232,OTA-010763
LT-28234,OTA-010764
FT-28239,OTA-010765
FT-28240,OTA-010766
LT-28242,OTA-010767
FCV-28243,OTA-010768
LT-28248,OTA-010769
FT-28257,OTA-010770
LT-28259,OTA-010771
LT-28262,OTA-010772
LT-28264,OTA-010773
PT-28266,OTA-010774
FCV-28267,OTA-010775
LT-28269,OTA-010776
FT-28271,OTA-010777
LT-28276,OTA-010778
TT-28281,OTA-010779
FCV-28282,OTA-010780
PT-28287,OTA-010781
LT-28288,OTA-010782
LT-28289,OTA-010783
PT-28295,OTA-010784
LT-28300,OTA-010785
TT-28303,OTA-010786
FT-28304,OTA-010787
PT-28306,OTA-010788
LT-28307,OTA-010789
FT-28308,OTA-010790
FT-28314,OTA-010791
FT-28316,OTA-010792
TT-28320,OTA-010793
LT-28321,OTA-010794
PT-28322,OTA-010795
TT-28325,OTA-010796
PT-28326,OTA-010797
FCV-28329,OTA-010798
LT-28331,OTA-010799
PT-28333,OTA-010800
TT-28336,OTA-010801
FT-28338,OTA-010802
TT-28339,OTA-010803
TT-28340,OTA-010804
FT-28348,OTA-010805
FT-28349,OTA-010806
FCV-28351,OTA-010807
PT-28355,OTA-010808
FCV-28362,OTA-010809
LT-28367,OTA-010810
FCV-28368,OTA-010811
FT-28369,OTA-010812
FT-28370,OTA-010813
LT-28376,OTA-010814
PT-28377,OTA-010815
TT-28379,OTA-010816
PT-28381,OTA-010817
FT-28383,OTA-010818
PT-28384,OTA-010819
LT-28385,OTA-010820
FCV-28386,OTA-010821
FCV-28387,OTA-010822
PT-28391,OTA-010823
FT-28394,OTA-010824
LT-28396,OTA-010825
LT-28397,OTA-010826
TT-28398,OTA-010827
FT-28401,OTA-010828
TT-28403,OTA-010829
FCV-28408,OTA-010830
FT-28409,OTA-010831
FT-28413,OTA-010832
FCV-28415,OTA-010833
LT-28417,OTA-010834
FCV-28419,OTA-010835
PT-28420,OTA-010836
FCV-28421,OTA-010837
PT-28422,OTA-010838
FT-28423,OTA-010839
FT-28431,OTA-010840
FCV-28432,OTA-010841
FT-28438,OTA-010842
FCV-28439,OTA-010843
FT-28443,OTA-010844
PT-28444,OTA-010845
LT-28445,OTA-010846
PT-28446,OTA-010847
FT-28449,OTA-010848
LT-28452,OTA-010849
PT-28453,OTA-010850
TT-28454,OTA-010851
FT-28457,OTA-010852
LT-28458,OTA-010853
FT-28462,OTA-010854
FCV-28464,OTA-010855
PT-28469,OTA-010856
PT-28474,OTA-010857
PT-28479,OTA-010858
FT-28481,OTA-010859
PT-28483,OTA-010860
TT-28484,OTA-010861
TT-28488,OTA-010862
FT-28489,OTA-010863
FCV-28495,OTA-010864
PT-28501,OTA-010865
LT-28502,OTA-010866
TT-28504,OTA-010867
TT-28505,OTA-010868
FCV-28506,OTA-010869
PT-28508,OTA-010870
FCV-28517,OTA-010871
FT-28524,OTA-010872
FT-28525,OTA-010873
LT-28526,OTA-010874
FCV-28528,OTA-010875
FCV-28529,OTA-010876
FCV-28531,OTA-010877
FCV-28534,OTA-010878
FT-28536,OTA-010879
TT-28539,OTA-010880
PT-28540,OTA-010881
FT-28544,OTA-010882
LT-28548,OTA-010883
PT-28553,OTA-010884
FCV-28561,OTA-010885
FT-28563,OTA-010886
PT-28564,OTA-010887
FT-28566,OTA-010888
LT-28567,OTA-010889
PT-28569,OTA-010890
TT-28570,OTA-010891
TT-28573,OTA-010892
FT-28574,OTA-010893
TT-28576,OTA-010894
TT-28577,OTA-010895
LT-28578,OTA-010896
FT-28579,OTA-010897
FCV-28583,OTA-010898
LT-28585,OTA-010899
LT-28590,OTA-010900
FCV-28591,OTA-010901
FT-28594,OTA-010902
LT-28595,OTA-010903
TT-28597,OTA-010904
FCV-28598,OTA-010905
FCV-28604,OTA-010906
PT-28606,OTA-010907
FCV-28608,OTA-010908
PT-28609,OTA-010909
PT-28612,OTA-010910
LT-28613,OTA-010911
FT-28615,OTA-010912
TT-28617,OTA-010913
FCV-28619,OTA-010914
LT-28620,OTA-010915
PT-28623,OTA-010916
TT-28625,OTA-010917
FCV-28630,OTA-010918
LT-28631,OTA-010919
FCV-28632,OTA-010920
FT-28633,OTA-010921
PT-28634,OTA-010922
PT-28636,OTA-010923
FCV-28637,OTA-010924
LT-28638,OTA-010925
TT-28639,OTA-010926
PT-28640,OTA-010927
TT-28650,OTA-010928
LT-28652,OTA-010929
TT-28655,OTA-010930
PT-28658,OTA-010931
FCV-28661,OTA-010932
PT-28662,OTA-010933
TT-28670,OTA-010934
FT-28674,OTA-010935
FT-28679,OTA-010936
PT-28686,OTA-010937
LT-28687,OTA-010938
FCV-28688,OTA-010939
LT-28691,OTA-010940
PT-28700,OTA-010941
PT-28702,OTA-010942
FCV-28704,OTA-010943
TT-28709,OTA-010944
FCV-28710,OTA-010945
FT-28717,OTA-010946
PT-28719,OTA-010947
FCV-28721,OTA-010948
LT-28722,OTA-010949
FCV-28725,OTA-010950
FT-28729,OTA-010951
PT-28733,OTA-010952
PT-28734,OTA-010953
TT-28735,OTA-010954
FCV-28736,OTA-010955
FCV-28738,OTA-010956
LT-28745,OTA-010957
TT-28746,OTA-010958
TT-28748,OTA-010959
LT-28750,OTA-010960
LT-28751,OTA-010961
FT-28753,OTA-010962
LT-28755,OTA-010963
FT-28759,OTA-010964
LT-28760,OTA-010965
FT-28767,OTA-010966
FCV-28769,OTA-010967
FCV-28770,OTA-010968
LT-28771,OTA-010969
TT-28776,OTA-010970
PT-28784,OTA-010971
PT-28790,OTA-010972
FT-28791,OTA-010973
TT-28792,OTA-010974
FT-28794,OTA-010975
LT-28803,OTA-010976
TT-28806,OTA-010977
PT-28807,OTA-010978
TT-28808,OTA-010979
FT-28810,OTA-010980
FCV-28817,OTA-010981
PT-28818,OTA-010982
LT-28820,OTA-010983
LT-28821,OTA-010984
TT-28822,OTA-010985
TT-28825,OTA-010986
FCV-28828,OTA-010987
FT-28831,OTA-010988
LT-28833,OTA-010989
TT-28834,OTA-010990
LT-28835,OTA-010991
FCV-28836,OTA-010992
FT-28837,OTA-010993
TT-28839,OTA-010994
LT-28840,OTA-010995
LT-28841,OTA-010996
FT-28842,OTA-010997
FT-28844,OTA-010998
LT-28845,OTA-010999
TT-28847,OTA-011000
TT-28849,OTA-011001
FT-28850,OTA-011002
PT-28853,OTA-011003
FT-28856,OTA-011004
FCV-28858,OTA-011005
PT-28860,OTA-011006
FT-28861,OTA-011007
FCV-28863,OTA-011008
TT-28865,OTA-011009
FT-28870,OTA-011010
PT-28871,OTA-011011
FCV-28875,OTA-011012
TT-28876,OTA-011013
FCV-28880,OTA-011014
TT-28881,OTA-011015
LT-28885,OTA-011016
FCV-28889,OTA-011017
FCV-28890,OTA-011018
FT-28891,OTA-011019
PT-28894,OTA-011020
FCV-28898,OTA-011021
FCV-28899,OTA-011022
PT-28901,OTA-011023
FCV-28902,OTA-011024
FCV-28904,OTA-011025
TT-28905,OTA-011026
FT-28906,OTA-011027
FT-28907,OTA-011028
LT-28910,OTA-011029
TT-28914,OTA-011030
LT-28922,OTA-011031
TT-28923,OTA-011032
TT-28928,OTA-011033
PT-28929,OTA-011034
TT-28932,OTA-011035
LT-28935,OTA-011036
FCV-28937,OTA-011037
TT-28938,OTA-011038
FCV-28943,OTA-011039
TT-28945,OTA-011040
TT-28946,OTA-011041
FCV-28949,OTA-011042
TT-28950,OTA-011043
FT-28952,OTA-011044
TT-28953,OTA-011045
FT-28956,OTA-011046
FCV-28963,OTA-011047
FT-28964,OTA-011048
LT-28967,OTA-011049
FCV-28970,OTA-011050
PT-28971,OTA-011051
TT-28975,OTA-011052
TT-28978,OTA-011053
FT-28980,OTA-011054
PT-28983,OTA-011055
FT-28984,OTA-011056
LT-28987,OTA-011057
LT-28991,OTA-011058
FT-28992,OTA-011059
LT-28993,OTA-011060
FCV-28994,OTA-011061
LT-28999,OTA-011062
FT-29005,OTA-011063
TT-29007,OTA-011064
FCV-29008,OTA-011065
FT-29009,OTA-011066
PT-29020,OTA-011067
FT-29024,OTA-011068
FT-29025,OTA-011069
FT-29026,OTA-011070
FT-29028,OTA-011071
TT-29031,OTA-011072
FCV-29033,OTA-011073
LT-29035,OTA-011074
FT-29036,OTA-011075
FT-29039,OTA-011076
PT-29041,OTA-011077
TT-29042,OTA-011078
FCV-29046,OTA-011079
FT-29047,OTA-011080
FCV-29048,OTA-011081
FT-29053,OTA-011082
LT-29055,OTA-011083
PT-29059,OTA-011084
FT-29062,OTA-011085
TT-29063,OTA-011086
PT-29064,OTA-011087
FCV-29067,OTA-011088
FT-29071,OTA-011089
FT-29084,OTA-011090
PT-29085,OTA-011091
FCV-29087,OTA-011092
TT-29088,OTA-011093
FT-29089,OTA-011094
TT-29090,OTA-011095
FT-29093,OTA-011096
LT-29094,OTA-011097
TT-29097,OTA-011098
PT-29101,OTA-011099
PT-29102,OTA-011100
TT-29104,OTA-011101
FT-29105,OTA-011102
FCV-29106,OTA-011103
LT-29107,OTA-011104
FT-29109,OTA-011105
LT-29110,OTA-011106
TT-29114,OTA-011107
TT-29117,OTA-011108
PT-29122,OTA-011109
FCV-29124,OTA-011110
FCV-29126,OTA-011111
TT-29129,OTA-011112
TT-29130,OTA-011113
TT-29135,OTA-011114
LT-29141,OTA-011115
FCV-29147,OTA-011116
LT-29148,OTA-011117
TT-29152,OTA-011118
TT-29156,OTA-011119
LT-29157,OTA-011120
FCV-29158,OTA-011121
PT-29161,OTA-011122
PT-29162,OTA-011123
FCV-29166,OTA-011124
FCV-29167,OTA-011125
FT-29170,OTA-011126
PT-29174,OTA-011127
TT-29180,OTA-011128
LT-29184,OTA-011129
FT-29186,OTA-011130
FT-29190,OTA-011131
TT-29192,OTA-011132
LT-29197,OTA-011133
TT-29200,OTA-011134
LT-29203,OTA-011135
TT-29212,OTA-011136
FT-29214,OTA-011137
FT-29215,OTA-011138
LT-29216,OTA-011139
FCV-29217,OTA-011140
FT-29220,OTA-011141
FT-29221,OTA-011142
FT-29226,OTA-011143
LT-29235,OTA-011144
LT-29236,OTA-011145
TT-29237,OTA-011146
PT-29238,OTA-011147
PT-29240,OTA-011148
PT-29244,OTA-011149
FCV-29246,OTA-011150
FT-29247,OTA-011151
TT-29249,OTA-011152
FT-29250,OTA-011153
LT-29252,OTA-011154
PT-29255,OTA-011155
LT-29257,OTA-011156
PT-29260,OTA-011157
TT-29263,OTA-011158
FCV-29266,OTA-011159
LT-29267,OTA-011160
PT-29268,OTA-011161
PT-29272,OTA-011162
TT-29274,OTA-011163
PT-29275,OTA-011164
FCV-29276,OTA-011165
FT-29279,OTA-011166
FT-29280,OTA-011167
TT-29281,OTA-011168
FT-29282,OTA-011169
LT-29284,OTA-011170
FT-29288,OTA-011171
TT-29290,OTA-011172
FCV-29292,OTA-011173
FCV-29302,OTA-011174
FT-29304,OTA-011175
PT-29307,OTA-011176
LT-29312,OTA-011177
FT-29313,OTA-011178
FT-29314,OTA-011179
FCV-29315,OTA-011180
LT-29317,OTA-011181
PT-29318,OTA-011182
FT-29326,OTA-011183
TT-29328,OTA-011184
FT-29329,OTA-011185
TT-29334,OTA-011186
FT-29336,OTA-011187
TT-29337,OTA-011188
FCV-29340,OTA-011189
TT-29346,OTA-011190
FCV-29347,OTA-011191
FT-29348,OTA-011192
TT-29352,OTA-011193
TT-29353,OTA-011194
FT-29355,OTA-011195
FCV-29357,OTA-011196
FT-29359,OTA-011197
FT-29367,OTA-011198
TT-29368,OTA-011199
FT-29374,OTA-011200
TT-29382,OTA-011201
FCV-29386,OTA-011202
LT-29387,OTA-011203
FCV-29388,OTA-011204
TT-29400,OTA-011205
LT-29401,OTA-011206
FCV-29403,OTA-011207
FT-29407,OTA-011208
LT-29408,OTA-011209
LT-29410,OTA-011210
FCV-29413,OTA-011211
FT-29414,OTA-011212
TT-29415,OTA-011213
FCV-29421,OTA-011214
FCV-29423,OTA-011215
LT-29424,OTA-011216
PT-29425,OTA-011217
TT-29427,OTA-011218
LT-29432,OTA-011219
PT-29434,OTA-011220
FCV-29437,OTA-011221
FT-29439,OTA-011222
LT-29440,OTA-011223
FCV-29443,OTA-011224
FCV-29444,OTA-011225
PT-29454,OTA-011226
LT-29456,OTA-011227
PT-29457,OTA-011228
PT-29459,OTA-011229
FCV-29460,OTA-011230
TT-29463,OTA-011231
FT-29465,OTA-011232
PT-29467,OTA-011233
TT-29468,OTA-011234
TT-29469,OTA-011235
FCV-29470,OTA-011236
TT-29471,OTA-011237
TT-29474,OTA-011238
PT-29476,OTA-011239
LT-29478,OTA-011240
TT-29480,OTA-011241
FT-29481,OTA-011242
FCV-29482,OTA-011243
PT-29485,OTA-011244
TT-29491,OTA-011245
TT-29493,OTA-011246
PT-29495,OTA-011247
PT-29498,OTA-011248
LT-29506,OTA-011249
FCV-29507,OTA-011250
TT-29509,OTA-011251
PT-29512,OTA-011252
FCV-29516,OTA-011253
TT-29517,OTA-011254
LT-29518,OTA-011255
FT-29519,OTA-011256
TT-29521,OTA-011257
PT-29526,OTA-011258
FT-29527,OTA-011259
FT-29528,OTA-011260
PT-29530,OTA-011261
FCV-29532,OTA-011262
PT-29540,OTA-011263
FT-29542,OTA-011264
TT-29543,OTA-011265
TT-29548,OTA-011266
PT-29549,OTA-011267
LT-29552,OTA-011268
PT-29553,OTA-011269
TT-29555,OTA-011270
TT-29556,OTA-011271
PT-29558,OTA-011272
PT-29567,OTA-011273
PT-29570,OTA-011274
FT-29575,OTA-011275
PT-29576,OTA-011276
LT-29577,OTA-011277
PT-29579,OTA-011278
PT-29580,OTA-011279
FT-29581,OTA-011280
LT-29585,OTA-011281
FCV-29587,OTA-011282
LT-29588,OTA-011283
PT-29589,OTA-011284
LT-29592,OTA-011285
PT-29594,OTA-011286
FT-29595,OTA-011287
PT-29597,OTA-011288
LT-29602,OTA-011289
TT-29606,OTA-011290
FT-29607,OTA-011291
FT-29610,OTA-011292
TT-29613,OTA-011293
PT-29619,OTA-011294
FT-29622,OTA-011295
LT-29623,OTA-011296
FT-29625,OTA-011297
FT-29633,OTA-011298
TT-29634,OTA-011299
FCV-29635,OTA-011300
LT-29639,OTA-011301
TT-29640,OTA-011302
FCV-29643,OTA-011303
FCV-29644,OTA-011304
FCV-29648,OTA-011305
LT-29652,OTA-011306
FT-29657,OTA-011307
FCV-29658,OTA-011308
PT-29659,OTA-011309
TT-29661,OTA-011310
TT-29662,OTA-011311
FT-29665,OTA-011312
LT-29668,OTA-011313
PT-29670,OTA-011314
FT-29673,OTA-011315
PT-29674,OTA-011316
FCV-29676,OTA-011317
LT-29680,OTA-011318
FT-29681,OTA-011319
FCV-29683,OTA-011320
LT-29684,OTA-011321
TT-29686,OTA-011322
TT-29688,OTA-011323
FT-29689,OTA-011324
LT-29691,OTA-011325
LT-29693,OTA-011326
FT-29694,OTA-011327
FCV-29698,OTA-011328
FCV-29701,OTA-011329
TT-29705,OTA-011330
LT-29706,OTA-011331
FT-29708,OTA-011332
FT-29709,OTA-011333
FT-29710,OTA-011334
FCV-29711,OTA-011335
PT-29712,OTA-011336
FT-29713,OTA-011337
LT-29721,OTA-011338
PT-29725,OTA-011339
FCV-29731,OTA-011340
PT-29733,OTA-011341
FT-29737,OTA-011342
TT-29740,OTA-011343
FCV-29743,OTA-011344
TT-29745,OTA-011345
TT-29746,OTA-011346
FT-29749,OTA-011347
PT-29751,OTA-011348
TT-29752,OTA-011349
PT-29753,OTA-011350
LT-29755,OTA-011351
FT-29759,OTA-011352
LT-29761,OTA-011353
FCV-29764,OTA-011354
FCV-29769,OTA-011355
LT-29771,OTA-011356
FT-29779,OTA-011357
PT-29780,OTA-011358
FCV-29781,OTA-011359
TT-29782,OTA-011360
PT-29795,OTA-011361
FCV-29798,OTA-011362
TT-29800,OTA-011363
FT-29801,OTA-011364
FT-29802,OTA-011365
PT-29803,OTA-011366
LT-29806,OTA-011367
FT-29811,OTA-011368
FCV-29813,OTA-011369
FCV-29814,OTA-011370
LT-29815,OTA-011371
FT-29816,OTA-011372
FT-29819,OTA-011373
PT-29820,OTA-011374
LT-29823,OTA-011375
FCV-29825,OTA-011376
PT-29826,OTA-011377
FCV-29827,OTA-011378
FT-29829,OTA-011379
PT-29833,OTA-011380
TT-29835,OTA-011381
TT-29836,OTA-011382
TT-29840,OTA-011383
LT-29841,OTA-011384
PT-29843,OTA-011385
PT-29848,OTA-011386
LT-29852,OTA-011387
PT-29853,OTA-011388
TT-29856,OTA-011389
FT-29858,OTA-011390
TT-29860,OTA-011391
FCV-29863,OTA-011392
TT-29865,OTA-011393
PT-29869,OTA-011394
TT-29870,OTA-011395
PT-29871,OTA-011396
LT-29873,OTA-011397
TT-29875,OTA-011398
FT-29883,OTA-011399
FT-29886,OTA-011400
TT-29887,OTA-011401
FCV-29899,OTA-011402
LT-29901,OTA-011403
PT-29905,OTA-011404
FCV-29906,OTA-011405
TT-29907,OTA-011406
TT-29908,OTA-011407
LT-29910,OTA-011408
PT-29913,OTA-011409
FCV-29914,OTA-011410
TT-29915,OTA-011411
PT-29918,OTA-011412
FT-29920,OTA-011413
FT-29921,OTA-011414
TT-29924,OTA-011415
TT-29925,OTA-011416
TT-29933,OTA-011417
TT-29938,OTA-011418
FCV-29939,OTA-011419
FT-29940,OTA-011420
LT-29945,OTA-011421
PT-29950,OTA-011422
LT-29952,OTA-011423
PT-29953,OTA-011424
LT-29954,OTA-011425
FT-29955,OTA-011426
FCV-29957,OTA-011427
FCV-29963,OTA-011428
LT-29964,OTA-011429
LT-29970,OTA-011430
FCV-29971,OTA-011431
PT-29974,OTA-011432
FCV-29978,OTA-011433
FCV-29980,OTA-011434
TT-29981,OTA-011435
LT-29985,OTA-011436
LT-29987,OTA-011437
TT-29989,OTA-011438
PT-29992,OTA-011439
LT-29993,OTA-011440
PT-29994,OTA-011441
TT-29995,OTA-011442
LT-29997,OTA-011443
FT-29998,OTA-011444
FT-30000,OTA-011445
TT-30003,OTA-011446
LT-30004,OTA-011447
FCV-30006,OTA-011448
PT-30007,OTA-011449
PT-30011,OTA-011450
LT-30012,OTA-011451
FCV-30013,OTA-011452
LT-30015,OTA-011453
TT-30018,OTA-011454
TT-30019,OTA-011455
FT-30020,OTA-011456
PT-30028,OTA-011457
FT-30029,OTA-011458
TT-30033,OTA-011459
FCV-30036,OTA-011460
TT-30037,OTA-011461
LT-30039,OTA-011462
LT-30041,OTA-011463
PT-30044,OTA-011464
FCV-30056,OTA-011465
PT-30061,OTA-011466
FT-30065,OTA-011467
TT-30068,OTA-011468
LT-30069,OTA-011469
FT-30071,OTA-011470
FCV-30072,OTA-011471
LT-30077,OTA-011472
TT-30078,OTA-011473
PT-30083,OTA-011474
FT-30085,OTA-011475
FCV-30087,OTA-011476
FT-30088,OTA-011477
TT-30091,OTA-011478
FCV-30095,OTA-011479
FT-30096,OTA-011480
TT-30097,OTA-011481
FT-30100,OTA-011482
LT-30105,OTA-011483
LT-30108,OTA-011484
PT-30114,OTA-011485
PT-30118,OTA-011486
LT-30119,OTA-011487
PT-30121,OTA-011488
FCV-30122,OTA-011489
FCV-30123,OTA-011490
TT-30126,OTA-011491
PT-30128,OTA-011492
PT-30130,OTA-011493
FCV-30134,OTA-011494
FT-30138,OTA-011495
PT-30141,OTA-011496
PT-30143,OTA-011497
LT-30147,OTA-011498
TT-30150,OTA-011499
TT-30152,OTA-011500
LT-30153,OTA-011501
TT-30154,OTA-011502
FCV-30156,OTA-011503
TT-30157,OTA-011504
LT-30162,OTA-011505
PT-30163,OTA-011506
LT-30164,OTA-011507
LT-30165,OTA-011508
TT-30169,OTA-011509
LT-30170,OTA-011510
PT-30174,OTA-011511
PT-30181,OTA-011512
FT-30187,OTA-011513
PT-30197,OTA-011514
FT-30201,OTA-011515
FCV-30204,OTA-011516
PT-30205,OTA-011517
FCV-30207,OTA-011518
TT-30208,OTA-011519
TT-30209,OTA-011520
FT-30214,OTA-011521
FCV-30219,OTA-011522
FT-30220,OTA-011523
TT-30225,OTA-011524
LT-30227,OTA-011525
PT-30228,OTA-011526
TT-30229,OTA-011527
FT-30230,OTA-011528
FT-30233,OTA-011529
TT-30236,OTA-011530
TT-30239,OTA-011531
TT-30240,OTA-011532
LT-30243,OTA-011533
PT-30245,OTA-011534
TT-30248,OTA-011535
TT-30250,OTA-011536
TT-30252,OTA-011537
FCV-30255,OTA-011538
LT-30261,OTA-011539
FT-30263,OTA-011540
FT-30264,OTA-011541
FCV-30270,OTA-011542
PT-30271,OTA-011543
FT-30275,OTA-011544
PT-30276,OTA-011545
LT-30279,OTA-011546
LT-30281,OTA-011547
TT-30295,OTA-011548
PT-30299,OTA-011549
PT-30302,OTA-011550
TT-30308,OTA-011551
PT-30315,OTA-011552
TT-30317,OTA-011553
FT-30321,OTA-011554
FCV-30324,OTA-011555
TT-30325,OTA-011556
FCV-30328,OTA-011557
LT-30333,OTA-011558
PT-30336,OTA-011559
FCV-30337,OTA-011560
FCV-30338,OTA-011561
LT-30345,OTA-011562
FCV-30352,OTA-011563
LT-30353,OTA-011564
FCV-30354,OTA-011565
PT-30355,OTA-011566
FCV-30357,OTA-011567
TT-30361,OTA-011568
FT-30365,OTA-011569
TT-30366,OTA-011570
FCV-30367,OTA-011571
FCV-30371,OTA-011572
LT-30372,OTA-011573
TT-30373,OTA-011574
LT-30377,OTA-011575
PT-30378,OTA-011576
PT-30379,OTA-011577
FT-30381,OTA-011578
LT-30382,OTA-011579
LT-30383,OTA-011580
TT-30386,OTA-011581
PT-30388,OTA-011582
FCV-30389,OTA-011583
PT-30393,OTA-011584
FT-30399,OTA-011585
FT-30401,OTA-011586
FT-30402,OTA-011587
FCV-30410,OTA-011588
TT-30411,OTA-011589
FCV-30412,OTA-011590
TT-30413,OTA-011591
PT-30420,OTA-011592
TT-30425,OTA-011593
LT-30433,OTA-011594
TT-30435,OTA-011595
FT-30441,OTA-011596
PT-30443,OTA-011597
FT-30445,OTA-011598
PT-30453,OTA-011599
PT-30459,OTA-011600
FT-30464,OTA-011601
FT-30468,OTA-011602
FCV-30471,OTA-011603
LT-30474,OTA-011604
TT-30475,OTA-011605
TT-30478,OTA-011606
FT-30479,OTA-011607
FT-30481,OTA-011608
LT-30486,OTA-011609
LT-30492,OTA-011610
LT-30493,OTA-011611
TT-30495,OTA-011612
FT-30497,OTA-011613
LT-30498,OTA-011614
FT-30505,OTA-011615
FT-30507,OTA-011616
TT-30511,OTA-011617
LT-30519,OTA-011618
TT-30521,OTA-011619
FCV-30523,OTA-011620
FCV-30525,OTA-011621
LT-30528,OTA-011622
LT-30529,OTA-011623
FCV-30532,OTA-011624
PT-30533,OTA-011625
TT-30539,OTA-011626
LT-30546,OTA-011627
TT-30552,OTA-011628
PT-30553,OTA-011629
FT-30556,OTA-011630
FCV-30557,OTA-011631
PT-30562,OTA-011632
FT-30563,OTA-011633
FT-30564,OTA-011634
FCV-30568,OTA-011635
TT-30573,OTA-011636
TT-30576,OTA-011637
PT-30577,OTA-011638
FT-30578,OTA-011639
FCV-30579,OTA-011640
FT-30580,OTA-011641
FT-30590,OTA-011642
LT-30601,OTA-011643
FCV-30603,OTA-011644
PT-30604,OTA-011645
TT-30611,OTA-011646
LT-30614,OTA-011647
PT-30615,OTA-011648
FCV-30617,OTA-011649
FCV-30619,OTA-011650
PT-30621,OTA-011651
FCV-30622,OTA-011652
FCV-30624,OTA-011653
FT-30631,OTA-011654
FT-30633,OTA-011655
FCV-30635,OTA-011656
FT-30637,OTA-011657
FCV-30639,OTA-011658
PT-30640,OTA-011659
PT-30641,OTA-011660
TT-30642,OTA-011661
TT-30646,OTA-011662
FCV-30647,OTA-011663
LT-30650,OTA-011664
TT-30653,OTA-011665
FCV-30656,OTA-011666
LT-30657,OTA-011667
FT-30659,OTA-011668
PT-30663,OTA-011669
PT-30666,OTA-011670
LT-30669,OTA-011671
FT-30671,OTA-011672
FCV-30674,OTA-011673
TT-30675,OTA-011674
PT-30678,OTA-011675
FT-30684,OTA-011676
PT-30685,OTA-011677
FT-30688,OTA-011678
FCV-30689,OTA-011679
FCV-30696,OTA-011680
FT-30697,OTA-011681
LT-30701,OTA-011682
PT-30703,OTA-011683
FCV-30706,OTA-011684
FT-30708,OTA-011685
FCV-30710,OTA-011686
FT-30711,OTA-011687
PT-30713,OTA-011688
FT-30715,OTA-011689
LT-30719,OTA-011690
FT-30722,OTA-011691
PT-30723,OTA-011692
FT-30726,OTA-011693
FT-30727,OTA-011694
FCV-30729,OTA-011695
PT-30730,OTA-011696
LT-30731,OTA-011697
FCV-30732,OTA-011698
TT-30733,OTA-011699
PT-30736,OTA-011700
PT-30737,OTA-011701
LT-30746,OTA-011702
FT-30747,OTA-011703
PT-30748,OTA-011704
FCV-30750,OTA-011705
TT-30757,OTA-011706
FT-30760,OTA-011707
PT-30767,OTA-011708
FCV-30772,OTA-011709
TT-30774,OTA-011710
PT-30778,OTA-011711
TT-30780,OTA-011712
FT-30781,OTA-011713
PT-30784,OTA-011714
PT-30786,OTA-011715
FT-30788,OTA-011716
FCV-30789,OTA-011717
FT-30793,OTA-011718
LT-30794,OTA-011719
LT-30803,OTA-011720
PT-30804,OTA-011721
LT-30806,OTA-011722
PT-30808,OTA-011723
PT-30809,OTA-011724
LT-30813,OTA-011725
FCV-30814,OTA-011726
PT-30815,OTA-011727
FCV-30821,OTA-011728
FT-30823,OTA-011729
TT-30824,OTA-011730
PT-30829,OTA-011731
LT-30831,OTA-011732
LT-30835,OTA-011733
FCV-30836,OTA-011734
FCV-30837,OTA-011735
TT-30838,OTA-011736
PT-30844,OTA-011737
LT-30855,OTA-011738
LT-30856,OTA-011739
TT-30858,OTA-011740
LT-30864,OTA-011741
PT-30870,OTA-011742
LT-30871,OTA-011743
FT-30873,OTA-011744
LT-30875,OTA-011745
FT-30879,OTA-011746
TT-30882,OTA-011747
TT-30883,OTA-011748
FCV-30885,OTA-011749
FT-30886,OTA-011750
FT-30888,OTA-011751
LT-30890,OTA-011752
FCV-30894,OTA-011753
PT-30899,OTA-011754
FT-30901,OTA-011755
FT-30902,OTA-011756
FT-30907,OTA-011757
PT-30909,OTA-011758
LT-30914,OTA-011759
FCV-30918,OTA-011760
FT-30919,OTA-011761
FT-30920,OTA-011762
LT-30922,OTA-011763
PT-30924,OTA-011764
PT-30927,OTA-011765
LT-30929,OTA-011766
TT-30934,OTA-011767
FCV-30936,OTA-011768
FT-30938,OTA-011769
TT-30941,OTA-011770
FCV-30946,OTA-011771
TT-30950,OTA-011772
FT-30953,OTA-011773
FCV-30965,OTA-011774
PT-30967,OTA-011775
LT-30968,OTA-011776
PT-30970,OTA-011777
FT-30971,OTA-011778
PT-30973,OTA-011779
LT-30976,OTA-011780
FT-30980,OTA-011781
LT-30985,OTA-011782
LT-30986,OTA-011783
FT-30987,OTA-011784
LT-30989,OTA-011785
LT-30992,OTA-011786
PT-30997,OTA-011787
LT-30998,OTA-011788
LT-31001,OTA-011789
TT-31002,OTA-011790
TT-31004,OTA-011791
FCV-31006,OTA-011792
FCV-31013,OTA-011793
PT-31015,OTA-011794
PT-31016,OTA-011795
FT-31017,OTA-011796
FCV-31023,OTA-011797
TT-31025,OTA-011798
FT-31031,OTA-011799
FT-31033,OTA-011800
LT-31036,OTA-011801
TT-31037,OTA-011802
FT-31039,OTA-011803
LT-31041,OTA-011804
FT-31047,OTA-011805
LT-31051,OTA-011806
LT-31054,OTA-011807
PT-31055,OTA-011808
FT-31060,OTA-011809
FCV-31064,OTA-011810
TT-31065,OTA-011811
PT-31070,OTA-011812
FCV-31073,OTA-011813
LT-31074,OTA-011814
LT-31077,OTA-011815
FCV-31078,OTA-011816
TT-31079,OTA-011817
FCV-31087,OTA-011818
PT-31089,OTA-011819
LT-31090,OTA-011820
PT-31095,OTA-011821
PT-31098,OTA-011822
PT-31099,OTA-011823
TT-31105,OTA-011824
LT-31107,OTA-011825
FT-31109,OTA-011826
TT-31114,OTA-011827
LT-31118,OTA-011828
PT-31126,OTA-011829
FCV-31129,OTA-011830
LT-31131,OTA-011831
PT-31136,OTA-011832
LT-31137,OTA-011833
LT-31143,OTA-011834
TT-31148,OTA-011835
TT-31152,OTA-011836
FCV-31154,OTA-011837
PT-31156,OTA-011838
FT-31157,OTA-011839
TT-31159,OTA-011840
FCV-31160,OTA-011841
TT-31165,OTA-011842
PT-31170,OTA-011843
LT-31171,OTA-011844
TT-31172,OTA-011845
TT-31173,OTA-011846
FT-31174,OTA-011847
PT-31179,OTA-011848
PT-31181,OTA-011849
FT-31183,OTA-011850
LT-31184,OTA-011851
PT-31186,OTA-011852
PT-31189,OTA-011853
FCV-31190,OTA-011854
LT-31192,OTA-011855
FT-31193,OTA-011856
LT-31194,OTA-011857
PT-31195,OTA-011858
PT-31197,OTA-011859
FT-31202,OTA-011860
FCV-31204,OTA-011861
LT-31205,OTA-011862
TT-31209,OTA-011863
TT-31210,OTA-011864
LT-31214,OTA-011865
FCV-31215,OTA-011866
TT-31221,OTA-011867
FT-31223,OTA-011868
FCV-31225,OTA-011869
TT-31227,OTA-011870
FT-31228,OTA-011871
LT-31231,OTA-011872
FT-31232,OTA-011873
PT-31233,OTA-011874
FT-31234,OTA-011875
PT-31235,OTA-011876
TT-31240,OTA-011877
FCV-31243,OTA-011878
FCV-31245,OTA-011879
PT-31247,OTA-011880
TT-31251,OTA-011881
FCV-31254,OTA-011882
PT-31255,OTA-011883
TT-31256,OTA-011884
FCV-31261,OTA-011885
FT-31262,OTA-011886
FCV-31263,OTA-011887
TT-31265,OTA-011888
FCV-31266,OTA-011889
PT-31269,OTA-011890
PT-31271,OTA-011891
PT-31273,OTA-011892
LT-31276,OTA-011893
FT-31278,OTA-011894
TT-31280,OTA-011895
FCV-31282,OTA-011896
PT-31284,OTA-011897
LT-31285,OTA-011898
FCV-31287,OTA-011899
PT-31291,OTA-011900
FCV-31292,OTA-011901
TT-31293,OTA-011902
LT-31300,OTA-011903
PT-31301,OTA-011904
LT-31302,OTA-011905
PT-31305,OTA-011906
TT-31313,OTA-011907
PT-31314,OTA-011908
TT-31317,OTA-011909
FT-31318,OTA-011910
FCV-31323,OTA-011911
FCV-31325,OTA-011912
LT-31328,OTA-011913
PT-31334,OTA-011914
LT-31336,OTA-011915
TT-31339,OTA-011916
FCV-31341,OTA-011917
PT-31343,OTA-011918
TT-31345,OTA-011919
FT-31351,OTA-011920
FCV-31353,OTA-011921
PT-31354,OTA-011922
LT-31355,OTA-011923
FCV-31356,OTA-011924
PT-31357,OTA-011925
LT-31358,OTA-011926
FT-31359,OTA-011927
LT-31361,OTA-011928
LT-31368,OTA-011929
FCV-31370,OTA-011930
TT-31371,OTA-011931
PT-31373,OTA-011932
PT-31374,OTA-011933
LT-31376,OTA-011934
FCV-31377,OTA-011935
FT-31379,OTA-011936
FCV-31382,OTA-011937
FT-31383,OTA-011938
PT-31388,OTA-011939
FCV-31393,OTA-011940
TT-31395,OTA-011941
TT-31396,OTA-011942
PT-31397,OTA-011943
LT-31398,OTA-011944
FCV-31404,OTA-011945
FT-31405,OTA-011946
FCV-31409,OTA-011947
FT-31411,OTA-011948
FCV-31414,OTA-011949
LT-31415,OTA-011950
FCV-31416,OTA-011951
FCV-31419,OTA-011952
FT-31420,OTA-011953
TT-31425,OTA-011954
LT-31428,OTA-011955
TT-31430,OTA-011956
FT-31433,OTA-011957
LT-31435,OTA-011958
PT-31436,OTA-011959
FCV-31441,OTA-011960
PT-31443,OTA-011961
PT-31444,OTA-011962
FT-31445,OTA-011963
PT-31450,OTA-011964
FCV-31454,OTA-011965
PT-31457,OTA-011966
FCV-31458,OTA-011967
LT-31460,OTA-011968
FCV-31461,OTA-011969
PT-31466,OTA-011970
LT-31467,OTA-011971
FCV-31468,OTA-011972
PT-31470,OTA-011973
PT-31472,OTA-011974
LT-31473,OTA-011975
TT-31474,OTA-011976
FT-31475,OTA-011977
FCV-31476,OTA-011978
FT-31478,OTA-011979
FCV-31479,OTA-011980
PT-31480,OTA-011981
TT-31482,OTA-011982
LT-31485,OTA-011983
LT-31486,OTA-011984
PT-31488,OTA-011985
TT-31491,OTA-011986
LT-31494,OTA-011987
TT-31497,OTA-011988
LT-31498,OTA-011989
FCV-31499,OTA-011990
PT-31501,OTA-011991
LT-31503,OTA-011992
FT-31506,OTA-011993
TT-31508,OTA-011994
TT-31509,OTA-011995
FCV-31511,OTA-011996
TT-31513,OTA-011997
FT-31514,OTA-011998
TT-31517,OTA-011999
FCV-31520,OTA-012000
FCV-31523,OTA-012001
PT-31527,OTA-012002
PT-31530,OTA-012003
FCV-31532,OTA-012004
TT-31539,OTA-012005
FT-31544,OTA-012006
TT-31548,OTA-012007
LT-31550,OTA-012008
FT-31555,OTA-012009
PT-31559,OTA-012010
PT-31561,OTA-012011
FCV-31569,OTA-012012
FCV-31571,OTA-012013
FT-31572,OTA-012014
TT-31575,OTA-012015
PT-31579,OTA-012016
TT-31580,OTA-012017
LT-31584,OTA-012018
PT-31585,OTA-012019
FCV-31589,OTA-012020
PT-31593,OTA-012021
LT-31594,OTA-012022
TT-31595,OTA-012023
FCV-31599,OTA-012024
LT-31600,OTA-012025
PT-31601,OTA-012026
FT-31602,OTA-012027
TT-31605,OTA-012028
PT-31607,OTA-012029
FCV-31609,OTA-012030
TT-31610,OTA-012031
FCV-31611,OTA-012032
TT-31613,OTA-012033
PT-31623,OTA-012034
TT-31626,OTA-012035
FT-31631,OTA-012036
TT-31635,OTA-012037
TT-31636,OTA-012038
LT-31637,OTA-012039
FCV-31641,OTA-012040
LT-31648,OTA-012041
TT-31649,OTA-012042
FCV-31650,OTA-012043
TT-31652,OTA-012044
LT-31653,OTA-012045
FT-31654,OTA-012046
TT-31663,OTA-012047
FCV-31664,OTA-012048
LT-31677,OTA-012049
PT-31678,OTA-012050
FT-31680,OTA-012051
LT-31681,OTA-012052
FCV-31684,OTA-012053
PT-31686,OTA-012054
TT-31690,OTA-012055
TT-31697,OTA-012056
FT-31701,OTA-012057
FCV-31705,OTA-012058
LT-31707,OTA-012059
PT-31708,OTA-012060
FT-31710,OTA-012061
LT-31713,OTA-012062
PT-31714,OTA-012063
FT-31715,OTA-012064
TT-31724,OTA-012065
FT-31728,OTA-012066
LT-31731,OTA-012067
FCV-31736,OTA-012068
FCV-31739,OTA-012069
LT-31741,OTA-012070
FCV-31742,OTA-012071
PT-31745,OTA-012072
LT-31746,OTA-012073
PT-31749,OTA-012074
FCV-31751,OTA-012075
FCV-31753,OTA-012076
FT-31756,OTA-012077
LT-31757,OTA-012078
TT-31758,OTA-012079
PT-31760,OTA-012080
FCV-31761,OTA-012081
LT-31767,OTA-012082
PT-31771,OTA-012083
FT-31773,OTA-012084
LT-31775,OTA-012085
FT-31777,OTA-012086
LT-31778,OTA-012087
FT-31779,OTA-012088
PT-31781,OTA-012089
FCV-31783,OTA-012090
TT-31787,OTA-012091
FCV-31788,OTA-012092
FCV-31792,OTA-012093
FCV-31793,OTA-012094
TT-31800,OTA-012095
PT-31801,OTA-012096
TT-31802,OTA-012097
FCV-31806,OTA-012098
PT-31812,OTA-012099
FCV-31813,OTA-012100
PT-31814,OTA-012101
TT-31823,OTA-012102
FT-31826,OTA-012103
FCV-31827,OTA-012104
FT-31829,OTA-012105
PT-31830,OTA-012106
FT-31833,OTA-012107
PT-31841,OTA-012108
PT-31843,OTA-012109
PT-31846,OTA-012110
FCV-31851,OTA-012111
FCV-31852,OTA-012112
PT-31853,OTA-012113
LT-31854,OTA-012114
FCV-31857,OTA-012115
FT-31858,OTA-012116
PT-31862,OTA-012117
TT-31865,OTA-012118
LT-31870,OTA-012119
LT-31878,OTA-012120
FCV-31880,OTA-012121
FT-31884,OTA-012122
LT-31886,OTA-012123
FT-31889,OTA-012124
LT-31892,OTA-012125
TT-31895,OTA-012126
LT-31897,OTA-012127
FCV-31899,OTA-012128
PT-31901,OTA-012129
FCV-31905,OTA-012130
FCV-31906,OTA-012131
PT-31910,OTA-012132
FT-31913,OTA-012133
PT-31916,OTA-012134
FT-31918,OTA-012135
FCV-31920,OTA-012136
PT-31921,OTA-012137
FCV-31924,OTA-012138
PT-31925,OTA-012139
FCV-31931,OTA-012140
PT-31932,OTA-012141
TT-31933,OTA-012142
LT-31938,OTA-012143
TT-31944,OTA-012144
LT-31946,OTA-012145
PT-31947,OTA-012146
FCV-31948,OTA-012147
LT-31953,OTA-012148
TT-31955,OTA-012149
TT-31958,OTA-012150
LT-31960,OTA-012151
FT-31961,OTA-012152
TT-31962,OTA-012153
LT-31965,OTA-012154
FT-31966,OTA-012155
TT-31968,OTA-012156
PT-31970,OTA-012157
PT-31974,OTA-012158
LT-31975,OTA-012159
FCV-31982,OTA-012160
FT-31984,OTA-012161
TT-31985,OTA-012162
PT-31987,OTA-012163
FCV-31989,OTA-012164
FT-31991,OTA-012165
PT-31994,OTA-012166
TT-31996,OTA-012167
TT-32000,OTA-012168
PT-32001,OTA-012169
LT-32002,OTA-012170
PT-32003,OTA-012171
FCV-32004,OTA-012172
FCV-32014,OTA-012173
FT-32015,OTA-012174
LT-32016,OTA-012175
PT-32025,OTA-012176
FCV-32026,OTA-012177
LT-32036,OTA-012178
LT-32040,OTA-012179
TT-32042,OTA-012180
LT-32053,OTA-012181
FCV-32054,OTA-012182
FCV-32055,OTA-012183
TT-32056,OTA-012184
TT-32057,OTA-012185
PT-32062,OTA-012186
FCV-32064,OTA-012187
TT-32065,OTA-012188
FCV-32067,OTA-012189
LT-32077,OTA-012190
FCV-32080,OTA-012191
FCV-32081,OTA-012192
FCV-32082,OTA-012193
FT-32084,OTA-012194
TT-32085,OTA-012195
TT-32088,OTA-012196
PT-32089,OTA-012197
FT-32090,OTA-012198
FT-32093,OTA-012199
TT-32094,OTA-012200
LT-32095,OTA-012201
FT-32098,OTA-012202
FCV-32102,OTA-012203
LT-32103,OTA-012204
LT-32106,OTA-012205
TT-32108,OTA-012206
FCV-32109,OTA-012207
FT-32111,OTA-012208
LT-32112,OTA-012209
TT-32116,OTA-012210
PT-32118,OTA-012211
LT-32120,OTA-012212
PT-32121,OTA-012213
FT-32122,OTA-012214
PT-32125,OTA-012215
FT-32127,OTA-012216
LT-32128,OTA-012217
LT-32129,OTA-012218
FT-32130,OTA-012219
FCV-32133,OTA-012220
FCV-32134,OTA-012221
LT-32135,OTA-012222
PT-32138,OTA-012223
FT-32141,OTA-012224
FT-32143,OTA-012225
PT-32146,OTA-012226
FCV-32151,OTA-012227
PT-32153,OTA-012228
PT-32154,OTA-012229
FT-32155,OTA-012230
FT-32157,OTA-012231
PT-32158,OTA-012232
TT-32161,OTA-012233
PT-32169,OTA-012234
PT-32170,OTA-012235
FCV-32172,OTA-012236
LT-32176,OTA-012237
LT-32177,OTA-012238
FT-32178,OTA-012239
LT-32181,OTA-012240
PT-32182,OTA-012241
TT-32184,OTA-012242
FCV-32188,OTA-012243
PT-32189,OTA-012244
FCV-32193,OTA-012245
FCV-32195,OTA-012246
LT-32196,OTA-012247
PT-32199,OTA-012248
PT-32200,OTA-012249
FCV-32201,OTA-012250
LT-32203,OTA-012251
TT-32212,OTA-012252
TT-32216,OTA-012253
FT-32218,OTA-012254
LT-32219,OTA-012255
PT-32220,OTA-012256
TT-32222,OTA-012257
LT-32223,OTA-012258
FT-32232,OTA-012259
TT-32241,OTA-012260
FT-32242,OTA-012261
TT-32243,OTA-012262
PT-32244,OTA-012263
FT-32247,OTA-012264
FT-32248,OTA-012265
FCV-32249,OTA-012266
LT-32251,OTA-012267
FCV-32253,OTA-012268
FCV-32254,OTA-012269
LT-32255,OTA-012270
FT-32256,OTA-012271
LT-32257,OTA-012272
FT-32259,OTA-012273
FT-32267,OTA-012274
PT-32271,OTA-012275
TT-32273,OTA-012276
FCV-32284,OTA-012277
FT-32285,OTA-012278
FT-32286,OTA-012279
TT-32289,OTA-012280
PT-32290,OTA-012281
FCV-32291,OTA-012282
FT-32294,OTA-012283
FCV-32298,OTA-012284
PT-32301,OTA-012285
TT-32305,OTA-012286
TT-32308,OTA-012287
FCV-32313,OTA-012288
LT-32315,OTA-012289
FT-32317,OTA-012290
FCV-32318,OTA-012291
PT-32336,OTA-012292
PT-32337,OTA-012293
PT-32340,OTA-012294
FCV-32345,OTA-012295
PT-32346,OTA-012296
FT-32348,OTA-012297
PT-32353,OTA-012298
FT-32357,OTA-012299
PT-32362,OTA-012300
FCV-32364,OTA-012301
FCV-32365,OTA-012302
TT-32366,OTA-012303
TT-32371,OTA-012304
FCV-32373,OTA-012305
LT-32374,OTA-012306
FCV-32375,OTA-012307
PT-32377,OTA-012308
PT-32387,OTA-012309
FCV-32394,OTA-012310
PT-32397,OTA-012311
FT-32404,OTA-012312
FCV-32406,OTA-012313
TT-32413,OTA-012314
TT-32415,OTA-012315
TT-32423,OTA-012316
LT-32424,OTA-012317
TT-32425,OTA-012318
TT-32426,OTA-012319
PT-32427,OTA-012320
LT-32428,OTA-012321
TT-32433,OTA-012322
LT-32435,OTA-012323
PT-32436,OTA-012324
FT-32439,OTA-012325
FCV-32442,OTA-012326
PT-32443,OTA-012327
FT-32446,OTA-012328
PT-32447,OTA-012329
TT-32448,OTA-012330
FCV-32454,OTA-012331
FT-32455,OTA-012332
TT-32457,OTA-012333
LT-32459,OTA-012334
PT-32460,OTA-012335
FCV-32462,OTA-012336
LT-32463,OTA-012337
LT-32464,OTA-012338
FT-32465,OTA-012339
FT-32467,OTA-012340
PT-32468,OTA-012341
TT-32475,OTA-012342
FCV-32484,OTA-012343
PT-32488,OTA-012344
PT-32490,OTA-012345
FT-32491,OTA-012346
TT-32495,OTA-012347
TT-32501,OTA-012348
FT-32503,OTA-012349
FCV-32508,OTA-012350
LT-32510,OTA-012351
FCV-32511,OTA-012352
TT-32512,OTA-012353
FT-32513,OTA-012354
LT-32518,OTA-012355
LT-32519,OTA-012356
TT-32523,OTA-012357
FCV-32525,OTA-012358
LT-32526,OTA-012359
PT-32527,OTA-012360
FT-32528,OTA-012361
LT-32529,OTA-012362
LT-32534,OTA-012363
FCV-32535,OTA-012364
PT-32536,OTA-012365
PT-32539,OTA-012366
FT-32540,OTA-012367
PT-32541,OTA-012368
FT-32545,OTA-012369
FCV-32548,OTA-012370
FCV-32556,OTA-012371
FT-32563,OTA-012372
LT-32564,OTA-012373
LT-32565,OTA-012374
FCV-32566,OTA-012375
LT-32568,OTA-012376
FCV-32570,OTA-012377
FT-32571,OTA-012378
LT-32572,OTA-012379
PT-32578,OTA-012380
TT-32579,OTA-012381
TT-32580,OTA-012382
TT-32585,OTA-012383
FCV-32586,OTA-012384
FT-32592,OTA-012385
TT-32593,OTA-012386
TT-32594,OTA-012387
LT-32598,OTA-012388
PT-32599,OTA-012389
FCV-32600,OTA-012390
PT-32602,OTA-012391
PT-32609,OTA-012392
LT-32610,OTA-012393
FT-32611,OTA-012394
FT-32612,OTA-012395
FT-32615,OTA-012396
PT-32620,OTA-012397
LT-32621,OTA-012398
LT-32622,OTA-012399
LT-32625,OTA-012400
FCV-32626,OTA-012401
FCV-32628,OTA-012402
PT-32631,OTA-012403
FCV-32635,OTA-012404
FT-32643,OTA-012405
TT-32650,OTA-012406
TT-32656,OTA-012407
FCV-32657,OTA-012408
PT-32658,OTA-012409
LT-32659,OTA-012410
TT-32660,OTA-012411
LT-32661,OTA-012412
FT-32663,OTA-012413
TT-32664,OTA-012414
FCV-32671,OTA-012415
PT-32672,OTA-012416
PT-32675,OTA-012417
FCV-32677,OTA-012418
FT-32681,OTA-012419
LT-32688,OTA-012420
LT-32694,OTA-012421
FT-32695,OTA-012422
FT-32696,OTA-012423
FT-32698,OTA-012424
FCV-32700,OTA-012425
FT-32704,OTA-012426
TT-32707,OTA-012427
FCV-32708,OTA-012428
FT-32709,OTA-012429
FCV-32710,OTA-012430
LT-32716,OTA-012431
FCV-32717,OTA-012432
FCV-32718,OTA-012433
TT-32721,OTA-012434
PT-32723,OTA-012435
FT-32724,OTA-012436
FCV-32725,OTA-012437
LT-32726,OTA-012438
FT-32732,OTA-012439
TT-32735,OTA-012440
PT-32738,OTA-012441
FCV-32741,OTA-012442
TT-32746,OTA-012443
FCV-32747,OTA-012444
LT-32750,OTA-012445
PT-32751,OTA-012446
LT-32753,OTA-012447
LT-32757,OTA-012448
LT-32758,OTA-012449
FT-32759,OTA-012450
LT-32760,OTA-012451
LT-32761,OTA-012452
LT-32762,OTA-012453
PT-32763,OTA-012454
LT-32764,OTA-012455
FCV-32766,OTA-012456
FT-32767,OTA-012457
PT-32768,OTA-012458
FT-32772,OTA-012459
FT-32773,OTA-012460
FT-32777,OTA-012461
TT-32778,OTA-012462
TT-32780,OTA-012463
PT-32782,OTA-012464
TT-32785,OTA-012465
PT-32787,OTA-012466
PT-32789,OTA-012467
PT-32791,OTA-012468
TT-32792,OTA-012469
TT-32794,OTA-012470
TT-32800,OTA-012471
LT-32801,OTA-012472
LT-32802,OTA-012473
FT-32804,OTA-012474
LT-32806,OTA-012475
FCV-32807,OTA-012476
TT-32810,OTA-012477
LT-32813,OTA-012478
TT-32814,OTA-012479
PT-32816,OTA-012480
LT-32818,OTA-012481
TT-32819,OTA-012482
TT-32820,OTA-012483
LT-32823,OTA-012484
PT-32825,OTA-012485
FT-32826,OTA-012486
TT-32828,OTA-012487
TT-32837,OTA-012488
FCV-32839,OTA-012489
FT-32841,OTA-012490
LT-32845,OTA-012491
PT-32847,OTA-012492
FT-32848,OTA-012493
FCV-32853,OTA-012494
TT-32854,OTA-012495
FCV-32858,OTA-012496
TT-32860,OTA-012497
LT-32861,OTA-012498
PT-32866,OTA-012499
PT-32868,OTA-012500
TT-32876,OTA-012501
PT-32877,OTA-012502
PT-32881,OTA-012503
FCV-32884,OTA-012504
TT-32885,OTA-012505
FCV-32888,OTA-012506
LT-32891,OTA-012507
FT-32892,OTA-012508
PT-32893,OTA-012509
FCV-32895,OTA-012510
TT-32897,OTA-012511
FCV-32899,OTA-012512
TT-32902,OTA-012513
FT-32903,OTA-012514
LT-32905,OTA-012515
PT-32907,OTA-012516
PT-32914,OTA-012517
TT-32917,OTA-012518
PT-32918,OTA-012519
PT-32927,OTA-012520
TT-32928,OTA-012521
FCV-32930,OTA-012522
LT-32931,OTA-012523
TT-32934,OTA-012524
FT-32935,OTA-012525
PT-32936,OTA-012526
LT-32939,OTA-012527
PT-32945,OTA-012528
PT-32946,OTA-012529
TT-32948,OTA-012530
FT-32949,OTA-012531
LT-32950,OTA-012532
PT-32954,OTA-012533
TT-32955,OTA-012534
FCV-32957,OTA-012535
PT-32967,OTA-012536
PT-32968,OTA-012537
FCV-32971,OTA-012538
LT-32972,OTA-012539
FCV-32974,OTA-012540
FT-32985,OTA-012541
TT-32987,OTA-012542
LT-32991,OTA-012543
TT-32992,OTA-012544
TT-32993,OTA-012545
FT-32994,OTA-012546
LT-33005,OTA-012547
FCV-33007,OTA-012548
FCV-33008,OTA-012549
TT-33010,OTA-012550
FT-33011,OTA-012551
FCV-33013,OTA-012552
TT-33016,OTA-012553
FCV-33017,OTA-012554
PT-33022,OTA-012555
TT-33023,OTA-012556
LT-33024,OTA-012557
PT-33025,OTA-012558
LT-33031,OTA-012559
FCV-33032,OTA-012560
LT-33037,OTA-012561
TT-33039,OTA-012562
PT-33042,OTA-012563
PT-33049,OTA-012564
FT-33055,OTA-012565
TT-33058,OTA-012566
FT-33059,OTA-012567
FCV-33060,OTA-012568
FCV-33065,OTA-012569
LT-33066,OTA-012570
LT-33068,OTA-012571
TT-33069,OTA-012572
FT-33076,OTA-012573
FCV-33077,OTA-012574
FCV-33081,OTA-012575
PT-33084,OTA-012576
LT-33085,OTA-012577
LT-33086,OTA-012578
FT-33087,OTA-012579
LT-33088,OTA-012580
LT-33089,OTA-012581
LT-33092,OTA-012582
PT-33094,OTA-012583
PT-33095,OTA-012584
TT-33096,OTA-012585
PT-33098,OTA-012586
TT-33099,OTA-012587
PT-33101,OTA-012588
TT-33104,OTA-012589
LT-33110,OTA-012590
LT-33114,OTA-012591
FCV-33119,OTA-012592
FT-33121,OTA-012593
TT-33124,OTA-012594
FT-33127,OTA-012595
TT-33128,OTA-012596
FCV-33132,OTA-012597
FT-33135,OTA-012598
TT-33140,OTA-012599
FT-33144,OTA-012600
TT-33145,OTA-012601
TT-33147,OTA-012602
TT-33149,OTA-012603
LT-33150,OTA-012604
LT-33151,OTA-012605
LT-33153,OTA-012606
FT-33154,OTA-012607
FCV-33155,OTA-012608
TT-33156,OTA-012609
TT-33157,OTA-012610
FT-33158,OTA-012611
LT-33161,OTA-012612
PT-33166,OTA-012613
PT-33172,OTA-012614
TT-33176,OTA-012615
LT-33177,OTA-012616
TT-33178,OTA-012617
FT-33179,OTA-012618
LT-33182,OTA-012619
FCV-33184,OTA-012620
PT-33189,OTA-012621
LT-33190,OTA-012622
FT-33192,OTA-012623
FT-33195,OTA-012624
PT-33196,OTA-012625
FT-33199,OTA-012626
FT-33200,OTA-012627
TT-33206,OTA-012628
PT-33209,OTA-012629
LT-33210,OTA-012630
FCV-33214,OTA-012631
FCV-33215,OTA-012632
FT-33216,OTA-012633
FCV-33218,OTA-012634
FCV-33223,OTA-012635
PT-33229,OTA-012636
LT-33230,OTA-012637
TT-33233,OTA-012638
FCV-33235,OTA-012639
PT-33236,OTA-012640
FT-33237,OTA-012641
PT-33242,OTA-012642
TT-33246,OTA-012643
PT-33247,OTA-012644
TT-33249,OTA-012645
PT-33257,OTA-012646
PT-33264,OTA-012647
PT-33267,OTA-012648
PT-33270,OTA-012649
TT-33271,OTA-012650
PT-33273,OTA-012651
FCV-33277,OTA-012652
LT-33282,OTA-012653
FT-33286,OTA-012654
FT-33287,OTA-012655
LT-33289,OTA-012656
TT-33292,OTA-012657
PT-33293,OTA-012658
PT-33308,OTA-012659
TT-33309,OTA-012660
FCV-33310,OTA-012661
FT-33311,OTA-012662
FCV-33313,OTA-012663
FCV-33317,OTA-012664
FCV-33319,OTA-012665
TT-33320,OTA-012666
LT-33321,OTA-012667
FCV-33323,OTA-012668
FT-33329,OTA-012669
TT-33330,OTA-012670
TT-33331,OTA-012671
LT-33334,OTA-012672
FCV-33336,OTA-012673
PT-33337,OTA-012674
FCV-33338,OTA-012675
PT-33339,OTA-012676
LT-33346,OTA-012677
PT-33347,OTA-012678
FT-33352,OTA-012679
FCV-33355,OTA-012680
LT-33358,OTA-012681
LT-33366,OTA-012682
FCV-33367,OTA-012683
TT-33368,OTA-012684
LT-33371,OTA-012685
LT-33373,OTA-012686
FCV-33376,OTA-012687
TT-33377,OTA-012688
LT-33378,OTA-012689
FT-33385,OTA-012690
FCV-33386,OTA-012691
PT-33387,OTA-012692
FCV-33389,OTA-012693
PT-33390,OTA-012694
FT-33397,OTA-012695
PT-33414,OTA-012696
LT-33415,OTA-012697
LT-33417,OTA-012698
FCV-33418,OTA-012699
PT-33421,OTA-012700
TT-33423,OTA-012701
TT-33425,OTA-012702
FT-33433,OTA-012703
FCV-33435,OTA-012704
PT-33436,OTA-012705
FCV-33443,OTA-012706
LT-33444,OTA-012707
FCV-33445,OTA-012708
FCV-33447,OTA-012709
LT-33448,OTA-012710
TT-33451,OTA-012711
LT-33455,OTA-012712
FCV-33459,OTA-012713
FCV-33469,OTA-012714
FT-33470,OTA-012715
LT-33472,OTA-012716
FT-33474,OTA-012717
FT-33475,OTA-012718
LT-33476,OTA-012719
TT-33477,OTA-012720
FT-33482,OTA-012721
FT-33483,OTA-012722
PT-33486,OTA-012723
FCV-33491,OTA-012724
PT-33493,OTA-012725
FCV-33494,OTA-012726
PT-33498,OTA-012727
TT-33499,OTA-012728
PT-33503,OTA-012729
FT-33508,OTA-012730
TT-33515,OTA-012731
LT-33517,OTA-012732
TT-33519,OTA-012733
TT-33522,OTA-012734
LT-33528,OTA-012735
LT-33529,OTA-012736
FT-33533,OTA-012737
FT-33534,OTA-012738
PT-33537,OTA-012739
TT-33538,OTA-012740
LT-33548,OTA-012741
PT-33550,OTA-012742
PT-33552,OTA-012743
FT-33553,OTA-012744
LT-33554,OTA-012745
LT-33557,OTA-012746
PT-33558,OTA-012747
FCV-33560,OTA-012748
FT-33565,OTA-012749
LT-33569,OTA-012750
TT-33570,OTA-012751
FCV-33575,OTA-012752
PT-33579,OTA-012753
FT-33581,OTA-012754
PT-33582,OTA-012755
PT-33588,OTA-012756
PT-33590,OTA-012757
FT-33591,OTA-012758
FCV-33592,OTA-012759
PT-33593,OTA-012760
LT-33603,OTA-012761
FT-33604,OTA-012762
TT-33605,OTA-012763
LT-33608,OTA-012764
PT-33609,OTA-012765
FT-33612,OTA-012766
TT-33616,OTA-012767
TT-33618,OTA-012768
FCV-33623,OTA-012769
PT-33626,OTA-012770
FT-33627,OTA-012771
LT-33628,OTA-012772
PT-33639,OTA-012773
PT-33645,OTA-012774
LT-33647,OTA-012775
TT-33663,OTA-012776
FT-33664,OTA-012777
FT-33665,OTA-012778
FCV-33667,OTA-012779
TT-33669,OTA-012780
TT-33670,OTA-012781
FCV-33674,OTA-012782
PT-33677,OTA-012783
FCV-33685,OTA-012784
LT-33686,OTA-012785
TT-33689,OTA-012786
FT-33690,OTA-012787
FCV-33691,OTA-012788
LT-33692,OTA-012789
TT-33694,OTA-012790
PT-33696,OTA-012791
TT-33698,OTA-012792
LT-33700,OTA-012793
FCV-33701,OTA-012794
FCV-33704,OTA-012795
LT-33705,OTA-012796
PT-33707,OTA-012797
PT-33709,OTA-012798
PT-33713,OTA-012799
PT-33715,OTA-012800
FT-33720,OTA-012801
FT-33723,OTA-012802
TT-33725,OTA-012803
FCV-33731,OTA-012804
FCV-33735,OTA-012805
FT-33738,OTA-012806
LT-33739,OTA-012807
FT-33740,OTA-012808
FCV-33743,OTA-012809
TT-33744,OTA-012810
FCV-33745,OTA-012811
FT-33748,OTA-012812
FT-33749,OTA-012813
PT-33751,OTA-012814
FCV-33758,OTA-012815
FCV-33761,OTA-012816
FT-33765,OTA-012817
LT-33770,OTA-012818
FT-33771,OTA-012819
TT-33772,OTA-012820
PT-33775,OTA-012821
LT-33780,OTA-012822
TT-33781,OTA-012823
PT-33782,OTA-012824
FT-33783,OTA-012825
FCV-33784,OTA-012826
PT-33789,OTA-012827
FCV-33790,OTA-012828
LT-33791,OTA-012829
PT-33792,OTA-012830
FT-33797,OTA-012831
PT-33798,OTA-012832
PT-33799,OTA-012833
TT-33803,OTA-012834
FCV-33804,OTA-012835
TT-33805,OTA-012836
FT-33808,OTA-012837
FCV-33812,OTA-012838
FT-33820,OTA-012839
TT-33823,OTA-012840
TT-33824,OTA-012841
FCV-33825,OTA-012842
TT-33832,OTA-012843
TT-33834,OTA-012844
LT-33836,OTA-012845
FCV-33840,OTA-012846
LT-33842,OTA-012847
FCV-33843,OTA-012848
PT-33844,OTA-012849
TT-33850,OTA-012850
LT-33852,OTA-012851
PT-33856,OTA-012852
FT-33857,OTA-012853
FCV-33859,OTA-012854
TT-33862,OTA-012855
FT-33865,OTA-012856
TT-33868,OTA-012857
PT-33871,OTA-012858
TT-33872,OTA-012859
PT-33879,OTA-012860
TT-33881,OTA-012861
PT-33884,OTA-012862
FCV-33887,OTA-012863
LT-33888,OTA-012864
TT-33889,OTA-012865
PT-33890,OTA-012866
PT-33891,OTA-012867
FCV-33897,OTA-012868
TT-33898,OTA-012869
PT-33899,OTA-012870
LT-33900,OTA-012871
TT-33901,OTA-012872
TT-33902,OTA-012873
PT-33906,OTA-012874
LT-33907,OTA-012875
LT-33908,OTA-012876
LT-33909,OTA-012877
LT-33910,OTA-012878
PT-33913,OTA-012879
TT-33917,OTA-012880
TT-33918,OTA-012881
PT-33922,OTA-012882
FCV-33924,OTA-012883
LT-33925,OTA-012884
FT-33926,OTA-012885
PT-33930,OTA-012886
PT-33931,OTA-012887
TT-33932,OTA-012888
FT-33936,OTA-012889
PT-33937,OTA-012890
LT-33941,OTA-012891
FCV-33946,OTA-012892
TT-33947,OTA-012893
TT-33948,OTA-012894
FCV-33953,OTA-012895
LT-33967,OTA-012896
LT-33968,OTA-012897
PT-33969,OTA-012898
TT-33971,OTA-012899
PT-33972,OTA-012900
TT-33978,OTA-012901
PT-33979,OTA-012902
FCV-33981,OTA-012903
FT-33982,OTA-012904
FCV-33987,OTA-012905
TT-33989,OTA-012906
FCV-33990,OTA-012907
FCV-33991,OTA-012908
PT-33992,OTA-012909
FT-33998,OTA-012910
FT-34000,OTA-012911
FT-34001,OTA-012912
FCV-34002,OTA-012913
PT-34006,OTA-012914
FT-34013,OTA-012915
PT-34014,OTA-012916
FT-34016,OTA-012917
TT-34021,OTA-012918
LT-34022,OTA-012919
TT-34024,OTA-012920
FT-34027,OTA-012921
PT-34030,OTA-012922
TT-34031,OTA-012923
FT-34032,OTA-012924
FCV-34033,OTA-012925
FCV-34035,OTA-012926
LT-34036,OTA-012927
TT-34038,OTA-012928
FCV-34039,OTA-012929
FCV-34040,OTA-012930
FT-34043,OTA-012931
FT-34044,OTA-012932
LT-34047,OTA-012933
FCV-34048,OTA-012934
FCV-34049,OTA-012935
TT-34052,OTA-012936
PT-34055,OTA-012937
LT-34057,OTA-012938
LT-34062,OTA-012939
FT-34064,OTA-012940
PT-34072,OTA-012941
TT-34073,OTA-012942
FCV-34074,OTA-012943
FCV-34084,OTA-012944
TT-34085,OTA-012945
LT-34086,OTA-012946
FT-34088,OTA-012947
LT-34091,OTA-012948
FCV-34092,OTA-012949
PT-34093,OTA-012950
PT-34098,OTA-012951
PT-34103,OTA-012952
LT-34104,OTA-012953
TT-34105,OTA-012954
PT-34106,OTA-012955
TT-34107,OTA-012956
PT-34108,OTA-012957
FT-34118,OTA-012958
FCV-34120,OTA-012959
FCV-34123,OTA-012960
FCV-34125,OTA-012961
LT-34126,OTA-012962
FT-34128,OTA-012963
FCV-34129,OTA-012964
TT-34130,OTA-012965
PT-34131,OTA-012966
LT-34136,OTA-012967
FT-34138,OTA-012968
PT-34140,OTA-012969
FCV-34142,OTA-012970
FCV-34143,OTA-012971
PT-34144,OTA-012972
TT-34145,OTA-012973
FT-34148,OTA-012974
FT-34149,OTA-012975
FCV-34150,OTA-012976
LT-34151,OTA-012977
FT-34152,OTA-012978
TT-34154,OTA-012979
PT-34155,OTA-012980
TT-34156,OTA-012981
FT-34160,OTA-012982
FT-34164,OTA-012983
LT-34165,OTA-012984
LT-34167,OTA-012985
LT-34168,OTA-012986
FCV-34182,OTA-012987
PT-34184,OTA-012988
TT-34185,OTA-012989
TT-34186,OTA-012990
LT-34187,OTA-012991
FT-34189,OTA-012992
LT-34192,OTA-012993
PT-34195,OTA-012994
PT-34196,OTA-012995
FT-34198,OTA-012996
FCV-34199,OTA-012997
LT-34200,OTA-012998
LT-34202,OTA-012999
LT-34205,OTA-013000
PT-34206,OTA-013001
TT-34211,OTA-013002
LT-34215,OTA-013003
PT-34219,OTA-013004
PT-34226,OTA-013005
PT-34227,OTA-013006
LT-34228,OTA-013007
TT-34230,OTA-013008
FCV-34232,OTA-013009
PT-34235,OTA-013010
FCV-34236,OTA-013011
PT-34239,OTA-013012
PT-34242,OTA-013013
LT-34243,OTA-013014
TT-34247,OTA-013015
LT-34249,OTA-013016
FT-34250,OTA-013017
FCV-34251,OTA-013018
FCV-34252,OTA-013019
PT-34258,OTA-013020
TT-34259,OTA-013021
PT-34261,OTA-013022
PT-34264,OTA-013023
FT-34265,OTA-013024
FT-34267,OTA-013025
PT-34272,OTA-013026
FCV-34274,OTA-013027
LT-34277,OTA-013028
LT-34278,OTA-013029
TT-34279,OTA-013030
FT-34281,OTA-013031
FT-34282,OTA-013032
LT-34283,OTA-013033
FCV-34287,OTA-013034
TT-34291,OTA-013035
LT-34292,OTA-013036
FT-34293,OTA-013037
FCV-34294,OTA-013038
FCV-34296,OTA-013039
FCV-34299,OTA-013040
LT-34300,OTA-013041
TT-34301,OTA-013042
TT-34303,OTA-013043
PT-34305,OTA-013044
FT-34306,OTA-013045
TT-34308,OTA-013046
FT-34310,OTA-013047
TT-34311,OTA-013048
LT-34313,OTA-013049
FT-34314,OTA-013050
TT-34315,OTA-013051
FT-34316,OTA-013052
PT-34321,OTA-013053
LT-34322,OTA-013054
TT-34324,OTA-013055
FCV-34328,OTA-013056
FCV-34330,OTA-013057
LT-34332,OTA-013058
FCV-34340,OTA-013059
FCV-34343,OTA-013060
FCV-34349,OTA-013061
FT-34350,OTA-013062
FCV-34352,OTA-013063
FT-34354,OTA-013064
PT-34356,OTA-013065
PT-34357,OTA-013066
TT-34362,OTA-013067
LT-34363,OTA-013068
FT-34364,OTA-013069
TT-34365,OTA-013070
FT-34366,OTA-013071
FCV-34369,OTA-013072
LT-34371,OTA-013073
FCV-34372,OTA-013074
LT-34373,OTA-013075
TT-34375,OTA-013076
FT-34377,OTA-013077
LT-34383,OTA-013078
FT-34390,OTA-013079
FT-34395,OTA-013080
LT-34396,OTA-013081
TT-34398,OTA-013082
PT-34399,OTA-013083
TT-34405,OTA-013084
FT-34408,OTA-013085
LT-34409,OTA-013086
FT-34410,OTA-013087
FCV-34411,OTA-013088
LT-34417,OTA-013089
FCV-34421,OTA-013090
FCV-34422,OTA-013091
PT-34426,OTA-013092
TT-34437,OTA-013093
TT-34439,OTA-013094
FCV-34441,OTA-013095
FCV-34444,OTA-013096
TT-34446,OTA-013097
FCV-34447,OTA-013098
FT-34448,OTA-013099
FCV-34449,OTA-013100
FT-34452,OTA-013101
LT-34455,OTA-013102
TT-34458,OTA-013103
PT-34459,OTA-013104
TT-34460,OTA-013105
PT-34462,OTA-013106
TT-34463,OTA-013107
TT-34464,OTA-013108
LT-34466,OTA-013109
LT-34467,OTA-013110
FCV-34468,OTA-013111
FCV-34470,OTA-013112
LT-34471,OTA-013113
TT-34473,OTA-013114
TT-34474,OTA-013115
FT-34475,OTA-013116
FT-34480,OTA-013117
LT-34484,OTA-013118
LT-34488,OTA-013119
FCV-34490,OTA-013120
FCV-34493,OTA-013121
TT-34494,OTA-013122
TT-34496,OTA-013123
LT-34502,OTA-013124
LT-34504,OTA-013125
PT-34506,OTA-013126
FT-34512,OTA-013127
LT-34514,OTA-013128
LT-34515,OTA-013129
TT-34518,OTA-013130
LT-34520,OTA-013131
LT-34523,OTA-013132
PT-34524,OTA-013133
LT-34525,OTA-013134
FCV-34530,OTA-013135
TT-34533,OTA-013136
FCV-34534,OTA-013137
LT-34535,OTA-013138
FT-34537,OTA-013139
FT-34539,OTA-013140
TT-34542,OTA-013141
FT-34544,OTA-013142
FT-34547,OTA-013143
FT-34548,OTA-013144
FCV-34549,OTA-013145
LT-34550,OTA-013146
FCV-34552,OTA-013147
TT-34553,OTA-013148
LT-34557,OTA-013149
LT-34560,OTA-013150
FT-34562,OTA-013151
PT-34563,OTA-013152
PT-34564,OTA-013153
TT-34565,OTA-013154
LT-34570,OTA-013155
LT-34572,OTA-013156
FCV-34573,OTA-013157
FT-34574,OTA-013158
PT-34578,OTA-013159
LT-34580,OTA-013160
FT-34583,OTA-013161
PT-34584,OTA-013162
FCV-34587,OTA-013163
FCV-34589,OTA-013164
LT-34590,OTA-013165
TT-34592,OTA-013166
FCV-34593,OTA-013167
FCV-34595,OTA-013168
FCV-34597,OTA-013169
LT-34598,OTA-013170
FCV-34600,OTA-013171
FT-34601,OTA-013172
FCV-34603,OTA-013173
PT-34610,OTA-013174
FT-34611,OTA-013175
PT-34612,OTA-013176
PT-34615,OTA-013177
TT-34616,OTA-013178
TT-34621,OTA-013179
LT-34622,OTA-013180
TT-34627,OTA-013181
LT-34629,OTA-013182
LT-34631,OTA-013183
TT-34634,OTA-013184
PT-34635,OTA-013185
FT-34636,OTA-013186
LT-34640,OTA-013187
FCV-34641,OTA-013188
PT-34643,OTA-013189
TT-34646,OTA-013190
LT-34649,OTA-013191
PT-34651,OTA-013192
FT-34655,OTA-013193
TT-34658,OTA-013194
FT-34659,OTA-013195
TT-34661,OTA-013196
TT-34663,OTA-013197
LT-34664,OTA-013198
FCV-34665,OTA-013199
FT-34666,OTA-013200
LT-34668,OTA-013201
FT-34675,OTA-013202
FCV-34680,OTA-013203
FT-34690,OTA-013204
PT-34691,OTA-013205
FT-34692,OTA-013206
PT-34693,OTA-013207
LT-34694,OTA-013208
FCV-34695,OTA-013209
LT-34696,OTA-013210
FT-34705,OTA-013211
FCV-34706,OTA-013212
LT-34710,OTA-013213
TT-34716,OTA-013214
PT-34718,OTA-013215
LT-34721,OTA-013216
FCV-34725,OTA-013217
FT-34727,OTA-013218
PT-34729,OTA-013219
TT-34730,OTA-013220
LT-34731,OTA-013221
FT-34735,OTA-013222
FT-34740,OTA-013223
FCV-34743,OTA-013224
PT-34744,OTA-013225
FT-34745,OTA-013226
FT-34748,OTA-013227
TT-34750,OTA-013228
TT-34753,OTA-013229
TT-34755,OTA-013230
LT-34756,OTA-013231
FCV-34757,OTA-013232
PT-34758,OTA-013233
PT-34763,OTA-013234
PT-34764,OTA-013235
TT-34766,OTA-013236
TT-34770,OTA-013237
PT-34779,OTA-013238
FT-34783,OTA-013239
LT-34785,OTA-013240
TT-34787,OTA-013241
LT-34789,OTA-013242
TT-34791,OTA-013243
LT-34793,OTA-013244
FCV-34797,OTA-013245
PT-34800,OTA-013246
FT-34803,OTA-013247
TT-34804,OTA-013248
PT-34809,OTA-013249
PT-34811,OTA-013250
FT-34812,OTA-013251
PT-34813,OTA-013252
TT-34814,OTA-013253
PT-34827,OTA-013254
FCV-34828,OTA-013255
LT-34832,OTA-013256
PT-34833,OTA-013257
PT-34834,OTA-013258
FCV-34838,OTA-013259
LT-34843,OTA-013260
FT-34849,OTA-013261
FT-34850,OTA-013262
TT-34854,OTA-013263
FT-34855,OTA-013264
FCV-34860,OTA-013265
TT-34861,OTA-013266
LT-34870,OTA-013267
FT-34872,OTA-013268
FCV-34875,OTA-013269
FT-34876,OTA-013270
LT-34878,OTA-013271
FT-34883,OTA-013272
FCV-34884,OTA-013273
PT-34885,OTA-013274
PT-34886,OTA-013275
FCV-34887,OTA-013276
FCV-34888,OTA-013277
FT-34892,OTA-013278
FCV-34894,OTA-013279
FCV-34898,OTA-013280
FCV-34899,OTA-013281
FT-34900,OTA-013282
PT-34905,OTA-013283
FCV-34907,OTA-013284
FCV-34908,OTA-013285
PT-34917,OTA-013286
PT-34923,OTA-013287
FT-34924,OTA-013288
LT-34926,OTA-013289
FT-34927,OTA-013290
FCV-34929,OTA-013291
TT-34931,OTA-013292
LT-34933,OTA-013293
LT-34935,OTA-013294
TT-34940,OTA-013295
FCV-34944,OTA-013296
FT-34947,OTA-013297
FT-34957,OTA-013298
FCV-34959,OTA-013299
FCV-34963,OTA-013300
FCV-34965,OTA-013301
FT-34967,OTA-013302
LT-34968,OTA-013303
PT-34969,OTA-013304
PT-34981,OTA-013305
PT-34989,OTA-013306
FT-34992,OTA-013307
LT-34995,OTA-013308
FCV-34996,OTA-013309
PT-35000,OTA-013310
TT-35007,OTA-013311
FT-35009,OTA-013312
TT-35016,OTA-013313
TT-35020,OTA-013314
LT-35021,OTA-013315
TT-35025,OTA-013316
FCV-35026,OTA-013317
PT-35034,OTA-013318
TT-35035,OTA-013319
FCV-35043,OTA-013320
LT-35054,OTA-013321
FT-35056,OTA-013322
LT-35057,OTA-013323
LT-35062,OTA-013324
FT-35064,OTA-013325
PT-35065,OTA-013326
FT-35071,OTA-013327
TT-35072,OTA-013328
PT-35074,OTA-013329
TT-35076,OTA-013330
FCV-35078,OTA-013331
FCV-35079,OTA-013332
LT-35080,OTA-013333
FCV-35089,OTA-013334
FCV-35090,OTA-013335
TT-35093,OTA-013336
TT-35094,OTA-013337
LT-35099,OTA-013338
FT-35100,OTA-013339
LT-35108,OTA-013340
TT-35110,OTA-013341
PT-35118,OTA-013342
TT-35119,OTA-013343
PT-35123,OTA-013344
FCV-35125,OTA-013345
PT-35132,OTA-013346
TT-35138,OTA-013347
FT-35140,OTA-013348
PT-35142,OTA-013349
TT-35144,OTA-013350
LT-35148,OTA-013351
TT-35150,OTA-013352
LT-35152,OTA-013353
FT-35159,OTA-013354
LT-35162,OTA-013355
PT-35164,OTA-013356
FT-35168,OTA-013357
TT-35169,OTA-013358
LT-35179,OTA-013359
FT-35181,OTA-013360
PT-35182,OTA-013361
FCV-35184,OTA-013362
PT-35189,OTA-013363
FCV-35191,OTA-013364
FT-35195,OTA-013365
PT-35201,OTA-013366
FCV-35205,OTA-013367
LT-35208,OTA-013368
TT-35209,OTA-013369
FT-35211,OTA-013370
PT-35215,OTA-013371
PT-35216,OTA-013372
FCV-35221,OTA-013373
PT-35224,OTA-013374
FT-35231,OTA-013375
LT-35233,OTA-013376
FCV-35234,OTA-013377
PT-35237,OTA-013378
FT-35241,OTA-013379
PT-35243,OTA-013380
FT-35244,OTA-013381
TT-35245,OTA-013382
LT-35246,OTA-013383
FCV-35248,OTA-013384
FT-35253,OTA-013385
PT-35255,OTA-013386
TT-35257,OTA-013387
PT-35258,OTA-013388
TT-35265,OTA-013389
FCV-35270,OTA-013390
TT-35276,OTA-013391
TT-35277,OTA-013392
FCV-35281,OTA-013393
FCV-35283,OTA-013394
FCV-35285,OTA-013395
LT-35296,OTA-013396
TT-35303,OTA-013397
FCV-35305,OTA-013398
TT-35306,OTA-013399
PT-35309,OTA-013400
LT-35316,OTA-013401
PT-35317,OTA-013402
TT-35318,OTA-013403
LT-35320,OTA-013404
FT-35321,OTA-013405
PT-35323,OTA-013406
PT-35325,OTA-013407
FCV-35326,OTA-013408
TT-35328,OTA-013409
FT-35334,OTA-013410
PT-35336,OTA-013411
TT-35341,OTA-013412
PT-35343,OTA-013413
FCV-35345,OTA-013414
FT-35347,OTA-013415
FCV-35351,OTA-013416
FT-35354,OTA-013417
PT-35356,OTA-013418
TT-35358,OTA-013419
PT-35360,OTA-013420
FT-35363,OTA-013421
TT-35368,OTA-013422
LT-35369,OTA-013423
FT-35371,OTA-013424
LT-35378,OTA-013425
TT-35379,OTA-013426
FCV-35383,OTA-013427
FT-35384,OTA-013428
LT-35385,OTA-013429
PT-35386,OTA-013430
TT-35387,OTA-013431
LT-35389,OTA-013432
LT-35394,OTA-013433
FT-35397,OTA-013434
FT-35402,OTA-013435
FT-35403,OTA-013436
LT-35404,OTA-013437
LT-35405,OTA-013438
LT-35411,OTA-013439
TT-35422,OTA-013440
FCV-35424,OTA-013441
FCV-35428,OTA-013442
LT-35430,OTA-013443
PT-35431,OTA-013444
LT-35432,OTA-013445
TT-35435,OTA-013446
TT-35437,OTA-013447
LT-35438,OTA-013448
FCV-35440,OTA-013449
TT-35441,OTA-013450
FCV-35442,OTA-013451
TT-35444,OTA-013452
LT-35445,OTA-013453
FCV-35446,OTA-013454
TT-35447,OTA-013455
LT-35448,OTA-013456
FT-35450,OTA-013457
LT-35452,OTA-013458
LT-35454,OTA-013459
PT-35458,OTA-013460
LT-35460,OTA-013461
LT-35461,OTA-013462
FT-35462,OTA-013463
FCV-35464,OTA-013464
FCV-35467,OTA-013465
FCV-35468,OTA-013466
PT-35469,OTA-013467
PT-35473,OTA-013468
LT-35475,OTA-013469
FCV-35476,OTA-013470
FT-35477,OTA-013471
TT-35478,OTA-013472
TT-35481,OTA-013473
PT-35486,OTA-013474
LT-35490,OTA-013475
FT-35495,OTA-013476
PT-35497,OTA-013477
LT-35498,OTA-013478
PT-35502,OTA-013479
FCV-35509,OTA-013480
FT-35513,OTA-013481
LT-35515,OTA-013482
FT-35516,OTA-013483
LT-35522,OTA-013484
LT-35525,OTA-013485
PT-35527,OTA-013486
FCV-35529,OTA-013487
PT-35531,OTA-013488
FCV-35533,OTA-013489
TT-35536,OTA-013490
FCV-35538,OTA-013491
LT-35542,OTA-013492
LT-35545,OTA-013493
LT-35547,OTA-013494
LT-35548,OTA-013495
LT-35551,OTA-013496
PT-35553,OTA-013497
TT-35557,OTA-013498
FT-35559,OTA-013499
FT-35566,OTA-013500
TT-35568,OTA-013501
LT-35570,OTA-013502
PT-35571,OTA-013503
LT-35575,OTA-013504
FCV-35583,OTA-013505
LT-35586,OTA-013506
FCV-35587,OTA-013507
PT-35594,OTA-013508
TT-35596,OTA-013509
TT-35607,OTA-013510
PT-35609,OTA-013511
TT-35611,OTA-013512
FT-35613,OTA-013513
FT-35615,OTA-013514
FCV-35617,OTA-013515
FCV-35618,OTA-013516
PT-35619,OTA-013517
FT-35620,OTA-013518
PT-35624,OTA-013519
LT-35627,OTA-013520
LT-35630,OTA-013521
FT-35631,OTA-013522
TT-35634,OTA-013523
PT-35635,OTA-013524
FT-35636,OTA-013525
TT-35638,OTA-013526
LT-35640,OTA-013527
TT-35643,OTA-013528
TT-35644,OTA-013529
FT-35646,OTA-013530
PT-35647,OTA-013531
PT-35649,OTA-013532
FT-35662,OTA-013533
FCV-35664,OTA-013534
LT-35665,OTA-013535
FT-35672,OTA-013536
PT-35678,OTA-013537
FT-35679,OTA-013538
FT-35681,OTA-013539
LT-35682,OTA-013540
LT-35684,OTA-013541
LT-35689,OTA-013542
FT-35690,OTA-013543
PT-35691,OTA-013544
FT-35694,OTA-013545
FT-35696,OTA-013546
FCV-35697,OTA-013547
TT-35698,OTA-013548
TT-35703,OTA-013549
FCV-35704,OTA-013550
LT-35708,OTA-013551
FT-35713,OTA-013552
PT-35714,OTA-013553
TT-35718,OTA-013554
FT-35720,OTA-013555
FCV-35721,OTA-013556
LT-35722,OTA-013557
PT-35724,OTA-013558
LT-35726,OTA-013559
FT-35727,OTA-013560
TT-35730,OTA-013561
PT-35732,OTA-013562
PT-35733,OTA-013563
TT-35736,OTA-013564
PT-35743,OTA-013565
LT-35744,OTA-013566
PT-35745,OTA-013567
FCV-35750,OTA-013568
FT-35752,OTA-013569
PT-35763,OTA-013570
FCV-35764,OTA-013571
FCV-35769,OTA-013572
TT-35773,OTA-013573
TT-35776,OTA-013574
TT-35777,OTA-013575
FCV-35782,OTA-013576
FCV-35783,OTA-013577
LT-35785,OTA-013578
FCV-35788,OTA-013579
FT-35790,OTA-013580
LT-35791,OTA-013581
FT-35793,OTA-013582
TT-35797,OTA-013583
PT-35799,OTA-013584
TT-35800,OTA-013585
FT-35804,OTA-013586
PT-35807,OTA-013587
FCV-35809,OTA-013588
PT-35813,OTA-013589
TT-35817,OTA-013590
LT-35820,OTA-013591
LT-35821,OTA-013592
PT-35823,OTA-013593
TT-35827,OTA-013594
TT-35828,OTA-013595
FT-35829,OTA-013596
FCV-35832,OTA-013597
TT-35834,OTA-013598
FT-35842,OTA-013599
PT-35844,OTA-013600
TT-35845,OTA-013601
TT-35847,OTA-013602
FT-35848,OTA-013603
FT-35851,OTA-013604
PT-35853,OTA-013605
TT-35859,OTA-013606
TT-35861,OTA-013607
PT-35862,OTA-013608
FT-35867,OTA-013609
TT-35868,OTA-013610
TT-35872,OTA-013611
FCV-35875,OTA-013612
FCV-35876,OTA-013613
FT-35881,OTA-013614
TT-35882,OTA-013615
PT-35883,OTA-013616
TT-35885,OTA-013617
FCV-35886,OTA-013618
FCV-35887,OTA-013619
LT-35888,OTA-013620
FT-35890,OTA-013621
LT-35892,OTA-013622
PT-35893,OTA-013623
TT-35894,OTA-013624
TT-35896,OTA-013625
TT-35899,OTA-013626
FCV-35905,OTA-013627
LT-35908,OTA-013628
PT-35909,OTA-013629
FT-35912,OTA-013630
FCV-35915,OTA-013631
TT-35919,OTA-013632
FT-35920,OTA-013633
FCV-35923,OTA-013634
PT-35927,OTA-013635
TT-35929,OTA-013636
FCV-35930,OTA-013637
FCV-35932,OTA-013638
TT-35935,OTA-013639
FT-35936,OTA-013640
PT-35941,OTA-013641
FT-35942,OTA-013642
TT-35945,OTA-013643
FT-35946,OTA-013644
FT-35953,OTA-013645
PT-35965,OTA-013646
LT-35968,OTA-013647
PT-35975,OTA-013648
FCV-35976,OTA-013649
LT-35981,OTA-013650
PT-35984,OTA-013651
PT-35986,OTA-013652
PT-35998,OTA-013653
TT-35999,OTA-013654
PT-36001,OTA-013655
FCV-36005,OTA-013656
LT-36006,OTA-013657
TT-36007,OTA-013658
FT-36009,OTA-013659
LT-36013,OTA-013660
PT-36020,OTA-013661
TT-36022,OTA-013662
FT-36024,OTA-013663
TT-36028,OTA-013664
LT-36032,OTA-013665
PT-36034,OTA-013666
PT-36038,OTA-013667
TT-36040,OTA-013668
FT-36041,OTA-013669
LT-36042,OTA-013670
TT-36049,OTA-013671
FCV-36052,OTA-013672
LT-36054,OTA-013673
TT-36058,OTA-013674
TT-36059,OTA-013675
PT-36061,OTA-013676
LT-36062,OTA-013677
LT-36063,OTA-013678
PT-36066,OTA-013679
FCV-36069,OTA-013680
LT-36071,OTA-013681
FCV-36074,OTA-013682
TT-36077,OTA-013683
TT-36078,OTA-013684
FCV-36079,OTA-013685
PT-36081,OTA-013686
FT-36084,OTA-013687
FT-36086,OTA-013688
PT-36087,OTA-013689
FCV-36088,OTA-013690
FCV-36089,OTA-013691
LT-36090,OTA-013692
FCV-36093,OTA-013693
PT-36095,OTA-013694
LT-36097,OTA-013695
FCV-36099,OTA-013696
LT-36100,OTA-013697
PT-36101,OTA-013698
PT-36103,OTA-013699
PT-36106,OTA-013700
FT-36109,OTA-013701
LT-36112,OTA-013702
LT-36116,OTA-013703
LT-36120,OTA-013704
PT-36126,OTA-013705
TT-36132,OTA-013706
TT-36139,OTA-013707
FCV-36146,OTA-013708
FCV-36147,OTA-013709
TT-36148,OTA-013710
FCV-36150,OTA-013711
FCV-36152,OTA-013712
LT-36155,OTA-013713
TT-36157,OTA-013714
FCV-36159,OTA-013715
TT-36160,OTA-013716
FT-36161,OTA-013717
FCV-36163,OTA-013718
PT-36164,OTA-013719
TT-36165,OTA-013720
TT-36168,OTA-013721
FT-36170,OTA-013722
LT-36171,OTA-013723
PT-36173,OTA-013724
FT-36174,OTA-013725
TT-36175,OTA-013726
LT-36176,OTA-013727
PT-36178,OTA-013728
FCV-36179,OTA-013729
FT-36180,OTA-013730
TT-36185,OTA-013731
PT-36186,OTA-013732
PT-36188,OTA-013733
FCV-36189,OTA-013734
LT-36195,OTA-013735
FCV-36196,OTA-013736
LT-36200,OTA-013737
TT-36205,OTA-013738
PT-36208,OTA-013739
TT-36214,OTA-013740
TT-36215,OTA-013741
FCV-36216,OTA-013742
FT-36217,OTA-013743
FCV-36218,OTA-013744
FCV-36220,OTA-013745
PT-36221,OTA-013746
PT-36224,OTA-013747
LT-36225,OTA-013748
LT-36226,OTA-013749
TT-36234,OTA-013750
LT-36236,OTA-013751
FT-36241,OTA-013752
PT-36243,OTA-013753
LT-36245,OTA-013754
LT-36248,OTA-013755
FCV-36251,OTA-013756
TT-36255,OTA-013757
TT-36256,OTA-013758
TT-36257,OTA-013759
TT-36258,OTA-013760
FT-36260,OTA-013761
PT-36261,OTA-013762
FT-36264,OTA-013763
PT-36268,OTA-013764
FCV-36272,OTA-013765
FT-36274,OTA-013766
FCV-36277,OTA-013767
LT-36282,OTA-013768
PT-36286,OTA-013769
FT-36288,OTA-013770
FCV-36290,OTA-013771
FT-36292,OTA-013772
LT-36293,OTA-013773
FCV-36295,OTA-013774
FCV-36297,OTA-013775
FCV-36301,OTA-013776
FCV-36305,OTA-013777
PT-36306,OTA-013778
FCV-36308,OTA-013779
PT-36313,OTA-013780
FCV-36315,OTA-013781
TT-36317,OTA-013782
LT-36320,OTA-013783
FT-36323,OTA-013784
FCV-36324,OTA-013785
FT-36325,OTA-013786
FT-36329,OTA-013787
FCV-36330,OTA-013788
LT-36333,OTA-013789
TT-36335,OTA-013790
FT-36337,OTA-013791
FT-36339,OTA-013792
FT-36340,OTA-013793
LT-36341,OTA-013794
FCV-36344,OTA-013795
FCV-36350,OTA-013796
LT-36354,OTA-013797
TT-36361,OTA-013798
LT-36362,OTA-013799
FCV-36371,OTA-013800
PT-36376,OTA-013801
LT-36378,OTA-013802
LT-36379,OTA-013803
FCV-36380,OTA-013804
TT-36389,OTA-013805
TT-36392,OTA-013806
FCV-36393,OTA-013807
FT-36395,OTA-013808
LT-36401,OTA-013809
PT-36402,OTA-013810
LT-36407,OTA-013811
PT-36411,OTA-013812
LT-36413,OTA-013813
PT-36415,OTA-013814
TT-36416,OTA-013815
PT-36419,OTA-013816
FCV-36420,OTA-013817
FCV-36423,OTA-013818
LT-36425,OTA-013819
TT-36427,OTA-013820
FT-36429,OTA-013821
FT-36430,OTA-013822
FT-36433,OTA-013823
FCV-36434,OTA-013824
TT-36438,OTA-013825
PT-36443,OTA-013826
FCV-36445,OTA-013827
FT-36446,OTA-013828
LT-36450,OTA-013829
PT-36453,OTA-013830
FCV-36454,OTA-013831
TT-36455,OTA-013832
PT-36456,OTA-013833
FT-36459,OTA-013834
FCV-36464,OTA-013835
PT-36465,OTA-013836
TT-36466,OTA-013837
LT-36468,OTA-013838
FT-36470,OTA-013839
TT-36471,OTA-013840
TT-36472,OTA-013841
FCV-36473,OTA-013842
FT-36476,OTA-013843
FT-36478,OTA-013844
TT-36479,OTA-013845
TT-36484,OTA-013846
TT-36488,OTA-013847
FT-36490,OTA-013848
FCV-36493,OTA-013849
LT-36494,OTA-013850
TT-36498,OTA-013851
TT-36501,OTA-013852
LT-36502,OTA-013853
TT-36504,OTA-013854
LT-36509,OTA-013855
PT-36510,OTA-013856
FCV-36514,OTA-013857
PT-36516,OTA-013858
PT-36519,OTA-013859
FT-36525,OTA-013860
TT-36526,OTA-013861
LT-36531,OTA-013862
FCV-36536,OTA-013863
LT-36537,OTA-013864
TT-36541,OTA-013865
FCV-36542,OTA-013866
FT-36543,OTA-013867
PT-36544,OTA-013868
TT-36549,OTA-013869
FT-36554,OTA-013870
PT-36555,OTA-013871
PT-36556,OTA-013872
TT-36558,OTA-013873
PT-36559,OTA-013874
PT-36561,OTA-013875
FT-36564,OTA-013876
FCV-36565,OTA-013877
FCV-36569,OTA-013878
LT-36575,OTA-013879
FCV-36582,OTA-013880
FT-36583,OTA-013881
FCV-36592,OTA-013882
FT-36593,OTA-013883
LT-36596,OTA-013884
LT-36598,OTA-013885
TT-36599,OTA-013886
LT-36600,OTA-013887
FT-36603,OTA-013888
LT-36608,OTA-013889
LT-36613,OTA-013890
PT-36614,OTA-013891
FCV-36621,OTA-013892
TT-36623,OTA-013893
TT-36631,OTA-013894
PT-36632,OTA-013895
FT-36633,OTA-013896
FT-36637,OTA-013897
LT-36638,OTA-013898
TT-36640,OTA-013899
FCV-36642,OTA-013900
PT-36647,OTA-013901
FCV-36648,OTA-013902
FT-36649,OTA-013903
LT-36651,OTA-013904
LT-36652,OTA-013905
FT-36653,OTA-013906
FT-36657,OTA-013907
FT-36658,OTA-013908
PT-36660,OTA-013909
FT-36661,OTA-013910
LT-36667,OTA-013911
FCV-36669,OTA-013912
FT-36673,OTA-013913
FT-36674,OTA-013914
LT-36675,OTA-013915
PT-36679,OTA-013916
TT-36684,OTA-013917
LT-36686,OTA-013918
FCV-36688,OTA-013919
LT-36690,OTA-013920
FT-36691,OTA-013921
PT-36692,OTA-013922
LT-36695,OTA-013923
PT-36700,OTA-013924
FCV-36703,OTA-013925
TT-36706,OTA-013926
LT-36709,OTA-013927
FT-36710,OTA-013928
TT-36712,OTA-013929
LT-36714,OTA-013930
TT-36715,OTA-013931
TT-36717,OTA-013932
FCV-36719,OTA-013933
FCV-36721,OTA-013934
PT-36722,OTA-013935
FT-36723,OTA-013936
FCV-36724,OTA-013937
LT-36725,OTA-013938
FT-36727,OTA-013939
PT-36731,OTA-013940
LT-36737,OTA-013941
FT-36740,OTA-013942
FCV-36744,OTA-013943
PT-36746,OTA-013944
FT-36747,OTA-013945
LT-36750,OTA-013946
FCV-36751,OTA-013947
FCV-36752,OTA-013948
LT-36758,OTA-013949
FT-36759,OTA-013950
LT-36762,OTA-013951
TT-36763,OTA-013952
LT-36764,OTA-013953
TT-36767,OTA-013954
FT-36768,OTA-013955
FCV-36771,OTA-013956
LT-36772,OTA-013957
FT-36780,OTA-013958
TT-36783,OTA-013959
TT-36786,OTA-013960
TT-36788,OTA-013961
TT-36789,OTA-013962
PT-36791,OTA-013963
FT-36797,OTA-013964
LT-36800,OTA-013965
FCV-36808,OTA-013966
FT-36812,OTA-013967
FCV-36814,OTA-013968
LT-36815,OTA-013969
FT-36819,OTA-013970
FCV-36827,OTA-013971
TT-36830,OTA-013972
PT-36833,OTA-013973
PT-36834,OTA-013974
LT-36837,OTA-013975
FCV-36841,OTA-013976
PT-36846,OTA-013977
FCV-36848,OTA-013978
FCV-36849,OTA-013979
FT-36850,OTA-013980
PT-36852,OTA-013981
LT-36854,OTA-013982
FT-36858,OTA-013983
LT-36862,OTA-013984
FCV-36863,OTA-013985
FCV-36865,OTA-013986
PT-36871,OTA-013987
FT-36875,OTA-013988
FCV-36878,OTA-013989
FT-36879,OTA-013990
TT-36880,OTA-013991
TT-36881,OTA-013992
FT-36890,OTA-013993
PT-36892,OTA-013994
TT-36893,OTA-013995
TT-36894,OTA-013996
FCV-36895,OTA-013997
PT-36896,OTA-013998
LT-36898,OTA-013999
TT-36902,OTA-014000
TT-36905,OTA-014001
FT-36906,OTA-014002
TT-36907,OTA-014003
LT-36908,OTA-014004
FT-36909,OTA-014005
LT-36910,OTA-014006
FCV-36912,OTA-014007
FCV-36914,OTA-014008
TT-36915,OTA-014009
TT-36917,OTA-014010
FT-36918,OTA-014011
FT-36921,OTA-014012
LT-36925,OTA-014013
PT-36926,OTA-014014
FT-36928,OTA-014015
TT-36932,OTA-014016
LT-36933,OTA-014017
TT-36934,OTA-014018
FT-36938,OTA-014019
FCV-36940,OTA-014020
FCV-36941,OTA-014021
LT-36949,OTA-014022
PT-36951,OTA-014023
TT-36952,OTA-014024
TT-36953,OTA-014025
TT-36954,OTA-014026
TT-36955,OTA-014027
TT-36956,OTA-014028
PT-36961,OTA-014029
FT-36963,OTA-014030
TT-36965,OTA-014031
TT-36969,OTA-014032
LT-36972,OTA-014033
FCV-36973,OTA-014034
LT-36975,OTA-014035
FT-36976,OTA-014036
FCV-36977,OTA-014037
PT-36982,OTA-014038
FCV-36984,OTA-014039
FCV-36986,OTA-014040
PT-36987,OTA-014041
PT-36988,OTA-014042
LT-36994,OTA-014043
FCV-36997,OTA-014044
FT-37000,OTA-014045
PT-37005,OTA-014046
PT-37006,OTA-014047
PT-37008,OTA-014048
TT-37010,OTA-014049
FT-37012,OTA-014050
LT-37013,OTA-014051
LT-37014,OTA-014052
PT-37015,OTA-014053
FT-37017,OTA-014054
PT-37018,OTA-014055
LT-37021,OTA-014056
PT-37024,OTA-014057
FT-37025,OTA-014058
TT-37027,OTA-014059
TT-37030,OTA-014060
PT-37033,OTA-014061
LT-37036,OTA-014062
LT-37040,OTA-014063
LT-37041,OTA-014064
LT-37043,OTA-014065
LT-37045,OTA-014066
LT-37050,OTA-014067
LT-37051,OTA-014068
PT-37052,OTA-014069
LT-37054,OTA-014070
PT-37056,OTA-014071
TT-37059,OTA-014072
PT-37060,OTA-014073
PT-37061,OTA-014074
FT-37064,OTA-014075
PT-37070,OTA-014076
PT-37071,OTA-014077
LT-37072,OTA-014078
PT-37073,OTA-014079
FT-37076,OTA-014080
PT-37078,OTA-014081
FT-37081,OTA-014082
PT-37085,OTA-014083
FCV-37089,OTA-014084
FT-37091,OTA-014085
PT-37093,OTA-014086
PT-37101,OTA-014087
FCV-37102,OTA-014088
LT-37104,OTA-014089
FCV-37105,OTA-014090
FT-37106,OTA-014091
LT-37107,OTA-014092
LT-37109,OTA-014093
LT-37111,OTA-014094
TT-37112,OTA-014095
LT-37115,OTA-014096
LT-37122,OTA-014097
TT-37125,OTA-014098
FCV-37127,OTA-014099
LT-37129,OTA-014100
FT-37130,OTA-014101
PT-37132,OTA-014102
PT-37133,OTA-014103
TT-37137,OTA-014104
FT-37145,OTA-014105
PT-37147,OTA-014106
PT-37148,OTA-014107
FCV-37150,OTA-014108
FCV-37152,OTA-014109
FCV-37157,OTA-014110
PT-37158,OTA-014111
TT-37159,OTA-014112
PT-37167,OTA-014113
TT-37168,OTA-014114
TT-37170,OTA-014115
FCV-37172,OTA-014116
PT-37175,OTA-014117
PT-37176,OTA-014118
PT-37177,OTA-014119
TT-37179,OTA-014120
LT-37180,OTA-014121
FT-37181,OTA-014122
LT-37183,OTA-014123
TT-37184,OTA-014124
PT-37185,OTA-014125
TT-37186,OTA-014126
PT-37188,OTA-014127
FCV-37189,OTA-014128
FT-37193,OTA-014129
PT-37194,OTA-014130
FT-37198,OTA-014131
TT-37199,OTA-014132
LT-37206,OTA-014133
TT-37210,OTA-014134
FCV-37214,OTA-014135
FT-37219,OTA-014136
TT-37221,OTA-014137
FT-37223,OTA-014138
FCV-37225,OTA-014139
TT-37226,OTA-014140
PT-37231,OTA-014141
FCV-37233,OTA-014142
FCV-37239,OTA-014143
TT-37240,OTA-014144
TT-37241,OTA-014145
TT-37242,OTA-014146
PT-37245,OTA-014147
FCV-37247,OTA-014148
PT-37256,OTA-014149
TT-37257,OTA-014150
PT-37260,OTA-014151
PT-37274,OTA-014152
LT-37275,OTA-014153
TT-37277,OTA-014154
TT-37282,OTA-014155
TT-37290,OTA-014156
FT-37296,OTA-014157
FT-37297,OTA-014158
PT-37299,OTA-014159
LT-37301,OTA-014160
LT-37302,OTA-014161
PT-37311,OTA-014162
PT-37315,OTA-014163
FT-37318,OTA-014164
LT-37320,OTA-014165
FT-37322,OTA-014166
FT-37323,OTA-014167
TT-37330,OTA-014168
FCV-37336,OTA-014169
FCV-37337,OTA-014170
LT-37343,OTA-014171
TT-37344,OTA-014172
TT-37345,OTA-014173
FCV-37349,OTA-014174
FT-37350,OTA-014175
TT-37351,OTA-014176
LT-37355,OTA-014177
FCV-37359,OTA-014178
LT-37360,OTA-014179
LT-37365,OTA-014180
TT-37367,OTA-014181
FCV-37368,OTA-014182
LT-37369,OTA-014183
FT-37370,OTA-014184
LT-37371,OTA-014185
TT-37372,OTA-014186
LT-37373,OTA-014187
FT-37374,OTA-014188
PT-37377,OTA-014189
FT-37379,OTA-014190
TT-37381,OTA-014191
LT-37384,OTA-014192
LT-37387,OTA-014193
FCV-37390,OTA-014194
FCV-37392,OTA-014195
TT-37396,OTA-014196
PT-37398,OTA-014197
PT-37399,OTA-014198
FCV-37403,OTA-014199
LT-37407,OTA-014200
PT-37408,OTA-014201
LT-37410,OTA-014202
FCV-37412,OTA-014203
LT-37422,OTA-014204
TT-37423,OTA-014205
FCV-37425,OTA-014206
FCV-37427,OTA-014207
FCV-37428,OTA-014208
PT-37430,OTA-014209
FT-37433,OTA-014210
TT-37437,OTA-014211
FT-37441,OTA-014212
TT-37442,OTA-014213
FCV-37444,OTA-014214
TT-37447,OTA-014215
LT-37448,OTA-014216
PT-37449,OTA-014217
TT-37451,OTA-014218
LT-37453,OTA-014219
TT-37454,OTA-014220
PT-37455,OTA-014221
FT-37456,OTA-014222
LT-37459,OTA-014223
TT-37461,OTA-014224
FCV-37462,OTA-014225
FCV-37463,OTA-014226
PT-37464,OTA-014227
FT-37466,OTA-014228
FCV-37469,OTA-014229
FCV-37471,OTA-014230
FT-37473,OTA-014231
LT-37475,OTA-014232
FCV-37476,OTA-014233
PT-37477,OTA-014234
TT-37482,OTA-014235
FCV-37483,OTA-014236
FCV-37484,OTA-014237
PT-37486,OTA-014238
TT-37487,OTA-014239
PT-37492,OTA-014240
TT-37493,OTA-014241
FT-37497,OTA-014242
LT-37499,OTA-014243
FT-37501,OTA-014244
FCV-37504,OTA-014245
FT-37507,OTA-014246
PT-37508,OTA-014247
FT-37512,OTA-014248
FCV-37516,OTA-014249
FT-37518,OTA-014250
FT-37526,OTA-014251
PT-37527,OTA-014252
TT-37529,OTA-014253
FT-37533,OTA-014254
PT-37537,OTA-014255
LT-37538,OTA-014256
FT-37545,OTA-014257
TT-37547,OTA-014258
PT-37553,OTA-014259
LT-37555,OTA-014260
FCV-37557,OTA-014261
LT-37559,OTA-014262
PT-37563,OTA-014263
PT-37566,OTA-014264
PT-37569,OTA-014265
FCV-37571,OTA-014266
PT-37572,OTA-014267
FCV-37578,OTA-014268
FCV-37580,OTA-014269
FCV-37581,OTA-014270
PT-37582,OTA-014271
FT-37583,OTA-014272
LT-37585,OTA-014273
FT-37589,OTA-014274
FCV-37591,OTA-014275
PT-37593,OTA-014276
FCV-37597,OTA-014277
FT-37598,OTA-014278
FCV-37603,OTA-014279
PT-37605,OTA-014280
LT-37615,OTA-014281
LT-37616,OTA-014282
TT-37617,OTA-014283
TT-37619,OTA-014284
FT-37621,OTA-014285
LT-37622,OTA-014286
FT-37625,OTA-014287
PT-37627,OTA-014288
FT-37636,OTA-014289
FT-37637,OTA-014290
FT-37640,OTA-014291
FCV-37641,OTA-014292
PT-37642,OTA-014293
TT-37645,OTA-014294
FT-37649,OTA-014295
LT-37651,OTA-014296
FCV-37652,OTA-014297
FCV-37654,OTA-014298
PT-37655,OTA-014299
PT-37661,OTA-014300
PT-37662,OTA-014301
FCV-37663,OTA-014302
TT-37666,OTA-014303
LT-37671,OTA-014304
PT-37672,OTA-014305
TT-37673,OTA-014306
LT-37675,OTA-014307
PT-37676,OTA-014308
FT-37678,OTA-014309
FCV-37683,OTA-014310
PT-37685,OTA-014311
TT-37686,OTA-014312
LT-37688,OTA-014313
PT-37689,OTA-014314
FT-37693,OTA-014315
FT-37696,OTA-014316
FT-37697,OTA-014317
FT-37701,OTA-014318
TT-37703,OTA-014319
LT-37704,OTA-014320
PT-37706,OTA-014321
LT-37710,OTA-014322
FCV-37718,OTA-014323
TT-37719,OTA-014324
LT-37723,OTA-014325
LT-37724,OTA-014326
FT-37725,OTA-014327
TT-37727,OTA-014328
LT-37730,OTA-014329
FCV-37731,OTA-014330
PT-37732,OTA-014331
TT-37737,OTA-014332
TT-37738,OTA-014333
TT-37739,OTA-014334
FT-37741,OTA-014335
TT-37745,OTA-014336
FCV-37747,OTA-014337
TT-37754,OTA-014338
TT-37756,OTA-014339
FT-37757,OTA-014340
FCV-37758,OTA-014341
TT-37759,OTA-014342
PT-37761,OTA-014343
TT-37763,OTA-014344
PT-37773,OTA-014345
FT-37775,OTA-014346
LT-37777,OTA-014347
FT-37779,OTA-014348
LT-37785,OTA-014349
TT-37787,OTA-014350
PT-37790,OTA-014351
FT-37794,OTA-014352
FCV-37796,OTA-014353
TT-37799,OTA-014354
FT-37800,OTA-014355
PT-37803,OTA-014356
LT-37804,OTA-014357
FCV-37805,OTA-014358
TT-37806,OTA-014359
PT-37807,OTA-014360
LT-37812,OTA-014361
TT-37813,OTA-014362
TT-37814,OTA-014363
FT-37815,OTA-014364
FCV-37816,OTA-014365
TT-37817,OTA-014366
FCV-37818,OTA-014367
FCV-37819,OTA-014368
LT-37821,OTA-014369
TT-37824,OTA-014370
LT-37825,OTA-014371
PT-37828,OTA-014372
FT-37829,OTA-014373
TT-37830,OTA-014374
TT-37837,OTA-014375
PT-37838,OTA-014376
PT-37839,OTA-014377
PT-37841,OTA-014378
PT-37848,OTA-014379
PT-37853,OTA-014380
TT-37855,OTA-014381
FT-37857,OTA-014382
TT-37859,OTA-014383
LT-37864,OTA-014384
LT-37865,OTA-014385
LT-37871,OTA-014386
FT-37879,OTA-014387
FT-37882,OTA-014388
PT-37883,OTA-014389
LT-37886,OTA-014390
PT-37887,OTA-014391
LT-37889,OTA-014392
PT-37890,OTA-014393
PT-37897,OTA-014394
PT-37902,OTA-014395
PT-37903,OTA-014396
TT-37904,OTA-014397
PT-37905,OTA-014398
LT-37906,OTA-014399
FT-37907,OTA-014400
FT-37908,OTA-014401
FT-37909,OTA-014402
TT-37910,OTA-014403
TT-37912,OTA-014404
FT-37914,OTA-014405
LT-37915,OTA-014406
PT-37916,OTA-014407
FCV-37917,OTA-014408
FT-37921,OTA-014409
FT-37923,OTA-014410
TT-37925,OTA-014411
FT-37926,OTA-014412
TT-37928,OTA-014413
FT-37929,OTA-014414
FCV-37934,OTA-014415
PT-37935,OTA-014416
FCV-37938,OTA-014417
TT-37939,OTA-014418
PT-37945,OTA-014419
LT-37948,OTA-014420
PT-37949,OTA-014421
TT-37950,OTA-014422
TT-37953,OTA-014423
PT-37954,OTA-014424
FT-37959,OTA-014425
PT-37960,OTA-014426
FT-37965,OTA-014427
FCV-37966,OTA-014428
FCV-37967,OTA-014429
FT-37968,OTA-014430
FT-37974,OTA-014431
FT-37975,OTA-014432
FT-37979,OTA-014433
PT-37980,OTA-014434
FT-37983,OTA-014435
PT-37984,OTA-014436
FT-37986,OTA-014437
LT-37988,OTA-014438
FT-37989,OTA-014439
FT-37992,OTA-014440
PT-37993,OTA-014441
TT-37998,OTA-014442
LT-38001,OTA-014443
TT-38002,OTA-014444
LT-38003,OTA-014445
LT-38010,OTA-014446
LT-38012,OTA-014447
TT-38015,OTA-014448
FT-38016,OTA-014449
PT-38019,OTA-014450
FT-38020,OTA-014451
LT-38022,OTA-014452
LT-38025,OTA-014453
FT-38026,OTA-014454
FT-38029,OTA-014455
PT-38032,OTA-014456
FT-38036,OTA-014457
TT-38037,OTA-014458
LT-38040,OTA-014459
FT-38043,OTA-014460
FCV-38049,OTA-014461
FT-38054,OTA-014462
LT-38059,OTA-014463
PT-38060,OTA-014464
PT-38061,OTA-014465
FT-38069,OTA-014466
LT-38071,OTA-014467
FCV-38072,OTA-014468
PT-38074,OTA-014469
TT-38075,OTA-014470
FCV-38077,OTA-014471
PT-38079,OTA-014472
PT-38080,OTA-014473
PT-38083,OTA-014474
FCV-38084,OTA-014475
PT-38090,OTA-014476
LT-38094,OTA-014477
LT-38096,OTA-014478
LT-38098,OTA-014479
PT-38101,OTA-014480
LT-38103,OTA-014481
PT-38109,OTA-014482
PT-38110,OTA-014483
FCV-38111,OTA-014484
FCV-38113,OTA-014485
FCV-38117,OTA-014486
LT-38119,OTA-014487
FT-38122,OTA-014488
PT-38138,OTA-014489
FCV-38140,OTA-014490
PT-38144,OTA-014491
FT-38150,OTA-014492
TT-38152,OTA-014493
TT-38157,OTA-014494
TT-38158,OTA-014495
FT-38159,OTA-014496
FCV-38160,OTA-014497
FCV-38163,OTA-014498
TT-38164,OTA-014499
FCV-38165,OTA-014500
FCV-38166,OTA-014501
PT-38167,OTA-014502
LT-38168,OTA-014503
FCV-38171,OTA-014504
TT-38178,OTA-014505
PT-38179,OTA-014506
LT-38183,OTA-014507
LT-38184,OTA-014508
TT-38185,OTA-014509
PT-38188,OTA-014510
LT-38189,OTA-014511
FT-38190,OTA-014512
PT-38191,OTA-014513
LT-38194,OTA-014514
FT-38197,OTA-014515
TT-38198,OTA-014516
LT-38200,OTA-014517
TT-38207,OTA-014518
TT-38208,OTA-014519
FT-38209,OTA-014520
FT-38210,OTA-014521
TT-38212,OTA-014522
LT-38213,OTA-014523
FT-38216,OTA-014524
LT-38217,OTA-014525
LT-38218,OTA-014526
FT-38221,OTA-014527
FCV-38222,OTA-014528
FT-38223,OTA-014529
FT-38225,OTA-014530
FT-38226,OTA-014531
FCV-38230,OTA-014532
PT-38232,OTA-014533
TT-38233,OTA-014534
LT-38235,OTA-014535
LT-38238,OTA-014536
TT-38240,OTA-014537
PT-38248,OTA-014538
PT-38252,OTA-014539
LT-38254,OTA-014540
LT-38255,OTA-014541
FCV-38258,OTA-014542
TT-38259,OTA-014543
PT-38260,OTA-014544
TT-38262,OTA-014545
FCV-38263,OTA-014546
PT-38265,OTA-014547
LT-38266,OTA-014548
PT-38267,OTA-014549
FT-38268,OTA-014550
FCV-38269,OTA-014551
LT-38270,OTA-014552
FT-38273,OTA-014553
FCV-38274,OTA-014554
PT-38278,OTA-014555
FCV-38279,OTA-014556
PT-38281,OTA-014557
LT-38283,OTA-014558
FT-38285,OTA-014559
TT-38286,OTA-014560
FT-38289,OTA-014561
PT-38290,OTA-014562
FT-38291,OTA-014563
FT-38294,OTA-014564
PT-38296,OTA-014565
LT-38297,OTA-014566
PT-38298,OTA-014567
FT-38301,OTA-014568
FCV-38304,OTA-014569
FCV-38305,OTA-014570
PT-38306,OTA-014571
PT-38308,OTA-014572
FCV-38309,OTA-014573
PT-38310,OTA-014574
FCV-38313,OTA-014575
PT-38315,OTA-014576
FCV-38316,OTA-014577
FCV-38319,OTA-014578
TT-38322,OTA-014579
FCV-38323,OTA-014580
PT-38325,OTA-014581
PT-38327,OTA-014582
FT-38333,OTA-014583
FT-38334,OTA-014584
FT-38335,OTA-014585
PT-38337,OTA-014586
FT-38342,OTA-014587
LT-38346,OTA-014588
PT-38348,OTA-014589
TT-38350,OTA-014590
FCV-38351,OTA-014591
TT-38355,OTA-014592
FT-38360,OTA-014593
TT-38363,OTA-014594
FCV-38365,OTA-014595
LT-38369,OTA-014596
FT-38371,OTA-014597
TT-38377,OTA-014598
TT-38379,OTA-014599
FCV-38381,OTA-014600
FCV-38382,OTA-014601
LT-38384,OTA-014602
PT-38386,OTA-014603
TT-38388,OTA-014604
FT-38389,OTA-014605
LT-38390,OTA-014606
TT-38392,OTA-014607
FCV-38396,OTA-014608
PT-38404,OTA-014609
FCV-38405,OTA-014610
TT-38407,OTA-014611
PT-38413,OTA-014612
LT-38414,OTA-014613
PT-38420,OTA-014614
LT-38421,OTA-014615
LT-38422,OTA-014616
FCV-38426,OTA-014617
FCV-38427,OTA-014618
FT-38428,OTA-014619
TT-38430,OTA-014620
FCV-38431,OTA-014621
PT-38435,OTA-014622
LT-38438,OTA-014623
FT-38439,OTA-014624
FCV-38446,OTA-014625
FCV-38448,OTA-014626
LT-38452,OTA-014627
FT-38453,OTA-014628
FT-38456,OTA-014629
PT-38463,OTA-014630
PT-38464,OTA-014631
TT-38467,OTA-014632
FT-38470,OTA-014633
PT-38475,OTA-014634
TT-38478,OTA-014635
LT-38481,OTA-014636
FT-38483,OTA-014637
FCV-38486,OTA-014638
FT-38493,OTA-014639
LT-38494,OTA-014640
FT-38496,OTA-014641
FT-38497,OTA-014642
PT-38500,OTA-014643
LT-38502,OTA-014644
LT-38504,OTA-014645
TT-38505,OTA-014646
LT-38508,OTA-014647
FT-38512,OTA-014648
FT-38514,OTA-014649
LT-38515,OTA-014650
TT-38517,OTA-014651
PT-38521,OTA-014652
PT-38523,OTA-014653
PT-38527,OTA-014654
TT-38532,OTA-014655
TT-38535,OTA-014656
PT-38537,OTA-014657
PT-38538,OTA-014658
FT-38541,OTA-014659
FCV-38543,OTA-014660
FT-38545,OTA-014661
LT-38546,OTA-014662
LT-38547,OTA-014663
FT-38550,OTA-014664
TT-38551,OTA-014665
PT-38555,OTA-014666
PT-38556,OTA-014667
FCV-38559,OTA-014668
FCV-38562,OTA-014669
LT-38563,OTA-014670
FCV-38565,OTA-014671
TT-38569,OTA-014672
FT-38572,OTA-014673
TT-38582,OTA-014674
LT-38583,OTA-014675
TT-38584,OTA-014676
TT-38585,OTA-014677
FCV-38586,OTA-014678
LT-38588,OTA-014679
LT-38592,OTA-014680
FT-38598,OTA-014681
PT-38600,OTA-014682
TT-38601,OTA-014683
PT-38606,OTA-014684
FCV-38607,OTA-014685
PT-38610,OTA-014686
LT-38612,OTA-014687
TT-38615,OTA-014688
PT-38616,OTA-014689
FT-38617,OTA-014690
FCV-38619,OTA-014691
FT-38621,OTA-014692
LT-38623,OTA-014693
FT-38624,OTA-014694
FT-38625,OTA-014695
TT-38627,OTA-014696
PT-38628,OTA-014697
PT-38629,OTA-014698
PT-38630,OTA-014699
LT-38631,OTA-014700
TT-38632,OTA-014701
TT-38635,OTA-014702
FT-38638,OTA-014703
LT-38639,OTA-014704
LT-38643,OTA-014705
FT-38645,OTA-014706
FT-38646,OTA-014707
FCV-38647,OTA-014708
FCV-38648,OTA-014709
PT-38650,OTA-014710
LT-38655,OTA-014711
PT-38658,OTA-014712
LT-38660,OTA-014713
FCV-38664,OTA-014714
LT-38671,OTA-014715
LT-38673,OTA-014716
FT-38676,OTA-014717
LT-38678,OTA-014718
FCV-38680,OTA-014719
PT-38684,OTA-014720
FCV-38685,OTA-014721
FCV-38689,OTA-014722
TT-38690,OTA-014723
PT-38691,OTA-014724
FCV-38692,OTA-014725
TT-38693,OTA-014726
PT-38695,OTA-014727
PT-38696,OTA-014728
PT-38697,OTA-014729
TT-38698,OTA-014730
PT-38699,OTA-014731
LT-38703,OTA-014732
FCV-38704,OTA-014733
PT-38707,OTA-014734
FCV-38709,OTA-014735
FT-38710,OTA-014736
LT-38712,OTA-014737
TT-38713,OTA-014738
FCV-38714,OTA-014739
FT-38716,OTA-014740
FCV-38717,OTA-014741
PT-38718,OTA-014742
FT-38720,OTA-014743
PT-38721,OTA-014744
LT-38727,OTA-014745
PT-38728,OTA-014746
LT-38729,OTA-014747
PT-38732,OTA-014748
FT-38735,OTA-014749
LT-38736,OTA-014750
TT-38738,OTA-014751
LT-38741,OTA-014752
FT-38742,OTA-014753
LT-38743,OTA-014754
FT-38747,OTA-014755
PT-38753,OTA-014756
FCV-38754,OTA-014757
FT-38758,OTA-014758
PT-38759,OTA-014759
FT-38760,OTA-014760
PT-38765,OTA-014761
FT-38768,OTA-014762
TT-38769,OTA-014763
PT-38771,OTA-014764
FT-38777,OTA-014765
FT-38778,OTA-014766
FCV-38779,OTA-014767
LT-38780,OTA-014768
LT-38783,OTA-014769
TT-38794,OTA-014770
TT-38797,OTA-014771
PT-38800,OTA-014772
FCV-38802,OTA-014773
LT-38804,OTA-014774
FCV-38805,OTA-014775
FT-38809,OTA-014776
TT-38810,OTA-014777
FCV-38811,OTA-014778
FT-38819,OTA-014779
TT-38825,OTA-014780
PT-38826,OTA-014781
LT-38828,OTA-014782
PT-38829,OTA-014783
PT-38830,OTA-014784
LT-38832,OTA-014785
FCV-38833,OTA-014786
LT-38838,OTA-014787
TT-38840,OTA-014788
LT-38841,OTA-014789
TT-38848,OTA-014790
PT-38849,OTA-014791
LT-38855,OTA-014792
PT-38856,OTA-014793
TT-38864,OTA-014794
PT-38866,OTA-014795
FT-38867,OTA-014796
FT-38869,OTA-014797
FCV-38870,OTA-014798
TT-38871,OTA-014799
FT-38872,OTA-014800
TT-38873,OTA-014801
TT-38878,OTA-014802
FCV-38880,OTA-014803
TT-38884,OTA-014804
FT-38885,OTA-014805
FT-38887,OTA-014806
FCV-38891,OTA-014807
LT-38893,OTA-014808
LT-38898,OTA-014809
FCV-38904,OTA-014810
TT-38905,OTA-014811
TT-38911,OTA-014812
TT-38912,OTA-014813
TT-38915,OTA-014814
TT-38921,OTA-014815
LT-38922,OTA-014816
PT-38925,OTA-014817
PT-38926,OTA-014818
FCV-38927,OTA-014819
LT-38932,OTA-014820
LT-38933,OTA-014821
TT-38935,OTA-014822
LT-38937,OTA-014823
PT-38938,OTA-014824
FT-38942,OTA-014825
FT-38944,OTA-014826
LT-38949,OTA-014827
TT-38951,OTA-014828
FT-38952,OTA-014829
LT-38953,OTA-014830
PT-38957,OTA-014831
LT-38958,OTA-014832
LT-38960,OTA-014833
LT-38961,OTA-014834
FT-38964,OTA-014835
LT-38965,OTA-014836
LT-38969,OTA-014837
PT-38972,OTA-014838
LT-38974,OTA-014839
TT-38976,OTA-014840
PT-38979,OTA-014841
PT-38981,OTA-014842
LT-38984,OTA-014843
LT-38985,OTA-014844
PT-38990,OTA-014845
TT-38992,OTA-014846
FT-38999,OTA-014847
PT-39007,OTA-014848
PT-39008,OTA-014849
FCV-39009,OTA-014850
FCV-39010,OTA-014851
TT-39011,OTA-014852
TT-39013,OTA-014853
TT-39014,OTA-014854
FCV-39015,OTA-014855
FT-39017,OTA-014856
PT-39027,OTA-014857
FCV-39029,OTA-014858
FT-39031,OTA-014859
TT-39033,OTA-014860
FCV-39036,OTA-014861
PT-39037,OTA-014862
LT-39038,OTA-014863
PT-39042,OTA-014864
TT-39043,OTA-014865
FT-39046,OTA-014866
LT-39047,OTA-014867
LT-39050,OTA-014868
FCV-39052,OTA-014869
PT-39053,OTA-014870
FT-39056,OTA-014871
FT-39057,OTA-014872
LT-39058,OTA-014873
PT-39060,OTA-014874
TT-39067,OTA-014875
FCV-39070,OTA-014876
PT-39078,OTA-014877
FT-39079,OTA-014878
LT-39082,OTA-014879
FT-39083,OTA-014880
FCV-39085,OTA-014881
LT-39088,OTA-014882
PT-39089,OTA-014883
PT-39090,OTA-014884
FT-39091,OTA-014885
LT-39093,OTA-014886
PT-39095,OTA-014887
TT-39101,OTA-014888
PT-39102,OTA-014889
TT-39103,OTA-014890
FCV-39109,OTA-014891
FCV-39110,OTA-014892
FCV-39112,OTA-014893
FT-39113,OTA-014894
LT-39115,OTA-014895
PT-39120,OTA-014896
TT-39126,OTA-014897
FCV-39135,OTA-014898
PT-39136,OTA-014899
FCV-39137,OTA-014900
FCV-39140,OTA-014901
FCV-39141,OTA-014902
PT-39142,OTA-014903
FT-39143,OTA-014904
TT-39144,OTA-014905
PT-39147,OTA-014906
FT-39149,OTA-014907
FCV-39157,OTA-014908
FT-39159,OTA-014909
TT-39161,OTA-014910
TT-39163,OTA-014911
LT-39164,OTA-014912
PT-39167,OTA-014913
TT-39168,OTA-014914
FT-39174,OTA-014915
FT-39176,OTA-014916
LT-39184,OTA-014917
LT-39189,OTA-014918
FCV-39195,OTA-014919
TT-39197,OTA-014920
FCV-39198,OTA-014921
TT-39200,OTA-014922
FT-39201,OTA-014923
PT-39202,OTA-014924
FCV-39205,OTA-014925
FT-39206,OTA-014926
PT-39207,OTA-014927
FCV-39208,OTA-014928
FCV-39209,OTA-014929
PT-39210,OTA-014930
FCV-39211,OTA-014931
FT-39212,OTA-014932
FCV-39214,OTA-014933
PT-39218,OTA-014934
FCV-39219,OTA-014935
PT-39222,OTA-014936
LT-39223,OTA-014937
LT-39224,OTA-014938
PT-39226,OTA-014939
TT-39229,OTA-014940
TT-39234,OTA-014941
PT-39235,OTA-014942
FCV-39245,OTA-014943
FCV-39247,OTA-014944
PT-39252,OTA-014945
LT-39253,OTA-014946
LT-39257,OTA-014947
FCV-39258,OTA-014948
TT-39260,OTA-014949
TT-39261,OTA-014950
LT-39263,OTA-014951
LT-39266,OTA-014952
PT-39267,OTA-014953
PT-39270,OTA-014954
PT-39272,OTA-014955
FCV-39273,OTA-014956
LT-39274,OTA-014957
FT-39275,OTA-014958
TT-39276,OTA-014959
FT-39278,OTA-014960
TT-39280,OTA-014961
PT-39288,OTA-014962
TT-39290,OTA-014963
PT-39291,OTA-014964
FCV-39292,OTA-014965
FCV-39298,OTA-014966
FT-39305,OTA-014967
FT-39307,OTA-014968
PT-39311,OTA-014969
FCV-39314,OTA-014970
TT-39315,OTA-014971
LT-39317,OTA-014972
FT-39320,OTA-014973
PT-39324,OTA-014974
FT-39326,OTA-014975
PT-39329,OTA-014976
TT-39330,OTA-014977
FCV-39334,OTA-014978
FT-39337,OTA-014979
PT-39338,OTA-014980
FCV-39339,OTA-014981
FT-39341,OTA-014982
PT-39344,OTA-014983
FT-39345,OTA-014984
PT-39346,OTA-014985
LT-39349,OTA-014986
LT-39350,OTA-014987
TT-39351,OTA-014988
FCV-39353,OTA-014989
PT-39354,OTA-014990
TT-39356,OTA-014991
TT-39357,OTA-014992
PT-39358,OTA-014993
PT-39362,OTA-014994
LT-39364,OTA-014995
LT-39366,OTA-014996
TT-39368,OTA-014997
FT-39369,OTA-014998
PT-39373,OTA-014999
LT-39374,OTA-015000
PT-39375,OTA-015001
PT-39377,OTA-015002
FT-39378,OTA-015003
FCV-39382,OTA-015004
LT-39383,OTA-015005
TT-39384,OTA-015006
FT-39386,OTA-015007
FT-39387,OTA-015008
LT-39388,OTA-015009
FT-39394,OTA-015010
LT-39396,OTA-015011
FT-39397,OTA-015012
FCV-39399,OTA-015013
TT-39402,OTA-015014
FCV-39403,OTA-015015
TT-39405,OTA-015016
FT-39407,OTA-015017
LT-39413,OTA-015018
FT-39415,OTA-015019
FCV-39416,OTA-015020
FT-39418,OTA-015021
TT-39420,OTA-015022
TT-39421,OTA-015023
FCV-39422,OTA-015024
FT-39423,OTA-015025
LT-39424,OTA-015026
LT-39427,OTA-015027
LT-39428,OTA-015028
LT-39429,OTA-015029
FT-39431,OTA-015030
FT-39432,OTA-015031
FT-39438,OTA-015032
FT-39444,OTA-015033
FT-39451,OTA-015034
PT-39457,OTA-015035
TT-39460,OTA-015036
FCV-39461,OTA-015037
FCV-39464,OTA-015038
FT-39465,OTA-015039
FT-39466,OTA-015040
FCV-39468,OTA-015041
FCV-39472,OTA-015042
TT-39476,OTA-015043
PT-39477,OTA-015044
TT-39478,OTA-015045
TT-39482,OTA-015046
FCV-39483,OTA-015047
FCV-39486,OTA-015048
TT-39492,OTA-015049
TT-39494,OTA-015050
FT-39496,OTA-015051
PT-39498,OTA-015052
PT-39500,OTA-015053
FCV-39501,OTA-015054
FCV-39504,OTA-015055
FCV-39505,OTA-015056
FT-39510,OTA-015057
FCV-39512,OTA-015058
LT-39515,OTA-015059
LT-39516,OTA-015060
PT-39517,OTA-015061
PT-39519,OTA-015062
LT-39520,OTA-015063
PT-39522,OTA-015064
PT-39528,OTA-015065
TT-39530,OTA-015066
FCV-39537,OTA-015067
LT-39539,OTA-015068
LT-39543,OTA-015069
PT-39545,OTA-015070
TT-39548,OTA-015071
FCV-39550,OTA-015072
TT-39553,OTA-015073
FT-39555,OTA-015074
FCV-39558,OTA-015075
FT-39560,OTA-015076
TT-39561,OTA-015077
FT-39563,OTA-015078
TT-39565,OTA-015079
LT-39566,OTA-015080
FT-39571,OTA-015081
TT-39576,OTA-015082
FT-39577,OTA-015083
FT-39580,OTA-015084
FCV-39582,OTA-015085
TT-39586,OTA-015086
TT-39587,OTA-015087
TT-39589,OTA-015088
FT-39590,OTA-015089
FCV-39591,OTA-015090
FT-39597,OTA-015091
FCV-39600,OTA-015092
LT-39604,OTA-015093
PT-39608,OTA-015094
PT-39610,OTA-015095
TT-39614,OTA-015096
FT-39619,OTA-015097
LT-39620,OTA-015098
TT-39621,OTA-015099
FT-39627,OTA-015100
FT-39636,OTA-015101
LT-39637,OTA-015102
PT-39641,OTA-015103
FCV-39647,OTA-015104
TT-39651,OTA-015105
FT-39652,OTA-015106
FT-39653,OTA-015107
FT-39655,OTA-015108
PT-39660,OTA-015109
FCV-39665,OTA-015110
FCV-39668,OTA-015111
LT-39669,OTA-015112
LT-39670,OTA-015113
PT-39672,OTA-015114
FT-39675,OTA-015115
LT-39677,OTA-015116
FT-39678,OTA-015117
FT-39679,OTA-015118
FCV-39680,OTA-015119
LT-39682,OTA-015120
TT-39684,OTA-015121
FT-39685,OTA-015122
TT-39688,OTA-015123
LT-39689,OTA-015124
LT-39691,OTA-015125
PT-39693,OTA-015126
TT-39694,OTA-015127
FT-39696,OTA-015128
PT-39697,OTA-015129
FT-39698,OTA-015130
FCV-39700,OTA-015131
LT-39702,OTA-015132
PT-39703,OTA-015133
TT-39705,OTA-015134
FT-39706,OTA-015135
TT-39709,OTA-015136
LT-39711,OTA-015137
PT-39714,OTA-015138
FT-39717,OTA-015139
LT-39719,OTA-015140
PT-39722,OTA-015141
PT-39723,OTA-015142
TT-39724,OTA-015143
PT-39725,OTA-015144
FT-39727,OTA-015145
TT-39730,OTA-015146
FT-39732,OTA-015147
FT-39735,OTA-015148
PT-39738,OTA-015149
FCV-39747,OTA-015150
FCV-39748,OTA-015151
FCV-39757,OTA-015152
FCV-39759,OTA-015153
TT-39763,OTA-015154
LT-39765,OTA-015155
PT-39766,OTA-015156
TT-39768,OTA-015157
PT-39775,OTA-015158
TT-39777,OTA-015159
LT-39778,OTA-015160
TT-39780,OTA-015161
PT-39782,OTA-015162
FCV-39784,OTA-015163
PT-39787,OTA-015164
FCV-39792,OTA-015165
PT-39794,OTA-015166
FT-39798,OTA-015167
TT-39802,OTA-015168
FCV-39806,OTA-015169
FCV-39810,OTA-015170
FCV-39812,OTA-015171
TT-39814,OTA-015172
FT-39818,OTA-015173
FT-39821,OTA-015174
FT-39825,OTA-015175
LT-39829,OTA-015176
LT-39832,OTA-015177
LT-39834,OTA-015178
FCV-39837,OTA-015179
FCV-39840,OTA-015180
LT-39841,OTA-015181
LT-39842,OTA-015182
FT-39846,OTA-015183
LT-39848,OTA-015184
FT-39849,OTA-015185
PT-39850,OTA-015186
TT-39855,OTA-015187
PT-39856,OTA-015188
LT-39857,OTA-015189
TT-39858,OTA-015190
FCV-39859,OTA-015191
TT-39866,OTA-015192
TT-39869,OTA-015193
LT-39871,OTA-015194
FT-39872,OTA-015195
LT-39873,OTA-015196
LT-39875,OTA-015197
LT-39880,OTA-015198
TT-39881,OTA-015199
LT-39883,OTA-015200
FCV-39886,OTA-015201
FT-39894,OTA-015202
TT-39895,OTA-015203
FCV-39897,OTA-015204
FT-39901,OTA-015205
LT-39902,OTA-015206
FCV-39903,OTA-015207
PT-39904,OTA-015208
TT-39909,OTA-015209
FCV-39910,OTA-015210
LT-39912,OTA-015211
PT-39914,OTA-015212
LT-39921,OTA-015213
FT-39924,OTA-015214
FCV-39927,OTA-015215
LT-39928,OTA-015216
FT-39930,OTA-015217
FCV-39931,OTA-015218
FT-39939,OTA-015219
TT-39943,OTA-015220
LT-39944,OTA-015221
LT-39946,OTA-015222
LT-39947,OTA-015223
PT-39951,OTA-015224
TT-39952,OTA-015225
LT-39960,OTA-015226
FT-39961,OTA-015227
PT-39964,OTA-015228
LT-39965,OTA-015229
TT-39966,OTA-015230
FCV-39969,OTA-015231
LT-39970,OTA-015232
LT-39971,OTA-015233
LT-39974,OTA-015234
PT-39983,OTA-015235
LT-39984,OTA-015236
PT-39985,OTA-015237
FT-39987,OTA-015238
FCV-39990,OTA-015239
TT-39994,OTA-015240
PT-39996,OTA-015241
FCV-39997,OTA-015242
TT-40003,OTA-015243
TT-40007,OTA-015244
TT-40017,OTA-015245
LT-40018,OTA-015246
FCV-40019,OTA-015247
PT-40022,OTA-015248
PT-40023,OTA-015249
FT-40024,OTA-015250
LT-40027,OTA-015251
FT-40029,OTA-015252
FCV-20096,OTA-015253
FCV-4712,OTA-015254
K-37003,OTA-015255
K-3779,OTA-015256
FCV-8566,OTA-015257
K-30491,OTA-015258
K-20175,OTA-015259
K-31308,OTA-015260
K-26031,OTA-015261
K-31900,OTA-015262
FCV-37571,OTA-015263
K-39626,OTA-015264
FCV-13132,OTA-015265
FCV-17453,OTA-015266
FCV-12615,OTA-015267
FCV-31419,OTA-015268
FCV-30523,OTA-015269
FCV-6592,OTA-015270
FCV-34493,OTA-015271
K-22115,OTA-015272
FCV-369,OTA-015273
FCV-13955,OTA-015274
FCV-8998,OTA-015275
K-13110,OTA-015276
K-28309,OTA-015277
K-19099,OTA-015278
FCV-34328,OTA-015279
K-18389,OTA-015280
FCV-1257,OTA-015281
FCV-12195,OTA-015282
K-4255,OTA-015283
FCV-19720,OTA-015284
K-7412,OTA-015285
K-32292,OTA-015286
FCV-34963,OTA-015287
K-36778,OTA-015288
FCV-34049,OTA-015289
K-24923,OTA-015290
K-39888,OTA-015291
K-3787,OTA-015292
FCV-33445,OTA-015293
FCV-27058,OTA-015294
FCV-29048,OTA-015295
FCV-23605,OTA-015296
FCV-16027,OTA-015297
FCV-23774,OTA-015298
K-18549,OTA-015299
FCV-17985,OTA-015300
FCV-37152,OTA-015301
FCV-9078,OTA-015302
K-5006,OTA-015303
K-24209,OTA-015304
FCV-23475,OTA-015305
K-15777,OTA-015306
K-2902,OTA-015307
FCV-6677,OTA-015308
FCV-36277,OTA-015309
K-26668,OTA-015310
K-18424,OTA-015311
FCV-23086,OTA-015312
K-251,OTA-015313
FCV-19664,OTA-015314
FCV-15756,OTA-015315
FCV-1310,OTA-015316
K-6738,OTA-015317
FCV-12367,OTA-015318
FCV-35428,OTA-015319
K-17927,OTA-015320
FCV-18111,OTA-015321
K-25463,OTA-015322
K-2733,OTA-015323
K-34943,OTA-015324
K-24261,OTA-015325
FCV-7490,OTA-015326
FCV-31827,OTA-015327
K-27579,OTA-015328
FCV-37758,OTA-015329
K-18012,OTA-015330
K-29098,OTA-015331
K-4423,OTA-015332
K-2634,OTA-015333
K-25687,OTA-015334
K-10304,OTA-015335
FCV-33317,OTA-015336
K-27851,OTA-015337
K-37378,OTA-015338
K-5169,OTA-015339
K-31541,OTA-015340
K-27950,OTA-015341
FCV-27069,OTA-015342
K-9431,OTA-015343
K-32235,OTA-015344
FCV-977,OTA-015345
K-18238,OTA-015346
FCV-10732,OTA-015347
K-29653,OTA-015348
K-15613,OTA-015349
FCV-33953,OTA-015350
K-15967,OTA-015351
K-16942,OTA-015352
K-651,OTA-015353
K-13227,OTA-015354
FCV-17278,OTA-015355
K-5156,OTA-015356
K-12628,OTA-015357
FCV-12693,OTA-015358
FCV-19681,OTA-015359
K-14833,OTA-015360
K-10815,OTA-015361
FCV-10357,OTA-015362
K-33539,OTA-015363
FCV-35876,OTA-015364
FCV-10101,OTA-015365
K-38231,OTA-015366
FCV-13650,OTA-015367
K-20903,OTA-015368
FCV-11322,OTA-015369
FCV-27239,OTA-015370
K-26101,OTA-015371
K-23992,OTA-015372
K-31868,OTA-015373
FCV-9875,OTA-015374
FCV-7201,OTA-015375
FCV-30352,OTA-015376
K-517,OTA-015377
FCV-35184,OTA-015378
K-6170,OTA-015379
K-11803,OTA-015380
K-30368,OTA-015381
FCV-34665,OTA-015382
K-4200,OTA-015383
K-39588,OTA-015384
FCV-31599,OTA-015385
FCV-20004,OTA-015386
FCV-22069,OTA-015387
FCV-11907,OTA-015388
FCV-26408,OTA-015389
FCV-4022,OTA-015390
K-12516,OTA-015391
FCV-21549,OTA-015392
K-22812,OTA-015393
K-27395,OTA-015394
K-38380,OTA-015395
K-27863,OTA-015396
FCV-33761,OTA-015397
K-39624,OTA-015398
FCV-23527,OTA-015399
FCV-34589,OTA-015400
FCV-32747,OTA-015401
K-11603,OTA-015402
FCV-27583,OTA-015403
K-23035,OTA-015404
FCV-26160,OTA-015405
K-14709,OTA-015406
FCV-29963,OTA-015407
K-3527,OTA-015408
FCV-20273,OTA-015409
FCV-39273,OTA-015410
FCV-18121,OTA-015411
K-27676,OTA-015412
FCV-33667,OTA-015413
FCV-17713,OTA-015414
K-34180,OTA-015415
K-16700,OTA-015416
K-33657,OTA-015417
FCV-14794,OTA-015418
K-15761,OTA-015419
K-7685,OTA-015420
K-25727,OTA-015421
FCV-37581,OTA-015422
K-11802,OTA-015423
FCV-21278,OTA-015424
K-34618,OTA-015425
FCV-244,OTA-015426
FCV-30354,OTA-015427
K-29322,OTA-015428
FCV-3039,OTA-015429
K-38857,OTA-015430
K-17977,OTA-015431
K-3828,OTA-015432
K-12712,OTA-015433
FCV-8015,OTA-015434
FCV-13758,OTA-015435
K-29611,OTA-015436
K-16004,OTA-015437
K-32976,OTA-015438
FCV-206,OTA-015439
FCV-9440,OTA-015440
FCV-26495,OTA-015441
K-18899,OTA-015442
K-38663,OTA-015443
FCV-20333,OTA-015444
FCV-20345,OTA-015445
FCV-6298,OTA-015446
K-19087,OTA-015447
K-8349,OTA-015448
FCV-18672,OTA-015449
FCV-2593,OTA-015450
K-36610,OTA-015451
K-39816,OTA-015452
K-26948,OTA-015453
K-6109,OTA-015454
K-15418,OTA-015455
FCV-36159,OTA-015456
K-23252,OTA-015457
K-13477,OTA-015458
FCV-2093,OTA-015459
FCV-39140,OTA-015460
FCV-23091,OTA-015461
K-22329,OTA-015462
K-35595,OTA-015463
K-12676,OTA-015464
FCV-10223,OTA-015465
K-37601,OTA-015466
K-29120,OTA-015467
FCV-33887,OTA-015468
FCV-27508,OTA-015469
FCV-22965,OTA-015470
K-24399,OTA-015471
K-31556,OTA-015472
K-29724,OTA-015473
FCV-31225,OTA-015474
FCV-24176,OTA-015475
FCV-5524,OTA-015476
K-39436,OTA-015477
FCV-23622,OTA-015478
FCV-36069,OTA-015479
FCV-12599,OTA-015480
FCV-20705,OTA-015481
K-33488,OTA-015482
K-30089,OTA-015483
FCV-21907,OTA-015484
K-18453,OTA-015485
FCV-15708,OTA-015486
K-36845,OTA-015487
FCV-6783,OTA-015488
FCV-13692,OTA-015489
FCV-2492,OTA-015490
K-853,OTA-015491
K-7037,OTA-015492
K-15290,OTA-015493
K-27409,OTA-015494
K-27935,OTA-015495
K-21191,OTA-015496
K-38391,OTA-015497
FCV-32082,OTA-015498
FCV-7766,OTA-015499
K-8057,OTA-015500
FCV-22549,OTA-015501
FCV-35788,OTA-015502
FCV-17966,OTA-015503
K-1795,OTA-015504
FCV-24140,OTA-015505
K-8634,OTA-015506
FCV-19447,OTA-015507
FCV-17760,OTA-015508
K-11717,OTA-015509
FCV-13288,OTA-015510
FCV-687,OTA-015511
FCV-36827,OTA-015512
K-26239,OTA-015513
FCV-23817,OTA-015514
FCV-17936,OTA-015515
K-27596,OTA-015516
K-28925,OTA-015517
FCV-22437,OTA-015518
FCV-21229,OTA-015519
K-11024,OTA-015520
K-33965,OTA-015521
FCV-15634,OTA-015522
K-31332,OTA-015523
FCV-31806,OTA-015524
FCV-25231,OTA-015525
FCV-30328,OTA-015526
K-9871,OTA-015527
FCV-15480,OTA-015528
K-18277,OTA-015529
K-2182,OTA-015530
FCV-14767,OTA-015531
K-17572,OTA-015532
FCV-24335,OTA-015533
FCV-26050,OTA-015534
FCV-39591,OTA-015535
FCV-23741,OTA-015536
FCV-22235,OTA-015537
K-37067,OTA-015538
FCV-20927,OTA-015539
FCV-25387,OTA-015540
K-9392,OTA-015541
K-33003,OTA-015542
K-8173,OTA-015543
K-570,OTA-015544
K-28507,OTA-015545
K-2690,OTA-015546
FCV-16761,OTA-015547
FCV-19909,OTA-015548
FCV-16170,OTA-015549
FCV-5530,OTA-015550
K-18884,OTA-015551
K-16313,OTA-015552
K-11007,OTA-015553
FCV-12376,OTA-015554
FCV-11683,OTA-015555
FCV-21284,OTA-015556
FCV-5433,OTA-015557
FCV-21964,OTA-015558
FCV-27090,OTA-015559
K-39945,OTA-015560
