from,to
LT-36709,MI-000001
P-13683,MI-000002
P-18916,MI-000003
K-35850,MI-000004
TT-38738,MI-000005
P-7050,MI-000006
K-5736,MI-000007
COL-31035,MI-000008
PSV-14141,MI-000009
TT-23724,MI-000010
XV-9919,MI-000011
PSV-35838,MI-000012
K-37019,MI-000013
LT-39088,MI-000014
V-38580,MI-000015
XV-7189,MI-000016
XV-925,MI-000017
TT-12573,MI-000018
E-38977,MI-000019
TT-11175,MI-000020
FT-18098,MI-000021
XV-40032,MI-000022
COL-26365,MI-000023
V-16366,MI-000024
XV-15875,MI-000025
COL-39286,MI-000026
COL-24436,MI-000027
P-39916,MI-000028
COL-32557,MI-000029
PSV-13258,MI-000030
TT-17105,MI-000031
P-29757,MI-000032
V-17923,MI-000033
P-15932,MI-000034
FCV-19067,MI-000035
K-25703,MI-000036
LT-24294,MI-000037
PT-39358,MI-000038
P-39459,MI-000039
E-21514,MI-000040
COL-8839,MI-000041
K-37978,MI-000042
COL-367,MI-000043
P-1710,MI-000044
E-40028,MI-000045
PT-26499,MI-000046
XV-29837,MI-000047
P-28954,MI-000048
TT-38905,MI-000049
PT-16268,MI-000050
LT-27544,MI-000051
V-39681,MI-000052
PSV-11999,MI-000053
E-6865,MI-000054
COL-1600,MI-000055
P-36927,MI-000056
COL-32575,MI-000057
P-9165,MI-000058
PT-32353,MI-000059
K-12885,MI-000060
FT-6160,MI-000061
COL-25997,MI-000062
TT-13870,MI-000063
PSV-31850,MI-000064
P-24651,MI-000065
XV-35024,MI-000066
P-38013,MI-000067
PSV-380,MI-000068
K-32361,MI-000069
K-19362,MI-000070
P-28813,MI-000071
K-2182,MI-000072
V-11516,MI-000073
FCV-1324,MI-000074
PSV-25681,MI-000075
P-34220,MI-000076
PSV-8431,MI-000077
P-37140,MI-000078
LT-4654,MI-000079
K-3062,MI-000080
K-16952,MI-000081
XV-5565,MI-000082
LT-12751,MI-000083
FCV-21844,MI-000084
V-15810,MI-000085
FCV-2843,MI-000086
XV-20552,MI-000087
FT-28206,MI-000088
FT-10290,MI-000089
P-26760,MI-000090
LT-20575,MI-000091
TT-22831,MI-000092
PSV-10997,MI-000093
FT-30953,MI-000094
XV-23916,MI-000095
LT-5950,MI-000096
LT-30985,MI-000097
P-733,MI-000098
TT-1824,MI-000099
E-30958,MI-000100
FT-1309,MI-000101
TT-20319,MI-000102
P-22677,MI-000103
PSV-14316,MI-000104
PT-10274,MI-000105
FT-3080,MI-000106
E-35192,MI-000107
XV-26077,MI-000108
PT-3654,MI-000109
P-796,MI-000110
K-22565,MI-000111
E-34532,MI-000112
FCV-19469,MI-000113
P-20668,MI-000114
TT-23939,MI-000115
K-29928,MI-000116
XV-35174,MI-000117
V-9769,MI-000118
COL-5618,MI-000119
V-19107,MI-000120
P-21861,MI-000121
K-36644,MI-000122
TT-25139,MI-000123
K-34526,MI-000124
TT-13448,MI-000125
COL-16614,MI-000126
PT-25251,MI-000127
COL-19896,MI-000128
FT-39821,MI-000129
K-36285,MI-000130
K-32797,MI-000131
K-10541,MI-000132
K-10691,MI-000133
P-17074,MI-000134
COL-30839,MI-000135
V-37733,MI-000136
E-4678,MI-000137
V-7327,MI-000138
XV-17488,MI-000139
P-2180,MI-000140
XV-3036,MI-000141
FT-18371,MI-000142
COL-4199,MI-000143
K-3743,MI-000144
FCV-27677,MI-000145
P-30686,MI-000146
XV-16253,MI-000147
V-18591,MI-000148
XV-2446,MI-000149
PT-30730,MI-000150
COL-2526,MI-000151
LT-29623,MI-000152
COL-15503,MI-000153
V-2618,MI-000154
LT-16935,MI-000155
E-16067,MI-000156
FT-4561,MI-000157
V-25265,MI-000158
LT-3191,MI-000159
PT-35336,MI-000160
TT-6946,MI-000161
LT-11805,MI-000162
LT-26458,MI-000163
FCV-15357,MI-000164
FT-10661,MI-000165
COL-6494,MI-000166
LT-2205,MI-000167
COL-5927,MI-000168
K-12110,MI-000169
FCV-26355,MI-000170
LT-30372,MI-000171
E-15984,MI-000172
FCV-4032,MI-000173
PT-6229,MI-000174
PT-10077,MI-000175
FT-35790,MI-000176
E-38574,MI-000177
E-24442,MI-000178
FCV-15451,MI-000179
TT-19693,MI-000180
COL-15297,MI-000181
LT-33529,MI-000182
E-36835,MI-000183
XV-40000,MI-000184
FT-17995,MI-000185
P-1630,MI-000186
XV-31766,MI-000187
E-25221,MI-000188
FT-34043,MI-000189
PT-2106,MI-000190
K-7241,MI-000191
PT-26071,MI-000192
XV-5267,MI-000193
FT-34659,MI-000194
P-9772,MI-000195
COL-11157,MI-000196
P-37567,MI-000197
P-19139,MI-000198
K-30717,MI-000199
PT-14958,MI-000200
XV-15271,MI-000201
K-13506,MI-000202
P-26212,MI-000203
P-16560,MI-000204
P-36551,MI-000205
K-11986,MI-000206
PSV-1380,MI-000207
K-20099,MI-000208
P-14804,MI-000209
LT-6252,MI-000210
V-27351,MI-000211
XV-4621,MI-000212
V-9990,MI-000213
K-35526,MI-000214
V-5761,MI-000215
TT-23856,MI-000216
P-29573,MI-000217
COL-10973,MI-000218
PT-33095,MI-000219
PT-898,MI-000220
FCV-19536,MI-000221
LT-26589,MI-000222
V-15803,MI-000223
PSV-32736,MI-000224
FCV-6163,MI-000225
XV-35988,MI-000226
V-29163,MI-000227
P-19866,MI-000228
PT-34651,MI-000229
V-17916,MI-000230
FT-21013,MI-000231
TT-26044,MI-000232
V-32211,MI-000233
FT-28964,MI-000234
PT-39500,MI-000235
PT-34578,MI-000236
PT-23920,MI-000237
TT-26138,MI-000238
COL-9901,MI-000239
FT-29527,MI-000240
XV-2406,MI-000241
LT-36293,MI-000242
TT-36416,MI-000243
COL-25108,MI-000244
E-11148,MI-000245
FT-22854,MI-000246
V-24044,MI-000247
PSV-28988,MI-000248
P-3841,MI-000249
PT-37377,MI-000250
V-6914,MI-000251
FT-12657,MI-000252
COL-38963,MI-000253
XV-24519,MI-000254
XV-22136,MI-000255
P-14036,MI-000256
FT-1386,MI-000257
PSV-7382,MI-000258
XV-8285,MI-000259
FCV-36721,MI-000260
PSV-22998,MI-000261
FT-7728,MI-000262
LT-15589,MI-000263
PT-18226,MI-000264
FCV-10488,MI-000265
COL-29002,MI-000266
P-31452,MI-000267
LT-17450,MI-000268
FT-12121,MI-000269
PT-24944,MI-000270
K-22812,MI-000271
XV-35563,MI-000272
P-11228,MI-000273
P-11660,MI-000274
P-16324,MI-000275
XV-17224,MI-000276
COL-2600,MI-000277
LT-35722,MI-000278
P-21040,MI-000279
V-10170,MI-000280
FCV-15785,MI-000281
FCV-27774,MI-000282
P-34623,MI-000283
P-28740,MI-000284
FT-27253,MI-000285
LT-33888,MI-000286
V-13429,MI-000287
FCV-32454,MI-000288
XV-13988,MI-000289
COL-20075,MI-000290
P-26351,MI-000291
TT-11801,MI-000292
V-15128,MI-000293
PT-36020,MI-000294
K-33392,MI-000295
FCV-11856,MI-000296
TT-14549,MI-000297
P-31902,MI-000298
P-9996,MI-000299
P-35772,MI-000300
FCV-33184,MI-000301
V-19224,MI-000302
LT-33910,MI-000303
K-32666,MI-000304
PSV-27593,MI-000305
FT-13963,MI-000306
V-16532,MI-000307
PT-27127,MI-000308
FT-19113,MI-000309
PSV-15771,MI-000310
TT-9159,MI-000311
XV-29375,MI-000312
E-6883,MI-000313
LT-159,MI-000314
FT-29186,MI-000315
PSV-37479,MI-000316
P-11727,MI-000317
P-26690,MI-000318
TT-35093,MI-000319
XV-448,MI-000320
FCV-24528,MI-000321
P-34122,MI-000322
FT-12756,MI-000323
FT-28059,MI-000324
P-31754,MI-000325
P-7494,MI-000326
TT-35276,MI-000327
FCV-28351,MI-000328
PSV-2468,MI-000329
TT-6231,MI-000330
PSV-8459,MI-000331
P-18734,MI-000332
FT-20330,MI-000333
V-16352,MI-000334
V-3903,MI-000335
COL-33540,MI-000336
TT-23708,MI-000337
LT-36195,MI-000338
E-6750,MI-000339
XV-37478,MI-000340
P-16733,MI-000341
P-9578,MI-000342
PSV-18693,MI-000343
E-28455,MI-000344
FCV-16128,MI-000345
XV-22255,MI-000346
E-6400,MI-000347
P-12833,MI-000348
E-25031,MI-000349
PT-20476,MI-000350
COL-14580,MI-000351
COL-25314,MI-000352
V-24765,MI-000353
E-30512,MI-000354
XV-4812,MI-000355
V-21562,MI-000356
COL-10995,MI-000357
PSV-39256,MI-000358
FT-8843,MI-000359
K-22849,MI-000360
TT-13700,MI-000361
LT-9167,MI-000362
FCV-19544,MI-000363
TT-33176,MI-000364
FT-37322,MI-000365
LT-25097,MI-000366
P-27130,MI-000367
TT-8665,MI-000368
PT-10514,MI-000369
E-8053,MI-000370
COL-8190,MI-000371
COL-32742,MI-000372
TT-24886,MI-000373
FCV-13220,MI-000374
P-25189,MI-000375
XV-30423,MI-000376
XV-23462,MI-000377
K-18685,MI-000378
PT-24483,MI-000379
FT-6648,MI-000380
FT-13398,MI-000381
P-14488,MI-000382
COL-13374,MI-000383
P-28080,MI-000384
V-9820,MI-000385
COL-17680,MI-000386
K-37465,MI-000387
LT-17116,MI-000388
FCV-22891,MI-000389
PT-24355,MI-000390
PSV-28177,MI-000391
XV-30396,MI-000392
TT-16937,MI-000393
P-40033,MI-000394
PSV-17793,MI-000395
E-27602,MI-000396
FT-38742,MI-000397
TT-32885,MI-000398
V-30535,MI-000399
TT-26460,MI-000400
P-9146,MI-000401
COL-28167,MI-000402
PT-32527,MI-000403
TT-29382,MI-000404
COL-24539,MI-000405
LT-19410,MI-000406
FT-9303,MI-000407
PT-15952,MI-000408
TT-3545,MI-000409
PSV-15132,MI-000410
E-24510,MI-000411
FCV-39399,MI-000412
K-34323,MI-000413
LT-938,MI-000414
FCV-4211,MI-000415
FT-33483,MI-000416
PSV-27558,MI-000417
PT-13326,MI-000418
XV-17397,MI-000419
K-31380,MI-000420
PT-3279,MI-000421
PSV-6427,MI-000422
COL-13048,MI-000423
V-36781,MI-000424
TT-26202,MI-000425
TT-32426,MI-000426
V-27421,MI-000427
K-25355,MI-000428
TT-18957,MI-000429
V-37985,MI-000430
PT-36926,MI-000431
LT-29693,MI-000432
E-15233,MI-000433
XV-31737,MI-000434
K-17295,MI-000435
PT-16296,MI-000436
LT-29157,MI-000437
K-8773,MI-000438
K-12736,MI-000439
FCV-21801,MI-000440
XV-11105,MI-000441
COL-19862,MI-000442
FCV-36648,MI-000443
K-30742,MI-000444
V-34617,MI-000445
XV-33283,MI-000446
FT-20755,MI-000447
P-37714,MI-000448
FCV-10903,MI-000449
LT-5784,MI-000450
COL-16667,MI-000451
V-27646,MI-000452
P-20505,MI-000453
LT-32040,MI-000454
E-4424,MI-000455
FCV-19773,MI-000456
FCV-35764,MI-000457
PT-11115,MI-000458
FCV-24014,MI-000459
V-27659,MI-000460
TT-9098,MI-000461
E-37961,MI-000462
PT-3452,MI-000463
FT-12415,MI-000464
K-15076,MI-000465
TT-17862,MI-000466
P-4410,MI-000467
E-13005,MI-000468
P-20750,MI-000469
FT-13137,MI-000470
PSV-2613,MI-000471
XV-34367,MI-000472
P-21453,MI-000473
TT-17127,MI-000474
TT-34279,MI-000475
E-31666,MI-000476
LT-16962,MI-000477
LT-11688,MI-000478
P-10475,MI-000479
E-25316,MI-000480
PT-38252,MI-000481
FT-10492,MI-000482
PSV-1922,MI-000483
FCV-3359,MI-000484
TT-13178,MI-000485
V-33920,MI-000486
PT-36510,MI-000487
LT-28445,MI-000488
E-12537,MI-000489
E-2285,MI-000490
PT-24017,MI-000491
XV-20288,MI-000492
FT-3246,MI-000493
E-32017,MI-000494
PT-25700,MI-000495
COL-8395,MI-000496
P-30638,MI-000497
FT-29314,MI-000498
K-27001,MI-000499
E-3046,MI-000500
PT-7276,MI-000501
PSV-26174,MI-000502
TT-21523,MI-000503
TT-10909,MI-000504
V-34841,MI-000505
TT-5612,MI-000506
LT-8257,MI-000507
PSV-29100,MI-000508
PT-3477,MI-000509
P-11945,MI-000510
PSV-12169,MI-000511
COL-10062,MI-000512
PT-27967,MI-000513
PT-28634,MI-000514
TT-10399,MI-000515
P-36304,MI-000516
PT-11376,MI-000517
FT-37497,MI-000518
COL-5386,MI-000519
PSV-29497,MI-000520
P-10051,MI-000521
V-34660,MI-000522
LT-16680,MI-000523
COL-2790,MI-000524
LT-36690,MI-000525
P-30286,MI-000526
XV-29086,MI-000527
PSV-10329,MI-000528
P-4280,MI-000529
TT-13412,MI-000530
COL-18600,MI-000531
COL-36436,MI-000532
TT-35245,MI-000533
FCV-35184,MI-000534
P-34240,MI-000535
LT-1535,MI-000536
LT-3541,MI-000537
K-2433,MI-000538
LT-27013,MI-000539
FCV-21549,MI-000540
K-31286,MI-000541
LT-9664,MI-000542
K-8456,MI-000543
XV-13245,MI-000544
E-15880,MI-000545
TT-30325,MI-000546
COL-24754,MI-000547
COL-35443,MI-000548
COL-33815,MI-000549
PSV-29560,MI-000550
LT-29577,MI-000551
FT-9249,MI-000552
K-19036,MI-000553
XV-5325,MI-000554
XV-15416,MI-000555
LT-36714,MI-000556
E-4858,MI-000557
LT-38838,MI-000558
P-15989,MI-000559
V-1078,MI-000560
FCV-27113,MI-000561
P-12656,MI-000562
E-39145,MI-000563
LT-34292,MI-000564
FCV-7258,MI-000565
P-29770,MI-000566
FT-8461,MI-000567
PT-20621,MI-000568
P-19752,MI-000569
PT-15987,MI-000570
P-27795,MI-000571
LT-32762,MI-000572
LT-26476,MI-000573
LT-12922,MI-000574
COL-28571,MI-000575
PSV-24252,MI-000576
P-4626,MI-000577
K-10630,MI-000578
K-31541,MI-000579
E-14049,MI-000580
V-10079,MI-000581
FT-27886,MI-000582
COL-4036,MI-000583
TT-1641,MI-000584
PT-7623,MI-000585
FT-32681,MI-000586
E-24496,MI-000587
V-2934,MI-000588
LT-4268,MI-000589
PT-38191,MI-000590
P-3063,MI-000591
TT-19436,MI-000592
PT-21066,MI-000593
PT-17129,MI-000594
FCV-24190,MI-000595
TT-31172,MI-000596
TT-11070,MI-000597
P-33479,MI-000598
TT-18394,MI-000599
V-34132,MI-000600
LT-16224,MI-000601
P-14171,MI-000602
FCV-15551,MI-000603
K-20636,MI-000604
FT-30220,MI-000605
TT-8841,MI-000606
E-8298,MI-000607
XV-37321,MI-000608
FT-25413,MI-000609
FT-9805,MI-000610
FT-22285,MI-000611
E-34063,MI-000612
PT-16571,MI-000613
E-4737,MI-000614
PSV-15530,MI-000615
FCV-19638,MI-000616
PT-3507,MI-000617
PT-34014,MI-000618
FCV-3996,MI-000619
FCV-1610,MI-000620
P-329,MI-000621
K-36560,MI-000622
E-8705,MI-000623
LT-30493,MI-000624
XV-1364,MI-000625
E-37736,MI-000626
COL-9293,MI-000627
FT-4725,MI-000628
XV-15793,MI-000629
K-4844,MI-000630
TT-33058,MI-000631
P-4569,MI-000632
PT-31994,MI-000633
PSV-22127,MI-000634
P-10156,MI-000635
TT-26210,MI-000636
V-10337,MI-000637
TT-5376,MI-000638
PSV-35053,MI-000639
PSV-8608,MI-000640
FT-20892,MI-000641
LT-27921,MI-000642
LT-1086,MI-000643
K-953,MI-000644
TT-5041,MI-000645
PT-31470,MI-000646
TT-14194,MI-000647
PT-9287,MI-000648
E-8597,MI-000649
FT-28984,MI-000650
PSV-14545,MI-000651
PT-11069,MI-000652
P-24423,MI-000653
FCV-36473,MI-000654
XV-6515,MI-000655
P-36891,MI-000656
PSV-30346,MI-000657
E-7027,MI-000658
FCV-32725,MI-000659
V-13204,MI-000660
XV-2635,MI-000661
COL-12901,MI-000662
V-23714,MI-000663
FT-26528,MI-000664
FT-7152,MI-000665
COL-10923,MI-000666
V-5289,MI-000667
FCV-9208,MI-000668
XV-39216,MI-000669
K-17521,MI-000670
V-2554,MI-000671
XV-19056,MI-000672
E-12923,MI-000673
LT-33031,MI-000674
E-5486,MI-000675
FCV-1131,MI-000676
P-35484,MI-000677
V-34554,MI-000678
FT-9009,MI-000679
LT-32106,MI-000680
P-3604,MI-000681
COL-19530,MI-000682
V-18845,MI-000683
P-22171,MI-000684
P-22635,MI-000685
P-33053,MI-000686
PSV-24221,MI-000687
LT-33517,MI-000688
TT-38601,MI-000689
E-9499,MI-000690
COL-31366,MI-000691
K-5731,MI-000692
LT-25602,MI-000693
XV-21088,MI-000694
V-22535,MI-000695
P-6926,MI-000696
K-3059,MI-000697
V-23220,MI-000698
TT-25842,MI-000699
FCV-4943,MI-000700
V-35120,MI-000701
V-13595,MI-000702
XV-17667,MI-000703
P-23767,MI-000704
TT-33616,MI-000705
K-12288,MI-000706
COL-20502,MI-000707
P-39546,MI-000708
E-3501,MI-000709
FCV-16469,MI-000710
TT-35536,MI-000711
XV-1244,MI-000712
XV-24391,MI-000713
FCV-33338,MI-000714
E-2059,MI-000715
P-16432,MI-000716
COL-35036,MI-000717
FT-26491,MI-000718
PT-21697,MI-000719
P-543,MI-000720
TT-32837,MI-000721
FCV-14504,MI-000722
K-18719,MI-000723
TT-8159,MI-000724
PT-12386,MI-000725
V-11448,MI-000726
PT-14188,MI-000727
COL-7363,MI-000728
P-38499,MI-000729
K-32531,MI-000730
P-30819,MI-000731
P-34893,MI-000732
P-18507,MI-000733
LT-14761,MI-000734
FT-35804,MI-000735
PT-7960,MI-000736
XV-10000,MI-000737
FT-10709,MI-000738
K-2443,MI-000739
K-26271,MI-000740
K-15774,MI-000741
PT-39007,MI-000742
LT-26455,MI-000743
K-34284,MI-000744
FCV-24067,MI-000745
COL-38861,MI-000746
K-8759,MI-000747
PT-29576,MI-000748
P-39570,MI-000749
TT-4852,MI-000750
E-27176,MI-000751
P-33188,MI-000752
V-4346,MI-000753
PSV-21214,MI-000754
E-37009,MI-000755
K-38637,MI-000756
E-4227,MI-000757
PSV-33933,MI-000758
V-31922,MI-000759
FT-8429,MI-000760
PT-39037,MI-000761
TT-30150,MI-000762
P-21488,MI-000763
XV-5700,MI-000764
V-35659,MI-000765
LT-15263,MI-000766
PSV-28110,MI-000767
XV-38402,MI-000768
P-26720,MI-000769
V-33802,MI-000770
P-15943,MI-000771
PT-14749,MI-000772
FT-35477,MI-000773
K-33453,MI-000774
P-33300,MI-000775
LT-37448,MI-000776
FT-2478,MI-000777
PT-24978,MI-000778
P-31290,MI-000779
XV-3083,MI-000780
LT-12299,MI-000781
V-32779,MI-000782
K-11009,MI-000783
K-24377,MI-000784
COL-5582,MI-000785
P-32330,MI-000786
P-16225,MI-000787
FT-11699,MI-000788
FCV-6746,MI-000789
PSV-22598,MI-000790
TT-10797,MI-000791
XV-15508,MI-000792
XV-35223,MI-000793
COL-3332,MI-000794
K-23840,MI-000795
TT-34259,MI-000796
FT-5177,MI-000797
COL-24202,MI-000798
FT-14271,MI-000799
V-5446,MI-000800
PSV-7404,MI-000801
FCV-19924,MI-000802
LT-7163,MI-000803
FCV-16824,MI-000804
XV-18841,MI-000805
PT-19340,MI-000806
P-34605,MI-000807
PT-14436,MI-000808
LT-20038,MI-000809
E-26746,MI-000810
V-38757,MI-000811
PT-17555,MI-000812
TT-2351,MI-000813
TT-5967,MI-000814
XV-31629,MI-000815
PT-9473,MI-000816
XV-23595,MI-000817
V-37613,MI-000818
P-13425,MI-000819
K-39169,MI-000820
PT-8535,MI-000821
COL-20382,MI-000822
TT-17459,MI-000823
V-8631,MI-000824
FT-16866,MI-000825
PSV-22745,MI-000826
FCV-18531,MI-000827
PSV-23506,MI-000828
P-8157,MI-000829
P-11500,MI-000830
E-14537,MI-000831
E-38962,MI-000832
TT-38992,MI-000833
FT-11527,MI-000834
K-22420,MI-000835
FCV-22338,MI-000836
COL-14725,MI-000837
E-7906,MI-000838
COL-30454,MI-000839
K-8075,MI-000840
E-36474,MI-000841
K-376,MI-000842
E-32420,MI-000843
LT-17124,MI-000844
E-4265,MI-000845
FCV-10226,MI-000846
K-29500,MI-000847
E-32693,MI-000848
E-8894,MI-000849
K-1029,MI-000850
FT-12436,MI-000851
XV-23988,MI-000852
COL-33263,MI-000853
P-33584,MI-000854
K-7584,MI-000855
LT-27440,MI-000856
TT-31148,MI-000857
XV-29834,MI-000858
PSV-25573,MI-000859
P-19343,MI-000860
V-32230,MI-000861
XV-33071,MI-000862
PSV-21326,MI-000863
LT-8196,MI-000864
FCV-32082,MI-000865
K-38182,MI-000866
TT-38632,MI-000867
TT-28340,MI-000868
TT-16047,MI-000869
P-26859,MI-000870
TT-38794,MI-000871
FCV-28531,MI-000872
FCV-20127,MI-000873
PT-32153,MI-000874
PSV-4866,MI-000875
TT-6988,MI-000876
K-7901,MI-000877
E-36591,MI-000878
PT-9923,MI-000879
TT-17807,MI-000880
K-7420,MI-000881
K-13797,MI-000882
TT-27552,MI-000883
COL-33174,MI-000884
PSV-14476,MI-000885
FCV-33946,MI-000886
FCV-9702,MI-000887
E-15502,MI-000888
TT-26056,MI-000889
PT-20155,MI-000890
COL-12140,MI-000891
P-14807,MI-000892
V-14558,MI-000893
PT-25709,MI-000894
E-28476,MI-000895
PSV-33719,MI-000896
P-33452,MI-000897
K-19165,MI-000898
PT-1063,MI-000899
LT-35460,MI-000900
PT-10260,MI-000901
P-12271,MI-000902
P-31220,MI-000903
FCV-18853,MI-000904
V-5544,MI-000905
COL-17223,MI-000906
V-16886,MI-000907
XV-22566,MI-000908
TT-15410,MI-000909
COL-24652,MI-000910
LT-18859,MI-000911
FT-1653,MI-000912
XV-15857,MI-000913
V-23492,MI-000914
PSV-10065,MI-000915
PT-26540,MI-000916
P-23584,MI-000917
P-15653,MI-000918
PT-36173,MI-000919
E-36010,MI-000920
K-29535,MI-000921
P-37977,MI-000922
P-26287,MI-000923
XV-21617,MI-000924
K-38679,MI-000925
TT-34627,MI-000926
FCV-20727,MI-000927
P-2888,MI-000928
PSV-13190,MI-000929
FCV-15915,MI-000930
PT-34140,MI-000931
P-18657,MI-000932
V-14492,MI-000933
P-25336,MI-000934
E-1365,MI-000935
LT-5470,MI-000936
COL-32288,MI-000937
K-5753,MI-000938
V-784,MI-000939
E-11658,MI-000940
V-8388,MI-000941
K-26030,MI-000942
FCV-12920,MI-000943
K-4529,MI-000944
PT-28384,MI-000945
LT-39677,MI-000946
PT-8339,MI-000947
TT-9942,MI-000948
K-10614,MI-000949
FT-7287,MI-000950
E-11348,MI-000951
PT-28790,MI-000952
K-23615,MI-000953
FCV-26534,MI-000954
FT-29336,MI-000955
PT-36411,MI-000956
PSV-7169,MI-000957
P-14653,MI-000958
E-15694,MI-000959
E-6739,MI-000960
FCV-37462,MI-000961
PT-31444,MI-000962
LT-3209,MI-000963
TT-28123,MI-000964
XV-5509,MI-000965
PSV-19687,MI-000966
COL-5365,MI-000967
FT-32218,MI-000968
LT-29964,MI-000969
E-32024,MI-000970
PT-4353,MI-000971
V-13085,MI-000972
FCV-5337,MI-000973
K-11802,MI-000974
LT-8076,MI-000975
TT-7868,MI-000976
PT-19830,MI-000977
TT-28709,MI-000978
P-24899,MI-000979
PT-7261,MI-000980
P-11884,MI-000981
COL-29839,MI-000982
V-14678,MI-000983
FT-1967,MI-000984
P-4422,MI-000985
XV-15349,MI-000986
COL-38701,MI-000987
K-23042,MI-000988
XV-20363,MI-000989
XV-14502,MI-000990
TT-27864,MI-000991
P-38027,MI-000992
E-8122,MI-000993
E-15474,MI-000994
PSV-3153,MI-000995
P-28305,MI-000996
K-12924,MI-000997
FT-2697,MI-000998
PSV-13590,MI-000999
V-5415,MI-001000
P-23868,MI-001001
V-12303,MI-001002
PSV-5918,MI-001003
LT-32529,MI-001004
P-4389,MI-001005
E-33848,MI-001006
V-34712,MI-001007
PSV-30787,MI-001008
V-24684,MI-001009
FT-35631,MI-001010
PT-12059,MI-001011
LT-32120,MI-001012
PSV-32929,MI-001013
K-35742,MI-001014
V-4838,MI-001015
P-11523,MI-001016
P-33316,MI-001017
K-21900,MI-001018
P-12384,MI-001019
LT-23048,MI-001020
K-32654,MI-001021
P-8761,MI-001022
P-17579,MI-001023
K-12029,MI-001024
PT-5235,MI-001025
V-11170,MI-001026
V-17730,MI-001027
V-29081,MI-001028
COL-11132,MI-001029
K-4729,MI-001030
PSV-38752,MI-001031
TT-33451,MI-001032
P-31998,MI-001033
XV-5004,MI-001034
PSV-26181,MI-001035
E-1885,MI-001036
P-10415,MI-001037
P-5009,MI-001038
FCV-6419,MI-001039
V-10279,MI-001040
E-35252,MI-001041
LT-18301,MI-001042
FCV-21679,MI-001043
PSV-13717,MI-001044
FCV-33812,MI-001045
V-39815,MI-001046
P-30168,MI-001047
XV-22270,MI-001048
XV-16677,MI-001049
PSV-25327,MI-001050
FT-1074,MI-001051
K-21486,MI-001052
LT-15764,MI-001053
XV-11073,MI-001054
FCV-6387,MI-001055
V-25000,MI-001056
XV-7239,MI-001057
P-30865,MI-001058
FT-13719,MI-001059
PSV-25239,MI-001060
V-26963,MI-001061
FCV-14341,MI-001062
COL-158,MI-001063
COL-36959,MI-001064
PSV-15798,MI-001065
V-39086,MI-001066
P-34503,MI-001067
TT-18658,MI-001068
XV-10763,MI-001069
XV-33018,MI-001070
P-39233,MI-001071
COL-5266,MI-001072
COL-29513,MI-001073
XV-33672,MI-001074
P-8866,MI-001075
PT-12352,MI-001076
PT-13814,MI-001077
P-25733,MI-001078
PT-27342,MI-001079
K-25600,MI-001080
P-2116,MI-001081
TT-1107,MI-001082
LT-5640,MI-001083
P-3010,MI-001084
PSV-13794,MI-001085
P-32728,MI-001086
V-14300,MI-001087
FCV-5122,MI-001088
E-14902,MI-001089
P-22414,MI-001090
COL-14525,MI-001091
LT-24701,MI-001092
LT-26724,MI-001093
LT-30719,MI-001094
K-16850,MI-001095
COL-5092,MI-001096
P-28076,MI-001097
FCV-17345,MI-001098
PT-24075,MI-001099
FCV-22981,MI-001100
V-38530,MI-001101
PSV-35794,MI-001102
E-27533,MI-001103
PSV-30456,MI-001104
TT-13237,MI-001105
E-27717,MI-001106
XV-28119,MI-001107
FCV-18503,MI-001108
FT-6194,MI-001109
LT-23697,MI-001110
K-10092,MI-001111
E-15107,MI-001112
XV-25137,MI-001113
P-25512,MI-001114
PSV-24404,MI-001115
K-1338,MI-001116
LT-24495,MI-001117
COL-16338,MI-001118
FCV-37233,MI-001119
XV-32092,MI-001120
PSV-20702,MI-001121
LT-11174,MI-001122
V-18333,MI-001123
TT-8871,MI-001124
K-3748,MI-001125
K-12769,MI-001126
FCV-921,MI-001127
XV-4750,MI-001128
P-34950,MI-001129
PT-28807,MI-001130
COL-29566,MI-001131
K-26882,MI-001132
K-37376,MI-001133
FCV-31476,MI-001134
V-15476,MI-001135
XV-28537,MI-001136
LT-7487,MI-001137
K-17757,MI-001138
PSV-7801,MI-001139
TT-24962,MI-001140
FT-27912,MI-001141
FCV-9263,MI-001142
XV-25541,MI-001143
PT-17776,MI-001144
K-11490,MI-001145
PSV-4450,MI-001146
P-15917,MI-001147
LT-25003,MI-001148
COL-26097,MI-001149
V-292,MI-001150
FT-5472,MI-001151
K-30648,MI-001152
XV-26869,MI-001153
XV-22972,MI-001154
P-36477,MI-001155
K-39268,MI-001156
PSV-29536,MI-001157
LT-32598,MI-001158
V-34807,MI-001159
LT-13292,MI-001160
P-18879,MI-001161
P-23978,MI-001162
P-22004,MI-001163
PT-18009,MI-001164
FCV-17250,MI-001165
XV-36309,MI-001166
COL-38277,MI-001167
PT-16244,MI-001168
V-5195,MI-001169
PT-4686,MI-001170
K-15455,MI-001171
COL-6108,MI-001172
K-339,MI-001173
PSV-29038,MI-001174
PT-3192,MI-001175
V-13311,MI-001176
PSV-34485,MI-001177
V-19080,MI-001178
P-3769,MI-001179
LT-30875,MI-001180
K-27135,MI-001181
E-13329,MI-001182
TT-26486,MI-001183
K-19567,MI-001184
V-7547,MI-001185
P-8702,MI-001186
P-2430,MI-001187
P-27242,MI-001188
V-29703,MI-001189
V-29399,MI-001190
TT-1678,MI-001191
K-22560,MI-001192
COL-31722,MI-001193
V-34424,MI-001194
V-12605,MI-001195
FT-14349,MI-001196
E-39568,MI-001197
PSV-2993,MI-001198
K-12557,MI-001199
FCV-14497,MI-001200
PSV-31248,MI-001201
PT-8671,MI-001202
PSV-27555,MI-001203
E-37832,MI-001204
XV-9149,MI-001205
TT-17171,MI-001206
XV-29021,MI-001207
E-23469,MI-001208
P-12740,MI-001209
P-13938,MI-001210
TT-17413,MI-001211
E-17331,MI-001212
FCV-8240,MI-001213
P-2121,MI-001214
K-33460,MI-001215
PT-13009,MI-001216
P-36823,MI-001217
P-1618,MI-001218
COL-37801,MI-001219
LT-15248,MI-001220
LT-17710,MI-001221
P-36820,MI-001222
COL-8927,MI-001223
K-31688,MI-001224
P-32731,MI-001225
PT-20827,MI-001226
PSV-18290,MI-001227
LT-15301,MI-001228
V-28962,MI-001229
K-38241,MI-001230
PSV-30430,MI-001231
P-21521,MI-001232
LT-19522,MI-001233
E-6422,MI-001234
XV-39937,MI-001235
P-20877,MI-001236
XV-6316,MI-001237
K-11719,MI-001238
P-17727,MI-001239
P-31147,MI-001240
E-27586,MI-001241
PT-24401,MI-001242
V-9689,MI-001243
V-7616,MI-001244
COL-1585,MI-001245
XV-21576,MI-001246
LT-28112,MI-001247
K-37972,MI-001248
PSV-32673,MI-001249
FCV-31761,MI-001250
FT-19726,MI-001251
FCV-26500,MI-001252
TT-29469,MI-001253
FT-9114,MI-001254
P-5353,MI-001255
TT-32928,MI-001256
FT-11185,MI-001257
LT-11741,MI-001258
P-7876,MI-001259
PT-18115,MI-001260
E-1372,MI-001261
P-34607,MI-001262
FT-11534,MI-001263
K-31274,MI-001264
P-1640,MI-001265
COL-23424,MI-001266
FCV-28598,MI-001267
P-35218,MI-001268
P-27030,MI-001269
PT-31749,MI-001270
V-7992,MI-001271
XV-11014,MI-001272
V-21487,MI-001273
V-4885,MI-001274
P-15022,MI-001275
P-16739,MI-001276
XV-6759,MI-001277
P-37411,MI-001278
PT-35502,MI-001279
P-5356,MI-001280
PT-2267,MI-001281
E-27741,MI-001282
P-38776,MI-001283
PSV-21007,MI-001284
PSV-27402,MI-001285
XV-19211,MI-001286
FCV-1629,MI-001287
XV-9380,MI-001288
P-23341,MI-001289
COL-37312,MI-001290
PT-1149,MI-001291
P-8025,MI-001292
P-5812,MI-001293
COL-28365,MI-001294
PSV-26585,MI-001295
PSV-20281,MI-001296
P-11210,MI-001297
XV-22843,MI-001298
COL-34820,MI-001299
COL-7929,MI-001300
FCV-4659,MI-001301
FCV-11072,MI-001302
E-15373,MI-001303
P-21976,MI-001304
PT-17778,MI-001305
P-29788,MI-001306
XV-16879,MI-001307
FT-10606,MI-001308
XV-1166,MI-001309
COL-10980,MI-001310
PSV-323,MI-001311
XV-21931,MI-001312
TT-10172,MI-001313
PT-7713,MI-001314
COL-37096,MI-001315
P-16783,MI-001316
FCV-6188,MI-001317
V-17537,MI-001318
FCV-20139,MI-001319
K-35865,MI-001320
COL-9631,MI-001321
FCV-39969,MI-001322
LT-30890,MI-001323
XV-38503,MI-001324
P-17400,MI-001325
FCV-11772,MI-001326
FT-34748,MI-001327
COL-19651,MI-001328
E-2270,MI-001329
PT-26488,MI-001330
COL-33217,MI-001331
E-10821,MI-001332
PSV-35902,MI-001333
P-22433,MI-001334
FT-5021,MI-001335
V-34866,MI-001336
P-23141,MI-001337
FCV-19576,MI-001338
XV-8687,MI-001339
TT-26855,MI-001340
K-3663,MI-001341
P-11643,MI-001342
PSV-10895,MI-001343
V-20348,MI-001344
FT-13229,MI-001345
XV-63,MI-001346
COL-35037,MI-001347
FT-23975,MI-001348
TT-9300,MI-001349
K-38357,MI-001350
COL-38858,MI-001351
PSV-24369,MI-001352
LT-12335,MI-001353
XV-1999,MI-001354
V-11309,MI-001355
LT-4648,MI-001356
COL-8749,MI-001357
P-3119,MI-001358
COL-32331,MI-001359
PSV-446,MI-001360
K-11687,MI-001361
PT-30163,MI-001362
P-13087,MI-001363
P-30075,MI-001364
P-3636,MI-001365
TT-26268,MI-001366
E-9784,MI-001367
P-28477,MI-001368
TT-19581,MI-001369
XV-21534,MI-001370
FT-14467,MI-001371
V-11193,MI-001372
COL-38859,MI-001373
E-20485,MI-001374
PSV-1423,MI-001375
PSV-27587,MI-001376
COL-1708,MI-001377
PT-34103,MI-001378
P-32549,MI-001379
P-10946,MI-001380
COL-27047,MI-001381
TT-27314,MI-001382
P-12237,MI-001383
P-927,MI-001384
XV-6305,MI-001385
E-18105,MI-001386
K-18250,MI-001387
PSV-23636,MI-001388
PT-6810,MI-001389
FCV-10438,MI-001390
COL-7320,MI-001391
TT-35328,MI-001392
PT-1959,MI-001393
PSV-3428,MI-001394
E-14014,MI-001395
V-3560,MI-001396
P-19351,MI-001397
LT-7250,MI-001398
P-39251,MI-001399
P-29723,MI-001400
LT-1164,MI-001401
FCV-34706,MI-001402
XV-13930,MI-001403
PSV-3798,MI-001404
PSV-3628,MI-001405
K-7481,MI-001406
P-32206,MI-001407
P-28254,MI-001408
FT-22919,MI-001409
PSV-22518,MI-001410
PT-2142,MI-001411
FCV-27069,MI-001412
LT-27889,MI-001413
P-34568,MI-001414
COL-14295,MI-001415
P-9616,MI-001416
PT-21937,MI-001417
K-26796,MI-001418
K-18550,MI-001419
P-39616,MI-001420
TT-26157,MI-001421
XV-29206,MI-001422
E-24103,MI-001423
FT-22556,MI-001424
PT-8547,MI-001425
LT-38893,MI-001426
P-9829,MI-001427
TT-23680,MI-001428
PT-14495,MI-001429
COL-28363,MI-001430
P-28082,MI-001431
P-28337,MI-001432
FCV-3166,MI-001433
LT-16800,MI-001434
K-5683,MI-001435
FCV-12114,MI-001436
FT-18844,MI-001437
COL-9199,MI-001438
P-20368,MI-001439
V-8450,MI-001440
LT-21059,MI-001441
PSV-21396,MI-001442
COL-38994,MI-001443
FCV-9328,MI-001444
E-33768,MI-001445
XV-17174,MI-001446
LT-20447,MI-001447
P-6227,MI-001448
P-5314,MI-001449
PSV-20461,MI-001450
K-36578,MI-001451
FCV-16341,MI-001452
FCV-30532,MI-001453
COL-28145,MI-001454
E-33883,MI-001455
P-22833,MI-001456
PSV-2234,MI-001457
TT-32423,MI-001458
FT-13415,MI-001459
P-4588,MI-001460
PSV-188,MI-001461
P-7608,MI-001462
P-10225,MI-001463
LT-31713,MI-001464
PT-24749,MI-001465
PT-32954,MI-001466
PT-18316,MI-001467
E-23590,MI-001468
V-8555,MI-001469
LT-22227,MI-001470
E-12714,MI-001471
V-35969,MI-001472
FCV-12172,MI-001473
PSV-14028,MI-001474
E-4593,MI-001475
E-3467,MI-001476
TT-16752,MI-001477
PSV-32682,MI-001478
P-35199,MI-001479
K-23422,MI-001480
COL-4738,MI-001481
P-10211,MI-001482
K-5345,MI-001483
XV-37324,MI-001484
FT-34000,MI-001485
COL-31529,MI-001486
COL-27859,MI-001487
E-7951,MI-001488
COL-7873,MI-001489
PT-2515,MI-001490
PSV-11953,MI-001491
FCV-4052,MI-001492
XV-9470,MI-001493
COL-219,MI-001494
P-24309,MI-001495
E-10202,MI-001496
V-17963,MI-001497
PT-35984,MI-001498
LT-4973,MI-001499
P-10348,MI-001500
K-1761,MI-001501
XV-24269,MI-001502
P-8094,MI-001503
LT-1258,MI-001504
LT-7923,MI-001505
TT-38884,MI-001506
FT-26591,MI-001507
K-36665,MI-001508
V-11939,MI-001509
PT-2470,MI-001510
P-28371,MI-001511
PSV-34673,MI-001512
TT-25471,MI-001513
XV-6665,MI-001514
TT-17030,MI-001515
TT-39587,MI-001516
V-25002,MI-001517
K-15761,MI-001518
E-21450,MI-001519
PT-29670,MI-001520
TT-26807,MI-001521
XV-23954,MI-001522
P-33975,MI-001523
P-11063,MI-001524
FCV-2687,MI-001525
LT-16561,MI-001526
LT-34136,MI-001527
K-19151,MI-001528
PT-23121,MI-001529
PT-9437,MI-001530
E-1766,MI-001531
V-11114,MI-001532
PT-11898,MI-001533
TT-1930,MI-001534
FCV-22366,MI-001535
V-39096,MI-001536
XV-34513,MI-001537
P-4061,MI-001538
FCV-39135,MI-001539
XV-6112,MI-001540
K-13917,MI-001541
PSV-11469,MI-001542
PSV-26717,MI-001543
COL-14983,MI-001544
FCV-30357,MI-001545
FCV-30579,MI-001546
E-5516,MI-001547
P-33468,MI-001548
PSV-3481,MI-001549
E-16386,MI-001550
V-8423,MI-001551
V-17404,MI-001552
P-29380,MI-001553
PSV-4952,MI-001554
K-24475,MI-001555
P-39658,MI-001556
COL-7675,MI-001557
PT-14016,MI-001558
PT-7001,MI-001559
P-14363,MI-001560
FCV-27147,MI-001561
K-19646,MI-001562
P-26253,MI-001563
K-14130,MI-001564
LT-25420,MI-001565
FCV-39403,MI-001566
XV-36570,MI-001567
XV-4519,MI-001568
K-16462,MI-001569
FCV-24191,MI-001570
COL-38762,MI-001571
P-35091,MI-001572
FT-5232,MI-001573
FCV-26666,MI-001574
V-24299,MI-001575
TT-3356,MI-001576
PSV-38577,MI-001577
PT-32170,MI-001578
P-17019,MI-001579
COL-6962,MI-001580
P-38332,MI-001581
COL-35038,MI-001582
PT-19845,MI-001583
P-15264,MI-001584
TT-13144,MI-001585
FT-24831,MI-001586
COL-32207,MI-001587
P-37272,MI-001588
COL-28024,MI-001589
FCV-30134,MI-001590
K-19106,MI-001591
V-36499,MI-001592
COL-17016,MI-001593
P-18091,MI-001594
K-4792,MI-001595
FT-3979,MI-001596
E-15686,MI-001597
FCV-6202,MI-001598
P-4486,MI-001599
V-6853,MI-001600
LT-21102,MI-001601
V-5059,MI-001602
LT-33088,MI-001603
TT-12996,MI-001604
PSV-38672,MI-001605
P-21395,MI-001606
P-26076,MI-001607
TT-23011,MI-001608
LT-24098,MI-001609
COL-35581,MI-001610
V-28626,MI-001611
LT-35062,MI-001612
COL-20906,MI-001613
P-6440,MI-001614
P-3805,MI-001615
COL-30107,MI-001616
TT-30208,MI-001617
V-35196,MI-001618
XV-162,MI-001619
TT-27584,MI-001620
K-38231,MI-001621
K-34433,MI-001622
PT-25354,MI-001623
V-39552,MI-001624
V-22490,MI-001625
FT-3961,MI-001626
COL-2860,MI-001627
E-36254,MI-001628
PSV-6446,MI-001629
FT-4658,MI-001630
K-23838,MI-001631
V-28364,MI-001632
E-553,MI-001633
XV-14968,MI-001634
LT-9427,MI-001635
LT-20257,MI-001636
PT-39914,MI-001637
PSV-8043,MI-001638
PSV-11142,MI-001639
PT-37008,MI-001640
P-12207,MI-001641
PT-33387,MI-001642
P-1932,MI-001643
XV-27572,MI-001644
V-1642,MI-001645
FT-6393,MI-001646
V-9712,MI-001647
COL-16899,MI-001648
XV-9624,MI-001649
FCV-15026,MI-001650
XV-34817,MI-001651
TT-26451,MI-001652
FCV-39505,MI-001653
PT-16391,MI-001654
FCV-25894,MI-001655
V-28958,MI-001656
V-17982,MI-001657
LT-7238,MI-001658
XV-11282,MI-001659
PT-15897,MI-001660
P-7666,MI-001661
P-27959,MI-001662
TT-16111,MI-001663
FT-25507,MI-001664
V-24751,MI-001665
K-33619,MI-001666
XV-31448,MI-001667
P-19537,MI-001668
P-10555,MI-001669
P-31145,MI-001670
XV-7881,MI-001671
PSV-26053,MI-001672
FT-28129,MI-001673
V-18973,MI-001674
LT-8218,MI-001675
FT-8785,MI-001676
XV-11729,MI-001677
E-28523,MI-001678
V-4186,MI-001679
LT-27255,MI-001680
XV-5663,MI-001681
P-39019,MI-001682
K-23388,MI-001683
LT-9305,MI-001684
FT-23813,MI-001685
V-2268,MI-001686
K-26928,MI-001687
FT-33749,MI-001688
PSV-36206,MI-001689
PSV-25255,MI-001690
FCV-33418,MI-001691
K-31536,MI-001692
V-13430,MI-001693
PT-17835,MI-001694
XV-20725,MI-001695
K-18881,MI-001696
PSV-8133,MI-001697
LT-34789,MI-001698
FCV-38351,MI-001699
P-26682,MI-001700
TT-1242,MI-001701
E-26150,MI-001702
COL-10880,MI-001703
P-11016,MI-001704
TT-20817,MI-001705
FT-12800,MI-001706
FT-11155,MI-001707
K-12893,MI-001708
TT-37170,MI-001709
XV-7232,MI-001710
FCV-18343,MI-001711
FT-4391,MI-001712
FCV-10950,MI-001713
PT-24728,MI-001714
PT-25888,MI-001715
P-19350,MI-001716
XV-9011,MI-001717
FCV-11899,MI-001718
TT-28597,MI-001719
FT-17726,MI-001720
K-5428,MI-001721
P-1134,MI-001722
FT-37017,MI-001723
PSV-4408,MI-001724
P-36387,MI-001725
XV-11926,MI-001726
XV-17867,MI-001727
PT-18473,MI-001728
K-2257,MI-001729
PSV-12744,MI-001730
P-7997,MI-001731
K-38886,MI-001732
K-37276,MI-001733
V-19680,MI-001734
TT-12867,MI-001735
K-32719,MI-001736
LT-6616,MI-001737
P-7331,MI-001738
XV-23113,MI-001739
P-18151,MI-001740
P-34919,MI-001741
E-35482,MI-001742
V-27296,MI-001743
K-9682,MI-001744
COL-22648,MI-001745
P-8722,MI-001746
V-4426,MI-001747
P-23836,MI-001748
COL-36574,MI-001749
V-5236,MI-001750
V-26216,MI-001751
PT-1189,MI-001752
P-3033,MI-001753
E-1825,MI-001754
FT-12078,MI-001755
K-29436,MI-001756
LT-26502,MI-001757
LT-34363,MI-001758
COL-22864,MI-001759
P-31500,MI-001760
LT-320,MI-001761
XV-37088,MI-001762
COL-16385,MI-001763
E-29704,MI-001764
FT-10372,MI-001765
PSV-23467,MI-001766
V-4243,MI-001767
COL-936,MI-001768
FCV-20419,MI-001769
FCV-6019,MI-001770
FCV-25067,MI-001771
K-15928,MI-001772
PSV-7110,MI-001773
COL-27550,MI-001774
COL-37438,MI-001775
LT-8925,MI-001776
V-23001,MI-001777
PSV-33637,MI-001778
PT-31527,MI-001779
XV-13820,MI-001780
TT-38407,MI-001781
PSV-31085,MI-001782
XV-33160,MI-001783
COL-25318,MI-001784
P-38300,MI-001785
PSV-39755,MI-001786
XV-35637,MI-001787
PT-32089,MI-001788
FT-18418,MI-001789
V-2779,MI-001790
E-23098,MI-001791
P-11788,MI-001792
P-17344,MI-001793
XV-21325,MI-001794
COL-39773,MI-001795
TT-37666,MI-001796
XV-25403,MI-001797
K-986,MI-001798
K-26118,MI-001799
P-35412,MI-001800
E-32272,MI-001801
COL-25085,MI-001802
XV-24323,MI-001803
P-31372,MI-001804
K-3811,MI-001805
E-39152,MI-001806
FT-11933,MI-001807
FCV-31377,MI-001808
LT-35525,MI-001809
FCV-2140,MI-001810
XV-537,MI-001811
PSV-23472,MI-001812
K-23295,MI-001813
XV-35141,MI-001814
K-33492,MI-001815
P-5725,MI-001816
P-6008,MI-001817
FCV-10613,MI-001818
V-5934,MI-001819
PSV-32647,MI-001820
PSV-10020,MI-001821
FT-14412,MI-001822
COL-17254,MI-001823
LT-27784,MI-001824
XV-10964,MI-001825
TT-31152,MI-001826
PSV-18869,MI-001827
P-35852,MI-001828
V-30359,MI-001829
K-33542,MI-001830
K-37722,MI-001831
FT-38342,MI-001832
PT-24271,MI-001833
K-27609,MI-001834
PT-7249,MI-001835
XV-15493,MI-001836
K-26250,MI-001837
PSV-31863,MI-001838
XV-5969,MI-001839
P-19834,MI-001840
LT-8149,MI-001841
FCV-11264,MI-001842
P-10347,MI-001843
XV-12385,MI-001844
P-38807,MI-001845
V-32009,MI-001846
LT-31473,MI-001847
LT-13551,MI-001848
PT-39362,MI-001849
PSV-33625,MI-001850
LT-14395,MI-001851
PSV-10108,MI-001852
P-23347,MI-001853
E-21871,MI-001854
V-3136,MI-001855
PT-37662,MI-001856
TT-20570,MI-001857
P-36882,MI-001858
LT-21473,MI-001859
PSV-35962,MI-001860
PT-11753,MI-001861
E-35115,MI-001862
P-28358,MI-001863
PSV-30415,MI-001864
LT-29585,MI-001865
LT-21411,MI-001866
E-14081,MI-001867
PSV-6430,MI-001868
LT-3255,MI-001869
E-24009,MI-001870
P-34915,MI-001871
XV-38418,MI-001872
PT-11617,MI-001873
TT-31105,MI-001874
LT-33941,MI-001875
V-11351,MI-001876
P-35803,MI-001877
COL-6204,MI-001878
LT-6591,MI-001879
PSV-8216,MI-001880
PT-28871,MI-001881
XV-4035,MI-001882
P-8180,MI-001883
TT-23886,MI-001884
PSV-25852,MI-001885
P-24489,MI-001886
P-7171,MI-001887
FCV-18112,MI-001888
FCV-21213,MI-001889
FT-23962,MI-001890
PT-25741,MI-001891
LT-6087,MI-001892
COL-8109,MI-001893
PT-39528,MI-001894
PT-30703,MI-001895
LT-7625,MI-001896
XV-4436,MI-001897
P-13571,MI-001898
COL-21316,MI-001899
P-23211,MI-001900
LT-17688,MI-001901
FCV-35529,MI-001902
P-39166,MI-001903
E-14852,MI-001904
TT-21768,MI-001905
PT-20881,MI-001906
V-33009,MI-001907
LT-34104,MI-001908
E-6292,MI-001909
LT-27256,MI-001910
K-19221,MI-001911
K-11007,MI-001912
PT-9321,MI-001913
TT-22902,MI-001914
P-4188,MI-001915
PSV-25249,MI-001916
LT-32659,MI-001917
FT-39735,MI-001918
LT-4429,MI-001919
FT-17464,MI-001920
PT-7928,MI-001921
FT-8314,MI-001922
P-1788,MI-001923
V-9636,MI-001924
COL-1968,MI-001925
E-1084,MI-001926
TT-12964,MI-001927
FT-14050,MI-001928
P-17651,MI-001929
P-36281,MI-001930
P-6282,MI-001931
TT-13993,MI-001932
LT-29997,MI-001933
E-15101,MI-001934
XV-4295,MI-001935
PSV-25112,MI-001936
PT-574,MI-001937
XV-21433,MI-001938
P-6439,MI-001939
K-34420,MI-001940
PSV-12152,MI-001941
P-20712,MI-001942
PT-12269,MI-001943
XV-34990,MI-001944
FT-21681,MI-001945
V-34955,MI-001946
PT-34524,MI-001947
PSV-12275,MI-001948
FCV-26259,MI-001949
TT-35861,MI-001950
COL-15270,MI-001951
V-28209,MI-001952
XV-20316,MI-001953
LT-28276,MI-001954
PT-16354,MI-001955
K-37055,MI-001956
P-38822,MI-001957
K-9487,MI-001958
FT-23006,MI-001959
XV-26531,MI-001960
FT-3627,MI-001961
FT-34377,MI-001962
TT-37824,MI-001963
PSV-31440,MI-001964
P-19868,MI-001965
PT-8260,MI-001966
K-31959,MI-001967
COL-26889,MI-001968
FCV-15014,MI-001969
COL-4607,MI-001970
COL-13240,MI-001971
E-25961,MI-001972
PT-32001,MI-001973
FCV-11001,MI-001974
LT-15277,MI-001975
PSV-16307,MI-001976
P-35577,MI-001977
V-31665,MI-001978
LT-5190,MI-001979
PT-23127,MI-001980
P-35739,MI-001981
V-26261,MI-001982
P-33496,MI-001983
FCV-16319,MI-001984
FCV-14909,MI-001985
P-9554,MI-001986
K-11901,MI-001987
FCV-6180,MI-001988
P-9633,MI-001989
PT-7860,MI-001990
XV-32035,MI-001991
PT-7474,MI-001992
XV-21540,MI-001993
COL-33849,MI-001994
FCV-14991,MI-001995
P-1299,MI-001996
LT-35246,MI-001997
PT-33798,MI-001998
XV-6897,MI-001999
TT-17312,MI-002000
P-26688,MI-002001
P-30316,MI-002002
FT-16592,MI-002003
LT-22861,MI-002004
COL-9982,MI-002005
LT-35404,MI-002006
PSV-19850,MI-002007
E-2258,MI-002008
V-2799,MI-002009
PT-28483,MI-002010
PT-6876,MI-002011
XV-9943,MI-002012
FCV-18955,MI-002013
E-9166,MI-002014
FCV-866,MI-002015
TT-38871,MI-002016
V-30048,MI-002017
XV-31516,MI-002018
V-13122,MI-002019
XV-24855,MI-002020
FT-1136,MI-002021
P-39069,MI-002022
P-24112,MI-002023
K-24690,MI-002024
K-5261,MI-002025
P-19082,MI-002026
E-39879,MI-002027
FT-21337,MI-002028
V-37918,MI-002029
XV-27651,MI-002030
XV-17095,MI-002031
PT-16518,MI-002032
XV-35639,MI-002033
LT-38001,MI-002034
PT-12748,MI-002035
LT-24359,MI-002036
TT-20083,MI-002037
TT-31955,MI-002038
K-9394,MI-002039
FCV-13132,MI-002040
FT-31884,MI-002041
FT-20583,MI-002042
FCV-16548,MI-002043
TT-8583,MI-002044
E-31178,MI-002045
FCV-2415,MI-002046
TT-6535,MI-002047
P-12370,MI-002048
E-29851,MI-002049
P-15779,MI-002050
E-4930,MI-002051
LT-38025,MI-002052
TT-22427,MI-002053
K-6633,MI-002054
PSV-37432,MI-002055
XV-27077,MI-002056
E-9207,MI-002057
PSV-34873,MI-002058
K-22684,MI-002059
FCV-22519,MI-002060
FT-21893,MI-002061
E-37259,MI-002062
TT-5811,MI-002063
FT-33720,MI-002064
V-36970,MI-002065
XV-9947,MI-002066
XV-27801,MI-002067
P-28010,MI-002068
PSV-31915,MI-002069
PT-9520,MI-002070
FT-12087,MI-002071
PSV-33822,MI-002072
V-23707,MI-002073
K-18381,MI-002074
FCV-15626,MI-002075
E-37481,MI-002076
COL-23482,MI-002077
FCV-36912,MI-002078
PT-15497,MI-002079
P-12062,MI-002080
FCV-3857,MI-002081
E-2826,MI-002082
P-4548,MI-002083
TT-32993,MI-002084
K-30125,MI-002085
P-22224,MI-002086
TT-31548,MI-002087
LT-24024,MI-002088
FT-36740,MI-002089
XV-24142,MI-002090
LT-138,MI-002091
P-10363,MI-002092
K-17043,MI-002093
E-23125,MI-002094
XV-14939,MI-002095
PT-39985,MI-002096
XV-36602,MI-002097
COL-6475,MI-002098
FCV-36895,MI-002099
COL-2910,MI-002100
PSV-455,MI-002101
LT-30650,MI-002102
LT-35445,MI-002103
P-17001,MI-002104
COL-36383,MI-002105
XV-8882,MI-002106
PT-3172,MI-002107
FT-32178,MI-002108
P-4144,MI-002109
E-3768,MI-002110
PSV-12180,MI-002111
FT-2333,MI-002112
PT-11994,MI-002113
LT-23366,MI-002114
V-7224,MI-002115
PSV-8156,MI-002116
XV-9730,MI-002117
V-15925,MI-002118
P-2303,MI-002119
P-26079,MI-002120
K-27984,MI-002121
V-31007,MI-002122
P-25678,MI-002123
TT-37199,MI-002124
PSV-37044,MI-002125
E-34337,MI-002126
K-6040,MI-002127
TT-20470,MI-002128
COL-30431,MI-002129
V-26027,MI-002130
PT-11203,MI-002131
FCV-19806,MI-002132
PSV-7285,MI-002133
XV-38317,MI-002134
XV-14599,MI-002135
PSV-30104,MI-002136
XV-36588,MI-002137
P-33458,MI-002138
V-7259,MI-002139
P-35190,MI-002140
LT-33153,MI-002141
XV-28378,MI-002142
PSV-37764,MI-002143
LT-6933,MI-002144
FT-24088,MI-002145
PSV-34936,MI-002146
E-14622,MI-002147
PSV-15598,MI-002148
LT-36100,MI-002149
XV-2147,MI-002150
P-29103,MI-002151
P-26147,MI-002152
PT-29580,MI-002153
K-7711,MI-002154
XV-23630,MI-002155
K-14665,MI-002156
P-18961,MI-002157
E-26819,MI-002158
P-14773,MI-002159
PSV-3373,MI-002160
FT-37441,MI-002161
FT-1298,MI-002162
XV-10397,MI-002163
FT-32513,MI-002164
LT-15139,MI-002165
K-11717,MI-002166
V-21626,MI-002167
P-33327,MI-002168
LT-14766,MI-002169
LT-26435,MI-002170
LT-4053,MI-002171
XV-27903,MI-002172
V-6481,MI-002173
PT-16633,MI-002174
PSV-4676,MI-002175
COL-15512,MI-002176
V-9358,MI-002177
TT-14670,MI-002178
FT-9975,MI-002179
TT-19364,MI-002180
E-4527,MI-002181
TT-36712,MI-002182
P-13395,MI-002183
V-16811,MI-002184
E-39671,MI-002185
PSV-769,MI-002186
FCV-6135,MI-002187
V-35906,MI-002188
E-14945,MI-002189
K-34896,MI-002190
XV-25207,MI-002191
XV-29979,MI-002192
P-26238,MI-002193
COL-19979,MI-002194
E-28830,MI-002195
FCV-6645,MI-002196
FCV-20635,MI-002197
LT-23578,MI-002198
COL-37029,MI-002199
V-30881,MI-002200
FCV-30095,MI-002201
P-8272,MI-002202
K-38124,MI-002203
TT-2728,MI-002204
P-7844,MI-002205
XV-33450,MI-002206
TT-6239,MI-002207
FT-13373,MI-002208
K-22141,MI-002209
FCV-18358,MI-002210
P-25627,MI-002211
PSV-28475,MI-002212
FCV-20312,MI-002213
P-27237,MI-002214
K-959,MI-002215
PSV-16336,MI-002216
FCV-9729,MI-002217
PSV-20802,MI-002218
TT-14701,MI-002219
FT-12650,MI-002220
P-24556,MI-002221
P-3562,MI-002222
P-19319,MI-002223
LT-37122,MI-002224
PSV-40016,MI-002225
P-18360,MI-002226
PT-31179,MI-002227
FT-2400,MI-002228
FT-1542,MI-002229
XV-37708,MI-002230
COL-31207,MI-002231
E-2883,MI-002232
P-28648,MI-002233
LT-28002,MI-002234
K-25438,MI-002235
XV-33778,MI-002236
FCV-35587,MI-002237
COL-17253,MI-002238
XV-34225,MI-002239
FCV-12458,MI-002240
LT-35448,MI-002241
P-3402,MI-002242
XV-142,MI-002243
PSV-35479,MI-002244
FCV-12262,MI-002245
K-7510,MI-002246
P-31182,MI-002247
P-14827,MI-002248
K-8544,MI-002249
K-16549,MI-002250
P-16979,MI-002251
LT-7375,MI-002252
FCV-32930,MI-002253
K-37011,MI-002254
P-25738,MI-002255
K-33401,MI-002256
FT-23520,MI-002257
PSV-20831,MI-002258
FT-6071,MI-002259
K-29831,MI-002260
V-30704,MI-002261
V-3265,MI-002262
V-39529,MI-002263
COL-15516,MI-002264
K-24262,MI-002265
PT-32290,MI-002266
FT-4748,MI-002267
LT-33692,MI-002268
K-34335,MI-002269
E-20920,MI-002270
K-36615,MI-002271
PSV-28027,MI-002272
P-8891,MI-002273
PT-15901,MI-002274
E-18981,MI-002275
P-19802,MI-002276
PT-5204,MI-002277
PT-382,MI-002278
P-26389,MI-002279
XV-29487,MI-002280
LT-24819,MI-002281
PSV-12723,MI-002282
PSV-25215,MI-002283
FT-6311,MI-002284
P-30895,MI-002285
XV-19372,MI-002286
P-37931,MI-002287
FT-5735,MI-002288
E-32941,MI-002289
V-35676,MI-002290
LT-23078,MI-002291
E-22364,MI-002292
XV-1964,MI-002293
E-2308,MI-002294
P-11094,MI-002295
K-3856,MI-002296
FCV-39109,MI-002297
TT-7167,MI-002298
COL-28538,MI-002299
COL-3211,MI-002300
FCV-32318,MI-002301
V-29303,MI-002302
PSV-3899,MI-002303
K-9916,MI-002304
PT-12218,MI-002305
TT-23441,MI-002306
TT-19338,MI-002307
FT-33470,MI-002308
P-26453,MI-002309
PSV-33332,MI-002310
PSV-39173,MI-002311
E-37333,MI-002312
LT-15315,MI-002313
E-200,MI-002314
LT-36854,MI-002315
XV-18019,MI-002316
PSV-20088,MI-002317
P-14160,MI-002318
PT-17792,MI-002319
FCV-16992,MI-002320
FCV-28362,MI-002321
V-13971,MI-002322
FT-39278,MI-002323
P-37100,MI-002324
PT-16545,MI-002325
P-2259,MI-002326
P-25794,MI-002327
K-12085,MI-002328
PSV-26483,MI-002329
FT-19678,MI-002330
FCV-38274,MI-002331
V-31909,MI-002332
COL-4679,MI-002333
COL-39215,MI-002334
TT-30475,MI-002335
P-26765,MI-002336
FCV-29827,MI-002337
E-272,MI-002338
K-15918,MI-002339
P-5831,MI-002340
LT-38235,MI-002341
PSV-17301,MI-002342
PSV-1790,MI-002343
P-27194,MI-002344
FCV-26463,MI-002345
FCV-28,MI-002346
K-31871,MI-002347
LT-21078,MI-002348
PSV-116,MI-002349
PSV-31876,MI-002350
P-6508,MI-002351
K-423,MI-002352
XV-30424,MI-002353
K-29599,MI-002354
V-18174,MI-002355
TT-34804,MI-002356
FCV-14080,MI-002357
K-17615,MI-002358
P-4815,MI-002359
FT-6713,MI-002360
XV-14520,MI-002361
P-6710,MI-002362
E-15289,MI-002363
V-31043,MI-002364
K-22646,MI-002365
E-13982,MI-002366
FT-9854,MI-002367
COL-1907,MI-002368
FT-4281,MI-002369
LT-37407,MI-002370
FCV-30367,MI-002371
TT-1396,MI-002372
FCV-36393,MI-002373
P-9266,MI-002374
TT-36894,MI-002375
E-18775,MI-002376
K-32235,MI-002377
P-5570,MI-002378
E-168,MI-002379
PT-18281,MI-002380
FT-27564,MI-002381
K-31218,MI-002382
V-18265,MI-002383
TT-8926,MI-002384
V-22782,MI-002385
P-14713,MI-002386
P-7228,MI-002387
E-26957,MI-002388
K-29722,MI-002389
P-38372,MI-002390
E-545,MI-002391
TT-32212,MI-002392
V-12414,MI-002393
LT-27839,MI-002394
P-27377,MI-002395
LT-29094,MI-002396
K-10579,MI-002397
V-37248,MI-002398
FCV-34907,MI-002399
FT-37219,MI-002400
LT-12752,MI-002401
K-4260,MI-002402
TT-9037,MI-002403
PT-14626,MI-002404
V-3355,MI-002405
COL-25927,MI-002406
COL-27905,MI-002407
FCV-3236,MI-002408
LT-5022,MI-002409
XV-27412,MI-002410
LT-5817,MI-002411
FCV-11966,MI-002412
XV-11474,MI-002413
TT-34663,MI-002414
PSV-27457,MI-002415
COL-37650,MI-002416
COL-23540,MI-002417
P-38812,MI-002418
P-32581,MI-002419
PT-3239,MI-002420
P-5292,MI-002421
COL-2032,MI-002422
K-22999,MI-002423
P-31977,MI-002424
PT-27378,MI-002425
LT-420,MI-002426
E-11570,MI-002427
LT-28242,MI-002428
COL-33312,MI-002429
COL-19689,MI-002430
P-25900,MI-002431
P-13285,MI-002432
PSV-14752,MI-002433
FCV-12490,MI-002434
COL-18804,MI-002435
COL-21949,MI-002436
XV-29544,MI-002437
V-5644,MI-002438
TT-20270,MI-002439
PT-10526,MI-002440
P-15015,MI-002441
TT-39260,MI-002442
K-25994,MI-002443
FT-24922,MI-002444
V-26231,MI-002445
P-33434,MI-002446
TT-15878,MI-002447
PT-27476,MI-002448
LT-38189,MI-002449
FCV-9230,MI-002450
E-19743,MI-002451
PT-36066,MI-002452
PT-29733,MI-002453
V-3009,MI-002454
V-30272,MI-002455
E-36626,MI-002456
V-7014,MI-002457
P-15104,MI-002458
LT-33092,MI-002459
P-20690,MI-002460
FCV-14961,MI-002461
P-17530,MI-002462
P-3374,MI-002463
XV-663,MI-002464
FT-11628,MI-002465
P-28518,MI-002466
E-17648,MI-002467
V-36529,MI-002468
PSV-3602,MI-002469
E-23884,MI-002470
LT-19953,MI-002471
K-6150,MI-002472
TT-33096,MI-002473
COL-18799,MI-002474
FCV-26276,MI-002475
P-12277,MI-002476
V-8563,MI-002477
XV-31019,MI-002478
XV-5181,MI-002479
TT-21175,MI-002480
PSV-8140,MI-002481
PSV-12091,MI-002482
TT-6105,MI-002483
E-8989,MI-002484
COL-14409,MI-002485
P-26332,MI-002486
V-12532,MI-002487
PT-28333,MI-002488
V-32560,MI-002489
FT-37181,MI-002490
XV-29758,MI-002491
E-5101,MI-002492
TT-18877,MI-002493
PSV-4523,MI-002494
P-25057,MI-002495
XV-876,MI-002496
PT-28501,MI-002497
FT-641,MI-002498
LT-32760,MI-002499
XV-16160,MI-002500
XV-11328,MI-002501
P-29325,MI-002502
FCV-34797,MI-002503
V-748,MI-002504
P-26687,MI-002505
FT-29955,MI-002506
PT-29553,MI-002507
V-19480,MI-002508
E-12998,MI-002509
XV-22475,MI-002510
PSV-14245,MI-002511
TT-7541,MI-002512
FT-27847,MI-002513
E-26429,MI-002514
P-1147,MI-002515
P-24348,MI-002516
PT-3889,MI-002517
XV-24938,MI-002518
TT-9042,MI-002519
TT-24068,MI-002520
LT-6511,MI-002521
P-31617,MI-002522
FCV-35281,MI-002523
FT-13215,MI-002524
P-22996,MI-002525
P-25226,MI-002526
P-23833,MI-002527
PSV-35335,MI-002528
P-21943,MI-002529
P-14662,MI-002530
P-15335,MI-002531
V-30988,MI-002532
FCV-14794,MI-002533
E-7022,MI-002534
PSV-9062,MI-002535
PSV-14249,MI-002536
TT-15940,MI-002537
FT-9938,MI-002538
TT-29640,MI-002539
E-22734,MI-002540
XV-27929,MI-002541
P-30339,MI-002542
V-21747,MI-002543
E-33788,MI-002544
FT-10319,MI-002545
COL-525,MI-002546
XV-1514,MI-002547
E-28156,MI-002548
P-10687,MI-002549
PSV-13748,MI-002550
FT-3638,MI-002551
FCV-19093,MI-002552
PSV-31142,MI-002553
PSV-7854,MI-002554
FT-35681,MI-002555
FCV-8698,MI-002556
LT-19967,MI-002557
PT-18519,MI-002558
E-20844,MI-002559
E-37852,MI-002560
K-32765,MI-002561
E-36627,MI-002562
FCV-33386,MI-002563
K-12869,MI-002564
LT-35452,MI-002565
P-15870,MI-002566
COL-31993,MI-002567
TT-22863,MI-002568
XV-27046,MI-002569
XV-13609,MI-002570
E-29677,MI-002571
K-1936,MI-002572
P-24194,MI-002573
PSV-29308,MI-002574
LT-13154,MI-002575
P-32798,MI-002576
LT-17614,MI-002577
FCV-12354,MI-002578
XV-7257,MI-002579
K-7969,MI-002580
E-2585,MI-002581
K-787,MI-002582
K-18635,MI-002583
K-16895,MI-002584
P-9297,MI-002585
PT-13984,MI-002586
LT-15123,MI-002587
PT-14190,MI-002588
FCV-39784,MI-002589
TT-17945,MI-002590
P-29011,MI-002591
FT-21881,MI-002592
TT-34458,MI-002593
FCV-25906,MI-002594
TT-29933,MI-002595
FT-3261,MI-002596
FCV-9,MI-002597
FCV-18351,MI-002598
V-23227,MI-002599
P-19926,MI-002600
XV-14056,MI-002601
P-5429,MI-002602
FT-39590,MI-002603
LT-31965,MI-002604
PSV-39601,MI-002605
V-34864,MI-002606
P-27208,MI-002607
TT-23723,MI-002608
K-32901,MI-002609
V-7195,MI-002610
LT-37040,MI-002611
LT-9596,MI-002612
TT-31636,MI-002613
V-4113,MI-002614
V-39934,MI-002615
PSV-35491,MI-002616
PSV-28045,MI-002617
FT-17139,MI-002618
V-371,MI-002619
XV-39533,MI-002620
P-32160,MI-002621
P-633,MI-002622
P-18589,MI-002623
V-1597,MI-002624
P-19914,MI-002625
K-6693,MI-002626
LT-26490,MI-002627
PSV-20120,MI-002628
COL-14258,MI-002629
LT-19872,MI-002630
FCV-22558,MI-002631
V-11005,MI-002632
PSV-16812,MI-002633
P-18697,MI-002634
FT-36478,MI-002635
FT-20187,MI-002636
PT-17173,MI-002637
COL-31321,MI-002638
V-7515,MI-002639
P-37356,MI-002640
XV-12921,MI-002641
PT-20019,MI-002642
LT-26364,MI-002643
FCV-31806,MI-002644
P-1154,MI-002645
PSV-21649,MI-002646
LT-6563,MI-002647
XV-12672,MI-002648
XV-11107,MI-002649
XV-33806,MI-002650
PSV-17507,MI-002651
E-15715,MI-002652
K-29719,MI-002653
LT-12429,MI-002654
PSV-27016,MI-002655
PSV-21819,MI-002656
FT-18196,MI-002657
FCV-5218,MI-002658
LT-27218,MI-002659
PT-33486,MI-002660
PSV-33343,MI-002661
TT-8772,MI-002662
E-25294,MI-002663
XV-33610,MI-002664
E-13035,MI-002665
E-26659,MI-002666
XV-16551,MI-002667
E-10891,MI-002668
XV-33302,MI-002669
XV-13875,MI-002670
FT-35851,MI-002671
K-18816,MI-002672
TT-23575,MI-002673
P-11101,MI-002674
V-2499,MI-002675
XV-28132,MI-002676
FCV-2985,MI-002677
E-23944,MI-002678
TT-2071,MI-002679
TT-11790,MI-002680
V-21790,MI-002681
K-24564,MI-002682
PSV-38201,MI-002683
E-17779,MI-002684
PT-6499,MI-002685
XV-29416,MI-002686
TT-34052,MI-002687
LT-38297,MI-002688
V-27188,MI-002689
XV-30597,MI-002690
V-25963,MI-002691
COL-17990,MI-002692
COL-8981,MI-002693
P-27892,MI-002694
XV-3781,MI-002695
E-12168,MI-002696
FCV-28994,MI-002697
V-23781,MI-002698
K-21030,MI-002699
TT-1724,MI-002700
P-3032,MI-002701
FCV-8546,MI-002702
XV-2058,MI-002703
XV-33082,MI-002704
FCV-29978,MI-002705
E-8881,MI-002706
P-10220,MI-002707
K-26781,MI-002708
PT-2842,MI-002709
XV-24553,MI-002710
XV-23536,MI-002711
FCV-28006,MI-002712
K-16006,MI-002713
PSV-11344,MI-002714
P-19901,MI-002715
E-16693,MI-002716
FT-38069,MI-002717
COL-25070,MI-002718
XV-20227,MI-002719
TT-20620,MI-002720
XV-2107,MI-002721
P-22949,MI-002722
PSV-32099,MI-002723
PSV-12990,MI-002724
PSV-7291,MI-002725
FCV-27917,MI-002726
PT-10622,MI-002727
V-198,MI-002728
PSV-11815,MI-002729
E-5828,MI-002730
P-16925,MI-002731
P-24641,MI-002732
K-18212,MI-002733
LT-963,MI-002734
PT-6823,MI-002735
XV-27241,MI-002736
PT-28160,MI-002737
FT-17441,MI-002738
TT-8487,MI-002739
E-11810,MI-002740
LT-34467,MI-002741
FT-25312,MI-002742
TT-32819,MI-002743
PSV-27110,MI-002744
TT-13632,MI-002745
COL-34425,MI-002746
LT-39974,MI-002747
FT-8142,MI-002748
P-33180,MI-002749
P-37691,MI-002750
PT-19286,MI-002751
COL-5403,MI-002752
PT-16289,MI-002753
V-1802,MI-002754
TT-37645,MI-002755
P-7589,MI-002756
PSV-235,MI-002757
P-17978,MI-002758
K-5602,MI-002759
TT-10924,MI-002760
FT-6638,MI-002761
P-29376,MI-002762
LT-34731,MI-002763
FCV-9175,MI-002764
PSV-35972,MI-002765
V-36291,MI-002766
COL-30654,MI-002767
PSV-37624,MI-002768
P-14838,MI-002769
E-17324,MI-002770
V-26023,MI-002771
P-23027,MI-002772
XV-12324,MI-002773
P-1592,MI-002774
V-17690,MI-002775
LT-20724,MI-002776
PSV-6855,MI-002777
P-15845,MI-002778
PT-23700,MI-002779
E-21345,MI-002780
FCV-17861,MI-002781
E-25442,MI-002782
P-34510,MI-002783
XV-6443,MI-002784
P-2098,MI-002785
COL-17169,MI-002786
LT-10648,MI-002787
PSV-32498,MI-002788
V-15040,MI-002789
P-6700,MI-002790
FCV-31753,MI-002791
TT-25568,MI-002792
XV-4909,MI-002793
TT-20862,MI-002794
COL-39471,MI-002795
XV-16663,MI-002796
FT-22855,MI-002797
V-14187,MI-002798
P-30440,MI-002799
P-20741,MI-002800
FT-18370,MI-002801
FCV-8723,MI-002802
P-17479,MI-002803
E-3701,MI-002804
PSV-6742,MI-002805
PT-22550,MI-002806
COL-13532,MI-002807
LT-1040,MI-002808
COL-12388,MI-002809
TT-35209,MI-002810
PSV-31668,MI-002811
PSV-24654,MI-002812
PSV-36092,MI-002813
COL-31331,MI-002814
E-24121,MI-002815
K-1208,MI-002816
PT-5115,MI-002817
FCV-29048,MI-002818
P-21012,MI-002819
FCV-26311,MI-002820
P-38799,MI-002821
E-18314,MI-002822
PT-1018,MI-002823
FCV-25524,MI-002824
PSV-34602,MI-002825
COL-39445,MI-002826
P-24782,MI-002827
FT-33982,MI-002828
K-12707,MI-002829
E-26895,MI-002830
E-8744,MI-002831
P-25474,MI-002832
XV-6948,MI-002833
K-28233,MI-002834
K-11639,MI-002835
K-2902,MI-002836
XV-15255,MI-002837
COL-24284,MI-002838
K-7302,MI-002839
TT-19961,MI-002840
PT-12109,MI-002841
V-32306,MI-002842
FCV-14456,MI-002843
PT-9020,MI-002844
LT-38855,MI-002845
XV-16034,MI-002846
V-23655,MI-002847
TT-29543,MI-002848
COL-20967,MI-002849
LT-32053,MI-002850
COL-5739,MI-002851
FCV-8886,MI-002852
FT-11620,MI-002853
K-23869,MI-002854
PT-26902,MI-002855
E-9024,MI-002856
PT-34693,MI-002857
V-8840,MI-002858
P-33894,MI-002859
P-20252,MI-002860
FCV-1158,MI-002861
V-31459,MI-002862
XV-107,MI-002863
TT-10253,MI-002864
P-13658,MI-002865
PT-2689,MI-002866
P-1349,MI-002867
LT-540,MI-002868
COL-21436,MI-002869
P-482,MI-002870
K-1075,MI-002871
TT-15527,MI-002872
FT-1920,MI-002873
PT-19210,MI-002874
FCV-8266,MI-002875
COL-12328,MI-002876
FCV-23906,MI-002877
FCV-5364,MI-002878
P-29345,MI-002879
P-4263,MI-002880
LT-31300,MI-002881
E-31132,MI-002882
PSV-7324,MI-002883
P-10592,MI-002884
COL-17138,MI-002885
COL-32005,MI-002886
FT-29170,MI-002887
P-35451,MI-002888
PSV-11623,MI-002889
XV-26306,MI-002890
LT-20543,MI-002891
PSV-20692,MI-002892
XV-951,MI-002893
PT-243,MI-002894
FT-27988,MI-002895
FCV-15329,MI-002896
P-18784,MI-002897
FT-4947,MI-002898
K-9935,MI-002899
FCV-18533,MI-002900
FCV-34422,MI-002901
P-7559,MI-002902
COL-23563,MI-002903
XV-7878,MI-002904
E-11823,MI-002905
PT-10547,MI-002906
FCV-21,MI-002907
XV-31176,MI-002908
TT-33309,MI-002909
FT-4628,MI-002910
E-32714,MI-002911
PSV-17562,MI-002912
P-7744,MI-002913
XV-33239,MI-002914
E-38522,MI-002915
TT-18038,MI-002916
P-6714,MI-002917
FCV-8385,MI-002918
PT-20832,MI-002919
TT-22856,MI-002920
V-28448,MI-002921
E-18180,MI-002922
PSV-18691,MI-002923
P-25483,MI-002924
LT-36112,MI-002925
P-34670,MI-002926
COL-4329,MI-002927
FT-29998,MI-002928
FCV-1743,MI-002929
P-31363,MI-002930
FT-11515,MI-002931
P-36884,MI-002932
FT-16349,MI-002933
E-1371,MI-002934
FT-11646,MI-002935
XV-24639,MI-002936
V-23438,MI-002937
TT-6485,MI-002938
PSV-11822,MI-002939
LT-33190,MI-002940
COL-8223,MI-002941
PSV-30672,MI-002942
P-11074,MI-002943
PT-28606,MI-002944
LT-8600,MI-002945
K-34270,MI-002946
XV-1215,MI-002947
K-29154,MI-002948
XV-36612,MI-002949
FT-14260,MI-002950
PSV-22398,MI-002951
E-9927,MI-002952
LT-38841,MI-002953
PT-10041,MI-002954
FT-36525,MI-002955
COL-26358,MI-002956
K-24034,MI-002957
P-9445,MI-002958
TT-29938,MI-002959
K-549,MI-002960
P-31816,MI-002961
LT-10004,MI-002962
XV-3082,MI-002963
FT-14010,MI-002964
FT-8396,MI-002965
K-38126,MI-002966
K-1603,MI-002967
COL-3891,MI-002968
K-8642,MI-002969
TT-37168,MI-002970
XV-27052,MI-002971
K-18586,MI-002972
XV-8859,MI-002973
XV-25344,MI-002974
LT-11548,MI-002975
COL-24716,MI-002976
FCV-18048,MI-002977
V-32722,MI-002978
P-20838,MI-002979
TT-36501,MI-002980
K-730,MI-002981
FCV-35809,MI-002982
PT-7987,MI-002983
FCV-31852,MI-002984
P-35600,MI-002985
P-12146,MI-002986
XV-36124,MI-002987
FT-20612,MI-002988
LT-11610,MI-002989
K-9270,MI-002990
TT-28175,MI-002991
COL-5254,MI-002992
COL-18854,MI-002993
FCV-14404,MI-002994
P-1490,MI-002995
V-3451,MI-002996
TT-39814,MI-002997
TT-27445,MI-002998
FCV-24140,MI-002999
FCV-31225,MI-003000
FCV-13232,MI-003001
P-9707,MI-003002
P-28434,MI-003003
LT-10315,MI-003004
V-3549,MI-003005
FT-32903,MI-003006
LT-34514,MI-003007
FCV-38880,MI-003008
PSV-28643,MI-003009
PT-13217,MI-003010
K-38287,MI-003011
FT-35241,MI-003012
P-99,MI-003013
E-12480,MI-003014
E-39900,MI-003015
V-18795,MI-003016
XV-23154,MI-003017
COL-37656,MI-003018
XV-27777,MI-003019
K-20496,MI-003020
PSV-38651,MI-003021
PT-3619,MI-003022
LT-25877,MI-003023
XV-38789,MI-003024
V-32392,MI-003025
XV-22311,MI-003026
P-37288,MI-003027
COL-20887,MI-003028
XV-3705,MI-003029
LT-11466,MI-003030
V-23163,MI-003031
LT-33852,MI-003032
LT-24816,MI-003033
LT-24975,MI-003034
FT-14677,MI-003035
FCV-17681,MI-003036
XV-36244,MI-003037
P-37047,MI-003038
P-7561,MI-003039
FCV-25376,MI-003040
FCV-35351,MI-003041
P-18979,MI-003042
K-6477,MI-003043
P-30062,MI-003044
FT-18013,MI-003045
TT-17984,MI-003046
COL-13491,MI-003047
K-7109,MI-003048
LT-18742,MI-003049
E-24340,MI-003050
PSV-29324,MI-003051
PT-5836,MI-003052
P-31050,MI-003053
V-22634,MI-003054
K-23507,MI-003055
LT-16197,MI-003056
PT-30443,MI-003057
P-39450,MI-003058
XV-21483,MI-003059
PT-35998,MI-003060
PSV-39061,MI-003061
K-18707,MI-003062
K-35202,MI-003063
E-37110,MI-003064
FT-26462,MI-003065
P-2429,MI-003066
XV-14658,MI-003067
FCV-36147,MI-003068
COL-12981,MI-003069
FT-26972,MI-003070
XV-8730,MI-003071
PSV-18280,MI-003072
TT-6031,MI-003073
P-1619,MI-003074
PSV-20987,MI-003075
P-2918,MI-003076
P-4102,MI-003077
COL-15322,MI-003078
PSV-36239,MI-003079
P-11637,MI-003080
LT-5339,MI-003081
TT-15860,MI-003082
FCV-25690,MI-003083
XV-33281,MI-003084
LT-31960,MI-003085
TT-37059,MI-003086
LT-13668,MI-003087
FCV-36251,MI-003088
E-5029,MI-003089
XV-23745,MI-003090
V-7422,MI-003091
E-9187,MI-003092
PSV-33243,MI-003093
K-22384,MI-003094
PT-20202,MI-003095
PT-33579,MI-003096
P-4071,MI-003097
K-38947,MI-003098
P-14765,MI-003099
LT-33557,MI-003100
FT-14399,MI-003101
PSV-36597,MI-003102
P-34197,MI-003103
E-16931,MI-003104
P-29678,MI-003105
FT-7627,MI-003106
PSV-16370,MI-003107
PT-26368,MI-003108
P-18016,MI-003109
E-8424,MI-003110
XV-4769,MI-003111
K-28913,MI-003112
P-10836,MI-003113
LT-39164,MI-003114
P-27063,MI-003115
V-20911,MI-003116
V-20387,MI-003117
E-372,MI-003118
E-35535,MI-003119
P-19127,MI-003120
FCV-18849,MI-003121
FCV-12340,MI-003122
PSV-11308,MI-003123
V-22905,MI-003124
V-25235,MI-003125
V-3800,MI-003126
PT-25578,MI-003127
P-11880,MI-003128
LT-38960,MI-003129
FCV-36751,MI-003130
LT-253,MI-003131
P-658,MI-003132
P-16626,MI-003133
COL-31879,MI-003134
P-13887,MI-003135
LT-10182,MI-003136
K-18943,MI-003137
TT-37257,MI-003138
TT-33781,MI-003139
PSV-37520,MI-003140
PT-33751,MI-003141
FCV-18006,MI-003142
XV-23601,MI-003143
PSV-4557,MI-003144
LT-36613,MI-003145
FCV-1874,MI-003146
PSV-31810,MI-003147
P-25546,MI-003148
XV-10198,MI-003149
FT-7366,MI-003150
FT-1741,MI-003151
E-33403,MI-003152
K-36562,MI-003153
XV-16805,MI-003154
K-3193,MI-003155
PSV-12593,MI-003156
V-7670,MI-003157
E-2562,MI-003158
V-37858,MI-003159
PT-30061,MI-003160
PT-6560,MI-003161
P-25280,MI-003162
TT-15004,MI-003163
V-22292,MI-003164
PT-16631,MI-003165
PSV-30975,MI-003166
PT-34744,MI-003167
PSV-2237,MI-003168
K-6927,MI-003169
P-14714,MI-003170
PSV-16379,MI-003171
TT-37454,MI-003172
TT-2662,MI-003173
V-37339,MI-003174
V-8083,MI-003175
COL-24833,MI-003176
K-31547,MI-003177
P-5196,MI-003178
FT-27062,MI-003179
PT-5456,MI-003180
V-12912,MI-003181
FT-33179,MI-003182
TT-14516,MI-003183
E-34719,MI-003184
K-23208,MI-003185
FCV-11907,MI-003186
P-13206,MI-003187
TT-8907,MI-003188
P-30847,MI-003189
FCV-19855,MI-003190
XV-12667,MI-003191
FT-25967,MI-003192
TT-23593,MI-003193
P-11256,MI-003194
K-18746,MI-003195
P-19374,MI-003196
FT-6243,MI-003197
PSV-14290,MI-003198
LT-35498,MI-003199
FCV-36863,MI-003200
LT-36651,MI-003201
FCV-34965,MI-003202
PT-29597,MI-003203
E-20110,MI-003204
V-910,MI-003205
LT-24826,MI-003206
P-28007,MI-003207
TT-268,MI-003208
XV-18904,MI-003209
COL-38548,MI-003210
E-5820,MI-003211
XV-12796,MI-003212
LT-1674,MI-003213
V-37511,MI-003214
XV-8394,MI-003215
P-13478,MI-003216
P-33396,MI-003217
FCV-13642,MI-003218
E-18310,MI-003219
LT-32661,MI-003220
COL-12641,MI-003221
FCV-8566,MI-003222
V-16460,MI-003223
FCV-30894,MI-003224
FCV-5298,MI-003225
PT-26334,MI-003226
V-37752,MI-003227
PT-3293,MI-003228
K-23287,MI-003229
E-18917,MI-003230
XV-11468,MI-003231
PSV-2966,MI-003232
E-18139,MI-003233
V-26857,MI-003234
E-7692,MI-003235
PT-21458,MI-003236
FT-17182,MI-003237
FCV-17382,MI-003238
P-18890,MI-003239
E-8500,MI-003240
TT-13056,MI-003241
E-22197,MI-003242
XV-29409,MI-003243
FT-33329,MI-003244
PT-30809,MI-003245
LT-19590,MI-003246
TT-15587,MI-003247
P-27431,MI-003248
LT-18372,MI-003249
PT-12842,MI-003250
LT-2377,MI-003251
LT-28234,MI-003252
P-39828,MI-003253
V-21971,MI-003254
TT-18126,MI-003255
E-29525,MI-003256
P-27160,MI-003257
P-3487,MI-003258
FT-9691,MI-003259
P-24917,MI-003260
P-8955,MI-003261
K-22686,MI-003262
PSV-35944,MI-003263
V-17729,MI-003264
XV-34253,MI-003265
P-32452,MI-003266
COL-39854,MI-003267
PSV-8991,MI-003268
P-25382,MI-003269
FT-7953,MI-003270
FCV-19919,MI-003271
K-19476,MI-003272
LT-327,MI-003273
TT-6206,MI-003274
E-36517,MI-003275
PSV-14493,MI-003276
P-39199,MI-003277
COL-7150,MI-003278
P-21969,MI-003279
FCV-35089,MI-003280
LT-35627,MI-003281
FCV-21100,MI-003282
PSV-7034,MI-003283
P-18030,MI-003284
FCV-15082,MI-003285
COL-3836,MI-003286
FT-21859,MI-003287
XV-31832,MI-003288
PT-22562,MI-003289
FCV-25099,MI-003290
V-2250,MI-003291
FCV-33065,MI-003292
FCV-21373,MI-003293
TT-22959,MI-003294
FT-37965,MI-003295
P-6296,MI-003296
TT-26987,MI-003297
E-30850,MI-003298
FT-35403,MI-003299
P-14009,MI-003300
PT-19913,MI-003301
P-27938,MI-003302
P-117,MI-003303
P-36557,MI-003304
PSV-38726,MI-003305
XV-30082,MI-003306
PSV-10387,MI-003307
XV-12644,MI-003308
LT-25186,MI-003309
LT-38494,MI-003310
TT-34362,MI-003311
XV-12802,MI-003312
XV-22219,MI-003313
FT-13165,MI-003314
PSV-14103,MI-003315
K-19640,MI-003316
P-9244,MI-003317
P-9878,MI-003318
E-28485,MI-003319
XV-25788,MI-003320
E-11456,MI-003321
XV-21602,MI-003322
E-6337,MI-003323
K-38181,MI-003324
P-7669,MI-003325
V-4705,MI-003326
XV-30857,MI-003327
PSV-30880,MI-003328
PT-30621,MI-003329
LT-33161,MI-003330
P-4284,MI-003331
LT-26098,MI-003332
PSV-7192,MI-003333
LT-1617,MI-003334
FT-18210,MI-003335
V-9905,MI-003336
K-7412,MI-003337
XV-3843,MI-003338
PSV-11593,MI-003339
V-38910,MI-003340
TT-17714,MI-003341
PSV-16891,MI-003342
PSV-7416,MI-003343
P-5667,MI-003344
FT-36323,MI-003345
XV-16535,MI-003346
K-15699,MI-003347
FT-24793,MI-003348
FCV-31154,MI-003349
K-22920,MI-003350
FT-33936,MI-003351
E-4373,MI-003352
PSV-22793,MI-003353
K-19004,MI-003354
XV-13628,MI-003355
E-6371,MI-003356
FT-5598,MI-003357
V-5771,MI-003358
FCV-14985,MI-003359
P-39475,MI-003360
PT-21313,MI-003361
XV-19669,MI-003362
E-25929,MI-003363
PSV-28939,MI-003364
PSV-34815,MI-003365
TT-30646,MI-003366
FT-21554,MI-003367
P-12241,MI-003368
FT-34705,MI-003369
K-32167,MI-003370
PT-9523,MI-003371
V-25260,MI-003372
K-18238,MI-003373
FCV-35345,MI-003374
FT-20380,MI-003375
V-28916,MI-003376
LT-8776,MI-003377
PT-24218,MI-003378
K-36342,MI-003379
FT-18247,MI-003380
P-16478,MI-003381
P-18942,MI-003382
P-98,MI-003383
XV-38708,MI-003384
XV-6686,MI-003385
P-2729,MI-003386
PT-37828,MI-003387
K-2465,MI-003388
FCV-31325,MI-003389
XV-27518,MI-003390
P-17059,MI-003391
TT-24139,MI-003392
P-775,MI-003393
TT-14340,MI-003394
P-25477,MI-003395
XV-34378,MI-003396
FT-31478,MI-003397
FCV-3794,MI-003398
FT-3369,MI-003399
E-26799,MI-003400
TT-32902,MI-003401
V-35075,MI-003402
FCV-15724,MI-003403
P-35175,MI-003404
PT-18259,MI-003405
FCV-6996,MI-003406
FCV-8787,MI-003407
LT-606,MI-003408
P-2637,MI-003409
XV-6455,MI-003410
K-22124,MI-003411
XV-34384,MI-003412
K-410,MI-003413
LT-23512,MI-003414
PT-37408,MI-003415
FCV-7225,MI-003416
PSV-34869,MI-003417
E-32638,MI-003418
PT-39235,MI-003419
FCV-38714,MI-003420
XV-35500,MI-003421
V-17306,MI-003422
P-36143,MI-003423
V-25715,MI-003424
FCV-39339,MI-003425
TT-38840,MI-003426
COL-29433,MI-003427
XV-39585,MI-003428
XV-7090,MI-003429
K-6639,MI-003430
COL-24828,MI-003431
V-35612,MI-003432
V-20200,MI-003433
COL-19991,MI-003434
V-10942,MI-003435
K-7900,MI-003436
V-18825,MI-003437
PSV-20779,MI-003438
P-36409,MI-003439
P-31091,MI-003440
P-8294,MI-003441
PT-8402,MI-003442
E-15181,MI-003443
FCV-27293,MI-003444
LT-6010,MI-003445
XV-30405,MI-003446
LT-13123,MI-003447
FCV-38165,MI-003448
COL-15585,MI-003449
E-25349,MI-003450
LT-6269,MI-003451
PT-3515,MI-003452
P-16408,MI-003453
FT-4136,MI-003454
FCV-3042,MI-003455
P-35242,MI-003456
V-20680,MI-003457
PSV-30861,MI-003458
V-21550,MI-003459
FCV-6099,MI-003460
TT-15030,MI-003461
FT-38716,MI-003462
V-30363,MI-003463
LT-9352,MI-003464
LT-25172,MI-003465
LT-1578,MI-003466
TT-3753,MI-003467
PT-23464,MI-003468
PT-3081,MI-003469
TT-26249,MI-003470
PT-26279,MI-003471
LT-4673,MI-003472
E-32370,MI-003473
V-29447,MI-003474
XV-26423,MI-003475
FT-31913,MI-003476
COL-9602,MI-003477
LT-29985,MI-003478
E-17121,MI-003479
P-27379,MI-003480
PT-3789,MI-003481
XV-3124,MI-003482
FT-37379,MI-003483
LT-32036,MI-003484
E-29006,MI-003485
PT-10584,MI-003486
TT-22248,MI-003487
PSV-11324,MI-003488
COL-35955,MI-003489
TT-12309,MI-003490
E-38199,MI-003491
LT-8340,MI-003492
FCV-34287,MI-003493
PT-4406,MI-003494
PT-11974,MI-003495
LT-38727,MI-003496
PSV-34392,MI-003497
E-231,MI-003498
FT-3448,MI-003499
P-14866,MI-003500
FT-37296,MI-003501
COL-37134,MI-003502
TT-11437,MI-003503
E-26399,MI-003504
K-37588,MI-003505
XV-18490,MI-003506
V-30930,MI-003507
COL-16402,MI-003508
E-456,MI-003509
FT-21250,MI-003510
E-11706,MI-003511
P-37551,MI-003512
TT-9989,MI-003513
LT-3881,MI-003514
E-20037,MI-003515
COL-16589,MI-003516
COL-38385,MI-003517
P-289,MI-003518
XV-8035,MI-003519
E-33631,MI-003520
TT-38864,MI-003521
TT-8319,MI-003522
LT-39921,MI-003523
COL-19062,MI-003524
COL-23912,MI-003525
P-22826,MI-003526
K-17242,MI-003527
COL-15295,MI-003528
PSV-21476,MI-003529
P-470,MI-003530
FT-38456,MI-003531
E-32274,MI-003532
FCV-38163,MI-003533
COL-30385,MI-003534
FCV-15046,MI-003535
XV-17144,MI-003536
E-8599,MI-003537
PT-12090,MI-003538
K-30374,MI-003539
PT-32763,MI-003540
E-3282,MI-003541
XV-12585,MI-003542
V-31469,MI-003543
P-33100,MI-003544
P-30217,MI-003545
V-29935,MI-003546
K-2578,MI-003547
TT-15468,MI-003548
FT-16196,MI-003549
FT-12046,MI-003550
FT-23642,MI-003551
COL-35188,MI-003552
K-28541,MI-003553
E-7565,MI-003554
P-19188,MI-003555
V-30099,MI-003556
PT-11231,MI-003557
E-6468,MI-003558
TT-16901,MI-003559
XV-7825,MI-003560
COL-33256,MI-003561
K-1854,MI-003562
COL-3388,MI-003563
P-39986,MI-003564
K-13298,MI-003565
XV-20194,MI-003566
PSV-18081,MI-003567
V-15983,MI-003568
PT-944,MI-003569
FCV-2684,MI-003570
PT-22166,MI-003571
E-10395,MI-003572
PSV-12475,MI-003573
COL-3673,MI-003574
TT-28923,MI-003575
PT-28733,MI-003576
XV-27581,MI-003577
COL-34158,MI-003578
TT-37330,MI-003579
PSV-26119,MI-003580
PT-27389,MI-003581
TT-29156,MI-003582
LT-12191,MI-003583
PSV-23495,MI-003584
XV-10673,MI-003585
PSV-23672,MI-003586
FT-16165,MI-003587
FT-20055,MI-003588
E-26442,MI-003589
V-1803,MI-003590
FT-32592,MI-003591
E-18497,MI-003592
P-7488,MI-003593
P-27191,MI-003594
TT-16298,MI-003595
E-7178,MI-003596
E-14553,MI-003597
K-10335,MI-003598
COL-33097,MI-003599
K-38451,MI-003600
FCV-14638,MI-003601
TT-2603,MI-003602
V-12488,MI-003603
XV-24165,MI-003604
PT-31593,MI-003605
K-1468,MI-003606
FCV-23373,MI-003607
PT-33558,MI-003608
PT-12349,MI-003609
TT-19665,MI-003610
V-21721,MI-003611
PSV-29056,MI-003612
TT-38037,MI-003613
V-12378,MI-003614
FCV-25307,MI-003615
FCV-39157,MI-003616
P-36699,MI-003617
PSV-20634,MI-003618
P-34176,MI-003619
TT-35999,MI-003620
XV-38246,MI-003621
K-2590,MI-003622
TT-10370,MI-003623
V-27614,MI-003624
FT-31039,MI-003625
FCV-20189,MI-003626
COL-30403,MI-003627
COL-5306,MI-003628
XV-16350,MI-003629
P-19097,MI-003630
PSV-37001,MI-003631
TT-34634,MI-003632
K-33750,MI-003633
TT-36028,MI-003634
FCV-5433,MI-003635
COL-11329,MI-003636
FCV-7472,MI-003637
K-30161,MI-003638
FT-11443,MI-003639
V-30500,MI-003640
E-9528,MI-003641
FCV-11582,MI-003642
PT-37945,MI-003643
E-35966,MI-003644
LT-38932,MI-003645
K-18969,MI-003646
TT-23080,MI-003647
FT-8258,MI-003648
FCV-2898,MI-003649
P-29947,MI-003650
PT-31099,MI-003651
FT-30138,MI-003652
LT-3007,MI-003653
P-25698,MI-003654
PSV-5665,MI-003655
XV-8815,MI-003656
LT-442,MI-003657
LT-33705,MI-003658
E-33741,MI-003659
LT-9920,MI-003660
FCV-28943,MI-003661
P-33600,MI-003662
TT-39197,MI-003663
XV-4889,MI-003664
P-31834,MI-003665
TT-10398,MI-003666
FCV-10207,MI-003667
FCV-18921,MI-003668
E-13041,MI-003669
V-4003,MI-003670
K-37542,MI-003671
V-20514,MI-003672
P-22399,MI-003673
P-24287,MI-003674
COL-2908,MI-003675
P-22541,MI-003676
XV-21831,MI-003677
PT-10390,MI-003678
FCV-13362,MI-003679
P-20656,MI-003680
FT-19672,MI-003681
E-9928,MI-003682
TT-38377,MI-003683
P-8624,MI-003684
P-15869,MI-003685
TT-30317,MI-003686
PSV-37709,MI-003687
TT-26620,MI-003688
PT-1753,MI-003689
COL-16810,MI-003690
V-14595,MI-003691
K-18043,MI-003692
LT-38655,MI-003693
FT-36564,MI-003694
FT-5938,MI-003695
P-20362,MI-003696
COL-16189,MI-003697
V-30188,MI-003698
E-38039,MI-003699
E-11085,MI-003700
P-12598,MI-003701
PSV-36748,MI-003702
COL-11799,MI-003703
TT-23084,MI-003704
TT-26978,MI-003705
PSV-38131,MI-003706
E-11211,MI-003707
K-17461,MI-003708
FCV-2343,MI-003709
P-35410,MI-003710
P-35925,MI-003711
PSV-23396,MI-003712
XV-23719,MI-003713
V-11146,MI-003714
TT-23877,MI-003715
E-9517,MI-003716
V-24590,MI-003717
E-27623,MI-003718
P-34401,MI-003719
P-696,MI-003720
PSV-1143,MI-003721
P-39764,MI-003722
LT-21856,MI-003723
E-27411,MI-003724
XV-14299,MI-003725
PT-15993,MI-003726
FT-22001,MI-003727
COL-26459,MI-003728
FCV-20115,MI-003729
FT-30468,MI-003730
LT-31677,MI-003731
FCV-20538,MI-003732
FT-18412,MI-003733
TT-949,MI-003734
P-4448,MI-003735
V-8619,MI-003736
V-17195,MI-003737
P-8539,MI-003738
XV-13707,MI-003739
E-17815,MI-003740
FCV-21754,MI-003741
XV-24101,MI-003742
LT-39778,MI-003743
P-9171,MI-003744
PT-29712,MI-003745
P-21770,MI-003746
FCV-33825,MI-003747
LT-11257,MI-003748
V-35005,MI-003749
K-21156,MI-003750
XV-26390,MI-003751
FCV-13410,MI-003752
E-25126,MI-003753
P-24167,MI-003754
E-9353,MI-003755
FT-25711,MI-003756
LT-38438,MI-003757
P-25814,MI-003758
P-25043,MI-003759
TT-38152,MI-003760
P-39801,MI-003761
COL-21032,MI-003762
TT-30295,MI-003763
FT-37130,MI-003764
TT-16670,MI-003765
COL-25536,MI-003766
FT-15574,MI-003767
K-8856,MI-003768
K-18228,MI-003769
K-29098,MI-003770
P-9406,MI-003771
PSV-17557,MI-003772
PSV-2623,MI-003773
COL-39410,MI-003774
COL-36182,MI-003775
P-38302,MI-003776
P-23727,MI-003777
K-6467,MI-003778
TT-11350,MI-003779
P-32164,MI-003780
V-29890,MI-003781
V-39736,MI-003782
P-36931,MI-003783
FCV-33389,MI-003784
XV-2670,MI-003785
FT-3682,MI-003786
V-22409,MI-003787
TT-32042,MI-003788
FCV-29403,MI-003789
E-38299,MI-003790
XV-23210,MI-003791
FT-12677,MI-003792
K-4198,MI-003793
LT-14291,MI-003794
TT-23752,MI-003795
P-30923,MI-003796
XV-32597,MI-003797
PT-24803,MI-003798
K-13638,MI-003799
E-36197,MI-003800
E-10965,MI-003801
P-26269,MI-003802
LT-33321,MI-003803
TT-10859,MI-003804
E-12790,MI-003805
FCV-25634,MI-003806
XV-30600,MI-003807
COL-20650,MI-003808
PT-12174,MI-003809
P-20159,MI-003810
K-10609,MI-003811
V-3458,MI-003812
K-5017,MI-003813
P-39796,MI-003814
PSV-11606,MI-003815
P-11816,MI-003816
P-38834,MI-003817
LT-33967,MI-003818
XV-31116,MI-003819
TT-36789,MI-003820
V-1321,MI-003821
E-5977,MI-003822
COL-19750,MI-003823
FT-35397,MI-003824
P-32537,MI-003825
FT-4780,MI-003826
K-33413,MI-003827
PSV-37153,MI-003828
COL-4999,MI-003829
PSV-9625,MI-003830
K-33252,MI-003831
P-38595,MI-003832
E-35290,MI-003833
PSV-1851,MI-003834
LT-26447,MI-003835
LT-22303,MI-003836
V-14592,MI-003837
P-33019,MI-003838
LT-32016,MI-003839
E-28624,MI-003840
P-6213,MI-003841
XV-3210,MI-003842
TT-2722,MI-003843
P-3758,MI-003844
FT-14750,MI-003845
FCV-5418,MI-003846
LT-39604,MI-003847
E-17938,MI-003848
COL-1021,MI-003849
XV-32532,MI-003850
E-15154,MI-003851
P-24146,MI-003852
LT-37804,MI-003853
COL-6079,MI-003854
LT-10439,MI-003855
LT-2375,MI-003856
FCV-37214,MI-003857
XV-9301,MI-003858
P-33051,MI-003859
V-22695,MI-003860
K-677,MI-003861
PT-14176,MI-003862
FCV-36423,MI-003863
XV-15647,MI-003864
PSV-10596,MI-003865
XV-6442,MI-003866
E-37534,MI-003867
V-18090,MI-003868
TT-31265,MI-003869
PSV-7319,MI-003870
V-21055,MI-003871
XV-37743,MI-003872
E-3224,MI-003873
XV-17830,MI-003874
PSV-9280,MI-003875
K-19585,MI-003876
V-2879,MI-003877
FT-5296,MI-003878
PT-12077,MI-003879
LT-12296,MI-003880
FT-27840,MI-003881
K-31299,MI-003882
K-26638,MI-003883
LT-34466,MI-003884
COL-22205,MI-003885
FCV-2204,MI-003886
PT-24541,MI-003887
V-25179,MI-003888
P-27636,MI-003889
FCV-32899,MI-003890
COL-17698,MI-003891
TT-14867,MI-003892
E-39304,MI-003893
TT-33149,MI-003894
FCV-32462,MI-003895
LT-21327,MI-003896
P-9043,MI-003897
XV-23678,MI-003898
K-15916,MI-003899
XV-10422,MI-003900
FCV-9238,MI-003901
COL-11827,MI-003902
V-38455,MI-003903
K-32583,MI-003904
K-13047,MI-003905
P-19421,MI-003906
PSV-37740,MI-003907
P-22215,MI-003908
FT-33857,MI-003909
E-27640,MI-003910
FT-35696,MI-003911
P-5896,MI-003912
PSV-9839,MI-003913
K-36426,MI-003914
TT-27385,MI-003915
E-23502,MI-003916
PT-37572,MI-003917
P-38123,MI-003918
E-3954,MI-003919
FCV-35923,MI-003920
PSV-26831,MI-003921
TT-27006,MI-003922
FT-28956,MI-003923
V-8134,MI-003924
E-806,MI-003925
TT-21386,MI-003926
FT-4604,MI-003927
E-3353,MI-003928
K-11892,MI-003929
COL-26608,MI-003930
XV-28942,MI-003931
P-26092,MI-003932
FCV-39141,MI-003933
PSV-14607,MI-003934
K-20610,MI-003935
LT-1330,MI-003936
V-29164,MI-003937
P-203,MI-003938
V-19484,MI-003939
FT-36009,MI-003940
P-10567,MI-003941
TT-14392,MI-003942
COL-11612,MI-003943
E-12026,MI-003944
LT-39429,MI-003945
FT-25865,MI-003946
V-28934,MI-003947
P-37549,MI-003948
FCV-19465,MI-003949
PT-5850,MI-003950
K-24518,MI-003951
TT-36007,MI-003952
FCV-6767,MI-003953
XV-15091,MI-003954
LT-9326,MI-003955
LT-10026,MI-003956
FCV-6958,MI-003957
FT-2734,MI-003958
COL-32482,MI-003959
K-9798,MI-003960
E-39630,MI-003961
FT-26588,MI-003962
PT-13539,MI-003963
PSV-9144,MI-003964
P-32842,MI-003965
E-24393,MI-003966
PT-17672,MI-003967
FT-38760,MI-003968
V-2845,MI-003969
K-3285,MI-003970
PSV-15909,MI-003971
TT-33377,MI-003972
LT-3130,MI-003973
E-18670,MI-003974
PSV-29695,MI-003975
FCV-18052,MI-003976
K-12166,MI-003977
P-30060,MI-003978
TT-14551,MI-003979
TT-12961,MI-003980
LT-37864,MI-003981
FT-8104,MI-003982
V-15970,MI-003983
E-6424,MI-003984
V-19252,MI-003985
FT-32093,MI-003986
FT-38016,MI-003987
PT-29434,MI-003988
K-9951,MI-003989
FT-29226,MI-003990
PT-34272,MI-003991
P-25014,MI-003992
LT-25910,MI-003993
PT-28011,MI-003994
XV-37281,MI-003995
E-30897,MI-003996
XV-22691,MI-003997
PT-27020,MI-003998
P-20869,MI-003999
FCV-20020,MI-004000
COL-29029,MI-004001
PSV-37388,MI-004002
TT-4251,MI-004003
P-6117,MI-004004
PSV-35096,MI-004005
FCV-29423,MI-004006
V-37080,MI-004007
P-7373,MI-004008
P-1489,MI-004009
FCV-30885,MI-004010
XV-11149,MI-004011
LT-24425,MI-004012
TT-7697,MI-004013
FCV-35205,MI-004014
FCV-8872,MI-004015
TT-1749,MI-004016
P-35802,MI-004017
P-29903,MI-004018
LT-16242,MI-004019
E-26417,MI-004020
FCV-5268,MI-004021
TT-30229,MI-004022
XV-939,MI-004023
K-2787,MI-004024
P-16035,MI-004025
XV-12015,MI-004026
FT-29439,MI-004027
P-8967,MI-004028
PT-8958,MI-004029
XV-5678,MI-004030
P-14197,MI-004031
LT-20002,MI-004032
XV-25352,MI-004033
PT-32631,MI-004034
PT-29558,MI-004035
TT-33872,MI-004036
XV-33006,MI-004037
FT-18780,MI-004038
E-22189,MI-004039
E-19938,MI-004040
P-14651,MI-004041
K-30131,MI-004042
PSV-32504,MI-004043
XV-11634,MI-004044
P-36843,MI-004045
PT-50,MI-004046
XV-30102,MI-004047
PSV-20579,MI-004048
PT-4086,MI-004049
TT-16358,MI-004050
K-6039,MI-004051
K-10027,MI-004052
LT-33455,MI-004053
FT-23488,MI-004054
P-19134,MI-004055
XV-39574,MI-004056
P-9081,MI-004057
XV-26743,MI-004058
P-9863,MI-004059
P-22376,MI-004060
COL-25985,MI-004061
PT-25737,MI-004062
P-11065,MI-004063
PT-18101,MI-004064
PSV-38472,MI-004065
LT-8509,MI-004066
E-30716,MI-004067
V-39064,MI-004068
P-13542,MI-004069
P-36868,MI-004070
E-38705,MI-004071
P-177,MI-004072
XV-19247,MI-004073
XV-10268,MI-004074
V-16359,MI-004075
PSV-16468,MI-004076
LT-4908,MI-004077
P-9256,MI-004078
P-19969,MI-004079
COL-38469,MI-004080
TT-744,MI-004081
LT-24714,MI-004082
PT-10374,MI-004083
E-26624,MI-004084
LT-5528,MI-004085
PSV-38066,MI-004086
P-33816,MI-004087
PT-27793,MI-004088
P-39977,MI-004089
TT-12700,MI-004090
PT-10853,MI-004091
COL-16527,MI-004092
FT-28031,MI-004093
P-2359,MI-004094
LT-23731,MI-004095
PT-35360,MI-004096
E-12446,MI-004097
K-5556,MI-004098
V-37835,MI-004099
XV-27428,MI-004100
K-16732,MI-004101
LT-25559,MI-004102
LT-4754,MI-004103
FCV-26290,MI-004104
P-7760,MI-004105
FCV-20054,MI-004106
COL-4259,MI-004107
FCV-37683,MI-004108
XV-39081,MI-004109
LT-38022,MI-004110
COL-29787,MI-004111
FCV-32570,MI-004112
FT-12500,MI-004113
TT-32664,MI-004114
K-30948,MI-004115
V-6517,MI-004116
V-16134,MI-004117
V-9760,MI-004118
FT-8523,MI-004119
XV-30896,MI-004120
P-9243,MI-004121
E-22059,MI-004122
P-33916,MI-004123
PSV-20569,MI-004124
XV-36990,MI-004125
P-5340,MI-004126
K-25196,MI-004127
TT-893,MI-004128
P-2117,MI-004129
TT-36917,MI-004130
XV-37243,MI-004131
V-20356,MI-004132
V-14494,MI-004133
E-7664,MI-004134
XV-39805,MI-004135
XV-13750,MI-004136
COL-5869,MI-004137
FCV-34908,MI-004138
V-5284,MI-004139
E-12497,MI-004140
E-7278,MI-004141
LT-153,MI-004142
COL-38234,MI-004143
FCV-22084,MI-004144
V-31034,MI-004145
COL-5698,MI-004146
LT-19024,MI-004147
P-24107,MI-004148
P-2560,MI-004149
LT-6969,MI-004150
PSV-15630,MI-004151
PT-9560,MI-004152
LT-13290,MI-004153
E-13661,MI-004154
E-37868,MI-004155
K-8799,MI-004156
P-18157,MI-004157
E-2023,MI-004158
K-4772,MI-004159
LT-29852,MI-004160
LT-36762,MI-004161
V-7967,MI-004162
XV-36045,MI-004163
COL-37568,MI-004164
FT-38268,MI-004165
XV-34508,MI-004166
V-17934,MI-004167
COL-36839,MI-004168
TT-26084,MI-004169
TT-17309,MI-004170
P-16073,MI-004171
COL-271,MI-004172
FT-29940,MI-004173
P-15084,MI-004174
P-10617,MI-004175
P-19185,MI-004176
PT-28929,MI-004177
V-26958,MI-004178
E-26371,MI-004179
COL-32703,MI-004180
XV-9634,MI-004181
XV-36096,MI-004182
COL-32270,MI-004183
P-22007,MI-004184
FCV-34035,MI-004185
XV-30963,MI-004186
COL-10208,MI-004187
E-3576,MI-004188
FT-21660,MI-004189
FT-34160,MI-004190
P-21505,MI-004191
P-3755,MI-004192
TT-29468,MI-004193
E-25889,MI-004194
E-5383,MI-004195
PSV-12222,MI-004196
COL-23033,MI-004197
V-37022,MI-004198
PT-23418,MI-004199
TT-1400,MI-004200
PSV-10874,MI-004201
PT-12283,MI-004202
K-22839,MI-004203
PT-29244,MI-004204
FT-22144,MI-004205
P-5506,MI-004206
P-8253,MI-004207
TT-24501,MI-004208
E-39503,MI-004209
TT-4476,MI-004210
E-24446,MI-004211
COL-18958,MI-004212
LT-12891,MI-004213
LT-3492,MI-004214
XV-32396,MI-004215
P-30805,MI-004216
PT-29674,MI-004217
LT-30382,MI-004218
P-4024,MI-004219
V-19015,MI-004220
TT-13989,MI-004221
COL-21363,MI-004222
COL-5962,MI-004223
TT-9026,MI-004224
LT-22628,MI-004225
TT-27727,MI-004226
FCV-37172,MI-004227
PT-5592,MI-004228
P-22944,MI-004229
K-11547,MI-004230
E-32623,MI-004231
PT-9369,MI-004232
LT-39871,MI-004233
K-10798,MI-004234
XV-23112,MI-004235
K-93,MI-004236
V-27008,MI-004237
E-19485,MI-004238
PT-16797,MI-004239
LT-6067,MI-004240
P-37778,MI-004241
FCV-150,MI-004242
PT-9809,MI-004243
XV-22186,MI-004244
XV-25257,MI-004245
P-36082,MI-004246
P-40020,MI-004247
XV-13676,MI-004248
XV-15218,MI-004249
FCV-2247,MI-004250
FT-37923,MI-004251
V-29872,MI-004252
P-20907,MI-004253
PT-31501,MI-004254
PSV-33050,MI-004255
P-28169,MI-004256
TT-29740,MI-004257
V-3277,MI-004258
PT-28686,MI-004259
V-20456,MI-004260
FT-8889,MI-004261
LT-11773,MI-004262
FT-10899,MI-004263
FCV-14220,MI-004264
TT-23654,MI-004265
XV-36461,MI-004266
K-25872,MI-004267
LT-2778,MI-004268
P-16290,MI-004269
LT-37688,MI-004270
K-15131,MI-004271
P-36606,MI-004272
XV-38050,MI-004273
K-14237,MI-004274
TT-32814,MI-004275
XV-23999,MI-004276
P-1381,MI-004277
PT-37147,MI-004278
TT-13380,MI-004279
PT-24462,MI-004280
P-39797,MI-004281
FT-16668,MI-004282
FCV-10102,MI-004283
P-4882,MI-004284
FT-36024,MI-004285
FCV-17113,MI-004286
FT-31262,MI-004287
P-22192,MI-004288
E-33410,MI-004289
LT-35630,MI-004290
P-36687,MI-004291
V-4377,MI-004292
P-19148,MI-004293
P-12848,MI-004294
PSV-23428,MI-004295
XV-4367,MI-004296
PT-39672,MI-004297
TT-26083,MI-004298
FT-17258,MI-004299
V-21485,MI-004300
K-24698,MI-004301
FCV-33987,MI-004302
COL-34669,MI-004303
P-38303,MI-004304
COL-21785,MI-004305
FT-29374,MI-004306
P-20015,MI-004307
P-26727,MI-004308
FCV-32974,MI-004309
E-7134,MI-004310
COL-37352,MI-004311
PSV-21594,MI-004312
P-24607,MI-004313
FT-37640,MI-004314
PSV-27887,MI-004315
PT-33503,MI-004316
PSV-5981,MI-004317
FT-37757,MI-004318
FCV-27217,MI-004319
E-248,MI-004320
XV-11979,MI-004321
P-7968,MI-004322
P-19474,MI-004323
E-29596,MI-004324
V-10160,MI-004325
XV-28465,MI-004326
FT-7308,MI-004327
LT-35640,MI-004328
PT-16673,MI-004329
PT-16021,MI-004330
FCV-8589,MI-004331
PSV-36587,MI-004332
K-39436,MI-004333
FCV-7240,MI-004334
COL-35914,MI-004335
PT-36061,MI-004336
COL-22527,MI-004337
P-37472,MI-004338
V-36992,MI-004339
P-7910,MI-004340
LT-14881,MI-004341
P-36273,MI-004342
FCV-14857,MI-004343
FT-24547,MI-004344
V-35889,MI-004345
XV-6380,MI-004346
FT-10652,MI-004347
FCV-5445,MI-004348
E-5876,MI-004349
K-28425,MI-004350
K-27190,MI-004351
V-35606,MI-004352
V-13169,MI-004353
PT-22260,MI-004354
FT-37064,MI-004355
E-35734,MI-004356
E-24860,MI-004357
LT-16637,MI-004358
P-18964,MI-004359
V-32159,MI-004360
PSV-31391,MI-004361
TT-709,MI-004362
FT-30886,MI-004363
COL-35154,MI-004364
K-12040,MI-004365
PT-12356,MI-004366
LT-11962,MI-004367
FT-3483,MI-004368
PSV-3015,MI-004369
XV-36945,MI-004370
PSV-27668,MI-004371
E-33599,MI-004372
PT-10053,MI-004373
FT-37696,MI-004374
PT-1591,MI-004375
TT-30361,MI-004376
COL-30136,MI-004377
COL-3058,MI-004378
V-10951,MI-004379
LT-9970,MI-004380
COL-21000,MI-004381
FT-19633,MI-004382
P-10312,MI-004383
E-37565,MI-004384
P-1454,MI-004385
PSV-34555,MI-004386
P-12394,MI-004387
P-1231,MI-004388
P-37772,MI-004389
K-34387,MI-004390
PT-17937,MI-004391
PT-12030,MI-004392
FCV-12489,MI-004393
PSV-4700,MI-004394
TT-20708,MI-004395
P-23296,MI-004396
FCV-32700,MI-004397
COL-36828,MI-004398
TT-3706,MI-004399
COL-18870,MI-004400
PT-17290,MI-004401
PT-4293,MI-004402
PT-3380,MI-004403
PSV-8229,MI-004404
E-25091,MI-004405
LT-18466,MI-004406
TT-23511,MI-004407
P-25169,MI-004408
P-12538,MI-004409
V-13065,MI-004410
LT-4078,MI-004411
FT-4118,MI-004412
TT-27861,MI-004413
PT-31189,MI-004414
LT-7028,MI-004415
P-33679,MI-004416
FT-4753,MI-004417
PT-2776,MI-004418
XV-8655,MI-004419
K-8883,MI-004420
E-27800,MI-004421
P-25744,MI-004422
K-39888,MI-004423
XV-5743,MI-004424
K-3896,MI-004425
P-7717,MI-004426
E-29929,MI-004427
P-27078,MI-004428
V-19369,MI-004429
COL-27970,MI-004430
P-27883,MI-004431
COL-19063,MI-004432
K-29766,MI-004433
V-8265,MI-004434
P-11969,MI-004435
V-1430,MI-004436
FT-33154,MI-004437
PT-2523,MI-004438
K-11803,MI-004439
V-33438,MI-004440
XV-38755,MI-004441
COL-30238,MI-004442
TT-37686,MI-004443
XV-3721,MI-004444
FT-4382,MI-004445
P-14741,MI-004446
PSV-34241,MI-004447
P-3187,MI-004448
XV-13458,MI-004449
LT-10042,MI-004450
V-20347,MI-004451
V-5751,MI-004452
FCV-24403,MI-004453
PT-11730,MI-004454
V-551,MI-004455
K-8407,MI-004456
PT-32244,MI-004457
V-7554,MI-004458
FT-16697,MI-004459
P-3815,MI-004460
COL-5659,MI-004461
P-30021,MI-004462
FCV-36163,MI-004463
P-6934,MI-004464
PSV-728,MI-004465
TT-3936,MI-004466
V-13709,MI-004467
K-21132,MI-004468
P-5154,MI-004469
COL-10764,MI-004470
LT-32519,MI-004471
COL-21452,MI-004472
FT-6417,MI-004473
XV-39409,MI-004474
P-38495,MI-004475
FT-34250,MI-004476
P-6437,MI-004477
XV-39551,MI-004478
P-19626,MI-004479
COL-10727,MI-004480
TT-35644,MI-004481
E-33903,MI-004482
V-15593,MI-004483
K-10313,MI-004484
P-21309,MI-004485
XV-13391,MI-004486
E-31320,MI-004487
P-6151,MI-004488
XV-24226,MI-004489
V-21669,MI-004490
E-1658,MI-004491
K-39606,MI-004492
E-18562,MI-004493
V-33258,MI-004494
P-15332,MI-004495
E-27317,MI-004496
K-29645,MI-004497
LT-34396,MI-004498
COL-24746,MI-004499
V-6326,MI-004500
LT-2884,MI-004501
E-35050,MI-004502
XV-22789,MI-004503
V-36676,MI-004504
TT-17093,MI-004505
PT-32003,MI-004506
PT-4149,MI-004507
PT-37672,MI-004508
K-1751,MI-004509
P-7703,MI-004510
PT-27723,MI-004511
P-25470,MI-004512
FCV-5826,MI-004513
FT-29215,MI-004514
P-3808,MI-004515
PT-19507,MI-004516
PT-9288,MI-004517
PT-10050,MI-004518
P-7796,MI-004519
LT-1300,MI-004520
COL-12977,MI-004521
LT-17699,MI-004522
P-9557,MI-004523
P-17271,MI-004524
PSV-8390,MI-004525
E-1599,MI-004526
LT-39880,MI-004527
V-29720,MI-004528
COL-18762,MI-004529
COL-33521,MI-004530
FCV-31948,MI-004531
P-8682,MI-004532
V-34921,MI-004533
P-7672,MI-004534
FT-30697,MI-004535
XV-30643,MI-004536
LT-34664,MI-004537
PT-39375,MI-004538
LT-12659,MI-004539
COL-38989,MI-004540
LT-34721,MI-004541
FCV-27943,MI-004542
V-809,MI-004543
COL-8990,MI-004544
V-39343,MI-004545
P-9930,MI-004546
TT-27502,MI-004547
P-9950,MI-004548
P-28716,MI-004549
P-25892,MI-004550
P-13530,MI-004551
XV-4037,MI-004552
E-24417,MI-004553
FCV-20758,MI-004554
P-17199,MI-004555
LT-1238,MI-004556
PT-30121,MI-004557
PT-16903,MI-004558
PSV-20179,MI-004559
FT-17693,MI-004560
K-38046,MI-004561
E-20558,MI-004562
COL-23905,MI-004563
E-13001,MI-004564
P-7618,MI-004565
K-9629,MI-004566
FT-39727,MI-004567
LT-17410,MI-004568
P-1513,MI-004569
P-32268,MI-004570
PT-31801,MI-004571
FCV-38313,MI-004572
XV-8900,MI-004573
V-27732,MI-004574
K-32217,MI-004575
COL-7156,MI-004576
PT-24807,MI-004577
P-5943,MI-004578
FCV-269,MI-004579
FCV-20488,MI-004580
P-10865,MI-004581
P-6830,MI-004582
FT-8779,MI-004583
LT-25469,MI-004584
V-32805,MI-004585
E-27133,MI-004586
PT-31974,MI-004587
TT-37221,MI-004588
P-17864,MI-004589
K-35299,MI-004590
LT-5422,MI-004591
COL-29909,MI-004592
E-17873,MI-004593
V-13335,MI-004594
LT-14937,MI-004595
V-7783,MI-004596
XV-39385,MI-004597
P-34318,MI-004598
P-34338,MI-004599
P-30485,MI-004600
FCV-55,MI-004601
K-25608,MI-004602
PT-32918,MI-004603
V-31277,MI-004604
V-1975,MI-004605
FCV-3312,MI-004606
FT-32985,MI-004607
P-39643,MI-004608
V-26842,MI-004609
TT-29104,MI-004610
E-15639,MI-004611
XV-1969,MI-004612
FT-4710,MI-004613
FT-15134,MI-004614
PSV-33766,MI-004615
K-5912,MI-004616
P-1172,MI-004617
E-16912,MI-004618
FT-21103,MI-004619
K-36831,MI-004620
E-24606,MI-004621
E-31672,MI-004622
E-14091,MI-004623
E-6147,MI-004624
PSV-27179,MI-004625
P-33365,MI-004626
LT-2447,MI-004627
COL-16114,MI-004628
FT-31223,MI-004629
V-24669,MI-004630
PSV-15050,MI-004631
COL-36899,MI-004632
LT-12123,MI-004633
FT-5585,MI-004634
COL-924,MI-004635
V-33568,MI-004636
E-19083,MI-004637
LT-34202,MI-004638
P-31088,MI-004639
TT-31958,MI-004640
P-412,MI-004641
FT-2553,MI-004642
XV-90,MI-004643
FCV-38427,MI-004644
P-5323,MI-004645
PT-18875,MI-004646
XV-2805,MI-004647
K-38579,MI-004648
TT-25566,MI-004649
FCV-36330,MI-004650
P-18432,MI-004651
P-32350,MI-004652
K-5814,MI-004653
V-4721,MI-004654
PSV-18640,MI-004655
FT-2367,MI-004656
FT-39386,MI-004657
E-17882,MI-004658
TT-36934,MI-004659
TT-6667,MI-004660
TT-7242,MI-004661
FCV-23631,MI-004662
LT-37369,MI-004663
COL-23871,MI-004664
TT-32305,MI-004665
XV-29183,MI-004666
PSV-19550,MI-004667
LT-22716,MI-004668
V-37766,MI-004669
COL-10977,MI-004670
COL-7595,MI-004671
PT-38957,MI-004672
LT-4631,MI-004673
FCV-14965,MI-004674
FCV-5783,MI-004675
FT-745,MI-004676
TT-33832,MI-004677
E-22940,MI-004678
FCV-38113,MI-004679
FCV-26063,MI-004680
TT-37487,MI-004681
K-4339,MI-004682
LT-18307,MI-004683
V-13694,MI-004684
TT-31256,MI-004685
V-804,MI-004686
TT-17723,MI-004687
E-37266,MI-004688
P-3140,MI-004689
PT-1746,MI-004690
COL-10987,MI-004691
TT-35703,MI-004692
P-27534,MI-004693
FCV-905,MI-004694
P-19696,MI-004695
COL-3094,MI-004696
P-37402,MI-004697
COL-28139,MI-004698
XV-22756,MI-004699
XV-36743,MI-004700
V-7450,MI-004701
LT-16380,MI-004702
TT-36466,MI-004703
XV-38975,MI-004704
FCV-28506,MI-004705
LT-10678,MI-004706
P-11642,MI-004707
K-20285,MI-004708
E-5718,MI-004709
FT-34692,MI-004710
P-37891,MI-004711
P-21928,MI-004712
P-25286,MI-004713
PT-12451,MI-004714
K-22413,MI-004715
FCV-20,MI-004716
FCV-39219,MI-004717
LT-10897,MI-004718
FCV-28165,MI-004719
COL-726,MI-004720
E-619,MI-004721
P-16965,MI-004722
P-28741,MI-004723
COL-36503,MI-004724
TT-37447,MI-004725
LT-21787,MI-004726
FT-23494,MI-004727
P-15324,MI-004728
PT-4804,MI-004729
K-6738,MI-004730
XV-19164,MI-004731
E-14536,MI-004732
TT-4213,MI-004733
COL-23083,MI-004734
V-1650,MI-004735
PSV-3900,MI-004736
V-21807,MI-004737
P-7435,MI-004738
E-12009,MI-004739
V-2422,MI-004740
TT-5125,MI-004741
TT-29212,MI-004742
P-8068,MI-004743
E-26357,MI-004744
LT-29806,MI-004745
PSV-38761,MI-004746
LT-26190,MI-004747
PT-37477,MI-004748
COL-33935,MI-004749
FT-18584,MI-004750
V-27238,MI-004751
XV-26954,MI-004752
XV-36331,MI-004753
K-12043,MI-004754
K-33959,MI-004755
P-22187,MI-004756
V-3569,MI-004757
K-37309,MI-004758
K-8077,MI-004759
COL-11280,MI-004760
E-34823,MI-004761
P-28532,MI-004762
FT-15712,MI-004763
FCV-3731,MI-004764
K-3922,MI-004765
E-16260,MI-004766
FCV-13647,MI-004767
K-22668,MI-004768
K-22841,MI-004769
LT-26440,MI-004770
PSV-35550,MI-004771
K-408,MI-004772
P-16917,MI-004773
FCV-15118,MI-004774
FCV-15601,MI-004775
XV-19275,MI-004776
LT-26961,MI-004777
TT-2504,MI-004778
V-2718,MI-004779
V-20040,MI-004780
K-4854,MI-004781
LT-19405,MI-004782
PT-21218,MI-004783
PT-36871,MI-004784
LT-5246,MI-004785
XV-37638,MI-004786
PT-15294,MI-004787
XV-37951,MI-004788
TT-7579,MI-004789
LT-1762,MI-004790
TT-18028,MI-004791
PT-22176,MI-004792
E-9508,MI-004793
P-36810,MI-004794
E-1842,MI-004795
PSV-10540,MI-004796
LT-7445,MI-004797
XV-3199,MI-004798
FCV-29124,MI-004799
P-26846,MI-004800
FT-31715,MI-004801
V-9727,MI-004802
K-7721,MI-004803
PT-25937,MI-004804
K-11587,MI-004805
XV-33248,MI-004806
E-29138,MI-004807
COL-485,MI-004808
K-11284,MI-004809
PT-23713,MI-004810
E-37135,MI-004811
PT-33094,MI-004812
PT-23777,MI-004813
P-9639,MI-004814
P-33760,MI-004815
V-3872,MI-004816
FT-28952,MI-004817
XV-31683,MI-004818
P-11514,MI-004819
P-9939,MI-004820
FT-10947,MI-004821
V-3982,MI-004822
P-5453,MI-004823
LT-8862,MI-004824
XV-37121,MI-004825
FCV-25658,MI-004826
K-36980,MI-004827
PSV-13538,MI-004828
FT-11314,MI-004829
LT-17277,MI-004830
E-30267,MI-004831
LT-16556,MI-004832
P-4207,MI-004833
K-4568,MI-004834
P-27295,MI-004835
P-27770,MI-004836
E-30103,MI-004837
XV-23793,MI-004838
PSV-2861,MI-004839
K-3378,MI-004840
XV-32052,MI-004841
FT-21820,MI-004842
XV-10650,MI-004843
XV-31640,MI-004844
LT-33110,MI-004845
COL-39911,MI-004846
PSV-11824,MI-004847
PT-13935,MI-004848
FCV-38426,MI-004849
PT-29512,MI-004850
P-14263,MI-004851
FT-10672,MI-004852
COL-34677,MI-004853
V-26272,MI-004854
P-7506,MI-004855
TT-6412,MI-004856
FCV-28243,MI-004857
PT-38083,MI-004858
P-25125,MI-004859
V-30001,MI-004860
V-32047,MI-004861
K-8943,MI-004862
FT-9818,MI-004863
TT-14446,MI-004864
V-11046,MI-004865
TT-10959,MI-004866
P-5312,MI-004867
PSV-17608,MI-004868
FCV-16727,MI-004869
P-36923,MI-004870
FCV-29683,MI-004871
PSV-36467,MI-004872
P-21653,MI-004873
FCV-24705,MI-004874
LT-9034,MI-004875
P-7452,MI-004876
PSV-19046,MI-004877
TT-3933,MI-004878
FCV-7705,MI-004879
PT-31745,MI-004880
COL-6929,MI-004881
TT-23151,MI-004882
PT-31910,MI-004883
K-18648,MI-004884
V-35978,MI-004885
FT-19749,MI-004886
FCV-10792,MI-004887
COL-20013,MI-004888
PT-39008,MI-004889
E-10104,MI-004890
PT-4282,MI-004891
LT-10590,MI-004892
XV-35295,MI-004893
K-37460,MI-004894
PSV-23744,MI-004895
V-3994,MI-004896
COL-24278,MI-004897
E-39583,MI-004898
V-1632,MI-004899
XV-2221,MI-004900
P-25399,MI-004901
LT-36413,MI-004902
LT-38828,MI-004903
PT-4800,MI-004904
LT-28833,MI-004905
K-3447,MI-004906
COL-3120,MI-004907
FCV-32677,MI-004908
K-34851,MI-004909
PT-14450,MI-004910
P-27499,MI-004911
V-9881,MI-004912
P-3614,MI-004913
COL-36518,MI-004914
E-16246,MI-004915
PT-17442,MI-004916
LT-5610,MI-004917
XV-5028,MI-004918
PSV-2467,MI-004919
XV-34773,MI-004920
V-19605,MI-004921
P-6317,MI-004922
XV-12569,MI-004923
LT-6564,MI-004924
TT-1688,MI-004925
FCV-24579,MI-004926
PT-20772,MI-004927
FCV-29914,MI-004928
PSV-34347,MI-004929
FCV-7191,MI-004930
K-10068,MI-004931
FCV-9958,MI-004932
K-35471,MI-004933
FCV-31073,MI-004934
FT-20416,MI-004935
P-22698,MI-004936
V-25684,MI-004937
PSV-38106,MI-004938
V-25731,MI-004939
FT-10521,MI-004940
K-31124,MI-004941
E-7218,MI-004942
E-5704,MI-004943
FT-35720,MI-004944
LT-28567,MI-004945
PSV-29523,MI-004946
COL-30124,MI-004947
FCV-39810,MI-004948
V-21246,MI-004949
E-12428,MI-004950
P-26552,MI-004951
P-32393,MI-004952
XV-38836,MI-004953
V-4277,MI-004954
P-25337,MI-004955
P-10194,MI-004956
COL-3526,MI-004957
P-1740,MI-004958
P-37490,MI-004959
COL-21784,MI-004960
FT-39717,MI-004961
TT-34211,MI-004962
PT-19424,MI-004963
XV-36617,MI-004964
FT-39201,MI-004965
LT-39413,MI-004966
FT-27875,MI-004967
COL-13012,MI-004968
PT-21062,MI-004969
K-25175,MI-004970
PT-27368,MI-004971
XV-983,MI-004972
COL-10502,MI-004973
K-5260,MI-004974
V-17485,MI-004975
LT-1025,MI-004976
XV-8954,MI-004977
FT-6964,MI-004978
PSV-37880,MI-004979
P-21880,MI-004980
P-11194,MI-004981
LT-21967,MI-004982
P-8590,MI-004983
PT-31397,MI-004984
LT-5106,MI-004985
FCV-14314,MI-004986
P-26427,MI-004987
PSV-36668,MI-004988
FCV-20736,MI-004989
P-21131,MI-004990
FT-38291,MI-004991
P-23023,MI-004992
LT-6498,MI-004993
LT-34091,MI-004994
TT-8899,MI-004995
FCV-36542,MI-004996
P-39452,MI-004997
LT-484,MI-004998
PSV-19644,MI-004999
PT-17470,MI-005000
PT-22179,MI-005001
FCV-2432,MI-005002
COL-14470,MI-005003
TT-32955,MI-005004
LT-31090,MI-005005
P-15540,MI-005006
FT-28182,MI-005007
K-1362,MI-005008
P-17715,MI-005009
FCV-5597,MI-005010
E-28513,MI-005011
TT-22975,MI-005012
TT-34861,MI-005013
PSV-22714,MI-005014
XV-35039,MI-005015
COL-25694,MI-005016
LT-37041,MI-005017
P-35666,MI-005018
P-23648,MI-005019
E-18517,MI-005020
TT-7605,MI-005021
PSV-23276,MI-005022
PT-25945,MI-005023
PSV-27372,MI-005024
E-28482,MI-005025
V-4571,MI-005026
K-36151,MI-005027
TT-26472,MI-005028
PT-6910,MI-005029
P-6882,MI-005030
PT-5650,MI-005031
LT-9201,MI-005032
V-28091,MI-005033
XV-3804,MI-005034
P-28749,MI-005035
PT-23668,MI-005036
E-26704,MI-005037
K-26758,MI-005038
P-15383,MI-005039
P-318,MI-005040
K-32358,MI-005041
FCV-13331,MI-005042
E-39098,MI-005043
LT-25514,MI-005044
TT-14649,MI-005045
XV-11930,MI-005046
K-17840,MI-005047
K-12452,MI-005048
TT-6081,MI-005049
K-8488,MI-005050
COL-30195,MI-005051
PSV-35421,MI-005052
LT-36537,MI-005053
TT-29471,MI-005054
FCV-22373,MI-005055
P-8283,MI-005056
P-7792,MI-005057
PSV-11655,MI-005058
COL-23063,MI-005059
V-25054,MI-005060
P-15688,MI-005061
XV-38763,MI-005062
FT-11611,MI-005063
V-19844,MI-005064
V-11379,MI-005065
LT-30813,MI-005066
LT-13418,MI-005067
PT-11518,MI-005068
V-20943,MI-005069
LT-22710,MI-005070
FT-16028,MI-005071
TT-14311,MI-005072
TT-29281,MI-005073
V-5067,MI-005074
FT-8482,MI-005075
PSV-19342,MI-005076
PSV-11551,MI-005077
COL-33370,MI-005078
LT-32177,MI-005079
XV-39687,MI-005080
TT-1114,MI-005081
TT-37737,MI-005082
XV-5883,MI-005083
PT-4300,MI-005084
P-33960,MI-005085
XV-5859,MI-005086
PT-4134,MI-005087
XV-35019,MI-005088
FCV-17458,MI-005089
XV-5072,MI-005090
FCV-26370,MI-005091
FT-38333,MI-005092
P-8474,MI-005093
PSV-19489,MI-005094
P-119,MI-005095
E-39073,MI-005096
XV-15711,MI-005097
COL-33970,MI-005098
FT-29921,MI-005099
LT-35057,MI-005100
FCV-2049,MI-005101
FT-12814,MI-005102
PT-35356,MI-005103
E-25032,MI-005104
LT-35152,MI-005105
TT-14556,MI-005106
PT-12010,MI-005107
V-2310,MI-005108
K-15776,MI-005109
FCV-13042,MI-005110
LT-32802,MI-005111
FCV-12212,MI-005112
LT-13570,MI-005113
K-37846,MI-005114
TT-10076,MI-005115
PT-3711,MI-005116
PT-6029,MI-005117
FT-6943,MI-005118
XV-9046,MI-005119
PSV-28327,MI-005120
COL-29896,MI-005121
P-35372,MI-005122
K-31551,MI-005123
XV-31859,MI-005124
XV-5517,MI-005125
K-29430,MI-005126
PSV-2070,MI-005127
COL-27027,MI-005128
COL-31614,MI-005129
FCV-36914,MI-005130
V-34844,MI-005131
TT-28735,MI-005132
LT-13226,MI-005133
PT-3635,MI-005134
COL-29900,MI-005135
XV-21744,MI-005136
P-35289,MI-005137
V-26141,MI-005138
TT-22823,MI-005139
P-39992,MI-005140
COL-9008,MI-005141
K-14134,MI-005142
COL-21306,MI-005143
FCV-29743,MI-005144
COL-39865,MI-005145
FCV-24760,MI-005146
E-1955,MI-005147
PSV-11868,MI-005148
P-24164,MI-005149
LT-23255,MI-005150
K-14920,MI-005151
PT-39477,MI-005152
PT-14964,MI-005153
PT-25482,MI-005154
E-9381,MI-005155
COL-29188,MI-005156
COL-7263,MI-005157
PSV-39595,MI-005158
FT-8503,MI-005159
E-32641,MI-005160
FCV-23324,MI-005161
XV-1733,MI-005162
K-33514,MI-005163
PT-24996,MI-005164
P-20323,MI-005165
LT-19341,MI-005166
PT-17771,MI-005167
PSV-38264,MI-005168
COL-18723,MI-005169
P-15939,MI-005170
V-14031,MI-005171
COL-29936,MI-005172
FT-38617,MI-005173
V-11506,MI-005174
XV-23784,MI-005175
PT-11768,MI-005176
FCV-26387,MI-005177
PT-31273,MI-005178
LT-17094,MI-005179
V-19842,MI-005180
P-36774,MI-005181
XV-13954,MI-005182
P-15251,MI-005183
TT-39621,MI-005184
FT-32571,MI-005185
COL-8812,MI-005186
P-31042,MI-005187
E-18198,MI-005188
P-38808,MI-005189
TT-35596,MI-005190
COL-23403,MI-005191
E-11561,MI-005192
PT-5175,MI-005193
V-16190,MI-005194
FT-37583,MI-005195
LT-1176,MI-005196
E-39648,MI-005197
K-7907,MI-005198
V-7880,MI-005199
FCV-33704,MI-005200
P-28726,MI-005201
P-24314,MI-005202
PT-7231,MI-005203
V-32683,MI-005204
E-17887,MI-005205
TT-10061,MI-005206
FT-5124,MI-005207
XV-28487,MI-005208
FCV-27264,MI-005209
P-15490,MI-005210
E-39760,MI-005211
PT-35732,MI-005212
PT-34155,MI-005213
LT-26335,MI-005214
FCV-501,MI-005215
LT-29668,MI-005216
FCV-28415,MI-005217
K-400,MI-005218
PT-26449,MI-005219
FT-26481,MI-005220
FT-12831,MI-005221
TT-20718,MI-005222
COL-7733,MI-005223
K-27934,MI-005224
LT-25252,MI-005225
P-2483,MI-005226
P-22993,MI-005227
PT-13804,MI-005228
TT-7676,MI-005229
P-20504,MI-005230
LT-34151,MI-005231
E-21786,MI-005232
XV-32852,MI-005233
P-19934,MI-005234
LT-26493,MI-005235
PT-19058,MI-005236
K-32986,MI-005237
LT-38098,MI-005238
P-24788,MI-005239
TT-36549,MI-005240
P-38444,MI-005241
FCV-24412,MI-005242
V-6355,MI-005243
FCV-34002,MI-005244
COL-15384,MI-005245
FCV-2752,MI-005246
V-22229,MI-005247
COL-19686,MI-005248
P-34095,MI-005249
FT-7964,MI-005250
P-29892,MI-005251
E-8853,MI-005252
PSV-27398,MI-005253
PT-6028,MI-005254
P-11168,MI-005255
XV-33495,MI-005256
P-29431,MI-005257
TT-28022,MI-005258
E-32213,MI-005259
PT-5605,MI-005260
PT-16688,MI-005261
TT-34553,MI-005262
P-8641,MI-005263
K-9614,MI-005264
V-20082,MI-005265
V-15276,MI-005266
LT-12149,MI-005267
PSV-25845,MI-005268
E-17883,MI-005269
PSV-31092,MI-005270
COL-16682,MI-005271
TT-7551,MI-005272
PT-26474,MI-005273
TT-18785,MI-005274
FCV-19699,MI-005275
FT-12084,MI-005276
FT-22325,MI-005277
PT-16616,MI-005278
PSV-38406,MI-005279
PSV-16466,MI-005280
PT-23409,MI-005281
K-22362,MI-005282
V-34386,MI-005283
FT-16660,MI-005284
PT-11400,MI-005285
P-7094,MI-005286
TT-33157,MI-005287
E-34137,MI-005288
K-26144,MI-005289
COL-6113,MI-005290
E-10404,MI-005291
E-20140,MI-005292
FCV-31215,MI-005293
LT-1665,MI-005294
FT-3681,MI-005295
PT-28658,MI-005296
FT-11471,MI-005297
FCV-31409,MI-005298
V-6772,MI-005299
FT-27987,MI-005300
COL-27455,MI-005301
V-29066,MI-005302
V-5877,MI-005303
FCV-21037,MI-005304
PSV-39106,MI-005305
K-4258,MI-005306
P-25093,MI-005307
P-2814,MI-005308
LT-1035,MI-005309
K-1327,MI-005310
PSV-28775,MI-005311
P-14703,MI-005312
LT-38563,MI-005313
E-874,MI-005314
COL-29627,MI-005315
XV-4256,MI-005316
COL-1059,MI-005317
V-36962,MI-005318
XV-19545,MI-005319
K-816,MI-005320
P-13089,MI-005321
XV-28220,MI-005322
P-20372,MI-005323
P-20607,MI-005324
PT-33270,MI-005325
P-5922,MI-005326
PT-35647,MI-005327
V-15035,MI-005328
E-12006,MI-005329
E-2103,MI-005330
P-36950,MI-005331
COL-8398,MI-005332
PSV-33170,MI-005333
XV-36796,MI-005334
LT-14798,MI-005335
E-26186,MI-005336
XV-20771,MI-005337
P-6520,MI-005338
P-1057,MI-005339
PT-21699,MI-005340
V-7983,MI-005341
LT-25746,MI-005342
COL-37713,MI-005343
P-20048,MI-005344
K-32770,MI-005345
V-35472,MI-005346
FT-25288,MI-005347
P-8694,MI-005348
COL-23404,MI-005349
TT-20424,MI-005350
TT-31339,MI-005351
P-444,MI-005352
P-5801,MI-005353
LT-39350,MI-005354
PSV-6495,MI-005355
V-23412,MI-005356
FT-32267,MI-005357
FCV-3392,MI-005358
PSV-36242,MI-005359
V-19439,MI-005360
P-30825,MI-005361
V-26342,MI-005362
E-21651,MI-005363
P-17746,MI-005364
FT-16730,MI-005365
XV-7592,MI-005366
XV-37217,MI-005367
E-7441,MI-005368
COL-7897,MI-005369
K-24163,MI-005370
FT-12680,MI-005371
P-22631,MI-005372
E-5063,MI-005373
PSV-27051,MI-005374
COL-11470,MI-005375
P-24679,MI-005376
E-37633,MI-005377
P-6155,MI-005378
COL-12236,MI-005379
FT-24268,MI-005380
XV-30554,MI-005381
PSV-265,MI-005382
FT-22361,MI-005383
FT-39091,MI-005384
P-4840,MI-005385
XV-30080,MI-005386
FT-2094,MI-005387
P-17433,MI-005388
XV-25051,MI-005389
FT-6607,MI-005390
V-15728,MI-005391
K-7887,MI-005392
LT-18193,MI-005393
COL-567,MI-005394
E-39177,MI-005395
K-23124,MI-005396
V-6678,MI-005397
COL-28628,MI-005398
COL-37639,MI-005399
COL-4516,MI-005400
PSV-15483,MI-005401
LT-31077,MI-005402
V-15859,MI-005403
P-23218,MI-005404
TT-21829,MI-005405
K-14745,MI-005406
P-9411,MI-005407
LT-18783,MI-005408
E-532,MI-005409
LT-18477,MI-005410
PSV-26487,MI-005411
PSV-23281,MI-005412
E-37994,MI-005413
PSV-25259,MI-005414
PSV-39598,MI-005415
FT-15260,MI-005416
TT-24989,MI-005417
V-7741,MI-005418
K-7991,MI-005419
PSV-776,MI-005420
TT-31962,MI-005421
PSV-35097,MI-005422
P-1169,MI-005423
K-24367,MI-005424
TT-691,MI-005425
PSV-20532,MI-005426
TT-438,MI-005427
E-13239,MI-005428
FT-27752,MI-005429
TT-2056,MI-005430
XV-34351,MI-005431
V-1687,MI-005432
P-35364,MI-005433
LT-28835,MI-005434
PSV-28955,MI-005435
PT-6790,MI-005436
TT-24430,MI-005437
TT-2080,MI-005438
FT-34448,MI-005439
PT-39252,MI-005440
COL-20034,MI-005441
PSV-16230,MI-005442
P-38730,MI-005443
E-27154,MI-005444
FCV-7033,MI-005445
PT-31841,MI-005446
XV-5688,MI-005447
FT-18102,MI-005448
PT-16540,MI-005449
V-19238,MI-005450
TT-20089,MI-005451
E-15936,MI-005452
K-8920,MI-005453
FCV-21137,MI-005454
PT-13315,MI-005455
FT-9274,MI-005456
PSV-30777,MI-005457
COL-39918,MI-005458
TT-5046,MI-005459
LT-9595,MI-005460
PT-38979,MI-005461
K-22594,MI-005462
V-17489,MI-005463
E-18671,MI-005464
PSV-39557,MI-005465
V-35301,MI-005466
COL-39301,MI-005467
PSV-25178,MI-005468
E-11542,MI-005469
PT-32877,MI-005470
K-21682,MI-005471
COL-6899,MI-005472
P-19557,MI-005473
FT-30980,MI-005474
COL-9421,MI-005475
V-1638,MI-005476
P-19353,MI-005477
PT-38144,MI-005478
V-3886,MI-005479
P-22637,MI-005480
P-1983,MI-005481
XV-26246,MI-005482
V-1577,MI-005483
P-1869,MI-005484
PT-3455,MI-005485
LT-23114,MI-005486
K-34943,MI-005487
PT-2958,MI-005488
TT-4454,MI-005489
K-26728,MI-005490
LT-2877,MI-005491
FT-29414,MI-005492
COL-7891,MI-005493
PT-4234,MI-005494
P-12631,MI-005495
P-13297,MI-005496
TT-29907,MI-005497
LT-1498,MI-005498
P-34208,MI-005499
PSV-24601,MI-005500
P-24724,MI-005501
FT-13631,MI-005502
V-21026,MI-005503
FT-17334,MI-005504
P-3021,MI-005505
COL-32963,MI-005506
PSV-17264,MI-005507
LT-32135,MI-005508
V-36887,MI-005509
E-66,MI-005510
E-13070,MI-005511
K-29685,MI-005512
XV-8959,MI-005513
PSV-29072,MI-005514
K-23434,MI-005515
K-7500,MI-005516
V-16096,MI-005517
PT-35975,MI-005518
E-31437,MI-005519
PSV-19334,MI-005520
FCV-30568,MI-005521
PSV-20262,MI-005522
PT-37052,MI-005523
PSV-21597,MI-005524
K-23067,MI-005525
P-1460,MI-005526
XV-4961,MI-005527
P-39712,MI-005528
XV-19440,MI-005529
XV-34566,MI-005530
K-16712,MI-005531
FCV-39085,MI-005532
E-14603,MI-005533
FCV-4404,MI-005534
PT-36221,MI-005535
PT-25052,MI-005536
LT-36652,MI-005537
LT-19237,MI-005538
K-19779,MI-005539
P-34903,MI-005540
K-4415,MI-005541
P-27933,MI-005542
P-26731,MI-005543
PT-15396,MI-005544
TT-17039,MI-005545
FCV-26260,MI-005546
FCV-15866,MI-005547
TT-27682,MI-005548
FCV-27312,MI-005549
V-30332,MI-005550
FCV-23475,MI-005551
V-433,MI-005552
FT-6106,MI-005553
PSV-11724,MI-005554
XV-22587,MI-005555
COL-982,MI-005556
K-24053,MI-005557
P-38890,MI-005558
PSV-7626,MI-005559
FT-23168,MI-005560
TT-34766,MI-005561
K-5155,MI-005562
XV-10576,MI-005563
LT-14562,MI-005564
FCV-13307,MI-005565
COL-9356,MI-005566
P-2573,MI-005567
XV-4699,MI-005568
FCV-12915,MI-005569
V-1060,MI-005570
V-3103,MI-005571
FT-31966,MI-005572
XV-17831,MI-005573
COL-16156,MI-005574
E-15535,MI-005575
K-5358,MI-005576
FCV-34597,MI-005577
FCV-6255,MI-005578
LT-9941,MI-005579
K-1317,MI-005580
XV-27901,MI-005581
V-30257,MI-005582
P-27720,MI-005583
FCV-12615,MI-005584
K-26003,MI-005585
LT-10500,MI-005586
K-17954,MI-005587
E-35977,MI-005588
LT-39875,MI-005589
V-38424,MI-005590
TT-23344,MI-005591
K-24050,MI-005592
P-28600,MI-005593
PSV-13037,MI-005594
XV-33356,MI-005595
COL-31364,MI-005596
FT-5484,MI-005597
P-32008,MI-005598
P-39282,MI-005599
PT-20932,MI-005600
P-27459,MI-005601
P-1313,MI-005602
FT-11931,MI-005603
LT-21507,MI-005604
FT-6336,MI-005605
FT-7980,MI-005606
P-21978,MI-005607
P-14070,MI-005608
COL-616,MI-005609
COL-11327,MI-005610
P-9913,MI-005611
K-19574,MI-005612
PT-7199,MI-005613
E-16373,MI-005614
E-29287,MI-005615
FCV-24335,MI-005616
LT-19625,MI-005617
TT-24486,MI-005618
FCV-21932,MI-005619
E-8009,MI-005620
K-1479,MI-005621
P-32875,MI-005622
PSV-30117,MI-005623
COL-16182,MI-005624
PSV-31568,MI-005625
COL-24936,MI-005626
LT-6191,MI-005627
V-989,MI-005628
PSV-24,MI-005629
TT-3278,MI-005630
K-9472,MI-005631
TT-23198,MI-005632
P-2126,MI-005633
PT-32789,MI-005634
E-26016,MI-005635
PT-9889,MI-005636
PT-21715,MI-005637
K-16371,MI-005638
V-12338,MI-005639
PT-33049,MI-005640
K-12186,MI-005641
V-15609,MI-005642
V-2109,MI-005643
COL-16037,MI-005644
TT-17270,MI-005645
TT-25036,MI-005646
LT-13186,MI-005647
TT-34073,MI-005648
P-29451,MI-005649
K-3779,MI-005650
PSV-6625,MI-005651
E-13479,MI-005652
P-26949,MI-005653
XV-9684,MI-005654
TT-36335,MI-005655
V-5580,MI-005656
COL-36755,MI-005657
TT-16265,MI-005658
K-34302,MI-005659
LT-4971,MI-005660
PSV-18286,MI-005661
COL-19538,MI-005662
FT-17877,MI-005663
FCV-25387,MI-005664
PSV-18074,MI-005665
PSV-18755,MI-005666
P-16421,MI-005667
P-17585,MI-005668
V-4325,MI-005669
XV-16055,MI-005670
K-38142,MI-005671
P-22281,MI-005672
K-6295,MI-005673
FCV-24836,MI-005674
FT-9561,MI-005675
FT-3306,MI-005676
K-3309,MI-005677
XV-25560,MI-005678
XV-39645,MI-005679
V-1506,MI-005680
FT-14850,MI-005681
COL-3008,MI-005682
K-38085,MI-005683
LT-1538,MI-005684
COL-17230,MI-005685
LT-18763,MI-005686
PSV-12439,MI-005687
V-17084,MI-005688
PSV-10522,MI-005689
V-8897,MI-005690
PSV-28418,MI-005691
COL-12764,MI-005692
P-27196,MI-005693
FCV-39792,MI-005694
XV-9759,MI-005695
TT-5520,MI-005696
FT-14330,MI-005697
FT-36963,MI-005698
PT-30784,MI-005699
FT-1965,MI-005700
E-4287,MI-005701
XV-7558,MI-005702
TT-6068,MI-005703
COL-19360,MI-005704
P-32951,MI-005705
E-18914,MI-005706
FT-15830,MI-005707
XV-6388,MI-005708
E-9090,MI-005709
FT-8798,MI-005710
P-2669,MI-005711
PSV-20079,MI-005712
LT-37459,MI-005713
COL-19269,MI-005714
XV-14444,MI-005715
E-5279,MI-005716
TT-20768,MI-005717
LT-20023,MI-005718
LT-40018,MI-005719
P-19427,MI-005720
K-4663,MI-005721
P-8685,MI-005722
E-5941,MI-005723
PT-11695,MI-005724
K-3354,MI-005725
V-25497,MI-005726
K-21285,MI-005727
COL-24116,MI-005728
PSV-11486,MI-005729
PSV-34069,MI-005730
COL-22263,MI-005731
V-31446,MI-005732
XV-39756,MI-005733
P-23191,MI-005734
K-24727,MI-005735
P-30487,MI-005736
FT-2191,MI-005737
K-39412,MI-005738
TT-17627,MI-005739
E-19074,MI-005740
V-16963,MI-005741
E-25626,MI-005742
P-25879,MI-005743
V-23617,MI-005744
LT-20435,MI-005745
P-6631,MI-005746
FT-24331,MI-005747
P-9325,MI-005748
COL-30063,MI-005749
XV-18164,MI-005750
PSV-3395,MI-005751
XV-31521,MI-005752
P-18369,MI-005753
TT-32475,MI-005754
XV-6611,MI-005755
LT-4201,MI-005756
P-10757,MI-005757
XV-6533,MI-005758
FCV-16493,MI-005759
FT-2302,MI-005760
TT-1314,MI-005761
V-36877,MI-005762
XV-2930,MI-005763
PT-18483,MI-005764
P-33984,MI-005765
COL-39162,MI-005766
FT-37794,MI-005767
P-13932,MI-005768
TT-13979,MI-005769
FCV-26343,MI-005770
E-2982,MI-005771
TT-25140,MI-005772
P-16643,MI-005773
FT-14114,MI-005774
PT-7062,MI-005775
TT-28808,MI-005776
PT-24767,MI-005777
PSV-8,MI-005778
PSV-1488,MI-005779
LT-20205,MI-005780
P-30714,MI-005781
FCV-8824,MI-005782
PT-35325,MI-005783
LT-9401,MI-005784
LT-20641,MI-005785
E-22028,MI-005786
P-14276,MI-005787
P-19079,MI-005788
COL-23803,MI-005789
V-27441,MI-005790
K-5169,MI-005791
XV-25160,MI-005792
XV-1140,MI-005793
COL-35625,MI-005794
COL-33977,MI-005795
TT-5776,MI-005796
XV-6064,MI-005797
E-19768,MI-005798
LT-7160,MI-005799
XV-31784,MI-005800
PT-16213,MI-005801
P-14071,MI-005802
TT-32273,MI-005803
PSV-7999,MI-005804
FCV-17583,MI-005805
P-37552,MI-005806
P-1144,MI-005807
P-3244,MI-005808
LT-32801,MI-005809
K-24043,MI-005810
FCV-32710,MI-005811
P-10919,MI-005812
PT-16996,MI-005813
LT-10089,MI-005814
P-5027,MI-005815
FT-35244,MI-005816
FT-7720,MI-005817
PT-24263,MI-005818
PSV-27332,MI-005819
K-12646,MI-005820
E-3814,MI-005821
K-20308,MI-005822
COL-31796,MI-005823
P-6433,MI-005824
P-12311,MI-005825
P-34188,MI-005826
P-35974,MI-005827
P-8154,MI-005828
PT-35844,MI-005829
FCV-34330,MI-005830
XV-6414,MI-005831
COL-9091,MI-005832
V-10034,MI-005833
FT-10449,MI-005834
LT-23787,MI-005835
P-14894,MI-005836
P-20026,MI-005837
K-8408,MI-005838
XV-37087,MI-005839
E-33912,MI-005840
PT-22448,MI-005841
V-19257,MI-005842
K-34825,MI-005843
LT-19137,MI-005844
P-21186,MI-005845
P-18481,MI-005846
TT-17238,MI-005847
XV-17452,MI-005848
V-34956,MI-005849
XV-30025,MI-005850
E-547,MI-005851
PT-9680,MI-005852
COL-33226,MI-005853
V-11020,MI-005854
FT-20860,MI-005855
E-15734,MI-005856
TT-23101,MI-005857
V-38715,MI-005858
FCV-27992,MI-005859
PT-4482,MI-005860
COL-15204,MI-005861
E-35761,MI-005862
PSV-18135,MI-005863
PT-32893,MI-005864
P-15304,MI-005865
P-38176,MI-005866
E-38121,MI-005867
COL-8446,MI-005868
TT-9478,MI-005869
V-13523,MI-005870
TT-22405,MI-005871
P-29223,MI-005872
PT-10534,MI-005873
E-30017,MI-005874
P-3749,MI-005875
E-27462,MI-005876
PSV-17240,MI-005877
P-33572,MI-005878
K-37164,MI-005879
V-29335,MI-005880
P-12596,MI-005881
PSV-10738,MI-005882
E-3300,MI-005883
P-34837,MI-005884
COL-29930,MI-005885
FCV-22709,MI-005886
FT-947,MI-005887
FT-36938,MI-005888
P-10135,MI-005889
XV-14601,MI-005890
E-8457,MI-005891
XV-19983,MI-005892
V-35979,MI-005893
PSV-30527,MI-005894
K-31621,MI-005895
PT-9154,MI-005896
PSV-4994,MI-005897
XV-24843,MI-005898
PSV-38661,MI-005899
V-12295,MI-005900
E-12459,MI-005901
COL-39489,MI-005902
P-33393,MI-005903
COL-23247,MI-005904
P-6214,MI-005905
K-9407,MI-005906
PSV-1554,MI-005907
PSV-4365,MI-005908
FT-7617,MI-005909
V-36998,MI-005910
K-30480,MI-005911
P-29462,MI-005912
FT-12974,MI-005913
LT-7406,MI-005914
FCV-13489,MI-005915
XV-30094,MI-005916
LT-14805,MI-005917
LT-20726,MI-005918
P-24275,MI-005919
FCV-2028,MI-005920
FCV-37597,MI-005921
XV-18221,MI-005922
P-4336,MI-005923
COL-5324,MI-005924
FT-25653,MI-005925
FT-22367,MI-005926
LT-29506,MI-005927
COL-1087,MI-005928
FT-16269,MI-005929
LT-18063,MI-005930
LT-8746,MI-005931
COL-37721,MI-005932
XV-19335,MI-005933
K-7898,MI-005934
E-22223,MI-005935
FCV-10810,MI-005936
COL-34699,MI-005937
K-10675,MI-005938
E-27781,MI-005939
K-12371,MI-005940
TT-9418,MI-005941
K-8080,MI-005942
E-23150,MI-005943
FT-1876,MI-005944
COL-12882,MI-005945
LT-20243,MI-005946
E-22225,MI-005947
LT-17162,MI-005948
E-19262,MI-005949
K-5832,MI-005950
FT-27144,MI-005951
P-11406,MI-005952
PT-18954,MI-005953
FT-39465,MI-005954
COL-5305,MI-005955
K-36874,MI-005956
P-8270,MI-005957
PT-17524,MI-005958
LT-20867,MI-005959
FCV-36315,MI-005960
XV-32391,MI-005961
TT-37756,MI-005962
P-11929,MI-005963
FCV-20626,MI-005964
COL-7904,MI-005965
FCV-20927,MI-005966
P-6868,MI-005967
TT-1550,MI-005968
E-27663,MI-005969
PSV-11493,MI-005970
P-12594,MI-005971
TT-14636,MI-005972
E-230,MI-005973
TT-14646,MI-005974
V-39536,MI-005975
FCV-26099,MI-005976
V-4333,MI-005977
V-10771,MI-005978
PSV-18602,MI-005979
LT-14708,MI-005980
TT-10716,MI-005981
P-25433,MI-005982
TT-24695,MI-005983
E-8594,MI-005984
PSV-34689,MI-005985
V-37786,MI-005986
P-23270,MI-005987
P-39022,MI-005988
E-9548,MI-005989
PSV-37090,MI-005990
COL-20373,MI-005991
FT-30402,MI-005992
FCV-38891,MI-005993
V-9705,MI-005994
PT-35799,MI-005995
LT-38481,MI-005996
COL-13125,MI-005997
FT-20756,MI-005998
K-29030,MI-005999
PSV-4139,MI-006000
TT-27161,MI-006001
FT-17886,MI-006002
LT-14439,MI-006003
XV-29428,MI-006004
TT-26318,MI-006005
