from,to
TT-1,MM-004
P-2,MM-010
XV-3,MM-001
E-4,MM-007
V-5,MM-002
P-6,MM-008
K-7,MM-002
PSV-8,MM-007
FCV-9,MM-006
TT-10,MM-007
TT-11,MM-009
E-12,MM-001
P-13,MM-006
K-14,MM-008
P-15,MM-008
COL-16,MM-007
COL-17,MM-008
K-18,MM-003
XV-19,MM-006
FCV-20,MM-007
FCV-21,MM-004
E-22,MM-002
COL-23,MM-005
PSV-24,MM-001
K-25,MM-002
LT-26,MM-006
COL-27,MM-003
FCV-28,MM-009
COL-29,MM-009
V-30,MM-009
TT-31,MM-006
TT-32,MM-009
XV-33,MM-001
FT-34,MM-008
V-35,MM-002
V-36,MM-005
P-37,MM-003
P-38,MM-005
E-39,MM-001
COL-40,MM-004
PSV-41,MM-010
TT-42,MM-001
K-43,MM-004
V-44,MM-004
E-45,MM-010
PT-46,MM-003
K-47,MM-009
FT-48,MM-004
COL-49,MM-005
PT-50,MM-002
K-51,MM-007
TT-52,MM-005
PT-53,MM-006
TT-54,MM-003
FCV-55,MM-007
P-56,MM-005
K-57,MM-005
XV-58,MM-004
LT-59,MM-001
XV-60,MM-001
PT-61,MM-005
V-62,MM-010
XV-63,MM-003
P-64,MM-010
PT-65,MM-002
E-66,MM-003
COL-67,MM-002
V-68,MM-006
FT-69,MM-007
PT-70,MM-003
TT-71,MM-006
LT-72,MM-007
PSV-73,MM-005
TT-74,MM-009
FT-75,MM-010
PSV-76,MM-002
FT-77,MM-006
XV-78,MM-003
FT-79,MM-009
PSV-80,MM-007
TT-81,MM-003
FT-82,MM-009
FT-83,MM-001
LT-84,MM-004
FT-85,MM-005
V-86,MM-006
E-87,MM-001
E-88,MM-002
PT-89,MM-002
XV-90,MM-005
COL-91,MM-004
COL-92,MM-008
K-93,MM-003
FCV-94,MM-006
V-95,MM-002
P-96,MM-008
FT-97,MM-010
P-98,MM-007
P-99,MM-010
TT-100,MM-004
COL-101,MM-006
XV-102,MM-001
FCV-103,MM-009
PT-104,MM-002
FT-105,MM-002
V-106,MM-007
XV-107,MM-010
FT-108,MM-005
V-109,MM-006
P-110,MM-004
K-111,MM-003
PSV-112,MM-002
LT-113,MM-003
FT-114,MM-006
FCV-115,MM-009
PSV-116,MM-007
P-117,MM-009
K-118,MM-002
P-119,MM-005
TT-120,MM-005
P-121,MM-003
LT-122,MM-003
LT-123,MM-002
K-124,MM-010
TT-125,MM-008
V-126,MM-009
P-127,MM-001
V-128,MM-007
FCV-129,MM-004
E-130,MM-004
COL-131,MM-009
V-132,MM-008
P-133,MM-005
LT-134,MM-006
PT-135,MM-007
PT-136,MM-010
XV-137,MM-009
LT-138,MM-002
P-139,MM-007
COL-140,MM-008
LT-141,MM-010
XV-142,MM-004
LT-143,MM-006
K-144,MM-006
E-145,MM-002
TT-146,MM-008
LT-147,MM-006
PT-148,MM-007
PSV-149,MM-005
FCV-150,MM-002
LT-151,MM-008
FT-152,MM-003
LT-153,MM-002
FT-154,MM-009
P-155,MM-002
XV-156,MM-010
FCV-157,MM-008
COL-158,MM-006
LT-159,MM-002
LT-160,MM-005
PT-161,MM-006
XV-162,MM-001
K-163,MM-004
FCV-164,MM-001
V-165,MM-010
TT-166,MM-007
P-167,MM-010
E-168,MM-006
FCV-169,MM-008
P-170,MM-004
COL-171,MM-003
E-172,MM-005
FT-173,MM-007
V-174,MM-010
K-175,MM-002
P-176,MM-010
P-177,MM-009
XV-178,MM-002
FT-179,MM-001
P-180,MM-009
PT-181,MM-003
V-182,MM-007
V-183,MM-009
K-184,MM-006
PSV-185,MM-009
V-186,MM-008
XV-187,MM-002
PSV-188,MM-009
P-189,MM-010
PT-190,MM-003
XV-191,MM-008
XV-192,MM-001
K-193,MM-002
PSV-194,MM-005
COL-195,MM-001
XV-196,MM-004
TT-197,MM-007
V-198,MM-006
LT-199,MM-005
E-200,MM-005
PT-201,MM-005
FCV-202,MM-009
P-203,MM-007
P-204,MM-009
COL-205,MM-007
FCV-206,MM-001
COL-207,MM-005
K-208,MM-004
LT-209,MM-001
XV-210,MM-007
FT-211,MM-010
E-212,MM-010
FT-213,MM-006
V-214,MM-007
PT-215,MM-004
COL-216,MM-003
PT-217,MM-003
PT-218,MM-004
COL-219,MM-010
E-220,MM-004
FT-221,MM-003
TT-222,MM-001
P-223,MM-003
TT-224,MM-009
TT-225,MM-003
TT-226,MM-004
PSV-227,MM-008
XV-228,MM-003
XV-229,MM-005
E-230,MM-009
E-231,MM-001
PT-232,MM-001
V-233,MM-010
V-234,MM-008
PSV-235,MM-004
TT-236,MM-009
LT-237,MM-006
V-238,MM-001
TT-239,MM-008
FCV-240,MM-002
PSV-241,MM-004
LT-242,MM-003
PT-243,MM-009
FCV-244,MM-009
TT-245,MM-009
COL-246,MM-001
V-247,MM-001
E-248,MM-009
P-249,MM-008
COL-250,MM-004
K-251,MM-005
PT-252,MM-009
LT-253,MM-010
E-254,MM-009
V-255,MM-009
COL-256,MM-005
LT-257,MM-010
K-258,MM-003
E-259,MM-002
FT-260,MM-010
PT-261,MM-008
V-262,MM-001
COL-263,MM-007
LT-264,MM-004
PSV-265,MM-004
FCV-266,MM-001
TT-267,MM-001
TT-268,MM-006
FCV-269,MM-003
P-270,MM-009
COL-271,MM-004
E-272,MM-009
V-273,MM-010
FCV-274,MM-006
COL-275,MM-006
LT-276,MM-005
FCV-277,MM-008
K-278,MM-006
FCV-279,MM-002
E-280,MM-002
K-281,MM-010
V-282,MM-009
E-283,MM-010
COL-284,MM-009
FT-285,MM-007
K-286,MM-005
E-287,MM-010
E-288,MM-005
P-289,MM-005
COL-290,MM-007
PSV-291,MM-007
V-292,MM-001
FT-293,MM-003
P-294,MM-008
P-295,MM-001
TT-296,MM-007
XV-297,MM-003
FCV-298,MM-010
E-299,MM-008
TT-300,MM-005
PSV-301,MM-002
E-302,MM-010
PSV-303,MM-001
PSV-304,MM-002
K-305,MM-009
TT-306,MM-001
V-307,MM-003
V-308,MM-002
PT-309,MM-009
XV-310,MM-004
FT-311,MM-003
XV-312,MM-003
P-313,MM-005
LT-314,MM-003
P-315,MM-007
K-316,MM-004
COL-317,MM-009
P-318,MM-008
P-319,MM-007
LT-320,MM-003
PT-321,MM-010
COL-322,MM-002
PSV-323,MM-008
FT-324,MM-004
COL-325,MM-006
V-326,MM-002
LT-327,MM-002
E-328,MM-010
P-329,MM-002
E-330,MM-001
K-331,MM-002
COL-332,MM-009
PT-333,MM-008
PT-334,MM-003
P-335,MM-005
E-336,MM-007
P-337,MM-003
FT-338,MM-001
K-339,MM-010
FT-340,MM-009
P-341,MM-002
E-342,MM-001
FT-343,MM-006
P-344,MM-005
P-345,MM-009
COL-346,MM-002
PT-347,MM-010
PT-348,MM-008
XV-349,MM-004
PT-350,MM-006
FT-351,MM-004
PT-352,MM-001
COL-353,MM-007
K-354,MM-005
V-355,MM-003
P-356,MM-010
FCV-357,MM-010
COL-358,MM-002
P-359,MM-007
PSV-360,MM-003
K-361,MM-007
LT-362,MM-003
LT-363,MM-006
P-364,MM-007
P-365,MM-002
P-366,MM-009
COL-367,MM-002
E-368,MM-010
FCV-369,MM-002
PT-370,MM-001
V-371,MM-004
E-372,MM-003
XV-373,MM-005
FT-374,MM-006
COL-375,MM-007
K-376,MM-005
TT-377,MM-009
FT-378,MM-002
XV-379,MM-002
PSV-380,MM-009
LT-381,MM-002
PT-382,MM-003
V-383,MM-004
XV-384,MM-003
P-385,MM-006
PSV-386,MM-010
COL-387,MM-001
XV-388,MM-002
PT-389,MM-004
P-390,MM-006
XV-391,MM-005
PT-392,MM-004
FT-393,MM-007
V-394,MM-003
TT-395,MM-009
FT-396,MM-002
FCV-397,MM-008
FT-398,MM-001
LT-399,MM-007
K-400,MM-005
LT-401,MM-003
FCV-402,MM-007
TT-403,MM-002
LT-404,MM-001
LT-405,MM-007
FCV-406,MM-008
K-407,MM-010
K-408,MM-003
LT-409,MM-008
K-410,MM-006
V-411,MM-009
P-412,MM-001
PT-413,MM-002
E-414,MM-010
V-415,MM-001
FCV-416,MM-001
P-417,MM-009
V-418,MM-001
TT-419,MM-009
LT-420,MM-002
FT-421,MM-009
LT-422,MM-001
K-423,MM-006
FCV-424,MM-009
PSV-425,MM-008
XV-426,MM-010
E-427,MM-002
XV-428,MM-008
E-429,MM-006
PT-430,MM-001
FCV-431,MM-005
P-432,MM-009
V-433,MM-006
E-434,MM-009
COL-435,MM-010
PSV-436,MM-002
COL-437,MM-008
TT-438,MM-005
E-439,MM-007
PT-440,MM-006
PT-441,MM-008
LT-442,MM-009
E-443,MM-006
P-444,MM-009
P-445,MM-007
PSV-446,MM-009
COL-447,MM-007
XV-448,MM-004
FT-449,MM-003
PT-450,MM-007
PT-451,MM-010
XV-452,MM-009
P-453,MM-009
FCV-454,MM-006
PSV-455,MM-008
E-456,MM-001
P-457,MM-003
PT-458,MM-002
COL-459,MM-006
K-460,MM-004
E-461,MM-009
P-462,MM-008
PT-463,MM-007
COL-464,MM-006
COL-465,MM-007
PSV-466,MM-007
P-467,MM-007
PSV-468,MM-005
P-469,MM-005
P-470,MM-004
P-471,MM-009
FCV-472,MM-006
XV-473,MM-006
K-474,MM-003
E-475,MM-004
COL-476,MM-005
E-477,MM-003
E-478,MM-006
PT-479,MM-002
K-480,MM-003
XV-481,MM-004
P-482,MM-010
TT-483,MM-003
LT-484,MM-006
COL-485,MM-008
P-486,MM-010
FT-487,MM-008
FCV-488,MM-001
TT-489,MM-003
PSV-490,MM-010
TT-491,MM-010
PT-492,MM-009
PSV-493,MM-007
FT-494,MM-005
PT-495,MM-008
PT-496,MM-005
FT-497,MM-001
FCV-498,MM-004
FT-499,MM-006
E-500,MM-010
FCV-501,MM-007
LT-502,MM-009
P-503,MM-006
LT-504,MM-002
PT-505,MM-010
E-506,MM-006
PT-507,MM-008
TT-508,MM-007
FCV-509,MM-007
FT-510,MM-006
K-511,MM-004
PT-512,MM-006
PSV-513,MM-001
TT-514,MM-010
K-515,MM-008
COL-516,MM-010
K-517,MM-004
LT-518,MM-010
P-519,MM-009
V-520,MM-003
XV-521,MM-008
PT-522,MM-007
FT-523,MM-009
FT-524,MM-007
COL-525,MM-001
E-526,MM-002
COL-527,MM-009
P-528,MM-005
PSV-529,MM-002
P-530,MM-002
V-531,MM-008
E-532,MM-005
PSV-533,MM-006
V-534,MM-010
E-535,MM-004
FCV-536,MM-003
XV-537,MM-007
P-538,MM-003
FCV-539,MM-006
LT-540,MM-007
LT-541,MM-010
PT-542,MM-005
P-543,MM-006
FT-544,MM-009
E-545,MM-008
V-546,MM-007
E-547,MM-004
XV-548,MM-008
K-549,MM-001
P-550,MM-010
V-551,MM-002
LT-552,MM-002
E-553,MM-010
LT-554,MM-003
PSV-555,MM-006
P-556,MM-006
P-557,MM-007
COL-558,MM-006
TT-559,MM-002
FCV-560,MM-010
E-561,MM-003
K-562,MM-004
P-563,MM-010
LT-564,MM-004
PT-565,MM-003
TT-566,MM-007
COL-567,MM-001
P-568,MM-001
E-569,MM-009
K-570,MM-003
FT-571,MM-005
V-572,MM-006
P-573,MM-008
PT-574,MM-003
TT-575,MM-008
XV-576,MM-003
LT-577,MM-005
E-578,MM-007
TT-579,MM-007
LT-580,MM-007
FCV-581,MM-007
E-582,MM-003
PSV-583,MM-007
P-584,MM-004
E-585,MM-005
XV-586,MM-007
TT-587,MM-009
LT-588,MM-002
K-589,MM-004
PT-590,MM-004
PSV-591,MM-001
FCV-592,MM-008
LT-593,MM-007
LT-594,MM-010
PT-595,MM-005
K-596,MM-009
P-597,MM-007
COL-598,MM-002
PT-599,MM-005
FT-600,MM-004
PSV-601,MM-002
COL-602,MM-009
E-603,MM-010
XV-604,MM-002
PSV-605,MM-008
LT-606,MM-004
FT-607,MM-005
E-608,MM-008
PSV-609,MM-001
FT-610,MM-007
E-611,MM-007
K-612,MM-006
COL-613,MM-004
E-614,MM-009
FCV-615,MM-004
COL-616,MM-005
XV-617,MM-006
E-618,MM-001
E-619,MM-007
LT-620,MM-003
K-621,MM-001
P-622,MM-010
TT-623,MM-005
P-624,MM-008
P-625,MM-001
XV-626,MM-006
P-627,MM-008
COL-628,MM-002
COL-629,MM-009
LT-630,MM-004
K-631,MM-004
FCV-632,MM-003
P-633,MM-009
V-634,MM-005
FCV-635,MM-001
PSV-636,MM-001
XV-637,MM-004
FT-638,MM-005
E-639,MM-001
P-640,MM-010
FT-641,MM-007
PSV-642,MM-003
LT-643,MM-008
COL-644,MM-009
PT-645,MM-008
K-646,MM-002
FT-647,MM-005
TT-648,MM-001
PSV-649,MM-006
P-650,MM-002
K-651,MM-003
FCV-652,MM-006
E-653,MM-005
XV-654,MM-003
XV-655,MM-010
P-656,MM-007
P-657,MM-010
P-658,MM-001
K-659,MM-005
FCV-660,MM-002
TT-661,MM-004
PT-662,MM-010
XV-663,MM-003
LT-664,MM-009
COL-665,MM-009
V-666,MM-009
P-667,MM-003
FCV-668,MM-005
P-669,MM-009
E-670,MM-004
PSV-671,MM-009
FCV-672,MM-002
PT-673,MM-003
LT-674,MM-001
COL-675,MM-001
LT-676,MM-005
K-677,MM-008
E-678,MM-003
PSV-679,MM-004
P-680,MM-002
FCV-681,MM-004
K-682,MM-004
PSV-683,MM-009
K-684,MM-007
E-685,MM-004
P-686,MM-004
FCV-687,MM-004
FT-688,MM-009
P-689,MM-004
TT-690,MM-005
TT-691,MM-006
K-692,MM-009
COL-693,MM-001
XV-694,MM-007
PSV-695,MM-008
P-696,MM-007
PSV-697,MM-005
V-698,MM-007
P-699,MM-008
FCV-700,MM-010
FT-701,MM-010
PSV-702,MM-010
LT-703,MM-010
E-704,MM-006
K-705,MM-001
V-706,MM-005
FT-707,MM-001
XV-708,MM-001
TT-709,MM-004
FCV-710,MM-005
COL-711,MM-005
FT-712,MM-006
XV-713,MM-008
K-714,MM-003
V-715,MM-003
P-716,MM-002
LT-717,MM-002
TT-718,MM-006
V-719,MM-002
P-720,MM-009
K-721,MM-007
K-722,MM-008
FCV-723,MM-004
TT-724,MM-002
COL-725,MM-008
COL-726,MM-007
LT-727,MM-006
PSV-728,MM-009
V-729,MM-006
K-730,MM-004
FT-731,MM-001
K-732,MM-005
P-733,MM-001
V-734,MM-002
FT-735,MM-002
FT-736,MM-010
FCV-737,MM-003
K-738,MM-003
PSV-739,MM-006
V-740,MM-007
P-741,MM-009
PSV-742,MM-010
TT-743,MM-009
TT-744,MM-001
FT-745,MM-008
XV-746,MM-008
V-747,MM-006
V-748,MM-003
PSV-749,MM-008
P-750,MM-008
FT-751,MM-005
P-752,MM-002
E-753,MM-001
TT-754,MM-006
FCV-755,MM-006
E-756,MM-003
LT-757,MM-005
P-758,MM-006
V-759,MM-005
COL-760,MM-005
K-761,MM-009
P-762,MM-009
FCV-763,MM-009
E-764,MM-008
LT-765,MM-010
PSV-766,MM-002
TT-767,MM-006
P-768,MM-009
PSV-769,MM-005
COL-770,MM-009
E-771,MM-006
COL-772,MM-002
COL-773,MM-009
P-774,MM-008
P-775,MM-003
PSV-776,MM-007
LT-777,MM-007
COL-778,MM-004
PSV-779,MM-006
V-780,MM-009
FT-781,MM-008
P-782,MM-007
PSV-783,MM-005
V-784,MM-001
PT-785,MM-006
E-786,MM-010
K-787,MM-004
V-788,MM-007
COL-789,MM-010
K-790,MM-004
FT-791,MM-001
V-792,MM-008
E-793,MM-006
LT-794,MM-001
P-795,MM-009
P-796,MM-003
V-797,MM-007
E-798,MM-001
LT-799,MM-008
TT-800,MM-006
P-801,MM-009
V-802,MM-001
E-803,MM-009
V-804,MM-010
E-805,MM-010
E-806,MM-008
E-807,MM-003
TT-808,MM-004
V-809,MM-004
PSV-810,MM-003
FCV-811,MM-007
XV-812,MM-009
COL-813,MM-001
COL-814,MM-005
PT-815,MM-010
K-816,MM-003
TT-817,MM-004
P-818,MM-002
FT-819,MM-006
LT-820,MM-008
FCV-821,MM-003
E-822,MM-003
PSV-823,MM-010
COL-824,MM-009
FCV-825,MM-010
K-826,MM-004
LT-827,MM-007
K-828,MM-001
FT-829,MM-009
V-830,MM-007
PT-831,MM-008
PT-832,MM-007
P-833,MM-010
PT-834,MM-009
PT-835,MM-001
XV-836,MM-009
COL-837,MM-006
K-838,MM-010
E-839,MM-007
TT-840,MM-006
LT-841,MM-008
PT-842,MM-004
LT-843,MM-002
V-844,MM-003
COL-845,MM-005
FT-846,MM-004
FCV-847,MM-008
FCV-848,MM-003
LT-849,MM-002
P-850,MM-007
PT-851,MM-010
PSV-852,MM-001
K-853,MM-005
LT-854,MM-001
P-855,MM-008
TT-856,MM-005
K-857,MM-008
FCV-858,MM-006
V-859,MM-006
FT-860,MM-001
TT-861,MM-001
TT-862,MM-004
P-863,MM-002
XV-864,MM-001
V-865,MM-001
FCV-866,MM-001
PSV-867,MM-001
PSV-868,MM-005
PSV-869,MM-009
FCV-870,MM-010
COL-871,MM-010
P-872,MM-004
E-873,MM-005
E-874,MM-004
FT-875,MM-010
XV-876,MM-005
P-877,MM-010
K-878,MM-009
P-879,MM-008
E-880,MM-007
TT-881,MM-008
TT-882,MM-001
FCV-883,MM-008
K-884,MM-005
PSV-885,MM-010
TT-886,MM-004
TT-887,MM-009
V-888,MM-009
PT-889,MM-001
TT-890,MM-008
P-891,MM-008
XV-892,MM-007
TT-893,MM-008
P-894,MM-007
XV-895,MM-006
E-896,MM-006
P-897,MM-008
PT-898,MM-001
TT-899,MM-009
COL-900,MM-005
E-901,MM-002
P-902,MM-002
P-903,MM-006
LT-904,MM-009
FCV-905,MM-001
P-906,MM-009
PSV-907,MM-004
P-908,MM-004
P-909,MM-009
V-910,MM-003
P-911,MM-002
PT-912,MM-006
TT-913,MM-007
E-914,MM-005
COL-915,MM-001
P-916,MM-006
TT-917,MM-009
V-918,MM-008
K-919,MM-004
PT-920,MM-005
FCV-921,MM-005
COL-922,MM-005
P-923,MM-002
COL-924,MM-003
XV-925,MM-010
TT-926,MM-007
P-927,MM-008
FT-928,MM-008
XV-929,MM-010
FCV-930,MM-002
P-931,MM-007
FT-932,MM-001
PSV-933,MM-006
COL-934,MM-004
PSV-935,MM-008
COL-936,MM-003
K-937,MM-002
LT-938,MM-003
XV-939,MM-005
FT-940,MM-005
PT-941,MM-010
FT-942,MM-002
XV-943,MM-010
PT-944,MM-007
E-945,MM-005
LT-946,MM-005
FT-947,MM-003
XV-948,MM-005
TT-949,MM-010
FCV-950,MM-003
XV-951,MM-001
V-952,MM-010
K-953,MM-006
FCV-954,MM-007
COL-955,MM-002
K-956,MM-009
COL-957,MM-005
PSV-958,MM-004
K-959,MM-010
K-960,MM-010
E-961,MM-004
E-962,MM-010
LT-963,MM-002
V-964,MM-003
COL-965,MM-010
E-966,MM-003
FT-967,MM-006
TT-968,MM-008
V-969,MM-009
XV-970,MM-010
FT-971,MM-003
P-972,MM-008
V-973,MM-003
P-974,MM-006
FCV-975,MM-006
FCV-976,MM-009
FCV-977,MM-010
FCV-978,MM-002
PSV-979,MM-004
V-980,MM-005
E-981,MM-001
COL-982,MM-007
XV-983,MM-008
LT-984,MM-002
PSV-985,MM-004
K-986,MM-009
K-987,MM-003
XV-988,MM-002
V-989,MM-004
P-990,MM-008
E-991,MM-002
LT-992,MM-003
FCV-993,MM-004
PT-994,MM-001
FT-995,MM-003
XV-996,MM-003
FT-997,MM-005
TT-998,MM-010
COL-999,MM-001
P-1000,MM-003
P-1001,MM-002
P-1002,MM-009
TT-1003,MM-006
XV-1004,MM-005
P-1005,MM-010
XV-1006,MM-002
FT-1007,MM-001
PSV-1008,MM-001
PSV-1009,MM-005
FT-1010,MM-003
FT-1011,MM-007
V-1012,MM-010
XV-1013,MM-009
LT-1014,MM-010
FCV-1015,MM-010
V-1016,MM-002
LT-1017,MM-007
PT-1018,MM-010
LT-1019,MM-003
FT-1020,MM-007
COL-1021,MM-002
P-1022,MM-004
P-1023,MM-009
PT-1024,MM-003
LT-1025,MM-006
PSV-1026,MM-003
PSV-1027,MM-005
FCV-1028,MM-010
K-1029,MM-001
P-1030,MM-001
PSV-1031,MM-010
V-1032,MM-006
XV-1033,MM-002
LT-1034,MM-006
LT-1035,MM-004
V-1036,MM-006
XV-1037,MM-007
FT-1038,MM-010
XV-1039,MM-005
LT-1040,MM-007
PSV-1041,MM-005
P-1042,MM-005
PT-1043,MM-004
LT-1044,MM-002
TT-1045,MM-002
FCV-1046,MM-010
P-1047,MM-009
K-1048,MM-006
LT-1049,MM-003
LT-1050,MM-004
P-1051,MM-003
P-1052,MM-006
FT-1053,MM-004
P-1054,MM-010
P-1055,MM-004
P-1056,MM-009
P-1057,MM-001
K-1058,MM-008
COL-1059,MM-003
V-1060,MM-007
E-1061,MM-009
PT-1062,MM-007
PT-1063,MM-001
P-1064,MM-005
XV-1065,MM-010
V-1066,MM-005
LT-1067,MM-010
P-1068,MM-009
FCV-1069,MM-008
XV-1070,MM-009
LT-1071,MM-007
XV-1072,MM-002
PT-1073,MM-005
FT-1074,MM-010
K-1075,MM-006
P-1076,MM-010
LT-1077,MM-005
V-1078,MM-001
V-1079,MM-005
PT-1080,MM-007
COL-1081,MM-004
FCV-1082,MM-001
PSV-1083,MM-007
E-1084,MM-002
LT-1085,MM-001
LT-1086,MM-004
COL-1087,MM-010
P-1088,MM-004
P-1089,MM-010
E-1090,MM-004
PSV-1091,MM-008
LT-1092,MM-006
V-1093,MM-001
E-1094,MM-009
TT-1095,MM-005
P-1096,MM-003
FT-1097,MM-003
PSV-1098,MM-001
P-1099,MM-001
TT-1100,MM-009
V-1101,MM-007
P-1102,MM-001
LT-1103,MM-001
E-1104,MM-005
K-1105,MM-004
P-1106,MM-002
TT-1107,MM-003
K-1108,MM-002
COL-1109,MM-009
P-1110,MM-008
LT-1111,MM-006
XV-1112,MM-008
FCV-1113,MM-004
TT-1114,MM-004
P-1115,MM-006
V-1116,MM-005
LT-1117,MM-008
FT-1118,MM-007
TT-1119,MM-003
V-1120,MM-003
P-1121,MM-007
FT-1122,MM-006
K-1123,MM-002
V-1124,MM-004
TT-1125,MM-001
PT-1126,MM-001
COL-1127,MM-007
PT-1128,MM-006
P-1129,MM-003
P-1130,MM-007
FCV-1131,MM-004
PSV-1132,MM-004
PSV-1133,MM-009
P-1134,MM-008
P-1135,MM-003
FT-1136,MM-003
LT-1137,MM-002
LT-1138,MM-009
XV-1139,MM-008
XV-1140,MM-006
COL-1141,MM-004
COL-1142,MM-008
PSV-1143,MM-010
P-1144,MM-010
P-1145,MM-004
P-1146,MM-006
P-1147,MM-007
P-1148,MM-004
PT-1149,MM-009
FCV-1150,MM-008
PSV-1151,MM-008
P-1152,MM-008
LT-1153,MM-010
P-1154,MM-002
V-1155,MM-008
E-1156,MM-010
K-1157,MM-007
FCV-1158,MM-002
COL-1159,MM-002
V-1160,MM-004
E-1161,MM-003
LT-1162,MM-010
LT-1163,MM-003
LT-1164,MM-006
XV-1165,MM-005
XV-1166,MM-009
P-1167,MM-005
LT-1168,MM-006
P-1169,MM-002
PSV-1170,MM-010
XV-1171,MM-004
P-1172,MM-005
TT-1173,MM-003
COL-1174,MM-002
FT-1175,MM-006
LT-1176,MM-005
P-1177,MM-006
TT-1178,MM-008
PT-1179,MM-008
LT-1180,MM-008
PT-1181,MM-005
LT-1182,MM-002
PT-1183,MM-007
PSV-1184,MM-009
LT-1185,MM-002
FCV-1186,MM-005
V-1187,MM-004
TT-1188,MM-001
PT-1189,MM-003
PT-1190,MM-004
XV-1191,MM-003
PSV-1192,MM-004
P-1193,MM-010
COL-1194,MM-007
V-1195,MM-001
COL-1196,MM-008
PT-1197,MM-010
E-1198,MM-006
FCV-1199,MM-005
E-1200,MM-003
FCV-1201,MM-008
FT-1202,MM-005
V-1203,MM-008
XV-1204,MM-007
FCV-1205,MM-001
P-1206,MM-009
K-1207,MM-004
K-1208,MM-009
LT-1209,MM-004
FCV-1210,MM-008
P-1211,MM-002
P-1212,MM-010
V-1213,MM-003
V-1214,MM-010
XV-1215,MM-003
XV-1216,MM-006
P-1217,MM-002
FCV-1218,MM-005
FT-1219,MM-005
COL-1220,MM-008
PSV-1221,MM-003
COL-1222,MM-004
P-1223,MM-006
FCV-1224,MM-004
COL-1225,MM-006
TT-1226,MM-008
PT-1227,MM-009
PT-1228,MM-001
PT-1229,MM-004
XV-1230,MM-001
P-1231,MM-005
E-1232,MM-007
XV-1233,MM-001
V-1234,MM-006
FT-1235,MM-007
FCV-1236,MM-002
P-1237,MM-003
LT-1238,MM-010
E-1239,MM-001
FT-1240,MM-008
P-1241,MM-004
TT-1242,MM-007
P-1243,MM-003
XV-1244,MM-009
LT-1245,MM-006
V-1246,MM-005
XV-1247,MM-009
TT-1248,MM-003
PT-1249,MM-003
K-1250,MM-009
XV-1251,MM-005
TT-1252,MM-002
PSV-1253,MM-006
XV-1254,MM-010
COL-1255,MM-002
P-1256,MM-010
FCV-1257,MM-002
LT-1258,MM-008
PT-1259,MM-004
COL-1260,MM-005
TT-1261,MM-010
P-1262,MM-005
E-1263,MM-007
FCV-1264,MM-006
P-1265,MM-004
K-1266,MM-003
P-1267,MM-006
E-1268,MM-010
P-1269,MM-008
TT-1270,MM-002
P-1271,MM-004
P-1272,MM-008
COL-1273,MM-002
P-1274,MM-010
V-1275,MM-007
XV-1276,MM-010
PT-1277,MM-004
COL-1278,MM-006
K-1279,MM-004
P-1280,MM-005
P-1281,MM-006
PSV-1282,MM-002
FCV-1283,MM-007
FCV-1284,MM-010
PT-1285,MM-006
P-1286,MM-007
COL-1287,MM-003
E-1288,MM-006
LT-1289,MM-003
FT-1290,MM-004
V-1291,MM-005
XV-1292,MM-009
P-1293,MM-009
FT-1294,MM-010
PT-1295,MM-007
E-1296,MM-003
PT-1297,MM-005
FT-1298,MM-001
P-1299,MM-007
LT-1300,MM-008
FT-1301,MM-003
PT-1302,MM-008
COL-1303,MM-007
K-1304,MM-005
PSV-1305,MM-001
P-1306,MM-010
COL-1307,MM-007
XV-1308,MM-010
FT-1309,MM-005
FCV-1310,MM-001
PT-1311,MM-010
PT-1312,MM-003
P-1313,MM-006
TT-1314,MM-007
E-1315,MM-004
PSV-1316,MM-008
K-1317,MM-005
FT-1318,MM-005
E-1319,MM-008
FCV-1320,MM-004
V-1321,MM-001
E-1322,MM-007
FT-1323,MM-004
FCV-1324,MM-007
TT-1325,MM-009
XV-1326,MM-001
K-1327,MM-006
P-1328,MM-004
PSV-1329,MM-003
LT-1330,MM-008
V-1331,MM-004
V-1332,MM-005
K-1333,MM-007
TT-1334,MM-005
V-1335,MM-010
E-1336,MM-002
PSV-1337,MM-009
K-1338,MM-003
P-1339,MM-006
P-1340,MM-002
XV-1341,MM-005
V-1342,MM-003
P-1343,MM-002
FT-1344,MM-010
P-1345,MM-001
P-1346,MM-004
TT-1347,MM-005
P-1348,MM-006
P-1349,MM-002
P-1350,MM-007
V-1351,MM-006
V-1352,MM-004
COL-1353,MM-003
FCV-1354,MM-006
P-1355,MM-002
PSV-1356,MM-001
PSV-1357,MM-007
FCV-1358,MM-003
K-1359,MM-003
PT-1360,MM-003
PSV-1361,MM-008
K-1362,MM-005
FT-1363,MM-009
XV-1364,MM-008
E-1365,MM-003
PT-1366,MM-003
PT-1367,MM-004
E-1368,MM-003
V-1369,MM-007
FCV-1370,MM-001
E-1371,MM-001
E-1372,MM-002
COL-1373,MM-008
V-1374,MM-008
P-1375,MM-006
XV-1376,MM-005
TT-1377,MM-010
FT-1378,MM-008
P-1379,MM-002
PSV-1380,MM-007
P-1381,MM-003
K-1382,MM-007
LT-1383,MM-004
LT-1384,MM-008
FCV-1385,MM-003
FT-1386,MM-006
PSV-1387,MM-002
E-1388,MM-008
P-1389,MM-007
PT-1390,MM-001
K-1391,MM-008
PT-1392,MM-005
P-1393,MM-006
P-1394,MM-002
XV-1395,MM-003
TT-1396,MM-004
XV-1397,MM-009
PT-1398,MM-007
TT-1399,MM-010
TT-1400,MM-009
TT-1401,MM-001
FT-1402,MM-008
TT-1403,MM-008
K-1404,MM-003
PSV-1405,MM-004
V-1406,MM-002
COL-1407,MM-001
LT-1408,MM-008
PSV-1409,MM-008
K-1410,MM-007
PSV-1411,MM-006
K-1412,MM-005
PT-1413,MM-007
TT-1414,MM-004
P-1415,MM-004
PT-1416,MM-006
V-1417,MM-001
K-1418,MM-008
K-1419,MM-001
TT-1420,MM-005
FT-1421,MM-001
P-1422,MM-009
PSV-1423,MM-002
LT-1424,MM-001
FCV-1425,MM-004
LT-1426,MM-007
P-1427,MM-004
PT-1428,MM-008
P-1429,MM-001
V-1430,MM-004
TT-1431,MM-001
FT-1432,MM-008
FCV-1433,MM-003
FT-1434,MM-004
V-1435,MM-003
FCV-1436,MM-003
P-1437,MM-005
COL-1438,MM-004
FCV-1439,MM-001
LT-1440,MM-002
COL-1441,MM-004
V-1442,MM-004
TT-1443,MM-001
PSV-1444,MM-010
TT-1445,MM-009
XV-1446,MM-003
COL-1447,MM-002
K-1448,MM-009
P-1449,MM-008
FCV-1450,MM-008
FT-1451,MM-007
FT-1452,MM-004
V-1453,MM-005
P-1454,MM-002
TT-1455,MM-003
E-1456,MM-004
PT-1457,MM-007
K-1458,MM-007
P-1459,MM-001
P-1460,MM-002
P-1461,MM-006
LT-1462,MM-008
PT-1463,MM-002
PSV-1464,MM-001
TT-1465,MM-006
P-1466,MM-007
K-1467,MM-003
K-1468,MM-004
COL-1469,MM-010
PT-1470,MM-006
P-1471,MM-001
V-1472,MM-004
P-1473,MM-005
PT-1474,MM-006
V-1475,MM-004
P-1476,MM-008
P-1477,MM-001
XV-1478,MM-009
K-1479,MM-003
P-1480,MM-003
COL-1481,MM-008
TT-1482,MM-001
P-1483,MM-003
XV-1484,MM-005
FT-1485,MM-006
P-1486,MM-005
PSV-1487,MM-008
PSV-1488,MM-010
P-1489,MM-003
P-1490,MM-002
TT-1491,MM-001
TT-1492,MM-002
E-1493,MM-008
FT-1494,MM-002
P-1495,MM-001
PSV-1496,MM-009
V-1497,MM-009
LT-1498,MM-009
TT-1499,MM-005
FCV-1500,MM-007
K-1501,MM-010
TT-1502,MM-006
K-1503,MM-006
PSV-1504,MM-004
P-1505,MM-005
V-1506,MM-009
P-1507,MM-007
E-1508,MM-008
XV-1509,MM-001
E-1510,MM-002
LT-1511,MM-001
PT-1512,MM-008
P-1513,MM-001
XV-1514,MM-007
P-1515,MM-006
COL-1516,MM-005
E-1517,MM-009
P-1518,MM-008
P-1519,MM-006
K-1520,MM-005
FT-1521,MM-002
TT-1522,MM-002
TT-1523,MM-009
COL-1524,MM-010
COL-1525,MM-005
COL-1526,MM-008
COL-1527,MM-001
COL-1528,MM-004
XV-1529,MM-009
FT-1530,MM-005
COL-1531,MM-006
FCV-1532,MM-003
P-1533,MM-006
LT-1534,MM-009
LT-1535,MM-003
V-1536,MM-008
LT-1537,MM-006
LT-1538,MM-007
FT-1539,MM-006
LT-1540,MM-008
P-1541,MM-002
FT-1542,MM-010
PT-1543,MM-001
E-1544,MM-005
TT-1545,MM-005
K-1546,MM-002
V-1547,MM-005
COL-1548,MM-001
E-1549,MM-004
TT-1550,MM-008
FCV-1551,MM-002
P-1552,MM-001
P-1553,MM-002
PSV-1554,MM-003
E-1555,MM-002
E-1556,MM-010
PSV-1557,MM-001
P-1558,MM-001
E-1559,MM-007
P-1560,MM-009
FT-1561,MM-008
XV-1562,MM-008
FCV-1563,MM-004
PT-1564,MM-006
PT-1565,MM-004
LT-1566,MM-010
FT-1567,MM-009
PSV-1568,MM-007
E-1569,MM-010
PSV-1570,MM-002
E-1571,MM-005
E-1572,MM-001
LT-1573,MM-008
FT-1574,MM-005
XV-1575,MM-001
FT-1576,MM-007
V-1577,MM-002
LT-1578,MM-002
V-1579,MM-003
K-1580,MM-007
TT-1581,MM-001
K-1582,MM-005
FT-1583,MM-003
FCV-1584,MM-004
COL-1585,MM-004
P-1586,MM-002
PT-1587,MM-008
PSV-1588,MM-004
P-1589,MM-002
FCV-1590,MM-002
PT-1591,MM-001
P-1592,MM-007
V-1593,MM-006
P-1594,MM-005
PSV-1595,MM-008
E-1596,MM-001
V-1597,MM-006
E-1598,MM-009
E-1599,MM-007
COL-1600,MM-002
XV-1601,MM-008
V-1602,MM-005
K-1603,MM-007
FCV-1604,MM-010
P-1605,MM-008
PT-1606,MM-003
LT-1607,MM-001
P-1608,MM-009
K-1609,MM-002
FCV-1610,MM-001
E-1611,MM-001
LT-1612,MM-009
V-1613,MM-007
TT-1614,MM-003
PT-1615,MM-007
PT-1616,MM-004
LT-1617,MM-002
P-1618,MM-003
P-1619,MM-004
PT-1620,MM-009
TT-1621,MM-010
COL-1622,MM-008
V-1623,MM-010
PT-1624,MM-007
LT-1625,MM-003
FCV-1626,MM-010
K-1627,MM-004
XV-1628,MM-005
FCV-1629,MM-002
P-1630,MM-003
COL-1631,MM-009
V-1632,MM-008
PT-1633,MM-001
FCV-1634,MM-003
E-1635,MM-001
FT-1636,MM-009
K-1637,MM-006
V-1638,MM-009
COL-1639,MM-007
P-1640,MM-005
TT-1641,MM-006
V-1642,MM-005
TT-1643,MM-008
E-1644,MM-001
COL-1645,MM-004
FCV-1646,MM-001
FT-1647,MM-002
FT-1648,MM-007
TT-1649,MM-009
V-1650,MM-008
LT-1651,MM-008
PSV-1652,MM-009
FT-1653,MM-007
P-1654,MM-006
TT-1655,MM-009
LT-1656,MM-010
K-1657,MM-002
E-1658,MM-008
LT-1659,MM-002
FCV-1660,MM-006
XV-1661,MM-008
PSV-1662,MM-001
TT-1663,MM-002
P-1664,MM-002
LT-1665,MM-010
LT-1666,MM-009
XV-1667,MM-009
FT-1668,MM-004
COL-1669,MM-006
LT-1670,MM-010
V-1671,MM-007
FCV-1672,MM-008
K-1673,MM-006
LT-1674,MM-004
TT-1675,MM-005
XV-1676,MM-010
TT-1677,MM-001
TT-1678,MM-004
K-1679,MM-010
E-1680,MM-003
XV-1681,MM-010
XV-1682,MM-009
FCV-1683,MM-004
P-1684,MM-005
E-1685,MM-008
K-1686,MM-003
V-1687,MM-006
TT-1688,MM-009
FT-1689,MM-010
COL-1690,MM-002
P-1691,MM-004
XV-1692,MM-001
FT-1693,MM-008
V-1694,MM-010
FCV-1695,MM-002
K-1696,MM-002
K-1697,MM-010
V-1698,MM-008
V-1699,MM-005
TT-1700,MM-006
PT-1701,MM-008
K-1702,MM-002
COL-1703,MM-009
P-1704,MM-009
E-1705,MM-010
PSV-1706,MM-005
FCV-1707,MM-010
COL-1708,MM-002
COL-1709,MM-005
P-1710,MM-008
V-1711,MM-003
LT-1712,MM-001
P-1713,MM-009
LT-1714,MM-007
P-1715,MM-010
V-1716,MM-008
PSV-1717,MM-002
XV-1718,MM-008
FT-1719,MM-006
PSV-1720,MM-004
FT-1721,MM-007
P-1722,MM-009
XV-1723,MM-005
TT-1724,MM-010
E-1725,MM-006
E-1726,MM-004
LT-1727,MM-007
P-1728,MM-008
P-1729,MM-001
PSV-1730,MM-008
TT-1731,MM-006
V-1732,MM-005
XV-1733,MM-009
TT-1734,MM-005
P-1735,MM-003
PT-1736,MM-004
COL-1737,MM-001
PT-1738,MM-005
PSV-1739,MM-008
P-1740,MM-008
FT-1741,MM-005
V-1742,MM-002
FCV-1743,MM-010
P-1744,MM-003
FT-1745,MM-001
PT-1746,MM-008
LT-1747,MM-008
COL-1748,MM-009
TT-1749,MM-003
XV-1750,MM-002
K-1751,MM-008
LT-1752,MM-002
PT-1753,MM-006
PSV-1754,MM-010
LT-1755,MM-004
PSV-1756,MM-002
LT-1757,MM-001
PSV-1758,MM-003
FT-1759,MM-008
PSV-1760,MM-009
K-1761,MM-010
LT-1762,MM-008
TT-1763,MM-009
PT-1764,MM-008
LT-1765,MM-008
E-1766,MM-007
FCV-1767,MM-006
P-1768,MM-010
PSV-1769,MM-009
V-1770,MM-008
TT-1771,MM-006
FT-1772,MM-001
E-1773,MM-001
PSV-1774,MM-004
XV-1775,MM-008
LT-1776,MM-007
V-1777,MM-001
PT-1778,MM-004
XV-1779,MM-003
XV-1780,MM-002
PT-1781,MM-004
FCV-1782,MM-004
TT-1783,MM-002
COL-1784,MM-008
P-1785,MM-009
TT-1786,MM-010
P-1787,MM-004
P-1788,MM-006
FT-1789,MM-009
PSV-1790,MM-009
PSV-1791,MM-003
E-1792,MM-002
FCV-1793,MM-005
P-1794,MM-009
K-1795,MM-004
PSV-1796,MM-008
TT-1797,MM-003
XV-1798,MM-004
COL-1799,MM-006
XV-1800,MM-005
PSV-1801,MM-005
V-1802,MM-002
V-1803,MM-008
P-1804,MM-007
P-1805,MM-010
K-1806,MM-001
P-1807,MM-003
LT-1808,MM-007
XV-1809,MM-006
P-1810,MM-010
E-1811,MM-008
COL-1812,MM-003
TT-1813,MM-002
COL-1814,MM-009
FCV-1815,MM-010
FCV-1816,MM-008
COL-1817,MM-005
FCV-1818,MM-007
K-1819,MM-002
COL-1820,MM-007
K-1821,MM-003
FT-1822,MM-005
PT-1823,MM-002
TT-1824,MM-005
E-1825,MM-007
FT-1826,MM-001
P-1827,MM-010
P-1828,MM-005
PSV-1829,MM-007
FT-1830,MM-010
XV-1831,MM-005
P-1832,MM-002
COL-1833,MM-003
FCV-1834,MM-008
P-1835,MM-002
E-1836,MM-001
V-1837,MM-007
P-1838,MM-006
P-1839,MM-009
LT-1840,MM-008
K-1841,MM-007
E-1842,MM-006
P-1843,MM-006
FT-1844,MM-001
E-1845,MM-005
XV-1846,MM-002
FCV-1847,MM-001
LT-1848,MM-007
V-1849,MM-001
COL-1850,MM-009
PSV-1851,MM-006
P-1852,MM-001
LT-1853,MM-001
K-1854,MM-001
XV-1855,MM-002
E-1856,MM-008
PSV-1857,MM-010
FT-1858,MM-009
LT-1859,MM-003
XV-1860,MM-007
XV-1861,MM-004
COL-1862,MM-005
TT-1863,MM-010
FT-1864,MM-009
FT-1865,MM-003
FT-1866,MM-004
P-1867,MM-010
E-1868,MM-006
P-1869,MM-009
FCV-1870,MM-008
FT-1871,MM-005
P-1872,MM-009
P-1873,MM-001
FCV-1874,MM-003
PT-1875,MM-009
FT-1876,MM-008
PT-1877,MM-002
K-1878,MM-003
FCV-1879,MM-009
FT-1880,MM-001
XV-1881,MM-006
PT-1882,MM-003
LT-1883,MM-001
XV-1884,MM-005
E-1885,MM-005
V-1886,MM-007
PSV-1887,MM-001
XV-1888,MM-005
FT-1889,MM-006
K-1890,MM-003
PT-1891,MM-001
PSV-1892,MM-007
V-1893,MM-005
P-1894,MM-010
FT-1895,MM-007
K-1896,MM-005
COL-1897,MM-005
P-1898,MM-004
XV-1899,MM-007
PT-1900,MM-001
P-1901,MM-002
P-1902,MM-006
V-1903,MM-003
P-1904,MM-010
XV-1905,MM-007
V-1906,MM-010
COL-1907,MM-008
E-1908,MM-003
LT-1909,MM-008
COL-1910,MM-009
COL-1911,MM-001
COL-1912,MM-004
LT-1913,MM-010
K-1914,MM-010
XV-1915,MM-002
V-1916,MM-002
PSV-1917,MM-001
FCV-1918,MM-010
COL-1919,MM-009
FT-1920,MM-004
XV-1921,MM-004
PSV-1922,MM-005
V-1923,MM-008
FT-1924,MM-010
COL-1925,MM-005
P-1926,MM-008
P-1927,MM-005
LT-1928,MM-001
PSV-1929,MM-010
TT-1930,MM-004
PT-1931,MM-004
P-1932,MM-005
LT-1933,MM-008
V-1934,MM-004
COL-1935,MM-001
K-1936,MM-010
TT-1937,MM-006
V-1938,MM-008
FCV-1939,MM-008
COL-1940,MM-006
K-1941,MM-003
FCV-1942,MM-005
PSV-1943,MM-008
XV-1944,MM-001
K-1945,MM-010
PT-1946,MM-006
P-1947,MM-007
P-1948,MM-003
FCV-1949,MM-001
TT-1950,MM-003
PT-1951,MM-001
PT-1952,MM-007
FT-1953,MM-002
E-1954,MM-004
E-1955,MM-009
COL-1956,MM-003
XV-1957,MM-006
K-1958,MM-009
PT-1959,MM-008
FCV-1960,MM-005
V-1961,MM-002
E-1962,MM-001
PSV-1963,MM-002
XV-1964,MM-010
FT-1965,MM-002
PSV-1966,MM-005
FT-1967,MM-001
COL-1968,MM-001
XV-1969,MM-004
TT-1970,MM-007
PSV-1971,MM-005
XV-1972,MM-002
XV-1973,MM-010
XV-1974,MM-001
V-1975,MM-003
FT-1976,MM-003
P-1977,MM-008
FCV-1978,MM-006
PSV-1979,MM-005
K-1980,MM-003
XV-1981,MM-002
P-1982,MM-002
P-1983,MM-007
E-1984,MM-005
K-1985,MM-010
FCV-1986,MM-004
XV-1987,MM-005
PT-1988,MM-004
COL-1989,MM-003
TT-1990,MM-004
P-1991,MM-002
PT-1992,MM-008
COL-1993,MM-002
P-1994,MM-005
K-1995,MM-001
P-1996,MM-007
E-1997,MM-008
COL-1998,MM-003
XV-1999,MM-004
FCV-2000,MM-007
P-2001,MM-009
FCV-2002,MM-005
E-2003,MM-010
COL-2004,MM-006
XV-2005,MM-004
LT-2006,MM-001
FT-2007,MM-005
P-2008,MM-010
XV-2009,MM-009
PT-2010,MM-008
V-2011,MM-010
TT-2012,MM-007
XV-2013,MM-006
LT-2014,MM-009
P-2015,MM-006
COL-2016,MM-003
COL-2017,MM-004
LT-2018,MM-005
FCV-2019,MM-002
FCV-2020,MM-008
E-2021,MM-008
V-2022,MM-009
E-2023,MM-002
COL-2024,MM-009
TT-2025,MM-007
K-2026,MM-007
COL-2027,MM-007
FCV-2028,MM-004
PT-2029,MM-007
FT-2030,MM-005
COL-2031,MM-003
COL-2032,MM-007
PSV-2033,MM-008
P-2034,MM-007
K-2035,MM-007
LT-2036,MM-003
PSV-2037,MM-001
PT-2038,MM-003
P-2039,MM-002
K-2040,MM-001
LT-2041,MM-009
FT-2042,MM-001
P-2043,MM-009
LT-2044,MM-010
XV-2045,MM-007
XV-2046,MM-003
E-2047,MM-010
FCV-2048,MM-003
FCV-2049,MM-002
COL-2050,MM-007
TT-2051,MM-006
PSV-2052,MM-001
PSV-2053,MM-002
COL-2054,MM-007
LT-2055,MM-006
TT-2056,MM-004
COL-2057,MM-008
XV-2058,MM-007
E-2059,MM-004
FCV-2060,MM-005
K-2061,MM-003
P-2062,MM-003
XV-2063,MM-007
PSV-2064,MM-001
FCV-2065,MM-006
E-2066,MM-005
FT-2067,MM-002
LT-2068,MM-006
PT-2069,MM-007
PSV-2070,MM-010
TT-2071,MM-004
COL-2072,MM-007
P-2073,MM-006
XV-2074,MM-005
K-2075,MM-007
LT-2076,MM-005
LT-2077,MM-008
P-2078,MM-002
TT-2079,MM-001
TT-2080,MM-004
K-2081,MM-010
XV-2082,MM-010
PT-2083,MM-007
TT-2084,MM-010
PSV-2085,MM-001
XV-2086,MM-002
XV-2087,MM-009
P-2088,MM-008
PT-2089,MM-003
PSV-2090,MM-008
PSV-2091,MM-003
P-2092,MM-001
FCV-2093,MM-001
FT-2094,MM-004
FT-2095,MM-010
PT-2096,MM-004
FCV-2097,MM-002
P-2098,MM-005
K-2099,MM-005
PT-2100,MM-008
XV-2101,MM-002
XV-2102,MM-009
E-2103,MM-003
FCV-2104,MM-010
P-2105,MM-002
PT-2106,MM-008
XV-2107,MM-004
LT-2108,MM-005
V-2109,MM-009
PSV-2110,MM-007
K-2111,MM-008
V-2112,MM-008
TT-2113,MM-004
V-2114,MM-004
LT-2115,MM-007
P-2116,MM-010
P-2117,MM-004
XV-2118,MM-010
TT-2119,MM-004
K-2120,MM-006
P-2121,MM-010
E-2122,MM-004
COL-2123,MM-010
P-2124,MM-009
P-2125,MM-010
P-2126,MM-004
P-2127,MM-006
PSV-2128,MM-004
XV-2129,MM-006
E-2130,MM-005
TT-2131,MM-005
LT-2132,MM-006
XV-2133,MM-001
TT-2134,MM-004
PSV-2135,MM-006
E-2136,MM-007
COL-2137,MM-004
COL-2138,MM-006
FT-2139,MM-007
FCV-2140,MM-008
P-2141,MM-004
PT-2142,MM-008
P-2143,MM-001
PT-2144,MM-002
LT-2145,MM-004
LT-2146,MM-007
XV-2147,MM-009
FCV-2148,MM-002
FCV-2149,MM-008
XV-2150,MM-009
PSV-2151,MM-003
P-2152,MM-001
FT-2153,MM-007
V-2154,MM-010
FT-2155,MM-009
COL-2156,MM-008
V-2157,MM-009
E-2158,MM-007
P-2159,MM-004
XV-2160,MM-005
XV-2161,MM-002
TT-2162,MM-008
FCV-2163,MM-005
TT-2164,MM-004
PSV-2165,MM-005
V-2166,MM-009
E-2167,MM-007
K-2168,MM-006
COL-2169,MM-003
P-2170,MM-003
E-2171,MM-006
LT-2172,MM-002
P-2173,MM-001
P-2174,MM-010
E-2175,MM-003
P-2176,MM-006
E-2177,MM-010
K-2178,MM-007
XV-2179,MM-007
P-2180,MM-002
PT-2181,MM-009
K-2182,MM-004
XV-2183,MM-008
FCV-2184,MM-002
FT-2185,MM-008
PT-2186,MM-004
FT-2187,MM-006
K-2188,MM-010
XV-2189,MM-008
LT-2190,MM-006
FT-2191,MM-005
E-2192,MM-005
P-2193,MM-009
V-2194,MM-010
PSV-2195,MM-008
E-2196,MM-003
PT-2197,MM-005
TT-2198,MM-006
COL-2199,MM-005
PSV-2200,MM-007
K-2201,MM-008
LT-2202,MM-004
FCV-2203,MM-008
FCV-2204,MM-003
LT-2205,MM-004
FCV-2206,MM-009
V-2207,MM-002
E-2208,MM-007
TT-2209,MM-007
FT-2210,MM-001
V-2211,MM-008
COL-2212,MM-002
PT-2213,MM-002
XV-2214,MM-001
COL-2215,MM-006
XV-2216,MM-007
P-2217,MM-008
PT-2218,MM-001
K-2219,MM-009
XV-2220,MM-006
XV-2221,MM-002
V-2222,MM-004
P-2223,MM-008
K-2224,MM-002
FT-2225,MM-001
P-2226,MM-006
TT-2227,MM-004
TT-2228,MM-010
COL-2229,MM-007
XV-2230,MM-004
FT-2231,MM-001
COL-2232,MM-003
V-2233,MM-006
PSV-2234,MM-008
XV-2235,MM-010
K-2236,MM-004
PSV-2237,MM-005
PSV-2238,MM-006
V-2239,MM-001
P-2240,MM-004
V-2241,MM-009
P-2242,MM-003
K-2243,MM-010
FCV-2244,MM-002
K-2245,MM-002
P-2246,MM-004
FCV-2247,MM-010
E-2248,MM-004
LT-2249,MM-007
V-2250,MM-005
K-2251,MM-002
PT-2252,MM-005
K-2253,MM-005
E-2254,MM-004
PSV-2255,MM-005
PSV-2256,MM-006
K-2257,MM-005
E-2258,MM-010
P-2259,MM-010
E-2260,MM-004
V-2261,MM-004
PSV-2262,MM-007
FT-2263,MM-005
PT-2264,MM-004
COL-2265,MM-001
P-2266,MM-006
PT-2267,MM-007
V-2268,MM-008
PSV-2269,MM-002
E-2270,MM-009
P-2271,MM-006
LT-2272,MM-008
TT-2273,MM-010
P-2274,MM-008
TT-2275,MM-004
XV-2276,MM-008
LT-2277,MM-004
FT-2278,MM-009
K-2279,MM-005
TT-2280,MM-001
FT-2281,MM-008
V-2282,MM-006
E-2283,MM-006
P-2284,MM-003
E-2285,MM-009
V-2286,MM-006
P-2287,MM-005
K-2288,MM-005
FCV-2289,MM-002
P-2290,MM-003
TT-2291,MM-010
XV-2292,MM-003
TT-2293,MM-002
K-2294,MM-009
P-2295,MM-009
P-2296,MM-005
FT-2297,MM-003
P-2298,MM-009
XV-2299,MM-004
TT-2300,MM-009
FCV-2301,MM-007
FT-2302,MM-007
P-2303,MM-004
K-2304,MM-001
FT-2305,MM-008
XV-2306,MM-008
P-2307,MM-009
E-2308,MM-002
LT-2309,MM-003
V-2310,MM-009
LT-2311,MM-009
V-2312,MM-002
K-2313,MM-003
FT-2314,MM-008
LT-2315,MM-005
P-2316,MM-006
COL-2317,MM-004
TT-2318,MM-008
V-2319,MM-007
K-2320,MM-002
K-2321,MM-008
PSV-2322,MM-010
V-2323,MM-006
PT-2324,MM-005
V-2325,MM-010
COL-2326,MM-005
XV-2327,MM-006
XV-2328,MM-003
P-2329,MM-001
P-2330,MM-002
PT-2331,MM-008
FCV-2332,MM-007
FT-2333,MM-001
LT-2334,MM-006
V-2335,MM-003
COL-2336,MM-006
P-2337,MM-009
K-2338,MM-002
P-2339,MM-002
K-2340,MM-001
V-2341,MM-006
TT-2342,MM-008
FCV-2343,MM-005
V-2344,MM-001
FCV-2345,MM-003
LT-2346,MM-002
COL-2347,MM-002
XV-2348,MM-005
FT-2349,MM-002
P-2350,MM-010
TT-2351,MM-008
P-2352,MM-008
P-2353,MM-007
LT-2354,MM-003
V-2355,MM-007
PSV-2356,MM-002
COL-2357,MM-008
COL-2358,MM-006
P-2359,MM-003
XV-2360,MM-007
K-2361,MM-005
K-2362,MM-006
PSV-2363,MM-009
P-2364,MM-008
PT-2365,MM-003
P-2366,MM-004
FT-2367,MM-004
FCV-2368,MM-009
PSV-2369,MM-009
V-2370,MM-010
PSV-2371,MM-010
TT-2372,MM-008
LT-2373,MM-005
P-2374,MM-003
LT-2375,MM-003
FT-2376,MM-002
LT-2377,MM-005
PSV-2378,MM-009
LT-2379,MM-007
XV-2380,MM-004
COL-2381,MM-006
FT-2382,MM-004
XV-2383,MM-004
E-2384,MM-010
P-2385,MM-008
LT-2386,MM-005
P-2387,MM-006
V-2388,MM-009
COL-2389,MM-004
E-2390,MM-008
E-2391,MM-003
V-2392,MM-001
P-2393,MM-002
PSV-2394,MM-001
XV-2395,MM-004
FCV-2396,MM-001
COL-2397,MM-005
XV-2398,MM-006
PSV-2399,MM-008
FT-2400,MM-006
XV-2401,MM-007
K-2402,MM-005
V-2403,MM-009
XV-2404,MM-004
PT-2405,MM-002
XV-2406,MM-010
PSV-2407,MM-010
FT-2408,MM-001
TT-2409,MM-005
P-2410,MM-001
E-2411,MM-007
PT-2412,MM-007
LT-2413,MM-008
P-2414,MM-002
FCV-2415,MM-002
XV-2416,MM-004
P-2417,MM-010
P-2418,MM-005
FCV-2419,MM-008
FCV-2420,MM-001
P-2421,MM-008
V-2422,MM-003
PSV-2423,MM-008
FT-2424,MM-010
PSV-2425,MM-010
XV-2426,MM-006
P-2427,MM-009
P-2428,MM-006
P-2429,MM-004
P-2430,MM-009
COL-2431,MM-006
FCV-2432,MM-003
K-2433,MM-001
P-2434,MM-001
E-2435,MM-005
K-2436,MM-001
P-2437,MM-006
LT-2438,MM-001
P-2439,MM-010
FT-2440,MM-006
FCV-2441,MM-003
PSV-2442,MM-001
K-2443,MM-006
V-2444,MM-002
P-2445,MM-009
XV-2446,MM-010
LT-2447,MM-003
TT-2448,MM-010
PT-2449,MM-005
COL-2450,MM-007
PT-2451,MM-009
XV-2452,MM-005
TT-2453,MM-010
FCV-2454,MM-002
P-2455,MM-001
LT-2456,MM-007
PT-2457,MM-008
V-2458,MM-001
XV-2459,MM-008
TT-2460,MM-001
V-2461,MM-001
K-2462,MM-009
P-2463,MM-009
V-2464,MM-003
K-2465,MM-008
LT-2466,MM-002
PSV-2467,MM-002
PSV-2468,MM-007
PT-2469,MM-009
PT-2470,MM-007
TT-2471,MM-009
PSV-2472,MM-003
XV-2473,MM-010
V-2474,MM-002
LT-2475,MM-004
PT-2476,MM-003
FT-2477,MM-003
FT-2478,MM-002
LT-2479,MM-010
K-2480,MM-009
V-2481,MM-008
K-2482,MM-002
P-2483,MM-002
LT-2484,MM-004
PSV-2485,MM-002
P-2486,MM-006
FCV-2487,MM-006
K-2488,MM-007
PT-2489,MM-004
E-2490,MM-006
XV-2491,MM-004
FCV-2492,MM-003
COL-2493,MM-001
LT-2494,MM-009
LT-2495,MM-001
E-2496,MM-010
PT-2497,MM-003
P-2498,MM-002
V-2499,MM-009
FCV-2500,MM-010
P-2501,MM-006
P-2502,MM-009
TT-2503,MM-004
TT-2504,MM-005
P-2505,MM-009
E-2506,MM-010
FT-2507,MM-001
FT-2508,MM-002
FT-2509,MM-009
PT-2510,MM-006
K-2511,MM-006
LT-2512,MM-010
K-2513,MM-010
PT-2514,MM-009
PT-2515,MM-007
FCV-2516,MM-001
K-2517,MM-010
XV-2518,MM-004
K-2519,MM-006
V-2520,MM-008
FT-2521,MM-006
FCV-2522,MM-001
PT-2523,MM-006
PT-2524,MM-001
COL-2525,MM-008
COL-2526,MM-003
PT-2527,MM-006
TT-2528,MM-007
XV-2529,MM-003
FT-2530,MM-009
K-2531,MM-008
PT-2532,MM-006
PSV-2533,MM-004
P-2534,MM-010
V-2535,MM-009
XV-2536,MM-004
P-2537,MM-007
TT-2538,MM-010
LT-2539,MM-008
FT-2540,MM-003
FT-2541,MM-010
PSV-2542,MM-004
V-2543,MM-004
V-2544,MM-007
LT-2545,MM-006
TT-2546,MM-009
FT-2547,MM-004
E-2548,MM-004
LT-2549,MM-006
E-2550,MM-001
FT-2551,MM-005
V-2552,MM-006
FT-2553,MM-004
V-2554,MM-003
FT-2555,MM-005
LT-2556,MM-010
V-2557,MM-001
PSV-2558,MM-008
FT-2559,MM-005
P-2560,MM-003
FCV-2561,MM-001
E-2562,MM-003
V-2563,MM-001
K-2564,MM-006
P-2565,MM-010
COL-2566,MM-004
E-2567,MM-009
LT-2568,MM-004
PT-2569,MM-010
PT-2570,MM-004
FT-2571,MM-004
FT-2572,MM-010
P-2573,MM-007
PT-2574,MM-010
TT-2575,MM-005
K-2576,MM-005
K-2577,MM-003
K-2578,MM-002
PT-2579,MM-005
LT-2580,MM-005
FT-2581,MM-008
FCV-2582,MM-006
E-2583,MM-003
PSV-2584,MM-006
E-2585,MM-009
PT-2586,MM-008
TT-2587,MM-002
COL-2588,MM-008
COL-2589,MM-001
K-2590,MM-005
TT-2591,MM-009
PT-2592,MM-010
FCV-2593,MM-010
FCV-2594,MM-003
FT-2595,MM-005
XV-2596,MM-006
V-2597,MM-002
FCV-2598,MM-004
FCV-2599,MM-006
COL-2600,MM-008
PT-2601,MM-007
PT-2602,MM-001
TT-2603,MM-005
P-2604,MM-006
TT-2605,MM-004
FCV-2606,MM-001
TT-2607,MM-001
XV-2608,MM-002
E-2609,MM-010
XV-2610,MM-005
E-2611,MM-005
P-2612,MM-004
PSV-2613,MM-007
V-2614,MM-001
TT-2615,MM-009
FCV-2616,MM-002
V-2617,MM-010
V-2618,MM-005
K-2619,MM-003
FCV-2620,MM-007
LT-2621,MM-005
COL-2622,MM-003
PSV-2623,MM-010
FCV-2624,MM-001
COL-2625,MM-003
FCV-2626,MM-005
P-2627,MM-004
XV-2628,MM-003
PSV-2629,MM-002
V-2630,MM-004
V-2631,MM-010
FCV-2632,MM-006
COL-2633,MM-009
K-2634,MM-001
XV-2635,MM-004
P-2636,MM-002
P-2637,MM-010
XV-2638,MM-002
K-2639,MM-009
FT-2640,MM-004
E-2641,MM-010
E-2642,MM-008
COL-2643,MM-001
V-2644,MM-010
LT-2645,MM-003
E-2646,MM-003
TT-2647,MM-005
FCV-2648,MM-003
K-2649,MM-001
XV-2650,MM-004
LT-2651,MM-001
PT-2652,MM-005
LT-2653,MM-008
PSV-2654,MM-010
PSV-2655,MM-003
P-2656,MM-003
FCV-2657,MM-003
K-2658,MM-003
FCV-2659,MM-008
FCV-2660,MM-001
FCV-2661,MM-010
TT-2662,MM-002
COL-2663,MM-009
XV-2664,MM-001
PSV-2665,MM-006
TT-2666,MM-008
FCV-2667,MM-002
FT-2668,MM-006
P-2669,MM-004
XV-2670,MM-001
E-2671,MM-007
TT-2672,MM-007
LT-2673,MM-004
FT-2674,MM-008
P-2675,MM-002
V-2676,MM-008
TT-2677,MM-004
FT-2678,MM-003
P-2679,MM-008
COL-2680,MM-002
E-2681,MM-009
FCV-2682,MM-007
FT-2683,MM-009
FCV-2684,MM-005
TT-2685,MM-007
K-2686,MM-004
FCV-2687,MM-001
P-2688,MM-008
PT-2689,MM-007
K-2690,MM-009
LT-2691,MM-004
V-2692,MM-007
XV-2693,MM-009
E-2694,MM-010
V-2695,MM-003
FT-2696,MM-007
FT-2697,MM-010
P-2698,MM-007
E-2699,MM-005
COL-2700,MM-005
V-2701,MM-006
FCV-2702,MM-010
P-2703,MM-009
XV-2704,MM-002
E-2705,MM-009
V-2706,MM-009
K-2707,MM-002
LT-2708,MM-001
XV-2709,MM-003
P-2710,MM-010
PSV-2711,MM-006
XV-2712,MM-001
P-2713,MM-007
PT-2714,MM-010
TT-2715,MM-001
PT-2716,MM-003
TT-2717,MM-008
V-2718,MM-009
PT-2719,MM-003
P-2720,MM-005
COL-2721,MM-001
TT-2722,MM-002
P-2723,MM-004
LT-2724,MM-002
FT-2725,MM-008
TT-2726,MM-007
V-2727,MM-009
TT-2728,MM-005
P-2729,MM-002
E-2730,MM-003
XV-2731,MM-005
XV-2732,MM-006
K-2733,MM-010
FT-2734,MM-008
PT-2735,MM-004
V-2736,MM-009
P-2737,MM-005
TT-2738,MM-009
P-2739,MM-009
PSV-2740,MM-004
E-2741,MM-009
TT-2742,MM-005
PT-2743,MM-001
V-2744,MM-004
FCV-2745,MM-007
TT-2746,MM-002
E-2747,MM-007
PT-2748,MM-007
FT-2749,MM-009
XV-2750,MM-009
P-2751,MM-009
FCV-2752,MM-009
COL-2753,MM-009
FCV-2754,MM-007
TT-2755,MM-002
TT-2756,MM-006
PSV-2757,MM-003
PT-2758,MM-010
COL-2759,MM-007
P-2760,MM-009
LT-2761,MM-006
V-2762,MM-002
V-2763,MM-009
XV-2764,MM-004
XV-2765,MM-008
LT-2766,MM-007
P-2767,MM-001
V-2768,MM-004
K-2769,MM-003
TT-2770,MM-006
XV-2771,MM-009
V-2772,MM-008
K-2773,MM-010
PT-2774,MM-004
P-2775,MM-008
PT-2776,MM-010
V-2777,MM-002
LT-2778,MM-004
V-2779,MM-005
COL-2780,MM-009
LT-2781,MM-004
LT-2782,MM-005
E-2783,MM-009
V-2784,MM-005
P-2785,MM-010
V-2786,MM-002
K-2787,MM-001
FCV-2788,MM-006
K-2789,MM-008
COL-2790,MM-003
COL-2791,MM-004
PT-2792,MM-004
XV-2793,MM-005
FCV-2794,MM-007
K-2795,MM-010
P-2796,MM-006
XV-2797,MM-005
P-2798,MM-010
V-2799,MM-007
K-2800,MM-007
P-2801,MM-002
PT-2802,MM-009
P-2803,MM-001
TT-2804,MM-008
XV-2805,MM-007
E-2806,MM-004
K-2807,MM-006
LT-2808,MM-002
PSV-2809,MM-006
COL-2810,MM-009
FT-2811,MM-010
PSV-2812,MM-002
PT-2813,MM-010
P-2814,MM-005
PSV-2815,MM-004
P-2816,MM-004
PSV-2817,MM-003
K-2818,MM-010
E-2819,MM-008
FT-2820,MM-004
FT-2821,MM-005
P-2822,MM-004
TT-2823,MM-001
PSV-2824,MM-004
P-2825,MM-002
E-2826,MM-005
V-2827,MM-007
FT-2828,MM-010
PT-2829,MM-007
E-2830,MM-002
FT-2831,MM-006
PT-2832,MM-009
PT-2833,MM-006
PT-2834,MM-007
TT-2835,MM-001
FT-2836,MM-007
K-2837,MM-005
FCV-2838,MM-004
TT-2839,MM-002
TT-2840,MM-009
V-2841,MM-008
PT-2842,MM-001
FCV-2843,MM-001
XV-2844,MM-001
V-2845,MM-007
P-2846,MM-002
PSV-2847,MM-010
P-2848,MM-010
FT-2849,MM-001
PSV-2850,MM-003
PSV-2851,MM-007
P-2852,MM-002
FCV-2853,MM-007
E-2854,MM-002
V-2855,MM-010
P-2856,MM-007
LT-2857,MM-010
PT-2858,MM-005
K-2859,MM-001
COL-2860,MM-010
PSV-2861,MM-009
FCV-2862,MM-002
PT-2863,MM-001
E-2864,MM-007
K-2865,MM-006
TT-2866,MM-002
FCV-2867,MM-003
E-2868,MM-001
PT-2869,MM-007
K-2870,MM-006
P-2871,MM-008
FT-2872,MM-007
K-2873,MM-009
PSV-2874,MM-010
PSV-2875,MM-004
COL-2876,MM-009
LT-2877,MM-004
FT-2878,MM-008
V-2879,MM-006
COL-2880,MM-006
P-2881,MM-005
P-2882,MM-004
E-2883,MM-003
LT-2884,MM-009
PT-2885,MM-005
P-2886,MM-009
P-2887,MM-001
P-2888,MM-010
E-2889,MM-006
P-2890,MM-003
TT-2891,MM-009
P-2892,MM-007
P-2893,MM-001
PT-2894,MM-004
K-2895,MM-005
V-2896,MM-005
E-2897,MM-009
FCV-2898,MM-010
XV-2899,MM-010
FCV-2900,MM-010
FT-2901,MM-004
K-2902,MM-006
COL-2903,MM-009
PSV-2904,MM-006
TT-2905,MM-006
XV-2906,MM-005
K-2907,MM-003
COL-2908,MM-004
LT-2909,MM-006
COL-2910,MM-010
TT-2911,MM-007
K-2912,MM-009
LT-2913,MM-004
P-2914,MM-006
FCV-2915,MM-003
P-2916,MM-009
XV-2917,MM-002
P-2918,MM-004
K-2919,MM-001
K-2920,MM-006
XV-2921,MM-006
FT-2922,MM-004
E-2923,MM-004
TT-2924,MM-007
FT-2925,MM-002
V-2926,MM-007
XV-2927,MM-010
P-2928,MM-009
P-2929,MM-010
XV-2930,MM-009
K-2931,MM-010
P-2932,MM-001
V-2933,MM-005
V-2934,MM-009
LT-2935,MM-005
E-2936,MM-008
TT-2937,MM-007
XV-2938,MM-006
V-2939,MM-007
FCV-2940,MM-002
V-2941,MM-003
PSV-2942,MM-009
TT-2943,MM-010
XV-2944,MM-007
LT-2945,MM-001
FT-2946,MM-004
PT-2947,MM-001
P-2948,MM-004
TT-2949,MM-006
K-2950,MM-005
FCV-2951,MM-003
XV-2952,MM-003
E-2953,MM-002
PSV-2954,MM-009
P-2955,MM-009
XV-2956,MM-004
P-2957,MM-005
PT-2958,MM-006
V-2959,MM-001
PT-2960,MM-002
LT-2961,MM-004
FCV-2962,MM-009
LT-2963,MM-003
K-2964,MM-001
PT-2965,MM-001
PSV-2966,MM-009
LT-2967,MM-002
PT-2968,MM-001
FCV-2969,MM-007
PSV-2970,MM-003
LT-2971,MM-005
LT-2972,MM-001
FT-2973,MM-005
XV-2974,MM-004
FCV-2975,MM-010
P-2976,MM-009
P-2977,MM-007
FT-2978,MM-006
E-2979,MM-006
TT-2980,MM-002
FT-2981,MM-010
E-2982,MM-010
TT-2983,MM-002
LT-2984,MM-005
FCV-2985,MM-002
V-2986,MM-001
V-2987,MM-006
V-2988,MM-008
COL-2989,MM-010
K-2990,MM-009
V-2991,MM-005
LT-2992,MM-010
PSV-2993,MM-008
FCV-2994,MM-005
PSV-2995,MM-004
LT-2996,MM-001
PSV-2997,MM-001
PT-2998,MM-006
FCV-2999,MM-001
PSV-3000,MM-001
FCV-3001,MM-008
COL-3002,MM-008
P-3003,MM-009
FT-3004,MM-009
COL-3005,MM-010
E-3006,MM-010
LT-3007,MM-010
COL-3008,MM-007
V-3009,MM-008
P-3010,MM-006
PT-3011,MM-007
PT-3012,MM-008
COL-3013,MM-007
E-3014,MM-008
PSV-3015,MM-010
PSV-3016,MM-002
FT-3017,MM-001
XV-3018,MM-001
PSV-3019,MM-002
XV-3020,MM-009
P-3021,MM-009
FCV-3022,MM-010
P-3023,MM-004
FT-3024,MM-005
PSV-3025,MM-004
E-3026,MM-008
LT-3027,MM-004
E-3028,MM-010
FT-3029,MM-003
P-3030,MM-009
K-3031,MM-004
P-3032,MM-002
P-3033,MM-008
LT-3034,MM-010
E-3035,MM-006
XV-3036,MM-010
E-3037,MM-004
V-3038,MM-004
FCV-3039,MM-004
K-3040,MM-004
TT-3041,MM-008
FCV-3042,MM-004
PT-3043,MM-010
LT-3044,MM-003
V-3045,MM-009
E-3046,MM-002
P-3047,MM-010
K-3048,MM-010
P-3049,MM-003
COL-3050,MM-009
LT-3051,MM-007
PT-3052,MM-003
E-3053,MM-008
LT-3054,MM-004
P-3055,MM-007
COL-3056,MM-008
V-3057,MM-008
COL-3058,MM-004
K-3059,MM-009
PSV-3060,MM-003
XV-3061,MM-006
K-3062,MM-009
P-3063,MM-006
FT-3064,MM-005
XV-3065,MM-006
COL-3066,MM-001
PSV-3067,MM-002
V-3068,MM-002
COL-3069,MM-001
TT-3070,MM-004
E-3071,MM-008
K-3072,MM-001
V-3073,MM-001
P-3074,MM-002
P-3075,MM-008
TT-3076,MM-002
V-3077,MM-002
P-3078,MM-008
P-3079,MM-003
FT-3080,MM-007
PT-3081,MM-009
XV-3082,MM-005
XV-3083,MM-009
COL-3084,MM-001
FCV-3085,MM-008
P-3086,MM-002
K-3087,MM-007
K-3088,MM-002
P-3089,MM-002
PSV-3090,MM-007
PSV-3091,MM-004
V-3092,MM-006
PSV-3093,MM-001
COL-3094,MM-004
P-3095,MM-007
E-3096,MM-001
FCV-3097,MM-010
LT-3098,MM-003
FCV-3099,MM-002
FCV-3100,MM-008
XV-3101,MM-005
TT-3102,MM-010
V-3103,MM-007
PSV-3104,MM-007
TT-3105,MM-007
K-3106,MM-007
PSV-3107,MM-006
P-3108,MM-008
PT-3109,MM-007
LT-3110,MM-001
TT-3111,MM-003
P-3112,MM-001
P-3113,MM-004
PT-3114,MM-007
COL-3115,MM-004
XV-3116,MM-007
PSV-3117,MM-003
TT-3118,MM-004
P-3119,MM-004
COL-3120,MM-001
XV-3121,MM-007
P-3122,MM-006
P-3123,MM-007
XV-3124,MM-006
XV-3125,MM-008
P-3126,MM-008
FCV-3127,MM-008
E-3128,MM-005
FT-3129,MM-007
LT-3130,MM-005
P-3131,MM-004
V-3132,MM-009
E-3133,MM-004
P-3134,MM-005
XV-3135,MM-003
V-3136,MM-003
LT-3137,MM-003
FCV-3138,MM-004
COL-3139,MM-002
P-3140,MM-004
V-3141,MM-009
FT-3142,MM-006
V-3143,MM-007
K-3144,MM-001
FT-3145,MM-009
XV-3146,MM-008
XV-3147,MM-003
PT-3148,MM-001
P-3149,MM-004
PSV-3150,MM-001
PSV-3151,MM-004
COL-3152,MM-009
PSV-3153,MM-007
PT-3154,MM-003
COL-3155,MM-008
K-3156,MM-010
LT-3157,MM-008
XV-3158,MM-005
P-3159,MM-009
PT-3160,MM-001
LT-3161,MM-001
E-3162,MM-007
K-3163,MM-004
TT-3164,MM-010
LT-3165,MM-002
FCV-3166,MM-005
PT-3167,MM-004
PSV-3168,MM-001
V-3169,MM-007
XV-3170,MM-009
PSV-3171,MM-003
PT-3172,MM-007
P-3173,MM-002
COL-3174,MM-007
XV-3175,MM-010
V-3176,MM-004
V-3177,MM-008
E-3178,MM-004
P-3179,MM-006
FCV-3180,MM-005
FCV-3181,MM-009
P-3182,MM-010
XV-3183,MM-003
FT-3184,MM-010
FT-3185,MM-005
COL-3186,MM-001
P-3187,MM-001
P-3188,MM-002
P-3189,MM-008
K-3190,MM-006
LT-3191,MM-003
PT-3192,MM-005
K-3193,MM-005
V-3194,MM-004
P-3195,MM-010
E-3196,MM-006
K-3197,MM-005
LT-3198,MM-007
XV-3199,MM-004
LT-3200,MM-003
FCV-3201,MM-002
FCV-3202,MM-008
LT-3203,MM-006
P-3204,MM-008
TT-3205,MM-002
PT-3206,MM-002
XV-3207,MM-010
LT-3208,MM-009
LT-3209,MM-010
XV-3210,MM-006
COL-3211,MM-004
PT-3212,MM-002
V-3213,MM-005
P-3214,MM-001
FCV-3215,MM-003
PT-3216,MM-006
XV-3217,MM-002
FT-3218,MM-001
V-3219,MM-008
K-3220,MM-002
FT-3221,MM-003
P-3222,MM-008
PT-3223,MM-001
E-3224,MM-009
TT-3225,MM-001
FT-3226,MM-009
E-3227,MM-009
LT-3228,MM-005
FT-3229,MM-010
FCV-3230,MM-003
V-3231,MM-005
K-3232,MM-007
FCV-3233,MM-003
TT-3234,MM-006
FT-3235,MM-009
FCV-3236,MM-007
FCV-3237,MM-010
K-3238,MM-005
PT-3239,MM-007
FT-3240,MM-002
V-3241,MM-001
PSV-3242,MM-008
E-3243,MM-007
P-3244,MM-007
PSV-3245,MM-009
FT-3246,MM-007
P-3247,MM-003
V-3248,MM-002
P-3249,MM-009
PT-3250,MM-001
FT-3251,MM-003
TT-3252,MM-001
V-3253,MM-003
P-3254,MM-004
LT-3255,MM-005
FT-3256,MM-010
P-3257,MM-004
V-3258,MM-009
LT-3259,MM-009
FCV-3260,MM-001
FT-3261,MM-010
P-3262,MM-007
FCV-3263,MM-003
V-3264,MM-008
V-3265,MM-001
TT-3266,MM-008
K-3267,MM-003
COL-3268,MM-007
PSV-3269,MM-008
PT-3270,MM-006
TT-3271,MM-004
PT-3272,MM-002
FCV-3273,MM-010
FCV-3274,MM-008
FT-3275,MM-001
XV-3276,MM-003
V-3277,MM-001
TT-3278,MM-006
PT-3279,MM-008
FCV-3280,MM-006
P-3281,MM-010
E-3282,MM-006
FT-3283,MM-010
E-3284,MM-010
K-3285,MM-003
PSV-3286,MM-006
P-3287,MM-006
XV-3288,MM-005
COL-3289,MM-002
XV-3290,MM-009
P-3291,MM-008
TT-3292,MM-002
PT-3293,MM-002
E-3294,MM-001
FCV-3295,MM-009
P-3296,MM-006
FT-3297,MM-004
P-3298,MM-010
V-3299,MM-007
E-3300,MM-003
FCV-3301,MM-009
XV-3302,MM-010
V-3303,MM-005
LT-3304,MM-009
E-3305,MM-009
FT-3306,MM-002
PT-3307,MM-001
FCV-3308,MM-007
K-3309,MM-010
TT-3310,MM-004
K-3311,MM-005
FCV-3312,MM-002
P-3313,MM-003
FCV-3314,MM-001
P-3315,MM-006
PSV-3316,MM-002
V-3317,MM-002
P-3318,MM-008
XV-3319,MM-002
TT-3320,MM-008
PSV-3321,MM-001
P-3322,MM-010
COL-3323,MM-007
XV-3324,MM-010
PT-3325,MM-001
XV-3326,MM-006
P-3327,MM-009
PT-3328,MM-003
FT-3329,MM-001
P-3330,MM-009
K-3331,MM-002
COL-3332,MM-007
XV-3333,MM-010
E-3334,MM-010
P-3335,MM-010
TT-3336,MM-005
LT-3337,MM-006
K-3338,MM-006
E-3339,MM-005
XV-3340,MM-004
K-3341,MM-010
V-3342,MM-008
E-3343,MM-004
TT-3344,MM-010
XV-3345,MM-001
K-3346,MM-002
P-3347,MM-007
COL-3348,MM-001
V-3349,MM-007
XV-3350,MM-008
PSV-3351,MM-007
FCV-3352,MM-006
E-3353,MM-005
K-3354,MM-010
V-3355,MM-010
TT-3356,MM-009
TT-3357,MM-010
LT-3358,MM-009
FCV-3359,MM-003
P-3360,MM-009
K-3361,MM-002
XV-3362,MM-008
E-3363,MM-003
XV-3364,MM-004
PSV-3365,MM-009
TT-3366,MM-003
P-3367,MM-003
COL-3368,MM-009
FT-3369,MM-002
LT-3370,MM-008
PSV-3371,MM-009
LT-3372,MM-005
PSV-3373,MM-002
P-3374,MM-002
FCV-3375,MM-004
FCV-3376,MM-010
FCV-3377,MM-001
K-3378,MM-006
LT-3379,MM-010
PT-3380,MM-004
PT-3381,MM-005
E-3382,MM-002
LT-3383,MM-003
TT-3384,MM-010
P-3385,MM-005
P-3386,MM-004
P-3387,MM-008
COL-3388,MM-004
P-3389,MM-004
P-3390,MM-009
LT-3391,MM-006
FCV-3392,MM-006
LT-3393,MM-004
PT-3394,MM-001
PSV-3395,MM-009
K-3396,MM-003
FCV-3397,MM-009
FCV-3398,MM-001
TT-3399,MM-003
V-3400,MM-003
COL-3401,MM-008
P-3402,MM-009
PSV-3403,MM-005
P-3404,MM-004
TT-3405,MM-001
FCV-3406,MM-006
LT-3407,MM-003
K-3408,MM-003
P-3409,MM-001
E-3410,MM-009
E-3411,MM-010
PSV-3412,MM-005
P-3413,MM-004
XV-3414,MM-010
PT-3415,MM-003
FCV-3416,MM-007
COL-3417,MM-003
FCV-3418,MM-008
FT-3419,MM-005
XV-3420,MM-001
PT-3421,MM-010
XV-3422,MM-009
TT-3423,MM-006
K-3424,MM-006
TT-3425,MM-008
XV-3426,MM-007
LT-3427,MM-009
PSV-3428,MM-010
V-3429,MM-009
PSV-3430,MM-005
LT-3431,MM-001
P-3432,MM-006
LT-3433,MM-009
FCV-3434,MM-007
P-3435,MM-005
V-3436,MM-003
TT-3437,MM-007
V-3438,MM-008
P-3439,MM-003
K-3440,MM-009
FCV-3441,MM-002
P-3442,MM-003
COL-3443,MM-006
FCV-3444,MM-010
V-3445,MM-003
P-3446,MM-002
K-3447,MM-007
FT-3448,MM-008
COL-3449,MM-010
P-3450,MM-008
V-3451,MM-001
PT-3452,MM-004
P-3453,MM-008
P-3454,MM-003
PT-3455,MM-004
V-3456,MM-006
LT-3457,MM-008
V-3458,MM-010
TT-3459,MM-003
E-3460,MM-004
XV-3461,MM-006
V-3462,MM-007
E-3463,MM-004
V-3464,MM-005
FCV-3465,MM-002
V-3466,MM-007
E-3467,MM-008
FT-3468,MM-002
P-3469,MM-010
FCV-3470,MM-007
PSV-3471,MM-006
PT-3472,MM-003
K-3473,MM-006
FCV-3474,MM-007
V-3475,MM-001
FT-3476,MM-001
PT-3477,MM-008
XV-3478,MM-006
PT-3479,MM-002
TT-3480,MM-001
PSV-3481,MM-002
FCV-3482,MM-006
FT-3483,MM-004
P-3484,MM-005
V-3485,MM-004
LT-3486,MM-002
P-3487,MM-010
P-3488,MM-002
PSV-3489,MM-003
LT-3490,MM-009
K-3491,MM-008
LT-3492,MM-010
FT-3493,MM-007
FT-3494,MM-003
COL-3495,MM-001
PT-3496,MM-001
K-3497,MM-008
V-3498,MM-009
P-3499,MM-003
PSV-3500,MM-009
E-3501,MM-001
PT-3502,MM-003
FT-3503,MM-003
P-3504,MM-006
XV-3505,MM-004
TT-3506,MM-010
PT-3507,MM-005
P-3508,MM-006
TT-3509,MM-007
P-3510,MM-009
FCV-3511,MM-009
XV-3512,MM-009
K-3513,MM-005
TT-3514,MM-007
PT-3515,MM-002
P-3516,MM-009
P-3517,MM-006
E-3518,MM-010
V-3519,MM-006
PSV-3520,MM-002
P-3521,MM-005
E-3522,MM-007
PT-3523,MM-001
E-3524,MM-009
TT-3525,MM-001
COL-3526,MM-010
K-3527,MM-008
P-3528,MM-010
K-3529,MM-004
P-3530,MM-004
E-3531,MM-001
COL-3532,MM-004
E-3533,MM-009
PSV-3534,MM-001
PSV-3535,MM-002
FT-3536,MM-001
COL-3537,MM-001
E-3538,MM-002
E-3539,MM-007
E-3540,MM-003
LT-3541,MM-008
E-3542,MM-005
XV-3543,MM-003
V-3544,MM-001
TT-3545,MM-009
K-3546,MM-007
K-3547,MM-010
XV-3548,MM-010
V-3549,MM-005
V-3550,MM-003
E-3551,MM-005
P-3552,MM-009
E-3553,MM-004
FCV-3554,MM-003
E-3555,MM-001
FT-3556,MM-007
P-3557,MM-002
TT-3558,MM-007
TT-3559,MM-010
V-3560,MM-006
P-3561,MM-005
P-3562,MM-006
P-3563,MM-002
E-3564,MM-003
XV-3565,MM-007
P-3566,MM-004
E-3567,MM-010
P-3568,MM-010
V-3569,MM-002
TT-3570,MM-005
FCV-3571,MM-005
LT-3572,MM-003
K-3573,MM-001
TT-3574,MM-004
PSV-3575,MM-008
E-3576,MM-003
PT-3577,MM-003
PSV-3578,MM-008
PT-3579,MM-009
COL-3580,MM-004
FT-3581,MM-005
FCV-3582,MM-007
PSV-3583,MM-006
FCV-3584,MM-003
FCV-3585,MM-004
P-3586,MM-010
P-3587,MM-005
XV-3588,MM-001
LT-3589,MM-008
PSV-3590,MM-008
FCV-3591,MM-002
P-3592,MM-005
TT-3593,MM-006
COL-3594,MM-001
E-3595,MM-002
PSV-3596,MM-008
V-3597,MM-009
E-3598,MM-010
V-3599,MM-004
COL-3600,MM-003
E-3601,MM-002
PSV-3602,MM-008
TT-3603,MM-003
P-3604,MM-007
PSV-3605,MM-008
P-3606,MM-005
COL-3607,MM-004
TT-3608,MM-008
PT-3609,MM-010
PSV-3610,MM-005
FCV-3611,MM-001
LT-3612,MM-002
LT-3613,MM-009
P-3614,MM-010
XV-3615,MM-007
COL-3616,MM-010
COL-3617,MM-005
P-3618,MM-010
PT-3619,MM-003
LT-3620,MM-005
LT-3621,MM-004
COL-3622,MM-005
P-3623,MM-002
FCV-3624,MM-002
COL-3625,MM-010
PT-3626,MM-007
FT-3627,MM-004
PSV-3628,MM-006
TT-3629,MM-006
V-3630,MM-009
V-3631,MM-005
V-3632,MM-002
FT-3633,MM-004
P-3634,MM-003
PT-3635,MM-004
P-3636,MM-010
V-3637,MM-003
FT-3638,MM-010
P-3639,MM-008
V-3640,MM-001
P-3641,MM-004
XV-3642,MM-001
FT-3643,MM-009
K-3644,MM-009
PSV-3645,MM-005
LT-3646,MM-005
P-3647,MM-004
FT-3648,MM-005
K-3649,MM-004
FCV-3650,MM-007
COL-3651,MM-001
P-3652,MM-006
FCV-3653,MM-001
PT-3654,MM-010
P-3655,MM-003
V-3656,MM-002
E-3657,MM-010
XV-3658,MM-006
PSV-3659,MM-008
LT-3660,MM-002
XV-3661,MM-004
FCV-3662,MM-006
K-3663,MM-007
PT-3664,MM-005
E-3665,MM-007
PT-3666,MM-008
V-3667,MM-001
V-3668,MM-004
K-3669,MM-001
FT-3670,MM-009
LT-3671,MM-003
LT-3672,MM-002
COL-3673,MM-002
PSV-3674,MM-007
COL-3675,MM-003
V-3676,MM-001
FT-3677,MM-001
LT-3678,MM-004
V-3679,MM-005
K-3680,MM-009
FT-3681,MM-004
FT-3682,MM-008
XV-3683,MM-009
K-3684,MM-001
K-3685,MM-007
FCV-3686,MM-001
K-3687,MM-003
V-3688,MM-001
K-3689,MM-008
K-3690,MM-003
V-3691,MM-003
E-3692,MM-007
FCV-3693,MM-004
LT-3694,MM-008
FT-3695,MM-007
E-3696,MM-007
TT-3697,MM-004
PSV-3698,MM-008
LT-3699,MM-002
K-3700,MM-002
E-3701,MM-006
FT-3702,MM-010
TT-3703,MM-007
K-3704,MM-009
XV-3705,MM-001
TT-3706,MM-006
P-3707,MM-002
PT-3708,MM-008
PT-3709,MM-001
PSV-3710,MM-009
PT-3711,MM-008
P-3712,MM-001
TT-3713,MM-009
V-3714,MM-009
PT-3715,MM-003
E-3716,MM-010
PSV-3717,MM-005
FT-3718,MM-007
P-3719,MM-002
K-3720,MM-003
XV-3721,MM-005
XV-3722,MM-008
PT-3723,MM-005
XV-3724,MM-002
XV-3725,MM-008
P-3726,MM-008
PSV-3727,MM-006
XV-3728,MM-009
P-3729,MM-008
COL-3730,MM-005
FCV-3731,MM-001
K-3732,MM-010
FCV-3733,MM-005
FCV-3734,MM-003
V-3735,MM-006
P-3736,MM-005
TT-3737,MM-008
TT-3738,MM-003
V-3739,MM-003
COL-3740,MM-006
PSV-3741,MM-001
P-3742,MM-006
K-3743,MM-008
P-3744,MM-010
FT-3745,MM-008
K-3746,MM-009
XV-3747,MM-001
K-3748,MM-004
P-3749,MM-005
LT-3750,MM-002
P-3751,MM-006
TT-3752,MM-007
TT-3753,MM-003
FT-3754,MM-009
P-3755,MM-004
E-3756,MM-001
TT-3757,MM-004
P-3758,MM-005
P-3759,MM-008
E-3760,MM-002
E-3761,MM-008
P-3762,MM-009
P-3763,MM-003
TT-3764,MM-009
XV-3765,MM-003
K-3766,MM-007
PT-3767,MM-004
E-3768,MM-003
P-3769,MM-007
K-3770,MM-009
E-3771,MM-001
P-3772,MM-005
P-3773,MM-002
COL-3774,MM-005
PSV-3775,MM-004
V-3776,MM-004
PSV-3777,MM-001
COL-3778,MM-002
K-3779,MM-008
FT-3780,MM-006
XV-3781,MM-007
FT-3782,MM-003
FCV-3783,MM-006
LT-3784,MM-008
FCV-3785,MM-003
PSV-3786,MM-001
K-3787,MM-002
P-3788,MM-002
PT-3789,MM-009
FT-3790,MM-007
COL-3791,MM-009
FCV-3792,MM-004
P-3793,MM-010
FCV-3794,MM-003
FT-3795,MM-004
LT-3796,MM-008
PT-3797,MM-002
PSV-3798,MM-006
LT-3799,MM-006
V-3800,MM-004
K-3801,MM-005
FCV-3802,MM-009
FCV-3803,MM-001
XV-3804,MM-007
P-3805,MM-001
XV-3806,MM-005
LT-3807,MM-010
P-3808,MM-005
P-3809,MM-004
P-3810,MM-008
K-3811,MM-006
XV-3812,MM-006
TT-3813,MM-003
E-3814,MM-007
P-3815,MM-002
LT-3816,MM-004
P-3817,MM-001
COL-3818,MM-008
K-3819,MM-006
TT-3820,MM-002
P-3821,MM-010
K-3822,MM-010
PT-3823,MM-003
E-3824,MM-010
XV-3825,MM-006
P-3826,MM-003
P-3827,MM-002
K-3828,MM-006
PT-3829,MM-010
PSV-3830,MM-008
PSV-3831,MM-001
PSV-3832,MM-002
LT-3833,MM-007
P-3834,MM-010
V-3835,MM-007
COL-3836,MM-009
COL-3837,MM-001
PT-3838,MM-003
XV-3839,MM-009
XV-3840,MM-007
P-3841,MM-003
XV-3842,MM-008
XV-3843,MM-006
PT-3844,MM-003
K-3845,MM-005
PSV-3846,MM-003
XV-3847,MM-002
FT-3848,MM-007
LT-3849,MM-006
XV-3850,MM-010
XV-3851,MM-009
FCV-3852,MM-007
COL-3853,MM-004
E-3854,MM-007
XV-3855,MM-001
K-3856,MM-004
FCV-3857,MM-003
E-3858,MM-003
LT-3859,MM-007
P-3860,MM-004
P-3861,MM-009
FCV-3862,MM-010
FT-3863,MM-001
PSV-3864,MM-003
FCV-3865,MM-007
TT-3866,MM-008
XV-3867,MM-001
FT-3868,MM-005
PSV-3869,MM-005
FT-3870,MM-002
LT-3871,MM-005
V-3872,MM-010
TT-3873,MM-007
XV-3874,MM-004
V-3875,MM-002
K-3876,MM-005
PT-3877,MM-007
LT-3878,MM-003
FCV-3879,MM-010
FCV-3880,MM-010
LT-3881,MM-001
FCV-3882,MM-004
P-3883,MM-001
P-3884,MM-004
TT-3885,MM-006
V-3886,MM-001
TT-3887,MM-008
P-3888,MM-008
PT-3889,MM-006
V-3890,MM-002
COL-3891,MM-001
COL-3892,MM-006
K-3893,MM-010
PSV-3894,MM-007
P-3895,MM-003
K-3896,MM-008
COL-3897,MM-007
COL-3898,MM-004
PSV-3899,MM-010
PSV-3900,MM-003
V-3901,MM-001
E-3902,MM-008
V-3903,MM-007
FCV-3904,MM-005
P-3905,MM-002
XV-3906,MM-001
FT-3907,MM-009
TT-3908,MM-008
FCV-3909,MM-004
TT-3910,MM-002
P-3911,MM-010
PSV-3912,MM-003
TT-3913,MM-006
FCV-3914,MM-003
PSV-3915,MM-003
PT-3916,MM-001
E-3917,MM-008
P-3918,MM-008
V-3919,MM-006
FT-3920,MM-001
FT-3921,MM-002
K-3922,MM-002
K-3923,MM-006
XV-3924,MM-006
LT-3925,MM-008
E-3926,MM-008
XV-3927,MM-005
FT-3928,MM-009
E-3929,MM-008
COL-3930,MM-007
V-3931,MM-003
XV-3932,MM-008
TT-3933,MM-003
FT-3934,MM-007
K-3935,MM-009
TT-3936,MM-001
V-3937,MM-006
P-3938,MM-004
P-3939,MM-006
PT-3940,MM-001
FCV-3941,MM-001
E-3942,MM-001
P-3943,MM-001
TT-3944,MM-008
FT-3945,MM-002
FCV-3946,MM-009
FT-3947,MM-007
P-3948,MM-006
E-3949,MM-010
XV-3950,MM-005
P-3951,MM-009
COL-3952,MM-002
XV-3953,MM-008
E-3954,MM-003
P-3955,MM-010
FT-3956,MM-001
FT-3957,MM-010
PT-3958,MM-007
COL-3959,MM-009
PSV-3960,MM-001
FT-3961,MM-008
P-3962,MM-002
LT-3963,MM-004
PT-3964,MM-003
K-3965,MM-010
PSV-3966,MM-007
K-3967,MM-006
P-3968,MM-004
E-3969,MM-001
P-3970,MM-005
TT-3971,MM-008
V-3972,MM-008
COL-3973,MM-004
FCV-3974,MM-010
P-3975,MM-009
K-3976,MM-004
PSV-3977,MM-005
LT-3978,MM-005
FT-3979,MM-010
V-3980,MM-002
FCV-3981,MM-002
V-3982,MM-001
PSV-3983,MM-009
PT-3984,MM-008
LT-3985,MM-009
FT-3986,MM-001
FT-3987,MM-007
LT-3988,MM-009
V-3989,MM-002
V-3990,MM-009
COL-3991,MM-006
FCV-3992,MM-003
P-3993,MM-006
V-3994,MM-005
P-3995,MM-010
FCV-3996,MM-010
PSV-3997,MM-004
P-3998,MM-007
PSV-3999,MM-001
XV-4000,MM-010
TT-4001,MM-007
COL-4002,MM-003
V-4003,MM-007
P-4004,MM-002
COL-4005,MM-005
PT-4006,MM-003
PT-4007,MM-005
P-4008,MM-006
COL-4009,MM-005
COL-4010,MM-005
PT-4011,MM-008
LT-4012,MM-009
PSV-4013,MM-008
V-4014,MM-009
K-4015,MM-002
XV-4016,MM-008
COL-4017,MM-010
E-4018,MM-002
K-4019,MM-009
FT-4020,MM-006
K-4021,MM-010
FCV-4022,MM-003
COL-4023,MM-003
P-4024,MM-003
PT-4025,MM-005
FT-4026,MM-004
P-4027,MM-001
E-4028,MM-005
COL-4029,MM-001
XV-4030,MM-004
PSV-4031,MM-007
FCV-4032,MM-006
FT-4033,MM-006
P-4034,MM-002
XV-4035,MM-003
COL-4036,MM-002
XV-4037,MM-006
COL-4038,MM-007
V-4039,MM-010
K-4040,MM-005
V-4041,MM-005
LT-4042,MM-010
FT-4043,MM-007
FCV-4044,MM-005
COL-4045,MM-005
TT-4046,MM-008
COL-4047,MM-007
PSV-4048,MM-004
XV-4049,MM-008
K-4050,MM-006
FT-4051,MM-008
FCV-4052,MM-003
LT-4053,MM-006
P-4054,MM-001
FT-4055,MM-001
PSV-4056,MM-006
PT-4057,MM-006
K-4058,MM-009
TT-4059,MM-010
V-4060,MM-003
P-4061,MM-002
LT-4062,MM-002
E-4063,MM-004
E-4064,MM-009
E-4065,MM-006
XV-4066,MM-002
K-4067,MM-008
COL-4068,MM-006
V-4069,MM-007
TT-4070,MM-008
P-4071,MM-006
FT-4072,MM-008
LT-4073,MM-010
TT-4074,MM-001
XV-4075,MM-010
P-4076,MM-004
P-4077,MM-010
LT-4078,MM-008
PSV-4079,MM-008
E-4080,MM-001
P-4081,MM-001
E-4082,MM-009
P-4083,MM-005
K-4084,MM-005
P-4085,MM-007
PT-4086,MM-010
XV-4087,MM-002
PT-4088,MM-002
P-4089,MM-008
P-4090,MM-003
XV-4091,MM-009
P-4092,MM-009
K-4093,MM-002
E-4094,MM-009
PSV-4095,MM-003
FT-4096,MM-008
K-4097,MM-008
E-4098,MM-010
XV-4099,MM-004
FT-4100,MM-005
XV-4101,MM-006
P-4102,MM-005
P-4103,MM-004
V-4104,MM-005
FCV-4105,MM-009
FT-4106,MM-003
LT-4107,MM-002
V-4108,MM-001
P-4109,MM-002
V-4110,MM-006
COL-4111,MM-004
E-4112,MM-007
V-4113,MM-005
E-4114,MM-002
P-4115,MM-005
FCV-4116,MM-002
P-4117,MM-007
FT-4118,MM-003
P-4119,MM-008
LT-4120,MM-005
FCV-4121,MM-001
FCV-4122,MM-002
E-4123,MM-002
TT-4124,MM-009
P-4125,MM-006
COL-4126,MM-004
K-4127,MM-007
FCV-4128,MM-010
FT-4129,MM-009
PT-4130,MM-004
P-4131,MM-009
LT-4132,MM-010
K-4133,MM-010
PT-4134,MM-006
PT-4135,MM-001
FT-4136,MM-006
E-4137,MM-003
FT-4138,MM-008
PSV-4139,MM-010
COL-4140,MM-005
TT-4141,MM-002
TT-4142,MM-005
LT-4143,MM-004
P-4144,MM-001
V-4145,MM-004
E-4146,MM-006
E-4147,MM-004
PSV-4148,MM-010
PT-4149,MM-008
TT-4150,MM-010
E-4151,MM-006
PSV-4152,MM-003
XV-4153,MM-002
E-4154,MM-009
COL-4155,MM-007
PT-4156,MM-003
V-4157,MM-005
FCV-4158,MM-007
XV-4159,MM-004
FT-4160,MM-003
COL-4161,MM-003
P-4162,MM-007
E-4163,MM-008
TT-4164,MM-001
V-4165,MM-001
TT-4166,MM-007
E-4167,MM-003
K-4168,MM-002
PT-4169,MM-002
FCV-4170,MM-005
P-4171,MM-003
E-4172,MM-005
P-4173,MM-005
V-4174,MM-003
V-4175,MM-002
COL-4176,MM-003
XV-4177,MM-007
FCV-4178,MM-005
E-4179,MM-010
E-4180,MM-004
TT-4181,MM-008
P-4182,MM-005
COL-4183,MM-004
FT-4184,MM-003
PT-4185,MM-008
V-4186,MM-003
P-4187,MM-004
P-4188,MM-007
XV-4189,MM-004
P-4190,MM-002
FT-4191,MM-007
P-4192,MM-003
XV-4193,MM-009
E-4194,MM-005
XV-4195,MM-004
COL-4196,MM-010
E-4197,MM-003
K-4198,MM-007
COL-4199,MM-009
K-4200,MM-007
LT-4201,MM-005
E-4202,MM-009
FCV-4203,MM-006
E-4204,MM-005
V-4205,MM-002
FCV-4206,MM-005
P-4207,MM-007
COL-4208,MM-006
COL-4209,MM-001
V-4210,MM-007
FCV-4211,MM-001
TT-4212,MM-007
TT-4213,MM-010
P-4214,MM-004
E-4215,MM-007
FCV-4216,MM-009
E-4217,MM-008
FCV-4218,MM-004
K-4219,MM-004
LT-4220,MM-006
E-4221,MM-001
V-4222,MM-001
P-4223,MM-004
P-4224,MM-008
K-4225,MM-004
FT-4226,MM-001
E-4227,MM-006
FT-4228,MM-010
P-4229,MM-007
P-4230,MM-007
K-4231,MM-007
P-4232,MM-005
E-4233,MM-001
PT-4234,MM-007
P-4235,MM-010
COL-4236,MM-001
FT-4237,MM-008
PSV-4238,MM-010
COL-4239,MM-001
P-4240,MM-010
P-4241,MM-002
P-4242,MM-008
V-4243,MM-001
P-4244,MM-010
P-4245,MM-005
TT-4246,MM-004
E-4247,MM-009
COL-4248,MM-006
TT-4249,MM-005
PT-4250,MM-005
TT-4251,MM-003
FT-4252,MM-008
COL-4253,MM-006
V-4254,MM-007
K-4255,MM-004
XV-4256,MM-008
V-4257,MM-006
K-4258,MM-010
COL-4259,MM-009
K-4260,MM-001
FCV-4261,MM-008
E-4262,MM-008
P-4263,MM-005
FT-4264,MM-009
E-4265,MM-009
LT-4266,MM-004
E-4267,MM-006
LT-4268,MM-001
P-4269,MM-007
COL-4270,MM-004
P-4271,MM-004
P-4272,MM-008
FCV-4273,MM-008
LT-4274,MM-001
K-4275,MM-007
E-4276,MM-006
V-4277,MM-010
P-4278,MM-009
V-4279,MM-001
P-4280,MM-010
FT-4281,MM-007
PT-4282,MM-006
PT-4283,MM-004
P-4284,MM-008
PSV-4285,MM-002
PSV-4286,MM-009
E-4287,MM-010
K-4288,MM-007
PSV-4289,MM-008
P-4290,MM-009
FT-4291,MM-010
K-4292,MM-009
PT-4293,MM-008
P-4294,MM-001
XV-4295,MM-008
K-4296,MM-001
TT-4297,MM-002
PT-4298,MM-005
FCV-4299,MM-005
PT-4300,MM-005
P-4301,MM-004
P-4302,MM-007
FT-4303,MM-008
PT-4304,MM-005
LT-4305,MM-002
P-4306,MM-007
FT-4307,MM-006
XV-4308,MM-003
PSV-4309,MM-007
V-4310,MM-002
V-4311,MM-009
V-4312,MM-006
PT-4313,MM-002
K-4314,MM-005
FCV-4315,MM-006
LT-4316,MM-003
P-4317,MM-008
E-4318,MM-007
FCV-4319,MM-006
E-4320,MM-010
V-4321,MM-001
LT-4322,MM-001
P-4323,MM-006
PT-4324,MM-003
V-4325,MM-002
P-4326,MM-009
P-4327,MM-001
PSV-4328,MM-009
COL-4329,MM-003
K-4330,MM-002
LT-4331,MM-001
V-4332,MM-010
V-4333,MM-003
XV-4334,MM-009
V-4335,MM-009
P-4336,MM-003
FCV-4337,MM-006
K-4338,MM-007
K-4339,MM-010
V-4340,MM-002
PT-4341,MM-006
PSV-4342,MM-010
PSV-4343,MM-009
COL-4344,MM-001
PT-4345,MM-001
V-4346,MM-005
PT-4347,MM-008
E-4348,MM-002
XV-4349,MM-010
FT-4350,MM-004
TT-4351,MM-007
COL-4352,MM-009
PT-4353,MM-008
P-4354,MM-006
TT-4355,MM-008
FCV-4356,MM-007
XV-4357,MM-007
PT-4358,MM-006
LT-4359,MM-007
PT-4360,MM-003
P-4361,MM-010
XV-4362,MM-003
P-4363,MM-006
PSV-4364,MM-010
PSV-4365,MM-005
P-4366,MM-003
XV-4367,MM-010
PSV-4368,MM-010
TT-4369,MM-002
FT-4370,MM-006
LT-4371,MM-005
FCV-4372,MM-008
E-4373,MM-009
FT-4374,MM-006
K-4375,MM-002
P-4376,MM-002
V-4377,MM-005
V-4378,MM-006
P-4379,MM-002
P-4380,MM-009
LT-4381,MM-006
FT-4382,MM-003
K-4383,MM-001
FT-4384,MM-009
TT-4385,MM-006
FT-4386,MM-004
PSV-4387,MM-005
V-4388,MM-007
P-4389,MM-006
FT-4390,MM-009
FT-4391,MM-005
XV-4392,MM-003
E-4393,MM-006
FCV-4394,MM-005
K-4395,MM-003
PT-4396,MM-003
LT-4397,MM-003
FCV-4398,MM-005
K-4399,MM-004
K-4400,MM-009
TT-4401,MM-001
COL-4402,MM-004
PSV-4403,MM-009
FCV-4404,MM-002
XV-4405,MM-002
PT-4406,MM-010
FT-4407,MM-002
PSV-4408,MM-007
PT-4409,MM-007
P-4410,MM-008
E-4411,MM-002
XV-4412,MM-007
PT-4413,MM-008
XV-4414,MM-004
K-4415,MM-007
LT-4416,MM-005
PT-4417,MM-003
TT-4418,MM-009
FT-4419,MM-004
P-4420,MM-003
LT-4421,MM-003
P-4422,MM-006
K-4423,MM-002
E-4424,MM-009
TT-4425,MM-005
V-4426,MM-010
COL-4427,MM-005
V-4428,MM-008
LT-4429,MM-008
TT-4430,MM-009
K-4431,MM-001
COL-4432,MM-004
XV-4433,MM-009
XV-4434,MM-001
K-4435,MM-004
XV-4436,MM-005
P-4437,MM-009
FCV-4438,MM-008
XV-4439,MM-009
XV-4440,MM-003
V-4441,MM-001
TT-4442,MM-008
P-4443,MM-009
FT-4444,MM-008
K-4445,MM-008
FT-4446,MM-002
TT-4447,MM-002
P-4448,MM-006
PT-4449,MM-008
PSV-4450,MM-002
P-4451,MM-010
E-4452,MM-001
FT-4453,MM-010
TT-4454,MM-008
E-4455,MM-005
K-4456,MM-010
PT-4457,MM-006
XV-4458,MM-003
XV-4459,MM-006
COL-4460,MM-006
TT-4461,MM-003
P-4462,MM-001
V-4463,MM-002
E-4464,MM-003
K-4465,MM-010
V-4466,MM-002
COL-4467,MM-001
XV-4468,MM-006
COL-4469,MM-007
XV-4470,MM-003
FT-4471,MM-010
E-4472,MM-010
COL-4473,MM-006
FCV-4474,MM-008
V-4475,MM-002
TT-4476,MM-007
LT-4477,MM-008
V-4478,MM-002
P-4479,MM-006
K-4480,MM-005
COL-4481,MM-005
PT-4482,MM-009
FT-4483,MM-009
PT-4484,MM-004
XV-4485,MM-001
P-4486,MM-003
P-4487,MM-004
FT-4488,MM-010
K-4489,MM-002
FCV-4490,MM-006
P-4491,MM-010
FCV-4492,MM-009
FT-4493,MM-010
P-4494,MM-007
P-4495,MM-001
PSV-4496,MM-006
PSV-4497,MM-003
XV-4498,MM-005
PSV-4499,MM-005
FCV-4500,MM-002
COL-4501,MM-006
LT-4502,MM-003
V-4503,MM-010
TT-4504,MM-004
XV-4505,MM-006
P-4506,MM-009
TT-4507,MM-006
FT-4508,MM-001
FT-4509,MM-004
XV-4510,MM-006
PT-4511,MM-005
COL-4512,MM-001
TT-4513,MM-002
K-4514,MM-007
XV-4515,MM-007
COL-4516,MM-010
P-4517,MM-002
K-4518,MM-007
XV-4519,MM-007
COL-4520,MM-007
V-4521,MM-010
K-4522,MM-002
PSV-4523,MM-009
PSV-4524,MM-006
FT-4525,MM-010
TT-4526,MM-009
E-4527,MM-005
PSV-4528,MM-002
K-4529,MM-008
V-4530,MM-010
P-4531,MM-001
V-4532,MM-002
FT-4533,MM-007
XV-4534,MM-004
TT-4535,MM-007
FT-4536,MM-006
E-4537,MM-002
FCV-4538,MM-003
COL-4539,MM-005
COL-4540,MM-004
LT-4541,MM-003
PT-4542,MM-005
FT-4543,MM-008
PT-4544,MM-007
PT-4545,MM-009
P-4546,MM-003
TT-4547,MM-006
P-4548,MM-009
LT-4549,MM-010
K-4550,MM-008
V-4551,MM-008
XV-4552,MM-010
PT-4553,MM-004
PT-4554,MM-008
COL-4555,MM-007
LT-4556,MM-003
PSV-4557,MM-003
FCV-4558,MM-007
E-4559,MM-009
E-4560,MM-003
FT-4561,MM-008
LT-4562,MM-007
E-4563,MM-005
E-4564,MM-006
PSV-4565,MM-008
V-4566,MM-009
COL-4567,MM-002
K-4568,MM-008
P-4569,MM-009
TT-4570,MM-002
V-4571,MM-002
LT-4572,MM-010
PT-4573,MM-005
COL-4574,MM-008
P-4575,MM-007
TT-4576,MM-002
PSV-4577,MM-009
TT-4578,MM-001
FT-4579,MM-008
K-4580,MM-006
LT-4581,MM-004
PT-4582,MM-003
PSV-4583,MM-007
FT-4584,MM-004
LT-4585,MM-008
COL-4586,MM-009
PSV-4587,MM-003
P-4588,MM-003
PSV-4589,MM-005
TT-4590,MM-003
P-4591,MM-003
V-4592,MM-010
E-4593,MM-001
PSV-4594,MM-002
PSV-4595,MM-006
XV-4596,MM-010
P-4597,MM-003
FT-4598,MM-001
V-4599,MM-008
XV-4600,MM-006
FT-4601,MM-003
COL-4602,MM-010
P-4603,MM-007
FT-4604,MM-001
COL-4605,MM-007
LT-4606,MM-009
COL-4607,MM-008
XV-4608,MM-006
PT-4609,MM-001
XV-4610,MM-007
FCV-4611,MM-004
TT-4612,MM-004
FCV-4613,MM-007
XV-4614,MM-001
P-4615,MM-001
COL-4616,MM-009
P-4617,MM-010
E-4618,MM-002
P-4619,MM-006
FT-4620,MM-004
XV-4621,MM-005
TT-4622,MM-010
COL-4623,MM-007
TT-4624,MM-006
FT-4625,MM-005
P-4626,MM-010
V-4627,MM-001
FT-4628,MM-003
FCV-4629,MM-006
P-4630,MM-007
LT-4631,MM-010
FCV-4632,MM-004
P-4633,MM-003
FT-4634,MM-001
LT-4635,MM-004
P-4636,MM-005
COL-4637,MM-009
K-4638,MM-003
V-4639,MM-006
PT-4640,MM-004
V-4641,MM-008
K-4642,MM-005
LT-4643,MM-001
LT-4644,MM-010
XV-4645,MM-007
V-4646,MM-002
PT-4647,MM-007
LT-4648,MM-008
V-4649,MM-007
P-4650,MM-005
E-4651,MM-004
XV-4652,MM-005
PT-4653,MM-008
LT-4654,MM-009
PSV-4655,MM-007
COL-4656,MM-003
TT-4657,MM-010
FT-4658,MM-007
FCV-4659,MM-002
PT-4660,MM-001
K-4661,MM-008
COL-4662,MM-001
K-4663,MM-004
COL-4664,MM-010
COL-4665,MM-005
E-4666,MM-004
TT-4667,MM-005
E-4668,MM-007
TT-4669,MM-004
COL-4670,MM-008
FT-4671,MM-004
PSV-4672,MM-002
LT-4673,MM-006
V-4674,MM-009
K-4675,MM-007
PSV-4676,MM-006
K-4677,MM-001
E-4678,MM-002
COL-4679,MM-009
P-4680,MM-010
FT-4681,MM-007
PT-4682,MM-002
PSV-4683,MM-010
TT-4684,MM-002
P-4685,MM-004
PT-4686,MM-006
LT-4687,MM-009
LT-4688,MM-010
PSV-4689,MM-006
V-4690,MM-007
LT-4691,MM-003
P-4692,MM-008
TT-4693,MM-010
LT-4694,MM-003
K-4695,MM-001
COL-4696,MM-004
P-4697,MM-010
P-4698,MM-008
XV-4699,MM-004
PSV-4700,MM-006
PT-4701,MM-006
TT-4702,MM-004
P-4703,MM-010
PSV-4704,MM-003
V-4705,MM-001
K-4706,MM-006
PSV-4707,MM-005
K-4708,MM-002
COL-4709,MM-010
FT-4710,MM-010
FT-4711,MM-005
FCV-4712,MM-007
E-4713,MM-003
COL-4714,MM-010
P-4715,MM-002
COL-4716,MM-003
TT-4717,MM-002
LT-4718,MM-003
E-4719,MM-010
COL-4720,MM-004
V-4721,MM-006
TT-4722,MM-003
COL-4723,MM-002
E-4724,MM-010
FT-4725,MM-002
K-4726,MM-002
FCV-4727,MM-005
PSV-4728,MM-001
K-4729,MM-002
FT-4730,MM-003
PT-4731,MM-005
P-4732,MM-006
P-4733,MM-002
P-4734,MM-008
FT-4735,MM-009
V-4736,MM-010
E-4737,MM-010
COL-4738,MM-002
P-4739,MM-004
E-4740,MM-003
K-4741,MM-004
LT-4742,MM-003
FCV-4743,MM-002
K-4744,MM-004
K-4745,MM-009
XV-4746,MM-003
E-4747,MM-004
FT-4748,MM-003
E-4749,MM-007
XV-4750,MM-002
K-4751,MM-006
V-4752,MM-008
FT-4753,MM-008
LT-4754,MM-001
V-4755,MM-008
XV-4756,MM-006
COL-4757,MM-007
TT-4758,MM-001
COL-4759,MM-005
FT-4760,MM-005
FCV-4761,MM-007
P-4762,MM-001
FT-4763,MM-003
XV-4764,MM-005
XV-4765,MM-006
LT-4766,MM-005
E-4767,MM-007
FCV-4768,MM-006
XV-4769,MM-006
P-4770,MM-008
V-4771,MM-001
K-4772,MM-008
LT-4773,MM-004
PT-4774,MM-003
LT-4775,MM-003
LT-4776,MM-006
E-4777,MM-010
PT-4778,MM-002
P-4779,MM-008
FT-4780,MM-007
K-4781,MM-005
PSV-4782,MM-010
P-4783,MM-003
V-4784,MM-007
FT-4785,MM-010
FT-4786,MM-005
P-4787,MM-010
XV-4788,MM-003
E-4789,MM-007
COL-4790,MM-010
LT-4791,MM-007
K-4792,MM-004
TT-4793,MM-009
K-4794,MM-001
XV-4795,MM-004
XV-4796,MM-006
XV-4797,MM-003
V-4798,MM-010
FCV-4799,MM-001
PT-4800,MM-009
COL-4801,MM-005
COL-4802,MM-008
E-4803,MM-001
PT-4804,MM-006
FCV-4805,MM-006
P-4806,MM-009
XV-4807,MM-007
P-4808,MM-006
FT-4809,MM-002
XV-4810,MM-005
FT-4811,MM-003
XV-4812,MM-007
LT-4813,MM-008
P-4814,MM-002
P-4815,MM-008
P-4816,MM-005
PSV-4817,MM-009
TT-4818,MM-003
P-4819,MM-003
V-4820,MM-006
V-4821,MM-008
FCV-4822,MM-005
PT-4823,MM-002
TT-4824,MM-010
LT-4825,MM-005
FT-4826,MM-003
V-4827,MM-005
E-4828,MM-005
K-4829,MM-010
V-4830,MM-008
LT-4831,MM-009
K-4832,MM-009
FCV-4833,MM-002
PSV-4834,MM-004
P-4835,MM-006
PSV-4836,MM-001
V-4837,MM-003
V-4838,MM-004
E-4839,MM-003
P-4840,MM-006
LT-4841,MM-007
PT-4842,MM-009
XV-4843,MM-007
K-4844,MM-008
PSV-4845,MM-001
E-4846,MM-005
COL-4847,MM-009
FT-4848,MM-010
P-4849,MM-007
P-4850,MM-004
TT-4851,MM-010
TT-4852,MM-004
K-4853,MM-009
K-4854,MM-003
K-4855,MM-007
FT-4856,MM-007
P-4857,MM-008
E-4858,MM-010
FCV-4859,MM-007
FCV-4860,MM-004
P-4861,MM-005
P-4862,MM-002
FT-4863,MM-005
FCV-4864,MM-009
FCV-4865,MM-010
PSV-4866,MM-003
P-4867,MM-007
XV-4868,MM-006
FCV-4869,MM-002
PT-4870,MM-001
COL-4871,MM-008
V-4872,MM-005
COL-4873,MM-004
COL-4874,MM-009
E-4875,MM-003
COL-4876,MM-004
PT-4877,MM-010
XV-4878,MM-003
TT-4879,MM-004
PT-4880,MM-002
COL-4881,MM-005
P-4882,MM-003
COL-4883,MM-009
PSV-4884,MM-007
V-4885,MM-005
PT-4886,MM-002
FT-4887,MM-004
LT-4888,MM-008
XV-4889,MM-005
PT-4890,MM-007
E-4891,MM-005
XV-4892,MM-007
K-4893,MM-001
FT-4894,MM-005
P-4895,MM-002
P-4896,MM-005
E-4897,MM-007
V-4898,MM-005
P-4899,MM-010
TT-4900,MM-007
P-4901,MM-004
P-4902,MM-008
P-4903,MM-006
P-4904,MM-007
XV-4905,MM-001
E-4906,MM-004
K-4907,MM-005
LT-4908,MM-004
XV-4909,MM-004
K-4910,MM-007
V-4911,MM-009
FCV-4912,MM-009
V-4913,MM-005
PSV-4914,MM-001
LT-4915,MM-005
LT-4916,MM-003
TT-4917,MM-003
LT-4918,MM-010
TT-4919,MM-008
TT-4920,MM-005
K-4921,MM-002
COL-4922,MM-008
XV-4923,MM-003
COL-4924,MM-004
XV-4925,MM-009
PSV-4926,MM-001
XV-4927,MM-002
COL-4928,MM-009
FCV-4929,MM-005
E-4930,MM-007
E-4931,MM-010
PSV-4932,MM-005
PSV-4933,MM-006
COL-4934,MM-008
PT-4935,MM-009
XV-4936,MM-006
LT-4937,MM-005
P-4938,MM-008
E-4939,MM-010
PT-4940,MM-007
K-4941,MM-007
FT-4942,MM-007
FCV-4943,MM-001
P-4944,MM-007
COL-4945,MM-006
TT-4946,MM-009
FT-4947,MM-010
P-4948,MM-001
K-4949,MM-009
TT-4950,MM-001
PT-4951,MM-005
PSV-4952,MM-009
PT-4953,MM-009
P-4954,MM-010
FT-4955,MM-007
V-4956,MM-008
P-4957,MM-003
FCV-4958,MM-001
E-4959,MM-003
COL-4960,MM-002
XV-4961,MM-008
TT-4962,MM-007
P-4963,MM-010
V-4964,MM-007
PSV-4965,MM-007
LT-4966,MM-007
K-4967,MM-009
COL-4968,MM-007
V-4969,MM-003
P-4970,MM-006
LT-4971,MM-007
V-4972,MM-003
LT-4973,MM-003
P-4974,MM-009
TT-4975,MM-002
PT-4976,MM-004
FCV-4977,MM-002
PSV-4978,MM-002
COL-4979,MM-009
FT-4980,MM-004
XV-4981,MM-006
V-4982,MM-004
PT-4983,MM-009
TT-4984,MM-004
TT-4985,MM-008
LT-4986,MM-004
COL-4987,MM-010
TT-4988,MM-008
PT-4989,MM-008
E-4990,MM-005
FCV-4991,MM-003
P-4992,MM-008
FCV-4993,MM-006
PSV-4994,MM-008
COL-4995,MM-007
LT-4996,MM-008
E-4997,MM-010
TT-4998,MM-003
COL-4999,MM-007
PT-5000,MM-007
FCV-5001,MM-007
PSV-5002,MM-002
XV-5003,MM-010
XV-5004,MM-001
V-5005,MM-006
K-5006,MM-008
P-5007,MM-009
K-5008,MM-006
P-5009,MM-010
PSV-5010,MM-001
PSV-5011,MM-004
PSV-5012,MM-009
P-5013,MM-009
LT-5014,MM-010
E-5015,MM-006
PT-5016,MM-009
K-5017,MM-006
PSV-5018,MM-008
XV-5019,MM-007
COL-5020,MM-004
FT-5021,MM-010
LT-5022,MM-004
PSV-5023,MM-005
E-5024,MM-008
LT-5025,MM-006
FCV-5026,MM-009
P-5027,MM-010
XV-5028,MM-001
E-5029,MM-002
P-5030,MM-006
PSV-5031,MM-001
XV-5032,MM-006
P-5033,MM-005
E-5034,MM-007
TT-5035,MM-007
E-5036,MM-008
P-5037,MM-008
E-5038,MM-004
COL-5039,MM-008
E-5040,MM-001
TT-5041,MM-002
FCV-5042,MM-010
K-5043,MM-005
PSV-5044,MM-004
FT-5045,MM-006
TT-5046,MM-001
COL-5047,MM-002
V-5048,MM-004
LT-5049,MM-004
E-5050,MM-005
PSV-5051,MM-008
PT-5052,MM-008
E-5053,MM-004
PSV-5054,MM-005
K-5055,MM-010
P-5056,MM-006
E-5057,MM-008
P-5058,MM-008
V-5059,MM-007
V-5060,MM-002
P-5061,MM-006
P-5062,MM-007
E-5063,MM-005
COL-5064,MM-007
COL-5065,MM-010
P-5066,MM-002
V-5067,MM-009
XV-5068,MM-007
P-5069,MM-004
FT-5070,MM-002
TT-5071,MM-007
XV-5072,MM-009
PT-5073,MM-008
FT-5074,MM-010
P-5075,MM-002
FCV-5076,MM-004
LT-5077,MM-009
P-5078,MM-004
PSV-5079,MM-010
PT-5080,MM-007
V-5081,MM-006
FCV-5082,MM-002
FT-5083,MM-008
FT-5084,MM-001
TT-5085,MM-010
FCV-5086,MM-008
K-5087,MM-005
PSV-5088,MM-001
P-5089,MM-010
P-5090,MM-002
P-5091,MM-008
COL-5092,MM-010
K-5093,MM-008
TT-5094,MM-010
LT-5095,MM-005
E-5096,MM-007
V-5097,MM-008
PT-5098,MM-001
TT-5099,MM-005
E-5100,MM-005
E-5101,MM-002
PSV-5102,MM-009
E-5103,MM-003
LT-5104,MM-010
V-5105,MM-004
LT-5106,MM-004
PT-5107,MM-007
PT-5108,MM-004
FT-5109,MM-004
K-5110,MM-004
PT-5111,MM-004
XV-5112,MM-005
FCV-5113,MM-008
P-5114,MM-002
PT-5115,MM-009
E-5116,MM-010
FCV-5117,MM-007
P-5118,MM-009
TT-5119,MM-006
FCV-5120,MM-003
P-5121,MM-009
FCV-5122,MM-009
XV-5123,MM-007
FT-5124,MM-004
TT-5125,MM-007
TT-5126,MM-010
V-5127,MM-009
P-5128,MM-001
PSV-5129,MM-009
V-5130,MM-005
P-5131,MM-010
P-5132,MM-004
FCV-5133,MM-002
PSV-5134,MM-010
P-5135,MM-010
P-5136,MM-005
LT-5137,MM-008
COL-5138,MM-008
XV-5139,MM-001
E-5140,MM-005
TT-5141,MM-009
COL-5142,MM-010
FCV-5143,MM-009
V-5144,MM-002
PT-5145,MM-009
K-5146,MM-004
P-5147,MM-004
COL-5148,MM-006
P-5149,MM-005
COL-5150,MM-007
P-5151,MM-006
P-5152,MM-003
E-5153,MM-009
P-5154,MM-005
K-5155,MM-004
K-5156,MM-006
TT-5157,MM-001
PSV-5158,MM-002
FT-5159,MM-003
P-5160,MM-006
TT-5161,MM-002
LT-5162,MM-003
FT-5163,MM-002
FCV-5164,MM-005
PT-5165,MM-007
V-5166,MM-006
E-5167,MM-006
K-5168,MM-008
K-5169,MM-001
V-5170,MM-003
PSV-5171,MM-008
LT-5172,MM-005
TT-5173,MM-006
E-5174,MM-009
PT-5175,MM-010
V-5176,MM-007
FT-5177,MM-003
FT-5178,MM-004
FT-5179,MM-009
E-5180,MM-005
XV-5181,MM-007
XV-5182,MM-010
FCV-5183,MM-003
K-5184,MM-007
E-5185,MM-006
TT-5186,MM-006
XV-5187,MM-003
E-5188,MM-005
P-5189,MM-005
LT-5190,MM-004
V-5191,MM-010
V-5192,MM-005
K-5193,MM-001
PT-5194,MM-003
V-5195,MM-004
P-5196,MM-008
FT-5197,MM-006
V-5198,MM-002
COL-5199,MM-010
V-5200,MM-007
E-5201,MM-007
K-5202,MM-003
XV-5203,MM-006
PT-5204,MM-005
LT-5205,MM-006
FT-5206,MM-009
COL-5207,MM-006
K-5208,MM-003
COL-5209,MM-002
TT-5210,MM-006
E-5211,MM-003
FCV-5212,MM-008
K-5213,MM-009
TT-5214,MM-001
XV-5215,MM-002
V-5216,MM-002
PT-5217,MM-008
FCV-5218,MM-005
E-5219,MM-009
V-5220,MM-008
LT-5221,MM-008
PSV-5222,MM-006
TT-5223,MM-006
P-5224,MM-007
FCV-5225,MM-003
XV-5226,MM-003
E-5227,MM-002
E-5228,MM-010
E-5229,MM-005
TT-5230,MM-002
V-5231,MM-002
FT-5232,MM-010
P-5233,MM-003
FT-5234,MM-006
PT-5235,MM-009
V-5236,MM-010
FCV-5237,MM-001
FCV-5238,MM-002
XV-5239,MM-002
P-5240,MM-005
PT-5241,MM-009
LT-5242,MM-009
P-5243,MM-002
E-5244,MM-006
V-5245,MM-010
LT-5246,MM-007
COL-5247,MM-001
P-5248,MM-001
P-5249,MM-006
COL-5250,MM-003
LT-5251,MM-009
TT-5252,MM-010
PSV-5253,MM-003
COL-5254,MM-010
FCV-5255,MM-003
P-5256,MM-009
E-5257,MM-006
XV-5258,MM-008
LT-5259,MM-002
K-5260,MM-006
K-5261,MM-007
K-5262,MM-010
PT-5263,MM-006
PT-5264,MM-007
FCV-5265,MM-007
COL-5266,MM-007
XV-5267,MM-010
FCV-5268,MM-002
P-5269,MM-010
PT-5270,MM-010
TT-5271,MM-001
TT-5272,MM-002
P-5273,MM-007
P-5274,MM-008
PSV-5275,MM-006
P-5276,MM-006
TT-5277,MM-001
P-5278,MM-010
E-5279,MM-009
TT-5280,MM-001
FT-5281,MM-009
P-5282,MM-004
K-5283,MM-003
V-5284,MM-007
FT-5285,MM-001
E-5286,MM-010
PSV-5287,MM-002
P-5288,MM-005
V-5289,MM-010
LT-5290,MM-009
PSV-5291,MM-009
P-5292,MM-009
E-5293,MM-006
P-5294,MM-002
LT-5295,MM-002
FT-5296,MM-006
P-5297,MM-002
FCV-5298,MM-005
P-5299,MM-003
P-5300,MM-006
COL-5301,MM-001
FT-5302,MM-009
E-5303,MM-008
V-5304,MM-010
COL-5305,MM-005
COL-5306,MM-006
P-5307,MM-009
FCV-5308,MM-009
V-5309,MM-005
TT-5310,MM-001
LT-5311,MM-009
P-5312,MM-004
TT-5313,MM-003
P-5314,MM-007
PSV-5315,MM-008
FCV-5316,MM-010
FCV-5317,MM-009
FCV-5318,MM-003
PSV-5319,MM-001
FT-5320,MM-006
K-5321,MM-008
FCV-5322,MM-004
P-5323,MM-003
COL-5324,MM-009
XV-5325,MM-001
PSV-5326,MM-002
COL-5327,MM-005
TT-5328,MM-003
PSV-5329,MM-006
COL-5330,MM-007
XV-5331,MM-010
PSV-5332,MM-010
E-5333,MM-008
TT-5334,MM-005
COL-5335,MM-002
FCV-5336,MM-006
FCV-5337,MM-002
P-5338,MM-001
LT-5339,MM-003
P-5340,MM-009
K-5341,MM-002
COL-5342,MM-006
PT-5343,MM-009
P-5344,MM-003
K-5345,MM-006
FCV-5346,MM-004
P-5347,MM-005
FT-5348,MM-010
COL-5349,MM-005
COL-5350,MM-005
LT-5351,MM-010
E-5352,MM-001
P-5353,MM-003
FCV-5354,MM-001
FT-5355,MM-006
P-5356,MM-001
E-5357,MM-007
K-5358,MM-003
K-5359,MM-004
LT-5360,MM-001
FT-5361,MM-002
PSV-5362,MM-007
XV-5363,MM-005
FCV-5364,MM-002
COL-5365,MM-007
LT-5366,MM-003
P-5367,MM-008
V-5368,MM-001
K-5369,MM-010
PSV-5370,MM-001
K-5371,MM-004
PT-5372,MM-004
PSV-5373,MM-001
K-5374,MM-002
PT-5375,MM-002
TT-5376,MM-001
TT-5377,MM-002
LT-5378,MM-005
PSV-5379,MM-003
FT-5380,MM-008
XV-5381,MM-009
P-5382,MM-008
E-5383,MM-002
P-5384,MM-002
TT-5385,MM-003
COL-5386,MM-004
K-5387,MM-008
TT-5388,MM-001
PSV-5389,MM-010
LT-5390,MM-007
COL-5391,MM-003
K-5392,MM-010
FT-5393,MM-001
P-5394,MM-008
K-5395,MM-004
V-5396,MM-002
V-5397,MM-010
K-5398,MM-004
E-5399,MM-005
K-5400,MM-003
FT-5401,MM-006
FCV-5402,MM-003
COL-5403,MM-010
PT-5404,MM-003
COL-5405,MM-008
PT-5406,MM-008
PT-5407,MM-006
P-5408,MM-002
K-5409,MM-007
K-5410,MM-004
PT-5411,MM-005
FCV-5412,MM-002
LT-5413,MM-007
PT-5414,MM-010
V-5415,MM-007
XV-5416,MM-002
V-5417,MM-004
FCV-5418,MM-007
PSV-5419,MM-006
P-5420,MM-005
COL-5421,MM-001
LT-5422,MM-007
V-5423,MM-002
P-5424,MM-009
TT-5425,MM-002
COL-5426,MM-005
LT-5427,MM-004
K-5428,MM-004
P-5429,MM-004
FT-5430,MM-010
FT-5431,MM-009
P-5432,MM-010
FCV-5433,MM-004
V-5434,MM-003
FT-5435,MM-003
XV-5436,MM-001
FT-5437,MM-007
P-5438,MM-006
P-5439,MM-007
PSV-5440,MM-010
E-5441,MM-005
TT-5442,MM-005
PSV-5443,MM-007
TT-5444,MM-007
FCV-5445,MM-004
V-5446,MM-007
P-5447,MM-006
FT-5448,MM-005
TT-5449,MM-010
XV-5450,MM-009
PT-5451,MM-005
TT-5452,MM-002
P-5453,MM-004
FCV-5454,MM-007
P-5455,MM-005
PT-5456,MM-006
COL-5457,MM-003
FT-5458,MM-008
K-5459,MM-010
TT-5460,MM-003
V-5461,MM-010
LT-5462,MM-001
PT-5463,MM-009
P-5464,MM-001
P-5465,MM-002
PSV-5466,MM-001
XV-5467,MM-006
K-5468,MM-010
LT-5469,MM-004
LT-5470,MM-009
E-5471,MM-008
FT-5472,MM-004
P-5473,MM-001
K-5474,MM-008
TT-5475,MM-007
FCV-5476,MM-008
TT-5477,MM-009
V-5478,MM-009
FT-5479,MM-005
P-5480,MM-002
FT-5481,MM-006
FCV-5482,MM-009
XV-5483,MM-010
FT-5484,MM-005
V-5485,MM-006
E-5486,MM-006
COL-5487,MM-010
COL-5488,MM-005
PT-5489,MM-010
E-5490,MM-001
COL-5491,MM-004
V-5492,MM-010
XV-5493,MM-005
COL-5494,MM-004
P-5495,MM-005
XV-5496,MM-010
FCV-5497,MM-008
COL-5498,MM-006
E-5499,MM-006
K-5500,MM-004
E-5501,MM-008
FCV-5502,MM-005
XV-5503,MM-004
FCV-5504,MM-007
P-5505,MM-008
P-5506,MM-003
XV-5507,MM-005
XV-5508,MM-001
XV-5509,MM-007
FCV-5510,MM-003
PSV-5511,MM-003
K-5512,MM-002
TT-5513,MM-009
PSV-5514,MM-006
LT-5515,MM-006
E-5516,MM-010
XV-5517,MM-003
PT-5518,MM-003
PT-5519,MM-006
TT-5520,MM-006
XV-5521,MM-005
FCV-5522,MM-001
COL-5523,MM-001
FCV-5524,MM-005
LT-5525,MM-001
XV-5526,MM-006
PSV-5527,MM-004
LT-5528,MM-001
COL-5529,MM-003
FCV-5530,MM-006
XV-5531,MM-008
XV-5532,MM-007
P-5533,MM-006
K-5534,MM-006
XV-5535,MM-001
XV-5536,MM-004
P-5537,MM-004
FT-5538,MM-004
FT-5539,MM-008
PSV-5540,MM-005
V-5541,MM-009
P-5542,MM-001
V-5543,MM-004
V-5544,MM-008
FT-5545,MM-007
FT-5546,MM-003
K-5547,MM-003
V-5548,MM-006
P-5549,MM-004
V-5550,MM-007
K-5551,MM-004
K-5552,MM-006
TT-5553,MM-010
COL-5554,MM-004
LT-5555,MM-001
K-5556,MM-006
COL-5557,MM-006
TT-5558,MM-009
LT-5559,MM-004
PT-5560,MM-006
PSV-5561,MM-008
PT-5562,MM-010
FCV-5563,MM-010
XV-5564,MM-009
XV-5565,MM-005
V-5566,MM-006
XV-5567,MM-007
E-5568,MM-007
V-5569,MM-003
P-5570,MM-007
LT-5571,MM-002
LT-5572,MM-005
P-5573,MM-006
XV-5574,MM-003
LT-5575,MM-009
COL-5576,MM-009
TT-5577,MM-003
P-5578,MM-003
E-5579,MM-009
V-5580,MM-006
XV-5581,MM-007
COL-5582,MM-009
TT-5583,MM-003
V-5584,MM-003
FT-5585,MM-003
LT-5586,MM-002
P-5587,MM-001
P-5588,MM-004
P-5589,MM-005
P-5590,MM-001
FT-5591,MM-003
PT-5592,MM-008
PSV-5593,MM-005
LT-5594,MM-003
FT-5595,MM-010
P-5596,MM-003
FCV-5597,MM-001
FT-5598,MM-002
FT-5599,MM-010
XV-5600,MM-007
K-5601,MM-003
K-5602,MM-002
TT-5603,MM-009
P-5604,MM-009
PT-5605,MM-006
FCV-5606,MM-003
K-5607,MM-001
K-5608,MM-002
PSV-5609,MM-007
LT-5610,MM-006
PSV-5611,MM-010
TT-5612,MM-010
PT-5613,MM-008
PSV-5614,MM-007
FT-5615,MM-001
FCV-5616,MM-007
PSV-5617,MM-004
COL-5618,MM-009
V-5619,MM-009
XV-5620,MM-005
FCV-5621,MM-003
PT-5622,MM-009
FCV-5623,MM-009
V-5624,MM-002
P-5625,MM-010
PSV-5626,MM-006
E-5627,MM-007
FCV-5628,MM-004
P-5629,MM-010
XV-5630,MM-008
PSV-5631,MM-006
LT-5632,MM-009
LT-5633,MM-007
FCV-5634,MM-002
P-5635,MM-003
K-5636,MM-009
COL-5637,MM-005
PSV-5638,MM-004
P-5639,MM-005
LT-5640,MM-002
PSV-5641,MM-004
LT-5642,MM-003
LT-5643,MM-004
V-5644,MM-001
TT-5645,MM-009
P-5646,MM-007
COL-5647,MM-006
FT-5648,MM-001
PSV-5649,MM-007
PT-5650,MM-003
COL-5651,MM-008
XV-5652,MM-001
FT-5653,MM-009
XV-5654,MM-010
FCV-5655,MM-002
V-5656,MM-006
PT-5657,MM-002
COL-5658,MM-003
COL-5659,MM-004
PT-5660,MM-004
K-5661,MM-003
E-5662,MM-002
XV-5663,MM-009
P-5664,MM-007
PSV-5665,MM-004
XV-5666,MM-007
P-5667,MM-006
XV-5668,MM-004
TT-5669,MM-009
LT-5670,MM-010
PSV-5671,MM-002
PT-5672,MM-002
PT-5673,MM-009
LT-5674,MM-010
E-5675,MM-008
PT-5676,MM-006
XV-5677,MM-004
XV-5678,MM-009
P-5679,MM-008
PSV-5680,MM-002
E-5681,MM-008
E-5682,MM-010
K-5683,MM-002
V-5684,MM-002
FCV-5685,MM-005
V-5686,MM-001
FCV-5687,MM-003
XV-5688,MM-007
TT-5689,MM-002
FT-5690,MM-010
XV-5691,MM-003
XV-5692,MM-006
P-5693,MM-005
PSV-5694,MM-001
E-5695,MM-002
K-5696,MM-009
LT-5697,MM-005
COL-5698,MM-010
TT-5699,MM-007
XV-5700,MM-010
FCV-5701,MM-008
E-5702,MM-005
K-5703,MM-003
E-5704,MM-002
XV-5705,MM-009
V-5706,MM-008
FT-5707,MM-009
P-5708,MM-002
COL-5709,MM-001
FCV-5710,MM-006
K-5711,MM-007
P-5712,MM-009
K-5713,MM-005
PSV-5714,MM-008
FT-5715,MM-004
E-5716,MM-004
TT-5717,MM-009
E-5718,MM-010
P-5719,MM-010
FCV-5720,MM-007
FT-5721,MM-004
FCV-5722,MM-009
FT-5723,MM-005
FT-5724,MM-004
P-5725,MM-005
PT-5726,MM-002
COL-5727,MM-005
E-5728,MM-004
PSV-5729,MM-008
FCV-5730,MM-004
K-5731,MM-005
PT-5732,MM-007
TT-5733,MM-001
FT-5734,MM-008
FT-5735,MM-003
K-5736,MM-003
TT-5737,MM-010
TT-5738,MM-008
COL-5739,MM-003
PT-5740,MM-003
COL-5741,MM-008
COL-5742,MM-003
XV-5743,MM-007
P-5744,MM-002
E-5745,MM-010
P-5746,MM-003
P-5747,MM-002
V-5748,MM-008
FT-5749,MM-008
E-5750,MM-010
V-5751,MM-008
XV-5752,MM-002
K-5753,MM-005
P-5754,MM-008
V-5755,MM-001
P-5756,MM-002
E-5757,MM-001
P-5758,MM-007
COL-5759,MM-006
PT-5760,MM-009
V-5761,MM-003
PT-5762,MM-006
E-5763,MM-001
FCV-5764,MM-007
TT-5765,MM-008
PSV-5766,MM-007
FT-5767,MM-008
V-5768,MM-006
K-5769,MM-010
FT-5770,MM-007
V-5771,MM-004
PT-5772,MM-009
E-5773,MM-004
PSV-5774,MM-008
FT-5775,MM-002
TT-5776,MM-004
P-5777,MM-004
XV-5778,MM-007
V-5779,MM-001
PSV-5780,MM-009
LT-5781,MM-004
E-5782,MM-002
FCV-5783,MM-010
LT-5784,MM-004
FCV-5785,MM-008
TT-5786,MM-008
COL-5787,MM-003
TT-5788,MM-006
K-5789,MM-008
P-5790,MM-007
P-5791,MM-001
XV-5792,MM-009
K-5793,MM-001
PSV-5794,MM-002
P-5795,MM-002
XV-5796,MM-003
XV-5797,MM-010
XV-5798,MM-009
E-5799,MM-003
V-5800,MM-003
P-5801,MM-010
FT-5802,MM-002
COL-5803,MM-002
PT-5804,MM-007
PSV-5805,MM-001
P-5806,MM-005
TT-5807,MM-006
PT-5808,MM-007
LT-5809,MM-008
E-5810,MM-005
TT-5811,MM-005
P-5812,MM-003
E-5813,MM-010
K-5814,MM-003
COL-5815,MM-007
FCV-5816,MM-003
LT-5817,MM-007
P-5818,MM-010
TT-5819,MM-005
E-5820,MM-001
FCV-5821,MM-005
FT-5822,MM-003
TT-5823,MM-001
V-5824,MM-007
V-5825,MM-004
FCV-5826,MM-006
PSV-5827,MM-004
E-5828,MM-006
COL-5829,MM-010
TT-5830,MM-006
P-5831,MM-004
K-5832,MM-007
P-5833,MM-001
P-5834,MM-002
P-5835,MM-007
PT-5836,MM-003
TT-5837,MM-005
P-5838,MM-009
P-5839,MM-001
COL-5840,MM-009
P-5841,MM-008
FCV-5842,MM-009
FT-5843,MM-003
XV-5844,MM-001
FT-5845,MM-009
PT-5846,MM-002
TT-5847,MM-006
PT-5848,MM-007
V-5849,MM-006
PT-5850,MM-009
FCV-5851,MM-010
E-5852,MM-007
P-5853,MM-009
K-5854,MM-007
E-5855,MM-009
E-5856,MM-007
PSV-5857,MM-004
PSV-5858,MM-005
XV-5859,MM-007
PSV-5860,MM-006
FCV-5861,MM-005
PSV-5862,MM-010
P-5863,MM-001
TT-5864,MM-008
PT-5865,MM-008
E-5866,MM-004
P-5867,MM-002
V-5868,MM-007
COL-5869,MM-004
K-5870,MM-005
FT-5871,MM-005
K-5872,MM-007
P-5873,MM-002
V-5874,MM-010
TT-5875,MM-007
E-5876,MM-005
V-5877,MM-007
P-5878,MM-003
V-5879,MM-004
COL-5880,MM-003
FT-5881,MM-009
K-5882,MM-010
XV-5883,MM-001
PT-5884,MM-007
FCV-5885,MM-007
FCV-5886,MM-010
K-5887,MM-004
P-5888,MM-002
LT-5889,MM-002
FCV-5890,MM-007
FT-5891,MM-007
COL-5892,MM-001
COL-5893,MM-002
COL-5894,MM-006
E-5895,MM-003
P-5896,MM-003
V-5897,MM-005
P-5898,MM-008
PSV-5899,MM-006
PSV-5900,MM-009
V-5901,MM-007
XV-5902,MM-002
COL-5903,MM-008
COL-5904,MM-003
FCV-5905,MM-008
LT-5906,MM-003
P-5907,MM-007
PT-5908,MM-010
COL-5909,MM-009
LT-5910,MM-005
K-5911,MM-005
K-5912,MM-006
PSV-5913,MM-005
P-5914,MM-005
P-5915,MM-004
V-5916,MM-009
LT-5917,MM-009
PSV-5918,MM-009
PT-5919,MM-006
TT-5920,MM-006
LT-5921,MM-007
P-5922,MM-010
XV-5923,MM-002
P-5924,MM-006
E-5925,MM-003
P-5926,MM-001
COL-5927,MM-008
P-5928,MM-009
P-5929,MM-007
P-5930,MM-002
LT-5931,MM-002
LT-5932,MM-005
TT-5933,MM-009
V-5934,MM-008
TT-5935,MM-010
COL-5936,MM-007
TT-5937,MM-006
FT-5938,MM-005
TT-5939,MM-008
PT-5940,MM-008
E-5941,MM-004
K-5942,MM-005
P-5943,MM-009
P-5944,MM-001
TT-5945,MM-005
FT-5946,MM-002
E-5947,MM-004
COL-5948,MM-008
P-5949,MM-005
LT-5950,MM-008
TT-5951,MM-006
V-5952,MM-008
TT-5953,MM-010
TT-5954,MM-009
XV-5955,MM-003
K-5956,MM-002
COL-5957,MM-008
V-5958,MM-007
V-5959,MM-010
PT-5960,MM-002
PSV-5961,MM-003
COL-5962,MM-002
PT-5963,MM-005
K-5964,MM-005
P-5965,MM-007
FT-5966,MM-006
TT-5967,MM-005
XV-5968,MM-002
XV-5969,MM-008
FT-5970,MM-004
COL-5971,MM-006
V-5972,MM-004
K-5973,MM-003
P-5974,MM-003
PSV-5975,MM-008
K-5976,MM-010
E-5977,MM-007
K-5978,MM-006
COL-5979,MM-006
LT-5980,MM-010
PSV-5981,MM-008
XV-5982,MM-010
XV-5983,MM-005
P-5984,MM-004
TT-5985,MM-001
V-5986,MM-010
TT-5987,MM-008
V-5988,MM-008
PT-5989,MM-001
XV-5990,MM-009
P-5991,MM-008
PSV-5992,MM-010
P-5993,MM-002
PT-5994,MM-005
XV-5995,MM-010
E-5996,MM-009
FT-5997,MM-002
P-5998,MM-003
P-5999,MM-006
V-6000,MM-006
V-6001,MM-003
COL-6002,MM-010
FCV-6003,MM-006
P-6004,MM-010
V-6005,MM-002
E-6006,MM-001
K-6007,MM-006
P-6008,MM-010
XV-6009,MM-001
LT-6010,MM-008
FT-6011,MM-010
V-6012,MM-005
PSV-6013,MM-005
XV-6014,MM-008
COL-6015,MM-001
COL-6016,MM-005
E-6017,MM-005
PT-6018,MM-009
FCV-6019,MM-008
TT-6020,MM-009
FCV-6021,MM-002
PSV-6022,MM-002
COL-6023,MM-007
TT-6024,MM-003
FCV-6025,MM-009
P-6026,MM-002
TT-6027,MM-005
PT-6028,MM-006
PT-6029,MM-002
FCV-6030,MM-006
TT-6031,MM-010
LT-6032,MM-005
LT-6033,MM-002
XV-6034,MM-005
P-6035,MM-002
PSV-6036,MM-006
LT-6037,MM-006
V-6038,MM-002
K-6039,MM-003
K-6040,MM-004
E-6041,MM-008
P-6042,MM-008
FT-6043,MM-005
E-6044,MM-009
E-6045,MM-001
FCV-6046,MM-009
XV-6047,MM-005
LT-6048,MM-004
K-6049,MM-010
COL-6050,MM-009
TT-6051,MM-003
K-6052,MM-002
XV-6053,MM-009
TT-6054,MM-005
FT-6055,MM-008
PT-6056,MM-002
FT-6057,MM-004
P-6058,MM-003
LT-6059,MM-006
FT-6060,MM-004
PSV-6061,MM-002
E-6062,MM-008
LT-6063,MM-005
XV-6064,MM-010
LT-6065,MM-001
TT-6066,MM-010
LT-6067,MM-008
TT-6068,MM-009
LT-6069,MM-007
COL-6070,MM-005
FT-6071,MM-001
E-6072,MM-001
K-6073,MM-005
COL-6074,MM-009
E-6075,MM-003
V-6076,MM-001
LT-6077,MM-003
FCV-6078,MM-002
COL-6079,MM-004
FCV-6080,MM-003
TT-6081,MM-003
P-6082,MM-003
P-6083,MM-004
LT-6084,MM-010
P-6085,MM-001
K-6086,MM-005
LT-6087,MM-002
P-6088,MM-001
P-6089,MM-002
PSV-6090,MM-006
PT-6091,MM-003
PSV-6092,MM-009
P-6093,MM-010
PSV-6094,MM-004
FCV-6095,MM-005
P-6096,MM-007
P-6097,MM-003
COL-6098,MM-008
FCV-6099,MM-004
FT-6100,MM-007
FCV-6101,MM-005
K-6102,MM-001
V-6103,MM-003
XV-6104,MM-009
TT-6105,MM-006
FT-6106,MM-005
XV-6107,MM-006
COL-6108,MM-001
K-6109,MM-004
PSV-6110,MM-009
E-6111,MM-010
XV-6112,MM-004
COL-6113,MM-007
XV-6114,MM-003
PSV-6115,MM-004
E-6116,MM-005
P-6117,MM-009
E-6118,MM-002
FT-6119,MM-005
PT-6120,MM-009
COL-6121,MM-006
PSV-6122,MM-009
LT-6123,MM-004
PT-6124,MM-003
LT-6125,MM-003
PSV-6126,MM-006
K-6127,MM-004
P-6128,MM-004
PSV-6129,MM-001
V-6130,MM-001
PSV-6131,MM-006
PSV-6132,MM-007
E-6133,MM-002
E-6134,MM-009
FCV-6135,MM-002
FT-6136,MM-009
FCV-6137,MM-006
K-6138,MM-007
K-6139,MM-002
PT-6140,MM-004
TT-6141,MM-006
PSV-6142,MM-010
P-6143,MM-002
K-6144,MM-003
PSV-6145,MM-007
PT-6146,MM-004
E-6147,MM-003
K-6148,MM-004
COL-6149,MM-008
K-6150,MM-005
P-6151,MM-001
PSV-6152,MM-009
FT-6153,MM-007
P-6154,MM-006
P-6155,MM-004
FT-6156,MM-004
K-6157,MM-004
XV-6158,MM-008
P-6159,MM-007
FT-6160,MM-008
PT-6161,MM-010
E-6162,MM-003
FCV-6163,MM-009
TT-6164,MM-008
XV-6165,MM-006
COL-6166,MM-004
FT-6167,MM-001
P-6168,MM-009
P-6169,MM-003
K-6170,MM-008
PSV-6171,MM-003
PSV-6172,MM-007
P-6173,MM-007
V-6174,MM-006
FCV-6175,MM-009
LT-6176,MM-006
E-6177,MM-001
FT-6178,MM-006
P-6179,MM-005
FCV-6180,MM-010
TT-6181,MM-002
TT-6182,MM-007
E-6183,MM-003
LT-6184,MM-008
K-6185,MM-008
FT-6186,MM-005
FT-6187,MM-008
FCV-6188,MM-001
TT-6189,MM-006
TT-6190,MM-006
LT-6191,MM-003
LT-6192,MM-010
E-6193,MM-004
FT-6194,MM-001
TT-6195,MM-003
P-6196,MM-010
K-6197,MM-010
COL-6198,MM-001
XV-6199,MM-002
FCV-6200,MM-005
E-6201,MM-010
FCV-6202,MM-007
K-6203,MM-008
COL-6204,MM-003
XV-6205,MM-004
TT-6206,MM-010
COL-6207,MM-001
P-6208,MM-003
FT-6209,MM-001
K-6210,MM-003
COL-6211,MM-002
FCV-6212,MM-010
P-6213,MM-009
P-6214,MM-003
E-6215,MM-008
XV-6216,MM-007
P-6217,MM-003
TT-6218,MM-008
P-6219,MM-008
PT-6220,MM-003
TT-6221,MM-008
TT-6222,MM-001
XV-6223,MM-005
LT-6224,MM-001
E-6225,MM-003
PT-6226,MM-006
P-6227,MM-002
P-6228,MM-009
PT-6229,MM-005
COL-6230,MM-009
TT-6231,MM-001
P-6232,MM-003
V-6233,MM-006
FCV-6234,MM-002
P-6235,MM-003
K-6236,MM-009
P-6237,MM-010
E-6238,MM-004
TT-6239,MM-006
E-6240,MM-003
TT-6241,MM-007
TT-6242,MM-009
FT-6243,MM-004
P-6244,MM-003
PT-6245,MM-004
P-6246,MM-010
V-6247,MM-007
PSV-6248,MM-008
PSV-6249,MM-010
FT-6250,MM-005
E-6251,MM-005
LT-6252,MM-002
E-6253,MM-004
COL-6254,MM-008
FCV-6255,MM-002
E-6256,MM-006
XV-6257,MM-010
K-6258,MM-001
COL-6259,MM-002
FT-6260,MM-003
PSV-6261,MM-003
COL-6262,MM-010
V-6263,MM-005
P-6264,MM-009
E-6265,MM-002
XV-6266,MM-009
LT-6267,MM-007
PT-6268,MM-010
LT-6269,MM-003
E-6270,MM-006
PSV-6271,MM-002
P-6272,MM-002
PSV-6273,MM-003
COL-6274,MM-002
LT-6275,MM-006
FT-6276,MM-004
LT-6277,MM-010
P-6278,MM-002
LT-6279,MM-004
PSV-6280,MM-007
E-6281,MM-010
P-6282,MM-010
PSV-6283,MM-002
TT-6284,MM-009
COL-6285,MM-005
K-6286,MM-007
V-6287,MM-007
P-6288,MM-009
FT-6289,MM-005
COL-6290,MM-008
PSV-6291,MM-003
E-6292,MM-006
FCV-6293,MM-005
LT-6294,MM-007
K-6295,MM-002
P-6296,MM-004
V-6297,MM-010
FCV-6298,MM-008
P-6299,MM-004
P-6300,MM-009
FT-6301,MM-006
PT-6302,MM-002
COL-6303,MM-010
TT-6304,MM-007
XV-6305,MM-008
E-6306,MM-001
FT-6307,MM-009
COL-6308,MM-005
XV-6309,MM-001
LT-6310,MM-010
FT-6311,MM-007
TT-6312,MM-006
V-6313,MM-003
TT-6314,MM-009
V-6315,MM-008
XV-6316,MM-010
P-6317,MM-004
FT-6318,MM-004
PT-6319,MM-001
K-6320,MM-009
FT-6321,MM-010
LT-6322,MM-008
P-6323,MM-010
FT-6324,MM-004
P-6325,MM-003
V-6326,MM-004
PSV-6327,MM-001
COL-6328,MM-002
FT-6329,MM-001
PT-6330,MM-006
PSV-6331,MM-010
FCV-6332,MM-007
P-6333,MM-005
K-6334,MM-002
E-6335,MM-009
FT-6336,MM-004
E-6337,MM-006
PSV-6338,MM-009
E-6339,MM-003
PSV-6340,MM-004
V-6341,MM-002
TT-6342,MM-005
TT-6343,MM-004
FCV-6344,MM-001
XV-6345,MM-003
V-6346,MM-007
PT-6347,MM-004
XV-6348,MM-005
XV-6349,MM-006
E-6350,MM-008
COL-6351,MM-001
P-6352,MM-003
LT-6353,MM-007
P-6354,MM-010
V-6355,MM-007
PSV-6356,MM-007
PSV-6357,MM-001
E-6358,MM-004
XV-6359,MM-008
FT-6360,MM-007
P-6361,MM-003
XV-6362,MM-009
P-6363,MM-008
LT-6364,MM-008
PSV-6365,MM-009
E-6366,MM-010
XV-6367,MM-006
XV-6368,MM-007
FT-6369,MM-010
PSV-6370,MM-004
E-6371,MM-008
PT-6372,MM-008
COL-6373,MM-007
P-6374,MM-004
E-6375,MM-003
LT-6376,MM-010
P-6377,MM-004
COL-6378,MM-010
E-6379,MM-004
XV-6380,MM-005
P-6381,MM-010
P-6382,MM-003
XV-6383,MM-008
P-6384,MM-008
PSV-6385,MM-004
P-6386,MM-005
FCV-6387,MM-004
XV-6388,MM-004
FT-6389,MM-003
FT-6390,MM-004
PSV-6391,MM-006
TT-6392,MM-009
FT-6393,MM-005
XV-6394,MM-004
LT-6395,MM-005
COL-6396,MM-010
V-6397,MM-003
COL-6398,MM-008
PSV-6399,MM-006
E-6400,MM-005
XV-6401,MM-007
V-6402,MM-010
TT-6403,MM-002
PT-6404,MM-002
K-6405,MM-003
TT-6406,MM-004
P-6407,MM-007
XV-6408,MM-001
LT-6409,MM-009
P-6410,MM-004
V-6411,MM-008
TT-6412,MM-007
P-6413,MM-002
XV-6414,MM-007
P-6415,MM-006
FCV-6416,MM-003
FT-6417,MM-002
TT-6418,MM-004
FCV-6419,MM-001
E-6420,MM-001
TT-6421,MM-002
E-6422,MM-005
P-6423,MM-009
E-6424,MM-004
PSV-6425,MM-008
P-6426,MM-010
PSV-6427,MM-002
FT-6428,MM-001
FCV-6429,MM-002
PSV-6430,MM-010
P-6431,MM-010
FCV-6432,MM-002
P-6433,MM-003
LT-6434,MM-003
FCV-6435,MM-004
FT-6436,MM-009
P-6437,MM-006
FCV-6438,MM-006
P-6439,MM-003
P-6440,MM-002
TT-6441,MM-005
XV-6442,MM-004
XV-6443,MM-008
P-6444,MM-010
PSV-6445,MM-004
PSV-6446,MM-007
COL-6447,MM-001
COL-6448,MM-006
E-6449,MM-008
V-6450,MM-008
PT-6451,MM-003
FT-6452,MM-005
COL-6453,MM-001
FCV-6454,MM-008
XV-6455,MM-008
P-6456,MM-009
P-6457,MM-003
V-6458,MM-002
TT-6459,MM-001
P-6460,MM-001
FT-6461,MM-001
E-6462,MM-005
K-6463,MM-010
XV-6464,MM-010
LT-6465,MM-007
XV-6466,MM-002
K-6467,MM-010
E-6468,MM-001
FCV-6469,MM-006
P-6470,MM-007
E-6471,MM-005
E-6472,MM-004
PT-6473,MM-006
E-6474,MM-003
COL-6475,MM-004
FT-6476,MM-007
K-6477,MM-001
E-6478,MM-010
FT-6479,MM-003
FCV-6480,MM-007
V-6481,MM-007
K-6482,MM-009
FT-6483,MM-005
COL-6484,MM-006
TT-6485,MM-009
V-6486,MM-008
XV-6487,MM-002
P-6488,MM-010
PSV-6489,MM-006
P-6490,MM-003
FCV-6491,MM-005
PT-6492,MM-008
E-6493,MM-005
COL-6494,MM-007
PSV-6495,MM-001
COL-6496,MM-005
E-6497,MM-009
LT-6498,MM-005
PT-6499,MM-001
P-6500,MM-004
PSV-6501,MM-003
E-6502,MM-004
COL-6503,MM-006
E-6504,MM-006
XV-6505,MM-004
PSV-6506,MM-009
PSV-6507,MM-003
P-6508,MM-001
COL-6509,MM-009
P-6510,MM-006
LT-6511,MM-007
XV-6512,MM-009
P-6513,MM-005
LT-6514,MM-006
XV-6515,MM-005
K-6516,MM-003
V-6517,MM-007
E-6518,MM-007
P-6519,MM-009
P-6520,MM-001
FCV-6521,MM-001
K-6522,MM-003
P-6523,MM-006
FCV-6524,MM-003
K-6525,MM-007
PT-6526,MM-001
PSV-6527,MM-007
V-6528,MM-008
FCV-6529,MM-009
LT-6530,MM-010
LT-6531,MM-005
E-6532,MM-004
XV-6533,MM-005
TT-6534,MM-010
TT-6535,MM-005
XV-6536,MM-010
PSV-6537,MM-010
TT-6538,MM-002
P-6539,MM-005
COL-6540,MM-001
COL-6541,MM-010
TT-6542,MM-007
V-6543,MM-006
P-6544,MM-001
V-6545,MM-004
FT-6546,MM-002
PSV-6547,MM-005
COL-6548,MM-007
COL-6549,MM-003
K-6550,MM-004
FT-6551,MM-005
E-6552,MM-005
COL-6553,MM-004
V-6554,MM-002
K-6555,MM-003
TT-6556,MM-010
COL-6557,MM-007
PSV-6558,MM-001
COL-6559,MM-004
PT-6560,MM-002
FCV-6561,MM-007
E-6562,MM-002
LT-6563,MM-006
LT-6564,MM-004
V-6565,MM-003
LT-6566,MM-005
COL-6567,MM-010
PSV-6568,MM-002
PT-6569,MM-004
FCV-6570,MM-007
LT-6571,MM-009
E-6572,MM-009
LT-6573,MM-002
PSV-6574,MM-005
FT-6575,MM-003
FT-6576,MM-004
LT-6577,MM-009
V-6578,MM-006
K-6579,MM-003
K-6580,MM-010
PSV-6581,MM-009
PT-6582,MM-007
XV-6583,MM-002
FCV-6584,MM-003
COL-6585,MM-001
XV-6586,MM-002
FT-6587,MM-001
LT-6588,MM-002
PSV-6589,MM-004
V-6590,MM-002
LT-6591,MM-002
FCV-6592,MM-007
LT-6593,MM-003
XV-6594,MM-010
V-6595,MM-003
FT-6596,MM-003
PT-6597,MM-008
COL-6598,MM-010
TT-6599,MM-007
FT-6600,MM-010
COL-6601,MM-005
PSV-6602,MM-008
P-6603,MM-005
FCV-6604,MM-009
PSV-6605,MM-009
K-6606,MM-007
FT-6607,MM-008
V-6608,MM-010
LT-6609,MM-007
E-6610,MM-002
XV-6611,MM-006
P-6612,MM-008
P-6613,MM-006
V-6614,MM-004
E-6615,MM-003
LT-6616,MM-009
FT-6617,MM-010
V-6618,MM-009
COL-6619,MM-006
FT-6620,MM-006
P-6621,MM-008
V-6622,MM-010
P-6623,MM-002
TT-6624,MM-003
PSV-6625,MM-002
V-6626,MM-010
FCV-6627,MM-004
PT-6628,MM-003
PT-6629,MM-002
LT-6630,MM-005
P-6631,MM-003
PSV-6632,MM-010
K-6633,MM-001
FCV-6634,MM-009
PSV-6635,MM-009
V-6636,MM-005
V-6637,MM-001
FT-6638,MM-007
K-6639,MM-003
XV-6640,MM-004
E-6641,MM-010
FCV-6642,MM-002
LT-6643,MM-008
P-6644,MM-004
FCV-6645,MM-006
FCV-6646,MM-007
PT-6647,MM-004
FT-6648,MM-010
FT-6649,MM-009
XV-6650,MM-009
PT-6651,MM-008
K-6652,MM-010
V-6653,MM-010
FCV-6654,MM-004
COL-6655,MM-002
FT-6656,MM-001
FT-6657,MM-004
XV-6658,MM-004
FT-6659,MM-006
FCV-6660,MM-007
P-6661,MM-003
V-6662,MM-002
FCV-6663,MM-004
K-6664,MM-007
XV-6665,MM-009
PSV-6666,MM-003
TT-6667,MM-007
V-6668,MM-006
PT-6669,MM-005
FT-6670,MM-007
FCV-6671,MM-005
XV-6672,MM-005
K-6673,MM-002
PT-6674,MM-005
LT-6675,MM-006
LT-6676,MM-008
FCV-6677,MM-007
V-6678,MM-007
FCV-6679,MM-005
PT-6680,MM-004
LT-6681,MM-002
P-6682,MM-003
PT-6683,MM-004
V-6684,MM-008
XV-6685,MM-005
XV-6686,MM-006
E-6687,MM-001
FT-6688,MM-010
E-6689,MM-010
E-6690,MM-003
PSV-6691,MM-005
PT-6692,MM-004
K-6693,MM-001
P-6694,MM-007
FCV-6695,MM-007
PSV-6696,MM-001
TT-6697,MM-002
P-6698,MM-002
K-6699,MM-001
P-6700,MM-001
PSV-6701,MM-008
LT-6702,MM-004
TT-6703,MM-006
XV-6704,MM-009
E-6705,MM-003
XV-6706,MM-007
FT-6707,MM-001
TT-6708,MM-007
LT-6709,MM-010
P-6710,MM-010
LT-6711,MM-004
FT-6712,MM-010
FT-6713,MM-001
P-6714,MM-010
TT-6715,MM-004
PSV-6716,MM-008
P-6717,MM-008
FT-6718,MM-009
K-6719,MM-009
E-6720,MM-006
PT-6721,MM-003
P-6722,MM-007
E-6723,MM-003
TT-6724,MM-002
K-6725,MM-009
E-6726,MM-010
PT-6727,MM-001
P-6728,MM-004
P-6729,MM-006
COL-6730,MM-004
V-6731,MM-005
LT-6732,MM-010
E-6733,MM-004
LT-6734,MM-001
COL-6735,MM-005
LT-6736,MM-010
P-6737,MM-005
K-6738,MM-005
E-6739,MM-010
FT-6740,MM-005
TT-6741,MM-003
PSV-6742,MM-002
COL-6743,MM-008
LT-6744,MM-004
XV-6745,MM-006
FCV-6746,MM-010
COL-6747,MM-010
PT-6748,MM-003
FT-6749,MM-006
E-6750,MM-001
LT-6751,MM-008
FT-6752,MM-003
E-6753,MM-003
P-6754,MM-001
E-6755,MM-008
P-6756,MM-006
LT-6757,MM-008
FCV-6758,MM-007
XV-6759,MM-001
PSV-6760,MM-006
COL-6761,MM-010
XV-6762,MM-003
FCV-6763,MM-008
FT-6764,MM-001
TT-6765,MM-003
K-6766,MM-004
FCV-6767,MM-001
PT-6768,MM-005
FT-6769,MM-008
FT-6770,MM-001
COL-6771,MM-001
V-6772,MM-003
P-6773,MM-004
V-6774,MM-008
FCV-6775,MM-008
PSV-6776,MM-005
PSV-6777,MM-001
PSV-6778,MM-002
P-6779,MM-007
V-6780,MM-008
COL-6781,MM-002
PT-6782,MM-005
FCV-6783,MM-002
PT-6784,MM-007
V-6785,MM-002
FCV-6786,MM-010
FT-6787,MM-010
XV-6788,MM-005
PSV-6789,MM-005
PT-6790,MM-003
P-6791,MM-002
FCV-6792,MM-002
COL-6793,MM-005
P-6794,MM-002
K-6795,MM-001
FCV-6796,MM-009
V-6797,MM-002
XV-6798,MM-001
PSV-6799,MM-006
LT-6800,MM-010
PSV-6801,MM-001
FT-6802,MM-008
TT-6803,MM-009
PT-6804,MM-008
FCV-6805,MM-010
LT-6806,MM-003
XV-6807,MM-001
COL-6808,MM-004
TT-6809,MM-008
PT-6810,MM-009
E-6811,MM-007
FCV-6812,MM-001
XV-6813,MM-006
P-6814,MM-005
FCV-6815,MM-005
P-6816,MM-009
COL-6817,MM-002
XV-6818,MM-008
TT-6819,MM-006
E-6820,MM-002
E-6821,MM-010
P-6822,MM-010
PT-6823,MM-005
K-6824,MM-005
V-6825,MM-008
V-6826,MM-001
PSV-6827,MM-009
PT-6828,MM-006
PT-6829,MM-003
P-6830,MM-007
P-6831,MM-008
E-6832,MM-004
V-6833,MM-002
V-6834,MM-008
E-6835,MM-005
XV-6836,MM-008
FCV-6837,MM-005
XV-6838,MM-005
LT-6839,MM-001
XV-6840,MM-001
PSV-6841,MM-002
LT-6842,MM-006
XV-6843,MM-001
TT-6844,MM-002
COL-6845,MM-007
XV-6846,MM-001
K-6847,MM-006
V-6848,MM-002
PSV-6849,MM-003
TT-6850,MM-002
K-6851,MM-009
E-6852,MM-010
V-6853,MM-003
V-6854,MM-002
PSV-6855,MM-001
P-6856,MM-007
PT-6857,MM-004
FCV-6858,MM-002
PT-6859,MM-003
TT-6860,MM-009
LT-6861,MM-002
XV-6862,MM-004
XV-6863,MM-008
COL-6864,MM-010
E-6865,MM-010
PT-6866,MM-010
P-6867,MM-008
P-6868,MM-001
PSV-6869,MM-010
TT-6870,MM-003
FT-6871,MM-006
XV-6872,MM-007
TT-6873,MM-001
LT-6874,MM-007
PSV-6875,MM-005
PT-6876,MM-008
LT-6877,MM-006
COL-6878,MM-008
PT-6879,MM-010
E-6880,MM-002
FCV-6881,MM-001
P-6882,MM-006
E-6883,MM-004
E-6884,MM-008
P-6885,MM-008
P-6886,MM-006
FCV-6887,MM-006
PT-6888,MM-010
FCV-6889,MM-009
PSV-6890,MM-006
TT-6891,MM-001
PSV-6892,MM-010
PSV-6893,MM-009
FT-6894,MM-007
LT-6895,MM-006
V-6896,MM-005
XV-6897,MM-003
LT-6898,MM-008
COL-6899,MM-009
LT-6900,MM-004
LT-6901,MM-006
XV-6902,MM-005
PT-6903,MM-009
PT-6904,MM-003
P-6905,MM-004
PSV-6906,MM-010
P-6907,MM-001
LT-6908,MM-005
COL-6909,MM-010
PT-6910,MM-006
K-6911,MM-006
FT-6912,MM-002
V-6913,MM-007
V-6914,MM-010
P-6915,MM-007
P-6916,MM-001
XV-6917,MM-008
K-6918,MM-001
FT-6919,MM-008
P-6920,MM-007
PSV-6921,MM-005
K-6922,MM-004
FT-6923,MM-003
P-6924,MM-007
FCV-6925,MM-007
P-6926,MM-004
K-6927,MM-001
TT-6928,MM-002
COL-6929,MM-009
PSV-6930,MM-003
COL-6931,MM-002
COL-6932,MM-008
LT-6933,MM-007
P-6934,MM-001
TT-6935,MM-009
FCV-6936,MM-004
FCV-6937,MM-006
XV-6938,MM-008
K-6939,MM-001
TT-6940,MM-002
P-6941,MM-004
LT-6942,MM-007
FT-6943,MM-009
COL-6944,MM-009
PSV-6945,MM-007
TT-6946,MM-002
COL-6947,MM-006
XV-6948,MM-003
E-6949,MM-002
PSV-6950,MM-007
FT-6951,MM-005
COL-6952,MM-002
LT-6953,MM-003
PSV-6954,MM-003
FT-6955,MM-008
COL-6956,MM-008
TT-6957,MM-005
FCV-6958,MM-005
E-6959,MM-008
V-6960,MM-008
XV-6961,MM-002
COL-6962,MM-009
PT-6963,MM-008
FT-6964,MM-008
COL-6965,MM-006
PSV-6966,MM-006
PSV-6967,MM-007
TT-6968,MM-008
LT-6969,MM-010
E-6970,MM-005
LT-6971,MM-003
K-6972,MM-001
PSV-6973,MM-004
XV-6974,MM-008
K-6975,MM-001
LT-6976,MM-006
XV-6977,MM-008
TT-6978,MM-003
FCV-6979,MM-008
K-6980,MM-008
E-6981,MM-003
PT-6982,MM-001
PT-6983,MM-002
XV-6984,MM-007
E-6985,MM-002
E-6986,MM-010
COL-6987,MM-003
TT-6988,MM-005
COL-6989,MM-009
PSV-6990,MM-007
TT-6991,MM-004
PT-6992,MM-010
XV-6993,MM-001
TT-6994,MM-006
LT-6995,MM-001
FCV-6996,MM-007
P-6997,MM-003
TT-6998,MM-006
PT-6999,MM-007
FT-7000,MM-009
PT-7001,MM-002
P-7002,MM-007
V-7003,MM-001
COL-7004,MM-008
P-7005,MM-009
E-7006,MM-002
P-7007,MM-010
PT-7008,MM-005
E-7009,MM-007
COL-7010,MM-010
P-7011,MM-008
FCV-7012,MM-008
PSV-7013,MM-008
V-7014,MM-008
E-7015,MM-010
V-7016,MM-004
XV-7017,MM-007
TT-7018,MM-002
P-7019,MM-002
TT-7020,MM-007
LT-7021,MM-008
E-7022,MM-009
K-7023,MM-003
V-7024,MM-001
COL-7025,MM-006
COL-7026,MM-003
E-7027,MM-002
LT-7028,MM-003
LT-7029,MM-010
V-7030,MM-006
FCV-7031,MM-010
FT-7032,MM-004
FCV-7033,MM-006
PSV-7034,MM-009
P-7035,MM-005
P-7036,MM-006
K-7037,MM-009
P-7038,MM-008
PSV-7039,MM-004
K-7040,MM-008
TT-7041,MM-003
K-7042,MM-002
E-7043,MM-009
PSV-7044,MM-001
TT-7045,MM-006
E-7046,MM-008
XV-7047,MM-003
TT-7048,MM-005
FCV-7049,MM-005
P-7050,MM-008
LT-7051,MM-007
P-7052,MM-002
FT-7053,MM-002
FCV-7054,MM-005
LT-7055,MM-003
V-7056,MM-008
TT-7057,MM-005
PT-7058,MM-006
COL-7059,MM-003
PT-7060,MM-003
PSV-7061,MM-009
PT-7062,MM-009
LT-7063,MM-009
COL-7064,MM-005
LT-7065,MM-002
COL-7066,MM-002
E-7067,MM-007
P-7068,MM-009
V-7069,MM-006
XV-7070,MM-006
PSV-7071,MM-003
FCV-7072,MM-009
COL-7073,MM-008
XV-7074,MM-006
COL-7075,MM-007
COL-7076,MM-008
P-7077,MM-007
TT-7078,MM-010
E-7079,MM-006
K-7080,MM-001
E-7081,MM-004
COL-7082,MM-008
PT-7083,MM-008
LT-7084,MM-005
XV-7085,MM-010
PSV-7086,MM-010
V-7087,MM-006
E-7088,MM-008
XV-7089,MM-003
XV-7090,MM-004
V-7091,MM-002
E-7092,MM-003
FCV-7093,MM-009
P-7094,MM-002
COL-7095,MM-003
PT-7096,MM-001
TT-7097,MM-005
V-7098,MM-008
XV-7099,MM-002
XV-7100,MM-008
TT-7101,MM-007
TT-7102,MM-002
TT-7103,MM-009
K-7104,MM-003
K-7105,MM-004
TT-7106,MM-008
LT-7107,MM-005
TT-7108,MM-006
K-7109,MM-009
PSV-7110,MM-001
TT-7111,MM-010
FT-7112,MM-003
LT-7113,MM-006
E-7114,MM-010
P-7115,MM-010
LT-7116,MM-004
E-7117,MM-004
FCV-7118,MM-006
LT-7119,MM-002
PSV-7120,MM-005
K-7121,MM-009
LT-7122,MM-006
FCV-7123,MM-008
P-7124,MM-010
P-7125,MM-005
P-7126,MM-001
PT-7127,MM-004
E-7128,MM-003
P-7129,MM-003
XV-7130,MM-008
V-7131,MM-009
PT-7132,MM-007
FT-7133,MM-001
E-7134,MM-001
COL-7135,MM-010
COL-7136,MM-005
LT-7137,MM-002
LT-7138,MM-008
PSV-7139,MM-007
FT-7140,MM-002
PT-7141,MM-003
PT-7142,MM-004
P-7143,MM-005
K-7144,MM-005
LT-7145,MM-003
V-7146,MM-009
P-7147,MM-005
V-7148,MM-010
E-7149,MM-001
COL-7150,MM-002
FCV-7151,MM-007
FT-7152,MM-007
V-7153,MM-001
K-7154,MM-009
PSV-7155,MM-003
COL-7156,MM-002
XV-7157,MM-010
PSV-7158,MM-010
V-7159,MM-006
LT-7160,MM-010
PSV-7161,MM-003
PSV-7162,MM-007
LT-7163,MM-007
E-7164,MM-003
P-7165,MM-001
XV-7166,MM-009
TT-7167,MM-003
COL-7168,MM-006
PSV-7169,MM-008
XV-7170,MM-007
P-7171,MM-006
E-7172,MM-008
E-7173,MM-005
PT-7174,MM-005
TT-7175,MM-008
P-7176,MM-009
PSV-7177,MM-002
E-7178,MM-006
PSV-7179,MM-003
PSV-7180,MM-002
TT-7181,MM-007
PSV-7182,MM-005
LT-7183,MM-009
E-7184,MM-009
K-7185,MM-003
COL-7186,MM-004
P-7187,MM-002
PSV-7188,MM-003
XV-7189,MM-005
COL-7190,MM-009
FCV-7191,MM-002
PSV-7192,MM-006
TT-7193,MM-008
K-7194,MM-006
V-7195,MM-006
FCV-7196,MM-003
FCV-7197,MM-004
LT-7198,MM-007
PT-7199,MM-004
FCV-7200,MM-004
FCV-7201,MM-007
V-7202,MM-002
K-7203,MM-003
K-7204,MM-004
PSV-7205,MM-008
COL-7206,MM-007
PSV-7207,MM-007
FT-7208,MM-001
P-7209,MM-010
P-7210,MM-010
XV-7211,MM-008
XV-7212,MM-001
K-7213,MM-002
V-7214,MM-002
V-7215,MM-009
PT-7216,MM-001
PSV-7217,MM-008
E-7218,MM-001
P-7219,MM-001
FCV-7220,MM-010
V-7221,MM-010
K-7222,MM-004
FCV-7223,MM-001
V-7224,MM-007
FCV-7225,MM-009
P-7226,MM-007
FT-7227,MM-004
P-7228,MM-005
FCV-7229,MM-005
P-7230,MM-009
PT-7231,MM-007
XV-7232,MM-009
P-7233,MM-005
TT-7234,MM-004
COL-7235,MM-005
P-7236,MM-010
PT-7237,MM-003
LT-7238,MM-003
XV-7239,MM-003
FCV-7240,MM-008
K-7241,MM-009
TT-7242,MM-005
PSV-7243,MM-002
K-7244,MM-006
PT-7245,MM-008
LT-7246,MM-008
TT-7247,MM-006
FT-7248,MM-005
PT-7249,MM-001
LT-7250,MM-010
LT-7251,MM-004
FT-7252,MM-010
P-7253,MM-004
K-7254,MM-007
PSV-7255,MM-002
V-7256,MM-010
XV-7257,MM-001
FCV-7258,MM-007
V-7259,MM-007
XV-7260,MM-001
PT-7261,MM-001
E-7262,MM-009
COL-7263,MM-001
TT-7264,MM-002
P-7265,MM-004
FCV-7266,MM-006
P-7267,MM-003
PSV-7268,MM-009
K-7269,MM-001
V-7270,MM-001
TT-7271,MM-007
E-7272,MM-005
COL-7273,MM-004
FCV-7274,MM-005
LT-7275,MM-007
PT-7276,MM-010
TT-7277,MM-009
E-7278,MM-001
PSV-7279,MM-002
LT-7280,MM-007
XV-7281,MM-003
LT-7282,MM-009
FT-7283,MM-010
COL-7284,MM-005
PSV-7285,MM-002
P-7286,MM-005
FT-7287,MM-002
E-7288,MM-004
FT-7289,MM-003
COL-7290,MM-006
PSV-7291,MM-002
FT-7292,MM-003
LT-7293,MM-004
P-7294,MM-003
PSV-7295,MM-006
PSV-7296,MM-003
FCV-7297,MM-009
PSV-7298,MM-009
PSV-7299,MM-003
P-7300,MM-003
LT-7301,MM-005
K-7302,MM-005
XV-7303,MM-005
P-7304,MM-010
P-7305,MM-008
XV-7306,MM-010
FT-7307,MM-001
FT-7308,MM-006
E-7309,MM-002
XV-7310,MM-009
FT-7311,MM-010
E-7312,MM-010
COL-7313,MM-006
P-7314,MM-005
FCV-7315,MM-009
K-7316,MM-006
E-7317,MM-001
TT-7318,MM-005
PSV-7319,MM-007
COL-7320,MM-010
TT-7321,MM-002
E-7322,MM-005
V-7323,MM-007
PSV-7324,MM-002
PSV-7325,MM-010
PT-7326,MM-009
V-7327,MM-001
E-7328,MM-008
K-7329,MM-003
COL-7330,MM-004
P-7331,MM-010
V-7332,MM-009
XV-7333,MM-004
XV-7334,MM-005
XV-7335,MM-003
LT-7336,MM-005
P-7337,MM-004
P-7338,MM-009
TT-7339,MM-010
TT-7340,MM-010
TT-7341,MM-001
TT-7342,MM-006
E-7343,MM-010
FCV-7344,MM-002
FCV-7345,MM-008
P-7346,MM-004
P-7347,MM-008
FCV-7348,MM-007
K-7349,MM-008
LT-7350,MM-004
PT-7351,MM-001
P-7352,MM-007
E-7353,MM-005
PT-7354,MM-005
XV-7355,MM-009
V-7356,MM-009
E-7357,MM-002
P-7358,MM-005
PT-7359,MM-008
FT-7360,MM-009
XV-7361,MM-009
TT-7362,MM-003
COL-7363,MM-004
P-7364,MM-006
PT-7365,MM-007
FT-7366,MM-009
TT-7367,MM-005
LT-7368,MM-004
COL-7369,MM-004
COL-7370,MM-009
XV-7371,MM-001
V-7372,MM-007
P-7373,MM-002
LT-7374,MM-007
LT-7375,MM-010
XV-7376,MM-007
XV-7377,MM-010
P-7378,MM-007
P-7379,MM-002
P-7380,MM-010
P-7381,MM-001
PSV-7382,MM-008
PT-7383,MM-008
K-7384,MM-007
TT-7385,MM-008
TT-7386,MM-001
LT-7387,MM-007
XV-7388,MM-009
TT-7389,MM-005
V-7390,MM-001
PSV-7391,MM-009
P-7392,MM-007
V-7393,MM-001
P-7394,MM-004
P-7395,MM-008
PSV-7396,MM-002
FT-7397,MM-006
K-7398,MM-010
PSV-7399,MM-002
P-7400,MM-005
PSV-7401,MM-001
LT-7402,MM-008
P-7403,MM-010
PSV-7404,MM-003
V-7405,MM-003
LT-7406,MM-007
P-7407,MM-009
FCV-7408,MM-009
COL-7409,MM-009
P-7410,MM-008
PSV-7411,MM-010
K-7412,MM-009
LT-7413,MM-004
V-7414,MM-003
V-7415,MM-002
PSV-7416,MM-005
K-7417,MM-010
FCV-7418,MM-003
PSV-7419,MM-010
K-7420,MM-006
PSV-7421,MM-009
V-7422,MM-007
K-7423,MM-002
E-7424,MM-008
FT-7425,MM-006
XV-7426,MM-002
PSV-7427,MM-009
PT-7428,MM-007
PSV-7429,MM-004
LT-7430,MM-010
TT-7431,MM-003
FCV-7432,MM-005
E-7433,MM-008
COL-7434,MM-006
P-7435,MM-003
E-7436,MM-007
E-7437,MM-001
E-7438,MM-005
LT-7439,MM-005
TT-7440,MM-005
E-7441,MM-007
E-7442,MM-009
COL-7443,MM-006
XV-7444,MM-007
LT-7445,MM-006
K-7446,MM-003
FCV-7447,MM-007
FT-7448,MM-001
FCV-7449,MM-002
V-7450,MM-003
PSV-7451,MM-010
P-7452,MM-010
V-7453,MM-003
FT-7454,MM-010
V-7455,MM-009
V-7456,MM-006
FT-7457,MM-007
COL-7458,MM-010
COL-7459,MM-004
E-7460,MM-009
P-7461,MM-008
LT-7462,MM-008
XV-7463,MM-010
K-7464,MM-006
P-7465,MM-010
P-7466,MM-005
P-7467,MM-009
PT-7468,MM-001
COL-7469,MM-009
P-7470,MM-010
COL-7471,MM-007
FCV-7472,MM-005
LT-7473,MM-007
PT-7474,MM-003
XV-7475,MM-007
P-7476,MM-008
E-7477,MM-010
P-7478,MM-004
E-7479,MM-006
XV-7480,MM-007
K-7481,MM-008
FT-7482,MM-002
V-7483,MM-001
PSV-7484,MM-006
P-7485,MM-008
TT-7486,MM-007
LT-7487,MM-010
P-7488,MM-009
PSV-7489,MM-004
FCV-7490,MM-003
FCV-7491,MM-004
PSV-7492,MM-005
P-7493,MM-004
P-7494,MM-009
V-7495,MM-001
P-7496,MM-004
P-7497,MM-005
XV-7498,MM-002
XV-7499,MM-008
K-7500,MM-001
TT-7501,MM-004
FCV-7502,MM-001
XV-7503,MM-007
V-7504,MM-010
XV-7505,MM-009
P-7506,MM-009
COL-7507,MM-007
P-7508,MM-006
P-7509,MM-007
K-7510,MM-004
V-7511,MM-006
V-7512,MM-008
PSV-7513,MM-007
K-7514,MM-006
V-7515,MM-006
LT-7516,MM-008
PSV-7517,MM-009
P-7518,MM-007
PT-7519,MM-003
COL-7520,MM-006
P-7521,MM-008
K-7522,MM-004
PT-7523,MM-002
P-7524,MM-009
K-7525,MM-002
P-7526,MM-006
LT-7527,MM-004
FT-7528,MM-009
PT-7529,MM-004
TT-7530,MM-003
V-7531,MM-001
P-7532,MM-007
K-7533,MM-001
COL-7534,MM-002
E-7535,MM-009
COL-7536,MM-001
E-7537,MM-005
FCV-7538,MM-003
PSV-7539,MM-003
P-7540,MM-003
TT-7541,MM-008
E-7542,MM-001
FCV-7543,MM-010
K-7544,MM-005
PT-7545,MM-008
COL-7546,MM-002
V-7547,MM-002
FCV-7548,MM-002
FT-7549,MM-005
E-7550,MM-010
TT-7551,MM-001
V-7552,MM-007
K-7553,MM-005
V-7554,MM-005
PT-7555,MM-003
FCV-7556,MM-010
V-7557,MM-010
XV-7558,MM-002
P-7559,MM-002
COL-7560,MM-006
P-7561,MM-005
LT-7562,MM-001
TT-7563,MM-007
E-7564,MM-002
E-7565,MM-009
PSV-7566,MM-003
TT-7567,MM-004
COL-7568,MM-009
COL-7569,MM-007
E-7570,MM-004
K-7571,MM-005
PSV-7572,MM-003
PT-7573,MM-003
COL-7574,MM-009
PT-7575,MM-006
P-7576,MM-003
P-7577,MM-002
FT-7578,MM-007
TT-7579,MM-006
P-7580,MM-006
P-7581,MM-007
PSV-7582,MM-005
XV-7583,MM-007
K-7584,MM-005
E-7585,MM-004
P-7586,MM-004
V-7587,MM-007
K-7588,MM-002
P-7589,MM-004
TT-7590,MM-007
TT-7591,MM-010
XV-7592,MM-008
FT-7593,MM-010
LT-7594,MM-007
COL-7595,MM-006
V-7596,MM-009
V-7597,MM-001
P-7598,MM-004
LT-7599,MM-010
K-7600,MM-002
E-7601,MM-009
XV-7602,MM-007
E-7603,MM-004
LT-7604,MM-007
TT-7605,MM-003
P-7606,MM-003
P-7607,MM-004
P-7608,MM-007
PSV-7609,MM-002
COL-7610,MM-006
P-7611,MM-005
FT-7612,MM-009
P-7613,MM-007
P-7614,MM-010
LT-7615,MM-008
V-7616,MM-002
FT-7617,MM-004
P-7618,MM-003
P-7619,MM-002
PSV-7620,MM-001
PSV-7621,MM-007
PT-7622,MM-007
PT-7623,MM-008
FCV-7624,MM-009
LT-7625,MM-006
PSV-7626,MM-010
FT-7627,MM-009
LT-7628,MM-003
FT-7629,MM-004
V-7630,MM-010
K-7631,MM-009
XV-7632,MM-001
P-7633,MM-005
E-7634,MM-008
E-7635,MM-003
COL-7636,MM-006
PT-7637,MM-004
LT-7638,MM-002
E-7639,MM-010
P-7640,MM-007
FT-7641,MM-006
FCV-7642,MM-009
E-7643,MM-008
E-7644,MM-010
P-7645,MM-001
P-7646,MM-004
PT-7647,MM-009
TT-7648,MM-002
V-7649,MM-006
V-7650,MM-006
P-7651,MM-005
E-7652,MM-009
XV-7653,MM-005
V-7654,MM-003
P-7655,MM-002
FCV-7656,MM-005
TT-7657,MM-007
P-7658,MM-010
V-7659,MM-007
PSV-7660,MM-002
PT-7661,MM-004
LT-7662,MM-002
FCV-7663,MM-009
E-7664,MM-008
P-7665,MM-006
P-7666,MM-001
K-7667,MM-008
FT-7668,MM-004
P-7669,MM-003
V-7670,MM-010
K-7671,MM-003
P-7672,MM-010
FT-7673,MM-001
FCV-7674,MM-005
COL-7675,MM-002
TT-7676,MM-010
FT-7677,MM-004
K-7678,MM-002
LT-7679,MM-003
TT-7680,MM-007
XV-7681,MM-006
COL-7682,MM-007
LT-7683,MM-004
PSV-7684,MM-010
K-7685,MM-009
V-7686,MM-009
PT-7687,MM-003
FCV-7688,MM-006
FCV-7689,MM-002
COL-7690,MM-004
PSV-7691,MM-006
E-7692,MM-001
XV-7693,MM-005
FT-7694,MM-006
PSV-7695,MM-001
V-7696,MM-003
TT-7697,MM-007
COL-7698,MM-003
FCV-7699,MM-009
V-7700,MM-002
P-7701,MM-005
TT-7702,MM-004
P-7703,MM-004
FT-7704,MM-004
FCV-7705,MM-008
FCV-7706,MM-003
K-7707,MM-001
LT-7708,MM-008
E-7709,MM-006
TT-7710,MM-005
K-7711,MM-005
FT-7712,MM-005
PT-7713,MM-008
P-7714,MM-001
FCV-7715,MM-003
P-7716,MM-008
P-7717,MM-003
FT-7718,MM-007
TT-7719,MM-003
FT-7720,MM-009
K-7721,MM-008
PSV-7722,MM-003
COL-7723,MM-007
FT-7724,MM-003
COL-7725,MM-005
FCV-7726,MM-008
PSV-7727,MM-008
FT-7728,MM-004
LT-7729,MM-007
FCV-7730,MM-006
LT-7731,MM-010
K-7732,MM-010
COL-7733,MM-010
PT-7734,MM-007
K-7735,MM-002
XV-7736,MM-007
P-7737,MM-009
FT-7738,MM-008
V-7739,MM-002
TT-7740,MM-010
V-7741,MM-007
LT-7742,MM-001
P-7743,MM-007
P-7744,MM-010
V-7745,MM-007
COL-7746,MM-003
E-7747,MM-002
V-7748,MM-002
XV-7749,MM-007
K-7750,MM-010
FT-7751,MM-001
XV-7752,MM-001
K-7753,MM-002
E-7754,MM-008
P-7755,MM-006
P-7756,MM-007
TT-7757,MM-010
COL-7758,MM-001
FT-7759,MM-010
P-7760,MM-004
FT-7761,MM-004
P-7762,MM-010
P-7763,MM-002
E-7764,MM-003
TT-7765,MM-007
FCV-7766,MM-001
P-7767,MM-008
PSV-7768,MM-007
P-7769,MM-007
LT-7770,MM-007
K-7771,MM-002
PT-7772,MM-005
FT-7773,MM-002
P-7774,MM-003
COL-7775,MM-008
K-7776,MM-010
P-7777,MM-006
P-7778,MM-007
V-7779,MM-006
K-7780,MM-002
TT-7781,MM-005
PT-7782,MM-006
V-7783,MM-005
FT-7784,MM-001
PSV-7785,MM-006
P-7786,MM-003
PSV-7787,MM-010
PT-7788,MM-009
PT-7789,MM-001
E-7790,MM-008
P-7791,MM-008
P-7792,MM-003
FCV-7793,MM-007
V-7794,MM-007
PT-7795,MM-006
P-7796,MM-007
PSV-7797,MM-003
P-7798,MM-005
V-7799,MM-010
LT-7800,MM-004
PSV-7801,MM-004
P-7802,MM-007
TT-7803,MM-010
TT-7804,MM-004
E-7805,MM-009
XV-7806,MM-005
FCV-7807,MM-007
LT-7808,MM-003
K-7809,MM-005
FCV-7810,MM-008
P-7811,MM-007
K-7812,MM-001
FCV-7813,MM-008
PT-7814,MM-006
PT-7815,MM-007
P-7816,MM-010
LT-7817,MM-001
COL-7818,MM-003
V-7819,MM-001
COL-7820,MM-009
FCV-7821,MM-004
PSV-7822,MM-006
LT-7823,MM-003
E-7824,MM-001
XV-7825,MM-006
K-7826,MM-008
K-7827,MM-005
K-7828,MM-006
FCV-7829,MM-003
P-7830,MM-010
K-7831,MM-010
P-7832,MM-002
PT-7833,MM-007
TT-7834,MM-002
FT-7835,MM-003
P-7836,MM-006
P-7837,MM-003
LT-7838,MM-001
FT-7839,MM-007
FT-7840,MM-007
FT-7841,MM-010
XV-7842,MM-001
FT-7843,MM-009
P-7844,MM-005
XV-7845,MM-003
P-7846,MM-001
K-7847,MM-008
XV-7848,MM-003
XV-7849,MM-010
P-7850,MM-002
P-7851,MM-008
PT-7852,MM-001
PT-7853,MM-002
PSV-7854,MM-007
P-7855,MM-007
PSV-7856,MM-008
FT-7857,MM-004
PT-7858,MM-001
LT-7859,MM-003
PT-7860,MM-009
P-7861,MM-001
V-7862,MM-004
P-7863,MM-006
P-7864,MM-001
K-7865,MM-008
FCV-7866,MM-002
FT-7867,MM-008
TT-7868,MM-009
V-7869,MM-006
E-7870,MM-004
COL-7871,MM-009
LT-7872,MM-004
COL-7873,MM-005
V-7874,MM-002
TT-7875,MM-001
P-7876,MM-006
XV-7877,MM-005
XV-7878,MM-003
E-7879,MM-004
V-7880,MM-004
XV-7881,MM-001
PSV-7882,MM-010
PT-7883,MM-002
P-7884,MM-005
P-7885,MM-006
FT-7886,MM-005
K-7887,MM-007
COL-7888,MM-007
P-7889,MM-002
FCV-7890,MM-002
COL-7891,MM-002
V-7892,MM-002
P-7893,MM-009
V-7894,MM-010
V-7895,MM-004
FT-7896,MM-006
COL-7897,MM-002
K-7898,MM-008
PT-7899,MM-009
K-7900,MM-005
K-7901,MM-006
LT-7902,MM-010
COL-7903,MM-007
COL-7904,MM-009
FT-7905,MM-005
E-7906,MM-005
K-7907,MM-010
V-7908,MM-010
FCV-7909,MM-009
P-7910,MM-007
FCV-7911,MM-002
P-7912,MM-005
FCV-7913,MM-005
FT-7914,MM-005
E-7915,MM-004
TT-7916,MM-009
PSV-7917,MM-007
TT-7918,MM-002
PT-7919,MM-004
XV-7920,MM-001
K-7921,MM-010
K-7922,MM-005
LT-7923,MM-007
PT-7924,MM-003
PT-7925,MM-002
FT-7926,MM-010
COL-7927,MM-005
PT-7928,MM-002
COL-7929,MM-007
FT-7930,MM-007
XV-7931,MM-010
PT-7932,MM-009
FCV-7933,MM-009
P-7934,MM-004
K-7935,MM-001
P-7936,MM-003
TT-7937,MM-010
LT-7938,MM-002
TT-7939,MM-006
PSV-7940,MM-007
TT-7941,MM-003
K-7942,MM-004
XV-7943,MM-007
V-7944,MM-008
TT-7945,MM-007
LT-7946,MM-003
E-7947,MM-006
COL-7948,MM-010
PSV-7949,MM-010
E-7950,MM-003
E-7951,MM-002
COL-7952,MM-008
FT-7953,MM-004
E-7954,MM-004
P-7955,MM-002
XV-7956,MM-003
LT-7957,MM-009
P-7958,MM-007
FCV-7959,MM-004
PT-7960,MM-010
PSV-7961,MM-006
XV-7962,MM-010
COL-7963,MM-005
FT-7964,MM-001
TT-7965,MM-001
P-7966,MM-003
V-7967,MM-002
P-7968,MM-009
K-7969,MM-010
PT-7970,MM-002
PSV-7971,MM-001
K-7972,MM-002
LT-7973,MM-003
K-7974,MM-001
PSV-7975,MM-004
K-7976,MM-006
V-7977,MM-006
LT-7978,MM-009
PT-7979,MM-004
FT-7980,MM-004
PT-7981,MM-007
COL-7982,MM-008
V-7983,MM-007
XV-7984,MM-004
V-7985,MM-002
TT-7986,MM-003
PT-7987,MM-005
XV-7988,MM-008
FCV-7989,MM-006
TT-7990,MM-002
K-7991,MM-009
V-7992,MM-007
K-7993,MM-004
E-7994,MM-009
FT-7995,MM-006
XV-7996,MM-004
P-7997,MM-004
LT-7998,MM-002
PSV-7999,MM-004
K-8000,MM-005
PSV-8001,MM-003
PT-8002,MM-003
K-8003,MM-010
K-8004,MM-001
V-8005,MM-005
P-8006,MM-004
LT-8007,MM-004
V-8008,MM-010
E-8009,MM-008
TT-8010,MM-007
V-8011,MM-003
PT-8012,MM-005
PSV-8013,MM-007
FCV-8014,MM-008
FCV-8015,MM-001
K-8016,MM-001
XV-8017,MM-004
P-8018,MM-007
PSV-8019,MM-005
PT-8020,MM-010
PT-8021,MM-005
P-8022,MM-006
XV-8023,MM-002
K-8024,MM-008
P-8025,MM-008
COL-8026,MM-002
FT-8027,MM-001
FT-8028,MM-006
COL-8029,MM-002
P-8030,MM-002
V-8031,MM-009
XV-8032,MM-005
K-8033,MM-007
V-8034,MM-009
XV-8035,MM-010
E-8036,MM-010
V-8037,MM-008
COL-8038,MM-002
FT-8039,MM-010
LT-8040,MM-002
PT-8041,MM-001
XV-8042,MM-006
PSV-8043,MM-003
P-8044,MM-006
FCV-8045,MM-006
PSV-8046,MM-003
PSV-8047,MM-004
P-8048,MM-006
K-8049,MM-003
FT-8050,MM-005
XV-8051,MM-006
PSV-8052,MM-006
E-8053,MM-007
LT-8054,MM-007
E-8055,MM-001
E-8056,MM-004
K-8057,MM-005
PSV-8058,MM-001
XV-8059,MM-006
TT-8060,MM-008
V-8061,MM-009
PT-8062,MM-001
V-8063,MM-005
COL-8064,MM-006
K-8065,MM-004
E-8066,MM-008
PSV-8067,MM-003
P-8068,MM-010
PT-8069,MM-002
P-8070,MM-005
XV-8071,MM-002
COL-8072,MM-009
PT-8073,MM-008
COL-8074,MM-004
K-8075,MM-005
LT-8076,MM-004
K-8077,MM-002
V-8078,MM-002
V-8079,MM-009
K-8080,MM-002
LT-8081,MM-007
V-8082,MM-006
V-8083,MM-007
P-8084,MM-006
K-8085,MM-006
PSV-8086,MM-002
V-8087,MM-002
P-8088,MM-006
PT-8089,MM-007
COL-8090,MM-005
FT-8091,MM-002
TT-8092,MM-002
XV-8093,MM-010
P-8094,MM-007
COL-8095,MM-004
V-8096,MM-004
K-8097,MM-003
TT-8098,MM-002
PSV-8099,MM-005
V-8100,MM-009
PSV-8101,MM-004
PSV-8102,MM-008
FT-8103,MM-004
FT-8104,MM-005
LT-8105,MM-001
LT-8106,MM-004
PSV-8107,MM-007
LT-8108,MM-003
COL-8109,MM-006
FCV-8110,MM-008
P-8111,MM-004
XV-8112,MM-003
TT-8113,MM-002
FT-8114,MM-006
K-8115,MM-010
P-8116,MM-006
TT-8117,MM-008
FCV-8118,MM-002
COL-8119,MM-007
PSV-8120,MM-006
P-8121,MM-009
E-8122,MM-002
TT-8123,MM-008
FCV-8124,MM-004
FT-8125,MM-010
FCV-8126,MM-006
LT-8127,MM-004
TT-8128,MM-002
P-8129,MM-002
FCV-8130,MM-004
XV-8131,MM-002
PT-8132,MM-010
PSV-8133,MM-003
V-8134,MM-010
P-8135,MM-004
K-8136,MM-001
P-8137,MM-001
FT-8138,MM-010
E-8139,MM-010
PSV-8140,MM-004
P-8141,MM-010
FT-8142,MM-002
P-8143,MM-001
K-8144,MM-008
LT-8145,MM-004
FT-8146,MM-007
P-8147,MM-006
FCV-8148,MM-006
LT-8149,MM-009
P-8150,MM-010
XV-8151,MM-007
P-8152,MM-001
V-8153,MM-002
P-8154,MM-009
P-8155,MM-003
PSV-8156,MM-007
P-8157,MM-007
E-8158,MM-004
TT-8159,MM-005
P-8160,MM-008
PT-8161,MM-006
LT-8162,MM-003
K-8163,MM-003
LT-8164,MM-008
TT-8165,MM-008
LT-8166,MM-004
P-8167,MM-001
COL-8168,MM-009
COL-8169,MM-010
PSV-8170,MM-004
P-8171,MM-004
PSV-8172,MM-003
K-8173,MM-010
FCV-8174,MM-001
FT-8175,MM-004
FCV-8176,MM-008
FT-8177,MM-001
PT-8178,MM-009
K-8179,MM-006
P-8180,MM-004
P-8181,MM-008
PT-8182,MM-005
FT-8183,MM-010
FCV-8184,MM-004
XV-8185,MM-002
K-8186,MM-009
FT-8187,MM-010
P-8188,MM-003
V-8189,MM-004
COL-8190,MM-003
PT-8191,MM-003
P-8192,MM-002
FT-8193,MM-002
FT-8194,MM-009
K-8195,MM-009
LT-8196,MM-004
E-8197,MM-010
P-8198,MM-010
FT-8199,MM-002
V-8200,MM-006
P-8201,MM-005
P-8202,MM-009
XV-8203,MM-005
V-8204,MM-006
LT-8205,MM-005
PSV-8206,MM-007
P-8207,MM-007
K-8208,MM-003
PSV-8209,MM-004
FCV-8210,MM-010
P-8211,MM-009
PT-8212,MM-007
K-8213,MM-008
XV-8214,MM-003
P-8215,MM-006
PSV-8216,MM-009
LT-8217,MM-004
LT-8218,MM-005
PT-8219,MM-006
P-8220,MM-009
XV-8221,MM-002
PSV-8222,MM-005
COL-8223,MM-007
P-8224,MM-006
E-8225,MM-008
P-8226,MM-010
PT-8227,MM-005
PT-8228,MM-006
PSV-8229,MM-001
COL-8230,MM-002
COL-8231,MM-009
P-8232,MM-009
XV-8233,MM-010
K-8234,MM-006
FT-8235,MM-004
FCV-8236,MM-009
FT-8237,MM-010
FT-8238,MM-005
P-8239,MM-001
FCV-8240,MM-007
COL-8241,MM-003
E-8242,MM-007
FT-8243,MM-003
FCV-8244,MM-007
V-8245,MM-001
TT-8246,MM-009
P-8247,MM-009
XV-8248,MM-002
LT-8249,MM-003
P-8250,MM-009
K-8251,MM-004
V-8252,MM-002
P-8253,MM-010
E-8254,MM-004
TT-8255,MM-008
XV-8256,MM-005
LT-8257,MM-009
FT-8258,MM-007
P-8259,MM-008
PT-8260,MM-003
PSV-8261,MM-009
V-8262,MM-006
COL-8263,MM-004
P-8264,MM-006
V-8265,MM-008
FCV-8266,MM-007
PT-8267,MM-002
E-8268,MM-007
PT-8269,MM-007
P-8270,MM-004
V-8271,MM-008
P-8272,MM-005
P-8273,MM-004
E-8274,MM-010
COL-8275,MM-002
V-8276,MM-002
FCV-8277,MM-004
PSV-8278,MM-002
COL-8279,MM-006
FCV-8280,MM-007
K-8281,MM-004
E-8282,MM-008
P-8283,MM-008
TT-8284,MM-002
XV-8285,MM-007
PT-8286,MM-008
FCV-8287,MM-006
COL-8288,MM-008
PT-8289,MM-005
LT-8290,MM-008
V-8291,MM-002
LT-8292,MM-007
PT-8293,MM-010
P-8294,MM-002
COL-8295,MM-010
COL-8296,MM-005
COL-8297,MM-009
E-8298,MM-001
COL-8299,MM-010
E-8300,MM-006
P-8301,MM-009
FT-8302,MM-005
TT-8303,MM-008
P-8304,MM-008
TT-8305,MM-002
P-8306,MM-004
PSV-8307,MM-001
TT-8308,MM-004
XV-8309,MM-008
FT-8310,MM-010
PT-8311,MM-001
LT-8312,MM-010
PT-8313,MM-008
FT-8314,MM-009
TT-8315,MM-007
FCV-8316,MM-007
PSV-8317,MM-002
TT-8318,MM-006
TT-8319,MM-003
P-8320,MM-003
E-8321,MM-009
COL-8322,MM-003
K-8323,MM-005
XV-8324,MM-009
PSV-8325,MM-003
K-8326,MM-004
COL-8327,MM-010
V-8328,MM-008
FCV-8329,MM-008
FCV-8330,MM-007
V-8331,MM-007
PSV-8332,MM-004
XV-8333,MM-005
LT-8334,MM-004
P-8335,MM-003
LT-8336,MM-003
E-8337,MM-003
PT-8338,MM-010
PT-8339,MM-005
LT-8340,MM-005
FCV-8341,MM-009
K-8342,MM-006
XV-8343,MM-006
TT-8344,MM-005
XV-8345,MM-009
K-8346,MM-001
XV-8347,MM-006
PT-8348,MM-002
K-8349,MM-005
PSV-8350,MM-002
COL-8351,MM-008
P-8352,MM-008
P-8353,MM-005
COL-8354,MM-008
COL-8355,MM-005
PT-8356,MM-010
V-8357,MM-004
FCV-8358,MM-002
P-8359,MM-003
TT-8360,MM-007
P-8361,MM-008
K-8362,MM-004
PT-8363,MM-004
FCV-8364,MM-002
LT-8365,MM-010
FCV-8366,MM-010
PSV-8367,MM-003
K-8368,MM-002
FCV-8369,MM-007
PSV-8370,MM-001
TT-8371,MM-004
K-8372,MM-005
FT-8373,MM-004
LT-8374,MM-008
P-8375,MM-005
V-8376,MM-009
P-8377,MM-007
XV-8378,MM-009
XV-8379,MM-007
V-8380,MM-003
TT-8381,MM-006
LT-8382,MM-004
LT-8383,MM-009
PSV-8384,MM-006
FCV-8385,MM-004
K-8386,MM-002
LT-8387,MM-010
V-8388,MM-009
P-8389,MM-006
PSV-8390,MM-008
PSV-8391,MM-003
PT-8392,MM-003
P-8393,MM-004
XV-8394,MM-001
COL-8395,MM-002
FT-8396,MM-001
COL-8397,MM-007
COL-8398,MM-010
PT-8399,MM-004
FCV-8400,MM-002
PT-8401,MM-001
PT-8402,MM-004
LT-8403,MM-005
PT-8404,MM-006
PT-8405,MM-004
E-8406,MM-005
K-8407,MM-002
K-8408,MM-005
P-8409,MM-007
FT-8410,MM-005
LT-8411,MM-010
P-8412,MM-005
PSV-8413,MM-004
COL-8414,MM-008
PSV-8415,MM-001
E-8416,MM-004
XV-8417,MM-010
FT-8418,MM-004
TT-8419,MM-002
FCV-8420,MM-007
PSV-8421,MM-003
E-8422,MM-007
V-8423,MM-004
E-8424,MM-001
P-8425,MM-005
COL-8426,MM-010
P-8427,MM-007
P-8428,MM-010
FT-8429,MM-003
LT-8430,MM-005
PSV-8431,MM-007
PSV-8432,MM-009
P-8433,MM-008
K-8434,MM-002
COL-8435,MM-010
V-8436,MM-008
PSV-8437,MM-002
P-8438,MM-002
P-8439,MM-008
FT-8440,MM-010
P-8441,MM-002
LT-8442,MM-004
XV-8443,MM-004
P-8444,MM-006
FT-8445,MM-004
COL-8446,MM-002
E-8447,MM-008
FCV-8448,MM-002
COL-8449,MM-002
V-8450,MM-005
COL-8451,MM-006
FT-8452,MM-007
K-8453,MM-009
K-8454,MM-006
P-8455,MM-003
K-8456,MM-008
E-8457,MM-007
TT-8458,MM-007
PSV-8459,MM-008
PSV-8460,MM-003
FT-8461,MM-007
P-8462,MM-002
LT-8463,MM-007
LT-8464,MM-008
XV-8465,MM-008
P-8466,MM-009
PSV-8467,MM-010
P-8468,MM-002
TT-8469,MM-001
K-8470,MM-002
FT-8471,MM-001
TT-8472,MM-003
P-8473,MM-010
P-8474,MM-004
LT-8475,MM-004
K-8476,MM-002
K-8477,MM-007
P-8478,MM-005
V-8479,MM-010
PT-8480,MM-002
FT-8481,MM-004
FT-8482,MM-009
P-8483,MM-005
K-8484,MM-005
K-8485,MM-006
P-8486,MM-010
TT-8487,MM-005
K-8488,MM-005
V-8489,MM-005
XV-8490,MM-003
TT-8491,MM-004
COL-8492,MM-009
E-8493,MM-003
COL-8494,MM-004
P-8495,MM-010
TT-8496,MM-005
PT-8497,MM-006
COL-8498,MM-009
PSV-8499,MM-003
E-8500,MM-002
E-8501,MM-009
PT-8502,MM-009
FT-8503,MM-009
PSV-8504,MM-009
TT-8505,MM-003
PT-8506,MM-005
TT-8507,MM-006
PSV-8508,MM-003
LT-8509,MM-009
FCV-8510,MM-003
P-8511,MM-005
FCV-8512,MM-008
K-8513,MM-006
P-8514,MM-009
PSV-8515,MM-006
COL-8516,MM-009
FCV-8517,MM-006
V-8518,MM-006
XV-8519,MM-008
K-8520,MM-001
E-8521,MM-004
E-8522,MM-009
FT-8523,MM-006
FCV-8524,MM-008
PT-8525,MM-004
LT-8526,MM-002
K-8527,MM-007
PT-8528,MM-002
V-8529,MM-010
FT-8530,MM-010
V-8531,MM-004
PT-8532,MM-009
PSV-8533,MM-004
XV-8534,MM-010
PT-8535,MM-007
V-8536,MM-006
K-8537,MM-008
P-8538,MM-008
P-8539,MM-001
K-8540,MM-009
PT-8541,MM-009
PT-8542,MM-005
FCV-8543,MM-005
K-8544,MM-003
PT-8545,MM-003
FCV-8546,MM-003
PT-8547,MM-008
FT-8548,MM-009
V-8549,MM-006
P-8550,MM-010
LT-8551,MM-008
XV-8552,MM-009
PSV-8553,MM-001
V-8554,MM-006
V-8555,MM-007
LT-8556,MM-004
PT-8557,MM-003
LT-8558,MM-010
E-8559,MM-006
V-8560,MM-003
K-8561,MM-005
LT-8562,MM-007
V-8563,MM-006
FCV-8564,MM-003
E-8565,MM-007
FCV-8566,MM-008
COL-8567,MM-008
K-8568,MM-003
K-8569,MM-004
FT-8570,MM-010
E-8571,MM-010
P-8572,MM-010
K-8573,MM-008
COL-8574,MM-010
FCV-8575,MM-006
COL-8576,MM-008
PT-8577,MM-009
V-8578,MM-001
PT-8579,MM-002
COL-8580,MM-005
FCV-8581,MM-008
PSV-8582,MM-006
TT-8583,MM-001
PT-8584,MM-007
PT-8585,MM-004
E-8586,MM-003
P-8587,MM-001
E-8588,MM-010
FCV-8589,MM-004
P-8590,MM-003
PSV-8591,MM-008
V-8592,MM-009
PSV-8593,MM-002
E-8594,MM-009
FCV-8595,MM-010
FCV-8596,MM-005
E-8597,MM-008
E-8598,MM-005
E-8599,MM-004
LT-8600,MM-010
P-8601,MM-008
XV-8602,MM-010
FCV-8603,MM-001
COL-8604,MM-001
TT-8605,MM-004
E-8606,MM-008
FT-8607,MM-004
PSV-8608,MM-002
V-8609,MM-007
XV-8610,MM-003
LT-8611,MM-009
PSV-8612,MM-010
PSV-8613,MM-003
XV-8614,MM-004
V-8615,MM-002
P-8616,MM-008
COL-8617,MM-006
PT-8618,MM-002
V-8619,MM-010
TT-8620,MM-006
K-8621,MM-008
FT-8622,MM-002
PSV-8623,MM-006
P-8624,MM-004
FT-8625,MM-005
PT-8626,MM-010
PT-8627,MM-002
P-8628,MM-008
XV-8629,MM-005
TT-8630,MM-008
V-8631,MM-006
XV-8632,MM-002
FT-8633,MM-001
K-8634,MM-006
V-8635,MM-003
FCV-8636,MM-001
TT-8637,MM-006
K-8638,MM-002
TT-8639,MM-009
PSV-8640,MM-005
P-8641,MM-005
K-8642,MM-005
V-8643,MM-009
LT-8644,MM-010
XV-8645,MM-008
TT-8646,MM-003
TT-8647,MM-002
COL-8648,MM-009
FCV-8649,MM-004
K-8650,MM-004
V-8651,MM-010
P-8652,MM-008
P-8653,MM-003
P-8654,MM-005
XV-8655,MM-001
FT-8656,MM-005
E-8657,MM-005
PT-8658,MM-009
LT-8659,MM-008
FCV-8660,MM-001
TT-8661,MM-001
E-8662,MM-002
E-8663,MM-008
K-8664,MM-001
TT-8665,MM-007
E-8666,MM-008
K-8667,MM-001
LT-8668,MM-009
LT-8669,MM-001
P-8670,MM-009
PT-8671,MM-001
FT-8672,MM-007
P-8673,MM-006
COL-8674,MM-005
COL-8675,MM-009
P-8676,MM-005
P-8677,MM-006
P-8678,MM-007
E-8679,MM-001
PT-8680,MM-010
TT-8681,MM-008
P-8682,MM-006
PT-8683,MM-001
P-8684,MM-004
P-8685,MM-005
COL-8686,MM-004
XV-8687,MM-009
PSV-8688,MM-005
FCV-8689,MM-010
COL-8690,MM-007
COL-8691,MM-010
FCV-8692,MM-009
FCV-8693,MM-003
P-8694,MM-008
P-8695,MM-001
TT-8696,MM-007
PT-8697,MM-010
FCV-8698,MM-008
FCV-8699,MM-003
PT-8700,MM-005
FT-8701,MM-009
P-8702,MM-002
FCV-8703,MM-002
PSV-8704,MM-006
E-8705,MM-009
K-8706,MM-006
XV-8707,MM-006
P-8708,MM-002
PSV-8709,MM-007
PSV-8710,MM-004
COL-8711,MM-005
E-8712,MM-003
LT-8713,MM-008
TT-8714,MM-008
FT-8715,MM-005
XV-8716,MM-004
K-8717,MM-010
FCV-8718,MM-005
TT-8719,MM-002
P-8720,MM-007
P-8721,MM-008
P-8722,MM-003
FCV-8723,MM-005
XV-8724,MM-001
XV-8725,MM-006
V-8726,MM-007
P-8727,MM-009
K-8728,MM-002
E-8729,MM-008
XV-8730,MM-006
PT-8731,MM-003
FCV-8732,MM-003
COL-8733,MM-005
E-8734,MM-004
COL-8735,MM-009
FT-8736,MM-004
FT-8737,MM-009
LT-8738,MM-001
FCV-8739,MM-004
V-8740,MM-001
PT-8741,MM-002
P-8742,MM-009
LT-8743,MM-008
E-8744,MM-006
LT-8745,MM-004
LT-8746,MM-009
K-8747,MM-007
PSV-8748,MM-006
COL-8749,MM-004
LT-8750,MM-001
FT-8751,MM-005
P-8752,MM-003
K-8753,MM-008
COL-8754,MM-003
V-8755,MM-003
COL-8756,MM-008
E-8757,MM-001
COL-8758,MM-010
K-8759,MM-008
PT-8760,MM-009
P-8761,MM-001
TT-8762,MM-008
COL-8763,MM-001
LT-8764,MM-008
TT-8765,MM-008
COL-8766,MM-007
P-8767,MM-006
P-8768,MM-007
P-8769,MM-010
FT-8770,MM-009
FT-8771,MM-003
TT-8772,MM-001
K-8773,MM-004
E-8774,MM-005
FCV-8775,MM-002
LT-8776,MM-009
E-8777,MM-010
PT-8778,MM-008
FT-8779,MM-008
E-8780,MM-008
E-8781,MM-003
PSV-8782,MM-010
E-8783,MM-009
P-8784,MM-005
FT-8785,MM-009
P-8786,MM-004
FCV-8787,MM-002
FCV-8788,MM-008
P-8789,MM-002
FT-8790,MM-004
PT-8791,MM-007
PSV-8792,MM-008
V-8793,MM-007
XV-8794,MM-010
P-8795,MM-007
P-8796,MM-009
FT-8797,MM-009
FT-8798,MM-010
K-8799,MM-003
FCV-8800,MM-009
XV-8801,MM-008
FCV-8802,MM-007
P-8803,MM-005
TT-8804,MM-006
FCV-8805,MM-006
K-8806,MM-004
P-8807,MM-005
FT-8808,MM-010
TT-8809,MM-004
COL-8810,MM-005
COL-8811,MM-001
COL-8812,MM-004
COL-8813,MM-010
TT-8814,MM-007
XV-8815,MM-002
FT-8816,MM-007
V-8817,MM-009
E-8818,MM-010
P-8819,MM-004
P-8820,MM-010
PSV-8821,MM-006
XV-8822,MM-009
FT-8823,MM-004
FCV-8824,MM-008
FT-8825,MM-007
TT-8826,MM-006
E-8827,MM-010
V-8828,MM-006
FCV-8829,MM-010
P-8830,MM-001
K-8831,MM-009
PSV-8832,MM-003
LT-8833,MM-008
COL-8834,MM-008
FCV-8835,MM-004
FCV-8836,MM-009
XV-8837,MM-009
TT-8838,MM-005
COL-8839,MM-010
V-8840,MM-010
TT-8841,MM-003
V-8842,MM-003
FT-8843,MM-007
FT-8844,MM-002
FT-8845,MM-008
TT-8846,MM-010
COL-8847,MM-003
COL-8848,MM-004
FT-8849,MM-005
TT-8850,MM-007
P-8851,MM-003
PSV-8852,MM-009
E-8853,MM-003
FCV-8854,MM-009
V-8855,MM-004
K-8856,MM-010
FCV-8857,MM-005
K-8858,MM-009
XV-8859,MM-003
COL-8860,MM-004
PT-8861,MM-005
LT-8862,MM-004
P-8863,MM-003
P-8864,MM-010
FT-8865,MM-002
P-8866,MM-003
PSV-8867,MM-009
PSV-8868,MM-001
PSV-8869,MM-006
LT-8870,MM-005
TT-8871,MM-001
FCV-8872,MM-008
TT-8873,MM-009
LT-8874,MM-005
PSV-8875,MM-007
XV-8876,MM-009
K-8877,MM-003
V-8878,MM-001
COL-8879,MM-008
E-8880,MM-003
E-8881,MM-002
XV-8882,MM-009
K-8883,MM-001
TT-8884,MM-006
FCV-8885,MM-001
FCV-8886,MM-007
E-8887,MM-002
E-8888,MM-009
FT-8889,MM-004
COL-8890,MM-002
P-8891,MM-010
PT-8892,MM-008
FCV-8893,MM-005
E-8894,MM-010
TT-8895,MM-010
FT-8896,MM-007
V-8897,MM-002
FCV-8898,MM-002
TT-8899,MM-002
XV-8900,MM-005
TT-8901,MM-003
PT-8902,MM-005
FCV-8903,MM-005
LT-8904,MM-007
PT-8905,MM-001
K-8906,MM-008
TT-8907,MM-003
COL-8908,MM-005
PT-8909,MM-010
XV-8910,MM-006
LT-8911,MM-005
P-8912,MM-004
XV-8913,MM-005
PSV-8914,MM-002
PSV-8915,MM-006
FCV-8916,MM-004
E-8917,MM-010
FCV-8918,MM-003
COL-8919,MM-003
K-8920,MM-004
TT-8921,MM-009
TT-8922,MM-007
P-8923,MM-003
P-8924,MM-002
LT-8925,MM-002
TT-8926,MM-002
COL-8927,MM-008
P-8928,MM-005
K-8929,MM-004
FCV-8930,MM-005
FCV-8931,MM-002
PSV-8932,MM-004
COL-8933,MM-009
FCV-8934,MM-004
K-8935,MM-006
TT-8936,MM-010
K-8937,MM-003
XV-8938,MM-010
FT-8939,MM-005
XV-8940,MM-005
P-8941,MM-003
XV-8942,MM-008
K-8943,MM-001
P-8944,MM-007
V-8945,MM-004
PT-8946,MM-009
FT-8947,MM-009
PT-8948,MM-007
P-8949,MM-010
XV-8950,MM-006
P-8951,MM-005
PT-8952,MM-006
FCV-8953,MM-009
XV-8954,MM-008
P-8955,MM-005
PSV-8956,MM-007
FT-8957,MM-005
PT-8958,MM-008
XV-8959,MM-007
XV-8960,MM-009
V-8961,MM-008
FCV-8962,MM-006
TT-8963,MM-009
LT-8964,MM-004
P-8965,MM-006
PSV-8966,MM-010
P-8967,MM-009
K-8968,MM-004
FCV-8969,MM-003
TT-8970,MM-006
XV-8971,MM-004
LT-8972,MM-001
FCV-8973,MM-004
FCV-8974,MM-008
P-8975,MM-004
FT-8976,MM-006
XV-8977,MM-004
P-8978,MM-006
TT-8979,MM-003
V-8980,MM-003
COL-8981,MM-008
V-8982,MM-008
TT-8983,MM-006
PSV-8984,MM-010
XV-8985,MM-003
COL-8986,MM-007
PT-8987,MM-006
V-8988,MM-005
E-8989,MM-002
COL-8990,MM-008
PSV-8991,MM-001
COL-8992,MM-010
E-8993,MM-008
V-8994,MM-006
K-8995,MM-010
LT-8996,MM-001
PT-8997,MM-007
FCV-8998,MM-009
P-8999,MM-005
FCV-9000,MM-002
PSV-9001,MM-004
XV-9002,MM-009
E-9003,MM-003
COL-9004,MM-005
COL-9005,MM-009
FT-9006,MM-002
TT-9007,MM-006
COL-9008,MM-008
FT-9009,MM-004
P-9010,MM-010
XV-9011,MM-009
XV-9012,MM-001
P-9013,MM-001
K-9014,MM-009
FT-9015,MM-002
TT-9016,MM-002
FT-9017,MM-005
FCV-9018,MM-007
FT-9019,MM-009
PT-9020,MM-005
E-9021,MM-007
LT-9022,MM-009
TT-9023,MM-008
E-9024,MM-003
FT-9025,MM-010
TT-9026,MM-008
FCV-9027,MM-002
TT-9028,MM-005
PT-9029,MM-004
LT-9030,MM-006
V-9031,MM-005
TT-9032,MM-009
E-9033,MM-001
LT-9034,MM-009
P-9035,MM-007
TT-9036,MM-003
TT-9037,MM-004
FT-9038,MM-003
TT-9039,MM-001
LT-9040,MM-009
P-9041,MM-004
TT-9042,MM-003
P-9043,MM-003
FT-9044,MM-003
E-9045,MM-005
XV-9046,MM-007
PT-9047,MM-004
PT-9048,MM-009
PT-9049,MM-003
TT-9050,MM-009
PSV-9051,MM-001
FCV-9052,MM-005
LT-9053,MM-007
PSV-9054,MM-001
PT-9055,MM-001
E-9056,MM-007
P-9057,MM-008
COL-9058,MM-004
COL-9059,MM-007
K-9060,MM-001
FCV-9061,MM-005
PSV-9062,MM-009
E-9063,MM-001
P-9064,MM-003
E-9065,MM-007
FT-9066,MM-004
P-9067,MM-010
P-9068,MM-005
PT-9069,MM-006
PT-9070,MM-006
COL-9071,MM-005
FCV-9072,MM-004
PSV-9073,MM-006
E-9074,MM-008
TT-9075,MM-007
PSV-9076,MM-005
E-9077,MM-009
FCV-9078,MM-002
FT-9079,MM-005
PT-9080,MM-002
P-9081,MM-009
P-9082,MM-001
LT-9083,MM-006
TT-9084,MM-003
LT-9085,MM-009
FCV-9086,MM-001
K-9087,MM-003
PSV-9088,MM-010
FCV-9089,MM-003
E-9090,MM-001
COL-9091,MM-004
V-9092,MM-004
E-9093,MM-010
P-9094,MM-001
COL-9095,MM-009
FCV-9096,MM-005
P-9097,MM-001
TT-9098,MM-009
FCV-9099,MM-002
FCV-9100,MM-007
FT-9101,MM-003
XV-9102,MM-003
K-9103,MM-002
TT-9104,MM-010
K-9105,MM-001
FT-9106,MM-009
XV-9107,MM-008
FT-9108,MM-004
E-9109,MM-006
E-9110,MM-008
COL-9111,MM-001
TT-9112,MM-004
TT-9113,MM-008
FT-9114,MM-002
TT-9115,MM-004
P-9116,MM-007
PT-9117,MM-010
P-9118,MM-001
COL-9119,MM-009
E-9120,MM-001
XV-9121,MM-004
COL-9122,MM-009
V-9123,MM-009
PSV-9124,MM-004
PT-9125,MM-004
LT-9126,MM-010
V-9127,MM-001
FCV-9128,MM-003
XV-9129,MM-005
FCV-9130,MM-008
P-9131,MM-004
P-9132,MM-005
PT-9133,MM-006
TT-9134,MM-007
K-9135,MM-007
V-9136,MM-007
XV-9137,MM-008
FCV-9138,MM-004
V-9139,MM-006
FCV-9140,MM-003
E-9141,MM-003
PSV-9142,MM-007
PSV-9143,MM-009
PSV-9144,MM-005
PT-9145,MM-005
P-9146,MM-004
TT-9147,MM-003
V-9148,MM-006
XV-9149,MM-009
PSV-9150,MM-001
P-9151,MM-003
LT-9152,MM-001
K-9153,MM-001
PT-9154,MM-005
FT-9155,MM-010
PSV-9156,MM-010
LT-9157,MM-010
K-9158,MM-010
TT-9159,MM-001
K-9160,MM-005
K-9161,MM-009
COL-9162,MM-006
FT-9163,MM-009
FT-9164,MM-010
P-9165,MM-007
E-9166,MM-002
LT-9167,MM-005
XV-9168,MM-001
E-9169,MM-004
TT-9170,MM-009
P-9171,MM-010
TT-9172,MM-005
P-9173,MM-006
PT-9174,MM-007
FCV-9175,MM-009
P-9176,MM-002
P-9177,MM-009
E-9178,MM-004
E-9179,MM-009
E-9180,MM-003
V-9181,MM-001
FT-9182,MM-010
TT-9183,MM-001
FCV-9184,MM-007
PT-9185,MM-002
COL-9186,MM-003
E-9187,MM-002
FCV-9188,MM-001
PT-9189,MM-005
P-9190,MM-001
LT-9191,MM-003
P-9192,MM-008
E-9193,MM-002
P-9194,MM-005
PT-9195,MM-008
TT-9196,MM-004
PT-9197,MM-010
P-9198,MM-008
COL-9199,MM-010
COL-9200,MM-008
LT-9201,MM-002
COL-9202,MM-002
LT-9203,MM-010
FCV-9204,MM-010
V-9205,MM-010
P-9206,MM-007
E-9207,MM-003
FCV-9208,MM-009
TT-9209,MM-008
V-9210,MM-008
PT-9211,MM-001
PT-9212,MM-004
P-9213,MM-005
LT-9214,MM-006
FCV-9215,MM-003
FT-9216,MM-006
FT-9217,MM-008
PSV-9218,MM-007
PSV-9219,MM-010
LT-9220,MM-008
XV-9221,MM-008
FT-9222,MM-004
K-9223,MM-004
COL-9224,MM-009
FCV-9225,MM-007
V-9226,MM-007
XV-9227,MM-009
PSV-9228,MM-010
COL-9229,MM-002
FCV-9230,MM-007
XV-9231,MM-007
FCV-9232,MM-005
PSV-9233,MM-009
P-9234,MM-008
P-9235,MM-005
E-9236,MM-007
P-9237,MM-009
FCV-9238,MM-007
FCV-9239,MM-010
LT-9240,MM-002
V-9241,MM-010
P-9242,MM-004
P-9243,MM-009
P-9244,MM-005
XV-9245,MM-008
XV-9246,MM-001
COL-9247,MM-006
FT-9248,MM-003
FT-9249,MM-004
K-9250,MM-004
P-9251,MM-002
E-9252,MM-005
P-9253,MM-005
LT-9254,MM-006
K-9255,MM-006
P-9256,MM-001
LT-9257,MM-003
LT-9258,MM-006
PT-9259,MM-003
PT-9260,MM-007
TT-9261,MM-003
COL-9262,MM-007
FCV-9263,MM-005
P-9264,MM-009
P-9265,MM-010
P-9266,MM-004
COL-9267,MM-003
LT-9268,MM-007
V-9269,MM-006
K-9270,MM-007
LT-9271,MM-008
LT-9272,MM-006
FT-9273,MM-004
FT-9274,MM-008
PSV-9275,MM-008
XV-9276,MM-001
COL-9277,MM-004
COL-9278,MM-008
P-9279,MM-005
PSV-9280,MM-004
P-9281,MM-002
FT-9282,MM-002
P-9283,MM-010
COL-9284,MM-008
K-9285,MM-003
P-9286,MM-007
PT-9287,MM-002
PT-9288,MM-008
P-9289,MM-006
K-9290,MM-005
P-9291,MM-007
FT-9292,MM-009
COL-9293,MM-009
TT-9294,MM-001
COL-9295,MM-002
P-9296,MM-004
P-9297,MM-009
K-9298,MM-004
LT-9299,MM-007
TT-9300,MM-006
XV-9301,MM-004
K-9302,MM-007
FT-9303,MM-007
P-9304,MM-006
LT-9305,MM-007
V-9306,MM-009
P-9307,MM-003
XV-9308,MM-010
COL-9309,MM-005
V-9310,MM-001
FCV-9311,MM-003
V-9312,MM-007
P-9313,MM-003
P-9314,MM-007
COL-9315,MM-006
PSV-9316,MM-006
FT-9317,MM-010
PT-9318,MM-008
P-9319,MM-001
P-9320,MM-010
PT-9321,MM-008
E-9322,MM-002
PT-9323,MM-002
P-9324,MM-009
P-9325,MM-005
LT-9326,MM-001
V-9327,MM-005
FCV-9328,MM-007
COL-9329,MM-009
FCV-9330,MM-010
K-9331,MM-004
XV-9332,MM-005
TT-9333,MM-003
LT-9334,MM-005
COL-9335,MM-010
P-9336,MM-009
V-9337,MM-006
XV-9338,MM-008
K-9339,MM-001
V-9340,MM-001
PSV-9341,MM-010
XV-9342,MM-001
PSV-9343,MM-002
E-9344,MM-007
PSV-9345,MM-003
E-9346,MM-002
P-9347,MM-005
PT-9348,MM-006
P-9349,MM-001
XV-9350,MM-005
PT-9351,MM-010
LT-9352,MM-008
E-9353,MM-008
FCV-9354,MM-004
LT-9355,MM-009
COL-9356,MM-008
V-9357,MM-010
V-9358,MM-001
XV-9359,MM-008
PSV-9360,MM-001
TT-9361,MM-002
PT-9362,MM-002
FT-9363,MM-005
COL-9364,MM-002
FT-9365,MM-001
FT-9366,MM-010
V-9367,MM-001
PT-9368,MM-010
PT-9369,MM-009
LT-9370,MM-005
P-9371,MM-002
V-9372,MM-005
TT-9373,MM-010
P-9374,MM-004
V-9375,MM-010
PSV-9376,MM-002
V-9377,MM-004
FCV-9378,MM-002
P-9379,MM-006
XV-9380,MM-010
E-9381,MM-003
LT-9382,MM-009
K-9383,MM-010
PT-9384,MM-008
FCV-9385,MM-008
P-9386,MM-010
V-9387,MM-008
LT-9388,MM-009
FT-9389,MM-005
XV-9390,MM-001
K-9391,MM-002
K-9392,MM-010
P-9393,MM-006
K-9394,MM-004
PSV-9395,MM-009
P-9396,MM-008
K-9397,MM-005
FT-9398,MM-001
FCV-9399,MM-002
LT-9400,MM-008
LT-9401,MM-010
P-9402,MM-005
FT-9403,MM-010
LT-9404,MM-007
FCV-9405,MM-007
P-9406,MM-001
K-9407,MM-008
COL-9408,MM-001
P-9409,MM-010
LT-9410,MM-010
P-9411,MM-009
FCV-9412,MM-005
PSV-9413,MM-008
XV-9414,MM-001
PT-9415,MM-005
TT-9416,MM-009
PT-9417,MM-009
TT-9418,MM-004
LT-9419,MM-005
PT-9420,MM-008
COL-9421,MM-010
E-9422,MM-008
PSV-9423,MM-003
P-9424,MM-003
E-9425,MM-007
FCV-9426,MM-006
LT-9427,MM-010
LT-9428,MM-001
FT-9429,MM-004
E-9430,MM-002
K-9431,MM-009
FCV-9432,MM-002
FT-9433,MM-009
FT-9434,MM-010
TT-9435,MM-003
XV-9436,MM-002
PT-9437,MM-005
FCV-9438,MM-002
PT-9439,MM-001
FCV-9440,MM-006
K-9441,MM-001
LT-9442,MM-009
P-9443,MM-006
P-9444,MM-007
P-9445,MM-003
V-9446,MM-002
E-9447,MM-003
K-9448,MM-004
P-9449,MM-002
PSV-9450,MM-005
XV-9451,MM-004
PSV-9452,MM-007
V-9453,MM-008
PSV-9454,MM-004
P-9455,MM-002
K-9456,MM-003
P-9457,MM-007
PSV-9458,MM-008
E-9459,MM-001
P-9460,MM-001
XV-9461,MM-009
V-9462,MM-005
FT-9463,MM-009
PSV-9464,MM-009
COL-9465,MM-010
K-9466,MM-006
P-9467,MM-004
E-9468,MM-003
PSV-9469,MM-002
XV-9470,MM-008
FCV-9471,MM-002
K-9472,MM-007
PT-9473,MM-002
XV-9474,MM-010
P-9475,MM-001
E-9476,MM-009
TT-9477,MM-005
TT-9478,MM-004
PSV-9479,MM-010
XV-9480,MM-001
PSV-9481,MM-005
FT-9482,MM-007
XV-9483,MM-001
V-9484,MM-001
COL-9485,MM-006
P-9486,MM-005
K-9487,MM-004
LT-9488,MM-003
FT-9489,MM-006
FCV-9490,MM-007
K-9491,MM-009
P-9492,MM-006
FCV-9493,MM-006
V-9494,MM-004
TT-9495,MM-005
LT-9496,MM-006
PSV-9497,MM-010
TT-9498,MM-010
E-9499,MM-004
FT-9500,MM-001
PT-9501,MM-005
FCV-9502,MM-009
P-9503,MM-007
P-9504,MM-008
V-9505,MM-007
P-9506,MM-002
FT-9507,MM-004
E-9508,MM-005
TT-9509,MM-005
XV-9510,MM-007
LT-9511,MM-008
K-9512,MM-009
E-9513,MM-003
FCV-9514,MM-008
P-9515,MM-006
V-9516,MM-008
E-9517,MM-002
K-9518,MM-010
P-9519,MM-008
PT-9520,MM-006
K-9521,MM-009
FT-9522,MM-006
PT-9523,MM-001
PT-9524,MM-002
PT-9525,MM-008
COL-9526,MM-002
PSV-9527,MM-009
E-9528,MM-001
TT-9529,MM-002
PT-9530,MM-002
V-9531,MM-006
PSV-9532,MM-002
V-9533,MM-004
V-9534,MM-005
XV-9535,MM-004
V-9536,MM-007
FCV-9537,MM-005
K-9538,MM-004
V-9539,MM-006
PT-9540,MM-010
PT-9541,MM-003
PT-9542,MM-006
P-9543,MM-008
COL-9544,MM-002
FCV-9545,MM-010
PSV-9546,MM-007
FCV-9547,MM-006
E-9548,MM-005
PT-9549,MM-005
FT-9550,MM-008
FT-9551,MM-003
PT-9552,MM-008
E-9553,MM-004
P-9554,MM-005
E-9555,MM-001
LT-9556,MM-008
P-9557,MM-010
COL-9558,MM-003
COL-9559,MM-010
PT-9560,MM-002
FT-9561,MM-005
PSV-9562,MM-004
LT-9563,MM-001
V-9564,MM-010
V-9565,MM-005
XV-9566,MM-009
LT-9567,MM-005
PT-9568,MM-006
P-9569,MM-002
COL-9570,MM-005
PSV-9571,MM-002
XV-9572,MM-009
TT-9573,MM-001
PT-9574,MM-001
PT-9575,MM-004
XV-9576,MM-007
P-9577,MM-006
P-9578,MM-002
PSV-9579,MM-001
PT-9580,MM-003
P-9581,MM-004
XV-9582,MM-003
K-9583,MM-006
P-9584,MM-004
P-9585,MM-009
XV-9586,MM-010
V-9587,MM-005
K-9588,MM-007
K-9589,MM-002
K-9590,MM-008
FT-9591,MM-002
FCV-9592,MM-009
P-9593,MM-004
PSV-9594,MM-006
LT-9595,MM-006
LT-9596,MM-003
PSV-9597,MM-001
FCV-9598,MM-008
XV-9599,MM-010
PT-9600,MM-005
FCV-9601,MM-008
COL-9602,MM-005
E-9603,MM-005
FCV-9604,MM-008
V-9605,MM-010
P-9606,MM-009
FCV-9607,MM-008
E-9608,MM-006
PSV-9609,MM-003
FT-9610,MM-010
PT-9611,MM-007
PT-9612,MM-008
XV-9613,MM-004
K-9614,MM-009
E-9615,MM-010
P-9616,MM-010
LT-9617,MM-001
K-9618,MM-001
FT-9619,MM-008
FCV-9620,MM-003
COL-9621,MM-001
XV-9622,MM-004
PSV-9623,MM-008
XV-9624,MM-003
PSV-9625,MM-004
FT-9626,MM-007
E-9627,MM-001
K-9628,MM-002
K-9629,MM-008
FCV-9630,MM-007
COL-9631,MM-007
XV-9632,MM-010
P-9633,MM-008
XV-9634,MM-002
PSV-9635,MM-008
V-9636,MM-010
XV-9637,MM-005
P-9638,MM-010
P-9639,MM-009
TT-9640,MM-005
FT-9641,MM-001
PT-9642,MM-007
FT-9643,MM-009
PSV-9644,MM-006
COL-9645,MM-003
XV-9646,MM-004
PT-9647,MM-010
K-9648,MM-010
P-9649,MM-001
COL-9650,MM-010
XV-9651,MM-005
P-9652,MM-010
P-9653,MM-002
E-9654,MM-007
PT-9655,MM-003
COL-9656,MM-006
P-9657,MM-005
LT-9658,MM-006
P-9659,MM-002
P-9660,MM-007
COL-9661,MM-002
COL-9662,MM-007
LT-9663,MM-006
LT-9664,MM-007
PSV-9665,MM-008
E-9666,MM-006
LT-9667,MM-006
P-9668,MM-007
E-9669,MM-005
FT-9670,MM-006
K-9671,MM-010
P-9672,MM-009
FCV-9673,MM-006
FCV-9674,MM-003
P-9675,MM-009
FT-9676,MM-009
TT-9677,MM-008
XV-9678,MM-001
XV-9679,MM-007
PT-9680,MM-005
E-9681,MM-001
K-9682,MM-004
FCV-9683,MM-001
XV-9684,MM-001
COL-9685,MM-010
K-9686,MM-008
P-9687,MM-010
XV-9688,MM-007
V-9689,MM-002
XV-9690,MM-010
FT-9691,MM-005
P-9692,MM-010
V-9693,MM-008
V-9694,MM-001
COL-9695,MM-009
XV-9696,MM-003
FT-9697,MM-007
LT-9698,MM-006
E-9699,MM-003
COL-9700,MM-010
FT-9701,MM-001
FCV-9702,MM-002
P-9703,MM-005
XV-9704,MM-010
V-9705,MM-008
XV-9706,MM-002
P-9707,MM-005
XV-9708,MM-003
LT-9709,MM-007
PSV-9710,MM-008
FT-9711,MM-006
V-9712,MM-003
V-9713,MM-002
XV-9714,MM-003
K-9715,MM-002
FT-9716,MM-007
P-9717,MM-006
PT-9718,MM-007
COL-9719,MM-006
K-9720,MM-007
LT-9721,MM-009
FCV-9722,MM-003
LT-9723,MM-007
TT-9724,MM-002
TT-9725,MM-008
E-9726,MM-001
V-9727,MM-001
PSV-9728,MM-009
FCV-9729,MM-002
XV-9730,MM-007
LT-9731,MM-003
FCV-9732,MM-002
COL-9733,MM-004
P-9734,MM-002
K-9735,MM-001
TT-9736,MM-002
E-9737,MM-005
FCV-9738,MM-010
P-9739,MM-006
COL-9740,MM-008
FCV-9741,MM-002
FT-9742,MM-006
TT-9743,MM-009
P-9744,MM-009
PSV-9745,MM-004
PSV-9746,MM-009
LT-9747,MM-005
P-9748,MM-003
P-9749,MM-004
P-9750,MM-009
LT-9751,MM-009
FT-9752,MM-007
P-9753,MM-006
XV-9754,MM-004
E-9755,MM-009
V-9756,MM-007
TT-9757,MM-006
K-9758,MM-006
XV-9759,MM-001
V-9760,MM-006
PSV-9761,MM-008
K-9762,MM-003
COL-9763,MM-002
PT-9764,MM-002
V-9765,MM-008
XV-9766,MM-002
TT-9767,MM-007
FCV-9768,MM-007
V-9769,MM-007
E-9770,MM-009
E-9771,MM-001
P-9772,MM-001
E-9773,MM-005
FT-9774,MM-004
FCV-9775,MM-008
LT-9776,MM-003
LT-9777,MM-002
PSV-9778,MM-002
FCV-9779,MM-003
K-9780,MM-005
PT-9781,MM-007
P-9782,MM-010
FT-9783,MM-002
E-9784,MM-002
V-9785,MM-005
V-9786,MM-009
E-9787,MM-006
PT-9788,MM-006
XV-9789,MM-005
COL-9790,MM-005
FCV-9791,MM-007
FT-9792,MM-002
V-9793,MM-010
P-9794,MM-004
P-9795,MM-010
V-9796,MM-003
K-9797,MM-009
K-9798,MM-001
P-9799,MM-010
V-9800,MM-005
V-9801,MM-009
K-9802,MM-002
E-9803,MM-009
COL-9804,MM-005
FT-9805,MM-008
FCV-9806,MM-010
P-9807,MM-006
FT-9808,MM-009
PT-9809,MM-004
XV-9810,MM-003
PT-9811,MM-003
P-9812,MM-006
P-9813,MM-009
E-9814,MM-002
P-9815,MM-005
LT-9816,MM-006
P-9817,MM-007
FT-9818,MM-006
V-9819,MM-009
V-9820,MM-001
FCV-9821,MM-001
V-9822,MM-009
COL-9823,MM-006
FT-9824,MM-007
PSV-9825,MM-007
PSV-9826,MM-004
COL-9827,MM-006
COL-9828,MM-007
P-9829,MM-001
P-9830,MM-006
PT-9831,MM-008
PSV-9832,MM-002
TT-9833,MM-009
PT-9834,MM-009
FCV-9835,MM-009
K-9836,MM-008
FT-9837,MM-004
PT-9838,MM-006
PSV-9839,MM-010
P-9840,MM-007
PT-9841,MM-003
P-9842,MM-005
LT-9843,MM-004
E-9844,MM-002
XV-9845,MM-008
LT-9846,MM-002
FCV-9847,MM-008
COL-9848,MM-009
PSV-9849,MM-005
P-9850,MM-003
V-9851,MM-002
E-9852,MM-001
COL-9853,MM-002
FT-9854,MM-001
FCV-9855,MM-004
PT-9856,MM-003
E-9857,MM-008
V-9858,MM-008
P-9859,MM-005
FT-9860,MM-003
FT-9861,MM-010
FT-9862,MM-005
P-9863,MM-004
PSV-9864,MM-006
P-9865,MM-003
E-9866,MM-009
E-9867,MM-005
PSV-9868,MM-004
E-9869,MM-007
P-9870,MM-009
K-9871,MM-004
P-9872,MM-002
E-9873,MM-001
FT-9874,MM-009
FCV-9875,MM-006
K-9876,MM-001
COL-9877,MM-004
P-9878,MM-004
FCV-9879,MM-002
FT-9880,MM-009
V-9881,MM-002
K-9882,MM-010
P-9883,MM-006
FCV-9884,MM-001
PSV-9885,MM-005
LT-9886,MM-008
V-9887,MM-002
K-9888,MM-001
PT-9889,MM-003
TT-9890,MM-009
FT-9891,MM-007
PSV-9892,MM-002
TT-9893,MM-008
PT-9894,MM-010
TT-9895,MM-005
PT-9896,MM-006
XV-9897,MM-005
K-9898,MM-004
FT-9899,MM-001
PSV-9900,MM-005
COL-9901,MM-007
TT-9902,MM-009
V-9903,MM-005
PT-9904,MM-010
V-9905,MM-004
FT-9906,MM-002
E-9907,MM-010
P-9908,MM-004
K-9909,MM-001
COL-9910,MM-007
P-9911,MM-002
FT-9912,MM-004
P-9913,MM-003
TT-9914,MM-008
LT-9915,MM-004
K-9916,MM-006
V-9917,MM-002
PSV-9918,MM-001
XV-9919,MM-010
LT-9920,MM-003
PT-9921,MM-009
LT-9922,MM-010
PT-9923,MM-005
FCV-9924,MM-005
PT-9925,MM-003
PT-9926,MM-002
E-9927,MM-003
E-9928,MM-007
PSV-9929,MM-010
P-9930,MM-007
K-9931,MM-002
FCV-9932,MM-010
TT-9933,MM-006
PT-9934,MM-001
K-9935,MM-008
PT-9936,MM-005
LT-9937,MM-009
FT-9938,MM-005
P-9939,MM-008
FCV-9940,MM-008
LT-9941,MM-001
TT-9942,MM-006
XV-9943,MM-005
TT-9944,MM-008
P-9945,MM-009
PT-9946,MM-003
XV-9947,MM-009
TT-9948,MM-001
P-9949,MM-005
P-9950,MM-005
K-9951,MM-005
K-9952,MM-004
K-9953,MM-007
PT-9954,MM-005
E-9955,MM-007
COL-9956,MM-005
V-9957,MM-008
FCV-9958,MM-010
K-9959,MM-005
V-9960,MM-010
PSV-9961,MM-010
P-9962,MM-004
XV-9963,MM-007
P-9964,MM-001
FCV-9965,MM-001
XV-9966,MM-003
XV-9967,MM-007
COL-9968,MM-008
COL-9969,MM-005
LT-9970,MM-009
P-9971,MM-010
TT-9972,MM-005
PSV-9973,MM-007
XV-9974,MM-005
FT-9975,MM-002
E-9976,MM-006
P-9977,MM-004
FT-9978,MM-005
P-9979,MM-001
PT-9980,MM-002
FCV-9981,MM-010
COL-9982,MM-002
XV-9983,MM-009
V-9984,MM-006
PSV-9985,MM-004
P-9986,MM-006
E-9987,MM-010
V-9988,MM-001
TT-9989,MM-005
V-9990,MM-009
P-9991,MM-006
PSV-9992,MM-009
TT-9993,MM-003
XV-9994,MM-007
FT-9995,MM-001
P-9996,MM-007
XV-9997,MM-006
PSV-9998,MM-009
COL-9999,MM-003
XV-10000,MM-002
V-10001,MM-006
LT-10002,MM-002
PSV-10003,MM-007
LT-10004,MM-003
PSV-10005,MM-005
FCV-10006,MM-010
P-10007,MM-002
XV-10008,MM-003
XV-10009,MM-004
E-10010,MM-008
PSV-10011,MM-001
P-10012,MM-001
LT-10013,MM-001
PSV-10014,MM-001
K-10015,MM-010
TT-10016,MM-008
PSV-10017,MM-010
V-10018,MM-006
COL-10019,MM-007
PSV-10020,MM-006
PT-10021,MM-006
PT-10022,MM-002
COL-10023,MM-006
FT-10024,MM-008
V-10025,MM-010
LT-10026,MM-002
K-10027,MM-007
PT-10028,MM-005
FT-10029,MM-004
XV-10030,MM-004
LT-10031,MM-003
K-10032,MM-003
PSV-10033,MM-002
V-10034,MM-010
P-10035,MM-009
V-10036,MM-003
XV-10037,MM-008
FT-10038,MM-004
K-10039,MM-004
COL-10040,MM-005
PT-10041,MM-009
LT-10042,MM-008
COL-10043,MM-010
TT-10044,MM-003
PT-10045,MM-001
K-10046,MM-010
TT-10047,MM-006
COL-10048,MM-002
FT-10049,MM-003
PT-10050,MM-009
P-10051,MM-003
V-10052,MM-002
PT-10053,MM-008
PSV-10054,MM-002
PT-10055,MM-004
P-10056,MM-006
PSV-10057,MM-002
PSV-10058,MM-005
V-10059,MM-007
K-10060,MM-004
TT-10061,MM-006
COL-10062,MM-003
V-10063,MM-001
PT-10064,MM-002
PSV-10065,MM-007
FT-10066,MM-005
COL-10067,MM-006
K-10068,MM-010
E-10069,MM-007
K-10070,MM-005
PSV-10071,MM-003
TT-10072,MM-004
PT-10073,MM-005
TT-10074,MM-006
FCV-10075,MM-009
TT-10076,MM-010
PT-10077,MM-009
TT-10078,MM-006
V-10079,MM-005
FT-10080,MM-004
FCV-10081,MM-008
P-10082,MM-005
FCV-10083,MM-002
XV-10084,MM-004
PSV-10085,MM-005
E-10086,MM-001
E-10087,MM-004
XV-10088,MM-005
LT-10089,MM-004
XV-10090,MM-004
LT-10091,MM-005
K-10092,MM-005
PSV-10093,MM-002
PT-10094,MM-002
PSV-10095,MM-001
V-10096,MM-003
P-10097,MM-007
FT-10098,MM-004
XV-10099,MM-007
XV-10100,MM-006
FCV-10101,MM-002
FCV-10102,MM-008
PSV-10103,MM-010
E-10104,MM-003
P-10105,MM-003
FT-10106,MM-010
XV-10107,MM-003
PSV-10108,MM-005
COL-10109,MM-008
E-10110,MM-006
P-10111,MM-003
P-10112,MM-004
XV-10113,MM-001
PT-10114,MM-005
TT-10115,MM-009
PT-10116,MM-007
LT-10117,MM-009
LT-10118,MM-001
PT-10119,MM-009
COL-10120,MM-002
K-10121,MM-006
E-10122,MM-001
E-10123,MM-004
P-10124,MM-004
COL-10125,MM-001
K-10126,MM-004
XV-10127,MM-007
FT-10128,MM-002
E-10129,MM-002
V-10130,MM-005
PT-10131,MM-010
PT-10132,MM-005
FCV-10133,MM-005
TT-10134,MM-007
P-10135,MM-003
TT-10136,MM-005
LT-10137,MM-004
TT-10138,MM-002
TT-10139,MM-010
PSV-10140,MM-003
PT-10141,MM-003
PSV-10142,MM-007
FT-10143,MM-004
E-10144,MM-002
TT-10145,MM-009
XV-10146,MM-003
P-10147,MM-003
COL-10148,MM-006
V-10149,MM-009
FT-10150,MM-008
P-10151,MM-006
P-10152,MM-007
TT-10153,MM-010
P-10154,MM-004
V-10155,MM-009
P-10156,MM-003
K-10157,MM-009
P-10158,MM-005
FCV-10159,MM-005
V-10160,MM-010
P-10161,MM-007
FT-10162,MM-006
TT-10163,MM-005
TT-10164,MM-003
TT-10165,MM-007
PSV-10166,MM-009
P-10167,MM-005
TT-10168,MM-002
XV-10169,MM-005
V-10170,MM-009
LT-10171,MM-010
TT-10172,MM-005
PT-10173,MM-006
P-10174,MM-007
P-10175,MM-010
P-10176,MM-008
PSV-10177,MM-007
XV-10178,MM-009
V-10179,MM-006
E-10180,MM-004
PT-10181,MM-004
LT-10182,MM-002
P-10183,MM-003
P-10184,MM-010
LT-10185,MM-005
P-10186,MM-003
P-10187,MM-002
E-10188,MM-003
E-10189,MM-002
FT-10190,MM-007
V-10191,MM-009
PSV-10192,MM-010
K-10193,MM-007
P-10194,MM-005
FT-10195,MM-010
PSV-10196,MM-010
FT-10197,MM-002
XV-10198,MM-004
E-10199,MM-007
LT-10200,MM-005
FCV-10201,MM-008
E-10202,MM-010
P-10203,MM-010
E-10204,MM-004
FT-10205,MM-001
TT-10206,MM-003
FCV-10207,MM-007
COL-10208,MM-007
E-10209,MM-007
PT-10210,MM-003
P-10211,MM-007
P-10212,MM-009
XV-10213,MM-002
COL-10214,MM-010
E-10215,MM-003
XV-10216,MM-002
PSV-10217,MM-006
COL-10218,MM-001
PT-10219,MM-007
P-10220,MM-007
COL-10221,MM-001
XV-10222,MM-002
FCV-10223,MM-001
P-10224,MM-009
P-10225,MM-003
FCV-10226,MM-003
LT-10227,MM-002
E-10228,MM-010
FT-10229,MM-003
TT-10230,MM-010
E-10231,MM-004
P-10232,MM-006
LT-10233,MM-004
COL-10234,MM-002
FCV-10235,MM-003
P-10236,MM-006
FT-10237,MM-005
FT-10238,MM-001
COL-10239,MM-003
K-10240,MM-002
V-10241,MM-002
LT-10242,MM-004
P-10243,MM-001
V-10244,MM-007
PSV-10245,MM-007
K-10246,MM-006
XV-10247,MM-008
FCV-10248,MM-002
LT-10249,MM-006
PSV-10250,MM-009
E-10251,MM-010
E-10252,MM-005
TT-10253,MM-005
V-10254,MM-009
COL-10255,MM-004
P-10256,MM-002
PT-10257,MM-008
XV-10258,MM-010
PSV-10259,MM-010
PT-10260,MM-007
PSV-10261,MM-005
FT-10262,MM-003
PSV-10263,MM-001
XV-10264,MM-005
XV-10265,MM-006
P-10266,MM-005
PSV-10267,MM-004
XV-10268,MM-009
E-10269,MM-005
PT-10270,MM-010
PSV-10271,MM-006
LT-10272,MM-004
TT-10273,MM-007
PT-10274,MM-004
P-10275,MM-005
PT-10276,MM-001
PT-10277,MM-002
PSV-10278,MM-003
V-10279,MM-001
FCV-10280,MM-003
PT-10281,MM-006
V-10282,MM-005
COL-10283,MM-009
PSV-10284,MM-003
COL-10285,MM-010
FCV-10286,MM-001
FT-10287,MM-002
FCV-10288,MM-010
PT-10289,MM-006
FT-10290,MM-002
P-10291,MM-007
P-10292,MM-002
PT-10293,MM-005
P-10294,MM-001
E-10295,MM-010
FCV-10296,MM-007
LT-10297,MM-009
COL-10298,MM-009
XV-10299,MM-003
V-10300,MM-003
V-10301,MM-005
PSV-10302,MM-001
FCV-10303,MM-009
K-10304,MM-008
COL-10305,MM-003
V-10306,MM-006
FCV-10307,MM-010
P-10308,MM-008
P-10309,MM-003
PSV-10310,MM-008
FT-10311,MM-006
P-10312,MM-005
K-10313,MM-005
LT-10314,MM-007
LT-10315,MM-010
K-10316,MM-008
FT-10317,MM-010
P-10318,MM-007
FT-10319,MM-001
TT-10320,MM-001
P-10321,MM-005
COL-10322,MM-010
PSV-10323,MM-010
PSV-10324,MM-005
PSV-10325,MM-009
E-10326,MM-001
TT-10327,MM-007
E-10328,MM-009
PSV-10329,MM-003
XV-10330,MM-007
E-10331,MM-009
K-10332,MM-003
E-10333,MM-005
K-10334,MM-010
K-10335,MM-005
FT-10336,MM-005
V-10337,MM-002
K-10338,MM-010
P-10339,MM-006
PSV-10340,MM-008
FT-10341,MM-004
P-10342,MM-001
FT-10343,MM-001
PSV-10344,MM-001
P-10345,MM-003
LT-10346,MM-003
P-10347,MM-008
P-10348,MM-001
COL-10349,MM-008
PT-10350,MM-008
E-10351,MM-005
V-10352,MM-007
FT-10353,MM-004
V-10354,MM-005
V-10355,MM-006
P-10356,MM-008
FCV-10357,MM-008
LT-10358,MM-001
XV-10359,MM-006
TT-10360,MM-002
TT-10361,MM-008
V-10362,MM-009
P-10363,MM-001
LT-10364,MM-010
TT-10365,MM-005
PSV-10366,MM-007
XV-10367,MM-005
FT-10368,MM-006
XV-10369,MM-002
TT-10370,MM-009
LT-10371,MM-006
FT-10372,MM-009
FCV-10373,MM-001
PT-10374,MM-005
K-10375,MM-002
LT-10376,MM-003
XV-10377,MM-003
K-10378,MM-002
PT-10379,MM-002
PT-10380,MM-008
FCV-10381,MM-006
P-10382,MM-002
K-10383,MM-003
FT-10384,MM-010
P-10385,MM-007
E-10386,MM-003
PSV-10387,MM-006
FCV-10388,MM-003
XV-10389,MM-001
PT-10390,MM-003
FCV-10391,MM-001
FT-10392,MM-004
V-10393,MM-010
TT-10394,MM-008
E-10395,MM-003
PT-10396,MM-005
XV-10397,MM-009
TT-10398,MM-003
TT-10399,MM-002
LT-10400,MM-007
FCV-10401,MM-002
FCV-10402,MM-008
V-10403,MM-004
E-10404,MM-001
P-10405,MM-010
LT-10406,MM-003
XV-10407,MM-001
LT-10408,MM-007
TT-10409,MM-008
E-10410,MM-001
P-10411,MM-005
FT-10412,MM-001
PSV-10413,MM-003
LT-10414,MM-009
P-10415,MM-002
PSV-10416,MM-003
P-10417,MM-007
K-10418,MM-009
K-10419,MM-010
XV-10420,MM-004
E-10421,MM-007
XV-10422,MM-005
V-10423,MM-006
PT-10424,MM-002
V-10425,MM-010
E-10426,MM-010
PSV-10427,MM-005
PT-10428,MM-009
PSV-10429,MM-004
E-10430,MM-009
PT-10431,MM-007
FCV-10432,MM-008
K-10433,MM-010
FT-10434,MM-004
XV-10435,MM-005
P-10436,MM-004
V-10437,MM-007
FCV-10438,MM-008
LT-10439,MM-001
LT-10440,MM-007
PSV-10441,MM-005
PSV-10442,MM-006
P-10443,MM-006
TT-10444,MM-002
K-10445,MM-009
K-10446,MM-001
P-10447,MM-003
P-10448,MM-007
FT-10449,MM-006
FT-10450,MM-008
P-10451,MM-004
FCV-10452,MM-005
FT-10453,MM-005
FCV-10454,MM-003
PSV-10455,MM-003
P-10456,MM-001
PT-10457,MM-007
FCV-10458,MM-007
E-10459,MM-002
E-10460,MM-009
LT-10461,MM-002
K-10462,MM-002
FCV-10463,MM-001
XV-10464,MM-001
V-10465,MM-001
FCV-10466,MM-006
TT-10467,MM-010
K-10468,MM-004
K-10469,MM-005
FCV-10470,MM-004
XV-10471,MM-005
PT-10472,MM-010
FT-10473,MM-004
P-10474,MM-003
P-10475,MM-007
E-10476,MM-001
P-10477,MM-001
E-10478,MM-007
TT-10479,MM-001
TT-10480,MM-004
P-10481,MM-010
K-10482,MM-010
P-10483,MM-003
PT-10484,MM-007
FCV-10485,MM-004
P-10486,MM-005
LT-10487,MM-003
FCV-10488,MM-006
COL-10489,MM-002
PT-10490,MM-010
E-10491,MM-006
FT-10492,MM-008
E-10493,MM-010
V-10494,MM-006
P-10495,MM-003
FCV-10496,MM-005
P-10497,MM-009
PSV-10498,MM-004
TT-10499,MM-005
LT-10500,MM-010
TT-10501,MM-004
COL-10502,MM-008
COL-10503,MM-003
FT-10504,MM-006
PT-10505,MM-002
P-10506,MM-006
FT-10507,MM-005
P-10508,MM-010
PT-10509,MM-005
K-10510,MM-010
K-10511,MM-005
PT-10512,MM-007
XV-10513,MM-006
PT-10514,MM-005
TT-10515,MM-001
PT-10516,MM-007
XV-10517,MM-008
PT-10518,MM-005
E-10519,MM-007
K-10520,MM-005
FT-10521,MM-002
PSV-10522,MM-004
PSV-10523,MM-006
FCV-10524,MM-002
V-10525,MM-005
PT-10526,MM-004
P-10527,MM-005
XV-10528,MM-010
P-10529,MM-007
TT-10530,MM-003
LT-10531,MM-009
XV-10532,MM-007
COL-10533,MM-010
PT-10534,MM-001
V-10535,MM-006
LT-10536,MM-005
FCV-10537,MM-009
FCV-10538,MM-006
PT-10539,MM-009
PSV-10540,MM-004
K-10541,MM-009
K-10542,MM-001
FCV-10543,MM-008
E-10544,MM-008
TT-10545,MM-005
FCV-10546,MM-005
PT-10547,MM-002
P-10548,MM-010
P-10549,MM-001
TT-10550,MM-005
PT-10551,MM-008
P-10552,MM-003
V-10553,MM-004
FT-10554,MM-004
P-10555,MM-006
LT-10556,MM-007
XV-10557,MM-003
E-10558,MM-004
LT-10559,MM-006
FT-10560,MM-004
PSV-10561,MM-010
TT-10562,MM-009
COL-10563,MM-003
K-10564,MM-005
PSV-10565,MM-009
P-10566,MM-009
P-10567,MM-003
P-10568,MM-002
K-10569,MM-006
TT-10570,MM-004
P-10571,MM-010
FCV-10572,MM-010
LT-10573,MM-008
LT-10574,MM-007
E-10575,MM-005
XV-10576,MM-004
K-10577,MM-009
FT-10578,MM-004
K-10579,MM-007
P-10580,MM-004
E-10581,MM-001
XV-10582,MM-004
E-10583,MM-010
PT-10584,MM-010
FCV-10585,MM-008
P-10586,MM-004
XV-10587,MM-003
P-10588,MM-010
COL-10589,MM-009
LT-10590,MM-002
P-10591,MM-003
P-10592,MM-007
P-10593,MM-009
TT-10594,MM-002
LT-10595,MM-001
PSV-10596,MM-010
FCV-10597,MM-008
V-10598,MM-007
K-10599,MM-003
E-10600,MM-002
FCV-10601,MM-005
TT-10602,MM-003
V-10603,MM-006
XV-10604,MM-007
P-10605,MM-009
FT-10606,MM-008
P-10607,MM-002
PT-10608,MM-008
K-10609,MM-004
XV-10610,MM-008
E-10611,MM-010
K-10612,MM-002
FCV-10613,MM-010
K-10614,MM-005
FT-10615,MM-009
LT-10616,MM-001
P-10617,MM-005
TT-10618,MM-002
P-10619,MM-007
V-10620,MM-005
K-10621,MM-004
PT-10622,MM-005
P-10623,MM-009
P-10624,MM-001
TT-10625,MM-009
V-10626,MM-009
FCV-10627,MM-009
COL-10628,MM-009
V-10629,MM-006
K-10630,MM-002
TT-10631,MM-008
LT-10632,MM-004
LT-10633,MM-008
COL-10634,MM-006
FCV-10635,MM-002
PT-10636,MM-006
K-10637,MM-008
LT-10638,MM-010
K-10639,MM-002
K-10640,MM-009
PT-10641,MM-009
PSV-10642,MM-010
PT-10643,MM-002
PSV-10644,MM-006
XV-10645,MM-004
COL-10646,MM-009
PSV-10647,MM-001
LT-10648,MM-005
V-10649,MM-002
XV-10650,MM-001
K-10651,MM-002
FT-10652,MM-001
FCV-10653,MM-004
V-10654,MM-001
V-10655,MM-004
E-10656,MM-005
COL-10657,MM-007
E-10658,MM-008
K-10659,MM-006
PSV-10660,MM-004
FT-10661,MM-006
PSV-10662,MM-003
COL-10663,MM-010
FCV-10664,MM-006
FT-10665,MM-004
COL-10666,MM-004
PSV-10667,MM-007
XV-10668,MM-001
P-10669,MM-003
LT-10670,MM-003
FT-10671,MM-002
FT-10672,MM-010
XV-10673,MM-009
PT-10674,MM-008
K-10675,MM-002
XV-10676,MM-010
FT-10677,MM-005
LT-10678,MM-009
PT-10679,MM-002
PSV-10680,MM-006
TT-10681,MM-004
COL-10682,MM-009
PT-10683,MM-010
XV-10684,MM-004
TT-10685,MM-006
V-10686,MM-005
P-10687,MM-010
P-10688,MM-005
E-10689,MM-001
E-10690,MM-002
K-10691,MM-009
XV-10692,MM-006
XV-10693,MM-007
COL-10694,MM-009
LT-10695,MM-007
V-10696,MM-006
V-10697,MM-007
PSV-10698,MM-007
PSV-10699,MM-010
PT-10700,MM-004
K-10701,MM-006
XV-10702,MM-004
PT-10703,MM-002
LT-10704,MM-006
PT-10705,MM-003
P-10706,MM-002
V-10707,MM-009
V-10708,MM-001
FT-10709,MM-001
LT-10710,MM-002
P-10711,MM-010
LT-10712,MM-001
PSV-10713,MM-001
FCV-10714,MM-009
P-10715,MM-002
TT-10716,MM-003
P-10717,MM-003
XV-10718,MM-005
P-10719,MM-010
V-10720,MM-001
PSV-10721,MM-006
FT-10722,MM-002
PT-10723,MM-003
FT-10724,MM-006
TT-10725,MM-005
V-10726,MM-001
COL-10727,MM-009
V-10728,MM-006
LT-10729,MM-008
XV-10730,MM-007
TT-10731,MM-003
FCV-10732,MM-008
V-10733,MM-004
P-10734,MM-009
LT-10735,MM-009
TT-10736,MM-007
E-10737,MM-001
PSV-10738,MM-006
PT-10739,MM-002
V-10740,MM-010
COL-10741,MM-004
XV-10742,MM-006
K-10743,MM-003
FT-10744,MM-010
FCV-10745,MM-001
P-10746,MM-008
FCV-10747,MM-009
LT-10748,MM-003
E-10749,MM-010
E-10750,MM-002
P-10751,MM-010
COL-10752,MM-007
LT-10753,MM-008
LT-10754,MM-007
FCV-10755,MM-007
P-10756,MM-005
P-10757,MM-002
E-10758,MM-001
XV-10759,MM-004
LT-10760,MM-003
TT-10761,MM-003
TT-10762,MM-004
XV-10763,MM-009
COL-10764,MM-001
P-10765,MM-005
P-10766,MM-004
XV-10767,MM-005
TT-10768,MM-004
P-10769,MM-002
LT-10770,MM-002
V-10771,MM-003
P-10772,MM-002
FT-10773,MM-006
V-10774,MM-007
PT-10775,MM-002
LT-10776,MM-004
FCV-10777,MM-007
TT-10778,MM-009
FT-10779,MM-002
LT-10780,MM-008
FCV-10781,MM-003
PT-10782,MM-009
PSV-10783,MM-002
PSV-10784,MM-008
E-10785,MM-010
P-10786,MM-010
E-10787,MM-008
PT-10788,MM-009
COL-10789,MM-005
PSV-10790,MM-010
XV-10791,MM-001
FCV-10792,MM-010
XV-10793,MM-010
PT-10794,MM-009
K-10795,MM-007
P-10796,MM-002
TT-10797,MM-001
K-10798,MM-002
P-10799,MM-010
LT-10800,MM-004
XV-10801,MM-006
E-10802,MM-008
COL-10803,MM-001
P-10804,MM-007
PSV-10805,MM-009
PT-10806,MM-005
FT-10807,MM-009
K-10808,MM-006
P-10809,MM-009
FCV-10810,MM-008
PSV-10811,MM-008
COL-10812,MM-001
E-10813,MM-002
XV-10814,MM-008
K-10815,MM-003
FT-10816,MM-010
PT-10817,MM-002
PSV-10818,MM-001
COL-10819,MM-007
LT-10820,MM-005
E-10821,MM-007
LT-10822,MM-008
P-10823,MM-010
PT-10824,MM-009
COL-10825,MM-004
COL-10826,MM-005
TT-10827,MM-010
XV-10828,MM-002
LT-10829,MM-006
K-10830,MM-001
P-10831,MM-003
K-10832,MM-007
E-10833,MM-003
V-10834,MM-001
TT-10835,MM-007
P-10836,MM-010
TT-10837,MM-002
E-10838,MM-007
P-10839,MM-008
K-10840,MM-006
XV-10841,MM-006
FT-10842,MM-004
P-10843,MM-003
P-10844,MM-004
FT-10845,MM-004
E-10846,MM-002
COL-10847,MM-009
PT-10848,MM-007
TT-10849,MM-004
LT-10850,MM-003
FT-10851,MM-004
FCV-10852,MM-005
PT-10853,MM-007
LT-10854,MM-004
FT-10855,MM-008
P-10856,MM-002
P-10857,MM-007
LT-10858,MM-010
TT-10859,MM-009
FCV-10860,MM-004
XV-10861,MM-004
PSV-10862,MM-010
P-10863,MM-009
XV-10864,MM-002
P-10865,MM-006
PT-10866,MM-009
PSV-10867,MM-005
COL-10868,MM-007
COL-10869,MM-001
PT-10870,MM-001
V-10871,MM-004
TT-10872,MM-001
E-10873,MM-004
PSV-10874,MM-007
FCV-10875,MM-002
K-10876,MM-002
XV-10877,MM-008
P-10878,MM-006
E-10879,MM-004
COL-10880,MM-008
PT-10881,MM-008
P-10882,MM-001
FT-10883,MM-001
COL-10884,MM-003
PT-10885,MM-003
TT-10886,MM-005
E-10887,MM-001
FCV-10888,MM-009
P-10889,MM-002
COL-10890,MM-003
E-10891,MM-006
K-10892,MM-005
PSV-10893,MM-010
FT-10894,MM-009
PSV-10895,MM-008
V-10896,MM-009
LT-10897,MM-007
PT-10898,MM-004
FT-10899,MM-007
TT-10900,MM-002
XV-10901,MM-008
K-10902,MM-003
FCV-10903,MM-006
E-10904,MM-009
PT-10905,MM-009
K-10906,MM-004
P-10907,MM-007
E-10908,MM-005
TT-10909,MM-005
COL-10910,MM-007
XV-10911,MM-003
K-10912,MM-002
K-10913,MM-007
PSV-10914,MM-006
XV-10915,MM-004
PSV-10916,MM-010
E-10917,MM-001
V-10918,MM-001
P-10919,MM-006
FCV-10920,MM-004
COL-10921,MM-002
E-10922,MM-008
COL-10923,MM-003
TT-10924,MM-002
FCV-10925,MM-003
TT-10926,MM-001
P-10927,MM-005
XV-10928,MM-009
E-10929,MM-003
XV-10930,MM-002
PT-10931,MM-010
FT-10932,MM-004
P-10933,MM-006
PSV-10934,MM-010
K-10935,MM-007
TT-10936,MM-005
FT-10937,MM-001
FCV-10938,MM-004
TT-10939,MM-010
LT-10940,MM-010
V-10941,MM-008
V-10942,MM-003
P-10943,MM-002
LT-10944,MM-004
P-10945,MM-005
P-10946,MM-002
FT-10947,MM-002
V-10948,MM-006
FCV-10949,MM-001
FCV-10950,MM-010
V-10951,MM-010
E-10952,MM-010
FCV-10953,MM-004
XV-10954,MM-007
FT-10955,MM-010
FCV-10956,MM-002
K-10957,MM-002
E-10958,MM-008
TT-10959,MM-003
PSV-10960,MM-002
V-10961,MM-005
E-10962,MM-001
LT-10963,MM-009
XV-10964,MM-009
E-10965,MM-010
P-10966,MM-001
LT-10967,MM-003
FCV-10968,MM-005
FCV-10969,MM-006
PSV-10970,MM-010
FCV-10971,MM-007
TT-10972,MM-002
COL-10973,MM-008
P-10974,MM-007
LT-10975,MM-010
P-10976,MM-004
COL-10977,MM-001
LT-10978,MM-008
P-10979,MM-004
COL-10980,MM-001
V-10981,MM-007
K-10982,MM-009
TT-10983,MM-001
XV-10984,MM-006
V-10985,MM-007
XV-10986,MM-003
COL-10987,MM-002
COL-10988,MM-009
XV-10989,MM-007
XV-10990,MM-004
PT-10991,MM-006
FT-10992,MM-005
FT-10993,MM-009
XV-10994,MM-009
COL-10995,MM-003
PT-10996,MM-001
PSV-10997,MM-009
FT-10998,MM-004
XV-10999,MM-010
COL-11000,MM-008
FCV-11001,MM-004
TT-11002,MM-004
P-11003,MM-002
FT-11004,MM-002
V-11005,MM-003
XV-11006,MM-010
K-11007,MM-001
V-11008,MM-001
K-11009,MM-009
FCV-11010,MM-010
P-11011,MM-003
FT-11012,MM-001
V-11013,MM-008
XV-11014,MM-004
XV-11015,MM-009
P-11016,MM-008
COL-11017,MM-006
P-11018,MM-004
V-11019,MM-010
V-11020,MM-010
FCV-11021,MM-006
K-11022,MM-001
XV-11023,MM-002
K-11024,MM-009
TT-11025,MM-001
P-11026,MM-003
FT-11027,MM-007
PT-11028,MM-008
TT-11029,MM-007
P-11030,MM-007
COL-11031,MM-006
XV-11032,MM-002
TT-11033,MM-006
P-11034,MM-007
TT-11035,MM-010
FT-11036,MM-007
FCV-11037,MM-004
XV-11038,MM-002
XV-11039,MM-006
XV-11040,MM-003
COL-11041,MM-004
COL-11042,MM-010
LT-11043,MM-002
COL-11044,MM-004
PT-11045,MM-002
V-11046,MM-010
P-11047,MM-001
PSV-11048,MM-009
FCV-11049,MM-010
FT-11050,MM-009
E-11051,MM-008
XV-11052,MM-001
FT-11053,MM-008
FCV-11054,MM-001
FT-11055,MM-010
P-11056,MM-003
V-11057,MM-004
PSV-11058,MM-001
TT-11059,MM-004
PT-11060,MM-006
COL-11061,MM-005
K-11062,MM-004
P-11063,MM-005
XV-11064,MM-001
P-11065,MM-001
P-11066,MM-004
PSV-11067,MM-001
PSV-11068,MM-004
PT-11069,MM-004
TT-11070,MM-007
FT-11071,MM-008
FCV-11072,MM-010
XV-11073,MM-010
P-11074,MM-007
V-11075,MM-006
COL-11076,MM-001
P-11077,MM-003
FT-11078,MM-005
FCV-11079,MM-004
PSV-11080,MM-002
P-11081,MM-005
FCV-11082,MM-005
P-11083,MM-007
XV-11084,MM-008
E-11085,MM-001
P-11086,MM-001
PSV-11087,MM-010
E-11088,MM-003
PSV-11089,MM-002
FCV-11090,MM-001
FCV-11091,MM-004
E-11092,MM-010
V-11093,MM-004
P-11094,MM-009
XV-11095,MM-002
PSV-11096,MM-010
E-11097,MM-005
FT-11098,MM-009
COL-11099,MM-010
P-11100,MM-005
P-11101,MM-006
P-11102,MM-004
E-11103,MM-005
XV-11104,MM-007
XV-11105,MM-008
FCV-11106,MM-006
XV-11107,MM-004
COL-11108,MM-007
LT-11109,MM-006
COL-11110,MM-010
XV-11111,MM-009
XV-11112,MM-006
FCV-11113,MM-010
V-11114,MM-002
PT-11115,MM-007
COL-11116,MM-004
K-11117,MM-009
V-11118,MM-010
XV-11119,MM-005
PSV-11120,MM-008
PSV-11121,MM-003
K-11122,MM-010
P-11123,MM-006
V-11124,MM-005
COL-11125,MM-006
K-11126,MM-009
P-11127,MM-008
PSV-11128,MM-004
LT-11129,MM-003
TT-11130,MM-010
P-11131,MM-005
COL-11132,MM-009
PSV-11133,MM-010
P-11134,MM-003
COL-11135,MM-009
FT-11136,MM-010
FT-11137,MM-005
XV-11138,MM-008
V-11139,MM-007
K-11140,MM-010
PT-11141,MM-006
PSV-11142,MM-001
COL-11143,MM-002
P-11144,MM-002
COL-11145,MM-010
V-11146,MM-001
V-11147,MM-006
E-11148,MM-001
XV-11149,MM-010
XV-11150,MM-009
XV-11151,MM-003
V-11152,MM-003
P-11153,MM-005
LT-11154,MM-002
FT-11155,MM-005
PSV-11156,MM-008
COL-11157,MM-007
COL-11158,MM-004
PSV-11159,MM-008
V-11160,MM-008
LT-11161,MM-010
FT-11162,MM-001
FCV-11163,MM-002
XV-11164,MM-002
LT-11165,MM-001
PSV-11166,MM-001
FT-11167,MM-010
P-11168,MM-004
P-11169,MM-010
V-11170,MM-001
COL-11171,MM-007
FCV-11172,MM-002
FT-11173,MM-009
LT-11174,MM-010
TT-11175,MM-001
PT-11176,MM-006
PSV-11177,MM-009
TT-11178,MM-010
K-11179,MM-010
V-11180,MM-004
FCV-11181,MM-005
P-11182,MM-001
FCV-11183,MM-007
PT-11184,MM-005
FT-11185,MM-009
TT-11186,MM-009
PSV-11187,MM-005
FCV-11188,MM-009
K-11189,MM-009
K-11190,MM-003
P-11191,MM-007
FCV-11192,MM-001
V-11193,MM-008
P-11194,MM-006
FCV-11195,MM-006
PSV-11196,MM-005
COL-11197,MM-004
V-11198,MM-002
LT-11199,MM-007
PSV-11200,MM-002
FCV-11201,MM-006
K-11202,MM-001
PT-11203,MM-001
P-11204,MM-004
PT-11205,MM-008
FCV-11206,MM-008
V-11207,MM-007
E-11208,MM-003
TT-11209,MM-007
P-11210,MM-002
E-11211,MM-005
V-11212,MM-007
FCV-11213,MM-003
P-11214,MM-007
P-11215,MM-001
P-11216,MM-004
TT-11217,MM-001
P-11218,MM-003
XV-11219,MM-006
TT-11220,MM-001
P-11221,MM-005
PT-11222,MM-002
P-11223,MM-007
FCV-11224,MM-009
PT-11225,MM-005
XV-11226,MM-001
LT-11227,MM-007
P-11228,MM-010
XV-11229,MM-001
LT-11230,MM-009
PT-11231,MM-004
PT-11232,MM-009
P-11233,MM-010
LT-11234,MM-003
E-11235,MM-007
K-11236,MM-006
COL-11237,MM-006
P-11238,MM-009
P-11239,MM-006
P-11240,MM-006
V-11241,MM-005
P-11242,MM-010
PSV-11243,MM-009
P-11244,MM-008
K-11245,MM-006
V-11246,MM-006
V-11247,MM-008
K-11248,MM-004
FT-11249,MM-005
FT-11250,MM-004
P-11251,MM-010
XV-11252,MM-007
COL-11253,MM-010
PT-11254,MM-003
K-11255,MM-008
P-11256,MM-008
LT-11257,MM-006
COL-11258,MM-009
XV-11259,MM-006
PSV-11260,MM-005
V-11261,MM-007
PT-11262,MM-006
FT-11263,MM-009
FCV-11264,MM-007
LT-11265,MM-002
K-11266,MM-005
FT-11267,MM-001
P-11268,MM-010
K-11269,MM-002
TT-11270,MM-005
PT-11271,MM-006
E-11272,MM-002
PT-11273,MM-010
XV-11274,MM-001
V-11275,MM-010
FCV-11276,MM-003
E-11277,MM-001
PT-11278,MM-001
P-11279,MM-004
COL-11280,MM-003
FT-11281,MM-005
XV-11282,MM-008
V-11283,MM-008
K-11284,MM-002
PSV-11285,MM-008
XV-11286,MM-003
PSV-11287,MM-006
K-11288,MM-005
COL-11289,MM-001
K-11290,MM-002
P-11291,MM-004
FT-11292,MM-007
V-11293,MM-010
E-11294,MM-009
K-11295,MM-003
P-11296,MM-005
COL-11297,MM-008
FT-11298,MM-005
P-11299,MM-010
FT-11300,MM-001
COL-11301,MM-001
PT-11302,MM-001
PT-11303,MM-006
V-11304,MM-005
V-11305,MM-006
K-11306,MM-008
P-11307,MM-008
PSV-11308,MM-010
V-11309,MM-004
FCV-11310,MM-004
TT-11311,MM-005
P-11312,MM-002
E-11313,MM-003
FT-11314,MM-008
LT-11315,MM-005
XV-11316,MM-001
PSV-11317,MM-010
LT-11318,MM-010
XV-11319,MM-007
P-11320,MM-001
V-11321,MM-004
FCV-11322,MM-002
PSV-11323,MM-005
PSV-11324,MM-006
TT-11325,MM-003
COL-11326,MM-002
COL-11327,MM-009
XV-11328,MM-007
COL-11329,MM-010
TT-11330,MM-008
PSV-11331,MM-001
V-11332,MM-001
PT-11333,MM-005
E-11334,MM-007
FT-11335,MM-005
P-11336,MM-004
V-11337,MM-009
P-11338,MM-006
P-11339,MM-002
XV-11340,MM-005
TT-11341,MM-010
TT-11342,MM-005
LT-11343,MM-004
PSV-11344,MM-010
FCV-11345,MM-001
P-11346,MM-009
PT-11347,MM-001
E-11348,MM-009
LT-11349,MM-010
TT-11350,MM-004
V-11351,MM-002
XV-11352,MM-010
XV-11353,MM-004
K-11354,MM-009
P-11355,MM-008
PSV-11356,MM-002
PSV-11357,MM-008
XV-11358,MM-003
LT-11359,MM-005
PT-11360,MM-005
P-11361,MM-008
P-11362,MM-003
P-11363,MM-004
COL-11364,MM-007
P-11365,MM-006
FCV-11366,MM-003
XV-11367,MM-003
PSV-11368,MM-002
P-11369,MM-006
XV-11370,MM-010
PT-11371,MM-007
FCV-11372,MM-003
E-11373,MM-006
FCV-11374,MM-005
XV-11375,MM-005
PT-11376,MM-009
P-11377,MM-003
K-11378,MM-008
V-11379,MM-005
K-11380,MM-004
P-11381,MM-002
PSV-11382,MM-003
K-11383,MM-004
P-11384,MM-002
XV-11385,MM-001
FT-11386,MM-007
FT-11387,MM-003
LT-11388,MM-007
PSV-11389,MM-005
XV-11390,MM-009
E-11391,MM-001
FCV-11392,MM-008
TT-11393,MM-008
PSV-11394,MM-005
E-11395,MM-006
XV-11396,MM-009
FCV-11397,MM-002
K-11398,MM-002
XV-11399,MM-009
PT-11400,MM-008
P-11401,MM-005
FCV-11402,MM-005
COL-11403,MM-003
V-11404,MM-001
FCV-11405,MM-001
P-11406,MM-009
XV-11407,MM-004
FT-11408,MM-001
K-11409,MM-001
LT-11410,MM-008
E-11411,MM-007
V-11412,MM-009
K-11413,MM-004
V-11414,MM-004
E-11415,MM-003
COL-11416,MM-005
P-11417,MM-010
K-11418,MM-001
COL-11419,MM-002
K-11420,MM-008
LT-11421,MM-007
TT-11422,MM-010
XV-11423,MM-009
FT-11424,MM-002
PSV-11425,MM-004
COL-11426,MM-009
V-11427,MM-009
P-11428,MM-003
PT-11429,MM-002
TT-11430,MM-001
LT-11431,MM-010
PT-11432,MM-002
P-11433,MM-008
XV-11434,MM-002
P-11435,MM-010
COL-11436,MM-001
TT-11437,MM-002
P-11438,MM-004
PT-11439,MM-010
E-11440,MM-005
P-11441,MM-005
COL-11442,MM-003
FT-11443,MM-008
K-11444,MM-008
PSV-11445,MM-001
V-11446,MM-003
FCV-11447,MM-006
V-11448,MM-009
XV-11449,MM-004
K-11450,MM-010
PSV-11451,MM-007
P-11452,MM-007
E-11453,MM-009
XV-11454,MM-001
PT-11455,MM-001
E-11456,MM-010
LT-11457,MM-002
E-11458,MM-006
P-11459,MM-002
XV-11460,MM-003
E-11461,MM-010
LT-11462,MM-003
XV-11463,MM-003
K-11464,MM-002
E-11465,MM-009
LT-11466,MM-010
P-11467,MM-001
XV-11468,MM-009
PSV-11469,MM-010
COL-11470,MM-004
FT-11471,MM-006
TT-11472,MM-001
V-11473,MM-001
XV-11474,MM-005
COL-11475,MM-006
P-11476,MM-003
PT-11477,MM-006
FCV-11478,MM-002
V-11479,MM-003
LT-11480,MM-001
P-11481,MM-008
P-11482,MM-003
P-11483,MM-007
LT-11484,MM-002
P-11485,MM-001
PSV-11486,MM-008
LT-11487,MM-007
LT-11488,MM-008
LT-11489,MM-003
K-11490,MM-003
PT-11491,MM-006
PSV-11492,MM-009
PSV-11493,MM-003
FT-11494,MM-008
LT-11495,MM-001
P-11496,MM-009
XV-11497,MM-006
TT-11498,MM-009
K-11499,MM-005
P-11500,MM-003
P-11501,MM-006
FCV-11502,MM-004
LT-11503,MM-009
LT-11504,MM-005
XV-11505,MM-010
V-11506,MM-003
P-11507,MM-002
XV-11508,MM-007
TT-11509,MM-004
E-11510,MM-007
E-11511,MM-003
XV-11512,MM-002
P-11513,MM-005
P-11514,MM-006
FT-11515,MM-008
V-11516,MM-002
XV-11517,MM-001
PT-11518,MM-001
COL-11519,MM-005
COL-11520,MM-003
COL-11521,MM-004
P-11522,MM-002
P-11523,MM-009
P-11524,MM-003
COL-11525,MM-006
LT-11526,MM-004
FT-11527,MM-010
K-11528,MM-009
TT-11529,MM-010
TT-11530,MM-002
P-11531,MM-005
V-11532,MM-009
FT-11533,MM-008
FT-11534,MM-006
V-11535,MM-007
E-11536,MM-007
PSV-11537,MM-009
PT-11538,MM-010
E-11539,MM-002
COL-11540,MM-007
XV-11541,MM-010
E-11542,MM-004
FCV-11543,MM-001
PSV-11544,MM-006
FCV-11545,MM-005
COL-11546,MM-005
K-11547,MM-001
LT-11548,MM-009
TT-11549,MM-008
TT-11550,MM-001
PSV-11551,MM-004
XV-11552,MM-006
E-11553,MM-001
E-11554,MM-007
COL-11555,MM-009
PT-11556,MM-010
XV-11557,MM-004
COL-11558,MM-008
E-11559,MM-010
COL-11560,MM-005
E-11561,MM-008
LT-11562,MM-005
PT-11563,MM-006
P-11564,MM-002
LT-11565,MM-004
TT-11566,MM-004
LT-11567,MM-001
V-11568,MM-005
P-11569,MM-003
E-11570,MM-005
XV-11571,MM-003
TT-11572,MM-006
COL-11573,MM-009
XV-11574,MM-003
P-11575,MM-005
XV-11576,MM-008
E-11577,MM-010
LT-11578,MM-009
PT-11579,MM-005
TT-11580,MM-001
TT-11581,MM-006
FCV-11582,MM-001
TT-11583,MM-001
P-11584,MM-005
E-11585,MM-009
PSV-11586,MM-001
K-11587,MM-004
FT-11588,MM-003
COL-11589,MM-001
LT-11590,MM-009
P-11591,MM-007
FCV-11592,MM-004
PSV-11593,MM-006
V-11594,MM-002
P-11595,MM-009
XV-11596,MM-004
V-11597,MM-004
COL-11598,MM-010
TT-11599,MM-007
FT-11600,MM-010
P-11601,MM-009
FCV-11602,MM-007
K-11603,MM-008
TT-11604,MM-001
FT-11605,MM-009
PSV-11606,MM-009
LT-11607,MM-005
TT-11608,MM-004
FT-11609,MM-001
LT-11610,MM-004
FT-11611,MM-009
COL-11612,MM-008
FT-11613,MM-010
COL-11614,MM-004
XV-11615,MM-008
FT-11616,MM-007
PT-11617,MM-001
FT-11618,MM-003
PSV-11619,MM-003
FT-11620,MM-009
FCV-11621,MM-001
E-11622,MM-001
PSV-11623,MM-010
K-11624,MM-008
E-11625,MM-006
PSV-11626,MM-002
P-11627,MM-007
FT-11628,MM-004
XV-11629,MM-002
COL-11630,MM-007
K-11631,MM-001
P-11632,MM-001
XV-11633,MM-008
XV-11634,MM-007
FT-11635,MM-008
PSV-11636,MM-009
P-11637,MM-008
V-11638,MM-001
K-11639,MM-009
LT-11640,MM-002
P-11641,MM-001
P-11642,MM-010
P-11643,MM-009
PT-11644,MM-003
XV-11645,MM-005
FT-11646,MM-004
P-11647,MM-001
V-11648,MM-010
COL-11649,MM-003
LT-11650,MM-009
P-11651,MM-010
PT-11652,MM-009
P-11653,MM-006
COL-11654,MM-008
PSV-11655,MM-003
FT-11656,MM-008
PSV-11657,MM-008
E-11658,MM-010
COL-11659,MM-004
P-11660,MM-002
V-11661,MM-009
LT-11662,MM-009
P-11663,MM-004
FT-11664,MM-006
XV-11665,MM-007
P-11666,MM-006
P-11667,MM-008
K-11668,MM-007
P-11669,MM-004
P-11670,MM-009
FT-11671,MM-010
PSV-11672,MM-008
FCV-11673,MM-007
P-11674,MM-003
PT-11675,MM-002
XV-11676,MM-005
TT-11677,MM-004
XV-11678,MM-009
LT-11679,MM-006
XV-11680,MM-010
FT-11681,MM-005
P-11682,MM-010
FCV-11683,MM-008
PT-11684,MM-002
P-11685,MM-007
COL-11686,MM-002
K-11687,MM-008
LT-11688,MM-006
E-11689,MM-010
V-11690,MM-002
XV-11691,MM-003
COL-11692,MM-004
LT-11693,MM-006
PT-11694,MM-008
PT-11695,MM-010
PT-11696,MM-005
P-11697,MM-009
PT-11698,MM-001
FT-11699,MM-001
P-11700,MM-007
LT-11701,MM-010
PSV-11702,MM-008
K-11703,MM-005
XV-11704,MM-005
E-11705,MM-009
E-11706,MM-003
P-11707,MM-001
P-11708,MM-002
V-11709,MM-009
FT-11710,MM-009
P-11711,MM-005
E-11712,MM-001
E-11713,MM-010
K-11714,MM-008
PT-11715,MM-009
LT-11716,MM-009
K-11717,MM-009
LT-11718,MM-002
K-11719,MM-004
LT-11720,MM-005
P-11721,MM-009
PT-11722,MM-003
P-11723,MM-002
PSV-11724,MM-003
FT-11725,MM-009
XV-11726,MM-009
P-11727,MM-008
COL-11728,MM-002
XV-11729,MM-010
PT-11730,MM-006
P-11731,MM-007
P-11732,MM-002
LT-11733,MM-002
LT-11734,MM-009
XV-11735,MM-009
P-11736,MM-009
PT-11737,MM-003
K-11738,MM-009
P-11739,MM-007
TT-11740,MM-007
LT-11741,MM-003
K-11742,MM-003
P-11743,MM-003
K-11744,MM-006
E-11745,MM-005
FT-11746,MM-009
COL-11747,MM-008
TT-11748,MM-001
V-11749,MM-006
XV-11750,MM-006
LT-11751,MM-004
COL-11752,MM-010
PT-11753,MM-007
K-11754,MM-003
COL-11755,MM-004
FT-11756,MM-010
K-11757,MM-001
E-11758,MM-005
PT-11759,MM-002
LT-11760,MM-004
P-11761,MM-006
FT-11762,MM-003
XV-11763,MM-006
XV-11764,MM-007
P-11765,MM-002
FT-11766,MM-002
XV-11767,MM-002
PT-11768,MM-002
COL-11769,MM-010
P-11770,MM-001
FCV-11771,MM-006
FCV-11772,MM-007
LT-11773,MM-009
LT-11774,MM-003
TT-11775,MM-007
K-11776,MM-007
P-11777,MM-005
V-11778,MM-010
TT-11779,MM-002
FT-11780,MM-001
PT-11781,MM-010
V-11782,MM-003
V-11783,MM-010
P-11784,MM-008
V-11785,MM-006
V-11786,MM-007
PT-11787,MM-009
P-11788,MM-001
FCV-11789,MM-003
TT-11790,MM-010
COL-11791,MM-004
P-11792,MM-004
K-11793,MM-001
FT-11794,MM-009
E-11795,MM-008
E-11796,MM-003
K-11797,MM-002
PT-11798,MM-002
COL-11799,MM-003
E-11800,MM-004
TT-11801,MM-005
K-11802,MM-003
K-11803,MM-002
FT-11804,MM-006
LT-11805,MM-002
XV-11806,MM-004
FT-11807,MM-005
COL-11808,MM-003
P-11809,MM-001
E-11810,MM-009
FCV-11811,MM-005
LT-11812,MM-009
PT-11813,MM-004
LT-11814,MM-002
PSV-11815,MM-004
P-11816,MM-004
FT-11817,MM-002
TT-11818,MM-004
V-11819,MM-004
V-11820,MM-008
PT-11821,MM-001
PSV-11822,MM-008
E-11823,MM-003
PSV-11824,MM-004
E-11825,MM-008
E-11826,MM-003
COL-11827,MM-004
XV-11828,MM-009
PSV-11829,MM-001
XV-11830,MM-004
COL-11831,MM-008
E-11832,MM-006
PSV-11833,MM-007
K-11834,MM-006
TT-11835,MM-010
P-11836,MM-005
FT-11837,MM-003
E-11838,MM-001
TT-11839,MM-010
TT-11840,MM-008
XV-11841,MM-001
K-11842,MM-004
PT-11843,MM-007
LT-11844,MM-010
PSV-11845,MM-004
FCV-11846,MM-005
E-11847,MM-001
TT-11848,MM-004
P-11849,MM-002
XV-11850,MM-003
FCV-11851,MM-009
P-11852,MM-004
TT-11853,MM-001
K-11854,MM-010
XV-11855,MM-008
FCV-11856,MM-004
COL-11857,MM-006
FCV-11858,MM-003
XV-11859,MM-001
E-11860,MM-007
P-11861,MM-004
PT-11862,MM-010
FT-11863,MM-009
FCV-11864,MM-005
XV-11865,MM-005
PT-11866,MM-003
P-11867,MM-005
PSV-11868,MM-001
FCV-11869,MM-006
FT-11870,MM-005
P-11871,MM-008
LT-11872,MM-009
LT-11873,MM-001
E-11874,MM-001
P-11875,MM-001
P-11876,MM-005
FT-11877,MM-002
PT-11878,MM-003
K-11879,MM-008
P-11880,MM-009
TT-11881,MM-005
FT-11882,MM-001
PSV-11883,MM-001
P-11884,MM-010
PSV-11885,MM-006
V-11886,MM-009
TT-11887,MM-004
XV-11888,MM-008
TT-11889,MM-005
P-11890,MM-005
TT-11891,MM-008
K-11892,MM-001
P-11893,MM-003
K-11894,MM-008
K-11895,MM-003
PT-11896,MM-001
P-11897,MM-004
PT-11898,MM-009
FCV-11899,MM-005
FT-11900,MM-001
K-11901,MM-003
K-11902,MM-002
V-11903,MM-006
LT-11904,MM-002
P-11905,MM-006
FT-11906,MM-003
FCV-11907,MM-002
XV-11908,MM-007
PT-11909,MM-002
V-11910,MM-009
XV-11911,MM-004
COL-11912,MM-006
COL-11913,MM-007
COL-11914,MM-010
P-11915,MM-007
K-11916,MM-007
LT-11917,MM-009
PSV-11918,MM-007
FCV-11919,MM-002
TT-11920,MM-004
XV-11921,MM-006
E-11922,MM-003
LT-11923,MM-006
FT-11924,MM-005
PT-11925,MM-010
XV-11926,MM-002
LT-11927,MM-001
P-11928,MM-008
P-11929,MM-010
XV-11930,MM-009
FT-11931,MM-007
P-11932,MM-006
FT-11933,MM-005
P-11934,MM-008
TT-11935,MM-002
K-11936,MM-008
LT-11937,MM-007
COL-11938,MM-006
V-11939,MM-007
V-11940,MM-009
E-11941,MM-002
E-11942,MM-008
PSV-11943,MM-003
XV-11944,MM-004
P-11945,MM-004
XV-11946,MM-005
FT-11947,MM-008
XV-11948,MM-009
E-11949,MM-007
COL-11950,MM-010
COL-11951,MM-005
FT-11952,MM-002
PSV-11953,MM-002
E-11954,MM-007
V-11955,MM-008
PT-11956,MM-003
P-11957,MM-004
V-11958,MM-010
TT-11959,MM-002
E-11960,MM-008
LT-11961,MM-002
LT-11962,MM-005
FT-11963,MM-010
FCV-11964,MM-004
LT-11965,MM-010
FCV-11966,MM-010
E-11967,MM-001
V-11968,MM-001
P-11969,MM-004
PT-11970,MM-009
E-11971,MM-004
COL-11972,MM-010
COL-11973,MM-003
PT-11974,MM-010
PT-11975,MM-005
LT-11976,MM-006
V-11977,MM-001
PT-11978,MM-010
XV-11979,MM-001
P-11980,MM-005
XV-11981,MM-008
PT-11982,MM-007
FT-11983,MM-009
PT-11984,MM-004
LT-11985,MM-002
K-11986,MM-006
PT-11987,MM-004
E-11988,MM-006
COL-11989,MM-004
P-11990,MM-006
LT-11991,MM-004
FCV-11992,MM-007
V-11993,MM-007
PT-11994,MM-008
XV-11995,MM-004
PT-11996,MM-002
V-11997,MM-009
K-11998,MM-002
PSV-11999,MM-010
XV-12000,MM-003
PSV-12001,MM-007
K-12002,MM-006
TT-12003,MM-001
V-12004,MM-001
TT-12005,MM-008
E-12006,MM-010
PSV-12007,MM-004
E-12008,MM-006
E-12009,MM-007
PT-12010,MM-006
FT-12011,MM-005
COL-12012,MM-006
COL-12013,MM-004
V-12014,MM-002
XV-12015,MM-003
V-12016,MM-006
E-12017,MM-009
TT-12018,MM-006
LT-12019,MM-009
PT-12020,MM-002
PSV-12021,MM-001
FT-12022,MM-007
TT-12023,MM-009
FT-12024,MM-002
E-12025,MM-005
E-12026,MM-006
TT-12027,MM-001
XV-12028,MM-004
K-12029,MM-007
PT-12030,MM-009
COL-12031,MM-007
K-12032,MM-008
COL-12033,MM-005
P-12034,MM-001
K-12035,MM-008
LT-12036,MM-002
P-12037,MM-003
TT-12038,MM-010
K-12039,MM-010
K-12040,MM-004
XV-12041,MM-010
FT-12042,MM-004
K-12043,MM-007
XV-12044,MM-009
E-12045,MM-003
FT-12046,MM-005
COL-12047,MM-006
PT-12048,MM-008
TT-12049,MM-002
P-12050,MM-002
K-12051,MM-006
K-12052,MM-002
V-12053,MM-004
P-12054,MM-008
P-12055,MM-007
V-12056,MM-006
P-12057,MM-005
PT-12058,MM-003
PT-12059,MM-007
V-12060,MM-008
FT-12061,MM-006
P-12062,MM-004
PSV-12063,MM-001
P-12064,MM-003
E-12065,MM-009
PT-12066,MM-008
COL-12067,MM-004
LT-12068,MM-003
FCV-12069,MM-004
XV-12070,MM-002
P-12071,MM-005
LT-12072,MM-002
P-12073,MM-003
P-12074,MM-002
TT-12075,MM-001
FCV-12076,MM-005
PT-12077,MM-004
FT-12078,MM-006
V-12079,MM-001
FT-12080,MM-003
P-12081,MM-009
P-12082,MM-007
TT-12083,MM-008
FT-12084,MM-004
K-12085,MM-002
PSV-12086,MM-008
FT-12087,MM-002
E-12088,MM-004
P-12089,MM-006
PT-12090,MM-008
PSV-12091,MM-004
TT-12092,MM-008
E-12093,MM-006
LT-12094,MM-006
P-12095,MM-002
P-12096,MM-009
PSV-12097,MM-006
FT-12098,MM-003
FCV-12099,MM-004
K-12100,MM-005
V-12101,MM-005
FT-12102,MM-004
E-12103,MM-002
TT-12104,MM-006
XV-12105,MM-003
LT-12106,MM-009
FT-12107,MM-001
TT-12108,MM-001
PT-12109,MM-001
K-12110,MM-009
PT-12111,MM-008
PT-12112,MM-001
P-12113,MM-002
FCV-12114,MM-002
E-12115,MM-005
V-12116,MM-002
K-12117,MM-003
P-12118,MM-003
P-12119,MM-004
FCV-12120,MM-002
FT-12121,MM-008
E-12122,MM-008
LT-12123,MM-004
V-12124,MM-003
FCV-12125,MM-003
P-12126,MM-009
XV-12127,MM-005
FCV-12128,MM-001
P-12129,MM-009
XV-12130,MM-002
PT-12131,MM-006
LT-12132,MM-002
FCV-12133,MM-007
E-12134,MM-008
K-12135,MM-003
FCV-12136,MM-008
COL-12137,MM-008
P-12138,MM-005
K-12139,MM-005
COL-12140,MM-010
V-12141,MM-008
LT-12142,MM-010
FT-12143,MM-003
PT-12144,MM-006
K-12145,MM-004
P-12146,MM-010
E-12147,MM-003
E-12148,MM-004
LT-12149,MM-003
PSV-12150,MM-003
FCV-12151,MM-007
PSV-12152,MM-006
P-12153,MM-008
COL-12154,MM-005
FCV-12155,MM-001
XV-12156,MM-007
P-12157,MM-003
E-12158,MM-008
TT-12159,MM-010
COL-12160,MM-002
FT-12161,MM-003
P-12162,MM-006
TT-12163,MM-002
XV-12164,MM-008
V-12165,MM-007
K-12166,MM-002
XV-12167,MM-009
E-12168,MM-001
PSV-12169,MM-004
P-12170,MM-005
V-12171,MM-008
FCV-12172,MM-008
TT-12173,MM-009
PT-12174,MM-009
LT-12175,MM-009
FCV-12176,MM-003
E-12177,MM-001
PT-12178,MM-003
LT-12179,MM-003
PSV-12180,MM-001
E-12181,MM-002
K-12182,MM-007
LT-12183,MM-002
TT-12184,MM-002
V-12185,MM-005
K-12186,MM-001
FT-12187,MM-007
P-12188,MM-004
COL-12189,MM-003
V-12190,MM-003
LT-12191,MM-010
P-12192,MM-009
FCV-12193,MM-008
PT-12194,MM-002
FCV-12195,MM-007
LT-12196,MM-008
P-12197,MM-006
P-12198,MM-009
P-12199,MM-010
PT-12200,MM-002
COL-12201,MM-006
FCV-12202,MM-009
PT-12203,MM-006
FCV-12204,MM-002
TT-12205,MM-002
TT-12206,MM-005
P-12207,MM-006
PSV-12208,MM-010
K-12209,MM-008
P-12210,MM-010
K-12211,MM-004
FCV-12212,MM-003
PSV-12213,MM-010
COL-12214,MM-004
LT-12215,MM-005
E-12216,MM-007
PSV-12217,MM-010
PT-12218,MM-002
E-12219,MM-003
E-12220,MM-006
E-12221,MM-007
PSV-12222,MM-001
E-12223,MM-005
PT-12224,MM-002
TT-12225,MM-001
FT-12226,MM-005
P-12227,MM-010
COL-12228,MM-003
P-12229,MM-006
PSV-12230,MM-007
V-12231,MM-008
P-12232,MM-003
XV-12233,MM-007
P-12234,MM-008
E-12235,MM-004
COL-12236,MM-006
P-12237,MM-009
PT-12238,MM-001
FT-12239,MM-003
E-12240,MM-010
P-12241,MM-010
P-12242,MM-005
P-12243,MM-006
K-12244,MM-006
PT-12245,MM-004
P-12246,MM-005
FCV-12247,MM-005
E-12248,MM-008
K-12249,MM-007
XV-12250,MM-002
COL-12251,MM-007
P-12252,MM-006
P-12253,MM-001
K-12254,MM-008
V-12255,MM-008
COL-12256,MM-004
XV-12257,MM-009
P-12258,MM-008
COL-12259,MM-004
FT-12260,MM-007
COL-12261,MM-001
FCV-12262,MM-009
XV-12263,MM-009
TT-12264,MM-001
P-12265,MM-001
PT-12266,MM-004
P-12267,MM-008
V-12268,MM-007
PT-12269,MM-002
V-12270,MM-009
P-12271,MM-007
E-12272,MM-005
TT-12273,MM-001
PSV-12274,MM-004
PSV-12275,MM-009
PT-12276,MM-010
P-12277,MM-001
V-12278,MM-010
XV-12279,MM-005
FCV-12280,MM-008
PT-12281,MM-010
P-12282,MM-008
PT-12283,MM-003
V-12284,MM-005
E-12285,MM-001
P-12286,MM-005
P-12287,MM-004
K-12288,MM-003
P-12289,MM-001
V-12290,MM-006
P-12291,MM-005
XV-12292,MM-010
V-12293,MM-005
FCV-12294,MM-007
V-12295,MM-007
LT-12296,MM-003
XV-12297,MM-003
FCV-12298,MM-008
LT-12299,MM-001
K-12300,MM-007
XV-12301,MM-002
TT-12302,MM-008
V-12303,MM-005
XV-12304,MM-006
TT-12305,MM-005
PT-12306,MM-008
P-12307,MM-003
E-12308,MM-008
TT-12309,MM-005
TT-12310,MM-004
P-12311,MM-004
COL-12312,MM-001
P-12313,MM-001
PT-12314,MM-002
FCV-12315,MM-004
COL-12316,MM-005
TT-12317,MM-008
TT-12318,MM-001
P-12319,MM-003
PSV-12320,MM-009
XV-12321,MM-003
V-12322,MM-006
E-12323,MM-009
XV-12324,MM-003
PT-12325,MM-001
V-12326,MM-004
COL-12327,MM-007
COL-12328,MM-004
PSV-12329,MM-009
COL-12330,MM-005
COL-12331,MM-002
FCV-12332,MM-001
XV-12333,MM-001
TT-12334,MM-004
LT-12335,MM-003
P-12336,MM-008
FCV-12337,MM-008
V-12338,MM-005
FCV-12339,MM-004
FCV-12340,MM-007
FCV-12341,MM-003
FCV-12342,MM-004
FCV-12343,MM-006
FT-12344,MM-003
FT-12345,MM-004
K-12346,MM-002
PSV-12347,MM-009
XV-12348,MM-006
PT-12349,MM-001
TT-12350,MM-005
P-12351,MM-006
PT-12352,MM-007
PSV-12353,MM-005
FCV-12354,MM-004
PT-12355,MM-003
PT-12356,MM-004
COL-12357,MM-003
P-12358,MM-001
COL-12359,MM-008
COL-12360,MM-003
P-12361,MM-001
COL-12362,MM-008
XV-12363,MM-003
COL-12364,MM-004
P-12365,MM-007
XV-12366,MM-003
FCV-12367,MM-008
FCV-12368,MM-005
FT-12369,MM-004
P-12370,MM-001
K-12371,MM-008
PT-12372,MM-008
TT-12373,MM-002
PSV-12374,MM-008
TT-12375,MM-003
FCV-12376,MM-009
XV-12377,MM-009
V-12378,MM-008
TT-12379,MM-002
V-12380,MM-002
LT-12381,MM-005
TT-12382,MM-006
TT-12383,MM-008
P-12384,MM-010
XV-12385,MM-007
PT-12386,MM-006
LT-12387,MM-004
COL-12388,MM-002
P-12389,MM-005
FCV-12390,MM-010
P-12391,MM-006
PT-12392,MM-004
LT-12393,MM-002
P-12394,MM-005
PSV-12395,MM-007
LT-12396,MM-004
FT-12397,MM-008
P-12398,MM-004
FCV-12399,MM-005
FCV-12400,MM-010
FT-12401,MM-003
XV-12402,MM-003
TT-12403,MM-010
P-12404,MM-005
P-12405,MM-009
E-12406,MM-002
E-12407,MM-005
PT-12408,MM-008
TT-12409,MM-002
K-12410,MM-008
E-12411,MM-003
PT-12412,MM-003
FT-12413,MM-007
V-12414,MM-009
FT-12415,MM-008
V-12416,MM-004
P-12417,MM-008
E-12418,MM-007
P-12419,MM-007
TT-12420,MM-001
V-12421,MM-006
P-12422,MM-002
LT-12423,MM-002
FT-12424,MM-008
K-12425,MM-007
V-12426,MM-007
V-12427,MM-003
E-12428,MM-010
LT-12429,MM-010
V-12430,MM-006
P-12431,MM-004
PT-12432,MM-008
P-12433,MM-003
FCV-12434,MM-007
XV-12435,MM-001
FT-12436,MM-008
K-12437,MM-006
P-12438,MM-009
PSV-12439,MM-002
TT-12440,MM-009
COL-12441,MM-003
P-12442,MM-007
FCV-12443,MM-001
V-12444,MM-007
PSV-12445,MM-002
E-12446,MM-010
FT-12447,MM-002
P-12448,MM-005
XV-12449,MM-010
K-12450,MM-005
PT-12451,MM-001
K-12452,MM-007
PSV-12453,MM-006
K-12454,MM-005
PT-12455,MM-004
FT-12456,MM-006
FCV-12457,MM-008
FCV-12458,MM-001
E-12459,MM-010
XV-12460,MM-005
V-12461,MM-006
V-12462,MM-009
TT-12463,MM-006
TT-12464,MM-007
FT-12465,MM-006
FCV-12466,MM-008
FCV-12467,MM-005
K-12468,MM-006
PT-12469,MM-010
V-12470,MM-002
LT-12471,MM-005
P-12472,MM-003
PSV-12473,MM-009
FT-12474,MM-004
PSV-12475,MM-006
V-12476,MM-010
K-12477,MM-001
COL-12478,MM-006
FT-12479,MM-007
E-12480,MM-001
FCV-12481,MM-009
FCV-12482,MM-006
PSV-12483,MM-005
TT-12484,MM-002
FCV-12485,MM-003
K-12486,MM-003
LT-12487,MM-009
V-12488,MM-007
FCV-12489,MM-005
FCV-12490,MM-005
LT-12491,MM-007
FCV-12492,MM-007
V-12493,MM-007
V-12494,MM-002
PSV-12495,MM-010
P-12496,MM-003
E-12497,MM-009
P-12498,MM-006
LT-12499,MM-007
FT-12500,MM-003
LT-12501,MM-007
E-12502,MM-004
FCV-12503,MM-003
FCV-12504,MM-005
P-12505,MM-003
COL-12506,MM-006
FT-12507,MM-007
FT-12508,MM-008
FT-12509,MM-003
K-12510,MM-003
COL-12511,MM-006
PT-12512,MM-002
P-12513,MM-006
PSV-12514,MM-010
XV-12515,MM-006
K-12516,MM-001
K-12517,MM-004
PSV-12518,MM-009
PT-12519,MM-010
E-12520,MM-002
COL-12521,MM-008
PT-12522,MM-006
FT-12523,MM-005
PSV-12524,MM-008
P-12525,MM-008
E-12526,MM-007
PSV-12527,MM-010
PT-12528,MM-009
K-12529,MM-002
TT-12530,MM-009
FCV-12531,MM-005
V-12532,MM-005
PT-12533,MM-002
P-12534,MM-008
XV-12535,MM-010
COL-12536,MM-005
E-12537,MM-001
P-12538,MM-005
E-12539,MM-008
FCV-12540,MM-005
V-12541,MM-005
P-12542,MM-010
P-12543,MM-005
FCV-12544,MM-005
FT-12545,MM-001
PT-12546,MM-008
P-12547,MM-001
LT-12548,MM-003
TT-12549,MM-003
COL-12550,MM-005
TT-12551,MM-008
P-12552,MM-008
E-12553,MM-002
COL-12554,MM-009
E-12555,MM-005
V-12556,MM-007
K-12557,MM-008
P-12558,MM-008
PT-12559,MM-003
E-12560,MM-009
FCV-12561,MM-004
FT-12562,MM-008
TT-12563,MM-008
P-12564,MM-010
PSV-12565,MM-004
COL-12566,MM-008
PSV-12567,MM-003
LT-12568,MM-008
XV-12569,MM-007
P-12570,MM-005
PSV-12571,MM-002
P-12572,MM-004
TT-12573,MM-003
FCV-12574,MM-010
P-12575,MM-002
PSV-12576,MM-010
K-12577,MM-002
V-12578,MM-007
E-12579,MM-003
K-12580,MM-004
E-12581,MM-010
FT-12582,MM-006
E-12583,MM-006
V-12584,MM-002
XV-12585,MM-001
PSV-12586,MM-002
PSV-12587,MM-006
P-12588,MM-009
V-12589,MM-005
XV-12590,MM-005
LT-12591,MM-002
V-12592,MM-001
PSV-12593,MM-009
P-12594,MM-009
COL-12595,MM-004
P-12596,MM-004
E-12597,MM-001
P-12598,MM-007
FCV-12599,MM-003
P-12600,MM-007
K-12601,MM-002
V-12602,MM-007
E-12603,MM-003
K-12604,MM-002
V-12605,MM-002
V-12606,MM-007
P-12607,MM-003
K-12608,MM-009
P-12609,MM-010
TT-12610,MM-004
K-12611,MM-008
PT-12612,MM-006
LT-12613,MM-009
COL-12614,MM-006
FCV-12615,MM-002
PT-12616,MM-003
PSV-12617,MM-008
LT-12618,MM-010
K-12619,MM-002
FT-12620,MM-003
TT-12621,MM-003
V-12622,MM-001
P-12623,MM-002
LT-12624,MM-004
COL-12625,MM-004
E-12626,MM-008
K-12627,MM-007
K-12628,MM-004
PSV-12629,MM-007
E-12630,MM-007
P-12631,MM-003
PSV-12632,MM-005
P-12633,MM-005
P-12634,MM-006
LT-12635,MM-003
COL-12636,MM-006
TT-12637,MM-005
V-12638,MM-010
TT-12639,MM-003
XV-12640,MM-004
COL-12641,MM-006
FCV-12642,MM-004
V-12643,MM-001
XV-12644,MM-005
LT-12645,MM-004
K-12646,MM-002
P-12647,MM-006
V-12648,MM-009
V-12649,MM-003
FT-12650,MM-001
P-12651,MM-008
PSV-12652,MM-007
PSV-12653,MM-010
PSV-12654,MM-003
PSV-12655,MM-006
P-12656,MM-004
FT-12657,MM-004
V-12658,MM-006
LT-12659,MM-001
PSV-12660,MM-006
COL-12661,MM-010
FT-12662,MM-005
PT-12663,MM-008
FCV-12664,MM-008
P-12665,MM-006
PT-12666,MM-007
XV-12667,MM-002
PT-12668,MM-002
COL-12669,MM-001
E-12670,MM-004
LT-12671,MM-003
XV-12672,MM-003
P-12673,MM-005
FT-12674,MM-001
V-12675,MM-008
K-12676,MM-002
FT-12677,MM-001
FCV-12678,MM-005
LT-12679,MM-008
FT-12680,MM-001
FCV-12681,MM-007
PT-12682,MM-005
V-12683,MM-002
COL-12684,MM-005
E-12685,MM-002
FCV-12686,MM-010
V-12687,MM-010
FCV-12688,MM-006
K-12689,MM-008
K-12690,MM-001
FCV-12691,MM-008
LT-12692,MM-006
FCV-12693,MM-006
P-12694,MM-001
P-12695,MM-004
P-12696,MM-006
K-12697,MM-002
E-12698,MM-009
K-12699,MM-003
TT-12700,MM-010
LT-12701,MM-005
K-12702,MM-005
TT-12703,MM-007
COL-12704,MM-008
V-12705,MM-009
P-12706,MM-001
K-12707,MM-008
PSV-12708,MM-003
PT-12709,MM-005
P-12710,MM-002
TT-12711,MM-003
K-12712,MM-002
P-12713,MM-004
E-12714,MM-001
E-12715,MM-002
FT-12716,MM-005
PSV-12717,MM-001
V-12718,MM-007
PT-12719,MM-006
PSV-12720,MM-007
V-12721,MM-005
V-12722,MM-004
PSV-12723,MM-006
P-12724,MM-003
E-12725,MM-010
P-12726,MM-008
PSV-12727,MM-004
COL-12728,MM-010
P-12729,MM-008
COL-12730,MM-005
V-12731,MM-002
P-12732,MM-005
COL-12733,MM-002
FT-12734,MM-001
COL-12735,MM-003
K-12736,MM-010
COL-12737,MM-008
PSV-12738,MM-010
PT-12739,MM-010
P-12740,MM-010
PSV-12741,MM-001
COL-12742,MM-004
LT-12743,MM-007
PSV-12744,MM-005
FCV-12745,MM-010
E-12746,MM-009
PSV-12747,MM-010
PT-12748,MM-001
XV-12749,MM-007
FT-12750,MM-002
LT-12751,MM-009
LT-12752,MM-003
E-12753,MM-005
PT-12754,MM-005
P-12755,MM-006
FT-12756,MM-004
PSV-12757,MM-004
PSV-12758,MM-009
TT-12759,MM-003
TT-12760,MM-004
XV-12761,MM-005
FT-12762,MM-002
PT-12763,MM-005
COL-12764,MM-008
COL-12765,MM-001
COL-12766,MM-006
TT-12767,MM-005
FT-12768,MM-010
K-12769,MM-006
K-12770,MM-009
FCV-12771,MM-002
K-12772,MM-004
K-12773,MM-009
FCV-12774,MM-002
COL-12775,MM-002
E-12776,MM-009
P-12777,MM-006
P-12778,MM-001
PT-12779,MM-010
FT-12780,MM-004
V-12781,MM-003
V-12782,MM-010
TT-12783,MM-007
P-12784,MM-001
COL-12785,MM-008
E-12786,MM-003
E-12787,MM-010
COL-12788,MM-008
V-12789,MM-008
E-12790,MM-004
PT-12791,MM-004
PT-12792,MM-008
FT-12793,MM-006
P-12794,MM-005
PT-12795,MM-006
XV-12796,MM-005
P-12797,MM-004
E-12798,MM-001
E-12799,MM-007
FT-12800,MM-001
XV-12801,MM-001
XV-12802,MM-002
PSV-12803,MM-008
TT-12804,MM-005
P-12805,MM-003
FT-12806,MM-005
P-12807,MM-009
PT-12808,MM-003
E-12809,MM-007
K-12810,MM-005
COL-12811,MM-004
FCV-12812,MM-001
PT-12813,MM-008
FT-12814,MM-009
XV-12815,MM-009
PT-12816,MM-008
LT-12817,MM-005
E-12818,MM-007
PT-12819,MM-007
E-12820,MM-010
LT-12821,MM-001
FT-12822,MM-002
TT-12823,MM-004
E-12824,MM-008
K-12825,MM-001
V-12826,MM-003
FCV-12827,MM-005
E-12828,MM-010
FCV-12829,MM-007
E-12830,MM-005
FT-12831,MM-007
XV-12832,MM-002
P-12833,MM-004
P-12834,MM-008
FT-12835,MM-007
P-12836,MM-004
PSV-12837,MM-003
FT-12838,MM-006
FT-12839,MM-003
PT-12840,MM-008
V-12841,MM-003
PT-12842,MM-002
K-12843,MM-007
P-12844,MM-003
LT-12845,MM-003
P-12846,MM-009
FT-12847,MM-008
P-12848,MM-004
COL-12849,MM-001
P-12850,MM-006
E-12851,MM-009
XV-12852,MM-006
FCV-12853,MM-009
FT-12854,MM-001
K-12855,MM-003
COL-12856,MM-004
V-12857,MM-007
XV-12858,MM-003
FCV-12859,MM-006
P-12860,MM-002
PSV-12861,MM-001
P-12862,MM-003
COL-12863,MM-009
V-12864,MM-008
XV-12865,MM-004
K-12866,MM-008
TT-12867,MM-006
LT-12868,MM-009
K-12869,MM-009
P-12870,MM-010
PT-12871,MM-001
XV-12872,MM-010
P-12873,MM-009
P-12874,MM-001
V-12875,MM-004
E-12876,MM-007
PT-12877,MM-007
P-12878,MM-010
PT-12879,MM-005
TT-12880,MM-005
E-12881,MM-008
COL-12882,MM-001
PSV-12883,MM-004
K-12884,MM-010
K-12885,MM-001
P-12886,MM-007
XV-12887,MM-006
PSV-12888,MM-001
FCV-12889,MM-008
P-12890,MM-006
LT-12891,MM-007
COL-12892,MM-002
K-12893,MM-010
P-12894,MM-008
P-12895,MM-007
XV-12896,MM-009
K-12897,MM-003
TT-12898,MM-006
P-12899,MM-007
FT-12900,MM-010
COL-12901,MM-004
LT-12902,MM-010
LT-12903,MM-005
XV-12904,MM-002
P-12905,MM-007
FCV-12906,MM-002
XV-12907,MM-004
LT-12908,MM-003
FCV-12909,MM-004
PSV-12910,MM-002
E-12911,MM-009
V-12912,MM-007
FCV-12913,MM-005
COL-12914,MM-009
FCV-12915,MM-007
FT-12916,MM-008
P-12917,MM-004
PT-12918,MM-008
FT-12919,MM-008
FCV-12920,MM-007
XV-12921,MM-007
LT-12922,MM-009
E-12923,MM-009
K-12924,MM-003
K-12925,MM-010
K-12926,MM-008
P-12927,MM-007
PT-12928,MM-010
TT-12929,MM-009
XV-12930,MM-003
TT-12931,MM-006
XV-12932,MM-005
LT-12933,MM-010
XV-12934,MM-004
E-12935,MM-007
P-12936,MM-008
TT-12937,MM-002
PT-12938,MM-005
COL-12939,MM-003
PSV-12940,MM-004
P-12941,MM-007
P-12942,MM-008
FCV-12943,MM-009
TT-12944,MM-006
XV-12945,MM-003
PT-12946,MM-003
XV-12947,MM-008
PSV-12948,MM-001
TT-12949,MM-007
XV-12950,MM-009
E-12951,MM-005
COL-12952,MM-002
TT-12953,MM-008
P-12954,MM-009
TT-12955,MM-010
E-12956,MM-009
E-12957,MM-001
LT-12958,MM-008
TT-12959,MM-010
P-12960,MM-010
TT-12961,MM-002
K-12962,MM-005
PSV-12963,MM-010
TT-12964,MM-004
PSV-12965,MM-008
FCV-12966,MM-005
E-12967,MM-004
FCV-12968,MM-003
LT-12969,MM-004
P-12970,MM-005
XV-12971,MM-009
PT-12972,MM-007
FT-12973,MM-008
FT-12974,MM-007
K-12975,MM-005
P-12976,MM-007
COL-12977,MM-006
XV-12978,MM-003
LT-12979,MM-009
PSV-12980,MM-007
COL-12981,MM-003
V-12982,MM-003
P-12983,MM-002
FCV-12984,MM-004
FCV-12985,MM-006
XV-12986,MM-008
P-12987,MM-009
COL-12988,MM-004
FCV-12989,MM-006
PSV-12990,MM-001
LT-12991,MM-010
FT-12992,MM-003
E-12993,MM-001
P-12994,MM-007
TT-12995,MM-009
TT-12996,MM-001
FCV-12997,MM-005
E-12998,MM-009
COL-12999,MM-006
FT-13000,MM-009
E-13001,MM-010
FT-13002,MM-002
P-13003,MM-005
FT-13004,MM-001
E-13005,MM-010
PSV-13006,MM-002
COL-13007,MM-008
K-13008,MM-005
PT-13009,MM-003
P-13010,MM-004
XV-13011,MM-003
COL-13012,MM-007
V-13013,MM-004
P-13014,MM-008
LT-13015,MM-010
COL-13016,MM-008
V-13017,MM-009
E-13018,MM-004
TT-13019,MM-008
P-13020,MM-008
FT-13021,MM-008
PT-13022,MM-004
P-13023,MM-008
K-13024,MM-002
P-13025,MM-004
COL-13026,MM-003
FT-13027,MM-008
FCV-13028,MM-001
FCV-13029,MM-002
LT-13030,MM-005
LT-13031,MM-003
K-13032,MM-006
P-13033,MM-010
LT-13034,MM-005
E-13035,MM-007
FCV-13036,MM-006
PSV-13037,MM-005
E-13038,MM-003
FT-13039,MM-010
TT-13040,MM-006
E-13041,MM-001
FCV-13042,MM-007
P-13043,MM-005
P-13044,MM-006
E-13045,MM-002
P-13046,MM-004
K-13047,MM-003
COL-13048,MM-004
FCV-13049,MM-006
FCV-13050,MM-004
TT-13051,MM-002
K-13052,MM-009
FCV-13053,MM-005
XV-13054,MM-004
FCV-13055,MM-007
TT-13056,MM-003
V-13057,MM-010
P-13058,MM-002
COL-13059,MM-001
FT-13060,MM-008
E-13061,MM-006
K-13062,MM-005
P-13063,MM-001
P-13064,MM-010
V-13065,MM-008
P-13066,MM-006
FCV-13067,MM-006
TT-13068,MM-003
P-13069,MM-003
E-13070,MM-008
LT-13071,MM-004
P-13072,MM-007
E-13073,MM-005
TT-13074,MM-005
COL-13075,MM-002
V-13076,MM-005
FT-13077,MM-006
FT-13078,MM-007
TT-13079,MM-009
K-13080,MM-003
FT-13081,MM-008
PSV-13082,MM-005
LT-13083,MM-005
P-13084,MM-001
V-13085,MM-004
FCV-13086,MM-007
P-13087,MM-005
TT-13088,MM-009
P-13089,MM-009
P-13090,MM-001
V-13091,MM-002
TT-13092,MM-005
XV-13093,MM-004
P-13094,MM-004
XV-13095,MM-003
XV-13096,MM-004
PSV-13097,MM-007
E-13098,MM-010
FCV-13099,MM-009
COL-13100,MM-009
TT-13101,MM-010
E-13102,MM-006
FT-13103,MM-001
P-13104,MM-008
P-13105,MM-001
P-13106,MM-002
P-13107,MM-006
K-13108,MM-002
V-13109,MM-002
K-13110,MM-007
PT-13111,MM-005
E-13112,MM-007
E-13113,MM-003
K-13114,MM-007
LT-13115,MM-001
XV-13116,MM-003
P-13117,MM-003
XV-13118,MM-006
PT-13119,MM-005
E-13120,MM-004
V-13121,MM-010
V-13122,MM-009
LT-13123,MM-008
LT-13124,MM-001
COL-13125,MM-001
FT-13126,MM-009
FCV-13127,MM-007
COL-13128,MM-001
LT-13129,MM-008
LT-13130,MM-001
V-13131,MM-008
FCV-13132,MM-007
LT-13133,MM-001
TT-13134,MM-001
LT-13135,MM-008
V-13136,MM-006
FT-13137,MM-002
XV-13138,MM-002
FCV-13139,MM-003
XV-13140,MM-005
TT-13141,MM-010
XV-13142,MM-009
PT-13143,MM-006
TT-13144,MM-004
FCV-13145,MM-007
V-13146,MM-009
FCV-13147,MM-008
FT-13148,MM-003
P-13149,MM-008
P-13150,MM-010
FT-13151,MM-007
XV-13152,MM-001
COL-13153,MM-004
LT-13154,MM-003
PT-13155,MM-005
E-13156,MM-004
E-13157,MM-009
XV-13158,MM-006
TT-13159,MM-005
XV-13160,MM-008
FT-13161,MM-002
P-13162,MM-001
FT-13163,MM-006
XV-13164,MM-007
FT-13165,MM-010
V-13166,MM-005
FCV-13167,MM-007
V-13168,MM-003
V-13169,MM-004
FT-13170,MM-010
LT-13171,MM-008
FT-13172,MM-001
TT-13173,MM-005
FCV-13174,MM-005
XV-13175,MM-009
V-13176,MM-008
V-13177,MM-007
TT-13178,MM-008
K-13179,MM-001
PSV-13180,MM-010
P-13181,MM-010
P-13182,MM-005
FCV-13183,MM-005
K-13184,MM-006
K-13185,MM-001
LT-13186,MM-005
FCV-13187,MM-005
PT-13188,MM-007
K-13189,MM-007
PSV-13190,MM-005
K-13191,MM-003
TT-13192,MM-006
P-13193,MM-007
FCV-13194,MM-002
FCV-13195,MM-010
FT-13196,MM-003
FT-13197,MM-002
PSV-13198,MM-005
PT-13199,MM-004
PSV-13200,MM-001
FT-13201,MM-007
P-13202,MM-004
PT-13203,MM-008
V-13204,MM-003
XV-13205,MM-007
P-13206,MM-006
LT-13207,MM-009
PSV-13208,MM-009
V-13209,MM-007
P-13210,MM-001
P-13211,MM-002
COL-13212,MM-001
FCV-13213,MM-008
FT-13214,MM-007
FT-13215,MM-002
PT-13216,MM-007
PT-13217,MM-004
K-13218,MM-010
P-13219,MM-006
FCV-13220,MM-003
K-13221,MM-006
TT-13222,MM-004
TT-13223,MM-005
K-13224,MM-001
E-13225,MM-010
LT-13226,MM-010
K-13227,MM-003
P-13228,MM-006
FT-13229,MM-001
V-13230,MM-008
FCV-13231,MM-007
FCV-13232,MM-010
FT-13233,MM-004
COL-13234,MM-005
K-13235,MM-009
PT-13236,MM-008
TT-13237,MM-002
E-13238,MM-010
E-13239,MM-005
COL-13240,MM-002
TT-13241,MM-005
PSV-13242,MM-007
COL-13243,MM-004
FCV-13244,MM-007
XV-13245,MM-003
PT-13246,MM-006
FCV-13247,MM-006
E-13248,MM-005
COL-13249,MM-004
PT-13250,MM-005
P-13251,MM-009
XV-13252,MM-005
P-13253,MM-004
PSV-13254,MM-003
K-13255,MM-002
LT-13256,MM-003
LT-13257,MM-004
PSV-13258,MM-004
PT-13259,MM-002
PSV-13260,MM-001
E-13261,MM-002
PSV-13262,MM-009
XV-13263,MM-001
PSV-13264,MM-007
PSV-13265,MM-010
PT-13266,MM-010
V-13267,MM-001
PT-13268,MM-004
P-13269,MM-008
COL-13270,MM-002
FCV-13271,MM-001
P-13272,MM-008
TT-13273,MM-004
TT-13274,MM-007
XV-13275,MM-001
PT-13276,MM-005
FT-13277,MM-001
PT-13278,MM-009
TT-13279,MM-010
E-13280,MM-008
V-13281,MM-009
PT-13282,MM-003
FT-13283,MM-003
P-13284,MM-010
P-13285,MM-001
XV-13286,MM-009
LT-13287,MM-004
FCV-13288,MM-007
P-13289,MM-005
LT-13290,MM-002
FT-13291,MM-009
LT-13292,MM-007
FT-13293,MM-002
COL-13294,MM-002
COL-13295,MM-009
P-13296,MM-007
P-13297,MM-010
K-13298,MM-010
V-13299,MM-008
PT-13300,MM-005
PT-13301,MM-006
FT-13302,MM-005
LT-13303,MM-010
COL-13304,MM-009
FT-13305,MM-010
P-13306,MM-003
FCV-13307,MM-003
LT-13308,MM-002
PSV-13309,MM-004
E-13310,MM-009
V-13311,MM-005
P-13312,MM-010
V-13313,MM-007
P-13314,MM-008
PT-13315,MM-007
P-13316,MM-004
K-13317,MM-001
FT-13318,MM-008
P-13319,MM-002
P-13320,MM-009
COL-13321,MM-006
K-13322,MM-009
P-13323,MM-008
PT-13324,MM-007
LT-13325,MM-003
PT-13326,MM-005
V-13327,MM-010
COL-13328,MM-005
E-13329,MM-003
FT-13330,MM-006
FCV-13331,MM-001
K-13332,MM-005
P-13333,MM-003
K-13334,MM-009
V-13335,MM-007
FCV-13336,MM-008
PT-13337,MM-007
P-13338,MM-010
LT-13339,MM-005
PT-13340,MM-004
TT-13341,MM-003
E-13342,MM-010
E-13343,MM-005
E-13344,MM-006
PT-13345,MM-006
PSV-13346,MM-009
P-13347,MM-009
LT-13348,MM-009
XV-13349,MM-010
PSV-13350,MM-003
V-13351,MM-005
TT-13352,MM-010
LT-13353,MM-004
E-13354,MM-004
P-13355,MM-007
TT-13356,MM-010
XV-13357,MM-002
TT-13358,MM-009
PT-13359,MM-007
PT-13360,MM-001
V-13361,MM-006
FCV-13362,MM-010
XV-13363,MM-010
FT-13364,MM-005
COL-13365,MM-003
FT-13366,MM-007
TT-13367,MM-008
COL-13368,MM-005
P-13369,MM-001
V-13370,MM-002
P-13371,MM-009
COL-13372,MM-002
FT-13373,MM-005
COL-13374,MM-003
FT-13375,MM-007
PT-13376,MM-002
LT-13377,MM-007
E-13378,MM-005
P-13379,MM-004
TT-13380,MM-003
LT-13381,MM-006
PT-13382,MM-007
P-13383,MM-010
P-13384,MM-001
E-13385,MM-009
COL-13386,MM-001
PT-13387,MM-010
FCV-13388,MM-010
K-13389,MM-005
FT-13390,MM-009
XV-13391,MM-005
XV-13392,MM-006
XV-13393,MM-004
PSV-13394,MM-007
P-13395,MM-009
FT-13396,MM-008
E-13397,MM-008
FT-13398,MM-010
PT-13399,MM-003
FT-13400,MM-001
LT-13401,MM-004
E-13402,MM-005
P-13403,MM-005
V-13404,MM-009
FT-13405,MM-005
XV-13406,MM-006
K-13407,MM-003
FCV-13408,MM-005
E-13409,MM-008
FCV-13410,MM-002
COL-13411,MM-002
TT-13412,MM-005
COL-13413,MM-001
FT-13414,MM-005
FT-13415,MM-001
XV-13416,MM-003
PSV-13417,MM-002
LT-13418,MM-003
XV-13419,MM-001
TT-13420,MM-002
K-13421,MM-009
PT-13422,MM-009
K-13423,MM-004
LT-13424,MM-010
P-13425,MM-005
XV-13426,MM-004
PSV-13427,MM-008
XV-13428,MM-006
V-13429,MM-001
V-13430,MM-004
E-13431,MM-003
K-13432,MM-002
TT-13433,MM-008
E-13434,MM-006
P-13435,MM-001
P-13436,MM-002
LT-13437,MM-010
LT-13438,MM-008
TT-13439,MM-008
P-13440,MM-008
FCV-13441,MM-009
P-13442,MM-002
PT-13443,MM-009
TT-13444,MM-002
XV-13445,MM-009
P-13446,MM-010
LT-13447,MM-008
TT-13448,MM-008
V-13449,MM-005
XV-13450,MM-005
FCV-13451,MM-007
V-13452,MM-007
FT-13453,MM-008
COL-13454,MM-009
E-13455,MM-001
TT-13456,MM-002
PSV-13457,MM-008
XV-13458,MM-005
PSV-13459,MM-002
PSV-13460,MM-009
V-13461,MM-009
P-13462,MM-001
V-13463,MM-002
FCV-13464,MM-002
P-13465,MM-001
PSV-13466,MM-007
FT-13467,MM-002
FCV-13468,MM-008
P-13469,MM-005
K-13470,MM-001
LT-13471,MM-008
PT-13472,MM-004
XV-13473,MM-006
V-13474,MM-007
XV-13475,MM-008
COL-13476,MM-003
K-13477,MM-004
P-13478,MM-005
E-13479,MM-003
K-13480,MM-004
LT-13481,MM-007
FT-13482,MM-006
LT-13483,MM-009
FT-13484,MM-001
FT-13485,MM-005
LT-13486,MM-008
COL-13487,MM-008
PSV-13488,MM-003
FCV-13489,MM-006
PSV-13490,MM-008
COL-13491,MM-001
FT-13492,MM-007
XV-13493,MM-009
K-13494,MM-001
TT-13495,MM-002
FCV-13496,MM-010
E-13497,MM-007
PSV-13498,MM-010
E-13499,MM-008
FCV-13500,MM-002
TT-13501,MM-002
E-13502,MM-006
COL-13503,MM-010
FCV-13504,MM-009
P-13505,MM-002
K-13506,MM-010
P-13507,MM-001
P-13508,MM-007
COL-13509,MM-001
XV-13510,MM-002
FT-13511,MM-007
PSV-13512,MM-007
K-13513,MM-004
XV-13514,MM-008
PT-13515,MM-008
LT-13516,MM-006
K-13517,MM-009
P-13518,MM-008
LT-13519,MM-005
E-13520,MM-006
PSV-13521,MM-001
P-13522,MM-003
V-13523,MM-006
FCV-13524,MM-004
PSV-13525,MM-002
K-13526,MM-006
V-13527,MM-009
V-13528,MM-007
PT-13529,MM-006
P-13530,MM-008
PSV-13531,MM-004
COL-13532,MM-008
COL-13533,MM-003
XV-13534,MM-010
E-13535,MM-008
P-13536,MM-008
COL-13537,MM-004
PSV-13538,MM-007
PT-13539,MM-007
E-13540,MM-004
K-13541,MM-007
P-13542,MM-005
TT-13543,MM-006
P-13544,MM-007
FT-13545,MM-006
TT-13546,MM-005
P-13547,MM-004
LT-13548,MM-004
PT-13549,MM-003
E-13550,MM-008
LT-13551,MM-005
P-13552,MM-001
P-13553,MM-007
E-13554,MM-003
E-13555,MM-002
PT-13556,MM-004
P-13557,MM-007
TT-13558,MM-002
COL-13559,MM-009
V-13560,MM-009
TT-13561,MM-006
XV-13562,MM-005
PSV-13563,MM-001
P-13564,MM-003
P-13565,MM-006
COL-13566,MM-001
K-13567,MM-007
PSV-13568,MM-008
XV-13569,MM-001
LT-13570,MM-006
P-13571,MM-007
FT-13572,MM-006
K-13573,MM-010
K-13574,MM-005
PSV-13575,MM-010
LT-13576,MM-009
XV-13577,MM-007
LT-13578,MM-004
COL-13579,MM-002
PT-13580,MM-007
TT-13581,MM-001
P-13582,MM-001
FCV-13583,MM-001
XV-13584,MM-001
FCV-13585,MM-008
PSV-13586,MM-006
FCV-13587,MM-004
COL-13588,MM-002
COL-13589,MM-006
PSV-13590,MM-005
COL-13591,MM-007
K-13592,MM-008
K-13593,MM-006
E-13594,MM-004
V-13595,MM-002
E-13596,MM-003
COL-13597,MM-004
PSV-13598,MM-009
PT-13599,MM-005
FCV-13600,MM-007
TT-13601,MM-008
PT-13602,MM-008
XV-13603,MM-002
K-13604,MM-008
PSV-13605,MM-006
XV-13606,MM-002
PSV-13607,MM-010
LT-13608,MM-002
XV-13609,MM-007
COL-13610,MM-009
LT-13611,MM-006
TT-13612,MM-004
P-13613,MM-010
TT-13614,MM-003
LT-13615,MM-006
E-13616,MM-010
COL-13617,MM-003
TT-13618,MM-005
TT-13619,MM-006
P-13620,MM-006
E-13621,MM-010
E-13622,MM-005
TT-13623,MM-001
TT-13624,MM-002
K-13625,MM-006
FT-13626,MM-006
TT-13627,MM-004
XV-13628,MM-009
TT-13629,MM-007
COL-13630,MM-004
FT-13631,MM-006
TT-13632,MM-005
COL-13633,MM-002
FCV-13634,MM-006
TT-13635,MM-010
FCV-13636,MM-010
FT-13637,MM-001
K-13638,MM-001
P-13639,MM-001
K-13640,MM-009
TT-13641,MM-005
FCV-13642,MM-005
P-13643,MM-004
PT-13644,MM-009
FT-13645,MM-007
P-13646,MM-004
FCV-13647,MM-006
P-13648,MM-003
V-13649,MM-007
FCV-13650,MM-010
V-13651,MM-010
TT-13652,MM-007
PSV-13653,MM-005
COL-13654,MM-004
TT-13655,MM-009
PT-13656,MM-007
FT-13657,MM-009
P-13658,MM-005
P-13659,MM-009
P-13660,MM-006
E-13661,MM-010
V-13662,MM-006
LT-13663,MM-005
V-13664,MM-004
TT-13665,MM-007
TT-13666,MM-010
PSV-13667,MM-009
LT-13668,MM-004
P-13669,MM-003
K-13670,MM-009
COL-13671,MM-003
FCV-13672,MM-010
PSV-13673,MM-007
XV-13674,MM-001
LT-13675,MM-010
XV-13676,MM-007
FT-13677,MM-004
TT-13678,MM-007
K-13679,MM-008
E-13680,MM-001
E-13681,MM-004
V-13682,MM-004
P-13683,MM-007
P-13684,MM-003
K-13685,MM-010
P-13686,MM-008
P-13687,MM-007
XV-13688,MM-006
LT-13689,MM-002
TT-13690,MM-005
E-13691,MM-007
FCV-13692,MM-002
V-13693,MM-006
V-13694,MM-004
E-13695,MM-007
COL-13696,MM-004
K-13697,MM-007
FCV-13698,MM-002
PT-13699,MM-001
TT-13700,MM-009
COL-13701,MM-003
V-13702,MM-003
FT-13703,MM-001
V-13704,MM-008
LT-13705,MM-006
PSV-13706,MM-008
XV-13707,MM-006
K-13708,MM-004
V-13709,MM-004
TT-13710,MM-001
FT-13711,MM-008
LT-13712,MM-010
K-13713,MM-001
LT-13714,MM-008
P-13715,MM-004
FCV-13716,MM-004
PSV-13717,MM-004
PSV-13718,MM-008
FT-13719,MM-005
PT-13720,MM-001
FCV-13721,MM-007
PSV-13722,MM-006
V-13723,MM-010
TT-13724,MM-007
FT-13725,MM-006
P-13726,MM-001
P-13727,MM-002
PSV-13728,MM-003
PSV-13729,MM-004
LT-13730,MM-001
TT-13731,MM-001
V-13732,MM-010
PT-13733,MM-002
P-13734,MM-008
LT-13735,MM-005
V-13736,MM-010
PT-13737,MM-007
PSV-13738,MM-005
PT-13739,MM-005
V-13740,MM-009
COL-13741,MM-010
XV-13742,MM-005
PSV-13743,MM-003
FCV-13744,MM-008
PT-13745,MM-006
XV-13746,MM-001
V-13747,MM-003
PSV-13748,MM-006
V-13749,MM-008
XV-13750,MM-004
FT-13751,MM-001
COL-13752,MM-003
E-13753,MM-002
PT-13754,MM-002
P-13755,MM-009
FCV-13756,MM-007
E-13757,MM-008
FCV-13758,MM-004
XV-13759,MM-002
P-13760,MM-002
FCV-13761,MM-007
FCV-13762,MM-010
COL-13763,MM-010
XV-13764,MM-001
P-13765,MM-010
LT-13766,MM-005
XV-13767,MM-001
E-13768,MM-002
PSV-13769,MM-008
V-13770,MM-006
XV-13771,MM-007
E-13772,MM-007
PSV-13773,MM-001
LT-13774,MM-008
FCV-13775,MM-003
LT-13776,MM-002
K-13777,MM-006
E-13778,MM-008
PT-13779,MM-005
COL-13780,MM-002
FCV-13781,MM-001
P-13782,MM-007
FT-13783,MM-009
FT-13784,MM-007
K-13785,MM-003
K-13786,MM-002
E-13787,MM-005
E-13788,MM-006
LT-13789,MM-008
P-13790,MM-004
TT-13791,MM-007
FT-13792,MM-006
TT-13793,MM-005
PSV-13794,MM-001
K-13795,MM-004
COL-13796,MM-006
K-13797,MM-003
E-13798,MM-007
P-13799,MM-004
P-13800,MM-006
K-13801,MM-006
COL-13802,MM-008
PT-13803,MM-005
PT-13804,MM-003
FT-13805,MM-005
XV-13806,MM-003
LT-13807,MM-005
PSV-13808,MM-008
FT-13809,MM-004
PSV-13810,MM-004
E-13811,MM-005
PT-13812,MM-005
V-13813,MM-010
PT-13814,MM-004
V-13815,MM-008
PSV-13816,MM-002
K-13817,MM-009
E-13818,MM-001
FCV-13819,MM-009
XV-13820,MM-009
COL-13821,MM-003
P-13822,MM-006
LT-13823,MM-007
TT-13824,MM-001
E-13825,MM-004
P-13826,MM-002
PSV-13827,MM-003
LT-13828,MM-008
FCV-13829,MM-001
XV-13830,MM-001
K-13831,MM-002
FT-13832,MM-005
TT-13833,MM-010
PT-13834,MM-001
PT-13835,MM-006
LT-13836,MM-002
XV-13837,MM-006
XV-13838,MM-008
PT-13839,MM-008
E-13840,MM-004
LT-13841,MM-003
PT-13842,MM-010
XV-13843,MM-002
P-13844,MM-004
PSV-13845,MM-003
E-13846,MM-005
XV-13847,MM-008
LT-13848,MM-004
PT-13849,MM-007
PT-13850,MM-007
TT-13851,MM-010
LT-13852,MM-008
P-13853,MM-004
PSV-13854,MM-010
FT-13855,MM-009
XV-13856,MM-009
FT-13857,MM-004
LT-13858,MM-007
LT-13859,MM-010
V-13860,MM-006
P-13861,MM-001
PSV-13862,MM-009
K-13863,MM-001
PT-13864,MM-010
XV-13865,MM-007
FCV-13866,MM-005
P-13867,MM-007
PT-13868,MM-002
K-13869,MM-001
TT-13870,MM-005
P-13871,MM-004
P-13872,MM-008
P-13873,MM-003
LT-13874,MM-003
XV-13875,MM-003
LT-13876,MM-009
TT-13877,MM-010
FT-13878,MM-002
LT-13879,MM-006
V-13880,MM-002
FT-13881,MM-005
LT-13882,MM-010
V-13883,MM-004
LT-13884,MM-004
FCV-13885,MM-006
V-13886,MM-002
P-13887,MM-005
XV-13888,MM-002
TT-13889,MM-009
XV-13890,MM-005
V-13891,MM-006
V-13892,MM-007
LT-13893,MM-006
V-13894,MM-005
COL-13895,MM-008
LT-13896,MM-002
PT-13897,MM-006
PT-13898,MM-007
E-13899,MM-003
FCV-13900,MM-008
PSV-13901,MM-009
COL-13902,MM-007
TT-13903,MM-006
PSV-13904,MM-008
TT-13905,MM-001
LT-13906,MM-008
TT-13907,MM-009
XV-13908,MM-003
LT-13909,MM-008
COL-13910,MM-006
COL-13911,MM-001
P-13912,MM-006
COL-13913,MM-005
XV-13914,MM-006
PT-13915,MM-003
FCV-13916,MM-001
K-13917,MM-003
K-13918,MM-004
TT-13919,MM-005
FCV-13920,MM-004
V-13921,MM-003
FCV-13922,MM-001
FCV-13923,MM-007
FCV-13924,MM-008
FT-13925,MM-001
PSV-13926,MM-003
PT-13927,MM-003
LT-13928,MM-005
E-13929,MM-007
XV-13930,MM-010
TT-13931,MM-008
P-13932,MM-008
PSV-13933,MM-002
FT-13934,MM-003
PT-13935,MM-008
FT-13936,MM-006
P-13937,MM-005
P-13938,MM-006
V-13939,MM-005
PT-13940,MM-002
P-13941,MM-010
COL-13942,MM-007
XV-13943,MM-009
V-13944,MM-005
FCV-13945,MM-008
TT-13946,MM-005
K-13947,MM-001
LT-13948,MM-009
FT-13949,MM-003
FT-13950,MM-006
XV-13951,MM-007
V-13952,MM-002
E-13953,MM-003
XV-13954,MM-006
FCV-13955,MM-010
PSV-13956,MM-007
TT-13957,MM-004
TT-13958,MM-010
FT-13959,MM-002
PT-13960,MM-005
TT-13961,MM-009
FT-13962,MM-005
FT-13963,MM-006
FT-13964,MM-001
LT-13965,MM-006
V-13966,MM-005
K-13967,MM-008
LT-13968,MM-005
TT-13969,MM-002
PT-13970,MM-004
V-13971,MM-009
E-13972,MM-004
TT-13973,MM-008
PT-13974,MM-008
COL-13975,MM-005
E-13976,MM-008
FCV-13977,MM-010
PT-13978,MM-001
TT-13979,MM-009
P-13980,MM-007
FT-13981,MM-008
E-13982,MM-006
XV-13983,MM-003
PT-13984,MM-001
P-13985,MM-002
K-13986,MM-003
V-13987,MM-010
XV-13988,MM-008
TT-13989,MM-010
PSV-13990,MM-002
FT-13991,MM-007
FCV-13992,MM-004
TT-13993,MM-004
LT-13994,MM-001
PSV-13995,MM-003
V-13996,MM-003
PT-13997,MM-007
TT-13998,MM-003
E-13999,MM-004
K-14000,MM-009
PT-14001,MM-010
COL-14002,MM-004
V-14003,MM-002
COL-14004,MM-005
TT-14005,MM-010
COL-14006,MM-008
PT-14007,MM-008
COL-14008,MM-005
P-14009,MM-004
FT-14010,MM-004
P-14011,MM-001
XV-14012,MM-010
COL-14013,MM-001
E-14014,MM-005
PT-14015,MM-005
PT-14016,MM-009
P-14017,MM-001
P-14018,MM-002
K-14019,MM-010
COL-14020,MM-002
FT-14021,MM-003
P-14022,MM-009
P-14023,MM-001
K-14024,MM-009
P-14025,MM-009
COL-14026,MM-005
LT-14027,MM-001
PSV-14028,MM-001
P-14029,MM-006
COL-14030,MM-010
V-14031,MM-005
V-14032,MM-003
V-14033,MM-002
TT-14034,MM-003
P-14035,MM-001
P-14036,MM-002
E-14037,MM-006
TT-14038,MM-004
V-14039,MM-004
COL-14040,MM-005
P-14041,MM-010
P-14042,MM-005
FCV-14043,MM-004
FCV-14044,MM-008
FT-14045,MM-006
FT-14046,MM-007
P-14047,MM-006
E-14048,MM-009
E-14049,MM-001
FT-14050,MM-006
XV-14051,MM-009
XV-14052,MM-010
FT-14053,MM-005
E-14054,MM-005
PSV-14055,MM-006
XV-14056,MM-002
P-14057,MM-004
PSV-14058,MM-003
FCV-14059,MM-008
LT-14060,MM-003
COL-14061,MM-003
COL-14062,MM-005
TT-14063,MM-008
LT-14064,MM-002
V-14065,MM-010
P-14066,MM-007
PT-14067,MM-010
LT-14068,MM-009
V-14069,MM-004
P-14070,MM-006
P-14071,MM-003
PSV-14072,MM-008
K-14073,MM-003
XV-14074,MM-010
K-14075,MM-009
LT-14076,MM-004
FCV-14077,MM-009
FT-14078,MM-010
V-14079,MM-005
FCV-14080,MM-008
E-14081,MM-009
COL-14082,MM-007
FCV-14083,MM-008
PT-14084,MM-002
P-14085,MM-009
TT-14086,MM-005
XV-14087,MM-010
PT-14088,MM-009
K-14089,MM-002
P-14090,MM-004
E-14091,MM-001
PSV-14092,MM-004
XV-14093,MM-005
E-14094,MM-003
V-14095,MM-007
K-14096,MM-009
K-14097,MM-006
COL-14098,MM-002
TT-14099,MM-009
P-14100,MM-008
P-14101,MM-005
LT-14102,MM-006
PSV-14103,MM-010
FT-14104,MM-008
E-14105,MM-008
PSV-14106,MM-007
LT-14107,MM-009
PSV-14108,MM-005
TT-14109,MM-003
E-14110,MM-002
PSV-14111,MM-007
PT-14112,MM-008
XV-14113,MM-006
FT-14114,MM-007
XV-14115,MM-001
XV-14116,MM-005
V-14117,MM-004
XV-14118,MM-003
FT-14119,MM-010
TT-14120,MM-009
COL-14121,MM-005
V-14122,MM-003
P-14123,MM-005
P-14124,MM-009
XV-14125,MM-005
K-14126,MM-008
FCV-14127,MM-010
COL-14128,MM-004
XV-14129,MM-008
K-14130,MM-001
E-14131,MM-005
K-14132,MM-010
PT-14133,MM-008
K-14134,MM-002
E-14135,MM-005
K-14136,MM-001
P-14137,MM-006
COL-14138,MM-009
PT-14139,MM-009
P-14140,MM-003
PSV-14141,MM-009
V-14142,MM-010
K-14143,MM-004
P-14144,MM-004
P-14145,MM-008
TT-14146,MM-002
K-14147,MM-008
P-14148,MM-008
P-14149,MM-005
XV-14150,MM-009
FT-14151,MM-004
LT-14152,MM-009
V-14153,MM-004
FT-14154,MM-002
P-14155,MM-006
XV-14156,MM-009
P-14157,MM-010
XV-14158,MM-004
FCV-14159,MM-005
P-14160,MM-008
XV-14161,MM-004
FT-14162,MM-003
PT-14163,MM-008
FT-14164,MM-009
K-14165,MM-008
P-14166,MM-010
FCV-14167,MM-009
PSV-14168,MM-009
LT-14169,MM-002
TT-14170,MM-007
P-14171,MM-004
P-14172,MM-005
K-14173,MM-004
PSV-14174,MM-008
E-14175,MM-005
PT-14176,MM-001
V-14177,MM-004
TT-14178,MM-001
E-14179,MM-005
K-14180,MM-008
E-14181,MM-006
TT-14182,MM-002
COL-14183,MM-008
P-14184,MM-010
K-14185,MM-010
P-14186,MM-004
V-14187,MM-008
PT-14188,MM-003
E-14189,MM-008
PT-14190,MM-008
FT-14191,MM-010
XV-14192,MM-008
FT-14193,MM-004
TT-14194,MM-002
K-14195,MM-008
FT-14196,MM-002
P-14197,MM-010
P-14198,MM-002
P-14199,MM-006
COL-14200,MM-007
PT-14201,MM-006
P-14202,MM-007
E-14203,MM-004
E-14204,MM-006
PSV-14205,MM-007
V-14206,MM-001
P-14207,MM-010
LT-14208,MM-002
LT-14209,MM-008
P-14210,MM-006
FT-14211,MM-002
XV-14212,MM-006
E-14213,MM-006
PT-14214,MM-008
K-14215,MM-006
P-14216,MM-004
FT-14217,MM-004
COL-14218,MM-010
P-14219,MM-007
FCV-14220,MM-004
COL-14221,MM-002
V-14222,MM-002
P-14223,MM-009
PT-14224,MM-003
PT-14225,MM-002
TT-14226,MM-005
P-14227,MM-006
COL-14228,MM-009
PT-14229,MM-008
FT-14230,MM-008
E-14231,MM-006
COL-14232,MM-003
P-14233,MM-001
FCV-14234,MM-003
COL-14235,MM-003
PSV-14236,MM-002
K-14237,MM-006
FCV-14238,MM-007
COL-14239,MM-002
E-14240,MM-008
LT-14241,MM-006
PSV-14242,MM-002
FT-14243,MM-006
E-14244,MM-001
PSV-14245,MM-007
E-14246,MM-010
E-14247,MM-005
E-14248,MM-006
PSV-14249,MM-007
XV-14250,MM-003
XV-14251,MM-002
P-14252,MM-004
FT-14253,MM-007
XV-14254,MM-004
E-14255,MM-010
FT-14256,MM-004
FT-14257,MM-008
COL-14258,MM-009
LT-14259,MM-007
FT-14260,MM-008
P-14261,MM-010
FT-14262,MM-007
P-14263,MM-006
XV-14264,MM-005
LT-14265,MM-002
TT-14266,MM-002
PT-14267,MM-002
P-14268,MM-009
E-14269,MM-004
PSV-14270,MM-009
FT-14271,MM-002
FCV-14272,MM-005
PSV-14273,MM-009
K-14274,MM-001
FT-14275,MM-009
P-14276,MM-002
FCV-14277,MM-002
K-14278,MM-002
LT-14279,MM-005
FCV-14280,MM-004
COL-14281,MM-010
K-14282,MM-006
K-14283,MM-007
P-14284,MM-003
K-14285,MM-008
FT-14286,MM-005
COL-14287,MM-002
P-14288,MM-004
PSV-14289,MM-007
PSV-14290,MM-007
LT-14291,MM-001
V-14292,MM-006
FT-14293,MM-009
COL-14294,MM-009
COL-14295,MM-001
P-14296,MM-003
TT-14297,MM-008
LT-14298,MM-002
XV-14299,MM-004
V-14300,MM-010
TT-14301,MM-007
COL-14302,MM-004
TT-14303,MM-009
COL-14304,MM-010
LT-14305,MM-007
FCV-14306,MM-007
XV-14307,MM-003
E-14308,MM-002
XV-14309,MM-005
PSV-14310,MM-003
TT-14311,MM-010
PSV-14312,MM-009
COL-14313,MM-003
FCV-14314,MM-009
E-14315,MM-005
PSV-14316,MM-003
PT-14317,MM-003
TT-14318,MM-009
TT-14319,MM-010
P-14320,MM-010
XV-14321,MM-007
E-14322,MM-007
FCV-14323,MM-006
P-14324,MM-004
LT-14325,MM-002
P-14326,MM-003
P-14327,MM-004
P-14328,MM-009
P-14329,MM-001
FT-14330,MM-007
FT-14331,MM-010
PSV-14332,MM-004
XV-14333,MM-009
PSV-14334,MM-001
P-14335,MM-001
E-14336,MM-009
XV-14337,MM-001
FT-14338,MM-009
V-14339,MM-002
TT-14340,MM-003
FCV-14341,MM-006
LT-14342,MM-003
COL-14343,MM-007
PT-14344,MM-003
P-14345,MM-004
TT-14346,MM-001
LT-14347,MM-009
K-14348,MM-009
FT-14349,MM-005
V-14350,MM-005
PSV-14351,MM-009
LT-14352,MM-004
FCV-14353,MM-005
XV-14354,MM-008
LT-14355,MM-010
FCV-14356,MM-010
E-14357,MM-009
PSV-14358,MM-001
E-14359,MM-004
FT-14360,MM-003
PT-14361,MM-009
LT-14362,MM-006
P-14363,MM-007
K-14364,MM-001
V-14365,MM-007
COL-14366,MM-008
TT-14367,MM-007
PSV-14368,MM-002
LT-14369,MM-005
E-14370,MM-006
XV-14371,MM-010
FCV-14372,MM-003
FCV-14373,MM-002
E-14374,MM-004
XV-14375,MM-009
PT-14376,MM-009
FT-14377,MM-008
PT-14378,MM-005
LT-14379,MM-006
E-14380,MM-004
PT-14381,MM-002
PT-14382,MM-009
P-14383,MM-005
E-14384,MM-009
PSV-14385,MM-001
K-14386,MM-007
P-14387,MM-002
V-14388,MM-009
PSV-14389,MM-004
TT-14390,MM-009
P-14391,MM-008
TT-14392,MM-002
P-14393,MM-002
COL-14394,MM-001
LT-14395,MM-008
K-14396,MM-009
P-14397,MM-009
LT-14398,MM-008
FT-14399,MM-003
P-14400,MM-007
K-14401,MM-007
XV-14402,MM-007
FCV-14403,MM-005
FCV-14404,MM-006
LT-14405,MM-010
PSV-14406,MM-003
K-14407,MM-005
COL-14408,MM-009
COL-14409,MM-003
COL-14410,MM-006
E-14411,MM-006
FT-14412,MM-010
TT-14413,MM-002
TT-14414,MM-010
LT-14415,MM-005
PSV-14416,MM-007
FCV-14417,MM-003
FT-14418,MM-004
FCV-14419,MM-010
K-14420,MM-010
K-14421,MM-003
P-14422,MM-007
TT-14423,MM-010
COL-14424,MM-001
P-14425,MM-006
PT-14426,MM-004
PT-14427,MM-008
P-14428,MM-003
COL-14429,MM-010
E-14430,MM-007
FCV-14431,MM-008
P-14432,MM-004
E-14433,MM-006
PT-14434,MM-003
PT-14435,MM-007
PT-14436,MM-010
XV-14437,MM-007
P-14438,MM-004
LT-14439,MM-007
PSV-14440,MM-002
PT-14441,MM-002
COL-14442,MM-001
FT-14443,MM-009
XV-14444,MM-009
P-14445,MM-008
TT-14446,MM-004
P-14447,MM-006
V-14448,MM-008
FCV-14449,MM-009
PT-14450,MM-002
COL-14451,MM-003
FCV-14452,MM-005
K-14453,MM-008
LT-14454,MM-010
TT-14455,MM-004
FCV-14456,MM-003
E-14457,MM-001
FCV-14458,MM-007
P-14459,MM-005
E-14460,MM-001
P-14461,MM-006
FCV-14462,MM-001
P-14463,MM-008
LT-14464,MM-008
PT-14465,MM-002
FT-14466,MM-002
FT-14467,MM-008
PT-14468,MM-004
XV-14469,MM-010
COL-14470,MM-004
P-14471,MM-007
P-14472,MM-008
XV-14473,MM-007
PSV-14474,MM-007
COL-14475,MM-003
PSV-14476,MM-002
COL-14477,MM-007
TT-14478,MM-003
COL-14479,MM-005
K-14480,MM-008
TT-14481,MM-003
FT-14482,MM-008
P-14483,MM-006
V-14484,MM-008
FT-14485,MM-009
E-14486,MM-009
V-14487,MM-010
P-14488,MM-007
PSV-14489,MM-005
FT-14490,MM-006
P-14491,MM-003
V-14492,MM-010
PSV-14493,MM-010
V-14494,MM-006
PT-14495,MM-002
P-14496,MM-009
FCV-14497,MM-008
P-14498,MM-004
P-14499,MM-009
FT-14500,MM-009
E-14501,MM-008
XV-14502,MM-003
P-14503,MM-003
FCV-14504,MM-007
V-14505,MM-007
PSV-14506,MM-002
K-14507,MM-008
TT-14508,MM-010
E-14509,MM-006
FT-14510,MM-003
E-14511,MM-003
XV-14512,MM-005
E-14513,MM-009
V-14514,MM-009
PSV-14515,MM-002
TT-14516,MM-008
XV-14517,MM-006
FT-14518,MM-007
PSV-14519,MM-009
XV-14520,MM-001
COL-14521,MM-002
TT-14522,MM-008
TT-14523,MM-003
COL-14524,MM-004
COL-14525,MM-008
FT-14526,MM-006
XV-14527,MM-004
XV-14528,MM-009
FCV-14529,MM-006
TT-14530,MM-004
COL-14531,MM-008
FT-14532,MM-002
P-14533,MM-003
P-14534,MM-002
PT-14535,MM-009
E-14536,MM-002
E-14537,MM-007
K-14538,MM-003
FCV-14539,MM-007
E-14540,MM-005
FT-14541,MM-004
COL-14542,MM-002
P-14543,MM-004
PSV-14544,MM-003
PSV-14545,MM-002
FCV-14546,MM-005
P-14547,MM-009
XV-14548,MM-002
TT-14549,MM-005
PSV-14550,MM-003
TT-14551,MM-002
COL-14552,MM-008
E-14553,MM-005
K-14554,MM-004
P-14555,MM-006
TT-14556,MM-003
LT-14557,MM-008
V-14558,MM-002
FCV-14559,MM-002
V-14560,MM-003
FT-14561,MM-003
LT-14562,MM-004
PSV-14563,MM-006
PSV-14564,MM-008
E-14565,MM-010
V-14566,MM-001
PSV-14567,MM-009
E-14568,MM-001
PSV-14569,MM-004
K-14570,MM-006
P-14571,MM-008
COL-14572,MM-002
K-14573,MM-005
K-14574,MM-003
COL-14575,MM-006
COL-14576,MM-009
XV-14577,MM-010
TT-14578,MM-002
E-14579,MM-005
COL-14580,MM-001
V-14581,MM-007
P-14582,MM-006
FT-14583,MM-005
COL-14584,MM-002
XV-14585,MM-009
E-14586,MM-007
P-14587,MM-001
P-14588,MM-004
P-14589,MM-005
V-14590,MM-001
TT-14591,MM-006
V-14592,MM-005
COL-14593,MM-004
E-14594,MM-006
V-14595,MM-008
PSV-14596,MM-002
XV-14597,MM-008
PSV-14598,MM-001
XV-14599,MM-010
PT-14600,MM-002
XV-14601,MM-010
PSV-14602,MM-004
E-14603,MM-008
E-14604,MM-006
XV-14605,MM-002
FT-14606,MM-005
PSV-14607,MM-005
PT-14608,MM-001
P-14609,MM-006
P-14610,MM-006
V-14611,MM-005
XV-14612,MM-006
P-14613,MM-008
COL-14614,MM-010
XV-14615,MM-009
PSV-14616,MM-001
COL-14617,MM-002
LT-14618,MM-001
COL-14619,MM-003
XV-14620,MM-002
XV-14621,MM-008
E-14622,MM-003
LT-14623,MM-009
TT-14624,MM-009
K-14625,MM-001
PT-14626,MM-005
TT-14627,MM-008
LT-14628,MM-007
E-14629,MM-004
COL-14630,MM-006
PSV-14631,MM-001
PSV-14632,MM-004
PSV-14633,MM-010
PT-14634,MM-008
PT-14635,MM-003
TT-14636,MM-006
FCV-14637,MM-004
FCV-14638,MM-009
E-14639,MM-009
LT-14640,MM-005
FT-14641,MM-008
PSV-14642,MM-010
P-14643,MM-010
E-14644,MM-006
PSV-14645,MM-007
TT-14646,MM-007
K-14647,MM-004
P-14648,MM-005
TT-14649,MM-003
PSV-14650,MM-007
P-14651,MM-007
E-14652,MM-005
P-14653,MM-003
XV-14654,MM-009
TT-14655,MM-001
LT-14656,MM-010
LT-14657,MM-005
XV-14658,MM-001
PT-14659,MM-003
K-14660,MM-009
TT-14661,MM-010
P-14662,MM-003
COL-14663,MM-009
LT-14664,MM-002
K-14665,MM-007
P-14666,MM-005
P-14667,MM-006
P-14668,MM-007
V-14669,MM-002
TT-14670,MM-001
V-14671,MM-003
LT-14672,MM-006
LT-14673,MM-002
COL-14674,MM-006
PSV-14675,MM-006
COL-14676,MM-001
FT-14677,MM-008
V-14678,MM-004
FCV-14679,MM-002
PT-14680,MM-003
COL-14681,MM-010
P-14682,MM-008
PT-14683,MM-003
P-14684,MM-002
FCV-14685,MM-005
V-14686,MM-003
FT-14687,MM-001
TT-14688,MM-005
K-14689,MM-005
FT-14690,MM-010
P-14691,MM-007
P-14692,MM-010
LT-14693,MM-005
V-14694,MM-010
E-14695,MM-010
V-14696,MM-004
PSV-14697,MM-006
E-14698,MM-007
XV-14699,MM-005
P-14700,MM-009
TT-14701,MM-004
FCV-14702,MM-007
P-14703,MM-005
P-14704,MM-006
E-14705,MM-010
E-14706,MM-001
E-14707,MM-004
LT-14708,MM-006
K-14709,MM-001
FT-14710,MM-008
FCV-14711,MM-001
TT-14712,MM-001
P-14713,MM-006
P-14714,MM-002
COL-14715,MM-006
PT-14716,MM-001
FT-14717,MM-010
PSV-14718,MM-001
TT-14719,MM-010
LT-14720,MM-003
PSV-14721,MM-006
P-14722,MM-006
P-14723,MM-007
TT-14724,MM-003
COL-14725,MM-007
LT-14726,MM-001
TT-14727,MM-001
E-14728,MM-005
LT-14729,MM-005
E-14730,MM-006
V-14731,MM-010
PSV-14732,MM-010
PT-14733,MM-008
P-14734,MM-003
P-14735,MM-002
P-14736,MM-008
V-14737,MM-001
V-14738,MM-004
P-14739,MM-006
TT-14740,MM-002
P-14741,MM-004
PT-14742,MM-008
P-14743,MM-005
K-14744,MM-005
K-14745,MM-006
PT-14746,MM-010
E-14747,MM-009
PSV-14748,MM-001
PT-14749,MM-003
FT-14750,MM-003
V-14751,MM-006
PSV-14752,MM-004
PT-14753,MM-002
V-14754,MM-008
FT-14755,MM-006
XV-14756,MM-009
FCV-14757,MM-005
P-14758,MM-001
K-14759,MM-009
K-14760,MM-003
LT-14761,MM-008
COL-14762,MM-008
E-14763,MM-001
K-14764,MM-004
P-14765,MM-005
LT-14766,MM-004
FCV-14767,MM-009
P-14768,MM-002
V-14769,MM-007
V-14770,MM-001
PSV-14771,MM-009
TT-14772,MM-007
P-14773,MM-010
TT-14774,MM-008
LT-14775,MM-004
K-14776,MM-006
P-14777,MM-004
P-14778,MM-009
P-14779,MM-006
PSV-14780,MM-008
FCV-14781,MM-002
PSV-14782,MM-004
PSV-14783,MM-009
XV-14784,MM-003
FT-14785,MM-009
P-14786,MM-010
P-14787,MM-009
XV-14788,MM-002
LT-14789,MM-003
K-14790,MM-003
XV-14791,MM-006
V-14792,MM-004
P-14793,MM-006
FCV-14794,MM-006
P-14795,MM-010
K-14796,MM-010
PSV-14797,MM-007
LT-14798,MM-007
TT-14799,MM-003
XV-14800,MM-002
FT-14801,MM-001
FT-14802,MM-007
XV-14803,MM-002
P-14804,MM-007
LT-14805,MM-004
P-14806,MM-001
P-14807,MM-006
V-14808,MM-005
FT-14809,MM-009
LT-14810,MM-001
K-14811,MM-003
P-14812,MM-003
P-14813,MM-002
E-14814,MM-005
E-14815,MM-004
P-14816,MM-006
TT-14817,MM-003
P-14818,MM-001
TT-14819,MM-009
LT-14820,MM-004
E-14821,MM-007
LT-14822,MM-001
PT-14823,MM-010
K-14824,MM-002
FCV-14825,MM-003
PT-14826,MM-007
P-14827,MM-010
P-14828,MM-005
FCV-14829,MM-005
FT-14830,MM-010
TT-14831,MM-008
PT-14832,MM-009
K-14833,MM-010
PSV-14834,MM-007
XV-14835,MM-001
P-14836,MM-010
K-14837,MM-009
P-14838,MM-006
FCV-14839,MM-006
FCV-14840,MM-003
K-14841,MM-007
FT-14842,MM-009
E-14843,MM-008
PSV-14844,MM-003
FCV-14845,MM-007
XV-14846,MM-007
TT-14847,MM-006
E-14848,MM-010
FCV-14849,MM-007
FT-14850,MM-002
TT-14851,MM-002
E-14852,MM-007
FCV-14853,MM-004
V-14854,MM-001
FT-14855,MM-001
TT-14856,MM-001
FCV-14857,MM-009
COL-14858,MM-006
LT-14859,MM-005
FT-14860,MM-009
FCV-14861,MM-005
K-14862,MM-006
P-14863,MM-001
PT-14864,MM-004
FT-14865,MM-002
P-14866,MM-007
TT-14867,MM-009
K-14868,MM-003
K-14869,MM-005
PSV-14870,MM-007
E-14871,MM-001
COL-14872,MM-004
V-14873,MM-004
XV-14874,MM-003
TT-14875,MM-002
K-14876,MM-008
COL-14877,MM-007
XV-14878,MM-010
V-14879,MM-005
COL-14880,MM-003
LT-14881,MM-009
PSV-14882,MM-009
FCV-14883,MM-005
PSV-14884,MM-010
P-14885,MM-010
FT-14886,MM-007
E-14887,MM-004
E-14888,MM-008
P-14889,MM-008
P-14890,MM-010
K-14891,MM-008
FCV-14892,MM-004
TT-14893,MM-004
P-14894,MM-002
K-14895,MM-003
PT-14896,MM-001
TT-14897,MM-007
FCV-14898,MM-007
P-14899,MM-005
TT-14900,MM-009
P-14901,MM-008
E-14902,MM-007
FT-14903,MM-003
K-14904,MM-001
PT-14905,MM-003
XV-14906,MM-009
FCV-14907,MM-002
PSV-14908,MM-004
FCV-14909,MM-003
FCV-14910,MM-002
LT-14911,MM-009
K-14912,MM-009
PSV-14913,MM-003
XV-14914,MM-007
COL-14915,MM-008
E-14916,MM-001
K-14917,MM-002
LT-14918,MM-005
FCV-14919,MM-002
K-14920,MM-002
P-14921,MM-002
PT-14922,MM-009
K-14923,MM-002
PSV-14924,MM-008
PSV-14925,MM-010
FCV-14926,MM-009
FCV-14927,MM-001
XV-14928,MM-001
PT-14929,MM-001
COL-14930,MM-005
FCV-14931,MM-007
P-14932,MM-003
K-14933,MM-005
FCV-14934,MM-002
PSV-14935,MM-005
COL-14936,MM-009
LT-14937,MM-006
COL-14938,MM-005
XV-14939,MM-009
P-14940,MM-008
K-14941,MM-010
PT-14942,MM-006
TT-14943,MM-007
V-14944,MM-003
E-14945,MM-006
P-14946,MM-006
K-14947,MM-004
COL-14948,MM-006
K-14949,MM-003
FT-14950,MM-008
COL-14951,MM-010
P-14952,MM-007
COL-14953,MM-004
P-14954,MM-005
P-14955,MM-006
TT-14956,MM-007
E-14957,MM-005
PT-14958,MM-005
FT-14959,MM-009
LT-14960,MM-003
FCV-14961,MM-006
PSV-14962,MM-005
PT-14963,MM-005
PT-14964,MM-006
FCV-14965,MM-008
K-14966,MM-007
P-14967,MM-005
XV-14968,MM-010
LT-14969,MM-007
COL-14970,MM-005
P-14971,MM-010
COL-14972,MM-007
PT-14973,MM-009
PT-14974,MM-007
LT-14975,MM-001
PT-14976,MM-008
FT-14977,MM-010
P-14978,MM-007
P-14979,MM-009
FCV-14980,MM-008
PT-14981,MM-002
P-14982,MM-008
COL-14983,MM-005
COL-14984,MM-009
FCV-14985,MM-004
FT-14986,MM-010
COL-14987,MM-005
P-14988,MM-010
FT-14989,MM-009
COL-14990,MM-007
FCV-14991,MM-002
P-14992,MM-007
TT-14993,MM-009
FCV-14994,MM-002
K-14995,MM-002
FT-14996,MM-003
P-14997,MM-010
K-14998,MM-010
PSV-14999,MM-009
TT-15000,MM-010
P-15001,MM-005
V-15002,MM-004
V-15003,MM-009
TT-15004,MM-010
PSV-15005,MM-009
V-15006,MM-010
E-15007,MM-002
FCV-15008,MM-007
V-15009,MM-009
P-15010,MM-003
K-15011,MM-008
COL-15012,MM-005
E-15013,MM-004
FCV-15014,MM-001
P-15015,MM-006
V-15016,MM-003
V-15017,MM-002
PT-15018,MM-005
P-15019,MM-003
XV-15020,MM-010
COL-15021,MM-005
P-15022,MM-003
P-15023,MM-002
TT-15024,MM-001
K-15025,MM-004
FCV-15026,MM-007
K-15027,MM-010
P-15028,MM-003
FCV-15029,MM-006
TT-15030,MM-007
PT-15031,MM-001
TT-15032,MM-005
P-15033,MM-008
TT-15034,MM-002
V-15035,MM-006
P-15036,MM-005
PSV-15037,MM-002
COL-15038,MM-008
LT-15039,MM-010
V-15040,MM-003
E-15041,MM-009
COL-15042,MM-001
TT-15043,MM-004
TT-15044,MM-010
K-15045,MM-003
FCV-15046,MM-008
FT-15047,MM-003
PT-15048,MM-010
FT-15049,MM-008
PSV-15050,MM-006
XV-15051,MM-001
FCV-15052,MM-008
P-15053,MM-010
FCV-15054,MM-002
P-15055,MM-001
P-15056,MM-004
P-15057,MM-009
E-15058,MM-002
XV-15059,MM-008
XV-15060,MM-010
XV-15061,MM-005
P-15062,MM-010
FCV-15063,MM-010
PSV-15064,MM-007
P-15065,MM-002
E-15066,MM-005
P-15067,MM-005
XV-15068,MM-009
XV-15069,MM-005
PT-15070,MM-007
PSV-15071,MM-009
P-15072,MM-009
FCV-15073,MM-008
COL-15074,MM-005
LT-15075,MM-010
K-15076,MM-010
TT-15077,MM-009
K-15078,MM-006
PSV-15079,MM-002
V-15080,MM-006
XV-15081,MM-001
FCV-15082,MM-005
FCV-15083,MM-006
P-15084,MM-008
E-15085,MM-006
COL-15086,MM-009
P-15087,MM-008
P-15088,MM-001
V-15089,MM-002
K-15090,MM-010
XV-15091,MM-004
TT-15092,MM-009
K-15093,MM-007
E-15094,MM-004
LT-15095,MM-001
COL-15096,MM-001
PSV-15097,MM-002
COL-15098,MM-008
E-15099,MM-007
TT-15100,MM-005
E-15101,MM-007
FT-15102,MM-004
LT-15103,MM-008
P-15104,MM-005
FT-15105,MM-010
XV-15106,MM-004
E-15107,MM-005
XV-15108,MM-001
E-15109,MM-007
XV-15110,MM-010
E-15111,MM-010
E-15112,MM-002
COL-15113,MM-007
E-15114,MM-007
XV-15115,MM-002
TT-15116,MM-008
FT-15117,MM-007
FCV-15118,MM-008
PT-15119,MM-004
TT-15120,MM-007
K-15121,MM-007
TT-15122,MM-005
LT-15123,MM-006
TT-15124,MM-002
TT-15125,MM-008
K-15126,MM-010
P-15127,MM-006
V-15128,MM-005
V-15129,MM-006
V-15130,MM-006
K-15131,MM-010
PSV-15132,MM-007
V-15133,MM-005
FT-15134,MM-003
PSV-15135,MM-006
FT-15136,MM-010
K-15137,MM-008
P-15138,MM-009
LT-15139,MM-005
LT-15140,MM-005
COL-15141,MM-001
P-15142,MM-007
COL-15143,MM-008
XV-15144,MM-001
XV-15145,MM-004
E-15146,MM-010
FCV-15147,MM-004
V-15148,MM-003
XV-15149,MM-010
FCV-15150,MM-004
P-15151,MM-001
TT-15152,MM-008
FT-15153,MM-007
E-15154,MM-007
PSV-15155,MM-009
P-15156,MM-009
E-15157,MM-006
COL-15158,MM-009
XV-15159,MM-005
K-15160,MM-004
XV-15161,MM-008
K-15162,MM-010
P-15163,MM-001
V-15164,MM-002
PT-15165,MM-010
V-15166,MM-003
COL-15167,MM-008
COL-15168,MM-005
PT-15169,MM-001
PT-15170,MM-004
P-15171,MM-008
PT-15172,MM-006
FT-15173,MM-003
P-15174,MM-010
E-15175,MM-004
COL-15176,MM-009
FT-15177,MM-005
P-15178,MM-010
LT-15179,MM-003
P-15180,MM-005
E-15181,MM-007
FCV-15182,MM-003
TT-15183,MM-003
PT-15184,MM-001
PT-15185,MM-006
FT-15186,MM-004
E-15187,MM-005
P-15188,MM-005
P-15189,MM-009
XV-15190,MM-010
E-15191,MM-010
P-15192,MM-008
V-15193,MM-001
XV-15194,MM-009
E-15195,MM-003
LT-15196,MM-009
XV-15197,MM-008
P-15198,MM-009
P-15199,MM-003
V-15200,MM-004
P-15201,MM-007
P-15202,MM-010
XV-15203,MM-007
COL-15204,MM-003
P-15205,MM-003
TT-15206,MM-008
TT-15207,MM-005
P-15208,MM-001
K-15209,MM-009
XV-15210,MM-003
PT-15211,MM-001
P-15212,MM-004
FCV-15213,MM-002
K-15214,MM-004
P-15215,MM-004
V-15216,MM-009
COL-15217,MM-002
XV-15218,MM-005
K-15219,MM-001
P-15220,MM-010
XV-15221,MM-009
FT-15222,MM-010
FT-15223,MM-009
E-15224,MM-008
TT-15225,MM-003
PT-15226,MM-001
COL-15227,MM-005
PSV-15228,MM-001
FCV-15229,MM-008
E-15230,MM-006
PSV-15231,MM-003
XV-15232,MM-004
E-15233,MM-005
E-15234,MM-003
K-15235,MM-004
FT-15236,MM-003
P-15237,MM-009
TT-15238,MM-004
TT-15239,MM-009
P-15240,MM-006
COL-15241,MM-005
PT-15242,MM-002
K-15243,MM-010
K-15244,MM-002
TT-15245,MM-007
E-15246,MM-005
XV-15247,MM-007
LT-15248,MM-003
P-15249,MM-007
PSV-15250,MM-004
P-15251,MM-010
TT-15252,MM-003
E-15253,MM-004
PT-15254,MM-002
XV-15255,MM-003
K-15256,MM-010
TT-15257,MM-006
FCV-15258,MM-002
V-15259,MM-003
FT-15260,MM-001
FT-15261,MM-007
XV-15262,MM-004
LT-15263,MM-001
P-15264,MM-009
COL-15265,MM-007
LT-15266,MM-001
PSV-15267,MM-003
V-15268,MM-006
LT-15269,MM-005
COL-15270,MM-001
XV-15271,MM-002
FT-15272,MM-001
TT-15273,MM-001
P-15274,MM-005
V-15275,MM-002
V-15276,MM-005
LT-15277,MM-008
XV-15278,MM-008
P-15279,MM-008
P-15280,MM-003
V-15281,MM-002
K-15282,MM-003
E-15283,MM-002
P-15284,MM-002
FCV-15285,MM-006
PSV-15286,MM-005
PSV-15287,MM-008
E-15288,MM-007
E-15289,MM-010
K-15290,MM-006
PSV-15291,MM-001
E-15292,MM-004
K-15293,MM-005
PT-15294,MM-007
COL-15295,MM-004
COL-15296,MM-007
COL-15297,MM-010
XV-15298,MM-005
COL-15299,MM-006
LT-15300,MM-002
LT-15301,MM-008
P-15302,MM-002
TT-15303,MM-001
P-15304,MM-007
K-15305,MM-009
P-15306,MM-009
TT-15307,MM-002
FT-15308,MM-001
P-15309,MM-009
XV-15310,MM-006
V-15311,MM-002
LT-15312,MM-002
PT-15313,MM-007
XV-15314,MM-008
LT-15315,MM-005
E-15316,MM-004
LT-15317,MM-003
PSV-15318,MM-003
P-15319,MM-003
P-15320,MM-005
XV-15321,MM-001
COL-15322,MM-005
FT-15323,MM-006
P-15324,MM-008
PT-15325,MM-001
V-15326,MM-002
E-15327,MM-003
K-15328,MM-010
FCV-15329,MM-005
FCV-15330,MM-005
V-15331,MM-005
P-15332,MM-002
FT-15333,MM-004
P-15334,MM-001
P-15335,MM-004
PSV-15336,MM-005
P-15337,MM-005
XV-15338,MM-008
COL-15339,MM-005
P-15340,MM-007
PSV-15341,MM-008
PSV-15342,MM-003
FCV-15343,MM-008
E-15344,MM-010
V-15345,MM-006
E-15346,MM-004
FT-15347,MM-003
FCV-15348,MM-006
XV-15349,MM-002
COL-15350,MM-006
COL-15351,MM-001
E-15352,MM-007
P-15353,MM-002
P-15354,MM-008
PSV-15355,MM-004
PSV-15356,MM-009
FCV-15357,MM-002
XV-15358,MM-004
K-15359,MM-009
PSV-15360,MM-001
XV-15361,MM-002
P-15362,MM-007
P-15363,MM-008
TT-15364,MM-005
TT-15365,MM-008
P-15366,MM-008
K-15367,MM-004
PT-15368,MM-005
FT-15369,MM-010
P-15370,MM-003
P-15371,MM-002
FT-15372,MM-002
E-15373,MM-004
LT-15374,MM-003
COL-15375,MM-003
LT-15376,MM-008
XV-15377,MM-008
P-15378,MM-008
V-15379,MM-005
K-15380,MM-009
LT-15381,MM-010
P-15382,MM-003
P-15383,MM-004
COL-15384,MM-001
LT-15385,MM-010
XV-15386,MM-009
FCV-15387,MM-002
V-15388,MM-003
XV-15389,MM-006
PT-15390,MM-008
P-15391,MM-001
XV-15392,MM-008
FCV-15393,MM-004
TT-15394,MM-004
TT-15395,MM-005
PT-15396,MM-006
P-15397,MM-007
PT-15398,MM-002
XV-15399,MM-003
FT-15400,MM-006
V-15401,MM-007
COL-15402,MM-010
LT-15403,MM-008
PSV-15404,MM-008
LT-15405,MM-005
FCV-15406,MM-005
P-15407,MM-007
P-15408,MM-010
PSV-15409,MM-002
TT-15410,MM-008
FCV-15411,MM-004
FT-15412,MM-009
LT-15413,MM-001
FCV-15414,MM-004
V-15415,MM-001
XV-15416,MM-005
K-15417,MM-001
K-15418,MM-004
XV-15419,MM-009
P-15420,MM-006
TT-15421,MM-002
XV-15422,MM-008
LT-15423,MM-004
XV-15424,MM-004
LT-15425,MM-003
FCV-15426,MM-007
LT-15427,MM-005
V-15428,MM-004
PSV-15429,MM-001
E-15430,MM-010
COL-15431,MM-008
XV-15432,MM-007
P-15433,MM-003
P-15434,MM-002
PSV-15435,MM-005
P-15436,MM-003
PSV-15437,MM-008
TT-15438,MM-003
TT-15439,MM-002
PSV-15440,MM-008
E-15441,MM-001
K-15442,MM-002
COL-15443,MM-009
COL-15444,MM-003
TT-15445,MM-005
E-15446,MM-009
FT-15447,MM-004
LT-15448,MM-010
COL-15449,MM-007
K-15450,MM-010
FCV-15451,MM-005
V-15452,MM-002
V-15453,MM-006
COL-15454,MM-004
K-15455,MM-008
FCV-15456,MM-004
FT-15457,MM-006
V-15458,MM-004
COL-15459,MM-010
K-15460,MM-005
PSV-15461,MM-009
E-15462,MM-001
K-15463,MM-002
P-15464,MM-006
PT-15465,MM-009
LT-15466,MM-009
FCV-15467,MM-003
TT-15468,MM-003
P-15469,MM-003
FCV-15470,MM-006
FCV-15471,MM-002
P-15472,MM-003
PSV-15473,MM-007
E-15474,MM-010
PSV-15475,MM-004
V-15476,MM-002
PT-15477,MM-009
E-15478,MM-002
XV-15479,MM-006
FCV-15480,MM-002
P-15481,MM-005
P-15482,MM-002
PSV-15483,MM-010
COL-15484,MM-002
PT-15485,MM-002
FCV-15486,MM-004
COL-15487,MM-002
V-15488,MM-006
XV-15489,MM-003
P-15490,MM-003
PSV-15491,MM-007
E-15492,MM-010
XV-15493,MM-004
PT-15494,MM-005
E-15495,MM-003
FCV-15496,MM-008
PT-15497,MM-010
E-15498,MM-001
P-15499,MM-006
TT-15500,MM-009
XV-15501,MM-001
E-15502,MM-002
COL-15503,MM-006
XV-15504,MM-007
TT-15505,MM-006
K-15506,MM-009
FT-15507,MM-004
XV-15508,MM-007
E-15509,MM-009
PT-15510,MM-006
P-15511,MM-007
COL-15512,MM-006
P-15513,MM-008
K-15514,MM-005
PSV-15515,MM-009
COL-15516,MM-006
XV-15517,MM-007
PSV-15518,MM-008
TT-15519,MM-007
PT-15520,MM-007
FCV-15521,MM-001
FT-15522,MM-004
FT-15523,MM-010
FT-15524,MM-001
V-15525,MM-009
V-15526,MM-007
TT-15527,MM-009
P-15528,MM-008
LT-15529,MM-010
PSV-15530,MM-005
FT-15531,MM-004
LT-15532,MM-006
P-15533,MM-007
P-15534,MM-008
E-15535,MM-002
COL-15536,MM-008
P-15537,MM-008
FT-15538,MM-009
E-15539,MM-006
P-15540,MM-009
P-15541,MM-006
COL-15542,MM-005
LT-15543,MM-004
P-15544,MM-001
P-15545,MM-006
FT-15546,MM-004
XV-15547,MM-002
TT-15548,MM-008
P-15549,MM-006
TT-15550,MM-002
FCV-15551,MM-003
COL-15552,MM-003
P-15553,MM-003
E-15554,MM-009
FT-15555,MM-002
XV-15556,MM-002
PSV-15557,MM-008
V-15558,MM-008
PSV-15559,MM-004
V-15560,MM-005
TT-15561,MM-010
COL-15562,MM-007
PT-15563,MM-006
XV-15564,MM-003
TT-15565,MM-004
K-15566,MM-009
PT-15567,MM-008
K-15568,MM-006
FCV-15569,MM-007
LT-15570,MM-004
E-15571,MM-006
V-15572,MM-010
LT-15573,MM-002
FT-15574,MM-006
FCV-15575,MM-010
E-15576,MM-003
XV-15577,MM-002
PSV-15578,MM-005
E-15579,MM-001
TT-15580,MM-004
XV-15581,MM-009
PSV-15582,MM-010
P-15583,MM-001
E-15584,MM-008
COL-15585,MM-010
P-15586,MM-003
TT-15587,MM-010
E-15588,MM-006
LT-15589,MM-006
COL-15590,MM-010
P-15591,MM-008
P-15592,MM-001
V-15593,MM-007
V-15594,MM-009
P-15595,MM-001
PSV-15596,MM-005
COL-15597,MM-001
PSV-15598,MM-002
V-15599,MM-005
TT-15600,MM-006
FCV-15601,MM-009
V-15602,MM-002
TT-15603,MM-005
P-15604,MM-001
PSV-15605,MM-009
P-15606,MM-008
PT-15607,MM-003
XV-15608,MM-010
V-15609,MM-005
TT-15610,MM-004
FT-15611,MM-006
COL-15612,MM-001
K-15613,MM-005
LT-15614,MM-007
V-15615,MM-006
PSV-15616,MM-006
P-15617,MM-006
FT-15618,MM-005
K-15619,MM-004
XV-15620,MM-006
P-15621,MM-005
P-15622,MM-003
E-15623,MM-008
XV-15624,MM-001
FT-15625,MM-007
FCV-15626,MM-003
TT-15627,MM-003
PSV-15628,MM-004
PSV-15629,MM-006
PSV-15630,MM-003
P-15631,MM-003
FT-15632,MM-003
P-15633,MM-010
FCV-15634,MM-009
P-15635,MM-006
LT-15636,MM-002
FT-15637,MM-006
V-15638,MM-007
E-15639,MM-003
K-15640,MM-002
K-15641,MM-009
COL-15642,MM-003
FCV-15643,MM-009
E-15644,MM-008
XV-15645,MM-005
XV-15646,MM-002
XV-15647,MM-007
P-15648,MM-006
XV-15649,MM-005
PT-15650,MM-002
TT-15651,MM-010
LT-15652,MM-005
P-15653,MM-006
K-15654,MM-003
V-15655,MM-001
XV-15656,MM-008
K-15657,MM-003
PT-15658,MM-007
COL-15659,MM-006
FCV-15660,MM-007
V-15661,MM-007
E-15662,MM-008
PSV-15663,MM-001
XV-15664,MM-004
V-15665,MM-007
LT-15666,MM-004
PT-15667,MM-007
TT-15668,MM-009
TT-15669,MM-001
PT-15670,MM-003
V-15671,MM-004
PSV-15672,MM-003
K-15673,MM-004
P-15674,MM-002
FT-15675,MM-002
XV-15676,MM-004
PSV-15677,MM-008
P-15678,MM-008
LT-15679,MM-006
FT-15680,MM-010
P-15681,MM-008
FT-15682,MM-006
E-15683,MM-006
E-15684,MM-003
FT-15685,MM-009
E-15686,MM-009
P-15687,MM-009
P-15688,MM-006
E-15689,MM-009
PT-15690,MM-007
PT-15691,MM-001
V-15692,MM-007
K-15693,MM-003
E-15694,MM-002
K-15695,MM-007
XV-15696,MM-001
TT-15697,MM-002
XV-15698,MM-009
K-15699,MM-007
K-15700,MM-006
LT-15701,MM-001
TT-15702,MM-005
XV-15703,MM-004
V-15704,MM-004
PT-15705,MM-010
TT-15706,MM-002
TT-15707,MM-006
FCV-15708,MM-006
COL-15709,MM-006
E-15710,MM-009
XV-15711,MM-007
FT-15712,MM-008
P-15713,MM-007
LT-15714,MM-004
E-15715,MM-004
FT-15716,MM-010
TT-15717,MM-001
XV-15718,MM-004
V-15719,MM-002
K-15720,MM-003
P-15721,MM-001
XV-15722,MM-009
TT-15723,MM-010
FCV-15724,MM-010
FT-15725,MM-003
XV-15726,MM-005
PT-15727,MM-003
V-15728,MM-004
LT-15729,MM-002
XV-15730,MM-010
FT-15731,MM-001
XV-15732,MM-001
V-15733,MM-007
E-15734,MM-009
LT-15735,MM-004
PSV-15736,MM-005
FCV-15737,MM-010
FCV-15738,MM-005
PT-15739,MM-003
FT-15740,MM-003
P-15741,MM-010
TT-15742,MM-002
P-15743,MM-006
TT-15744,MM-007
V-15745,MM-006
E-15746,MM-008
PT-15747,MM-006
LT-15748,MM-007
XV-15749,MM-009
PT-15750,MM-009
P-15751,MM-005
FCV-15752,MM-003
FT-15753,MM-005
FCV-15754,MM-009
FCV-15755,MM-003
FCV-15756,MM-004
K-15757,MM-002
FCV-15758,MM-001
PT-15759,MM-008
E-15760,MM-002
K-15761,MM-009
P-15762,MM-009
FT-15763,MM-008
LT-15764,MM-005
COL-15765,MM-003
P-15766,MM-007
TT-15767,MM-009
P-15768,MM-008
FT-15769,MM-010
FCV-15770,MM-005
PSV-15771,MM-003
P-15772,MM-010
FCV-15773,MM-003
K-15774,MM-005
TT-15775,MM-002
K-15776,MM-007
K-15777,MM-003
TT-15778,MM-002
P-15779,MM-007
LT-15780,MM-004
PSV-15781,MM-004
PSV-15782,MM-008
LT-15783,MM-006
P-15784,MM-003
FCV-15785,MM-003
TT-15786,MM-005
K-15787,MM-004
P-15788,MM-002
E-15789,MM-005
FT-15790,MM-009
E-15791,MM-008
COL-15792,MM-003
XV-15793,MM-005
K-15794,MM-008
P-15795,MM-008
E-15796,MM-002
PT-15797,MM-002
PSV-15798,MM-001
V-15799,MM-007
PT-15800,MM-002
XV-15801,MM-003
V-15802,MM-003
V-15803,MM-005
E-15804,MM-001
V-15805,MM-001
FT-15806,MM-003
V-15807,MM-008
PT-15808,MM-001
E-15809,MM-006
V-15810,MM-008
LT-15811,MM-009
COL-15812,MM-008
E-15813,MM-003
P-15814,MM-003
P-15815,MM-004
FT-15816,MM-005
PSV-15817,MM-005
V-15818,MM-007
PT-15819,MM-006
K-15820,MM-004
PT-15821,MM-002
PSV-15822,MM-005
TT-15823,MM-005
P-15824,MM-002
PSV-15825,MM-003
PT-15826,MM-010
E-15827,MM-006
LT-15828,MM-004
E-15829,MM-002
FT-15830,MM-003
K-15831,MM-007
V-15832,MM-007
XV-15833,MM-010
PSV-15834,MM-001
PT-15835,MM-010
COL-15836,MM-008
E-15837,MM-001
FT-15838,MM-008
LT-15839,MM-010
P-15840,MM-008
P-15841,MM-005
V-15842,MM-010
FCV-15843,MM-002
P-15844,MM-003
P-15845,MM-004
TT-15846,MM-006
P-15847,MM-003
PSV-15848,MM-009
PT-15849,MM-005
V-15850,MM-003
LT-15851,MM-003
FT-15852,MM-004
LT-15853,MM-009
PT-15854,MM-005
E-15855,MM-003
PT-15856,MM-007
XV-15857,MM-008
TT-15858,MM-003
V-15859,MM-003
TT-15860,MM-008
PT-15861,MM-009
TT-15862,MM-004
LT-15863,MM-001
FT-15864,MM-010
LT-15865,MM-009
FCV-15866,MM-007
COL-15867,MM-003
LT-15868,MM-008
P-15869,MM-002
P-15870,MM-008
FCV-15871,MM-007
COL-15872,MM-007
V-15873,MM-008
P-15874,MM-001
XV-15875,MM-006
E-15876,MM-006
P-15877,MM-006
TT-15878,MM-009
LT-15879,MM-010
E-15880,MM-004
XV-15881,MM-007
E-15882,MM-003
PT-15883,MM-003
K-15884,MM-009
V-15885,MM-009
PT-15886,MM-006
TT-15887,MM-008
E-15888,MM-005
COL-15889,MM-004
LT-15890,MM-003
E-15891,MM-001
V-15892,MM-001
TT-15893,MM-008
XV-15894,MM-001
P-15895,MM-006
COL-15896,MM-008
PT-15897,MM-009
PT-15898,MM-003
P-15899,MM-002
PSV-15900,MM-006
PT-15901,MM-003
V-15902,MM-005
TT-15903,MM-001
PSV-15904,MM-002
P-15905,MM-006
XV-15906,MM-005
FT-15907,MM-006
LT-15908,MM-001
PSV-15909,MM-007
XV-15910,MM-010
V-15911,MM-004
LT-15912,MM-010
K-15913,MM-004
FCV-15914,MM-003
FCV-15915,MM-002
K-15916,MM-007
P-15917,MM-004
K-15918,MM-005
FT-15919,MM-009
PSV-15920,MM-010
V-15921,MM-006
K-15922,MM-004
P-15923,MM-002
FCV-15924,MM-004
V-15925,MM-003
FCV-15926,MM-001
COL-15927,MM-010
K-15928,MM-004
COL-15929,MM-008
P-15930,MM-008
E-15931,MM-002
P-15932,MM-006
P-15933,MM-009
E-15934,MM-005
COL-15935,MM-007
E-15936,MM-003
FCV-15937,MM-009
PT-15938,MM-002
P-15939,MM-009
TT-15940,MM-002
PT-15941,MM-004
FCV-15942,MM-002
P-15943,MM-010
K-15944,MM-010
FT-15945,MM-002
PSV-15946,MM-002
FT-15947,MM-006
P-15948,MM-009
COL-15949,MM-010
FT-15950,MM-010
P-15951,MM-008
PT-15952,MM-003
COL-15953,MM-009
V-15954,MM-008
V-15955,MM-005
LT-15956,MM-001
TT-15957,MM-005
E-15958,MM-002
E-15959,MM-009
V-15960,MM-005
P-15961,MM-003
COL-15962,MM-007
FCV-15963,MM-002
LT-15964,MM-007
P-15965,MM-010
E-15966,MM-001
K-15967,MM-005
E-15968,MM-009
COL-15969,MM-003
V-15970,MM-001
P-15971,MM-004
COL-15972,MM-001
XV-15973,MM-005
PSV-15974,MM-008
TT-15975,MM-003
LT-15976,MM-008
TT-15977,MM-009
COL-15978,MM-003
XV-15979,MM-002
COL-15980,MM-007
FT-15981,MM-004
K-15982,MM-004
V-15983,MM-002
E-15984,MM-003
E-15985,MM-007
E-15986,MM-008
PT-15987,MM-010
TT-15988,MM-005
P-15989,MM-002
FCV-15990,MM-002
LT-15991,MM-007
LT-15992,MM-003
PT-15993,MM-008
XV-15994,MM-010
TT-15995,MM-009
P-15996,MM-010
PT-15997,MM-003
PSV-15998,MM-009
P-15999,MM-008
COL-16000,MM-002
P-16001,MM-002
COL-16002,MM-005
FCV-16003,MM-007
K-16004,MM-010
LT-16005,MM-006
K-16006,MM-002
PT-16007,MM-010
V-16008,MM-009
PT-16009,MM-006
V-16010,MM-002
PSV-16011,MM-003
TT-16012,MM-010
PSV-16013,MM-009
PSV-16014,MM-003
K-16015,MM-002
XV-16016,MM-008
TT-16017,MM-005
PSV-16018,MM-004
K-16019,MM-008
XV-16020,MM-005
PT-16021,MM-003
FCV-16022,MM-010
FCV-16023,MM-005
V-16024,MM-005
FCV-16025,MM-007
PSV-16026,MM-003
FCV-16027,MM-009
FT-16028,MM-003
E-16029,MM-003
PT-16030,MM-001
FCV-16031,MM-010
COL-16032,MM-010
XV-16033,MM-004
XV-16034,MM-009
P-16035,MM-009
K-16036,MM-002
COL-16037,MM-005
E-16038,MM-003
PSV-16039,MM-002
FCV-16040,MM-010
FCV-16041,MM-005
XV-16042,MM-004
PT-16043,MM-010
LT-16044,MM-004
PT-16045,MM-006
TT-16046,MM-008
TT-16047,MM-001
PT-16048,MM-005
P-16049,MM-006
FT-16050,MM-010
V-16051,MM-001
LT-16052,MM-003
P-16053,MM-008
PSV-16054,MM-004
XV-16055,MM-008
PSV-16056,MM-005
K-16057,MM-002
V-16058,MM-010
E-16059,MM-003
P-16060,MM-003
FCV-16061,MM-001
PSV-16062,MM-006
TT-16063,MM-004
PT-16064,MM-002
COL-16065,MM-001
COL-16066,MM-007
E-16067,MM-009
K-16068,MM-003
PT-16069,MM-010
TT-16070,MM-010
FT-16071,MM-002
TT-16072,MM-004
P-16073,MM-007
COL-16074,MM-006
V-16075,MM-001
P-16076,MM-004
P-16077,MM-008
PSV-16078,MM-005
FCV-16079,MM-010
PT-16080,MM-008
P-16081,MM-006
LT-16082,MM-003
K-16083,MM-007
XV-16084,MM-007
LT-16085,MM-006
PT-16086,MM-008
P-16087,MM-010
PT-16088,MM-002
P-16089,MM-006
LT-16090,MM-006
PT-16091,MM-004
P-16092,MM-010
P-16093,MM-001
LT-16094,MM-006
K-16095,MM-003
V-16096,MM-003
XV-16097,MM-008
TT-16098,MM-006
XV-16099,MM-005
FT-16100,MM-001
P-16101,MM-008
FCV-16102,MM-007
TT-16103,MM-008
E-16104,MM-003
COL-16105,MM-002
LT-16106,MM-001
PT-16107,MM-005
K-16108,MM-004
TT-16109,MM-007
PT-16110,MM-009
TT-16111,MM-010
FT-16112,MM-007
FCV-16113,MM-005
COL-16114,MM-005
P-16115,MM-010
TT-16116,MM-003
PT-16117,MM-003
FT-16118,MM-003
PSV-16119,MM-001
FCV-16120,MM-008
P-16121,MM-005
FCV-16122,MM-002
FCV-16123,MM-009
FT-16124,MM-003
LT-16125,MM-004
P-16126,MM-006
E-16127,MM-010
FCV-16128,MM-007
TT-16129,MM-005
LT-16130,MM-005
FCV-16131,MM-002
FT-16132,MM-005
V-16133,MM-004
V-16134,MM-008
PSV-16135,MM-007
PT-16136,MM-007
FT-16137,MM-002
P-16138,MM-003
P-16139,MM-006
FT-16140,MM-010
LT-16141,MM-009
PSV-16142,MM-009
PSV-16143,MM-003
PT-16144,MM-001
K-16145,MM-006
TT-16146,MM-001
P-16147,MM-005
PT-16148,MM-004
PT-16149,MM-008
K-16150,MM-006
PSV-16151,MM-009
TT-16152,MM-003
LT-16153,MM-009
E-16154,MM-008
E-16155,MM-003
COL-16156,MM-002
P-16157,MM-004
K-16158,MM-003
E-16159,MM-004
XV-16160,MM-006
PSV-16161,MM-006
COL-16162,MM-004
FT-16163,MM-003
V-16164,MM-008
FT-16165,MM-008
PSV-16166,MM-007
E-16167,MM-003
P-16168,MM-003
PT-16169,MM-004
FCV-16170,MM-010
FT-16171,MM-008
P-16172,MM-007
K-16173,MM-001
LT-16174,MM-005
K-16175,MM-009
FT-16176,MM-005
E-16177,MM-004
V-16178,MM-002
TT-16179,MM-003
K-16180,MM-002
COL-16181,MM-005
COL-16182,MM-001
LT-16183,MM-009
FCV-16184,MM-001
V-16185,MM-005
V-16186,MM-003
PT-16187,MM-004
P-16188,MM-009
COL-16189,MM-002
V-16190,MM-005
P-16191,MM-009
PT-16192,MM-003
PSV-16193,MM-009
P-16194,MM-007
PSV-16195,MM-002
FT-16196,MM-003
LT-16197,MM-002
V-16198,MM-003
E-16199,MM-009
K-16200,MM-003
COL-16201,MM-006
COL-16202,MM-009
XV-16203,MM-001
LT-16204,MM-008
V-16205,MM-006
XV-16206,MM-001
PT-16207,MM-006
K-16208,MM-009
PSV-16209,MM-001
XV-16210,MM-004
PSV-16211,MM-006
LT-16212,MM-002
PT-16213,MM-001
TT-16214,MM-009
FT-16215,MM-002
V-16216,MM-001
TT-16217,MM-008
LT-16218,MM-002
PSV-16219,MM-002
E-16220,MM-009
P-16221,MM-006
FT-16222,MM-009
P-16223,MM-004
LT-16224,MM-002
P-16225,MM-006
P-16226,MM-007
P-16227,MM-009
V-16228,MM-001
XV-16229,MM-010
PSV-16230,MM-001
COL-16231,MM-004
FCV-16232,MM-001
P-16233,MM-005
PSV-16234,MM-004
FCV-16235,MM-003
XV-16236,MM-006
V-16237,MM-003
LT-16238,MM-003
P-16239,MM-007
K-16240,MM-006
FT-16241,MM-006
LT-16242,MM-005
PSV-16243,MM-004
PT-16244,MM-002
FT-16245,MM-006
E-16246,MM-006
FT-16247,MM-001
FCV-16248,MM-002
PT-16249,MM-010
P-16250,MM-002
V-16251,MM-009
LT-16252,MM-009
XV-16253,MM-009
FT-16254,MM-006
P-16255,MM-005
LT-16256,MM-003
E-16257,MM-001
LT-16258,MM-009
K-16259,MM-008
E-16260,MM-003
K-16261,MM-002
PT-16262,MM-002
V-16263,MM-006
COL-16264,MM-002
TT-16265,MM-006
E-16266,MM-001
TT-16267,MM-002
PT-16268,MM-005
FT-16269,MM-002
K-16270,MM-002
COL-16271,MM-009
LT-16272,MM-002
PT-16273,MM-001
COL-16274,MM-009
P-16275,MM-007
P-16276,MM-003
P-16277,MM-002
FT-16278,MM-004
FCV-16279,MM-006
PSV-16280,MM-008
COL-16281,MM-003
P-16282,MM-005
PT-16283,MM-006
XV-16284,MM-005
P-16285,MM-001
P-16286,MM-005
P-16287,MM-006
XV-16288,MM-004
PT-16289,MM-004
P-16290,MM-009
K-16291,MM-002
FT-16292,MM-001
COL-16293,MM-003
PSV-16294,MM-005
PSV-16295,MM-006
PT-16296,MM-006
V-16297,MM-005
TT-16298,MM-008
TT-16299,MM-003
P-16300,MM-003
E-16301,MM-008
P-16302,MM-006
V-16303,MM-003
FT-16304,MM-006
P-16305,MM-005
E-16306,MM-002
PSV-16307,MM-009
COL-16308,MM-001
TT-16309,MM-004
E-16310,MM-008
V-16311,MM-008
PT-16312,MM-003
K-16313,MM-009
PT-16314,MM-009
FCV-16315,MM-005
XV-16316,MM-005
E-16317,MM-001
XV-16318,MM-007
FCV-16319,MM-003
PSV-16320,MM-001
FT-16321,MM-008
P-16322,MM-010
FCV-16323,MM-002
P-16324,MM-006
LT-16325,MM-007
COL-16326,MM-006
K-16327,MM-004
PSV-16328,MM-007
E-16329,MM-003
E-16330,MM-004
FCV-16331,MM-007
TT-16332,MM-005
FCV-16333,MM-005
FCV-16334,MM-003
E-16335,MM-003
PSV-16336,MM-006
K-16337,MM-005
COL-16338,MM-003
E-16339,MM-004
LT-16340,MM-010
FCV-16341,MM-004
E-16342,MM-007
P-16343,MM-004
P-16344,MM-010
V-16345,MM-003
P-16346,MM-006
PT-16347,MM-009
P-16348,MM-003
FT-16349,MM-003
XV-16350,MM-003
P-16351,MM-006
V-16352,MM-004
K-16353,MM-001
PT-16354,MM-005
LT-16355,MM-001
FCV-16356,MM-002
TT-16357,MM-004
TT-16358,MM-008
V-16359,MM-010
FT-16360,MM-009
TT-16361,MM-008
PT-16362,MM-009
V-16363,MM-007
PT-16364,MM-002
FCV-16365,MM-002
V-16366,MM-001
FT-16367,MM-003
E-16368,MM-007
XV-16369,MM-005
PSV-16370,MM-008
K-16371,MM-001
TT-16372,MM-005
E-16373,MM-009
FT-16374,MM-005
TT-16375,MM-002
E-16376,MM-006
P-16377,MM-006
PT-16378,MM-003
PSV-16379,MM-005
LT-16380,MM-004
P-16381,MM-005
P-16382,MM-004
K-16383,MM-003
P-16384,MM-010
COL-16385,MM-007
E-16386,MM-007
LT-16387,MM-007
COL-16388,MM-009
TT-16389,MM-005
COL-16390,MM-007
PT-16391,MM-002
K-16392,MM-006
FT-16393,MM-006
FT-16394,MM-003
PSV-16395,MM-001
V-16396,MM-005
XV-16397,MM-008
XV-16398,MM-001
V-16399,MM-003
FCV-16400,MM-003
K-16401,MM-003
COL-16402,MM-002
PT-16403,MM-010
P-16404,MM-009
V-16405,MM-001
P-16406,MM-002
E-16407,MM-001
P-16408,MM-001
XV-16409,MM-008
FCV-16410,MM-005
PSV-16411,MM-010
COL-16412,MM-006
P-16413,MM-009
FCV-16414,MM-008
PT-16415,MM-007
PSV-16416,MM-001
V-16417,MM-007
FT-16418,MM-001
XV-16419,MM-001
LT-16420,MM-008
P-16421,MM-002
COL-16422,MM-003
V-16423,MM-003
FCV-16424,MM-003
P-16425,MM-009
P-16426,MM-001
E-16427,MM-008
K-16428,MM-001
P-16429,MM-003
PSV-16430,MM-008
P-16431,MM-008
P-16432,MM-003
TT-16433,MM-007
FCV-16434,MM-007
V-16435,MM-007
V-16436,MM-010
FCV-16437,MM-002
TT-16438,MM-002
K-16439,MM-010
TT-16440,MM-005
TT-16441,MM-002
V-16442,MM-005
XV-16443,MM-003
XV-16444,MM-004
E-16445,MM-009
E-16446,MM-003
E-16447,MM-004
K-16448,MM-009
E-16449,MM-003
LT-16450,MM-006
PSV-16451,MM-008
K-16452,MM-001
TT-16453,MM-005
COL-16454,MM-010
E-16455,MM-010
E-16456,MM-004
COL-16457,MM-007
COL-16458,MM-010
PSV-16459,MM-010
V-16460,MM-004
XV-16461,MM-001
K-16462,MM-002
XV-16463,MM-008
FT-16464,MM-005
PT-16465,MM-010
PSV-16466,MM-006
V-16467,MM-009
PSV-16468,MM-002
FCV-16469,MM-007
P-16470,MM-008
K-16471,MM-010
LT-16472,MM-006
PT-16473,MM-008
COL-16474,MM-002
K-16475,MM-010
LT-16476,MM-004
LT-16477,MM-009
P-16478,MM-004
K-16479,MM-001
TT-16480,MM-005
FCV-16481,MM-005
FT-16482,MM-002
P-16483,MM-003
PSV-16484,MM-008
P-16485,MM-006
FCV-16486,MM-006
FT-16487,MM-003
XV-16488,MM-001
FT-16489,MM-008
TT-16490,MM-008
COL-16491,MM-005
P-16492,MM-001
FCV-16493,MM-010
E-16494,MM-007
PSV-16495,MM-010
V-16496,MM-002
K-16497,MM-001
K-16498,MM-005
P-16499,MM-004
XV-16500,MM-010
XV-16501,MM-002
P-16502,MM-002
PT-16503,MM-005
LT-16504,MM-006
K-16505,MM-008
FT-16506,MM-002
PT-16507,MM-001
P-16508,MM-006
P-16509,MM-008
LT-16510,MM-008
K-16511,MM-009
P-16512,MM-009
PT-16513,MM-006
PSV-16514,MM-010
PT-16515,MM-009
P-16516,MM-005
V-16517,MM-010
PT-16518,MM-008
COL-16519,MM-002
TT-16520,MM-008
COL-16521,MM-001
XV-16522,MM-004
COL-16523,MM-009
XV-16524,MM-003
COL-16525,MM-007
FCV-16526,MM-003
COL-16527,MM-005
PT-16528,MM-010
V-16529,MM-002
PSV-16530,MM-003
PSV-16531,MM-002
V-16532,MM-005
XV-16533,MM-001
FT-16534,MM-009
XV-16535,MM-010
K-16536,MM-006
FT-16537,MM-006
PSV-16538,MM-009
COL-16539,MM-003
PT-16540,MM-001
PSV-16541,MM-009
LT-16542,MM-002
K-16543,MM-004
TT-16544,MM-006
PT-16545,MM-007
XV-16546,MM-004
PT-16547,MM-004
FCV-16548,MM-002
K-16549,MM-006
FT-16550,MM-001
XV-16551,MM-006
P-16552,MM-005
V-16553,MM-010
COL-16554,MM-005
TT-16555,MM-010
LT-16556,MM-001
TT-16557,MM-003
LT-16558,MM-008
TT-16559,MM-010
P-16560,MM-010
LT-16561,MM-008
COL-16562,MM-008
COL-16563,MM-001
XV-16564,MM-006
FCV-16565,MM-010
P-16566,MM-006
PT-16567,MM-001
PT-16568,MM-010
P-16569,MM-008
E-16570,MM-002
PT-16571,MM-002
PSV-16572,MM-001
PSV-16573,MM-005
P-16574,MM-005
PSV-16575,MM-007
LT-16576,MM-008
PSV-16577,MM-009
K-16578,MM-010
PT-16579,MM-006
K-16580,MM-009
P-16581,MM-007
V-16582,MM-006
K-16583,MM-010
FT-16584,MM-002
K-16585,MM-002
LT-16586,MM-001
PSV-16587,MM-006
LT-16588,MM-006
COL-16589,MM-008
K-16590,MM-006
XV-16591,MM-002
FT-16592,MM-003
COL-16593,MM-010
K-16594,MM-006
PSV-16595,MM-009
PSV-16596,MM-006
LT-16597,MM-009
PSV-16598,MM-010
PT-16599,MM-009
COL-16600,MM-005
E-16601,MM-005
TT-16602,MM-001
FT-16603,MM-009
PT-16604,MM-007
V-16605,MM-006
TT-16606,MM-005
TT-16607,MM-006
FCV-16608,MM-006
TT-16609,MM-010
E-16610,MM-005
P-16611,MM-009
LT-16612,MM-009
K-16613,MM-009
COL-16614,MM-003
E-16615,MM-002
PT-16616,MM-002
K-16617,MM-006
LT-16618,MM-010
E-16619,MM-008
E-16620,MM-006
P-16621,MM-001
E-16622,MM-010
FT-16623,MM-004
V-16624,MM-003
COL-16625,MM-009
P-16626,MM-009
FCV-16627,MM-007
COL-16628,MM-009
TT-16629,MM-001
FT-16630,MM-010
PT-16631,MM-007
V-16632,MM-009
PT-16633,MM-001
FCV-16634,MM-005
TT-16635,MM-003
PSV-16636,MM-004
LT-16637,MM-005
P-16638,MM-006
P-16639,MM-007
P-16640,MM-002
FCV-16641,MM-007
PT-16642,MM-001
P-16643,MM-004
E-16644,MM-003
FT-16645,MM-008
P-16646,MM-005
P-16647,MM-009
COL-16648,MM-005
PT-16649,MM-004
K-16650,MM-001
PSV-16651,MM-004
V-16652,MM-004
XV-16653,MM-005
XV-16654,MM-006
XV-16655,MM-008
P-16656,MM-006
XV-16657,MM-005
P-16658,MM-010
TT-16659,MM-005
FT-16660,MM-007
XV-16661,MM-010
V-16662,MM-005
XV-16663,MM-006
COL-16664,MM-008
PT-16665,MM-006
P-16666,MM-001
COL-16667,MM-006
FT-16668,MM-007
K-16669,MM-002
TT-16670,MM-006
PT-16671,MM-009
P-16672,MM-001
PT-16673,MM-005
PT-16674,MM-006
E-16675,MM-004
P-16676,MM-004
XV-16677,MM-007
V-16678,MM-003
K-16679,MM-009
LT-16680,MM-002
LT-16681,MM-009
COL-16682,MM-008
LT-16683,MM-002
TT-16684,MM-007
FCV-16685,MM-003
P-16686,MM-005
TT-16687,MM-006
PT-16688,MM-004
P-16689,MM-008
P-16690,MM-001
PSV-16691,MM-009
E-16692,MM-001
E-16693,MM-002
PT-16694,MM-002
V-16695,MM-008
LT-16696,MM-006
FT-16697,MM-003
FCV-16698,MM-004
FT-16699,MM-009
K-16700,MM-008
K-16701,MM-010
PSV-16702,MM-004
COL-16703,MM-005
TT-16704,MM-010
V-16705,MM-001
V-16706,MM-004
K-16707,MM-006
PSV-16708,MM-005
FT-16709,MM-001
E-16710,MM-006
K-16711,MM-005
K-16712,MM-009
PT-16713,MM-010
LT-16714,MM-008
FT-16715,MM-010
PT-16716,MM-007
PSV-16717,MM-004
PT-16718,MM-002
TT-16719,MM-006
E-16720,MM-007
PT-16721,MM-007
P-16722,MM-009
K-16723,MM-010
COL-16724,MM-009
P-16725,MM-008
PSV-16726,MM-005
FCV-16727,MM-010
PT-16728,MM-006
FT-16729,MM-008
FT-16730,MM-005
TT-16731,MM-001
K-16732,MM-004
P-16733,MM-006
P-16734,MM-007
E-16735,MM-004
TT-16736,MM-005
P-16737,MM-008
COL-16738,MM-002
P-16739,MM-004
PT-16740,MM-010
P-16741,MM-005
TT-16742,MM-008
P-16743,MM-008
TT-16744,MM-010
E-16745,MM-006
XV-16746,MM-010
V-16747,MM-003
P-16748,MM-010
P-16749,MM-005
K-16750,MM-010
FT-16751,MM-010
TT-16752,MM-007
E-16753,MM-005
LT-16754,MM-005
PSV-16755,MM-007
V-16756,MM-001
P-16757,MM-004
K-16758,MM-003
K-16759,MM-004
LT-16760,MM-006
FCV-16761,MM-004
PSV-16762,MM-005
TT-16763,MM-009
TT-16764,MM-006
COL-16765,MM-005
FCV-16766,MM-007
LT-16767,MM-005
P-16768,MM-003
FT-16769,MM-003
LT-16770,MM-007
COL-16771,MM-002
P-16772,MM-004
E-16773,MM-003
TT-16774,MM-004
K-16775,MM-007
FCV-16776,MM-002
LT-16777,MM-008
LT-16778,MM-001
E-16779,MM-005
P-16780,MM-003
PT-16781,MM-004
PT-16782,MM-006
P-16783,MM-003
PT-16784,MM-010
FT-16785,MM-007
FT-16786,MM-008
COL-16787,MM-005
PT-16788,MM-009
COL-16789,MM-002
LT-16790,MM-005
V-16791,MM-008
COL-16792,MM-005
P-16793,MM-002
XV-16794,MM-001
COL-16795,MM-010
PT-16796,MM-007
PT-16797,MM-009
PT-16798,MM-003
TT-16799,MM-009
LT-16800,MM-005
COL-16801,MM-002
P-16802,MM-004
P-16803,MM-009
FT-16804,MM-007
XV-16805,MM-009
FT-16806,MM-005
V-16807,MM-006
PSV-16808,MM-006
XV-16809,MM-010
COL-16810,MM-010
V-16811,MM-002
PSV-16812,MM-001
TT-16813,MM-002
E-16814,MM-009
PT-16815,MM-009
FT-16816,MM-008
FCV-16817,MM-003
XV-16818,MM-001
FCV-16819,MM-006
TT-16820,MM-009
P-16821,MM-010
LT-16822,MM-008
V-16823,MM-010
FCV-16824,MM-006
FCV-16825,MM-009
FCV-16826,MM-003
TT-16827,MM-001
TT-16828,MM-002
FT-16829,MM-006
TT-16830,MM-001
LT-16831,MM-005
FCV-16832,MM-003
PSV-16833,MM-001
FT-16834,MM-009
PSV-16835,MM-008
TT-16836,MM-006
K-16837,MM-002
PSV-16838,MM-009
XV-16839,MM-001
PT-16840,MM-003
PSV-16841,MM-007
XV-16842,MM-001
COL-16843,MM-006
TT-16844,MM-009
FCV-16845,MM-004
K-16846,MM-002
PSV-16847,MM-005
PSV-16848,MM-001
PSV-16849,MM-004
K-16850,MM-005
LT-16851,MM-002
COL-16852,MM-006
COL-16853,MM-007
TT-16854,MM-001
XV-16855,MM-005
XV-16856,MM-006
E-16857,MM-003
FT-16858,MM-009
PT-16859,MM-004
XV-16860,MM-005
PT-16861,MM-010
P-16862,MM-002
E-16863,MM-007
P-16864,MM-007
E-16865,MM-005
FT-16866,MM-004
LT-16867,MM-008
COL-16868,MM-005
P-16869,MM-010
P-16870,MM-010
K-16871,MM-008
FCV-16872,MM-002
PSV-16873,MM-010
COL-16874,MM-006
K-16875,MM-001
COL-16876,MM-010
V-16877,MM-005
P-16878,MM-009
XV-16879,MM-007
TT-16880,MM-008
FCV-16881,MM-005
LT-16882,MM-009
XV-16883,MM-009
PT-16884,MM-008
LT-16885,MM-008
V-16886,MM-005
TT-16887,MM-010
TT-16888,MM-004
V-16889,MM-010
TT-16890,MM-003
PSV-16891,MM-010
K-16892,MM-007
P-16893,MM-005
P-16894,MM-006
K-16895,MM-008
PT-16896,MM-010
TT-16897,MM-004
LT-16898,MM-006
COL-16899,MM-003
P-16900,MM-001
TT-16901,MM-008
XV-16902,MM-003
PT-16903,MM-005
FCV-16904,MM-005
P-16905,MM-008
PSV-16906,MM-005
FCV-16907,MM-001
TT-16908,MM-006
V-16909,MM-003
LT-16910,MM-001
K-16911,MM-003
E-16912,MM-004
K-16913,MM-005
E-16914,MM-001
PSV-16915,MM-002
TT-16916,MM-005
P-16917,MM-006
V-16918,MM-005
FCV-16919,MM-001
PSV-16920,MM-001
K-16921,MM-004
P-16922,MM-002
V-16923,MM-008
COL-16924,MM-004
P-16925,MM-005
COL-16926,MM-010
K-16927,MM-004
COL-16928,MM-009
E-16929,MM-006
TT-16930,MM-005
E-16931,MM-008
FCV-16932,MM-006
LT-16933,MM-009
XV-16934,MM-007
LT-16935,MM-004
PSV-16936,MM-004
TT-16937,MM-008
COL-16938,MM-001
FCV-16939,MM-005
PT-16940,MM-006
V-16941,MM-005
K-16942,MM-007
P-16943,MM-002
XV-16944,MM-010
LT-16945,MM-007
COL-16946,MM-006
K-16947,MM-010
XV-16948,MM-002
V-16949,MM-004
LT-16950,MM-004
P-16951,MM-001
K-16952,MM-008
FCV-16953,MM-004
XV-16954,MM-004
FCV-16955,MM-003
LT-16956,MM-005
FT-16957,MM-008
FCV-16958,MM-006
FCV-16959,MM-007
K-16960,MM-002
V-16961,MM-007
LT-16962,MM-004
V-16963,MM-003
K-16964,MM-009
P-16965,MM-009
K-16966,MM-005
PSV-16967,MM-010
PT-16968,MM-009
P-16969,MM-005
COL-16970,MM-008
XV-16971,MM-010
PT-16972,MM-003
FT-16973,MM-006
FT-16974,MM-002
FT-16975,MM-010
P-16976,MM-004
TT-16977,MM-001
XV-16978,MM-007
P-16979,MM-002
P-16980,MM-009
TT-16981,MM-007
P-16982,MM-002
COL-16983,MM-003
PT-16984,MM-006
E-16985,MM-010
K-16986,MM-003
FCV-16987,MM-010
COL-16988,MM-010
TT-16989,MM-001
FT-16990,MM-008
PT-16991,MM-002
FCV-16992,MM-010
FCV-16993,MM-008
E-16994,MM-009
PT-16995,MM-010
PT-16996,MM-003
TT-16997,MM-006
V-16998,MM-005
COL-16999,MM-004
COL-17000,MM-008
P-17001,MM-009
COL-17002,MM-006
PT-17003,MM-005
COL-17004,MM-010
V-17005,MM-003
V-17006,MM-004
V-17007,MM-007
LT-17008,MM-009
E-17009,MM-008
FT-17010,MM-002
E-17011,MM-005
P-17012,MM-002
LT-17013,MM-004
PT-17014,MM-007
FT-17015,MM-003
COL-17016,MM-007
K-17017,MM-005
XV-17018,MM-009
P-17019,MM-010
XV-17020,MM-002
XV-17021,MM-007
TT-17022,MM-006
TT-17023,MM-004
COL-17024,MM-008
LT-17025,MM-002
PT-17026,MM-006
P-17027,MM-004
E-17028,MM-005
P-17029,MM-003
TT-17030,MM-009
P-17031,MM-006
LT-17032,MM-007
E-17033,MM-005
XV-17034,MM-007
COL-17035,MM-002
LT-17036,MM-007
FCV-17037,MM-007
PT-17038,MM-003
TT-17039,MM-009
V-17040,MM-009
XV-17041,MM-002
PT-17042,MM-004
K-17043,MM-010
E-17044,MM-007
PT-17045,MM-007
E-17046,MM-005
PSV-17047,MM-002
PSV-17048,MM-007
P-17049,MM-009
K-17050,MM-004
COL-17051,MM-006
P-17052,MM-005
PT-17053,MM-001
P-17054,MM-004
P-17055,MM-010
P-17056,MM-003
TT-17057,MM-008
COL-17058,MM-005
P-17059,MM-001
P-17060,MM-002
LT-17061,MM-004
PSV-17062,MM-002
PSV-17063,MM-010
LT-17064,MM-010
LT-17065,MM-005
PT-17066,MM-006
FCV-17067,MM-006
E-17068,MM-004
PSV-17069,MM-009
FCV-17070,MM-002
E-17071,MM-002
PT-17072,MM-004
XV-17073,MM-003
P-17074,MM-001
E-17075,MM-007
TT-17076,MM-001
LT-17077,MM-008
P-17078,MM-002
LT-17079,MM-002
V-17080,MM-003
P-17081,MM-002
PT-17082,MM-010
E-17083,MM-006
V-17084,MM-010
P-17085,MM-009
P-17086,MM-010
K-17087,MM-010
PSV-17088,MM-007
PSV-17089,MM-010
XV-17090,MM-008
V-17091,MM-008
PSV-17092,MM-006
TT-17093,MM-009
LT-17094,MM-004
XV-17095,MM-002
PSV-17096,MM-009
PSV-17097,MM-003
PSV-17098,MM-004
K-17099,MM-008
FT-17100,MM-004
P-17101,MM-001
P-17102,MM-005
FT-17103,MM-004
PT-17104,MM-007
TT-17105,MM-009
PSV-17106,MM-001
XV-17107,MM-002
V-17108,MM-002
XV-17109,MM-006
TT-17110,MM-002
K-17111,MM-009
FT-17112,MM-010
FCV-17113,MM-009
TT-17114,MM-010
FT-17115,MM-007
LT-17116,MM-009
TT-17117,MM-008
TT-17118,MM-003
P-17119,MM-003
E-17120,MM-006
E-17121,MM-003
FT-17122,MM-005
FT-17123,MM-006
LT-17124,MM-005
E-17125,MM-004
P-17126,MM-007
TT-17127,MM-003
TT-17128,MM-005
PT-17129,MM-006
PSV-17130,MM-007
P-17131,MM-007
FT-17132,MM-001
V-17133,MM-008
P-17134,MM-001
FCV-17135,MM-001
P-17136,MM-009
LT-17137,MM-005
COL-17138,MM-009
FT-17139,MM-004
TT-17140,MM-004
P-17141,MM-010
E-17142,MM-006
FCV-17143,MM-009
XV-17144,MM-009
FCV-17145,MM-007
TT-17146,MM-004
TT-17147,MM-006
K-17148,MM-006
XV-17149,MM-002
XV-17150,MM-009
XV-17151,MM-001
K-17152,MM-005
FT-17153,MM-003
COL-17154,MM-001
P-17155,MM-005
K-17156,MM-009
E-17157,MM-001
PSV-17158,MM-004
LT-17159,MM-001
V-17160,MM-009
K-17161,MM-005
LT-17162,MM-007
COL-17163,MM-003
K-17164,MM-002
TT-17165,MM-006
XV-17166,MM-005
PT-17167,MM-003
XV-17168,MM-008
COL-17169,MM-003
COL-17170,MM-004
TT-17171,MM-008
P-17172,MM-010
PT-17173,MM-001
XV-17174,MM-010
P-17175,MM-007
COL-17176,MM-006
FCV-17177,MM-001
COL-17178,MM-010
COL-17179,MM-005
FT-17180,MM-003
K-17181,MM-007
FT-17182,MM-009
P-17183,MM-004
COL-17184,MM-005
FCV-17185,MM-008
V-17186,MM-004
P-17187,MM-006
PSV-17188,MM-010
LT-17189,MM-003
P-17190,MM-009
V-17191,MM-007
P-17192,MM-002
K-17193,MM-006
XV-17194,MM-002
V-17195,MM-002
P-17196,MM-008
XV-17197,MM-002
PSV-17198,MM-005
P-17199,MM-008
FT-17200,MM-009
LT-17201,MM-005
FCV-17202,MM-004
P-17203,MM-001
FT-17204,MM-006
PT-17205,MM-008
PT-17206,MM-006
PT-17207,MM-007
P-17208,MM-008
K-17209,MM-004
V-17210,MM-002
P-17211,MM-006
PT-17212,MM-007
E-17213,MM-005
FCV-17214,MM-004
PT-17215,MM-006
P-17216,MM-002
TT-17217,MM-001
COL-17218,MM-004
P-17219,MM-002
TT-17220,MM-001
COL-17221,MM-005
PT-17222,MM-010
COL-17223,MM-003
XV-17224,MM-004
K-17225,MM-009
PSV-17226,MM-003
V-17227,MM-001
P-17228,MM-006
P-17229,MM-007
COL-17230,MM-004
PT-17231,MM-010
COL-17232,MM-007
PT-17233,MM-003
TT-17234,MM-008
FT-17235,MM-006
LT-17236,MM-009
XV-17237,MM-008
TT-17238,MM-001
LT-17239,MM-008
PSV-17240,MM-008
XV-17241,MM-007
K-17242,MM-005
XV-17243,MM-009
PT-17244,MM-009
PSV-17245,MM-002
PT-17246,MM-004
PSV-17247,MM-003
PT-17248,MM-010
K-17249,MM-010
FCV-17250,MM-002
PT-17251,MM-006
FT-17252,MM-001
COL-17253,MM-001
COL-17254,MM-007
PSV-17255,MM-008
K-17256,MM-001
FCV-17257,MM-007
FT-17258,MM-007
V-17259,MM-010
PT-17260,MM-003
E-17261,MM-010
LT-17262,MM-010
PT-17263,MM-003
PSV-17264,MM-009
P-17265,MM-009
LT-17266,MM-010
P-17267,MM-005
TT-17268,MM-006
FT-17269,MM-005
TT-17270,MM-007
P-17271,MM-009
XV-17272,MM-002
PSV-17273,MM-007
PSV-17274,MM-003
TT-17275,MM-002
E-17276,MM-006
LT-17277,MM-002
FCV-17278,MM-009
P-17279,MM-002
E-17280,MM-003
LT-17281,MM-005
COL-17282,MM-008
V-17283,MM-009
XV-17284,MM-004
TT-17285,MM-008
PSV-17286,MM-007
K-17287,MM-004
LT-17288,MM-010
E-17289,MM-006
PT-17290,MM-003
P-17291,MM-006
PSV-17292,MM-003
PSV-17293,MM-005
P-17294,MM-005
K-17295,MM-003
E-17296,MM-002
E-17297,MM-008
V-17298,MM-007
COL-17299,MM-004
PSV-17300,MM-009
PSV-17301,MM-001
P-17302,MM-003
LT-17303,MM-010
FT-17304,MM-002
TT-17305,MM-006
V-17306,MM-005
LT-17307,MM-010
PSV-17308,MM-006
TT-17309,MM-006
PSV-17310,MM-001
PSV-17311,MM-004
TT-17312,MM-009
FCV-17313,MM-010
COL-17314,MM-004
P-17315,MM-004
P-17316,MM-010
E-17317,MM-004
E-17318,MM-009
FCV-17319,MM-004
FT-17320,MM-009
FCV-17321,MM-007
LT-17322,MM-004
E-17323,MM-002
E-17324,MM-009
LT-17325,MM-002
V-17326,MM-007
LT-17327,MM-006
K-17328,MM-003
K-17329,MM-002
PSV-17330,MM-008
E-17331,MM-003
TT-17332,MM-004
K-17333,MM-008
FT-17334,MM-002
PT-17335,MM-005
P-17336,MM-002
COL-17337,MM-003
COL-17338,MM-004
COL-17339,MM-007
E-17340,MM-001
E-17341,MM-007
K-17342,MM-006
LT-17343,MM-002
P-17344,MM-001
FCV-17345,MM-005
PSV-17346,MM-001
PSV-17347,MM-005
P-17348,MM-002
PT-17349,MM-009
LT-17350,MM-006
XV-17351,MM-005
V-17352,MM-006
V-17353,MM-001
P-17354,MM-004
FCV-17355,MM-002
K-17356,MM-004
P-17357,MM-002
V-17358,MM-010
V-17359,MM-003
XV-17360,MM-009
FT-17361,MM-004
P-17362,MM-005
E-17363,MM-008
K-17364,MM-006
E-17365,MM-005
FT-17366,MM-001
K-17367,MM-001
TT-17368,MM-007
E-17369,MM-008
PT-17370,MM-010
XV-17371,MM-004
V-17372,MM-010
FT-17373,MM-004
PT-17374,MM-003
COL-17375,MM-008
COL-17376,MM-010
PT-17377,MM-001
V-17378,MM-002
P-17379,MM-005
K-17380,MM-004
P-17381,MM-002
FCV-17382,MM-004
E-17383,MM-004
PSV-17384,MM-009
LT-17385,MM-004
FT-17386,MM-009
K-17387,MM-008
COL-17388,MM-003
TT-17389,MM-004
P-17390,MM-004
FT-17391,MM-005
V-17392,MM-003
TT-17393,MM-008
PSV-17394,MM-007
P-17395,MM-007
FT-17396,MM-006
XV-17397,MM-007
P-17398,MM-001
FT-17399,MM-003
P-17400,MM-006
FCV-17401,MM-009
FCV-17402,MM-007
PSV-17403,MM-003
V-17404,MM-003
P-17405,MM-002
PSV-17406,MM-005
COL-17407,MM-004
E-17408,MM-008
TT-17409,MM-007
LT-17410,MM-007
LT-17411,MM-010
K-17412,MM-010
TT-17413,MM-006
FCV-17414,MM-006
P-17415,MM-009
XV-17416,MM-004
FT-17417,MM-001
P-17418,MM-007
PT-17419,MM-010
PSV-17420,MM-008
K-17421,MM-001
TT-17422,MM-006
K-17423,MM-006
PSV-17424,MM-003
FCV-17425,MM-009
LT-17426,MM-003
P-17427,MM-009
TT-17428,MM-010
FCV-17429,MM-001
FCV-17430,MM-002
XV-17431,MM-002
LT-17432,MM-001
P-17433,MM-008
XV-17434,MM-002
P-17435,MM-002
PSV-17436,MM-010
P-17437,MM-010
P-17438,MM-005
PSV-17439,MM-007
PSV-17440,MM-002
FT-17441,MM-005
PT-17442,MM-009
COL-17443,MM-004
E-17444,MM-009
PT-17445,MM-008
P-17446,MM-010
K-17447,MM-009
PSV-17448,MM-001
PT-17449,MM-007
LT-17450,MM-003
XV-17451,MM-006
XV-17452,MM-002
FCV-17453,MM-003
TT-17454,MM-007
PT-17455,MM-003
FCV-17456,MM-001
XV-17457,MM-003
FCV-17458,MM-006
TT-17459,MM-010
COL-17460,MM-001
K-17461,MM-010
LT-17462,MM-001
P-17463,MM-009
FT-17464,MM-009
TT-17465,MM-008
K-17466,MM-003
V-17467,MM-005
FT-17468,MM-003
PT-17469,MM-005
PT-17470,MM-003
P-17471,MM-006
V-17472,MM-008
TT-17473,MM-002
COL-17474,MM-007
TT-17475,MM-003
V-17476,MM-003
PSV-17477,MM-009
COL-17478,MM-001
P-17479,MM-001
P-17480,MM-002
TT-17481,MM-003
P-17482,MM-010
FT-17483,MM-001
P-17484,MM-009
V-17485,MM-003
PT-17486,MM-002
PSV-17487,MM-006
XV-17488,MM-010
V-17489,MM-004
LT-17490,MM-004
LT-17491,MM-008
PT-17492,MM-002
V-17493,MM-010
V-17494,MM-005
PSV-17495,MM-008
V-17496,MM-007
PT-17497,MM-003
V-17498,MM-004
P-17499,MM-010
E-17500,MM-002
K-17501,MM-007
P-17502,MM-009
XV-17503,MM-004
PT-17504,MM-002
P-17505,MM-010
P-17506,MM-001
PSV-17507,MM-009
E-17508,MM-003
LT-17509,MM-008
P-17510,MM-002
PT-17511,MM-005
PT-17512,MM-006
PT-17513,MM-007
P-17514,MM-010
XV-17515,MM-007
V-17516,MM-004
P-17517,MM-009
P-17518,MM-001
FCV-17519,MM-003
K-17520,MM-010
K-17521,MM-005
TT-17522,MM-008
FCV-17523,MM-002
PT-17524,MM-003
FT-17525,MM-010
V-17526,MM-008
FCV-17527,MM-007
P-17528,MM-004
XV-17529,MM-010
P-17530,MM-003
V-17531,MM-005
TT-17532,MM-003
PT-17533,MM-003
V-17534,MM-010
E-17535,MM-001
COL-17536,MM-002
V-17537,MM-007
V-17538,MM-009
E-17539,MM-010
PT-17540,MM-007
V-17541,MM-009
LT-17542,MM-008
V-17543,MM-010
P-17544,MM-008
PSV-17545,MM-004
PSV-17546,MM-009
FCV-17547,MM-002
LT-17548,MM-007
TT-17549,MM-009
P-17550,MM-010
XV-17551,MM-002
K-17552,MM-005
PSV-17553,MM-010
FT-17554,MM-009
PT-17555,MM-004
P-17556,MM-009
PSV-17557,MM-010
PSV-17558,MM-005
PT-17559,MM-005
P-17560,MM-005
E-17561,MM-009
PSV-17562,MM-003
V-17563,MM-001
P-17564,MM-002
TT-17565,MM-006
FT-17566,MM-009
FCV-17567,MM-001
PSV-17568,MM-003
V-17569,MM-003
P-17570,MM-002
TT-17571,MM-007
K-17572,MM-007
P-17573,MM-004
PSV-17574,MM-001
PSV-17575,MM-002
K-17576,MM-007
FCV-17577,MM-010
P-17578,MM-006
P-17579,MM-007
K-17580,MM-006
E-17581,MM-002
XV-17582,MM-007
FCV-17583,MM-005
LT-17584,MM-008
P-17585,MM-002
FCV-17586,MM-010
P-17587,MM-003
PSV-17588,MM-010
TT-17589,MM-010
XV-17590,MM-006
XV-17591,MM-007
FCV-17592,MM-002
TT-17593,MM-007
E-17594,MM-005
LT-17595,MM-002
K-17596,MM-004
V-17597,MM-005
V-17598,MM-008
E-17599,MM-006
PSV-17600,MM-005
V-17601,MM-007
P-17602,MM-001
PSV-17603,MM-009
PSV-17604,MM-005
V-17605,MM-007
TT-17606,MM-006
P-17607,MM-009
PSV-17608,MM-005
P-17609,MM-004
LT-17610,MM-004
FCV-17611,MM-005
LT-17612,MM-007
E-17613,MM-001
LT-17614,MM-005
K-17615,MM-005
PSV-17616,MM-010
FT-17617,MM-008
P-17618,MM-002
E-17619,MM-007
PT-17620,MM-001
XV-17621,MM-008
PT-17622,MM-010
FCV-17623,MM-010
FT-17624,MM-010
FT-17625,MM-005
P-17626,MM-010
TT-17627,MM-005
E-17628,MM-007
FCV-17629,MM-008
E-17630,MM-008
K-17631,MM-003
TT-17632,MM-004
PT-17633,MM-006
FT-17634,MM-005
TT-17635,MM-004
XV-17636,MM-009
PT-17637,MM-006
E-17638,MM-010
E-17639,MM-009
V-17640,MM-006
PSV-17641,MM-002
TT-17642,MM-006
K-17643,MM-003
FT-17644,MM-006
PSV-17645,MM-008
FT-17646,MM-002
LT-17647,MM-008
E-17648,MM-009
LT-17649,MM-005
COL-17650,MM-004
P-17651,MM-006
PSV-17652,MM-010
P-17653,MM-010
FCV-17654,MM-010
FT-17655,MM-002
COL-17656,MM-004
P-17657,MM-002
PT-17658,MM-008
FT-17659,MM-009
P-17660,MM-006
P-17661,MM-008
TT-17662,MM-010
K-17663,MM-008
E-17664,MM-003
V-17665,MM-003
XV-17666,MM-008
XV-17667,MM-007
K-17668,MM-005
XV-17669,MM-005
FT-17670,MM-002
PSV-17671,MM-004
PT-17672,MM-005
XV-17673,MM-001
COL-17674,MM-004
K-17675,MM-007
TT-17676,MM-003
V-17677,MM-003
FCV-17678,MM-003
COL-17679,MM-001
COL-17680,MM-006
FCV-17681,MM-010
K-17682,MM-001
E-17683,MM-002
K-17684,MM-008
PSV-17685,MM-003
LT-17686,MM-006
COL-17687,MM-005
LT-17688,MM-004
COL-17689,MM-004
V-17690,MM-007
PSV-17691,MM-001
P-17692,MM-007
FT-17693,MM-006
TT-17694,MM-005
P-17695,MM-001
FT-17696,MM-003
FCV-17697,MM-004
COL-17698,MM-007
LT-17699,MM-006
PT-17700,MM-005
XV-17701,MM-002
PSV-17702,MM-010
E-17703,MM-005
FCV-17704,MM-009
COL-17705,MM-008
V-17706,MM-005
P-17707,MM-003
V-17708,MM-007
K-17709,MM-005
LT-17710,MM-008
FT-17711,MM-003
XV-17712,MM-001
FCV-17713,MM-008
TT-17714,MM-008
P-17715,MM-007
K-17716,MM-002
XV-17717,MM-008
LT-17718,MM-004
PT-17719,MM-001
FT-17720,MM-001
XV-17721,MM-006
COL-17722,MM-007
TT-17723,MM-009
E-17724,MM-003
LT-17725,MM-010
FT-17726,MM-001
P-17727,MM-006
K-17728,MM-002
V-17729,MM-004
V-17730,MM-009
P-17731,MM-005
PT-17732,MM-002
P-17733,MM-008
COL-17734,MM-002
TT-17735,MM-005
LT-17736,MM-002
E-17737,MM-010
PSV-17738,MM-009
FCV-17739,MM-002
P-17740,MM-005
XV-17741,MM-008
FCV-17742,MM-004
FT-17743,MM-006
PT-17744,MM-002
E-17745,MM-001
P-17746,MM-003
XV-17747,MM-008
PT-17748,MM-009
E-17749,MM-007
PT-17750,MM-004
XV-17751,MM-005
XV-17752,MM-006
V-17753,MM-004
V-17754,MM-008
PT-17755,MM-001
LT-17756,MM-010
K-17757,MM-010
LT-17758,MM-008
TT-17759,MM-007
FCV-17760,MM-006
XV-17761,MM-004
P-17762,MM-002
FCV-17763,MM-004
XV-17764,MM-002
FCV-17765,MM-003
COL-17766,MM-003
LT-17767,MM-006
E-17768,MM-010
TT-17769,MM-010
K-17770,MM-007
PT-17771,MM-004
FT-17772,MM-002
E-17773,MM-010
K-17774,MM-009
K-17775,MM-001
PT-17776,MM-001
K-17777,MM-006
PT-17778,MM-009
E-17779,MM-006
XV-17780,MM-009
E-17781,MM-003
E-17782,MM-010
E-17783,MM-009
TT-17784,MM-003
XV-17785,MM-010
PT-17786,MM-004
LT-17787,MM-004
FT-17788,MM-008
COL-17789,MM-009
TT-17790,MM-003
XV-17791,MM-004
PT-17792,MM-010
PSV-17793,MM-003
E-17794,MM-002
FT-17795,MM-005
K-17796,MM-003
P-17797,MM-005
E-17798,MM-007
V-17799,MM-005
FCV-17800,MM-008
P-17801,MM-002
FCV-17802,MM-004
XV-17803,MM-007
V-17804,MM-010
COL-17805,MM-001
COL-17806,MM-004
TT-17807,MM-005
E-17808,MM-003
TT-17809,MM-002
K-17810,MM-006
PSV-17811,MM-003
P-17812,MM-003
V-17813,MM-010
K-17814,MM-006
E-17815,MM-002
XV-17816,MM-008
XV-17817,MM-003
V-17818,MM-005
COL-17819,MM-006
XV-17820,MM-006
K-17821,MM-004
FCV-17822,MM-003
E-17823,MM-010
FCV-17824,MM-007
PSV-17825,MM-009
XV-17826,MM-003
TT-17827,MM-002
P-17828,MM-004
E-17829,MM-006
XV-17830,MM-004
XV-17831,MM-010
FCV-17832,MM-006
FCV-17833,MM-009
XV-17834,MM-008
PT-17835,MM-009
E-17836,MM-010
P-17837,MM-004
PT-17838,MM-009
FT-17839,MM-010
K-17840,MM-005
V-17841,MM-009
FCV-17842,MM-007
PSV-17843,MM-009
V-17844,MM-010
PT-17845,MM-001
V-17846,MM-006
COL-17847,MM-007
XV-17848,MM-010
P-17849,MM-002
V-17850,MM-005
FCV-17851,MM-007
XV-17852,MM-008
P-17853,MM-006
E-17854,MM-004
TT-17855,MM-009
E-17856,MM-006
COL-17857,MM-002
K-17858,MM-006
FCV-17859,MM-007
PSV-17860,MM-005
FCV-17861,MM-010
TT-17862,MM-006
V-17863,MM-005
P-17864,MM-002
FT-17865,MM-004
XV-17866,MM-010
XV-17867,MM-005
FT-17868,MM-006
PSV-17869,MM-006
PSV-17870,MM-009
LT-17871,MM-006
PSV-17872,MM-010
E-17873,MM-005
LT-17874,MM-004
K-17875,MM-005
V-17876,MM-002
FT-17877,MM-004
COL-17878,MM-007
XV-17879,MM-010
K-17880,MM-005
TT-17881,MM-007
E-17882,MM-008
E-17883,MM-003
XV-17884,MM-002
E-17885,MM-008
FT-17886,MM-006
E-17887,MM-006
V-17888,MM-004
XV-17889,MM-001
TT-17890,MM-007
FT-17891,MM-003
FT-17892,MM-004
PT-17893,MM-003
PT-17894,MM-004
K-17895,MM-003
XV-17896,MM-007
P-17897,MM-002
K-17898,MM-003
PSV-17899,MM-002
E-17900,MM-010
TT-17901,MM-010
LT-17902,MM-008
XV-17903,MM-010
TT-17904,MM-007
TT-17905,MM-004
P-17906,MM-004
V-17907,MM-009
V-17908,MM-005
E-17909,MM-009
FCV-17910,MM-004
P-17911,MM-003
LT-17912,MM-006
PT-17913,MM-009
LT-17914,MM-010
P-17915,MM-002
V-17916,MM-010
COL-17917,MM-002
XV-17918,MM-006
XV-17919,MM-001
FT-17920,MM-007
XV-17921,MM-009
COL-17922,MM-005
V-17923,MM-006
FT-17924,MM-001
FT-17925,MM-004
P-17926,MM-001
K-17927,MM-009
P-17928,MM-005
XV-17929,MM-004
XV-17930,MM-009
COL-17931,MM-001
E-17932,MM-002
XV-17933,MM-008
V-17934,MM-008
FT-17935,MM-005
FCV-17936,MM-003
PT-17937,MM-008
E-17938,MM-004
LT-17939,MM-007
PSV-17940,MM-001
P-17941,MM-001
V-17942,MM-004
V-17943,MM-008
XV-17944,MM-002
TT-17945,MM-008
P-17946,MM-008
FCV-17947,MM-009
PSV-17948,MM-010
P-17949,MM-008
COL-17950,MM-002
E-17951,MM-009
XV-17952,MM-010
FT-17953,MM-008
K-17954,MM-008
LT-17955,MM-002
TT-17956,MM-004
FCV-17957,MM-001
FT-17958,MM-006
P-17959,MM-001
FCV-17960,MM-010
K-17961,MM-003
P-17962,MM-007
V-17963,MM-006
PSV-17964,MM-006
TT-17965,MM-006
FCV-17966,MM-003
LT-17967,MM-010
P-17968,MM-001
COL-17969,MM-008
E-17970,MM-003
PT-17971,MM-007
TT-17972,MM-010
TT-17973,MM-001
LT-17974,MM-006
P-17975,MM-004
P-17976,MM-010
K-17977,MM-010
P-17978,MM-006
V-17979,MM-005
FT-17980,MM-009
K-17981,MM-007
V-17982,MM-009
LT-17983,MM-009
TT-17984,MM-009
FCV-17985,MM-007
P-17986,MM-003
K-17987,MM-005
PSV-17988,MM-010
P-17989,MM-010
COL-17990,MM-006
LT-17991,MM-002
PT-17992,MM-003
V-17993,MM-004
TT-17994,MM-001
FT-17995,MM-009
LT-17996,MM-003
COL-17997,MM-001
LT-17998,MM-009
PT-17999,MM-004
TT-18000,MM-001
V-18001,MM-003
FT-18002,MM-007
P-18003,MM-006
K-18004,MM-006
FCV-18005,MM-007
FCV-18006,MM-004
COL-18007,MM-002
FT-18008,MM-005
PT-18009,MM-008
FCV-18010,MM-007
FT-18011,MM-001
K-18012,MM-003
FT-18013,MM-009
P-18014,MM-010
FCV-18015,MM-010
P-18016,MM-006
FT-18017,MM-005
E-18018,MM-005
XV-18019,MM-002
K-18020,MM-008
P-18021,MM-009
E-18022,MM-010
E-18023,MM-009
LT-18024,MM-004
E-18025,MM-002
TT-18026,MM-008
P-18027,MM-009
TT-18028,MM-005
LT-18029,MM-006
P-18030,MM-008
PSV-18031,MM-004
K-18032,MM-007
V-18033,MM-009
E-18034,MM-002
XV-18035,MM-008
P-18036,MM-008
XV-18037,MM-002
TT-18038,MM-008
V-18039,MM-005
E-18040,MM-002
P-18041,MM-002
K-18042,MM-010
K-18043,MM-005
LT-18044,MM-003
V-18045,MM-006
E-18046,MM-002
FCV-18047,MM-005
FCV-18048,MM-002
LT-18049,MM-008
PT-18050,MM-002
LT-18051,MM-002
FCV-18052,MM-008
E-18053,MM-008
PSV-18054,MM-003
PSV-18055,MM-004
COL-18056,MM-008
PSV-18057,MM-003
V-18058,MM-006
PSV-18059,MM-008
V-18060,MM-008
TT-18061,MM-002
XV-18062,MM-008
LT-18063,MM-004
P-18064,MM-005
PSV-18065,MM-007
COL-18066,MM-003
K-18067,MM-002
P-18068,MM-004
COL-18069,MM-003
FCV-18070,MM-005
P-18071,MM-007
PT-18072,MM-009
LT-18073,MM-005
PSV-18074,MM-008
PSV-18075,MM-001
P-18076,MM-003
P-18077,MM-002
LT-18078,MM-002
LT-18079,MM-009
K-18080,MM-008
PSV-18081,MM-005
P-18082,MM-005
P-18083,MM-002
K-18084,MM-001
P-18085,MM-003
P-18086,MM-002
K-18087,MM-005
FCV-18088,MM-009
V-18089,MM-004
V-18090,MM-008
P-18091,MM-005
LT-18092,MM-001
P-18093,MM-007
P-18094,MM-003
V-18095,MM-004
K-18096,MM-005
TT-18097,MM-004
FT-18098,MM-006
P-18099,MM-008
P-18100,MM-003
PT-18101,MM-002
FT-18102,MM-010
XV-18103,MM-005
E-18104,MM-009
E-18105,MM-003
FT-18106,MM-008
PSV-18107,MM-009
P-18108,MM-008
P-18109,MM-005
XV-18110,MM-008
FCV-18111,MM-005
FCV-18112,MM-008
LT-18113,MM-010
FT-18114,MM-004
PT-18115,MM-006
TT-18116,MM-007
P-18117,MM-008
XV-18118,MM-004
XV-18119,MM-010
K-18120,MM-005
FCV-18121,MM-009
PSV-18122,MM-005
FCV-18123,MM-010
P-18124,MM-006
P-18125,MM-007
TT-18126,MM-001
XV-18127,MM-004
K-18128,MM-008
PT-18129,MM-008
PT-18130,MM-007
FT-18131,MM-006
P-18132,MM-005
P-18133,MM-006
PSV-18134,MM-010
PSV-18135,MM-001
TT-18136,MM-002
K-18137,MM-008
LT-18138,MM-004
E-18139,MM-005
PT-18140,MM-002
XV-18141,MM-003
FT-18142,MM-009
K-18143,MM-006
TT-18144,MM-010
P-18145,MM-001
P-18146,MM-004
XV-18147,MM-005
XV-18148,MM-002
LT-18149,MM-005
PT-18150,MM-008
P-18151,MM-003
TT-18152,MM-009
LT-18153,MM-004
P-18154,MM-005
PSV-18155,MM-007
COL-18156,MM-001
P-18157,MM-010
PSV-18158,MM-008
P-18159,MM-008
K-18160,MM-004
PSV-18161,MM-009
FT-18162,MM-002
P-18163,MM-005
XV-18164,MM-008
PT-18165,MM-009
FT-18166,MM-008
PT-18167,MM-002
PT-18168,MM-009
P-18169,MM-001
V-18170,MM-002
P-18171,MM-008
FT-18172,MM-009
K-18173,MM-008
V-18174,MM-008
FCV-18175,MM-009
K-18176,MM-010
PSV-18177,MM-001
K-18178,MM-002
PSV-18179,MM-005
E-18180,MM-001
LT-18181,MM-008
COL-18182,MM-010
TT-18183,MM-007
K-18184,MM-007
FCV-18185,MM-001
FCV-18186,MM-005
PSV-18187,MM-004
V-18188,MM-004
P-18189,MM-009
FCV-18190,MM-008
LT-18191,MM-003
P-18192,MM-009
LT-18193,MM-008
FT-18194,MM-007
P-18195,MM-009
FT-18196,MM-009
FT-18197,MM-006
E-18198,MM-003
P-18199,MM-001
P-18200,MM-005
LT-18201,MM-006
E-18202,MM-004
PT-18203,MM-010
P-18204,MM-005
XV-18205,MM-010
P-18206,MM-004
PSV-18207,MM-005
P-18208,MM-001
TT-18209,MM-006
FT-18210,MM-010
P-18211,MM-003
K-18212,MM-009
FCV-18213,MM-010
P-18214,MM-006
P-18215,MM-004
PSV-18216,MM-005
TT-18217,MM-004
P-18218,MM-004
P-18219,MM-008
K-18220,MM-006
XV-18221,MM-008
E-18222,MM-006
LT-18223,MM-009
PT-18224,MM-004
LT-18225,MM-004
PT-18226,MM-001
P-18227,MM-004
K-18228,MM-003
P-18229,MM-003
TT-18230,MM-010
E-18231,MM-003
FT-18232,MM-010
FCV-18233,MM-001
V-18234,MM-009
FCV-18235,MM-009
LT-18236,MM-003
E-18237,MM-001
K-18238,MM-004
PSV-18239,MM-006
COL-18240,MM-001
K-18241,MM-002
COL-18242,MM-009
LT-18243,MM-010
P-18244,MM-001
FCV-18245,MM-003
FCV-18246,MM-006
FT-18247,MM-008
K-18248,MM-008
XV-18249,MM-003
K-18250,MM-005
E-18251,MM-010
TT-18252,MM-010
PSV-18253,MM-004
PSV-18254,MM-007
K-18255,MM-003
PT-18256,MM-010
COL-18257,MM-008
TT-18258,MM-003
PT-18259,MM-007
COL-18260,MM-005
PT-18261,MM-008
P-18262,MM-005
LT-18263,MM-003
K-18264,MM-001
V-18265,MM-001
K-18266,MM-010
P-18267,MM-006
FCV-18268,MM-008
E-18269,MM-005
PT-18270,MM-009
PT-18271,MM-003
P-18272,MM-004
PSV-18273,MM-001
COL-18274,MM-002
E-18275,MM-006
E-18276,MM-007
K-18277,MM-004
FCV-18278,MM-001
PT-18279,MM-005
PSV-18280,MM-004
PT-18281,MM-006
PT-18282,MM-007
P-18283,MM-010
FT-18284,MM-001
P-18285,MM-006
PSV-18286,MM-010
P-18287,MM-010
PSV-18288,MM-006
LT-18289,MM-006
PSV-18290,MM-008
TT-18291,MM-003
V-18292,MM-006
P-18293,MM-005
P-18294,MM-008
XV-18295,MM-005
COL-18296,MM-006
TT-18297,MM-003
V-18298,MM-010
LT-18299,MM-007
PSV-18300,MM-007
LT-18301,MM-008
XV-18302,MM-008
PSV-18303,MM-006
E-18304,MM-007
FCV-18305,MM-006
P-18306,MM-010
LT-18307,MM-005
COL-18308,MM-010
PSV-18309,MM-003
E-18310,MM-002
PSV-18311,MM-009
TT-18312,MM-005
PT-18313,MM-001
E-18314,MM-009
P-18315,MM-010
PT-18316,MM-003
COL-18317,MM-008
TT-18318,MM-003
P-18319,MM-010
TT-18320,MM-009
P-18321,MM-008
P-18322,MM-003
V-18323,MM-002
P-18324,MM-008
E-18325,MM-002
FCV-18326,MM-001
PSV-18327,MM-001
PT-18328,MM-003
PT-18329,MM-005
FCV-18330,MM-002
P-18331,MM-006
P-18332,MM-004
V-18333,MM-009
FCV-18334,MM-008
K-18335,MM-005
LT-18336,MM-002
PT-18337,MM-001
COL-18338,MM-007
E-18339,MM-001
LT-18340,MM-009
K-18341,MM-009
P-18342,MM-010
FCV-18343,MM-010
V-18344,MM-010
XV-18345,MM-005
TT-18346,MM-004
LT-18347,MM-005
FT-18348,MM-010
LT-18349,MM-007
XV-18350,MM-008
FCV-18351,MM-002
COL-18352,MM-002
PT-18353,MM-006
P-18354,MM-007
PSV-18355,MM-004
E-18356,MM-009
P-18357,MM-008
FCV-18358,MM-009
TT-18359,MM-009
P-18360,MM-009
PSV-18361,MM-006
P-18362,MM-002
E-18363,MM-001
FT-18364,MM-009
FCV-18365,MM-003
V-18366,MM-010
E-18367,MM-002
LT-18368,MM-010
P-18369,MM-009
FT-18370,MM-009
FT-18371,MM-003
LT-18372,MM-004
FCV-18373,MM-009
K-18374,MM-009
LT-18375,MM-006
V-18376,MM-005
P-18377,MM-004
K-18378,MM-010
P-18379,MM-006
P-18380,MM-002
K-18381,MM-006
V-18382,MM-006
V-18383,MM-002
FCV-18384,MM-004
P-18385,MM-007
E-18386,MM-005
PSV-18387,MM-006
LT-18388,MM-006
K-18389,MM-008
COL-18390,MM-005
FCV-18391,MM-009
XV-18392,MM-008
LT-18393,MM-006
TT-18394,MM-007
K-18395,MM-007
FT-18396,MM-007
COL-18397,MM-002
COL-18398,MM-008
TT-18399,MM-003
TT-18400,MM-007
P-18401,MM-010
V-18402,MM-007
V-18403,MM-003
P-18404,MM-002
K-18405,MM-003
P-18406,MM-003
V-18407,MM-004
P-18408,MM-008
FT-18409,MM-006
P-18410,MM-002
TT-18411,MM-005
FT-18412,MM-008
XV-18413,MM-008
PT-18414,MM-008
LT-18415,MM-005
P-18416,MM-002
K-18417,MM-003
FT-18418,MM-006
COL-18419,MM-007
LT-18420,MM-002
PSV-18421,MM-002
FCV-18422,MM-006
TT-18423,MM-003
K-18424,MM-004
P-18425,MM-006
PSV-18426,MM-003
TT-18427,MM-004
PSV-18428,MM-009
LT-18429,MM-006
V-18430,MM-001
FT-18431,MM-005
P-18432,MM-008
PT-18433,MM-001
P-18434,MM-004
XV-18435,MM-003
TT-18436,MM-002
FT-18437,MM-007
COL-18438,MM-001
K-18439,MM-006
PSV-18440,MM-008
TT-18441,MM-003
P-18442,MM-001
P-18443,MM-004
FT-18444,MM-002
V-18445,MM-003
PSV-18446,MM-006
P-18447,MM-006
PSV-18448,MM-010
PT-18449,MM-010
P-18450,MM-008
FT-18451,MM-009
PT-18452,MM-004
K-18453,MM-006
K-18454,MM-004
PSV-18455,MM-006
FT-18456,MM-010
V-18457,MM-003
V-18458,MM-006
P-18459,MM-009
P-18460,MM-001
K-18461,MM-008
COL-18462,MM-001
P-18463,MM-010
PSV-18464,MM-008
K-18465,MM-005
LT-18466,MM-007
K-18467,MM-009
COL-18468,MM-003
FT-18469,MM-009
P-18470,MM-006
PT-18471,MM-008
PT-18472,MM-010
PT-18473,MM-005
LT-18474,MM-006
PT-18475,MM-007
V-18476,MM-006
LT-18477,MM-002
FT-18478,MM-008
FCV-18479,MM-003
PSV-18480,MM-001
P-18481,MM-003
V-18482,MM-002
PT-18483,MM-006
K-18484,MM-004
COL-18485,MM-006
P-18486,MM-009
K-18487,MM-002
FT-18488,MM-001
PSV-18489,MM-001
XV-18490,MM-006
V-18491,MM-002
K-18492,MM-003
E-18493,MM-010
FCV-18494,MM-001
E-18495,MM-001
P-18496,MM-006
E-18497,MM-010
P-18498,MM-010
LT-18499,MM-009
E-18500,MM-008
PSV-18501,MM-001
PT-18502,MM-003
FCV-18503,MM-003
PSV-18504,MM-001
PT-18505,MM-005
FCV-18506,MM-005
P-18507,MM-007
P-18508,MM-010
COL-18509,MM-007
COL-18510,MM-003
E-18511,MM-004
TT-18512,MM-007
LT-18513,MM-010
COL-18514,MM-002
FCV-18515,MM-001
PT-18516,MM-007
E-18517,MM-002
COL-18518,MM-008
PT-18519,MM-006
XV-18520,MM-004
TT-18521,MM-007
P-18522,MM-009
K-18523,MM-010
FT-18524,MM-001
FCV-18525,MM-006
FT-18526,MM-006
XV-18527,MM-007
XV-18528,MM-010
PSV-18529,MM-004
PSV-18530,MM-009
FCV-18531,MM-002
FCV-18532,MM-009
FCV-18533,MM-005
V-18534,MM-005
PSV-18535,MM-004
V-18536,MM-002
XV-18537,MM-001
P-18538,MM-007
LT-18539,MM-003
LT-18540,MM-004
K-18541,MM-004
V-18542,MM-002
XV-18543,MM-005
FT-18544,MM-006
FCV-18545,MM-003
P-18546,MM-009
TT-18547,MM-002
TT-18548,MM-008
K-18549,MM-003
K-18550,MM-010
PT-18551,MM-006
P-18552,MM-007
TT-18553,MM-004
K-18554,MM-009
PT-18555,MM-006
COL-18556,MM-005
P-18557,MM-010
P-18558,MM-009
K-18559,MM-005
TT-18560,MM-006
COL-18561,MM-001
E-18562,MM-005
PT-18563,MM-005
COL-18564,MM-001
E-18565,MM-010
LT-18566,MM-010
FT-18567,MM-007
TT-18568,MM-006
P-18569,MM-007
P-18570,MM-008
LT-18571,MM-009
P-18572,MM-005
COL-18573,MM-010
K-18574,MM-002
COL-18575,MM-009
PT-18576,MM-008
K-18577,MM-005
PSV-18578,MM-009
P-18579,MM-010
FT-18580,MM-006
P-18581,MM-005
P-18582,MM-009
LT-18583,MM-009
FT-18584,MM-006
V-18585,MM-009
K-18586,MM-004
TT-18587,MM-007
E-18588,MM-005
P-18589,MM-005
COL-18590,MM-007
V-18591,MM-010
LT-18592,MM-007
P-18593,MM-010
XV-18594,MM-003
COL-18595,MM-004
XV-18596,MM-005
XV-18597,MM-003
TT-18598,MM-002
P-18599,MM-004
COL-18600,MM-003
PT-18601,MM-001
PSV-18602,MM-010
PT-18603,MM-010
FT-18604,MM-008
LT-18605,MM-001
FCV-18606,MM-006
PT-18607,MM-001
COL-18608,MM-009
TT-18609,MM-003
FCV-18610,MM-009
LT-18611,MM-001
P-18612,MM-009
FT-18613,MM-008
P-18614,MM-004
PSV-18615,MM-003
V-18616,MM-003
PT-18617,MM-004
K-18618,MM-001
XV-18619,MM-004
COL-18620,MM-005
PSV-18621,MM-003
FCV-18622,MM-010
V-18623,MM-002
COL-18624,MM-005
PT-18625,MM-003
V-18626,MM-002
FCV-18627,MM-005
E-18628,MM-010
V-18629,MM-006
V-18630,MM-009
E-18631,MM-004
E-18632,MM-007
COL-18633,MM-003
PT-18634,MM-010
K-18635,MM-008
K-18636,MM-003
PSV-18637,MM-002
FCV-18638,MM-001
FCV-18639,MM-002
PSV-18640,MM-004
PSV-18641,MM-008
K-18642,MM-006
FCV-18643,MM-009
COL-18644,MM-009
V-18645,MM-008
PT-18646,MM-003
E-18647,MM-005
K-18648,MM-001
LT-18649,MM-008
P-18650,MM-006
E-18651,MM-010
P-18652,MM-010
V-18653,MM-007
P-18654,MM-008
LT-18655,MM-007
PSV-18656,MM-008
P-18657,MM-005
TT-18658,MM-004
K-18659,MM-009
PT-18660,MM-009
LT-18661,MM-010
XV-18662,MM-008
FT-18663,MM-004
TT-18664,MM-004
V-18665,MM-004
FT-18666,MM-007
PSV-18667,MM-004
K-18668,MM-009
TT-18669,MM-010
E-18670,MM-002
E-18671,MM-008
FCV-18672,MM-004
K-18673,MM-006
COL-18674,MM-006
K-18675,MM-001
LT-18676,MM-009
TT-18677,MM-009
PT-18678,MM-009
V-18679,MM-007
P-18680,MM-004
LT-18681,MM-006
FT-18682,MM-008
LT-18683,MM-003
P-18684,MM-008
K-18685,MM-005
E-18686,MM-008
P-18687,MM-010
V-18688,MM-003
LT-18689,MM-003
P-18690,MM-006
PSV-18691,MM-002
COL-18692,MM-008
PSV-18693,MM-001
FCV-18694,MM-005
V-18695,MM-005
FCV-18696,MM-002
P-18697,MM-005
PSV-18698,MM-007
P-18699,MM-007
XV-18700,MM-010
TT-18701,MM-009
V-18702,MM-009
E-18703,MM-006
PSV-18704,MM-008
V-18705,MM-005
P-18706,MM-010
K-18707,MM-010
FT-18708,MM-010
XV-18709,MM-002
XV-18710,MM-008
COL-18711,MM-006
P-18712,MM-001
P-18713,MM-006
E-18714,MM-010
PT-18715,MM-003
E-18716,MM-009
PSV-18717,MM-001
PT-18718,MM-001
K-18719,MM-007
E-18720,MM-003
E-18721,MM-002
XV-18722,MM-008
COL-18723,MM-001
E-18724,MM-005
TT-18725,MM-009
FCV-18726,MM-002
LT-18727,MM-008
P-18728,MM-002
K-18729,MM-001
K-18730,MM-002
E-18731,MM-008
XV-18732,MM-001
E-18733,MM-005
P-18734,MM-005
P-18735,MM-009
PT-18736,MM-001
PSV-18737,MM-009
K-18738,MM-001
TT-18739,MM-006
PSV-18740,MM-008
XV-18741,MM-001
LT-18742,MM-010
V-18743,MM-004
PT-18744,MM-009
K-18745,MM-002
K-18746,MM-009
XV-18747,MM-003
TT-18748,MM-004
K-18749,MM-008
P-18750,MM-009
FT-18751,MM-009
E-18752,MM-006
P-18753,MM-008
XV-18754,MM-005
PSV-18755,MM-008
P-18756,MM-009
K-18757,MM-005
LT-18758,MM-001
K-18759,MM-007
K-18760,MM-004
XV-18761,MM-008
COL-18762,MM-010
LT-18763,MM-007
PT-18764,MM-004
XV-18765,MM-001
TT-18766,MM-004
XV-18767,MM-009
COL-18768,MM-001
FT-18769,MM-007
PSV-18770,MM-008
PT-18771,MM-006
V-18772,MM-003
V-18773,MM-004
PT-18774,MM-009
E-18775,MM-004
FCV-18776,MM-003
LT-18777,MM-004
E-18778,MM-004
XV-18779,MM-009
FT-18780,MM-002
TT-18781,MM-004
PSV-18782,MM-005
LT-18783,MM-005
P-18784,MM-001
TT-18785,MM-007
PSV-18786,MM-003
PT-18787,MM-001
FCV-18788,MM-001
V-18789,MM-005
XV-18790,MM-004
P-18791,MM-010
P-18792,MM-005
V-18793,MM-003
COL-18794,MM-005
V-18795,MM-006
V-18796,MM-003
COL-18797,MM-008
E-18798,MM-003
COL-18799,MM-006
LT-18800,MM-001
FT-18801,MM-006
P-18802,MM-005
PT-18803,MM-004
COL-18804,MM-003
FT-18805,MM-006
V-18806,MM-004
P-18807,MM-009
K-18808,MM-006
FCV-18809,MM-007
FT-18810,MM-002
TT-18811,MM-005
LT-18812,MM-001
FT-18813,MM-005
V-18814,MM-003
FT-18815,MM-007
K-18816,MM-005
COL-18817,MM-005
K-18818,MM-008
V-18819,MM-008
PSV-18820,MM-004
COL-18821,MM-008
V-18822,MM-005
E-18823,MM-005
TT-18824,MM-008
V-18825,MM-009
E-18826,MM-010
E-18827,MM-009
FCV-18828,MM-010
K-18829,MM-005
P-18830,MM-004
COL-18831,MM-003
P-18832,MM-010
LT-18833,MM-001
PT-18834,MM-009
LT-18835,MM-007
E-18836,MM-008
V-18837,MM-009
K-18838,MM-005
LT-18839,MM-003
PT-18840,MM-007
XV-18841,MM-004
P-18842,MM-005
LT-18843,MM-006
FT-18844,MM-009
V-18845,MM-004
TT-18846,MM-001
K-18847,MM-005
LT-18848,MM-007
FCV-18849,MM-007
LT-18850,MM-009
PT-18851,MM-005
E-18852,MM-007
FCV-18853,MM-006
COL-18854,MM-008
P-18855,MM-008
PSV-18856,MM-004
K-18857,MM-009
XV-18858,MM-006
LT-18859,MM-009
TT-18860,MM-008
TT-18861,MM-006
PT-18862,MM-003
FT-18863,MM-001
V-18864,MM-009
PT-18865,MM-006
V-18866,MM-002
TT-18867,MM-003
FCV-18868,MM-008
PSV-18869,MM-007
COL-18870,MM-010
LT-18871,MM-007
TT-18872,MM-010
XV-18873,MM-007
PSV-18874,MM-007
PT-18875,MM-004
V-18876,MM-006
TT-18877,MM-005
E-18878,MM-009
P-18879,MM-008
K-18880,MM-006
K-18881,MM-007
K-18882,MM-001
E-18883,MM-007
K-18884,MM-008
FT-18885,MM-006
P-18886,MM-005
FCV-18887,MM-001
FT-18888,MM-004
PT-18889,MM-010
P-18890,MM-010
XV-18891,MM-001
E-18892,MM-007
PSV-18893,MM-008
TT-18894,MM-001
K-18895,MM-010
P-18896,MM-002
K-18897,MM-006
FCV-18898,MM-007
K-18899,MM-010
K-18900,MM-003
E-18901,MM-002
PT-18902,MM-004
TT-18903,MM-001
XV-18904,MM-006
K-18905,MM-009
TT-18906,MM-006
FT-18907,MM-008
LT-18908,MM-010
FT-18909,MM-004
P-18910,MM-005
P-18911,MM-006
FT-18912,MM-002
FCV-18913,MM-008
E-18914,MM-006
K-18915,MM-005
P-18916,MM-007
E-18917,MM-009
TT-18918,MM-001
P-18919,MM-003
PSV-18920,MM-009
FCV-18921,MM-006
LT-18922,MM-010
P-18923,MM-002
FT-18924,MM-002
P-18925,MM-003
P-18926,MM-004
TT-18927,MM-003
V-18928,MM-001
PSV-18929,MM-008
K-18930,MM-003
COL-18931,MM-006
FCV-18932,MM-010
FCV-18933,MM-005
K-18934,MM-004
XV-18935,MM-006
XV-18936,MM-007
E-18937,MM-004
E-18938,MM-010
COL-18939,MM-003
K-18940,MM-004
FCV-18941,MM-010
P-18942,MM-009
K-18943,MM-002
E-18944,MM-005
V-18945,MM-009
FCV-18946,MM-005
V-18947,MM-005
XV-18948,MM-006
PT-18949,MM-003
P-18950,MM-005
FCV-18951,MM-004
PT-18952,MM-007
P-18953,MM-010
PT-18954,MM-005
FCV-18955,MM-008
PT-18956,MM-002
TT-18957,MM-001
COL-18958,MM-007
LT-18959,MM-001
FCV-18960,MM-004
P-18961,MM-001
PT-18962,MM-004
FCV-18963,MM-010
P-18964,MM-001
LT-18965,MM-003
P-18966,MM-009
K-18967,MM-004
P-18968,MM-004
K-18969,MM-003
XV-18970,MM-005
FCV-18971,MM-001
P-18972,MM-008
V-18973,MM-003
E-18974,MM-010
V-18975,MM-008
PSV-18976,MM-006
PT-18977,MM-006
P-18978,MM-009
P-18979,MM-010
P-18980,MM-010
E-18981,MM-003
LT-18982,MM-008
LT-18983,MM-007
XV-18984,MM-006
FCV-18985,MM-010
LT-18986,MM-006
PT-18987,MM-007
PSV-18988,MM-004
V-18989,MM-002
PT-18990,MM-009
LT-18991,MM-008
P-18992,MM-002
FCV-18993,MM-004
K-18994,MM-002
XV-18995,MM-009
V-18996,MM-005
V-18997,MM-006
TT-18998,MM-008
XV-18999,MM-003
XV-19000,MM-004
LT-19001,MM-005
XV-19002,MM-001
P-19003,MM-001
K-19004,MM-009
FT-19005,MM-004
K-19006,MM-002
PSV-19007,MM-008
V-19008,MM-009
P-19009,MM-005
P-19010,MM-005
COL-19011,MM-010
PSV-19012,MM-010
V-19013,MM-004
P-19014,MM-008
V-19015,MM-010
V-19016,MM-005
E-19017,MM-005
K-19018,MM-004
PSV-19019,MM-009
TT-19020,MM-003
V-19021,MM-005
E-19022,MM-005
LT-19023,MM-005
LT-19024,MM-006
COL-19025,MM-009
K-19026,MM-001
PSV-19027,MM-002
PSV-19028,MM-007
K-19029,MM-001
V-19030,MM-003
P-19031,MM-002
FT-19032,MM-004
K-19033,MM-005
P-19034,MM-007
PSV-19035,MM-001
K-19036,MM-004
FT-19037,MM-003
FT-19038,MM-004
FT-19039,MM-006
FCV-19040,MM-007
TT-19041,MM-001
XV-19042,MM-002
E-19043,MM-008
E-19044,MM-003
FCV-19045,MM-010
PSV-19046,MM-007
K-19047,MM-003
PT-19048,MM-003
COL-19049,MM-007
LT-19050,MM-002
P-19051,MM-001
TT-19052,MM-007
P-19053,MM-008
COL-19054,MM-007
K-19055,MM-008
XV-19056,MM-001
COL-19057,MM-006
PT-19058,MM-005
TT-19059,MM-001
P-19060,MM-006
K-19061,MM-006
COL-19062,MM-006
COL-19063,MM-007
XV-19064,MM-008
FT-19065,MM-004
FCV-19066,MM-009
FCV-19067,MM-010
PSV-19068,MM-003
XV-19069,MM-005
FT-19070,MM-005
P-19071,MM-010
COL-19072,MM-004
TT-19073,MM-008
E-19074,MM-001
FT-19075,MM-006
PSV-19076,MM-009
TT-19077,MM-001
E-19078,MM-004
P-19079,MM-010
V-19080,MM-006
K-19081,MM-010
P-19082,MM-006
E-19083,MM-010
PSV-19084,MM-002
P-19085,MM-004
COL-19086,MM-003
K-19087,MM-006
FCV-19088,MM-007
PT-19089,MM-009
P-19090,MM-003
K-19091,MM-005
FCV-19092,MM-004
FCV-19093,MM-007
V-19094,MM-004
V-19095,MM-009
P-19096,MM-003
P-19097,MM-004
V-19098,MM-007
K-19099,MM-005
XV-19100,MM-009
E-19101,MM-003
P-19102,MM-007
LT-19103,MM-003
K-19104,MM-001
FCV-19105,MM-008
K-19106,MM-008
V-19107,MM-006
PT-19108,MM-003
K-19109,MM-009
K-19110,MM-001
P-19111,MM-001
K-19112,MM-007
FT-19113,MM-002
COL-19114,MM-002
P-19115,MM-007
K-19116,MM-007
E-19117,MM-002
FCV-19118,MM-003
COL-19119,MM-001
PT-19120,MM-007
P-19121,MM-002
TT-19122,MM-001
LT-19123,MM-006
P-19124,MM-004
P-19125,MM-009
LT-19126,MM-009
P-19127,MM-002
TT-19128,MM-001
K-19129,MM-007
FCV-19130,MM-007
P-19131,MM-005
FT-19132,MM-009
P-19133,MM-002
P-19134,MM-009
LT-19135,MM-005
PSV-19136,MM-007
LT-19137,MM-004
PT-19138,MM-010
P-19139,MM-004
XV-19140,MM-001
K-19141,MM-004
E-19142,MM-008
FT-19143,MM-004
FT-19144,MM-008
PT-19145,MM-004
FT-19146,MM-002
LT-19147,MM-009
P-19148,MM-002
K-19149,MM-005
V-19150,MM-010
K-19151,MM-006
PSV-19152,MM-003
FCV-19153,MM-009
V-19154,MM-002
V-19155,MM-009
FT-19156,MM-009
XV-19157,MM-008
P-19158,MM-009
PSV-19159,MM-010
P-19160,MM-007
TT-19161,MM-001
FCV-19162,MM-009
V-19163,MM-002
XV-19164,MM-003
K-19165,MM-004
TT-19166,MM-005
LT-19167,MM-006
P-19168,MM-001
P-19169,MM-010
PSV-19170,MM-005
TT-19171,MM-004
FT-19172,MM-010
PSV-19173,MM-010
XV-19174,MM-002
P-19175,MM-005
COL-19176,MM-003
COL-19177,MM-005
COL-19178,MM-008
XV-19179,MM-001
PSV-19180,MM-006
XV-19181,MM-010
PSV-19182,MM-001
LT-19183,MM-008
P-19184,MM-005
P-19185,MM-006
FT-19186,MM-009
TT-19187,MM-008
P-19188,MM-005
LT-19189,MM-008
P-19190,MM-002
XV-19191,MM-001
P-19192,MM-010
COL-19193,MM-009
XV-19194,MM-010
P-19195,MM-007
K-19196,MM-007
P-19197,MM-005
PT-19198,MM-003
P-19199,MM-007
PSV-19200,MM-001
PSV-19201,MM-010
E-19202,MM-005
V-19203,MM-009
P-19204,MM-001
P-19205,MM-002
XV-19206,MM-003
V-19207,MM-003
COL-19208,MM-009
FT-19209,MM-002
PT-19210,MM-007
XV-19211,MM-008
K-19212,MM-001
K-19213,MM-005
FCV-19214,MM-006
FCV-19215,MM-002
XV-19216,MM-007
PT-19217,MM-004
TT-19218,MM-001
FT-19219,MM-009
PT-19220,MM-010
K-19221,MM-010
E-19222,MM-007
FT-19223,MM-001
V-19224,MM-009
XV-19225,MM-004
P-19226,MM-002
LT-19227,MM-002
PSV-19228,MM-005
E-19229,MM-006
P-19230,MM-005
P-19231,MM-006
FT-19232,MM-001
P-19233,MM-008
E-19234,MM-006
XV-19235,MM-008
PT-19236,MM-009
LT-19237,MM-008
V-19238,MM-007
V-19239,MM-008
PT-19240,MM-003
FCV-19241,MM-003
PT-19242,MM-009
FT-19243,MM-007
K-19244,MM-009
PSV-19245,MM-010
COL-19246,MM-006
XV-19247,MM-009
COL-19248,MM-010
LT-19249,MM-007
P-19250,MM-002
FT-19251,MM-006
V-19252,MM-001
LT-19253,MM-003
PT-19254,MM-008
FT-19255,MM-009
P-19256,MM-005
V-19257,MM-010
COL-19258,MM-005
LT-19259,MM-010
XV-19260,MM-003
COL-19261,MM-002
E-19262,MM-008
FCV-19263,MM-004
E-19264,MM-005
XV-19265,MM-009
V-19266,MM-010
TT-19267,MM-004
V-19268,MM-002
COL-19269,MM-003
FCV-19270,MM-009
FT-19271,MM-010
E-19272,MM-003
FCV-19273,MM-008
E-19274,MM-006
XV-19275,MM-010
LT-19276,MM-008
FT-19277,MM-006
COL-19278,MM-003
PSV-19279,MM-002
PSV-19280,MM-007
PSV-19281,MM-003
P-19282,MM-003
PT-19283,MM-004
P-19284,MM-008
PSV-19285,MM-010
PT-19286,MM-002
LT-19287,MM-002
E-19288,MM-004
P-19289,MM-004
XV-19290,MM-001
TT-19291,MM-002
P-19292,MM-005
V-19293,MM-010
V-19294,MM-001
FCV-19295,MM-001
P-19296,MM-008
XV-19297,MM-004
XV-19298,MM-008
XV-19299,MM-003
COL-19300,MM-005
K-19301,MM-009
XV-19302,MM-007
P-19303,MM-003
XV-19304,MM-008
LT-19305,MM-004
K-19306,MM-002
TT-19307,MM-006
COL-19308,MM-003
FT-19309,MM-006
LT-19310,MM-001
COL-19311,MM-001
P-19312,MM-006
P-19313,MM-007
LT-19314,MM-004
V-19315,MM-001
TT-19316,MM-008
E-19317,MM-001
V-19318,MM-001
P-19319,MM-004
V-19320,MM-009
FCV-19321,MM-008
K-19322,MM-008
FT-19323,MM-006
FT-19324,MM-008
XV-19325,MM-008
FT-19326,MM-002
V-19327,MM-006
XV-19328,MM-007
PT-19329,MM-009
K-19330,MM-004
PT-19331,MM-002
FT-19332,MM-004
P-19333,MM-005
PSV-19334,MM-007
XV-19335,MM-005
XV-19336,MM-004
TT-19337,MM-005
TT-19338,MM-006
V-19339,MM-005
PT-19340,MM-004
LT-19341,MM-004
PSV-19342,MM-006
P-19343,MM-002
PSV-19344,MM-010
P-19345,MM-003
V-19346,MM-004
K-19347,MM-005
K-19348,MM-006
K-19349,MM-009
P-19350,MM-009
P-19351,MM-005
TT-19352,MM-009
P-19353,MM-007
FCV-19354,MM-007
PSV-19355,MM-008
TT-19356,MM-001
V-19357,MM-005
PSV-19358,MM-005
PSV-19359,MM-001
COL-19360,MM-004
V-19361,MM-004
K-19362,MM-003
P-19363,MM-010
TT-19364,MM-005
COL-19365,MM-003
FCV-19366,MM-006
COL-19367,MM-008
PT-19368,MM-005
V-19369,MM-003
PT-19370,MM-006
COL-19371,MM-001
XV-19372,MM-006
COL-19373,MM-007
P-19374,MM-008
E-19375,MM-010
V-19376,MM-006
P-19377,MM-009
K-19378,MM-004
P-19379,MM-002
V-19380,MM-008
P-19381,MM-003
P-19382,MM-005
P-19383,MM-008
XV-19384,MM-004
FT-19385,MM-001
COL-19386,MM-001
LT-19387,MM-006
COL-19388,MM-005
E-19389,MM-001
FT-19390,MM-006
K-19391,MM-009
E-19392,MM-007
XV-19393,MM-002
TT-19394,MM-009
FCV-19395,MM-002
FCV-19396,MM-008
FT-19397,MM-005
E-19398,MM-001
LT-19399,MM-005
P-19400,MM-010
PT-19401,MM-008
FCV-19402,MM-005
FT-19403,MM-005
LT-19404,MM-002
LT-19405,MM-005
COL-19406,MM-008
PSV-19407,MM-010
E-19408,MM-005
V-19409,MM-002
LT-19410,MM-004
P-19411,MM-003
XV-19412,MM-008
PT-19413,MM-008
P-19414,MM-005
XV-19415,MM-010
P-19416,MM-007
K-19417,MM-004
PT-19418,MM-002
E-19419,MM-003
P-19420,MM-001
P-19421,MM-007
K-19422,MM-001
FCV-19423,MM-010
PT-19424,MM-002
P-19425,MM-009
COL-19426,MM-002
P-19427,MM-004
XV-19428,MM-001
PT-19429,MM-007
P-19430,MM-002
P-19431,MM-009
P-19432,MM-005
PT-19433,MM-006
PSV-19434,MM-001
V-19435,MM-001
TT-19436,MM-005
FCV-19437,MM-002
TT-19438,MM-002
V-19439,MM-006
XV-19440,MM-006
K-19441,MM-002
LT-19442,MM-001
PSV-19443,MM-003
LT-19444,MM-010
P-19445,MM-002
LT-19446,MM-004
FCV-19447,MM-009
PSV-19448,MM-008
FCV-19449,MM-002
COL-19450,MM-002
XV-19451,MM-009
LT-19452,MM-004
LT-19453,MM-010
TT-19454,MM-009
FCV-19455,MM-004
TT-19456,MM-007
TT-19457,MM-009
TT-19458,MM-003
P-19459,MM-001
V-19460,MM-004
K-19461,MM-001
LT-19462,MM-009
FCV-19463,MM-010
FT-19464,MM-004
FCV-19465,MM-006
K-19466,MM-009
K-19467,MM-001
COL-19468,MM-002
FCV-19469,MM-003
PSV-19470,MM-001
PT-19471,MM-010
FCV-19472,MM-001
FCV-19473,MM-002
P-19474,MM-003
LT-19475,MM-001
K-19476,MM-003
TT-19477,MM-004
XV-19478,MM-005
P-19479,MM-009
V-19480,MM-006
E-19481,MM-009
FCV-19482,MM-004
FT-19483,MM-005
V-19484,MM-004
E-19485,MM-003
LT-19486,MM-009
P-19487,MM-007
LT-19488,MM-010
PSV-19489,MM-006
FT-19490,MM-007
P-19491,MM-009
COL-19492,MM-005
TT-19493,MM-008
XV-19494,MM-001
P-19495,MM-001
K-19496,MM-008
PSV-19497,MM-005
FCV-19498,MM-010
FT-19499,MM-003
TT-19500,MM-005
TT-19501,MM-002
E-19502,MM-010
FCV-19503,MM-002
PSV-19504,MM-004
K-19505,MM-009
XV-19506,MM-003
PT-19507,MM-010
V-19508,MM-007
K-19509,MM-005
V-19510,MM-003
LT-19511,MM-003
P-19512,MM-010
E-19513,MM-006
P-19514,MM-006
TT-19515,MM-007
P-19516,MM-010
LT-19517,MM-001
E-19518,MM-001
P-19519,MM-003
XV-19520,MM-008
XV-19521,MM-006
LT-19522,MM-008
FT-19523,MM-010
P-19524,MM-007
XV-19525,MM-006
PSV-19526,MM-008
TT-19527,MM-003
P-19528,MM-001
TT-19529,MM-008
COL-19530,MM-003
K-19531,MM-010
PT-19532,MM-006
TT-19533,MM-003
PSV-19534,MM-002
P-19535,MM-002
FCV-19536,MM-002
P-19537,MM-003
COL-19538,MM-009
TT-19539,MM-001
PSV-19540,MM-004
K-19541,MM-005
PT-19542,MM-008
LT-19543,MM-010
FCV-19544,MM-003
XV-19545,MM-003
FCV-19546,MM-006
E-19547,MM-009
COL-19548,MM-007
FCV-19549,MM-005
PSV-19550,MM-009
V-19551,MM-008
PSV-19552,MM-005
P-19553,MM-005
PSV-19554,MM-007
COL-19555,MM-005
K-19556,MM-008
P-19557,MM-008
PT-19558,MM-001
P-19559,MM-004
FCV-19560,MM-002
V-19561,MM-006
P-19562,MM-005
FCV-19563,MM-004
PT-19564,MM-007
PSV-19565,MM-009
FT-19566,MM-007
K-19567,MM-004
E-19568,MM-009
E-19569,MM-003
LT-19570,MM-009
P-19571,MM-005
E-19572,MM-007
K-19573,MM-006
K-19574,MM-007
XV-19575,MM-003
FCV-19576,MM-009
LT-19577,MM-003
PSV-19578,MM-001
P-19579,MM-001
FCV-19580,MM-003
TT-19581,MM-006
FT-19582,MM-008
TT-19583,MM-008
PSV-19584,MM-006
K-19585,MM-005
E-19586,MM-008
PT-19587,MM-010
PT-19588,MM-003
P-19589,MM-004
LT-19590,MM-004
FT-19591,MM-009
FCV-19592,MM-001
V-19593,MM-007
XV-19594,MM-002
V-19595,MM-004
K-19596,MM-003
K-19597,MM-002
P-19598,MM-006
COL-19599,MM-005
FT-19600,MM-009
PT-19601,MM-002
PSV-19602,MM-005
PT-19603,MM-003
PT-19604,MM-004
V-19605,MM-009
FT-19606,MM-006
V-19607,MM-007
FCV-19608,MM-002
LT-19609,MM-007
E-19610,MM-008
LT-19611,MM-002
E-19612,MM-006
E-19613,MM-008
PT-19614,MM-009
XV-19615,MM-004
LT-19616,MM-003
E-19617,MM-001
PT-19618,MM-001
XV-19619,MM-009
FCV-19620,MM-002
P-19621,MM-003
PT-19622,MM-002
E-19623,MM-001
PT-19624,MM-003
LT-19625,MM-001
P-19626,MM-006
TT-19627,MM-002
PT-19628,MM-010
V-19629,MM-009
XV-19630,MM-004
FT-19631,MM-003
P-19632,MM-008
FT-19633,MM-009
V-19634,MM-007
PSV-19635,MM-007
P-19636,MM-007
XV-19637,MM-009
FCV-19638,MM-010
P-19639,MM-001
K-19640,MM-005
P-19641,MM-008
LT-19642,MM-009
K-19643,MM-009
PSV-19644,MM-001
E-19645,MM-010
K-19646,MM-008
V-19647,MM-007
K-19648,MM-004
P-19649,MM-007
P-19650,MM-007
COL-19651,MM-006
V-19652,MM-002
PT-19653,MM-008
FT-19654,MM-008
PSV-19655,MM-005
P-19656,MM-009
PT-19657,MM-006
TT-19658,MM-009
COL-19659,MM-003
E-19660,MM-002
COL-19661,MM-007
TT-19662,MM-003
COL-19663,MM-004
FCV-19664,MM-007
TT-19665,MM-005
PSV-19666,MM-007
COL-19667,MM-005
E-19668,MM-003
XV-19669,MM-004
LT-19670,MM-003
K-19671,MM-003
FT-19672,MM-009
E-19673,MM-005
LT-19674,MM-004
TT-19675,MM-002
E-19676,MM-008
FT-19677,MM-006
FT-19678,MM-007
E-19679,MM-009
V-19680,MM-008
FCV-19681,MM-009
COL-19682,MM-009
K-19683,MM-010
LT-19684,MM-009
V-19685,MM-002
COL-19686,MM-006
PSV-19687,MM-004
P-19688,MM-004
COL-19689,MM-001
PT-19690,MM-003
FT-19691,MM-001
V-19692,MM-008
TT-19693,MM-006
LT-19694,MM-003
COL-19695,MM-006
P-19696,MM-001
PT-19697,MM-006
PT-19698,MM-008
FCV-19699,MM-007
XV-19700,MM-009
P-19701,MM-008
E-19702,MM-006
V-19703,MM-004
PT-19704,MM-008
FT-19705,MM-008
LT-19706,MM-005
FCV-19707,MM-005
P-19708,MM-003
FT-19709,MM-006
PSV-19710,MM-005
LT-19711,MM-008
PSV-19712,MM-008
LT-19713,MM-007
PSV-19714,MM-005
TT-19715,MM-005
E-19716,MM-001
PSV-19717,MM-004
K-19718,MM-008
V-19719,MM-007
FCV-19720,MM-010
K-19721,MM-008
K-19722,MM-001
FT-19723,MM-006
FT-19724,MM-007
PSV-19725,MM-001
FT-19726,MM-005
V-19727,MM-006
P-19728,MM-005
PT-19729,MM-003
P-19730,MM-006
XV-19731,MM-005
PT-19732,MM-003
XV-19733,MM-007
COL-19734,MM-003
P-19735,MM-007
LT-19736,MM-003
P-19737,MM-008
TT-19738,MM-006
E-19739,MM-010
P-19740,MM-007
PSV-19741,MM-005
V-19742,MM-002
E-19743,MM-007
COL-19744,MM-005
TT-19745,MM-010
LT-19746,MM-005
FCV-19747,MM-005
LT-19748,MM-007
FT-19749,MM-004
COL-19750,MM-002
LT-19751,MM-005
P-19752,MM-006
FCV-19753,MM-006
TT-19754,MM-010
COL-19755,MM-003
COL-19756,MM-004
PT-19757,MM-002
V-19758,MM-008
E-19759,MM-006
P-19760,MM-002
P-19761,MM-006
PT-19762,MM-007
FCV-19763,MM-001
PSV-19764,MM-006
P-19765,MM-003
FCV-19766,MM-003
P-19767,MM-010
E-19768,MM-002
LT-19769,MM-006
LT-19770,MM-004
XV-19771,MM-004
XV-19772,MM-009
FCV-19773,MM-010
LT-19774,MM-009
E-19775,MM-010
FT-19776,MM-006
P-19777,MM-005
LT-19778,MM-003
K-19779,MM-006
FT-19780,MM-009
FCV-19781,MM-003
E-19782,MM-003
FCV-19783,MM-005
E-19784,MM-009
P-19785,MM-008
E-19786,MM-006
LT-19787,MM-003
LT-19788,MM-004
FT-19789,MM-006
V-19790,MM-004
FCV-19791,MM-010
V-19792,MM-003
XV-19793,MM-008
V-19794,MM-009
TT-19795,MM-002
FT-19796,MM-003
E-19797,MM-003
FCV-19798,MM-007
P-19799,MM-004
P-19800,MM-009
XV-19801,MM-007
P-19802,MM-002
P-19803,MM-007
PT-19804,MM-001
FT-19805,MM-001
FCV-19806,MM-004
LT-19807,MM-008
V-19808,MM-006
TT-19809,MM-001
PT-19810,MM-003
TT-19811,MM-009
PT-19812,MM-007
P-19813,MM-001
PT-19814,MM-002
E-19815,MM-003
V-19816,MM-005
P-19817,MM-010
COL-19818,MM-007
PT-19819,MM-003
P-19820,MM-002
FCV-19821,MM-004
FCV-19822,MM-008
PSV-19823,MM-009
V-19824,MM-010
P-19825,MM-007
V-19826,MM-006
XV-19827,MM-007
COL-19828,MM-010
PT-19829,MM-007
PT-19830,MM-007
PSV-19831,MM-004
PT-19832,MM-005
V-19833,MM-008
P-19834,MM-001
P-19835,MM-002
V-19836,MM-009
E-19837,MM-004
PT-19838,MM-007
E-19839,MM-005
TT-19840,MM-010
E-19841,MM-008
V-19842,MM-009
FT-19843,MM-005
V-19844,MM-004
PT-19845,MM-008
K-19846,MM-002
FCV-19847,MM-003
K-19848,MM-001
XV-19849,MM-007
PSV-19850,MM-008
FCV-19851,MM-004
XV-19852,MM-005
K-19853,MM-009
FCV-19854,MM-010
FCV-19855,MM-005
COL-19856,MM-008
K-19857,MM-007
V-19858,MM-003
K-19859,MM-008
E-19860,MM-007
E-19861,MM-010
COL-19862,MM-009
FCV-19863,MM-002
XV-19864,MM-010
FT-19865,MM-005
P-19866,MM-009
PT-19867,MM-005
P-19868,MM-006
P-19869,MM-009
E-19870,MM-010
COL-19871,MM-008
LT-19872,MM-005
K-19873,MM-004
COL-19874,MM-008
E-19875,MM-005
FCV-19876,MM-010
TT-19877,MM-008
P-19878,MM-008
LT-19879,MM-010
P-19880,MM-010
LT-19881,MM-002
P-19882,MM-001
LT-19883,MM-003
P-19884,MM-010
E-19885,MM-006
FT-19886,MM-010
TT-19887,MM-001
V-19888,MM-006
P-19889,MM-005
XV-19890,MM-007
TT-19891,MM-006
COL-19892,MM-008
K-19893,MM-001
V-19894,MM-001
K-19895,MM-005
COL-19896,MM-005
E-19897,MM-005
PT-19898,MM-004
E-19899,MM-007
E-19900,MM-004
P-19901,MM-002
K-19902,MM-003
P-19903,MM-010
E-19904,MM-009
XV-19905,MM-010
P-19906,MM-007
XV-19907,MM-006
P-19908,MM-005
FCV-19909,MM-009
FT-19910,MM-001
FT-19911,MM-005
V-19912,MM-001
PT-19913,MM-002
P-19914,MM-009
FCV-19915,MM-006
LT-19916,MM-010
V-19917,MM-007
XV-19918,MM-004
FCV-19919,MM-006
PT-19920,MM-009
P-19921,MM-003
LT-19922,MM-001
COL-19923,MM-010
FCV-19924,MM-008
PT-19925,MM-004
P-19926,MM-008
P-19927,MM-001
COL-19928,MM-005
P-19929,MM-010
PT-19930,MM-003
P-19931,MM-005
P-19932,MM-009
P-19933,MM-003
P-19934,MM-002
FT-19935,MM-004
V-19936,MM-001
PT-19937,MM-004
E-19938,MM-005
P-19939,MM-005
P-19940,MM-005
LT-19941,MM-004
E-19942,MM-004
E-19943,MM-005
COL-19944,MM-007
FT-19945,MM-008
PSV-19946,MM-010
COL-19947,MM-001
XV-19948,MM-007
XV-19949,MM-010
P-19950,MM-008
COL-19951,MM-005
PSV-19952,MM-005
LT-19953,MM-004
P-19954,MM-001
E-19955,MM-009
FCV-19956,MM-002
E-19957,MM-004
P-19958,MM-002
PT-19959,MM-008
P-19960,MM-001
TT-19961,MM-008
FT-19962,MM-007
P-19963,MM-006
PSV-19964,MM-008
K-19965,MM-003
E-19966,MM-002
LT-19967,MM-001
P-19968,MM-009
P-19969,MM-001
COL-19970,MM-006
E-19971,MM-006
FT-19972,MM-008
COL-19973,MM-005
E-19974,MM-003
TT-19975,MM-004
P-19976,MM-006
E-19977,MM-010
V-19978,MM-003
COL-19979,MM-007
FT-19980,MM-004
XV-19981,MM-010
P-19982,MM-007
XV-19983,MM-006
FT-19984,MM-008
K-19985,MM-009
K-19986,MM-003
P-19987,MM-003
V-19988,MM-002
LT-19989,MM-006
E-19990,MM-002
COL-19991,MM-005
COL-19992,MM-006
PT-19993,MM-005
XV-19994,MM-009
E-19995,MM-003
P-19996,MM-003
FCV-19997,MM-001
TT-19998,MM-006
P-19999,MM-007
LT-20000,MM-001
P-20001,MM-009
LT-20002,MM-008
P-20003,MM-002
FCV-20004,MM-004
PT-20005,MM-003
E-20006,MM-007
V-20007,MM-005
FCV-20008,MM-007
COL-20009,MM-007
P-20010,MM-005
XV-20011,MM-002
LT-20012,MM-003
COL-20013,MM-006
LT-20014,MM-005
P-20015,MM-002
E-20016,MM-003
P-20017,MM-010
COL-20018,MM-008
PT-20019,MM-009
FCV-20020,MM-008
XV-20021,MM-009
P-20022,MM-010
LT-20023,MM-008
PT-20024,MM-004
P-20025,MM-008
P-20026,MM-001
P-20027,MM-004
P-20028,MM-006
FT-20029,MM-008
PSV-20030,MM-009
XV-20031,MM-006
FCV-20032,MM-008
PT-20033,MM-002
COL-20034,MM-001
E-20035,MM-005
FCV-20036,MM-003
E-20037,MM-001
LT-20038,MM-008
FT-20039,MM-006
V-20040,MM-006
P-20041,MM-005
V-20042,MM-004
V-20043,MM-008
COL-20044,MM-004
E-20045,MM-009
LT-20046,MM-006
FT-20047,MM-008
P-20048,MM-010
PSV-20049,MM-006
K-20050,MM-002
TT-20051,MM-008
PSV-20052,MM-001
PSV-20053,MM-004
FCV-20054,MM-003
FT-20055,MM-004
PSV-20056,MM-004
COL-20057,MM-008
V-20058,MM-007
COL-20059,MM-010
LT-20060,MM-001
P-20061,MM-007
K-20062,MM-002
K-20063,MM-010
FT-20064,MM-004
E-20065,MM-010
FCV-20066,MM-003
V-20067,MM-007
V-20068,MM-010
P-20069,MM-007
P-20070,MM-008
FCV-20071,MM-009
PT-20072,MM-004
COL-20073,MM-001
P-20074,MM-001
COL-20075,MM-006
V-20076,MM-009
XV-20077,MM-004
FCV-20078,MM-006
PSV-20079,MM-003
V-20080,MM-006
PT-20081,MM-002
V-20082,MM-010
TT-20083,MM-004
COL-20084,MM-008
P-20085,MM-009
P-20086,MM-006
V-20087,MM-002
PSV-20088,MM-005
TT-20089,MM-005
PT-20090,MM-005
PT-20091,MM-009
E-20092,MM-010
V-20093,MM-002
P-20094,MM-005
FT-20095,MM-009
FCV-20096,MM-003
LT-20097,MM-002
FT-20098,MM-008
K-20099,MM-009
COL-20100,MM-007
LT-20101,MM-008
P-20102,MM-007
LT-20103,MM-010
TT-20104,MM-005
P-20105,MM-002
P-20106,MM-008
PT-20107,MM-003
PSV-20108,MM-008
P-20109,MM-006
E-20110,MM-007
P-20111,MM-004
V-20112,MM-006
FT-20113,MM-008
COL-20114,MM-009
FCV-20115,MM-004
XV-20116,MM-004
TT-20117,MM-005
PSV-20118,MM-007
K-20119,MM-006
PSV-20120,MM-009
P-20121,MM-010
PT-20122,MM-003
COL-20123,MM-010
P-20124,MM-009
K-20125,MM-002
COL-20126,MM-007
FCV-20127,MM-005
PSV-20128,MM-002
FT-20129,MM-003
LT-20130,MM-004
E-20131,MM-004
P-20132,MM-006
V-20133,MM-008
COL-20134,MM-002
FCV-20135,MM-001
LT-20136,MM-002
FT-20137,MM-005
XV-20138,MM-006
FCV-20139,MM-004
E-20140,MM-004
P-20141,MM-006
LT-20142,MM-007
K-20143,MM-007
PSV-20144,MM-006
LT-20145,MM-004
TT-20146,MM-002
FT-20147,MM-003
P-20148,MM-005
LT-20149,MM-006
LT-20150,MM-006
TT-20151,MM-001
PT-20152,MM-001
TT-20153,MM-008
LT-20154,MM-006
PT-20155,MM-003
PT-20156,MM-004
PT-20157,MM-009
LT-20158,MM-008
P-20159,MM-004
LT-20160,MM-004
PT-20161,MM-003
PT-20162,MM-002
LT-20163,MM-002
P-20164,MM-003
LT-20165,MM-001
TT-20166,MM-005
COL-20167,MM-002
COL-20168,MM-005
FT-20169,MM-004
E-20170,MM-004
COL-20171,MM-008
V-20172,MM-010
FT-20173,MM-005
E-20174,MM-005
K-20175,MM-001
P-20176,MM-001
V-20177,MM-004
FCV-20178,MM-002
PSV-20179,MM-002
PSV-20180,MM-006
V-20181,MM-010
COL-20182,MM-004
TT-20183,MM-010
LT-20184,MM-005
E-20185,MM-002
PSV-20186,MM-009
FT-20187,MM-002
P-20188,MM-003
FCV-20189,MM-001
COL-20190,MM-001
PT-20191,MM-007
FT-20192,MM-006
K-20193,MM-003
XV-20194,MM-010
PT-20195,MM-007
V-20196,MM-009
P-20197,MM-003
FT-20198,MM-003
PT-20199,MM-007
V-20200,MM-010
V-20201,MM-004
PT-20202,MM-009
V-20203,MM-001
FT-20204,MM-001
LT-20205,MM-004
XV-20206,MM-004
E-20207,MM-008
P-20208,MM-008
P-20209,MM-003
PSV-20210,MM-008
LT-20211,MM-004
P-20212,MM-001
FT-20213,MM-010
TT-20214,MM-007
XV-20215,MM-006
FCV-20216,MM-003
TT-20217,MM-001
V-20218,MM-001
E-20219,MM-008
PSV-20220,MM-005
V-20221,MM-001
TT-20222,MM-006
V-20223,MM-005
P-20224,MM-003
PT-20225,MM-005
P-20226,MM-009
XV-20227,MM-004
XV-20228,MM-009
PSV-20229,MM-003
K-20230,MM-002
E-20231,MM-007
FCV-20232,MM-004
P-20233,MM-001
PSV-20234,MM-006
COL-20235,MM-010
COL-20236,MM-002
PSV-20237,MM-005
V-20238,MM-007
E-20239,MM-004
PSV-20240,MM-008
TT-20241,MM-007
PT-20242,MM-003
LT-20243,MM-001
XV-20244,MM-010
XV-20245,MM-005
TT-20246,MM-010
XV-20247,MM-001
PSV-20248,MM-002
FCV-20249,MM-001
FCV-20250,MM-004
PSV-20251,MM-004
P-20252,MM-002
TT-20253,MM-006
P-20254,MM-001
COL-20255,MM-006
LT-20256,MM-005
LT-20257,MM-008
FT-20258,MM-003
LT-20259,MM-010
PT-20260,MM-003
K-20261,MM-010
PSV-20262,MM-003
FT-20263,MM-008
E-20264,MM-005
LT-20265,MM-005
FCV-20266,MM-005
PT-20267,MM-007
PT-20268,MM-009
P-20269,MM-005
TT-20270,MM-009
V-20271,MM-010
PT-20272,MM-001
FCV-20273,MM-001
P-20274,MM-009
K-20275,MM-005
PT-20276,MM-002
P-20277,MM-010
V-20278,MM-003
K-20279,MM-005
XV-20280,MM-010
PSV-20281,MM-004
COL-20282,MM-009
FCV-20283,MM-004
PSV-20284,MM-004
K-20285,MM-008
LT-20286,MM-010
P-20287,MM-003
XV-20288,MM-008
TT-20289,MM-007
TT-20290,MM-002
K-20291,MM-008
V-20292,MM-007
V-20293,MM-010
PT-20294,MM-002
P-20295,MM-010
K-20296,MM-004
E-20297,MM-008
XV-20298,MM-005
LT-20299,MM-008
LT-20300,MM-007
PT-20301,MM-009
FT-20302,MM-009
XV-20303,MM-008
PT-20304,MM-008
PT-20305,MM-010
LT-20306,MM-001
K-20307,MM-001
K-20308,MM-006
COL-20309,MM-009
FCV-20310,MM-002
FCV-20311,MM-009
FCV-20312,MM-005
K-20313,MM-003
LT-20314,MM-008
K-20315,MM-009
XV-20316,MM-001
TT-20317,MM-002
K-20318,MM-009
TT-20319,MM-005
TT-20320,MM-004
P-20321,MM-002
FT-20322,MM-002
P-20323,MM-003
COL-20324,MM-007
K-20325,MM-003
V-20326,MM-005
TT-20327,MM-008
XV-20328,MM-003
K-20329,MM-005
FT-20330,MM-010
P-20331,MM-007
LT-20332,MM-008
FCV-20333,MM-001
FCV-20334,MM-002
E-20335,MM-002
E-20336,MM-005
V-20337,MM-008
FCV-20338,MM-009
COL-20339,MM-008
K-20340,MM-003
FCV-20341,MM-008
PSV-20342,MM-009
FCV-20343,MM-004
FT-20344,MM-008
FCV-20345,MM-007
PSV-20346,MM-006
V-20347,MM-010
V-20348,MM-005
FCV-20349,MM-007
TT-20350,MM-010
E-20351,MM-006
PT-20352,MM-006
XV-20353,MM-005
V-20354,MM-006
K-20355,MM-001
V-20356,MM-003
PSV-20357,MM-010
P-20358,MM-010
FCV-20359,MM-010
PSV-20360,MM-008
P-20361,MM-008
P-20362,MM-007
XV-20363,MM-006
P-20364,MM-005
K-20365,MM-004
P-20366,MM-002
COL-20367,MM-006
P-20368,MM-003
PSV-20369,MM-008
FCV-20370,MM-005
K-20371,MM-002
P-20372,MM-002
COL-20373,MM-001
COL-20374,MM-010
K-20375,MM-006
LT-20376,MM-002
LT-20377,MM-005
P-20378,MM-006
V-20379,MM-009
FT-20380,MM-008
TT-20381,MM-009
COL-20382,MM-001
V-20383,MM-003
COL-20384,MM-005
FCV-20385,MM-004
COL-20386,MM-002
V-20387,MM-004
COL-20388,MM-001
FT-20389,MM-009
LT-20390,MM-001
PSV-20391,MM-003
E-20392,MM-007
LT-20393,MM-007
COL-20394,MM-001
FCV-20395,MM-010
V-20396,MM-010
E-20397,MM-010
FCV-20398,MM-009
V-20399,MM-002
TT-20400,MM-003
TT-20401,MM-004
LT-20402,MM-003
FCV-20403,MM-006
FT-20404,MM-009
P-20405,MM-005
FCV-20406,MM-002
TT-20407,MM-002
PT-20408,MM-010
XV-20409,MM-001
LT-20410,MM-005
E-20411,MM-009
XV-20412,MM-005
E-20413,MM-005
FCV-20414,MM-003
FT-20415,MM-010
FT-20416,MM-009
TT-20417,MM-008
P-20418,MM-009
FCV-20419,MM-005
TT-20420,MM-008
K-20421,MM-006
LT-20422,MM-010
COL-20423,MM-007
TT-20424,MM-001
P-20425,MM-007
PT-20426,MM-010
P-20427,MM-008
V-20428,MM-010
XV-20429,MM-008
PSV-20430,MM-010
P-20431,MM-003
FT-20432,MM-007
FCV-20433,MM-002
P-20434,MM-007
LT-20435,MM-001
K-20436,MM-010
P-20437,MM-003
FCV-20438,MM-001
E-20439,MM-001
PT-20440,MM-010
V-20441,MM-004
TT-20442,MM-001
TT-20443,MM-007
FCV-20444,MM-007
TT-20445,MM-005
TT-20446,MM-004
LT-20447,MM-001
XV-20448,MM-006
XV-20449,MM-002
XV-20450,MM-009
FCV-20451,MM-005
FT-20452,MM-005
PT-20453,MM-010
PSV-20454,MM-006
PT-20455,MM-003
V-20456,MM-004
PT-20457,MM-010
PSV-20458,MM-006
FCV-20459,MM-005
E-20460,MM-003
PSV-20461,MM-002
COL-20462,MM-006
PT-20463,MM-008
P-20464,MM-001
E-20465,MM-010
FCV-20466,MM-004
COL-20467,MM-007
K-20468,MM-005
COL-20469,MM-003
TT-20470,MM-004
FCV-20471,MM-003
FCV-20472,MM-010
TT-20473,MM-002
XV-20474,MM-009
FT-20475,MM-002
PT-20476,MM-001
TT-20477,MM-009
TT-20478,MM-003
V-20479,MM-003
PT-20480,MM-004
FCV-20481,MM-004
P-20482,MM-006
E-20483,MM-008
E-20484,MM-005
E-20485,MM-002
FCV-20486,MM-005
LT-20487,MM-004
FCV-20488,MM-008
E-20489,MM-008
FT-20490,MM-002
LT-20491,MM-006
LT-20492,MM-007
FT-20493,MM-006
PT-20494,MM-001
P-20495,MM-002
K-20496,MM-003
PSV-20497,MM-004
P-20498,MM-004
LT-20499,MM-002
PSV-20500,MM-006
V-20501,MM-004
COL-20502,MM-005
PSV-20503,MM-002
P-20504,MM-005
P-20505,MM-006
PT-20506,MM-007
PSV-20507,MM-009
LT-20508,MM-004
V-20509,MM-003
PT-20510,MM-006
LT-20511,MM-004
P-20512,MM-001
PT-20513,MM-005
V-20514,MM-010
PT-20515,MM-001
PT-20516,MM-004
P-20517,MM-009
PSV-20518,MM-004
P-20519,MM-002
TT-20520,MM-007
PSV-20521,MM-002
P-20522,MM-002
PT-20523,MM-006
PT-20524,MM-007
FCV-20525,MM-003
P-20526,MM-005
V-20527,MM-010
LT-20528,MM-001
FCV-20529,MM-007
FCV-20530,MM-007
PT-20531,MM-004
PSV-20532,MM-007
PT-20533,MM-001
P-20534,MM-002
XV-20535,MM-003
K-20536,MM-005
XV-20537,MM-008
FCV-20538,MM-007
PSV-20539,MM-002
K-20540,MM-010
COL-20541,MM-010
E-20542,MM-004
LT-20543,MM-003
P-20544,MM-005
COL-20545,MM-004
P-20546,MM-007
PSV-20547,MM-001
COL-20548,MM-004
FT-20549,MM-003
P-20550,MM-009
V-20551,MM-003
XV-20552,MM-006
P-20553,MM-005
V-20554,MM-010
FCV-20555,MM-003
XV-20556,MM-006
TT-20557,MM-002
E-20558,MM-007
XV-20559,MM-001
V-20560,MM-005
E-20561,MM-008
PT-20562,MM-005
TT-20563,MM-004
PSV-20564,MM-009
COL-20565,MM-003
LT-20566,MM-005
PSV-20567,MM-009
P-20568,MM-008
PSV-20569,MM-002
TT-20570,MM-008
E-20571,MM-001
PT-20572,MM-006
E-20573,MM-010
FT-20574,MM-004
LT-20575,MM-005
TT-20576,MM-008
K-20577,MM-006
V-20578,MM-001
PSV-20579,MM-008
PT-20580,MM-005
P-20581,MM-006
PT-20582,MM-004
FT-20583,MM-006
COL-20584,MM-007
K-20585,MM-005
FT-20586,MM-002
V-20587,MM-003
PT-20588,MM-005
FT-20589,MM-010
COL-20590,MM-004
K-20591,MM-006
LT-20592,MM-010
P-20593,MM-005
XV-20594,MM-010
P-20595,MM-009
E-20596,MM-005
E-20597,MM-006
P-20598,MM-009
COL-20599,MM-005
XV-20600,MM-010
E-20601,MM-010
E-20602,MM-002
LT-20603,MM-003
K-20604,MM-001
K-20605,MM-004
K-20606,MM-008
P-20607,MM-005
E-20608,MM-002
FCV-20609,MM-001
K-20610,MM-006
XV-20611,MM-002
FT-20612,MM-007
COL-20613,MM-010
PSV-20614,MM-004
V-20615,MM-006
E-20616,MM-003
FT-20617,MM-009
V-20618,MM-005
E-20619,MM-001
TT-20620,MM-004
PT-20621,MM-004
E-20622,MM-003
P-20623,MM-003
E-20624,MM-005
E-20625,MM-003
FCV-20626,MM-005
TT-20627,MM-007
PT-20628,MM-009
P-20629,MM-001
K-20630,MM-009
PSV-20631,MM-007
V-20632,MM-003
P-20633,MM-004
PSV-20634,MM-001
FCV-20635,MM-005
K-20636,MM-009
V-20637,MM-009
PT-20638,MM-003
XV-20639,MM-008
COL-20640,MM-001
LT-20641,MM-008
P-20642,MM-002
LT-20643,MM-002
FT-20644,MM-008
P-20645,MM-007
K-20646,MM-007
P-20647,MM-001
P-20648,MM-006
FT-20649,MM-002
COL-20650,MM-005
FCV-20651,MM-003
LT-20652,MM-004
PT-20653,MM-006
PSV-20654,MM-008
E-20655,MM-005
P-20656,MM-005
PT-20657,MM-006
E-20658,MM-001
K-20659,MM-004
P-20660,MM-010
PSV-20661,MM-006
XV-20662,MM-002
P-20663,MM-007
XV-20664,MM-003
E-20665,MM-004
P-20666,MM-002
PT-20667,MM-007
P-20668,MM-010
FCV-20669,MM-010
FCV-20670,MM-002
K-20671,MM-005
P-20672,MM-002
K-20673,MM-007
V-20674,MM-007
COL-20675,MM-010
LT-20676,MM-007
P-20677,MM-003
FT-20678,MM-007
V-20679,MM-009
V-20680,MM-001
PSV-20681,MM-009
K-20682,MM-001
E-20683,MM-002
PSV-20684,MM-009
PSV-20685,MM-010
TT-20686,MM-004
PT-20687,MM-002
K-20688,MM-005
P-20689,MM-001
P-20690,MM-007
PT-20691,MM-010
PSV-20692,MM-006
P-20693,MM-006
E-20694,MM-003
COL-20695,MM-006
K-20696,MM-010
TT-20697,MM-003
TT-20698,MM-004
P-20699,MM-004
FCV-20700,MM-004
V-20701,MM-006
PSV-20702,MM-009
E-20703,MM-003
XV-20704,MM-005
FCV-20705,MM-003
TT-20706,MM-003
COL-20707,MM-010
TT-20708,MM-007
COL-20709,MM-006
TT-20710,MM-010
PSV-20711,MM-008
P-20712,MM-006
TT-20713,MM-007
TT-20714,MM-009
V-20715,MM-007
V-20716,MM-001
XV-20717,MM-009
TT-20718,MM-001
FT-20719,MM-007
E-20720,MM-008
TT-20721,MM-006
COL-20722,MM-005
TT-20723,MM-010
LT-20724,MM-004
XV-20725,MM-010
LT-20726,MM-001
FCV-20727,MM-007
TT-20728,MM-004
P-20729,MM-006
TT-20730,MM-003
V-20731,MM-003
E-20732,MM-005
COL-20733,MM-007
V-20734,MM-003
TT-20735,MM-008
FCV-20736,MM-004
LT-20737,MM-005
P-20738,MM-006
K-20739,MM-006
LT-20740,MM-007
P-20741,MM-010
XV-20742,MM-003
XV-20743,MM-010
TT-20744,MM-009
COL-20745,MM-006
V-20746,MM-001
V-20747,MM-002
XV-20748,MM-005
PSV-20749,MM-004
P-20750,MM-010
E-20751,MM-006
P-20752,MM-006
K-20753,MM-006
V-20754,MM-006
FT-20755,MM-007
FT-20756,MM-010
E-20757,MM-001
FCV-20758,MM-007
LT-20759,MM-003
FCV-20760,MM-010
LT-20761,MM-006
FT-20762,MM-003
PSV-20763,MM-005
PT-20764,MM-003
XV-20765,MM-010
XV-20766,MM-003
K-20767,MM-004
TT-20768,MM-008
P-20769,MM-008
PSV-20770,MM-004
XV-20771,MM-008
PT-20772,MM-009
TT-20773,MM-005
E-20774,MM-009
FCV-20775,MM-002
FCV-20776,MM-007
P-20777,MM-005
E-20778,MM-001
PSV-20779,MM-004
PSV-20780,MM-009
P-20781,MM-008
XV-20782,MM-004
K-20783,MM-008
XV-20784,MM-001
K-20785,MM-002
FCV-20786,MM-001
XV-20787,MM-003
FT-20788,MM-009
P-20789,MM-004
V-20790,MM-006
FT-20791,MM-008
XV-20792,MM-010
COL-20793,MM-005
PSV-20794,MM-005
E-20795,MM-008
TT-20796,MM-006
E-20797,MM-004
LT-20798,MM-001
TT-20799,MM-003
FCV-20800,MM-008
P-20801,MM-004
PSV-20802,MM-007
K-20803,MM-006
FT-20804,MM-003
P-20805,MM-008
PSV-20806,MM-002
COL-20807,MM-005
PSV-20808,MM-005
XV-20809,MM-002
FT-20810,MM-007
FCV-20811,MM-002
FCV-20812,MM-006
PSV-20813,MM-009
E-20814,MM-006
XV-20815,MM-010
XV-20816,MM-009
TT-20817,MM-003
PT-20818,MM-001
FCV-20819,MM-001
K-20820,MM-001
P-20821,MM-003
XV-20822,MM-009
COL-20823,MM-001
FCV-20824,MM-005
E-20825,MM-010
K-20826,MM-007
PT-20827,MM-003
V-20828,MM-010
FCV-20829,MM-002
FT-20830,MM-009
PSV-20831,MM-005
PT-20832,MM-008
P-20833,MM-001
K-20834,MM-008
FT-20835,MM-006
LT-20836,MM-005
LT-20837,MM-003
P-20838,MM-007
P-20839,MM-003
E-20840,MM-008
FCV-20841,MM-004
P-20842,MM-006
E-20843,MM-008
E-20844,MM-003
COL-20845,MM-002
PSV-20846,MM-009
FCV-20847,MM-004
K-20848,MM-004
P-20849,MM-002
P-20850,MM-009
COL-20851,MM-002
K-20852,MM-006
FT-20853,MM-002
LT-20854,MM-005
FT-20855,MM-001
P-20856,MM-009
K-20857,MM-002
E-20858,MM-006
P-20859,MM-006
FT-20860,MM-009
XV-20861,MM-005
TT-20862,MM-003
COL-20863,MM-007
FCV-20864,MM-005
TT-20865,MM-001
FT-20866,MM-008
LT-20867,MM-005
K-20868,MM-005
P-20869,MM-007
K-20870,MM-008
K-20871,MM-007
COL-20872,MM-004
V-20873,MM-004
FCV-20874,MM-006
TT-20875,MM-002
FCV-20876,MM-003
P-20877,MM-006
COL-20878,MM-005
TT-20879,MM-008
LT-20880,MM-010
PT-20881,MM-003
P-20882,MM-006
XV-20883,MM-001
COL-20884,MM-004
LT-20885,MM-003
P-20886,MM-009
COL-20887,MM-005
XV-20888,MM-008
FT-20889,MM-007
P-20890,MM-003
XV-20891,MM-009
FT-20892,MM-004
PT-20893,MM-003
FT-20894,MM-007
P-20895,MM-008
FT-20896,MM-005
PSV-20897,MM-008
K-20898,MM-001
FT-20899,MM-009
XV-20900,MM-007
P-20901,MM-009
PT-20902,MM-007
K-20903,MM-008
P-20904,MM-005
PSV-20905,MM-007
COL-20906,MM-009
P-20907,MM-009
XV-20908,MM-002
FCV-20909,MM-005
FT-20910,MM-010
V-20911,MM-003
PSV-20912,MM-008
V-20913,MM-007
COL-20914,MM-004
K-20915,MM-009
V-20916,MM-006
FCV-20917,MM-010
K-20918,MM-008
FT-20919,MM-004
E-20920,MM-004
V-20921,MM-004
COL-20922,MM-007
PT-20923,MM-006
PT-20924,MM-002
TT-20925,MM-001
FCV-20926,MM-008
FCV-20927,MM-005
LT-20928,MM-002
PSV-20929,MM-005
P-20930,MM-004
FCV-20931,MM-004
PT-20932,MM-001
P-20933,MM-007
FT-20934,MM-004
PT-20935,MM-005
V-20936,MM-002
FCV-20937,MM-006
P-20938,MM-001
E-20939,MM-006
PT-20940,MM-008
PT-20941,MM-003
P-20942,MM-007
V-20943,MM-006
PT-20944,MM-005
COL-20945,MM-009
TT-20946,MM-007
E-20947,MM-005
FT-20948,MM-003
FT-20949,MM-002
XV-20950,MM-010
TT-20951,MM-009
TT-20952,MM-001
LT-20953,MM-009
XV-20954,MM-010
V-20955,MM-008
TT-20956,MM-004
TT-20957,MM-008
P-20958,MM-008
P-20959,MM-007
XV-20960,MM-009
P-20961,MM-008
P-20962,MM-005
PSV-20963,MM-009
K-20964,MM-006
E-20965,MM-002
E-20966,MM-006
COL-20967,MM-010
PSV-20968,MM-010
FCV-20969,MM-001
LT-20970,MM-010
FT-20971,MM-007
PSV-20972,MM-007
COL-20973,MM-003
P-20974,MM-010
TT-20975,MM-005
P-20976,MM-008
P-20977,MM-001
PT-20978,MM-010
PT-20979,MM-008
PSV-20980,MM-004
COL-20981,MM-010
P-20982,MM-008
TT-20983,MM-010
FCV-20984,MM-010
K-20985,MM-005
E-20986,MM-004
PSV-20987,MM-005
K-20988,MM-001
COL-20989,MM-010
FCV-20990,MM-005
FCV-20991,MM-006
XV-20992,MM-006
COL-20993,MM-008
P-20994,MM-009
COL-20995,MM-004
LT-20996,MM-001
PSV-20997,MM-006
XV-20998,MM-002
FCV-20999,MM-001
COL-21000,MM-007
LT-21001,MM-009
E-21002,MM-010
P-21003,MM-009
P-21004,MM-005
COL-21005,MM-008
TT-21006,MM-007
PSV-21007,MM-004
FCV-21008,MM-010
LT-21009,MM-006
COL-21010,MM-004
P-21011,MM-004
P-21012,MM-009
FT-21013,MM-009
P-21014,MM-002
K-21015,MM-006
P-21016,MM-001
E-21017,MM-006
P-21018,MM-006
LT-21019,MM-007
P-21020,MM-002
E-21021,MM-005
E-21022,MM-006
XV-21023,MM-010
FT-21024,MM-002
P-21025,MM-010
V-21026,MM-007
K-21027,MM-003
P-21028,MM-003
K-21029,MM-007
K-21030,MM-007
E-21031,MM-002
COL-21032,MM-009
FCV-21033,MM-006
E-21034,MM-004
XV-21035,MM-007
P-21036,MM-006
FCV-21037,MM-006
K-21038,MM-008
FCV-21039,MM-004
P-21040,MM-003
P-21041,MM-002
XV-21042,MM-001
FT-21043,MM-009
FCV-21044,MM-001
PSV-21045,MM-003
P-21046,MM-003
PT-21047,MM-010
FT-21048,MM-004
PSV-21049,MM-004
V-21050,MM-004
LT-21051,MM-002
XV-21052,MM-002
FCV-21053,MM-001
LT-21054,MM-002
V-21055,MM-001
V-21056,MM-006
P-21057,MM-009
V-21058,MM-003
LT-21059,MM-001
PT-21060,MM-007
K-21061,MM-004
PT-21062,MM-004
V-21063,MM-010
COL-21064,MM-005
P-21065,MM-002
PT-21066,MM-009
FT-21067,MM-009
PT-21068,MM-007
TT-21069,MM-001
E-21070,MM-004
V-21071,MM-007
LT-21072,MM-006
XV-21073,MM-004
V-21074,MM-006
TT-21075,MM-003
COL-21076,MM-004
PT-21077,MM-002
LT-21078,MM-004
E-21079,MM-006
COL-21080,MM-007
FT-21081,MM-010
COL-21082,MM-005
FT-21083,MM-001
COL-21084,MM-001
PSV-21085,MM-004
P-21086,MM-002
LT-21087,MM-004
XV-21088,MM-004
PSV-21089,MM-007
K-21090,MM-003
LT-21091,MM-007
E-21092,MM-009
P-21093,MM-005
PSV-21094,MM-004
TT-21095,MM-008
K-21096,MM-003
TT-21097,MM-005
FCV-21098,MM-005
E-21099,MM-003
FCV-21100,MM-005
PSV-21101,MM-008
LT-21102,MM-010
FT-21103,MM-008
P-21104,MM-006
LT-21105,MM-002
V-21106,MM-006
P-21107,MM-005
COL-21108,MM-003
V-21109,MM-003
P-21110,MM-007
COL-21111,MM-003
FT-21112,MM-009
V-21113,MM-002
LT-21114,MM-007
P-21115,MM-003
P-21116,MM-004
P-21117,MM-008
P-21118,MM-003
K-21119,MM-009
COL-21120,MM-003
FT-21121,MM-009
K-21122,MM-009
E-21123,MM-003
P-21124,MM-001
V-21125,MM-004
XV-21126,MM-003
FCV-21127,MM-006
FCV-21128,MM-007
LT-21129,MM-002
XV-21130,MM-007
P-21131,MM-002
K-21132,MM-003
PSV-21133,MM-005
XV-21134,MM-008
TT-21135,MM-003
K-21136,MM-006
FCV-21137,MM-001
FT-21138,MM-002
FT-21139,MM-010
XV-21140,MM-009
COL-21141,MM-003
COL-21142,MM-006
K-21143,MM-010
XV-21144,MM-010
LT-21145,MM-009
K-21146,MM-008
P-21147,MM-005
FCV-21148,MM-009
E-21149,MM-010
P-21150,MM-008
COL-21151,MM-006
K-21152,MM-010
XV-21153,MM-003
PSV-21154,MM-004
FCV-21155,MM-007
K-21156,MM-001
P-21157,MM-003
LT-21158,MM-007
K-21159,MM-007
PSV-21160,MM-004
FT-21161,MM-007
FCV-21162,MM-005
P-21163,MM-003
V-21164,MM-006
PT-21165,MM-009
COL-21166,MM-010
TT-21167,MM-007
XV-21168,MM-006
PT-21169,MM-003
P-21170,MM-004
PT-21171,MM-006
K-21172,MM-004
FT-21173,MM-001
FT-21174,MM-002
TT-21175,MM-006
K-21176,MM-006
PSV-21177,MM-003
FT-21178,MM-007
FT-21179,MM-010
TT-21180,MM-001
P-21181,MM-007
V-21182,MM-006
V-21183,MM-007
LT-21184,MM-008
E-21185,MM-009
P-21186,MM-009
XV-21187,MM-007
TT-21188,MM-008
P-21189,MM-008
V-21190,MM-005
K-21191,MM-007
P-21192,MM-005
V-21193,MM-001
PSV-21194,MM-010
K-21195,MM-001
PSV-21196,MM-004
TT-21197,MM-008
TT-21198,MM-001
E-21199,MM-002
XV-21200,MM-005
P-21201,MM-010
LT-21202,MM-008
PSV-21203,MM-007
COL-21204,MM-001
TT-21205,MM-010
K-21206,MM-009
FT-21207,MM-002
K-21208,MM-002
XV-21209,MM-006
V-21210,MM-009
PT-21211,MM-005
PT-21212,MM-002
FCV-21213,MM-002
PSV-21214,MM-002
TT-21215,MM-008
V-21216,MM-009
FT-21217,MM-008
PT-21218,MM-002
K-21219,MM-003
XV-21220,MM-007
XV-21221,MM-009
K-21222,MM-003
P-21223,MM-001
V-21224,MM-007
LT-21225,MM-002
V-21226,MM-005
P-21227,MM-010
K-21228,MM-001
FCV-21229,MM-008
P-21230,MM-002
TT-21231,MM-007
TT-21232,MM-004
P-21233,MM-002
P-21234,MM-009
FCV-21235,MM-008
PSV-21236,MM-005
FT-21237,MM-007
COL-21238,MM-010
PSV-21239,MM-010
V-21240,MM-008
FCV-21241,MM-007
FT-21242,MM-007
PSV-21243,MM-007
P-21244,MM-003
XV-21245,MM-008
V-21246,MM-009
K-21247,MM-004
K-21248,MM-008
E-21249,MM-001
FT-21250,MM-009
PT-21251,MM-004
K-21252,MM-003
P-21253,MM-001
K-21254,MM-008
FT-21255,MM-007
FT-21256,MM-009
P-21257,MM-007
PT-21258,MM-010
COL-21259,MM-004
FT-21260,MM-007
E-21261,MM-007
FT-21262,MM-008
FT-21263,MM-003
P-21264,MM-009
P-21265,MM-006
E-21266,MM-010
XV-21267,MM-001
E-21268,MM-002
FCV-21269,MM-001
PSV-21270,MM-007
COL-21271,MM-005
TT-21272,MM-010
P-21273,MM-008
P-21274,MM-006
FT-21275,MM-001
TT-21276,MM-001
PSV-21277,MM-004
FCV-21278,MM-005
FCV-21279,MM-004
FT-21280,MM-005
PSV-21281,MM-005
K-21282,MM-010
FT-21283,MM-008
FCV-21284,MM-006
K-21285,MM-007
E-21286,MM-004
K-21287,MM-005
FT-21288,MM-005
TT-21289,MM-002
V-21290,MM-004
P-21291,MM-009
FT-21292,MM-009
P-21293,MM-007
COL-21294,MM-006
FCV-21295,MM-010
COL-21296,MM-010
FT-21297,MM-004
TT-21298,MM-010
P-21299,MM-002
COL-21300,MM-006
FCV-21301,MM-008
FT-21302,MM-010
V-21303,MM-005
E-21304,MM-004
LT-21305,MM-001
COL-21306,MM-003
XV-21307,MM-005
TT-21308,MM-008
P-21309,MM-005
P-21310,MM-005
P-21311,MM-002
COL-21312,MM-001
PT-21313,MM-010
FT-21314,MM-003
K-21315,MM-001
COL-21316,MM-005
E-21317,MM-005
E-21318,MM-003
COL-21319,MM-010
XV-21320,MM-009
LT-21321,MM-007
FT-21322,MM-006
K-21323,MM-008
K-21324,MM-001
XV-21325,MM-002
PSV-21326,MM-008
LT-21327,MM-005
E-21328,MM-004
TT-21329,MM-007
E-21330,MM-010
PT-21331,MM-010
V-21332,MM-007
K-21333,MM-003
TT-21334,MM-004
K-21335,MM-007
PT-21336,MM-009
FT-21337,MM-010
COL-21338,MM-008
FCV-21339,MM-002
K-21340,MM-007
P-21341,MM-005
PSV-21342,MM-007
TT-21343,MM-007
LT-21344,MM-010
E-21345,MM-006
COL-21346,MM-010
COL-21347,MM-009
E-21348,MM-001
PSV-21349,MM-004
COL-21350,MM-007
PT-21351,MM-006
LT-21352,MM-008
V-21353,MM-006
K-21354,MM-010
P-21355,MM-001
COL-21356,MM-008
XV-21357,MM-003
PSV-21358,MM-006
PT-21359,MM-006
LT-21360,MM-002
P-21361,MM-007
XV-21362,MM-006
COL-21363,MM-007
LT-21364,MM-008
XV-21365,MM-009
V-21366,MM-008
LT-21367,MM-009
COL-21368,MM-010
COL-21369,MM-005
P-21370,MM-001
FCV-21371,MM-007
COL-21372,MM-007
FCV-21373,MM-008
FCV-21374,MM-003
PSV-21375,MM-005
PSV-21376,MM-002
PT-21377,MM-002
P-21378,MM-007
COL-21379,MM-002
XV-21380,MM-009
P-21381,MM-008
P-21382,MM-006
K-21383,MM-006
K-21384,MM-001
FT-21385,MM-009
TT-21386,MM-008
PT-21387,MM-008
COL-21388,MM-002
P-21389,MM-002
XV-21390,MM-003
K-21391,MM-004
P-21392,MM-007
PT-21393,MM-009
V-21394,MM-003
P-21395,MM-004
PSV-21396,MM-010
FCV-21397,MM-008
FT-21398,MM-007
FCV-21399,MM-002
P-21400,MM-005
PSV-21401,MM-007
XV-21402,MM-003
E-21403,MM-004
K-21404,MM-008
FT-21405,MM-002
K-21406,MM-002
COL-21407,MM-006
K-21408,MM-001
K-21409,MM-005
P-21410,MM-004
LT-21411,MM-004
P-21412,MM-010
K-21413,MM-010
K-21414,MM-005
PT-21415,MM-007
PSV-21416,MM-005
FT-21417,MM-004
K-21418,MM-005
PSV-21419,MM-009
TT-21420,MM-003
XV-21421,MM-004
XV-21422,MM-007
K-21423,MM-001
FCV-21424,MM-006
FT-21425,MM-001
COL-21426,MM-007
PSV-21427,MM-002
K-21428,MM-009
TT-21429,MM-001
K-21430,MM-004
FT-21431,MM-003
FT-21432,MM-010
XV-21433,MM-002
P-21434,MM-002
LT-21435,MM-002
COL-21436,MM-004
TT-21437,MM-007
P-21438,MM-009
P-21439,MM-005
FCV-21440,MM-001
FT-21441,MM-002
V-21442,MM-003
E-21443,MM-005
FT-21444,MM-004
TT-21445,MM-006
FCV-21446,MM-003
COL-21447,MM-006
P-21448,MM-003
COL-21449,MM-009
E-21450,MM-001
XV-21451,MM-005
COL-21452,MM-006
P-21453,MM-005
P-21454,MM-003
LT-21455,MM-003
V-21456,MM-006
PSV-21457,MM-004
PT-21458,MM-002
PT-21459,MM-007
PT-21460,MM-007
PSV-21461,MM-008
XV-21462,MM-003
LT-21463,MM-009
PSV-21464,MM-010
K-21465,MM-003
PSV-21466,MM-006
LT-21467,MM-006
P-21468,MM-009
LT-21469,MM-009
FCV-21470,MM-007
FT-21471,MM-002
COL-21472,MM-002
LT-21473,MM-001
E-21474,MM-005
V-21475,MM-007
PSV-21476,MM-009
PT-21477,MM-009
V-21478,MM-006
TT-21479,MM-005
FT-21480,MM-002
PSV-21481,MM-002
LT-21482,MM-007
XV-21483,MM-003
LT-21484,MM-005
V-21485,MM-002
K-21486,MM-003
V-21487,MM-001
P-21488,MM-005
XV-21489,MM-010
COL-21490,MM-004
FCV-21491,MM-006
K-21492,MM-001
TT-21493,MM-002
PT-21494,MM-004
LT-21495,MM-004
K-21496,MM-007
E-21497,MM-009
XV-21498,MM-001
COL-21499,MM-002
FCV-21500,MM-005
P-21501,MM-008
FT-21502,MM-009
TT-21503,MM-008
COL-21504,MM-010
P-21505,MM-003
PT-21506,MM-010
LT-21507,MM-005
E-21508,MM-004
P-21509,MM-004
LT-21510,MM-007
K-21511,MM-004
FT-21512,MM-007
P-21513,MM-008
E-21514,MM-010
P-21515,MM-004
COL-21516,MM-001
TT-21517,MM-006
E-21518,MM-010
PT-21519,MM-010
FT-21520,MM-006
P-21521,MM-002
FCV-21522,MM-005
TT-21523,MM-002
PT-21524,MM-010
COL-21525,MM-001
V-21526,MM-010
E-21527,MM-009
XV-21528,MM-003
FT-21529,MM-007
P-21530,MM-005
V-21531,MM-009
PSV-21532,MM-010
PT-21533,MM-010
XV-21534,MM-001
V-21535,MM-010
P-21536,MM-002
K-21537,MM-003
FCV-21538,MM-010
TT-21539,MM-006
XV-21540,MM-003
LT-21541,MM-008
LT-21542,MM-010
FT-21543,MM-007
PSV-21544,MM-007
COL-21545,MM-009
PSV-21546,MM-003
LT-21547,MM-005
V-21548,MM-010
FCV-21549,MM-006
V-21550,MM-001
P-21551,MM-002
FT-21552,MM-007
COL-21553,MM-010
FT-21554,MM-001
V-21555,MM-006
PT-21556,MM-001
V-21557,MM-002
TT-21558,MM-007
FT-21559,MM-006
LT-21560,MM-003
P-21561,MM-008
V-21562,MM-010
XV-21563,MM-005
FCV-21564,MM-002
PT-21565,MM-001
COL-21566,MM-010
PSV-21567,MM-001
P-21568,MM-003
TT-21569,MM-009
E-21570,MM-001
PSV-21571,MM-002
COL-21572,MM-009
PSV-21573,MM-001
P-21574,MM-001
XV-21575,MM-008
XV-21576,MM-005
K-21577,MM-004
LT-21578,MM-005
COL-21579,MM-001
P-21580,MM-001
V-21581,MM-002
E-21582,MM-003
LT-21583,MM-009
TT-21584,MM-009
E-21585,MM-003
LT-21586,MM-010
FCV-21587,MM-010
PSV-21588,MM-001
XV-21589,MM-005
V-21590,MM-004
PSV-21591,MM-001
FCV-21592,MM-008
PT-21593,MM-004
PSV-21594,MM-010
TT-21595,MM-004
LT-21596,MM-003
PSV-21597,MM-003
TT-21598,MM-002
P-21599,MM-004
FT-21600,MM-004
TT-21601,MM-002
XV-21602,MM-007
P-21603,MM-008
P-21604,MM-007
TT-21605,MM-008
LT-21606,MM-005
PT-21607,MM-003
V-21608,MM-002
V-21609,MM-008
V-21610,MM-001
K-21611,MM-010
TT-21612,MM-003
PT-21613,MM-007
XV-21614,MM-009
TT-21615,MM-005
COL-21616,MM-010
XV-21617,MM-009
COL-21618,MM-001
P-21619,MM-003
FCV-21620,MM-001
XV-21621,MM-003
XV-21622,MM-002
LT-21623,MM-010
XV-21624,MM-001
PSV-21625,MM-002
V-21626,MM-002
FT-21627,MM-004
V-21628,MM-003
PSV-21629,MM-008
PT-21630,MM-006
P-21631,MM-003
PSV-21632,MM-005
FT-21633,MM-007
LT-21634,MM-006
PT-21635,MM-002
PSV-21636,MM-003
PSV-21637,MM-006
PSV-21638,MM-007
COL-21639,MM-003
PSV-21640,MM-004
FCV-21641,MM-003
TT-21642,MM-001
P-21643,MM-006
FT-21644,MM-001
P-21645,MM-009
PT-21646,MM-003
P-21647,MM-006
E-21648,MM-003
PSV-21649,MM-002
XV-21650,MM-006
E-21651,MM-006
LT-21652,MM-006
P-21653,MM-004
XV-21654,MM-006
TT-21655,MM-004
P-21656,MM-006
PSV-21657,MM-003
PSV-21658,MM-004
E-21659,MM-006
FT-21660,MM-004
FT-21661,MM-010
P-21662,MM-004
PT-21663,MM-008
TT-21664,MM-004
E-21665,MM-007
P-21666,MM-009
PSV-21667,MM-004
LT-21668,MM-003
V-21669,MM-009
FCV-21670,MM-008
COL-21671,MM-009
P-21672,MM-008
PT-21673,MM-001
FCV-21674,MM-001
V-21675,MM-005
LT-21676,MM-010
TT-21677,MM-009
FT-21678,MM-002
FCV-21679,MM-008
P-21680,MM-007
FT-21681,MM-004
K-21682,MM-004
PT-21683,MM-006
LT-21684,MM-007
LT-21685,MM-009
LT-21686,MM-001
FT-21687,MM-010
P-21688,MM-007
TT-21689,MM-008
FCV-21690,MM-002
LT-21691,MM-009
COL-21692,MM-008
V-21693,MM-005
P-21694,MM-010
FCV-21695,MM-001
FCV-21696,MM-005
PT-21697,MM-003
E-21698,MM-005
PT-21699,MM-005
XV-21700,MM-006
COL-21701,MM-009
K-21702,MM-003
COL-21703,MM-004
P-21704,MM-004
PT-21705,MM-009
P-21706,MM-003
LT-21707,MM-007
P-21708,MM-010
FCV-21709,MM-010
XV-21710,MM-009
PSV-21711,MM-007
PSV-21712,MM-010
P-21713,MM-004
P-21714,MM-008
PT-21715,MM-001
P-21716,MM-002
PT-21717,MM-009
V-21718,MM-007
PSV-21719,MM-008
E-21720,MM-003
V-21721,MM-001
PSV-21722,MM-005
P-21723,MM-009
V-21724,MM-010
K-21725,MM-008
TT-21726,MM-010
FCV-21727,MM-008
K-21728,MM-008
PSV-21729,MM-001
TT-21730,MM-002
FCV-21731,MM-007
V-21732,MM-009
XV-21733,MM-004
FT-21734,MM-005
PSV-21735,MM-005
PSV-21736,MM-006
FT-21737,MM-003
FCV-21738,MM-006
P-21739,MM-010
PSV-21740,MM-008
FT-21741,MM-004
PT-21742,MM-006
TT-21743,MM-008
XV-21744,MM-001
PT-21745,MM-003
PSV-21746,MM-007
V-21747,MM-009
FT-21748,MM-006
P-21749,MM-002
PT-21750,MM-005
FCV-21751,MM-008
E-21752,MM-009
TT-21753,MM-001
FCV-21754,MM-008
COL-21755,MM-008
V-21756,MM-005
K-21757,MM-004
FT-21758,MM-001
XV-21759,MM-001
PT-21760,MM-003
E-21761,MM-008
P-21762,MM-009
E-21763,MM-006
P-21764,MM-006
FT-21765,MM-005
COL-21766,MM-006
PSV-21767,MM-006
TT-21768,MM-003
LT-21769,MM-008
P-21770,MM-002
P-21771,MM-010
LT-21772,MM-008
PSV-21773,MM-007
XV-21774,MM-001
TT-21775,MM-002
TT-21776,MM-009
XV-21777,MM-010
E-21778,MM-002
COL-21779,MM-006
FCV-21780,MM-004
TT-21781,MM-002
P-21782,MM-006
PSV-21783,MM-001
COL-21784,MM-002
COL-21785,MM-009
E-21786,MM-001
LT-21787,MM-009
COL-21788,MM-008
K-21789,MM-003
V-21790,MM-007
COL-21791,MM-010
V-21792,MM-009
PT-21793,MM-010
PSV-21794,MM-008
P-21795,MM-008
FT-21796,MM-005
V-21797,MM-004
P-21798,MM-008
FT-21799,MM-008
E-21800,MM-006
FCV-21801,MM-004
E-21802,MM-004
PT-21803,MM-010
TT-21804,MM-003
K-21805,MM-004
FT-21806,MM-003
V-21807,MM-008
TT-21808,MM-005
TT-21809,MM-008
COL-21810,MM-001
TT-21811,MM-004
E-21812,MM-009
FCV-21813,MM-002
TT-21814,MM-002
PT-21815,MM-007
K-21816,MM-001
TT-21817,MM-002
K-21818,MM-005
PSV-21819,MM-010
FT-21820,MM-009
XV-21821,MM-008
E-21822,MM-001
FT-21823,MM-008
PSV-21824,MM-008
PSV-21825,MM-005
PT-21826,MM-003
LT-21827,MM-001
COL-21828,MM-003
TT-21829,MM-010
TT-21830,MM-008
XV-21831,MM-007
FT-21832,MM-008
E-21833,MM-010
FCV-21834,MM-007
COL-21835,MM-007
PSV-21836,MM-008
P-21837,MM-008
P-21838,MM-003
COL-21839,MM-008
V-21840,MM-009
P-21841,MM-003
PSV-21842,MM-009
XV-21843,MM-006
FCV-21844,MM-009
LT-21845,MM-006
P-21846,MM-007
FT-21847,MM-009
COL-21848,MM-008
XV-21849,MM-003
K-21850,MM-002
XV-21851,MM-005
P-21852,MM-010
FT-21853,MM-009
P-21854,MM-006
K-21855,MM-006
LT-21856,MM-008
XV-21857,MM-008
PSV-21858,MM-001
FT-21859,MM-008
PSV-21860,MM-010
P-21861,MM-008
PT-21862,MM-005
FT-21863,MM-003
PSV-21864,MM-010
FCV-21865,MM-008
V-21866,MM-002
PSV-21867,MM-007
XV-21868,MM-004
FCV-21869,MM-003
LT-21870,MM-004
E-21871,MM-002
LT-21872,MM-001
FT-21873,MM-005
FT-21874,MM-009
P-21875,MM-002
E-21876,MM-003
E-21877,MM-010
P-21878,MM-002
FT-21879,MM-002
P-21880,MM-001
FT-21881,MM-010
COL-21882,MM-005
E-21883,MM-005
E-21884,MM-009
COL-21885,MM-001
K-21886,MM-006
PSV-21887,MM-005
FCV-21888,MM-010
COL-21889,MM-002
E-21890,MM-007
LT-21891,MM-007
PT-21892,MM-010
FT-21893,MM-007
FT-21894,MM-010
PT-21895,MM-003
FCV-21896,MM-007
XV-21897,MM-003
PT-21898,MM-003
P-21899,MM-007
K-21900,MM-005
K-21901,MM-002
XV-21902,MM-009
FCV-21903,MM-004
PT-21904,MM-006
V-21905,MM-004
K-21906,MM-001
FCV-21907,MM-009
PT-21908,MM-002
LT-21909,MM-004
LT-21910,MM-007
FCV-21911,MM-001
LT-21912,MM-005
PT-21913,MM-006
E-21914,MM-009
K-21915,MM-003
PSV-21916,MM-002
PSV-21917,MM-007
XV-21918,MM-001
XV-21919,MM-002
V-21920,MM-004
COL-21921,MM-001
E-21922,MM-004
V-21923,MM-004
COL-21924,MM-003
K-21925,MM-004
E-21926,MM-008
V-21927,MM-009
P-21928,MM-010
FT-21929,MM-001
TT-21930,MM-003
XV-21931,MM-002
FCV-21932,MM-001
E-21933,MM-005
COL-21934,MM-004
PT-21935,MM-006
FT-21936,MM-004
PT-21937,MM-010
PSV-21938,MM-009
P-21939,MM-006
K-21940,MM-005
LT-21941,MM-001
K-21942,MM-007
P-21943,MM-003
P-21944,MM-006
V-21945,MM-009
FCV-21946,MM-007
FT-21947,MM-001
PT-21948,MM-006
COL-21949,MM-005
TT-21950,MM-009
V-21951,MM-008
COL-21952,MM-002
PT-21953,MM-004
COL-21954,MM-005
FT-21955,MM-008
FT-21956,MM-007
TT-21957,MM-001
FT-21958,MM-008
XV-21959,MM-009
V-21960,MM-008
PT-21961,MM-003
TT-21962,MM-006
FT-21963,MM-004
FCV-21964,MM-007
FCV-21965,MM-001
V-21966,MM-009
LT-21967,MM-009
P-21968,MM-002
P-21969,MM-005
COL-21970,MM-002
V-21971,MM-002
FT-21972,MM-005
LT-21973,MM-008
E-21974,MM-006
FT-21975,MM-002
P-21976,MM-003
K-21977,MM-009
P-21978,MM-008
TT-21979,MM-004
FT-21980,MM-010
LT-21981,MM-004
E-21982,MM-004
V-21983,MM-007
E-21984,MM-003
COL-21985,MM-004
XV-21986,MM-009
P-21987,MM-005
P-21988,MM-001
XV-21989,MM-009
K-21990,MM-006
PSV-21991,MM-004
E-21992,MM-008
E-21993,MM-007
PSV-21994,MM-004
TT-21995,MM-009
P-21996,MM-005
COL-21997,MM-010
COL-21998,MM-008
LT-21999,MM-004
E-22000,MM-002
FT-22001,MM-005
LT-22002,MM-004
FCV-22003,MM-009
P-22004,MM-004
FT-22005,MM-004
PSV-22006,MM-005
P-22007,MM-005
P-22008,MM-009
FT-22009,MM-009
LT-22010,MM-007
P-22011,MM-010
COL-22012,MM-004
FCV-22013,MM-005
XV-22014,MM-001
FCV-22015,MM-007
TT-22016,MM-008
E-22017,MM-001
PT-22018,MM-007
K-22019,MM-009
XV-22020,MM-003
K-22021,MM-004
FT-22022,MM-003
LT-22023,MM-004
FCV-22024,MM-007
E-22025,MM-006
V-22026,MM-008
P-22027,MM-003
E-22028,MM-008
PT-22029,MM-005
K-22030,MM-004
FCV-22031,MM-005
TT-22032,MM-003
V-22033,MM-006
K-22034,MM-008
PT-22035,MM-008
FT-22036,MM-005
LT-22037,MM-010
TT-22038,MM-005
FT-22039,MM-009
FT-22040,MM-001
XV-22041,MM-001
COL-22042,MM-002
XV-22043,MM-008
P-22044,MM-009
V-22045,MM-003
TT-22046,MM-010
E-22047,MM-006
LT-22048,MM-009
LT-22049,MM-003
E-22050,MM-001
LT-22051,MM-008
P-22052,MM-005
V-22053,MM-010
K-22054,MM-004
FCV-22055,MM-007
PT-22056,MM-008
P-22057,MM-006
K-22058,MM-008
E-22059,MM-005
K-22060,MM-004
PT-22061,MM-004
E-22062,MM-003
P-22063,MM-001
TT-22064,MM-009
PSV-22065,MM-006
COL-22066,MM-004
V-22067,MM-004
PSV-22068,MM-005
FCV-22069,MM-008
P-22070,MM-002
FT-22071,MM-010
K-22072,MM-006
P-22073,MM-010
COL-22074,MM-003
K-22075,MM-004
COL-22076,MM-005
PSV-22077,MM-005
COL-22078,MM-002
PT-22079,MM-002
PT-22080,MM-008
PSV-22081,MM-010
TT-22082,MM-010
E-22083,MM-006
FCV-22084,MM-008
V-22085,MM-002
FT-22086,MM-002
LT-22087,MM-008
PT-22088,MM-004
FT-22089,MM-005
P-22090,MM-007
FT-22091,MM-006
TT-22092,MM-005
K-22093,MM-005
FCV-22094,MM-001
E-22095,MM-001
TT-22096,MM-005
TT-22097,MM-008
PT-22098,MM-008
P-22099,MM-010
E-22100,MM-010
XV-22101,MM-003
PSV-22102,MM-004
PSV-22103,MM-007
FT-22104,MM-005
XV-22105,MM-006
FCV-22106,MM-010
FT-22107,MM-010
PSV-22108,MM-010
XV-22109,MM-008
COL-22110,MM-001
TT-22111,MM-002
PT-22112,MM-006
XV-22113,MM-001
E-22114,MM-002
K-22115,MM-009
TT-22116,MM-003
PSV-22117,MM-002
K-22118,MM-007
PSV-22119,MM-006
V-22120,MM-001
P-22121,MM-004
LT-22122,MM-007
PSV-22123,MM-002
K-22124,MM-009
V-22125,MM-010
COL-22126,MM-002
PSV-22127,MM-005
P-22128,MM-005
FCV-22129,MM-008
FCV-22130,MM-003
LT-22131,MM-007
XV-22132,MM-006
LT-22133,MM-003
PT-22134,MM-008
XV-22135,MM-004
XV-22136,MM-006
PT-22137,MM-005
PSV-22138,MM-004
E-22139,MM-009
FT-22140,MM-004
K-22141,MM-007
P-22142,MM-002
FCV-22143,MM-005
FT-22144,MM-009
PT-22145,MM-004
TT-22146,MM-003
XV-22147,MM-002
K-22148,MM-008
K-22149,MM-003
FT-22150,MM-009
FT-22151,MM-003
P-22152,MM-006
V-22153,MM-001
K-22154,MM-007
LT-22155,MM-004
PT-22156,MM-006
XV-22157,MM-009
TT-22158,MM-010
E-22159,MM-006
XV-22160,MM-008
LT-22161,MM-004
E-22162,MM-002
COL-22163,MM-008
V-22164,MM-008
PSV-22165,MM-002
PT-22166,MM-007
LT-22167,MM-010
P-22168,MM-003
XV-22169,MM-010
K-22170,MM-003
P-22171,MM-007
TT-22172,MM-008
FT-22173,MM-004
V-22174,MM-001
COL-22175,MM-005
PT-22176,MM-008
TT-22177,MM-005
PSV-22178,MM-007
PT-22179,MM-007
P-22180,MM-007
FT-22181,MM-003
FCV-22182,MM-010
PT-22183,MM-003
P-22184,MM-004
E-22185,MM-001
XV-22186,MM-002
P-22187,MM-006
LT-22188,MM-004
E-22189,MM-005
PSV-22190,MM-005
P-22191,MM-005
P-22192,MM-001
K-22193,MM-006
PSV-22194,MM-005
COL-22195,MM-007
K-22196,MM-005
E-22197,MM-003
P-22198,MM-003
P-22199,MM-004
FT-22200,MM-004
P-22201,MM-005
FCV-22202,MM-005
E-22203,MM-010
PSV-22204,MM-004
COL-22205,MM-007
TT-22206,MM-001
K-22207,MM-002
P-22208,MM-010
FT-22209,MM-002
LT-22210,MM-009
P-22211,MM-006
P-22212,MM-008
LT-22213,MM-008
XV-22214,MM-009
P-22215,MM-008
P-22216,MM-003
E-22217,MM-005
P-22218,MM-009
XV-22219,MM-010
FT-22220,MM-001
TT-22221,MM-007
TT-22222,MM-002
E-22223,MM-006
P-22224,MM-006
E-22225,MM-004
P-22226,MM-010
LT-22227,MM-005
FCV-22228,MM-005
V-22229,MM-002
FT-22230,MM-005
FT-22231,MM-009
P-22232,MM-005
FCV-22233,MM-004
P-22234,MM-007
FCV-22235,MM-001
FT-22236,MM-002
FT-22237,MM-008
PSV-22238,MM-008
P-22239,MM-010
P-22240,MM-010
COL-22241,MM-009
P-22242,MM-009
TT-22243,MM-002
PSV-22244,MM-005
COL-22245,MM-007
K-22246,MM-005
LT-22247,MM-007
TT-22248,MM-001
FT-22249,MM-008
K-22250,MM-008
P-22251,MM-009
TT-22252,MM-004
XV-22253,MM-009
V-22254,MM-007
XV-22255,MM-002
XV-22256,MM-005
E-22257,MM-005
TT-22258,MM-004
K-22259,MM-008
PT-22260,MM-006
K-22261,MM-006
V-22262,MM-006
COL-22263,MM-007
LT-22264,MM-006
E-22265,MM-008
P-22266,MM-008
PSV-22267,MM-006
K-22268,MM-008
TT-22269,MM-001
XV-22270,MM-004
TT-22271,MM-010
P-22272,MM-005
K-22273,MM-004
FCV-22274,MM-001
E-22275,MM-005
TT-22276,MM-004
COL-22277,MM-010
LT-22278,MM-002
FT-22279,MM-006
V-22280,MM-002
P-22281,MM-009
COL-22282,MM-002
PT-22283,MM-004
XV-22284,MM-006
FT-22285,MM-009
FCV-22286,MM-003
XV-22287,MM-001
COL-22288,MM-004
PT-22289,MM-002
FT-22290,MM-007
PT-22291,MM-006
V-22292,MM-004
TT-22293,MM-010
E-22294,MM-006
P-22295,MM-002
LT-22296,MM-004
FCV-22297,MM-007
PSV-22298,MM-009
XV-22299,MM-003
E-22300,MM-004
COL-22301,MM-010
XV-22302,MM-005
LT-22303,MM-009
E-22304,MM-009
P-22305,MM-009
PT-22306,MM-007
PT-22307,MM-002
E-22308,MM-001
FCV-22309,MM-008
LT-22310,MM-003
XV-22311,MM-001
XV-22312,MM-006
V-22313,MM-007
FCV-22314,MM-005
P-22315,MM-007
FT-22316,MM-001
P-22317,MM-009
PSV-22318,MM-007
PT-22319,MM-007
V-22320,MM-008
XV-22321,MM-002
FT-22322,MM-001
P-22323,MM-008
E-22324,MM-004
FT-22325,MM-006
PT-22326,MM-005
PT-22327,MM-006
P-22328,MM-002
K-22329,MM-003
E-22330,MM-002
K-22331,MM-010
PSV-22332,MM-001
TT-22333,MM-007
PSV-22334,MM-005
FCV-22335,MM-004
PSV-22336,MM-004
TT-22337,MM-008
FCV-22338,MM-002
COL-22339,MM-007
PSV-22340,MM-009
FCV-22341,MM-004
COL-22342,MM-002
LT-22343,MM-001
V-22344,MM-007
TT-22345,MM-004
XV-22346,MM-009
FCV-22347,MM-007
K-22348,MM-010
PSV-22349,MM-007
E-22350,MM-007
PSV-22351,MM-004
LT-22352,MM-003
PSV-22353,MM-001
COL-22354,MM-010
P-22355,MM-007
PT-22356,MM-008
E-22357,MM-006
E-22358,MM-009
XV-22359,MM-005
LT-22360,MM-007
FT-22361,MM-003
K-22362,MM-010
E-22363,MM-002
E-22364,MM-009
E-22365,MM-005
FCV-22366,MM-010
FT-22367,MM-001
E-22368,MM-010
TT-22369,MM-004
TT-22370,MM-008
PT-22371,MM-008
P-22372,MM-006
FCV-22373,MM-003
P-22374,MM-010
V-22375,MM-001
P-22376,MM-002
E-22377,MM-003
V-22378,MM-006
FCV-22379,MM-001
P-22380,MM-005
LT-22381,MM-006
LT-22382,MM-007
FCV-22383,MM-007
K-22384,MM-002
LT-22385,MM-006
FT-22386,MM-005
PSV-22387,MM-004
P-22388,MM-005
P-22389,MM-008
COL-22390,MM-004
XV-22391,MM-008
V-22392,MM-006
P-22393,MM-005
TT-22394,MM-008
XV-22395,MM-005
TT-22396,MM-010
P-22397,MM-004
PSV-22398,MM-001
P-22399,MM-003
P-22400,MM-004
LT-22401,MM-004
P-22402,MM-001
XV-22403,MM-009
V-22404,MM-009
TT-22405,MM-007
E-22406,MM-009
PT-22407,MM-009
P-22408,MM-001
V-22409,MM-005
PSV-22410,MM-003
E-22411,MM-002
PSV-22412,MM-009
K-22413,MM-003
P-22414,MM-007
P-22415,MM-010
PSV-22416,MM-006
FCV-22417,MM-008
LT-22418,MM-001
COL-22419,MM-003
K-22420,MM-007
K-22421,MM-009
PSV-22422,MM-003
P-22423,MM-007
P-22424,MM-002
PT-22425,MM-005
COL-22426,MM-004
TT-22427,MM-008
E-22428,MM-003
XV-22429,MM-002
P-22430,MM-005
P-22431,MM-009
PSV-22432,MM-010
P-22433,MM-004
XV-22434,MM-003
FCV-22435,MM-008
K-22436,MM-008
FCV-22437,MM-004
TT-22438,MM-005
P-22439,MM-004
XV-22440,MM-001
LT-22441,MM-009
LT-22442,MM-001
COL-22443,MM-003
LT-22444,MM-006
P-22445,MM-007
TT-22446,MM-010
PSV-22447,MM-006
PT-22448,MM-004
P-22449,MM-008
COL-22450,MM-004
P-22451,MM-010
PSV-22452,MM-003
FCV-22453,MM-005
PSV-22454,MM-010
P-22455,MM-010
LT-22456,MM-005
TT-22457,MM-009
PT-22458,MM-009
PT-22459,MM-010
V-22460,MM-002
COL-22461,MM-007
COL-22462,MM-010
XV-22463,MM-005
V-22464,MM-006
V-22465,MM-001
E-22466,MM-007
V-22467,MM-008
COL-22468,MM-006
FT-22469,MM-007
PSV-22470,MM-006
FCV-22471,MM-008
TT-22472,MM-007
FT-22473,MM-006
FCV-22474,MM-010
XV-22475,MM-008
P-22476,MM-009
P-22477,MM-001
LT-22478,MM-005
P-22479,MM-008
E-22480,MM-007
TT-22481,MM-009
PT-22482,MM-008
FT-22483,MM-007
FT-22484,MM-003
XV-22485,MM-005
P-22486,MM-010
FT-22487,MM-001
TT-22488,MM-003
FT-22489,MM-008
V-22490,MM-004
PSV-22491,MM-003
PSV-22492,MM-002
LT-22493,MM-006
XV-22494,MM-001
K-22495,MM-002
E-22496,MM-009
P-22497,MM-009
V-22498,MM-003
TT-22499,MM-010
TT-22500,MM-003
FT-22501,MM-008
V-22502,MM-004
PT-22503,MM-009
P-22504,MM-003
FT-22505,MM-001
E-22506,MM-001
LT-22507,MM-006
PT-22508,MM-007
FT-22509,MM-006
PT-22510,MM-001
PT-22511,MM-004
XV-22512,MM-003
XV-22513,MM-004
COL-22514,MM-009
K-22515,MM-001
COL-22516,MM-002
COL-22517,MM-008
PSV-22518,MM-005
FCV-22519,MM-010
LT-22520,MM-001
E-22521,MM-001
COL-22522,MM-005
LT-22523,MM-010
P-22524,MM-008
LT-22525,MM-008
E-22526,MM-010
COL-22527,MM-003
COL-22528,MM-004
TT-22529,MM-009
K-22530,MM-005
V-22531,MM-005
E-22532,MM-005
V-22533,MM-007
K-22534,MM-005
V-22535,MM-005
XV-22536,MM-001
P-22537,MM-005
COL-22538,MM-009
P-22539,MM-008
PSV-22540,MM-002
P-22541,MM-002
FT-22542,MM-002
P-22543,MM-006
COL-22544,MM-005
E-22545,MM-001
XV-22546,MM-002
P-22547,MM-004
V-22548,MM-005
FCV-22549,MM-008
PT-22550,MM-002
FT-22551,MM-007
TT-22552,MM-004
P-22553,MM-004
FCV-22554,MM-002
V-22555,MM-001
FT-22556,MM-001
V-22557,MM-008
FCV-22558,MM-007
COL-22559,MM-007
K-22560,MM-003
K-22561,MM-002
PT-22562,MM-004
P-22563,MM-008
FT-22564,MM-007
K-22565,MM-009
XV-22566,MM-003
PT-22567,MM-003
P-22568,MM-005
FT-22569,MM-010
FCV-22570,MM-005
PSV-22571,MM-008
K-22572,MM-003
P-22573,MM-001
TT-22574,MM-006
P-22575,MM-008
FCV-22576,MM-008
V-22577,MM-007
TT-22578,MM-006
PSV-22579,MM-010
PT-22580,MM-007
FCV-22581,MM-004
V-22582,MM-003
PSV-22583,MM-009
FCV-22584,MM-006
K-22585,MM-007
K-22586,MM-009
XV-22587,MM-010
XV-22588,MM-002
TT-22589,MM-009
E-22590,MM-003
FT-22591,MM-007
E-22592,MM-009
PSV-22593,MM-001
K-22594,MM-007
FCV-22595,MM-010
PSV-22596,MM-007
P-22597,MM-007
PSV-22598,MM-005
FCV-22599,MM-002
COL-22600,MM-004
LT-22601,MM-005
LT-22602,MM-006
V-22603,MM-005
TT-22604,MM-010
XV-22605,MM-007
TT-22606,MM-004
COL-22607,MM-005
K-22608,MM-001
E-22609,MM-004
TT-22610,MM-005
PT-22611,MM-009
PT-22612,MM-007
K-22613,MM-009
K-22614,MM-001
XV-22615,MM-010
P-22616,MM-007
PSV-22617,MM-003
FT-22618,MM-008
TT-22619,MM-006
K-22620,MM-003
PSV-22621,MM-002
TT-22622,MM-008
PT-22623,MM-008
P-22624,MM-001
TT-22625,MM-008
COL-22626,MM-006
K-22627,MM-004
LT-22628,MM-006
TT-22629,MM-003
P-22630,MM-007
P-22631,MM-010
COL-22632,MM-003
V-22633,MM-003
V-22634,MM-004
P-22635,MM-010
LT-22636,MM-009
P-22637,MM-004
TT-22638,MM-007
P-22639,MM-010
K-22640,MM-009
K-22641,MM-003
TT-22642,MM-006
PSV-22643,MM-009
TT-22644,MM-010
TT-22645,MM-004
K-22646,MM-009
PSV-22647,MM-001
COL-22648,MM-004
V-22649,MM-002
COL-22650,MM-001
K-22651,MM-004
FT-22652,MM-005
FT-22653,MM-006
PSV-22654,MM-002
TT-22655,MM-008
XV-22656,MM-005
PSV-22657,MM-005
XV-22658,MM-009
LT-22659,MM-004
P-22660,MM-003
FT-22661,MM-005
P-22662,MM-008
TT-22663,MM-005
FCV-22664,MM-005
FCV-22665,MM-004
E-22666,MM-004
P-22667,MM-005
K-22668,MM-003
XV-22669,MM-005
E-22670,MM-008
PSV-22671,MM-003
TT-22672,MM-004
P-22673,MM-002
P-22674,MM-007
K-22675,MM-004
E-22676,MM-009
P-22677,MM-009
P-22678,MM-003
E-22679,MM-009
LT-22680,MM-002
K-22681,MM-010
PSV-22682,MM-009
PSV-22683,MM-010
K-22684,MM-004
E-22685,MM-006
K-22686,MM-003
P-22687,MM-007
PSV-22688,MM-009
PSV-22689,MM-001
LT-22690,MM-009
XV-22691,MM-008
E-22692,MM-001
XV-22693,MM-004
PT-22694,MM-005
V-22695,MM-009
FT-22696,MM-008
E-22697,MM-009
P-22698,MM-005
V-22699,MM-001
TT-22700,MM-005
PT-22701,MM-006
PT-22702,MM-007
LT-22703,MM-003
P-22704,MM-008
COL-22705,MM-010
FCV-22706,MM-006
K-22707,MM-007
P-22708,MM-005
FCV-22709,MM-005
LT-22710,MM-006
P-22711,MM-003
TT-22712,MM-009
P-22713,MM-008
PSV-22714,MM-007
LT-22715,MM-001
LT-22716,MM-010
PT-22717,MM-005
V-22718,MM-004
XV-22719,MM-003
FT-22720,MM-005
P-22721,MM-004
K-22722,MM-003
XV-22723,MM-010
FCV-22724,MM-001
PSV-22725,MM-001
TT-22726,MM-005
P-22727,MM-004
K-22728,MM-006
COL-22729,MM-002
TT-22730,MM-010
K-22731,MM-010
XV-22732,MM-002
K-22733,MM-008
E-22734,MM-001
COL-22735,MM-007
P-22736,MM-002
PSV-22737,MM-010
V-22738,MM-001
PSV-22739,MM-009
PT-22740,MM-009
FCV-22741,MM-008
P-22742,MM-002
PSV-22743,MM-001
E-22744,MM-004
PSV-22745,MM-008
V-22746,MM-005
PT-22747,MM-001
P-22748,MM-005
K-22749,MM-003
PSV-22750,MM-007
XV-22751,MM-008
TT-22752,MM-010
K-22753,MM-010
COL-22754,MM-010
E-22755,MM-003
XV-22756,MM-004
COL-22757,MM-007
PSV-22758,MM-001
TT-22759,MM-004
PSV-22760,MM-010
PT-22761,MM-009
TT-22762,MM-004
FCV-22763,MM-001
TT-22764,MM-007
E-22765,MM-005
E-22766,MM-008
P-22767,MM-008
LT-22768,MM-008
COL-22769,MM-008
E-22770,MM-005
FCV-22771,MM-010
E-22772,MM-009
PSV-22773,MM-001
COL-22774,MM-006
P-22775,MM-002
COL-22776,MM-010
XV-22777,MM-005
XV-22778,MM-009
LT-22779,MM-004
K-22780,MM-004
XV-22781,MM-010
V-22782,MM-008
TT-22783,MM-010
TT-22784,MM-009
COL-22785,MM-001
TT-22786,MM-002
LT-22787,MM-001
P-22788,MM-008
XV-22789,MM-004
TT-22790,MM-006
XV-22791,MM-005
FT-22792,MM-008
PSV-22793,MM-008
XV-22794,MM-003
LT-22795,MM-008
FT-22796,MM-003
K-22797,MM-010
XV-22798,MM-010
K-22799,MM-008
FT-22800,MM-002
XV-22801,MM-002
PT-22802,MM-002
LT-22803,MM-004
TT-22804,MM-002
E-22805,MM-009
FCV-22806,MM-004
P-22807,MM-001
E-22808,MM-008
TT-22809,MM-003
P-22810,MM-007
E-22811,MM-005
K-22812,MM-010
COL-22813,MM-010
V-22814,MM-004
P-22815,MM-008
FCV-22816,MM-009
COL-22817,MM-009
COL-22818,MM-003
E-22819,MM-005
LT-22820,MM-010
XV-22821,MM-003
FT-22822,MM-010
TT-22823,MM-008
FCV-22824,MM-007
PT-22825,MM-005
P-22826,MM-002
PT-22827,MM-009
P-22828,MM-010
K-22829,MM-008
TT-22830,MM-003
TT-22831,MM-004
TT-22832,MM-007
P-22833,MM-010
COL-22834,MM-007
P-22835,MM-006
E-22836,MM-001
LT-22837,MM-010
TT-22838,MM-005
K-22839,MM-005
LT-22840,MM-008
K-22841,MM-009
LT-22842,MM-004
XV-22843,MM-004
XV-22844,MM-009
PSV-22845,MM-003
COL-22846,MM-004
V-22847,MM-007
TT-22848,MM-001
K-22849,MM-006
P-22850,MM-002
FCV-22851,MM-002
V-22852,MM-001
PT-22853,MM-002
FT-22854,MM-005
FT-22855,MM-009
TT-22856,MM-008
V-22857,MM-009
E-22858,MM-010
XV-22859,MM-006
P-22860,MM-010
LT-22861,MM-005
E-22862,MM-009
TT-22863,MM-003
COL-22864,MM-002
P-22865,MM-005
FCV-22866,MM-004
E-22867,MM-010
V-22868,MM-002
LT-22869,MM-005
XV-22870,MM-007
PSV-22871,MM-009
XV-22872,MM-003
P-22873,MM-010
LT-22874,MM-005
FCV-22875,MM-002
COL-22876,MM-004
P-22877,MM-002
TT-22878,MM-003
P-22879,MM-006
XV-22880,MM-009
P-22881,MM-009
E-22882,MM-004
FT-22883,MM-001
P-22884,MM-009
FT-22885,MM-005
PT-22886,MM-010
COL-22887,MM-001
V-22888,MM-010
P-22889,MM-004
P-22890,MM-008
FCV-22891,MM-007
V-22892,MM-002
V-22893,MM-010
K-22894,MM-004
TT-22895,MM-010
TT-22896,MM-001
COL-22897,MM-010
FT-22898,MM-005
TT-22899,MM-001
K-22900,MM-006
XV-22901,MM-008
TT-22902,MM-003
COL-22903,MM-010
E-22904,MM-009
V-22905,MM-009
V-22906,MM-003
TT-22907,MM-008
FCV-22908,MM-002
P-22909,MM-001
FT-22910,MM-001
TT-22911,MM-003
COL-22912,MM-002
LT-22913,MM-007
LT-22914,MM-002
FT-22915,MM-008
XV-22916,MM-008
K-22917,MM-003
FCV-22918,MM-009
FT-22919,MM-003
K-22920,MM-001
PT-22921,MM-006
FCV-22922,MM-001
K-22923,MM-001
TT-22924,MM-002
LT-22925,MM-003
FCV-22926,MM-006
FT-22927,MM-006
V-22928,MM-002
FCV-22929,MM-004
PT-22930,MM-006
FT-22931,MM-001
COL-22932,MM-003
COL-22933,MM-004
COL-22934,MM-008
K-22935,MM-006
PT-22936,MM-003
PT-22937,MM-004
K-22938,MM-005
FCV-22939,MM-006
E-22940,MM-008
XV-22941,MM-003
PT-22942,MM-001
FT-22943,MM-001
P-22944,MM-007
COL-22945,MM-004
FT-22946,MM-001
FCV-22947,MM-005
XV-22948,MM-004
P-22949,MM-002
TT-22950,MM-003
COL-22951,MM-007
E-22952,MM-008
P-22953,MM-008
K-22954,MM-004
FCV-22955,MM-010
FT-22956,MM-010
PT-22957,MM-007
P-22958,MM-004
TT-22959,MM-005
XV-22960,MM-004
FT-22961,MM-001
P-22962,MM-007
K-22963,MM-007
P-22964,MM-002
FCV-22965,MM-005
LT-22966,MM-008
E-22967,MM-008
PSV-22968,MM-006
V-22969,MM-003
E-22970,MM-008
PSV-22971,MM-003
XV-22972,MM-006
LT-22973,MM-005
COL-22974,MM-001
TT-22975,MM-002
TT-22976,MM-008
XV-22977,MM-003
LT-22978,MM-009
XV-22979,MM-009
V-22980,MM-005
FCV-22981,MM-008
FT-22982,MM-007
FCV-22983,MM-002
COL-22984,MM-002
FCV-22985,MM-001
COL-22986,MM-003
FCV-22987,MM-008
P-22988,MM-002
P-22989,MM-010
XV-22990,MM-002
LT-22991,MM-003
XV-22992,MM-010
P-22993,MM-007
E-22994,MM-008
LT-22995,MM-005
P-22996,MM-001
FCV-22997,MM-001
PSV-22998,MM-003
K-22999,MM-004
E-23000,MM-008
V-23001,MM-008
PSV-23002,MM-004
FT-23003,MM-001
V-23004,MM-008
FT-23005,MM-008
FT-23006,MM-007
FCV-23007,MM-004
FCV-23008,MM-009
FT-23009,MM-003
TT-23010,MM-003
TT-23011,MM-005
TT-23012,MM-008
P-23013,MM-007
LT-23014,MM-008
PSV-23015,MM-008
XV-23016,MM-003
K-23017,MM-006
PT-23018,MM-010
P-23019,MM-009
XV-23020,MM-002
PT-23021,MM-004
P-23022,MM-009
P-23023,MM-010
LT-23024,MM-001
FT-23025,MM-010
COL-23026,MM-004
P-23027,MM-002
COL-23028,MM-007
PT-23029,MM-003
FCV-23030,MM-005
COL-23031,MM-005
XV-23032,MM-004
COL-23033,MM-009
PT-23034,MM-009
K-23035,MM-002
XV-23036,MM-009
FT-23037,MM-007
PT-23038,MM-003
V-23039,MM-004
V-23040,MM-008
XV-23041,MM-004
K-23042,MM-009
COL-23043,MM-010
PSV-23044,MM-002
V-23045,MM-002
FCV-23046,MM-002
LT-23047,MM-008
LT-23048,MM-007
K-23049,MM-007
FCV-23050,MM-008
P-23051,MM-005
FCV-23052,MM-005
FCV-23053,MM-006
XV-23054,MM-006
K-23055,MM-001
P-23056,MM-001
E-23057,MM-009
FT-23058,MM-002
FT-23059,MM-009
PSV-23060,MM-006
FT-23061,MM-004
FT-23062,MM-005
COL-23063,MM-006
TT-23064,MM-005
E-23065,MM-007
K-23066,MM-006
K-23067,MM-001
P-23068,MM-001
FCV-23069,MM-005
COL-23070,MM-001
K-23071,MM-004
FCV-23072,MM-007
XV-23073,MM-007
TT-23074,MM-002
LT-23075,MM-007
FCV-23076,MM-004
K-23077,MM-010
LT-23078,MM-003
V-23079,MM-005
TT-23080,MM-007
LT-23081,MM-010
E-23082,MM-001
COL-23083,MM-010
TT-23084,MM-009
LT-23085,MM-010
FCV-23086,MM-009
P-23087,MM-002
COL-23088,MM-001
K-23089,MM-007
FCV-23090,MM-007
FCV-23091,MM-002
PT-23092,MM-003
V-23093,MM-004
V-23094,MM-009
V-23095,MM-001
PT-23096,MM-006
LT-23097,MM-007
E-23098,MM-005
E-23099,MM-008
PSV-23100,MM-005
TT-23101,MM-002
TT-23102,MM-008
P-23103,MM-009
PSV-23104,MM-005
FT-23105,MM-003
E-23106,MM-007
P-23107,MM-001
FCV-23108,MM-007
P-23109,MM-005
PT-23110,MM-003
XV-23111,MM-008
XV-23112,MM-003
XV-23113,MM-006
LT-23114,MM-001
FCV-23115,MM-002
V-23116,MM-003
XV-23117,MM-008
LT-23118,MM-005
FT-23119,MM-010
FCV-23120,MM-005
PT-23121,MM-007
P-23122,MM-010
PT-23123,MM-004
K-23124,MM-005
E-23125,MM-002
PT-23126,MM-010
PT-23127,MM-008
E-23128,MM-002
TT-23129,MM-009
FT-23130,MM-004
PSV-23131,MM-004
P-23132,MM-002
FCV-23133,MM-002
E-23134,MM-002
COL-23135,MM-008
K-23136,MM-003
TT-23137,MM-006
P-23138,MM-004
K-23139,MM-007
P-23140,MM-010
P-23141,MM-005
COL-23142,MM-010
K-23143,MM-006
K-23144,MM-008
FT-23145,MM-002
V-23146,MM-003
FT-23147,MM-005
E-23148,MM-001
FCV-23149,MM-008
E-23150,MM-006
TT-23151,MM-003
PSV-23152,MM-002
FT-23153,MM-003
XV-23154,MM-003
TT-23155,MM-002
PSV-23156,MM-008
E-23157,MM-003
XV-23158,MM-007
PT-23159,MM-002
V-23160,MM-009
PT-23161,MM-001
TT-23162,MM-008
V-23163,MM-008
LT-23164,MM-009
V-23165,MM-005
XV-23166,MM-001
FT-23167,MM-007
FT-23168,MM-010
TT-23169,MM-007
TT-23170,MM-004
V-23171,MM-004
E-23172,MM-006
E-23173,MM-007
PT-23174,MM-004
K-23175,MM-007
PSV-23176,MM-004
FCV-23177,MM-001
PT-23178,MM-008
P-23179,MM-010
FCV-23180,MM-003
P-23181,MM-005
PSV-23182,MM-004
XV-23183,MM-009
PT-23184,MM-009
PT-23185,MM-001
E-23186,MM-008
K-23187,MM-003
V-23188,MM-003
PT-23189,MM-002
PSV-23190,MM-001
P-23191,MM-006
K-23192,MM-009
FCV-23193,MM-002
E-23194,MM-006
K-23195,MM-008
K-23196,MM-006
COL-23197,MM-006
TT-23198,MM-005
COL-23199,MM-001
P-23200,MM-001
K-23201,MM-005
XV-23202,MM-003
E-23203,MM-002
P-23204,MM-002
XV-23205,MM-001
P-23206,MM-003
E-23207,MM-009
K-23208,MM-010
LT-23209,MM-008
XV-23210,MM-010
P-23211,MM-009
PT-23212,MM-001
K-23213,MM-010
PSV-23214,MM-007
PSV-23215,MM-010
XV-23216,MM-008
XV-23217,MM-007
P-23218,MM-003
PT-23219,MM-007
V-23220,MM-005
V-23221,MM-006
XV-23222,MM-008
PSV-23223,MM-003
P-23224,MM-003
TT-23225,MM-008
XV-23226,MM-003
V-23227,MM-010
COL-23228,MM-008
E-23229,MM-003
P-23230,MM-010
P-23231,MM-002
K-23232,MM-003
E-23233,MM-004
K-23234,MM-007
K-23235,MM-010
COL-23236,MM-010
PSV-23237,MM-008
P-23238,MM-009
PT-23239,MM-005
TT-23240,MM-005
P-23241,MM-006
E-23242,MM-004
PSV-23243,MM-005
FT-23244,MM-004
FT-23245,MM-010
FT-23246,MM-003
COL-23247,MM-001
PT-23248,MM-005
K-23249,MM-008
PT-23250,MM-006
E-23251,MM-010
K-23252,MM-008
TT-23253,MM-003
E-23254,MM-007
LT-23255,MM-003
PT-23256,MM-008
PSV-23257,MM-006
COL-23258,MM-009
K-23259,MM-006
PSV-23260,MM-010
COL-23261,MM-009
P-23262,MM-008
LT-23263,MM-009
V-23264,MM-005
PSV-23265,MM-005
XV-23266,MM-004
LT-23267,MM-006
PT-23268,MM-008
PT-23269,MM-001
P-23270,MM-002
XV-23271,MM-001
FT-23272,MM-010
FCV-23273,MM-003
PT-23274,MM-009
FCV-23275,MM-008
PSV-23276,MM-008
P-23277,MM-008
FT-23278,MM-008
P-23279,MM-005
PSV-23280,MM-006
PSV-23281,MM-002
E-23282,MM-008
FCV-23283,MM-004
P-23284,MM-005
FT-23285,MM-003
PSV-23286,MM-003
K-23287,MM-002
LT-23288,MM-005
COL-23289,MM-010
P-23290,MM-003
P-23291,MM-004
E-23292,MM-001
E-23293,MM-006
PT-23294,MM-004
K-23295,MM-006
P-23296,MM-010
XV-23297,MM-009
PSV-23298,MM-001
K-23299,MM-002
FCV-23300,MM-005
K-23301,MM-001
V-23302,MM-006
PSV-23303,MM-008
P-23304,MM-009
K-23305,MM-006
PT-23306,MM-004
LT-23307,MM-002
PT-23308,MM-001
E-23309,MM-010
COL-23310,MM-001
COL-23311,MM-004
LT-23312,MM-003
V-23313,MM-008
K-23314,MM-002
P-23315,MM-010
V-23316,MM-007
P-23317,MM-006
LT-23318,MM-007
FCV-23319,MM-002
COL-23320,MM-006
E-23321,MM-009
FT-23322,MM-004
FCV-23323,MM-009
FCV-23324,MM-007
FCV-23325,MM-004
V-23326,MM-001
LT-23327,MM-001
FCV-23328,MM-007
K-23329,MM-010
P-23330,MM-005
TT-23331,MM-003
PT-23332,MM-001
FT-23333,MM-006
P-23334,MM-008
V-23335,MM-001
XV-23336,MM-005
LT-23337,MM-010
TT-23338,MM-005
LT-23339,MM-006
V-23340,MM-010
P-23341,MM-001
TT-23342,MM-010
FCV-23343,MM-004
TT-23344,MM-006
K-23345,MM-006
FT-23346,MM-006
P-23347,MM-003
P-23348,MM-002
E-23349,MM-010
FCV-23350,MM-008
XV-23351,MM-006
K-23352,MM-010
PSV-23353,MM-007
P-23354,MM-007
P-23355,MM-009
V-23356,MM-001
FT-23357,MM-003
PSV-23358,MM-010
PT-23359,MM-001
K-23360,MM-007
V-23361,MM-007
PT-23362,MM-003
TT-23363,MM-009
PT-23364,MM-010
V-23365,MM-007
LT-23366,MM-006
LT-23367,MM-007
LT-23368,MM-008
LT-23369,MM-003
COL-23370,MM-007
LT-23371,MM-009
FT-23372,MM-003
FCV-23373,MM-004
PT-23374,MM-005
COL-23375,MM-008
P-23376,MM-007
PSV-23377,MM-002
FT-23378,MM-007
XV-23379,MM-010
E-23380,MM-007
PT-23381,MM-007
LT-23382,MM-002
LT-23383,MM-009
PT-23384,MM-006
P-23385,MM-008
P-23386,MM-010
V-23387,MM-007
K-23388,MM-005
P-23389,MM-001
P-23390,MM-004
XV-23391,MM-001
COL-23392,MM-004
FT-23393,MM-003
PT-23394,MM-008
P-23395,MM-010
PSV-23396,MM-008
XV-23397,MM-001
FCV-23398,MM-006
FT-23399,MM-001
FT-23400,MM-002
P-23401,MM-003
PSV-23402,MM-006
COL-23403,MM-010
COL-23404,MM-004
LT-23405,MM-001
P-23406,MM-008
PT-23407,MM-003
COL-23408,MM-008
PT-23409,MM-008
K-23410,MM-004
TT-23411,MM-009
V-23412,MM-010
COL-23413,MM-002
PT-23414,MM-004
P-23415,MM-008
PSV-23416,MM-007
TT-23417,MM-009
PT-23418,MM-010
P-23419,MM-005
P-23420,MM-004
LT-23421,MM-006
K-23422,MM-002
P-23423,MM-002
COL-23424,MM-001
PSV-23425,MM-007
P-23426,MM-007
E-23427,MM-001
PSV-23428,MM-006
PT-23429,MM-006
FT-23430,MM-004
FCV-23431,MM-009
V-23432,MM-002
COL-23433,MM-003
K-23434,MM-005
COL-23435,MM-005
E-23436,MM-001
E-23437,MM-004
V-23438,MM-010
K-23439,MM-006
PSV-23440,MM-010
TT-23441,MM-010
V-23442,MM-009
V-23443,MM-010
LT-23444,MM-001
P-23445,MM-010
XV-23446,MM-004
LT-23447,MM-006
K-23448,MM-003
E-23449,MM-005
E-23450,MM-008
TT-23451,MM-003
TT-23452,MM-004
COL-23453,MM-005
PT-23454,MM-008
TT-23455,MM-005
LT-23456,MM-001
V-23457,MM-008
XV-23458,MM-002
PT-23459,MM-004
K-23460,MM-001
FT-23461,MM-009
XV-23462,MM-009
K-23463,MM-007
PT-23464,MM-003
LT-23465,MM-003
LT-23466,MM-004
PSV-23467,MM-005
V-23468,MM-007
E-23469,MM-007
FCV-23470,MM-009
P-23471,MM-007
PSV-23472,MM-003
FT-23473,MM-007
K-23474,MM-005
FCV-23475,MM-006
P-23476,MM-003
PSV-23477,MM-008
PSV-23478,MM-001
XV-23479,MM-004
PSV-23480,MM-010
K-23481,MM-003
COL-23482,MM-007
FT-23483,MM-010
LT-23484,MM-007
PT-23485,MM-010
P-23486,MM-005
E-23487,MM-003
FT-23488,MM-008
PT-23489,MM-004
XV-23490,MM-006
COL-23491,MM-007
V-23492,MM-002
TT-23493,MM-003
FT-23494,MM-006
PSV-23495,MM-006
FT-23496,MM-004
COL-23497,MM-002
FCV-23498,MM-003
PSV-23499,MM-003
P-23500,MM-003
PT-23501,MM-005
E-23502,MM-003
P-23503,MM-001
TT-23504,MM-010
V-23505,MM-009
PSV-23506,MM-002
K-23507,MM-006
P-23508,MM-010
FCV-23509,MM-008
V-23510,MM-002
TT-23511,MM-006
LT-23512,MM-009
V-23513,MM-004
FCV-23514,MM-010
PT-23515,MM-001
COL-23516,MM-008
FCV-23517,MM-002
PT-23518,MM-005
FT-23519,MM-003
FT-23520,MM-004
P-23521,MM-001
E-23522,MM-009
LT-23523,MM-002
LT-23524,MM-008
XV-23525,MM-009
FCV-23526,MM-004
FCV-23527,MM-008
COL-23528,MM-008
FCV-23529,MM-002
LT-23530,MM-009
FCV-23531,MM-001
E-23532,MM-001
PT-23533,MM-006
V-23534,MM-002
V-23535,MM-009
XV-23536,MM-002
PSV-23537,MM-008
PT-23538,MM-008
TT-23539,MM-010
COL-23540,MM-009
FCV-23541,MM-002
FT-23542,MM-010
P-23543,MM-004
COL-23544,MM-001
XV-23545,MM-004
XV-23546,MM-010
XV-23547,MM-003
P-23548,MM-003
E-23549,MM-009
P-23550,MM-008
PT-23551,MM-001
TT-23552,MM-007
PT-23553,MM-010
K-23554,MM-010
FT-23555,MM-010
FCV-23556,MM-004
PSV-23557,MM-004
PSV-23558,MM-006
P-23559,MM-006
E-23560,MM-002
V-23561,MM-002
K-23562,MM-007
COL-23563,MM-007
PSV-23564,MM-007
XV-23565,MM-005
P-23566,MM-010
FCV-23567,MM-010
K-23568,MM-003
COL-23569,MM-002
XV-23570,MM-005
P-23571,MM-010
TT-23572,MM-002
LT-23573,MM-003
LT-23574,MM-004
TT-23575,MM-002
E-23576,MM-006
COL-23577,MM-010
LT-23578,MM-007
FCV-23579,MM-007
LT-23580,MM-004
PSV-23581,MM-002
PT-23582,MM-006
LT-23583,MM-007
P-23584,MM-001
PT-23585,MM-004
FCV-23586,MM-002
TT-23587,MM-002
TT-23588,MM-010
P-23589,MM-005
E-23590,MM-006
LT-23591,MM-006
K-23592,MM-003
TT-23593,MM-004
FT-23594,MM-007
XV-23595,MM-001
K-23596,MM-002
E-23597,MM-005
XV-23598,MM-003
P-23599,MM-006
LT-23600,MM-005
XV-23601,MM-010
FCV-23602,MM-006
PSV-23603,MM-009
K-23604,MM-010
FCV-23605,MM-008
P-23606,MM-002
COL-23607,MM-003
XV-23608,MM-004
FCV-23609,MM-001
P-23610,MM-006
P-23611,MM-001
FT-23612,MM-003
LT-23613,MM-004
XV-23614,MM-010
K-23615,MM-006
TT-23616,MM-001
V-23617,MM-007
P-23618,MM-002
P-23619,MM-008
PT-23620,MM-003
TT-23621,MM-009
FCV-23622,MM-004
LT-23623,MM-009
FT-23624,MM-001
TT-23625,MM-001
PSV-23626,MM-006
P-23627,MM-002
LT-23628,MM-007
FT-23629,MM-008
XV-23630,MM-008
FCV-23631,MM-004
LT-23632,MM-008
K-23633,MM-006
TT-23634,MM-010
P-23635,MM-001
PSV-23636,MM-007
P-23637,MM-007
V-23638,MM-003
PT-23639,MM-004
COL-23640,MM-003
PSV-23641,MM-004
FT-23642,MM-001
P-23643,MM-008
TT-23644,MM-005
K-23645,MM-009
E-23646,MM-010
E-23647,MM-005
P-23648,MM-002
PSV-23649,MM-003
LT-23650,MM-006
TT-23651,MM-008
FCV-23652,MM-004
PT-23653,MM-003
TT-23654,MM-008
V-23655,MM-008
TT-23656,MM-002
COL-23657,MM-007
E-23658,MM-001
K-23659,MM-002
COL-23660,MM-008
PSV-23661,MM-001
LT-23662,MM-009
K-23663,MM-009
FT-23664,MM-004
P-23665,MM-001
PSV-23666,MM-006
E-23667,MM-007
PT-23668,MM-003
P-23669,MM-010
E-23670,MM-003
XV-23671,MM-004
PSV-23672,MM-007
V-23673,MM-005
PT-23674,MM-001
COL-23675,MM-007
FT-23676,MM-002
V-23677,MM-003
XV-23678,MM-008
FCV-23679,MM-002
TT-23680,MM-002
COL-23681,MM-010
V-23682,MM-009
PSV-23683,MM-005
COL-23684,MM-007
XV-23685,MM-003
PT-23686,MM-003
K-23687,MM-008
FCV-23688,MM-010
P-23689,MM-001
FCV-23690,MM-003
COL-23691,MM-001
P-23692,MM-001
FT-23693,MM-007
XV-23694,MM-010
COL-23695,MM-005
PT-23696,MM-010
LT-23697,MM-005
PT-23698,MM-006
PSV-23699,MM-009
PT-23700,MM-009
FT-23701,MM-009
P-23702,MM-004
PT-23703,MM-009
P-23704,MM-001
COL-23705,MM-005
PT-23706,MM-010
V-23707,MM-001
TT-23708,MM-006
PT-23709,MM-007
FCV-23710,MM-006
XV-23711,MM-006
PSV-23712,MM-001
PT-23713,MM-003
V-23714,MM-002
TT-23715,MM-010
TT-23716,MM-005
E-23717,MM-007
FT-23718,MM-004
XV-23719,MM-004
E-23720,MM-009
V-23721,MM-008
PT-23722,MM-001
TT-23723,MM-009
TT-23724,MM-010
XV-23725,MM-002
V-23726,MM-004
P-23727,MM-009
COL-23728,MM-004
TT-23729,MM-008
K-23730,MM-003
LT-23731,MM-008
COL-23732,MM-009
PSV-23733,MM-005
P-23734,MM-001
FCV-23735,MM-001
PSV-23736,MM-001
FCV-23737,MM-008
COL-23738,MM-007
COL-23739,MM-003
E-23740,MM-002
FCV-23741,MM-001
LT-23742,MM-004
V-23743,MM-007
PSV-23744,MM-007
XV-23745,MM-005
E-23746,MM-005
FCV-23747,MM-010
P-23748,MM-006
LT-23749,MM-007
P-23750,MM-004
P-23751,MM-008
TT-23752,MM-002
LT-23753,MM-003
FT-23754,MM-005
V-23755,MM-006
PT-23756,MM-005
K-23757,MM-005
FCV-23758,MM-006
FCV-23759,MM-007
FT-23760,MM-004
TT-23761,MM-005
TT-23762,MM-008
PT-23763,MM-008
P-23764,MM-003
PT-23765,MM-005
V-23766,MM-008
P-23767,MM-003
P-23768,MM-010
TT-23769,MM-005
K-23770,MM-010
PT-23771,MM-002
E-23772,MM-010
PSV-23773,MM-005
FCV-23774,MM-003
XV-23775,MM-001
P-23776,MM-007
PT-23777,MM-002
COL-23778,MM-003
P-23779,MM-001
PT-23780,MM-002
V-23781,MM-009
V-23782,MM-006
E-23783,MM-008
XV-23784,MM-003
PT-23785,MM-007
PSV-23786,MM-008
LT-23787,MM-004
P-23788,MM-006
LT-23789,MM-007
COL-23790,MM-001
LT-23791,MM-010
FCV-23792,MM-003
XV-23793,MM-003
E-23794,MM-002
V-23795,MM-006
FT-23796,MM-007
LT-23797,MM-009
LT-23798,MM-001
XV-23799,MM-003
P-23800,MM-007
PSV-23801,MM-005
V-23802,MM-008
COL-23803,MM-002
PT-23804,MM-007
LT-23805,MM-002
P-23806,MM-005
PSV-23807,MM-009
K-23808,MM-001
E-23809,MM-002
P-23810,MM-010
P-23811,MM-009
V-23812,MM-001
FT-23813,MM-001
COL-23814,MM-001
FCV-23815,MM-009
P-23816,MM-004
FCV-23817,MM-004
LT-23818,MM-010
P-23819,MM-002
COL-23820,MM-001
P-23821,MM-003
COL-23822,MM-005
K-23823,MM-003
TT-23824,MM-005
P-23825,MM-002
PSV-23826,MM-010
FT-23827,MM-008
LT-23828,MM-005
XV-23829,MM-010
K-23830,MM-002
COL-23831,MM-009
P-23832,MM-009
P-23833,MM-005
FT-23834,MM-010
PSV-23835,MM-001
P-23836,MM-001
PSV-23837,MM-006
K-23838,MM-003
TT-23839,MM-002
K-23840,MM-006
P-23841,MM-009
LT-23842,MM-009
V-23843,MM-002
E-23844,MM-001
COL-23845,MM-006
P-23846,MM-004
TT-23847,MM-001
P-23848,MM-001
P-23849,MM-010
LT-23850,MM-004
FT-23851,MM-008
XV-23852,MM-008
PT-23853,MM-007
XV-23854,MM-002
P-23855,MM-002
TT-23856,MM-003
P-23857,MM-003
P-23858,MM-004
V-23859,MM-008
K-23860,MM-010
K-23861,MM-005
P-23862,MM-007
V-23863,MM-001
V-23864,MM-007
XV-23865,MM-010
FCV-23866,MM-006
COL-23867,MM-009
P-23868,MM-005
K-23869,MM-002
LT-23870,MM-003
COL-23871,MM-005
COL-23872,MM-004
FCV-23873,MM-001
E-23874,MM-003
TT-23875,MM-002
PT-23876,MM-002
TT-23877,MM-005
FT-23878,MM-008
PSV-23879,MM-010
FT-23880,MM-004
P-23881,MM-003
P-23882,MM-005
V-23883,MM-010
E-23884,MM-002
P-23885,MM-002
TT-23886,MM-001
PT-23887,MM-006
LT-23888,MM-003
E-23889,MM-003
FCV-23890,MM-007
TT-23891,MM-009
LT-23892,MM-006
K-23893,MM-004
P-23894,MM-010
PT-23895,MM-005
P-23896,MM-006
COL-23897,MM-005
P-23898,MM-010
V-23899,MM-001
FCV-23900,MM-007
XV-23901,MM-001
TT-23902,MM-004
XV-23903,MM-009
PT-23904,MM-010
COL-23905,MM-002
FCV-23906,MM-005
E-23907,MM-003
P-23908,MM-010
P-23909,MM-005
XV-23910,MM-007
FT-23911,MM-010
COL-23912,MM-005
XV-23913,MM-001
K-23914,MM-002
P-23915,MM-006
XV-23916,MM-005
E-23917,MM-004
TT-23918,MM-005
FCV-23919,MM-002
PT-23920,MM-001
K-23921,MM-009
K-23922,MM-001
K-23923,MM-004
PT-23924,MM-002
K-23925,MM-006
PSV-23926,MM-002
TT-23927,MM-009
TT-23928,MM-003
COL-23929,MM-002
PT-23930,MM-007
XV-23931,MM-006
PSV-23932,MM-002
FT-23933,MM-010
E-23934,MM-001
TT-23935,MM-002
K-23936,MM-009
E-23937,MM-007
FT-23938,MM-005
TT-23939,MM-009
XV-23940,MM-006
COL-23941,MM-007
LT-23942,MM-003
XV-23943,MM-005
E-23944,MM-004
P-23945,MM-005
LT-23946,MM-006
XV-23947,MM-002
FCV-23948,MM-003
COL-23949,MM-007
PSV-23950,MM-002
PT-23951,MM-006
PSV-23952,MM-001
V-23953,MM-006
XV-23954,MM-009
PSV-23955,MM-001
COL-23956,MM-004
XV-23957,MM-008
COL-23958,MM-003
LT-23959,MM-008
PSV-23960,MM-008
FT-23961,MM-005
FT-23962,MM-006
COL-23963,MM-008
TT-23964,MM-001
P-23965,MM-001
PSV-23966,MM-008
P-23967,MM-008
FCV-23968,MM-008
PT-23969,MM-007
FT-23970,MM-002
TT-23971,MM-004
PT-23972,MM-002
P-23973,MM-009
V-23974,MM-005
FT-23975,MM-001
XV-23976,MM-003
FT-23977,MM-008
P-23978,MM-007
V-23979,MM-009
FCV-23980,MM-007
LT-23981,MM-003
PT-23982,MM-008
P-23983,MM-003
PSV-23984,MM-009
E-23985,MM-001
P-23986,MM-003
XV-23987,MM-009
XV-23988,MM-001
COL-23989,MM-004
P-23990,MM-002
P-23991,MM-008
K-23992,MM-006
LT-23993,MM-010
P-23994,MM-005
FCV-23995,MM-005
TT-23996,MM-007
PSV-23997,MM-001
V-23998,MM-007
XV-23999,MM-008
E-24000,MM-001
PT-24001,MM-003
TT-24002,MM-008
E-24003,MM-010
K-24004,MM-002
PT-24005,MM-005
E-24006,MM-007
FT-24007,MM-009
TT-24008,MM-009
E-24009,MM-006
V-24010,MM-007
FT-24011,MM-010
P-24012,MM-009
E-24013,MM-002
FCV-24014,MM-003
PSV-24015,MM-003
COL-24016,MM-005
PT-24017,MM-010
PT-24018,MM-009
V-24019,MM-003
LT-24020,MM-003
V-24021,MM-005
FT-24022,MM-009
PT-24023,MM-004
LT-24024,MM-006
V-24025,MM-001
FT-24026,MM-001
TT-24027,MM-001
FT-24028,MM-008
PT-24029,MM-007
PT-24030,MM-008
COL-24031,MM-004
XV-24032,MM-009
FT-24033,MM-010
K-24034,MM-002
PSV-24035,MM-005
TT-24036,MM-005
COL-24037,MM-004
PSV-24038,MM-009
TT-24039,MM-001
V-24040,MM-001
P-24041,MM-002
PT-24042,MM-006
K-24043,MM-006
V-24044,MM-004
TT-24045,MM-003
FT-24046,MM-009
E-24047,MM-009
P-24048,MM-010
E-24049,MM-006
K-24050,MM-008
P-24051,MM-009
E-24052,MM-004
K-24053,MM-009
E-24054,MM-003
PSV-24055,MM-004
K-24056,MM-006
TT-24057,MM-003
K-24058,MM-010
LT-24059,MM-001
LT-24060,MM-004
P-24061,MM-007
XV-24062,MM-006
PSV-24063,MM-001
COL-24064,MM-010
PT-24065,MM-007
E-24066,MM-001
FCV-24067,MM-010
TT-24068,MM-008
E-24069,MM-001
P-24070,MM-007
XV-24071,MM-006
P-24072,MM-009
P-24073,MM-006
PT-24074,MM-007
PT-24075,MM-010
FCV-24076,MM-009
TT-24077,MM-008
XV-24078,MM-001
FT-24079,MM-006
V-24080,MM-006
TT-24081,MM-003
PSV-24082,MM-004
E-24083,MM-010
FT-24084,MM-006
PT-24085,MM-005
P-24086,MM-002
FCV-24087,MM-002
FT-24088,MM-008
XV-24089,MM-008
FT-24090,MM-004
PSV-24091,MM-004
XV-24092,MM-009
FT-24093,MM-006
COL-24094,MM-004
PT-24095,MM-006
COL-24096,MM-003
P-24097,MM-003
LT-24098,MM-001
FT-24099,MM-004
COL-24100,MM-002
XV-24101,MM-008
TT-24102,MM-007
E-24103,MM-002
V-24104,MM-007
K-24105,MM-001
LT-24106,MM-007
P-24107,MM-010
P-24108,MM-005
P-24109,MM-006
PT-24110,MM-004
FT-24111,MM-004
P-24112,MM-010
P-24113,MM-004
PT-24114,MM-006
PT-24115,MM-007
COL-24116,MM-008
PT-24117,MM-005
PSV-24118,MM-002
FT-24119,MM-005
COL-24120,MM-003
E-24121,MM-002
FT-24122,MM-001
TT-24123,MM-003
K-24124,MM-002
V-24125,MM-002
PT-24126,MM-005
XV-24127,MM-004
V-24128,MM-002
PSV-24129,MM-005
PSV-24130,MM-002
PSV-24131,MM-006
FT-24132,MM-004
FCV-24133,MM-009
E-24134,MM-005
FCV-24135,MM-002
V-24136,MM-001
V-24137,MM-002
K-24138,MM-001
TT-24139,MM-005
FCV-24140,MM-010
V-24141,MM-010
XV-24142,MM-005
P-24143,MM-010
E-24144,MM-006
P-24145,MM-003
P-24146,MM-002
E-24147,MM-001
E-24148,MM-002
LT-24149,MM-003
LT-24150,MM-004
V-24151,MM-005
PSV-24152,MM-008
FCV-24153,MM-004
PT-24154,MM-003
COL-24155,MM-008
TT-24156,MM-003
XV-24157,MM-002
TT-24158,MM-009
E-24159,MM-001
E-24160,MM-010
P-24161,MM-002
P-24162,MM-008
K-24163,MM-004
P-24164,MM-004
XV-24165,MM-001
E-24166,MM-002
P-24167,MM-004
E-24168,MM-010
V-24169,MM-006
P-24170,MM-004
P-24171,MM-005
FCV-24172,MM-009
P-24173,MM-002
P-24174,MM-009
TT-24175,MM-004
FCV-24176,MM-005
P-24177,MM-007
FCV-24178,MM-007
V-24179,MM-004
TT-24180,MM-005
FCV-24181,MM-005
XV-24182,MM-005
TT-24183,MM-001
TT-24184,MM-002
FT-24185,MM-001
E-24186,MM-001
TT-24187,MM-010
PSV-24188,MM-009
XV-24189,MM-010
FCV-24190,MM-009
FCV-24191,MM-001
COL-24192,MM-006
PT-24193,MM-005
P-24194,MM-002
COL-24195,MM-005
PT-24196,MM-010
TT-24197,MM-009
E-24198,MM-007
P-24199,MM-007
E-24200,MM-007
E-24201,MM-003
COL-24202,MM-002
V-24203,MM-004
PT-24204,MM-006
FCV-24205,MM-009
COL-24206,MM-006
XV-24207,MM-007
P-24208,MM-001
K-24209,MM-008
LT-24210,MM-004
XV-24211,MM-004
FCV-24212,MM-003
TT-24213,MM-001
E-24214,MM-002
E-24215,MM-005
FCV-24216,MM-002
E-24217,MM-007
PT-24218,MM-002
LT-24219,MM-002
COL-24220,MM-002
PSV-24221,MM-008
TT-24222,MM-003
PT-24223,MM-001
FT-24224,MM-001
PSV-24225,MM-006
XV-24226,MM-010
FT-24227,MM-005
COL-24228,MM-003
P-24229,MM-001
P-24230,MM-002
P-24231,MM-009
PSV-24232,MM-002
XV-24233,MM-006
P-24234,MM-005
V-24235,MM-010
PSV-24236,MM-008
K-24237,MM-001
E-24238,MM-004
TT-24239,MM-009
E-24240,MM-003
P-24241,MM-003
PT-24242,MM-010
XV-24243,MM-001
PT-24244,MM-001
E-24245,MM-009
V-24246,MM-009
P-24247,MM-005
PT-24248,MM-006
LT-24249,MM-007
FT-24250,MM-008
FCV-24251,MM-007
PSV-24252,MM-006
V-24253,MM-003
V-24254,MM-005
FT-24255,MM-006
P-24256,MM-001
K-24257,MM-009
K-24258,MM-006
V-24259,MM-003
TT-24260,MM-009
K-24261,MM-010
K-24262,MM-002
PT-24263,MM-007
V-24264,MM-006
PSV-24265,MM-004
LT-24266,MM-003
XV-24267,MM-005
FT-24268,MM-006
XV-24269,MM-007
FCV-24270,MM-010
PT-24271,MM-001
PSV-24272,MM-010
K-24273,MM-001
P-24274,MM-005
P-24275,MM-002
FT-24276,MM-002
K-24277,MM-004
COL-24278,MM-007
FCV-24279,MM-004
K-24280,MM-005
PSV-24281,MM-010
FCV-24282,MM-004
E-24283,MM-006
COL-24284,MM-009
FCV-24285,MM-004
E-24286,MM-004
P-24287,MM-004
V-24288,MM-010
V-24289,MM-005
P-24290,MM-007
PT-24291,MM-009
PSV-24292,MM-004
K-24293,MM-008
LT-24294,MM-002
PT-24295,MM-010
TT-24296,MM-008
V-24297,MM-010
K-24298,MM-002
V-24299,MM-002
E-24300,MM-001
PSV-24301,MM-004
E-24302,MM-006
V-24303,MM-008
PSV-24304,MM-010
FT-24305,MM-006
LT-24306,MM-005
TT-24307,MM-002
TT-24308,MM-009
P-24309,MM-010
LT-24310,MM-009
FT-24311,MM-007
PT-24312,MM-006
TT-24313,MM-002
P-24314,MM-004
XV-24315,MM-007
PT-24316,MM-001
K-24317,MM-006
TT-24318,MM-010
V-24319,MM-003
E-24320,MM-006
E-24321,MM-001
XV-24322,MM-002
XV-24323,MM-008
FT-24324,MM-004
P-24325,MM-003
V-24326,MM-005
V-24327,MM-006
FCV-24328,MM-010
P-24329,MM-004
P-24330,MM-008
FT-24331,MM-005
PSV-24332,MM-008
FT-24333,MM-002
E-24334,MM-007
FCV-24335,MM-001
P-24336,MM-009
PSV-24337,MM-004
P-24338,MM-006
FT-24339,MM-005
E-24340,MM-010
FT-24341,MM-003
P-24342,MM-005
P-24343,MM-006
XV-24344,MM-005
LT-24345,MM-004
XV-24346,MM-004
PT-24347,MM-006
P-24348,MM-009
E-24349,MM-005
XV-24350,MM-009
PT-24351,MM-008
XV-24352,MM-002
TT-24353,MM-008
E-24354,MM-003
PT-24355,MM-003
PSV-24356,MM-009
TT-24357,MM-001
V-24358,MM-003
LT-24359,MM-003
P-24360,MM-005
FCV-24361,MM-005
PT-24362,MM-002
TT-24363,MM-003
E-24364,MM-006
K-24365,MM-005
LT-24366,MM-007
K-24367,MM-004
PT-24368,MM-005
PSV-24369,MM-001
E-24370,MM-004
V-24371,MM-004
P-24372,MM-010
P-24373,MM-001
LT-24374,MM-003
COL-24375,MM-001
P-24376,MM-010
K-24377,MM-009
P-24378,MM-006
FT-24379,MM-005
P-24380,MM-004
V-24381,MM-006
COL-24382,MM-002
PSV-24383,MM-007
FCV-24384,MM-004
PSV-24385,MM-002
P-24386,MM-004
COL-24387,MM-001
P-24388,MM-003
COL-24389,MM-009
PT-24390,MM-009
XV-24391,MM-002
COL-24392,MM-008
E-24393,MM-010
PT-24394,MM-001
FCV-24395,MM-003
E-24396,MM-007
FCV-24397,MM-006
XV-24398,MM-009
K-24399,MM-003
XV-24400,MM-006
PT-24401,MM-002
V-24402,MM-010
FCV-24403,MM-008
PSV-24404,MM-009
LT-24405,MM-002
FCV-24406,MM-008
E-24407,MM-010
TT-24408,MM-010
LT-24409,MM-009
XV-24410,MM-007
PSV-24411,MM-007
FCV-24412,MM-006
PT-24413,MM-010
E-24414,MM-006
V-24415,MM-010
P-24416,MM-004
E-24417,MM-001
FCV-24418,MM-009
XV-24419,MM-010
P-24420,MM-009
P-24421,MM-003
V-24422,MM-004
P-24423,MM-005
E-24424,MM-007
LT-24425,MM-003
K-24426,MM-007
PSV-24427,MM-006
COL-24428,MM-008
P-24429,MM-008
TT-24430,MM-007
TT-24431,MM-009
P-24432,MM-009
P-24433,MM-003
K-24434,MM-006
P-24435,MM-010
COL-24436,MM-007
XV-24437,MM-008
LT-24438,MM-004
E-24439,MM-004
XV-24440,MM-006
V-24441,MM-009
E-24442,MM-002
P-24443,MM-004
PSV-24444,MM-005
K-24445,MM-002
E-24446,MM-007
TT-24447,MM-007
TT-24448,MM-010
PSV-24449,MM-009
XV-24450,MM-003
FCV-24451,MM-005
PSV-24452,MM-008
K-24453,MM-001
V-24454,MM-001
COL-24455,MM-010
PT-24456,MM-008
COL-24457,MM-004
P-24458,MM-005
XV-24459,MM-010
PSV-24460,MM-007
LT-24461,MM-007
PT-24462,MM-008
FCV-24463,MM-010
LT-24464,MM-006
XV-24465,MM-001
PT-24466,MM-010
PSV-24467,MM-008
PSV-24468,MM-007
XV-24469,MM-005
PT-24470,MM-004
COL-24471,MM-006
P-24472,MM-003
TT-24473,MM-008
COL-24474,MM-003
K-24475,MM-004
FT-24476,MM-007
XV-24477,MM-010
XV-24478,MM-005
K-24479,MM-007
PSV-24480,MM-005
TT-24481,MM-004
XV-24482,MM-010
PT-24483,MM-008
TT-24484,MM-004
V-24485,MM-002
TT-24486,MM-006
V-24487,MM-003
FT-24488,MM-001
P-24489,MM-005
K-24490,MM-002
K-24491,MM-005
XV-24492,MM-001
E-24493,MM-002
K-24494,MM-010
LT-24495,MM-006
E-24496,MM-002
COL-24497,MM-008
FT-24498,MM-004
P-24499,MM-001
K-24500,MM-008
TT-24501,MM-001
FCV-24502,MM-006
P-24503,MM-002
TT-24504,MM-003
FT-24505,MM-010
P-24506,MM-004
FT-24507,MM-004
P-24508,MM-001
P-24509,MM-006
E-24510,MM-001
COL-24511,MM-005
FT-24512,MM-006
E-24513,MM-003
COL-24514,MM-010
COL-24515,MM-008
P-24516,MM-009
PSV-24517,MM-004
K-24518,MM-005
XV-24519,MM-005
TT-24520,MM-007
FT-24521,MM-003
TT-24522,MM-005
P-24523,MM-001
PT-24524,MM-007
PSV-24525,MM-005
FCV-24526,MM-008
TT-24527,MM-009
FCV-24528,MM-004
LT-24529,MM-010
FT-24530,MM-003
XV-24531,MM-003
COL-24532,MM-002
FCV-24533,MM-003
P-24534,MM-009
P-24535,MM-003
P-24536,MM-006
PSV-24537,MM-010
P-24538,MM-010
COL-24539,MM-008
FCV-24540,MM-002
PT-24541,MM-006
P-24542,MM-007
PSV-24543,MM-001
FCV-24544,MM-010
TT-24545,MM-008
E-24546,MM-001
FT-24547,MM-006
XV-24548,MM-009
PSV-24549,MM-003
COL-24550,MM-010
XV-24551,MM-008
TT-24552,MM-010
XV-24553,MM-004
PSV-24554,MM-007
PSV-24555,MM-003
P-24556,MM-010
PT-24557,MM-004
P-24558,MM-008
E-24559,MM-004
XV-24560,MM-008
P-24561,MM-010
PT-24562,MM-005
P-24563,MM-004
K-24564,MM-003
PT-24565,MM-010
K-24566,MM-010
TT-24567,MM-003
TT-24568,MM-007
V-24569,MM-006
PT-24570,MM-010
XV-24571,MM-002
P-24572,MM-002
FT-24573,MM-002
P-24574,MM-010
V-24575,MM-004
LT-24576,MM-006
COL-24577,MM-005
LT-24578,MM-010
FCV-24579,MM-010
V-24580,MM-007
P-24581,MM-002
V-24582,MM-008
TT-24583,MM-002
V-24584,MM-002
K-24585,MM-001
FT-24586,MM-009
FT-24587,MM-003
E-24588,MM-003
FCV-24589,MM-008
V-24590,MM-002
COL-24591,MM-001
K-24592,MM-007
TT-24593,MM-008
COL-24594,MM-003
TT-24595,MM-007
P-24596,MM-004
P-24597,MM-005
K-24598,MM-005
FCV-24599,MM-006
PT-24600,MM-006
PSV-24601,MM-002
TT-24602,MM-010
FCV-24603,MM-002
E-24604,MM-004
P-24605,MM-004
E-24606,MM-003
P-24607,MM-003
TT-24608,MM-006
TT-24609,MM-007
E-24610,MM-004
P-24611,MM-004
P-24612,MM-005
PT-24613,MM-001
E-24614,MM-010
FT-24615,MM-002
V-24616,MM-007
P-24617,MM-006
PT-24618,MM-008
TT-24619,MM-002
FT-24620,MM-006
FT-24621,MM-007
E-24622,MM-007
V-24623,MM-002
COL-24624,MM-006
LT-24625,MM-005
E-24626,MM-009
V-24627,MM-009
FT-24628,MM-006
P-24629,MM-005
FT-24630,MM-007
FT-24631,MM-009
FT-24632,MM-005
K-24633,MM-007
FT-24634,MM-007
XV-24635,MM-009
FT-24636,MM-002
TT-24637,MM-004
P-24638,MM-002
XV-24639,MM-001
TT-24640,MM-004
P-24641,MM-002
V-24642,MM-006
TT-24643,MM-005
COL-24644,MM-010
XV-24645,MM-005
LT-24646,MM-009
FT-24647,MM-007
PT-24648,MM-006
XV-24649,MM-004
K-24650,MM-009
P-24651,MM-009
COL-24652,MM-002
XV-24653,MM-008
PSV-24654,MM-001
COL-24655,MM-006
TT-24656,MM-008
P-24657,MM-006
P-24658,MM-003
E-24659,MM-009
V-24660,MM-006
V-24661,MM-007
V-24662,MM-004
PT-24663,MM-008
XV-24664,MM-006
FT-24665,MM-001
COL-24666,MM-001
K-24667,MM-002
TT-24668,MM-009
V-24669,MM-009
P-24670,MM-003
LT-24671,MM-001
P-24672,MM-008
COL-24673,MM-002
E-24674,MM-006
V-24675,MM-008
PSV-24676,MM-004
COL-24677,MM-006
E-24678,MM-006
P-24679,MM-006
P-24680,MM-006
P-24681,MM-008
LT-24682,MM-009
TT-24683,MM-009
V-24684,MM-010
FCV-24685,MM-008
K-24686,MM-009
FCV-24687,MM-002
P-24688,MM-006
E-24689,MM-010
K-24690,MM-006
K-24691,MM-007
P-24692,MM-005
PT-24693,MM-008
E-24694,MM-004
TT-24695,MM-010
PT-24696,MM-009
PSV-24697,MM-007
K-24698,MM-009
XV-24699,MM-003
V-24700,MM-001
LT-24701,MM-003
P-24702,MM-005
FCV-24703,MM-005
E-24704,MM-008
FCV-24705,MM-007
P-24706,MM-001
FCV-24707,MM-005
P-24708,MM-007
P-24709,MM-010
PSV-24710,MM-008
PSV-24711,MM-001
FT-24712,MM-009
P-24713,MM-007
LT-24714,MM-002
COL-24715,MM-002
COL-24716,MM-010
TT-24717,MM-007
PT-24718,MM-010
TT-24719,MM-005
XV-24720,MM-007
FT-24721,MM-010
P-24722,MM-002
P-24723,MM-010
P-24724,MM-001
PSV-24725,MM-008
TT-24726,MM-007
K-24727,MM-002
PT-24728,MM-005
E-24729,MM-007
PT-24730,MM-003
FCV-24731,MM-003
FT-24732,MM-006
TT-24733,MM-002
V-24734,MM-010
PSV-24735,MM-010
FT-24736,MM-008
TT-24737,MM-009
K-24738,MM-003
FT-24739,MM-009
TT-24740,MM-009
V-24741,MM-006
PSV-24742,MM-004
COL-24743,MM-009
V-24744,MM-009
K-24745,MM-007
COL-24746,MM-009
COL-24747,MM-003
K-24748,MM-006
PT-24749,MM-010
TT-24750,MM-010
V-24751,MM-001
P-24752,MM-004
PT-24753,MM-007
COL-24754,MM-006
PSV-24755,MM-006
PSV-24756,MM-001
XV-24757,MM-005
E-24758,MM-008
TT-24759,MM-001
FCV-24760,MM-009
PT-24761,MM-002
PT-24762,MM-008
V-24763,MM-006
P-24764,MM-002
V-24765,MM-010
K-24766,MM-006
PT-24767,MM-004
FT-24768,MM-004
XV-24769,MM-010
P-24770,MM-002
P-24771,MM-009
COL-24772,MM-004
FCV-24773,MM-001
E-24774,MM-001
FCV-24775,MM-008
XV-24776,MM-009
P-24777,MM-009
V-24778,MM-003
TT-24779,MM-008
FT-24780,MM-004
FCV-24781,MM-008
P-24782,MM-004
PT-24783,MM-006
V-24784,MM-001
E-24785,MM-005
V-24786,MM-007
K-24787,MM-002
P-24788,MM-004
E-24789,MM-005
COL-24790,MM-002
V-24791,MM-007
E-24792,MM-007
FT-24793,MM-005
FCV-24794,MM-001
K-24795,MM-010
FCV-24796,MM-009
P-24797,MM-007
LT-24798,MM-004
XV-24799,MM-004
FCV-24800,MM-007
FCV-24801,MM-004
FCV-24802,MM-009
PT-24803,MM-002
P-24804,MM-010
COL-24805,MM-004
E-24806,MM-008
PT-24807,MM-009
FT-24808,MM-009
P-24809,MM-004
TT-24810,MM-001
FT-24811,MM-008
E-24812,MM-008
LT-24813,MM-002
P-24814,MM-001
E-24815,MM-009
LT-24816,MM-004
E-24817,MM-002
XV-24818,MM-007
LT-24819,MM-004
PT-24820,MM-001
LT-24821,MM-003
E-24822,MM-003
E-24823,MM-006
K-24824,MM-005
TT-24825,MM-007
LT-24826,MM-010
P-24827,MM-005
COL-24828,MM-010
V-24829,MM-005
TT-24830,MM-009
FT-24831,MM-002
P-24832,MM-001
COL-24833,MM-010
PSV-24834,MM-001
P-24835,MM-003
FCV-24836,MM-003
PSV-24837,MM-001
E-24838,MM-002
E-24839,MM-009
FT-24840,MM-006
K-24841,MM-004
V-24842,MM-002
XV-24843,MM-005
FCV-24844,MM-007
PT-24845,MM-005
FCV-24846,MM-005
PT-24847,MM-007
E-24848,MM-009
FCV-24849,MM-010
V-24850,MM-007
FCV-24851,MM-005
K-24852,MM-001
LT-24853,MM-008
P-24854,MM-002
XV-24855,MM-003
LT-24856,MM-007
TT-24857,MM-008
E-24858,MM-003
PT-24859,MM-001
E-24860,MM-009
PSV-24861,MM-001
LT-24862,MM-008
P-24863,MM-002
TT-24864,MM-003
E-24865,MM-004
K-24866,MM-009
TT-24867,MM-005
V-24868,MM-003
LT-24869,MM-003
COL-24870,MM-003
V-24871,MM-001
P-24872,MM-002
TT-24873,MM-006
LT-24874,MM-009
LT-24875,MM-001
PT-24876,MM-009
TT-24877,MM-004
V-24878,MM-005
V-24879,MM-006
LT-24880,MM-010
PT-24881,MM-005
TT-24882,MM-003
COL-24883,MM-005
V-24884,MM-002
V-24885,MM-007
TT-24886,MM-006
PSV-24887,MM-010
P-24888,MM-008
XV-24889,MM-004
PT-24890,MM-005
PT-24891,MM-008
XV-24892,MM-002
P-24893,MM-002
PSV-24894,MM-001
COL-24895,MM-010
PSV-24896,MM-008
COL-24897,MM-006
TT-24898,MM-005
P-24899,MM-002
V-24900,MM-009
LT-24901,MM-008
PT-24902,MM-002
E-24903,MM-001
E-24904,MM-004
TT-24905,MM-008
TT-24906,MM-007
COL-24907,MM-006
FCV-24908,MM-001
FT-24909,MM-002
FCV-24910,MM-005
FT-24911,MM-001
P-24912,MM-010
V-24913,MM-001
TT-24914,MM-006
PT-24915,MM-008
XV-24916,MM-006
P-24917,MM-004
PT-24918,MM-006
FCV-24919,MM-009
PSV-24920,MM-010
P-24921,MM-010
FT-24922,MM-008
K-24923,MM-005
PSV-24924,MM-010
FCV-24925,MM-007
P-24926,MM-005
PSV-24927,MM-003
V-24928,MM-001
V-24929,MM-002
PT-24930,MM-009
V-24931,MM-001
K-24932,MM-005
V-24933,MM-009
FCV-24934,MM-007
XV-24935,MM-007
COL-24936,MM-010
COL-24937,MM-005
XV-24938,MM-009
E-24939,MM-006
PSV-24940,MM-002
COL-24941,MM-009
K-24942,MM-006
K-24943,MM-004
PT-24944,MM-005
PT-24945,MM-008
P-24946,MM-003
PT-24947,MM-002
PSV-24948,MM-006
XV-24949,MM-004
PSV-24950,MM-009
K-24951,MM-006
PT-24952,MM-003
V-24953,MM-007
K-24954,MM-001
LT-24955,MM-008
FCV-24956,MM-003
XV-24957,MM-003
COL-24958,MM-002
COL-24959,MM-009
K-24960,MM-001
E-24961,MM-002
TT-24962,MM-005
TT-24963,MM-001
FCV-24964,MM-006
P-24965,MM-010
LT-24966,MM-005
XV-24967,MM-004
FT-24968,MM-001
PT-24969,MM-008
COL-24970,MM-002
P-24971,MM-005
COL-24972,MM-001
TT-24973,MM-004
V-24974,MM-004
LT-24975,MM-002
K-24976,MM-005
PT-24977,MM-004
PT-24978,MM-010
PT-24979,MM-005
P-24980,MM-004
FT-24981,MM-002
E-24982,MM-010
P-24983,MM-010
P-24984,MM-005
COL-24985,MM-004
FCV-24986,MM-001
TT-24987,MM-001
PSV-24988,MM-004
TT-24989,MM-009
P-24990,MM-009
E-24991,MM-010
P-24992,MM-002
P-24993,MM-005
TT-24994,MM-002
PSV-24995,MM-010
PT-24996,MM-009
FT-24997,MM-007
PSV-24998,MM-008
COL-24999,MM-005
V-25000,MM-001
FT-25001,MM-003
V-25002,MM-009
LT-25003,MM-010
PSV-25004,MM-009
FT-25005,MM-004
K-25006,MM-006
FT-25007,MM-006
PSV-25008,MM-001
V-25009,MM-001
PT-25010,MM-006
K-25011,MM-006
P-25012,MM-010
TT-25013,MM-008
P-25014,MM-006
FCV-25015,MM-009
FCV-25016,MM-001
LT-25017,MM-005
V-25018,MM-003
E-25019,MM-009
LT-25020,MM-002
P-25021,MM-001
FT-25022,MM-007
P-25023,MM-006
FCV-25024,MM-008
E-25025,MM-008
XV-25026,MM-007
P-25027,MM-003
E-25028,MM-009
FCV-25029,MM-007
FT-25030,MM-006
E-25031,MM-006
E-25032,MM-007
PT-25033,MM-007
TT-25034,MM-009
V-25035,MM-009
TT-25036,MM-002
PSV-25037,MM-010
P-25038,MM-010
P-25039,MM-001
LT-25040,MM-001
FCV-25041,MM-004
E-25042,MM-002
P-25043,MM-010
FT-25044,MM-007
LT-25045,MM-008
COL-25046,MM-008
COL-25047,MM-006
P-25048,MM-003
COL-25049,MM-008
COL-25050,MM-001
XV-25051,MM-005
PT-25052,MM-002
XV-25053,MM-001
V-25054,MM-010
FT-25055,MM-005
TT-25056,MM-010
P-25057,MM-001
FT-25058,MM-010
V-25059,MM-009
V-25060,MM-001
PSV-25061,MM-009
LT-25062,MM-005
LT-25063,MM-008
P-25064,MM-002
FCV-25065,MM-004
P-25066,MM-001
FCV-25067,MM-005
XV-25068,MM-003
PT-25069,MM-010
COL-25070,MM-006
K-25071,MM-010
K-25072,MM-005
P-25073,MM-002
XV-25074,MM-001
V-25075,MM-003
LT-25076,MM-001
LT-25077,MM-004
FT-25078,MM-009
P-25079,MM-005
FCV-25080,MM-010
LT-25081,MM-008
V-25082,MM-005
XV-25083,MM-001
V-25084,MM-003
COL-25085,MM-009
P-25086,MM-008
E-25087,MM-005
FCV-25088,MM-003
LT-25089,MM-002
V-25090,MM-010
E-25091,MM-008
P-25092,MM-008
P-25093,MM-001
K-25094,MM-005
P-25095,MM-008
LT-25096,MM-008
LT-25097,MM-005
XV-25098,MM-003
FCV-25099,MM-006
PT-25100,MM-002
E-25101,MM-010
FT-25102,MM-009
PT-25103,MM-005
FT-25104,MM-002
PT-25105,MM-007
PSV-25106,MM-005
PSV-25107,MM-006
COL-25108,MM-002
K-25109,MM-009
XV-25110,MM-005
V-25111,MM-006
PSV-25112,MM-006
TT-25113,MM-006
PT-25114,MM-001
E-25115,MM-008
TT-25116,MM-005
E-25117,MM-007
PT-25118,MM-002
PSV-25119,MM-001
PT-25120,MM-003
COL-25121,MM-009
LT-25122,MM-006
K-25123,MM-004
COL-25124,MM-008
P-25125,MM-008
E-25126,MM-002
TT-25127,MM-008
V-25128,MM-006
K-25129,MM-010
TT-25130,MM-009
TT-25131,MM-006
V-25132,MM-005
E-25133,MM-008
COL-25134,MM-001
PT-25135,MM-001
COL-25136,MM-009
XV-25137,MM-003
TT-25138,MM-005
TT-25139,MM-009
TT-25140,MM-003
XV-25141,MM-002
COL-25142,MM-009
COL-25143,MM-007
COL-25144,MM-010
FT-25145,MM-001
TT-25146,MM-003
FCV-25147,MM-010
V-25148,MM-002
PSV-25149,MM-001
V-25150,MM-005
LT-25151,MM-003
K-25152,MM-001
LT-25153,MM-008
P-25154,MM-004
PSV-25155,MM-003
PT-25156,MM-005
COL-25157,MM-010
P-25158,MM-008
PSV-25159,MM-004
XV-25160,MM-008
PT-25161,MM-008
PT-25162,MM-003
FT-25163,MM-003
XV-25164,MM-006
COL-25165,MM-002
V-25166,MM-004
P-25167,MM-007
E-25168,MM-002
P-25169,MM-004
TT-25170,MM-005
FT-25171,MM-009
LT-25172,MM-001
TT-25173,MM-001
P-25174,MM-001
K-25175,MM-008
P-25176,MM-007
V-25177,MM-006
PSV-25178,MM-009
V-25179,MM-008
E-25180,MM-004
TT-25181,MM-008
LT-25182,MM-004
V-25183,MM-003
FT-25184,MM-010
COL-25185,MM-003
LT-25186,MM-008
PSV-25187,MM-009
FCV-25188,MM-004
P-25189,MM-003
XV-25190,MM-008
E-25191,MM-001
PSV-25192,MM-006
P-25193,MM-006
COL-25194,MM-005
E-25195,MM-002
K-25196,MM-010
TT-25197,MM-003
FT-25198,MM-008
XV-25199,MM-006
K-25200,MM-003
FT-25201,MM-006
TT-25202,MM-009
PSV-25203,MM-003
COL-25204,MM-002
FT-25205,MM-006
LT-25206,MM-005
XV-25207,MM-010
PSV-25208,MM-009
K-25209,MM-007
FT-25210,MM-006
K-25211,MM-009
PT-25212,MM-009
PT-25213,MM-001
LT-25214,MM-001
PSV-25215,MM-001
TT-25216,MM-006
PSV-25217,MM-009
E-25218,MM-005
XV-25219,MM-007
LT-25220,MM-001
E-25221,MM-003
P-25222,MM-003
LT-25223,MM-003
TT-25224,MM-003
XV-25225,MM-010
P-25226,MM-004
V-25227,MM-008
P-25228,MM-005
FT-25229,MM-010
XV-25230,MM-001
FCV-25231,MM-009
K-25232,MM-008
COL-25233,MM-003
TT-25234,MM-006
V-25235,MM-005
K-25236,MM-007
LT-25237,MM-005
K-25238,MM-005
PSV-25239,MM-010
PSV-25240,MM-002
FCV-25241,MM-003
LT-25242,MM-002
FCV-25243,MM-005
TT-25244,MM-008
FT-25245,MM-004
PSV-25246,MM-006
K-25247,MM-009
FT-25248,MM-004
PSV-25249,MM-005
V-25250,MM-006
PT-25251,MM-008
LT-25252,MM-008
E-25253,MM-008
V-25254,MM-006
PSV-25255,MM-002
V-25256,MM-002
XV-25257,MM-003
P-25258,MM-001
PSV-25259,MM-009
V-25260,MM-009
K-25261,MM-004
P-25262,MM-007
V-25263,MM-006
COL-25264,MM-007
V-25265,MM-002
V-25266,MM-008
XV-25267,MM-006
P-25268,MM-002
FCV-25269,MM-002
TT-25270,MM-006
COL-25271,MM-008
V-25272,MM-009
PT-25273,MM-005
XV-25274,MM-008
FT-25275,MM-005
TT-25276,MM-004
PT-25277,MM-002
K-25278,MM-003
TT-25279,MM-002
P-25280,MM-007
P-25281,MM-010
E-25282,MM-002
TT-25283,MM-008
P-25284,MM-007
K-25285,MM-007
P-25286,MM-002
FT-25287,MM-010
FT-25288,MM-008
PT-25289,MM-004
V-25290,MM-008
COL-25291,MM-007
PT-25292,MM-004
P-25293,MM-008
E-25294,MM-002
P-25295,MM-004
COL-25296,MM-003
P-25297,MM-003
P-25298,MM-004
TT-25299,MM-001
P-25300,MM-003
PT-25301,MM-004
P-25302,MM-006
E-25303,MM-004
FCV-25304,MM-001
COL-25305,MM-001
V-25306,MM-003
FCV-25307,MM-001
V-25308,MM-006
FCV-25309,MM-010
XV-25310,MM-007
V-25311,MM-010
FT-25312,MM-005
P-25313,MM-010
COL-25314,MM-003
E-25315,MM-002
E-25316,MM-009
P-25317,MM-009
COL-25318,MM-004
PSV-25319,MM-008
FT-25320,MM-002
FCV-25321,MM-006
FCV-25322,MM-001
P-25323,MM-005
LT-25324,MM-008
K-25325,MM-009
K-25326,MM-003
PSV-25327,MM-006
PSV-25328,MM-007
P-25329,MM-009
XV-25330,MM-005
LT-25331,MM-001
TT-25332,MM-001
LT-25333,MM-009
V-25334,MM-004
K-25335,MM-007
P-25336,MM-005
P-25337,MM-006
K-25338,MM-006
COL-25339,MM-004
V-25340,MM-004
P-25341,MM-009
K-25342,MM-004
TT-25343,MM-008
XV-25344,MM-003
COL-25345,MM-007
COL-25346,MM-010
XV-25347,MM-001
P-25348,MM-003
E-25349,MM-008
K-25350,MM-010
XV-25351,MM-010
XV-25352,MM-005
COL-25353,MM-006
PT-25354,MM-003
K-25355,MM-005
COL-25356,MM-005
FT-25357,MM-006
TT-25358,MM-008
FT-25359,MM-004
XV-25360,MM-010
FT-25361,MM-003
PT-25362,MM-010
PT-25363,MM-003
V-25364,MM-004
COL-25365,MM-005
K-25366,MM-002
P-25367,MM-005
E-25368,MM-001
LT-25369,MM-007
E-25370,MM-009
E-25371,MM-001
LT-25372,MM-005
V-25373,MM-010
E-25374,MM-003
P-25375,MM-010
FCV-25376,MM-003
K-25377,MM-001
PSV-25378,MM-010
TT-25379,MM-009
V-25380,MM-006
FT-25381,MM-007
P-25382,MM-002
COL-25383,MM-003
TT-25384,MM-010
P-25385,MM-004
FCV-25386,MM-004
FCV-25387,MM-008
E-25388,MM-008
P-25389,MM-008
XV-25390,MM-007
COL-25391,MM-009
COL-25392,MM-005
FT-25393,MM-006
COL-25394,MM-007
PT-25395,MM-009
V-25396,MM-003
P-25397,MM-004
E-25398,MM-003
P-25399,MM-003
XV-25400,MM-009
XV-25401,MM-010
COL-25402,MM-002
XV-25403,MM-008
PSV-25404,MM-006
PT-25405,MM-003
FT-25406,MM-005
PSV-25407,MM-005
COL-25408,MM-007
FT-25409,MM-003
PT-25410,MM-006
P-25411,MM-003
P-25412,MM-010
FT-25413,MM-004
V-25414,MM-010
TT-25415,MM-007
K-25416,MM-001
FT-25417,MM-008
E-25418,MM-007
K-25419,MM-003
LT-25420,MM-008
E-25421,MM-005
PSV-25422,MM-001
LT-25423,MM-006
TT-25424,MM-008
P-25425,MM-009
COL-25426,MM-002
P-25427,MM-006
COL-25428,MM-005
COL-25429,MM-002
K-25430,MM-007
PSV-25431,MM-001
COL-25432,MM-010
P-25433,MM-002
P-25434,MM-008
K-25435,MM-002
PT-25436,MM-002
FCV-25437,MM-006
K-25438,MM-004
FT-25439,MM-007
XV-25440,MM-001
PT-25441,MM-003
E-25442,MM-008
FT-25443,MM-006
K-25444,MM-002
FT-25445,MM-010
TT-25446,MM-003
TT-25447,MM-002
V-25448,MM-007
K-25449,MM-005
COL-25450,MM-004
P-25451,MM-007
V-25452,MM-008
P-25453,MM-005
FCV-25454,MM-005
PT-25455,MM-009
FT-25456,MM-009
K-25457,MM-008
PT-25458,MM-009
V-25459,MM-005
XV-25460,MM-009
LT-25461,MM-002
P-25462,MM-003
K-25463,MM-005
PSV-25464,MM-003
XV-25465,MM-002
P-25466,MM-005
FT-25467,MM-004
COL-25468,MM-004
LT-25469,MM-003
P-25470,MM-010
TT-25471,MM-005
PT-25472,MM-002
FCV-25473,MM-006
P-25474,MM-003
PSV-25475,MM-009
TT-25476,MM-003
P-25477,MM-001
FT-25478,MM-006
PT-25479,MM-008
E-25480,MM-004
P-25481,MM-006
PT-25482,MM-009
P-25483,MM-001
XV-25484,MM-009
LT-25485,MM-002
P-25486,MM-003
COL-25487,MM-006
COL-25488,MM-001
P-25489,MM-001
K-25490,MM-009
TT-25491,MM-003
V-25492,MM-006
FT-25493,MM-003
LT-25494,MM-004
COL-25495,MM-005
K-25496,MM-007
V-25497,MM-009
FT-25498,MM-009
FT-25499,MM-001
FT-25500,MM-004
TT-25501,MM-004
COL-25502,MM-008
FT-25503,MM-007
FT-25504,MM-010
FCV-25505,MM-003
LT-25506,MM-002
FT-25507,MM-009
TT-25508,MM-008
LT-25509,MM-002
E-25510,MM-010
TT-25511,MM-010
P-25512,MM-005
PSV-25513,MM-004
LT-25514,MM-003
E-25515,MM-001
FT-25516,MM-008
P-25517,MM-002
P-25518,MM-009
PT-25519,MM-001
COL-25520,MM-008
FT-25521,MM-004
TT-25522,MM-006
P-25523,MM-002
FCV-25524,MM-002
PSV-25525,MM-006
V-25526,MM-002
PSV-25527,MM-010
PSV-25528,MM-005
PSV-25529,MM-008
K-25530,MM-003
PT-25531,MM-006
E-25532,MM-010
XV-25533,MM-003
XV-25534,MM-007
COL-25535,MM-009
COL-25536,MM-003
P-25537,MM-010
FT-25538,MM-007
TT-25539,MM-006
FT-25540,MM-008
XV-25541,MM-009
E-25542,MM-005
XV-25543,MM-002
P-25544,MM-006
E-25545,MM-010
P-25546,MM-001
FT-25547,MM-007
TT-25548,MM-006
K-25549,MM-002
P-25550,MM-007
FCV-25551,MM-007
K-25552,MM-002
P-25553,MM-006
K-25554,MM-001
PSV-25555,MM-004
PT-25556,MM-004
V-25557,MM-010
LT-25558,MM-008
LT-25559,MM-003
XV-25560,MM-003
V-25561,MM-003
XV-25562,MM-008
XV-25563,MM-003
FT-25564,MM-008
FT-25565,MM-001
TT-25566,MM-006
LT-25567,MM-007
TT-25568,MM-010
TT-25569,MM-001
XV-25570,MM-007
LT-25571,MM-006
K-25572,MM-001
PSV-25573,MM-004
P-25574,MM-004
XV-25575,MM-001
FCV-25576,MM-006
PSV-25577,MM-008
PT-25578,MM-008
FCV-25579,MM-008
E-25580,MM-007
FT-25581,MM-002
PSV-25582,MM-005
COL-25583,MM-009
TT-25584,MM-003
PT-25585,MM-001
TT-25586,MM-009
PSV-25587,MM-006
PSV-25588,MM-007
K-25589,MM-008
E-25590,MM-001
PT-25591,MM-001
COL-25592,MM-009
TT-25593,MM-001
COL-25594,MM-005
P-25595,MM-010
COL-25596,MM-001
TT-25597,MM-006
TT-25598,MM-007
V-25599,MM-009
K-25600,MM-006
P-25601,MM-004
LT-25602,MM-005
P-25603,MM-006
K-25604,MM-009
FT-25605,MM-002
V-25606,MM-001
P-25607,MM-004
K-25608,MM-001
V-25609,MM-001
PT-25610,MM-004
E-25611,MM-006
PSV-25612,MM-002
V-25613,MM-005
E-25614,MM-003
XV-25615,MM-002
TT-25616,MM-008
FT-25617,MM-005
PT-25618,MM-001
PSV-25619,MM-009
P-25620,MM-008
FCV-25621,MM-009
PT-25622,MM-007
K-25623,MM-001
TT-25624,MM-005
E-25625,MM-008
E-25626,MM-001
P-25627,MM-001
P-25628,MM-002
FCV-25629,MM-005
PSV-25630,MM-004
E-25631,MM-008
XV-25632,MM-006
PSV-25633,MM-002
FCV-25634,MM-003
P-25635,MM-007
FT-25636,MM-009
E-25637,MM-008
COL-25638,MM-001
E-25639,MM-002
PT-25640,MM-007
P-25641,MM-008
FCV-25642,MM-009
XV-25643,MM-009
PT-25644,MM-007
K-25645,MM-002
P-25646,MM-005
FT-25647,MM-010
TT-25648,MM-007
XV-25649,MM-009
FT-25650,MM-006
FT-25651,MM-008
K-25652,MM-009
FT-25653,MM-005
LT-25654,MM-008
PT-25655,MM-005
PSV-25656,MM-007
PT-25657,MM-007
FCV-25658,MM-007
PSV-25659,MM-003
TT-25660,MM-005
TT-25661,MM-008
COL-25662,MM-005
LT-25663,MM-009
PSV-25664,MM-009
K-25665,MM-005
LT-25666,MM-007
K-25667,MM-007
P-25668,MM-009
FT-25669,MM-008
COL-25670,MM-010
FCV-25671,MM-004
TT-25672,MM-004
FT-25673,MM-001
V-25674,MM-010
XV-25675,MM-005
PT-25676,MM-010
LT-25677,MM-004
P-25678,MM-006
COL-25679,MM-009
PT-25680,MM-009
PSV-25681,MM-004
K-25682,MM-010
FCV-25683,MM-004
V-25684,MM-005
V-25685,MM-006
COL-25686,MM-001
K-25687,MM-002
V-25688,MM-004
PT-25689,MM-009
FCV-25690,MM-007
K-25691,MM-009
TT-25692,MM-006
PSV-25693,MM-002
COL-25694,MM-009
V-25695,MM-008
V-25696,MM-010
LT-25697,MM-001
P-25698,MM-010
V-25699,MM-001
PT-25700,MM-004
P-25701,MM-009
PT-25702,MM-006
K-25703,MM-008
P-25704,MM-009
P-25705,MM-003
P-25706,MM-002
XV-25707,MM-003
PT-25708,MM-001
PT-25709,MM-005
XV-25710,MM-007
FT-25711,MM-010
LT-25712,MM-003
PT-25713,MM-010
COL-25714,MM-002
V-25715,MM-002
V-25716,MM-009
V-25717,MM-003
FCV-25718,MM-003
E-25719,MM-007
P-25720,MM-006
V-25721,MM-005
FT-25722,MM-006
LT-25723,MM-009
P-25724,MM-006
V-25725,MM-005
XV-25726,MM-006
K-25727,MM-009
TT-25728,MM-003
E-25729,MM-004
TT-25730,MM-008
V-25731,MM-009
FT-25732,MM-008
P-25733,MM-006
FT-25734,MM-005
E-25735,MM-005
P-25736,MM-004
PT-25737,MM-006
P-25738,MM-003
FT-25739,MM-001
PSV-25740,MM-005
PT-25741,MM-001
LT-25742,MM-003
PT-25743,MM-007
P-25744,MM-010
TT-25745,MM-009
LT-25746,MM-006
FT-25747,MM-005
TT-25748,MM-010
LT-25749,MM-002
FT-25750,MM-007
P-25751,MM-002
PT-25752,MM-007
XV-25753,MM-004
XV-25754,MM-009
LT-25755,MM-002
FT-25756,MM-008
E-25757,MM-005
FT-25758,MM-004
E-25759,MM-007
PT-25760,MM-004
PSV-25761,MM-003
FT-25762,MM-006
COL-25763,MM-007
FCV-25764,MM-005
COL-25765,MM-002
XV-25766,MM-009
P-25767,MM-005
PT-25768,MM-006
P-25769,MM-002
PSV-25770,MM-010
PSV-25771,MM-005
P-25772,MM-004
XV-25773,MM-003
V-25774,MM-003
FT-25775,MM-003
XV-25776,MM-007
V-25777,MM-010
E-25778,MM-010
P-25779,MM-009
COL-25780,MM-004
LT-25781,MM-003
TT-25782,MM-006
P-25783,MM-001
E-25784,MM-005
K-25785,MM-001
V-25786,MM-001
TT-25787,MM-007
XV-25788,MM-006
P-25789,MM-003
E-25790,MM-009
P-25791,MM-009
P-25792,MM-007
FT-25793,MM-006
P-25794,MM-009
XV-25795,MM-004
COL-25796,MM-005
PSV-25797,MM-001
COL-25798,MM-004
E-25799,MM-007
COL-25800,MM-007
P-25801,MM-006
P-25802,MM-007
LT-25803,MM-010
FT-25804,MM-007
K-25805,MM-009
V-25806,MM-008
XV-25807,MM-006
COL-25808,MM-007
P-25809,MM-009
PT-25810,MM-003
P-25811,MM-002
LT-25812,MM-004
TT-25813,MM-005
P-25814,MM-004
E-25815,MM-001
P-25816,MM-010
PSV-25817,MM-008
FCV-25818,MM-002
PT-25819,MM-001
K-25820,MM-006
LT-25821,MM-010
K-25822,MM-002
K-25823,MM-008
E-25824,MM-010
FT-25825,MM-009
K-25826,MM-010
PT-25827,MM-009
COL-25828,MM-004
PSV-25829,MM-005
E-25830,MM-003
P-25831,MM-001
XV-25832,MM-010
P-25833,MM-007
PSV-25834,MM-004
P-25835,MM-002
FT-25836,MM-004
E-25837,MM-002
P-25838,MM-010
FT-25839,MM-002
COL-25840,MM-007
FT-25841,MM-001
TT-25842,MM-001
LT-25843,MM-010
P-25844,MM-005
PSV-25845,MM-001
XV-25846,MM-004
XV-25847,MM-006
V-25848,MM-009
FCV-25849,MM-005
E-25850,MM-009
PT-25851,MM-008
PSV-25852,MM-005
V-25853,MM-007
XV-25854,MM-003
P-25855,MM-001
COL-25856,MM-008
XV-25857,MM-007
P-25858,MM-006
P-25859,MM-004
FT-25860,MM-005
XV-25861,MM-006
P-25862,MM-005
P-25863,MM-009
E-25864,MM-004
FT-25865,MM-003
PSV-25866,MM-001
XV-25867,MM-002
XV-25868,MM-005
P-25869,MM-010
COL-25870,MM-002
TT-25871,MM-005
K-25872,MM-003
V-25873,MM-003
XV-25874,MM-009
XV-25875,MM-001
K-25876,MM-004
LT-25877,MM-007
K-25878,MM-001
P-25879,MM-005
K-25880,MM-008
P-25881,MM-008
LT-25882,MM-009
K-25883,MM-009
LT-25884,MM-005
XV-25885,MM-004
PSV-25886,MM-008
TT-25887,MM-003
PT-25888,MM-005
E-25889,MM-008
LT-25890,MM-006
PSV-25891,MM-004
P-25892,MM-010
P-25893,MM-008
FCV-25894,MM-009
XV-25895,MM-005
PT-25896,MM-009
COL-25897,MM-007
P-25898,MM-004
E-25899,MM-010
P-25900,MM-001
P-25901,MM-004
FCV-25902,MM-002
P-25903,MM-003
E-25904,MM-007
P-25905,MM-008
FCV-25906,MM-009
FT-25907,MM-003
FT-25908,MM-004
FCV-25909,MM-009
LT-25910,MM-003
TT-25911,MM-001
FCV-25912,MM-008
P-25913,MM-002
PT-25914,MM-007
LT-25915,MM-010
P-25916,MM-005
PT-25917,MM-006
P-25918,MM-007
COL-25919,MM-006
TT-25920,MM-010
XV-25921,MM-007
FCV-25922,MM-001
FT-25923,MM-002
LT-25924,MM-010
TT-25925,MM-009
PSV-25926,MM-007
COL-25927,MM-002
COL-25928,MM-009
E-25929,MM-006
PSV-25930,MM-002
TT-25931,MM-006
P-25932,MM-009
LT-25933,MM-008
FCV-25934,MM-003
COL-25935,MM-003
COL-25936,MM-002
PT-25937,MM-010
XV-25938,MM-007
TT-25939,MM-004
FT-25940,MM-003
XV-25941,MM-001
PSV-25942,MM-005
PSV-25943,MM-008
FT-25944,MM-010
PT-25945,MM-007
P-25946,MM-004
FCV-25947,MM-010
LT-25948,MM-008
LT-25949,MM-001
P-25950,MM-009
P-25951,MM-010
PSV-25952,MM-006
FT-25953,MM-010
FT-25954,MM-009
E-25955,MM-008
FCV-25956,MM-002
PSV-25957,MM-004
P-25958,MM-004
FCV-25959,MM-007
K-25960,MM-007
E-25961,MM-009
P-25962,MM-008
V-25963,MM-005
P-25964,MM-010
TT-25965,MM-005
TT-25966,MM-004
FT-25967,MM-001
P-25968,MM-010
E-25969,MM-002
PSV-25970,MM-009
LT-25971,MM-002
K-25972,MM-002
K-25973,MM-009
PT-25974,MM-005
TT-25975,MM-002
K-25976,MM-006
LT-25977,MM-002
COL-25978,MM-007
PSV-25979,MM-009
P-25980,MM-009
E-25981,MM-010
FT-25982,MM-006
FT-25983,MM-002
PT-25984,MM-003
COL-25985,MM-005
PT-25986,MM-010
FT-25987,MM-008
FT-25988,MM-010
FT-25989,MM-004
COL-25990,MM-005
E-25991,MM-005
FCV-25992,MM-010
P-25993,MM-003
K-25994,MM-006
P-25995,MM-010
K-25996,MM-010
COL-25997,MM-009
TT-25998,MM-001
COL-25999,MM-006
TT-26000,MM-008
FT-26001,MM-002
XV-26002,MM-004
K-26003,MM-009
P-26004,MM-008
E-26005,MM-010
LT-26006,MM-003
PSV-26007,MM-001
XV-26008,MM-010
COL-26009,MM-005
V-26010,MM-005
FCV-26011,MM-007
COL-26012,MM-007
FT-26013,MM-002
XV-26014,MM-005
K-26015,MM-007
E-26016,MM-001
V-26017,MM-003
E-26018,MM-010
PT-26019,MM-010
K-26020,MM-004
FCV-26021,MM-010
FT-26022,MM-004
V-26023,MM-001
FCV-26024,MM-001
TT-26025,MM-001
FCV-26026,MM-008
V-26027,MM-005
E-26028,MM-003
FT-26029,MM-007
K-26030,MM-009
K-26031,MM-001
E-26032,MM-010
V-26033,MM-004
P-26034,MM-005
V-26035,MM-003
XV-26036,MM-009
LT-26037,MM-002
LT-26038,MM-009
FT-26039,MM-001
P-26040,MM-008
P-26041,MM-001
V-26042,MM-006
E-26043,MM-001
TT-26044,MM-006
P-26045,MM-007
LT-26046,MM-004
V-26047,MM-003
COL-26048,MM-010
TT-26049,MM-001
FCV-26050,MM-009
FCV-26051,MM-007
PSV-26052,MM-001
PSV-26053,MM-007
FCV-26054,MM-003
TT-26055,MM-001
TT-26056,MM-002
P-26057,MM-002
P-26058,MM-008
V-26059,MM-003
PT-26060,MM-002
P-26061,MM-009
COL-26062,MM-010
FCV-26063,MM-003
V-26064,MM-006
PSV-26065,MM-006
E-26066,MM-008
PT-26067,MM-007
COL-26068,MM-002
P-26069,MM-002
FCV-26070,MM-004
PT-26071,MM-001
PT-26072,MM-007
TT-26073,MM-001
FCV-26074,MM-008
TT-26075,MM-009
P-26076,MM-007
XV-26077,MM-002
K-26078,MM-009
P-26079,MM-008
PT-26080,MM-001
PT-26081,MM-007
P-26082,MM-010
TT-26083,MM-002
TT-26084,MM-009
COL-26085,MM-003
FCV-26086,MM-008
K-26087,MM-010
E-26088,MM-003
PT-26089,MM-001
K-26090,MM-006
E-26091,MM-003
P-26092,MM-005
FT-26093,MM-003
XV-26094,MM-001
COL-26095,MM-006
XV-26096,MM-009
COL-26097,MM-001
LT-26098,MM-008
FCV-26099,MM-003
FT-26100,MM-005
K-26101,MM-002
E-26102,MM-009
TT-26103,MM-006
E-26104,MM-002
FCV-26105,MM-001
PT-26106,MM-005
V-26107,MM-003
XV-26108,MM-009
TT-26109,MM-010
P-26110,MM-003
FCV-26111,MM-003
FT-26112,MM-010
PSV-26113,MM-010
FT-26114,MM-003
FT-26115,MM-004
XV-26116,MM-002
PT-26117,MM-007
K-26118,MM-007
PSV-26119,MM-004
PT-26120,MM-002
LT-26121,MM-002
PSV-26122,MM-010
LT-26123,MM-010
PT-26124,MM-008
PSV-26125,MM-007
PT-26126,MM-004
P-26127,MM-008
P-26128,MM-005
PT-26129,MM-004
PSV-26130,MM-001
FT-26131,MM-008
P-26132,MM-004
P-26133,MM-005
K-26134,MM-005
XV-26135,MM-008
TT-26136,MM-001
FCV-26137,MM-010
TT-26138,MM-006
TT-26139,MM-007
FCV-26140,MM-009
V-26141,MM-006
COL-26142,MM-003
LT-26143,MM-009
K-26144,MM-008
P-26145,MM-008
XV-26146,MM-004
P-26147,MM-006
K-26148,MM-001
P-26149,MM-001
E-26150,MM-005
FCV-26151,MM-010
P-26152,MM-001
P-26153,MM-004
K-26154,MM-003
XV-26155,MM-007
K-26156,MM-005
TT-26157,MM-003
XV-26158,MM-004
K-26159,MM-008
FCV-26160,MM-010
PT-26161,MM-003
COL-26162,MM-009
PT-26163,MM-010
K-26164,MM-010
FCV-26165,MM-005
FT-26166,MM-005
E-26167,MM-004
XV-26168,MM-008
V-26169,MM-008
K-26170,MM-005
P-26171,MM-007
PT-26172,MM-010
P-26173,MM-005
PSV-26174,MM-007
PT-26175,MM-008
P-26176,MM-003
PT-26177,MM-005
PT-26178,MM-009
E-26179,MM-002
FT-26180,MM-001
PSV-26181,MM-001
P-26182,MM-005
K-26183,MM-008
XV-26184,MM-005
PT-26185,MM-003
E-26186,MM-009
E-26187,MM-001
P-26188,MM-001
PT-26189,MM-004
LT-26190,MM-010
K-26191,MM-010
FT-26192,MM-003
FT-26193,MM-004
E-26194,MM-002
LT-26195,MM-003
LT-26196,MM-004
P-26197,MM-007
PSV-26198,MM-008
LT-26199,MM-002
COL-26200,MM-006
FCV-26201,MM-001
TT-26202,MM-003
PT-26203,MM-001
P-26204,MM-010
XV-26205,MM-007
P-26206,MM-001
P-26207,MM-002
P-26208,MM-008
V-26209,MM-003
TT-26210,MM-005
P-26211,MM-006
P-26212,MM-003
XV-26213,MM-006
E-26214,MM-006
P-26215,MM-006
V-26216,MM-004
PSV-26217,MM-001
TT-26218,MM-002
P-26219,MM-006
COL-26220,MM-010
FT-26221,MM-008
TT-26222,MM-010
LT-26223,MM-002
PT-26224,MM-006
FT-26225,MM-003
P-26226,MM-009
FT-26227,MM-007
FCV-26228,MM-005
FT-26229,MM-005
LT-26230,MM-008
V-26231,MM-006
TT-26232,MM-005
P-26233,MM-003
V-26234,MM-005
E-26235,MM-001
FCV-26236,MM-008
COL-26237,MM-010
P-26238,MM-008
K-26239,MM-002
COL-26240,MM-009
XV-26241,MM-001
PT-26242,MM-003
LT-26243,MM-007
FT-26244,MM-002
K-26245,MM-004
XV-26246,MM-010
TT-26247,MM-003
TT-26248,MM-004
TT-26249,MM-008
K-26250,MM-010
COL-26251,MM-010
TT-26252,MM-007
P-26253,MM-009
TT-26254,MM-005
FCV-26255,MM-005
K-26256,MM-006
FT-26257,MM-009
FT-26258,MM-003
FCV-26259,MM-002
FCV-26260,MM-008
V-26261,MM-004
P-26262,MM-008
P-26263,MM-003
K-26264,MM-008
FT-26265,MM-004
PSV-26266,MM-004
LT-26267,MM-003
TT-26268,MM-006
P-26269,MM-001
E-26270,MM-008
K-26271,MM-007
V-26272,MM-007
E-26273,MM-009
V-26274,MM-005
FCV-26275,MM-007
FCV-26276,MM-010
P-26277,MM-009
E-26278,MM-004
PT-26279,MM-002
PSV-26280,MM-003
FT-26281,MM-007
P-26282,MM-006
V-26283,MM-009
V-26284,MM-001
FT-26285,MM-001
LT-26286,MM-006
P-26287,MM-003
E-26288,MM-009
COL-26289,MM-003
FCV-26290,MM-008
FCV-26291,MM-005
PT-26292,MM-007
P-26293,MM-001
P-26294,MM-005
P-26295,MM-009
FCV-26296,MM-006
LT-26297,MM-010
K-26298,MM-010
FT-26299,MM-009
E-26300,MM-008
E-26301,MM-007
PT-26302,MM-001
LT-26303,MM-001
P-26304,MM-008
TT-26305,MM-004
XV-26306,MM-008
FCV-26307,MM-007
FT-26308,MM-008
LT-26309,MM-006
TT-26310,MM-001
FCV-26311,MM-008
FCV-26312,MM-001
LT-26313,MM-002
P-26314,MM-003
COL-26315,MM-008
PSV-26316,MM-003
PT-26317,MM-003
TT-26318,MM-009
E-26319,MM-010
E-26320,MM-002
FCV-26321,MM-001
P-26322,MM-009
FCV-26323,MM-005
TT-26324,MM-007
V-26325,MM-009
FCV-26326,MM-010
E-26327,MM-007
PT-26328,MM-007
XV-26329,MM-002
P-26330,MM-010
FT-26331,MM-004
P-26332,MM-006
K-26333,MM-006
PT-26334,MM-010
LT-26335,MM-008
LT-26336,MM-006
PSV-26337,MM-010
PSV-26338,MM-005
V-26339,MM-004
K-26340,MM-001
K-26341,MM-004
V-26342,MM-005
FCV-26343,MM-002
PT-26344,MM-005
V-26345,MM-002
LT-26346,MM-007
K-26347,MM-007
P-26348,MM-002
FCV-26349,MM-002
FT-26350,MM-009
P-26351,MM-007
XV-26352,MM-003
P-26353,MM-005
P-26354,MM-004
FCV-26355,MM-004
COL-26356,MM-002
E-26357,MM-009
COL-26358,MM-010
COL-26359,MM-005
PT-26360,MM-007
LT-26361,MM-004
XV-26362,MM-007
V-26363,MM-002
LT-26364,MM-007
COL-26365,MM-004
E-26366,MM-008
V-26367,MM-008
PT-26368,MM-007
E-26369,MM-008
FCV-26370,MM-002
E-26371,MM-006
COL-26372,MM-010
V-26373,MM-009
FCV-26374,MM-007
P-26375,MM-002
V-26376,MM-009
COL-26377,MM-002
PSV-26378,MM-009
COL-26379,MM-003
E-26380,MM-002
K-26381,MM-009
FT-26382,MM-005
V-26383,MM-006
PSV-26384,MM-009
PT-26385,MM-009
FT-26386,MM-005
FCV-26387,MM-003
FT-26388,MM-004
P-26389,MM-001
XV-26390,MM-008
PT-26391,MM-008
FCV-26392,MM-008
K-26393,MM-009
LT-26394,MM-004
PSV-26395,MM-002
K-26396,MM-008
P-26397,MM-005
FT-26398,MM-009
E-26399,MM-008
TT-26400,MM-001
PSV-26401,MM-004
XV-26402,MM-006
COL-26403,MM-007
P-26404,MM-003
P-26405,MM-004
K-26406,MM-003
FCV-26407,MM-008
FCV-26408,MM-003
P-26409,MM-007
XV-26410,MM-002
XV-26411,MM-008
PT-26412,MM-008
COL-26413,MM-004
K-26414,MM-006
P-26415,MM-009
FCV-26416,MM-010
E-26417,MM-007
FCV-26418,MM-006
K-26419,MM-004
V-26420,MM-006
XV-26421,MM-007
COL-26422,MM-004
XV-26423,MM-005
P-26424,MM-010
LT-26425,MM-005
TT-26426,MM-008
P-26427,MM-008
PSV-26428,MM-004
E-26429,MM-008
LT-26430,MM-005
LT-26431,MM-008
TT-26432,MM-007
LT-26433,MM-002
P-26434,MM-003
LT-26435,MM-003
K-26436,MM-003
XV-26437,MM-002
TT-26438,MM-008
XV-26439,MM-003
LT-26440,MM-006
K-26441,MM-008
E-26442,MM-003
P-26443,MM-003
COL-26444,MM-009
P-26445,MM-007
FCV-26446,MM-007
LT-26447,MM-005
XV-26448,MM-010
PT-26449,MM-003
FT-26450,MM-001
TT-26451,MM-003
PSV-26452,MM-002
P-26453,MM-002
FCV-26454,MM-006
LT-26455,MM-008
FCV-26456,MM-010
PT-26457,MM-006
LT-26458,MM-008
COL-26459,MM-009
TT-26460,MM-010
FCV-26461,MM-009
FT-26462,MM-003
FCV-26463,MM-004
LT-26464,MM-010
LT-26465,MM-001
V-26466,MM-009
TT-26467,MM-002
E-26468,MM-008
P-26469,MM-008
PT-26470,MM-005
P-26471,MM-004
TT-26472,MM-003
XV-26473,MM-006
PT-26474,MM-005
TT-26475,MM-001
LT-26476,MM-007
FT-26477,MM-003
P-26478,MM-005
FCV-26479,MM-005
XV-26480,MM-009
FT-26481,MM-004
XV-26482,MM-002
PSV-26483,MM-009
P-26484,MM-006
FT-26485,MM-005
TT-26486,MM-010
PSV-26487,MM-003
PT-26488,MM-003
PT-26489,MM-002
LT-26490,MM-002
FT-26491,MM-008
PT-26492,MM-002
LT-26493,MM-004
FT-26494,MM-009
FCV-26495,MM-007
P-26496,MM-008
PT-26497,MM-003
K-26498,MM-009
PT-26499,MM-010
FCV-26500,MM-008
COL-26501,MM-009
LT-26502,MM-004
COL-26503,MM-002
TT-26504,MM-007
FCV-26505,MM-004
K-26506,MM-002
LT-26507,MM-006
TT-26508,MM-003
P-26509,MM-010
K-26510,MM-007
LT-26511,MM-004
PSV-26512,MM-004
TT-26513,MM-007
PT-26514,MM-010
FT-26515,MM-009
COL-26516,MM-010
TT-26517,MM-007
PSV-26518,MM-002
E-26519,MM-009
XV-26520,MM-003
COL-26521,MM-004
LT-26522,MM-007
XV-26523,MM-006
LT-26524,MM-005
V-26525,MM-002
TT-26526,MM-007
COL-26527,MM-004
FT-26528,MM-001
PT-26529,MM-006
PT-26530,MM-006
XV-26531,MM-008
K-26532,MM-007
LT-26533,MM-005
FCV-26534,MM-001
V-26535,MM-005
PSV-26536,MM-004
TT-26537,MM-005
K-26538,MM-001
P-26539,MM-007
PT-26540,MM-004
FT-26541,MM-004
PSV-26542,MM-002
P-26543,MM-002
PT-26544,MM-009
V-26545,MM-001
K-26546,MM-010
XV-26547,MM-003
E-26548,MM-004
P-26549,MM-004
TT-26550,MM-010
P-26551,MM-003
P-26552,MM-006
P-26553,MM-008
E-26554,MM-004
P-26555,MM-005
COL-26556,MM-003
LT-26557,MM-007
P-26558,MM-010
FCV-26559,MM-010
V-26560,MM-007
P-26561,MM-004
FCV-26562,MM-004
FCV-26563,MM-009
FCV-26564,MM-001
V-26565,MM-008
E-26566,MM-010
TT-26567,MM-010
PSV-26568,MM-001
K-26569,MM-004
PT-26570,MM-006
P-26571,MM-007
P-26572,MM-001
XV-26573,MM-009
COL-26574,MM-003
E-26575,MM-002
PSV-26576,MM-008
V-26577,MM-008
E-26578,MM-007
LT-26579,MM-007
P-26580,MM-009
P-26581,MM-010
K-26582,MM-009
E-26583,MM-003
K-26584,MM-004
PSV-26585,MM-005
TT-26586,MM-001
TT-26587,MM-006
FT-26588,MM-001
LT-26589,MM-002
PT-26590,MM-003
FT-26591,MM-001
P-26592,MM-009
FT-26593,MM-005
P-26594,MM-010
FCV-26595,MM-004
K-26596,MM-005
E-26597,MM-010
COL-26598,MM-001
FCV-26599,MM-010
FT-26600,MM-006
LT-26601,MM-004
LT-26602,MM-009
P-26603,MM-002
TT-26604,MM-010
COL-26605,MM-007
P-26606,MM-006
XV-26607,MM-001
COL-26608,MM-004
K-26609,MM-010
COL-26610,MM-001
PT-26611,MM-003
P-26612,MM-007
FT-26613,MM-006
COL-26614,MM-004
FT-26615,MM-010
TT-26616,MM-001
P-26617,MM-003
PT-26618,MM-004
TT-26619,MM-003
TT-26620,MM-006
PT-26621,MM-007
LT-26622,MM-004
LT-26623,MM-005
E-26624,MM-009
XV-26625,MM-003
PSV-26626,MM-005
PSV-26627,MM-006
TT-26628,MM-001
PSV-26629,MM-004
V-26630,MM-002
PSV-26631,MM-005
COL-26632,MM-002
FT-26633,MM-003
PSV-26634,MM-010
P-26635,MM-003
LT-26636,MM-005
PSV-26637,MM-003
K-26638,MM-002
PSV-26639,MM-009
E-26640,MM-001
K-26641,MM-010
FT-26642,MM-001
P-26643,MM-009
P-26644,MM-010
LT-26645,MM-001
P-26646,MM-006
LT-26647,MM-007
FCV-26648,MM-003
PT-26649,MM-005
PSV-26650,MM-002
FCV-26651,MM-001
P-26652,MM-009
COL-26653,MM-002
V-26654,MM-002
TT-26655,MM-003
FT-26656,MM-009
P-26657,MM-004
V-26658,MM-008
E-26659,MM-007
E-26660,MM-007
E-26661,MM-003
PSV-26662,MM-004
V-26663,MM-002
P-26664,MM-008
P-26665,MM-001
FCV-26666,MM-003
FT-26667,MM-007
K-26668,MM-004
V-26669,MM-005
V-26670,MM-005
COL-26671,MM-004
COL-26672,MM-007
PSV-26673,MM-007
E-26674,MM-002
FCV-26675,MM-003
E-26676,MM-001
PSV-26677,MM-004
E-26678,MM-009
TT-26679,MM-003
TT-26680,MM-004
COL-26681,MM-009
P-26682,MM-009
PSV-26683,MM-004
K-26684,MM-007
PSV-26685,MM-003
FCV-26686,MM-005
P-26687,MM-007
P-26688,MM-010
COL-26689,MM-002
P-26690,MM-004
PSV-26691,MM-007
LT-26692,MM-007
FT-26693,MM-006
COL-26694,MM-003
FT-26695,MM-009
P-26696,MM-004
COL-26697,MM-001
P-26698,MM-005
LT-26699,MM-003
E-26700,MM-003
K-26701,MM-004
COL-26702,MM-009
FCV-26703,MM-004
E-26704,MM-006
FT-26705,MM-001
V-26706,MM-005
TT-26707,MM-004
P-26708,MM-002
FT-26709,MM-010
V-26710,MM-010
V-26711,MM-004
LT-26712,MM-002
TT-26713,MM-005
P-26714,MM-004
V-26715,MM-008
P-26716,MM-001
PSV-26717,MM-006
COL-26718,MM-003
PSV-26719,MM-002
P-26720,MM-004
V-26721,MM-006
K-26722,MM-010
LT-26723,MM-003
LT-26724,MM-007
FT-26725,MM-006
LT-26726,MM-003
P-26727,MM-008
K-26728,MM-006
P-26729,MM-002
E-26730,MM-001
P-26731,MM-001
FCV-26732,MM-005
V-26733,MM-005
LT-26734,MM-009
P-26735,MM-005
V-26736,MM-010
PT-26737,MM-007
FCV-26738,MM-001
TT-26739,MM-001
COL-26740,MM-007
LT-26741,MM-006
PSV-26742,MM-003
XV-26743,MM-002
E-26744,MM-009
PT-26745,MM-008
E-26746,MM-004
FCV-26747,MM-001
LT-26748,MM-005
LT-26749,MM-008
PT-26750,MM-002
XV-26751,MM-005
LT-26752,MM-010
FCV-26753,MM-010
FCV-26754,MM-004
E-26755,MM-010
K-26756,MM-008
XV-26757,MM-007
K-26758,MM-004
P-26759,MM-002
P-26760,MM-008
P-26761,MM-010
LT-26762,MM-005
P-26763,MM-009
FCV-26764,MM-009
P-26765,MM-010
LT-26766,MM-002
PSV-26767,MM-004
P-26768,MM-007
LT-26769,MM-004
TT-26770,MM-010
PSV-26771,MM-008
PSV-26772,MM-003
XV-26773,MM-005
LT-26774,MM-001
FCV-26775,MM-004
PSV-26776,MM-007
V-26777,MM-002
COL-26778,MM-003
FCV-26779,MM-010
TT-26780,MM-008
K-26781,MM-003
V-26782,MM-003
PSV-26783,MM-005
E-26784,MM-003
V-26785,MM-003
P-26786,MM-007
TT-26787,MM-003
XV-26788,MM-002
COL-26789,MM-010
COL-26790,MM-010
TT-26791,MM-004
FCV-26792,MM-007
PSV-26793,MM-003
P-26794,MM-003
TT-26795,MM-009
K-26796,MM-001
P-26797,MM-001
FT-26798,MM-010
E-26799,MM-010
COL-26800,MM-002
PT-26801,MM-004
P-26802,MM-010
E-26803,MM-004
TT-26804,MM-009
E-26805,MM-001
PSV-26806,MM-005
TT-26807,MM-009
E-26808,MM-001
PSV-26809,MM-002
P-26810,MM-007
FT-26811,MM-004
XV-26812,MM-007
FT-26813,MM-001
TT-26814,MM-001
K-26815,MM-002
PT-26816,MM-005
PSV-26817,MM-007
FT-26818,MM-009
E-26819,MM-005
PSV-26820,MM-003
PT-26821,MM-003
TT-26822,MM-008
K-26823,MM-001
K-26824,MM-004
XV-26825,MM-008
PT-26826,MM-006
P-26827,MM-007
LT-26828,MM-003
PSV-26829,MM-006
K-26830,MM-004
PSV-26831,MM-008
P-26832,MM-008
FT-26833,MM-009
FCV-26834,MM-001
FCV-26835,MM-002
P-26836,MM-001
LT-26837,MM-010
E-26838,MM-001
P-26839,MM-001
FT-26840,MM-010
P-26841,MM-008
V-26842,MM-006
P-26843,MM-004
TT-26844,MM-003
P-26845,MM-001
P-26846,MM-010
P-26847,MM-008
P-26848,MM-006
FT-26849,MM-005
V-26850,MM-005
K-26851,MM-002
COL-26852,MM-008
P-26853,MM-006
COL-26854,MM-002
TT-26855,MM-009
COL-26856,MM-007
V-26857,MM-001
LT-26858,MM-007
P-26859,MM-009
TT-26860,MM-002
K-26861,MM-008
TT-26862,MM-006
XV-26863,MM-002
COL-26864,MM-006
P-26865,MM-005
E-26866,MM-004
E-26867,MM-009
P-26868,MM-008
XV-26869,MM-007
E-26870,MM-008
K-26871,MM-003
XV-26872,MM-005
FCV-26873,MM-003
PT-26874,MM-009
LT-26875,MM-009
PSV-26876,MM-008
PT-26877,MM-010
V-26878,MM-007
V-26879,MM-004
V-26880,MM-008
K-26881,MM-006
K-26882,MM-007
P-26883,MM-005
P-26884,MM-003
XV-26885,MM-005
LT-26886,MM-010
PT-26887,MM-003
K-26888,MM-009
COL-26889,MM-001
P-26890,MM-007
PT-26891,MM-004
P-26892,MM-008
COL-26893,MM-010
V-26894,MM-005
E-26895,MM-005
E-26896,MM-006
V-26897,MM-002
P-26898,MM-007
TT-26899,MM-004
PSV-26900,MM-008
LT-26901,MM-010
PT-26902,MM-005
LT-26903,MM-006
LT-26904,MM-002
P-26905,MM-003
XV-26906,MM-008
TT-26907,MM-003
V-26908,MM-005
E-26909,MM-008
E-26910,MM-001
FCV-26911,MM-010
V-26912,MM-010
XV-26913,MM-005
FCV-26914,MM-007
E-26915,MM-006
K-26916,MM-003
E-26917,MM-002
K-26918,MM-007
E-26919,MM-006
K-26920,MM-002
XV-26921,MM-009
FT-26922,MM-002
COL-26923,MM-004
P-26924,MM-004
P-26925,MM-008
V-26926,MM-001
E-26927,MM-005
K-26928,MM-001
FCV-26929,MM-008
PSV-26930,MM-007
P-26931,MM-008
V-26932,MM-003
E-26933,MM-009
FCV-26934,MM-005
LT-26935,MM-007
K-26936,MM-007
FT-26937,MM-002
FT-26938,MM-009
FCV-26939,MM-006
TT-26940,MM-003
K-26941,MM-002
P-26942,MM-002
FT-26943,MM-004
V-26944,MM-005
K-26945,MM-008
FCV-26946,MM-002
LT-26947,MM-006
K-26948,MM-006
P-26949,MM-008
V-26950,MM-001
LT-26951,MM-005
PT-26952,MM-008
TT-26953,MM-007
XV-26954,MM-008
LT-26955,MM-002
P-26956,MM-006
E-26957,MM-008
V-26958,MM-009
P-26959,MM-001
XV-26960,MM-007
LT-26961,MM-004
LT-26962,MM-008
V-26963,MM-006
V-26964,MM-007
PT-26965,MM-001
FT-26966,MM-005
COL-26967,MM-006
P-26968,MM-003
FT-26969,MM-001
P-26970,MM-009
COL-26971,MM-005
FT-26972,MM-006
LT-26973,MM-002
PSV-26974,MM-007
V-26975,MM-005
FCV-26976,MM-007
COL-26977,MM-007
TT-26978,MM-008
E-26979,MM-001
P-26980,MM-007
COL-26981,MM-009
FT-26982,MM-007
K-26983,MM-005
XV-26984,MM-005
TT-26985,MM-001
XV-26986,MM-007
TT-26987,MM-006
P-26988,MM-009
TT-26989,MM-004
FT-26990,MM-006
P-26991,MM-009
K-26992,MM-005
PSV-26993,MM-009
PSV-26994,MM-001
COL-26995,MM-007
P-26996,MM-002
COL-26997,MM-005
P-26998,MM-010
COL-26999,MM-007
E-27000,MM-010
K-27001,MM-004
FT-27002,MM-001
PT-27003,MM-009
PSV-27004,MM-002
FT-27005,MM-006
TT-27006,MM-003
COL-27007,MM-002
V-27008,MM-004
PT-27009,MM-008
P-27010,MM-003
K-27011,MM-008
FT-27012,MM-004
LT-27013,MM-008
FT-27014,MM-001
K-27015,MM-001
PSV-27016,MM-002
K-27017,MM-009
V-27018,MM-008
P-27019,MM-005
PT-27020,MM-002
K-27021,MM-001
PT-27022,MM-003
FCV-27023,MM-001
LT-27024,MM-002
FT-27025,MM-009
P-27026,MM-004
COL-27027,MM-006
K-27028,MM-004
V-27029,MM-010
P-27030,MM-006
TT-27031,MM-004
FT-27032,MM-006
V-27033,MM-008
E-27034,MM-002
P-27035,MM-004
PT-27036,MM-010
P-27037,MM-005
E-27038,MM-009
COL-27039,MM-003
LT-27040,MM-007
FT-27041,MM-001
XV-27042,MM-003
COL-27043,MM-002
PT-27044,MM-004
COL-27045,MM-001
XV-27046,MM-002
COL-27047,MM-008
P-27048,MM-008
PSV-27049,MM-002
P-27050,MM-002
PSV-27051,MM-001
XV-27052,MM-010
XV-27053,MM-008
FT-27054,MM-002
COL-27055,MM-004
FT-27056,MM-001
V-27057,MM-005
FCV-27058,MM-009
P-27059,MM-005
K-27060,MM-001
FT-27061,MM-010
FT-27062,MM-003
P-27063,MM-008
TT-27064,MM-002
TT-27065,MM-008
FT-27066,MM-005
TT-27067,MM-010
K-27068,MM-008
FCV-27069,MM-005
K-27070,MM-002
LT-27071,MM-003
P-27072,MM-009
E-27073,MM-006
FT-27074,MM-010
K-27075,MM-001
PT-27076,MM-010
XV-27077,MM-009
P-27078,MM-009
TT-27079,MM-002
PT-27080,MM-007
P-27081,MM-010
COL-27082,MM-002
TT-27083,MM-006
FCV-27084,MM-004
FT-27085,MM-008
E-27086,MM-009
P-27087,MM-009
K-27088,MM-002
K-27089,MM-007
FCV-27090,MM-002
PT-27091,MM-003
COL-27092,MM-008
K-27093,MM-001
E-27094,MM-005
E-27095,MM-006
FCV-27096,MM-005
P-27097,MM-007
TT-27098,MM-009
PT-27099,MM-009
TT-27100,MM-004
FT-27101,MM-003
E-27102,MM-003
P-27103,MM-001
LT-27104,MM-003
LT-27105,MM-005
FT-27106,MM-010
FT-27107,MM-005
LT-27108,MM-010
FCV-27109,MM-010
PSV-27110,MM-009
FCV-27111,MM-002
PT-27112,MM-007
FCV-27113,MM-003
PT-27114,MM-005
PSV-27115,MM-004
E-27116,MM-010
XV-27117,MM-003
FCV-27118,MM-010
FT-27119,MM-010
V-27120,MM-009
V-27121,MM-005
K-27122,MM-007
LT-27123,MM-002
FT-27124,MM-010
P-27125,MM-007
LT-27126,MM-002
PT-27127,MM-003
XV-27128,MM-010
P-27129,MM-007
P-27130,MM-007
COL-27131,MM-008
XV-27132,MM-003
E-27133,MM-007
P-27134,MM-004
K-27135,MM-007
TT-27136,MM-004
FT-27137,MM-001
TT-27138,MM-007
P-27139,MM-003
COL-27140,MM-008
TT-27141,MM-003
P-27142,MM-001
FCV-27143,MM-006
FT-27144,MM-006
P-27145,MM-005
P-27146,MM-002
FCV-27147,MM-006
LT-27148,MM-008
TT-27149,MM-009
P-27150,MM-008
P-27151,MM-001
PSV-27152,MM-010
P-27153,MM-010
E-27154,MM-004
XV-27155,MM-010
XV-27156,MM-003
COL-27157,MM-006
PSV-27158,MM-006
PSV-27159,MM-007
P-27160,MM-001
TT-27161,MM-007
XV-27162,MM-006
K-27163,MM-010
E-27164,MM-007
V-27165,MM-008
PT-27166,MM-003
K-27167,MM-008
TT-27168,MM-003
E-27169,MM-010
V-27170,MM-004
TT-27171,MM-001
COL-27172,MM-002
FCV-27173,MM-005
K-27174,MM-003
P-27175,MM-001
E-27176,MM-006
LT-27177,MM-004
XV-27178,MM-004
PSV-27179,MM-009
COL-27180,MM-006
TT-27181,MM-005
COL-27182,MM-010
P-27183,MM-007
TT-27184,MM-010
P-27185,MM-004
PSV-27186,MM-001
XV-27187,MM-004
V-27188,MM-002
COL-27189,MM-001
K-27190,MM-002
P-27191,MM-004
LT-27192,MM-007
COL-27193,MM-006
P-27194,MM-005
FT-27195,MM-010
P-27196,MM-001
E-27197,MM-009
LT-27198,MM-002
P-27199,MM-001
FCV-27200,MM-010
COL-27201,MM-010
LT-27202,MM-007
PT-27203,MM-004
FCV-27204,MM-002
COL-27205,MM-004
E-27206,MM-008
FT-27207,MM-006
P-27208,MM-005
FT-27209,MM-003
PT-27210,MM-006
LT-27211,MM-007
XV-27212,MM-008
PT-27213,MM-005
K-27214,MM-005
K-27215,MM-009
P-27216,MM-009
FCV-27217,MM-009
LT-27218,MM-003
V-27219,MM-009
LT-27220,MM-008
K-27221,MM-008
FCV-27222,MM-002
P-27223,MM-001
FCV-27224,MM-006
COL-27225,MM-003
PSV-27226,MM-004
V-27227,MM-004
FT-27228,MM-004
COL-27229,MM-004
K-27230,MM-009
FT-27231,MM-002
E-27232,MM-004
V-27233,MM-002
K-27234,MM-007
LT-27235,MM-009
PSV-27236,MM-009
P-27237,MM-009
V-27238,MM-001
FCV-27239,MM-001
XV-27240,MM-003
XV-27241,MM-010
P-27242,MM-002
PSV-27243,MM-001
XV-27244,MM-002
K-27245,MM-005
PT-27246,MM-007
P-27247,MM-010
P-27248,MM-004
PT-27249,MM-006
FCV-27250,MM-005
P-27251,MM-007
TT-27252,MM-001
FT-27253,MM-009
COL-27254,MM-010
LT-27255,MM-002
LT-27256,MM-010
FCV-27257,MM-003
V-27258,MM-008
P-27259,MM-007
LT-27260,MM-007
TT-27261,MM-010
K-27262,MM-004
XV-27263,MM-008
FCV-27264,MM-004
LT-27265,MM-010
P-27266,MM-004
LT-27267,MM-006
V-27268,MM-003
PT-27269,MM-004
E-27270,MM-003
FCV-27271,MM-008
FT-27272,MM-010
P-27273,MM-009
FCV-27274,MM-007
FT-27275,MM-007
E-27276,MM-003
TT-27277,MM-002
FT-27278,MM-006
P-27279,MM-008
LT-27280,MM-008
TT-27281,MM-006
P-27282,MM-009
FT-27283,MM-008
P-27284,MM-005
PT-27285,MM-008
TT-27286,MM-004
PT-27287,MM-010
K-27288,MM-003
XV-27289,MM-002
V-27290,MM-002
FCV-27291,MM-004
P-27292,MM-001
FCV-27293,MM-010
PSV-27294,MM-007
P-27295,MM-003
V-27296,MM-002
XV-27297,MM-007
K-27298,MM-005
K-27299,MM-009
FCV-27300,MM-002
PSV-27301,MM-002
TT-27302,MM-010
PT-27303,MM-005
K-27304,MM-004
XV-27305,MM-008
P-27306,MM-010
LT-27307,MM-005
PSV-27308,MM-007
PT-27309,MM-009
PT-27310,MM-003
V-27311,MM-002
FCV-27312,MM-010
PT-27313,MM-003
TT-27314,MM-007
V-27315,MM-006
P-27316,MM-005
E-27317,MM-007
FCV-27318,MM-006
XV-27319,MM-006
XV-27320,MM-006
XV-27321,MM-007
TT-27322,MM-006
FT-27323,MM-003
P-27324,MM-010
LT-27325,MM-008
FCV-27326,MM-001
PSV-27327,MM-003
P-27328,MM-003
PSV-27329,MM-009
V-27330,MM-009
PT-27331,MM-003
PSV-27332,MM-010
COL-27333,MM-006
PSV-27334,MM-006
LT-27335,MM-003
COL-27336,MM-005
P-27337,MM-010
LT-27338,MM-001
COL-27339,MM-001
K-27340,MM-002
P-27341,MM-002
PT-27342,MM-008
LT-27343,MM-005
PT-27344,MM-002
COL-27345,MM-005
P-27346,MM-010
FCV-27347,MM-010
PT-27348,MM-006
FT-27349,MM-005
FT-27350,MM-005
V-27351,MM-006
P-27352,MM-001
FCV-27353,MM-003
LT-27354,MM-004
FCV-27355,MM-008
XV-27356,MM-009
LT-27357,MM-004
K-27358,MM-002
P-27359,MM-010
COL-27360,MM-006
K-27361,MM-010
FT-27362,MM-010
FCV-27363,MM-006
P-27364,MM-001
PT-27365,MM-002
FT-27366,MM-002
P-27367,MM-007
PT-27368,MM-002
TT-27369,MM-001
V-27370,MM-003
V-27371,MM-010
PSV-27372,MM-010
P-27373,MM-003
LT-27374,MM-001
FT-27375,MM-010
K-27376,MM-004
P-27377,MM-004
PT-27378,MM-005
P-27379,MM-006
K-27380,MM-008
XV-27381,MM-001
TT-27382,MM-010
TT-27383,MM-009
PT-27384,MM-008
TT-27385,MM-007
FT-27386,MM-001
E-27387,MM-006
K-27388,MM-005
PT-27389,MM-007
FCV-27390,MM-004
TT-27391,MM-004
COL-27392,MM-007
FCV-27393,MM-005
P-27394,MM-001
K-27395,MM-007
FCV-27396,MM-002
FCV-27397,MM-008
PSV-27398,MM-010
PSV-27399,MM-005
FT-27400,MM-008
PT-27401,MM-010
PSV-27402,MM-006
FT-27403,MM-010
XV-27404,MM-009
XV-27405,MM-006
FT-27406,MM-007
PT-27407,MM-006
FCV-27408,MM-002
K-27409,MM-002
V-27410,MM-002
E-27411,MM-006
XV-27412,MM-010
E-27413,MM-010
LT-27414,MM-004
FT-27415,MM-007
PSV-27416,MM-007
PT-27417,MM-007
COL-27418,MM-006
LT-27419,MM-005
TT-27420,MM-005
V-27421,MM-010
P-27422,MM-007
COL-27423,MM-006
PSV-27424,MM-002
LT-27425,MM-001
FT-27426,MM-004
E-27427,MM-005
XV-27428,MM-008
E-27429,MM-001
E-27430,MM-004
P-27431,MM-007
P-27432,MM-008
V-27433,MM-001
PSV-27434,MM-009
V-27435,MM-008
COL-27436,MM-006
FCV-27437,MM-001
FT-27438,MM-002
COL-27439,MM-002
LT-27440,MM-007
V-27441,MM-006
P-27442,MM-005
P-27443,MM-006
V-27444,MM-005
TT-27445,MM-010
E-27446,MM-008
XV-27447,MM-003
K-27448,MM-002
PT-27449,MM-002
COL-27450,MM-006
E-27451,MM-004
COL-27452,MM-010
TT-27453,MM-001
P-27454,MM-010
COL-27455,MM-007
FCV-27456,MM-002
PSV-27457,MM-002
COL-27458,MM-006
P-27459,MM-005
PSV-27460,MM-004
PT-27461,MM-004
E-27462,MM-010
COL-27463,MM-006
V-27464,MM-004
V-27465,MM-008
XV-27466,MM-004
PSV-27467,MM-008
K-27468,MM-003
E-27469,MM-004
PT-27470,MM-002
P-27471,MM-009
XV-27472,MM-004
E-27473,MM-006
V-27474,MM-010
P-27475,MM-007
PT-27476,MM-010
XV-27477,MM-001
LT-27478,MM-008
E-27479,MM-010
P-27480,MM-009
TT-27481,MM-002
PT-27482,MM-004
PSV-27483,MM-007
FCV-27484,MM-006
XV-27485,MM-006
E-27486,MM-003
COL-27487,MM-002
XV-27488,MM-009
P-27489,MM-008
COL-27490,MM-004
XV-27491,MM-009
P-27492,MM-006
PT-27493,MM-007
P-27494,MM-002
P-27495,MM-005
P-27496,MM-006
P-27497,MM-007
PT-27498,MM-008
P-27499,MM-003
P-27500,MM-010
V-27501,MM-007
TT-27502,MM-006
COL-27503,MM-008
XV-27504,MM-003
LT-27505,MM-005
K-27506,MM-005
K-27507,MM-006
FCV-27508,MM-007
COL-27509,MM-007
E-27510,MM-003
COL-27511,MM-002
P-27512,MM-002
P-27513,MM-009
FT-27514,MM-007
FCV-27515,MM-003
FCV-27516,MM-006
V-27517,MM-006
XV-27518,MM-007
PSV-27519,MM-003
PT-27520,MM-006
PT-27521,MM-002
P-27522,MM-009
E-27523,MM-004
XV-27524,MM-008
FT-27525,MM-005
V-27526,MM-001
FT-27527,MM-007
K-27528,MM-003
P-27529,MM-001
COL-27530,MM-005
LT-27531,MM-010
TT-27532,MM-005
E-27533,MM-008
P-27534,MM-007
P-27535,MM-010
XV-27536,MM-008
V-27537,MM-008
K-27538,MM-004
LT-27539,MM-010
XV-27540,MM-006
V-27541,MM-007
V-27542,MM-010
PSV-27543,MM-001
LT-27544,MM-009
FT-27545,MM-001
PT-27546,MM-006
COL-27547,MM-005
XV-27548,MM-009
P-27549,MM-005
COL-27550,MM-004
FCV-27551,MM-001
TT-27552,MM-003
V-27553,MM-006
P-27554,MM-002
PSV-27555,MM-007
K-27556,MM-006
P-27557,MM-004
PSV-27558,MM-006
TT-27559,MM-004
P-27560,MM-002
FCV-27561,MM-002
PT-27562,MM-001
FCV-27563,MM-010
FT-27564,MM-004
P-27565,MM-007
LT-27566,MM-003
FCV-27567,MM-010
TT-27568,MM-006
COL-27569,MM-009
PSV-27570,MM-003
LT-27571,MM-009
XV-27572,MM-009
XV-27573,MM-010
XV-27574,MM-005
LT-27575,MM-010
XV-27576,MM-001
XV-27577,MM-002
V-27578,MM-005
K-27579,MM-001
K-27580,MM-004
XV-27581,MM-009
XV-27582,MM-001
FCV-27583,MM-009
TT-27584,MM-009
XV-27585,MM-007
E-27586,MM-002
PSV-27587,MM-010
LT-27588,MM-002
LT-27589,MM-009
FT-27590,MM-003
FT-27591,MM-010
P-27592,MM-007
PSV-27593,MM-005
P-27594,MM-008
FCV-27595,MM-005
K-27596,MM-006
XV-27597,MM-003
PT-27598,MM-001
COL-27599,MM-010
V-27600,MM-009
E-27601,MM-004
E-27602,MM-008
XV-27603,MM-006
LT-27604,MM-008
P-27605,MM-004
E-27606,MM-010
V-27607,MM-001
XV-27608,MM-009
K-27609,MM-001
TT-27610,MM-004
P-27611,MM-004
P-27612,MM-008
PSV-27613,MM-004
V-27614,MM-004
P-27615,MM-008
PT-27616,MM-001
FT-27617,MM-001
TT-27618,MM-003
FCV-27619,MM-009
FT-27620,MM-005
COL-27621,MM-006
E-27622,MM-002
E-27623,MM-007
K-27624,MM-006
V-27625,MM-006
LT-27626,MM-003
V-27627,MM-010
COL-27628,MM-005
E-27629,MM-009
FT-27630,MM-006
PT-27631,MM-005
PT-27632,MM-002
K-27633,MM-001
FCV-27634,MM-009
K-27635,MM-010
P-27636,MM-009
FT-27637,MM-009
P-27638,MM-004
K-27639,MM-010
E-27640,MM-006
PT-27641,MM-004
P-27642,MM-009
K-27643,MM-004
E-27644,MM-009
TT-27645,MM-003
V-27646,MM-003
TT-27647,MM-008
PSV-27648,MM-001
K-27649,MM-005
XV-27650,MM-008
XV-27651,MM-003
K-27652,MM-007
FCV-27653,MM-001
FCV-27654,MM-004
LT-27655,MM-007
LT-27656,MM-010
P-27657,MM-005
TT-27658,MM-006
V-27659,MM-004
PSV-27660,MM-001
FT-27661,MM-009
P-27662,MM-005
E-27663,MM-007
FCV-27664,MM-009
LT-27665,MM-010
TT-27666,MM-003
COL-27667,MM-010
PSV-27668,MM-010
P-27669,MM-010
COL-27670,MM-002
PT-27671,MM-005
COL-27672,MM-001
COL-27673,MM-002
K-27674,MM-007
XV-27675,MM-007
K-27676,MM-002
FCV-27677,MM-001
TT-27678,MM-010
PT-27679,MM-003
P-27680,MM-002
V-27681,MM-010
TT-27682,MM-002
LT-27683,MM-003
COL-27684,MM-007
TT-27685,MM-004
TT-27686,MM-007
XV-27687,MM-006
COL-27688,MM-004
P-27689,MM-002
COL-27690,MM-001
PSV-27691,MM-010
TT-27692,MM-008
K-27693,MM-010
K-27694,MM-004
PSV-27695,MM-010
P-27696,MM-009
TT-27697,MM-005
K-27698,MM-008
TT-27699,MM-003
E-27700,MM-007
XV-27701,MM-005
COL-27702,MM-001
P-27703,MM-005
XV-27704,MM-010
LT-27705,MM-007
PT-27706,MM-001
P-27707,MM-004
XV-27708,MM-003
FCV-27709,MM-008
COL-27710,MM-005
E-27711,MM-001
LT-27712,MM-009
TT-27713,MM-006
K-27714,MM-003
TT-27715,MM-010
FT-27716,MM-007
E-27717,MM-001
LT-27718,MM-008
P-27719,MM-004
P-27720,MM-010
P-27721,MM-005
FCV-27722,MM-005
PT-27723,MM-009
TT-27724,MM-002
E-27725,MM-006
FCV-27726,MM-002
TT-27727,MM-002
V-27728,MM-006
K-27729,MM-001
E-27730,MM-006
E-27731,MM-007
V-27732,MM-008
E-27733,MM-004
E-27734,MM-006
K-27735,MM-001
P-27736,MM-003
V-27737,MM-006
FCV-27738,MM-010
LT-27739,MM-006
P-27740,MM-006
E-27741,MM-010
E-27742,MM-004
COL-27743,MM-008
XV-27744,MM-003
P-27745,MM-003
FT-27746,MM-001
P-27747,MM-009
COL-27748,MM-010
K-27749,MM-008
PT-27750,MM-009
TT-27751,MM-004
FT-27752,MM-007
COL-27753,MM-003
TT-27754,MM-007
XV-27755,MM-009
FCV-27756,MM-010
TT-27757,MM-004
PT-27758,MM-004
E-27759,MM-003
TT-27760,MM-010
P-27761,MM-004
COL-27762,MM-001
V-27763,MM-001
V-27764,MM-004
LT-27765,MM-005
XV-27766,MM-002
P-27767,MM-002
FT-27768,MM-002
COL-27769,MM-002
P-27770,MM-004
FCV-27771,MM-005
PSV-27772,MM-004
PSV-27773,MM-009
FCV-27774,MM-002
FCV-27775,MM-009
FT-27776,MM-001
XV-27777,MM-006
FT-27778,MM-008
FT-27779,MM-010
E-27780,MM-007
E-27781,MM-010
V-27782,MM-006
PSV-27783,MM-001
LT-27784,MM-009
P-27785,MM-007
E-27786,MM-001
P-27787,MM-005
P-27788,MM-002
K-27789,MM-001
TT-27790,MM-007
FCV-27791,MM-007
FT-27792,MM-004
PT-27793,MM-001
LT-27794,MM-007
P-27795,MM-008
XV-27796,MM-004
E-27797,MM-009
PT-27798,MM-009
FT-27799,MM-006
E-27800,MM-010
XV-27801,MM-006
PT-27802,MM-003
FT-27803,MM-010
COL-27804,MM-005
P-27805,MM-010
FCV-27806,MM-003
LT-27807,MM-004
XV-27808,MM-005
PT-27809,MM-004
FCV-27810,MM-004
P-27811,MM-003
P-27812,MM-002
TT-27813,MM-003
P-27814,MM-003
COL-27815,MM-009
TT-27816,MM-003
FCV-27817,MM-008
K-27818,MM-008
XV-27819,MM-003
COL-27820,MM-004
P-27821,MM-004
FCV-27822,MM-002
V-27823,MM-003
PSV-27824,MM-008
XV-27825,MM-010
P-27826,MM-003
FCV-27827,MM-007
TT-27828,MM-005
K-27829,MM-005
COL-27830,MM-010
COL-27831,MM-005
FT-27832,MM-009
V-27833,MM-004
PSV-27834,MM-001
PT-27835,MM-007
P-27836,MM-010
V-27837,MM-008
V-27838,MM-003
LT-27839,MM-001
FT-27840,MM-005
TT-27841,MM-002
PT-27842,MM-005
PSV-27843,MM-003
COL-27844,MM-005
LT-27845,MM-001
K-27846,MM-001
FT-27847,MM-008
XV-27848,MM-008
K-27849,MM-007
TT-27850,MM-010
K-27851,MM-008
V-27852,MM-009
V-27853,MM-005
E-27854,MM-005
K-27855,MM-001
PSV-27856,MM-002
TT-27857,MM-007
K-27858,MM-001
COL-27859,MM-004
PSV-27860,MM-008
TT-27861,MM-001
V-27862,MM-005
K-27863,MM-009
TT-27864,MM-005
P-27865,MM-001
XV-27866,MM-008
FCV-27867,MM-007
K-27868,MM-002
FT-27869,MM-003
COL-27870,MM-010
XV-27871,MM-005
FCV-27872,MM-007
FT-27873,MM-007
P-27874,MM-006
FT-27875,MM-001
P-27876,MM-010
FT-27877,MM-007
P-27878,MM-002
P-27879,MM-009
E-27880,MM-004
K-27881,MM-009
TT-27882,MM-003
P-27883,MM-003
V-27884,MM-002
FT-27885,MM-004
FT-27886,MM-009
PSV-27887,MM-007
FCV-27888,MM-004
LT-27889,MM-010
COL-27890,MM-006
K-27891,MM-010
P-27892,MM-006
P-27893,MM-007
COL-27894,MM-001
FT-27895,MM-009
V-27896,MM-010
FCV-27897,MM-006
FT-27898,MM-008
P-27899,MM-005
K-27900,MM-007
XV-27901,MM-007
FCV-27902,MM-001
XV-27903,MM-001
K-27904,MM-007
COL-27905,MM-009
FT-27906,MM-002
PSV-27907,MM-010
LT-27908,MM-010
E-27909,MM-001
TT-27910,MM-005
PT-27911,MM-004
FT-27912,MM-002
FT-27913,MM-009
FCV-27914,MM-003
V-27915,MM-010
COL-27916,MM-004
FCV-27917,MM-007
P-27918,MM-005
P-27919,MM-001
FT-27920,MM-003
LT-27921,MM-007
COL-27922,MM-004
FCV-27923,MM-010
V-27924,MM-008
P-27925,MM-003
FCV-27926,MM-007
TT-27927,MM-005
K-27928,MM-002
XV-27929,MM-009
P-27930,MM-009
FCV-27931,MM-007
FT-27932,MM-007
P-27933,MM-006
K-27934,MM-002
K-27935,MM-008
K-27936,MM-010
E-27937,MM-007
P-27938,MM-002
XV-27939,MM-006
LT-27940,MM-009
FCV-27941,MM-010
XV-27942,MM-001
FCV-27943,MM-006
P-27944,MM-010
P-27945,MM-009
E-27946,MM-007
XV-27947,MM-005
LT-27948,MM-010
V-27949,MM-007
K-27950,MM-010
PT-27951,MM-006
P-27952,MM-001
XV-27953,MM-006
V-27954,MM-009
TT-27955,MM-004
LT-27956,MM-001
XV-27957,MM-001
TT-27958,MM-005
P-27959,MM-002
PSV-27960,MM-001
E-27961,MM-010
V-27962,MM-006
PT-27963,MM-009
FT-27964,MM-009
K-27965,MM-006
P-27966,MM-008
PT-27967,MM-001
V-27968,MM-004
XV-27969,MM-001
COL-27970,MM-002
XV-27971,MM-008
E-27972,MM-006
PSV-27973,MM-004
LT-27974,MM-003
PSV-27975,MM-005
E-27976,MM-002
FCV-27977,MM-003
FCV-27978,MM-002
FT-27979,MM-006
PT-27980,MM-002
P-27981,MM-005
V-27982,MM-003
XV-27983,MM-005
K-27984,MM-003
K-27985,MM-004
P-27986,MM-002
FT-27987,MM-004
FT-27988,MM-008
P-27989,MM-004
COL-27990,MM-003
E-27991,MM-007
FCV-27992,MM-001
FT-27993,MM-006
P-27994,MM-001
PT-27995,MM-004
V-27996,MM-005
P-27997,MM-001
XV-27998,MM-007
TT-27999,MM-003
COL-28000,MM-006
COL-28001,MM-007
LT-28002,MM-004
P-28003,MM-003
FT-28004,MM-003
V-28005,MM-007
FCV-28006,MM-008
P-28007,MM-002
XV-28008,MM-003
TT-28009,MM-002
P-28010,MM-005
PT-28011,MM-006
FCV-28012,MM-006
FCV-28013,MM-003
COL-28014,MM-007
PSV-28015,MM-007
PSV-28016,MM-010
FCV-28017,MM-002
LT-28018,MM-009
P-28019,MM-006
FT-28020,MM-010
E-28021,MM-004
TT-28022,MM-010
K-28023,MM-001
COL-28024,MM-010
FT-28025,MM-003
P-28026,MM-008
PSV-28027,MM-006
LT-28028,MM-001
PSV-28029,MM-010
K-28030,MM-006
FT-28031,MM-001
K-28032,MM-003
PSV-28033,MM-002
PT-28034,MM-002
TT-28035,MM-010
V-28036,MM-001
PT-28037,MM-006
V-28038,MM-005
FT-28039,MM-009
V-28040,MM-006
E-28041,MM-003
P-28042,MM-006
E-28043,MM-008
TT-28044,MM-010
PSV-28045,MM-002
P-28046,MM-004
XV-28047,MM-005
TT-28048,MM-002
COL-28049,MM-009
E-28050,MM-001
COL-28051,MM-010
P-28052,MM-004
PSV-28053,MM-001
PSV-28054,MM-002
COL-28055,MM-008
XV-28056,MM-001
XV-28057,MM-004
FT-28058,MM-001
FT-28059,MM-010
P-28060,MM-006
FT-28061,MM-005
TT-28062,MM-001
TT-28063,MM-005
PSV-28064,MM-009
FT-28065,MM-004
E-28066,MM-004
P-28067,MM-004
XV-28068,MM-003
P-28069,MM-001
P-28070,MM-007
PT-28071,MM-009
XV-28072,MM-002
E-28073,MM-007
XV-28074,MM-001
LT-28075,MM-008
P-28076,MM-005
TT-28077,MM-006
P-28078,MM-007
K-28079,MM-008
P-28080,MM-010
LT-28081,MM-005
P-28082,MM-004
XV-28083,MM-005
PT-28084,MM-001
FCV-28085,MM-001
LT-28086,MM-002
FCV-28087,MM-006
P-28088,MM-002
PSV-28089,MM-003
XV-28090,MM-004
V-28091,MM-002
FCV-28092,MM-002
COL-28093,MM-002
PT-28094,MM-002
COL-28095,MM-003
FCV-28096,MM-006
V-28097,MM-006
P-28098,MM-009
FCV-28099,MM-008
E-28100,MM-009
PT-28101,MM-009
PT-28102,MM-003
FT-28103,MM-003
TT-28104,MM-001
K-28105,MM-004
P-28106,MM-002
TT-28107,MM-010
COL-28108,MM-007
K-28109,MM-008
PSV-28110,MM-001
PT-28111,MM-003
LT-28112,MM-003
PSV-28113,MM-001
FT-28114,MM-008
FT-28115,MM-005
PSV-28116,MM-005
FCV-28117,MM-008
LT-28118,MM-001
XV-28119,MM-005
PT-28120,MM-001
FT-28121,MM-001
PT-28122,MM-008
TT-28123,MM-006
PT-28124,MM-002
V-28125,MM-006
E-28126,MM-002
LT-28127,MM-006
FCV-28128,MM-004
FT-28129,MM-008
K-28130,MM-008
P-28131,MM-008
XV-28132,MM-010
P-28133,MM-004
P-28134,MM-008
LT-28135,MM-008
XV-28136,MM-010
XV-28137,MM-005
P-28138,MM-003
COL-28139,MM-007
FCV-28140,MM-002
P-28141,MM-001
PT-28142,MM-002
COL-28143,MM-003
FCV-28144,MM-009
COL-28145,MM-010
FT-28146,MM-002
TT-28147,MM-010
P-28148,MM-004
COL-28149,MM-010
P-28150,MM-003
LT-28151,MM-007
K-28152,MM-007
COL-28153,MM-007
P-28154,MM-004
TT-28155,MM-003
E-28156,MM-004
LT-28157,MM-005
XV-28158,MM-003
COL-28159,MM-004
PT-28160,MM-002
XV-28161,MM-001
P-28162,MM-003
PSV-28163,MM-007
K-28164,MM-001
FCV-28165,MM-007
E-28166,MM-008
COL-28167,MM-010
LT-28168,MM-007
P-28169,MM-004
LT-28170,MM-010
FT-28171,MM-007
P-28172,MM-002
K-28173,MM-006
V-28174,MM-003
TT-28175,MM-008
XV-28176,MM-010
PSV-28177,MM-002
COL-28178,MM-006
PT-28179,MM-009
TT-28180,MM-004
PT-28181,MM-002
FT-28182,MM-004
PT-28183,MM-003
XV-28184,MM-007
COL-28185,MM-001
COL-28186,MM-002
P-28187,MM-002
TT-28188,MM-001
PSV-28189,MM-007
XV-28190,MM-010
K-28191,MM-003
P-28192,MM-003
K-28193,MM-009
COL-28194,MM-003
P-28195,MM-003
FCV-28196,MM-007
COL-28197,MM-007
FCV-28198,MM-008
K-28199,MM-008
FCV-28200,MM-002
V-28201,MM-001
FT-28202,MM-001
K-28203,MM-003
FCV-28204,MM-008
XV-28205,MM-008
FT-28206,MM-002
P-28207,MM-005
P-28208,MM-004
V-28209,MM-005
PT-28210,MM-001
FCV-28211,MM-007
PSV-28212,MM-003
P-28213,MM-006
PT-28214,MM-007
K-28215,MM-003
PT-28216,MM-001
PSV-28217,MM-009
V-28218,MM-008
XV-28219,MM-006
XV-28220,MM-006
COL-28221,MM-007
K-28222,MM-002
XV-28223,MM-008
E-28224,MM-003
E-28225,MM-006
V-28226,MM-010
K-28227,MM-001
PSV-28228,MM-004
COL-28229,MM-009
FCV-28230,MM-010
P-28231,MM-001
LT-28232,MM-007
K-28233,MM-001
LT-28234,MM-005
E-28235,MM-009
K-28236,MM-006
P-28237,MM-003
P-28238,MM-005
FT-28239,MM-004
FT-28240,MM-008
K-28241,MM-006
LT-28242,MM-010
FCV-28243,MM-008
PSV-28244,MM-007
P-28245,MM-009
XV-28246,MM-002
E-28247,MM-006
LT-28248,MM-004
K-28249,MM-004
V-28250,MM-004
K-28251,MM-001
P-28252,MM-005
K-28253,MM-009
P-28254,MM-007
P-28255,MM-001
K-28256,MM-009
FT-28257,MM-004
E-28258,MM-010
LT-28259,MM-010
PSV-28260,MM-003
V-28261,MM-001
LT-28262,MM-003
COL-28263,MM-005
LT-28264,MM-008
XV-28265,MM-009
PT-28266,MM-006
FCV-28267,MM-006
P-28268,MM-002
LT-28269,MM-004
COL-28270,MM-007
FT-28271,MM-001
COL-28272,MM-005
PSV-28273,MM-005
P-28274,MM-005
K-28275,MM-005
LT-28276,MM-007
E-28277,MM-009
COL-28278,MM-003
PSV-28279,MM-007
K-28280,MM-008
TT-28281,MM-001
FCV-28282,MM-009
V-28283,MM-004
P-28284,MM-006
PSV-28285,MM-004
E-28286,MM-005
PT-28287,MM-008
LT-28288,MM-006
LT-28289,MM-001
XV-28290,MM-003
COL-28291,MM-002
P-28292,MM-005
XV-28293,MM-003
PSV-28294,MM-002
PT-28295,MM-002
COL-28296,MM-001
K-28297,MM-002
XV-28298,MM-005
K-28299,MM-007
LT-28300,MM-007
XV-28301,MM-006
K-28302,MM-003
TT-28303,MM-002
FT-28304,MM-003
P-28305,MM-008
PT-28306,MM-005
LT-28307,MM-006
FT-28308,MM-002
K-28309,MM-004
P-28310,MM-004
V-28311,MM-007
K-28312,MM-004
PSV-28313,MM-009
FT-28314,MM-002
P-28315,MM-001
FT-28316,MM-001
V-28317,MM-009
P-28318,MM-003
PSV-28319,MM-008
TT-28320,MM-003
LT-28321,MM-006
PT-28322,MM-007
COL-28323,MM-003
P-28324,MM-005
TT-28325,MM-009
PT-28326,MM-007
PSV-28327,MM-004
K-28328,MM-008
FCV-28329,MM-004
XV-28330,MM-010
LT-28331,MM-001
PSV-28332,MM-001
PT-28333,MM-005
COL-28334,MM-010
E-28335,MM-010
TT-28336,MM-004
P-28337,MM-004
FT-28338,MM-004
TT-28339,MM-007
TT-28340,MM-007
P-28341,MM-009
P-28342,MM-005
V-28343,MM-010
P-28344,MM-007
XV-28345,MM-004
PSV-28346,MM-009
E-28347,MM-007
FT-28348,MM-009
FT-28349,MM-001
E-28350,MM-005
FCV-28351,MM-009
PSV-28352,MM-009
PSV-28353,MM-010
P-28354,MM-010
PT-28355,MM-005
P-28356,MM-006
E-28357,MM-002
P-28358,MM-010
XV-28359,MM-007
COL-28360,MM-007
XV-28361,MM-009
FCV-28362,MM-006
COL-28363,MM-004
V-28364,MM-004
COL-28365,MM-010
K-28366,MM-002
LT-28367,MM-003
FCV-28368,MM-002
FT-28369,MM-010
FT-28370,MM-010
P-28371,MM-008
PSV-28372,MM-004
E-28373,MM-009
COL-28374,MM-001
E-28375,MM-002
LT-28376,MM-010
PT-28377,MM-008
XV-28378,MM-004
TT-28379,MM-009
K-28380,MM-003
PT-28381,MM-003
P-28382,MM-005
FT-28383,MM-004
PT-28384,MM-007
LT-28385,MM-001
FCV-28386,MM-004
FCV-28387,MM-008
COL-28388,MM-005
XV-28389,MM-006
P-28390,MM-010
PT-28391,MM-004
K-28392,MM-001
COL-28393,MM-005
FT-28394,MM-001
P-28395,MM-005
LT-28396,MM-009
LT-28397,MM-001
TT-28398,MM-001
P-28399,MM-003
E-28400,MM-005
FT-28401,MM-002
PSV-28402,MM-007
TT-28403,MM-007
COL-28404,MM-003
XV-28405,MM-004
COL-28406,MM-010
V-28407,MM-009
FCV-28408,MM-009
FT-28409,MM-007
V-28410,MM-009
PSV-28411,MM-007
XV-28412,MM-008
FT-28413,MM-004
P-28414,MM-005
FCV-28415,MM-005
K-28416,MM-003
LT-28417,MM-010
PSV-28418,MM-008
FCV-28419,MM-004
PT-28420,MM-001
FCV-28421,MM-001
PT-28422,MM-009
FT-28423,MM-007
COL-28424,MM-009
K-28425,MM-001
PSV-28426,MM-002
COL-28427,MM-009
P-28428,MM-008
XV-28429,MM-005
E-28430,MM-010
FT-28431,MM-006
FCV-28432,MM-008
V-28433,MM-010
P-28434,MM-007
V-28435,MM-006
PSV-28436,MM-008
P-28437,MM-006
FT-28438,MM-009
FCV-28439,MM-007
E-28440,MM-005
P-28441,MM-005
P-28442,MM-006
FT-28443,MM-004
PT-28444,MM-003
LT-28445,MM-003
PT-28446,MM-008
PSV-28447,MM-010
V-28448,MM-002
FT-28449,MM-004
P-28450,MM-005
XV-28451,MM-010
LT-28452,MM-002
PT-28453,MM-001
TT-28454,MM-005
E-28455,MM-007
P-28456,MM-007
FT-28457,MM-006
LT-28458,MM-005
E-28459,MM-004
K-28460,MM-005
P-28461,MM-009
FT-28462,MM-009
E-28463,MM-006
FCV-28464,MM-005
XV-28465,MM-004
E-28466,MM-008
P-28467,MM-008
E-28468,MM-004
PT-28469,MM-007
P-28470,MM-007
PSV-28471,MM-002
COL-28472,MM-009
K-28473,MM-005
PT-28474,MM-007
PSV-28475,MM-005
E-28476,MM-006
P-28477,MM-003
K-28478,MM-008
PT-28479,MM-010
V-28480,MM-003
FT-28481,MM-003
E-28482,MM-001
PT-28483,MM-003
TT-28484,MM-009
E-28485,MM-006
K-28486,MM-005
XV-28487,MM-005
TT-28488,MM-010
FT-28489,MM-008
P-28490,MM-005
V-28491,MM-009
K-28492,MM-004
V-28493,MM-004
V-28494,MM-007
FCV-28495,MM-005
P-28496,MM-004
K-28497,MM-007
COL-28498,MM-002
E-28499,MM-007
COL-28500,MM-007
PT-28501,MM-001
LT-28502,MM-003
P-28503,MM-009
TT-28504,MM-005
TT-28505,MM-008
FCV-28506,MM-006
K-28507,MM-002
PT-28508,MM-002
PSV-28509,MM-007
V-28510,MM-010
COL-28511,MM-009
P-28512,MM-010
E-28513,MM-004
K-28514,MM-008
P-28515,MM-007
P-28516,MM-010
FCV-28517,MM-010
P-28518,MM-008
E-28519,MM-010
V-28520,MM-004
E-28521,MM-005
E-28522,MM-004
E-28523,MM-007
FT-28524,MM-005
FT-28525,MM-006
LT-28526,MM-001
K-28527,MM-005
FCV-28528,MM-006
FCV-28529,MM-001
XV-28530,MM-006
FCV-28531,MM-010
P-28532,MM-004
COL-28533,MM-005
FCV-28534,MM-009
P-28535,MM-005
FT-28536,MM-010
XV-28537,MM-004
COL-28538,MM-006
TT-28539,MM-005
PT-28540,MM-003
K-28541,MM-005
E-28542,MM-003
COL-28543,MM-002
FT-28544,MM-003
E-28545,MM-007
PSV-28546,MM-004
E-28547,MM-009
LT-28548,MM-004
XV-28549,MM-002
P-28550,MM-002
P-28551,MM-007
P-28552,MM-003
PT-28553,MM-005
XV-28554,MM-010
K-28555,MM-002
V-28556,MM-004
XV-28557,MM-007
K-28558,MM-004
COL-28559,MM-008
P-28560,MM-008
FCV-28561,MM-009
P-28562,MM-002
FT-28563,MM-010
PT-28564,MM-007
PSV-28565,MM-008
FT-28566,MM-004
LT-28567,MM-009
PSV-28568,MM-010
PT-28569,MM-008
TT-28570,MM-002
COL-28571,MM-009
PSV-28572,MM-007
TT-28573,MM-007
FT-28574,MM-006
P-28575,MM-005
TT-28576,MM-004
TT-28577,MM-009
LT-28578,MM-010
FT-28579,MM-008
K-28580,MM-009
V-28581,MM-009
K-28582,MM-006
FCV-28583,MM-007
K-28584,MM-001
LT-28585,MM-009
P-28586,MM-004
XV-28587,MM-003
K-28588,MM-004
V-28589,MM-004
LT-28590,MM-002
FCV-28591,MM-009
P-28592,MM-004
PSV-28593,MM-003
FT-28594,MM-008
LT-28595,MM-007
XV-28596,MM-003
TT-28597,MM-002
FCV-28598,MM-003
P-28599,MM-007
P-28600,MM-006
P-28601,MM-007
P-28602,MM-008
COL-28603,MM-002
FCV-28604,MM-005
XV-28605,MM-005
PT-28606,MM-001
E-28607,MM-006
FCV-28608,MM-005
PT-28609,MM-003
P-28610,MM-007
PSV-28611,MM-001
PT-28612,MM-005
LT-28613,MM-006
V-28614,MM-005
FT-28615,MM-009
XV-28616,MM-009
TT-28617,MM-003
PSV-28618,MM-004
FCV-28619,MM-003
LT-28620,MM-002
XV-28621,MM-002
E-28622,MM-007
PT-28623,MM-009
E-28624,MM-004
TT-28625,MM-008
V-28626,MM-010
V-28627,MM-003
COL-28628,MM-008
V-28629,MM-008
FCV-28630,MM-009
LT-28631,MM-006
FCV-28632,MM-006
FT-28633,MM-006
PT-28634,MM-004
K-28635,MM-005
PT-28636,MM-001
FCV-28637,MM-001
LT-28638,MM-005
TT-28639,MM-002
PT-28640,MM-004
COL-28641,MM-005
PSV-28642,MM-002
PSV-28643,MM-008
P-28644,MM-006
COL-28645,MM-004
P-28646,MM-002
PSV-28647,MM-003
P-28648,MM-003
V-28649,MM-004
TT-28650,MM-007
K-28651,MM-007
LT-28652,MM-005
P-28653,MM-008
P-28654,MM-007
TT-28655,MM-010
COL-28656,MM-003
PSV-28657,MM-004
PT-28658,MM-004
COL-28659,MM-006
XV-28660,MM-002
FCV-28661,MM-003
PT-28662,MM-006
COL-28663,MM-005
K-28664,MM-009
XV-28665,MM-001
COL-28666,MM-004
V-28667,MM-002
PSV-28668,MM-001
E-28669,MM-002
TT-28670,MM-005
PSV-28671,MM-003
XV-28672,MM-005
P-28673,MM-002
FT-28674,MM-007
K-28675,MM-002
XV-28676,MM-009
P-28677,MM-010
P-28678,MM-001
FT-28679,MM-001
PSV-28680,MM-001
P-28681,MM-001
E-28682,MM-008
P-28683,MM-009
P-28684,MM-001
PSV-28685,MM-010
PT-28686,MM-010
LT-28687,MM-005
FCV-28688,MM-001
COL-28689,MM-001
COL-28690,MM-005
LT-28691,MM-001
PSV-28692,MM-003
P-28693,MM-003
K-28694,MM-006
P-28695,MM-010
E-28696,MM-004
XV-28697,MM-008
P-28698,MM-009
K-28699,MM-007
PT-28700,MM-002
P-28701,MM-009
PT-28702,MM-003
PSV-28703,MM-008
FCV-28704,MM-004
E-28705,MM-002
COL-28706,MM-008
P-28707,MM-009
XV-28708,MM-005
TT-28709,MM-009
FCV-28710,MM-002
P-28711,MM-003
P-28712,MM-006
V-28713,MM-005
P-28714,MM-010
E-28715,MM-008
P-28716,MM-006
FT-28717,MM-009
P-28718,MM-010
PT-28719,MM-008
E-28720,MM-006
FCV-28721,MM-005
LT-28722,MM-002
V-28723,MM-006
E-28724,MM-008
FCV-28725,MM-005
P-28726,MM-001
COL-28727,MM-006
PSV-28728,MM-006
FT-28729,MM-010
V-28730,MM-010
P-28731,MM-009
COL-28732,MM-002
PT-28733,MM-004
PT-28734,MM-009
TT-28735,MM-007
FCV-28736,MM-001
V-28737,MM-007
FCV-28738,MM-008
PSV-28739,MM-008
P-28740,MM-008
P-28741,MM-001
E-28742,MM-006
P-28743,MM-008
XV-28744,MM-002
LT-28745,MM-001
TT-28746,MM-003
XV-28747,MM-010
TT-28748,MM-007
P-28749,MM-008
LT-28750,MM-009
LT-28751,MM-003
E-28752,MM-007
FT-28753,MM-005
V-28754,MM-002
LT-28755,MM-002
P-28756,MM-003
P-28757,MM-004
PSV-28758,MM-005
FT-28759,MM-007
LT-28760,MM-005
COL-28761,MM-001
V-28762,MM-001
V-28763,MM-004
E-28764,MM-001
E-28765,MM-002
COL-28766,MM-009
FT-28767,MM-004
V-28768,MM-007
FCV-28769,MM-001
FCV-28770,MM-002
LT-28771,MM-007
P-28772,MM-004
K-28773,MM-010
PSV-28774,MM-002
PSV-28775,MM-010
TT-28776,MM-003
COL-28777,MM-002
K-28778,MM-009
K-28779,MM-006
P-28780,MM-003
PSV-28781,MM-009
XV-28782,MM-007
COL-28783,MM-010
PT-28784,MM-007
V-28785,MM-008
P-28786,MM-001
COL-28787,MM-009
PSV-28788,MM-001
PSV-28789,MM-002
PT-28790,MM-004
FT-28791,MM-002
TT-28792,MM-004
P-28793,MM-007
FT-28794,MM-004
K-28795,MM-002
P-28796,MM-006
P-28797,MM-007
E-28798,MM-005
PSV-28799,MM-006
XV-28800,MM-003
PSV-28801,MM-004
P-28802,MM-004
LT-28803,MM-007
COL-28804,MM-006
K-28805,MM-010
TT-28806,MM-001
PT-28807,MM-001
TT-28808,MM-010
E-28809,MM-006
FT-28810,MM-007
COL-28811,MM-010
P-28812,MM-009
P-28813,MM-001
K-28814,MM-008
K-28815,MM-005
XV-28816,MM-002
FCV-28817,MM-001
PT-28818,MM-005
E-28819,MM-002
LT-28820,MM-003
LT-28821,MM-002
TT-28822,MM-004
COL-28823,MM-009
PSV-28824,MM-001
TT-28825,MM-007
PSV-28826,MM-005
COL-28827,MM-007
FCV-28828,MM-009
K-28829,MM-008
E-28830,MM-003
FT-28831,MM-008
P-28832,MM-005
LT-28833,MM-004
TT-28834,MM-002
LT-28835,MM-010
FCV-28836,MM-004
FT-28837,MM-009
COL-28838,MM-009
TT-28839,MM-010
LT-28840,MM-010
LT-28841,MM-005
FT-28842,MM-004
P-28843,MM-007
FT-28844,MM-001
LT-28845,MM-004
XV-28846,MM-002
TT-28847,MM-007
E-28848,MM-001
TT-28849,MM-004
FT-28850,MM-003
PSV-28851,MM-007
P-28852,MM-001
PT-28853,MM-002
V-28854,MM-007
K-28855,MM-005
FT-28856,MM-005
P-28857,MM-010
FCV-28858,MM-009
K-28859,MM-005
PT-28860,MM-008
FT-28861,MM-005
V-28862,MM-004
FCV-28863,MM-004
P-28864,MM-003
TT-28865,MM-009
XV-28866,MM-003
K-28867,MM-004
K-28868,MM-005
PSV-28869,MM-010
FT-28870,MM-005
PT-28871,MM-002
PSV-28872,MM-003
PSV-28873,MM-002
COL-28874,MM-005
FCV-28875,MM-007
TT-28876,MM-002
PSV-28877,MM-007
V-28878,MM-008
COL-28879,MM-006
FCV-28880,MM-003
TT-28881,MM-001
P-28882,MM-006
E-28883,MM-009
P-28884,MM-010
LT-28885,MM-009
PSV-28886,MM-009
V-28887,MM-005
E-28888,MM-005
FCV-28889,MM-010
FCV-28890,MM-010
FT-28891,MM-009
P-28892,MM-002
E-28893,MM-003
PT-28894,MM-005
E-28895,MM-009
V-28896,MM-005
K-28897,MM-007
FCV-28898,MM-010
FCV-28899,MM-005
P-28900,MM-003
PT-28901,MM-002
FCV-28902,MM-002
PSV-28903,MM-004
FCV-28904,MM-010
TT-28905,MM-003
FT-28906,MM-008
FT-28907,MM-006
COL-28908,MM-003
E-28909,MM-002
LT-28910,MM-006
PSV-28911,MM-010
XV-28912,MM-006
K-28913,MM-010
TT-28914,MM-001
K-28915,MM-006
V-28916,MM-006
P-28917,MM-009
P-28918,MM-003
COL-28919,MM-009
E-28920,MM-001
PSV-28921,MM-005
LT-28922,MM-001
TT-28923,MM-001
E-28924,MM-010
K-28925,MM-008
XV-28926,MM-003
K-28927,MM-005
TT-28928,MM-008
PT-28929,MM-008
E-28930,MM-004
K-28931,MM-008
TT-28932,MM-003
P-28933,MM-003
V-28934,MM-006
LT-28935,MM-004
COL-28936,MM-002
FCV-28937,MM-003
TT-28938,MM-003
PSV-28939,MM-006
K-28940,MM-009
COL-28941,MM-003
XV-28942,MM-002
FCV-28943,MM-007
XV-28944,MM-001
TT-28945,MM-004
TT-28946,MM-007
COL-28947,MM-006
K-28948,MM-010
FCV-28949,MM-003
TT-28950,MM-001
P-28951,MM-003
FT-28952,MM-003
TT-28953,MM-001
P-28954,MM-001
PSV-28955,MM-010
FT-28956,MM-004
P-28957,MM-003
V-28958,MM-010
PSV-28959,MM-003
V-28960,MM-005
V-28961,MM-002
V-28962,MM-007
FCV-28963,MM-008
FT-28964,MM-001
XV-28965,MM-006
XV-28966,MM-007
LT-28967,MM-003
PSV-28968,MM-010
P-28969,MM-001
FCV-28970,MM-003
PT-28971,MM-009
PSV-28972,MM-002
XV-28973,MM-009
V-28974,MM-008
TT-28975,MM-005
XV-28976,MM-010
K-28977,MM-001
TT-28978,MM-010
P-28979,MM-002
FT-28980,MM-007
V-28981,MM-001
PSV-28982,MM-010
PT-28983,MM-008
FT-28984,MM-008
COL-28985,MM-008
K-28986,MM-001
LT-28987,MM-010
PSV-28988,MM-008
XV-28989,MM-001
P-28990,MM-003
LT-28991,MM-003
FT-28992,MM-006
LT-28993,MM-005
FCV-28994,MM-001
PSV-28995,MM-010
P-28996,MM-001
V-28997,MM-002
PSV-28998,MM-007
LT-28999,MM-008
P-29000,MM-005
V-29001,MM-010
COL-29002,MM-004
COL-29003,MM-006
P-29004,MM-005
FT-29005,MM-009
E-29006,MM-009
TT-29007,MM-003
FCV-29008,MM-010
FT-29009,MM-010
XV-29010,MM-010
P-29011,MM-003
PSV-29012,MM-005
PSV-29013,MM-006
XV-29014,MM-002
P-29015,MM-002
P-29016,MM-010
XV-29017,MM-007
V-29018,MM-010
P-29019,MM-007
PT-29020,MM-003
XV-29021,MM-006
P-29022,MM-009
P-29023,MM-006
FT-29024,MM-001
FT-29025,MM-002
FT-29026,MM-007
V-29027,MM-010
FT-29028,MM-005
COL-29029,MM-004
K-29030,MM-008
TT-29031,MM-005
P-29032,MM-006
FCV-29033,MM-001
V-29034,MM-006
LT-29035,MM-008
FT-29036,MM-010
P-29037,MM-009
PSV-29038,MM-005
FT-29039,MM-007
COL-29040,MM-001
PT-29041,MM-006
TT-29042,MM-008
P-29043,MM-010
XV-29044,MM-007
COL-29045,MM-010
FCV-29046,MM-002
FT-29047,MM-006
FCV-29048,MM-010
P-29049,MM-006
P-29050,MM-001
K-29051,MM-008
XV-29052,MM-003
FT-29053,MM-008
V-29054,MM-010
LT-29055,MM-002
PSV-29056,MM-002
COL-29057,MM-008
PSV-29058,MM-003
PT-29059,MM-003
XV-29060,MM-005
K-29061,MM-003
FT-29062,MM-007
TT-29063,MM-008
PT-29064,MM-007
PSV-29065,MM-002
V-29066,MM-002
FCV-29067,MM-005
K-29068,MM-004
E-29069,MM-009
P-29070,MM-008
FT-29071,MM-008
PSV-29072,MM-007
P-29073,MM-009
V-29074,MM-006
E-29075,MM-008
V-29076,MM-009
XV-29077,MM-004
K-29078,MM-007
K-29079,MM-003
K-29080,MM-004
V-29081,MM-002
V-29082,MM-008
P-29083,MM-001
FT-29084,MM-003
PT-29085,MM-009
XV-29086,MM-004
FCV-29087,MM-003
TT-29088,MM-005
FT-29089,MM-009
TT-29090,MM-008
COL-29091,MM-005
V-29092,MM-006
FT-29093,MM-007
LT-29094,MM-002
COL-29095,MM-005
COL-29096,MM-009
TT-29097,MM-005
K-29098,MM-002
P-29099,MM-007
PSV-29100,MM-001
PT-29101,MM-007
PT-29102,MM-002
P-29103,MM-009
TT-29104,MM-004
FT-29105,MM-001
FCV-29106,MM-004
LT-29107,MM-009
V-29108,MM-004
FT-29109,MM-005
LT-29110,MM-008
E-29111,MM-005
P-29112,MM-005
COL-29113,MM-002
TT-29114,MM-009
E-29115,MM-005
K-29116,MM-010
TT-29117,MM-009
E-29118,MM-010
K-29119,MM-002
K-29120,MM-009
P-29121,MM-009
PT-29122,MM-003
K-29123,MM-009
FCV-29124,MM-002
P-29125,MM-003
FCV-29126,MM-005
PSV-29127,MM-001
COL-29128,MM-006
TT-29129,MM-008
TT-29130,MM-005
COL-29131,MM-004
P-29132,MM-002
PSV-29133,MM-001
V-29134,MM-007
TT-29135,MM-006
XV-29136,MM-003
E-29137,MM-002
E-29138,MM-008
P-29139,MM-006
P-29140,MM-006
LT-29141,MM-001
XV-29142,MM-006
P-29143,MM-001
V-29144,MM-002
P-29145,MM-008
P-29146,MM-010
FCV-29147,MM-003
LT-29148,MM-002
XV-29149,MM-005
E-29150,MM-010
P-29151,MM-010
TT-29152,MM-002
P-29153,MM-004
K-29154,MM-006
E-29155,MM-004
TT-29156,MM-008
LT-29157,MM-006
FCV-29158,MM-008
P-29159,MM-010
P-29160,MM-009
PT-29161,MM-001
PT-29162,MM-004
V-29163,MM-005
V-29164,MM-006
P-29165,MM-004
FCV-29166,MM-004
FCV-29167,MM-009
E-29168,MM-009
COL-29169,MM-001
FT-29170,MM-007
K-29171,MM-008
P-29172,MM-008
P-29173,MM-003
PT-29174,MM-005
PSV-29175,MM-003
PSV-29176,MM-002
XV-29177,MM-008
V-29178,MM-008
COL-29179,MM-010
TT-29180,MM-006
K-29181,MM-001
P-29182,MM-001
XV-29183,MM-008
LT-29184,MM-002
PSV-29185,MM-002
FT-29186,MM-006
E-29187,MM-006
COL-29188,MM-010
PSV-29189,MM-009
FT-29190,MM-002
COL-29191,MM-002
TT-29192,MM-005
V-29193,MM-008
V-29194,MM-005
K-29195,MM-007
E-29196,MM-006
LT-29197,MM-008
PSV-29198,MM-008
P-29199,MM-010
TT-29200,MM-007
P-29201,MM-004
PSV-29202,MM-001
LT-29203,MM-009
P-29204,MM-002
K-29205,MM-001
XV-29206,MM-007
P-29207,MM-002
K-29208,MM-001
E-29209,MM-005
P-29210,MM-010
COL-29211,MM-001
TT-29212,MM-002
COL-29213,MM-005
FT-29214,MM-006
FT-29215,MM-007
LT-29216,MM-003
FCV-29217,MM-006
P-29218,MM-003
XV-29219,MM-009
FT-29220,MM-002
FT-29221,MM-009
P-29222,MM-002
P-29223,MM-010
K-29224,MM-004
P-29225,MM-006
FT-29226,MM-002
XV-29227,MM-004
K-29228,MM-008
P-29229,MM-008
K-29230,MM-002
PSV-29231,MM-010
PSV-29232,MM-003
V-29233,MM-001
P-29234,MM-006
LT-29235,MM-004
LT-29236,MM-009
TT-29237,MM-005
PT-29238,MM-009
K-29239,MM-002
PT-29240,MM-007
K-29241,MM-007
PSV-29242,MM-006
COL-29243,MM-010
PT-29244,MM-007
PSV-29245,MM-005
FCV-29246,MM-003
FT-29247,MM-004
COL-29248,MM-002
TT-29249,MM-010
FT-29250,MM-004
V-29251,MM-001
LT-29252,MM-001
V-29253,MM-008
PSV-29254,MM-005
PT-29255,MM-002
COL-29256,MM-003
LT-29257,MM-008
PSV-29258,MM-009
P-29259,MM-008
PT-29260,MM-001
P-29261,MM-002
E-29262,MM-001
TT-29263,MM-002
E-29264,MM-009
E-29265,MM-003
FCV-29266,MM-006
LT-29267,MM-001
PT-29268,MM-009
P-29269,MM-001
COL-29270,MM-010
PSV-29271,MM-010
PT-29272,MM-003
XV-29273,MM-007
TT-29274,MM-001
PT-29275,MM-007
FCV-29276,MM-007
K-29277,MM-003
P-29278,MM-006
FT-29279,MM-003
FT-29280,MM-005
TT-29281,MM-010
FT-29282,MM-001
V-29283,MM-010
LT-29284,MM-008
PSV-29285,MM-005
P-29286,MM-009
E-29287,MM-007
FT-29288,MM-003
COL-29289,MM-001
TT-29290,MM-002
P-29291,MM-002
FCV-29292,MM-002
V-29293,MM-005
P-29294,MM-010
K-29295,MM-003
COL-29296,MM-010
XV-29297,MM-008
XV-29298,MM-003
K-29299,MM-002
K-29300,MM-008
PSV-29301,MM-006
FCV-29302,MM-005
V-29303,MM-004
FT-29304,MM-006
XV-29305,MM-004
P-29306,MM-006
PT-29307,MM-009
PSV-29308,MM-004
XV-29309,MM-008
E-29310,MM-001
V-29311,MM-003
LT-29312,MM-007
FT-29313,MM-002
FT-29314,MM-008
FCV-29315,MM-003
K-29316,MM-001
LT-29317,MM-010
PT-29318,MM-005
V-29319,MM-010
P-29320,MM-003
XV-29321,MM-009
K-29322,MM-003
XV-29323,MM-007
PSV-29324,MM-008
P-29325,MM-009
FT-29326,MM-008
COL-29327,MM-008
TT-29328,MM-006
FT-29329,MM-008
P-29330,MM-007
V-29331,MM-006
K-29332,MM-004
V-29333,MM-002
TT-29334,MM-001
V-29335,MM-006
FT-29336,MM-007
TT-29337,MM-001
V-29338,MM-001
PSV-29339,MM-005
FCV-29340,MM-007
P-29341,MM-005
V-29342,MM-004
XV-29343,MM-005
V-29344,MM-006
P-29345,MM-005
TT-29346,MM-001
FCV-29347,MM-009
FT-29348,MM-006
XV-29349,MM-003
PSV-29350,MM-002
P-29351,MM-006
TT-29352,MM-003
TT-29353,MM-002
P-29354,MM-004
FT-29355,MM-004
K-29356,MM-004
FCV-29357,MM-007
XV-29358,MM-007
FT-29359,MM-008
COL-29360,MM-010
E-29361,MM-001
PSV-29362,MM-002
COL-29363,MM-009
PSV-29364,MM-007
COL-29365,MM-004
COL-29366,MM-009
FT-29367,MM-002
TT-29368,MM-006
E-29369,MM-008
P-29370,MM-007
PSV-29371,MM-005
E-29372,MM-006
K-29373,MM-001
FT-29374,MM-008
XV-29375,MM-009
P-29376,MM-009
K-29377,MM-004
P-29378,MM-002
P-29379,MM-010
P-29380,MM-001
P-29381,MM-005
TT-29382,MM-003
COL-29383,MM-005
COL-29384,MM-008
K-29385,MM-010
FCV-29386,MM-009
LT-29387,MM-001
FCV-29388,MM-004
K-29389,MM-010
P-29390,MM-005
V-29391,MM-010
K-29392,MM-006
P-29393,MM-002
P-29394,MM-005
P-29395,MM-001
P-29396,MM-007
E-29397,MM-005
PSV-29398,MM-006
V-29399,MM-004
TT-29400,MM-001
LT-29401,MM-006
XV-29402,MM-005
FCV-29403,MM-007
P-29404,MM-001
K-29405,MM-009
E-29406,MM-010
FT-29407,MM-008
LT-29408,MM-005
XV-29409,MM-001
LT-29410,MM-006
E-29411,MM-008
E-29412,MM-001
FCV-29413,MM-009
FT-29414,MM-010
TT-29415,MM-007
XV-29416,MM-002
V-29417,MM-007
K-29418,MM-001
E-29419,MM-002
XV-29420,MM-008
FCV-29421,MM-007
V-29422,MM-003
FCV-29423,MM-003
LT-29424,MM-002
PT-29425,MM-001
PSV-29426,MM-009
TT-29427,MM-003
XV-29428,MM-004
PSV-29429,MM-005
K-29430,MM-007
P-29431,MM-001
LT-29432,MM-003
COL-29433,MM-001
PT-29434,MM-003
P-29435,MM-004
K-29436,MM-003
FCV-29437,MM-006
PSV-29438,MM-008
FT-29439,MM-002
LT-29440,MM-005
K-29441,MM-008
XV-29442,MM-001
FCV-29443,MM-007
FCV-29444,MM-003
V-29445,MM-010
P-29446,MM-007
V-29447,MM-002
P-29448,MM-009
V-29449,MM-001
E-29450,MM-007
P-29451,MM-008
V-29452,MM-001
K-29453,MM-010
PT-29454,MM-006
K-29455,MM-006
LT-29456,MM-001
PT-29457,MM-005
P-29458,MM-006
PT-29459,MM-004
FCV-29460,MM-006
PSV-29461,MM-002
P-29462,MM-004
TT-29463,MM-006
P-29464,MM-001
FT-29465,MM-006
V-29466,MM-009
PT-29467,MM-003
TT-29468,MM-008
TT-29469,MM-003
FCV-29470,MM-007
TT-29471,MM-008
PSV-29472,MM-007
COL-29473,MM-005
TT-29474,MM-010
PSV-29475,MM-006
PT-29476,MM-001
P-29477,MM-004
LT-29478,MM-010
K-29479,MM-002
TT-29480,MM-005
FT-29481,MM-002
FCV-29482,MM-009
V-29483,MM-002
COL-29484,MM-007
PT-29485,MM-003
P-29486,MM-007
XV-29487,MM-006
PSV-29488,MM-006
XV-29489,MM-008
E-29490,MM-007
TT-29491,MM-004
P-29492,MM-004
TT-29493,MM-003
COL-29494,MM-010
PT-29495,MM-004
P-29496,MM-009
PSV-29497,MM-002
PT-29498,MM-002
K-29499,MM-003
K-29500,MM-005
COL-29501,MM-005
P-29502,MM-010
E-29503,MM-006
E-29504,MM-007
PSV-29505,MM-003
LT-29506,MM-009
FCV-29507,MM-010
V-29508,MM-010
TT-29509,MM-007
V-29510,MM-005
COL-29511,MM-006
PT-29512,MM-001
COL-29513,MM-009
XV-29514,MM-001
PSV-29515,MM-002
FCV-29516,MM-010
TT-29517,MM-006
LT-29518,MM-007
FT-29519,MM-006
P-29520,MM-010
TT-29521,MM-005
K-29522,MM-005
PSV-29523,MM-010
XV-29524,MM-006
E-29525,MM-006
PT-29526,MM-009
FT-29527,MM-008
FT-29528,MM-001
P-29529,MM-008
PT-29530,MM-005
V-29531,MM-002
FCV-29532,MM-002
E-29533,MM-005
PSV-29534,MM-009
K-29535,MM-005
PSV-29536,MM-010
V-29537,MM-004
XV-29538,MM-001
V-29539,MM-010
PT-29540,MM-006
E-29541,MM-003
FT-29542,MM-006
TT-29543,MM-009
XV-29544,MM-003
P-29545,MM-007
P-29546,MM-010
PSV-29547,MM-003
TT-29548,MM-006
PT-29549,MM-002
XV-29550,MM-005
XV-29551,MM-006
LT-29552,MM-001
PT-29553,MM-008
XV-29554,MM-004
TT-29555,MM-010
TT-29556,MM-001
P-29557,MM-003
PT-29558,MM-004
XV-29559,MM-006
PSV-29560,MM-004
E-29561,MM-006
V-29562,MM-009
XV-29563,MM-005
V-29564,MM-006
P-29565,MM-008
COL-29566,MM-004
PT-29567,MM-007
PSV-29568,MM-005
PSV-29569,MM-004
PT-29570,MM-005
P-29571,MM-009
P-29572,MM-003
P-29573,MM-010
COL-29574,MM-007
FT-29575,MM-010
PT-29576,MM-002
LT-29577,MM-004
P-29578,MM-005
PT-29579,MM-004
PT-29580,MM-009
FT-29581,MM-008
P-29582,MM-002
COL-29583,MM-001
E-29584,MM-004
LT-29585,MM-001
XV-29586,MM-001
FCV-29587,MM-010
LT-29588,MM-006
PT-29589,MM-007
V-29590,MM-001
COL-29591,MM-009
LT-29592,MM-005
PSV-29593,MM-007
PT-29594,MM-007
FT-29595,MM-004
E-29596,MM-002
PT-29597,MM-004
E-29598,MM-010
K-29599,MM-002
P-29600,MM-004
E-29601,MM-003
LT-29602,MM-005
V-29603,MM-004
XV-29604,MM-005
E-29605,MM-002
TT-29606,MM-005
FT-29607,MM-010
XV-29608,MM-004
XV-29609,MM-006
FT-29610,MM-006
K-29611,MM-010
P-29612,MM-006
TT-29613,MM-007
V-29614,MM-003
PSV-29615,MM-009
XV-29616,MM-001
E-29617,MM-004
K-29618,MM-008
PT-29619,MM-009
PSV-29620,MM-004
XV-29621,MM-008
FT-29622,MM-002
LT-29623,MM-009
E-29624,MM-006
FT-29625,MM-002
PSV-29626,MM-004
COL-29627,MM-009
P-29628,MM-008
COL-29629,MM-010
COL-29630,MM-009
COL-29631,MM-003
P-29632,MM-003
FT-29633,MM-007
TT-29634,MM-006
FCV-29635,MM-009
COL-29636,MM-008
E-29637,MM-006
E-29638,MM-004
LT-29639,MM-001
TT-29640,MM-001
P-29641,MM-003
V-29642,MM-002
FCV-29643,MM-004
FCV-29644,MM-006
K-29645,MM-007
E-29646,MM-006
E-29647,MM-007
FCV-29648,MM-006
XV-29649,MM-006
V-29650,MM-006
K-29651,MM-010
LT-29652,MM-004
K-29653,MM-002
P-29654,MM-004
E-29655,MM-006
P-29656,MM-006
FT-29657,MM-003
FCV-29658,MM-007
PT-29659,MM-005
PSV-29660,MM-008
TT-29661,MM-003
TT-29662,MM-002
P-29663,MM-010
COL-29664,MM-007
FT-29665,MM-009
E-29666,MM-009
V-29667,MM-006
LT-29668,MM-005
V-29669,MM-010
PT-29670,MM-008
XV-29671,MM-005
COL-29672,MM-008
FT-29673,MM-007
PT-29674,MM-006
P-29675,MM-007
FCV-29676,MM-007
E-29677,MM-006
P-29678,MM-004
K-29679,MM-006
LT-29680,MM-007
FT-29681,MM-001
P-29682,MM-008
FCV-29683,MM-009
LT-29684,MM-001
K-29685,MM-001
TT-29686,MM-002
XV-29687,MM-010
TT-29688,MM-007
FT-29689,MM-006
P-29690,MM-004
LT-29691,MM-005
XV-29692,MM-010
LT-29693,MM-007
FT-29694,MM-002
PSV-29695,MM-002
PSV-29696,MM-008
K-29697,MM-001
FCV-29698,MM-008
COL-29699,MM-007
COL-29700,MM-006
FCV-29701,MM-009
XV-29702,MM-009
V-29703,MM-009
E-29704,MM-002
TT-29705,MM-005
LT-29706,MM-004
P-29707,MM-003
FT-29708,MM-006
FT-29709,MM-002
FT-29710,MM-008
FCV-29711,MM-003
PT-29712,MM-007
FT-29713,MM-006
XV-29714,MM-008
K-29715,MM-005
P-29716,MM-003
P-29717,MM-010
V-29718,MM-009
K-29719,MM-005
V-29720,MM-010
LT-29721,MM-007
K-29722,MM-007
P-29723,MM-004
K-29724,MM-003
PT-29725,MM-003
P-29726,MM-010
P-29727,MM-009
XV-29728,MM-004
E-29729,MM-009
PSV-29730,MM-003
FCV-29731,MM-007
COL-29732,MM-007
PT-29733,MM-006
XV-29734,MM-004
E-29735,MM-008
K-29736,MM-001
FT-29737,MM-009
K-29738,MM-008
V-29739,MM-009
TT-29740,MM-010
COL-29741,MM-007
P-29742,MM-009
FCV-29743,MM-008
P-29744,MM-002
TT-29745,MM-001
TT-29746,MM-004
XV-29747,MM-005
E-29748,MM-005
FT-29749,MM-007
E-29750,MM-009
PT-29751,MM-008
TT-29752,MM-007
PT-29753,MM-004
COL-29754,MM-003
LT-29755,MM-006
COL-29756,MM-008
P-29757,MM-009
XV-29758,MM-002
FT-29759,MM-010
K-29760,MM-003
LT-29761,MM-009
V-29762,MM-006
COL-29763,MM-007
FCV-29764,MM-008
P-29765,MM-002
K-29766,MM-007
E-29767,MM-004
V-29768,MM-010
FCV-29769,MM-006
P-29770,MM-007
LT-29771,MM-010
COL-29772,MM-007
COL-29773,MM-002
P-29774,MM-007
P-29775,MM-008
P-29776,MM-005
P-29777,MM-004
E-29778,MM-003
FT-29779,MM-008
PT-29780,MM-004
FCV-29781,MM-004
TT-29782,MM-006
XV-29783,MM-008
P-29784,MM-010
E-29785,MM-004
E-29786,MM-009
COL-29787,MM-003
P-29788,MM-010
XV-29789,MM-009
E-29790,MM-006
E-29791,MM-007
COL-29792,MM-005
XV-29793,MM-001
P-29794,MM-005
PT-29795,MM-002
COL-29796,MM-001
K-29797,MM-004
FCV-29798,MM-003
P-29799,MM-006
TT-29800,MM-004
FT-29801,MM-001
FT-29802,MM-005
PT-29803,MM-003
E-29804,MM-009
V-29805,MM-010
LT-29806,MM-009
PSV-29807,MM-009
K-29808,MM-001
P-29809,MM-006
P-29810,MM-004
FT-29811,MM-005
E-29812,MM-004
FCV-29813,MM-010
FCV-29814,MM-002
LT-29815,MM-008
FT-29816,MM-006
E-29817,MM-001
COL-29818,MM-004
FT-29819,MM-001
PT-29820,MM-007
V-29821,MM-001
P-29822,MM-004
LT-29823,MM-002
COL-29824,MM-005
FCV-29825,MM-001
PT-29826,MM-008
FCV-29827,MM-008
E-29828,MM-010
FT-29829,MM-002
P-29830,MM-001
K-29831,MM-009
PSV-29832,MM-007
PT-29833,MM-001
XV-29834,MM-006
TT-29835,MM-005
TT-29836,MM-002
XV-29837,MM-009
PSV-29838,MM-003
COL-29839,MM-007
TT-29840,MM-009
LT-29841,MM-004
K-29842,MM-004
PT-29843,MM-004
E-29844,MM-006
V-29845,MM-001
K-29846,MM-008
XV-29847,MM-001
PT-29848,MM-003
V-29849,MM-010
P-29850,MM-009
E-29851,MM-004
LT-29852,MM-010
PT-29853,MM-005
P-29854,MM-003
V-29855,MM-005
TT-29856,MM-003
XV-29857,MM-002
FT-29858,MM-001
V-29859,MM-009
TT-29860,MM-007
P-29861,MM-002
COL-29862,MM-003
FCV-29863,MM-005
E-29864,MM-009
TT-29865,MM-010
PSV-29866,MM-004
COL-29867,MM-009
K-29868,MM-001
PT-29869,MM-003
TT-29870,MM-010
PT-29871,MM-005
V-29872,MM-001
LT-29873,MM-003
PSV-29874,MM-005
TT-29875,MM-005
COL-29876,MM-009
P-29877,MM-008
COL-29878,MM-002
E-29879,MM-006
XV-29880,MM-001
COL-29881,MM-002
K-29882,MM-008
FT-29883,MM-004
PSV-29884,MM-002
V-29885,MM-010
FT-29886,MM-005
TT-29887,MM-002
XV-29888,MM-007
P-29889,MM-006
V-29890,MM-001
V-29891,MM-005
P-29892,MM-008
K-29893,MM-010
V-29894,MM-002
P-29895,MM-008
COL-29896,MM-004
E-29897,MM-008
K-29898,MM-003
FCV-29899,MM-009
COL-29900,MM-010
LT-29901,MM-007
P-29902,MM-003
P-29903,MM-002
XV-29904,MM-010
PT-29905,MM-001
FCV-29906,MM-003
TT-29907,MM-005
TT-29908,MM-002
COL-29909,MM-008
LT-29910,MM-004
K-29911,MM-007
E-29912,MM-008
PT-29913,MM-009
FCV-29914,MM-006
TT-29915,MM-010
COL-29916,MM-001
P-29917,MM-006
PT-29918,MM-007
E-29919,MM-005
FT-29920,MM-008
FT-29921,MM-007
E-29922,MM-003
COL-29923,MM-002
TT-29924,MM-010
TT-29925,MM-001
P-29926,MM-003
V-29927,MM-004
K-29928,MM-003
E-29929,MM-004
COL-29930,MM-009
V-29931,MM-010
PSV-29932,MM-004
TT-29933,MM-009
P-29934,MM-005
V-29935,MM-001
COL-29936,MM-009
K-29937,MM-001
TT-29938,MM-004
FCV-29939,MM-003
FT-29940,MM-002
XV-29941,MM-005
XV-29942,MM-008
PSV-29943,MM-006
P-29944,MM-006
LT-29945,MM-007
PSV-29946,MM-003
P-29947,MM-005
K-29948,MM-005
P-29949,MM-007
PT-29950,MM-007
P-29951,MM-010
LT-29952,MM-002
PT-29953,MM-006
LT-29954,MM-007
FT-29955,MM-006
E-29956,MM-002
FCV-29957,MM-003
K-29958,MM-003
V-29959,MM-006
E-29960,MM-005
V-29961,MM-008
COL-29962,MM-010
FCV-29963,MM-006
LT-29964,MM-002
P-29965,MM-005
COL-29966,MM-008
E-29967,MM-010
V-29968,MM-006
P-29969,MM-004
LT-29970,MM-002
FCV-29971,MM-008
XV-29972,MM-009
P-29973,MM-009
PT-29974,MM-005
XV-29975,MM-008
V-29976,MM-008
P-29977,MM-001
FCV-29978,MM-010
XV-29979,MM-003
FCV-29980,MM-005
TT-29981,MM-008
COL-29982,MM-006
COL-29983,MM-007
COL-29984,MM-008
LT-29985,MM-004
COL-29986,MM-004
LT-29987,MM-001
COL-29988,MM-003
TT-29989,MM-002
XV-29990,MM-009
E-29991,MM-005
PT-29992,MM-005
LT-29993,MM-006
PT-29994,MM-009
TT-29995,MM-004
P-29996,MM-005
LT-29997,MM-006
FT-29998,MM-008
P-29999,MM-002
FT-30000,MM-007
V-30001,MM-001
V-30002,MM-002
TT-30003,MM-010
LT-30004,MM-009
E-30005,MM-009
FCV-30006,MM-006
PT-30007,MM-003
PSV-30008,MM-006
PSV-30009,MM-001
K-30010,MM-002
PT-30011,MM-004
LT-30012,MM-010
FCV-30013,MM-008
E-30014,MM-007
LT-30015,MM-004
E-30016,MM-004
E-30017,MM-009
TT-30018,MM-001
TT-30019,MM-007
FT-30020,MM-003
P-30021,MM-009
XV-30022,MM-002
COL-30023,MM-010
XV-30024,MM-001
XV-30025,MM-002
E-30026,MM-009
XV-30027,MM-010
PT-30028,MM-003
FT-30029,MM-006
K-30030,MM-007
P-30031,MM-005
XV-30032,MM-010
TT-30033,MM-001
K-30034,MM-004
V-30035,MM-004
FCV-30036,MM-005
TT-30037,MM-007
K-30038,MM-008
LT-30039,MM-004
XV-30040,MM-002
LT-30041,MM-006
XV-30042,MM-005
PSV-30043,MM-004
PT-30044,MM-005
E-30045,MM-001
XV-30046,MM-002
P-30047,MM-010
V-30048,MM-007
P-30049,MM-006
XV-30050,MM-010
P-30051,MM-009
E-30052,MM-002
P-30053,MM-004
V-30054,MM-010
P-30055,MM-003
FCV-30056,MM-001
XV-30057,MM-007
COL-30058,MM-010
PSV-30059,MM-008
P-30060,MM-008
PT-30061,MM-003
P-30062,MM-004
COL-30063,MM-001
P-30064,MM-003
FT-30065,MM-003
K-30066,MM-010
P-30067,MM-003
TT-30068,MM-007
LT-30069,MM-002
COL-30070,MM-004
FT-30071,MM-001
FCV-30072,MM-005
E-30073,MM-002
PSV-30074,MM-005
P-30075,MM-005
P-30076,MM-003
LT-30077,MM-001
TT-30078,MM-010
PSV-30079,MM-004
XV-30080,MM-008
COL-30081,MM-001
XV-30082,MM-005
PT-30083,MM-010
PSV-30084,MM-001
FT-30085,MM-010
P-30086,MM-004
FCV-30087,MM-004
FT-30088,MM-007
K-30089,MM-005
K-30090,MM-005
TT-30091,MM-007
E-30092,MM-008
V-30093,MM-007
XV-30094,MM-002
FCV-30095,MM-006
FT-30096,MM-006
TT-30097,MM-004
K-30098,MM-009
V-30099,MM-009
FT-30100,MM-008
P-30101,MM-004
XV-30102,MM-006
E-30103,MM-002
PSV-30104,MM-008
LT-30105,MM-004
PSV-30106,MM-005
COL-30107,MM-008
LT-30108,MM-002
E-30109,MM-004
P-30110,MM-007
E-30111,MM-003
K-30112,MM-004
PSV-30113,MM-009
PT-30114,MM-009
PSV-30115,MM-005
K-30116,MM-008
PSV-30117,MM-003
PT-30118,MM-007
LT-30119,MM-003
PSV-30120,MM-005
PT-30121,MM-001
FCV-30122,MM-001
FCV-30123,MM-006
COL-30124,MM-002
K-30125,MM-010
TT-30126,MM-003
V-30127,MM-005
PT-30128,MM-010
V-30129,MM-009
PT-30130,MM-001
K-30131,MM-005
P-30132,MM-007
V-30133,MM-006
FCV-30134,MM-010
E-30135,MM-001
COL-30136,MM-005
V-30137,MM-002
FT-30138,MM-007
XV-30139,MM-002
P-30140,MM-004
PT-30141,MM-008
P-30142,MM-001
PT-30143,MM-004
K-30144,MM-005
K-30145,MM-006
K-30146,MM-007
LT-30147,MM-005
PSV-30148,MM-004
K-30149,MM-006
TT-30150,MM-001
COL-30151,MM-006
TT-30152,MM-009
LT-30153,MM-004
TT-30154,MM-007
XV-30155,MM-009
FCV-30156,MM-010
TT-30157,MM-004
K-30158,MM-006
P-30159,MM-010
P-30160,MM-010
K-30161,MM-008
LT-30162,MM-004
PT-30163,MM-003
LT-30164,MM-003
LT-30165,MM-004
PSV-30166,MM-004
K-30167,MM-008
P-30168,MM-009
TT-30169,MM-005
LT-30170,MM-005
E-30171,MM-007
XV-30172,MM-004
P-30173,MM-002
PT-30174,MM-005
P-30175,MM-006
COL-30176,MM-008
P-30177,MM-009
P-30178,MM-005
E-30179,MM-009
K-30180,MM-003
PT-30181,MM-003
P-30182,MM-010
P-30183,MM-008
E-30184,MM-002
P-30185,MM-004
PSV-30186,MM-001
FT-30187,MM-008
V-30188,MM-004
P-30189,MM-007
XV-30190,MM-004
E-30191,MM-008
PSV-30192,MM-006
P-30193,MM-006
PSV-30194,MM-008
COL-30195,MM-006
COL-30196,MM-002
PT-30197,MM-004
PSV-30198,MM-010
E-30199,MM-004
E-30200,MM-010
FT-30201,MM-002
K-30202,MM-010
V-30203,MM-002
FCV-30204,MM-002
PT-30205,MM-010
P-30206,MM-004
FCV-30207,MM-002
TT-30208,MM-007
TT-30209,MM-008
V-30210,MM-008
COL-30211,MM-002
P-30212,MM-006
V-30213,MM-009
FT-30214,MM-006
XV-30215,MM-007
V-30216,MM-010
P-30217,MM-007
PSV-30218,MM-005
FCV-30219,MM-002
FT-30220,MM-007
P-30221,MM-004
COL-30222,MM-001
K-30223,MM-007
E-30224,MM-006
TT-30225,MM-003
K-30226,MM-002
LT-30227,MM-010
PT-30228,MM-009
TT-30229,MM-006
FT-30230,MM-010
P-30231,MM-007
E-30232,MM-002
FT-30233,MM-003
COL-30234,MM-010
K-30235,MM-006
TT-30236,MM-010
P-30237,MM-008
COL-30238,MM-004
TT-30239,MM-007
TT-30240,MM-001
K-30241,MM-002
E-30242,MM-006
LT-30243,MM-006
P-30244,MM-007
PT-30245,MM-004
V-30246,MM-009
P-30247,MM-001
TT-30248,MM-008
P-30249,MM-009
TT-30250,MM-004
XV-30251,MM-007
TT-30252,MM-003
XV-30253,MM-002
P-30254,MM-010
FCV-30255,MM-010
XV-30256,MM-010
V-30257,MM-005
XV-30258,MM-001
XV-30259,MM-007
COL-30260,MM-007
LT-30261,MM-002
COL-30262,MM-005
FT-30263,MM-001
FT-30264,MM-002
P-30265,MM-001
P-30266,MM-007
E-30267,MM-003
PSV-30268,MM-006
P-30269,MM-004
FCV-30270,MM-004
PT-30271,MM-007
V-30272,MM-002
PSV-30273,MM-003
P-30274,MM-003
FT-30275,MM-001
PT-30276,MM-009
K-30277,MM-004
COL-30278,MM-008
LT-30279,MM-004
K-30280,MM-006
LT-30281,MM-010
COL-30282,MM-007
PSV-30283,MM-004
P-30284,MM-004
E-30285,MM-001
P-30286,MM-003
PSV-30287,MM-009
E-30288,MM-010
P-30289,MM-003
K-30290,MM-008
K-30291,MM-003
PSV-30292,MM-007
V-30293,MM-002
PSV-30294,MM-005
TT-30295,MM-004
P-30296,MM-002
E-30297,MM-010
XV-30298,MM-002
PT-30299,MM-002
K-30300,MM-007
PSV-30301,MM-006
PT-30302,MM-002
XV-30303,MM-003
V-30304,MM-001
P-30305,MM-002
E-30306,MM-001
P-30307,MM-001
TT-30308,MM-010
P-30309,MM-008
XV-30310,MM-004
K-30311,MM-009
XV-30312,MM-005
PSV-30313,MM-005
P-30314,MM-005
PT-30315,MM-006
P-30316,MM-001
TT-30317,MM-009
XV-30318,MM-003
COL-30319,MM-002
P-30320,MM-002
FT-30321,MM-004
PSV-30322,MM-002
XV-30323,MM-009
FCV-30324,MM-002
TT-30325,MM-004
E-30326,MM-005
K-30327,MM-003
FCV-30328,MM-009
E-30329,MM-009
V-30330,MM-008
XV-30331,MM-004
V-30332,MM-002
LT-30333,MM-004
P-30334,MM-001
V-30335,MM-004
PT-30336,MM-008
FCV-30337,MM-005
FCV-30338,MM-006
P-30339,MM-008
K-30340,MM-007
PSV-30341,MM-006
PSV-30342,MM-003
K-30343,MM-006
E-30344,MM-005
LT-30345,MM-002
PSV-30346,MM-004
P-30347,MM-004
V-30348,MM-009
E-30349,MM-004
PSV-30350,MM-008
V-30351,MM-010
FCV-30352,MM-009
LT-30353,MM-010
FCV-30354,MM-002
PT-30355,MM-006
P-30356,MM-007
FCV-30357,MM-007
P-30358,MM-001
V-30359,MM-010
COL-30360,MM-010
TT-30361,MM-002
XV-30362,MM-009
V-30363,MM-009
P-30364,MM-001
FT-30365,MM-001
TT-30366,MM-003
FCV-30367,MM-010
K-30368,MM-008
PSV-30369,MM-001
P-30370,MM-001
FCV-30371,MM-001
LT-30372,MM-002
TT-30373,MM-004
K-30374,MM-006
XV-30375,MM-003
COL-30376,MM-007
LT-30377,MM-001
PT-30378,MM-007
PT-30379,MM-003
P-30380,MM-010
FT-30381,MM-002
LT-30382,MM-008
LT-30383,MM-003
PSV-30384,MM-005
COL-30385,MM-004
TT-30386,MM-006
E-30387,MM-010
PT-30388,MM-010
FCV-30389,MM-001
COL-30390,MM-003
P-30391,MM-003
COL-30392,MM-005
PT-30393,MM-009
XV-30394,MM-007
XV-30395,MM-010
XV-30396,MM-001
XV-30397,MM-006
XV-30398,MM-009
FT-30399,MM-010
K-30400,MM-004
FT-30401,MM-010
FT-30402,MM-005
COL-30403,MM-006
COL-30404,MM-007
XV-30405,MM-001
COL-30406,MM-002
V-30407,MM-004
P-30408,MM-005
COL-30409,MM-010
FCV-30410,MM-001
TT-30411,MM-003
FCV-30412,MM-008
TT-30413,MM-009
V-30414,MM-009
PSV-30415,MM-002
P-30416,MM-004
XV-30417,MM-001
V-30418,MM-003
COL-30419,MM-008
PT-30420,MM-007
E-30421,MM-005
K-30422,MM-009
XV-30423,MM-003
XV-30424,MM-002
TT-30425,MM-008
COL-30426,MM-007
P-30427,MM-003
PSV-30428,MM-010
PSV-30429,MM-005
PSV-30430,MM-002
COL-30431,MM-008
PSV-30432,MM-007
LT-30433,MM-009
XV-30434,MM-009
TT-30435,MM-005
V-30436,MM-010
V-30437,MM-004
PSV-30438,MM-001
PSV-30439,MM-002
P-30440,MM-005
FT-30441,MM-010
P-30442,MM-007
PT-30443,MM-004
E-30444,MM-006
FT-30445,MM-010
K-30446,MM-006
E-30447,MM-001
V-30448,MM-003
COL-30449,MM-010
XV-30450,MM-001
K-30451,MM-006
V-30452,MM-006
PT-30453,MM-008
COL-30454,MM-002
V-30455,MM-005
PSV-30456,MM-001
P-30457,MM-001
P-30458,MM-002
PT-30459,MM-007
K-30460,MM-002
V-30461,MM-002
K-30462,MM-001
XV-30463,MM-002
FT-30464,MM-005
COL-30465,MM-003
E-30466,MM-006
P-30467,MM-002
FT-30468,MM-004
PSV-30469,MM-005
COL-30470,MM-006
FCV-30471,MM-002
P-30472,MM-003
K-30473,MM-006
LT-30474,MM-010
TT-30475,MM-005
E-30476,MM-008
COL-30477,MM-001
TT-30478,MM-002
FT-30479,MM-003
K-30480,MM-003
FT-30481,MM-010
V-30482,MM-002
P-30483,MM-010
P-30484,MM-003
P-30485,MM-002
LT-30486,MM-007
P-30487,MM-001
E-30488,MM-009
V-30489,MM-010
P-30490,MM-006
K-30491,MM-008
LT-30492,MM-010
LT-30493,MM-005
V-30494,MM-002
TT-30495,MM-007
PSV-30496,MM-002
FT-30497,MM-007
LT-30498,MM-004
P-30499,MM-003
V-30500,MM-004
V-30501,MM-008
PSV-30502,MM-005
XV-30503,MM-009
K-30504,MM-005
FT-30505,MM-005
K-30506,MM-009
FT-30507,MM-007
PSV-30508,MM-004
E-30509,MM-008
K-30510,MM-003
TT-30511,MM-010
E-30512,MM-009
XV-30513,MM-010
E-30514,MM-010
V-30515,MM-004
COL-30516,MM-007
COL-30517,MM-004
P-30518,MM-002
LT-30519,MM-010
COL-30520,MM-002
TT-30521,MM-009
K-30522,MM-003
FCV-30523,MM-008
COL-30524,MM-006
FCV-30525,MM-010
PSV-30526,MM-004
PSV-30527,MM-010
LT-30528,MM-004
LT-30529,MM-008
V-30530,MM-002
K-30531,MM-005
FCV-30532,MM-009
PT-30533,MM-010
V-30534,MM-008
V-30535,MM-003
P-30536,MM-004
V-30537,MM-009
COL-30538,MM-004
TT-30539,MM-008
COL-30540,MM-003
COL-30541,MM-002
COL-30542,MM-008
P-30543,MM-005
P-30544,MM-001
XV-30545,MM-005
LT-30546,MM-002
K-30547,MM-010
K-30548,MM-009
P-30549,MM-007
XV-30550,MM-005
P-30551,MM-004
TT-30552,MM-003
PT-30553,MM-006
XV-30554,MM-008
P-30555,MM-008
FT-30556,MM-009
FCV-30557,MM-005
XV-30558,MM-001
V-30559,MM-006
PSV-30560,MM-009
P-30561,MM-008
PT-30562,MM-006
FT-30563,MM-003
FT-30564,MM-006
P-30565,MM-003
PSV-30566,MM-007
E-30567,MM-001
FCV-30568,MM-009
V-30569,MM-002
P-30570,MM-008
P-30571,MM-003
V-30572,MM-004
TT-30573,MM-001
P-30574,MM-001
P-30575,MM-004
TT-30576,MM-001
PT-30577,MM-001
FT-30578,MM-003
FCV-30579,MM-004
FT-30580,MM-009
P-30581,MM-004
E-30582,MM-005
XV-30583,MM-004
COL-30584,MM-008
V-30585,MM-009
P-30586,MM-010
E-30587,MM-006
P-30588,MM-009
COL-30589,MM-004
FT-30590,MM-003
XV-30591,MM-003
E-30592,MM-002
PSV-30593,MM-008
E-30594,MM-003
XV-30595,MM-006
E-30596,MM-009
XV-30597,MM-003
K-30598,MM-004
K-30599,MM-009
XV-30600,MM-005
LT-30601,MM-009
P-30602,MM-002
FCV-30603,MM-004
PT-30604,MM-003
P-30605,MM-010
XV-30606,MM-003
K-30607,MM-005
XV-30608,MM-008
PSV-30609,MM-003
COL-30610,MM-006
TT-30611,MM-009
COL-30612,MM-010
P-30613,MM-003
LT-30614,MM-001
PT-30615,MM-005
V-30616,MM-001
FCV-30617,MM-003
COL-30618,MM-001
FCV-30619,MM-008
P-30620,MM-002
PT-30621,MM-008
FCV-30622,MM-008
P-30623,MM-010
FCV-30624,MM-002
K-30625,MM-005
P-30626,MM-007
XV-30627,MM-001
XV-30628,MM-002
P-30629,MM-004
COL-30630,MM-010
FT-30631,MM-005
PSV-30632,MM-008
FT-30633,MM-004
PSV-30634,MM-004
FCV-30635,MM-003
COL-30636,MM-003
FT-30637,MM-009
P-30638,MM-002
FCV-30639,MM-004
PT-30640,MM-003
PT-30641,MM-004
TT-30642,MM-003
XV-30643,MM-004
K-30644,MM-008
COL-30645,MM-003
TT-30646,MM-005
FCV-30647,MM-003
K-30648,MM-006
P-30649,MM-010
LT-30650,MM-010
P-30651,MM-005
K-30652,MM-004
TT-30653,MM-009
COL-30654,MM-006
P-30655,MM-005
FCV-30656,MM-005
LT-30657,MM-002
XV-30658,MM-004
FT-30659,MM-001
V-30660,MM-008
PSV-30661,MM-004
XV-30662,MM-005
PT-30663,MM-008
E-30664,MM-006
P-30665,MM-006
PT-30666,MM-009
K-30667,MM-004
P-30668,MM-002
LT-30669,MM-004
P-30670,MM-006
FT-30671,MM-005
PSV-30672,MM-005
PSV-30673,MM-004
FCV-30674,MM-003
TT-30675,MM-007
XV-30676,MM-006
XV-30677,MM-008
PT-30678,MM-006
XV-30679,MM-002
COL-30680,MM-005
P-30681,MM-008
K-30682,MM-010
E-30683,MM-008
FT-30684,MM-005
PT-30685,MM-003
P-30686,MM-005
COL-30687,MM-010
FT-30688,MM-005
FCV-30689,MM-003
PSV-30690,MM-005
PSV-30691,MM-002
P-30692,MM-004
V-30693,MM-008
COL-30694,MM-002
P-30695,MM-002
FCV-30696,MM-002
FT-30697,MM-009
K-30698,MM-007
K-30699,MM-010
V-30700,MM-001
LT-30701,MM-005
COL-30702,MM-001
PT-30703,MM-001
V-30704,MM-006
E-30705,MM-003
FCV-30706,MM-008
V-30707,MM-005
FT-30708,MM-004
P-30709,MM-005
FCV-30710,MM-003
FT-30711,MM-010
P-30712,MM-007
PT-30713,MM-004
P-30714,MM-009
FT-30715,MM-008
E-30716,MM-010
K-30717,MM-001
V-30718,MM-007
LT-30719,MM-006
XV-30720,MM-003
XV-30721,MM-004
FT-30722,MM-001
PT-30723,MM-005
E-30724,MM-004
K-30725,MM-006
FT-30726,MM-004
FT-30727,MM-008
P-30728,MM-006
FCV-30729,MM-006
PT-30730,MM-003
LT-30731,MM-010
FCV-30732,MM-004
TT-30733,MM-006
PSV-30734,MM-010
V-30735,MM-009
PT-30736,MM-005
PT-30737,MM-006
E-30738,MM-001
XV-30739,MM-006
P-30740,MM-010
PSV-30741,MM-006
K-30742,MM-004
COL-30743,MM-005
E-30744,MM-001
PSV-30745,MM-002
LT-30746,MM-006
FT-30747,MM-005
PT-30748,MM-010
COL-30749,MM-008
FCV-30750,MM-010
K-30751,MM-004
XV-30752,MM-005
E-30753,MM-005
K-30754,MM-002
PSV-30755,MM-007
P-30756,MM-009
TT-30757,MM-010
COL-30758,MM-009
COL-30759,MM-010
FT-30760,MM-009
PSV-30761,MM-009
COL-30762,MM-003
PSV-30763,MM-006
V-30764,MM-010
P-30765,MM-008
K-30766,MM-007
PT-30767,MM-004
COL-30768,MM-001
E-30769,MM-004
E-30770,MM-010
K-30771,MM-001
FCV-30772,MM-009
P-30773,MM-002
TT-30774,MM-007
P-30775,MM-010
XV-30776,MM-009
PSV-30777,MM-001
PT-30778,MM-001
V-30779,MM-006
TT-30780,MM-003
FT-30781,MM-007
PSV-30782,MM-007
K-30783,MM-003
PT-30784,MM-010
XV-30785,MM-009
PT-30786,MM-006
PSV-30787,MM-010
FT-30788,MM-006
FCV-30789,MM-010
COL-30790,MM-002
P-30791,MM-004
XV-30792,MM-003
FT-30793,MM-009
LT-30794,MM-005
V-30795,MM-010
E-30796,MM-004
P-30797,MM-002
P-30798,MM-008
COL-30799,MM-010
XV-30800,MM-007
E-30801,MM-001
K-30802,MM-002
LT-30803,MM-003
PT-30804,MM-008
P-30805,MM-003
LT-30806,MM-007
P-30807,MM-009
PT-30808,MM-001
PT-30809,MM-004
P-30810,MM-006
K-30811,MM-006
V-30812,MM-002
LT-30813,MM-005
FCV-30814,MM-008
PT-30815,MM-002
COL-30816,MM-001
XV-30817,MM-007
K-30818,MM-008
P-30819,MM-008
XV-30820,MM-004
FCV-30821,MM-001
E-30822,MM-006
FT-30823,MM-008
TT-30824,MM-007
P-30825,MM-008
P-30826,MM-005
PSV-30827,MM-007
COL-30828,MM-005
PT-30829,MM-003
V-30830,MM-006
LT-30831,MM-004
COL-30832,MM-004
P-30833,MM-004
PSV-30834,MM-001
LT-30835,MM-008
FCV-30836,MM-005
FCV-30837,MM-006
TT-30838,MM-010
COL-30839,MM-009
K-30840,MM-003
E-30841,MM-007
P-30842,MM-002
V-30843,MM-008
PT-30844,MM-005
XV-30845,MM-010
P-30846,MM-008
P-30847,MM-003
XV-30848,MM-009
E-30849,MM-003
E-30850,MM-002
P-30851,MM-007
P-30852,MM-008
E-30853,MM-002
E-30854,MM-007
LT-30855,MM-002
LT-30856,MM-010
XV-30857,MM-007
TT-30858,MM-003
V-30859,MM-001
V-30860,MM-002
PSV-30861,MM-003
P-30862,MM-003
V-30863,MM-002
LT-30864,MM-007
P-30865,MM-010
V-30866,MM-002
COL-30867,MM-001
V-30868,MM-003
E-30869,MM-009
PT-30870,MM-008
LT-30871,MM-005
COL-30872,MM-010
FT-30873,MM-002
P-30874,MM-010
LT-30875,MM-003
XV-30876,MM-003
PSV-30877,MM-004
E-30878,MM-009
FT-30879,MM-007
PSV-30880,MM-004
V-30881,MM-010
TT-30882,MM-007
TT-30883,MM-004
E-30884,MM-006
FCV-30885,MM-004
FT-30886,MM-009
XV-30887,MM-006
FT-30888,MM-007
V-30889,MM-010
LT-30890,MM-003
K-30891,MM-003
XV-30892,MM-006
P-30893,MM-005
FCV-30894,MM-002
P-30895,MM-007
XV-30896,MM-008
E-30897,MM-003
PSV-30898,MM-004
PT-30899,MM-004
XV-30900,MM-003
FT-30901,MM-005
FT-30902,MM-003
P-30903,MM-005
XV-30904,MM-002
PSV-30905,MM-009
P-30906,MM-009
FT-30907,MM-007
COL-30908,MM-010
PT-30909,MM-007
COL-30910,MM-004
E-30911,MM-005
PSV-30912,MM-001
K-30913,MM-004
LT-30914,MM-003
P-30915,MM-010
P-30916,MM-005
V-30917,MM-010
FCV-30918,MM-006
FT-30919,MM-006
FT-30920,MM-006
COL-30921,MM-001
LT-30922,MM-006
P-30923,MM-002
PT-30924,MM-010
COL-30925,MM-007
PSV-30926,MM-007
PT-30927,MM-008
K-30928,MM-002
LT-30929,MM-005
V-30930,MM-009
P-30931,MM-006
V-30932,MM-005
K-30933,MM-001
TT-30934,MM-005
E-30935,MM-008
FCV-30936,MM-002
V-30937,MM-001
FT-30938,MM-003
E-30939,MM-007
E-30940,MM-002
TT-30941,MM-008
COL-30942,MM-001
P-30943,MM-001
PSV-30944,MM-007
XV-30945,MM-005
FCV-30946,MM-008
K-30947,MM-010
K-30948,MM-005
E-30949,MM-004
TT-30950,MM-008
E-30951,MM-001
V-30952,MM-001
FT-30953,MM-010
E-30954,MM-010
COL-30955,MM-006
E-30956,MM-008
COL-30957,MM-010
E-30958,MM-004
K-30959,MM-007
P-30960,MM-009
PSV-30961,MM-004
P-30962,MM-004
XV-30963,MM-005
XV-30964,MM-006
FCV-30965,MM-010
PSV-30966,MM-003
PT-30967,MM-003
LT-30968,MM-010
COL-30969,MM-007
PT-30970,MM-005
FT-30971,MM-001
V-30972,MM-005
PT-30973,MM-010
V-30974,MM-007
PSV-30975,MM-003
LT-30976,MM-008
V-30977,MM-002
P-30978,MM-005
V-30979,MM-003
FT-30980,MM-003
XV-30981,MM-005
V-30982,MM-006
XV-30983,MM-009
XV-30984,MM-003
LT-30985,MM-009
LT-30986,MM-010
FT-30987,MM-007
V-30988,MM-010
LT-30989,MM-007
K-30990,MM-003
P-30991,MM-010
LT-30992,MM-005
E-30993,MM-003
XV-30994,MM-005
V-30995,MM-004
COL-30996,MM-003
PT-30997,MM-003
LT-30998,MM-001
PSV-30999,MM-003
V-31000,MM-010
LT-31001,MM-003
TT-31002,MM-001
XV-31003,MM-004
TT-31004,MM-009
V-31005,MM-005
FCV-31006,MM-009
V-31007,MM-007
P-31008,MM-006
K-31009,MM-004
PSV-31010,MM-009
XV-31011,MM-001
PSV-31012,MM-002
FCV-31013,MM-005
P-31014,MM-008
PT-31015,MM-010
PT-31016,MM-004
FT-31017,MM-010
XV-31018,MM-005
XV-31019,MM-006
P-31020,MM-008
P-31021,MM-001
PSV-31022,MM-008
FCV-31023,MM-002
K-31024,MM-002
TT-31025,MM-005
COL-31026,MM-003
P-31027,MM-003
XV-31028,MM-006
K-31029,MM-001
P-31030,MM-003
FT-31031,MM-010
P-31032,MM-009
FT-31033,MM-009
V-31034,MM-007
COL-31035,MM-010
LT-31036,MM-008
TT-31037,MM-008
V-31038,MM-007
FT-31039,MM-010
PSV-31040,MM-008
LT-31041,MM-007
P-31042,MM-001
V-31043,MM-007
V-31044,MM-009
P-31045,MM-003
P-31046,MM-010
FT-31047,MM-007
P-31048,MM-003
K-31049,MM-008
P-31050,MM-007
LT-31051,MM-008
E-31052,MM-006
PSV-31053,MM-003
LT-31054,MM-008
PT-31055,MM-002
P-31056,MM-005
P-31057,MM-003
PSV-31058,MM-009
V-31059,MM-008
FT-31060,MM-009
P-31061,MM-004
XV-31062,MM-001
E-31063,MM-010
FCV-31064,MM-003
TT-31065,MM-003
K-31066,MM-002
P-31067,MM-007
XV-31068,MM-006
P-31069,MM-001
PT-31070,MM-005
V-31071,MM-008
P-31072,MM-001
FCV-31073,MM-007
LT-31074,MM-005
V-31075,MM-010
E-31076,MM-008
LT-31077,MM-002
FCV-31078,MM-010
TT-31079,MM-009
E-31080,MM-001
P-31081,MM-001
P-31082,MM-010
COL-31083,MM-001
COL-31084,MM-004
PSV-31085,MM-010
P-31086,MM-010
FCV-31087,MM-010
P-31088,MM-006
PT-31089,MM-009
LT-31090,MM-007
P-31091,MM-010
PSV-31092,MM-001
XV-31093,MM-002
K-31094,MM-006
PT-31095,MM-008
P-31096,MM-001
K-31097,MM-005
PT-31098,MM-009
PT-31099,MM-003
V-31100,MM-004
P-31101,MM-008
V-31102,MM-007
K-31103,MM-008
V-31104,MM-005
TT-31105,MM-010
E-31106,MM-009
LT-31107,MM-004
XV-31108,MM-005
FT-31109,MM-003
E-31110,MM-001
P-31111,MM-003
COL-31112,MM-009
E-31113,MM-010
TT-31114,MM-002
PSV-31115,MM-009
XV-31116,MM-003
PSV-31117,MM-002
LT-31118,MM-001
V-31119,MM-008
P-31120,MM-005
V-31121,MM-002
E-31122,MM-001
PSV-31123,MM-002
K-31124,MM-009
V-31125,MM-008
PT-31126,MM-003
E-31127,MM-008
P-31128,MM-005
FCV-31129,MM-008
P-31130,MM-004
LT-31131,MM-002
E-31132,MM-002
K-31133,MM-009
XV-31134,MM-010
P-31135,MM-003
PT-31136,MM-010
LT-31137,MM-002
P-31138,MM-001
V-31139,MM-005
PSV-31140,MM-001
COL-31141,MM-004
PSV-31142,MM-006
LT-31143,MM-006
PSV-31144,MM-010
P-31145,MM-002
E-31146,MM-006
P-31147,MM-003
TT-31148,MM-008
COL-31149,MM-001
XV-31150,MM-004
P-31151,MM-005
TT-31152,MM-003
V-31153,MM-001
FCV-31154,MM-003
V-31155,MM-007
PT-31156,MM-003
FT-31157,MM-001
E-31158,MM-005
TT-31159,MM-005
FCV-31160,MM-003
E-31161,MM-007
V-31162,MM-001
V-31163,MM-006
XV-31164,MM-003
TT-31165,MM-004
E-31166,MM-009
V-31167,MM-008
PSV-31168,MM-006
PSV-31169,MM-008
PT-31170,MM-006
LT-31171,MM-009
TT-31172,MM-010
TT-31173,MM-003
FT-31174,MM-008
V-31175,MM-005
XV-31176,MM-003
XV-31177,MM-007
E-31178,MM-007
PT-31179,MM-008
V-31180,MM-003
PT-31181,MM-004
P-31182,MM-005
FT-31183,MM-009
LT-31184,MM-003
XV-31185,MM-003
PT-31186,MM-005
V-31187,MM-004
COL-31188,MM-001
PT-31189,MM-003
FCV-31190,MM-003
E-31191,MM-001
LT-31192,MM-009
FT-31193,MM-005
LT-31194,MM-010
PT-31195,MM-005
PSV-31196,MM-007
PT-31197,MM-007
PSV-31198,MM-005
PSV-31199,MM-009
XV-31200,MM-006
COL-31201,MM-007
FT-31202,MM-001
P-31203,MM-009
FCV-31204,MM-007
LT-31205,MM-001
COL-31206,MM-010
COL-31207,MM-004
K-31208,MM-009
TT-31209,MM-001
TT-31210,MM-002
PSV-31211,MM-008
V-31212,MM-008
V-31213,MM-006
LT-31214,MM-005
FCV-31215,MM-002
V-31216,MM-001
E-31217,MM-009
K-31218,MM-001
PSV-31219,MM-004
P-31220,MM-006
TT-31221,MM-001
P-31222,MM-003
FT-31223,MM-001
E-31224,MM-001
FCV-31225,MM-006
P-31226,MM-010
TT-31227,MM-005
FT-31228,MM-009
PSV-31229,MM-008
PSV-31230,MM-003
LT-31231,MM-010
FT-31232,MM-007
PT-31233,MM-008
FT-31234,MM-008
PT-31235,MM-010
COL-31236,MM-007
XV-31237,MM-002
P-31238,MM-007
V-31239,MM-008
TT-31240,MM-010
XV-31241,MM-007
E-31242,MM-007
FCV-31243,MM-006
COL-31244,MM-009
FCV-31245,MM-010
PSV-31246,MM-007
PT-31247,MM-007
PSV-31248,MM-003
P-31249,MM-005
V-31250,MM-007
TT-31251,MM-003
PSV-31252,MM-004
PSV-31253,MM-009
FCV-31254,MM-010
PT-31255,MM-006
TT-31256,MM-007
K-31257,MM-003
COL-31258,MM-002
V-31259,MM-010
COL-31260,MM-010
FCV-31261,MM-009
FT-31262,MM-003
FCV-31263,MM-002
P-31264,MM-001
TT-31265,MM-007
FCV-31266,MM-007
PSV-31267,MM-006
COL-31268,MM-009
PT-31269,MM-007
P-31270,MM-007
PT-31271,MM-004
XV-31272,MM-003
PT-31273,MM-001
K-31274,MM-006
XV-31275,MM-006
LT-31276,MM-008
V-31277,MM-002
FT-31278,MM-002
XV-31279,MM-002
TT-31280,MM-009
E-31281,MM-003
FCV-31282,MM-005
V-31283,MM-004
PT-31284,MM-010
LT-31285,MM-008
K-31286,MM-005
FCV-31287,MM-006
PSV-31288,MM-005
P-31289,MM-005
P-31290,MM-009
PT-31291,MM-003
FCV-31292,MM-006
TT-31293,MM-003
V-31294,MM-001
PSV-31295,MM-009
PSV-31296,MM-010
COL-31297,MM-002
K-31298,MM-009
K-31299,MM-005
LT-31300,MM-009
PT-31301,MM-002
LT-31302,MM-007
XV-31303,MM-002
P-31304,MM-002
PT-31305,MM-006
K-31306,MM-006
P-31307,MM-002
K-31308,MM-010
E-31309,MM-007
E-31310,MM-008
V-31311,MM-005
K-31312,MM-007
TT-31313,MM-005
PT-31314,MM-006
PSV-31315,MM-002
P-31316,MM-004
TT-31317,MM-003
FT-31318,MM-010
PSV-31319,MM-010
E-31320,MM-010
COL-31321,MM-004
V-31322,MM-007
FCV-31323,MM-002
P-31324,MM-001
FCV-31325,MM-003
COL-31326,MM-007
K-31327,MM-004
LT-31328,MM-001
P-31329,MM-010
P-31330,MM-003
COL-31331,MM-007
K-31332,MM-005
XV-31333,MM-005
PT-31334,MM-010
E-31335,MM-003
LT-31336,MM-006
COL-31337,MM-009
E-31338,MM-003
TT-31339,MM-004
V-31340,MM-007
FCV-31341,MM-004
PSV-31342,MM-002
PT-31343,MM-010
V-31344,MM-008
TT-31345,MM-004
K-31346,MM-009
P-31347,MM-010
V-31348,MM-001
V-31349,MM-004
E-31350,MM-007
FT-31351,MM-008
XV-31352,MM-008
FCV-31353,MM-010
PT-31354,MM-006
LT-31355,MM-007
FCV-31356,MM-007
PT-31357,MM-003
LT-31358,MM-006
FT-31359,MM-004
E-31360,MM-004
LT-31361,MM-010
PSV-31362,MM-003
P-31363,MM-001
COL-31364,MM-005
PSV-31365,MM-003
COL-31366,MM-002
XV-31367,MM-009
LT-31368,MM-002
P-31369,MM-010
FCV-31370,MM-007
TT-31371,MM-005
P-31372,MM-006
PT-31373,MM-007
PT-31374,MM-008
K-31375,MM-004
LT-31376,MM-006
FCV-31377,MM-002
PSV-31378,MM-005
FT-31379,MM-001
K-31380,MM-010
V-31381,MM-010
FCV-31382,MM-006
FT-31383,MM-004
V-31384,MM-003
PSV-31385,MM-008
XV-31386,MM-005
K-31387,MM-002
PT-31388,MM-002
XV-31389,MM-001
E-31390,MM-007
PSV-31391,MM-009
PSV-31392,MM-005
FCV-31393,MM-008
COL-31394,MM-008
TT-31395,MM-001
TT-31396,MM-002
PT-31397,MM-005
LT-31398,MM-004
XV-31399,MM-002
COL-31400,MM-008
E-31401,MM-010
XV-31402,MM-006
PSV-31403,MM-008
FCV-31404,MM-004
FT-31405,MM-008
XV-31406,MM-006
P-31407,MM-005
PSV-31408,MM-007
FCV-31409,MM-006
PSV-31410,MM-001
FT-31411,MM-006
V-31412,MM-007
PSV-31413,MM-007
FCV-31414,MM-006
LT-31415,MM-003
FCV-31416,MM-010
XV-31417,MM-002
XV-31418,MM-009
FCV-31419,MM-004
FT-31420,MM-006
P-31421,MM-004
K-31422,MM-001
P-31423,MM-003
XV-31424,MM-006
TT-31425,MM-001
COL-31426,MM-004
XV-31427,MM-009
LT-31428,MM-002
PSV-31429,MM-006
TT-31430,MM-005
XV-31431,MM-001
E-31432,MM-010
FT-31433,MM-001
COL-31434,MM-007
LT-31435,MM-008
PT-31436,MM-002
E-31437,MM-005
K-31438,MM-010
P-31439,MM-004
PSV-31440,MM-001
FCV-31441,MM-006
P-31442,MM-004
PT-31443,MM-008
PT-31444,MM-003
FT-31445,MM-005
V-31446,MM-008
PSV-31447,MM-006
XV-31448,MM-010
PSV-31449,MM-001
PT-31450,MM-001
P-31451,MM-002
P-31452,MM-008
V-31453,MM-001
FCV-31454,MM-003
PSV-31455,MM-003
P-31456,MM-003
PT-31457,MM-004
FCV-31458,MM-006
V-31459,MM-006
LT-31460,MM-001
FCV-31461,MM-004
PSV-31462,MM-007
P-31463,MM-007
P-31464,MM-008
V-31465,MM-007
PT-31466,MM-006
LT-31467,MM-004
FCV-31468,MM-007
V-31469,MM-007
PT-31470,MM-005
P-31471,MM-001
PT-31472,MM-004
LT-31473,MM-010
TT-31474,MM-004
FT-31475,MM-003
FCV-31476,MM-006
V-31477,MM-001
FT-31478,MM-007
FCV-31479,MM-004
PT-31480,MM-003
XV-31481,MM-009
TT-31482,MM-003
P-31483,MM-005
K-31484,MM-008
LT-31485,MM-007
LT-31486,MM-009
P-31487,MM-004
PT-31488,MM-009
P-31489,MM-007
PSV-31490,MM-009
TT-31491,MM-001
E-31492,MM-002
XV-31493,MM-008
LT-31494,MM-007
PSV-31495,MM-002
E-31496,MM-009
TT-31497,MM-003
LT-31498,MM-009
FCV-31499,MM-007
P-31500,MM-007
PT-31501,MM-010
P-31502,MM-002
LT-31503,MM-004
V-31504,MM-005
XV-31505,MM-008
FT-31506,MM-007
PSV-31507,MM-007
TT-31508,MM-007
TT-31509,MM-003
P-31510,MM-010
FCV-31511,MM-001
PSV-31512,MM-003
TT-31513,MM-007
FT-31514,MM-006
K-31515,MM-001
XV-31516,MM-010
TT-31517,MM-008
P-31518,MM-009
XV-31519,MM-007
FCV-31520,MM-003
XV-31521,MM-001
K-31522,MM-004
FCV-31523,MM-007
P-31524,MM-005
XV-31525,MM-010
P-31526,MM-002
PT-31527,MM-009
V-31528,MM-001
COL-31529,MM-010
PT-31530,MM-009
P-31531,MM-001
FCV-31532,MM-007
XV-31533,MM-007
COL-31534,MM-010
P-31535,MM-007
K-31536,MM-001
E-31537,MM-004
XV-31538,MM-010
TT-31539,MM-001
P-31540,MM-003
K-31541,MM-009
COL-31542,MM-001
COL-31543,MM-002
FT-31544,MM-005
COL-31545,MM-001
XV-31546,MM-007
K-31547,MM-009
TT-31548,MM-003
PSV-31549,MM-004
LT-31550,MM-003
K-31551,MM-010
PSV-31552,MM-004
XV-31553,MM-005
PSV-31554,MM-005
FT-31555,MM-007
K-31556,MM-008
COL-31557,MM-003
P-31558,MM-001
PT-31559,MM-004
P-31560,MM-005
PT-31561,MM-006
P-31562,MM-007
PSV-31563,MM-003
K-31564,MM-010
P-31565,MM-006
PSV-31566,MM-001
P-31567,MM-010
PSV-31568,MM-006
FCV-31569,MM-004
XV-31570,MM-010
FCV-31571,MM-006
FT-31572,MM-006
XV-31573,MM-002
XV-31574,MM-010
TT-31575,MM-001
P-31576,MM-010
COL-31577,MM-008
XV-31578,MM-001
PT-31579,MM-007
TT-31580,MM-007
E-31581,MM-001
COL-31582,MM-007
K-31583,MM-008
LT-31584,MM-007
PT-31585,MM-003
V-31586,MM-004
PSV-31587,MM-001
K-31588,MM-004
FCV-31589,MM-003
COL-31590,MM-006
COL-31591,MM-007
V-31592,MM-004
PT-31593,MM-008
LT-31594,MM-009
TT-31595,MM-005
P-31596,MM-006
P-31597,MM-001
V-31598,MM-006
FCV-31599,MM-002
LT-31600,MM-010
PT-31601,MM-005
FT-31602,MM-010
K-31603,MM-006
XV-31604,MM-008
TT-31605,MM-003
XV-31606,MM-010
PT-31607,MM-002
P-31608,MM-008
FCV-31609,MM-009
TT-31610,MM-005
FCV-31611,MM-005
PSV-31612,MM-010
TT-31613,MM-010
COL-31614,MM-007
V-31615,MM-003
COL-31616,MM-005
P-31617,MM-008
P-31618,MM-003
COL-31619,MM-010
K-31620,MM-005
K-31621,MM-004
COL-31622,MM-006
PT-31623,MM-005
E-31624,MM-004
PSV-31625,MM-008
TT-31626,MM-003
P-31627,MM-003
XV-31628,MM-010
XV-31629,MM-005
COL-31630,MM-002
FT-31631,MM-006
COL-31632,MM-001
P-31633,MM-003
V-31634,MM-005
TT-31635,MM-003
TT-31636,MM-002
LT-31637,MM-001
P-31638,MM-009
COL-31639,MM-006
XV-31640,MM-006
FCV-31641,MM-002
K-31642,MM-002
PSV-31643,MM-009
P-31644,MM-008
K-31645,MM-002
P-31646,MM-004
PSV-31647,MM-010
LT-31648,MM-009
TT-31649,MM-005
FCV-31650,MM-004
XV-31651,MM-010
TT-31652,MM-008
LT-31653,MM-010
FT-31654,MM-009
COL-31655,MM-009
V-31656,MM-008
V-31657,MM-006
COL-31658,MM-007
V-31659,MM-008
V-31660,MM-010
COL-31661,MM-009
XV-31662,MM-006
TT-31663,MM-004
FCV-31664,MM-003
V-31665,MM-005
E-31666,MM-004
K-31667,MM-010
PSV-31668,MM-003
PSV-31669,MM-010
P-31670,MM-007
V-31671,MM-008
E-31672,MM-006
P-31673,MM-006
PSV-31674,MM-001
V-31675,MM-006
K-31676,MM-010
LT-31677,MM-006
PT-31678,MM-003
P-31679,MM-010
FT-31680,MM-006
LT-31681,MM-005
COL-31682,MM-010
XV-31683,MM-001
FCV-31684,MM-007
P-31685,MM-002
PT-31686,MM-006
K-31687,MM-004
K-31688,MM-007
PSV-31689,MM-001
TT-31690,MM-005
XV-31691,MM-010
P-31692,MM-008
V-31693,MM-001
COL-31694,MM-007
COL-31695,MM-001
E-31696,MM-002
TT-31697,MM-010
XV-31698,MM-007
PSV-31699,MM-004
COL-31700,MM-007
FT-31701,MM-002
P-31702,MM-003
XV-31703,MM-008
P-31704,MM-008
FCV-31705,MM-005
XV-31706,MM-008
LT-31707,MM-010
PT-31708,MM-005
P-31709,MM-004
FT-31710,MM-002
V-31711,MM-001
P-31712,MM-002
LT-31713,MM-005
PT-31714,MM-001
FT-31715,MM-005
COL-31716,MM-006
V-31717,MM-001
V-31718,MM-004
V-31719,MM-008
P-31720,MM-003
XV-31721,MM-009
COL-31722,MM-001
K-31723,MM-002
TT-31724,MM-009
COL-31725,MM-006
E-31726,MM-006
COL-31727,MM-008
FT-31728,MM-005
COL-31729,MM-006
PSV-31730,MM-008
LT-31731,MM-005
XV-31732,MM-004
XV-31733,MM-009
E-31734,MM-005
V-31735,MM-007
FCV-31736,MM-003
XV-31737,MM-001
V-31738,MM-003
FCV-31739,MM-001
PSV-31740,MM-001
LT-31741,MM-006
FCV-31742,MM-003
P-31743,MM-008
E-31744,MM-006
PT-31745,MM-006
LT-31746,MM-002
PSV-31747,MM-005
V-31748,MM-004
PT-31749,MM-009
V-31750,MM-001
FCV-31751,MM-001
COL-31752,MM-006
FCV-31753,MM-009
P-31754,MM-002
P-31755,MM-009
FT-31756,MM-009
LT-31757,MM-005
TT-31758,MM-003
P-31759,MM-001
PT-31760,MM-007
FCV-31761,MM-004
XV-31762,MM-004
V-31763,MM-004
P-31764,MM-008
PSV-31765,MM-002
XV-31766,MM-008
LT-31767,MM-006
V-31768,MM-003
K-31769,MM-009
P-31770,MM-008
PT-31771,MM-005
P-31772,MM-002
FT-31773,MM-005
E-31774,MM-002
LT-31775,MM-005
P-31776,MM-008
FT-31777,MM-005
LT-31778,MM-001
FT-31779,MM-007
XV-31780,MM-002
PT-31781,MM-006
K-31782,MM-006
FCV-31783,MM-007
XV-31784,MM-008
P-31785,MM-006
V-31786,MM-001
TT-31787,MM-010
FCV-31788,MM-010
E-31789,MM-007
XV-31790,MM-010
XV-31791,MM-003
FCV-31792,MM-008
FCV-31793,MM-010
V-31794,MM-008
PSV-31795,MM-010
COL-31796,MM-009
COL-31797,MM-007
COL-31798,MM-002
V-31799,MM-004
TT-31800,MM-003
PT-31801,MM-001
TT-31802,MM-008
P-31803,MM-008
E-31804,MM-004
V-31805,MM-005
FCV-31806,MM-002
COL-31807,MM-007
K-31808,MM-005
P-31809,MM-009
PSV-31810,MM-002
K-31811,MM-007
PT-31812,MM-009
FCV-31813,MM-005
PT-31814,MM-007
P-31815,MM-008
P-31816,MM-003
COL-31817,MM-009
PSV-31818,MM-001
K-31819,MM-007
E-31820,MM-009
K-31821,MM-010
K-31822,MM-005
TT-31823,MM-008
PSV-31824,MM-003
PSV-31825,MM-004
FT-31826,MM-010
FCV-31827,MM-002
E-31828,MM-004
FT-31829,MM-007
PT-31830,MM-005
P-31831,MM-006
XV-31832,MM-008
FT-31833,MM-006
P-31834,MM-005
K-31835,MM-008
K-31836,MM-001
P-31837,MM-003
COL-31838,MM-009
E-31839,MM-007
V-31840,MM-001
PT-31841,MM-004
PSV-31842,MM-003
PT-31843,MM-005
P-31844,MM-006
PSV-31845,MM-003
PT-31846,MM-003
P-31847,MM-004
V-31848,MM-010
P-31849,MM-003
PSV-31850,MM-008
FCV-31851,MM-004
FCV-31852,MM-008
PT-31853,MM-004
LT-31854,MM-002
XV-31855,MM-002
V-31856,MM-004
FCV-31857,MM-005
FT-31858,MM-005
XV-31859,MM-008
XV-31860,MM-006
XV-31861,MM-007
PT-31862,MM-006
PSV-31863,MM-001
COL-31864,MM-006
TT-31865,MM-009
COL-31866,MM-003
P-31867,MM-001
K-31868,MM-007
E-31869,MM-006
LT-31870,MM-009
K-31871,MM-005
COL-31872,MM-005
XV-31873,MM-006
COL-31874,MM-009
K-31875,MM-005
PSV-31876,MM-010
P-31877,MM-002
LT-31878,MM-002
COL-31879,MM-002
FCV-31880,MM-005
PSV-31881,MM-003
E-31882,MM-002
PSV-31883,MM-008
FT-31884,MM-004
P-31885,MM-007
LT-31886,MM-001
P-31887,MM-008
V-31888,MM-003
FT-31889,MM-005
XV-31890,MM-001
P-31891,MM-010
LT-31892,MM-001
K-31893,MM-005
P-31894,MM-003
TT-31895,MM-010
PSV-31896,MM-006
LT-31897,MM-008
PSV-31898,MM-010
FCV-31899,MM-007
K-31900,MM-004
PT-31901,MM-010
P-31902,MM-005
XV-31903,MM-004
V-31904,MM-005
FCV-31905,MM-002
FCV-31906,MM-010
COL-31907,MM-009
V-31908,MM-008
V-31909,MM-003
PT-31910,MM-002
P-31911,MM-009
COL-31912,MM-004
FT-31913,MM-003
V-31914,MM-009
PSV-31915,MM-004
PT-31916,MM-004
V-31917,MM-009
FT-31918,MM-006
XV-31919,MM-009
FCV-31920,MM-004
PT-31921,MM-001
V-31922,MM-004
P-31923,MM-010
FCV-31924,MM-010
PT-31925,MM-004
V-31926,MM-005
COL-31927,MM-002
P-31928,MM-004
COL-31929,MM-001
P-31930,MM-006
FCV-31931,MM-001
PT-31932,MM-010
TT-31933,MM-005
PSV-31934,MM-009
E-31935,MM-003
K-31936,MM-004
P-31937,MM-004
LT-31938,MM-002
V-31939,MM-001
P-31940,MM-004
P-31941,MM-010
V-31942,MM-001
P-31943,MM-002
TT-31944,MM-001
PSV-31945,MM-002
LT-31946,MM-001
PT-31947,MM-008
FCV-31948,MM-006
PSV-31949,MM-009
E-31950,MM-001
P-31951,MM-005
P-31952,MM-006
LT-31953,MM-007
XV-31954,MM-006
TT-31955,MM-008
P-31956,MM-006
E-31957,MM-010
TT-31958,MM-009
K-31959,MM-010
LT-31960,MM-009
FT-31961,MM-010
TT-31962,MM-003
PSV-31963,MM-005
PSV-31964,MM-009
LT-31965,MM-006
FT-31966,MM-009
COL-31967,MM-006
TT-31968,MM-001
V-31969,MM-010
PT-31970,MM-006
XV-31971,MM-003
V-31972,MM-003
COL-31973,MM-008
PT-31974,MM-009
LT-31975,MM-007
K-31976,MM-008
P-31977,MM-009
K-31978,MM-004
E-31979,MM-008
V-31980,MM-009
COL-31981,MM-004
FCV-31982,MM-001
PSV-31983,MM-007
FT-31984,MM-005
TT-31985,MM-010
K-31986,MM-010
PT-31987,MM-003
V-31988,MM-005
FCV-31989,MM-002
P-31990,MM-003
FT-31991,MM-007
K-31992,MM-003
COL-31993,MM-005
PT-31994,MM-002
P-31995,MM-008
TT-31996,MM-006
XV-31997,MM-005
P-31998,MM-009
P-31999,MM-005
TT-32000,MM-008
PT-32001,MM-009
LT-32002,MM-005
PT-32003,MM-006
FCV-32004,MM-002
COL-32005,MM-004
K-32006,MM-008
V-32007,MM-008
P-32008,MM-001
V-32009,MM-004
P-32010,MM-008
PSV-32011,MM-002
P-32012,MM-006
XV-32013,MM-005
FCV-32014,MM-009
FT-32015,MM-007
LT-32016,MM-006
E-32017,MM-010
COL-32018,MM-008
E-32019,MM-003
COL-32020,MM-007
P-32021,MM-006
XV-32022,MM-005
P-32023,MM-010
E-32024,MM-009
PT-32025,MM-009
FCV-32026,MM-009
COL-32027,MM-009
E-32028,MM-006
K-32029,MM-004
P-32030,MM-002
K-32031,MM-001
P-32032,MM-001
K-32033,MM-010
E-32034,MM-001
XV-32035,MM-002
LT-32036,MM-010
P-32037,MM-008
XV-32038,MM-002
P-32039,MM-007
LT-32040,MM-007
XV-32041,MM-002
TT-32042,MM-009
E-32043,MM-001
P-32044,MM-007
PSV-32045,MM-005
XV-32046,MM-007
V-32047,MM-001
E-32048,MM-008
PSV-32049,MM-003
P-32050,MM-003
P-32051,MM-005
XV-32052,MM-010
LT-32053,MM-008
FCV-32054,MM-007
FCV-32055,MM-004
TT-32056,MM-006
TT-32057,MM-007
P-32058,MM-010
V-32059,MM-007
PSV-32060,MM-006
K-32061,MM-003
PT-32062,MM-007
E-32063,MM-005
FCV-32064,MM-010
TT-32065,MM-006
E-32066,MM-010
FCV-32067,MM-004
COL-32068,MM-007
P-32069,MM-004
XV-32070,MM-010
V-32071,MM-001
V-32072,MM-006
K-32073,MM-001
COL-32074,MM-010
P-32075,MM-007
V-32076,MM-008
LT-32077,MM-008
COL-32078,MM-010
P-32079,MM-008
FCV-32080,MM-006
FCV-32081,MM-003
FCV-32082,MM-002
K-32083,MM-002
FT-32084,MM-005
TT-32085,MM-001
E-32086,MM-006
PSV-32087,MM-008
TT-32088,MM-001
PT-32089,MM-001
FT-32090,MM-006
XV-32091,MM-003
XV-32092,MM-010
FT-32093,MM-003
TT-32094,MM-010
LT-32095,MM-005
K-32096,MM-008
P-32097,MM-008
FT-32098,MM-008
PSV-32099,MM-008
V-32100,MM-008
XV-32101,MM-002
FCV-32102,MM-003
LT-32103,MM-007
K-32104,MM-007
P-32105,MM-005
LT-32106,MM-006
XV-32107,MM-005
TT-32108,MM-008
FCV-32109,MM-004
P-32110,MM-001
FT-32111,MM-010
LT-32112,MM-007
V-32113,MM-001
E-32114,MM-006
P-32115,MM-006
TT-32116,MM-007
PSV-32117,MM-009
PT-32118,MM-005
COL-32119,MM-002
LT-32120,MM-001
PT-32121,MM-009
FT-32122,MM-006
COL-32123,MM-007
V-32124,MM-009
PT-32125,MM-007
XV-32126,MM-006
FT-32127,MM-004
LT-32128,MM-006
LT-32129,MM-003
FT-32130,MM-002
E-32131,MM-002
P-32132,MM-002
FCV-32133,MM-005
FCV-32134,MM-009
LT-32135,MM-010
E-32136,MM-001
E-32137,MM-007
PT-32138,MM-002
XV-32139,MM-003
COL-32140,MM-006
FT-32141,MM-003
PSV-32142,MM-001
FT-32143,MM-005
COL-32144,MM-009
V-32145,MM-008
PT-32146,MM-003
P-32147,MM-004
K-32148,MM-001
V-32149,MM-003
P-32150,MM-005
FCV-32151,MM-002
E-32152,MM-010
PT-32153,MM-002
PT-32154,MM-009
FT-32155,MM-010
P-32156,MM-002
FT-32157,MM-004
PT-32158,MM-001
V-32159,MM-010
P-32160,MM-008
TT-32161,MM-002
P-32162,MM-002
PSV-32163,MM-006
P-32164,MM-003
XV-32165,MM-005
V-32166,MM-006
K-32167,MM-004
P-32168,MM-006
PT-32169,MM-009
PT-32170,MM-001
K-32171,MM-007
FCV-32172,MM-010
K-32173,MM-004
P-32174,MM-004
PSV-32175,MM-001
LT-32176,MM-005
LT-32177,MM-003
FT-32178,MM-005
COL-32179,MM-004
COL-32180,MM-006
LT-32181,MM-004
PT-32182,MM-001
E-32183,MM-010
TT-32184,MM-003
P-32185,MM-005
P-32186,MM-002
XV-32187,MM-005
FCV-32188,MM-009
PT-32189,MM-005
COL-32190,MM-003
E-32191,MM-007
COL-32192,MM-009
FCV-32193,MM-004
XV-32194,MM-002
FCV-32195,MM-005
LT-32196,MM-002
XV-32197,MM-002
E-32198,MM-006
PT-32199,MM-008
PT-32200,MM-005
FCV-32201,MM-003
P-32202,MM-007
LT-32203,MM-008
COL-32204,MM-007
E-32205,MM-007
P-32206,MM-003
COL-32207,MM-008
COL-32208,MM-003
P-32209,MM-001
E-32210,MM-007
V-32211,MM-009
TT-32212,MM-002
E-32213,MM-008
PSV-32214,MM-007
V-32215,MM-003
TT-32216,MM-009
K-32217,MM-010
FT-32218,MM-010
LT-32219,MM-007
PT-32220,MM-007
V-32221,MM-006
TT-32222,MM-005
LT-32223,MM-004
XV-32224,MM-005
COL-32225,MM-006
COL-32226,MM-003
K-32227,MM-004
K-32228,MM-006
COL-32229,MM-003
V-32230,MM-003
PSV-32231,MM-008
FT-32232,MM-004
PSV-32233,MM-004
P-32234,MM-004
K-32235,MM-003
V-32236,MM-010
E-32237,MM-008
PSV-32238,MM-001
XV-32239,MM-004
XV-32240,MM-008
TT-32241,MM-006
FT-32242,MM-009
TT-32243,MM-010
PT-32244,MM-009
V-32245,MM-003
V-32246,MM-002
FT-32247,MM-006
FT-32248,MM-009
FCV-32249,MM-001
COL-32250,MM-010
LT-32251,MM-008
XV-32252,MM-006
FCV-32253,MM-002
FCV-32254,MM-005
LT-32255,MM-003
FT-32256,MM-002
LT-32257,MM-005
PSV-32258,MM-009
FT-32259,MM-002
XV-32260,MM-005
V-32261,MM-002
XV-32262,MM-007
COL-32263,MM-002
COL-32264,MM-005
V-32265,MM-006
P-32266,MM-001
FT-32267,MM-001
P-32268,MM-007
PSV-32269,MM-002
COL-32270,MM-009
PT-32271,MM-005
E-32272,MM-002
TT-32273,MM-008
E-32274,MM-001
V-32275,MM-003
COL-32276,MM-010
P-32277,MM-008
P-32278,MM-010
E-32279,MM-008
K-32280,MM-001
PSV-32281,MM-004
PSV-32282,MM-008
XV-32283,MM-006
FCV-32284,MM-008
FT-32285,MM-010
FT-32286,MM-004
K-32287,MM-007
COL-32288,MM-007
TT-32289,MM-006
PT-32290,MM-003
FCV-32291,MM-006
K-32292,MM-007
K-32293,MM-004
FT-32294,MM-003
V-32295,MM-009
K-32296,MM-002
E-32297,MM-008
FCV-32298,MM-002
V-32299,MM-005
XV-32300,MM-009
PT-32301,MM-009
E-32302,MM-005
K-32303,MM-010
XV-32304,MM-001
TT-32305,MM-004
V-32306,MM-004
P-32307,MM-008
TT-32308,MM-004
P-32309,MM-002
P-32310,MM-008
PSV-32311,MM-002
COL-32312,MM-009
FCV-32313,MM-002
PSV-32314,MM-004
LT-32315,MM-003
PSV-32316,MM-006
FT-32317,MM-009
FCV-32318,MM-001
XV-32319,MM-006
K-32320,MM-004
COL-32321,MM-008
K-32322,MM-001
P-32323,MM-003
P-32324,MM-004
K-32325,MM-010
PSV-32326,MM-002
K-32327,MM-009
P-32328,MM-008
COL-32329,MM-002
P-32330,MM-004
COL-32331,MM-003
COL-32332,MM-005
V-32333,MM-006
K-32334,MM-001
P-32335,MM-001
PT-32336,MM-007
PT-32337,MM-009
E-32338,MM-006
XV-32339,MM-010
PT-32340,MM-009
P-32341,MM-001
P-32342,MM-010
COL-32343,MM-001
P-32344,MM-003
FCV-32345,MM-003
PT-32346,MM-008
COL-32347,MM-002
FT-32348,MM-003
P-32349,MM-008
P-32350,MM-007
K-32351,MM-007
E-32352,MM-003
PT-32353,MM-006
PSV-32354,MM-010
P-32355,MM-010
P-32356,MM-005
FT-32357,MM-010
K-32358,MM-003
COL-32359,MM-002
V-32360,MM-006
K-32361,MM-010
PT-32362,MM-001
V-32363,MM-005
FCV-32364,MM-007
FCV-32365,MM-008
TT-32366,MM-006
V-32367,MM-005
COL-32368,MM-006
V-32369,MM-007
E-32370,MM-003
TT-32371,MM-004
P-32372,MM-004
FCV-32373,MM-007
LT-32374,MM-005
FCV-32375,MM-003
E-32376,MM-010
PT-32377,MM-003
K-32378,MM-009
XV-32379,MM-003
PSV-32380,MM-004
COL-32381,MM-008
COL-32382,MM-006
COL-32383,MM-002
E-32384,MM-008
E-32385,MM-010
E-32386,MM-005
PT-32387,MM-004
P-32388,MM-009
P-32389,MM-003
XV-32390,MM-005
XV-32391,MM-006
V-32392,MM-007
P-32393,MM-002
FCV-32394,MM-004
COL-32395,MM-004
XV-32396,MM-007
PT-32397,MM-006
K-32398,MM-006
COL-32399,MM-006
P-32400,MM-009
E-32401,MM-005
P-32402,MM-005
PSV-32403,MM-003
FT-32404,MM-009
COL-32405,MM-006
FCV-32406,MM-010
PSV-32407,MM-004
P-32408,MM-004
P-32409,MM-008
E-32410,MM-004
P-32411,MM-005
PSV-32412,MM-007
TT-32413,MM-002
COL-32414,MM-008
TT-32415,MM-005
P-32416,MM-001
COL-32417,MM-009
XV-32418,MM-001
V-32419,MM-001
E-32420,MM-009
P-32421,MM-008
COL-32422,MM-005
TT-32423,MM-010
LT-32424,MM-004
TT-32425,MM-006
TT-32426,MM-009
PT-32427,MM-010
LT-32428,MM-008
K-32429,MM-008
P-32430,MM-009
K-32431,MM-002
COL-32432,MM-006
TT-32433,MM-003
K-32434,MM-005
LT-32435,MM-003
PT-32436,MM-008
E-32437,MM-006
COL-32438,MM-008
FT-32439,MM-005
COL-32440,MM-002
XV-32441,MM-009
FCV-32442,MM-010
PT-32443,MM-001
XV-32444,MM-005
K-32445,MM-003
FT-32446,MM-008
PT-32447,MM-006
TT-32448,MM-001
P-32449,MM-010
V-32450,MM-002
P-32451,MM-005
P-32452,MM-003
COL-32453,MM-005
FCV-32454,MM-007
FT-32455,MM-007
P-32456,MM-002
TT-32457,MM-007
V-32458,MM-006
LT-32459,MM-001
PT-32460,MM-005
V-32461,MM-010
FCV-32462,MM-001
LT-32463,MM-004
LT-32464,MM-009
FT-32465,MM-003
COL-32466,MM-003
FT-32467,MM-008
PT-32468,MM-004
E-32469,MM-007
K-32470,MM-005
P-32471,MM-007
PSV-32472,MM-005
E-32473,MM-004
V-32474,MM-004
TT-32475,MM-003
COL-32476,MM-006
COL-32477,MM-007
P-32478,MM-009
P-32479,MM-007
P-32480,MM-004
XV-32481,MM-006
COL-32482,MM-002
V-32483,MM-004
FCV-32484,MM-004
XV-32485,MM-004
V-32486,MM-007
P-32487,MM-006
PT-32488,MM-003
K-32489,MM-009
PT-32490,MM-008
FT-32491,MM-007
P-32492,MM-002
E-32493,MM-001
P-32494,MM-010
TT-32495,MM-009
K-32496,MM-003
K-32497,MM-006
PSV-32498,MM-005
V-32499,MM-009
COL-32500,MM-006
TT-32501,MM-005
XV-32502,MM-003
FT-32503,MM-005
PSV-32504,MM-009
XV-32505,MM-007
P-32506,MM-001
V-32507,MM-002
FCV-32508,MM-004
COL-32509,MM-007
LT-32510,MM-003
FCV-32511,MM-004
TT-32512,MM-007
FT-32513,MM-006
PSV-32514,MM-006
E-32515,MM-004
K-32516,MM-008
P-32517,MM-010
LT-32518,MM-009
LT-32519,MM-003
XV-32520,MM-003
P-32521,MM-007
V-32522,MM-004
TT-32523,MM-001
COL-32524,MM-010
FCV-32525,MM-001
LT-32526,MM-010
PT-32527,MM-005
FT-32528,MM-010
LT-32529,MM-002
P-32530,MM-001
K-32531,MM-007
XV-32532,MM-007
COL-32533,MM-002
LT-32534,MM-003
FCV-32535,MM-007
PT-32536,MM-005
P-32537,MM-002
COL-32538,MM-003
PT-32539,MM-010
FT-32540,MM-001
PT-32541,MM-009
P-32542,MM-001
E-32543,MM-010
P-32544,MM-009
FT-32545,MM-007
E-32546,MM-009
V-32547,MM-009
FCV-32548,MM-007
P-32549,MM-005
PSV-32550,MM-001
XV-32551,MM-010
PSV-32552,MM-008
V-32553,MM-006
K-32554,MM-004
XV-32555,MM-008
FCV-32556,MM-006
COL-32557,MM-006
P-32558,MM-005
XV-32559,MM-010
V-32560,MM-001
P-32561,MM-002
K-32562,MM-007
FT-32563,MM-008
LT-32564,MM-006
LT-32565,MM-007
FCV-32566,MM-007
P-32567,MM-004
LT-32568,MM-004
E-32569,MM-010
FCV-32570,MM-001
FT-32571,MM-004
LT-32572,MM-008
PSV-32573,MM-007
XV-32574,MM-001
COL-32575,MM-002
PSV-32576,MM-006
P-32577,MM-006
PT-32578,MM-007
TT-32579,MM-008
TT-32580,MM-010
P-32581,MM-003
XV-32582,MM-010
K-32583,MM-001
P-32584,MM-003
TT-32585,MM-008
FCV-32586,MM-004
PSV-32587,MM-004
K-32588,MM-008
COL-32589,MM-007
COL-32590,MM-002
P-32591,MM-002
FT-32592,MM-005
TT-32593,MM-010
TT-32594,MM-008
COL-32595,MM-003
COL-32596,MM-002
XV-32597,MM-006
LT-32598,MM-005
PT-32599,MM-006
FCV-32600,MM-001
V-32601,MM-010
PT-32602,MM-007
K-32603,MM-007
P-32604,MM-009
P-32605,MM-001
COL-32606,MM-008
XV-32607,MM-006
V-32608,MM-001
PT-32609,MM-002
LT-32610,MM-004
FT-32611,MM-008
FT-32612,MM-006
COL-32613,MM-001
V-32614,MM-010
FT-32615,MM-003
K-32616,MM-007
PSV-32617,MM-002
XV-32618,MM-009
COL-32619,MM-005
PT-32620,MM-007
LT-32621,MM-010
LT-32622,MM-002
E-32623,MM-007
PSV-32624,MM-010
LT-32625,MM-010
FCV-32626,MM-009
K-32627,MM-005
FCV-32628,MM-006
E-32629,MM-002
E-32630,MM-009
PT-32631,MM-009
PSV-32632,MM-007
E-32633,MM-009
P-32634,MM-009
FCV-32635,MM-010
PSV-32636,MM-008
P-32637,MM-009
E-32638,MM-005
PSV-32639,MM-006
K-32640,MM-010
E-32641,MM-007
E-32642,MM-010
FT-32643,MM-006
K-32644,MM-010
V-32645,MM-010
PSV-32646,MM-010
PSV-32647,MM-002
PSV-32648,MM-008
P-32649,MM-009
TT-32650,MM-006
P-32651,MM-007
P-32652,MM-010
PSV-32653,MM-006
K-32654,MM-005
P-32655,MM-007
TT-32656,MM-004
FCV-32657,MM-010
PT-32658,MM-006
LT-32659,MM-007
TT-32660,MM-009
LT-32661,MM-004
P-32662,MM-005
FT-32663,MM-003
TT-32664,MM-001
COL-32665,MM-006
K-32666,MM-009
K-32667,MM-001
K-32668,MM-006
K-32669,MM-008
XV-32670,MM-001
FCV-32671,MM-009
PT-32672,MM-006
PSV-32673,MM-003
P-32674,MM-010
PT-32675,MM-005
K-32676,MM-001
FCV-32677,MM-008
P-32678,MM-010
P-32679,MM-009
P-32680,MM-005
FT-32681,MM-010
PSV-32682,MM-010
V-32683,MM-006
K-32684,MM-008
P-32685,MM-008
COL-32686,MM-005
P-32687,MM-010
LT-32688,MM-004
E-32689,MM-004
PSV-32690,MM-007
P-32691,MM-009
P-32692,MM-010
E-32693,MM-008
LT-32694,MM-006
FT-32695,MM-009
FT-32696,MM-001
P-32697,MM-009
FT-32698,MM-008
P-32699,MM-002
FCV-32700,MM-005
E-32701,MM-002
PSV-32702,MM-009
COL-32703,MM-007
FT-32704,MM-009
XV-32705,MM-008
COL-32706,MM-003
TT-32707,MM-005
FCV-32708,MM-005
FT-32709,MM-005
FCV-32710,MM-009
P-32711,MM-010
XV-32712,MM-007
P-32713,MM-006
E-32714,MM-010
XV-32715,MM-006
LT-32716,MM-005
FCV-32717,MM-005
FCV-32718,MM-006
K-32719,MM-002
PSV-32720,MM-009
TT-32721,MM-001
V-32722,MM-003
PT-32723,MM-007
FT-32724,MM-006
FCV-32725,MM-009
LT-32726,MM-001
V-32727,MM-009
P-32728,MM-010
P-32729,MM-004
P-32730,MM-005
P-32731,MM-003
FT-32732,MM-001
P-32733,MM-008
PSV-32734,MM-004
TT-32735,MM-006
PSV-32736,MM-010
XV-32737,MM-002
PT-32738,MM-005
PSV-32739,MM-001
P-32740,MM-003
FCV-32741,MM-006
COL-32742,MM-003
V-32743,MM-007
XV-32744,MM-009
P-32745,MM-008
TT-32746,MM-004
FCV-32747,MM-010
K-32748,MM-003
K-32749,MM-002
LT-32750,MM-007
PT-32751,MM-008
PSV-32752,MM-002
LT-32753,MM-006
E-32754,MM-010
P-32755,MM-010
XV-32756,MM-007
LT-32757,MM-002
LT-32758,MM-007
FT-32759,MM-003
LT-32760,MM-010
LT-32761,MM-009
LT-32762,MM-001
PT-32763,MM-008
LT-32764,MM-008
K-32765,MM-010
FCV-32766,MM-005
FT-32767,MM-008
PT-32768,MM-010
K-32769,MM-003
K-32770,MM-010
E-32771,MM-007
FT-32772,MM-004
FT-32773,MM-008
E-32774,MM-006
E-32775,MM-001
P-32776,MM-001
FT-32777,MM-006
TT-32778,MM-001
V-32779,MM-010
TT-32780,MM-006
XV-32781,MM-001
PT-32782,MM-001
K-32783,MM-009
PSV-32784,MM-001
TT-32785,MM-007
V-32786,MM-006
PT-32787,MM-009
P-32788,MM-003
PT-32789,MM-007
E-32790,MM-010
PT-32791,MM-003
TT-32792,MM-008
XV-32793,MM-001
TT-32794,MM-004
K-32795,MM-009
P-32796,MM-008
K-32797,MM-002
P-32798,MM-007
V-32799,MM-009
TT-32800,MM-007
LT-32801,MM-010
LT-32802,MM-004
COL-32803,MM-002
FT-32804,MM-001
V-32805,MM-008
LT-32806,MM-009
FCV-32807,MM-005
V-32808,MM-005
E-32809,MM-004
TT-32810,MM-009
PSV-32811,MM-006
COL-32812,MM-004
LT-32813,MM-003
TT-32814,MM-003
XV-32815,MM-002
PT-32816,MM-006
COL-32817,MM-005
LT-32818,MM-008
TT-32819,MM-009
TT-32820,MM-005
V-32821,MM-010
PSV-32822,MM-010
LT-32823,MM-010
XV-32824,MM-004
PT-32825,MM-004
FT-32826,MM-005
PSV-32827,MM-005
TT-32828,MM-008
XV-32829,MM-001
V-32830,MM-003
XV-32831,MM-009
V-32832,MM-006
P-32833,MM-001
E-32834,MM-008
P-32835,MM-009
E-32836,MM-005
TT-32837,MM-008
P-32838,MM-006
FCV-32839,MM-008
PSV-32840,MM-009
FT-32841,MM-006
P-32842,MM-005
P-32843,MM-002
V-32844,MM-009
LT-32845,MM-008
COL-32846,MM-008
PT-32847,MM-008
FT-32848,MM-005
COL-32849,MM-008
PSV-32850,MM-003
V-32851,MM-001
XV-32852,MM-010
FCV-32853,MM-006
TT-32854,MM-010
P-32855,MM-005
XV-32856,MM-010
P-32857,MM-001
FCV-32858,MM-007
P-32859,MM-008
TT-32860,MM-004
LT-32861,MM-003
E-32862,MM-010
P-32863,MM-001
PSV-32864,MM-008
COL-32865,MM-001
PT-32866,MM-003
COL-32867,MM-009
PT-32868,MM-008
P-32869,MM-006
V-32870,MM-010
COL-32871,MM-003
PSV-32872,MM-004
P-32873,MM-002
PSV-32874,MM-007
P-32875,MM-003
TT-32876,MM-008
PT-32877,MM-008
P-32878,MM-006
P-32879,MM-002
PSV-32880,MM-010
PT-32881,MM-003
P-32882,MM-004
XV-32883,MM-003
FCV-32884,MM-009
TT-32885,MM-008
P-32886,MM-008
V-32887,MM-010
FCV-32888,MM-003
E-32889,MM-001
V-32890,MM-003
LT-32891,MM-003
FT-32892,MM-002
PT-32893,MM-003
P-32894,MM-010
FCV-32895,MM-002
P-32896,MM-001
TT-32897,MM-009
XV-32898,MM-006
FCV-32899,MM-010
V-32900,MM-006
K-32901,MM-001
TT-32902,MM-006
FT-32903,MM-001
XV-32904,MM-001
LT-32905,MM-009
K-32906,MM-009
PT-32907,MM-009
K-32908,MM-002
P-32909,MM-002
COL-32910,MM-003
E-32911,MM-004
K-32912,MM-009
K-32913,MM-007
PT-32914,MM-001
COL-32915,MM-009
PSV-32916,MM-003
TT-32917,MM-004
PT-32918,MM-004
PSV-32919,MM-001
P-32920,MM-003
PSV-32921,MM-009
XV-32922,MM-003
P-32923,MM-003
K-32924,MM-009
P-32925,MM-007
K-32926,MM-004
PT-32927,MM-002
TT-32928,MM-001
PSV-32929,MM-010
FCV-32930,MM-006
LT-32931,MM-004
P-32932,MM-003
COL-32933,MM-008
TT-32934,MM-003
FT-32935,MM-006
PT-32936,MM-005
XV-32937,MM-003
V-32938,MM-003
LT-32939,MM-003
P-32940,MM-008
E-32941,MM-004
XV-32942,MM-008
XV-32943,MM-003
PSV-32944,MM-004
PT-32945,MM-004
PT-32946,MM-006
XV-32947,MM-005
TT-32948,MM-008
FT-32949,MM-007
LT-32950,MM-008
P-32951,MM-002
V-32952,MM-008
PSV-32953,MM-002
PT-32954,MM-005
TT-32955,MM-006
PSV-32956,MM-010
FCV-32957,MM-001
COL-32958,MM-003
COL-32959,MM-010
P-32960,MM-002
V-32961,MM-008
PSV-32962,MM-004
COL-32963,MM-007
PSV-32964,MM-003
PSV-32965,MM-004
K-32966,MM-007
PT-32967,MM-005
PT-32968,MM-001
COL-32969,MM-009
P-32970,MM-007
FCV-32971,MM-008
LT-32972,MM-003
PSV-32973,MM-003
FCV-32974,MM-006
COL-32975,MM-006
K-32976,MM-010
XV-32977,MM-010
PSV-32978,MM-010
PSV-32979,MM-003
P-32980,MM-010
P-32981,MM-005
COL-32982,MM-010
V-32983,MM-005
P-32984,MM-010
FT-32985,MM-004
K-32986,MM-005
TT-32987,MM-008
COL-32988,MM-003
V-32989,MM-003
PSV-32990,MM-008
LT-32991,MM-004
TT-32992,MM-004
TT-32993,MM-009
FT-32994,MM-004
PSV-32995,MM-007
K-32996,MM-006
P-32997,MM-008
PSV-32998,MM-006
XV-32999,MM-010
V-33000,MM-006
XV-33001,MM-002
PSV-33002,MM-009
K-33003,MM-006
V-33004,MM-003
LT-33005,MM-001
XV-33006,MM-003
FCV-33007,MM-006
FCV-33008,MM-003
V-33009,MM-009
TT-33010,MM-002
FT-33011,MM-001
V-33012,MM-009
FCV-33013,MM-007
XV-33014,MM-007
XV-33015,MM-001
TT-33016,MM-002
FCV-33017,MM-007
XV-33018,MM-003
P-33019,MM-006
K-33020,MM-005
COL-33021,MM-005
PT-33022,MM-003
TT-33023,MM-008
LT-33024,MM-004
PT-33025,MM-007
K-33026,MM-009
PSV-33027,MM-001
P-33028,MM-001
COL-33029,MM-009
COL-33030,MM-005
LT-33031,MM-010
FCV-33032,MM-001
PSV-33033,MM-007
E-33034,MM-010
PSV-33035,MM-008
E-33036,MM-003
LT-33037,MM-009
COL-33038,MM-005
TT-33039,MM-001
COL-33040,MM-002
P-33041,MM-005
PT-33042,MM-006
P-33043,MM-003
E-33044,MM-009
P-33045,MM-009
P-33046,MM-006
XV-33047,MM-005
V-33048,MM-009
PT-33049,MM-001
PSV-33050,MM-009
P-33051,MM-006
K-33052,MM-002
P-33053,MM-010
P-33054,MM-008
FT-33055,MM-008
XV-33056,MM-008
E-33057,MM-005
TT-33058,MM-004
FT-33059,MM-003
FCV-33060,MM-002
XV-33061,MM-002
P-33062,MM-002
K-33063,MM-003
COL-33064,MM-004
FCV-33065,MM-006
LT-33066,MM-004
PSV-33067,MM-006
LT-33068,MM-006
TT-33069,MM-001
V-33070,MM-005
XV-33071,MM-006
P-33072,MM-009
P-33073,MM-001
COL-33074,MM-009
XV-33075,MM-006
FT-33076,MM-008
FCV-33077,MM-001
V-33078,MM-005
E-33079,MM-005
PSV-33080,MM-009
FCV-33081,MM-010
XV-33082,MM-010
PSV-33083,MM-010
PT-33084,MM-008
LT-33085,MM-005
LT-33086,MM-006
FT-33087,MM-002
LT-33088,MM-010
LT-33089,MM-003
V-33090,MM-009
P-33091,MM-006
LT-33092,MM-003
COL-33093,MM-003
PT-33094,MM-003
PT-33095,MM-002
TT-33096,MM-007
COL-33097,MM-006
PT-33098,MM-005
TT-33099,MM-003
P-33100,MM-005
PT-33101,MM-004
K-33102,MM-001
PSV-33103,MM-004
TT-33104,MM-005
XV-33105,MM-003
K-33106,MM-004
XV-33107,MM-006
P-33108,MM-008
PSV-33109,MM-004
LT-33110,MM-001
V-33111,MM-005
E-33112,MM-004
K-33113,MM-010
LT-33114,MM-004
XV-33115,MM-005
COL-33116,MM-009
K-33117,MM-001
E-33118,MM-007
FCV-33119,MM-001
XV-33120,MM-001
FT-33121,MM-006
XV-33122,MM-007
P-33123,MM-006
TT-33124,MM-002
PSV-33125,MM-009
P-33126,MM-009
FT-33127,MM-008
TT-33128,MM-007
E-33129,MM-003
COL-33130,MM-002
XV-33131,MM-008
FCV-33132,MM-002
PSV-33133,MM-004
E-33134,MM-008
FT-33135,MM-004
E-33136,MM-004
XV-33137,MM-005
PSV-33138,MM-005
XV-33139,MM-004
TT-33140,MM-008
E-33141,MM-003
E-33142,MM-010
COL-33143,MM-009
FT-33144,MM-007
TT-33145,MM-006
P-33146,MM-007
TT-33147,MM-010
COL-33148,MM-007
TT-33149,MM-006
LT-33150,MM-004
LT-33151,MM-007
E-33152,MM-005
LT-33153,MM-004
FT-33154,MM-010
FCV-33155,MM-001
TT-33156,MM-010
TT-33157,MM-002
FT-33158,MM-003
V-33159,MM-005
XV-33160,MM-004
LT-33161,MM-010
PSV-33162,MM-003
P-33163,MM-001
E-33164,MM-010
P-33165,MM-010
PT-33166,MM-003
PSV-33167,MM-007
E-33168,MM-003
V-33169,MM-003
PSV-33170,MM-005
V-33171,MM-007
PT-33172,MM-003
E-33173,MM-009
COL-33174,MM-006
V-33175,MM-007
TT-33176,MM-008
LT-33177,MM-004
TT-33178,MM-002
FT-33179,MM-007
P-33180,MM-008
COL-33181,MM-002
LT-33182,MM-001
PSV-33183,MM-005
FCV-33184,MM-009
COL-33185,MM-008
P-33186,MM-009
COL-33187,MM-004
P-33188,MM-004
PT-33189,MM-008
LT-33190,MM-006
P-33191,MM-004
FT-33192,MM-002
P-33193,MM-001
E-33194,MM-008
FT-33195,MM-004
PT-33196,MM-010
P-33197,MM-004
V-33198,MM-010
FT-33199,MM-008
FT-33200,MM-010
E-33201,MM-010
P-33202,MM-010
P-33203,MM-004
E-33204,MM-001
COL-33205,MM-004
TT-33206,MM-008
PSV-33207,MM-006
P-33208,MM-006
PT-33209,MM-002
LT-33210,MM-007
COL-33211,MM-004
P-33212,MM-004
COL-33213,MM-010
FCV-33214,MM-006
FCV-33215,MM-001
FT-33216,MM-002
COL-33217,MM-010
FCV-33218,MM-001
P-33219,MM-009
K-33220,MM-004
P-33221,MM-002
V-33222,MM-009
FCV-33223,MM-008
E-33224,MM-009
V-33225,MM-008
COL-33226,MM-002
P-33227,MM-007
K-33228,MM-007
PT-33229,MM-001
LT-33230,MM-001
P-33231,MM-009
P-33232,MM-001
TT-33233,MM-010
E-33234,MM-001
FCV-33235,MM-005
PT-33236,MM-002
FT-33237,MM-002
K-33238,MM-002
XV-33239,MM-008
PSV-33240,MM-003
P-33241,MM-003
PT-33242,MM-010
PSV-33243,MM-001
V-33244,MM-003
V-33245,MM-002
TT-33246,MM-010
PT-33247,MM-005
XV-33248,MM-010
TT-33249,MM-003
E-33250,MM-010
P-33251,MM-002
K-33252,MM-001
XV-33253,MM-010
E-33254,MM-009
E-33255,MM-003
COL-33256,MM-007
PT-33257,MM-006
V-33258,MM-005
P-33259,MM-003
XV-33260,MM-008
E-33261,MM-001
PSV-33262,MM-007
COL-33263,MM-008
PT-33264,MM-008
V-33265,MM-001
K-33266,MM-005
PT-33267,MM-009
V-33268,MM-003
K-33269,MM-010
PT-33270,MM-009
TT-33271,MM-006
V-33272,MM-005
PT-33273,MM-008
P-33274,MM-003
K-33275,MM-005
COL-33276,MM-005
FCV-33277,MM-007
V-33278,MM-007
PSV-33279,MM-001
XV-33280,MM-002
XV-33281,MM-005
LT-33282,MM-010
XV-33283,MM-004
COL-33284,MM-010
XV-33285,MM-005
FT-33286,MM-006
FT-33287,MM-007
PSV-33288,MM-001
LT-33289,MM-007
V-33290,MM-005
XV-33291,MM-006
TT-33292,MM-002
PT-33293,MM-004
K-33294,MM-001
P-33295,MM-010
XV-33296,MM-007
P-33297,MM-006
XV-33298,MM-004
E-33299,MM-005
P-33300,MM-008
COL-33301,MM-002
XV-33302,MM-008
V-33303,MM-010
PSV-33304,MM-004
PSV-33305,MM-008
E-33306,MM-003
PSV-33307,MM-007
PT-33308,MM-007
TT-33309,MM-001
FCV-33310,MM-009
FT-33311,MM-007
COL-33312,MM-010
FCV-33313,MM-009
K-33314,MM-008
K-33315,MM-001
P-33316,MM-001
FCV-33317,MM-003
V-33318,MM-006
FCV-33319,MM-010
TT-33320,MM-009
LT-33321,MM-006
V-33322,MM-001
FCV-33323,MM-003
V-33324,MM-008
XV-33325,MM-010
V-33326,MM-002
P-33327,MM-008
V-33328,MM-007
FT-33329,MM-003
TT-33330,MM-003
TT-33331,MM-002
PSV-33332,MM-005
PSV-33333,MM-003
LT-33334,MM-008
P-33335,MM-007
FCV-33336,MM-007
PT-33337,MM-001
FCV-33338,MM-003
PT-33339,MM-008
P-33340,MM-001
E-33341,MM-005
V-33342,MM-008
PSV-33343,MM-002
P-33344,MM-007
E-33345,MM-003
LT-33346,MM-005
PT-33347,MM-006
E-33348,MM-003
E-33349,MM-004
E-33350,MM-009
PSV-33351,MM-003
FT-33352,MM-009
K-33353,MM-006
PSV-33354,MM-003
FCV-33355,MM-008
XV-33356,MM-008
K-33357,MM-003
LT-33358,MM-008
V-33359,MM-007
K-33360,MM-010
E-33361,MM-004
P-33362,MM-002
P-33363,MM-010
P-33364,MM-005
P-33365,MM-006
LT-33366,MM-004
FCV-33367,MM-008
TT-33368,MM-009
P-33369,MM-006
COL-33370,MM-010
LT-33371,MM-007
K-33372,MM-007
LT-33373,MM-005
XV-33374,MM-010
K-33375,MM-001
FCV-33376,MM-007
TT-33377,MM-005
LT-33378,MM-002
XV-33379,MM-002
V-33380,MM-005
E-33381,MM-003
P-33382,MM-005
XV-33383,MM-010
COL-33384,MM-001
FT-33385,MM-009
FCV-33386,MM-010
PT-33387,MM-006
XV-33388,MM-004
FCV-33389,MM-003
PT-33390,MM-010
P-33391,MM-005
K-33392,MM-009
P-33393,MM-007
P-33394,MM-001
P-33395,MM-004
P-33396,MM-009
FT-33397,MM-008
V-33398,MM-002
K-33399,MM-010
XV-33400,MM-006
K-33401,MM-009
PSV-33402,MM-007
E-33403,MM-002
XV-33404,MM-009
PSV-33405,MM-001
P-33406,MM-003
K-33407,MM-009
E-33408,MM-001
P-33409,MM-003
E-33410,MM-006
V-33411,MM-009
PSV-33412,MM-002
K-33413,MM-009
PT-33414,MM-005
LT-33415,MM-008
E-33416,MM-008
LT-33417,MM-010
FCV-33418,MM-009
COL-33419,MM-010
K-33420,MM-001
PT-33421,MM-007
P-33422,MM-004
TT-33423,MM-001
COL-33424,MM-002
TT-33425,MM-009
PSV-33426,MM-005
E-33427,MM-002
E-33428,MM-008
P-33429,MM-008
V-33430,MM-005
E-33431,MM-005
P-33432,MM-005
FT-33433,MM-009
P-33434,MM-002
FCV-33435,MM-002
PT-33436,MM-003
P-33437,MM-006
V-33438,MM-009
COL-33439,MM-004
PSV-33440,MM-008
E-33441,MM-001
E-33442,MM-004
FCV-33443,MM-001
LT-33444,MM-010
FCV-33445,MM-009
PSV-33446,MM-009
FCV-33447,MM-004
LT-33448,MM-010
E-33449,MM-006
XV-33450,MM-007
TT-33451,MM-006
P-33452,MM-007
K-33453,MM-007
PSV-33454,MM-004
LT-33455,MM-001
P-33456,MM-008
E-33457,MM-002
P-33458,MM-002
FCV-33459,MM-005
K-33460,MM-004
V-33461,MM-005
P-33462,MM-010
P-33463,MM-003
P-33464,MM-006
V-33465,MM-008
P-33466,MM-003
K-33467,MM-010
P-33468,MM-009
FCV-33469,MM-009
FT-33470,MM-005
XV-33471,MM-001
LT-33472,MM-009
COL-33473,MM-010
FT-33474,MM-004
FT-33475,MM-008
LT-33476,MM-005
TT-33477,MM-001
E-33478,MM-002
P-33479,MM-010
P-33480,MM-010
K-33481,MM-002
FT-33482,MM-003
FT-33483,MM-002
V-33484,MM-006
PSV-33485,MM-006
PT-33486,MM-009
E-33487,MM-002
K-33488,MM-007
P-33489,MM-009
K-33490,MM-004
FCV-33491,MM-005
K-33492,MM-006
PT-33493,MM-001
FCV-33494,MM-001
XV-33495,MM-003
P-33496,MM-001
COL-33497,MM-006
PT-33498,MM-009
TT-33499,MM-006
PSV-33500,MM-006
PSV-33501,MM-007
P-33502,MM-001
PT-33503,MM-004
P-33504,MM-008
PSV-33505,MM-007
V-33506,MM-004
P-33507,MM-008
FT-33508,MM-007
E-33509,MM-007
P-33510,MM-006
V-33511,MM-005
P-33512,MM-002
XV-33513,MM-007
K-33514,MM-004
TT-33515,MM-008
V-33516,MM-009
LT-33517,MM-008
V-33518,MM-002
TT-33519,MM-003
P-33520,MM-001
COL-33521,MM-009
TT-33522,MM-001
V-33523,MM-010
COL-33524,MM-008
XV-33525,MM-003
V-33526,MM-001
E-33527,MM-009
LT-33528,MM-002
LT-33529,MM-010
XV-33530,MM-006
V-33531,MM-007
COL-33532,MM-002
FT-33533,MM-001
FT-33534,MM-006
COL-33535,MM-007
COL-33536,MM-009
PT-33537,MM-009
TT-33538,MM-010
K-33539,MM-010
COL-33540,MM-007
XV-33541,MM-002
K-33542,MM-009
P-33543,MM-010
K-33544,MM-004
P-33545,MM-002
COL-33546,MM-005
E-33547,MM-005
LT-33548,MM-005
E-33549,MM-001
PT-33550,MM-003
COL-33551,MM-005
PT-33552,MM-009
FT-33553,MM-008
LT-33554,MM-003
V-33555,MM-005
PSV-33556,MM-002
LT-33557,MM-003
PT-33558,MM-009
COL-33559,MM-005
FCV-33560,MM-001
P-33561,MM-008
COL-33562,MM-007
P-33563,MM-006
E-33564,MM-003
FT-33565,MM-006
K-33566,MM-008
V-33567,MM-008
V-33568,MM-003
LT-33569,MM-003
TT-33570,MM-003
PSV-33571,MM-004
P-33572,MM-004
V-33573,MM-005
XV-33574,MM-006
FCV-33575,MM-010
COL-33576,MM-003
XV-33577,MM-002
PSV-33578,MM-009
PT-33579,MM-008
XV-33580,MM-004
FT-33581,MM-001
PT-33582,MM-008
PSV-33583,MM-004
P-33584,MM-004
COL-33585,MM-010
V-33586,MM-003
P-33587,MM-004
PT-33588,MM-009
XV-33589,MM-002
PT-33590,MM-004
FT-33591,MM-005
FCV-33592,MM-009
PT-33593,MM-005
V-33594,MM-010
E-33595,MM-004
P-33596,MM-002
V-33597,MM-007
E-33598,MM-002
E-33599,MM-008
P-33600,MM-006
XV-33601,MM-005
COL-33602,MM-009
LT-33603,MM-005
FT-33604,MM-008
TT-33605,MM-007
COL-33606,MM-003
COL-33607,MM-002
LT-33608,MM-003
PT-33609,MM-008
XV-33610,MM-004
PSV-33611,MM-008
FT-33612,MM-002
K-33613,MM-005
COL-33614,MM-008
P-33615,MM-010
TT-33616,MM-002
P-33617,MM-006
TT-33618,MM-003
K-33619,MM-004
V-33620,MM-006
COL-33621,MM-001
K-33622,MM-004
FCV-33623,MM-003
V-33624,MM-006
PSV-33625,MM-004
PT-33626,MM-004
FT-33627,MM-002
LT-33628,MM-009
P-33629,MM-005
V-33630,MM-009
E-33631,MM-007
E-33632,MM-008
P-33633,MM-010
COL-33634,MM-007
P-33635,MM-006
P-33636,MM-008
PSV-33637,MM-002
P-33638,MM-004
PT-33639,MM-008
E-33640,MM-002
COL-33641,MM-008
COL-33642,MM-001
P-33643,MM-001
V-33644,MM-004
PT-33645,MM-009
PSV-33646,MM-002
LT-33647,MM-001
E-33648,MM-001
XV-33649,MM-004
K-33650,MM-008
PSV-33651,MM-003
P-33652,MM-005
V-33653,MM-010
P-33654,MM-009
COL-33655,MM-004
PSV-33656,MM-008
K-33657,MM-003
E-33658,MM-002
P-33659,MM-004
E-33660,MM-003
K-33661,MM-002
XV-33662,MM-008
TT-33663,MM-007
FT-33664,MM-009
FT-33665,MM-007
XV-33666,MM-001
FCV-33667,MM-009
XV-33668,MM-006
TT-33669,MM-005
TT-33670,MM-002
P-33671,MM-004
XV-33672,MM-003
PSV-33673,MM-005
FCV-33674,MM-003
P-33675,MM-009
PSV-33676,MM-004
PT-33677,MM-002
P-33678,MM-009
P-33679,MM-006
COL-33680,MM-010
V-33681,MM-005
V-33682,MM-001
COL-33683,MM-009
P-33684,MM-006
FCV-33685,MM-009
LT-33686,MM-001
XV-33687,MM-007
XV-33688,MM-010
TT-33689,MM-008
FT-33690,MM-002
FCV-33691,MM-007
LT-33692,MM-005
XV-33693,MM-010
TT-33694,MM-002
P-33695,MM-002
PT-33696,MM-005
K-33697,MM-004
TT-33698,MM-008
P-33699,MM-009
LT-33700,MM-007
FCV-33701,MM-003
COL-33702,MM-003
K-33703,MM-002
FCV-33704,MM-003
LT-33705,MM-002
P-33706,MM-005
PT-33707,MM-006
PSV-33708,MM-010
PT-33709,MM-001
COL-33710,MM-008
XV-33711,MM-007
K-33712,MM-004
PT-33713,MM-004
V-33714,MM-008
PT-33715,MM-001
E-33716,MM-007
COL-33717,MM-005
COL-33718,MM-006
PSV-33719,MM-009
FT-33720,MM-002
V-33721,MM-010
E-33722,MM-009
FT-33723,MM-006
PSV-33724,MM-006
TT-33725,MM-006
V-33726,MM-009
XV-33727,MM-002
V-33728,MM-004
COL-33729,MM-001
P-33730,MM-006
FCV-33731,MM-001
V-33732,MM-006
K-33733,MM-002
P-33734,MM-002
FCV-33735,MM-004
P-33736,MM-010
COL-33737,MM-007
FT-33738,MM-004
LT-33739,MM-007
FT-33740,MM-001
E-33741,MM-003
K-33742,MM-002
FCV-33743,MM-003
TT-33744,MM-007
FCV-33745,MM-009
K-33746,MM-010
V-33747,MM-010
FT-33748,MM-005
FT-33749,MM-001
K-33750,MM-001
PT-33751,MM-003
COL-33752,MM-008
V-33753,MM-005
P-33754,MM-003
PSV-33755,MM-006
P-33756,MM-009
P-33757,MM-007
FCV-33758,MM-007
PSV-33759,MM-001
P-33760,MM-005
FCV-33761,MM-003
XV-33762,MM-003
K-33763,MM-007
P-33764,MM-005
FT-33765,MM-002
PSV-33766,MM-002
XV-33767,MM-008
E-33768,MM-003
PSV-33769,MM-007
LT-33770,MM-006
FT-33771,MM-002
TT-33772,MM-010
COL-33773,MM-008
E-33774,MM-007
PT-33775,MM-007
P-33776,MM-004
P-33777,MM-009
XV-33778,MM-002
XV-33779,MM-005
LT-33780,MM-004
TT-33781,MM-002
PT-33782,MM-005
FT-33783,MM-002
FCV-33784,MM-008
P-33785,MM-010
K-33786,MM-001
P-33787,MM-006
E-33788,MM-009
PT-33789,MM-009
FCV-33790,MM-008
LT-33791,MM-003
PT-33792,MM-008
E-33793,MM-004
XV-33794,MM-006
COL-33795,MM-007
E-33796,MM-002
FT-33797,MM-001
PT-33798,MM-010
PT-33799,MM-005
K-33800,MM-007
P-33801,MM-005
V-33802,MM-003
TT-33803,MM-009
FCV-33804,MM-004
TT-33805,MM-005
XV-33806,MM-008
V-33807,MM-008
FT-33808,MM-009
V-33809,MM-002
E-33810,MM-006
P-33811,MM-001
FCV-33812,MM-001
XV-33813,MM-006
COL-33814,MM-002
COL-33815,MM-009
P-33816,MM-008
XV-33817,MM-006
V-33818,MM-007
V-33819,MM-010
FT-33820,MM-009
XV-33821,MM-008
PSV-33822,MM-001
TT-33823,MM-005
TT-33824,MM-009
FCV-33825,MM-006
COL-33826,MM-006
XV-33827,MM-008
XV-33828,MM-001
E-33829,MM-002
P-33830,MM-004
XV-33831,MM-006
TT-33832,MM-002
XV-33833,MM-010
TT-33834,MM-007
XV-33835,MM-002
LT-33836,MM-005
P-33837,MM-009
P-33838,MM-003
V-33839,MM-002
FCV-33840,MM-004
P-33841,MM-001
LT-33842,MM-003
FCV-33843,MM-006
PT-33844,MM-010
COL-33845,MM-008
PSV-33846,MM-007
PSV-33847,MM-004
E-33848,MM-009
COL-33849,MM-003
TT-33850,MM-004
E-33851,MM-007
LT-33852,MM-007
P-33853,MM-003
P-33854,MM-002
P-33855,MM-006
PT-33856,MM-007
FT-33857,MM-006
COL-33858,MM-003
FCV-33859,MM-009
P-33860,MM-004
COL-33861,MM-001
TT-33862,MM-004
PSV-33863,MM-006
P-33864,MM-008
FT-33865,MM-008
COL-33866,MM-009
COL-33867,MM-007
TT-33868,MM-002
P-33869,MM-004
E-33870,MM-001
PT-33871,MM-001
TT-33872,MM-005
K-33873,MM-005
COL-33874,MM-002
XV-33875,MM-006
COL-33876,MM-007
E-33877,MM-002
XV-33878,MM-009
PT-33879,MM-009
E-33880,MM-005
TT-33881,MM-008
E-33882,MM-003
E-33883,MM-010
PT-33884,MM-002
XV-33885,MM-001
COL-33886,MM-010
FCV-33887,MM-001
LT-33888,MM-004
TT-33889,MM-004
PT-33890,MM-005
PT-33891,MM-008
E-33892,MM-002
P-33893,MM-010
P-33894,MM-009
P-33895,MM-006
COL-33896,MM-009
FCV-33897,MM-007
TT-33898,MM-002
PT-33899,MM-006
LT-33900,MM-005
TT-33901,MM-002
TT-33902,MM-008
E-33903,MM-001
E-33904,MM-004
XV-33905,MM-010
PT-33906,MM-007
LT-33907,MM-008
LT-33908,MM-005
LT-33909,MM-006
LT-33910,MM-008
COL-33911,MM-009
E-33912,MM-003
PT-33913,MM-001
XV-33914,MM-008
P-33915,MM-007
P-33916,MM-001
TT-33917,MM-005
TT-33918,MM-006
E-33919,MM-010
V-33920,MM-002
COL-33921,MM-006
PT-33922,MM-005
XV-33923,MM-010
FCV-33924,MM-006
LT-33925,MM-010
FT-33926,MM-007
E-33927,MM-007
P-33928,MM-003
P-33929,MM-010
PT-33930,MM-008
PT-33931,MM-003
TT-33932,MM-009
PSV-33933,MM-001
V-33934,MM-006
COL-33935,MM-009
FT-33936,MM-010
PT-33937,MM-003
COL-33938,MM-008
P-33939,MM-009
E-33940,MM-004
LT-33941,MM-006
V-33942,MM-008
V-33943,MM-001
E-33944,MM-006
PSV-33945,MM-003
FCV-33946,MM-008
TT-33947,MM-010
TT-33948,MM-005
K-33949,MM-002
PSV-33950,MM-008
P-33951,MM-009
PSV-33952,MM-004
FCV-33953,MM-003
V-33954,MM-010
V-33955,MM-001
PSV-33956,MM-005
XV-33957,MM-001
P-33958,MM-003
K-33959,MM-006
P-33960,MM-009
COL-33961,MM-004
XV-33962,MM-007
V-33963,MM-010
E-33964,MM-010
K-33965,MM-007
V-33966,MM-007
LT-33967,MM-008
LT-33968,MM-003
PT-33969,MM-009
COL-33970,MM-006
TT-33971,MM-008
PT-33972,MM-009
E-33973,MM-010
COL-33974,MM-008
P-33975,MM-005
K-33976,MM-004
COL-33977,MM-008
TT-33978,MM-003
PT-33979,MM-005
XV-33980,MM-007
FCV-33981,MM-005
FT-33982,MM-009
K-33983,MM-007
P-33984,MM-009
V-33985,MM-003
COL-33986,MM-009
FCV-33987,MM-004
XV-33988,MM-004
TT-33989,MM-008
FCV-33990,MM-005
FCV-33991,MM-009
PT-33992,MM-010
COL-33993,MM-003
COL-33994,MM-002
XV-33995,MM-008
V-33996,MM-009
P-33997,MM-005
FT-33998,MM-010
V-33999,MM-005
FT-34000,MM-009
FT-34001,MM-001
FCV-34002,MM-004
E-34003,MM-004
P-34004,MM-005
E-34005,MM-001
PT-34006,MM-007
XV-34007,MM-009
E-34008,MM-006
COL-34009,MM-002
XV-34010,MM-008
P-34011,MM-008
COL-34012,MM-004
FT-34013,MM-001
PT-34014,MM-009
K-34015,MM-004
FT-34016,MM-003
K-34017,MM-003
P-34018,MM-003
V-34019,MM-004
XV-34020,MM-005
TT-34021,MM-002
LT-34022,MM-001
PSV-34023,MM-003
TT-34024,MM-007
XV-34025,MM-009
COL-34026,MM-007
FT-34027,MM-009
PSV-34028,MM-008
E-34029,MM-001
PT-34030,MM-010
TT-34031,MM-009
FT-34032,MM-004
FCV-34033,MM-008
K-34034,MM-008
FCV-34035,MM-010
LT-34036,MM-008
K-34037,MM-009
TT-34038,MM-001
FCV-34039,MM-010
FCV-34040,MM-010
E-34041,MM-007
COL-34042,MM-005
FT-34043,MM-006
FT-34044,MM-004
K-34045,MM-002
PSV-34046,MM-010
LT-34047,MM-004
FCV-34048,MM-010
FCV-34049,MM-003
K-34050,MM-003
XV-34051,MM-005
TT-34052,MM-009
V-34053,MM-007
E-34054,MM-007
PT-34055,MM-002
V-34056,MM-006
LT-34057,MM-008
K-34058,MM-008
PSV-34059,MM-003
COL-34060,MM-004
P-34061,MM-010
LT-34062,MM-005
E-34063,MM-007
FT-34064,MM-001
XV-34065,MM-006
E-34066,MM-004
V-34067,MM-010
P-34068,MM-007
PSV-34069,MM-004
P-34070,MM-002
V-34071,MM-007
PT-34072,MM-006
TT-34073,MM-007
FCV-34074,MM-007
P-34075,MM-005
V-34076,MM-004
V-34077,MM-005
PSV-34078,MM-004
E-34079,MM-009
PSV-34080,MM-001
XV-34081,MM-010
P-34082,MM-007
XV-34083,MM-003
FCV-34084,MM-010
TT-34085,MM-006
LT-34086,MM-007
V-34087,MM-003
FT-34088,MM-001
K-34089,MM-005
COL-34090,MM-002
LT-34091,MM-007
FCV-34092,MM-004
PT-34093,MM-001
E-34094,MM-009
P-34095,MM-009
P-34096,MM-010
E-34097,MM-006
PT-34098,MM-009
XV-34099,MM-004
P-34100,MM-006
V-34101,MM-008
P-34102,MM-003
PT-34103,MM-004
LT-34104,MM-002
TT-34105,MM-004
PT-34106,MM-004
TT-34107,MM-001
PT-34108,MM-006
XV-34109,MM-008
P-34110,MM-007
PSV-34111,MM-005
XV-34112,MM-009
PSV-34113,MM-003
V-34114,MM-001
K-34115,MM-008
V-34116,MM-008
K-34117,MM-005
FT-34118,MM-005
PSV-34119,MM-001
FCV-34120,MM-007
E-34121,MM-006
P-34122,MM-006
FCV-34123,MM-009
XV-34124,MM-008
FCV-34125,MM-010
LT-34126,MM-006
COL-34127,MM-009
FT-34128,MM-006
FCV-34129,MM-008
TT-34130,MM-005
PT-34131,MM-006
V-34132,MM-005
COL-34133,MM-008
P-34134,MM-005
V-34135,MM-003
LT-34136,MM-003
E-34137,MM-001
FT-34138,MM-009
PSV-34139,MM-007
PT-34140,MM-008
XV-34141,MM-004
FCV-34142,MM-003
FCV-34143,MM-002
PT-34144,MM-003
TT-34145,MM-007
PSV-34146,MM-001
PSV-34147,MM-006
FT-34148,MM-003
FT-34149,MM-002
FCV-34150,MM-009
LT-34151,MM-010
FT-34152,MM-007
V-34153,MM-001
TT-34154,MM-008
PT-34155,MM-010
TT-34156,MM-005
P-34157,MM-002
COL-34158,MM-005
V-34159,MM-006
FT-34160,MM-003
P-34161,MM-008
COL-34162,MM-010
P-34163,MM-007
FT-34164,MM-006
LT-34165,MM-009
P-34166,MM-004
LT-34167,MM-007
LT-34168,MM-008
E-34169,MM-008
PSV-34170,MM-006
P-34171,MM-003
COL-34172,MM-009
V-34173,MM-009
COL-34174,MM-004
P-34175,MM-004
P-34176,MM-009
V-34177,MM-001
K-34178,MM-008
XV-34179,MM-003
K-34180,MM-005
XV-34181,MM-008
FCV-34182,MM-004
XV-34183,MM-004
PT-34184,MM-002
TT-34185,MM-001
TT-34186,MM-004
LT-34187,MM-003
P-34188,MM-006
FT-34189,MM-005
K-34190,MM-006
V-34191,MM-006
LT-34192,MM-008
V-34193,MM-010
P-34194,MM-009
PT-34195,MM-010
PT-34196,MM-005
P-34197,MM-006
FT-34198,MM-009
FCV-34199,MM-007
LT-34200,MM-004
K-34201,MM-007
LT-34202,MM-001
P-34203,MM-008
E-34204,MM-010
LT-34205,MM-003
PT-34206,MM-009
V-34207,MM-003
P-34208,MM-007
E-34209,MM-003
P-34210,MM-001
TT-34211,MM-008
E-34212,MM-007
COL-34213,MM-005
V-34214,MM-002
LT-34215,MM-005
E-34216,MM-007
E-34217,MM-010
PSV-34218,MM-001
PT-34219,MM-005
P-34220,MM-002
K-34221,MM-005
COL-34222,MM-004
COL-34223,MM-009
PSV-34224,MM-006
XV-34225,MM-002
PT-34226,MM-002
PT-34227,MM-009
LT-34228,MM-008
V-34229,MM-004
TT-34230,MM-003
XV-34231,MM-005
FCV-34232,MM-001
P-34233,MM-008
COL-34234,MM-004
PT-34235,MM-004
FCV-34236,MM-007
PSV-34237,MM-004
V-34238,MM-010
PT-34239,MM-009
P-34240,MM-007
PSV-34241,MM-008
PT-34242,MM-005
LT-34243,MM-008
E-34244,MM-010
P-34245,MM-010
V-34246,MM-007
TT-34247,MM-008
E-34248,MM-001
LT-34249,MM-008
FT-34250,MM-006
FCV-34251,MM-004
FCV-34252,MM-009
XV-34253,MM-008
E-34254,MM-005
P-34255,MM-005
XV-34256,MM-008
P-34257,MM-007
PT-34258,MM-010
TT-34259,MM-008
P-34260,MM-008
PT-34261,MM-001
K-34262,MM-009
PSV-34263,MM-005
PT-34264,MM-001
FT-34265,MM-010
V-34266,MM-008
FT-34267,MM-008
PSV-34268,MM-008
COL-34269,MM-010
K-34270,MM-002
K-34271,MM-008
PT-34272,MM-009
K-34273,MM-004
FCV-34274,MM-005
XV-34275,MM-005
E-34276,MM-005
LT-34277,MM-005
LT-34278,MM-004
TT-34279,MM-004
K-34280,MM-006
FT-34281,MM-006
FT-34282,MM-007
LT-34283,MM-006
K-34284,MM-003
PSV-34285,MM-002
E-34286,MM-009
FCV-34287,MM-004
V-34288,MM-005
V-34289,MM-002
P-34290,MM-009
TT-34291,MM-002
LT-34292,MM-003
FT-34293,MM-004
FCV-34294,MM-007
V-34295,MM-007
FCV-34296,MM-002
K-34297,MM-004
COL-34298,MM-008
FCV-34299,MM-004
LT-34300,MM-008
TT-34301,MM-005
K-34302,MM-005
TT-34303,MM-002
V-34304,MM-006
PT-34305,MM-009
FT-34306,MM-010
P-34307,MM-007
TT-34308,MM-010
COL-34309,MM-007
FT-34310,MM-001
TT-34311,MM-003
COL-34312,MM-005
LT-34313,MM-001
FT-34314,MM-007
TT-34315,MM-004
FT-34316,MM-003
COL-34317,MM-001
P-34318,MM-005
COL-34319,MM-010
E-34320,MM-001
PT-34321,MM-003
LT-34322,MM-001
K-34323,MM-003
TT-34324,MM-006
E-34325,MM-010
COL-34326,MM-001
P-34327,MM-001
FCV-34328,MM-003
P-34329,MM-008
FCV-34330,MM-008
E-34331,MM-009
LT-34332,MM-005
E-34333,MM-004
P-34334,MM-002
K-34335,MM-003
P-34336,MM-005
E-34337,MM-008
P-34338,MM-009
V-34339,MM-003
FCV-34340,MM-003
P-34341,MM-005
P-34342,MM-001
FCV-34343,MM-001
PSV-34344,MM-003
P-34345,MM-001
PSV-34346,MM-009
PSV-34347,MM-001
P-34348,MM-003
FCV-34349,MM-003
FT-34350,MM-004
XV-34351,MM-004
FCV-34352,MM-001
K-34353,MM-001
FT-34354,MM-007
XV-34355,MM-010
PT-34356,MM-008
PT-34357,MM-003
P-34358,MM-005
XV-34359,MM-001
K-34360,MM-004
P-34361,MM-002
TT-34362,MM-010
LT-34363,MM-008
FT-34364,MM-010
TT-34365,MM-007
FT-34366,MM-008
XV-34367,MM-008
V-34368,MM-010
FCV-34369,MM-009
PSV-34370,MM-010
LT-34371,MM-010
FCV-34372,MM-009
LT-34373,MM-006
PSV-34374,MM-010
TT-34375,MM-002
XV-34376,MM-007
FT-34377,MM-010
XV-34378,MM-002
COL-34379,MM-009
XV-34380,MM-006
P-34381,MM-001
V-34382,MM-010
LT-34383,MM-004
XV-34384,MM-006
XV-34385,MM-009
V-34386,MM-008
K-34387,MM-006
E-34388,MM-008
P-34389,MM-005
FT-34390,MM-008
E-34391,MM-008
PSV-34392,MM-003
P-34393,MM-010
PSV-34394,MM-008
FT-34395,MM-004
LT-34396,MM-007
E-34397,MM-009
TT-34398,MM-001
PT-34399,MM-003
K-34400,MM-010
P-34401,MM-006
V-34402,MM-001
P-34403,MM-002
XV-34404,MM-003
TT-34405,MM-006
COL-34406,MM-008
XV-34407,MM-003
FT-34408,MM-009
LT-34409,MM-001
FT-34410,MM-010
FCV-34411,MM-006
PSV-34412,MM-005
E-34413,MM-001
P-34414,MM-006
XV-34415,MM-005
PSV-34416,MM-005
LT-34417,MM-008
PSV-34418,MM-007
V-34419,MM-005
K-34420,MM-004
FCV-34421,MM-003
FCV-34422,MM-004
K-34423,MM-002
V-34424,MM-004
COL-34425,MM-006
PT-34426,MM-005
P-34427,MM-006
V-34428,MM-005
V-34429,MM-001
PSV-34430,MM-005
XV-34431,MM-003
E-34432,MM-007
K-34433,MM-006
K-34434,MM-007
P-34435,MM-005
XV-34436,MM-010
TT-34437,MM-001
P-34438,MM-010
TT-34439,MM-008
P-34440,MM-008
FCV-34441,MM-008
E-34442,MM-008
P-34443,MM-009
FCV-34444,MM-008
V-34445,MM-002
TT-34446,MM-007
FCV-34447,MM-008
FT-34448,MM-003
FCV-34449,MM-005
PSV-34450,MM-007
P-34451,MM-004
FT-34452,MM-002
XV-34453,MM-007
PSV-34454,MM-007
LT-34455,MM-007
E-34456,MM-002
E-34457,MM-008
TT-34458,MM-001
PT-34459,MM-003
TT-34460,MM-009
COL-34461,MM-001
PT-34462,MM-003
TT-34463,MM-009
TT-34464,MM-007
K-34465,MM-007
LT-34466,MM-005
LT-34467,MM-004
FCV-34468,MM-009
E-34469,MM-005
FCV-34470,MM-004
LT-34471,MM-005
COL-34472,MM-008
TT-34473,MM-007
TT-34474,MM-004
FT-34475,MM-003
P-34476,MM-006
E-34477,MM-010
XV-34478,MM-008
XV-34479,MM-001
FT-34480,MM-007
K-34481,MM-005
E-34482,MM-010
P-34483,MM-003
LT-34484,MM-005
PSV-34485,MM-007
P-34486,MM-003
E-34487,MM-005
LT-34488,MM-005
K-34489,MM-005
FCV-34490,MM-005
XV-34491,MM-005
COL-34492,MM-004
FCV-34493,MM-010
TT-34494,MM-006
PSV-34495,MM-010
TT-34496,MM-010
XV-34497,MM-003
E-34498,MM-007
P-34499,MM-007
K-34500,MM-001
P-34501,MM-001
LT-34502,MM-003
P-34503,MM-009
LT-34504,MM-008
V-34505,MM-005
PT-34506,MM-008
P-34507,MM-005
XV-34508,MM-009
COL-34509,MM-003
P-34510,MM-001
COL-34511,MM-009
FT-34512,MM-004
XV-34513,MM-010
LT-34514,MM-003
LT-34515,MM-010
E-34516,MM-006
V-34517,MM-004
TT-34518,MM-007
K-34519,MM-002
LT-34520,MM-010
COL-34521,MM-001
XV-34522,MM-010
LT-34523,MM-007
PT-34524,MM-010
LT-34525,MM-009
K-34526,MM-009
E-34527,MM-003
COL-34528,MM-004
XV-34529,MM-008
FCV-34530,MM-010
K-34531,MM-004
E-34532,MM-008
TT-34533,MM-010
FCV-34534,MM-010
LT-34535,MM-001
XV-34536,MM-001
FT-34537,MM-009
V-34538,MM-007
FT-34539,MM-010
V-34540,MM-001
V-34541,MM-004
TT-34542,MM-010
COL-34543,MM-002
FT-34544,MM-001
V-34545,MM-009
PSV-34546,MM-004
FT-34547,MM-003
FT-34548,MM-002
FCV-34549,MM-009
LT-34550,MM-007
K-34551,MM-003
FCV-34552,MM-008
TT-34553,MM-008
V-34554,MM-005
PSV-34555,MM-002
P-34556,MM-004
LT-34557,MM-004
V-34558,MM-001
PSV-34559,MM-005
LT-34560,MM-002
COL-34561,MM-007
FT-34562,MM-001
PT-34563,MM-008
PT-34564,MM-003
TT-34565,MM-005
XV-34566,MM-001
E-34567,MM-002
P-34568,MM-004
E-34569,MM-003
LT-34570,MM-009
COL-34571,MM-010
LT-34572,MM-007
FCV-34573,MM-008
FT-34574,MM-003
XV-34575,MM-010
COL-34576,MM-004
P-34577,MM-002
PT-34578,MM-005
XV-34579,MM-004
LT-34580,MM-006
COL-34581,MM-001
K-34582,MM-007
FT-34583,MM-007
PT-34584,MM-008
COL-34585,MM-002
P-34586,MM-002
FCV-34587,MM-002
E-34588,MM-002
FCV-34589,MM-001
LT-34590,MM-007
V-34591,MM-001
TT-34592,MM-005
FCV-34593,MM-004
COL-34594,MM-002
FCV-34595,MM-003
P-34596,MM-008
FCV-34597,MM-009
LT-34598,MM-003
COL-34599,MM-001
FCV-34600,MM-008
FT-34601,MM-006
PSV-34602,MM-003
FCV-34603,MM-005
V-34604,MM-004
P-34605,MM-009
K-34606,MM-004
P-34607,MM-004
E-34608,MM-010
P-34609,MM-003
PT-34610,MM-010
FT-34611,MM-007
PT-34612,MM-006
PSV-34613,MM-010
XV-34614,MM-001
PT-34615,MM-003
TT-34616,MM-009
V-34617,MM-009
K-34618,MM-004
E-34619,MM-006
P-34620,MM-005
TT-34621,MM-002
LT-34622,MM-007
P-34623,MM-009
P-34624,MM-005
E-34625,MM-008
V-34626,MM-008
TT-34627,MM-010
P-34628,MM-004
LT-34629,MM-004
P-34630,MM-001
LT-34631,MM-003
E-34632,MM-001
P-34633,MM-003
TT-34634,MM-006
PT-34635,MM-007
FT-34636,MM-008
PSV-34637,MM-009
E-34638,MM-003
XV-34639,MM-005
LT-34640,MM-003
FCV-34641,MM-004
K-34642,MM-002
PT-34643,MM-004
COL-34644,MM-005
V-34645,MM-003
TT-34646,MM-009
K-34647,MM-001
PSV-34648,MM-002
LT-34649,MM-010
XV-34650,MM-001
PT-34651,MM-003
P-34652,MM-004
P-34653,MM-008
XV-34654,MM-006
FT-34655,MM-007
V-34656,MM-010
P-34657,MM-007
TT-34658,MM-010
FT-34659,MM-007
V-34660,MM-007
TT-34661,MM-006
XV-34662,MM-003
TT-34663,MM-010
LT-34664,MM-001
FCV-34665,MM-002
FT-34666,MM-009
P-34667,MM-010
LT-34668,MM-002
COL-34669,MM-004
P-34670,MM-006
P-34671,MM-008
XV-34672,MM-004
PSV-34673,MM-008
E-34674,MM-007
FT-34675,MM-008
COL-34676,MM-008
COL-34677,MM-001
E-34678,MM-007
PSV-34679,MM-009
FCV-34680,MM-002
COL-34681,MM-006
E-34682,MM-006
P-34683,MM-008
P-34684,MM-003
K-34685,MM-008
P-34686,MM-009
PSV-34687,MM-002
P-34688,MM-007
PSV-34689,MM-003
FT-34690,MM-009
PT-34691,MM-002
FT-34692,MM-002
PT-34693,MM-001
LT-34694,MM-001
FCV-34695,MM-002
LT-34696,MM-008
P-34697,MM-007
XV-34698,MM-001
COL-34699,MM-002
P-34700,MM-010
P-34701,MM-009
COL-34702,MM-004
P-34703,MM-002
K-34704,MM-003
FT-34705,MM-008
FCV-34706,MM-001
K-34707,MM-003
P-34708,MM-010
XV-34709,MM-007
LT-34710,MM-005
E-34711,MM-004
V-34712,MM-002
COL-34713,MM-006
XV-34714,MM-007
K-34715,MM-005
TT-34716,MM-001
XV-34717,MM-006
PT-34718,MM-002
E-34719,MM-003
P-34720,MM-003
LT-34721,MM-007
K-34722,MM-001
P-34723,MM-003
P-34724,MM-002
FCV-34725,MM-006
V-34726,MM-006
FT-34727,MM-007
E-34728,MM-003
PT-34729,MM-003
TT-34730,MM-008
LT-34731,MM-004
P-34732,MM-001
K-34733,MM-008
P-34734,MM-007
FT-34735,MM-006
P-34736,MM-005
P-34737,MM-006
P-34738,MM-001
P-34739,MM-004
FT-34740,MM-002
V-34741,MM-003
P-34742,MM-006
FCV-34743,MM-004
PT-34744,MM-010
FT-34745,MM-007
E-34746,MM-007
K-34747,MM-006
FT-34748,MM-003
P-34749,MM-009
TT-34750,MM-004
E-34751,MM-009
P-34752,MM-009
TT-34753,MM-010
COL-34754,MM-008
TT-34755,MM-001
LT-34756,MM-008
FCV-34757,MM-007
PT-34758,MM-005
V-34759,MM-001
COL-34760,MM-008
XV-34761,MM-005
PSV-34762,MM-005
PT-34763,MM-005
PT-34764,MM-006
PSV-34765,MM-002
TT-34766,MM-009
P-34767,MM-008
P-34768,MM-006
K-34769,MM-009
TT-34770,MM-007
PSV-34771,MM-004
COL-34772,MM-007
XV-34773,MM-003
E-34774,MM-004
P-34775,MM-002
COL-34776,MM-007
XV-34777,MM-004
PSV-34778,MM-010
PT-34779,MM-009
E-34780,MM-005
XV-34781,MM-007
PSV-34782,MM-007
FT-34783,MM-005
V-34784,MM-002
LT-34785,MM-005
P-34786,MM-003
TT-34787,MM-007
P-34788,MM-010
LT-34789,MM-005
K-34790,MM-010
TT-34791,MM-006
XV-34792,MM-004
LT-34793,MM-010
P-34794,MM-009
K-34795,MM-002
XV-34796,MM-005
FCV-34797,MM-007
K-34798,MM-010
P-34799,MM-004
PT-34800,MM-005
K-34801,MM-004
XV-34802,MM-005
FT-34803,MM-002
TT-34804,MM-002
XV-34805,MM-009
PSV-34806,MM-010
V-34807,MM-006
P-34808,MM-002
PT-34809,MM-009
P-34810,MM-003
PT-34811,MM-007
FT-34812,MM-006
PT-34813,MM-005
TT-34814,MM-009
PSV-34815,MM-010
E-34816,MM-005
XV-34817,MM-008
COL-34818,MM-001
P-34819,MM-001
COL-34820,MM-005
XV-34821,MM-003
V-34822,MM-007
E-34823,MM-007
E-34824,MM-010
K-34825,MM-007
COL-34826,MM-008
PT-34827,MM-008
FCV-34828,MM-006
PSV-34829,MM-008
P-34830,MM-010
E-34831,MM-004
LT-34832,MM-003
PT-34833,MM-008
PT-34834,MM-001
XV-34835,MM-007
K-34836,MM-001
P-34837,MM-003
FCV-34838,MM-007
E-34839,MM-006
COL-34840,MM-002
V-34841,MM-010
XV-34842,MM-001
LT-34843,MM-009
V-34844,MM-004
PSV-34845,MM-001
K-34846,MM-004
XV-34847,MM-009
P-34848,MM-008
FT-34849,MM-010
FT-34850,MM-010
K-34851,MM-006
V-34852,MM-006
COL-34853,MM-007
TT-34854,MM-003
FT-34855,MM-008
PSV-34856,MM-005
XV-34857,MM-007
P-34858,MM-003
V-34859,MM-005
FCV-34860,MM-006
TT-34861,MM-004
P-34862,MM-005
P-34863,MM-009
V-34864,MM-005
P-34865,MM-002
V-34866,MM-008
E-34867,MM-007
P-34868,MM-002
PSV-34869,MM-005
LT-34870,MM-010
K-34871,MM-009
FT-34872,MM-010
PSV-34873,MM-010
E-34874,MM-005
FCV-34875,MM-010
FT-34876,MM-008
E-34877,MM-009
LT-34878,MM-010
P-34879,MM-005
COL-34880,MM-008
PSV-34881,MM-003
PSV-34882,MM-010
FT-34883,MM-006
FCV-34884,MM-010
PT-34885,MM-001
PT-34886,MM-002
FCV-34887,MM-004
FCV-34888,MM-010
P-34889,MM-004
XV-34890,MM-001
P-34891,MM-007
FT-34892,MM-006
P-34893,MM-008
FCV-34894,MM-008
COL-34895,MM-005
K-34896,MM-001
V-34897,MM-001
FCV-34898,MM-001
FCV-34899,MM-006
FT-34900,MM-009
PSV-34901,MM-010
PSV-34902,MM-005
P-34903,MM-003
COL-34904,MM-010
PT-34905,MM-007
V-34906,MM-006
FCV-34907,MM-010
FCV-34908,MM-005
V-34909,MM-005
XV-34910,MM-005
P-34911,MM-009
K-34912,MM-010
PSV-34913,MM-007
E-34914,MM-010
P-34915,MM-001
E-34916,MM-006
PT-34917,MM-006
XV-34918,MM-005
P-34919,MM-002
P-34920,MM-008
V-34921,MM-007
K-34922,MM-009
PT-34923,MM-009
FT-34924,MM-006
P-34925,MM-005
LT-34926,MM-004
FT-34927,MM-008
XV-34928,MM-009
FCV-34929,MM-004
P-34930,MM-005
TT-34931,MM-008
E-34932,MM-010
LT-34933,MM-008
V-34934,MM-004
LT-34935,MM-004
PSV-34936,MM-002
P-34937,MM-010
V-34938,MM-009
P-34939,MM-001
TT-34940,MM-008
V-34941,MM-005
P-34942,MM-010
K-34943,MM-008
FCV-34944,MM-002
XV-34945,MM-004
K-34946,MM-009
FT-34947,MM-004
PSV-34948,MM-007
XV-34949,MM-009
P-34950,MM-007
P-34951,MM-003
PSV-34952,MM-008
XV-34953,MM-001
PSV-34954,MM-010
V-34955,MM-004
V-34956,MM-007
FT-34957,MM-010
XV-34958,MM-008
FCV-34959,MM-004
P-34960,MM-003
E-34961,MM-008
P-34962,MM-008
FCV-34963,MM-009
P-34964,MM-002
FCV-34965,MM-010
COL-34966,MM-010
FT-34967,MM-003
LT-34968,MM-010
PT-34969,MM-005
K-34970,MM-008
P-34971,MM-006
COL-34972,MM-005
COL-34973,MM-006
XV-34974,MM-007
PSV-34975,MM-007
PSV-34976,MM-008
P-34977,MM-009
PSV-34978,MM-006
PSV-34979,MM-008
V-34980,MM-008
PT-34981,MM-001
E-34982,MM-008
V-34983,MM-008
COL-34984,MM-010
P-34985,MM-004
V-34986,MM-006
XV-34987,MM-004
V-34988,MM-004
PT-34989,MM-007
XV-34990,MM-005
P-34991,MM-010
FT-34992,MM-002
PSV-34993,MM-004
E-34994,MM-010
LT-34995,MM-002
FCV-34996,MM-009
PSV-34997,MM-008
V-34998,MM-008
P-34999,MM-010
PT-35000,MM-002
COL-35001,MM-005
K-35002,MM-007
XV-35003,MM-009
V-35004,MM-010
V-35005,MM-003
COL-35006,MM-008
TT-35007,MM-005
P-35008,MM-003
FT-35009,MM-005
V-35010,MM-009
E-35011,MM-002
COL-35012,MM-008
PSV-35013,MM-001
PSV-35014,MM-010
PSV-35015,MM-009
TT-35016,MM-001
V-35017,MM-010
XV-35018,MM-005
XV-35019,MM-006
TT-35020,MM-010
LT-35021,MM-001
V-35022,MM-009
E-35023,MM-004
XV-35024,MM-006
TT-35025,MM-003
FCV-35026,MM-005
PSV-35027,MM-009
PSV-35028,MM-005
K-35029,MM-004
XV-35030,MM-007
PSV-35031,MM-003
COL-35032,MM-005
P-35033,MM-010
PT-35034,MM-008
TT-35035,MM-006
COL-35036,MM-005
COL-35037,MM-001
COL-35038,MM-007
XV-35039,MM-010
K-35040,MM-003
PSV-35041,MM-010
E-35042,MM-009
FCV-35043,MM-004
P-35044,MM-006
E-35045,MM-009
PSV-35046,MM-003
P-35047,MM-005
XV-35048,MM-010
V-35049,MM-009
E-35050,MM-010
XV-35051,MM-006
PSV-35052,MM-003
PSV-35053,MM-004
LT-35054,MM-007
PSV-35055,MM-005
FT-35056,MM-009
LT-35057,MM-006
PSV-35058,MM-010
V-35059,MM-006
P-35060,MM-010
COL-35061,MM-003
LT-35062,MM-006
P-35063,MM-007
FT-35064,MM-004
PT-35065,MM-005
E-35066,MM-007
P-35067,MM-008
E-35068,MM-002
K-35069,MM-008
P-35070,MM-009
FT-35071,MM-009
TT-35072,MM-007
E-35073,MM-001
PT-35074,MM-003
V-35075,MM-010
TT-35076,MM-007
P-35077,MM-001
FCV-35078,MM-001
FCV-35079,MM-005
LT-35080,MM-006
PSV-35081,MM-010
K-35082,MM-001
P-35083,MM-001
V-35084,MM-004
K-35085,MM-006
K-35086,MM-004
P-35087,MM-004
E-35088,MM-003
FCV-35089,MM-009
FCV-35090,MM-006
P-35091,MM-010
XV-35092,MM-002
TT-35093,MM-009
TT-35094,MM-001
K-35095,MM-004
PSV-35096,MM-006
PSV-35097,MM-003
P-35098,MM-007
LT-35099,MM-001
FT-35100,MM-005
COL-35101,MM-006
K-35102,MM-009
P-35103,MM-009
COL-35104,MM-005
P-35105,MM-002
E-35106,MM-001
K-35107,MM-002
LT-35108,MM-003
E-35109,MM-005
TT-35110,MM-010
E-35111,MM-006
PSV-35112,MM-007
COL-35113,MM-004
E-35114,MM-008
E-35115,MM-003
E-35116,MM-007
PSV-35117,MM-009
PT-35118,MM-008
TT-35119,MM-002
V-35120,MM-007
E-35121,MM-007
E-35122,MM-002
PT-35123,MM-002
PSV-35124,MM-006
FCV-35125,MM-008
K-35126,MM-006
K-35127,MM-001
K-35128,MM-004
XV-35129,MM-010
P-35130,MM-006
K-35131,MM-002
PT-35132,MM-002
COL-35133,MM-007
XV-35134,MM-010
K-35135,MM-006
P-35136,MM-008
PSV-35137,MM-006
TT-35138,MM-006
K-35139,MM-001
FT-35140,MM-005
XV-35141,MM-008
PT-35142,MM-009
XV-35143,MM-002
TT-35144,MM-007
COL-35145,MM-003
PSV-35146,MM-004
XV-35147,MM-008
LT-35148,MM-002
P-35149,MM-003
TT-35150,MM-008
COL-35151,MM-007
LT-35152,MM-009
K-35153,MM-009
COL-35154,MM-006
PSV-35155,MM-002
V-35156,MM-010
P-35157,MM-008
K-35158,MM-007
FT-35159,MM-007
P-35160,MM-005
E-35161,MM-004
LT-35162,MM-003
E-35163,MM-003
PT-35164,MM-001
XV-35165,MM-010
PSV-35166,MM-010
P-35167,MM-010
FT-35168,MM-003
TT-35169,MM-003
P-35170,MM-003
P-35171,MM-004
K-35172,MM-001
P-35173,MM-005
XV-35174,MM-009
P-35175,MM-007
XV-35176,MM-002
E-35177,MM-006
K-35178,MM-005
LT-35179,MM-008
V-35180,MM-002
FT-35181,MM-006
PT-35182,MM-005
XV-35183,MM-009
FCV-35184,MM-006
XV-35185,MM-002
P-35186,MM-004
COL-35187,MM-001
COL-35188,MM-005
PT-35189,MM-004
P-35190,MM-009
FCV-35191,MM-010
E-35192,MM-007
K-35193,MM-006
XV-35194,MM-006
FT-35195,MM-001
V-35196,MM-009
E-35197,MM-004
V-35198,MM-006
P-35199,MM-008
V-35200,MM-006
PT-35201,MM-005
K-35202,MM-005
K-35203,MM-004
PSV-35204,MM-005
FCV-35205,MM-004
XV-35206,MM-004
PSV-35207,MM-008
LT-35208,MM-004
TT-35209,MM-005
P-35210,MM-005
FT-35211,MM-004
E-35212,MM-004
P-35213,MM-010
K-35214,MM-001
PT-35215,MM-006
PT-35216,MM-004
P-35217,MM-010
P-35218,MM-001
XV-35219,MM-010
P-35220,MM-006
FCV-35221,MM-008
PSV-35222,MM-008
XV-35223,MM-001
PT-35224,MM-003
V-35225,MM-002
P-35226,MM-010
XV-35227,MM-007
PSV-35228,MM-009
E-35229,MM-003
K-35230,MM-006
FT-35231,MM-006
P-35232,MM-005
LT-35233,MM-006
FCV-35234,MM-006
XV-35235,MM-001
P-35236,MM-001
PT-35237,MM-006
E-35238,MM-001
P-35239,MM-003
P-35240,MM-004
FT-35241,MM-004
P-35242,MM-006
PT-35243,MM-007
FT-35244,MM-006
TT-35245,MM-002
LT-35246,MM-003
P-35247,MM-008
FCV-35248,MM-009
XV-35249,MM-007
P-35250,MM-005
P-35251,MM-001
E-35252,MM-008
FT-35253,MM-006
P-35254,MM-003
PT-35255,MM-006
P-35256,MM-008
TT-35257,MM-010
PT-35258,MM-004
XV-35259,MM-001
PSV-35260,MM-002
PSV-35261,MM-008
P-35262,MM-008
XV-35263,MM-002
K-35264,MM-009
TT-35265,MM-007
PSV-35266,MM-005
V-35267,MM-007
PSV-35268,MM-007
XV-35269,MM-004
FCV-35270,MM-003
PSV-35271,MM-001
K-35272,MM-002
K-35273,MM-009
P-35274,MM-008
P-35275,MM-003
TT-35276,MM-008
TT-35277,MM-006
P-35278,MM-007
COL-35279,MM-009
V-35280,MM-006
FCV-35281,MM-010
COL-35282,MM-009
FCV-35283,MM-006
COL-35284,MM-006
FCV-35285,MM-001
P-35286,MM-009
K-35287,MM-006
E-35288,MM-008
P-35289,MM-009
E-35290,MM-004
E-35291,MM-007
COL-35292,MM-003
V-35293,MM-006
XV-35294,MM-008
XV-35295,MM-001
LT-35296,MM-007
COL-35297,MM-008
V-35298,MM-007
K-35299,MM-002
P-35300,MM-002
V-35301,MM-009
P-35302,MM-001
TT-35303,MM-009
V-35304,MM-008
FCV-35305,MM-005
TT-35306,MM-009
PSV-35307,MM-005
V-35308,MM-007
PT-35309,MM-004
P-35310,MM-006
COL-35311,MM-002
P-35312,MM-004
XV-35313,MM-003
V-35314,MM-001
XV-35315,MM-005
LT-35316,MM-002
PT-35317,MM-003
TT-35318,MM-009
XV-35319,MM-001
LT-35320,MM-008
FT-35321,MM-001
V-35322,MM-009
PT-35323,MM-006
COL-35324,MM-008
PT-35325,MM-008
FCV-35326,MM-010
PSV-35327,MM-009
TT-35328,MM-003
E-35329,MM-004
XV-35330,MM-009
P-35331,MM-005
PSV-35332,MM-004
PSV-35333,MM-009
FT-35334,MM-002
PSV-35335,MM-002
PT-35336,MM-004
K-35337,MM-001
XV-35338,MM-006
P-35339,MM-002
P-35340,MM-005
TT-35341,MM-004
P-35342,MM-002
PT-35343,MM-008
P-35344,MM-001
FCV-35345,MM-005
COL-35346,MM-003
FT-35347,MM-009
P-35348,MM-005
PSV-35349,MM-007
P-35350,MM-001
FCV-35351,MM-001
P-35352,MM-010
V-35353,MM-003
FT-35354,MM-001
P-35355,MM-008
PT-35356,MM-010
PSV-35357,MM-006
TT-35358,MM-003
P-35359,MM-007
PT-35360,MM-002
K-35361,MM-001
PSV-35362,MM-002
FT-35363,MM-010
P-35364,MM-009
XV-35365,MM-004
XV-35366,MM-007
P-35367,MM-009
TT-35368,MM-004
LT-35369,MM-010
P-35370,MM-010
FT-35371,MM-008
P-35372,MM-006
P-35373,MM-009
E-35374,MM-002
K-35375,MM-008
P-35376,MM-006
PSV-35377,MM-010
LT-35378,MM-001
TT-35379,MM-005
COL-35380,MM-002
E-35381,MM-007
PSV-35382,MM-010
FCV-35383,MM-008
FT-35384,MM-003
LT-35385,MM-004
PT-35386,MM-001
TT-35387,MM-008
E-35388,MM-006
LT-35389,MM-009
K-35390,MM-009
P-35391,MM-007
COL-35392,MM-004
P-35393,MM-002
LT-35394,MM-006
PSV-35395,MM-010
P-35396,MM-010
FT-35397,MM-007
COL-35398,MM-010
E-35399,MM-009
XV-35400,MM-010
K-35401,MM-006
FT-35402,MM-003
FT-35403,MM-004
LT-35404,MM-006
LT-35405,MM-003
XV-35406,MM-003
XV-35407,MM-004
P-35408,MM-006
PSV-35409,MM-010
P-35410,MM-003
LT-35411,MM-010
P-35412,MM-005
E-35413,MM-004
COL-35414,MM-009
E-35415,MM-003
PSV-35416,MM-006
E-35417,MM-009
XV-35418,MM-003
XV-35419,MM-006
XV-35420,MM-008
PSV-35421,MM-001
TT-35422,MM-004
K-35423,MM-008
FCV-35424,MM-002
XV-35425,MM-004
PSV-35426,MM-007
P-35427,MM-007
FCV-35428,MM-008
K-35429,MM-008
LT-35430,MM-004
PT-35431,MM-006
LT-35432,MM-007
PSV-35433,MM-003
PSV-35434,MM-002
TT-35435,MM-006
PSV-35436,MM-001
TT-35437,MM-002
LT-35438,MM-005
E-35439,MM-001
FCV-35440,MM-005
TT-35441,MM-008
FCV-35442,MM-007
COL-35443,MM-004
TT-35444,MM-009
LT-35445,MM-007
FCV-35446,MM-007
TT-35447,MM-009
LT-35448,MM-006
V-35449,MM-001
FT-35450,MM-005
P-35451,MM-010
LT-35452,MM-005
P-35453,MM-002
LT-35454,MM-004
XV-35455,MM-006
XV-35456,MM-008
K-35457,MM-001
PT-35458,MM-007
PSV-35459,MM-009
LT-35460,MM-002
LT-35461,MM-005
FT-35462,MM-001
E-35463,MM-001
FCV-35464,MM-007
K-35465,MM-008
XV-35466,MM-010
FCV-35467,MM-009
FCV-35468,MM-007
PT-35469,MM-008
P-35470,MM-005
K-35471,MM-009
V-35472,MM-008
PT-35473,MM-003
V-35474,MM-002
LT-35475,MM-002
FCV-35476,MM-009
FT-35477,MM-001
TT-35478,MM-005
PSV-35479,MM-007
E-35480,MM-007
TT-35481,MM-001
E-35482,MM-005
E-35483,MM-009
P-35484,MM-009
P-35485,MM-007
PT-35486,MM-010
P-35487,MM-005
E-35488,MM-007
P-35489,MM-004
LT-35490,MM-002
PSV-35491,MM-002
P-35492,MM-005
V-35493,MM-010
XV-35494,MM-005
FT-35495,MM-003
P-35496,MM-008
PT-35497,MM-006
LT-35498,MM-001
P-35499,MM-010
XV-35500,MM-004
PSV-35501,MM-008
PT-35502,MM-008
K-35503,MM-002
P-35504,MM-007
K-35505,MM-003
V-35506,MM-003
PSV-35507,MM-008
XV-35508,MM-001
FCV-35509,MM-008
P-35510,MM-010
E-35511,MM-006
COL-35512,MM-004
FT-35513,MM-005
XV-35514,MM-001
LT-35515,MM-009
FT-35516,MM-001
P-35517,MM-009
PSV-35518,MM-005
K-35519,MM-008
P-35520,MM-005
V-35521,MM-003
LT-35522,MM-001
E-35523,MM-003
PSV-35524,MM-004
LT-35525,MM-003
K-35526,MM-006
PT-35527,MM-010
PSV-35528,MM-008
FCV-35529,MM-002
P-35530,MM-006
PT-35531,MM-007
XV-35532,MM-003
FCV-35533,MM-009
E-35534,MM-007
E-35535,MM-010
TT-35536,MM-004
COL-35537,MM-008
FCV-35538,MM-002
PSV-35539,MM-002
PSV-35540,MM-010
P-35541,MM-010
LT-35542,MM-008
PSV-35543,MM-009
E-35544,MM-001
LT-35545,MM-010
XV-35546,MM-009
LT-35547,MM-004
LT-35548,MM-009
E-35549,MM-009
PSV-35550,MM-003
LT-35551,MM-008
PSV-35552,MM-009
PT-35553,MM-007
P-35554,MM-001
P-35555,MM-005
V-35556,MM-009
TT-35557,MM-007
V-35558,MM-006
FT-35559,MM-002
COL-35560,MM-004
PSV-35561,MM-008
COL-35562,MM-001
XV-35563,MM-004
E-35564,MM-008
P-35565,MM-006
FT-35566,MM-008
P-35567,MM-002
TT-35568,MM-003
P-35569,MM-003
LT-35570,MM-003
PT-35571,MM-007
V-35572,MM-006
PSV-35573,MM-006
V-35574,MM-010
LT-35575,MM-009
P-35576,MM-010
P-35577,MM-005
COL-35578,MM-004
E-35579,MM-009
XV-35580,MM-005
COL-35581,MM-006
XV-35582,MM-007
FCV-35583,MM-004
K-35584,MM-006
XV-35585,MM-008
LT-35586,MM-005
FCV-35587,MM-008
K-35588,MM-008
V-35589,MM-006
E-35590,MM-002
E-35591,MM-009
XV-35592,MM-003
PSV-35593,MM-004
PT-35594,MM-002
K-35595,MM-010
TT-35596,MM-004
V-35597,MM-002
E-35598,MM-003
PSV-35599,MM-002
P-35600,MM-004
P-35601,MM-005
K-35602,MM-002
E-35603,MM-010
COL-35604,MM-003
K-35605,MM-004
V-35606,MM-004
TT-35607,MM-007
V-35608,MM-003
PT-35609,MM-004
COL-35610,MM-003
TT-35611,MM-002
V-35612,MM-004
FT-35613,MM-006
V-35614,MM-001
FT-35615,MM-010
P-35616,MM-008
FCV-35617,MM-008
FCV-35618,MM-001
PT-35619,MM-006
FT-35620,MM-009
K-35621,MM-006
E-35622,MM-001
P-35623,MM-005
PT-35624,MM-004
COL-35625,MM-003
E-35626,MM-005
LT-35627,MM-001
PSV-35628,MM-001
COL-35629,MM-005
LT-35630,MM-003
FT-35631,MM-002
V-35632,MM-001
XV-35633,MM-008
TT-35634,MM-007
PT-35635,MM-001
FT-35636,MM-003
XV-35637,MM-010
TT-35638,MM-002
XV-35639,MM-009
LT-35640,MM-004
P-35641,MM-001
P-35642,MM-002
TT-35643,MM-007
TT-35644,MM-002
P-35645,MM-002
FT-35646,MM-010
PT-35647,MM-007
P-35648,MM-010
PT-35649,MM-008
K-35650,MM-010
P-35651,MM-002
V-35652,MM-008
COL-35653,MM-004
E-35654,MM-009
PSV-35655,MM-001
V-35656,MM-003
E-35657,MM-005
XV-35658,MM-001
V-35659,MM-010
E-35660,MM-008
E-35661,MM-001
FT-35662,MM-009
V-35663,MM-007
FCV-35664,MM-005
LT-35665,MM-009
P-35666,MM-002
K-35667,MM-003
P-35668,MM-003
XV-35669,MM-005
E-35670,MM-001
XV-35671,MM-002
FT-35672,MM-003
XV-35673,MM-003
COL-35674,MM-004
XV-35675,MM-009
V-35676,MM-009
COL-35677,MM-004
PT-35678,MM-004
FT-35679,MM-002
E-35680,MM-002
FT-35681,MM-001
LT-35682,MM-006
P-35683,MM-001
LT-35684,MM-001
V-35685,MM-009
K-35686,MM-002
P-35687,MM-002
K-35688,MM-007
LT-35689,MM-005
FT-35690,MM-007
PT-35691,MM-009
XV-35692,MM-005
P-35693,MM-010
FT-35694,MM-004
V-35695,MM-003
FT-35696,MM-005
FCV-35697,MM-004
TT-35698,MM-002
COL-35699,MM-009
COL-35700,MM-003
P-35701,MM-001
V-35702,MM-002
TT-35703,MM-003
FCV-35704,MM-008
XV-35705,MM-008
V-35706,MM-008
COL-35707,MM-004
LT-35708,MM-001
PSV-35709,MM-001
V-35710,MM-010
E-35711,MM-008
P-35712,MM-010
FT-35713,MM-008
PT-35714,MM-004
V-35715,MM-005
P-35716,MM-001
P-35717,MM-005
TT-35718,MM-001
XV-35719,MM-005
FT-35720,MM-001
FCV-35721,MM-004
LT-35722,MM-005
P-35723,MM-002
PT-35724,MM-007
PSV-35725,MM-002
LT-35726,MM-001
FT-35727,MM-010
V-35728,MM-005
V-35729,MM-006
TT-35730,MM-001
P-35731,MM-001
PT-35732,MM-004
PT-35733,MM-008
E-35734,MM-004
XV-35735,MM-008
TT-35736,MM-006
COL-35737,MM-004
V-35738,MM-006
P-35739,MM-005
V-35740,MM-007
K-35741,MM-009
K-35742,MM-003
PT-35743,MM-001
LT-35744,MM-005
PT-35745,MM-008
K-35746,MM-004
P-35747,MM-010
E-35748,MM-003
P-35749,MM-006
FCV-35750,MM-003
V-35751,MM-009
FT-35752,MM-006
E-35753,MM-008
P-35754,MM-009
V-35755,MM-005
K-35756,MM-008
P-35757,MM-008
PSV-35758,MM-004
E-35759,MM-009
E-35760,MM-003
E-35761,MM-005
XV-35762,MM-009
PT-35763,MM-008
FCV-35764,MM-009
P-35765,MM-002
V-35766,MM-008
E-35767,MM-004
P-35768,MM-007
FCV-35769,MM-002
COL-35770,MM-006
PSV-35771,MM-008
P-35772,MM-006
TT-35773,MM-007
COL-35774,MM-006
PSV-35775,MM-003
TT-35776,MM-006
TT-35777,MM-008
E-35778,MM-001
V-35779,MM-007
COL-35780,MM-007
V-35781,MM-008
FCV-35782,MM-008
FCV-35783,MM-003
E-35784,MM-003
LT-35785,MM-009
K-35786,MM-008
P-35787,MM-008
FCV-35788,MM-010
XV-35789,MM-010
FT-35790,MM-002
LT-35791,MM-009
V-35792,MM-006
FT-35793,MM-007
PSV-35794,MM-004
V-35795,MM-005
V-35796,MM-006
TT-35797,MM-005
PSV-35798,MM-008
PT-35799,MM-009
TT-35800,MM-004
P-35801,MM-007
P-35802,MM-009
P-35803,MM-003
FT-35804,MM-010
V-35805,MM-009
K-35806,MM-004
PT-35807,MM-005
P-35808,MM-006
FCV-35809,MM-009
E-35810,MM-010
PSV-35811,MM-001
K-35812,MM-004
PT-35813,MM-002
E-35814,MM-003
PSV-35815,MM-005
K-35816,MM-009
TT-35817,MM-006
V-35818,MM-005
V-35819,MM-006
LT-35820,MM-002
LT-35821,MM-008
P-35822,MM-006
PT-35823,MM-007
V-35824,MM-003
P-35825,MM-004
PSV-35826,MM-001
TT-35827,MM-007
TT-35828,MM-010
FT-35829,MM-002
E-35830,MM-006
XV-35831,MM-008
FCV-35832,MM-004
XV-35833,MM-002
TT-35834,MM-009
PSV-35835,MM-001
V-35836,MM-001
E-35837,MM-009
PSV-35838,MM-003
V-35839,MM-003
K-35840,MM-005
PSV-35841,MM-010
FT-35842,MM-008
PSV-35843,MM-006
PT-35844,MM-008
TT-35845,MM-002
E-35846,MM-005
TT-35847,MM-001
FT-35848,MM-010
E-35849,MM-009
K-35850,MM-006
FT-35851,MM-009
P-35852,MM-002
PT-35853,MM-009
E-35854,MM-010
COL-35855,MM-006
PSV-35856,MM-001
P-35857,MM-006
P-35858,MM-002
TT-35859,MM-003
V-35860,MM-003
TT-35861,MM-008
PT-35862,MM-008
P-35863,MM-003
E-35864,MM-008
K-35865,MM-010
K-35866,MM-002
FT-35867,MM-005
TT-35868,MM-003
PSV-35869,MM-006
P-35870,MM-004
XV-35871,MM-001
TT-35872,MM-002
XV-35873,MM-009
P-35874,MM-008
FCV-35875,MM-005
FCV-35876,MM-003
E-35877,MM-001
PSV-35878,MM-002
P-35879,MM-006
V-35880,MM-008
FT-35881,MM-008
TT-35882,MM-009
PT-35883,MM-008
XV-35884,MM-010
TT-35885,MM-009
FCV-35886,MM-007
FCV-35887,MM-009
LT-35888,MM-006
V-35889,MM-008
FT-35890,MM-005
V-35891,MM-006
LT-35892,MM-005
PT-35893,MM-006
TT-35894,MM-007
P-35895,MM-010
TT-35896,MM-002
P-35897,MM-004
V-35898,MM-008
TT-35899,MM-010
COL-35900,MM-008
PSV-35901,MM-003
PSV-35902,MM-004
E-35903,MM-009
P-35904,MM-008
FCV-35905,MM-009
V-35906,MM-007
XV-35907,MM-003
LT-35908,MM-007
PT-35909,MM-004
E-35910,MM-003
P-35911,MM-005
FT-35912,MM-010
PSV-35913,MM-010
COL-35914,MM-006
FCV-35915,MM-010
XV-35916,MM-010
P-35917,MM-001
XV-35918,MM-006
TT-35919,MM-001
FT-35920,MM-008
V-35921,MM-010
COL-35922,MM-001
FCV-35923,MM-009
COL-35924,MM-007
P-35925,MM-009
V-35926,MM-001
PT-35927,MM-010
XV-35928,MM-003
TT-35929,MM-002
FCV-35930,MM-005
E-35931,MM-010
FCV-35932,MM-007
K-35933,MM-010
PSV-35934,MM-007
TT-35935,MM-007
FT-35936,MM-006
PSV-35937,MM-001
PSV-35938,MM-004
PSV-35939,MM-010
COL-35940,MM-003
PT-35941,MM-010
FT-35942,MM-007
K-35943,MM-005
PSV-35944,MM-010
TT-35945,MM-009
FT-35946,MM-007
E-35947,MM-007
P-35948,MM-002
P-35949,MM-008
PSV-35950,MM-004
XV-35951,MM-007
V-35952,MM-009
FT-35953,MM-005
E-35954,MM-008
COL-35955,MM-001
XV-35956,MM-004
E-35957,MM-008
XV-35958,MM-001
V-35959,MM-001
P-35960,MM-005
V-35961,MM-010
PSV-35962,MM-004
COL-35963,MM-006
V-35964,MM-008
PT-35965,MM-001
E-35966,MM-009
COL-35967,MM-006
LT-35968,MM-009
V-35969,MM-010
E-35970,MM-007
COL-35971,MM-005
PSV-35972,MM-008
E-35973,MM-006
P-35974,MM-001
PT-35975,MM-002
FCV-35976,MM-007
E-35977,MM-004
V-35978,MM-010
V-35979,MM-008
P-35980,MM-003
LT-35981,MM-010
V-35982,MM-007
XV-35983,MM-002
PT-35984,MM-007
K-35985,MM-001
PT-35986,MM-005
P-35987,MM-004
XV-35988,MM-003
XV-35989,MM-002
K-35990,MM-007
V-35991,MM-007
COL-35992,MM-002
COL-35993,MM-009
P-35994,MM-009
XV-35995,MM-004
PSV-35996,MM-008
P-35997,MM-008
PT-35998,MM-001
TT-35999,MM-005
E-36000,MM-003
PT-36001,MM-010
XV-36002,MM-009
P-36003,MM-008
K-36004,MM-006
FCV-36005,MM-007
LT-36006,MM-002
TT-36007,MM-002
XV-36008,MM-008
FT-36009,MM-006
E-36010,MM-005
COL-36011,MM-009
P-36012,MM-006
LT-36013,MM-008
XV-36014,MM-009
E-36015,MM-001
PSV-36016,MM-002
PSV-36017,MM-010
E-36018,MM-001
COL-36019,MM-004
PT-36020,MM-002
K-36021,MM-001
TT-36022,MM-004
E-36023,MM-005
FT-36024,MM-004
COL-36025,MM-010
XV-36026,MM-009
P-36027,MM-010
TT-36028,MM-005
E-36029,MM-009
P-36030,MM-006
COL-36031,MM-002
LT-36032,MM-003
P-36033,MM-008
PT-36034,MM-003
XV-36035,MM-008
K-36036,MM-001
K-36037,MM-002
PT-36038,MM-004
K-36039,MM-001
TT-36040,MM-002
FT-36041,MM-001
LT-36042,MM-002
P-36043,MM-003
PSV-36044,MM-009
XV-36045,MM-003
COL-36046,MM-002
PSV-36047,MM-008
XV-36048,MM-001
TT-36049,MM-002
P-36050,MM-010
COL-36051,MM-003
FCV-36052,MM-009
E-36053,MM-010
LT-36054,MM-010
V-36055,MM-007
K-36056,MM-009
XV-36057,MM-001
TT-36058,MM-004
TT-36059,MM-005
K-36060,MM-003
PT-36061,MM-003
LT-36062,MM-007
LT-36063,MM-002
COL-36064,MM-004
PSV-36065,MM-009
PT-36066,MM-009
V-36067,MM-006
XV-36068,MM-008
FCV-36069,MM-005
PSV-36070,MM-007
LT-36071,MM-007
PSV-36072,MM-003
E-36073,MM-004
FCV-36074,MM-001
XV-36075,MM-003
E-36076,MM-005
TT-36077,MM-005
TT-36078,MM-003
FCV-36079,MM-009
E-36080,MM-010
PT-36081,MM-008
P-36082,MM-005
P-36083,MM-002
FT-36084,MM-002
K-36085,MM-004
FT-36086,MM-007
PT-36087,MM-006
FCV-36088,MM-009
FCV-36089,MM-003
LT-36090,MM-010
P-36091,MM-005
PSV-36092,MM-009
FCV-36093,MM-006
V-36094,MM-003
PT-36095,MM-002
XV-36096,MM-001
LT-36097,MM-009
P-36098,MM-010
FCV-36099,MM-002
LT-36100,MM-010
PT-36101,MM-005
XV-36102,MM-010
PT-36103,MM-007
P-36104,MM-010
P-36105,MM-008
PT-36106,MM-001
P-36107,MM-004
P-36108,MM-008
FT-36109,MM-007
V-36110,MM-002
V-36111,MM-008
LT-36112,MM-007
XV-36113,MM-006
PSV-36114,MM-001
E-36115,MM-007
LT-36116,MM-007
P-36117,MM-009
V-36118,MM-003
E-36119,MM-009
LT-36120,MM-002
P-36121,MM-007
V-36122,MM-004
XV-36123,MM-003
XV-36124,MM-002
K-36125,MM-008
PT-36126,MM-010
P-36127,MM-003
P-36128,MM-006
E-36129,MM-001
E-36130,MM-010
E-36131,MM-008
TT-36132,MM-003
P-36133,MM-003
K-36134,MM-006
V-36135,MM-006
P-36136,MM-005
P-36137,MM-002
COL-36138,MM-003
TT-36139,MM-010
PSV-36140,MM-008
PSV-36141,MM-001
COL-36142,MM-004
P-36143,MM-007
PSV-36144,MM-005
P-36145,MM-001
FCV-36146,MM-003
FCV-36147,MM-002
TT-36148,MM-010
K-36149,MM-010
FCV-36150,MM-002
K-36151,MM-005
FCV-36152,MM-001
P-36153,MM-010
COL-36154,MM-002
LT-36155,MM-006
E-36156,MM-010
TT-36157,MM-010
K-36158,MM-010
FCV-36159,MM-004
TT-36160,MM-006
FT-36161,MM-001
XV-36162,MM-001
FCV-36163,MM-010
PT-36164,MM-006
TT-36165,MM-003
P-36166,MM-003
P-36167,MM-005
TT-36168,MM-006
PSV-36169,MM-010
FT-36170,MM-005
LT-36171,MM-002
XV-36172,MM-002
PT-36173,MM-002
FT-36174,MM-005
TT-36175,MM-010
LT-36176,MM-001
XV-36177,MM-003
PT-36178,MM-001
FCV-36179,MM-007
FT-36180,MM-006
K-36181,MM-002
COL-36182,MM-009
K-36183,MM-006
PSV-36184,MM-004
TT-36185,MM-005
PT-36186,MM-006
P-36187,MM-001
PT-36188,MM-010
FCV-36189,MM-010
K-36190,MM-004
XV-36191,MM-010
COL-36192,MM-003
XV-36193,MM-002
P-36194,MM-004
LT-36195,MM-002
FCV-36196,MM-008
E-36197,MM-005
P-36198,MM-005
E-36199,MM-002
LT-36200,MM-005
P-36201,MM-009
V-36202,MM-005
K-36203,MM-008
XV-36204,MM-001
TT-36205,MM-002
PSV-36206,MM-009
COL-36207,MM-001
PT-36208,MM-005
P-36209,MM-006
E-36210,MM-001
P-36211,MM-003
E-36212,MM-008
PSV-36213,MM-006
TT-36214,MM-004
TT-36215,MM-008
FCV-36216,MM-007
FT-36217,MM-007
FCV-36218,MM-005
E-36219,MM-003
FCV-36220,MM-006
PT-36221,MM-010
E-36222,MM-003
P-36223,MM-003
PT-36224,MM-007
LT-36225,MM-004
LT-36226,MM-009
P-36227,MM-002
P-36228,MM-007
PSV-36229,MM-002
P-36230,MM-010
P-36231,MM-005
PSV-36232,MM-007
P-36233,MM-002
TT-36234,MM-001
PSV-36235,MM-006
LT-36236,MM-006
XV-36237,MM-003
COL-36238,MM-006
PSV-36239,MM-008
P-36240,MM-008
FT-36241,MM-008
PSV-36242,MM-008
PT-36243,MM-009
XV-36244,MM-007
LT-36245,MM-006
V-36246,MM-009
E-36247,MM-005
LT-36248,MM-001
PSV-36249,MM-001
K-36250,MM-002
FCV-36251,MM-001
PSV-36252,MM-005
PSV-36253,MM-006
E-36254,MM-008
TT-36255,MM-007
TT-36256,MM-002
TT-36257,MM-005
TT-36258,MM-001
P-36259,MM-003
FT-36260,MM-003
PT-36261,MM-010
K-36262,MM-010
COL-36263,MM-010
FT-36264,MM-005
P-36265,MM-010
XV-36266,MM-009
PSV-36267,MM-007
PT-36268,MM-007
PSV-36269,MM-005
COL-36270,MM-003
E-36271,MM-004
FCV-36272,MM-005
P-36273,MM-007
FT-36274,MM-009
E-36275,MM-006
XV-36276,MM-010
FCV-36277,MM-006
XV-36278,MM-008
V-36279,MM-009
E-36280,MM-004
P-36281,MM-004
LT-36282,MM-007
XV-36283,MM-006
COL-36284,MM-008
K-36285,MM-001
PT-36286,MM-007
E-36287,MM-005
FT-36288,MM-007
XV-36289,MM-010
FCV-36290,MM-001
V-36291,MM-009
FT-36292,MM-006
LT-36293,MM-005
V-36294,MM-010
FCV-36295,MM-009
COL-36296,MM-006
FCV-36297,MM-010
XV-36298,MM-010
P-36299,MM-007
K-36300,MM-003
FCV-36301,MM-009
P-36302,MM-010
XV-36303,MM-007
P-36304,MM-003
FCV-36305,MM-003
PT-36306,MM-008
P-36307,MM-005
FCV-36308,MM-001
XV-36309,MM-005
E-36310,MM-004
P-36311,MM-010
K-36312,MM-003
PT-36313,MM-003
XV-36314,MM-008
FCV-36315,MM-007
V-36316,MM-007
TT-36317,MM-008
P-36318,MM-009
XV-36319,MM-002
LT-36320,MM-010
COL-36321,MM-003
PSV-36322,MM-007
FT-36323,MM-005
FCV-36324,MM-002
FT-36325,MM-007
XV-36326,MM-010
K-36327,MM-006
K-36328,MM-007
FT-36329,MM-003
FCV-36330,MM-004
XV-36331,MM-004
PSV-36332,MM-010
LT-36333,MM-002
P-36334,MM-001
TT-36335,MM-006
P-36336,MM-009
FT-36337,MM-006
P-36338,MM-005
FT-36339,MM-004
FT-36340,MM-009
LT-36341,MM-003
K-36342,MM-003
XV-36343,MM-004
FCV-36344,MM-003
E-36345,MM-010
COL-36346,MM-004
XV-36347,MM-007
E-36348,MM-001
E-36349,MM-010
FCV-36350,MM-006
P-36351,MM-008
K-36352,MM-004
PSV-36353,MM-008
LT-36354,MM-004
K-36355,MM-004
P-36356,MM-005
K-36357,MM-005
K-36358,MM-004
V-36359,MM-006
K-36360,MM-003
TT-36361,MM-005
LT-36362,MM-001
XV-36363,MM-003
COL-36364,MM-006
V-36365,MM-007
PSV-36366,MM-001
COL-36367,MM-004
E-36368,MM-008
COL-36369,MM-003
PSV-36370,MM-006
FCV-36371,MM-001
V-36372,MM-008
P-36373,MM-003
K-36374,MM-008
P-36375,MM-006
PT-36376,MM-003
P-36377,MM-004
LT-36378,MM-005
LT-36379,MM-006
FCV-36380,MM-003
P-36381,MM-009
V-36382,MM-006
COL-36383,MM-007
XV-36384,MM-003
K-36385,MM-006
PSV-36386,MM-005
P-36387,MM-009
V-36388,MM-003
TT-36389,MM-007
P-36390,MM-007
COL-36391,MM-002
TT-36392,MM-009
FCV-36393,MM-005
P-36394,MM-001
FT-36395,MM-006
E-36396,MM-001
PSV-36397,MM-007
COL-36398,MM-005
PSV-36399,MM-001
E-36400,MM-010
LT-36401,MM-010
PT-36402,MM-009
E-36403,MM-002
E-36404,MM-010
P-36405,MM-008
XV-36406,MM-007
LT-36407,MM-006
P-36408,MM-009
P-36409,MM-010
COL-36410,MM-006
PT-36411,MM-005
E-36412,MM-002
LT-36413,MM-003
XV-36414,MM-001
PT-36415,MM-003
TT-36416,MM-008
V-36417,MM-005
K-36418,MM-004
PT-36419,MM-004
FCV-36420,MM-010
PSV-36421,MM-004
V-36422,MM-004
FCV-36423,MM-002
PSV-36424,MM-004
LT-36425,MM-003
K-36426,MM-001
TT-36427,MM-010
K-36428,MM-010
FT-36429,MM-004
FT-36430,MM-010
P-36431,MM-002
V-36432,MM-008
FT-36433,MM-009
FCV-36434,MM-005
XV-36435,MM-001
COL-36436,MM-006
P-36437,MM-005
TT-36438,MM-001
COL-36439,MM-004
XV-36440,MM-005
P-36441,MM-010
COL-36442,MM-007
PT-36443,MM-004
XV-36444,MM-005
FCV-36445,MM-007
FT-36446,MM-003
P-36447,MM-006
E-36448,MM-010
E-36449,MM-009
LT-36450,MM-010
PSV-36451,MM-006
K-36452,MM-008
PT-36453,MM-009
FCV-36454,MM-008
TT-36455,MM-005
PT-36456,MM-008
K-36457,MM-002
V-36458,MM-004
FT-36459,MM-002
E-36460,MM-006
XV-36461,MM-008
PSV-36462,MM-001
PSV-36463,MM-002
FCV-36464,MM-001
PT-36465,MM-009
TT-36466,MM-007
PSV-36467,MM-009
LT-36468,MM-005
P-36469,MM-003
FT-36470,MM-001
TT-36471,MM-003
TT-36472,MM-004
FCV-36473,MM-010
E-36474,MM-001
PSV-36475,MM-010
FT-36476,MM-006
P-36477,MM-009
FT-36478,MM-008
TT-36479,MM-007
PSV-36480,MM-001
P-36481,MM-003
P-36482,MM-004
V-36483,MM-010
TT-36484,MM-004
P-36485,MM-010
PSV-36486,MM-001
XV-36487,MM-010
TT-36488,MM-007
PSV-36489,MM-005
FT-36490,MM-008
COL-36491,MM-007
P-36492,MM-009
FCV-36493,MM-008
LT-36494,MM-001
PSV-36495,MM-003
COL-36496,MM-002
P-36497,MM-007
TT-36498,MM-010
V-36499,MM-007
COL-36500,MM-008
TT-36501,MM-005
LT-36502,MM-006
COL-36503,MM-009
TT-36504,MM-003
PSV-36505,MM-004
COL-36506,MM-009
XV-36507,MM-005
XV-36508,MM-004
LT-36509,MM-005
PT-36510,MM-009
PSV-36511,MM-007
XV-36512,MM-008
K-36513,MM-003
FCV-36514,MM-009
K-36515,MM-005
PT-36516,MM-009
E-36517,MM-005
COL-36518,MM-008
PT-36519,MM-009
PSV-36520,MM-002
V-36521,MM-002
COL-36522,MM-001
P-36523,MM-005
V-36524,MM-004
FT-36525,MM-005
TT-36526,MM-010
K-36527,MM-008
E-36528,MM-007
V-36529,MM-005
K-36530,MM-009
LT-36531,MM-010
PSV-36532,MM-004
P-36533,MM-002
COL-36534,MM-005
PSV-36535,MM-002
FCV-36536,MM-001
LT-36537,MM-006
K-36538,MM-006
XV-36539,MM-008
COL-36540,MM-001
TT-36541,MM-005
FCV-36542,MM-003
FT-36543,MM-002
PT-36544,MM-003
COL-36545,MM-008
P-36546,MM-006
COL-36547,MM-002
K-36548,MM-007
TT-36549,MM-001
COL-36550,MM-004
P-36551,MM-002
P-36552,MM-007
E-36553,MM-002
FT-36554,MM-007
PT-36555,MM-006
PT-36556,MM-003
P-36557,MM-010
TT-36558,MM-005
PT-36559,MM-006
K-36560,MM-005
PT-36561,MM-008
K-36562,MM-007
P-36563,MM-005
FT-36564,MM-010
FCV-36565,MM-008
K-36566,MM-007
COL-36567,MM-001
V-36568,MM-003
FCV-36569,MM-001
XV-36570,MM-003
E-36571,MM-004
COL-36572,MM-007
V-36573,MM-010
COL-36574,MM-005
LT-36575,MM-003
COL-36576,MM-007
XV-36577,MM-010
K-36578,MM-006
COL-36579,MM-003
E-36580,MM-002
PSV-36581,MM-009
FCV-36582,MM-005
FT-36583,MM-008
V-36584,MM-006
COL-36585,MM-001
P-36586,MM-006
PSV-36587,MM-010
XV-36588,MM-003
COL-36589,MM-007
E-36590,MM-006
E-36591,MM-007
FCV-36592,MM-008
FT-36593,MM-003
XV-36594,MM-003
V-36595,MM-010
LT-36596,MM-007
PSV-36597,MM-005
LT-36598,MM-008
TT-36599,MM-008
LT-36600,MM-005
K-36601,MM-002
XV-36602,MM-005
FT-36603,MM-004
PSV-36604,MM-006
COL-36605,MM-008
P-36606,MM-009
COL-36607,MM-004
LT-36608,MM-003
XV-36609,MM-003
K-36610,MM-005
XV-36611,MM-005
XV-36612,MM-006
LT-36613,MM-005
PT-36614,MM-006
K-36615,MM-001
XV-36616,MM-006
XV-36617,MM-008
P-36618,MM-006
PSV-36619,MM-010
XV-36620,MM-008
FCV-36621,MM-002
PSV-36622,MM-006
TT-36623,MM-006
PSV-36624,MM-003
P-36625,MM-010
E-36626,MM-008
E-36627,MM-003
PSV-36628,MM-004
P-36629,MM-002
P-36630,MM-010
TT-36631,MM-005
PT-36632,MM-006
FT-36633,MM-005
V-36634,MM-003
COL-36635,MM-007
COL-36636,MM-010
FT-36637,MM-008
LT-36638,MM-001
E-36639,MM-001
TT-36640,MM-005
PSV-36641,MM-008
FCV-36642,MM-006
E-36643,MM-002
K-36644,MM-008
XV-36645,MM-001
V-36646,MM-005
PT-36647,MM-002
FCV-36648,MM-002
FT-36649,MM-009
COL-36650,MM-008
LT-36651,MM-004
LT-36652,MM-008
FT-36653,MM-001
XV-36654,MM-003
E-36655,MM-010
PSV-36656,MM-008
FT-36657,MM-007
FT-36658,MM-008
E-36659,MM-008
PT-36660,MM-007
FT-36661,MM-008
COL-36662,MM-009
E-36663,MM-007
P-36664,MM-003
K-36665,MM-009
P-36666,MM-009
LT-36667,MM-008
PSV-36668,MM-010
FCV-36669,MM-007
PSV-36670,MM-005
V-36671,MM-004
V-36672,MM-009
FT-36673,MM-008
FT-36674,MM-006
LT-36675,MM-002
V-36676,MM-010
K-36677,MM-009
V-36678,MM-009
PT-36679,MM-005
XV-36680,MM-007
P-36681,MM-006
P-36682,MM-007
V-36683,MM-004
TT-36684,MM-003
P-36685,MM-006
LT-36686,MM-001
P-36687,MM-008
FCV-36688,MM-008
PSV-36689,MM-009
LT-36690,MM-006
FT-36691,MM-008
PT-36692,MM-010
P-36693,MM-005
V-36694,MM-010
LT-36695,MM-003
PSV-36696,MM-003
XV-36697,MM-004
K-36698,MM-005
P-36699,MM-009
PT-36700,MM-006
XV-36701,MM-009
V-36702,MM-006
FCV-36703,MM-008
P-36704,MM-004
K-36705,MM-003
TT-36706,MM-010
P-36707,MM-005
K-36708,MM-003
LT-36709,MM-008
FT-36710,MM-003
XV-36711,MM-006
TT-36712,MM-002
P-36713,MM-004
LT-36714,MM-007
TT-36715,MM-004
P-36716,MM-002
TT-36717,MM-003
XV-36718,MM-005
FCV-36719,MM-007
P-36720,MM-010
FCV-36721,MM-008
PT-36722,MM-004
FT-36723,MM-005
FCV-36724,MM-007
LT-36725,MM-003
P-36726,MM-006
FT-36727,MM-005
XV-36728,MM-009
P-36729,MM-008
PSV-36730,MM-006
PT-36731,MM-002
P-36732,MM-009
P-36733,MM-010
P-36734,MM-002
XV-36735,MM-010
PSV-36736,MM-010
LT-36737,MM-001
V-36738,MM-009
P-36739,MM-006
FT-36740,MM-001
V-36741,MM-005
K-36742,MM-004
XV-36743,MM-007
FCV-36744,MM-005
E-36745,MM-002
PT-36746,MM-002
FT-36747,MM-002
PSV-36748,MM-004
K-36749,MM-008
LT-36750,MM-007
FCV-36751,MM-009
FCV-36752,MM-003
P-36753,MM-006
PSV-36754,MM-004
COL-36755,MM-008
E-36756,MM-006
V-36757,MM-010
LT-36758,MM-001
FT-36759,MM-006
P-36760,MM-010
P-36761,MM-005
LT-36762,MM-006
TT-36763,MM-007
LT-36764,MM-001
PSV-36765,MM-006
K-36766,MM-005
TT-36767,MM-007
FT-36768,MM-002
XV-36769,MM-004
P-36770,MM-002
FCV-36771,MM-004
LT-36772,MM-009
V-36773,MM-006
P-36774,MM-005
PSV-36775,MM-007
COL-36776,MM-009
COL-36777,MM-003
K-36778,MM-002
XV-36779,MM-010
FT-36780,MM-004
V-36781,MM-001
E-36782,MM-005
TT-36783,MM-005
V-36784,MM-003
PSV-36785,MM-009
TT-36786,MM-001
V-36787,MM-001
TT-36788,MM-009
TT-36789,MM-007
V-36790,MM-005
PT-36791,MM-004
V-36792,MM-007
K-36793,MM-005
P-36794,MM-002
XV-36795,MM-006
XV-36796,MM-002
FT-36797,MM-003
K-36798,MM-006
PSV-36799,MM-005
LT-36800,MM-007
PSV-36801,MM-005
V-36802,MM-001
E-36803,MM-009
XV-36804,MM-001
V-36805,MM-006
P-36806,MM-005
COL-36807,MM-001
FCV-36808,MM-006
P-36809,MM-010
P-36810,MM-008
K-36811,MM-010
FT-36812,MM-010
P-36813,MM-008
FCV-36814,MM-009
LT-36815,MM-003
XV-36816,MM-010
PSV-36817,MM-002
P-36818,MM-004
FT-36819,MM-002
P-36820,MM-001
E-36821,MM-008
XV-36822,MM-001
P-36823,MM-010
V-36824,MM-002
COL-36825,MM-010
P-36826,MM-001
FCV-36827,MM-003
COL-36828,MM-007
P-36829,MM-006
TT-36830,MM-008
K-36831,MM-006
PSV-36832,MM-005
PT-36833,MM-002
PT-36834,MM-006
E-36835,MM-010
XV-36836,MM-009
LT-36837,MM-005
COL-36838,MM-010
COL-36839,MM-008
COL-36840,MM-003
FCV-36841,MM-007
P-36842,MM-005
P-36843,MM-009
PSV-36844,MM-010
K-36845,MM-009
PT-36846,MM-008
COL-36847,MM-002
FCV-36848,MM-006
FCV-36849,MM-004
FT-36850,MM-009
V-36851,MM-007
PT-36852,MM-008
COL-36853,MM-005
LT-36854,MM-003
P-36855,MM-008
V-36856,MM-001
COL-36857,MM-009
FT-36858,MM-006
XV-36859,MM-007
PSV-36860,MM-006
P-36861,MM-009
LT-36862,MM-009
FCV-36863,MM-007
E-36864,MM-006
FCV-36865,MM-005
K-36866,MM-006
E-36867,MM-001
P-36868,MM-005
COL-36869,MM-010
K-36870,MM-005
PT-36871,MM-007
XV-36872,MM-009
COL-36873,MM-007
K-36874,MM-002
FT-36875,MM-005
V-36876,MM-009
V-36877,MM-001
FCV-36878,MM-001
FT-36879,MM-004
TT-36880,MM-007
TT-36881,MM-010
P-36882,MM-005
V-36883,MM-003
P-36884,MM-002
V-36885,MM-008
E-36886,MM-006
V-36887,MM-010
PSV-36888,MM-001
COL-36889,MM-006
FT-36890,MM-006
P-36891,MM-008
PT-36892,MM-003
TT-36893,MM-007
TT-36894,MM-010
FCV-36895,MM-008
PT-36896,MM-002
P-36897,MM-009
LT-36898,MM-008
COL-36899,MM-008
P-36900,MM-010
P-36901,MM-001
TT-36902,MM-009
P-36903,MM-007
XV-36904,MM-002
TT-36905,MM-005
FT-36906,MM-010
TT-36907,MM-007
LT-36908,MM-010
FT-36909,MM-007
LT-36910,MM-005
K-36911,MM-009
FCV-36912,MM-006
COL-36913,MM-006
FCV-36914,MM-001
TT-36915,MM-006
K-36916,MM-004
TT-36917,MM-009
FT-36918,MM-004
COL-36919,MM-010
PSV-36920,MM-009
FT-36921,MM-005
COL-36922,MM-002
P-36923,MM-004
PSV-36924,MM-003
LT-36925,MM-007
PT-36926,MM-004
P-36927,MM-008
FT-36928,MM-008
COL-36929,MM-005
E-36930,MM-003
P-36931,MM-003
TT-36932,MM-008
LT-36933,MM-006
TT-36934,MM-002
K-36935,MM-007
XV-36936,MM-007
PSV-36937,MM-007
FT-36938,MM-001
PSV-36939,MM-005
FCV-36940,MM-009
FCV-36941,MM-001
XV-36942,MM-003
V-36943,MM-001
XV-36944,MM-006
XV-36945,MM-003
P-36946,MM-001
COL-36947,MM-005
XV-36948,MM-006
LT-36949,MM-008
P-36950,MM-005
PT-36951,MM-008
TT-36952,MM-007
TT-36953,MM-008
TT-36954,MM-001
TT-36955,MM-002
TT-36956,MM-009
XV-36957,MM-003
PSV-36958,MM-004
COL-36959,MM-010
V-36960,MM-010
PT-36961,MM-003
V-36962,MM-004
FT-36963,MM-002
E-36964,MM-007
TT-36965,MM-009
P-36966,MM-009
K-36967,MM-010
PSV-36968,MM-007
TT-36969,MM-003
V-36970,MM-003
P-36971,MM-010
LT-36972,MM-002
FCV-36973,MM-008
XV-36974,MM-009
LT-36975,MM-002
FT-36976,MM-009
FCV-36977,MM-003
V-36978,MM-005
COL-36979,MM-004
K-36980,MM-007
V-36981,MM-008
PT-36982,MM-006
V-36983,MM-005
FCV-36984,MM-004
P-36985,MM-003
FCV-36986,MM-003
PT-36987,MM-008
PT-36988,MM-010
P-36989,MM-002
XV-36990,MM-003
COL-36991,MM-004
V-36992,MM-004
K-36993,MM-001
LT-36994,MM-009
P-36995,MM-004
P-36996,MM-007
FCV-36997,MM-009
V-36998,MM-007
V-36999,MM-008
FT-37000,MM-009
PSV-37001,MM-006
COL-37002,MM-001
K-37003,MM-002
COL-37004,MM-006
PT-37005,MM-009
PT-37006,MM-006
K-37007,MM-006
PT-37008,MM-009
E-37009,MM-002
TT-37010,MM-005
K-37011,MM-005
FT-37012,MM-008
LT-37013,MM-001
LT-37014,MM-002
PT-37015,MM-006
V-37016,MM-005
FT-37017,MM-004
PT-37018,MM-005
K-37019,MM-005
PSV-37020,MM-007
LT-37021,MM-009
V-37022,MM-004
K-37023,MM-001
PT-37024,MM-003
FT-37025,MM-003
P-37026,MM-010
TT-37027,MM-004
V-37028,MM-002
COL-37029,MM-003
TT-37030,MM-002
XV-37031,MM-006
K-37032,MM-003
PT-37033,MM-003
PSV-37034,MM-010
E-37035,MM-005
LT-37036,MM-009
PSV-37037,MM-009
PSV-37038,MM-003
PSV-37039,MM-002
LT-37040,MM-001
LT-37041,MM-004
COL-37042,MM-010
LT-37043,MM-001
PSV-37044,MM-005
LT-37045,MM-008
PSV-37046,MM-009
P-37047,MM-007
XV-37048,MM-002
XV-37049,MM-007
LT-37050,MM-004
LT-37051,MM-006
PT-37052,MM-007
K-37053,MM-001
LT-37054,MM-005
K-37055,MM-008
PT-37056,MM-009
COL-37057,MM-006
E-37058,MM-009
TT-37059,MM-003
PT-37060,MM-001
PT-37061,MM-007
V-37062,MM-006
XV-37063,MM-004
FT-37064,MM-010
COL-37065,MM-001
K-37066,MM-007
K-37067,MM-010
P-37068,MM-008
P-37069,MM-007
PT-37070,MM-004
PT-37071,MM-009
LT-37072,MM-005
PT-37073,MM-004
K-37074,MM-006
P-37075,MM-010
FT-37076,MM-001
XV-37077,MM-001
PT-37078,MM-001
PSV-37079,MM-005
V-37080,MM-008
FT-37081,MM-007
COL-37082,MM-008
P-37083,MM-009
V-37084,MM-003
PT-37085,MM-004
PSV-37086,MM-003
XV-37087,MM-005
XV-37088,MM-009
FCV-37089,MM-004
PSV-37090,MM-004
FT-37091,MM-001
COL-37092,MM-001
PT-37093,MM-010
E-37094,MM-009
COL-37095,MM-003
COL-37096,MM-004
P-37097,MM-010
PSV-37098,MM-006
XV-37099,MM-004
P-37100,MM-002
PT-37101,MM-006
FCV-37102,MM-008
P-37103,MM-010
LT-37104,MM-005
FCV-37105,MM-005
FT-37106,MM-001
LT-37107,MM-002
PSV-37108,MM-002
LT-37109,MM-003
E-37110,MM-007
LT-37111,MM-009
TT-37112,MM-008
COL-37113,MM-007
PSV-37114,MM-002
LT-37115,MM-007
XV-37116,MM-001
K-37117,MM-010
V-37118,MM-010
PSV-37119,MM-010
P-37120,MM-003
XV-37121,MM-009
LT-37122,MM-005
COL-37123,MM-004
PSV-37124,MM-009
TT-37125,MM-003
V-37126,MM-007
FCV-37127,MM-001
PSV-37128,MM-001
LT-37129,MM-008
FT-37130,MM-003
V-37131,MM-007
PT-37132,MM-006
PT-37133,MM-004
COL-37134,MM-001
E-37135,MM-002
K-37136,MM-009
TT-37137,MM-001
PSV-37138,MM-005
E-37139,MM-009
P-37140,MM-005
PSV-37141,MM-004
P-37142,MM-007
V-37143,MM-008
E-37144,MM-002
FT-37145,MM-003
P-37146,MM-009
PT-37147,MM-010
PT-37148,MM-005
COL-37149,MM-003
FCV-37150,MM-009
PSV-37151,MM-010
FCV-37152,MM-007
PSV-37153,MM-002
COL-37154,MM-009
PSV-37155,MM-001
PSV-37156,MM-002
FCV-37157,MM-001
PT-37158,MM-006
TT-37159,MM-004
V-37160,MM-005
PSV-37161,MM-001
PSV-37162,MM-004
P-37163,MM-006
K-37164,MM-006
K-37165,MM-002
PSV-37166,MM-008
PT-37167,MM-009
TT-37168,MM-004
XV-37169,MM-006
TT-37170,MM-003
COL-37171,MM-007
FCV-37172,MM-005
COL-37173,MM-003
XV-37174,MM-004
PT-37175,MM-002
PT-37176,MM-008
PT-37177,MM-001
PSV-37178,MM-009
TT-37179,MM-003
LT-37180,MM-008
FT-37181,MM-001
P-37182,MM-009
LT-37183,MM-009
TT-37184,MM-009
PT-37185,MM-009
TT-37186,MM-004
V-37187,MM-004
PT-37188,MM-009
FCV-37189,MM-009
XV-37190,MM-008
PSV-37191,MM-010
V-37192,MM-003
FT-37193,MM-003
PT-37194,MM-006
P-37195,MM-003
V-37196,MM-006
PSV-37197,MM-006
FT-37198,MM-009
TT-37199,MM-007
E-37200,MM-001
P-37201,MM-007
P-37202,MM-010
PSV-37203,MM-006
P-37204,MM-006
PSV-37205,MM-008
LT-37206,MM-002
COL-37207,MM-007
COL-37208,MM-009
E-37209,MM-010
TT-37210,MM-002
E-37211,MM-009
PSV-37212,MM-001
P-37213,MM-003
FCV-37214,MM-001
E-37215,MM-003
K-37216,MM-004
XV-37217,MM-010
P-37218,MM-009
FT-37219,MM-008
K-37220,MM-009
TT-37221,MM-001
COL-37222,MM-004
FT-37223,MM-001
K-37224,MM-001
FCV-37225,MM-010
TT-37226,MM-009
XV-37227,MM-001
P-37228,MM-003
K-37229,MM-009
XV-37230,MM-003
PT-37231,MM-006
XV-37232,MM-009
FCV-37233,MM-004
E-37234,MM-004
COL-37235,MM-008
COL-37236,MM-005
XV-37237,MM-006
COL-37238,MM-007
FCV-37239,MM-005
TT-37240,MM-004
TT-37241,MM-007
TT-37242,MM-010
XV-37243,MM-002
K-37244,MM-008
PT-37245,MM-007
V-37246,MM-001
FCV-37247,MM-010
V-37248,MM-008
XV-37249,MM-004
PSV-37250,MM-008
XV-37251,MM-001
XV-37252,MM-004
XV-37253,MM-008
E-37254,MM-010
E-37255,MM-002
PT-37256,MM-002
TT-37257,MM-003
P-37258,MM-003
E-37259,MM-008
PT-37260,MM-010
P-37261,MM-005
COL-37262,MM-010
V-37263,MM-005
E-37264,MM-004
K-37265,MM-009
E-37266,MM-007
P-37267,MM-007
V-37268,MM-006
P-37269,MM-009
PSV-37270,MM-002
P-37271,MM-004
P-37272,MM-007
K-37273,MM-004
PT-37274,MM-005
LT-37275,MM-004
K-37276,MM-002
TT-37277,MM-008
XV-37278,MM-003
V-37279,MM-010
XV-37280,MM-008
XV-37281,MM-003
TT-37282,MM-002
P-37283,MM-002
P-37284,MM-009
E-37285,MM-010
E-37286,MM-008
PSV-37287,MM-006
P-37288,MM-001
V-37289,MM-005
TT-37290,MM-007
K-37291,MM-007
V-37292,MM-004
E-37293,MM-007
E-37294,MM-004
K-37295,MM-007
FT-37296,MM-004
FT-37297,MM-008
P-37298,MM-004
PT-37299,MM-009
E-37300,MM-010
LT-37301,MM-010
LT-37302,MM-002
P-37303,MM-001
P-37304,MM-002
V-37305,MM-009
E-37306,MM-002
COL-37307,MM-008
XV-37308,MM-005
K-37309,MM-007
PSV-37310,MM-005
PT-37311,MM-009
COL-37312,MM-002
V-37313,MM-002
V-37314,MM-008
PT-37315,MM-005
K-37316,MM-005
K-37317,MM-001
FT-37318,MM-006
XV-37319,MM-008
LT-37320,MM-002
XV-37321,MM-004
FT-37322,MM-005
FT-37323,MM-006
XV-37324,MM-004
V-37325,MM-004
K-37326,MM-006
K-37327,MM-004
K-37328,MM-008
P-37329,MM-008
TT-37330,MM-004
XV-37331,MM-008
PSV-37332,MM-003
E-37333,MM-006
P-37334,MM-006
P-37335,MM-008
FCV-37336,MM-007
FCV-37337,MM-010
P-37338,MM-008
V-37339,MM-005
P-37340,MM-004
XV-37341,MM-006
P-37342,MM-001
LT-37343,MM-006
TT-37344,MM-001
TT-37345,MM-004
V-37346,MM-007
P-37347,MM-009
PSV-37348,MM-010
FCV-37349,MM-007
FT-37350,MM-004
TT-37351,MM-002
COL-37352,MM-010
K-37353,MM-003
P-37354,MM-001
LT-37355,MM-005
P-37356,MM-008
V-37357,MM-003
XV-37358,MM-009
FCV-37359,MM-010
LT-37360,MM-008
P-37361,MM-004
E-37362,MM-001
V-37363,MM-006
V-37364,MM-004
LT-37365,MM-002
P-37366,MM-003
TT-37367,MM-010
FCV-37368,MM-010
LT-37369,MM-008
FT-37370,MM-010
LT-37371,MM-007
TT-37372,MM-010
LT-37373,MM-001
FT-37374,MM-010
XV-37375,MM-004
K-37376,MM-009
PT-37377,MM-008
K-37378,MM-002
FT-37379,MM-003
E-37380,MM-001
TT-37381,MM-010
P-37382,MM-004
COL-37383,MM-010
LT-37384,MM-009
E-37385,MM-008
K-37386,MM-001
LT-37387,MM-009
PSV-37388,MM-010
XV-37389,MM-003
FCV-37390,MM-008
COL-37391,MM-007
FCV-37392,MM-004
P-37393,MM-001
E-37394,MM-009
E-37395,MM-001
TT-37396,MM-002
P-37397,MM-002
PT-37398,MM-010
PT-37399,MM-005
P-37400,MM-002
P-37401,MM-009
P-37402,MM-003
FCV-37403,MM-006
P-37404,MM-010
COL-37405,MM-007
P-37406,MM-006
LT-37407,MM-004
PT-37408,MM-001
E-37409,MM-006
LT-37410,MM-004
P-37411,MM-006
FCV-37412,MM-003
P-37413,MM-009
V-37414,MM-007
K-37415,MM-008
V-37416,MM-005
V-37417,MM-001
E-37418,MM-009
P-37419,MM-006
P-37420,MM-003
P-37421,MM-007
LT-37422,MM-004
TT-37423,MM-002
E-37424,MM-008
FCV-37425,MM-006
PSV-37426,MM-005
FCV-37427,MM-001
FCV-37428,MM-002
COL-37429,MM-002
PT-37430,MM-002
K-37431,MM-003
PSV-37432,MM-006
FT-37433,MM-010
XV-37434,MM-001
K-37435,MM-004
V-37436,MM-004
TT-37437,MM-001
COL-37438,MM-005
V-37439,MM-006
K-37440,MM-001
FT-37441,MM-007
TT-37442,MM-008
COL-37443,MM-001
FCV-37444,MM-008
P-37445,MM-005
XV-37446,MM-010
TT-37447,MM-004
LT-37448,MM-001
PT-37449,MM-009
V-37450,MM-007
TT-37451,MM-009
E-37452,MM-003
LT-37453,MM-010
TT-37454,MM-008
PT-37455,MM-008
FT-37456,MM-009
P-37457,MM-002
P-37458,MM-005
LT-37459,MM-006
K-37460,MM-009
TT-37461,MM-003
FCV-37462,MM-007
FCV-37463,MM-010
PT-37464,MM-008
K-37465,MM-002
FT-37466,MM-006
K-37467,MM-010
PSV-37468,MM-007
FCV-37469,MM-006
E-37470,MM-010
FCV-37471,MM-008
P-37472,MM-002
FT-37473,MM-010
XV-37474,MM-004
LT-37475,MM-003
FCV-37476,MM-004
PT-37477,MM-001
XV-37478,MM-009
PSV-37479,MM-005
COL-37480,MM-006
E-37481,MM-006
TT-37482,MM-003
FCV-37483,MM-006
FCV-37484,MM-003
PSV-37485,MM-003
PT-37486,MM-003
TT-37487,MM-009
P-37488,MM-008
PSV-37489,MM-006
P-37490,MM-005
V-37491,MM-008
PT-37492,MM-003
TT-37493,MM-009
P-37494,MM-005
K-37495,MM-004
COL-37496,MM-005
FT-37497,MM-004
V-37498,MM-003
LT-37499,MM-006
COL-37500,MM-003
FT-37501,MM-009
V-37502,MM-005
V-37503,MM-008
FCV-37504,MM-009
XV-37505,MM-008
E-37506,MM-001
FT-37507,MM-006
PT-37508,MM-005
V-37509,MM-010
XV-37510,MM-002
V-37511,MM-005
FT-37512,MM-004
XV-37513,MM-002
XV-37514,MM-010
PSV-37515,MM-010
FCV-37516,MM-007
V-37517,MM-002
FT-37518,MM-004
P-37519,MM-003
PSV-37520,MM-010
P-37521,MM-010
XV-37522,MM-007
K-37523,MM-005
P-37524,MM-009
XV-37525,MM-002
FT-37526,MM-003
PT-37527,MM-006
P-37528,MM-001
TT-37529,MM-008
PSV-37530,MM-003
PSV-37531,MM-002
COL-37532,MM-010
FT-37533,MM-002
E-37534,MM-005
COL-37535,MM-007
V-37536,MM-008
PT-37537,MM-003
LT-37538,MM-001
PSV-37539,MM-003
XV-37540,MM-007
P-37541,MM-006
K-37542,MM-003
P-37543,MM-001
E-37544,MM-008
FT-37545,MM-002
V-37546,MM-005
TT-37547,MM-009
V-37548,MM-007
P-37549,MM-006
P-37550,MM-006
P-37551,MM-007
P-37552,MM-010
PT-37553,MM-005
COL-37554,MM-010
LT-37555,MM-007
P-37556,MM-010
FCV-37557,MM-010
P-37558,MM-001
LT-37559,MM-007
K-37560,MM-006
PSV-37561,MM-004
XV-37562,MM-008
PT-37563,MM-009
K-37564,MM-004
E-37565,MM-005
PT-37566,MM-005
P-37567,MM-006
COL-37568,MM-009
PT-37569,MM-009
V-37570,MM-006
FCV-37571,MM-010
PT-37572,MM-009
P-37573,MM-007
V-37574,MM-004
COL-37575,MM-007
PSV-37576,MM-007
P-37577,MM-002
FCV-37578,MM-007
PSV-37579,MM-002
FCV-37580,MM-003
FCV-37581,MM-005
PT-37582,MM-007
FT-37583,MM-003
P-37584,MM-008
LT-37585,MM-008
PSV-37586,MM-010
XV-37587,MM-006
K-37588,MM-002
FT-37589,MM-010
P-37590,MM-006
FCV-37591,MM-009
K-37592,MM-008
PT-37593,MM-005
P-37594,MM-003
E-37595,MM-010
COL-37596,MM-006
FCV-37597,MM-010
FT-37598,MM-001
COL-37599,MM-003
P-37600,MM-001
K-37601,MM-006
K-37602,MM-003
FCV-37603,MM-008
K-37604,MM-009
PT-37605,MM-008
P-37606,MM-010
COL-37607,MM-008
XV-37608,MM-003
V-37609,MM-001
XV-37610,MM-005
V-37611,MM-008
PSV-37612,MM-006
V-37613,MM-002
P-37614,MM-008
LT-37615,MM-008
LT-37616,MM-005
TT-37617,MM-006
E-37618,MM-002
TT-37619,MM-010
P-37620,MM-010
FT-37621,MM-008
LT-37622,MM-003
COL-37623,MM-003
PSV-37624,MM-005
FT-37625,MM-001
K-37626,MM-005
PT-37627,MM-003
XV-37628,MM-006
K-37629,MM-001
XV-37630,MM-004
P-37631,MM-004
COL-37632,MM-003
E-37633,MM-004
P-37634,MM-002
XV-37635,MM-003
FT-37636,MM-008
FT-37637,MM-003
XV-37638,MM-001
COL-37639,MM-002
FT-37640,MM-010
FCV-37641,MM-002
PT-37642,MM-001
COL-37643,MM-008
P-37644,MM-008
TT-37645,MM-004
K-37646,MM-009
K-37647,MM-003
COL-37648,MM-010
FT-37649,MM-001
COL-37650,MM-005
LT-37651,MM-009
FCV-37652,MM-001
XV-37653,MM-003
FCV-37654,MM-009
PT-37655,MM-010
COL-37656,MM-001
E-37657,MM-002
XV-37658,MM-008
P-37659,MM-008
P-37660,MM-010
PT-37661,MM-002
PT-37662,MM-008
FCV-37663,MM-006
V-37664,MM-006
P-37665,MM-005
TT-37666,MM-004
E-37667,MM-009
K-37668,MM-007
PSV-37669,MM-006
V-37670,MM-007
LT-37671,MM-004
PT-37672,MM-001
TT-37673,MM-008
P-37674,MM-005
LT-37675,MM-008
PT-37676,MM-007
COL-37677,MM-006
FT-37678,MM-008
E-37679,MM-009
P-37680,MM-006
PSV-37681,MM-002
K-37682,MM-009
FCV-37683,MM-002
P-37684,MM-001
PT-37685,MM-002
TT-37686,MM-010
XV-37687,MM-004
LT-37688,MM-001
PT-37689,MM-008
COL-37690,MM-005
P-37691,MM-002
COL-37692,MM-003
FT-37693,MM-010
PSV-37694,MM-009
PSV-37695,MM-001
FT-37696,MM-007
FT-37697,MM-001
E-37698,MM-003
PSV-37699,MM-004
XV-37700,MM-008
FT-37701,MM-004
XV-37702,MM-004
TT-37703,MM-009
LT-37704,MM-004
E-37705,MM-004
PT-37706,MM-005
PSV-37707,MM-001
XV-37708,MM-002
PSV-37709,MM-005
LT-37710,MM-002
K-37711,MM-010
V-37712,MM-002
COL-37713,MM-005
P-37714,MM-001
E-37715,MM-006
P-37716,MM-008
V-37717,MM-001
FCV-37718,MM-001
TT-37719,MM-005
P-37720,MM-005
COL-37721,MM-010
K-37722,MM-003
LT-37723,MM-008
LT-37724,MM-005
FT-37725,MM-004
COL-37726,MM-004
TT-37727,MM-010
K-37728,MM-001
PSV-37729,MM-007
LT-37730,MM-003
FCV-37731,MM-002
PT-37732,MM-003
V-37733,MM-002
E-37734,MM-001
E-37735,MM-010
E-37736,MM-008
TT-37737,MM-005
TT-37738,MM-002
TT-37739,MM-007
PSV-37740,MM-010
FT-37741,MM-008
P-37742,MM-004
XV-37743,MM-001
P-37744,MM-007
TT-37745,MM-010
E-37746,MM-003
FCV-37747,MM-008
P-37748,MM-004
XV-37749,MM-006
K-37750,MM-002
XV-37751,MM-007
V-37752,MM-009
E-37753,MM-002
TT-37754,MM-009
E-37755,MM-006
TT-37756,MM-006
FT-37757,MM-001
FCV-37758,MM-004
TT-37759,MM-002
V-37760,MM-007
PT-37761,MM-008
E-37762,MM-004
TT-37763,MM-010
PSV-37764,MM-006
XV-37765,MM-002
V-37766,MM-004
P-37767,MM-009
COL-37768,MM-007
K-37769,MM-005
PSV-37770,MM-007
P-37771,MM-003
P-37772,MM-004
PT-37773,MM-009
P-37774,MM-001
FT-37775,MM-001
COL-37776,MM-003
LT-37777,MM-005
P-37778,MM-006
FT-37779,MM-002
E-37780,MM-004
K-37781,MM-009
PSV-37782,MM-006
P-37783,MM-006
PSV-37784,MM-008
LT-37785,MM-002
V-37786,MM-001
TT-37787,MM-006
P-37788,MM-009
P-37789,MM-010
PT-37790,MM-010
XV-37791,MM-007
XV-37792,MM-002
PSV-37793,MM-010
FT-37794,MM-002
P-37795,MM-001
FCV-37796,MM-003
P-37797,MM-007
P-37798,MM-003
TT-37799,MM-008
FT-37800,MM-006
COL-37801,MM-004
P-37802,MM-006
PT-37803,MM-009
LT-37804,MM-010
FCV-37805,MM-003
TT-37806,MM-003
PT-37807,MM-007
COL-37808,MM-008
XV-37809,MM-003
V-37810,MM-007
P-37811,MM-002
LT-37812,MM-007
TT-37813,MM-004
TT-37814,MM-005
FT-37815,MM-004
FCV-37816,MM-006
TT-37817,MM-008
FCV-37818,MM-002
FCV-37819,MM-005
COL-37820,MM-009
LT-37821,MM-007
V-37822,MM-006
COL-37823,MM-008
TT-37824,MM-003
LT-37825,MM-007
XV-37826,MM-009
P-37827,MM-009
PT-37828,MM-001
FT-37829,MM-005
TT-37830,MM-003
PSV-37831,MM-002
E-37832,MM-008
V-37833,MM-010
COL-37834,MM-005
V-37835,MM-004
P-37836,MM-005
TT-37837,MM-004
PT-37838,MM-002
PT-37839,MM-010
E-37840,MM-005
PT-37841,MM-005
P-37842,MM-008
V-37843,MM-003
K-37844,MM-007
COL-37845,MM-001
K-37846,MM-005
PSV-37847,MM-009
PT-37848,MM-009
XV-37849,MM-004
PSV-37850,MM-008
K-37851,MM-005
E-37852,MM-004
PT-37853,MM-010
V-37854,MM-007
TT-37855,MM-004
V-37856,MM-005
FT-37857,MM-002
V-37858,MM-007
TT-37859,MM-009
P-37860,MM-009
K-37861,MM-002
V-37862,MM-004
PSV-37863,MM-006
LT-37864,MM-008
LT-37865,MM-007
E-37866,MM-005
K-37867,MM-010
E-37868,MM-008
P-37869,MM-007
XV-37870,MM-005
LT-37871,MM-003
P-37872,MM-009
XV-37873,MM-004
COL-37874,MM-005
V-37875,MM-008
E-37876,MM-006
COL-37877,MM-010
P-37878,MM-008
FT-37879,MM-009
PSV-37880,MM-009
K-37881,MM-010
FT-37882,MM-010
PT-37883,MM-002
COL-37884,MM-003
P-37885,MM-003
LT-37886,MM-001
PT-37887,MM-009
V-37888,MM-001
LT-37889,MM-005
PT-37890,MM-005
P-37891,MM-003
P-37892,MM-007
COL-37893,MM-006
E-37894,MM-006
PSV-37895,MM-008
P-37896,MM-007
PT-37897,MM-010
V-37898,MM-002
E-37899,MM-007
V-37900,MM-001
COL-37901,MM-010
PT-37902,MM-009
PT-37903,MM-001
TT-37904,MM-005
PT-37905,MM-006
LT-37906,MM-009
FT-37907,MM-001
FT-37908,MM-004
FT-37909,MM-009
TT-37910,MM-008
V-37911,MM-008
TT-37912,MM-002
K-37913,MM-009
FT-37914,MM-004
LT-37915,MM-007
PT-37916,MM-002
FCV-37917,MM-002
V-37918,MM-010
P-37919,MM-007
PSV-37920,MM-010
FT-37921,MM-008
P-37922,MM-005
FT-37923,MM-002
V-37924,MM-005
TT-37925,MM-008
FT-37926,MM-002
P-37927,MM-006
TT-37928,MM-008
FT-37929,MM-006
V-37930,MM-006
P-37931,MM-002
V-37932,MM-009
P-37933,MM-003
FCV-37934,MM-001
PT-37935,MM-008
P-37936,MM-003
E-37937,MM-010
FCV-37938,MM-004
TT-37939,MM-005
XV-37940,MM-008
P-37941,MM-009
P-37942,MM-001
K-37943,MM-008
COL-37944,MM-003
PT-37945,MM-001
PSV-37946,MM-008
P-37947,MM-009
LT-37948,MM-009
PT-37949,MM-004
TT-37950,MM-006
XV-37951,MM-004
COL-37952,MM-006
TT-37953,MM-005
PT-37954,MM-001
PSV-37955,MM-008
XV-37956,MM-001
P-37957,MM-005
P-37958,MM-004
FT-37959,MM-004
PT-37960,MM-007
E-37961,MM-005
COL-37962,MM-007
P-37963,MM-003
V-37964,MM-005
FT-37965,MM-002
FCV-37966,MM-008
FCV-37967,MM-001
FT-37968,MM-005
COL-37969,MM-004
K-37970,MM-008
K-37971,MM-001
K-37972,MM-005
P-37973,MM-007
FT-37974,MM-006
FT-37975,MM-009
COL-37976,MM-009
P-37977,MM-009
K-37978,MM-007
FT-37979,MM-001
PT-37980,MM-008
K-37981,MM-005
E-37982,MM-008
FT-37983,MM-006
PT-37984,MM-005
V-37985,MM-004
FT-37986,MM-002
V-37987,MM-001
LT-37988,MM-001
FT-37989,MM-010
COL-37990,MM-002
XV-37991,MM-009
FT-37992,MM-006
PT-37993,MM-003
E-37994,MM-009
COL-37995,MM-003
XV-37996,MM-006
P-37997,MM-002
TT-37998,MM-003
P-37999,MM-003
COL-38000,MM-007
LT-38001,MM-004
TT-38002,MM-007
LT-38003,MM-001
V-38004,MM-009
P-38005,MM-003
P-38006,MM-002
P-38007,MM-009
K-38008,MM-004
K-38009,MM-009
LT-38010,MM-006
COL-38011,MM-004
LT-38012,MM-003
P-38013,MM-008
K-38014,MM-002
TT-38015,MM-009
FT-38016,MM-004
XV-38017,MM-004
XV-38018,MM-009
PT-38019,MM-009
FT-38020,MM-009
XV-38021,MM-008
LT-38022,MM-005
V-38023,MM-003
K-38024,MM-006
LT-38025,MM-004
FT-38026,MM-009
P-38027,MM-004
P-38028,MM-009
FT-38029,MM-006
V-38030,MM-002
COL-38031,MM-003
PT-38032,MM-003
P-38033,MM-007
P-38034,MM-009
COL-38035,MM-007
FT-38036,MM-001
TT-38037,MM-007
E-38038,MM-002
E-38039,MM-006
LT-38040,MM-005
P-38041,MM-006
P-38042,MM-002
FT-38043,MM-002
P-38044,MM-001
PSV-38045,MM-008
K-38046,MM-006
P-38047,MM-010
COL-38048,MM-007
FCV-38049,MM-005
XV-38050,MM-010
K-38051,MM-006
COL-38052,MM-001
PSV-38053,MM-006
FT-38054,MM-001
P-38055,MM-009
V-38056,MM-006
XV-38057,MM-007
PSV-38058,MM-003
LT-38059,MM-008
PT-38060,MM-007
PT-38061,MM-009
K-38062,MM-010
XV-38063,MM-010
PSV-38064,MM-003
COL-38065,MM-002
PSV-38066,MM-006
K-38067,MM-005
K-38068,MM-002
FT-38069,MM-006
K-38070,MM-001
LT-38071,MM-008
FCV-38072,MM-005
V-38073,MM-005
PT-38074,MM-010
TT-38075,MM-005
PSV-38076,MM-003
FCV-38077,MM-006
PSV-38078,MM-009
PT-38079,MM-008
PT-38080,MM-003
E-38081,MM-007
P-38082,MM-007
PT-38083,MM-001
FCV-38084,MM-001
K-38085,MM-005
P-38086,MM-001
XV-38087,MM-008
COL-38088,MM-001
E-38089,MM-002
PT-38090,MM-006
K-38091,MM-006
E-38092,MM-002
E-38093,MM-008
LT-38094,MM-002
P-38095,MM-007
LT-38096,MM-003
V-38097,MM-008
LT-38098,MM-008
V-38099,MM-002
COL-38100,MM-010
PT-38101,MM-003
E-38102,MM-005
LT-38103,MM-004
COL-38104,MM-010
K-38105,MM-009
PSV-38106,MM-001
E-38107,MM-006
PSV-38108,MM-008
PT-38109,MM-007
PT-38110,MM-003
FCV-38111,MM-003
K-38112,MM-001
FCV-38113,MM-005
COL-38114,MM-009
XV-38115,MM-006
XV-38116,MM-002
FCV-38117,MM-005
PSV-38118,MM-003
LT-38119,MM-009
K-38120,MM-007
E-38121,MM-003
FT-38122,MM-010
P-38123,MM-002
K-38124,MM-001
PSV-38125,MM-002
K-38126,MM-005
K-38127,MM-003
E-38128,MM-004
E-38129,MM-006
P-38130,MM-005
PSV-38131,MM-007
V-38132,MM-002
COL-38133,MM-003
E-38134,MM-004
P-38135,MM-004
P-38136,MM-007
V-38137,MM-006
PT-38138,MM-004
XV-38139,MM-010
FCV-38140,MM-005
K-38141,MM-009
K-38142,MM-007
XV-38143,MM-002
PT-38144,MM-004
XV-38145,MM-003
E-38146,MM-002
PSV-38147,MM-006
XV-38148,MM-003
COL-38149,MM-004
FT-38150,MM-001
V-38151,MM-006
TT-38152,MM-005
E-38153,MM-009
V-38154,MM-005
V-38155,MM-001
P-38156,MM-004
TT-38157,MM-001
TT-38158,MM-004
FT-38159,MM-001
FCV-38160,MM-002
P-38161,MM-001
V-38162,MM-004
FCV-38163,MM-006
TT-38164,MM-010
FCV-38165,MM-001
FCV-38166,MM-002
PT-38167,MM-007
LT-38168,MM-010
E-38169,MM-001
PSV-38170,MM-006
FCV-38171,MM-005
COL-38172,MM-001
P-38173,MM-010
P-38174,MM-005
P-38175,MM-006
P-38176,MM-001
COL-38177,MM-006
TT-38178,MM-003
PT-38179,MM-003
P-38180,MM-002
K-38181,MM-006
K-38182,MM-002
LT-38183,MM-003
LT-38184,MM-002
TT-38185,MM-004
E-38186,MM-008
COL-38187,MM-007
PT-38188,MM-006
LT-38189,MM-001
FT-38190,MM-002
PT-38191,MM-001
E-38192,MM-008
V-38193,MM-010
LT-38194,MM-008
V-38195,MM-006
P-38196,MM-005
FT-38197,MM-010
TT-38198,MM-009
E-38199,MM-005
LT-38200,MM-009
PSV-38201,MM-005
PSV-38202,MM-001
PSV-38203,MM-002
XV-38204,MM-009
P-38205,MM-009
K-38206,MM-002
TT-38207,MM-009
TT-38208,MM-007
FT-38209,MM-006
FT-38210,MM-006
P-38211,MM-005
TT-38212,MM-002
LT-38213,MM-007
V-38214,MM-008
PSV-38215,MM-004
FT-38216,MM-003
LT-38217,MM-004
LT-38218,MM-008
K-38219,MM-009
PSV-38220,MM-006
FT-38221,MM-010
FCV-38222,MM-006
FT-38223,MM-002
PSV-38224,MM-006
FT-38225,MM-001
FT-38226,MM-004
P-38227,MM-001
PSV-38228,MM-006
P-38229,MM-009
FCV-38230,MM-009
K-38231,MM-006
PT-38232,MM-010
TT-38233,MM-004
COL-38234,MM-008
LT-38235,MM-004
P-38236,MM-001
P-38237,MM-004
LT-38238,MM-006
PSV-38239,MM-002
TT-38240,MM-009
K-38241,MM-007
XV-38242,MM-004
XV-38243,MM-008
E-38244,MM-003
P-38245,MM-010
XV-38246,MM-008
PSV-38247,MM-001
PT-38248,MM-007
XV-38249,MM-008
XV-38250,MM-003
V-38251,MM-003
PT-38252,MM-006
P-38253,MM-008
LT-38254,MM-008
LT-38255,MM-005
XV-38256,MM-010
P-38257,MM-001
FCV-38258,MM-007
TT-38259,MM-005
PT-38260,MM-005
PSV-38261,MM-008
TT-38262,MM-003
FCV-38263,MM-007
PSV-38264,MM-009
PT-38265,MM-009
LT-38266,MM-008
PT-38267,MM-004
FT-38268,MM-002
FCV-38269,MM-009
LT-38270,MM-003
COL-38271,MM-001
COL-38272,MM-006
FT-38273,MM-003
FCV-38274,MM-005
XV-38275,MM-002
COL-38276,MM-006
COL-38277,MM-001
PT-38278,MM-006
FCV-38279,MM-006
K-38280,MM-006
PT-38281,MM-010
P-38282,MM-002
LT-38283,MM-002
K-38284,MM-004
FT-38285,MM-003
TT-38286,MM-003
K-38287,MM-002
V-38288,MM-002
FT-38289,MM-002
PT-38290,MM-003
FT-38291,MM-001
P-38292,MM-006
XV-38293,MM-005
FT-38294,MM-006
XV-38295,MM-001
PT-38296,MM-006
LT-38297,MM-007
PT-38298,MM-009
E-38299,MM-004
P-38300,MM-010
FT-38301,MM-007
P-38302,MM-003
P-38303,MM-007
FCV-38304,MM-004
FCV-38305,MM-008
PT-38306,MM-004
PSV-38307,MM-010
PT-38308,MM-003
FCV-38309,MM-001
PT-38310,MM-008
XV-38311,MM-002
V-38312,MM-005
FCV-38313,MM-002
COL-38314,MM-004
PT-38315,MM-006
FCV-38316,MM-004
XV-38317,MM-004
V-38318,MM-004
FCV-38319,MM-005
P-38320,MM-006
P-38321,MM-004
TT-38322,MM-003
FCV-38323,MM-009
COL-38324,MM-010
PT-38325,MM-007
XV-38326,MM-004
PT-38327,MM-004
P-38328,MM-006
K-38329,MM-006
COL-38330,MM-005
P-38331,MM-010
P-38332,MM-005
FT-38333,MM-001
FT-38334,MM-005
FT-38335,MM-008
P-38336,MM-004
PT-38337,MM-006
E-38338,MM-010
V-38339,MM-006
P-38340,MM-008
E-38341,MM-002
FT-38342,MM-010
P-38343,MM-009
K-38344,MM-004
P-38345,MM-004
LT-38346,MM-006
XV-38347,MM-002
PT-38348,MM-004
PSV-38349,MM-006
TT-38350,MM-002
FCV-38351,MM-001
E-38352,MM-010
V-38353,MM-001
PSV-38354,MM-006
TT-38355,MM-006
COL-38356,MM-005
K-38357,MM-009
XV-38358,MM-003
P-38359,MM-006
FT-38360,MM-010
V-38361,MM-009
XV-38362,MM-002
TT-38363,MM-008
PSV-38364,MM-007
FCV-38365,MM-009
K-38366,MM-009
P-38367,MM-005
P-38368,MM-006
LT-38369,MM-003
COL-38370,MM-005
FT-38371,MM-008
P-38372,MM-005
V-38373,MM-009
P-38374,MM-007
P-38375,MM-010
V-38376,MM-008
TT-38377,MM-006
P-38378,MM-002
TT-38379,MM-010
K-38380,MM-007
FCV-38381,MM-010
FCV-38382,MM-005
P-38383,MM-007
LT-38384,MM-010
COL-38385,MM-007
PT-38386,MM-006
P-38387,MM-007
TT-38388,MM-001
FT-38389,MM-008
LT-38390,MM-001
K-38391,MM-001
TT-38392,MM-007
PSV-38393,MM-005
E-38394,MM-003
COL-38395,MM-010
FCV-38396,MM-003
PSV-38397,MM-005
V-38398,MM-007
P-38399,MM-002
P-38400,MM-008
P-38401,MM-001
XV-38402,MM-008
PSV-38403,MM-003
PT-38404,MM-003
FCV-38405,MM-005
PSV-38406,MM-010
TT-38407,MM-010
XV-38408,MM-009
XV-38409,MM-001
COL-38410,MM-004
P-38411,MM-004
P-38412,MM-010
PT-38413,MM-001
LT-38414,MM-006
E-38415,MM-001
E-38416,MM-005
P-38417,MM-005
XV-38418,MM-010
K-38419,MM-002
PT-38420,MM-007
LT-38421,MM-010
LT-38422,MM-009
XV-38423,MM-008
V-38424,MM-009
P-38425,MM-003
FCV-38426,MM-001
FCV-38427,MM-005
FT-38428,MM-005
V-38429,MM-006
TT-38430,MM-010
FCV-38431,MM-010
COL-38432,MM-009
P-38433,MM-007
PSV-38434,MM-002
PT-38435,MM-002
P-38436,MM-009
XV-38437,MM-005
LT-38438,MM-010
FT-38439,MM-002
E-38440,MM-004
PSV-38441,MM-007
E-38442,MM-003
E-38443,MM-004
P-38444,MM-005
COL-38445,MM-003
FCV-38446,MM-009
K-38447,MM-008
FCV-38448,MM-002
COL-38449,MM-002
K-38450,MM-009
K-38451,MM-001
LT-38452,MM-010
FT-38453,MM-007
P-38454,MM-009
V-38455,MM-005
FT-38456,MM-006
E-38457,MM-006
P-38458,MM-006
E-38459,MM-008
P-38460,MM-007
P-38461,MM-010
PSV-38462,MM-008
PT-38463,MM-009
PT-38464,MM-007
P-38465,MM-004
P-38466,MM-009
TT-38467,MM-004
PSV-38468,MM-010
COL-38469,MM-006
FT-38470,MM-008
P-38471,MM-004
PSV-38472,MM-007
COL-38473,MM-005
PSV-38474,MM-005
PT-38475,MM-005
P-38476,MM-001
V-38477,MM-005
TT-38478,MM-010
PSV-38479,MM-002
K-38480,MM-008
LT-38481,MM-002
E-38482,MM-004
FT-38483,MM-006
XV-38484,MM-001
P-38485,MM-001
FCV-38486,MM-001
V-38487,MM-006
V-38488,MM-001
P-38489,MM-006
PSV-38490,MM-001
E-38491,MM-002
XV-38492,MM-008
FT-38493,MM-007
LT-38494,MM-009
P-38495,MM-007
FT-38496,MM-006
FT-38497,MM-009
P-38498,MM-004
P-38499,MM-007
PT-38500,MM-001
PSV-38501,MM-010
LT-38502,MM-002
XV-38503,MM-007
LT-38504,MM-006
TT-38505,MM-003
PSV-38506,MM-002
PSV-38507,MM-006
LT-38508,MM-006
P-38509,MM-007
COL-38510,MM-005
P-38511,MM-008
FT-38512,MM-009
V-38513,MM-010
FT-38514,MM-002
LT-38515,MM-010
P-38516,MM-002
TT-38517,MM-006
V-38518,MM-005
V-38519,MM-006
E-38520,MM-005
PT-38521,MM-001
E-38522,MM-008
PT-38523,MM-007
K-38524,MM-004
V-38525,MM-007
XV-38526,MM-001
PT-38527,MM-007
XV-38528,MM-006
PSV-38529,MM-001
V-38530,MM-001
COL-38531,MM-010
TT-38532,MM-007
P-38533,MM-001
XV-38534,MM-008
TT-38535,MM-006
P-38536,MM-003
PT-38537,MM-002
PT-38538,MM-005
PSV-38539,MM-007
K-38540,MM-008
FT-38541,MM-002
K-38542,MM-002
FCV-38543,MM-003
XV-38544,MM-010
FT-38545,MM-009
LT-38546,MM-001
LT-38547,MM-005
COL-38548,MM-004
K-38549,MM-008
FT-38550,MM-004
TT-38551,MM-002
P-38552,MM-005
K-38553,MM-005
COL-38554,MM-005
PT-38555,MM-002
PT-38556,MM-005
XV-38557,MM-010
P-38558,MM-007
FCV-38559,MM-007
V-38560,MM-006
XV-38561,MM-007
FCV-38562,MM-004
LT-38563,MM-008
P-38564,MM-010
FCV-38565,MM-004
V-38566,MM-003
P-38567,MM-004
PSV-38568,MM-001
TT-38569,MM-004
COL-38570,MM-009
XV-38571,MM-010
FT-38572,MM-009
P-38573,MM-010
E-38574,MM-003
P-38575,MM-003
P-38576,MM-002
PSV-38577,MM-003
K-38578,MM-004
K-38579,MM-008
V-38580,MM-009
XV-38581,MM-005
TT-38582,MM-010
LT-38583,MM-005
TT-38584,MM-004
TT-38585,MM-007
FCV-38586,MM-007
XV-38587,MM-007
LT-38588,MM-001
P-38589,MM-009
P-38590,MM-003
K-38591,MM-007
LT-38592,MM-002
COL-38593,MM-002
P-38594,MM-007
P-38595,MM-010
K-38596,MM-010
P-38597,MM-002
FT-38598,MM-004
K-38599,MM-004
PT-38600,MM-007
TT-38601,MM-001
P-38602,MM-003
V-38603,MM-004
XV-38604,MM-003
P-38605,MM-010
PT-38606,MM-002
FCV-38607,MM-004
E-38608,MM-002
P-38609,MM-004
PT-38610,MM-008
XV-38611,MM-002
LT-38612,MM-006
K-38613,MM-001
XV-38614,MM-006
TT-38615,MM-009
PT-38616,MM-006
FT-38617,MM-009
COL-38618,MM-006
FCV-38619,MM-010
E-38620,MM-004
FT-38621,MM-003
P-38622,MM-007
LT-38623,MM-009
FT-38624,MM-007
FT-38625,MM-010
PSV-38626,MM-002
TT-38627,MM-010
PT-38628,MM-005
PT-38629,MM-006
PT-38630,MM-004
LT-38631,MM-007
TT-38632,MM-010
P-38633,MM-004
K-38634,MM-005
TT-38635,MM-002
K-38636,MM-009
K-38637,MM-010
FT-38638,MM-008
LT-38639,MM-007
K-38640,MM-006
V-38641,MM-006
P-38642,MM-005
LT-38643,MM-004
COL-38644,MM-004
FT-38645,MM-006
FT-38646,MM-002
FCV-38647,MM-008
FCV-38648,MM-003
P-38649,MM-009
PT-38650,MM-010
PSV-38651,MM-008
XV-38652,MM-010
K-38653,MM-002
PSV-38654,MM-005
LT-38655,MM-005
E-38656,MM-007
E-38657,MM-010
PT-38658,MM-009
P-38659,MM-003
LT-38660,MM-005
PSV-38661,MM-001
XV-38662,MM-004
K-38663,MM-009
FCV-38664,MM-004
XV-38665,MM-004
P-38666,MM-002
P-38667,MM-009
XV-38668,MM-002
P-38669,MM-004
XV-38670,MM-010
LT-38671,MM-007
PSV-38672,MM-005
LT-38673,MM-002
P-38674,MM-001
V-38675,MM-005
FT-38676,MM-004
P-38677,MM-001
LT-38678,MM-006
K-38679,MM-003
FCV-38680,MM-008
P-38681,MM-010
XV-38682,MM-007
P-38683,MM-003
PT-38684,MM-007
FCV-38685,MM-004
V-38686,MM-001
V-38687,MM-002
V-38688,MM-005
FCV-38689,MM-008
TT-38690,MM-010
PT-38691,MM-005
FCV-38692,MM-009
TT-38693,MM-007
P-38694,MM-008
PT-38695,MM-003
PT-38696,MM-004
PT-38697,MM-008
TT-38698,MM-004
PT-38699,MM-002
XV-38700,MM-006
COL-38701,MM-004
E-38702,MM-009
LT-38703,MM-004
FCV-38704,MM-008
E-38705,MM-006
XV-38706,MM-010
PT-38707,MM-001
XV-38708,MM-009
FCV-38709,MM-010
FT-38710,MM-009
P-38711,MM-006
LT-38712,MM-002
TT-38713,MM-004
FCV-38714,MM-003
V-38715,MM-010
FT-38716,MM-005
FCV-38717,MM-007
PT-38718,MM-005
P-38719,MM-006
FT-38720,MM-010
PT-38721,MM-009
V-38722,MM-001
COL-38723,MM-007
K-38724,MM-005
PSV-38725,MM-004
PSV-38726,MM-008
LT-38727,MM-002
PT-38728,MM-001
LT-38729,MM-007
P-38730,MM-008
V-38731,MM-006
PT-38732,MM-005
P-38733,MM-009
P-38734,MM-001
FT-38735,MM-001
LT-38736,MM-005
V-38737,MM-010
TT-38738,MM-007
V-38739,MM-008
E-38740,MM-004
LT-38741,MM-005
FT-38742,MM-010
LT-38743,MM-008
XV-38744,MM-008
P-38745,MM-005
XV-38746,MM-010
FT-38747,MM-001
E-38748,MM-001
E-38749,MM-006
P-38750,MM-002
P-38751,MM-006
PSV-38752,MM-010
PT-38753,MM-002
FCV-38754,MM-004
XV-38755,MM-010
P-38756,MM-004
V-38757,MM-006
FT-38758,MM-007
PT-38759,MM-006
FT-38760,MM-002
PSV-38761,MM-004
COL-38762,MM-009
XV-38763,MM-001
PSV-38764,MM-004
PT-38765,MM-007
E-38766,MM-001
E-38767,MM-004
FT-38768,MM-003
TT-38769,MM-007
XV-38770,MM-002
PT-38771,MM-010
COL-38772,MM-003
E-38773,MM-007
K-38774,MM-008
COL-38775,MM-001
P-38776,MM-005
FT-38777,MM-010
FT-38778,MM-002
FCV-38779,MM-007
LT-38780,MM-003
COL-38781,MM-003
COL-38782,MM-004
LT-38783,MM-007
PSV-38784,MM-003
XV-38785,MM-002
P-38786,MM-002
P-38787,MM-009
E-38788,MM-005
XV-38789,MM-007
COL-38790,MM-001
E-38791,MM-002
V-38792,MM-002
COL-38793,MM-003
TT-38794,MM-002
COL-38795,MM-010
PSV-38796,MM-001
TT-38797,MM-010
XV-38798,MM-007
P-38799,MM-006
PT-38800,MM-005
COL-38801,MM-010
FCV-38802,MM-004
COL-38803,MM-006
LT-38804,MM-003
FCV-38805,MM-004
K-38806,MM-004
P-38807,MM-004
P-38808,MM-005
FT-38809,MM-010
TT-38810,MM-006
FCV-38811,MM-002
P-38812,MM-010
V-38813,MM-004
XV-38814,MM-010
PSV-38815,MM-010
E-38816,MM-005
K-38817,MM-001
P-38818,MM-003
FT-38819,MM-005
PSV-38820,MM-003
COL-38821,MM-002
P-38822,MM-005
K-38823,MM-003
PSV-38824,MM-004
TT-38825,MM-009
PT-38826,MM-008
K-38827,MM-004
LT-38828,MM-001
PT-38829,MM-008
PT-38830,MM-001
XV-38831,MM-007
LT-38832,MM-004
FCV-38833,MM-009
P-38834,MM-010
K-38835,MM-003
XV-38836,MM-004
V-38837,MM-002
LT-38838,MM-010
XV-38839,MM-007
TT-38840,MM-005
LT-38841,MM-004
P-38842,MM-007
PSV-38843,MM-009
P-38844,MM-009
P-38845,MM-006
E-38846,MM-010
K-38847,MM-007
TT-38848,MM-004
PT-38849,MM-004
K-38850,MM-005
K-38851,MM-002
XV-38852,MM-009
K-38853,MM-001
PSV-38854,MM-004
LT-38855,MM-003
PT-38856,MM-008
K-38857,MM-002
COL-38858,MM-009
COL-38859,MM-001
V-38860,MM-005
COL-38861,MM-009
E-38862,MM-001
PSV-38863,MM-002
TT-38864,MM-008
E-38865,MM-005
PT-38866,MM-001
FT-38867,MM-003
XV-38868,MM-003
FT-38869,MM-009
FCV-38870,MM-001
TT-38871,MM-003
FT-38872,MM-010
TT-38873,MM-009
COL-38874,MM-006
E-38875,MM-006
COL-38876,MM-008
XV-38877,MM-005
TT-38878,MM-004
XV-38879,MM-007
FCV-38880,MM-004
K-38881,MM-005
PSV-38882,MM-009
E-38883,MM-001
TT-38884,MM-005
FT-38885,MM-001
K-38886,MM-003
FT-38887,MM-006
XV-38888,MM-009
XV-38889,MM-001
P-38890,MM-003
FCV-38891,MM-003
XV-38892,MM-006
LT-38893,MM-005
COL-38894,MM-010
XV-38895,MM-003
P-38896,MM-003
E-38897,MM-008
LT-38898,MM-004
E-38899,MM-010
PSV-38900,MM-009
P-38901,MM-007
PSV-38902,MM-004
V-38903,MM-004
FCV-38904,MM-005
TT-38905,MM-007
PSV-38906,MM-008
V-38907,MM-007
P-38908,MM-001
COL-38909,MM-008
V-38910,MM-005
TT-38911,MM-002
TT-38912,MM-005
P-38913,MM-006
V-38914,MM-005
TT-38915,MM-008
E-38916,MM-006
K-38917,MM-005
XV-38918,MM-005
P-38919,MM-010
E-38920,MM-002
TT-38921,MM-008
LT-38922,MM-004
K-38923,MM-004
P-38924,MM-010
PT-38925,MM-009
PT-38926,MM-006
FCV-38927,MM-006
P-38928,MM-010
E-38929,MM-004
COL-38930,MM-007
P-38931,MM-006
LT-38932,MM-007
LT-38933,MM-010
V-38934,MM-007
TT-38935,MM-002
P-38936,MM-004
LT-38937,MM-010
PT-38938,MM-005
P-38939,MM-004
PSV-38940,MM-003
E-38941,MM-004
FT-38942,MM-003
P-38943,MM-009
FT-38944,MM-010
E-38945,MM-010
COL-38946,MM-006
K-38947,MM-010
K-38948,MM-009
LT-38949,MM-007
COL-38950,MM-002
TT-38951,MM-010
FT-38952,MM-007
LT-38953,MM-006
E-38954,MM-010
E-38955,MM-005
P-38956,MM-001
PT-38957,MM-004
LT-38958,MM-002
P-38959,MM-003
LT-38960,MM-001
LT-38961,MM-004
E-38962,MM-007
COL-38963,MM-005
FT-38964,MM-004
LT-38965,MM-008
V-38966,MM-004
V-38967,MM-005
P-38968,MM-003
LT-38969,MM-003
COL-38970,MM-001
XV-38971,MM-002
PT-38972,MM-007
P-38973,MM-009
LT-38974,MM-008
XV-38975,MM-009
TT-38976,MM-003
E-38977,MM-002
COL-38978,MM-009
PT-38979,MM-006
P-38980,MM-001
PT-38981,MM-002
K-38982,MM-007
P-38983,MM-001
LT-38984,MM-003
LT-38985,MM-002
K-38986,MM-002
K-38987,MM-008
V-38988,MM-010
COL-38989,MM-002
PT-38990,MM-004
XV-38991,MM-003
TT-38992,MM-004
COL-38993,MM-009
COL-38994,MM-005
V-38995,MM-006
E-38996,MM-006
K-38997,MM-001
XV-38998,MM-005
FT-38999,MM-006
E-39000,MM-001
P-39001,MM-003
COL-39002,MM-006
P-39003,MM-009
XV-39004,MM-004
XV-39005,MM-005
K-39006,MM-003
PT-39007,MM-005
PT-39008,MM-002
FCV-39009,MM-002
FCV-39010,MM-006
TT-39011,MM-008
COL-39012,MM-001
TT-39013,MM-002
TT-39014,MM-007
FCV-39015,MM-004
COL-39016,MM-002
FT-39017,MM-010
COL-39018,MM-005
P-39019,MM-001
E-39020,MM-005
P-39021,MM-005
P-39022,MM-006
P-39023,MM-002
E-39024,MM-003
PSV-39025,MM-004
K-39026,MM-005
PT-39027,MM-007
V-39028,MM-006
FCV-39029,MM-001
P-39030,MM-005
FT-39031,MM-010
PSV-39032,MM-010
TT-39033,MM-010
E-39034,MM-002
V-39035,MM-004
FCV-39036,MM-002
PT-39037,MM-010
LT-39038,MM-003
V-39039,MM-008
XV-39040,MM-002
E-39041,MM-010
PT-39042,MM-010
TT-39043,MM-005
V-39044,MM-010
V-39045,MM-005
FT-39046,MM-009
LT-39047,MM-001
P-39048,MM-006
XV-39049,MM-004
LT-39050,MM-001
P-39051,MM-009
FCV-39052,MM-008
PT-39053,MM-004
V-39054,MM-009
E-39055,MM-005
FT-39056,MM-003
FT-39057,MM-010
LT-39058,MM-007
V-39059,MM-002
PT-39060,MM-008
PSV-39061,MM-002
K-39062,MM-008
V-39063,MM-008
V-39064,MM-001
XV-39065,MM-008
COL-39066,MM-001
TT-39067,MM-004
K-39068,MM-008
P-39069,MM-008
FCV-39070,MM-009
COL-39071,MM-009
P-39072,MM-007
E-39073,MM-004
P-39074,MM-004
P-39075,MM-008
P-39076,MM-001
P-39077,MM-010
PT-39078,MM-008
FT-39079,MM-010
K-39080,MM-009
XV-39081,MM-005
LT-39082,MM-010
FT-39083,MM-001
COL-39084,MM-010
FCV-39085,MM-006
V-39086,MM-004
K-39087,MM-010
LT-39088,MM-006
PT-39089,MM-004
PT-39090,MM-007
FT-39091,MM-006
P-39092,MM-002
LT-39093,MM-002
PSV-39094,MM-010
PT-39095,MM-004
V-39096,MM-007
P-39097,MM-003
E-39098,MM-010
COL-39099,MM-006
PSV-39100,MM-010
TT-39101,MM-010
PT-39102,MM-008
TT-39103,MM-002
P-39104,MM-004
E-39105,MM-001
PSV-39106,MM-006
V-39107,MM-002
COL-39108,MM-003
FCV-39109,MM-008
FCV-39110,MM-007
COL-39111,MM-001
FCV-39112,MM-008
FT-39113,MM-001
P-39114,MM-009
LT-39115,MM-005
COL-39116,MM-010
E-39117,MM-001
E-39118,MM-002
K-39119,MM-009
PT-39120,MM-009
V-39121,MM-003
P-39122,MM-007
PSV-39123,MM-005
V-39124,MM-007
XV-39125,MM-010
TT-39126,MM-007
P-39127,MM-001
P-39128,MM-002
E-39129,MM-001
P-39130,MM-006
K-39131,MM-008
PSV-39132,MM-003
COL-39133,MM-007
P-39134,MM-006
FCV-39135,MM-006
PT-39136,MM-003
FCV-39137,MM-001
P-39138,MM-006
COL-39139,MM-005
FCV-39140,MM-006
FCV-39141,MM-002
PT-39142,MM-001
FT-39143,MM-003
TT-39144,MM-003
E-39145,MM-004
E-39146,MM-006
PT-39147,MM-008
P-39148,MM-007
FT-39149,MM-006
PSV-39150,MM-005
PSV-39151,MM-006
E-39152,MM-009
XV-39153,MM-005
PSV-39154,MM-005
E-39155,MM-006
P-39156,MM-009
FCV-39157,MM-008
P-39158,MM-002
FT-39159,MM-004
K-39160,MM-002
TT-39161,MM-009
COL-39162,MM-005
TT-39163,MM-004
LT-39164,MM-003
V-39165,MM-009
P-39166,MM-007
PT-39167,MM-010
TT-39168,MM-001
K-39169,MM-005
XV-39170,MM-008
XV-39171,MM-003
P-39172,MM-001
PSV-39173,MM-008
FT-39174,MM-002
XV-39175,MM-005
FT-39176,MM-006
E-39177,MM-006
XV-39178,MM-010
E-39179,MM-008
K-39180,MM-006
XV-39181,MM-006
P-39182,MM-002
K-39183,MM-005
LT-39184,MM-009
COL-39185,MM-006
P-39186,MM-009
P-39187,MM-006
V-39188,MM-005
LT-39189,MM-004
PSV-39190,MM-005
XV-39191,MM-007
P-39192,MM-006
V-39193,MM-005
COL-39194,MM-009
FCV-39195,MM-004
V-39196,MM-001
TT-39197,MM-009
FCV-39198,MM-007
P-39199,MM-005
TT-39200,MM-008
FT-39201,MM-002
PT-39202,MM-006
E-39203,MM-008
V-39204,MM-009
FCV-39205,MM-009
FT-39206,MM-010
PT-39207,MM-008
FCV-39208,MM-007
FCV-39209,MM-010
PT-39210,MM-005
FCV-39211,MM-005
FT-39212,MM-001
P-39213,MM-009
FCV-39214,MM-008
COL-39215,MM-008
XV-39216,MM-005
P-39217,MM-010
PT-39218,MM-004
FCV-39219,MM-002
K-39220,MM-005
K-39221,MM-008
PT-39222,MM-010
LT-39223,MM-008
LT-39224,MM-001
K-39225,MM-001
PT-39226,MM-010
K-39227,MM-010
K-39228,MM-005
TT-39229,MM-007
E-39230,MM-008
XV-39231,MM-003
V-39232,MM-003
P-39233,MM-006
TT-39234,MM-007
PT-39235,MM-001
P-39236,MM-002
P-39237,MM-008
PSV-39238,MM-004
P-39239,MM-002
XV-39240,MM-006
XV-39241,MM-002
K-39242,MM-008
V-39243,MM-009
P-39244,MM-010
FCV-39245,MM-010
K-39246,MM-003
FCV-39247,MM-006
XV-39248,MM-006
P-39249,MM-005
K-39250,MM-010
P-39251,MM-002
PT-39252,MM-009
LT-39253,MM-008
COL-39254,MM-007
COL-39255,MM-003
PSV-39256,MM-004
LT-39257,MM-001
FCV-39258,MM-010
E-39259,MM-007
TT-39260,MM-008
TT-39261,MM-007
K-39262,MM-004
LT-39263,MM-003
P-39264,MM-009
P-39265,MM-003
LT-39266,MM-001
PT-39267,MM-009
K-39268,MM-004
XV-39269,MM-005
PT-39270,MM-008
K-39271,MM-002
PT-39272,MM-004
FCV-39273,MM-002
LT-39274,MM-008
FT-39275,MM-006
TT-39276,MM-003
V-39277,MM-010
FT-39278,MM-003
P-39279,MM-009
TT-39280,MM-002
K-39281,MM-010
P-39282,MM-008
PSV-39283,MM-010
P-39284,MM-010
K-39285,MM-003
COL-39286,MM-010
COL-39287,MM-008
PT-39288,MM-010
P-39289,MM-003
TT-39290,MM-005
PT-39291,MM-008
FCV-39292,MM-006
K-39293,MM-009
PSV-39294,MM-003
COL-39295,MM-002
COL-39296,MM-009
P-39297,MM-009
FCV-39298,MM-010
P-39299,MM-006
PSV-39300,MM-003
COL-39301,MM-010
V-39302,MM-005
XV-39303,MM-006
E-39304,MM-004
FT-39305,MM-001
E-39306,MM-003
FT-39307,MM-006
PSV-39308,MM-006
P-39309,MM-006
P-39310,MM-001
PT-39311,MM-002
P-39312,MM-010
COL-39313,MM-002
FCV-39314,MM-005
TT-39315,MM-003
P-39316,MM-001
LT-39317,MM-001
P-39318,MM-006
COL-39319,MM-002
FT-39320,MM-005
PSV-39321,MM-001
E-39322,MM-002
PSV-39323,MM-007
PT-39324,MM-007
V-39325,MM-003
FT-39326,MM-001
V-39327,MM-010
PSV-39328,MM-002
PT-39329,MM-010
TT-39330,MM-003
COL-39331,MM-002
V-39332,MM-004
XV-39333,MM-003
FCV-39334,MM-009
PSV-39335,MM-008
XV-39336,MM-010
FT-39337,MM-005
PT-39338,MM-010
FCV-39339,MM-010
PSV-39340,MM-002
FT-39341,MM-010
P-39342,MM-008
V-39343,MM-003
PT-39344,MM-005
FT-39345,MM-010
PT-39346,MM-007
XV-39347,MM-006
P-39348,MM-009
LT-39349,MM-006
LT-39350,MM-003
TT-39351,MM-007
COL-39352,MM-004
FCV-39353,MM-001
PT-39354,MM-006
P-39355,MM-001
TT-39356,MM-009
TT-39357,MM-001
PT-39358,MM-001
COL-39359,MM-008
V-39360,MM-005
XV-39361,MM-006
PT-39362,MM-002
E-39363,MM-003
LT-39364,MM-007
E-39365,MM-005
LT-39366,MM-005
P-39367,MM-003
TT-39368,MM-009
FT-39369,MM-002
E-39370,MM-004
V-39371,MM-002
V-39372,MM-010
PT-39373,MM-007
LT-39374,MM-010
PT-39375,MM-008
P-39376,MM-006
PT-39377,MM-007
FT-39378,MM-002
COL-39379,MM-004
COL-39380,MM-007
P-39381,MM-009
FCV-39382,MM-009
LT-39383,MM-003
TT-39384,MM-005
XV-39385,MM-010
FT-39386,MM-001
FT-39387,MM-002
LT-39388,MM-009
K-39389,MM-005
XV-39390,MM-010
P-39391,MM-003
P-39392,MM-004
V-39393,MM-007
FT-39394,MM-009
P-39395,MM-007
LT-39396,MM-004
FT-39397,MM-007
COL-39398,MM-008
FCV-39399,MM-002
K-39400,MM-004
COL-39401,MM-005
TT-39402,MM-010
FCV-39403,MM-008
V-39404,MM-010
TT-39405,MM-007
E-39406,MM-002
FT-39407,MM-001
PSV-39408,MM-007
XV-39409,MM-004
COL-39410,MM-005
XV-39411,MM-003
K-39412,MM-004
LT-39413,MM-006
XV-39414,MM-001
FT-39415,MM-009
FCV-39416,MM-001
P-39417,MM-008
FT-39418,MM-008
PSV-39419,MM-005
TT-39420,MM-003
TT-39421,MM-005
FCV-39422,MM-005
FT-39423,MM-005
LT-39424,MM-010
P-39425,MM-004
P-39426,MM-008
LT-39427,MM-007
LT-39428,MM-010
LT-39429,MM-005
PSV-39430,MM-002
FT-39431,MM-003
FT-39432,MM-002
E-39433,MM-005
XV-39434,MM-008
P-39435,MM-006
K-39436,MM-002
E-39437,MM-008
FT-39438,MM-004
P-39439,MM-003
PSV-39440,MM-007
V-39441,MM-005
P-39442,MM-001
P-39443,MM-002
FT-39444,MM-010
COL-39445,MM-004
P-39446,MM-004
XV-39447,MM-003
E-39448,MM-004
V-39449,MM-004
P-39450,MM-007
FT-39451,MM-008
P-39452,MM-005
P-39453,MM-009
XV-39454,MM-002
K-39455,MM-007
XV-39456,MM-003
PT-39457,MM-001
XV-39458,MM-009
P-39459,MM-010
TT-39460,MM-010
FCV-39461,MM-010
P-39462,MM-009
XV-39463,MM-005
FCV-39464,MM-003
FT-39465,MM-002
FT-39466,MM-008
PSV-39467,MM-010
FCV-39468,MM-002
K-39469,MM-002
K-39470,MM-008
COL-39471,MM-010
FCV-39472,MM-009
E-39473,MM-009
PSV-39474,MM-006
P-39475,MM-006
TT-39476,MM-007
PT-39477,MM-008
TT-39478,MM-004
E-39479,MM-007
COL-39480,MM-003
COL-39481,MM-005
TT-39482,MM-010
FCV-39483,MM-010
PSV-39484,MM-002
XV-39485,MM-009
FCV-39486,MM-007
P-39487,MM-003
K-39488,MM-008
COL-39489,MM-001
P-39490,MM-003
P-39491,MM-010
TT-39492,MM-005
V-39493,MM-001
TT-39494,MM-008
P-39495,MM-010
FT-39496,MM-009
COL-39497,MM-010
PT-39498,MM-009
P-39499,MM-001
PT-39500,MM-004
FCV-39501,MM-007
V-39502,MM-001
E-39503,MM-009
FCV-39504,MM-002
FCV-39505,MM-007
K-39506,MM-008
COL-39507,MM-001
V-39508,MM-003
K-39509,MM-008
FT-39510,MM-002
E-39511,MM-006
FCV-39512,MM-003
P-39513,MM-007
E-39514,MM-005
LT-39515,MM-005
LT-39516,MM-002
PT-39517,MM-007
P-39518,MM-002
PT-39519,MM-009
LT-39520,MM-005
PSV-39521,MM-007
PT-39522,MM-007
PSV-39523,MM-005
P-39524,MM-004
P-39525,MM-009
K-39526,MM-004
COL-39527,MM-009
PT-39528,MM-009
V-39529,MM-001
TT-39530,MM-008
P-39531,MM-007
P-39532,MM-003
XV-39533,MM-009
P-39534,MM-006
P-39535,MM-007
V-39536,MM-006
FCV-39537,MM-010
COL-39538,MM-010
LT-39539,MM-007
COL-39540,MM-003
XV-39541,MM-006
COL-39542,MM-009
LT-39543,MM-006
E-39544,MM-010
PT-39545,MM-004
P-39546,MM-005
COL-39547,MM-004
TT-39548,MM-007
V-39549,MM-006
FCV-39550,MM-007
XV-39551,MM-007
V-39552,MM-008
TT-39553,MM-002
V-39554,MM-002
FT-39555,MM-004
V-39556,MM-003
PSV-39557,MM-009
FCV-39558,MM-004
V-39559,MM-007
FT-39560,MM-001
TT-39561,MM-006
E-39562,MM-004
FT-39563,MM-006
COL-39564,MM-001
TT-39565,MM-006
LT-39566,MM-007
PSV-39567,MM-001
E-39568,MM-002
XV-39569,MM-008
P-39570,MM-009
FT-39571,MM-009
XV-39572,MM-006
P-39573,MM-005
XV-39574,MM-002
P-39575,MM-007
TT-39576,MM-010
FT-39577,MM-009
K-39578,MM-005
P-39579,MM-008
FT-39580,MM-009
P-39581,MM-010
FCV-39582,MM-002
E-39583,MM-007
P-39584,MM-007
XV-39585,MM-003
TT-39586,MM-004
TT-39587,MM-006
K-39588,MM-001
TT-39589,MM-002
FT-39590,MM-003
FCV-39591,MM-004
P-39592,MM-006
P-39593,MM-004
P-39594,MM-010
PSV-39595,MM-002
E-39596,MM-008
FT-39597,MM-005
PSV-39598,MM-005
PSV-39599,MM-006
FCV-39600,MM-007
PSV-39601,MM-004
K-39602,MM-005
P-39603,MM-009
LT-39604,MM-010
P-39605,MM-002
K-39606,MM-003
XV-39607,MM-004
PT-39608,MM-004
P-39609,MM-008
PT-39610,MM-001
K-39611,MM-005
XV-39612,MM-005
E-39613,MM-002
TT-39614,MM-009
P-39615,MM-008
P-39616,MM-001
P-39617,MM-010
XV-39618,MM-007
FT-39619,MM-009
LT-39620,MM-006
TT-39621,MM-007
COL-39622,MM-002
V-39623,MM-002
K-39624,MM-005
XV-39625,MM-004
K-39626,MM-007
FT-39627,MM-004
PSV-39628,MM-007
K-39629,MM-006
E-39630,MM-001
COL-39631,MM-006
XV-39632,MM-009
E-39633,MM-001
V-39634,MM-005
E-39635,MM-005
FT-39636,MM-007
LT-39637,MM-008
K-39638,MM-009
K-39639,MM-007
XV-39640,MM-006
PT-39641,MM-005
E-39642,MM-001
P-39643,MM-001
COL-39644,MM-009
XV-39645,MM-003
COL-39646,MM-010
FCV-39647,MM-001
E-39648,MM-003
P-39649,MM-003
XV-39650,MM-008
TT-39651,MM-006
FT-39652,MM-005
FT-39653,MM-001
K-39654,MM-003
FT-39655,MM-008
P-39656,MM-007
P-39657,MM-008
P-39658,MM-001
E-39659,MM-008
PT-39660,MM-009
P-39661,MM-003
P-39662,MM-010
V-39663,MM-007
K-39664,MM-002
FCV-39665,MM-006
K-39666,MM-003
P-39667,MM-005
FCV-39668,MM-005
LT-39669,MM-004
LT-39670,MM-008
E-39671,MM-008
PT-39672,MM-009
PSV-39673,MM-002
K-39674,MM-008
FT-39675,MM-002
E-39676,MM-002
LT-39677,MM-003
FT-39678,MM-004
FT-39679,MM-006
FCV-39680,MM-003
V-39681,MM-009
LT-39682,MM-008
P-39683,MM-004
TT-39684,MM-010
FT-39685,MM-007
PSV-39686,MM-009
XV-39687,MM-001
TT-39688,MM-002
LT-39689,MM-005
P-39690,MM-005
LT-39691,MM-006
V-39692,MM-005
PT-39693,MM-010
TT-39694,MM-002
PSV-39695,MM-007
FT-39696,MM-005
PT-39697,MM-003
FT-39698,MM-007
PSV-39699,MM-003
FCV-39700,MM-008
V-39701,MM-004
LT-39702,MM-007
PT-39703,MM-001
P-39704,MM-005
TT-39705,MM-001
FT-39706,MM-009
P-39707,MM-002
P-39708,MM-009
TT-39709,MM-002
P-39710,MM-004
LT-39711,MM-004
P-39712,MM-001
K-39713,MM-010
PT-39714,MM-009
COL-39715,MM-005
V-39716,MM-004
FT-39717,MM-004
P-39718,MM-006
LT-39719,MM-003
COL-39720,MM-001
P-39721,MM-010
PT-39722,MM-005
PT-39723,MM-006
TT-39724,MM-004
PT-39725,MM-002
P-39726,MM-008
FT-39727,MM-010
PSV-39728,MM-008
PSV-39729,MM-005
TT-39730,MM-002
XV-39731,MM-009
FT-39732,MM-004
P-39733,MM-007
COL-39734,MM-009
FT-39735,MM-007
V-39736,MM-010
PSV-39737,MM-010
PT-39738,MM-008
K-39739,MM-010
P-39740,MM-005
P-39741,MM-006
E-39742,MM-004
P-39743,MM-004
XV-39744,MM-003
P-39745,MM-001
XV-39746,MM-005
FCV-39747,MM-004
FCV-39748,MM-008
COL-39749,MM-009
E-39750,MM-007
COL-39751,MM-004
PSV-39752,MM-009
P-39753,MM-009
P-39754,MM-006
PSV-39755,MM-008
XV-39756,MM-003
FCV-39757,MM-010
XV-39758,MM-008
FCV-39759,MM-006
E-39760,MM-010
V-39761,MM-006
P-39762,MM-008
TT-39763,MM-006
P-39764,MM-002
LT-39765,MM-004
PT-39766,MM-001
XV-39767,MM-009
TT-39768,MM-001
PSV-39769,MM-004
XV-39770,MM-006
V-39771,MM-007
COL-39772,MM-010
COL-39773,MM-009
P-39774,MM-008
PT-39775,MM-003
P-39776,MM-004
TT-39777,MM-003
LT-39778,MM-010
V-39779,MM-004
TT-39780,MM-005
E-39781,MM-007
PT-39782,MM-002
COL-39783,MM-003
FCV-39784,MM-009
P-39785,MM-004
P-39786,MM-009
PT-39787,MM-001
XV-39788,MM-008
E-39789,MM-003
XV-39790,MM-004
P-39791,MM-004
FCV-39792,MM-002
P-39793,MM-005
PT-39794,MM-006
XV-39795,MM-005
P-39796,MM-010
P-39797,MM-005
FT-39798,MM-004
XV-39799,MM-004
V-39800,MM-002
P-39801,MM-007
TT-39802,MM-010
V-39803,MM-002
E-39804,MM-007
XV-39805,MM-004
FCV-39806,MM-007
E-39807,MM-006
P-39808,MM-003
E-39809,MM-008
FCV-39810,MM-002
V-39811,MM-001
FCV-39812,MM-010
P-39813,MM-006
TT-39814,MM-007
V-39815,MM-006
K-39816,MM-003
V-39817,MM-010
FT-39818,MM-005
P-39819,MM-009
PSV-39820,MM-005
FT-39821,MM-001
XV-39822,MM-001
XV-39823,MM-002
COL-39824,MM-009
FT-39825,MM-007
V-39826,MM-001
COL-39827,MM-005
P-39828,MM-010
LT-39829,MM-009
XV-39830,MM-007
P-39831,MM-009
LT-39832,MM-007
XV-39833,MM-006
LT-39834,MM-004
COL-39835,MM-002
K-39836,MM-006
FCV-39837,MM-004
COL-39838,MM-002
COL-39839,MM-010
FCV-39840,MM-005
LT-39841,MM-008
LT-39842,MM-010
COL-39843,MM-001
P-39844,MM-006
PSV-39845,MM-008
FT-39846,MM-002
P-39847,MM-005
LT-39848,MM-001
FT-39849,MM-002
PT-39850,MM-007
P-39851,MM-004
P-39852,MM-009
COL-39853,MM-010
COL-39854,MM-009
TT-39855,MM-010
PT-39856,MM-003
LT-39857,MM-003
TT-39858,MM-003
FCV-39859,MM-008
K-39860,MM-007
COL-39861,MM-001
V-39862,MM-001
P-39863,MM-004
COL-39864,MM-006
COL-39865,MM-007
TT-39866,MM-008
XV-39867,MM-005
V-39868,MM-006
TT-39869,MM-005
XV-39870,MM-001
LT-39871,MM-009
FT-39872,MM-003
LT-39873,MM-010
E-39874,MM-006
LT-39875,MM-006
K-39876,MM-006
P-39877,MM-001
V-39878,MM-007
E-39879,MM-001
LT-39880,MM-006
TT-39881,MM-008
V-39882,MM-006
LT-39883,MM-008
P-39884,MM-002
E-39885,MM-001
FCV-39886,MM-009
P-39887,MM-005
K-39888,MM-005
P-39889,MM-007
COL-39890,MM-005
P-39891,MM-009
COL-39892,MM-004
V-39893,MM-010
FT-39894,MM-004
TT-39895,MM-010
PSV-39896,MM-009
FCV-39897,MM-005
V-39898,MM-003
COL-39899,MM-006
E-39900,MM-010
FT-39901,MM-009
LT-39902,MM-005
FCV-39903,MM-002
PT-39904,MM-003
K-39905,MM-007
PSV-39906,MM-006
P-39907,MM-003
P-39908,MM-002
TT-39909,MM-001
FCV-39910,MM-009
COL-39911,MM-007
LT-39912,MM-006
V-39913,MM-005
PT-39914,MM-002
PSV-39915,MM-001
P-39916,MM-006
V-39917,MM-004
COL-39918,MM-006
P-39919,MM-001
P-39920,MM-004
LT-39921,MM-002
PSV-39922,MM-004
E-39923,MM-009
FT-39924,MM-004
XV-39925,MM-010
K-39926,MM-006
FCV-39927,MM-002
LT-39928,MM-008
P-39929,MM-002
FT-39930,MM-004
FCV-39931,MM-009
K-39932,MM-008
PSV-39933,MM-006
V-39934,MM-001
E-39935,MM-009
V-39936,MM-008
XV-39937,MM-007
V-39938,MM-004
FT-39939,MM-002
P-39940,MM-003
V-39941,MM-002
K-39942,MM-003
TT-39943,MM-002
LT-39944,MM-001
K-39945,MM-003
LT-39946,MM-005
LT-39947,MM-006
PSV-39948,MM-003
P-39949,MM-010
COL-39950,MM-009
PT-39951,MM-009
TT-39952,MM-006
V-39953,MM-005
P-39954,MM-008
P-39955,MM-003
V-39956,MM-002
P-39957,MM-009
P-39958,MM-003
COL-39959,MM-008
LT-39960,MM-005
FT-39961,MM-010
E-39962,MM-008
P-39963,MM-008
PT-39964,MM-001
LT-39965,MM-001
TT-39966,MM-007
P-39967,MM-001
K-39968,MM-010
FCV-39969,MM-002
LT-39970,MM-009
LT-39971,MM-001
V-39972,MM-008
K-39973,MM-002
LT-39974,MM-006
PSV-39975,MM-001
P-39976,MM-003
P-39977,MM-002
XV-39978,MM-003
PSV-39979,MM-010
V-39980,MM-004
PSV-39981,MM-001
E-39982,MM-004
PT-39983,MM-002
LT-39984,MM-004
PT-39985,MM-001
P-39986,MM-002
FT-39987,MM-010
COL-39988,MM-005
P-39989,MM-004
FCV-39990,MM-007
P-39991,MM-005
P-39992,MM-004
P-39993,MM-007
TT-39994,MM-010
PSV-39995,MM-009
PT-39996,MM-008
FCV-39997,MM-006
P-39998,MM-002
P-39999,MM-008
XV-40000,MM-010
V-40001,MM-004
XV-40002,MM-003
TT-40003,MM-002
K-40004,MM-005
P-40005,MM-008
V-40006,MM-006
TT-40007,MM-009
COL-40008,MM-003
P-40009,MM-001
V-40010,MM-005
E-40011,MM-005
XV-40012,MM-007
E-40013,MM-007
P-40014,MM-007
P-40015,MM-001
PSV-40016,MM-008
TT-40017,MM-006
LT-40018,MM-007
FCV-40019,MM-003
P-40020,MM-010
V-40021,MM-007
PT-40022,MM-004
PT-40023,MM-007
FT-40024,MM-009
V-40025,MM-007
P-40026,MM-009
LT-40027,MM-008
E-40028,MM-005
FT-40029,MM-007
E-40030,MM-002
COL-40031,MM-008
XV-40032,MM-005
P-40033,MM-003
V-40034,MM-002
