from,to
OTA-000001,ZONE-0004
OTA-000002,ZONE-0004
OTA-000003,ZONE-0005
OTA-000004,ZONE-0004
OTA-000005,ZONE-0005
OTA-000006,ZONE-0005
OTA-000007,ZONE-0005
OTA-000008,ZONE-0005
OTA-000009,ZONE-0004
OTA-000010,ZONE-0005
OTA-000011,ZONE-0005
OTA-000012,ZONE-0004
OTA-000013,ZONE-0004
OTA-000014,ZONE-0005
OTA-000015,ZONE-0005
OTA-000016,ZONE-0004
OTA-000017,ZONE-0004
OTA-000018,ZONE-0004
OTA-000019,ZONE-0005
OTA-000020,ZONE-0005
OTA-000021,ZONE-0005
OTA-000022,ZONE-0004
OTA-000023,ZONE-0004
OTA-000024,ZONE-0004
OTA-000025,ZONE-0004
OTA-000026,ZONE-0005
OTA-000027,ZONE-0005
OTA-000028,ZONE-0005
OTA-000029,ZONE-0005
OTA-000030,ZONE-0004
OTA-000031,ZONE-0004
OTA-000032,ZONE-0005
OTA-000033,ZONE-0004
OTA-000034,ZONE-0005
OTA-000035,ZONE-0004
OTA-000036,ZONE-0005
OTA-000037,ZONE-0004
OTA-000038,ZONE-0005
OTA-000039,ZONE-0005
OTA-000040,ZONE-0004
OTA-000041,ZONE-0004
OTA-000042,ZONE-0005
OTA-000043,ZONE-0005
OTA-000044,ZONE-0005
OTA-000045,ZONE-0004
OTA-000046,ZONE-0004
OTA-000047,ZONE-0005
OTA-000048,ZONE-0005
OTA-000049,ZONE-0005
OTA-000050,ZONE-0004
OTA-000051,ZONE-0004
OTA-000052,ZONE-0005
OTA-000053,ZONE-0004
OTA-000054,ZONE-0005
OTA-000055,ZONE-0004
OTA-000056,ZONE-0004
OTA-000057,ZONE-0004
OTA-000058,ZONE-0004
OTA-000059,ZONE-0005
OTA-000060,ZONE-0005
OTA-000061,ZONE-0004
OTA-000062,ZONE-0004
OTA-000063,ZONE-0004
OTA-000064,ZONE-0005
OTA-000065,ZONE-0005
OTA-000066,ZONE-0005
OTA-000067,ZONE-0004
OTA-000068,ZONE-0005
OTA-000069,ZONE-0005
OTA-000070,ZONE-0005
OTA-000071,ZONE-0005
OTA-000072,ZONE-0004
OTA-000073,ZONE-0005
OTA-000074,ZONE-0004
OTA-000075,ZONE-0004
OTA-000076,ZONE-0005
OTA-000077,ZONE-0005
OTA-000078,ZONE-0004
OTA-000079,ZONE-0004
OTA-000080,ZONE-0004
OTA-000081,ZONE-0004
OTA-000082,ZONE-0004
OTA-000083,ZONE-0005
OTA-000084,ZONE-0004
OTA-000085,ZONE-0005
OTA-000086,ZONE-0005
OTA-000087,ZONE-0005
OTA-000088,ZONE-0004
OTA-000089,ZONE-0004
OTA-000090,ZONE-0005
OTA-000091,ZONE-0005
OTA-000092,ZONE-0005
OTA-000093,ZONE-0005
OTA-000094,ZONE-0004
OTA-000095,ZONE-0004
OTA-000096,ZONE-0005
OTA-000097,ZONE-0005
OTA-000098,ZONE-0004
OTA-000099,ZONE-0004
OTA-000100,ZONE-0005
OTA-000101,ZONE-0005
OTA-000102,ZONE-0004
OTA-000103,ZONE-0004
OTA-000104,ZONE-0004
OTA-000105,ZONE-0005
OTA-000106,ZONE-0004
OTA-000107,ZONE-0004
OTA-000108,ZONE-0005
OTA-000109,ZONE-0004
OTA-000110,ZONE-0004
OTA-000111,ZONE-0004
OTA-000112,ZONE-0005
OTA-000113,ZONE-0004
OTA-000114,ZONE-0005
OTA-000115,ZONE-0005
OTA-000116,ZONE-0005
OTA-000117,ZONE-0004
OTA-000118,ZONE-0004
OTA-000119,ZONE-0005
OTA-000120,ZONE-0005
OTA-000121,ZONE-0004
OTA-000122,ZONE-0005
OTA-000123,ZONE-0004
OTA-000124,ZONE-0005
OTA-000125,ZONE-0005
OTA-000126,ZONE-0004
OTA-000127,ZONE-0004
OTA-000128,ZONE-0004
OTA-000129,ZONE-0004
OTA-000130,ZONE-0005
OTA-000131,ZONE-0004
OTA-000132,ZONE-0004
OTA-000133,ZONE-0004
OTA-000134,ZONE-0004
OTA-000135,ZONE-0005
OTA-000136,ZONE-0005
OTA-000137,ZONE-0005
OTA-000138,ZONE-0004
OTA-000139,ZONE-0005
OTA-000140,ZONE-0005
OTA-000141,ZONE-0004
OTA-000142,ZONE-0004
OTA-000143,ZONE-0004
OTA-000144,ZONE-0004
OTA-000145,ZONE-0005
OTA-000146,ZONE-0004
OTA-000147,ZONE-0005
OTA-000148,ZONE-0005
OTA-000149,ZONE-0004
OTA-000150,ZONE-0004
OTA-000151,ZONE-0004
OTA-000152,ZONE-0005
OTA-000153,ZONE-0005
OTA-000154,ZONE-0004
OTA-000155,ZONE-0004
OTA-000156,ZONE-0005
OTA-000157,ZONE-0004
OTA-000158,ZONE-0004
OTA-000159,ZONE-0004
OTA-000160,ZONE-0004
OTA-000161,ZONE-0005
OTA-000162,ZONE-0005
OTA-000163,ZONE-0005
OTA-000164,ZONE-0004
OTA-000165,ZONE-0005
OTA-000166,ZONE-0004
OTA-000167,ZONE-0004
OTA-000168,ZONE-0004
OTA-000169,ZONE-0004
OTA-000170,ZONE-0005
OTA-000171,ZONE-0005
OTA-000172,ZONE-0004
OTA-000173,ZONE-0005
OTA-000174,ZONE-0005
OTA-000175,ZONE-0005
OTA-000176,ZONE-0004
OTA-000177,ZONE-0004
OTA-000178,ZONE-0004
OTA-000179,ZONE-0004
OTA-000180,ZONE-0005
OTA-000181,ZONE-0004
OTA-000182,ZONE-0004
OTA-000183,ZONE-0004
OTA-000184,ZONE-0004
OTA-000185,ZONE-0004
OTA-000186,ZONE-0004
OTA-000187,ZONE-0004
OTA-000188,ZONE-0004
OTA-000189,ZONE-0005
OTA-000190,ZONE-0004
OTA-000191,ZONE-0005
OTA-000192,ZONE-0005
OTA-000193,ZONE-0005
OTA-000194,ZONE-0005
OTA-000195,ZONE-0004
OTA-000196,ZONE-0005
OTA-000197,ZONE-0004
OTA-000198,ZONE-0004
OTA-000199,ZONE-0005
OTA-000200,ZONE-0005
OTA-000201,ZONE-0004
OTA-000202,ZONE-0005
OTA-000203,ZONE-0004
OTA-000204,ZONE-0005
OTA-000205,ZONE-0005
OTA-000206,ZONE-0005
OTA-000207,ZONE-0005
OTA-000208,ZONE-0004
OTA-000209,ZONE-0004
OTA-000210,ZONE-0005
OTA-000211,ZONE-0005
OTA-000212,ZONE-0004
OTA-000213,ZONE-0005
OTA-000214,ZONE-0004
OTA-000215,ZONE-0005
OTA-000216,ZONE-0005
OTA-000217,ZONE-0005
OTA-000218,ZONE-0005
OTA-000219,ZONE-0004
OTA-000220,ZONE-0004
OTA-000221,ZONE-0005
OTA-000222,ZONE-0004
OTA-000223,ZONE-0005
OTA-000224,ZONE-0005
OTA-000225,ZONE-0004
OTA-000226,ZONE-0004
OTA-000227,ZONE-0004
OTA-000228,ZONE-0005
OTA-000229,ZONE-0004
OTA-000230,ZONE-0004
OTA-000231,ZONE-0005
OTA-000232,ZONE-0004
OTA-000233,ZONE-0004
OTA-000234,ZONE-0005
OTA-000235,ZONE-0005
OTA-000236,ZONE-0005
OTA-000237,ZONE-0004
OTA-000238,ZONE-0005
OTA-000239,ZONE-0004
OTA-000240,ZONE-0004
OTA-000241,ZONE-0005
OTA-000242,ZONE-0005
OTA-000243,ZONE-0005
OTA-000244,ZONE-0004
OTA-000245,ZONE-0004
OTA-000246,ZONE-0004
OTA-000247,ZONE-0005
OTA-000248,ZONE-0005
OTA-000249,ZONE-0004
OTA-000250,ZONE-0004
OTA-000251,ZONE-0004
OTA-000252,ZONE-0005
OTA-000253,ZONE-0005
OTA-000254,ZONE-0004
OTA-000255,ZONE-0005
OTA-000256,ZONE-0004
OTA-000257,ZONE-0004
OTA-000258,ZONE-0004
OTA-000259,ZONE-0005
OTA-000260,ZONE-0004
OTA-000261,ZONE-0004
OTA-000262,ZONE-0004
OTA-000263,ZONE-0005
OTA-000264,ZONE-0004
OTA-000265,ZONE-0004
OTA-000266,ZONE-0005
OTA-000267,ZONE-0005
OTA-000268,ZONE-0004
OTA-000269,ZONE-0005
OTA-000270,ZONE-0004
OTA-000271,ZONE-0004
OTA-000272,ZONE-0004
OTA-000273,ZONE-0005
OTA-000274,ZONE-0004
OTA-000275,ZONE-0005
OTA-000276,ZONE-0004
OTA-000277,ZONE-0005
OTA-000278,ZONE-0005
OTA-000279,ZONE-0005
OTA-000280,ZONE-0004
OTA-000281,ZONE-0004
OTA-000282,ZONE-0005
OTA-000283,ZONE-0005
OTA-000284,ZONE-0004
OTA-000285,ZONE-0005
OTA-000286,ZONE-0005
OTA-000287,ZONE-0004
OTA-000288,ZONE-0005
OTA-000289,ZONE-0004
OTA-000290,ZONE-0004
OTA-000291,ZONE-0005
OTA-000292,ZONE-0004
OTA-000293,ZONE-0005
OTA-000294,ZONE-0004
OTA-000295,ZONE-0005
OTA-000296,ZONE-0005
OTA-000297,ZONE-0005
OTA-000298,ZONE-0004
OTA-000299,ZONE-0004
OTA-000300,ZONE-0004
OTA-000301,ZONE-0004
OTA-000302,ZONE-0004
OTA-000303,ZONE-0005
OTA-000304,ZONE-0005
OTA-000305,ZONE-0005
OTA-000306,ZONE-0004
OTA-000307,ZONE-0005
OTA-000308,ZONE-0004
OTA-000309,ZONE-0004
OTA-000310,ZONE-0005
OTA-000311,ZONE-0004
OTA-000312,ZONE-0005
OTA-000313,ZONE-0005
OTA-000314,ZONE-0004
OTA-000315,ZONE-0005
OTA-000316,ZONE-0004
OTA-000317,ZONE-0005
OTA-000318,ZONE-0004
OTA-000319,ZONE-0004
OTA-000320,ZONE-0005
OTA-000321,ZONE-0004
OTA-000322,ZONE-0005
OTA-000323,ZONE-0005
OTA-000324,ZONE-0004
OTA-000325,ZONE-0005
OTA-000326,ZONE-0004
OTA-000327,ZONE-0005
OTA-000328,ZONE-0004
OTA-000329,ZONE-0005
OTA-000330,ZONE-0005
OTA-000331,ZONE-0004
OTA-000332,ZONE-0004
OTA-000333,ZONE-0005
OTA-000334,ZONE-0004
OTA-000335,ZONE-0004
OTA-000336,ZONE-0004
OTA-000337,ZONE-0004
OTA-000338,ZONE-0005
OTA-000339,ZONE-0005
OTA-000340,ZONE-0004
OTA-000341,ZONE-0005
OTA-000342,ZONE-0004
OTA-000343,ZONE-0005
OTA-000344,ZONE-0004
OTA-000345,ZONE-0005
OTA-000346,ZONE-0004
OTA-000347,ZONE-0005
OTA-000348,ZONE-0004
OTA-000349,ZONE-0004
OTA-000350,ZONE-0004
OTA-000351,ZONE-0005
OTA-000352,ZONE-0004
OTA-000353,ZONE-0004
OTA-000354,ZONE-0005
OTA-000355,ZONE-0004
OTA-000356,ZONE-0004
OTA-000357,ZONE-0004
OTA-000358,ZONE-0004
OTA-000359,ZONE-0005
OTA-000360,ZONE-0004
OTA-000361,ZONE-0004
OTA-000362,ZONE-0004
OTA-000363,ZONE-0004
OTA-000364,ZONE-0004
OTA-000365,ZONE-0005
OTA-000366,ZONE-0005
OTA-000367,ZONE-0005
OTA-000368,ZONE-0004
OTA-000369,ZONE-0005
OTA-000370,ZONE-0004
OTA-000371,ZONE-0005
OTA-000372,ZONE-0004
OTA-000373,ZONE-0004
OTA-000374,ZONE-0005
OTA-000375,ZONE-0004
OTA-000376,ZONE-0004
OTA-000377,ZONE-0005
OTA-000378,ZONE-0004
OTA-000379,ZONE-0005
OTA-000380,ZONE-0004
OTA-000381,ZONE-0005
OTA-000382,ZONE-0005
OTA-000383,ZONE-0004
OTA-000384,ZONE-0005
OTA-000385,ZONE-0005
OTA-000386,ZONE-0004
OTA-000387,ZONE-0005
OTA-000388,ZONE-0005
OTA-000389,ZONE-0005
OTA-000390,ZONE-0005
OTA-000391,ZONE-0005
OTA-000392,ZONE-0005
OTA-000393,ZONE-0004
OTA-000394,ZONE-0004
OTA-000395,ZONE-0004
OTA-000396,ZONE-0005
OTA-000397,ZONE-0005
OTA-000398,ZONE-0005
OTA-000399,ZONE-0004
OTA-000400,ZONE-0005
OTA-000401,ZONE-0005
OTA-000402,ZONE-0004
OTA-000403,ZONE-0005
OTA-000404,ZONE-0004
OTA-000405,ZONE-0005
OTA-000406,ZONE-0005
OTA-000407,ZONE-0005
OTA-000408,ZONE-0005
OTA-000409,ZONE-0004
OTA-000410,ZONE-0004
OTA-000411,ZONE-0005
OTA-000412,ZONE-0005
OTA-000413,ZONE-0004
OTA-000414,ZONE-0005
OTA-000415,ZONE-0005
OTA-000416,ZONE-0004
OTA-000417,ZONE-0005
OTA-000418,ZONE-0004
OTA-000419,ZONE-0004
OTA-000420,ZONE-0005
OTA-000421,ZONE-0004
OTA-000422,ZONE-0005
OTA-000423,ZONE-0005
OTA-000424,ZONE-0005
OTA-000425,ZONE-0004
OTA-000426,ZONE-0005
OTA-000427,ZONE-0005
OTA-000428,ZONE-0004
OTA-000429,ZONE-0004
OTA-000430,ZONE-0005
OTA-000431,ZONE-0005
OTA-000432,ZONE-0004
OTA-000433,ZONE-0004
OTA-000434,ZONE-0004
OTA-000435,ZONE-0004
OTA-000436,ZONE-0005
OTA-000437,ZONE-0004
OTA-000438,ZONE-0004
OTA-000439,ZONE-0004
OTA-000440,ZONE-0004
OTA-000441,ZONE-0005
OTA-000442,ZONE-0004
OTA-000443,ZONE-0005
OTA-000444,ZONE-0005
OTA-000445,ZONE-0004
OTA-000446,ZONE-0004
OTA-000447,ZONE-0005
OTA-000448,ZONE-0004
OTA-000449,ZONE-0005
OTA-000450,ZONE-0005
OTA-000451,ZONE-0004
OTA-000452,ZONE-0005
OTA-000453,ZONE-0005
OTA-000454,ZONE-0004
OTA-000455,ZONE-0005
OTA-000456,ZONE-0004
OTA-000457,ZONE-0005
OTA-000458,ZONE-0004
OTA-000459,ZONE-0004
OTA-000460,ZONE-0005
OTA-000461,ZONE-0004
OTA-000462,ZONE-0004
OTA-000463,ZONE-0004
OTA-000464,ZONE-0005
OTA-000465,ZONE-0005
OTA-000466,ZONE-0005
OTA-000467,ZONE-0004
OTA-000468,ZONE-0004
OTA-000469,ZONE-0004
OTA-000470,ZONE-0005
OTA-000471,ZONE-0004
OTA-000472,ZONE-0005
OTA-000473,ZONE-0004
OTA-000474,ZONE-0004
OTA-000475,ZONE-0004
OTA-000476,ZONE-0005
OTA-000477,ZONE-0004
OTA-000478,ZONE-0005
OTA-000479,ZONE-0005
OTA-000480,ZONE-0004
OTA-000481,ZONE-0004
OTA-000482,ZONE-0005
OTA-000483,ZONE-0005
OTA-000484,ZONE-0005
OTA-000485,ZONE-0004
OTA-000486,ZONE-0004
OTA-000487,ZONE-0004
OTA-000488,ZONE-0005
OTA-000489,ZONE-0004
OTA-000490,ZONE-0004
OTA-000491,ZONE-0005
OTA-000492,ZONE-0004
OTA-000493,ZONE-0005
OTA-000494,ZONE-0004
OTA-000495,ZONE-0005
OTA-000496,ZONE-0005
OTA-000497,ZONE-0005
OTA-000498,ZONE-0005
OTA-000499,ZONE-0004
OTA-000500,ZONE-0005
OTA-000501,ZONE-0005
OTA-000502,ZONE-0005
OTA-000503,ZONE-0005
OTA-000504,ZONE-0005
OTA-000505,ZONE-0005
OTA-000506,ZONE-0004
OTA-000507,ZONE-0004
OTA-000508,ZONE-0005
OTA-000509,ZONE-0004
OTA-000510,ZONE-0004
OTA-000511,ZONE-0005
OTA-000512,ZONE-0004
OTA-000513,ZONE-0004
OTA-000514,ZONE-0004
OTA-000515,ZONE-0005
OTA-000516,ZONE-0005
OTA-000517,ZONE-0004
OTA-000518,ZONE-0005
OTA-000519,ZONE-0004
OTA-000520,ZONE-0005
OTA-000521,ZONE-0004
OTA-000522,ZONE-0004
OTA-000523,ZONE-0004
OTA-000524,ZONE-0005
OTA-000525,ZONE-0005
OTA-000526,ZONE-0004
OTA-000527,ZONE-0004
OTA-000528,ZONE-0004
OTA-000529,ZONE-0004
OTA-000530,ZONE-0005
OTA-000531,ZONE-0004
OTA-000532,ZONE-0004
OTA-000533,ZONE-0004
OTA-000534,ZONE-0005
OTA-000535,ZONE-0005
OTA-000536,ZONE-0005
OTA-000537,ZONE-0004
OTA-000538,ZONE-0004
OTA-000539,ZONE-0005
OTA-000540,ZONE-0005
OTA-000541,ZONE-0004
OTA-000542,ZONE-0005
OTA-000543,ZONE-0004
OTA-000544,ZONE-0005
OTA-000545,ZONE-0005
OTA-000546,ZONE-0005
OTA-000547,ZONE-0004
OTA-000548,ZONE-0005
OTA-000549,ZONE-0004
OTA-000550,ZONE-0005
OTA-000551,ZONE-0005
OTA-000552,ZONE-0004
OTA-000553,ZONE-0004
OTA-000554,ZONE-0005
OTA-000555,ZONE-0005
OTA-000556,ZONE-0005
OTA-000557,ZONE-0005
OTA-000558,ZONE-0005
OTA-000559,ZONE-0005
OTA-000560,ZONE-0005
OTA-000561,ZONE-0005
OTA-000562,ZONE-0005
OTA-000563,ZONE-0005
OTA-000564,ZONE-0004
OTA-000565,ZONE-0005
OTA-000566,ZONE-0004
OTA-000567,ZONE-0004
OTA-000568,ZONE-0004
OTA-000569,ZONE-0005
OTA-000570,ZONE-0005
OTA-000571,ZONE-0005
OTA-000572,ZONE-0005
OTA-000573,ZONE-0004
OTA-000574,ZONE-0004
OTA-000575,ZONE-0005
OTA-000576,ZONE-0004
OTA-000577,ZONE-0005
OTA-000578,ZONE-0004
OTA-000579,ZONE-0004
OTA-000580,ZONE-0005
OTA-000581,ZONE-0005
OTA-000582,ZONE-0005
OTA-000583,ZONE-0005
OTA-000584,ZONE-0004
OTA-000585,ZONE-0005
OTA-000586,ZONE-0005
OTA-000587,ZONE-0005
OTA-000588,ZONE-0005
OTA-000589,ZONE-0005
OTA-000590,ZONE-0005
OTA-000591,ZONE-0004
OTA-000592,ZONE-0004
OTA-000593,ZONE-0004
OTA-000594,ZONE-0004
OTA-000595,ZONE-0005
OTA-000596,ZONE-0004
OTA-000597,ZONE-0005
OTA-000598,ZONE-0004
OTA-000599,ZONE-0005
OTA-000600,ZONE-0005
OTA-000601,ZONE-0004
OTA-000602,ZONE-0004
OTA-000603,ZONE-0004
OTA-000604,ZONE-0005
OTA-000605,ZONE-0005
OTA-000606,ZONE-0005
OTA-000607,ZONE-0005
OTA-000608,ZONE-0005
OTA-000609,ZONE-0004
OTA-000610,ZONE-0004
OTA-000611,ZONE-0004
OTA-000612,ZONE-0004
OTA-000613,ZONE-0005
OTA-000614,ZONE-0005
OTA-000615,ZONE-0004
OTA-000616,ZONE-0005
OTA-000617,ZONE-0005
OTA-000618,ZONE-0005
OTA-000619,ZONE-0005
OTA-000620,ZONE-0005
OTA-000621,ZONE-0005
OTA-000622,ZONE-0004
OTA-000623,ZONE-0005
OTA-000624,ZONE-0005
OTA-000625,ZONE-0004
OTA-000626,ZONE-0004
OTA-000627,ZONE-0004
OTA-000628,ZONE-0005
OTA-000629,ZONE-0005
OTA-000630,ZONE-0005
OTA-000631,ZONE-0005
OTA-000632,ZONE-0005
OTA-000633,ZONE-0004
OTA-000634,ZONE-0004
OTA-000635,ZONE-0004
OTA-000636,ZONE-0004
OTA-000637,ZONE-0005
OTA-000638,ZONE-0005
OTA-000639,ZONE-0004
OTA-000640,ZONE-0005
OTA-000641,ZONE-0004
OTA-000642,ZONE-0004
OTA-000643,ZONE-0005
OTA-000644,ZONE-0005
OTA-000645,ZONE-0004
OTA-000646,ZONE-0004
OTA-000647,ZONE-0005
OTA-000648,ZONE-0004
OTA-000649,ZONE-0004
OTA-000650,ZONE-0005
OTA-000651,ZONE-0005
OTA-000652,ZONE-0004
OTA-000653,ZONE-0005
OTA-000654,ZONE-0005
OTA-000655,ZONE-0005
OTA-000656,ZONE-0004
OTA-000657,ZONE-0004
OTA-000658,ZONE-0004
OTA-000659,ZONE-0004
OTA-000660,ZONE-0005
OTA-000661,ZONE-0004
OTA-000662,ZONE-0005
OTA-000663,ZONE-0004
OTA-000664,ZONE-0005
OTA-000665,ZONE-0005
OTA-000666,ZONE-0005
OTA-000667,ZONE-0004
OTA-000668,ZONE-0005
OTA-000669,ZONE-0005
OTA-000670,ZONE-0004
OTA-000671,ZONE-0005
OTA-000672,ZONE-0005
OTA-000673,ZONE-0005
OTA-000674,ZONE-0004
OTA-000675,ZONE-0004
OTA-000676,ZONE-0004
OTA-000677,ZONE-0005
OTA-000678,ZONE-0005
OTA-000679,ZONE-0004
OTA-000680,ZONE-0005
OTA-000681,ZONE-0004
OTA-000682,ZONE-0005
OTA-000683,ZONE-0005
OTA-000684,ZONE-0004
OTA-000685,ZONE-0004
OTA-000686,ZONE-0005
OTA-000687,ZONE-0004
OTA-000688,ZONE-0004
OTA-000689,ZONE-0005
OTA-000690,ZONE-0004
OTA-000691,ZONE-0004
OTA-000692,ZONE-0005
OTA-000693,ZONE-0004
OTA-000694,ZONE-0005
OTA-000695,ZONE-0005
OTA-000696,ZONE-0004
OTA-000697,ZONE-0005
OTA-000698,ZONE-0005
OTA-000699,ZONE-0005
OTA-000700,ZONE-0005
OTA-000701,ZONE-0004
OTA-000702,ZONE-0005
OTA-000703,ZONE-0005
OTA-000704,ZONE-0004
OTA-000705,ZONE-0004
OTA-000706,ZONE-0005
OTA-000707,ZONE-0005
OTA-000708,ZONE-0004
OTA-000709,ZONE-0004
OTA-000710,ZONE-0004
OTA-000711,ZONE-0005
OTA-000712,ZONE-0005
OTA-000713,ZONE-0004
OTA-000714,ZONE-0004
OTA-000715,ZONE-0005
OTA-000716,ZONE-0005
OTA-000717,ZONE-0004
OTA-000718,ZONE-0005
OTA-000719,ZONE-0005
OTA-000720,ZONE-0004
OTA-000721,ZONE-0004
OTA-000722,ZONE-0005
OTA-000723,ZONE-0005
OTA-000724,ZONE-0004
OTA-000725,ZONE-0005
OTA-000726,ZONE-0004
OTA-000727,ZONE-0005
OTA-000728,ZONE-0004
OTA-000729,ZONE-0005
OTA-000730,ZONE-0004
OTA-000731,ZONE-0005
OTA-000732,ZONE-0005
OTA-000733,ZONE-0005
OTA-000734,ZONE-0005
OTA-000735,ZONE-0004
OTA-000736,ZONE-0004
OTA-000737,ZONE-0005
OTA-000738,ZONE-0005
OTA-000739,ZONE-0005
OTA-000740,ZONE-0004
OTA-000741,ZONE-0004
OTA-000742,ZONE-0004
OTA-000743,ZONE-0005
OTA-000744,ZONE-0005
OTA-000745,ZONE-0004
OTA-000746,ZONE-0004
OTA-000747,ZONE-0004
OTA-000748,ZONE-0005
OTA-000749,ZONE-0005
OTA-000750,ZONE-0005
OTA-000751,ZONE-0004
OTA-000752,ZONE-0005
OTA-000753,ZONE-0004
OTA-000754,ZONE-0004
OTA-000755,ZONE-0005
OTA-000756,ZONE-0005
OTA-000757,ZONE-0005
OTA-000758,ZONE-0004
OTA-000759,ZONE-0004
OTA-000760,ZONE-0004
OTA-000761,ZONE-0004
OTA-000762,ZONE-0005
OTA-000763,ZONE-0005
OTA-000764,ZONE-0005
OTA-000765,ZONE-0005
OTA-000766,ZONE-0005
OTA-000767,ZONE-0005
OTA-000768,ZONE-0004
OTA-000769,ZONE-0005
OTA-000770,ZONE-0005
OTA-000771,ZONE-0005
OTA-000772,ZONE-0005
OTA-000773,ZONE-0005
OTA-000774,ZONE-0005
OTA-000775,ZONE-0005
OTA-000776,ZONE-0004
OTA-000777,ZONE-0005
OTA-000778,ZONE-0005
OTA-000779,ZONE-0005
OTA-000780,ZONE-0004
OTA-000781,ZONE-0005
OTA-000782,ZONE-0004
OTA-000783,ZONE-0005
OTA-000784,ZONE-0004
OTA-000785,ZONE-0004
OTA-000786,ZONE-0005
OTA-000787,ZONE-0005
OTA-000788,ZONE-0005
OTA-000789,ZONE-0005
OTA-000790,ZONE-0004
OTA-000791,ZONE-0004
OTA-000792,ZONE-0005
OTA-000793,ZONE-0004
OTA-000794,ZONE-0004
OTA-000795,ZONE-0004
OTA-000796,ZONE-0004
OTA-000797,ZONE-0004
OTA-000798,ZONE-0004
OTA-000799,ZONE-0005
OTA-000800,ZONE-0005
OTA-000801,ZONE-0005
OTA-000802,ZONE-0004
OTA-000803,ZONE-0004
OTA-000804,ZONE-0005
OTA-000805,ZONE-0004
OTA-000806,ZONE-0005
OTA-000807,ZONE-0005
OTA-000808,ZONE-0004
OTA-000809,ZONE-0005
OTA-000810,ZONE-0004
OTA-000811,ZONE-0004
OTA-000812,ZONE-0005
OTA-000813,ZONE-0004
OTA-000814,ZONE-0005
OTA-000815,ZONE-0005
OTA-000816,ZONE-0005
OTA-000817,ZONE-0004
OTA-000818,ZONE-0004
OTA-000819,ZONE-0005
OTA-000820,ZONE-0005
OTA-000821,ZONE-0005
OTA-000822,ZONE-0004
OTA-000823,ZONE-0004
OTA-000824,ZONE-0005
OTA-000825,ZONE-0005
OTA-000826,ZONE-0005
OTA-000827,ZONE-0004
OTA-000828,ZONE-0005
OTA-000829,ZONE-0004
OTA-000830,ZONE-0005
OTA-000831,ZONE-0005
OTA-000832,ZONE-0004
OTA-000833,ZONE-0005
OTA-000834,ZONE-0004
OTA-000835,ZONE-0005
OTA-000836,ZONE-0005
OTA-000837,ZONE-0004
OTA-000838,ZONE-0005
OTA-000839,ZONE-0004
OTA-000840,ZONE-0004
OTA-000841,ZONE-0004
OTA-000842,ZONE-0005
OTA-000843,ZONE-0005
OTA-000844,ZONE-0005
OTA-000845,ZONE-0005
OTA-000846,ZONE-0005
OTA-000847,ZONE-0004
OTA-000848,ZONE-0005
OTA-000849,ZONE-0005
OTA-000850,ZONE-0005
OTA-000851,ZONE-0005
OTA-000852,ZONE-0004
OTA-000853,ZONE-0004
OTA-000854,ZONE-0004
OTA-000855,ZONE-0005
OTA-000856,ZONE-0005
OTA-000857,ZONE-0004
OTA-000858,ZONE-0004
OTA-000859,ZONE-0004
OTA-000860,ZONE-0005
OTA-000861,ZONE-0005
OTA-000862,ZONE-0005
OTA-000863,ZONE-0004
OTA-000864,ZONE-0004
OTA-000865,ZONE-0004
OTA-000866,ZONE-0005
OTA-000867,ZONE-0005
OTA-000868,ZONE-0005
OTA-000869,ZONE-0005
OTA-000870,ZONE-0004
OTA-000871,ZONE-0005
OTA-000872,ZONE-0004
OTA-000873,ZONE-0005
OTA-000874,ZONE-0005
OTA-000875,ZONE-0005
OTA-000876,ZONE-0004
OTA-000877,ZONE-0005
OTA-000878,ZONE-0005
OTA-000879,ZONE-0004
OTA-000880,ZONE-0004
OTA-000881,ZONE-0004
OTA-000882,ZONE-0005
OTA-000883,ZONE-0004
OTA-000884,ZONE-0005
OTA-000885,ZONE-0005
OTA-000886,ZONE-0005
OTA-000887,ZONE-0005
OTA-000888,ZONE-0004
OTA-000889,ZONE-0005
OTA-000890,ZONE-0004
OTA-000891,ZONE-0005
OTA-000892,ZONE-0005
OTA-000893,ZONE-0005
OTA-000894,ZONE-0004
OTA-000895,ZONE-0005
OTA-000896,ZONE-0004
OTA-000897,ZONE-0005
OTA-000898,ZONE-0004
OTA-000899,ZONE-0004
OTA-000900,ZONE-0004
OTA-000901,ZONE-0005
OTA-000902,ZONE-0005
OTA-000903,ZONE-0005
OTA-000904,ZONE-0004
OTA-000905,ZONE-0005
OTA-000906,ZONE-0005
OTA-000907,ZONE-0004
OTA-000908,ZONE-0004
OTA-000909,ZONE-0004
OTA-000910,ZONE-0005
OTA-000911,ZONE-0004
OTA-000912,ZONE-0005
OTA-000913,ZONE-0004
OTA-000914,ZONE-0005
OTA-000915,ZONE-0005
OTA-000916,ZONE-0004
OTA-000917,ZONE-0005
OTA-000918,ZONE-0005
OTA-000919,ZONE-0004
OTA-000920,ZONE-0004
OTA-000921,ZONE-0004
OTA-000922,ZONE-0005
OTA-000923,ZONE-0004
OTA-000924,ZONE-0004
OTA-000925,ZONE-0005
OTA-000926,ZONE-0005
OTA-000927,ZONE-0004
OTA-000928,ZONE-0005
OTA-000929,ZONE-0005
OTA-000930,ZONE-0004
OTA-000931,ZONE-0005
OTA-000932,ZONE-0005
OTA-000933,ZONE-0005
OTA-000934,ZONE-0005
OTA-000935,ZONE-0005
OTA-000936,ZONE-0005
OTA-000937,ZONE-0004
OTA-000938,ZONE-0005
OTA-000939,ZONE-0005
OTA-000940,ZONE-0005
OTA-000941,ZONE-0005
OTA-000942,ZONE-0004
OTA-000943,ZONE-0004
OTA-000944,ZONE-0004
OTA-000945,ZONE-0004
OTA-000946,ZONE-0005
OTA-000947,ZONE-0004
OTA-000948,ZONE-0005
OTA-000949,ZONE-0004
OTA-000950,ZONE-0005
OTA-000951,ZONE-0004
OTA-000952,ZONE-0005
OTA-000953,ZONE-0005
OTA-000954,ZONE-0004
OTA-000955,ZONE-0005
OTA-000956,ZONE-0005
OTA-000957,ZONE-0005
OTA-000958,ZONE-0004
OTA-000959,ZONE-0004
OTA-000960,ZONE-0004
OTA-000961,ZONE-0004
OTA-000962,ZONE-0004
OTA-000963,ZONE-0004
OTA-000964,ZONE-0004
OTA-000965,ZONE-0004
OTA-000966,ZONE-0005
OTA-000967,ZONE-0004
OTA-000968,ZONE-0005
OTA-000969,ZONE-0005
OTA-000970,ZONE-0005
OTA-000971,ZONE-0005
OTA-000972,ZONE-0005
OTA-000973,ZONE-0004
OTA-000974,ZONE-0004
OTA-000975,ZONE-0004
OTA-000976,ZONE-0004
OTA-000977,ZONE-0004
OTA-000978,ZONE-0004
OTA-000979,ZONE-0005
OTA-000980,ZONE-0004
OTA-000981,ZONE-0004
OTA-000982,ZONE-0004
OTA-000983,ZONE-0004
OTA-000984,ZONE-0005
OTA-000985,ZONE-0004
OTA-000986,ZONE-0005
OTA-000987,ZONE-0005
OTA-000988,ZONE-0004
OTA-000989,ZONE-0005
OTA-000990,ZONE-0004
OTA-000991,ZONE-0005
OTA-000992,ZONE-0004
OTA-000993,ZONE-0005
OTA-000994,ZONE-0004
OTA-000995,ZONE-0005
OTA-000996,ZONE-0005
OTA-000997,ZONE-0004
OTA-000998,ZONE-0005
OTA-000999,ZONE-0004
OTA-001000,ZONE-0004
OTA-001001,ZONE-0005
OTA-001002,ZONE-0005
OTA-001003,ZONE-0005
OTA-001004,ZONE-0005
OTA-001005,ZONE-0005
OTA-001006,ZONE-0004
OTA-001007,ZONE-0005
OTA-001008,ZONE-0004
OTA-001009,ZONE-0004
OTA-001010,ZONE-0004
OTA-001011,ZONE-0004
OTA-001012,ZONE-0005
OTA-001013,ZONE-0004
OTA-001014,ZONE-0005
OTA-001015,ZONE-0005
OTA-001016,ZONE-0005
OTA-001017,ZONE-0005
OTA-001018,ZONE-0004
OTA-001019,ZONE-0004
OTA-001020,ZONE-0004
OTA-001021,ZONE-0005
OTA-001022,ZONE-0005
OTA-001023,ZONE-0005
OTA-001024,ZONE-0005
OTA-001025,ZONE-0004
OTA-001026,ZONE-0004
OTA-001027,ZONE-0005
OTA-001028,ZONE-0004
OTA-001029,ZONE-0005
OTA-001030,ZONE-0004
OTA-001031,ZONE-0004
OTA-001032,ZONE-0005
OTA-001033,ZONE-0004
OTA-001034,ZONE-0004
OTA-001035,ZONE-0004
OTA-001036,ZONE-0005
OTA-001037,ZONE-0004
OTA-001038,ZONE-0005
OTA-001039,ZONE-0005
OTA-001040,ZONE-0005
OTA-001041,ZONE-0005
OTA-001042,ZONE-0005
OTA-001043,ZONE-0005
OTA-001044,ZONE-0004
OTA-001045,ZONE-0005
OTA-001046,ZONE-0005
OTA-001047,ZONE-0005
OTA-001048,ZONE-0005
OTA-001049,ZONE-0004
OTA-001050,ZONE-0004
OTA-001051,ZONE-0004
OTA-001052,ZONE-0005
OTA-001053,ZONE-0004
OTA-001054,ZONE-0005
OTA-001055,ZONE-0004
OTA-001056,ZONE-0004
OTA-001057,ZONE-0004
OTA-001058,ZONE-0004
OTA-001059,ZONE-0004
OTA-001060,ZONE-0004
OTA-001061,ZONE-0005
OTA-001062,ZONE-0005
OTA-001063,ZONE-0004
OTA-001064,ZONE-0004
OTA-001065,ZONE-0005
OTA-001066,ZONE-0005
OTA-001067,ZONE-0005
OTA-001068,ZONE-0004
OTA-001069,ZONE-0004
OTA-001070,ZONE-0004
OTA-001071,ZONE-0005
OTA-001072,ZONE-0004
OTA-001073,ZONE-0005
OTA-001074,ZONE-0005
OTA-001075,ZONE-0004
OTA-001076,ZONE-0005
OTA-001077,ZONE-0005
OTA-001078,ZONE-0005
OTA-001079,ZONE-0005
OTA-001080,ZONE-0005
OTA-001081,ZONE-0005
OTA-001082,ZONE-0005
OTA-001083,ZONE-0004
OTA-001084,ZONE-0005
OTA-001085,ZONE-0005
OTA-001086,ZONE-0005
OTA-001087,ZONE-0005
OTA-001088,ZONE-0004
OTA-001089,ZONE-0005
OTA-001090,ZONE-0005
OTA-001091,ZONE-0005
OTA-001092,ZONE-0004
OTA-001093,ZONE-0004
OTA-001094,ZONE-0005
OTA-001095,ZONE-0005
OTA-001096,ZONE-0004
OTA-001097,ZONE-0005
OTA-001098,ZONE-0005
OTA-001099,ZONE-0004
OTA-001100,ZONE-0005
OTA-001101,ZONE-0005
OTA-001102,ZONE-0004
OTA-001103,ZONE-0004
OTA-001104,ZONE-0005
OTA-001105,ZONE-0004
OTA-001106,ZONE-0005
OTA-001107,ZONE-0004
OTA-001108,ZONE-0005
OTA-001109,ZONE-0005
OTA-001110,ZONE-0004
OTA-001111,ZONE-0004
OTA-001112,ZONE-0004
OTA-001113,ZONE-0005
OTA-001114,ZONE-0005
OTA-001115,ZONE-0005
OTA-001116,ZONE-0004
OTA-001117,ZONE-0004
OTA-001118,ZONE-0005
OTA-001119,ZONE-0005
OTA-001120,ZONE-0005
OTA-001121,ZONE-0005
OTA-001122,ZONE-0004
OTA-001123,ZONE-0005
OTA-001124,ZONE-0005
OTA-001125,ZONE-0005
OTA-001126,ZONE-0005
OTA-001127,ZONE-0004
OTA-001128,ZONE-0005
OTA-001129,ZONE-0005
OTA-001130,ZONE-0005
OTA-001131,ZONE-0004
OTA-001132,ZONE-0005
OTA-001133,ZONE-0004
OTA-001134,ZONE-0004
OTA-001135,ZONE-0004
OTA-001136,ZONE-0005
OTA-001137,ZONE-0004
OTA-001138,ZONE-0005
OTA-001139,ZONE-0004
OTA-001140,ZONE-0005
OTA-001141,ZONE-0004
OTA-001142,ZONE-0004
OTA-001143,ZONE-0005
OTA-001144,ZONE-0004
OTA-001145,ZONE-0005
OTA-001146,ZONE-0009
OTA-001147,ZONE-0009
OTA-001148,ZONE-0010
OTA-001149,ZONE-0009
OTA-001150,ZONE-0010
OTA-001151,ZONE-0009
OTA-001152,ZONE-0009
OTA-001153,ZONE-0009
OTA-001154,ZONE-0010
OTA-001155,ZONE-0010
OTA-001156,ZONE-0010
OTA-001157,ZONE-0010
OTA-001158,ZONE-0009
OTA-001159,ZONE-0009
OTA-001160,ZONE-0010
OTA-001161,ZONE-0009
OTA-001162,ZONE-0009
OTA-001163,ZONE-0010
OTA-001164,ZONE-0010
OTA-001165,ZONE-0010
OTA-001166,ZONE-0010
OTA-001167,ZONE-0009
OTA-001168,ZONE-0010
OTA-001169,ZONE-0009
OTA-001170,ZONE-0010
OTA-001171,ZONE-0009
OTA-001172,ZONE-0009
OTA-001173,ZONE-0010
OTA-001174,ZONE-0009
OTA-001175,ZONE-0010
OTA-001176,ZONE-0009
OTA-001177,ZONE-0009
OTA-001178,ZONE-0009
OTA-001179,ZONE-0010
OTA-001180,ZONE-0010
OTA-001181,ZONE-0010
OTA-001182,ZONE-0010
OTA-001183,ZONE-0010
OTA-001184,ZONE-0009
OTA-001185,ZONE-0009
OTA-001186,ZONE-0010
OTA-001187,ZONE-0009
OTA-001188,ZONE-0010
OTA-001189,ZONE-0010
OTA-001190,ZONE-0009
OTA-001191,ZONE-0009
OTA-001192,ZONE-0009
OTA-001193,ZONE-0010
OTA-001194,ZONE-0009
OTA-001195,ZONE-0009
OTA-001196,ZONE-0010
OTA-001197,ZONE-0010
OTA-001198,ZONE-0009
OTA-001199,ZONE-0010
OTA-001200,ZONE-0009
OTA-001201,ZONE-0010
OTA-001202,ZONE-0010
OTA-001203,ZONE-0009
OTA-001204,ZONE-0010
OTA-001205,ZONE-0009
OTA-001206,ZONE-0009
OTA-001207,ZONE-0010
OTA-001208,ZONE-0010
OTA-001209,ZONE-0009
OTA-001210,ZONE-0010
OTA-001211,ZONE-0009
OTA-001212,ZONE-0009
OTA-001213,ZONE-0009
OTA-001214,ZONE-0010
OTA-001215,ZONE-0009
OTA-001216,ZONE-0010
OTA-001217,ZONE-0010
OTA-001218,ZONE-0009
OTA-001219,ZONE-0010
OTA-001220,ZONE-0009
OTA-001221,ZONE-0010
OTA-001222,ZONE-0009
OTA-001223,ZONE-0010
OTA-001224,ZONE-0010
OTA-001225,ZONE-0009
OTA-001226,ZONE-0010
OTA-001227,ZONE-0010
OTA-001228,ZONE-0010
OTA-001229,ZONE-0009
OTA-001230,ZONE-0009
OTA-001231,ZONE-0009
OTA-001232,ZONE-0010
OTA-001233,ZONE-0010
OTA-001234,ZONE-0009
OTA-001235,ZONE-0009
OTA-001236,ZONE-0010
OTA-001237,ZONE-0009
OTA-001238,ZONE-0009
OTA-001239,ZONE-0010
OTA-001240,ZONE-0009
OTA-001241,ZONE-0010
OTA-001242,ZONE-0010
OTA-001243,ZONE-0010
OTA-001244,ZONE-0010
OTA-001245,ZONE-0010
OTA-001246,ZONE-0010
OTA-001247,ZONE-0009
OTA-001248,ZONE-0009
OTA-001249,ZONE-0009
OTA-001250,ZONE-0010
OTA-001251,ZONE-0010
OTA-001252,ZONE-0009
OTA-001253,ZONE-0009
OTA-001254,ZONE-0009
OTA-001255,ZONE-0009
OTA-001256,ZONE-0010
OTA-001257,ZONE-0010
OTA-001258,ZONE-0010
OTA-001259,ZONE-0009
OTA-001260,ZONE-0010
OTA-001261,ZONE-0009
OTA-001262,ZONE-0010
OTA-001263,ZONE-0009
OTA-001264,ZONE-0009
OTA-001265,ZONE-0010
OTA-001266,ZONE-0010
OTA-001267,ZONE-0010
OTA-001268,ZONE-0010
OTA-001269,ZONE-0010
OTA-001270,ZONE-0010
OTA-001271,ZONE-0009
OTA-001272,ZONE-0009
OTA-001273,ZONE-0010
OTA-001274,ZONE-0009
OTA-001275,ZONE-0009
OTA-001276,ZONE-0010
OTA-001277,ZONE-0009
OTA-001278,ZONE-0009
OTA-001279,ZONE-0010
OTA-001280,ZONE-0009
OTA-001281,ZONE-0009
OTA-001282,ZONE-0009
OTA-001283,ZONE-0009
OTA-001284,ZONE-0009
OTA-001285,ZONE-0009
OTA-001286,ZONE-0009
OTA-001287,ZONE-0010
OTA-001288,ZONE-0009
OTA-001289,ZONE-0009
OTA-001290,ZONE-0009
OTA-001291,ZONE-0009
OTA-001292,ZONE-0009
OTA-001293,ZONE-0009
OTA-001294,ZONE-0009
OTA-001295,ZONE-0009
OTA-001296,ZONE-0009
OTA-001297,ZONE-0009
OTA-001298,ZONE-0009
OTA-001299,ZONE-0010
OTA-001300,ZONE-0010
OTA-001301,ZONE-0010
OTA-001302,ZONE-0009
OTA-001303,ZONE-0009
OTA-001304,ZONE-0010
OTA-001305,ZONE-0010
OTA-001306,ZONE-0009
OTA-001307,ZONE-0009
OTA-001308,ZONE-0010
OTA-001309,ZONE-0009
OTA-001310,ZONE-0010
OTA-001311,ZONE-0009
OTA-001312,ZONE-0010
OTA-001313,ZONE-0009
OTA-001314,ZONE-0009
OTA-001315,ZONE-0010
OTA-001316,ZONE-0009
OTA-001317,ZONE-0009
OTA-001318,ZONE-0009
OTA-001319,ZONE-0010
OTA-001320,ZONE-0009
OTA-001321,ZONE-0009
OTA-001322,ZONE-0010
OTA-001323,ZONE-0010
OTA-001324,ZONE-0010
OTA-001325,ZONE-0010
OTA-001326,ZONE-0009
OTA-001327,ZONE-0010
OTA-001328,ZONE-0009
OTA-001329,ZONE-0009
OTA-001330,ZONE-0010
OTA-001331,ZONE-0009
OTA-001332,ZONE-0010
OTA-001333,ZONE-0009
OTA-001334,ZONE-0010
OTA-001335,ZONE-0009
OTA-001336,ZONE-0010
OTA-001337,ZONE-0010
OTA-001338,ZONE-0009
OTA-001339,ZONE-0010
OTA-001340,ZONE-0010
OTA-001341,ZONE-0010
OTA-001342,ZONE-0009
OTA-001343,ZONE-0010
OTA-001344,ZONE-0009
OTA-001345,ZONE-0009
OTA-001346,ZONE-0009
OTA-001347,ZONE-0010
OTA-001348,ZONE-0009
OTA-001349,ZONE-0010
OTA-001350,ZONE-0009
OTA-001351,ZONE-0009
OTA-001352,ZONE-0009
OTA-001353,ZONE-0009
OTA-001354,ZONE-0009
OTA-001355,ZONE-0009
OTA-001356,ZONE-0010
OTA-001357,ZONE-0009
OTA-001358,ZONE-0010
OTA-001359,ZONE-0010
OTA-001360,ZONE-0010
OTA-001361,ZONE-0010
OTA-001362,ZONE-0009
OTA-001363,ZONE-0009
OTA-001364,ZONE-0009
OTA-001365,ZONE-0010
OTA-001366,ZONE-0010
OTA-001367,ZONE-0009
OTA-001368,ZONE-0010
OTA-001369,ZONE-0009
OTA-001370,ZONE-0010
OTA-001371,ZONE-0010
OTA-001372,ZONE-0009
OTA-001373,ZONE-0009
OTA-001374,ZONE-0009
OTA-001375,ZONE-0009
OTA-001376,ZONE-0010
OTA-001377,ZONE-0009
OTA-001378,ZONE-0009
OTA-001379,ZONE-0010
OTA-001380,ZONE-0010
OTA-001381,ZONE-0009
OTA-001382,ZONE-0010
OTA-001383,ZONE-0009
OTA-001384,ZONE-0009
OTA-001385,ZONE-0009
OTA-001386,ZONE-0009
OTA-001387,ZONE-0010
OTA-001388,ZONE-0010
OTA-001389,ZONE-0009
OTA-001390,ZONE-0010
OTA-001391,ZONE-0010
OTA-001392,ZONE-0009
OTA-001393,ZONE-0010
OTA-001394,ZONE-0009
OTA-001395,ZONE-0010
OTA-001396,ZONE-0009
OTA-001397,ZONE-0010
OTA-001398,ZONE-0009
OTA-001399,ZONE-0009
OTA-001400,ZONE-0009
OTA-001401,ZONE-0009
OTA-001402,ZONE-0010
OTA-001403,ZONE-0010
OTA-001404,ZONE-0009
OTA-001405,ZONE-0010
OTA-001406,ZONE-0009
OTA-001407,ZONE-0009
OTA-001408,ZONE-0009
OTA-001409,ZONE-0010
OTA-001410,ZONE-0009
OTA-001411,ZONE-0009
OTA-001412,ZONE-0010
OTA-001413,ZONE-0009
OTA-001414,ZONE-0010
OTA-001415,ZONE-0009
OTA-001416,ZONE-0009
OTA-001417,ZONE-0009
OTA-001418,ZONE-0009
OTA-001419,ZONE-0010
OTA-001420,ZONE-0009
OTA-001421,ZONE-0009
OTA-001422,ZONE-0010
OTA-001423,ZONE-0009
OTA-001424,ZONE-0010
OTA-001425,ZONE-0010
OTA-001426,ZONE-0010
OTA-001427,ZONE-0010
OTA-001428,ZONE-0010
OTA-001429,ZONE-0010
OTA-001430,ZONE-0010
OTA-001431,ZONE-0010
OTA-001432,ZONE-0010
OTA-001433,ZONE-0010
OTA-001434,ZONE-0009
OTA-001435,ZONE-0010
OTA-001436,ZONE-0009
OTA-001437,ZONE-0009
OTA-001438,ZONE-0010
OTA-001439,ZONE-0010
OTA-001440,ZONE-0010
OTA-001441,ZONE-0009
OTA-001442,ZONE-0010
OTA-001443,ZONE-0009
OTA-001444,ZONE-0009
OTA-001445,ZONE-0010
OTA-001446,ZONE-0010
OTA-001447,ZONE-0010
OTA-001448,ZONE-0009
OTA-001449,ZONE-0009
OTA-001450,ZONE-0010
OTA-001451,ZONE-0010
OTA-001452,ZONE-0009
OTA-001453,ZONE-0009
OTA-001454,ZONE-0009
OTA-001455,ZONE-0009
OTA-001456,ZONE-0009
OTA-001457,ZONE-0009
OTA-001458,ZONE-0010
OTA-001459,ZONE-0009
OTA-001460,ZONE-0010
OTA-001461,ZONE-0010
OTA-001462,ZONE-0010
OTA-001463,ZONE-0009
OTA-001464,ZONE-0010
OTA-001465,ZONE-0010
OTA-001466,ZONE-0009
OTA-001467,ZONE-0009
OTA-001468,ZONE-0009
OTA-001469,ZONE-0009
OTA-001470,ZONE-0010
OTA-001471,ZONE-0009
OTA-001472,ZONE-0010
OTA-001473,ZONE-0010
OTA-001474,ZONE-0010
OTA-001475,ZONE-0010
OTA-001476,ZONE-0009
OTA-001477,ZONE-0010
OTA-001478,ZONE-0010
OTA-001479,ZONE-0010
OTA-001480,ZONE-0009
OTA-001481,ZONE-0009
OTA-001482,ZONE-0010
OTA-001483,ZONE-0009
OTA-001484,ZONE-0010
OTA-001485,ZONE-0009
OTA-001486,ZONE-0009
OTA-001487,ZONE-0010
OTA-001488,ZONE-0009
OTA-001489,ZONE-0009
OTA-001490,ZONE-0010
OTA-001491,ZONE-0010
OTA-001492,ZONE-0009
OTA-001493,ZONE-0009
OTA-001494,ZONE-0009
OTA-001495,ZONE-0009
OTA-001496,ZONE-0010
OTA-001497,ZONE-0009
OTA-001498,ZONE-0009
OTA-001499,ZONE-0009
OTA-001500,ZONE-0010
OTA-001501,ZONE-0009
OTA-001502,ZONE-0009
OTA-001503,ZONE-0010
OTA-001504,ZONE-0010
OTA-001505,ZONE-0010
OTA-001506,ZONE-0010
OTA-001507,ZONE-0010
OTA-001508,ZONE-0010
OTA-001509,ZONE-0009
OTA-001510,ZONE-0010
OTA-001511,ZONE-0009
OTA-001512,ZONE-0009
OTA-001513,ZONE-0009
OTA-001514,ZONE-0009
OTA-001515,ZONE-0009
OTA-001516,ZONE-0009
OTA-001517,ZONE-0010
OTA-001518,ZONE-0010
OTA-001519,ZONE-0009
OTA-001520,ZONE-0009
OTA-001521,ZONE-0009
OTA-001522,ZONE-0010
OTA-001523,ZONE-0010
OTA-001524,ZONE-0010
OTA-001525,ZONE-0009
OTA-001526,ZONE-0009
OTA-001527,ZONE-0010
OTA-001528,ZONE-0009
OTA-001529,ZONE-0010
OTA-001530,ZONE-0009
OTA-001531,ZONE-0010
OTA-001532,ZONE-0009
OTA-001533,ZONE-0010
OTA-001534,ZONE-0009
OTA-001535,ZONE-0009
OTA-001536,ZONE-0009
OTA-001537,ZONE-0009
OTA-001538,ZONE-0010
OTA-001539,ZONE-0009
OTA-001540,ZONE-0009
OTA-001541,ZONE-0009
OTA-001542,ZONE-0009
OTA-001543,ZONE-0010
OTA-001544,ZONE-0009
OTA-001545,ZONE-0009
OTA-001546,ZONE-0010
OTA-001547,ZONE-0010
OTA-001548,ZONE-0010
OTA-001549,ZONE-0010
OTA-001550,ZONE-0009
OTA-001551,ZONE-0010
OTA-001552,ZONE-0010
OTA-001553,ZONE-0010
OTA-001554,ZONE-0009
OTA-001555,ZONE-0010
OTA-001556,ZONE-0009
OTA-001557,ZONE-0009
OTA-001558,ZONE-0009
OTA-001559,ZONE-0010
OTA-001560,ZONE-0009
OTA-001561,ZONE-0009
OTA-001562,ZONE-0009
OTA-001563,ZONE-0010
OTA-001564,ZONE-0009
OTA-001565,ZONE-0009
OTA-001566,ZONE-0009
OTA-001567,ZONE-0010
OTA-001568,ZONE-0010
OTA-001569,ZONE-0010
OTA-001570,ZONE-0010
OTA-001571,ZONE-0010
OTA-001572,ZONE-0009
OTA-001573,ZONE-0009
OTA-001574,ZONE-0009
OTA-001575,ZONE-0010
OTA-001576,ZONE-0009
OTA-001577,ZONE-0010
OTA-001578,ZONE-0010
OTA-001579,ZONE-0009
OTA-001580,ZONE-0010
OTA-001581,ZONE-0009
OTA-001582,ZONE-0009
OTA-001583,ZONE-0010
OTA-001584,ZONE-0009
OTA-001585,ZONE-0009
OTA-001586,ZONE-0009
OTA-001587,ZONE-0009
OTA-001588,ZONE-0009
OTA-001589,ZONE-0010
OTA-001590,ZONE-0009
OTA-001591,ZONE-0009
OTA-001592,ZONE-0009
OTA-001593,ZONE-0010
OTA-001594,ZONE-0010
OTA-001595,ZONE-0009
OTA-001596,ZONE-0009
OTA-001597,ZONE-0009
OTA-001598,ZONE-0010
OTA-001599,ZONE-0010
OTA-001600,ZONE-0009
OTA-001601,ZONE-0009
OTA-001602,ZONE-0009
OTA-001603,ZONE-0009
OTA-001604,ZONE-0009
OTA-001605,ZONE-0009
OTA-001606,ZONE-0009
OTA-001607,ZONE-0010
OTA-001608,ZONE-0009
OTA-001609,ZONE-0010
OTA-001610,ZONE-0009
OTA-001611,ZONE-0009
OTA-001612,ZONE-0010
OTA-001613,ZONE-0009
OTA-001614,ZONE-0010
OTA-001615,ZONE-0010
OTA-001616,ZONE-0009
OTA-001617,ZONE-0009
OTA-001618,ZONE-0009
OTA-001619,ZONE-0010
OTA-001620,ZONE-0009
OTA-001621,ZONE-0009
OTA-001622,ZONE-0010
OTA-001623,ZONE-0010
OTA-001624,ZONE-0009
OTA-001625,ZONE-0009
OTA-001626,ZONE-0010
OTA-001627,ZONE-0010
OTA-001628,ZONE-0009
OTA-001629,ZONE-0009
OTA-001630,ZONE-0009
OTA-001631,ZONE-0009
OTA-001632,ZONE-0009
OTA-001633,ZONE-0009
OTA-001634,ZONE-0010
OTA-001635,ZONE-0010
OTA-001636,ZONE-0009
OTA-001637,ZONE-0009
OTA-001638,ZONE-0009
OTA-001639,ZONE-0010
OTA-001640,ZONE-0009
OTA-001641,ZONE-0009
OTA-001642,ZONE-0009
OTA-001643,ZONE-0009
OTA-001644,ZONE-0009
OTA-001645,ZONE-0009
OTA-001646,ZONE-0009
OTA-001647,ZONE-0010
OTA-001648,ZONE-0010
OTA-001649,ZONE-0010
OTA-001650,ZONE-0010
OTA-001651,ZONE-0009
OTA-001652,ZONE-0009
OTA-001653,ZONE-0010
OTA-001654,ZONE-0010
OTA-001655,ZONE-0010
OTA-001656,ZONE-0009
OTA-001657,ZONE-0009
OTA-001658,ZONE-0010
OTA-001659,ZONE-0010
OTA-001660,ZONE-0009
OTA-001661,ZONE-0010
OTA-001662,ZONE-0010
OTA-001663,ZONE-0010
OTA-001664,ZONE-0009
OTA-001665,ZONE-0009
OTA-001666,ZONE-0009
OTA-001667,ZONE-0009
OTA-001668,ZONE-0010
OTA-001669,ZONE-0010
OTA-001670,ZONE-0010
OTA-001671,ZONE-0010
OTA-001672,ZONE-0010
OTA-001673,ZONE-0009
OTA-001674,ZONE-0009
OTA-001675,ZONE-0010
OTA-001676,ZONE-0009
OTA-001677,ZONE-0009
OTA-001678,ZONE-0010
OTA-001679,ZONE-0010
OTA-001680,ZONE-0010
OTA-001681,ZONE-0010
OTA-001682,ZONE-0009
OTA-001683,ZONE-0010
OTA-001684,ZONE-0009
OTA-001685,ZONE-0009
OTA-001686,ZONE-0009
OTA-001687,ZONE-0009
OTA-001688,ZONE-0010
OTA-001689,ZONE-0010
OTA-001690,ZONE-0010
OTA-001691,ZONE-0009
OTA-001692,ZONE-0009
OTA-001693,ZONE-0009
OTA-001694,ZONE-0009
OTA-001695,ZONE-0009
OTA-001696,ZONE-0010
OTA-001697,ZONE-0009
OTA-001698,ZONE-0010
OTA-001699,ZONE-0010
OTA-001700,ZONE-0010
OTA-001701,ZONE-0010
OTA-001702,ZONE-0010
OTA-001703,ZONE-0010
OTA-001704,ZONE-0009
OTA-001705,ZONE-0010
OTA-001706,ZONE-0009
OTA-001707,ZONE-0010
OTA-001708,ZONE-0009
OTA-001709,ZONE-0009
OTA-001710,ZONE-0009
OTA-001711,ZONE-0009
OTA-001712,ZONE-0009
OTA-001713,ZONE-0009
OTA-001714,ZONE-0009
OTA-001715,ZONE-0010
OTA-001716,ZONE-0009
OTA-001717,ZONE-0009
OTA-001718,ZONE-0010
OTA-001719,ZONE-0009
OTA-001720,ZONE-0009
OTA-001721,ZONE-0009
OTA-001722,ZONE-0009
OTA-001723,ZONE-0010
OTA-001724,ZONE-0010
OTA-001725,ZONE-0010
OTA-001726,ZONE-0009
OTA-001727,ZONE-0009
OTA-001728,ZONE-0009
OTA-001729,ZONE-0009
OTA-001730,ZONE-0009
OTA-001731,ZONE-0010
OTA-001732,ZONE-0010
OTA-001733,ZONE-0010
OTA-001734,ZONE-0009
OTA-001735,ZONE-0009
OTA-001736,ZONE-0009
OTA-001737,ZONE-0010
OTA-001738,ZONE-0009
OTA-001739,ZONE-0009
OTA-001740,ZONE-0009
OTA-001741,ZONE-0010
OTA-001742,ZONE-0009
OTA-001743,ZONE-0009
OTA-001744,ZONE-0009
OTA-001745,ZONE-0010
OTA-001746,ZONE-0009
OTA-001747,ZONE-0009
OTA-001748,ZONE-0010
OTA-001749,ZONE-0009
OTA-001750,ZONE-0009
OTA-001751,ZONE-0009
OTA-001752,ZONE-0010
OTA-001753,ZONE-0010
OTA-001754,ZONE-0009
OTA-001755,ZONE-0010
OTA-001756,ZONE-0010
OTA-001757,ZONE-0010
OTA-001758,ZONE-0010
OTA-001759,ZONE-0010
OTA-001760,ZONE-0009
OTA-001761,ZONE-0009
OTA-001762,ZONE-0009
OTA-001763,ZONE-0009
OTA-001764,ZONE-0010
OTA-001765,ZONE-0009
OTA-001766,ZONE-0009
OTA-001767,ZONE-0009
OTA-001768,ZONE-0010
OTA-001769,ZONE-0009
OTA-001770,ZONE-0010
OTA-001771,ZONE-0010
OTA-001772,ZONE-0010
OTA-001773,ZONE-0010
OTA-001774,ZONE-0009
OTA-001775,ZONE-0009
OTA-001776,ZONE-0009
OTA-001777,ZONE-0010
OTA-001778,ZONE-0009
OTA-001779,ZONE-0009
OTA-001780,ZONE-0009
OTA-001781,ZONE-0009
OTA-001782,ZONE-0009
OTA-001783,ZONE-0009
OTA-001784,ZONE-0009
OTA-001785,ZONE-0010
OTA-001786,ZONE-0010
OTA-001787,ZONE-0009
OTA-001788,ZONE-0010
OTA-001789,ZONE-0009
OTA-001790,ZONE-0010
OTA-001791,ZONE-0009
OTA-001792,ZONE-0010
OTA-001793,ZONE-0009
OTA-001794,ZONE-0010
OTA-001795,ZONE-0009
OTA-001796,ZONE-0010
OTA-001797,ZONE-0009
OTA-001798,ZONE-0010
OTA-001799,ZONE-0010
OTA-001800,ZONE-0009
OTA-001801,ZONE-0009
OTA-001802,ZONE-0010
OTA-001803,ZONE-0009
OTA-001804,ZONE-0009
OTA-001805,ZONE-0010
OTA-001806,ZONE-0010
OTA-001807,ZONE-0009
OTA-001808,ZONE-0010
OTA-001809,ZONE-0010
OTA-001810,ZONE-0009
OTA-001811,ZONE-0009
OTA-001812,ZONE-0010
OTA-001813,ZONE-0009
OTA-001814,ZONE-0009
OTA-001815,ZONE-0010
OTA-001816,ZONE-0010
OTA-001817,ZONE-0010
OTA-001818,ZONE-0010
OTA-001819,ZONE-0010
OTA-001820,ZONE-0010
OTA-001821,ZONE-0009
OTA-001822,ZONE-0009
OTA-001823,ZONE-0009
OTA-001824,ZONE-0009
OTA-001825,ZONE-0009
OTA-001826,ZONE-0009
OTA-001827,ZONE-0010
OTA-001828,ZONE-0010
OTA-001829,ZONE-0010
OTA-001830,ZONE-0009
OTA-001831,ZONE-0010
OTA-001832,ZONE-0010
OTA-001833,ZONE-0009
OTA-001834,ZONE-0010
OTA-001835,ZONE-0009
OTA-001836,ZONE-0009
OTA-001837,ZONE-0009
OTA-001838,ZONE-0009
OTA-001839,ZONE-0010
OTA-001840,ZONE-0009
OTA-001841,ZONE-0010
OTA-001842,ZONE-0009
OTA-001843,ZONE-0009
OTA-001844,ZONE-0010
OTA-001845,ZONE-0009
OTA-001846,ZONE-0009
OTA-001847,ZONE-0010
OTA-001848,ZONE-0010
OTA-001849,ZONE-0010
OTA-001850,ZONE-0010
OTA-001851,ZONE-0010
OTA-001852,ZONE-0009
OTA-001853,ZONE-0010
OTA-001854,ZONE-0010
OTA-001855,ZONE-0009
OTA-001856,ZONE-0010
OTA-001857,ZONE-0009
OTA-001858,ZONE-0010
OTA-001859,ZONE-0010
OTA-001860,ZONE-0010
OTA-001861,ZONE-0009
OTA-001862,ZONE-0009
OTA-001863,ZONE-0009
OTA-001864,ZONE-0009
OTA-001865,ZONE-0009
OTA-001866,ZONE-0010
OTA-001867,ZONE-0009
OTA-001868,ZONE-0009
OTA-001869,ZONE-0010
OTA-001870,ZONE-0010
OTA-001871,ZONE-0009
OTA-001872,ZONE-0010
OTA-001873,ZONE-0009
OTA-001874,ZONE-0010
OTA-001875,ZONE-0010
OTA-001876,ZONE-0010
OTA-001877,ZONE-0010
OTA-001878,ZONE-0009
OTA-001879,ZONE-0010
OTA-001880,ZONE-0010
OTA-001881,ZONE-0010
OTA-001882,ZONE-0009
OTA-001883,ZONE-0009
OTA-001884,ZONE-0010
OTA-001885,ZONE-0010
OTA-001886,ZONE-0009
OTA-001887,ZONE-0009
OTA-001888,ZONE-0010
OTA-001889,ZONE-0009
OTA-001890,ZONE-0009
OTA-001891,ZONE-0009
OTA-001892,ZONE-0009
OTA-001893,ZONE-0009
OTA-001894,ZONE-0009
OTA-001895,ZONE-0009
OTA-001896,ZONE-0009
OTA-001897,ZONE-0009
OTA-001898,ZONE-0009
OTA-001899,ZONE-0009
OTA-001900,ZONE-0010
OTA-001901,ZONE-0010
OTA-001902,ZONE-0009
OTA-001903,ZONE-0009
OTA-001904,ZONE-0009
OTA-001905,ZONE-0010
OTA-001906,ZONE-0010
OTA-001907,ZONE-0010
OTA-001908,ZONE-0009
OTA-001909,ZONE-0009
OTA-001910,ZONE-0009
OTA-001911,ZONE-0009
OTA-001912,ZONE-0010
OTA-001913,ZONE-0010
OTA-001914,ZONE-0009
OTA-001915,ZONE-0010
OTA-001916,ZONE-0009
OTA-001917,ZONE-0009
OTA-001918,ZONE-0009
OTA-001919,ZONE-0009
OTA-001920,ZONE-0009
OTA-001921,ZONE-0010
OTA-001922,ZONE-0009
OTA-001923,ZONE-0009
OTA-001924,ZONE-0009
OTA-001925,ZONE-0009
OTA-001926,ZONE-0010
OTA-001927,ZONE-0009
OTA-001928,ZONE-0010
OTA-001929,ZONE-0010
OTA-001930,ZONE-0009
OTA-001931,ZONE-0009
OTA-001932,ZONE-0009
OTA-001933,ZONE-0009
OTA-001934,ZONE-0010
OTA-001935,ZONE-0009
OTA-001936,ZONE-0009
OTA-001937,ZONE-0010
OTA-001938,ZONE-0009
OTA-001939,ZONE-0010
OTA-001940,ZONE-0010
OTA-001941,ZONE-0010
OTA-001942,ZONE-0010
OTA-001943,ZONE-0009
OTA-001944,ZONE-0009
OTA-001945,ZONE-0010
OTA-001946,ZONE-0009
OTA-001947,ZONE-0009
OTA-001948,ZONE-0010
OTA-001949,ZONE-0009
OTA-001950,ZONE-0009
OTA-001951,ZONE-0009
OTA-001952,ZONE-0010
OTA-001953,ZONE-0009
OTA-001954,ZONE-0010
OTA-001955,ZONE-0009
OTA-001956,ZONE-0010
OTA-001957,ZONE-0010
OTA-001958,ZONE-0010
OTA-001959,ZONE-0009
OTA-001960,ZONE-0010
OTA-001961,ZONE-0010
OTA-001962,ZONE-0009
OTA-001963,ZONE-0009
OTA-001964,ZONE-0010
OTA-001965,ZONE-0009
OTA-001966,ZONE-0010
OTA-001967,ZONE-0009
OTA-001968,ZONE-0009
OTA-001969,ZONE-0010
OTA-001970,ZONE-0009
OTA-001971,ZONE-0009
OTA-001972,ZONE-0010
OTA-001973,ZONE-0009
OTA-001974,ZONE-0009
OTA-001975,ZONE-0009
OTA-001976,ZONE-0009
OTA-001977,ZONE-0009
OTA-001978,ZONE-0010
OTA-001979,ZONE-0010
OTA-001980,ZONE-0009
OTA-001981,ZONE-0010
OTA-001982,ZONE-0010
OTA-001983,ZONE-0009
OTA-001984,ZONE-0010
OTA-001985,ZONE-0010
OTA-001986,ZONE-0009
OTA-001987,ZONE-0010
OTA-001988,ZONE-0009
OTA-001989,ZONE-0010
OTA-001990,ZONE-0009
OTA-001991,ZONE-0010
OTA-001992,ZONE-0010
OTA-001993,ZONE-0010
OTA-001994,ZONE-0009
OTA-001995,ZONE-0009
OTA-001996,ZONE-0009
OTA-001997,ZONE-0009
OTA-001998,ZONE-0010
OTA-001999,ZONE-0010
OTA-002000,ZONE-0010
OTA-002001,ZONE-0010
OTA-002002,ZONE-0010
OTA-002003,ZONE-0010
OTA-002004,ZONE-0010
OTA-002005,ZONE-0010
OTA-002006,ZONE-0009
OTA-002007,ZONE-0010
OTA-002008,ZONE-0009
OTA-002009,ZONE-0010
OTA-002010,ZONE-0010
OTA-002011,ZONE-0010
OTA-002012,ZONE-0010
OTA-002013,ZONE-0010
OTA-002014,ZONE-0009
OTA-002015,ZONE-0010
OTA-002016,ZONE-0009
OTA-002017,ZONE-0010
OTA-002018,ZONE-0010
OTA-002019,ZONE-0009
OTA-002020,ZONE-0009
OTA-002021,ZONE-0010
OTA-002022,ZONE-0010
OTA-002023,ZONE-0009
OTA-002024,ZONE-0009
OTA-002025,ZONE-0010
OTA-002026,ZONE-0009
OTA-002027,ZONE-0009
OTA-002028,ZONE-0009
OTA-002029,ZONE-0010
OTA-002030,ZONE-0009
OTA-002031,ZONE-0010
OTA-002032,ZONE-0010
OTA-002033,ZONE-0010
OTA-002034,ZONE-0009
OTA-002035,ZONE-0010
OTA-002036,ZONE-0010
OTA-002037,ZONE-0010
OTA-002038,ZONE-0009
OTA-002039,ZONE-0010
OTA-002040,ZONE-0010
OTA-002041,ZONE-0010
OTA-002042,ZONE-0009
OTA-002043,ZONE-0010
OTA-002044,ZONE-0010
OTA-002045,ZONE-0010
OTA-002046,ZONE-0009
OTA-002047,ZONE-0010
OTA-002048,ZONE-0009
OTA-002049,ZONE-0009
OTA-002050,ZONE-0009
OTA-002051,ZONE-0010
OTA-002052,ZONE-0009
OTA-002053,ZONE-0009
OTA-002054,ZONE-0009
OTA-002055,ZONE-0010
OTA-002056,ZONE-0010
OTA-002057,ZONE-0009
OTA-002058,ZONE-0009
OTA-002059,ZONE-0009
OTA-002060,ZONE-0010
OTA-002061,ZONE-0009
OTA-002062,ZONE-0009
OTA-002063,ZONE-0010
OTA-002064,ZONE-0009
OTA-002065,ZONE-0010
OTA-002066,ZONE-0009
OTA-002067,ZONE-0010
OTA-002068,ZONE-0009
OTA-002069,ZONE-0010
OTA-002070,ZONE-0010
OTA-002071,ZONE-0009
OTA-002072,ZONE-0009
OTA-002073,ZONE-0010
OTA-002074,ZONE-0010
OTA-002075,ZONE-0010
OTA-002076,ZONE-0009
OTA-002077,ZONE-0010
OTA-002078,ZONE-0009
OTA-002079,ZONE-0009
OTA-002080,ZONE-0010
OTA-002081,ZONE-0009
OTA-002082,ZONE-0010
OTA-002083,ZONE-0010
OTA-002084,ZONE-0010
OTA-002085,ZONE-0010
OTA-002086,ZONE-0010
OTA-002087,ZONE-0009
OTA-002088,ZONE-0009
OTA-002089,ZONE-0010
OTA-002090,ZONE-0010
OTA-002091,ZONE-0010
OTA-002092,ZONE-0009
OTA-002093,ZONE-0010
OTA-002094,ZONE-0010
OTA-002095,ZONE-0010
OTA-002096,ZONE-0009
OTA-002097,ZONE-0009
OTA-002098,ZONE-0009
OTA-002099,ZONE-0010
OTA-002100,ZONE-0010
OTA-002101,ZONE-0010
OTA-002102,ZONE-0009
OTA-002103,ZONE-0010
OTA-002104,ZONE-0010
OTA-002105,ZONE-0009
OTA-002106,ZONE-0009
OTA-002107,ZONE-0009
OTA-002108,ZONE-0009
OTA-002109,ZONE-0009
OTA-002110,ZONE-0009
OTA-002111,ZONE-0010
OTA-002112,ZONE-0010
OTA-002113,ZONE-0010
OTA-002114,ZONE-0010
OTA-002115,ZONE-0009
OTA-002116,ZONE-0010
OTA-002117,ZONE-0009
OTA-002118,ZONE-0009
OTA-002119,ZONE-0010
OTA-002120,ZONE-0010
OTA-002121,ZONE-0009
OTA-002122,ZONE-0009
OTA-002123,ZONE-0010
OTA-002124,ZONE-0009
OTA-002125,ZONE-0009
OTA-002126,ZONE-0009
OTA-002127,ZONE-0010
OTA-002128,ZONE-0010
OTA-002129,ZONE-0010
OTA-002130,ZONE-0009
OTA-002131,ZONE-0009
OTA-002132,ZONE-0010
OTA-002133,ZONE-0010
OTA-002134,ZONE-0010
OTA-002135,ZONE-0010
OTA-002136,ZONE-0010
OTA-002137,ZONE-0009
OTA-002138,ZONE-0009
OTA-002139,ZONE-0009
OTA-002140,ZONE-0009
OTA-002141,ZONE-0009
OTA-002142,ZONE-0010
OTA-002143,ZONE-0010
OTA-002144,ZONE-0010
OTA-002145,ZONE-0009
OTA-002146,ZONE-0010
OTA-002147,ZONE-0009
OTA-002148,ZONE-0010
OTA-002149,ZONE-0010
OTA-002150,ZONE-0009
OTA-002151,ZONE-0009
OTA-002152,ZONE-0010
OTA-002153,ZONE-0010
OTA-002154,ZONE-0010
OTA-002155,ZONE-0010
OTA-002156,ZONE-0009
OTA-002157,ZONE-0009
OTA-002158,ZONE-0010
OTA-002159,ZONE-0010
OTA-002160,ZONE-0010
OTA-002161,ZONE-0009
OTA-002162,ZONE-0010
OTA-002163,ZONE-0009
OTA-002164,ZONE-0009
OTA-002165,ZONE-0009
OTA-002166,ZONE-0009
OTA-002167,ZONE-0010
OTA-002168,ZONE-0009
OTA-002169,ZONE-0009
OTA-002170,ZONE-0010
OTA-002171,ZONE-0010
OTA-002172,ZONE-0009
OTA-002173,ZONE-0009
OTA-002174,ZONE-0009
OTA-002175,ZONE-0010
OTA-002176,ZONE-0009
OTA-002177,ZONE-0010
OTA-002178,ZONE-0009
OTA-002179,ZONE-0009
OTA-002180,ZONE-0010
OTA-002181,ZONE-0010
OTA-002182,ZONE-0010
OTA-002183,ZONE-0010
OTA-002184,ZONE-0009
OTA-002185,ZONE-0009
OTA-002186,ZONE-0009
OTA-002187,ZONE-0009
OTA-002188,ZONE-0010
OTA-002189,ZONE-0010
OTA-002190,ZONE-0009
OTA-002191,ZONE-0009
OTA-002192,ZONE-0009
OTA-002193,ZONE-0010
OTA-002194,ZONE-0010
OTA-002195,ZONE-0010
OTA-002196,ZONE-0009
OTA-002197,ZONE-0010
OTA-002198,ZONE-0010
OTA-002199,ZONE-0009
OTA-002200,ZONE-0009
OTA-002201,ZONE-0010
OTA-002202,ZONE-0010
OTA-002203,ZONE-0009
OTA-002204,ZONE-0009
OTA-002205,ZONE-0010
OTA-002206,ZONE-0010
OTA-002207,ZONE-0009
OTA-002208,ZONE-0010
OTA-002209,ZONE-0010
OTA-002210,ZONE-0009
OTA-002211,ZONE-0010
OTA-002212,ZONE-0010
OTA-002213,ZONE-0009
OTA-002214,ZONE-0010
OTA-002215,ZONE-0009
OTA-002216,ZONE-0010
OTA-002217,ZONE-0009
OTA-002218,ZONE-0009
OTA-002219,ZONE-0009
OTA-002220,ZONE-0010
OTA-002221,ZONE-0009
OTA-002222,ZONE-0009
OTA-002223,ZONE-0010
OTA-002224,ZONE-0010
OTA-002225,ZONE-0010
OTA-002226,ZONE-0009
OTA-002227,ZONE-0009
OTA-002228,ZONE-0010
OTA-002229,ZONE-0010
OTA-002230,ZONE-0010
OTA-002231,ZONE-0009
OTA-002232,ZONE-0010
OTA-002233,ZONE-0010
OTA-002234,ZONE-0010
OTA-002235,ZONE-0009
OTA-002236,ZONE-0009
OTA-002237,ZONE-0009
OTA-002238,ZONE-0009
OTA-002239,ZONE-0009
OTA-002240,ZONE-0009
OTA-002241,ZONE-0009
OTA-002242,ZONE-0010
OTA-002243,ZONE-0009
OTA-002244,ZONE-0009
OTA-002245,ZONE-0010
OTA-002246,ZONE-0009
OTA-002247,ZONE-0010
OTA-002248,ZONE-0009
OTA-002249,ZONE-0009
OTA-002250,ZONE-0009
OTA-002251,ZONE-0010
OTA-002252,ZONE-0009
OTA-002253,ZONE-0010
OTA-002254,ZONE-0010
OTA-002255,ZONE-0010
OTA-002256,ZONE-0009
OTA-002257,ZONE-0009
OTA-002258,ZONE-0009
OTA-002259,ZONE-0010
OTA-002260,ZONE-0009
OTA-002261,ZONE-0009
OTA-002262,ZONE-0010
OTA-002263,ZONE-0009
OTA-002264,ZONE-0010
OTA-002265,ZONE-0010
OTA-002266,ZONE-0009
OTA-002267,ZONE-0010
OTA-002268,ZONE-0010
OTA-002269,ZONE-0009
OTA-002270,ZONE-0010
OTA-002271,ZONE-0010
OTA-002272,ZONE-0009
OTA-002273,ZONE-0010
OTA-002274,ZONE-0009
OTA-002275,ZONE-0010
OTA-002276,ZONE-0010
OTA-002277,ZONE-0010
OTA-002278,ZONE-0009
OTA-002279,ZONE-0010
OTA-002280,ZONE-0009
OTA-002281,ZONE-0009
OTA-002282,ZONE-0010
OTA-002283,ZONE-0010
OTA-002284,ZONE-0009
OTA-002285,ZONE-0009
OTA-002286,ZONE-0009
OTA-002287,ZONE-0010
OTA-002288,ZONE-0009
OTA-002289,ZONE-0009
OTA-002290,ZONE-0010
OTA-002291,ZONE-0010
OTA-002292,ZONE-0010
OTA-002293,ZONE-0009
OTA-002294,ZONE-0010
OTA-002295,ZONE-0009
OTA-002296,ZONE-0010
OTA-002297,ZONE-0009
OTA-002298,ZONE-0009
OTA-002299,ZONE-0010
OTA-002300,ZONE-0009
OTA-002301,ZONE-0010
OTA-002302,ZONE-0010
OTA-002303,ZONE-0009
OTA-002304,ZONE-0010
OTA-002305,ZONE-0009
OTA-002306,ZONE-0009
OTA-002307,ZONE-0009
OTA-002308,ZONE-0009
OTA-002309,ZONE-0010
OTA-002310,ZONE-0010
OTA-002311,ZONE-0009
OTA-002312,ZONE-0009
OTA-002313,ZONE-0009
OTA-002314,ZONE-0010
OTA-002315,ZONE-0010
OTA-002316,ZONE-0009
OTA-002317,ZONE-0009
OTA-002318,ZONE-0009
OTA-002319,ZONE-0010
OTA-002320,ZONE-0010
OTA-002321,ZONE-0009
OTA-002322,ZONE-0009
OTA-002323,ZONE-0010
OTA-002324,ZONE-0009
OTA-002325,ZONE-0010
OTA-002326,ZONE-0010
OTA-002327,ZONE-0010
OTA-002328,ZONE-0010
OTA-002329,ZONE-0009
OTA-002330,ZONE-0009
OTA-002331,ZONE-0010
OTA-002332,ZONE-0010
OTA-002333,ZONE-0009
OTA-002334,ZONE-0010
OTA-002335,ZONE-0010
OTA-002336,ZONE-0009
OTA-002337,ZONE-0010
OTA-002338,ZONE-0010
OTA-002339,ZONE-0010
OTA-002340,ZONE-0009
OTA-002341,ZONE-0010
OTA-002342,ZONE-0009
OTA-002343,ZONE-0010
OTA-002344,ZONE-0010
OTA-002345,ZONE-0010
OTA-002346,ZONE-0010
OTA-002347,ZONE-0010
OTA-002348,ZONE-0009
OTA-002349,ZONE-0010
OTA-002350,ZONE-0010
OTA-002351,ZONE-0010
OTA-002352,ZONE-0010
OTA-002353,ZONE-0009
OTA-002354,ZONE-0009
OTA-002355,ZONE-0009
OTA-002356,ZONE-0010
OTA-002357,ZONE-0010
OTA-002358,ZONE-0009
OTA-002359,ZONE-0009
OTA-002360,ZONE-0010
OTA-002361,ZONE-0009
OTA-002362,ZONE-0010
OTA-002363,ZONE-0010
OTA-002364,ZONE-0009
OTA-002365,ZONE-0010
OTA-002366,ZONE-0009
OTA-002367,ZONE-0009
OTA-002368,ZONE-0010
OTA-002369,ZONE-0010
OTA-002370,ZONE-0009
OTA-002371,ZONE-0010
OTA-002372,ZONE-0010
OTA-002373,ZONE-0009
OTA-002374,ZONE-0010
OTA-002375,ZONE-0009
OTA-002376,ZONE-0009
OTA-002377,ZONE-0009
OTA-002378,ZONE-0009
OTA-002379,ZONE-0010
OTA-002380,ZONE-0009
OTA-002381,ZONE-0010
OTA-002382,ZONE-0009
OTA-002383,ZONE-0009
OTA-002384,ZONE-0009
OTA-002385,ZONE-0009
OTA-002386,ZONE-0009
OTA-002387,ZONE-0010
OTA-002388,ZONE-0010
OTA-002389,ZONE-0009
OTA-002390,ZONE-0010
OTA-002391,ZONE-0010
OTA-002392,ZONE-0010
OTA-002393,ZONE-0009
OTA-002394,ZONE-0009
OTA-002395,ZONE-0009
OTA-002396,ZONE-0009
OTA-002397,ZONE-0009
OTA-002398,ZONE-0009
OTA-002399,ZONE-0010
OTA-002400,ZONE-0010
OTA-002401,ZONE-0010
OTA-002402,ZONE-0010
OTA-002403,ZONE-0010
OTA-002404,ZONE-0009
OTA-002405,ZONE-0010
OTA-002406,ZONE-0010
OTA-002407,ZONE-0010
OTA-002408,ZONE-0009
OTA-002409,ZONE-0009
OTA-002410,ZONE-0009
OTA-002411,ZONE-0010
OTA-002412,ZONE-0010
OTA-002413,ZONE-0009
OTA-002414,ZONE-0010
OTA-002415,ZONE-0009
OTA-002416,ZONE-0010
OTA-002417,ZONE-0009
OTA-002418,ZONE-0010
OTA-002419,ZONE-0009
OTA-002420,ZONE-0009
OTA-002421,ZONE-0010
OTA-002422,ZONE-0010
OTA-002423,ZONE-0009
OTA-002424,ZONE-0009
OTA-002425,ZONE-0009
OTA-002426,ZONE-0009
OTA-002427,ZONE-0009
OTA-002428,ZONE-0009
OTA-002429,ZONE-0010
OTA-002430,ZONE-0009
OTA-002431,ZONE-0009
OTA-002432,ZONE-0009
OTA-002433,ZONE-0010
OTA-002434,ZONE-0010
OTA-002435,ZONE-0010
OTA-002436,ZONE-0010
OTA-002437,ZONE-0010
OTA-002438,ZONE-0010
OTA-002439,ZONE-0009
OTA-002440,ZONE-0009
OTA-002441,ZONE-0009
OTA-002442,ZONE-0010
OTA-002443,ZONE-0010
OTA-002444,ZONE-0009
OTA-002445,ZONE-0010
OTA-002446,ZONE-0009
OTA-002447,ZONE-0010
OTA-002448,ZONE-0010
OTA-002449,ZONE-0009
OTA-002450,ZONE-0010
OTA-002451,ZONE-0009
OTA-002452,ZONE-0010
OTA-002453,ZONE-0010
OTA-002454,ZONE-0010
OTA-002455,ZONE-0010
OTA-002456,ZONE-0009
OTA-002457,ZONE-0010
OTA-002458,ZONE-0009
OTA-002459,ZONE-0009
OTA-002460,ZONE-0010
OTA-002461,ZONE-0010
OTA-002462,ZONE-0009
OTA-002463,ZONE-0010
OTA-002464,ZONE-0010
OTA-002465,ZONE-0009
OTA-002466,ZONE-0009
OTA-002467,ZONE-0009
OTA-002468,ZONE-0010
OTA-002469,ZONE-0010
OTA-002470,ZONE-0009
OTA-002471,ZONE-0010
OTA-002472,ZONE-0010
OTA-002473,ZONE-0010
OTA-002474,ZONE-0009
OTA-002475,ZONE-0009
OTA-002476,ZONE-0010
OTA-002477,ZONE-0010
OTA-002478,ZONE-0010
OTA-002479,ZONE-0009
OTA-002480,ZONE-0009
OTA-002481,ZONE-0010
OTA-002482,ZONE-0009
OTA-002483,ZONE-0009
OTA-002484,ZONE-0010
OTA-002485,ZONE-0009
OTA-002486,ZONE-0009
OTA-002487,ZONE-0009
OTA-002488,ZONE-0010
OTA-002489,ZONE-0009
OTA-002490,ZONE-0009
OTA-002491,ZONE-0009
OTA-002492,ZONE-0009
OTA-002493,ZONE-0010
OTA-002494,ZONE-0009
OTA-002495,ZONE-0010
OTA-002496,ZONE-0010
OTA-002497,ZONE-0009
OTA-002498,ZONE-0009
OTA-002499,ZONE-0010
OTA-002500,ZONE-0010
OTA-002501,ZONE-0009
OTA-002502,ZONE-0010
OTA-002503,ZONE-0009
OTA-002504,ZONE-0010
OTA-002505,ZONE-0014
OTA-002506,ZONE-0015
OTA-002507,ZONE-0014
OTA-002508,ZONE-0015
OTA-002509,ZONE-0014
OTA-002510,ZONE-0014
OTA-002511,ZONE-0015
OTA-002512,ZONE-0015
OTA-002513,ZONE-0015
OTA-002514,ZONE-0015
OTA-002515,ZONE-0015
OTA-002516,ZONE-0015
OTA-002517,ZONE-0014
OTA-002518,ZONE-0015
OTA-002519,ZONE-0014
OTA-002520,ZONE-0014
OTA-002521,ZONE-0015
OTA-002522,ZONE-0014
OTA-002523,ZONE-0014
OTA-002524,ZONE-0015
OTA-002525,ZONE-0014
OTA-002526,ZONE-0015
OTA-002527,ZONE-0014
OTA-002528,ZONE-0014
OTA-002529,ZONE-0015
OTA-002530,ZONE-0014
OTA-002531,ZONE-0015
OTA-002532,ZONE-0015
OTA-002533,ZONE-0015
OTA-002534,ZONE-0014
OTA-002535,ZONE-0014
OTA-002536,ZONE-0014
OTA-002537,ZONE-0015
OTA-002538,ZONE-0015
OTA-002539,ZONE-0015
OTA-002540,ZONE-0014
OTA-002541,ZONE-0015
OTA-002542,ZONE-0014
OTA-002543,ZONE-0014
OTA-002544,ZONE-0014
OTA-002545,ZONE-0015
OTA-002546,ZONE-0015
OTA-002547,ZONE-0015
OTA-002548,ZONE-0015
OTA-002549,ZONE-0015
OTA-002550,ZONE-0015
OTA-002551,ZONE-0015
OTA-002552,ZONE-0015
OTA-002553,ZONE-0015
OTA-002554,ZONE-0015
OTA-002555,ZONE-0015
OTA-002556,ZONE-0014
OTA-002557,ZONE-0014
OTA-002558,ZONE-0015
OTA-002559,ZONE-0014
OTA-002560,ZONE-0015
OTA-002561,ZONE-0014
OTA-002562,ZONE-0014
OTA-002563,ZONE-0014
OTA-002564,ZONE-0015
OTA-002565,ZONE-0014
OTA-002566,ZONE-0015
OTA-002567,ZONE-0015
OTA-002568,ZONE-0014
OTA-002569,ZONE-0015
OTA-002570,ZONE-0015
OTA-002571,ZONE-0015
OTA-002572,ZONE-0014
OTA-002573,ZONE-0014
OTA-002574,ZONE-0015
OTA-002575,ZONE-0015
OTA-002576,ZONE-0014
OTA-002577,ZONE-0015
OTA-002578,ZONE-0015
OTA-002579,ZONE-0014
OTA-002580,ZONE-0014
OTA-002581,ZONE-0014
OTA-002582,ZONE-0015
OTA-002583,ZONE-0015
OTA-002584,ZONE-0014
OTA-002585,ZONE-0015
OTA-002586,ZONE-0015
OTA-002587,ZONE-0014
OTA-002588,ZONE-0015
OTA-002589,ZONE-0015
OTA-002590,ZONE-0015
OTA-002591,ZONE-0014
OTA-002592,ZONE-0014
OTA-002593,ZONE-0015
OTA-002594,ZONE-0014
OTA-002595,ZONE-0014
OTA-002596,ZONE-0014
OTA-002597,ZONE-0015
OTA-002598,ZONE-0014
OTA-002599,ZONE-0014
OTA-002600,ZONE-0014
OTA-002601,ZONE-0014
OTA-002602,ZONE-0015
OTA-002603,ZONE-0014
OTA-002604,ZONE-0014
OTA-002605,ZONE-0015
OTA-002606,ZONE-0015
OTA-002607,ZONE-0015
OTA-002608,ZONE-0015
OTA-002609,ZONE-0015
OTA-002610,ZONE-0015
OTA-002611,ZONE-0015
OTA-002612,ZONE-0014
OTA-002613,ZONE-0015
OTA-002614,ZONE-0014
OTA-002615,ZONE-0015
OTA-002616,ZONE-0015
OTA-002617,ZONE-0015
OTA-002618,ZONE-0015
OTA-002619,ZONE-0014
OTA-002620,ZONE-0014
OTA-002621,ZONE-0015
OTA-002622,ZONE-0015
OTA-002623,ZONE-0015
OTA-002624,ZONE-0014
OTA-002625,ZONE-0014
OTA-002626,ZONE-0014
OTA-002627,ZONE-0015
OTA-002628,ZONE-0015
OTA-002629,ZONE-0014
OTA-002630,ZONE-0014
OTA-002631,ZONE-0015
OTA-002632,ZONE-0015
OTA-002633,ZONE-0015
OTA-002634,ZONE-0014
OTA-002635,ZONE-0015
OTA-002636,ZONE-0014
OTA-002637,ZONE-0014
OTA-002638,ZONE-0015
OTA-002639,ZONE-0015
OTA-002640,ZONE-0014
OTA-002641,ZONE-0015
OTA-002642,ZONE-0015
OTA-002643,ZONE-0015
OTA-002644,ZONE-0015
OTA-002645,ZONE-0014
OTA-002646,ZONE-0015
OTA-002647,ZONE-0015
OTA-002648,ZONE-0014
OTA-002649,ZONE-0014
OTA-002650,ZONE-0014
OTA-002651,ZONE-0014
OTA-002652,ZONE-0014
OTA-002653,ZONE-0015
OTA-002654,ZONE-0015
OTA-002655,ZONE-0015
OTA-002656,ZONE-0015
OTA-002657,ZONE-0014
OTA-002658,ZONE-0014
OTA-002659,ZONE-0014
OTA-002660,ZONE-0015
OTA-002661,ZONE-0015
OTA-002662,ZONE-0015
OTA-002663,ZONE-0015
OTA-002664,ZONE-0014
OTA-002665,ZONE-0015
OTA-002666,ZONE-0014
OTA-002667,ZONE-0014
OTA-002668,ZONE-0015
OTA-002669,ZONE-0015
OTA-002670,ZONE-0015
OTA-002671,ZONE-0015
OTA-002672,ZONE-0014
OTA-002673,ZONE-0014
OTA-002674,ZONE-0015
OTA-002675,ZONE-0015
OTA-002676,ZONE-0015
OTA-002677,ZONE-0014
OTA-002678,ZONE-0014
OTA-002679,ZONE-0014
OTA-002680,ZONE-0015
OTA-002681,ZONE-0015
OTA-002682,ZONE-0015
OTA-002683,ZONE-0014
OTA-002684,ZONE-0015
OTA-002685,ZONE-0014
OTA-002686,ZONE-0014
OTA-002687,ZONE-0014
OTA-002688,ZONE-0014
OTA-002689,ZONE-0014
OTA-002690,ZONE-0015
OTA-002691,ZONE-0015
OTA-002692,ZONE-0014
OTA-002693,ZONE-0015
OTA-002694,ZONE-0014
OTA-002695,ZONE-0014
OTA-002696,ZONE-0014
OTA-002697,ZONE-0014
OTA-002698,ZONE-0015
OTA-002699,ZONE-0014
OTA-002700,ZONE-0014
OTA-002701,ZONE-0014
OTA-002702,ZONE-0015
OTA-002703,ZONE-0014
OTA-002704,ZONE-0015
OTA-002705,ZONE-0014
OTA-002706,ZONE-0014
OTA-002707,ZONE-0015
OTA-002708,ZONE-0015
OTA-002709,ZONE-0015
OTA-002710,ZONE-0014
OTA-002711,ZONE-0014
OTA-002712,ZONE-0014
OTA-002713,ZONE-0014
OTA-002714,ZONE-0015
OTA-002715,ZONE-0015
OTA-002716,ZONE-0014
OTA-002717,ZONE-0015
OTA-002718,ZONE-0015
OTA-002719,ZONE-0014
OTA-002720,ZONE-0015
OTA-002721,ZONE-0015
OTA-002722,ZONE-0015
OTA-002723,ZONE-0015
OTA-002724,ZONE-0014
OTA-002725,ZONE-0015
OTA-002726,ZONE-0015
OTA-002727,ZONE-0014
OTA-002728,ZONE-0014
OTA-002729,ZONE-0015
OTA-002730,ZONE-0014
OTA-002731,ZONE-0014
OTA-002732,ZONE-0015
OTA-002733,ZONE-0015
OTA-002734,ZONE-0015
OTA-002735,ZONE-0015
OTA-002736,ZONE-0015
OTA-002737,ZONE-0015
OTA-002738,ZONE-0014
OTA-002739,ZONE-0014
OTA-002740,ZONE-0015
OTA-002741,ZONE-0015
OTA-002742,ZONE-0014
OTA-002743,ZONE-0015
OTA-002744,ZONE-0014
OTA-002745,ZONE-0014
OTA-002746,ZONE-0014
OTA-002747,ZONE-0014
OTA-002748,ZONE-0014
OTA-002749,ZONE-0014
OTA-002750,ZONE-0014
OTA-002751,ZONE-0014
OTA-002752,ZONE-0015
OTA-002753,ZONE-0014
OTA-002754,ZONE-0014
OTA-002755,ZONE-0015
OTA-002756,ZONE-0014
OTA-002757,ZONE-0014
OTA-002758,ZONE-0015
OTA-002759,ZONE-0014
OTA-002760,ZONE-0014
OTA-002761,ZONE-0014
OTA-002762,ZONE-0015
OTA-002763,ZONE-0015
OTA-002764,ZONE-0014
OTA-002765,ZONE-0014
OTA-002766,ZONE-0015
OTA-002767,ZONE-0015
OTA-002768,ZONE-0015
OTA-002769,ZONE-0015
OTA-002770,ZONE-0014
OTA-002771,ZONE-0015
OTA-002772,ZONE-0014
OTA-002773,ZONE-0015
OTA-002774,ZONE-0015
OTA-002775,ZONE-0015
OTA-002776,ZONE-0015
OTA-002777,ZONE-0014
OTA-002778,ZONE-0014
OTA-002779,ZONE-0014
OTA-002780,ZONE-0015
OTA-002781,ZONE-0015
OTA-002782,ZONE-0014
OTA-002783,ZONE-0015
OTA-002784,ZONE-0014
OTA-002785,ZONE-0014
OTA-002786,ZONE-0015
OTA-002787,ZONE-0014
OTA-002788,ZONE-0015
OTA-002789,ZONE-0014
OTA-002790,ZONE-0014
OTA-002791,ZONE-0015
OTA-002792,ZONE-0014
OTA-002793,ZONE-0014
OTA-002794,ZONE-0015
OTA-002795,ZONE-0014
OTA-002796,ZONE-0015
OTA-002797,ZONE-0014
OTA-002798,ZONE-0014
OTA-002799,ZONE-0014
OTA-002800,ZONE-0014
OTA-002801,ZONE-0015
OTA-002802,ZONE-0015
OTA-002803,ZONE-0014
OTA-002804,ZONE-0015
OTA-002805,ZONE-0015
OTA-002806,ZONE-0015
OTA-002807,ZONE-0014
OTA-002808,ZONE-0014
OTA-002809,ZONE-0015
OTA-002810,ZONE-0014
OTA-002811,ZONE-0015
OTA-002812,ZONE-0015
OTA-002813,ZONE-0015
OTA-002814,ZONE-0014
OTA-002815,ZONE-0015
OTA-002816,ZONE-0015
OTA-002817,ZONE-0015
OTA-002818,ZONE-0015
OTA-002819,ZONE-0014
OTA-002820,ZONE-0015
OTA-002821,ZONE-0015
OTA-002822,ZONE-0014
OTA-002823,ZONE-0015
OTA-002824,ZONE-0014
OTA-002825,ZONE-0015
OTA-002826,ZONE-0015
OTA-002827,ZONE-0015
OTA-002828,ZONE-0014
OTA-002829,ZONE-0015
OTA-002830,ZONE-0015
OTA-002831,ZONE-0015
OTA-002832,ZONE-0014
OTA-002833,ZONE-0014
OTA-002834,ZONE-0015
OTA-002835,ZONE-0015
OTA-002836,ZONE-0014
OTA-002837,ZONE-0015
OTA-002838,ZONE-0015
OTA-002839,ZONE-0015
OTA-002840,ZONE-0015
OTA-002841,ZONE-0014
OTA-002842,ZONE-0015
OTA-002843,ZONE-0015
OTA-002844,ZONE-0015
OTA-002845,ZONE-0014
OTA-002846,ZONE-0014
OTA-002847,ZONE-0014
OTA-002848,ZONE-0014
OTA-002849,ZONE-0015
OTA-002850,ZONE-0014
OTA-002851,ZONE-0015
OTA-002852,ZONE-0015
OTA-002853,ZONE-0014
OTA-002854,ZONE-0014
OTA-002855,ZONE-0014
OTA-002856,ZONE-0015
OTA-002857,ZONE-0014
OTA-002858,ZONE-0014
OTA-002859,ZONE-0014
OTA-002860,ZONE-0015
OTA-002861,ZONE-0015
OTA-002862,ZONE-0014
OTA-002863,ZONE-0014
OTA-002864,ZONE-0014
OTA-002865,ZONE-0015
OTA-002866,ZONE-0014
OTA-002867,ZONE-0014
OTA-002868,ZONE-0014
OTA-002869,ZONE-0015
OTA-002870,ZONE-0015
OTA-002871,ZONE-0014
OTA-002872,ZONE-0014
OTA-002873,ZONE-0014
OTA-002874,ZONE-0014
OTA-002875,ZONE-0015
OTA-002876,ZONE-0014
OTA-002877,ZONE-0014
OTA-002878,ZONE-0015
OTA-002879,ZONE-0015
OTA-002880,ZONE-0015
OTA-002881,ZONE-0015
OTA-002882,ZONE-0015
OTA-002883,ZONE-0014
OTA-002884,ZONE-0015
OTA-002885,ZONE-0014
OTA-002886,ZONE-0015
OTA-002887,ZONE-0015
OTA-002888,ZONE-0014
OTA-002889,ZONE-0014
OTA-002890,ZONE-0015
OTA-002891,ZONE-0015
OTA-002892,ZONE-0015
OTA-002893,ZONE-0014
OTA-002894,ZONE-0014
OTA-002895,ZONE-0015
OTA-002896,ZONE-0015
OTA-002897,ZONE-0015
OTA-002898,ZONE-0015
OTA-002899,ZONE-0014
OTA-002900,ZONE-0015
OTA-002901,ZONE-0015
OTA-002902,ZONE-0014
OTA-002903,ZONE-0015
OTA-002904,ZONE-0014
OTA-002905,ZONE-0014
OTA-002906,ZONE-0015
OTA-002907,ZONE-0015
OTA-002908,ZONE-0014
OTA-002909,ZONE-0015
OTA-002910,ZONE-0014
OTA-002911,ZONE-0014
OTA-002912,ZONE-0014
OTA-002913,ZONE-0015
OTA-002914,ZONE-0015
OTA-002915,ZONE-0015
OTA-002916,ZONE-0014
OTA-002917,ZONE-0015
OTA-002918,ZONE-0014
OTA-002919,ZONE-0014
OTA-002920,ZONE-0015
OTA-002921,ZONE-0015
OTA-002922,ZONE-0014
OTA-002923,ZONE-0014
OTA-002924,ZONE-0014
OTA-002925,ZONE-0014
OTA-002926,ZONE-0015
OTA-002927,ZONE-0014
OTA-002928,ZONE-0014
OTA-002929,ZONE-0015
OTA-002930,ZONE-0014
OTA-002931,ZONE-0015
OTA-002932,ZONE-0014
OTA-002933,ZONE-0014
OTA-002934,ZONE-0015
OTA-002935,ZONE-0015
OTA-002936,ZONE-0014
OTA-002937,ZONE-0015
OTA-002938,ZONE-0014
OTA-002939,ZONE-0014
OTA-002940,ZONE-0015
OTA-002941,ZONE-0015
OTA-002942,ZONE-0014
OTA-002943,ZONE-0015
OTA-002944,ZONE-0014
OTA-002945,ZONE-0015
OTA-002946,ZONE-0014
OTA-002947,ZONE-0014
OTA-002948,ZONE-0015
OTA-002949,ZONE-0014
OTA-002950,ZONE-0015
OTA-002951,ZONE-0015
OTA-002952,ZONE-0015
OTA-002953,ZONE-0014
OTA-002954,ZONE-0015
OTA-002955,ZONE-0015
OTA-002956,ZONE-0015
OTA-002957,ZONE-0014
OTA-002958,ZONE-0015
OTA-002959,ZONE-0015
OTA-002960,ZONE-0014
OTA-002961,ZONE-0015
OTA-002962,ZONE-0014
OTA-002963,ZONE-0014
OTA-002964,ZONE-0014
OTA-002965,ZONE-0014
OTA-002966,ZONE-0015
OTA-002967,ZONE-0015
OTA-002968,ZONE-0015
OTA-002969,ZONE-0015
OTA-002970,ZONE-0015
OTA-002971,ZONE-0015
OTA-002972,ZONE-0015
OTA-002973,ZONE-0014
OTA-002974,ZONE-0015
OTA-002975,ZONE-0015
OTA-002976,ZONE-0015
OTA-002977,ZONE-0014
OTA-002978,ZONE-0015
OTA-002979,ZONE-0015
OTA-002980,ZONE-0015
OTA-002981,ZONE-0015
OTA-002982,ZONE-0015
OTA-002983,ZONE-0014
OTA-002984,ZONE-0015
OTA-002985,ZONE-0014
OTA-002986,ZONE-0015
OTA-002987,ZONE-0014
OTA-002988,ZONE-0015
OTA-002989,ZONE-0015
OTA-002990,ZONE-0014
OTA-002991,ZONE-0015
OTA-002992,ZONE-0014
OTA-002993,ZONE-0014
OTA-002994,ZONE-0014
OTA-002995,ZONE-0015
OTA-002996,ZONE-0015
OTA-002997,ZONE-0014
OTA-002998,ZONE-0014
OTA-002999,ZONE-0015
OTA-003000,ZONE-0014
OTA-003001,ZONE-0015
OTA-003002,ZONE-0014
OTA-003003,ZONE-0015
OTA-003004,ZONE-0015
OTA-003005,ZONE-0014
OTA-003006,ZONE-0015
OTA-003007,ZONE-0014
OTA-003008,ZONE-0014
OTA-003009,ZONE-0014
OTA-003010,ZONE-0015
OTA-003011,ZONE-0015
OTA-003012,ZONE-0014
OTA-003013,ZONE-0014
OTA-003014,ZONE-0014
OTA-003015,ZONE-0014
OTA-003016,ZONE-0015
OTA-003017,ZONE-0015
OTA-003018,ZONE-0015
OTA-003019,ZONE-0015
OTA-003020,ZONE-0014
OTA-003021,ZONE-0014
OTA-003022,ZONE-0015
OTA-003023,ZONE-0014
OTA-003024,ZONE-0015
OTA-003025,ZONE-0014
OTA-003026,ZONE-0015
OTA-003027,ZONE-0014
OTA-003028,ZONE-0015
OTA-003029,ZONE-0014
OTA-003030,ZONE-0015
OTA-003031,ZONE-0015
OTA-003032,ZONE-0014
OTA-003033,ZONE-0014
OTA-003034,ZONE-0015
OTA-003035,ZONE-0014
OTA-003036,ZONE-0014
OTA-003037,ZONE-0015
OTA-003038,ZONE-0015
OTA-003039,ZONE-0015
OTA-003040,ZONE-0015
OTA-003041,ZONE-0015
OTA-003042,ZONE-0014
OTA-003043,ZONE-0015
OTA-003044,ZONE-0014
OTA-003045,ZONE-0014
OTA-003046,ZONE-0014
OTA-003047,ZONE-0014
OTA-003048,ZONE-0014
OTA-003049,ZONE-0015
OTA-003050,ZONE-0014
OTA-003051,ZONE-0014
OTA-003052,ZONE-0014
OTA-003053,ZONE-0014
OTA-003054,ZONE-0015
OTA-003055,ZONE-0015
OTA-003056,ZONE-0014
OTA-003057,ZONE-0015
OTA-003058,ZONE-0015
OTA-003059,ZONE-0014
OTA-003060,ZONE-0014
OTA-003061,ZONE-0015
OTA-003062,ZONE-0014
OTA-003063,ZONE-0014
OTA-003064,ZONE-0014
OTA-003065,ZONE-0014
OTA-003066,ZONE-0015
OTA-003067,ZONE-0015
OTA-003068,ZONE-0015
OTA-003069,ZONE-0015
OTA-003070,ZONE-0014
OTA-003071,ZONE-0015
OTA-003072,ZONE-0014
OTA-003073,ZONE-0015
OTA-003074,ZONE-0014
OTA-003075,ZONE-0014
OTA-003076,ZONE-0015
OTA-003077,ZONE-0015
OTA-003078,ZONE-0015
OTA-003079,ZONE-0015
OTA-003080,ZONE-0015
OTA-003081,ZONE-0014
OTA-003082,ZONE-0014
OTA-003083,ZONE-0014
OTA-003084,ZONE-0015
OTA-003085,ZONE-0015
OTA-003086,ZONE-0014
OTA-003087,ZONE-0015
OTA-003088,ZONE-0014
OTA-003089,ZONE-0015
OTA-003090,ZONE-0015
OTA-003091,ZONE-0014
OTA-003092,ZONE-0014
OTA-003093,ZONE-0015
OTA-003094,ZONE-0015
OTA-003095,ZONE-0015
OTA-003096,ZONE-0014
OTA-003097,ZONE-0014
OTA-003098,ZONE-0014
OTA-003099,ZONE-0015
OTA-003100,ZONE-0014
OTA-003101,ZONE-0014
OTA-003102,ZONE-0015
OTA-003103,ZONE-0014
OTA-003104,ZONE-0015
OTA-003105,ZONE-0014
OTA-003106,ZONE-0015
OTA-003107,ZONE-0015
OTA-003108,ZONE-0014
OTA-003109,ZONE-0014
OTA-003110,ZONE-0015
OTA-003111,ZONE-0014
OTA-003112,ZONE-0015
OTA-003113,ZONE-0014
OTA-003114,ZONE-0014
OTA-003115,ZONE-0015
OTA-003116,ZONE-0014
OTA-003117,ZONE-0014
OTA-003118,ZONE-0015
OTA-003119,ZONE-0015
OTA-003120,ZONE-0014
OTA-003121,ZONE-0014
OTA-003122,ZONE-0014
OTA-003123,ZONE-0015
OTA-003124,ZONE-0015
OTA-003125,ZONE-0014
OTA-003126,ZONE-0014
OTA-003127,ZONE-0015
OTA-003128,ZONE-0014
OTA-003129,ZONE-0014
OTA-003130,ZONE-0014
OTA-003131,ZONE-0015
OTA-003132,ZONE-0015
OTA-003133,ZONE-0014
OTA-003134,ZONE-0015
OTA-003135,ZONE-0014
OTA-003136,ZONE-0015
OTA-003137,ZONE-0015
OTA-003138,ZONE-0015
OTA-003139,ZONE-0015
OTA-003140,ZONE-0014
OTA-003141,ZONE-0015
OTA-003142,ZONE-0015
OTA-003143,ZONE-0014
OTA-003144,ZONE-0015
OTA-003145,ZONE-0014
OTA-003146,ZONE-0015
OTA-003147,ZONE-0014
OTA-003148,ZONE-0014
OTA-003149,ZONE-0014
OTA-003150,ZONE-0015
OTA-003151,ZONE-0015
OTA-003152,ZONE-0015
OTA-003153,ZONE-0014
OTA-003154,ZONE-0015
OTA-003155,ZONE-0014
OTA-003156,ZONE-0014
OTA-003157,ZONE-0015
OTA-003158,ZONE-0015
OTA-003159,ZONE-0014
OTA-003160,ZONE-0015
OTA-003161,ZONE-0014
OTA-003162,ZONE-0015
OTA-003163,ZONE-0014
OTA-003164,ZONE-0015
OTA-003165,ZONE-0015
OTA-003166,ZONE-0015
OTA-003167,ZONE-0015
OTA-003168,ZONE-0015
OTA-003169,ZONE-0015
OTA-003170,ZONE-0014
OTA-003171,ZONE-0015
OTA-003172,ZONE-0014
OTA-003173,ZONE-0014
OTA-003174,ZONE-0014
OTA-003175,ZONE-0014
OTA-003176,ZONE-0014
OTA-003177,ZONE-0015
OTA-003178,ZONE-0014
OTA-003179,ZONE-0014
OTA-003180,ZONE-0015
OTA-003181,ZONE-0014
OTA-003182,ZONE-0014
OTA-003183,ZONE-0015
OTA-003184,ZONE-0014
OTA-003185,ZONE-0014
OTA-003186,ZONE-0015
OTA-003187,ZONE-0015
OTA-003188,ZONE-0014
OTA-003189,ZONE-0014
OTA-003190,ZONE-0014
OTA-003191,ZONE-0015
OTA-003192,ZONE-0015
OTA-003193,ZONE-0015
OTA-003194,ZONE-0015
OTA-003195,ZONE-0015
OTA-003196,ZONE-0015
OTA-003197,ZONE-0014
OTA-003198,ZONE-0014
OTA-003199,ZONE-0014
OTA-003200,ZONE-0014
OTA-003201,ZONE-0015
OTA-003202,ZONE-0015
OTA-003203,ZONE-0015
OTA-003204,ZONE-0014
OTA-003205,ZONE-0015
OTA-003206,ZONE-0015
OTA-003207,ZONE-0015
OTA-003208,ZONE-0014
OTA-003209,ZONE-0014
OTA-003210,ZONE-0015
OTA-003211,ZONE-0014
OTA-003212,ZONE-0014
OTA-003213,ZONE-0014
OTA-003214,ZONE-0014
OTA-003215,ZONE-0015
OTA-003216,ZONE-0014
OTA-003217,ZONE-0014
OTA-003218,ZONE-0014
OTA-003219,ZONE-0014
OTA-003220,ZONE-0015
OTA-003221,ZONE-0014
OTA-003222,ZONE-0014
OTA-003223,ZONE-0015
OTA-003224,ZONE-0014
OTA-003225,ZONE-0015
OTA-003226,ZONE-0015
OTA-003227,ZONE-0015
OTA-003228,ZONE-0014
OTA-003229,ZONE-0014
OTA-003230,ZONE-0015
OTA-003231,ZONE-0015
OTA-003232,ZONE-0015
OTA-003233,ZONE-0015
OTA-003234,ZONE-0014
OTA-003235,ZONE-0015
OTA-003236,ZONE-0015
OTA-003237,ZONE-0015
OTA-003238,ZONE-0014
OTA-003239,ZONE-0015
OTA-003240,ZONE-0015
OTA-003241,ZONE-0015
OTA-003242,ZONE-0015
OTA-003243,ZONE-0014
OTA-003244,ZONE-0015
OTA-003245,ZONE-0015
OTA-003246,ZONE-0015
OTA-003247,ZONE-0014
OTA-003248,ZONE-0015
OTA-003249,ZONE-0014
OTA-003250,ZONE-0015
OTA-003251,ZONE-0014
OTA-003252,ZONE-0015
OTA-003253,ZONE-0014
OTA-003254,ZONE-0014
OTA-003255,ZONE-0014
OTA-003256,ZONE-0014
OTA-003257,ZONE-0015
OTA-003258,ZONE-0015
OTA-003259,ZONE-0015
OTA-003260,ZONE-0015
OTA-003261,ZONE-0015
OTA-003262,ZONE-0015
OTA-003263,ZONE-0014
OTA-003264,ZONE-0014
OTA-003265,ZONE-0014
OTA-003266,ZONE-0015
OTA-003267,ZONE-0014
OTA-003268,ZONE-0014
OTA-003269,ZONE-0015
OTA-003270,ZONE-0015
OTA-003271,ZONE-0014
OTA-003272,ZONE-0015
OTA-003273,ZONE-0014
OTA-003274,ZONE-0014
OTA-003275,ZONE-0015
OTA-003276,ZONE-0014
OTA-003277,ZONE-0014
OTA-003278,ZONE-0015
OTA-003279,ZONE-0015
OTA-003280,ZONE-0014
OTA-003281,ZONE-0014
OTA-003282,ZONE-0015
OTA-003283,ZONE-0014
OTA-003284,ZONE-0015
OTA-003285,ZONE-0014
OTA-003286,ZONE-0015
OTA-003287,ZONE-0015
OTA-003288,ZONE-0014
OTA-003289,ZONE-0015
OTA-003290,ZONE-0015
OTA-003291,ZONE-0014
OTA-003292,ZONE-0014
OTA-003293,ZONE-0014
OTA-003294,ZONE-0014
OTA-003295,ZONE-0015
OTA-003296,ZONE-0015
OTA-003297,ZONE-0015
OTA-003298,ZONE-0014
OTA-003299,ZONE-0014
OTA-003300,ZONE-0014
OTA-003301,ZONE-0015
OTA-003302,ZONE-0015
OTA-003303,ZONE-0015
OTA-003304,ZONE-0015
OTA-003305,ZONE-0015
OTA-003306,ZONE-0014
OTA-003307,ZONE-0015
OTA-003308,ZONE-0015
OTA-003309,ZONE-0014
OTA-003310,ZONE-0015
OTA-003311,ZONE-0015
OTA-003312,ZONE-0014
OTA-003313,ZONE-0014
OTA-003314,ZONE-0014
OTA-003315,ZONE-0014
OTA-003316,ZONE-0015
OTA-003317,ZONE-0015
OTA-003318,ZONE-0014
OTA-003319,ZONE-0015
OTA-003320,ZONE-0014
OTA-003321,ZONE-0014
OTA-003322,ZONE-0015
OTA-003323,ZONE-0015
OTA-003324,ZONE-0015
OTA-003325,ZONE-0015
OTA-003326,ZONE-0014
OTA-003327,ZONE-0014
OTA-003328,ZONE-0014
OTA-003329,ZONE-0015
OTA-003330,ZONE-0015
OTA-003331,ZONE-0015
OTA-003332,ZONE-0014
OTA-003333,ZONE-0015
OTA-003334,ZONE-0015
OTA-003335,ZONE-0014
OTA-003336,ZONE-0015
OTA-003337,ZONE-0014
OTA-003338,ZONE-0014
OTA-003339,ZONE-0015
OTA-003340,ZONE-0014
OTA-003341,ZONE-0014
OTA-003342,ZONE-0015
OTA-003343,ZONE-0014
OTA-003344,ZONE-0014
OTA-003345,ZONE-0015
OTA-003346,ZONE-0014
OTA-003347,ZONE-0015
OTA-003348,ZONE-0014
OTA-003349,ZONE-0014
OTA-003350,ZONE-0015
OTA-003351,ZONE-0015
OTA-003352,ZONE-0014
OTA-003353,ZONE-0014
OTA-003354,ZONE-0014
OTA-003355,ZONE-0015
OTA-003356,ZONE-0014
OTA-003357,ZONE-0015
OTA-003358,ZONE-0014
OTA-003359,ZONE-0015
OTA-003360,ZONE-0014
OTA-003361,ZONE-0015
OTA-003362,ZONE-0015
OTA-003363,ZONE-0015
OTA-003364,ZONE-0014
OTA-003365,ZONE-0014
OTA-003366,ZONE-0014
OTA-003367,ZONE-0014
OTA-003368,ZONE-0015
OTA-003369,ZONE-0015
OTA-003370,ZONE-0014
OTA-003371,ZONE-0015
OTA-003372,ZONE-0014
OTA-003373,ZONE-0014
OTA-003374,ZONE-0014
OTA-003375,ZONE-0014
OTA-003376,ZONE-0015
OTA-003377,ZONE-0014
OTA-003378,ZONE-0015
OTA-003379,ZONE-0014
OTA-003380,ZONE-0015
OTA-003381,ZONE-0014
OTA-003382,ZONE-0014
OTA-003383,ZONE-0015
OTA-003384,ZONE-0014
OTA-003385,ZONE-0014
OTA-003386,ZONE-0015
OTA-003387,ZONE-0015
OTA-003388,ZONE-0015
OTA-003389,ZONE-0015
OTA-003390,ZONE-0015
OTA-003391,ZONE-0015
OTA-003392,ZONE-0015
OTA-003393,ZONE-0014
OTA-003394,ZONE-0015
OTA-003395,ZONE-0014
OTA-003396,ZONE-0014
OTA-003397,ZONE-0014
OTA-003398,ZONE-0014
OTA-003399,ZONE-0014
OTA-003400,ZONE-0015
OTA-003401,ZONE-0014
OTA-003402,ZONE-0014
OTA-003403,ZONE-0014
OTA-003404,ZONE-0015
OTA-003405,ZONE-0015
OTA-003406,ZONE-0014
OTA-003407,ZONE-0015
OTA-003408,ZONE-0015
OTA-003409,ZONE-0014
OTA-003410,ZONE-0015
OTA-003411,ZONE-0015
OTA-003412,ZONE-0015
OTA-003413,ZONE-0014
OTA-003414,ZONE-0015
OTA-003415,ZONE-0014
OTA-003416,ZONE-0014
OTA-003417,ZONE-0015
OTA-003418,ZONE-0014
OTA-003419,ZONE-0014
OTA-003420,ZONE-0015
OTA-003421,ZONE-0015
OTA-003422,ZONE-0015
OTA-003423,ZONE-0014
OTA-003424,ZONE-0014
OTA-003425,ZONE-0015
OTA-003426,ZONE-0014
OTA-003427,ZONE-0015
OTA-003428,ZONE-0014
OTA-003429,ZONE-0014
OTA-003430,ZONE-0015
OTA-003431,ZONE-0015
OTA-003432,ZONE-0015
OTA-003433,ZONE-0015
OTA-003434,ZONE-0015
OTA-003435,ZONE-0015
OTA-003436,ZONE-0015
OTA-003437,ZONE-0015
OTA-003438,ZONE-0014
OTA-003439,ZONE-0015
OTA-003440,ZONE-0015
OTA-003441,ZONE-0015
OTA-003442,ZONE-0014
OTA-003443,ZONE-0014
OTA-003444,ZONE-0014
OTA-003445,ZONE-0014
OTA-003446,ZONE-0015
OTA-003447,ZONE-0014
OTA-003448,ZONE-0014
OTA-003449,ZONE-0014
OTA-003450,ZONE-0014
OTA-003451,ZONE-0015
OTA-003452,ZONE-0015
OTA-003453,ZONE-0014
OTA-003454,ZONE-0015
OTA-003455,ZONE-0015
OTA-003456,ZONE-0015
OTA-003457,ZONE-0015
OTA-003458,ZONE-0015
OTA-003459,ZONE-0014
OTA-003460,ZONE-0015
OTA-003461,ZONE-0015
OTA-003462,ZONE-0015
OTA-003463,ZONE-0015
OTA-003464,ZONE-0015
OTA-003465,ZONE-0015
OTA-003466,ZONE-0015
OTA-003467,ZONE-0015
OTA-003468,ZONE-0014
OTA-003469,ZONE-0014
OTA-003470,ZONE-0014
OTA-003471,ZONE-0014
OTA-003472,ZONE-0014
OTA-003473,ZONE-0014
OTA-003474,ZONE-0014
OTA-003475,ZONE-0015
OTA-003476,ZONE-0014
OTA-003477,ZONE-0015
OTA-003478,ZONE-0014
OTA-003479,ZONE-0015
OTA-003480,ZONE-0014
OTA-003481,ZONE-0015
OTA-003482,ZONE-0014
OTA-003483,ZONE-0014
OTA-003484,ZONE-0015
OTA-003485,ZONE-0015
OTA-003486,ZONE-0014
OTA-003487,ZONE-0014
OTA-003488,ZONE-0014
OTA-003489,ZONE-0015
OTA-003490,ZONE-0014
OTA-003491,ZONE-0014
OTA-003492,ZONE-0014
OTA-003493,ZONE-0015
OTA-003494,ZONE-0015
OTA-003495,ZONE-0015
OTA-003496,ZONE-0014
OTA-003497,ZONE-0015
OTA-003498,ZONE-0015
OTA-003499,ZONE-0014
OTA-003500,ZONE-0015
OTA-003501,ZONE-0015
OTA-003502,ZONE-0015
OTA-003503,ZONE-0015
OTA-003504,ZONE-0014
OTA-003505,ZONE-0015
OTA-003506,ZONE-0014
OTA-003507,ZONE-0015
OTA-003508,ZONE-0014
OTA-003509,ZONE-0014
OTA-003510,ZONE-0015
OTA-003511,ZONE-0014
OTA-003512,ZONE-0015
OTA-003513,ZONE-0015
OTA-003514,ZONE-0014
OTA-003515,ZONE-0015
OTA-003516,ZONE-0015
OTA-003517,ZONE-0015
OTA-003518,ZONE-0015
OTA-003519,ZONE-0014
OTA-003520,ZONE-0014
OTA-003521,ZONE-0015
OTA-003522,ZONE-0015
OTA-003523,ZONE-0014
OTA-003524,ZONE-0015
OTA-003525,ZONE-0015
OTA-003526,ZONE-0015
OTA-003527,ZONE-0014
OTA-003528,ZONE-0015
OTA-003529,ZONE-0015
OTA-003530,ZONE-0019
OTA-003531,ZONE-0019
OTA-003532,ZONE-0020
OTA-003533,ZONE-0019
OTA-003534,ZONE-0020
OTA-003535,ZONE-0019
OTA-003536,ZONE-0020
OTA-003537,ZONE-0020
OTA-003538,ZONE-0019
OTA-003539,ZONE-0020
OTA-003540,ZONE-0020
OTA-003541,ZONE-0020
OTA-003542,ZONE-0020
OTA-003543,ZONE-0019
OTA-003544,ZONE-0020
OTA-003545,ZONE-0020
OTA-003546,ZONE-0020
OTA-003547,ZONE-0019
OTA-003548,ZONE-0019
OTA-003549,ZONE-0020
OTA-003550,ZONE-0020
OTA-003551,ZONE-0020
OTA-003552,ZONE-0020
OTA-003553,ZONE-0019
OTA-003554,ZONE-0020
OTA-003555,ZONE-0020
OTA-003556,ZONE-0020
OTA-003557,ZONE-0019
OTA-003558,ZONE-0020
OTA-003559,ZONE-0019
OTA-003560,ZONE-0020
OTA-003561,ZONE-0019
OTA-003562,ZONE-0020
OTA-003563,ZONE-0020
OTA-003564,ZONE-0019
OTA-003565,ZONE-0020
OTA-003566,ZONE-0020
OTA-003567,ZONE-0019
OTA-003568,ZONE-0020
OTA-003569,ZONE-0019
OTA-003570,ZONE-0019
OTA-003571,ZONE-0019
OTA-003572,ZONE-0019
OTA-003573,ZONE-0019
OTA-003574,ZONE-0020
OTA-003575,ZONE-0019
OTA-003576,ZONE-0020
OTA-003577,ZONE-0019
OTA-003578,ZONE-0019
OTA-003579,ZONE-0019
OTA-003580,ZONE-0020
OTA-003581,ZONE-0020
OTA-003582,ZONE-0019
OTA-003583,ZONE-0020
OTA-003584,ZONE-0019
OTA-003585,ZONE-0020
OTA-003586,ZONE-0020
OTA-003587,ZONE-0020
OTA-003588,ZONE-0019
OTA-003589,ZONE-0020
OTA-003590,ZONE-0020
OTA-003591,ZONE-0019
OTA-003592,ZONE-0019
OTA-003593,ZONE-0019
OTA-003594,ZONE-0019
OTA-003595,ZONE-0019
OTA-003596,ZONE-0020
OTA-003597,ZONE-0020
OTA-003598,ZONE-0019
OTA-003599,ZONE-0020
OTA-003600,ZONE-0020
OTA-003601,ZONE-0019
OTA-003602,ZONE-0019
OTA-003603,ZONE-0019
OTA-003604,ZONE-0019
OTA-003605,ZONE-0019
OTA-003606,ZONE-0019
OTA-003607,ZONE-0020
OTA-003608,ZONE-0019
OTA-003609,ZONE-0019
OTA-003610,ZONE-0020
OTA-003611,ZONE-0020
OTA-003612,ZONE-0019
OTA-003613,ZONE-0020
OTA-003614,ZONE-0020
OTA-003615,ZONE-0020
OTA-003616,ZONE-0019
OTA-003617,ZONE-0020
OTA-003618,ZONE-0020
OTA-003619,ZONE-0020
OTA-003620,ZONE-0020
OTA-003621,ZONE-0019
OTA-003622,ZONE-0019
OTA-003623,ZONE-0020
OTA-003624,ZONE-0019
OTA-003625,ZONE-0020
OTA-003626,ZONE-0019
OTA-003627,ZONE-0020
OTA-003628,ZONE-0020
OTA-003629,ZONE-0020
OTA-003630,ZONE-0019
OTA-003631,ZONE-0019
OTA-003632,ZONE-0020
OTA-003633,ZONE-0019
OTA-003634,ZONE-0020
OTA-003635,ZONE-0020
OTA-003636,ZONE-0019
OTA-003637,ZONE-0019
OTA-003638,ZONE-0019
OTA-003639,ZONE-0019
OTA-003640,ZONE-0020
OTA-003641,ZONE-0020
OTA-003642,ZONE-0019
OTA-003643,ZONE-0020
OTA-003644,ZONE-0019
OTA-003645,ZONE-0019
OTA-003646,ZONE-0020
OTA-003647,ZONE-0019
OTA-003648,ZONE-0019
OTA-003649,ZONE-0020
OTA-003650,ZONE-0019
OTA-003651,ZONE-0019
OTA-003652,ZONE-0019
OTA-003653,ZONE-0019
OTA-003654,ZONE-0019
OTA-003655,ZONE-0019
OTA-003656,ZONE-0019
OTA-003657,ZONE-0020
OTA-003658,ZONE-0020
OTA-003659,ZONE-0019
OTA-003660,ZONE-0020
OTA-003661,ZONE-0020
OTA-003662,ZONE-0019
OTA-003663,ZONE-0019
OTA-003664,ZONE-0019
OTA-003665,ZONE-0020
OTA-003666,ZONE-0020
OTA-003667,ZONE-0019
OTA-003668,ZONE-0019
OTA-003669,ZONE-0019
OTA-003670,ZONE-0020
OTA-003671,ZONE-0020
OTA-003672,ZONE-0020
OTA-003673,ZONE-0020
OTA-003674,ZONE-0020
OTA-003675,ZONE-0020
OTA-003676,ZONE-0019
OTA-003677,ZONE-0019
OTA-003678,ZONE-0019
OTA-003679,ZONE-0020
OTA-003680,ZONE-0019
OTA-003681,ZONE-0020
OTA-003682,ZONE-0019
OTA-003683,ZONE-0020
OTA-003684,ZONE-0019
OTA-003685,ZONE-0019
OTA-003686,ZONE-0020
OTA-003687,ZONE-0019
OTA-003688,ZONE-0020
OTA-003689,ZONE-0020
OTA-003690,ZONE-0020
OTA-003691,ZONE-0019
OTA-003692,ZONE-0020
OTA-003693,ZONE-0019
OTA-003694,ZONE-0019
OTA-003695,ZONE-0020
OTA-003696,ZONE-0019
OTA-003697,ZONE-0019
OTA-003698,ZONE-0019
OTA-003699,ZONE-0020
OTA-003700,ZONE-0019
OTA-003701,ZONE-0019
OTA-003702,ZONE-0019
OTA-003703,ZONE-0020
OTA-003704,ZONE-0020
OTA-003705,ZONE-0020
OTA-003706,ZONE-0020
OTA-003707,ZONE-0019
OTA-003708,ZONE-0020
OTA-003709,ZONE-0020
OTA-003710,ZONE-0020
OTA-003711,ZONE-0020
OTA-003712,ZONE-0019
OTA-003713,ZONE-0020
OTA-003714,ZONE-0020
OTA-003715,ZONE-0020
OTA-003716,ZONE-0019
OTA-003717,ZONE-0019
OTA-003718,ZONE-0020
OTA-003719,ZONE-0020
OTA-003720,ZONE-0019
OTA-003721,ZONE-0019
OTA-003722,ZONE-0020
OTA-003723,ZONE-0020
OTA-003724,ZONE-0019
OTA-003725,ZONE-0019
OTA-003726,ZONE-0019
OTA-003727,ZONE-0019
OTA-003728,ZONE-0020
OTA-003729,ZONE-0020
OTA-003730,ZONE-0019
OTA-003731,ZONE-0020
OTA-003732,ZONE-0020
OTA-003733,ZONE-0019
OTA-003734,ZONE-0020
OTA-003735,ZONE-0020
OTA-003736,ZONE-0019
OTA-003737,ZONE-0020
OTA-003738,ZONE-0020
OTA-003739,ZONE-0020
OTA-003740,ZONE-0020
OTA-003741,ZONE-0019
OTA-003742,ZONE-0019
OTA-003743,ZONE-0019
OTA-003744,ZONE-0019
OTA-003745,ZONE-0020
OTA-003746,ZONE-0019
OTA-003747,ZONE-0019
OTA-003748,ZONE-0019
OTA-003749,ZONE-0020
OTA-003750,ZONE-0020
OTA-003751,ZONE-0019
OTA-003752,ZONE-0019
OTA-003753,ZONE-0019
OTA-003754,ZONE-0020
OTA-003755,ZONE-0019
OTA-003756,ZONE-0020
OTA-003757,ZONE-0019
OTA-003758,ZONE-0020
OTA-003759,ZONE-0020
OTA-003760,ZONE-0019
OTA-003761,ZONE-0020
OTA-003762,ZONE-0020
OTA-003763,ZONE-0019
OTA-003764,ZONE-0019
OTA-003765,ZONE-0020
OTA-003766,ZONE-0020
OTA-003767,ZONE-0019
OTA-003768,ZONE-0020
OTA-003769,ZONE-0019
OTA-003770,ZONE-0020
OTA-003771,ZONE-0020
OTA-003772,ZONE-0020
OTA-003773,ZONE-0020
OTA-003774,ZONE-0020
OTA-003775,ZONE-0020
OTA-003776,ZONE-0020
OTA-003777,ZONE-0020
OTA-003778,ZONE-0019
OTA-003779,ZONE-0019
OTA-003780,ZONE-0020
OTA-003781,ZONE-0019
OTA-003782,ZONE-0019
OTA-003783,ZONE-0019
OTA-003784,ZONE-0020
OTA-003785,ZONE-0020
OTA-003786,ZONE-0019
OTA-003787,ZONE-0019
OTA-003788,ZONE-0020
OTA-003789,ZONE-0020
OTA-003790,ZONE-0020
OTA-003791,ZONE-0020
OTA-003792,ZONE-0019
OTA-003793,ZONE-0019
OTA-003794,ZONE-0020
OTA-003795,ZONE-0020
OTA-003796,ZONE-0020
OTA-003797,ZONE-0020
OTA-003798,ZONE-0020
OTA-003799,ZONE-0020
OTA-003800,ZONE-0019
OTA-003801,ZONE-0020
OTA-003802,ZONE-0020
OTA-003803,ZONE-0019
OTA-003804,ZONE-0020
OTA-003805,ZONE-0019
OTA-003806,ZONE-0020
OTA-003807,ZONE-0019
OTA-003808,ZONE-0019
OTA-003809,ZONE-0020
OTA-003810,ZONE-0019
OTA-003811,ZONE-0019
OTA-003812,ZONE-0019
OTA-003813,ZONE-0020
OTA-003814,ZONE-0020
OTA-003815,ZONE-0019
OTA-003816,ZONE-0020
OTA-003817,ZONE-0020
OTA-003818,ZONE-0020
OTA-003819,ZONE-0019
OTA-003820,ZONE-0019
OTA-003821,ZONE-0019
OTA-003822,ZONE-0020
OTA-003823,ZONE-0019
OTA-003824,ZONE-0020
OTA-003825,ZONE-0019
OTA-003826,ZONE-0019
OTA-003827,ZONE-0020
OTA-003828,ZONE-0020
OTA-003829,ZONE-0020
OTA-003830,ZONE-0019
OTA-003831,ZONE-0020
OTA-003832,ZONE-0019
OTA-003833,ZONE-0020
OTA-003834,ZONE-0020
OTA-003835,ZONE-0019
OTA-003836,ZONE-0020
OTA-003837,ZONE-0019
OTA-003838,ZONE-0020
OTA-003839,ZONE-0020
OTA-003840,ZONE-0020
OTA-003841,ZONE-0020
OTA-003842,ZONE-0019
OTA-003843,ZONE-0019
OTA-003844,ZONE-0019
OTA-003845,ZONE-0020
OTA-003846,ZONE-0020
OTA-003847,ZONE-0019
OTA-003848,ZONE-0019
OTA-003849,ZONE-0020
OTA-003850,ZONE-0019
OTA-003851,ZONE-0020
OTA-003852,ZONE-0020
OTA-003853,ZONE-0020
OTA-003854,ZONE-0019
OTA-003855,ZONE-0019
OTA-003856,ZONE-0020
OTA-003857,ZONE-0020
OTA-003858,ZONE-0020
OTA-003859,ZONE-0019
OTA-003860,ZONE-0020
OTA-003861,ZONE-0019
OTA-003862,ZONE-0020
OTA-003863,ZONE-0020
OTA-003864,ZONE-0020
OTA-003865,ZONE-0020
OTA-003866,ZONE-0019
OTA-003867,ZONE-0020
OTA-003868,ZONE-0019
OTA-003869,ZONE-0019
OTA-003870,ZONE-0020
OTA-003871,ZONE-0020
OTA-003872,ZONE-0020
OTA-003873,ZONE-0020
OTA-003874,ZONE-0020
OTA-003875,ZONE-0020
OTA-003876,ZONE-0019
OTA-003877,ZONE-0019
OTA-003878,ZONE-0020
OTA-003879,ZONE-0020
OTA-003880,ZONE-0020
OTA-003881,ZONE-0019
OTA-003882,ZONE-0019
OTA-003883,ZONE-0019
OTA-003884,ZONE-0019
OTA-003885,ZONE-0019
OTA-003886,ZONE-0020
OTA-003887,ZONE-0020
OTA-003888,ZONE-0019
OTA-003889,ZONE-0019
OTA-003890,ZONE-0020
OTA-003891,ZONE-0020
OTA-003892,ZONE-0019
OTA-003893,ZONE-0019
OTA-003894,ZONE-0020
OTA-003895,ZONE-0020
OTA-003896,ZONE-0020
OTA-003897,ZONE-0020
OTA-003898,ZONE-0019
OTA-003899,ZONE-0020
OTA-003900,ZONE-0020
OTA-003901,ZONE-0019
OTA-003902,ZONE-0020
OTA-003903,ZONE-0020
OTA-003904,ZONE-0020
OTA-003905,ZONE-0019
OTA-003906,ZONE-0019
OTA-003907,ZONE-0019
OTA-003908,ZONE-0019
OTA-003909,ZONE-0019
OTA-003910,ZONE-0020
OTA-003911,ZONE-0020
OTA-003912,ZONE-0019
OTA-003913,ZONE-0020
OTA-003914,ZONE-0019
OTA-003915,ZONE-0019
OTA-003916,ZONE-0019
OTA-003917,ZONE-0019
OTA-003918,ZONE-0020
OTA-003919,ZONE-0020
OTA-003920,ZONE-0019
OTA-003921,ZONE-0019
OTA-003922,ZONE-0020
OTA-003923,ZONE-0020
OTA-003924,ZONE-0020
OTA-003925,ZONE-0020
OTA-003926,ZONE-0020
OTA-003927,ZONE-0020
OTA-003928,ZONE-0019
OTA-003929,ZONE-0019
OTA-003930,ZONE-0020
OTA-003931,ZONE-0019
OTA-003932,ZONE-0019
OTA-003933,ZONE-0020
OTA-003934,ZONE-0019
OTA-003935,ZONE-0019
OTA-003936,ZONE-0020
OTA-003937,ZONE-0020
OTA-003938,ZONE-0020
OTA-003939,ZONE-0019
OTA-003940,ZONE-0019
OTA-003941,ZONE-0020
OTA-003942,ZONE-0020
OTA-003943,ZONE-0020
OTA-003944,ZONE-0020
OTA-003945,ZONE-0020
OTA-003946,ZONE-0020
OTA-003947,ZONE-0020
OTA-003948,ZONE-0019
OTA-003949,ZONE-0020
OTA-003950,ZONE-0020
OTA-003951,ZONE-0020
OTA-003952,ZONE-0019
OTA-003953,ZONE-0019
OTA-003954,ZONE-0020
OTA-003955,ZONE-0020
OTA-003956,ZONE-0020
OTA-003957,ZONE-0019
OTA-003958,ZONE-0019
OTA-003959,ZONE-0020
OTA-003960,ZONE-0020
OTA-003961,ZONE-0020
OTA-003962,ZONE-0019
OTA-003963,ZONE-0019
OTA-003964,ZONE-0019
OTA-003965,ZONE-0020
OTA-003966,ZONE-0020
OTA-003967,ZONE-0019
OTA-003968,ZONE-0019
OTA-003969,ZONE-0020
OTA-003970,ZONE-0020
OTA-003971,ZONE-0020
OTA-003972,ZONE-0020
OTA-003973,ZONE-0020
OTA-003974,ZONE-0019
OTA-003975,ZONE-0020
OTA-003976,ZONE-0019
OTA-003977,ZONE-0020
OTA-003978,ZONE-0020
OTA-003979,ZONE-0019
OTA-003980,ZONE-0019
OTA-003981,ZONE-0020
OTA-003982,ZONE-0020
OTA-003983,ZONE-0020
OTA-003984,ZONE-0020
OTA-003985,ZONE-0019
OTA-003986,ZONE-0020
OTA-003987,ZONE-0020
OTA-003988,ZONE-0019
OTA-003989,ZONE-0020
OTA-003990,ZONE-0019
OTA-003991,ZONE-0019
OTA-003992,ZONE-0019
OTA-003993,ZONE-0019
OTA-003994,ZONE-0019
OTA-003995,ZONE-0020
OTA-003996,ZONE-0020
OTA-003997,ZONE-0020
OTA-003998,ZONE-0020
OTA-003999,ZONE-0019
OTA-004000,ZONE-0020
OTA-004001,ZONE-0020
OTA-004002,ZONE-0020
OTA-004003,ZONE-0020
OTA-004004,ZONE-0019
OTA-004005,ZONE-0020
OTA-004006,ZONE-0020
OTA-004007,ZONE-0020
OTA-004008,ZONE-0020
OTA-004009,ZONE-0019
OTA-004010,ZONE-0019
OTA-004011,ZONE-0019
OTA-004012,ZONE-0020
OTA-004013,ZONE-0019
OTA-004014,ZONE-0020
OTA-004015,ZONE-0020
OTA-004016,ZONE-0020
OTA-004017,ZONE-0020
OTA-004018,ZONE-0020
OTA-004019,ZONE-0020
OTA-004020,ZONE-0020
OTA-004021,ZONE-0019
OTA-004022,ZONE-0020
OTA-004023,ZONE-0020
OTA-004024,ZONE-0019
OTA-004025,ZONE-0020
OTA-004026,ZONE-0019
OTA-004027,ZONE-0020
OTA-004028,ZONE-0020
OTA-004029,ZONE-0020
OTA-004030,ZONE-0020
OTA-004031,ZONE-0019
OTA-004032,ZONE-0019
OTA-004033,ZONE-0019
OTA-004034,ZONE-0019
OTA-004035,ZONE-0019
OTA-004036,ZONE-0019
OTA-004037,ZONE-0020
OTA-004038,ZONE-0020
OTA-004039,ZONE-0019
OTA-004040,ZONE-0020
OTA-004041,ZONE-0019
OTA-004042,ZONE-0019
OTA-004043,ZONE-0020
OTA-004044,ZONE-0019
OTA-004045,ZONE-0019
OTA-004046,ZONE-0020
OTA-004047,ZONE-0020
OTA-004048,ZONE-0020
OTA-004049,ZONE-0019
OTA-004050,ZONE-0020
OTA-004051,ZONE-0019
OTA-004052,ZONE-0019
OTA-004053,ZONE-0019
OTA-004054,ZONE-0019
OTA-004055,ZONE-0020
OTA-004056,ZONE-0019
OTA-004057,ZONE-0019
OTA-004058,ZONE-0020
OTA-004059,ZONE-0019
OTA-004060,ZONE-0020
OTA-004061,ZONE-0020
OTA-004062,ZONE-0019
OTA-004063,ZONE-0020
OTA-004064,ZONE-0020
OTA-004065,ZONE-0019
OTA-004066,ZONE-0020
OTA-004067,ZONE-0020
OTA-004068,ZONE-0020
OTA-004069,ZONE-0020
OTA-004070,ZONE-0020
OTA-004071,ZONE-0019
OTA-004072,ZONE-0020
OTA-004073,ZONE-0020
OTA-004074,ZONE-0020
OTA-004075,ZONE-0020
OTA-004076,ZONE-0019
OTA-004077,ZONE-0019
OTA-004078,ZONE-0020
OTA-004079,ZONE-0020
OTA-004080,ZONE-0019
OTA-004081,ZONE-0020
OTA-004082,ZONE-0020
OTA-004083,ZONE-0019
OTA-004084,ZONE-0020
OTA-004085,ZONE-0019
OTA-004086,ZONE-0020
OTA-004087,ZONE-0019
OTA-004088,ZONE-0020
OTA-004089,ZONE-0019
OTA-004090,ZONE-0019
OTA-004091,ZONE-0020
OTA-004092,ZONE-0019
OTA-004093,ZONE-0019
OTA-004094,ZONE-0020
OTA-004095,ZONE-0019
OTA-004096,ZONE-0019
OTA-004097,ZONE-0020
OTA-004098,ZONE-0019
OTA-004099,ZONE-0019
OTA-004100,ZONE-0019
OTA-004101,ZONE-0020
OTA-004102,ZONE-0019
OTA-004103,ZONE-0020
OTA-004104,ZONE-0019
OTA-004105,ZONE-0019
OTA-004106,ZONE-0019
OTA-004107,ZONE-0019
OTA-004108,ZONE-0020
OTA-004109,ZONE-0020
OTA-004110,ZONE-0020
OTA-004111,ZONE-0020
OTA-004112,ZONE-0019
OTA-004113,ZONE-0020
OTA-004114,ZONE-0020
OTA-004115,ZONE-0019
OTA-004116,ZONE-0019
OTA-004117,ZONE-0019
OTA-004118,ZONE-0020
OTA-004119,ZONE-0020
OTA-004120,ZONE-0020
OTA-004121,ZONE-0020
OTA-004122,ZONE-0020
OTA-004123,ZONE-0020
OTA-004124,ZONE-0020
OTA-004125,ZONE-0020
OTA-004126,ZONE-0019
OTA-004127,ZONE-0019
OTA-004128,ZONE-0019
OTA-004129,ZONE-0020
OTA-004130,ZONE-0019
OTA-004131,ZONE-0019
OTA-004132,ZONE-0020
OTA-004133,ZONE-0020
OTA-004134,ZONE-0019
OTA-004135,ZONE-0020
OTA-004136,ZONE-0019
OTA-004137,ZONE-0020
OTA-004138,ZONE-0019
OTA-004139,ZONE-0020
OTA-004140,ZONE-0019
OTA-004141,ZONE-0019
OTA-004142,ZONE-0019
OTA-004143,ZONE-0019
OTA-004144,ZONE-0020
OTA-004145,ZONE-0019
OTA-004146,ZONE-0020
OTA-004147,ZONE-0019
OTA-004148,ZONE-0020
OTA-004149,ZONE-0019
OTA-004150,ZONE-0020
OTA-004151,ZONE-0019
OTA-004152,ZONE-0020
OTA-004153,ZONE-0019
OTA-004154,ZONE-0020
OTA-004155,ZONE-0020
OTA-004156,ZONE-0019
OTA-004157,ZONE-0020
OTA-004158,ZONE-0019
OTA-004159,ZONE-0019
OTA-004160,ZONE-0020
OTA-004161,ZONE-0020
OTA-004162,ZONE-0019
OTA-004163,ZONE-0019
OTA-004164,ZONE-0019
OTA-004165,ZONE-0019
OTA-004166,ZONE-0019
OTA-004167,ZONE-0020
OTA-004168,ZONE-0019
OTA-004169,ZONE-0019
OTA-004170,ZONE-0020
OTA-004171,ZONE-0020
OTA-004172,ZONE-0020
OTA-004173,ZONE-0020
OTA-004174,ZONE-0020
OTA-004175,ZONE-0019
OTA-004176,ZONE-0020
OTA-004177,ZONE-0019
OTA-004178,ZONE-0019
OTA-004179,ZONE-0020
OTA-004180,ZONE-0019
OTA-004181,ZONE-0020
OTA-004182,ZONE-0020
OTA-004183,ZONE-0020
OTA-004184,ZONE-0019
OTA-004185,ZONE-0020
OTA-004186,ZONE-0019
OTA-004187,ZONE-0020
OTA-004188,ZONE-0019
OTA-004189,ZONE-0019
OTA-004190,ZONE-0019
OTA-004191,ZONE-0020
OTA-004192,ZONE-0019
OTA-004193,ZONE-0020
OTA-004194,ZONE-0020
OTA-004195,ZONE-0019
OTA-004196,ZONE-0019
OTA-004197,ZONE-0020
OTA-004198,ZONE-0020
OTA-004199,ZONE-0020
OTA-004200,ZONE-0020
OTA-004201,ZONE-0019
OTA-004202,ZONE-0020
OTA-004203,ZONE-0019
OTA-004204,ZONE-0020
OTA-004205,ZONE-0020
OTA-004206,ZONE-0019
OTA-004207,ZONE-0019
OTA-004208,ZONE-0020
OTA-004209,ZONE-0020
OTA-004210,ZONE-0020
OTA-004211,ZONE-0020
OTA-004212,ZONE-0019
OTA-004213,ZONE-0020
OTA-004214,ZONE-0019
OTA-004215,ZONE-0019
OTA-004216,ZONE-0019
OTA-004217,ZONE-0019
OTA-004218,ZONE-0019
OTA-004219,ZONE-0020
OTA-004220,ZONE-0020
OTA-004221,ZONE-0020
OTA-004222,ZONE-0020
OTA-004223,ZONE-0020
OTA-004224,ZONE-0020
OTA-004225,ZONE-0019
OTA-004226,ZONE-0019
OTA-004227,ZONE-0020
OTA-004228,ZONE-0019
OTA-004229,ZONE-0020
OTA-004230,ZONE-0020
OTA-004231,ZONE-0020
OTA-004232,ZONE-0020
OTA-004233,ZONE-0019
OTA-004234,ZONE-0019
OTA-004235,ZONE-0020
OTA-004236,ZONE-0019
OTA-004237,ZONE-0020
OTA-004238,ZONE-0020
OTA-004239,ZONE-0019
OTA-004240,ZONE-0019
OTA-004241,ZONE-0019
OTA-004242,ZONE-0020
OTA-004243,ZONE-0019
OTA-004244,ZONE-0020
OTA-004245,ZONE-0020
OTA-004246,ZONE-0020
OTA-004247,ZONE-0020
OTA-004248,ZONE-0020
OTA-004249,ZONE-0020
OTA-004250,ZONE-0019
OTA-004251,ZONE-0019
OTA-004252,ZONE-0019
OTA-004253,ZONE-0019
OTA-004254,ZONE-0020
OTA-004255,ZONE-0020
OTA-004256,ZONE-0020
OTA-004257,ZONE-0020
OTA-004258,ZONE-0020
OTA-004259,ZONE-0019
OTA-004260,ZONE-0020
OTA-004261,ZONE-0019
OTA-004262,ZONE-0025
OTA-004263,ZONE-0025
OTA-004264,ZONE-0025
OTA-004265,ZONE-0024
OTA-004266,ZONE-0024
OTA-004267,ZONE-0025
OTA-004268,ZONE-0025
OTA-004269,ZONE-0025
OTA-004270,ZONE-0024
OTA-004271,ZONE-0025
OTA-004272,ZONE-0024
OTA-004273,ZONE-0024
OTA-004274,ZONE-0025
OTA-004275,ZONE-0025
OTA-004276,ZONE-0025
OTA-004277,ZONE-0024
OTA-004278,ZONE-0025
OTA-004279,ZONE-0025
OTA-004280,ZONE-0025
OTA-004281,ZONE-0024
OTA-004282,ZONE-0024
OTA-004283,ZONE-0024
OTA-004284,ZONE-0025
OTA-004285,ZONE-0024
OTA-004286,ZONE-0025
OTA-004287,ZONE-0024
OTA-004288,ZONE-0024
OTA-004289,ZONE-0024
OTA-004290,ZONE-0025
OTA-004291,ZONE-0024
OTA-004292,ZONE-0024
OTA-004293,ZONE-0025
OTA-004294,ZONE-0024
OTA-004295,ZONE-0025
OTA-004296,ZONE-0024
OTA-004297,ZONE-0025
OTA-004298,ZONE-0025
OTA-004299,ZONE-0024
OTA-004300,ZONE-0025
OTA-004301,ZONE-0024
OTA-004302,ZONE-0025
OTA-004303,ZONE-0024
OTA-004304,ZONE-0024
OTA-004305,ZONE-0024
OTA-004306,ZONE-0024
OTA-004307,ZONE-0025
OTA-004308,ZONE-0025
OTA-004309,ZONE-0024
OTA-004310,ZONE-0024
OTA-004311,ZONE-0024
OTA-004312,ZONE-0024
OTA-004313,ZONE-0024
OTA-004314,ZONE-0025
OTA-004315,ZONE-0024
OTA-004316,ZONE-0025
OTA-004317,ZONE-0024
OTA-004318,ZONE-0024
OTA-004319,ZONE-0025
OTA-004320,ZONE-0025
OTA-004321,ZONE-0024
OTA-004322,ZONE-0024
OTA-004323,ZONE-0025
OTA-004324,ZONE-0025
OTA-004325,ZONE-0024
OTA-004326,ZONE-0025
OTA-004327,ZONE-0024
OTA-004328,ZONE-0024
OTA-004329,ZONE-0025
OTA-004330,ZONE-0025
OTA-004331,ZONE-0024
OTA-004332,ZONE-0025
OTA-004333,ZONE-0025
OTA-004334,ZONE-0024
OTA-004335,ZONE-0025
OTA-004336,ZONE-0024
OTA-004337,ZONE-0024
OTA-004338,ZONE-0024
OTA-004339,ZONE-0024
OTA-004340,ZONE-0025
OTA-004341,ZONE-0025
OTA-004342,ZONE-0025
OTA-004343,ZONE-0025
OTA-004344,ZONE-0024
OTA-004345,ZONE-0025
OTA-004346,ZONE-0025
OTA-004347,ZONE-0025
OTA-004348,ZONE-0025
OTA-004349,ZONE-0024
OTA-004350,ZONE-0024
OTA-004351,ZONE-0024
OTA-004352,ZONE-0024
OTA-004353,ZONE-0025
OTA-004354,ZONE-0024
OTA-004355,ZONE-0025
OTA-004356,ZONE-0024
OTA-004357,ZONE-0025
OTA-004358,ZONE-0025
OTA-004359,ZONE-0025
OTA-004360,ZONE-0025
OTA-004361,ZONE-0024
OTA-004362,ZONE-0025
OTA-004363,ZONE-0025
OTA-004364,ZONE-0024
OTA-004365,ZONE-0025
OTA-004366,ZONE-0024
OTA-004367,ZONE-0025
OTA-004368,ZONE-0025
OTA-004369,ZONE-0024
OTA-004370,ZONE-0025
OTA-004371,ZONE-0024
OTA-004372,ZONE-0025
OTA-004373,ZONE-0025
OTA-004374,ZONE-0025
OTA-004375,ZONE-0025
OTA-004376,ZONE-0025
OTA-004377,ZONE-0025
OTA-004378,ZONE-0025
OTA-004379,ZONE-0025
OTA-004380,ZONE-0024
OTA-004381,ZONE-0024
OTA-004382,ZONE-0025
OTA-004383,ZONE-0024
OTA-004384,ZONE-0024
OTA-004385,ZONE-0025
OTA-004386,ZONE-0024
OTA-004387,ZONE-0025
OTA-004388,ZONE-0025
OTA-004389,ZONE-0025
OTA-004390,ZONE-0025
OTA-004391,ZONE-0025
OTA-004392,ZONE-0024
OTA-004393,ZONE-0025
OTA-004394,ZONE-0025
OTA-004395,ZONE-0025
OTA-004396,ZONE-0024
OTA-004397,ZONE-0025
OTA-004398,ZONE-0025
OTA-004399,ZONE-0025
OTA-004400,ZONE-0025
OTA-004401,ZONE-0025
OTA-004402,ZONE-0024
OTA-004403,ZONE-0024
OTA-004404,ZONE-0025
OTA-004405,ZONE-0024
OTA-004406,ZONE-0024
OTA-004407,ZONE-0025
OTA-004408,ZONE-0024
OTA-004409,ZONE-0024
OTA-004410,ZONE-0024
OTA-004411,ZONE-0024
OTA-004412,ZONE-0024
OTA-004413,ZONE-0024
OTA-004414,ZONE-0025
OTA-004415,ZONE-0024
OTA-004416,ZONE-0025
OTA-004417,ZONE-0025
OTA-004418,ZONE-0024
OTA-004419,ZONE-0025
OTA-004420,ZONE-0025
OTA-004421,ZONE-0025
OTA-004422,ZONE-0024
OTA-004423,ZONE-0024
OTA-004424,ZONE-0024
OTA-004425,ZONE-0024
OTA-004426,ZONE-0025
OTA-004427,ZONE-0025
OTA-004428,ZONE-0024
OTA-004429,ZONE-0024
OTA-004430,ZONE-0025
OTA-004431,ZONE-0025
OTA-004432,ZONE-0024
OTA-004433,ZONE-0025
OTA-004434,ZONE-0025
OTA-004435,ZONE-0024
OTA-004436,ZONE-0025
OTA-004437,ZONE-0024
OTA-004438,ZONE-0025
OTA-004439,ZONE-0024
OTA-004440,ZONE-0024
OTA-004441,ZONE-0024
OTA-004442,ZONE-0025
OTA-004443,ZONE-0025
OTA-004444,ZONE-0024
OTA-004445,ZONE-0025
OTA-004446,ZONE-0025
OTA-004447,ZONE-0024
OTA-004448,ZONE-0025
OTA-004449,ZONE-0024
OTA-004450,ZONE-0025
OTA-004451,ZONE-0025
OTA-004452,ZONE-0025
OTA-004453,ZONE-0024
OTA-004454,ZONE-0024
OTA-004455,ZONE-0025
OTA-004456,ZONE-0025
OTA-004457,ZONE-0025
OTA-004458,ZONE-0025
OTA-004459,ZONE-0025
OTA-004460,ZONE-0025
OTA-004461,ZONE-0025
OTA-004462,ZONE-0025
OTA-004463,ZONE-0024
OTA-004464,ZONE-0025
OTA-004465,ZONE-0025
OTA-004466,ZONE-0025
OTA-004467,ZONE-0024
OTA-004468,ZONE-0025
OTA-004469,ZONE-0025
OTA-004470,ZONE-0024
OTA-004471,ZONE-0025
OTA-004472,ZONE-0024
OTA-004473,ZONE-0025
OTA-004474,ZONE-0025
OTA-004475,ZONE-0024
OTA-004476,ZONE-0024
OTA-004477,ZONE-0025
OTA-004478,ZONE-0025
OTA-004479,ZONE-0024
OTA-004480,ZONE-0025
OTA-004481,ZONE-0025
OTA-004482,ZONE-0024
OTA-004483,ZONE-0025
OTA-004484,ZONE-0025
OTA-004485,ZONE-0025
OTA-004486,ZONE-0024
OTA-004487,ZONE-0025
OTA-004488,ZONE-0024
OTA-004489,ZONE-0024
OTA-004490,ZONE-0025
OTA-004491,ZONE-0025
OTA-004492,ZONE-0024
OTA-004493,ZONE-0024
OTA-004494,ZONE-0024
OTA-004495,ZONE-0025
OTA-004496,ZONE-0025
OTA-004497,ZONE-0024
OTA-004498,ZONE-0024
OTA-004499,ZONE-0024
OTA-004500,ZONE-0025
OTA-004501,ZONE-0025
OTA-004502,ZONE-0024
OTA-004503,ZONE-0025
OTA-004504,ZONE-0024
OTA-004505,ZONE-0025
OTA-004506,ZONE-0024
OTA-004507,ZONE-0025
OTA-004508,ZONE-0025
OTA-004509,ZONE-0025
OTA-004510,ZONE-0024
OTA-004511,ZONE-0025
OTA-004512,ZONE-0024
OTA-004513,ZONE-0025
OTA-004514,ZONE-0025
OTA-004515,ZONE-0024
OTA-004516,ZONE-0024
OTA-004517,ZONE-0025
OTA-004518,ZONE-0025
OTA-004519,ZONE-0025
OTA-004520,ZONE-0025
OTA-004521,ZONE-0025
OTA-004522,ZONE-0024
OTA-004523,ZONE-0025
OTA-004524,ZONE-0024
OTA-004525,ZONE-0024
OTA-004526,ZONE-0025
OTA-004527,ZONE-0024
OTA-004528,ZONE-0024
OTA-004529,ZONE-0024
OTA-004530,ZONE-0024
OTA-004531,ZONE-0024
OTA-004532,ZONE-0024
OTA-004533,ZONE-0025
OTA-004534,ZONE-0024
OTA-004535,ZONE-0025
OTA-004536,ZONE-0025
OTA-004537,ZONE-0024
OTA-004538,ZONE-0024
OTA-004539,ZONE-0025
OTA-004540,ZONE-0024
OTA-004541,ZONE-0024
OTA-004542,ZONE-0024
OTA-004543,ZONE-0025
OTA-004544,ZONE-0025
OTA-004545,ZONE-0025
OTA-004546,ZONE-0025
OTA-004547,ZONE-0024
OTA-004548,ZONE-0024
OTA-004549,ZONE-0024
OTA-004550,ZONE-0025
OTA-004551,ZONE-0025
OTA-004552,ZONE-0024
OTA-004553,ZONE-0025
OTA-004554,ZONE-0025
OTA-004555,ZONE-0024
OTA-004556,ZONE-0024
OTA-004557,ZONE-0025
OTA-004558,ZONE-0025
OTA-004559,ZONE-0025
OTA-004560,ZONE-0024
OTA-004561,ZONE-0025
OTA-004562,ZONE-0024
OTA-004563,ZONE-0024
OTA-004564,ZONE-0024
OTA-004565,ZONE-0024
OTA-004566,ZONE-0025
OTA-004567,ZONE-0025
OTA-004568,ZONE-0025
OTA-004569,ZONE-0024
OTA-004570,ZONE-0025
OTA-004571,ZONE-0025
OTA-004572,ZONE-0024
OTA-004573,ZONE-0025
OTA-004574,ZONE-0024
OTA-004575,ZONE-0025
OTA-004576,ZONE-0025
OTA-004577,ZONE-0025
OTA-004578,ZONE-0024
OTA-004579,ZONE-0024
OTA-004580,ZONE-0025
OTA-004581,ZONE-0025
OTA-004582,ZONE-0025
OTA-004583,ZONE-0024
OTA-004584,ZONE-0025
OTA-004585,ZONE-0024
OTA-004586,ZONE-0025
OTA-004587,ZONE-0024
OTA-004588,ZONE-0025
OTA-004589,ZONE-0024
OTA-004590,ZONE-0024
OTA-004591,ZONE-0024
OTA-004592,ZONE-0024
OTA-004593,ZONE-0025
OTA-004594,ZONE-0025
OTA-004595,ZONE-0024
OTA-004596,ZONE-0025
OTA-004597,ZONE-0024
OTA-004598,ZONE-0025
OTA-004599,ZONE-0024
OTA-004600,ZONE-0025
OTA-004601,ZONE-0024
OTA-004602,ZONE-0024
OTA-004603,ZONE-0025
OTA-004604,ZONE-0025
OTA-004605,ZONE-0025
OTA-004606,ZONE-0025
OTA-004607,ZONE-0024
OTA-004608,ZONE-0025
OTA-004609,ZONE-0024
OTA-004610,ZONE-0024
OTA-004611,ZONE-0025
OTA-004612,ZONE-0025
OTA-004613,ZONE-0025
OTA-004614,ZONE-0024
OTA-004615,ZONE-0025
OTA-004616,ZONE-0025
OTA-004617,ZONE-0025
OTA-004618,ZONE-0024
OTA-004619,ZONE-0025
OTA-004620,ZONE-0025
OTA-004621,ZONE-0024
OTA-004622,ZONE-0024
OTA-004623,ZONE-0024
OTA-004624,ZONE-0024
OTA-004625,ZONE-0024
OTA-004626,ZONE-0024
OTA-004627,ZONE-0025
OTA-004628,ZONE-0024
OTA-004629,ZONE-0024
OTA-004630,ZONE-0024
OTA-004631,ZONE-0025
OTA-004632,ZONE-0024
OTA-004633,ZONE-0024
OTA-004634,ZONE-0024
OTA-004635,ZONE-0025
OTA-004636,ZONE-0024
OTA-004637,ZONE-0025
OTA-004638,ZONE-0025
OTA-004639,ZONE-0025
OTA-004640,ZONE-0024
OTA-004641,ZONE-0024
OTA-004642,ZONE-0024
OTA-004643,ZONE-0024
OTA-004644,ZONE-0025
OTA-004645,ZONE-0024
OTA-004646,ZONE-0025
OTA-004647,ZONE-0025
OTA-004648,ZONE-0024
OTA-004649,ZONE-0025
OTA-004650,ZONE-0025
OTA-004651,ZONE-0025
OTA-004652,ZONE-0025
OTA-004653,ZONE-0025
OTA-004654,ZONE-0025
OTA-004655,ZONE-0024
OTA-004656,ZONE-0024
OTA-004657,ZONE-0025
OTA-004658,ZONE-0025
OTA-004659,ZONE-0024
OTA-004660,ZONE-0025
OTA-004661,ZONE-0025
OTA-004662,ZONE-0025
OTA-004663,ZONE-0025
OTA-004664,ZONE-0025
OTA-004665,ZONE-0025
OTA-004666,ZONE-0025
OTA-004667,ZONE-0025
OTA-004668,ZONE-0024
OTA-004669,ZONE-0024
OTA-004670,ZONE-0024
OTA-004671,ZONE-0024
OTA-004672,ZONE-0025
OTA-004673,ZONE-0024
OTA-004674,ZONE-0024
OTA-004675,ZONE-0025
OTA-004676,ZONE-0025
OTA-004677,ZONE-0025
OTA-004678,ZONE-0025
OTA-004679,ZONE-0024
OTA-004680,ZONE-0024
OTA-004681,ZONE-0025
OTA-004682,ZONE-0024
OTA-004683,ZONE-0025
OTA-004684,ZONE-0024
OTA-004685,ZONE-0024
OTA-004686,ZONE-0025
OTA-004687,ZONE-0024
OTA-004688,ZONE-0025
OTA-004689,ZONE-0025
OTA-004690,ZONE-0025
OTA-004691,ZONE-0024
OTA-004692,ZONE-0024
OTA-004693,ZONE-0025
OTA-004694,ZONE-0024
OTA-004695,ZONE-0025
OTA-004696,ZONE-0025
OTA-004697,ZONE-0024
OTA-004698,ZONE-0024
OTA-004699,ZONE-0025
OTA-004700,ZONE-0024
OTA-004701,ZONE-0025
OTA-004702,ZONE-0024
OTA-004703,ZONE-0024
OTA-004704,ZONE-0024
OTA-004705,ZONE-0025
OTA-004706,ZONE-0025
OTA-004707,ZONE-0024
OTA-004708,ZONE-0024
OTA-004709,ZONE-0025
OTA-004710,ZONE-0024
OTA-004711,ZONE-0024
OTA-004712,ZONE-0024
OTA-004713,ZONE-0024
OTA-004714,ZONE-0025
OTA-004715,ZONE-0024
OTA-004716,ZONE-0024
OTA-004717,ZONE-0025
OTA-004718,ZONE-0024
OTA-004719,ZONE-0025
OTA-004720,ZONE-0025
OTA-004721,ZONE-0025
OTA-004722,ZONE-0025
OTA-004723,ZONE-0025
OTA-004724,ZONE-0025
OTA-004725,ZONE-0024
OTA-004726,ZONE-0025
OTA-004727,ZONE-0025
OTA-004728,ZONE-0025
OTA-004729,ZONE-0025
OTA-004730,ZONE-0025
OTA-004731,ZONE-0024
OTA-004732,ZONE-0025
OTA-004733,ZONE-0024
OTA-004734,ZONE-0024
OTA-004735,ZONE-0024
OTA-004736,ZONE-0024
OTA-004737,ZONE-0025
OTA-004738,ZONE-0025
OTA-004739,ZONE-0025
OTA-004740,ZONE-0025
OTA-004741,ZONE-0025
OTA-004742,ZONE-0024
OTA-004743,ZONE-0024
OTA-004744,ZONE-0025
OTA-004745,ZONE-0025
OTA-004746,ZONE-0025
OTA-004747,ZONE-0025
OTA-004748,ZONE-0025
OTA-004749,ZONE-0025
OTA-004750,ZONE-0024
OTA-004751,ZONE-0024
OTA-004752,ZONE-0025
OTA-004753,ZONE-0025
OTA-004754,ZONE-0025
OTA-004755,ZONE-0025
OTA-004756,ZONE-0024
OTA-004757,ZONE-0025
OTA-004758,ZONE-0025
OTA-004759,ZONE-0024
OTA-004760,ZONE-0025
OTA-004761,ZONE-0024
OTA-004762,ZONE-0025
OTA-004763,ZONE-0025
OTA-004764,ZONE-0025
OTA-004765,ZONE-0025
OTA-004766,ZONE-0024
OTA-004767,ZONE-0025
OTA-004768,ZONE-0025
OTA-004769,ZONE-0024
OTA-004770,ZONE-0024
OTA-004771,ZONE-0024
OTA-004772,ZONE-0025
OTA-004773,ZONE-0025
OTA-004774,ZONE-0024
OTA-004775,ZONE-0024
OTA-004776,ZONE-0024
OTA-004777,ZONE-0024
OTA-004778,ZONE-0024
OTA-004779,ZONE-0024
OTA-004780,ZONE-0025
OTA-004781,ZONE-0025
OTA-004782,ZONE-0025
OTA-004783,ZONE-0024
OTA-004784,ZONE-0024
OTA-004785,ZONE-0024
OTA-004786,ZONE-0024
OTA-004787,ZONE-0025
OTA-004788,ZONE-0024
OTA-004789,ZONE-0025
OTA-004790,ZONE-0025
OTA-004791,ZONE-0025
OTA-004792,ZONE-0024
OTA-004793,ZONE-0025
OTA-004794,ZONE-0024
OTA-004795,ZONE-0025
OTA-004796,ZONE-0025
OTA-004797,ZONE-0024
OTA-004798,ZONE-0025
OTA-004799,ZONE-0024
OTA-004800,ZONE-0024
OTA-004801,ZONE-0024
OTA-004802,ZONE-0025
OTA-004803,ZONE-0025
OTA-004804,ZONE-0024
OTA-004805,ZONE-0025
OTA-004806,ZONE-0024
OTA-004807,ZONE-0024
OTA-004808,ZONE-0025
OTA-004809,ZONE-0025
OTA-004810,ZONE-0024
OTA-004811,ZONE-0025
OTA-004812,ZONE-0025
OTA-004813,ZONE-0024
OTA-004814,ZONE-0025
OTA-004815,ZONE-0025
OTA-004816,ZONE-0025
OTA-004817,ZONE-0024
OTA-004818,ZONE-0025
OTA-004819,ZONE-0024
OTA-004820,ZONE-0024
OTA-004821,ZONE-0024
OTA-004822,ZONE-0025
OTA-004823,ZONE-0024
OTA-004824,ZONE-0025
OTA-004825,ZONE-0024
OTA-004826,ZONE-0025
OTA-004827,ZONE-0024
OTA-004828,ZONE-0025
OTA-004829,ZONE-0025
OTA-004830,ZONE-0025
OTA-004831,ZONE-0024
OTA-004832,ZONE-0025
OTA-004833,ZONE-0025
OTA-004834,ZONE-0024
OTA-004835,ZONE-0024
OTA-004836,ZONE-0024
OTA-004837,ZONE-0024
OTA-004838,ZONE-0025
OTA-004839,ZONE-0024
OTA-004840,ZONE-0024
OTA-004841,ZONE-0024
OTA-004842,ZONE-0025
OTA-004843,ZONE-0024
OTA-004844,ZONE-0024
OTA-004845,ZONE-0025
OTA-004846,ZONE-0024
OTA-004847,ZONE-0025
OTA-004848,ZONE-0024
OTA-004849,ZONE-0025
OTA-004850,ZONE-0024
OTA-004851,ZONE-0025
OTA-004852,ZONE-0024
OTA-004853,ZONE-0024
OTA-004854,ZONE-0025
OTA-004855,ZONE-0025
OTA-004856,ZONE-0025
OTA-004857,ZONE-0025
OTA-004858,ZONE-0024
OTA-004859,ZONE-0025
OTA-004860,ZONE-0024
OTA-004861,ZONE-0024
OTA-004862,ZONE-0024
OTA-004863,ZONE-0025
OTA-004864,ZONE-0024
OTA-004865,ZONE-0024
OTA-004866,ZONE-0025
OTA-004867,ZONE-0024
OTA-004868,ZONE-0024
OTA-004869,ZONE-0024
OTA-004870,ZONE-0024
OTA-004871,ZONE-0025
OTA-004872,ZONE-0025
OTA-004873,ZONE-0024
OTA-004874,ZONE-0025
OTA-004875,ZONE-0025
OTA-004876,ZONE-0024
OTA-004877,ZONE-0025
OTA-004878,ZONE-0025
OTA-004879,ZONE-0025
OTA-004880,ZONE-0024
OTA-004881,ZONE-0024
OTA-004882,ZONE-0025
OTA-004883,ZONE-0025
OTA-004884,ZONE-0024
OTA-004885,ZONE-0024
OTA-004886,ZONE-0024
OTA-004887,ZONE-0025
OTA-004888,ZONE-0025
OTA-004889,ZONE-0025
OTA-004890,ZONE-0025
OTA-004891,ZONE-0025
OTA-004892,ZONE-0024
OTA-004893,ZONE-0025
OTA-004894,ZONE-0024
OTA-004895,ZONE-0024
OTA-004896,ZONE-0025
OTA-004897,ZONE-0025
OTA-004898,ZONE-0024
OTA-004899,ZONE-0024
OTA-004900,ZONE-0024
OTA-004901,ZONE-0025
OTA-004902,ZONE-0024
OTA-004903,ZONE-0024
OTA-004904,ZONE-0024
OTA-004905,ZONE-0024
OTA-004906,ZONE-0024
OTA-004907,ZONE-0024
OTA-004908,ZONE-0024
OTA-004909,ZONE-0024
OTA-004910,ZONE-0025
OTA-004911,ZONE-0024
OTA-004912,ZONE-0024
OTA-004913,ZONE-0024
OTA-004914,ZONE-0025
OTA-004915,ZONE-0025
OTA-004916,ZONE-0024
OTA-004917,ZONE-0024
OTA-004918,ZONE-0024
OTA-004919,ZONE-0025
OTA-004920,ZONE-0025
OTA-004921,ZONE-0025
OTA-004922,ZONE-0024
OTA-004923,ZONE-0024
OTA-004924,ZONE-0025
OTA-004925,ZONE-0024
OTA-004926,ZONE-0024
OTA-004927,ZONE-0025
OTA-004928,ZONE-0024
OTA-004929,ZONE-0025
OTA-004930,ZONE-0025
OTA-004931,ZONE-0024
OTA-004932,ZONE-0024
OTA-004933,ZONE-0024
OTA-004934,ZONE-0025
OTA-004935,ZONE-0024
OTA-004936,ZONE-0025
OTA-004937,ZONE-0024
OTA-004938,ZONE-0024
OTA-004939,ZONE-0025
OTA-004940,ZONE-0025
OTA-004941,ZONE-0024
OTA-004942,ZONE-0024
OTA-004943,ZONE-0024
OTA-004944,ZONE-0024
OTA-004945,ZONE-0025
OTA-004946,ZONE-0025
OTA-004947,ZONE-0025
OTA-004948,ZONE-0025
OTA-004949,ZONE-0024
OTA-004950,ZONE-0024
OTA-004951,ZONE-0024
OTA-004952,ZONE-0024
OTA-004953,ZONE-0024
OTA-004954,ZONE-0024
OTA-004955,ZONE-0025
OTA-004956,ZONE-0024
OTA-004957,ZONE-0025
OTA-004958,ZONE-0025
OTA-004959,ZONE-0024
OTA-004960,ZONE-0025
OTA-004961,ZONE-0025
OTA-004962,ZONE-0024
OTA-004963,ZONE-0024
OTA-004964,ZONE-0025
OTA-004965,ZONE-0024
OTA-004966,ZONE-0024
OTA-004967,ZONE-0024
OTA-004968,ZONE-0025
OTA-004969,ZONE-0025
OTA-004970,ZONE-0024
OTA-004971,ZONE-0025
OTA-004972,ZONE-0024
OTA-004973,ZONE-0024
OTA-004974,ZONE-0025
OTA-004975,ZONE-0025
OTA-004976,ZONE-0025
OTA-004977,ZONE-0025
OTA-004978,ZONE-0024
OTA-004979,ZONE-0024
OTA-004980,ZONE-0024
OTA-004981,ZONE-0025
OTA-004982,ZONE-0024
OTA-004983,ZONE-0024
OTA-004984,ZONE-0025
OTA-004985,ZONE-0024
OTA-004986,ZONE-0025
OTA-004987,ZONE-0024
OTA-004988,ZONE-0024
OTA-004989,ZONE-0024
OTA-004990,ZONE-0025
OTA-004991,ZONE-0025
OTA-004992,ZONE-0025
OTA-004993,ZONE-0024
OTA-004994,ZONE-0024
OTA-004995,ZONE-0025
OTA-004996,ZONE-0024
OTA-004997,ZONE-0024
OTA-004998,ZONE-0024
OTA-004999,ZONE-0025
OTA-005000,ZONE-0025
OTA-005001,ZONE-0024
OTA-005002,ZONE-0024
OTA-005003,ZONE-0025
OTA-005004,ZONE-0025
OTA-005005,ZONE-0024
OTA-005006,ZONE-0025
OTA-005007,ZONE-0024
OTA-005008,ZONE-0025
OTA-005009,ZONE-0024
OTA-005010,ZONE-0024
OTA-005011,ZONE-0024
OTA-005012,ZONE-0025
OTA-005013,ZONE-0025
OTA-005014,ZONE-0025
OTA-005015,ZONE-0025
OTA-005016,ZONE-0025
OTA-005017,ZONE-0024
OTA-005018,ZONE-0024
OTA-005019,ZONE-0025
OTA-005020,ZONE-0025
OTA-005021,ZONE-0024
OTA-005022,ZONE-0024
OTA-005023,ZONE-0024
OTA-005024,ZONE-0025
OTA-005025,ZONE-0025
OTA-005026,ZONE-0024
OTA-005027,ZONE-0025
OTA-005028,ZONE-0024
OTA-005029,ZONE-0025
OTA-005030,ZONE-0024
OTA-005031,ZONE-0025
OTA-005032,ZONE-0024
OTA-005033,ZONE-0025
OTA-005034,ZONE-0025
OTA-005035,ZONE-0025
OTA-005036,ZONE-0024
OTA-005037,ZONE-0024
OTA-005038,ZONE-0024
OTA-005039,ZONE-0024
OTA-005040,ZONE-0024
OTA-005041,ZONE-0025
OTA-005042,ZONE-0024
OTA-005043,ZONE-0024
OTA-005044,ZONE-0024
OTA-005045,ZONE-0024
OTA-005046,ZONE-0024
OTA-005047,ZONE-0024
OTA-005048,ZONE-0024
OTA-005049,ZONE-0024
OTA-005050,ZONE-0025
OTA-005051,ZONE-0024
OTA-005052,ZONE-0025
OTA-005053,ZONE-0024
OTA-005054,ZONE-0025
OTA-005055,ZONE-0024
OTA-005056,ZONE-0024
OTA-005057,ZONE-0024
OTA-005058,ZONE-0025
OTA-005059,ZONE-0025
OTA-005060,ZONE-0025
OTA-005061,ZONE-0025
OTA-005062,ZONE-0024
OTA-005063,ZONE-0024
OTA-005064,ZONE-0025
OTA-005065,ZONE-0025
OTA-005066,ZONE-0024
OTA-005067,ZONE-0024
OTA-005068,ZONE-0025
OTA-005069,ZONE-0025
OTA-005070,ZONE-0024
OTA-005071,ZONE-0024
OTA-005072,ZONE-0024
OTA-005073,ZONE-0024
OTA-005074,ZONE-0025
OTA-005075,ZONE-0025
OTA-005076,ZONE-0025
OTA-005077,ZONE-0025
OTA-005078,ZONE-0025
OTA-005079,ZONE-0025
OTA-005080,ZONE-0024
OTA-005081,ZONE-0024
OTA-005082,ZONE-0024
OTA-005083,ZONE-0024
OTA-005084,ZONE-0025
OTA-005085,ZONE-0025
OTA-005086,ZONE-0024
OTA-005087,ZONE-0024
OTA-005088,ZONE-0025
OTA-005089,ZONE-0025
OTA-005090,ZONE-0025
OTA-005091,ZONE-0024
OTA-005092,ZONE-0024
OTA-005093,ZONE-0025
OTA-005094,ZONE-0025
OTA-005095,ZONE-0025
OTA-005096,ZONE-0025
OTA-005097,ZONE-0024
OTA-005098,ZONE-0024
OTA-005099,ZONE-0024
OTA-005100,ZONE-0024
OTA-005101,ZONE-0025
OTA-005102,ZONE-0024
OTA-005103,ZONE-0025
OTA-005104,ZONE-0025
OTA-005105,ZONE-0024
OTA-005106,ZONE-0025
OTA-005107,ZONE-0024
OTA-005108,ZONE-0025
OTA-005109,ZONE-0024
OTA-005110,ZONE-0024
OTA-005111,ZONE-0025
OTA-005112,ZONE-0024
OTA-005113,ZONE-0025
OTA-005114,ZONE-0024
OTA-005115,ZONE-0025
OTA-005116,ZONE-0025
OTA-005117,ZONE-0024
OTA-005118,ZONE-0025
OTA-005119,ZONE-0025
OTA-005120,ZONE-0024
OTA-005121,ZONE-0025
OTA-005122,ZONE-0025
OTA-005123,ZONE-0025
OTA-005124,ZONE-0024
OTA-005125,ZONE-0024
OTA-005126,ZONE-0024
OTA-005127,ZONE-0024
OTA-005128,ZONE-0025
OTA-005129,ZONE-0024
OTA-005130,ZONE-0024
OTA-005131,ZONE-0024
OTA-005132,ZONE-0024
OTA-005133,ZONE-0024
OTA-005134,ZONE-0025
OTA-005135,ZONE-0025
OTA-005136,ZONE-0025
OTA-005137,ZONE-0024
OTA-005138,ZONE-0025
OTA-005139,ZONE-0025
OTA-005140,ZONE-0025
OTA-005141,ZONE-0025
OTA-005142,ZONE-0024
OTA-005143,ZONE-0024
OTA-005144,ZONE-0025
OTA-005145,ZONE-0025
OTA-005146,ZONE-0025
OTA-005147,ZONE-0025
OTA-005148,ZONE-0024
OTA-005149,ZONE-0024
OTA-005150,ZONE-0025
OTA-005151,ZONE-0025
OTA-005152,ZONE-0024
OTA-005153,ZONE-0024
OTA-005154,ZONE-0024
OTA-005155,ZONE-0025
OTA-005156,ZONE-0025
OTA-005157,ZONE-0025
OTA-005158,ZONE-0025
OTA-005159,ZONE-0024
OTA-005160,ZONE-0024
OTA-005161,ZONE-0025
OTA-005162,ZONE-0024
OTA-005163,ZONE-0024
OTA-005164,ZONE-0025
OTA-005165,ZONE-0024
OTA-005166,ZONE-0024
OTA-005167,ZONE-0025
OTA-005168,ZONE-0024
OTA-005169,ZONE-0025
OTA-005170,ZONE-0024
OTA-005171,ZONE-0024
OTA-005172,ZONE-0025
OTA-005173,ZONE-0024
OTA-005174,ZONE-0024
OTA-005175,ZONE-0025
OTA-005176,ZONE-0025
OTA-005177,ZONE-0024
OTA-005178,ZONE-0025
OTA-005179,ZONE-0025
OTA-005180,ZONE-0024
OTA-005181,ZONE-0024
OTA-005182,ZONE-0024
OTA-005183,ZONE-0024
OTA-005184,ZONE-0024
OTA-005185,ZONE-0025
OTA-005186,ZONE-0024
OTA-005187,ZONE-0024
OTA-005188,ZONE-0025
OTA-005189,ZONE-0025
OTA-005190,ZONE-0025
OTA-005191,ZONE-0025
OTA-005192,ZONE-0024
OTA-005193,ZONE-0025
OTA-005194,ZONE-0025
OTA-005195,ZONE-0025
OTA-005196,ZONE-0024
OTA-005197,ZONE-0024
OTA-005198,ZONE-0024
OTA-005199,ZONE-0025
OTA-005200,ZONE-0025
OTA-005201,ZONE-0025
OTA-005202,ZONE-0025
OTA-005203,ZONE-0024
OTA-005204,ZONE-0025
OTA-005205,ZONE-0024
OTA-005206,ZONE-0024
OTA-005207,ZONE-0025
OTA-005208,ZONE-0024
OTA-005209,ZONE-0024
OTA-005210,ZONE-0024
OTA-005211,ZONE-0024
OTA-005212,ZONE-0025
OTA-005213,ZONE-0024
OTA-005214,ZONE-0024
OTA-005215,ZONE-0024
OTA-005216,ZONE-0025
OTA-005217,ZONE-0025
OTA-005218,ZONE-0025
OTA-005219,ZONE-0025
OTA-005220,ZONE-0025
OTA-005221,ZONE-0025
OTA-005222,ZONE-0024
OTA-005223,ZONE-0025
OTA-005224,ZONE-0024
OTA-005225,ZONE-0025
OTA-005226,ZONE-0024
OTA-005227,ZONE-0025
OTA-005228,ZONE-0024
OTA-005229,ZONE-0025
OTA-005230,ZONE-0024
OTA-005231,ZONE-0025
OTA-005232,ZONE-0025
OTA-005233,ZONE-0025
OTA-005234,ZONE-0025
OTA-005235,ZONE-0024
OTA-005236,ZONE-0025
OTA-005237,ZONE-0025
OTA-005238,ZONE-0025
OTA-005239,ZONE-0025
OTA-005240,ZONE-0025
OTA-005241,ZONE-0025
OTA-005242,ZONE-0024
OTA-005243,ZONE-0025
OTA-005244,ZONE-0024
OTA-005245,ZONE-0025
OTA-005246,ZONE-0024
OTA-005247,ZONE-0025
OTA-005248,ZONE-0024
OTA-005249,ZONE-0024
OTA-005250,ZONE-0024
OTA-005251,ZONE-0025
OTA-005252,ZONE-0024
OTA-005253,ZONE-0024
OTA-005254,ZONE-0025
OTA-005255,ZONE-0025
OTA-005256,ZONE-0024
OTA-005257,ZONE-0025
OTA-005258,ZONE-0024
OTA-005259,ZONE-0025
OTA-005260,ZONE-0024
OTA-005261,ZONE-0024
OTA-005262,ZONE-0024
OTA-005263,ZONE-0025
OTA-005264,ZONE-0025
OTA-005265,ZONE-0024
OTA-005266,ZONE-0025
OTA-005267,ZONE-0024
OTA-005268,ZONE-0025
OTA-005269,ZONE-0024
OTA-005270,ZONE-0025
OTA-005271,ZONE-0025
OTA-005272,ZONE-0024
OTA-005273,ZONE-0025
OTA-005274,ZONE-0025
OTA-005275,ZONE-0025
OTA-005276,ZONE-0025
OTA-005277,ZONE-0025
OTA-005278,ZONE-0025
OTA-005279,ZONE-0024
OTA-005280,ZONE-0025
OTA-005281,ZONE-0024
OTA-005282,ZONE-0025
OTA-005283,ZONE-0024
OTA-005284,ZONE-0025
OTA-005285,ZONE-0024
OTA-005286,ZONE-0025
OTA-005287,ZONE-0025
OTA-005288,ZONE-0024
OTA-005289,ZONE-0025
OTA-005290,ZONE-0025
OTA-005291,ZONE-0025
OTA-005292,ZONE-0024
OTA-005293,ZONE-0025
OTA-005294,ZONE-0024
OTA-005295,ZONE-0025
OTA-005296,ZONE-0024
OTA-005297,ZONE-0024
OTA-005298,ZONE-0025
OTA-005299,ZONE-0025
OTA-005300,ZONE-0024
OTA-005301,ZONE-0024
OTA-005302,ZONE-0024
OTA-005303,ZONE-0024
OTA-005304,ZONE-0025
OTA-005305,ZONE-0025
OTA-005306,ZONE-0025
OTA-005307,ZONE-0025
OTA-005308,ZONE-0025
OTA-005309,ZONE-0025
OTA-005310,ZONE-0024
OTA-005311,ZONE-0025
OTA-005312,ZONE-0025
OTA-005313,ZONE-0024
OTA-005314,ZONE-0024
OTA-005315,ZONE-0024
OTA-005316,ZONE-0024
OTA-005317,ZONE-0025
OTA-005318,ZONE-0025
OTA-005319,ZONE-0025
OTA-005320,ZONE-0025
OTA-005321,ZONE-0025
OTA-005322,ZONE-0024
OTA-005323,ZONE-0024
OTA-005324,ZONE-0024
OTA-005325,ZONE-0024
OTA-005326,ZONE-0024
OTA-005327,ZONE-0025
OTA-005328,ZONE-0025
OTA-005329,ZONE-0025
OTA-005330,ZONE-0024
OTA-005331,ZONE-0024
OTA-005332,ZONE-0024
OTA-005333,ZONE-0025
OTA-005334,ZONE-0024
OTA-005335,ZONE-0025
OTA-005336,ZONE-0025
OTA-005337,ZONE-0024
OTA-005338,ZONE-0024
OTA-005339,ZONE-0024
OTA-005340,ZONE-0024
OTA-005341,ZONE-0024
OTA-005342,ZONE-0025
OTA-005343,ZONE-0025
OTA-005344,ZONE-0025
OTA-005345,ZONE-0024
OTA-005346,ZONE-0024
OTA-005347,ZONE-0025
OTA-005348,ZONE-0025
OTA-005349,ZONE-0024
OTA-005350,ZONE-0024
OTA-005351,ZONE-0024
OTA-005352,ZONE-0025
OTA-005353,ZONE-0024
OTA-005354,ZONE-0025
OTA-005355,ZONE-0024
OTA-005356,ZONE-0024
OTA-005357,ZONE-0025
OTA-005358,ZONE-0024
OTA-005359,ZONE-0024
OTA-005360,ZONE-0025
OTA-005361,ZONE-0024
OTA-005362,ZONE-0024
OTA-005363,ZONE-0025
OTA-005364,ZONE-0024
OTA-005365,ZONE-0024
OTA-005366,ZONE-0025
OTA-005367,ZONE-0024
OTA-005368,ZONE-0025
OTA-005369,ZONE-0025
OTA-005370,ZONE-0024
OTA-005371,ZONE-0025
OTA-005372,ZONE-0024
OTA-005373,ZONE-0024
OTA-005374,ZONE-0025
OTA-005375,ZONE-0025
OTA-005376,ZONE-0025
OTA-005377,ZONE-0025
OTA-005378,ZONE-0025
OTA-005379,ZONE-0024
OTA-005380,ZONE-0025
OTA-005381,ZONE-0024
OTA-005382,ZONE-0024
OTA-005383,ZONE-0024
OTA-005384,ZONE-0024
OTA-005385,ZONE-0024
OTA-005386,ZONE-0025
OTA-005387,ZONE-0025
OTA-005388,ZONE-0025
OTA-005389,ZONE-0025
OTA-005390,ZONE-0024
OTA-005391,ZONE-0024
OTA-005392,ZONE-0025
OTA-005393,ZONE-0024
OTA-005394,ZONE-0025
OTA-005395,ZONE-0025
OTA-005396,ZONE-0024
OTA-005397,ZONE-0025
OTA-005398,ZONE-0024
OTA-005399,ZONE-0025
OTA-005400,ZONE-0025
OTA-005401,ZONE-0024
OTA-005402,ZONE-0025
OTA-005403,ZONE-0024
OTA-005404,ZONE-0025
OTA-005405,ZONE-0025
OTA-005406,ZONE-0025
OTA-005407,ZONE-0024
OTA-005408,ZONE-0025
OTA-005409,ZONE-0025
OTA-005410,ZONE-0025
OTA-005411,ZONE-0024
OTA-005412,ZONE-0025
OTA-005413,ZONE-0025
OTA-005414,ZONE-0025
OTA-005415,ZONE-0024
OTA-005416,ZONE-0025
OTA-005417,ZONE-0025
OTA-005418,ZONE-0025
OTA-005419,ZONE-0025
OTA-005420,ZONE-0024
OTA-005421,ZONE-0024
OTA-005422,ZONE-0025
OTA-005423,ZONE-0024
OTA-005424,ZONE-0024
OTA-005425,ZONE-0025
OTA-005426,ZONE-0025
OTA-005427,ZONE-0024
OTA-005428,ZONE-0024
OTA-005429,ZONE-0024
OTA-005430,ZONE-0024
OTA-005431,ZONE-0024
OTA-005432,ZONE-0025
OTA-005433,ZONE-0024
OTA-005434,ZONE-0024
OTA-005435,ZONE-0025
OTA-005436,ZONE-0025
OTA-005437,ZONE-0024
OTA-005438,ZONE-0025
OTA-005439,ZONE-0024
OTA-005440,ZONE-0025
OTA-005441,ZONE-0024
OTA-005442,ZONE-0024
OTA-005443,ZONE-0024
OTA-005444,ZONE-0024
OTA-005445,ZONE-0025
OTA-005446,ZONE-0024
OTA-005447,ZONE-0025
OTA-005448,ZONE-0025
OTA-005449,ZONE-0025
OTA-005450,ZONE-0024
OTA-005451,ZONE-0025
OTA-005452,ZONE-0025
OTA-005453,ZONE-0024
OTA-005454,ZONE-0024
OTA-005455,ZONE-0025
OTA-005456,ZONE-0024
OTA-005457,ZONE-0024
OTA-005458,ZONE-0024
OTA-005459,ZONE-0025
OTA-005460,ZONE-0024
OTA-005461,ZONE-0024
OTA-005462,ZONE-0025
OTA-005463,ZONE-0024
OTA-005464,ZONE-0024
OTA-005465,ZONE-0025
OTA-005466,ZONE-0024
OTA-005467,ZONE-0024
OTA-005468,ZONE-0025
OTA-005469,ZONE-0025
OTA-005470,ZONE-0025
OTA-005471,ZONE-0024
OTA-005472,ZONE-0024
OTA-005473,ZONE-0024
OTA-005474,ZONE-0025
OTA-005475,ZONE-0024
OTA-005476,ZONE-0025
OTA-005477,ZONE-0025
OTA-005478,ZONE-0025
OTA-005479,ZONE-0025
OTA-005480,ZONE-0024
OTA-005481,ZONE-0024
OTA-005482,ZONE-0025
OTA-005483,ZONE-0025
OTA-005484,ZONE-0024
OTA-005485,ZONE-0025
OTA-005486,ZONE-0024
OTA-005487,ZONE-0025
OTA-005488,ZONE-0025
OTA-005489,ZONE-0024
OTA-005490,ZONE-0024
OTA-005491,ZONE-0024
OTA-005492,ZONE-0024
OTA-005493,ZONE-0024
OTA-005494,ZONE-0024
OTA-005495,ZONE-0024
OTA-005496,ZONE-0024
OTA-005497,ZONE-0025
OTA-005498,ZONE-0024
OTA-005499,ZONE-0025
OTA-005500,ZONE-0025
OTA-005501,ZONE-0025
OTA-005502,ZONE-0025
OTA-005503,ZONE-0025
OTA-005504,ZONE-0024
OTA-005505,ZONE-0025
OTA-005506,ZONE-0024
OTA-005507,ZONE-0024
OTA-005508,ZONE-0025
OTA-005509,ZONE-0025
OTA-005510,ZONE-0025
OTA-005511,ZONE-0025
OTA-005512,ZONE-0024
OTA-005513,ZONE-0024
OTA-005514,ZONE-0025
OTA-005515,ZONE-0025
OTA-005516,ZONE-0024
OTA-005517,ZONE-0024
OTA-005518,ZONE-0025
OTA-005519,ZONE-0024
OTA-005520,ZONE-0025
OTA-005521,ZONE-0024
OTA-005522,ZONE-0024
OTA-005523,ZONE-0025
OTA-005524,ZONE-0025
OTA-005525,ZONE-0025
OTA-005526,ZONE-0025
OTA-005527,ZONE-0025
OTA-005528,ZONE-0024
OTA-005529,ZONE-0025
OTA-005530,ZONE-0024
OTA-005531,ZONE-0025
OTA-005532,ZONE-0024
OTA-005533,ZONE-0025
OTA-005534,ZONE-0025
OTA-005535,ZONE-0025
OTA-005536,ZONE-0024
OTA-005537,ZONE-0025
OTA-005538,ZONE-0024
OTA-005539,ZONE-0025
OTA-005540,ZONE-0025
OTA-005541,ZONE-0025
OTA-005542,ZONE-0024
OTA-005543,ZONE-0025
OTA-005544,ZONE-0024
OTA-005545,ZONE-0024
OTA-005546,ZONE-0025
OTA-005547,ZONE-0025
OTA-005548,ZONE-0025
OTA-005549,ZONE-0025
OTA-005550,ZONE-0025
OTA-005551,ZONE-0024
OTA-005552,ZONE-0024
OTA-005553,ZONE-0025
OTA-005554,ZONE-0024
OTA-005555,ZONE-0024
OTA-005556,ZONE-0025
OTA-005557,ZONE-0024
OTA-005558,ZONE-0024
OTA-005559,ZONE-0025
OTA-005560,ZONE-0025
OTA-005561,ZONE-0025
OTA-005562,ZONE-0025
OTA-005563,ZONE-0025
OTA-005564,ZONE-0025
OTA-005565,ZONE-0024
OTA-005566,ZONE-0024
OTA-005567,ZONE-0025
OTA-005568,ZONE-0025
OTA-005569,ZONE-0025
OTA-005570,ZONE-0025
OTA-005571,ZONE-0024
OTA-005572,ZONE-0024
OTA-005573,ZONE-0025
OTA-005574,ZONE-0024
OTA-005575,ZONE-0024
OTA-005576,ZONE-0025
OTA-005577,ZONE-0024
OTA-005578,ZONE-0025
OTA-005579,ZONE-0024
OTA-005580,ZONE-0024
OTA-005581,ZONE-0024
OTA-005582,ZONE-0024
OTA-005583,ZONE-0025
OTA-005584,ZONE-0025
OTA-005585,ZONE-0024
OTA-005586,ZONE-0024
OTA-005587,ZONE-0025
OTA-005588,ZONE-0025
OTA-005589,ZONE-0024
OTA-005590,ZONE-0025
OTA-005591,ZONE-0025
OTA-005592,ZONE-0024
OTA-005593,ZONE-0024
OTA-005594,ZONE-0025
OTA-005595,ZONE-0024
OTA-005596,ZONE-0025
OTA-005597,ZONE-0024
OTA-005598,ZONE-0025
OTA-005599,ZONE-0024
OTA-005600,ZONE-0025
OTA-005601,ZONE-0024
OTA-005602,ZONE-0024
OTA-005603,ZONE-0025
OTA-005604,ZONE-0025
OTA-005605,ZONE-0024
OTA-005606,ZONE-0025
OTA-005607,ZONE-0024
OTA-005608,ZONE-0025
OTA-005609,ZONE-0024
OTA-005610,ZONE-0025
OTA-005611,ZONE-0024
OTA-005612,ZONE-0024
OTA-005613,ZONE-0024
OTA-005614,ZONE-0024
OTA-005615,ZONE-0024
OTA-005616,ZONE-0024
OTA-005617,ZONE-0024
OTA-005618,ZONE-0025
OTA-005619,ZONE-0024
OTA-005620,ZONE-0025
OTA-005621,ZONE-0025
OTA-005622,ZONE-0025
OTA-005623,ZONE-0025
OTA-005624,ZONE-0025
OTA-005625,ZONE-0024
OTA-005626,ZONE-0024
OTA-005627,ZONE-0024
OTA-005628,ZONE-0025
OTA-005629,ZONE-0025
OTA-005630,ZONE-0024
OTA-005631,ZONE-0024
OTA-005632,ZONE-0025
OTA-005633,ZONE-0024
OTA-005634,ZONE-0025
OTA-005635,ZONE-0025
OTA-005636,ZONE-0024
OTA-005637,ZONE-0024
OTA-005638,ZONE-0024
OTA-005639,ZONE-0024
OTA-005640,ZONE-0024
OTA-005641,ZONE-0025
OTA-005642,ZONE-0025
OTA-005643,ZONE-0024
OTA-005644,ZONE-0024
OTA-005645,ZONE-0025
OTA-005646,ZONE-0025
OTA-005647,ZONE-0024
OTA-005648,ZONE-0025
OTA-005649,ZONE-0024
OTA-005650,ZONE-0025
OTA-005651,ZONE-0025
OTA-005652,ZONE-0025
OTA-005653,ZONE-0024
OTA-005654,ZONE-0024
OTA-005655,ZONE-0025
OTA-005656,ZONE-0025
OTA-005657,ZONE-0024
OTA-005658,ZONE-0024
OTA-005659,ZONE-0025
OTA-005660,ZONE-0025
OTA-005661,ZONE-0025
OTA-005662,ZONE-0025
OTA-005663,ZONE-0024
OTA-005664,ZONE-0024
OTA-005665,ZONE-0025
OTA-005666,ZONE-0025
OTA-005667,ZONE-0025
OTA-005668,ZONE-0025
OTA-005669,ZONE-0025
OTA-005670,ZONE-0024
OTA-005671,ZONE-0024
OTA-005672,ZONE-0025
OTA-005673,ZONE-0025
OTA-005674,ZONE-0025
OTA-005675,ZONE-0024
OTA-005676,ZONE-0025
OTA-005677,ZONE-0024
OTA-005678,ZONE-0024
OTA-005679,ZONE-0025
OTA-005680,ZONE-0024
OTA-005681,ZONE-0024
OTA-005682,ZONE-0024
OTA-005683,ZONE-0024
OTA-005684,ZONE-0025
OTA-005685,ZONE-0024
OTA-005686,ZONE-0024
OTA-005687,ZONE-0025
OTA-005688,ZONE-0025
OTA-005689,ZONE-0025
OTA-005690,ZONE-0025
OTA-005691,ZONE-0025
OTA-005692,ZONE-0024
OTA-005693,ZONE-0024
OTA-005694,ZONE-0025
OTA-005695,ZONE-0025
OTA-005696,ZONE-0024
OTA-005697,ZONE-0025
OTA-005698,ZONE-0024
OTA-005699,ZONE-0025
OTA-005700,ZONE-0024
OTA-005701,ZONE-0025
OTA-005702,ZONE-0025
OTA-005703,ZONE-0024
OTA-005704,ZONE-0024
OTA-005705,ZONE-0025
OTA-005706,ZONE-0025
OTA-005707,ZONE-0025
OTA-005708,ZONE-0024
OTA-005709,ZONE-0024
OTA-005710,ZONE-0025
OTA-005711,ZONE-0024
OTA-005712,ZONE-0025
OTA-005713,ZONE-0025
OTA-005714,ZONE-0024
OTA-005715,ZONE-0025
OTA-005716,ZONE-0025
OTA-005717,ZONE-0024
OTA-005718,ZONE-0024
OTA-005719,ZONE-0025
OTA-005720,ZONE-0025
OTA-005721,ZONE-0024
OTA-005722,ZONE-0025
OTA-005723,ZONE-0024
OTA-005724,ZONE-0025
OTA-005725,ZONE-0025
OTA-005726,ZONE-0024
OTA-005727,ZONE-0024
OTA-005728,ZONE-0024
OTA-005729,ZONE-0025
OTA-005730,ZONE-0024
OTA-005731,ZONE-0025
OTA-005732,ZONE-0025
OTA-005733,ZONE-0025
OTA-005734,ZONE-0030
OTA-005735,ZONE-0030
OTA-005736,ZONE-0030
OTA-005737,ZONE-0030
OTA-005738,ZONE-0030
OTA-005739,ZONE-0030
OTA-005740,ZONE-0029
OTA-005741,ZONE-0030
OTA-005742,ZONE-0029
OTA-005743,ZONE-0030
OTA-005744,ZONE-0029
OTA-005745,ZONE-0030
OTA-005746,ZONE-0030
OTA-005747,ZONE-0029
OTA-005748,ZONE-0029
OTA-005749,ZONE-0029
OTA-005750,ZONE-0030
OTA-005751,ZONE-0029
OTA-005752,ZONE-0030
OTA-005753,ZONE-0029
OTA-005754,ZONE-0030
OTA-005755,ZONE-0030
OTA-005756,ZONE-0030
OTA-005757,ZONE-0030
OTA-005758,ZONE-0029
OTA-005759,ZONE-0029
OTA-005760,ZONE-0029
OTA-005761,ZONE-0030
OTA-005762,ZONE-0029
OTA-005763,ZONE-0029
OTA-005764,ZONE-0029
OTA-005765,ZONE-0029
OTA-005766,ZONE-0029
OTA-005767,ZONE-0030
OTA-005768,ZONE-0029
OTA-005769,ZONE-0029
OTA-005770,ZONE-0030
OTA-005771,ZONE-0030
OTA-005772,ZONE-0030
OTA-005773,ZONE-0030
OTA-005774,ZONE-0030
OTA-005775,ZONE-0029
OTA-005776,ZONE-0029
OTA-005777,ZONE-0029
OTA-005778,ZONE-0030
OTA-005779,ZONE-0030
OTA-005780,ZONE-0029
OTA-005781,ZONE-0030
OTA-005782,ZONE-0029
OTA-005783,ZONE-0029
OTA-005784,ZONE-0029
OTA-005785,ZONE-0030
OTA-005786,ZONE-0030
OTA-005787,ZONE-0030
OTA-005788,ZONE-0030
OTA-005789,ZONE-0030
OTA-005790,ZONE-0029
OTA-005791,ZONE-0030
OTA-005792,ZONE-0030
OTA-005793,ZONE-0030
OTA-005794,ZONE-0030
OTA-005795,ZONE-0030
OTA-005796,ZONE-0029
OTA-005797,ZONE-0029
OTA-005798,ZONE-0030
OTA-005799,ZONE-0029
OTA-005800,ZONE-0029
OTA-005801,ZONE-0029
OTA-005802,ZONE-0029
OTA-005803,ZONE-0029
OTA-005804,ZONE-0030
OTA-005805,ZONE-0030
OTA-005806,ZONE-0029
OTA-005807,ZONE-0029
OTA-005808,ZONE-0030
OTA-005809,ZONE-0029
OTA-005810,ZONE-0030
OTA-005811,ZONE-0029
OTA-005812,ZONE-0029
OTA-005813,ZONE-0029
OTA-005814,ZONE-0030
OTA-005815,ZONE-0030
OTA-005816,ZONE-0029
OTA-005817,ZONE-0029
OTA-005818,ZONE-0029
OTA-005819,ZONE-0029
OTA-005820,ZONE-0030
OTA-005821,ZONE-0030
OTA-005822,ZONE-0029
OTA-005823,ZONE-0030
OTA-005824,ZONE-0029
OTA-005825,ZONE-0029
OTA-005826,ZONE-0029
OTA-005827,ZONE-0030
OTA-005828,ZONE-0030
OTA-005829,ZONE-0029
OTA-005830,ZONE-0029
OTA-005831,ZONE-0030
OTA-005832,ZONE-0029
OTA-005833,ZONE-0030
OTA-005834,ZONE-0029
OTA-005835,ZONE-0030
OTA-005836,ZONE-0030
OTA-005837,ZONE-0029
OTA-005838,ZONE-0029
OTA-005839,ZONE-0029
OTA-005840,ZONE-0030
OTA-005841,ZONE-0030
OTA-005842,ZONE-0030
OTA-005843,ZONE-0029
OTA-005844,ZONE-0030
OTA-005845,ZONE-0030
OTA-005846,ZONE-0030
OTA-005847,ZONE-0030
OTA-005848,ZONE-0030
OTA-005849,ZONE-0030
OTA-005850,ZONE-0030
OTA-005851,ZONE-0030
OTA-005852,ZONE-0030
OTA-005853,ZONE-0030
OTA-005854,ZONE-0029
OTA-005855,ZONE-0029
OTA-005856,ZONE-0030
OTA-005857,ZONE-0030
OTA-005858,ZONE-0029
OTA-005859,ZONE-0029
OTA-005860,ZONE-0030
OTA-005861,ZONE-0029
OTA-005862,ZONE-0029
OTA-005863,ZONE-0029
OTA-005864,ZONE-0030
OTA-005865,ZONE-0030
OTA-005866,ZONE-0030
OTA-005867,ZONE-0029
OTA-005868,ZONE-0030
OTA-005869,ZONE-0030
OTA-005870,ZONE-0029
OTA-005871,ZONE-0030
OTA-005872,ZONE-0029
OTA-005873,ZONE-0030
OTA-005874,ZONE-0029
OTA-005875,ZONE-0030
OTA-005876,ZONE-0029
OTA-005877,ZONE-0029
OTA-005878,ZONE-0029
OTA-005879,ZONE-0030
OTA-005880,ZONE-0030
OTA-005881,ZONE-0029
OTA-005882,ZONE-0029
OTA-005883,ZONE-0029
OTA-005884,ZONE-0029
OTA-005885,ZONE-0030
OTA-005886,ZONE-0029
OTA-005887,ZONE-0030
OTA-005888,ZONE-0030
OTA-005889,ZONE-0030
OTA-005890,ZONE-0030
OTA-005891,ZONE-0029
OTA-005892,ZONE-0030
OTA-005893,ZONE-0030
OTA-005894,ZONE-0030
OTA-005895,ZONE-0029
OTA-005896,ZONE-0030
OTA-005897,ZONE-0030
OTA-005898,ZONE-0029
OTA-005899,ZONE-0030
OTA-005900,ZONE-0030
OTA-005901,ZONE-0030
OTA-005902,ZONE-0029
OTA-005903,ZONE-0030
OTA-005904,ZONE-0029
OTA-005905,ZONE-0029
OTA-005906,ZONE-0030
OTA-005907,ZONE-0030
OTA-005908,ZONE-0030
OTA-005909,ZONE-0029
OTA-005910,ZONE-0029
OTA-005911,ZONE-0029
OTA-005912,ZONE-0029
OTA-005913,ZONE-0029
OTA-005914,ZONE-0030
OTA-005915,ZONE-0029
OTA-005916,ZONE-0030
OTA-005917,ZONE-0030
OTA-005918,ZONE-0029
OTA-005919,ZONE-0029
OTA-005920,ZONE-0030
OTA-005921,ZONE-0029
OTA-005922,ZONE-0029
OTA-005923,ZONE-0030
OTA-005924,ZONE-0029
OTA-005925,ZONE-0030
OTA-005926,ZONE-0029
OTA-005927,ZONE-0029
OTA-005928,ZONE-0030
OTA-005929,ZONE-0030
OTA-005930,ZONE-0030
OTA-005931,ZONE-0029
OTA-005932,ZONE-0029
OTA-005933,ZONE-0029
OTA-005934,ZONE-0030
OTA-005935,ZONE-0029
OTA-005936,ZONE-0029
OTA-005937,ZONE-0029
OTA-005938,ZONE-0030
OTA-005939,ZONE-0029
OTA-005940,ZONE-0030
OTA-005941,ZONE-0030
OTA-005942,ZONE-0030
OTA-005943,ZONE-0029
OTA-005944,ZONE-0030
OTA-005945,ZONE-0030
OTA-005946,ZONE-0030
OTA-005947,ZONE-0030
OTA-005948,ZONE-0030
OTA-005949,ZONE-0030
OTA-005950,ZONE-0030
OTA-005951,ZONE-0029
OTA-005952,ZONE-0029
OTA-005953,ZONE-0030
OTA-005954,ZONE-0029
OTA-005955,ZONE-0030
OTA-005956,ZONE-0029
OTA-005957,ZONE-0029
OTA-005958,ZONE-0030
OTA-005959,ZONE-0029
OTA-005960,ZONE-0029
OTA-005961,ZONE-0030
OTA-005962,ZONE-0030
OTA-005963,ZONE-0029
OTA-005964,ZONE-0029
OTA-005965,ZONE-0029
OTA-005966,ZONE-0030
OTA-005967,ZONE-0029
OTA-005968,ZONE-0030
OTA-005969,ZONE-0029
OTA-005970,ZONE-0030
OTA-005971,ZONE-0029
OTA-005972,ZONE-0030
OTA-005973,ZONE-0029
OTA-005974,ZONE-0030
OTA-005975,ZONE-0030
OTA-005976,ZONE-0029
OTA-005977,ZONE-0029
OTA-005978,ZONE-0029
OTA-005979,ZONE-0029
OTA-005980,ZONE-0029
OTA-005981,ZONE-0029
OTA-005982,ZONE-0029
OTA-005983,ZONE-0030
OTA-005984,ZONE-0029
OTA-005985,ZONE-0029
OTA-005986,ZONE-0030
OTA-005987,ZONE-0029
OTA-005988,ZONE-0029
OTA-005989,ZONE-0030
OTA-005990,ZONE-0029
OTA-005991,ZONE-0029
OTA-005992,ZONE-0030
OTA-005993,ZONE-0030
OTA-005994,ZONE-0030
OTA-005995,ZONE-0029
OTA-005996,ZONE-0029
OTA-005997,ZONE-0029
OTA-005998,ZONE-0029
OTA-005999,ZONE-0030
OTA-006000,ZONE-0029
OTA-006001,ZONE-0029
OTA-006002,ZONE-0030
OTA-006003,ZONE-0029
OTA-006004,ZONE-0029
OTA-006005,ZONE-0030
OTA-006006,ZONE-0030
OTA-006007,ZONE-0029
OTA-006008,ZONE-0030
OTA-006009,ZONE-0030
OTA-006010,ZONE-0029
OTA-006011,ZONE-0029
OTA-006012,ZONE-0029
OTA-006013,ZONE-0030
OTA-006014,ZONE-0029
OTA-006015,ZONE-0030
OTA-006016,ZONE-0029
OTA-006017,ZONE-0029
OTA-006018,ZONE-0029
OTA-006019,ZONE-0030
OTA-006020,ZONE-0030
OTA-006021,ZONE-0030
OTA-006022,ZONE-0029
OTA-006023,ZONE-0030
OTA-006024,ZONE-0029
OTA-006025,ZONE-0029
OTA-006026,ZONE-0030
OTA-006027,ZONE-0030
OTA-006028,ZONE-0029
OTA-006029,ZONE-0030
OTA-006030,ZONE-0030
OTA-006031,ZONE-0030
OTA-006032,ZONE-0030
OTA-006033,ZONE-0030
OTA-006034,ZONE-0030
OTA-006035,ZONE-0030
OTA-006036,ZONE-0030
OTA-006037,ZONE-0030
OTA-006038,ZONE-0029
OTA-006039,ZONE-0029
OTA-006040,ZONE-0030
OTA-006041,ZONE-0030
OTA-006042,ZONE-0029
OTA-006043,ZONE-0030
OTA-006044,ZONE-0030
OTA-006045,ZONE-0030
OTA-006046,ZONE-0030
OTA-006047,ZONE-0029
OTA-006048,ZONE-0029
OTA-006049,ZONE-0030
OTA-006050,ZONE-0030
OTA-006051,ZONE-0029
OTA-006052,ZONE-0029
OTA-006053,ZONE-0029
OTA-006054,ZONE-0029
OTA-006055,ZONE-0029
OTA-006056,ZONE-0030
OTA-006057,ZONE-0029
OTA-006058,ZONE-0030
OTA-006059,ZONE-0030
OTA-006060,ZONE-0030
OTA-006061,ZONE-0030
OTA-006062,ZONE-0030
OTA-006063,ZONE-0029
OTA-006064,ZONE-0030
OTA-006065,ZONE-0030
OTA-006066,ZONE-0030
OTA-006067,ZONE-0029
OTA-006068,ZONE-0030
OTA-006069,ZONE-0030
OTA-006070,ZONE-0030
OTA-006071,ZONE-0029
OTA-006072,ZONE-0029
OTA-006073,ZONE-0030
OTA-006074,ZONE-0030
OTA-006075,ZONE-0029
OTA-006076,ZONE-0029
OTA-006077,ZONE-0030
OTA-006078,ZONE-0030
OTA-006079,ZONE-0030
OTA-006080,ZONE-0030
OTA-006081,ZONE-0029
OTA-006082,ZONE-0029
OTA-006083,ZONE-0030
OTA-006084,ZONE-0029
OTA-006085,ZONE-0029
OTA-006086,ZONE-0029
OTA-006087,ZONE-0029
OTA-006088,ZONE-0029
OTA-006089,ZONE-0029
OTA-006090,ZONE-0030
OTA-006091,ZONE-0029
OTA-006092,ZONE-0030
OTA-006093,ZONE-0030
OTA-006094,ZONE-0030
OTA-006095,ZONE-0029
OTA-006096,ZONE-0029
OTA-006097,ZONE-0029
OTA-006098,ZONE-0029
OTA-006099,ZONE-0030
OTA-006100,ZONE-0030
OTA-006101,ZONE-0030
OTA-006102,ZONE-0029
OTA-006103,ZONE-0029
OTA-006104,ZONE-0029
OTA-006105,ZONE-0030
OTA-006106,ZONE-0030
OTA-006107,ZONE-0029
OTA-006108,ZONE-0029
OTA-006109,ZONE-0029
OTA-006110,ZONE-0029
OTA-006111,ZONE-0030
OTA-006112,ZONE-0030
OTA-006113,ZONE-0030
OTA-006114,ZONE-0029
OTA-006115,ZONE-0029
OTA-006116,ZONE-0030
OTA-006117,ZONE-0030
OTA-006118,ZONE-0030
OTA-006119,ZONE-0029
OTA-006120,ZONE-0029
OTA-006121,ZONE-0029
OTA-006122,ZONE-0029
OTA-006123,ZONE-0029
OTA-006124,ZONE-0029
OTA-006125,ZONE-0030
OTA-006126,ZONE-0030
OTA-006127,ZONE-0030
OTA-006128,ZONE-0030
OTA-006129,ZONE-0030
OTA-006130,ZONE-0029
OTA-006131,ZONE-0030
OTA-006132,ZONE-0030
OTA-006133,ZONE-0030
OTA-006134,ZONE-0030
OTA-006135,ZONE-0030
OTA-006136,ZONE-0030
OTA-006137,ZONE-0029
OTA-006138,ZONE-0029
OTA-006139,ZONE-0029
OTA-006140,ZONE-0029
OTA-006141,ZONE-0030
OTA-006142,ZONE-0029
OTA-006143,ZONE-0029
OTA-006144,ZONE-0030
OTA-006145,ZONE-0029
OTA-006146,ZONE-0029
OTA-006147,ZONE-0029
OTA-006148,ZONE-0029
OTA-006149,ZONE-0030
OTA-006150,ZONE-0029
OTA-006151,ZONE-0030
OTA-006152,ZONE-0030
OTA-006153,ZONE-0030
OTA-006154,ZONE-0030
OTA-006155,ZONE-0029
OTA-006156,ZONE-0030
OTA-006157,ZONE-0029
OTA-006158,ZONE-0029
OTA-006159,ZONE-0030
OTA-006160,ZONE-0030
OTA-006161,ZONE-0030
OTA-006162,ZONE-0029
OTA-006163,ZONE-0029
OTA-006164,ZONE-0029
OTA-006165,ZONE-0029
OTA-006166,ZONE-0030
OTA-006167,ZONE-0030
OTA-006168,ZONE-0030
OTA-006169,ZONE-0030
OTA-006170,ZONE-0030
OTA-006171,ZONE-0029
OTA-006172,ZONE-0030
OTA-006173,ZONE-0030
OTA-006174,ZONE-0029
OTA-006175,ZONE-0030
OTA-006176,ZONE-0029
OTA-006177,ZONE-0030
OTA-006178,ZONE-0030
OTA-006179,ZONE-0029
OTA-006180,ZONE-0029
OTA-006181,ZONE-0029
OTA-006182,ZONE-0029
OTA-006183,ZONE-0029
OTA-006184,ZONE-0029
OTA-006185,ZONE-0030
OTA-006186,ZONE-0029
OTA-006187,ZONE-0030
OTA-006188,ZONE-0030
OTA-006189,ZONE-0030
OTA-006190,ZONE-0030
OTA-006191,ZONE-0029
OTA-006192,ZONE-0030
OTA-006193,ZONE-0029
OTA-006194,ZONE-0030
OTA-006195,ZONE-0029
OTA-006196,ZONE-0030
OTA-006197,ZONE-0030
OTA-006198,ZONE-0029
OTA-006199,ZONE-0029
OTA-006200,ZONE-0030
OTA-006201,ZONE-0029
OTA-006202,ZONE-0030
OTA-006203,ZONE-0029
OTA-006204,ZONE-0030
OTA-006205,ZONE-0030
OTA-006206,ZONE-0030
OTA-006207,ZONE-0030
OTA-006208,ZONE-0030
OTA-006209,ZONE-0029
OTA-006210,ZONE-0029
OTA-006211,ZONE-0030
OTA-006212,ZONE-0030
OTA-006213,ZONE-0029
OTA-006214,ZONE-0030
OTA-006215,ZONE-0029
OTA-006216,ZONE-0029
OTA-006217,ZONE-0029
OTA-006218,ZONE-0029
OTA-006219,ZONE-0030
OTA-006220,ZONE-0030
OTA-006221,ZONE-0029
OTA-006222,ZONE-0029
OTA-006223,ZONE-0029
OTA-006224,ZONE-0029
OTA-006225,ZONE-0030
OTA-006226,ZONE-0030
OTA-006227,ZONE-0030
OTA-006228,ZONE-0030
OTA-006229,ZONE-0029
OTA-006230,ZONE-0029
OTA-006231,ZONE-0030
OTA-006232,ZONE-0030
OTA-006233,ZONE-0029
OTA-006234,ZONE-0030
OTA-006235,ZONE-0030
OTA-006236,ZONE-0030
OTA-006237,ZONE-0030
OTA-006238,ZONE-0029
OTA-006239,ZONE-0030
OTA-006240,ZONE-0030
OTA-006241,ZONE-0029
OTA-006242,ZONE-0029
OTA-006243,ZONE-0029
OTA-006244,ZONE-0030
OTA-006245,ZONE-0029
OTA-006246,ZONE-0029
OTA-006247,ZONE-0030
OTA-006248,ZONE-0029
OTA-006249,ZONE-0030
OTA-006250,ZONE-0029
OTA-006251,ZONE-0029
OTA-006252,ZONE-0029
OTA-006253,ZONE-0030
OTA-006254,ZONE-0030
OTA-006255,ZONE-0030
OTA-006256,ZONE-0029
OTA-006257,ZONE-0029
OTA-006258,ZONE-0030
OTA-006259,ZONE-0030
OTA-006260,ZONE-0030
OTA-006261,ZONE-0029
OTA-006262,ZONE-0030
OTA-006263,ZONE-0029
OTA-006264,ZONE-0029
OTA-006265,ZONE-0029
OTA-006266,ZONE-0029
OTA-006267,ZONE-0029
OTA-006268,ZONE-0029
OTA-006269,ZONE-0029
OTA-006270,ZONE-0030
OTA-006271,ZONE-0029
OTA-006272,ZONE-0029
OTA-006273,ZONE-0030
OTA-006274,ZONE-0029
OTA-006275,ZONE-0030
OTA-006276,ZONE-0029
OTA-006277,ZONE-0029
OTA-006278,ZONE-0029
OTA-006279,ZONE-0029
OTA-006280,ZONE-0030
OTA-006281,ZONE-0029
OTA-006282,ZONE-0030
OTA-006283,ZONE-0030
OTA-006284,ZONE-0029
OTA-006285,ZONE-0029
OTA-006286,ZONE-0029
OTA-006287,ZONE-0030
OTA-006288,ZONE-0030
OTA-006289,ZONE-0029
OTA-006290,ZONE-0030
OTA-006291,ZONE-0029
OTA-006292,ZONE-0030
OTA-006293,ZONE-0029
OTA-006294,ZONE-0029
OTA-006295,ZONE-0029
OTA-006296,ZONE-0029
OTA-006297,ZONE-0030
OTA-006298,ZONE-0029
OTA-006299,ZONE-0030
OTA-006300,ZONE-0029
OTA-006301,ZONE-0029
OTA-006302,ZONE-0029
OTA-006303,ZONE-0029
OTA-006304,ZONE-0029
OTA-006305,ZONE-0029
OTA-006306,ZONE-0030
OTA-006307,ZONE-0029
OTA-006308,ZONE-0030
OTA-006309,ZONE-0029
OTA-006310,ZONE-0030
OTA-006311,ZONE-0029
OTA-006312,ZONE-0030
OTA-006313,ZONE-0029
OTA-006314,ZONE-0029
OTA-006315,ZONE-0030
OTA-006316,ZONE-0030
OTA-006317,ZONE-0029
OTA-006318,ZONE-0030
OTA-006319,ZONE-0029
OTA-006320,ZONE-0029
OTA-006321,ZONE-0030
OTA-006322,ZONE-0030
OTA-006323,ZONE-0030
OTA-006324,ZONE-0029
OTA-006325,ZONE-0029
OTA-006326,ZONE-0030
OTA-006327,ZONE-0029
OTA-006328,ZONE-0029
OTA-006329,ZONE-0030
OTA-006330,ZONE-0030
OTA-006331,ZONE-0029
OTA-006332,ZONE-0029
OTA-006333,ZONE-0029
OTA-006334,ZONE-0029
OTA-006335,ZONE-0030
OTA-006336,ZONE-0030
OTA-006337,ZONE-0029
OTA-006338,ZONE-0029
OTA-006339,ZONE-0030
OTA-006340,ZONE-0030
OTA-006341,ZONE-0030
OTA-006342,ZONE-0029
OTA-006343,ZONE-0029
OTA-006344,ZONE-0029
OTA-006345,ZONE-0029
OTA-006346,ZONE-0029
OTA-006347,ZONE-0029
OTA-006348,ZONE-0029
OTA-006349,ZONE-0029
OTA-006350,ZONE-0029
OTA-006351,ZONE-0030
OTA-006352,ZONE-0030
OTA-006353,ZONE-0030
OTA-006354,ZONE-0030
OTA-006355,ZONE-0030
OTA-006356,ZONE-0030
OTA-006357,ZONE-0029
OTA-006358,ZONE-0030
OTA-006359,ZONE-0030
OTA-006360,ZONE-0029
OTA-006361,ZONE-0030
OTA-006362,ZONE-0030
OTA-006363,ZONE-0029
OTA-006364,ZONE-0029
OTA-006365,ZONE-0030
OTA-006366,ZONE-0030
OTA-006367,ZONE-0030
OTA-006368,ZONE-0029
OTA-006369,ZONE-0029
OTA-006370,ZONE-0030
OTA-006371,ZONE-0029
OTA-006372,ZONE-0030
OTA-006373,ZONE-0029
OTA-006374,ZONE-0029
OTA-006375,ZONE-0029
OTA-006376,ZONE-0030
OTA-006377,ZONE-0030
OTA-006378,ZONE-0030
OTA-006379,ZONE-0029
OTA-006380,ZONE-0029
OTA-006381,ZONE-0030
OTA-006382,ZONE-0029
OTA-006383,ZONE-0029
OTA-006384,ZONE-0030
OTA-006385,ZONE-0029
OTA-006386,ZONE-0029
OTA-006387,ZONE-0029
OTA-006388,ZONE-0029
OTA-006389,ZONE-0030
OTA-006390,ZONE-0030
OTA-006391,ZONE-0029
OTA-006392,ZONE-0029
OTA-006393,ZONE-0030
OTA-006394,ZONE-0029
OTA-006395,ZONE-0030
OTA-006396,ZONE-0029
OTA-006397,ZONE-0029
OTA-006398,ZONE-0030
OTA-006399,ZONE-0029
OTA-006400,ZONE-0030
OTA-006401,ZONE-0029
OTA-006402,ZONE-0030
OTA-006403,ZONE-0029
OTA-006404,ZONE-0030
OTA-006405,ZONE-0029
OTA-006406,ZONE-0029
OTA-006407,ZONE-0029
OTA-006408,ZONE-0029
OTA-006409,ZONE-0030
OTA-006410,ZONE-0029
OTA-006411,ZONE-0029
OTA-006412,ZONE-0030
OTA-006413,ZONE-0030
OTA-006414,ZONE-0029
OTA-006415,ZONE-0029
OTA-006416,ZONE-0030
OTA-006417,ZONE-0029
OTA-006418,ZONE-0030
OTA-006419,ZONE-0029
OTA-006420,ZONE-0029
OTA-006421,ZONE-0029
OTA-006422,ZONE-0029
OTA-006423,ZONE-0030
OTA-006424,ZONE-0029
OTA-006425,ZONE-0029
OTA-006426,ZONE-0029
OTA-006427,ZONE-0029
OTA-006428,ZONE-0029
OTA-006429,ZONE-0029
OTA-006430,ZONE-0029
OTA-006431,ZONE-0030
OTA-006432,ZONE-0029
OTA-006433,ZONE-0029
OTA-006434,ZONE-0029
OTA-006435,ZONE-0030
OTA-006436,ZONE-0030
OTA-006437,ZONE-0029
OTA-006438,ZONE-0029
OTA-006439,ZONE-0029
OTA-006440,ZONE-0030
OTA-006441,ZONE-0030
OTA-006442,ZONE-0030
OTA-006443,ZONE-0029
OTA-006444,ZONE-0030
OTA-006445,ZONE-0030
OTA-006446,ZONE-0030
OTA-006447,ZONE-0029
OTA-006448,ZONE-0030
OTA-006449,ZONE-0029
OTA-006450,ZONE-0030
OTA-006451,ZONE-0030
OTA-006452,ZONE-0029
OTA-006453,ZONE-0030
OTA-006454,ZONE-0029
OTA-006455,ZONE-0029
OTA-006456,ZONE-0030
OTA-006457,ZONE-0030
OTA-006458,ZONE-0029
OTA-006459,ZONE-0030
OTA-006460,ZONE-0030
OTA-006461,ZONE-0030
OTA-006462,ZONE-0029
OTA-006463,ZONE-0030
OTA-006464,ZONE-0030
OTA-006465,ZONE-0030
OTA-006466,ZONE-0030
OTA-006467,ZONE-0029
OTA-006468,ZONE-0030
OTA-006469,ZONE-0029
OTA-006470,ZONE-0029
OTA-006471,ZONE-0030
OTA-006472,ZONE-0030
OTA-006473,ZONE-0030
OTA-006474,ZONE-0029
OTA-006475,ZONE-0030
OTA-006476,ZONE-0030
OTA-006477,ZONE-0030
OTA-006478,ZONE-0030
OTA-006479,ZONE-0030
OTA-006480,ZONE-0030
OTA-006481,ZONE-0030
OTA-006482,ZONE-0029
OTA-006483,ZONE-0029
OTA-006484,ZONE-0030
OTA-006485,ZONE-0030
OTA-006486,ZONE-0030
OTA-006487,ZONE-0029
OTA-006488,ZONE-0029
OTA-006489,ZONE-0029
OTA-006490,ZONE-0030
OTA-006491,ZONE-0030
OTA-006492,ZONE-0029
OTA-006493,ZONE-0030
OTA-006494,ZONE-0029
OTA-006495,ZONE-0030
OTA-006496,ZONE-0030
OTA-006497,ZONE-0029
OTA-006498,ZONE-0029
OTA-006499,ZONE-0030
OTA-006500,ZONE-0030
OTA-006501,ZONE-0029
OTA-006502,ZONE-0029
OTA-006503,ZONE-0030
OTA-006504,ZONE-0030
OTA-006505,ZONE-0030
OTA-006506,ZONE-0029
OTA-006507,ZONE-0029
OTA-006508,ZONE-0030
OTA-006509,ZONE-0030
OTA-006510,ZONE-0030
OTA-006511,ZONE-0030
OTA-006512,ZONE-0030
OTA-006513,ZONE-0030
OTA-006514,ZONE-0030
OTA-006515,ZONE-0030
OTA-006516,ZONE-0030
OTA-006517,ZONE-0030
OTA-006518,ZONE-0029
OTA-006519,ZONE-0029
OTA-006520,ZONE-0029
OTA-006521,ZONE-0030
OTA-006522,ZONE-0030
OTA-006523,ZONE-0030
OTA-006524,ZONE-0030
OTA-006525,ZONE-0030
OTA-006526,ZONE-0030
OTA-006527,ZONE-0029
OTA-006528,ZONE-0029
OTA-006529,ZONE-0030
OTA-006530,ZONE-0029
OTA-006531,ZONE-0029
OTA-006532,ZONE-0030
OTA-006533,ZONE-0029
OTA-006534,ZONE-0030
OTA-006535,ZONE-0029
OTA-006536,ZONE-0029
OTA-006537,ZONE-0029
OTA-006538,ZONE-0029
OTA-006539,ZONE-0030
OTA-006540,ZONE-0029
OTA-006541,ZONE-0029
OTA-006542,ZONE-0029
OTA-006543,ZONE-0030
OTA-006544,ZONE-0029
OTA-006545,ZONE-0029
OTA-006546,ZONE-0029
OTA-006547,ZONE-0029
OTA-006548,ZONE-0029
OTA-006549,ZONE-0030
OTA-006550,ZONE-0030
OTA-006551,ZONE-0030
OTA-006552,ZONE-0029
OTA-006553,ZONE-0029
OTA-006554,ZONE-0030
OTA-006555,ZONE-0030
OTA-006556,ZONE-0030
OTA-006557,ZONE-0029
OTA-006558,ZONE-0029
OTA-006559,ZONE-0029
OTA-006560,ZONE-0030
OTA-006561,ZONE-0030
OTA-006562,ZONE-0030
OTA-006563,ZONE-0030
OTA-006564,ZONE-0029
OTA-006565,ZONE-0030
OTA-006566,ZONE-0029
OTA-006567,ZONE-0030
OTA-006568,ZONE-0029
OTA-006569,ZONE-0030
OTA-006570,ZONE-0030
OTA-006571,ZONE-0030
OTA-006572,ZONE-0029
OTA-006573,ZONE-0029
OTA-006574,ZONE-0029
OTA-006575,ZONE-0030
OTA-006576,ZONE-0030
OTA-006577,ZONE-0029
OTA-006578,ZONE-0029
OTA-006579,ZONE-0029
OTA-006580,ZONE-0029
OTA-006581,ZONE-0030
OTA-006582,ZONE-0029
OTA-006583,ZONE-0030
OTA-006584,ZONE-0029
OTA-006585,ZONE-0030
OTA-006586,ZONE-0029
OTA-006587,ZONE-0030
OTA-006588,ZONE-0029
OTA-006589,ZONE-0029
OTA-006590,ZONE-0030
OTA-006591,ZONE-0030
OTA-006592,ZONE-0029
OTA-006593,ZONE-0029
OTA-006594,ZONE-0030
OTA-006595,ZONE-0029
OTA-006596,ZONE-0030
OTA-006597,ZONE-0030
OTA-006598,ZONE-0029
OTA-006599,ZONE-0029
OTA-006600,ZONE-0029
OTA-006601,ZONE-0030
OTA-006602,ZONE-0029
OTA-006603,ZONE-0030
OTA-006604,ZONE-0029
OTA-006605,ZONE-0030
OTA-006606,ZONE-0029
OTA-006607,ZONE-0029
OTA-006608,ZONE-0029
OTA-006609,ZONE-0029
OTA-006610,ZONE-0030
OTA-006611,ZONE-0029
OTA-006612,ZONE-0030
OTA-006613,ZONE-0029
OTA-006614,ZONE-0029
OTA-006615,ZONE-0030
OTA-006616,ZONE-0030
OTA-006617,ZONE-0029
OTA-006618,ZONE-0029
OTA-006619,ZONE-0029
OTA-006620,ZONE-0029
OTA-006621,ZONE-0030
OTA-006622,ZONE-0029
OTA-006623,ZONE-0029
OTA-006624,ZONE-0029
OTA-006625,ZONE-0029
OTA-006626,ZONE-0029
OTA-006627,ZONE-0030
OTA-006628,ZONE-0029
OTA-006629,ZONE-0030
OTA-006630,ZONE-0030
OTA-006631,ZONE-0029
OTA-006632,ZONE-0029
OTA-006633,ZONE-0029
OTA-006634,ZONE-0030
OTA-006635,ZONE-0030
OTA-006636,ZONE-0030
OTA-006637,ZONE-0030
OTA-006638,ZONE-0030
OTA-006639,ZONE-0030
OTA-006640,ZONE-0029
OTA-006641,ZONE-0029
OTA-006642,ZONE-0030
OTA-006643,ZONE-0030
OTA-006644,ZONE-0030
OTA-006645,ZONE-0029
OTA-006646,ZONE-0029
OTA-006647,ZONE-0030
OTA-006648,ZONE-0030
OTA-006649,ZONE-0029
OTA-006650,ZONE-0030
OTA-006651,ZONE-0029
OTA-006652,ZONE-0029
OTA-006653,ZONE-0029
OTA-006654,ZONE-0029
OTA-006655,ZONE-0030
OTA-006656,ZONE-0030
OTA-006657,ZONE-0029
OTA-006658,ZONE-0029
OTA-006659,ZONE-0029
OTA-006660,ZONE-0030
OTA-006661,ZONE-0030
OTA-006662,ZONE-0029
OTA-006663,ZONE-0030
OTA-006664,ZONE-0029
OTA-006665,ZONE-0029
OTA-006666,ZONE-0030
OTA-006667,ZONE-0029
OTA-006668,ZONE-0030
OTA-006669,ZONE-0030
OTA-006670,ZONE-0030
OTA-006671,ZONE-0030
OTA-006672,ZONE-0029
OTA-006673,ZONE-0029
OTA-006674,ZONE-0030
OTA-006675,ZONE-0030
OTA-006676,ZONE-0030
OTA-006677,ZONE-0029
OTA-006678,ZONE-0029
OTA-006679,ZONE-0030
OTA-006680,ZONE-0029
OTA-006681,ZONE-0030
OTA-006682,ZONE-0029
OTA-006683,ZONE-0029
OTA-006684,ZONE-0029
OTA-006685,ZONE-0030
OTA-006686,ZONE-0030
OTA-006687,ZONE-0030
OTA-006688,ZONE-0030
OTA-006689,ZONE-0029
OTA-006690,ZONE-0030
OTA-006691,ZONE-0029
OTA-006692,ZONE-0030
OTA-006693,ZONE-0030
OTA-006694,ZONE-0030
OTA-006695,ZONE-0029
OTA-006696,ZONE-0030
OTA-006697,ZONE-0030
OTA-006698,ZONE-0029
OTA-006699,ZONE-0029
OTA-006700,ZONE-0029
OTA-006701,ZONE-0030
OTA-006702,ZONE-0030
OTA-006703,ZONE-0029
OTA-006704,ZONE-0030
OTA-006705,ZONE-0029
OTA-006706,ZONE-0029
OTA-006707,ZONE-0029
OTA-006708,ZONE-0029
OTA-006709,ZONE-0029
OTA-006710,ZONE-0030
OTA-006711,ZONE-0030
OTA-006712,ZONE-0030
OTA-006713,ZONE-0029
OTA-006714,ZONE-0029
OTA-006715,ZONE-0030
OTA-006716,ZONE-0029
OTA-006717,ZONE-0029
OTA-006718,ZONE-0030
OTA-006719,ZONE-0029
OTA-006720,ZONE-0029
OTA-006721,ZONE-0030
OTA-006722,ZONE-0029
OTA-006723,ZONE-0030
OTA-006724,ZONE-0029
OTA-006725,ZONE-0030
OTA-006726,ZONE-0029
OTA-006727,ZONE-0030
OTA-006728,ZONE-0030
OTA-006729,ZONE-0030
OTA-006730,ZONE-0030
OTA-006731,ZONE-0029
OTA-006732,ZONE-0030
OTA-006733,ZONE-0030
OTA-006734,ZONE-0029
OTA-006735,ZONE-0030
OTA-006736,ZONE-0029
OTA-006737,ZONE-0029
OTA-006738,ZONE-0030
OTA-006739,ZONE-0030
OTA-006740,ZONE-0030
OTA-006741,ZONE-0029
OTA-006742,ZONE-0029
OTA-006743,ZONE-0029
OTA-006744,ZONE-0030
OTA-006745,ZONE-0029
OTA-006746,ZONE-0030
OTA-006747,ZONE-0030
OTA-006748,ZONE-0030
OTA-006749,ZONE-0030
OTA-006750,ZONE-0029
OTA-006751,ZONE-0029
OTA-006752,ZONE-0029
OTA-006753,ZONE-0030
OTA-006754,ZONE-0030
OTA-006755,ZONE-0029
OTA-006756,ZONE-0029
OTA-006757,ZONE-0030
OTA-006758,ZONE-0029
OTA-006759,ZONE-0030
OTA-006760,ZONE-0030
OTA-006761,ZONE-0030
OTA-006762,ZONE-0029
OTA-006763,ZONE-0029
OTA-006764,ZONE-0029
OTA-006765,ZONE-0029
OTA-006766,ZONE-0029
OTA-006767,ZONE-0029
OTA-006768,ZONE-0029
OTA-006769,ZONE-0030
OTA-006770,ZONE-0029
OTA-006771,ZONE-0030
OTA-006772,ZONE-0029
OTA-006773,ZONE-0030
OTA-006774,ZONE-0029
OTA-006775,ZONE-0029
OTA-006776,ZONE-0029
OTA-006777,ZONE-0029
OTA-006778,ZONE-0030
OTA-006779,ZONE-0029
OTA-006780,ZONE-0030
OTA-006781,ZONE-0029
OTA-006782,ZONE-0030
OTA-006783,ZONE-0029
OTA-006784,ZONE-0029
OTA-006785,ZONE-0029
OTA-006786,ZONE-0029
OTA-006787,ZONE-0030
OTA-006788,ZONE-0030
OTA-006789,ZONE-0029
OTA-006790,ZONE-0029
OTA-006791,ZONE-0030
OTA-006792,ZONE-0030
OTA-006793,ZONE-0029
OTA-006794,ZONE-0029
OTA-006795,ZONE-0029
OTA-006796,ZONE-0029
OTA-006797,ZONE-0029
OTA-006798,ZONE-0029
OTA-006799,ZONE-0030
OTA-006800,ZONE-0030
OTA-006801,ZONE-0030
OTA-006802,ZONE-0030
OTA-006803,ZONE-0029
OTA-006804,ZONE-0030
OTA-006805,ZONE-0030
OTA-006806,ZONE-0029
OTA-006807,ZONE-0029
OTA-006808,ZONE-0030
OTA-006809,ZONE-0030
OTA-006810,ZONE-0030
OTA-006811,ZONE-0030
OTA-006812,ZONE-0029
OTA-006813,ZONE-0029
OTA-006814,ZONE-0030
OTA-006815,ZONE-0030
OTA-006816,ZONE-0030
OTA-006817,ZONE-0029
OTA-006818,ZONE-0030
OTA-006819,ZONE-0030
OTA-006820,ZONE-0029
OTA-006821,ZONE-0030
OTA-006822,ZONE-0029
OTA-006823,ZONE-0029
OTA-006824,ZONE-0029
OTA-006825,ZONE-0030
OTA-006826,ZONE-0029
OTA-006827,ZONE-0030
OTA-006828,ZONE-0029
OTA-006829,ZONE-0029
OTA-006830,ZONE-0029
OTA-006831,ZONE-0030
OTA-006832,ZONE-0030
OTA-006833,ZONE-0029
OTA-006834,ZONE-0029
OTA-006835,ZONE-0029
OTA-006836,ZONE-0030
OTA-006837,ZONE-0030
OTA-006838,ZONE-0029
OTA-006839,ZONE-0030
OTA-006840,ZONE-0029
OTA-006841,ZONE-0029
OTA-006842,ZONE-0029
OTA-006843,ZONE-0030
OTA-006844,ZONE-0029
OTA-006845,ZONE-0030
OTA-006846,ZONE-0029
OTA-006847,ZONE-0030
OTA-006848,ZONE-0030
OTA-006849,ZONE-0030
OTA-006850,ZONE-0030
OTA-006851,ZONE-0029
OTA-006852,ZONE-0029
OTA-006853,ZONE-0030
OTA-006854,ZONE-0029
OTA-006855,ZONE-0030
OTA-006856,ZONE-0029
OTA-006857,ZONE-0030
OTA-006858,ZONE-0030
OTA-006859,ZONE-0029
OTA-006860,ZONE-0030
OTA-006861,ZONE-0029
OTA-006862,ZONE-0030
OTA-006863,ZONE-0030
OTA-006864,ZONE-0029
OTA-006865,ZONE-0030
OTA-006866,ZONE-0029
OTA-006867,ZONE-0029
OTA-006868,ZONE-0030
OTA-006869,ZONE-0030
OTA-006870,ZONE-0030
OTA-006871,ZONE-0029
OTA-006872,ZONE-0029
OTA-006873,ZONE-0029
OTA-006874,ZONE-0029
OTA-006875,ZONE-0029
OTA-006876,ZONE-0029
OTA-006877,ZONE-0030
OTA-006878,ZONE-0029
OTA-006879,ZONE-0030
OTA-006880,ZONE-0030
OTA-006881,ZONE-0029
OTA-006882,ZONE-0030
OTA-006883,ZONE-0030
OTA-006884,ZONE-0030
OTA-006885,ZONE-0029
OTA-006886,ZONE-0029
OTA-006887,ZONE-0030
OTA-006888,ZONE-0030
OTA-006889,ZONE-0029
OTA-006890,ZONE-0030
OTA-006891,ZONE-0029
OTA-006892,ZONE-0030
OTA-006893,ZONE-0029
OTA-006894,ZONE-0029
OTA-006895,ZONE-0029
OTA-006896,ZONE-0029
OTA-006897,ZONE-0030
OTA-006898,ZONE-0030
OTA-006899,ZONE-0030
OTA-006900,ZONE-0029
OTA-006901,ZONE-0030
OTA-006902,ZONE-0030
OTA-006903,ZONE-0030
OTA-006904,ZONE-0030
OTA-006905,ZONE-0029
OTA-006906,ZONE-0029
OTA-006907,ZONE-0030
OTA-006908,ZONE-0030
OTA-006909,ZONE-0030
OTA-006910,ZONE-0030
OTA-006911,ZONE-0030
OTA-006912,ZONE-0030
OTA-006913,ZONE-0029
OTA-006914,ZONE-0029
OTA-006915,ZONE-0029
OTA-006916,ZONE-0030
OTA-006917,ZONE-0030
OTA-006918,ZONE-0030
OTA-006919,ZONE-0029
OTA-006920,ZONE-0029
OTA-006921,ZONE-0030
OTA-006922,ZONE-0029
OTA-006923,ZONE-0029
OTA-006924,ZONE-0029
OTA-006925,ZONE-0029
OTA-006926,ZONE-0029
OTA-006927,ZONE-0030
OTA-006928,ZONE-0029
OTA-006929,ZONE-0029
OTA-006930,ZONE-0030
OTA-006931,ZONE-0029
OTA-006932,ZONE-0030
OTA-006933,ZONE-0029
OTA-006934,ZONE-0030
OTA-006935,ZONE-0030
OTA-006936,ZONE-0029
OTA-006937,ZONE-0030
OTA-006938,ZONE-0029
OTA-006939,ZONE-0030
OTA-006940,ZONE-0030
OTA-006941,ZONE-0029
OTA-006942,ZONE-0030
OTA-006943,ZONE-0029
OTA-006944,ZONE-0029
OTA-006945,ZONE-0030
OTA-006946,ZONE-0030
OTA-006947,ZONE-0029
OTA-006948,ZONE-0030
OTA-006949,ZONE-0030
OTA-006950,ZONE-0029
OTA-006951,ZONE-0029
OTA-006952,ZONE-0030
OTA-006953,ZONE-0029
OTA-006954,ZONE-0030
OTA-006955,ZONE-0030
OTA-006956,ZONE-0029
OTA-006957,ZONE-0030
OTA-006958,ZONE-0030
OTA-006959,ZONE-0029
OTA-006960,ZONE-0030
OTA-006961,ZONE-0029
OTA-006962,ZONE-0029
OTA-006963,ZONE-0029
OTA-006964,ZONE-0030
OTA-006965,ZONE-0030
OTA-006966,ZONE-0030
OTA-006967,ZONE-0029
OTA-006968,ZONE-0029
OTA-006969,ZONE-0029
OTA-006970,ZONE-0030
OTA-006971,ZONE-0030
OTA-006972,ZONE-0029
OTA-006973,ZONE-0029
OTA-006974,ZONE-0030
OTA-006975,ZONE-0030
OTA-006976,ZONE-0029
OTA-006977,ZONE-0030
OTA-006978,ZONE-0030
OTA-006979,ZONE-0030
OTA-006980,ZONE-0030
OTA-006981,ZONE-0030
OTA-006982,ZONE-0029
OTA-006983,ZONE-0029
OTA-006984,ZONE-0029
OTA-006985,ZONE-0030
OTA-006986,ZONE-0029
OTA-006987,ZONE-0030
OTA-006988,ZONE-0030
OTA-006989,ZONE-0029
OTA-006990,ZONE-0029
OTA-006991,ZONE-0030
OTA-006992,ZONE-0030
OTA-006993,ZONE-0030
OTA-006994,ZONE-0029
OTA-006995,ZONE-0030
OTA-006996,ZONE-0030
OTA-006997,ZONE-0029
OTA-006998,ZONE-0030
OTA-006999,ZONE-0030
OTA-007000,ZONE-0030
OTA-007001,ZONE-0030
OTA-007002,ZONE-0029
OTA-007003,ZONE-0029
OTA-007004,ZONE-0029
OTA-007005,ZONE-0029
OTA-007006,ZONE-0030
OTA-007007,ZONE-0029
OTA-007008,ZONE-0029
OTA-007009,ZONE-0029
OTA-007010,ZONE-0029
OTA-007011,ZONE-0030
OTA-007012,ZONE-0029
OTA-007013,ZONE-0029
OTA-007014,ZONE-0029
OTA-007015,ZONE-0029
OTA-007016,ZONE-0029
OTA-007017,ZONE-0030
OTA-007018,ZONE-0030
OTA-007019,ZONE-0030
OTA-007020,ZONE-0029
OTA-007021,ZONE-0030
OTA-007022,ZONE-0029
OTA-007023,ZONE-0029
OTA-007024,ZONE-0029
OTA-007025,ZONE-0030
OTA-007026,ZONE-0030
OTA-007027,ZONE-0030
OTA-007028,ZONE-0029
OTA-007029,ZONE-0029
OTA-007030,ZONE-0030
OTA-007031,ZONE-0029
OTA-007032,ZONE-0030
OTA-007033,ZONE-0029
OTA-007034,ZONE-0029
OTA-007035,ZONE-0030
OTA-007036,ZONE-0030
OTA-007037,ZONE-0030
OTA-007038,ZONE-0030
OTA-007039,ZONE-0030
OTA-007040,ZONE-0030
OTA-007041,ZONE-0029
OTA-007042,ZONE-0029
OTA-007043,ZONE-0029
OTA-007044,ZONE-0030
OTA-007045,ZONE-0029
OTA-007046,ZONE-0029
OTA-007047,ZONE-0030
OTA-007048,ZONE-0030
OTA-007049,ZONE-0029
OTA-007050,ZONE-0030
OTA-007051,ZONE-0029
OTA-007052,ZONE-0030
OTA-007053,ZONE-0029
OTA-007054,ZONE-0030
OTA-007055,ZONE-0029
OTA-007056,ZONE-0029
OTA-007057,ZONE-0029
OTA-007058,ZONE-0029
OTA-007059,ZONE-0030
OTA-007060,ZONE-0030
OTA-007061,ZONE-0030
OTA-007062,ZONE-0029
OTA-007063,ZONE-0029
OTA-007064,ZONE-0030
OTA-007065,ZONE-0029
OTA-007066,ZONE-0029
OTA-007067,ZONE-0030
OTA-007068,ZONE-0030
OTA-007069,ZONE-0030
OTA-007070,ZONE-0030
OTA-007071,ZONE-0030
OTA-007072,ZONE-0029
OTA-007073,ZONE-0030
OTA-007074,ZONE-0029
OTA-007075,ZONE-0029
OTA-007076,ZONE-0029
OTA-007077,ZONE-0029
OTA-007078,ZONE-0030
OTA-007079,ZONE-0030
OTA-007080,ZONE-0030
OTA-007081,ZONE-0029
OTA-007082,ZONE-0030
OTA-007083,ZONE-0030
OTA-007084,ZONE-0029
OTA-007085,ZONE-0030
OTA-007086,ZONE-0030
OTA-007087,ZONE-0030
OTA-007088,ZONE-0029
OTA-007089,ZONE-0030
OTA-007090,ZONE-0030
OTA-007091,ZONE-0030
OTA-007092,ZONE-0030
OTA-007093,ZONE-0029
OTA-007094,ZONE-0029
OTA-007095,ZONE-0029
OTA-007096,ZONE-0030
OTA-007097,ZONE-0030
OTA-007098,ZONE-0029
OTA-007099,ZONE-0030
OTA-007100,ZONE-0029
OTA-007101,ZONE-0030
OTA-007102,ZONE-0029
OTA-007103,ZONE-0030
OTA-007104,ZONE-0029
OTA-007105,ZONE-0030
OTA-007106,ZONE-0030
OTA-007107,ZONE-0030
OTA-007108,ZONE-0029
OTA-007109,ZONE-0030
OTA-007110,ZONE-0029
OTA-007111,ZONE-0030
OTA-007112,ZONE-0029
OTA-007113,ZONE-0030
OTA-007114,ZONE-0029
OTA-007115,ZONE-0029
OTA-007116,ZONE-0029
OTA-007117,ZONE-0029
OTA-007118,ZONE-0030
OTA-007119,ZONE-0029
OTA-007120,ZONE-0030
OTA-007121,ZONE-0030
OTA-007122,ZONE-0030
OTA-007123,ZONE-0030
OTA-007124,ZONE-0029
OTA-007125,ZONE-0029
OTA-007126,ZONE-0029
OTA-007127,ZONE-0029
OTA-007128,ZONE-0030
OTA-007129,ZONE-0030
OTA-007130,ZONE-0030
OTA-007131,ZONE-0029
OTA-007132,ZONE-0030
OTA-007133,ZONE-0030
OTA-007134,ZONE-0029
OTA-007135,ZONE-0030
OTA-007136,ZONE-0030
OTA-007137,ZONE-0030
OTA-007138,ZONE-0029
OTA-007139,ZONE-0030
OTA-007140,ZONE-0030
OTA-007141,ZONE-0029
OTA-007142,ZONE-0029
OTA-007143,ZONE-0030
OTA-007144,ZONE-0030
OTA-007145,ZONE-0029
OTA-007146,ZONE-0029
OTA-007147,ZONE-0029
OTA-007148,ZONE-0029
OTA-007149,ZONE-0030
OTA-007150,ZONE-0029
OTA-007151,ZONE-0029
OTA-007152,ZONE-0029
OTA-007153,ZONE-0030
OTA-007154,ZONE-0030
OTA-007155,ZONE-0030
OTA-007156,ZONE-0030
OTA-007157,ZONE-0029
OTA-007158,ZONE-0030
OTA-007159,ZONE-0029
OTA-007160,ZONE-0029
OTA-007161,ZONE-0029
OTA-007162,ZONE-0030
OTA-007163,ZONE-0030
OTA-007164,ZONE-0029
OTA-007165,ZONE-0030
OTA-007166,ZONE-0030
OTA-007167,ZONE-0029
OTA-007168,ZONE-0029
OTA-007169,ZONE-0030
OTA-007170,ZONE-0030
OTA-007171,ZONE-0029
OTA-007172,ZONE-0030
OTA-007173,ZONE-0029
OTA-007174,ZONE-0030
OTA-007175,ZONE-0029
OTA-007176,ZONE-0030
OTA-007177,ZONE-0030
OTA-007178,ZONE-0029
OTA-007179,ZONE-0030
OTA-007180,ZONE-0030
OTA-007181,ZONE-0030
OTA-007182,ZONE-0030
OTA-007183,ZONE-0030
OTA-007184,ZONE-0030
OTA-007185,ZONE-0029
OTA-007186,ZONE-0030
OTA-007187,ZONE-0029
OTA-007188,ZONE-0029
OTA-007189,ZONE-0030
OTA-007190,ZONE-0030
OTA-007191,ZONE-0029
OTA-007192,ZONE-0030
OTA-007193,ZONE-0029
OTA-007194,ZONE-0030
OTA-007195,ZONE-0029
OTA-007196,ZONE-0030
OTA-007197,ZONE-0029
OTA-007198,ZONE-0029
OTA-007199,ZONE-0030
OTA-007200,ZONE-0030
OTA-007201,ZONE-0029
OTA-007202,ZONE-0030
OTA-007203,ZONE-0030
OTA-007204,ZONE-0029
OTA-007205,ZONE-0030
OTA-007206,ZONE-0030
OTA-007207,ZONE-0029
OTA-007208,ZONE-0029
OTA-007209,ZONE-0029
OTA-007210,ZONE-0030
OTA-007211,ZONE-0030
OTA-007212,ZONE-0029
OTA-007213,ZONE-0030
OTA-007214,ZONE-0029
OTA-007215,ZONE-0030
OTA-007216,ZONE-0030
OTA-007217,ZONE-0030
OTA-007218,ZONE-0029
OTA-007219,ZONE-0030
OTA-007220,ZONE-0030
OTA-007221,ZONE-0030
OTA-007222,ZONE-0030
OTA-007223,ZONE-0029
OTA-007224,ZONE-0029
OTA-007225,ZONE-0030
OTA-007226,ZONE-0029
OTA-007227,ZONE-0029
OTA-007228,ZONE-0029
OTA-007229,ZONE-0029
OTA-007230,ZONE-0030
OTA-007231,ZONE-0029
OTA-007232,ZONE-0029
OTA-007233,ZONE-0030
OTA-007234,ZONE-0029
OTA-007235,ZONE-0030
OTA-007236,ZONE-0030
OTA-007237,ZONE-0029
OTA-007238,ZONE-0030
OTA-007239,ZONE-0030
OTA-007240,ZONE-0030
OTA-007241,ZONE-0030
OTA-007242,ZONE-0029
OTA-007243,ZONE-0029
OTA-007244,ZONE-0030
OTA-007245,ZONE-0030
OTA-007246,ZONE-0029
OTA-007247,ZONE-0030
OTA-007248,ZONE-0030
OTA-007249,ZONE-0029
OTA-007250,ZONE-0030
OTA-007251,ZONE-0030
OTA-007252,ZONE-0029
OTA-007253,ZONE-0030
OTA-007254,ZONE-0030
OTA-007255,ZONE-0029
OTA-007256,ZONE-0030
OTA-007257,ZONE-0030
OTA-007258,ZONE-0030
OTA-007259,ZONE-0029
OTA-007260,ZONE-0029
OTA-007261,ZONE-0029
OTA-007262,ZONE-0030
OTA-007263,ZONE-0029
OTA-007264,ZONE-0029
OTA-007265,ZONE-0030
OTA-007266,ZONE-0030
OTA-007267,ZONE-0030
OTA-007268,ZONE-0029
OTA-007269,ZONE-0030
OTA-007270,ZONE-0029
OTA-007271,ZONE-0030
OTA-007272,ZONE-0029
OTA-007273,ZONE-0030
OTA-007274,ZONE-0030
OTA-007275,ZONE-0030
OTA-007276,ZONE-0030
OTA-007277,ZONE-0029
OTA-007278,ZONE-0029
OTA-007279,ZONE-0029
OTA-007280,ZONE-0030
OTA-007281,ZONE-0030
OTA-007282,ZONE-0030
OTA-007283,ZONE-0029
OTA-007284,ZONE-0030
OTA-007285,ZONE-0029
OTA-007286,ZONE-0029
OTA-007287,ZONE-0030
OTA-007288,ZONE-0029
OTA-007289,ZONE-0029
OTA-007290,ZONE-0029
OTA-007291,ZONE-0029
OTA-007292,ZONE-0029
OTA-007293,ZONE-0030
OTA-007294,ZONE-0029
OTA-007295,ZONE-0029
OTA-007296,ZONE-0030
OTA-007297,ZONE-0030
OTA-007298,ZONE-0030
OTA-007299,ZONE-0030
OTA-007300,ZONE-0029
OTA-007301,ZONE-0029
OTA-007302,ZONE-0030
OTA-007303,ZONE-0030
OTA-007304,ZONE-0030
OTA-007305,ZONE-0030
OTA-007306,ZONE-0030
OTA-007307,ZONE-0030
OTA-007308,ZONE-0030
OTA-007309,ZONE-0030
OTA-007310,ZONE-0029
OTA-007311,ZONE-0029
OTA-007312,ZONE-0030
OTA-007313,ZONE-0029
OTA-007314,ZONE-0030
OTA-007315,ZONE-0030
OTA-007316,ZONE-0030
OTA-007317,ZONE-0029
OTA-007318,ZONE-0029
OTA-007319,ZONE-0029
OTA-007320,ZONE-0029
OTA-007321,ZONE-0029
OTA-007322,ZONE-0029
OTA-007323,ZONE-0030
OTA-007324,ZONE-0030
OTA-007325,ZONE-0029
OTA-007326,ZONE-0029
OTA-007327,ZONE-0030
OTA-007328,ZONE-0029
OTA-007329,ZONE-0030
OTA-007330,ZONE-0029
OTA-007331,ZONE-0030
OTA-007332,ZONE-0029
OTA-007333,ZONE-0030
OTA-007334,ZONE-0030
OTA-007335,ZONE-0029
OTA-007336,ZONE-0029
OTA-007337,ZONE-0029
OTA-007338,ZONE-0030
OTA-007339,ZONE-0030
OTA-007340,ZONE-0030
OTA-007341,ZONE-0029
OTA-007342,ZONE-0030
OTA-007343,ZONE-0030
OTA-007344,ZONE-0029
OTA-007345,ZONE-0030
OTA-007346,ZONE-0029
OTA-007347,ZONE-0029
OTA-007348,ZONE-0029
OTA-007349,ZONE-0029
OTA-007350,ZONE-0030
OTA-007351,ZONE-0029
OTA-007352,ZONE-0029
OTA-007353,ZONE-0029
OTA-007354,ZONE-0029
OTA-007355,ZONE-0029
OTA-007356,ZONE-0029
OTA-007357,ZONE-0030
OTA-007358,ZONE-0030
OTA-007359,ZONE-0030
OTA-007360,ZONE-0030
OTA-007361,ZONE-0030
OTA-007362,ZONE-0029
OTA-007363,ZONE-0029
OTA-007364,ZONE-0030
OTA-007365,ZONE-0035
OTA-007366,ZONE-0034
OTA-007367,ZONE-0034
OTA-007368,ZONE-0034
OTA-007369,ZONE-0034
OTA-007370,ZONE-0035
OTA-007371,ZONE-0034
OTA-007372,ZONE-0034
OTA-007373,ZONE-0034
OTA-007374,ZONE-0035
OTA-007375,ZONE-0035
OTA-007376,ZONE-0034
OTA-007377,ZONE-0034
OTA-007378,ZONE-0035
OTA-007379,ZONE-0034
OTA-007380,ZONE-0034
OTA-007381,ZONE-0034
OTA-007382,ZONE-0035
OTA-007383,ZONE-0034
OTA-007384,ZONE-0035
OTA-007385,ZONE-0035
OTA-007386,ZONE-0035
OTA-007387,ZONE-0034
OTA-007388,ZONE-0034
OTA-007389,ZONE-0034
OTA-007390,ZONE-0035
OTA-007391,ZONE-0034
OTA-007392,ZONE-0035
OTA-007393,ZONE-0035
OTA-007394,ZONE-0035
OTA-007395,ZONE-0035
OTA-007396,ZONE-0035
OTA-007397,ZONE-0034
OTA-007398,ZONE-0035
OTA-007399,ZONE-0034
OTA-007400,ZONE-0034
OTA-007401,ZONE-0035
OTA-007402,ZONE-0034
OTA-007403,ZONE-0035
OTA-007404,ZONE-0035
OTA-007405,ZONE-0034
OTA-007406,ZONE-0035
OTA-007407,ZONE-0035
OTA-007408,ZONE-0034
OTA-007409,ZONE-0034
OTA-007410,ZONE-0034
OTA-007411,ZONE-0035
OTA-007412,ZONE-0035
OTA-007413,ZONE-0035
OTA-007414,ZONE-0034
OTA-007415,ZONE-0035
OTA-007416,ZONE-0035
OTA-007417,ZONE-0035
OTA-007418,ZONE-0035
OTA-007419,ZONE-0034
OTA-007420,ZONE-0034
OTA-007421,ZONE-0034
OTA-007422,ZONE-0035
OTA-007423,ZONE-0034
OTA-007424,ZONE-0035
OTA-007425,ZONE-0034
OTA-007426,ZONE-0034
OTA-007427,ZONE-0035
OTA-007428,ZONE-0034
OTA-007429,ZONE-0035
OTA-007430,ZONE-0034
OTA-007431,ZONE-0034
OTA-007432,ZONE-0034
OTA-007433,ZONE-0035
OTA-007434,ZONE-0035
OTA-007435,ZONE-0035
OTA-007436,ZONE-0035
OTA-007437,ZONE-0035
OTA-007438,ZONE-0034
OTA-007439,ZONE-0034
OTA-007440,ZONE-0035
OTA-007441,ZONE-0034
OTA-007442,ZONE-0034
OTA-007443,ZONE-0035
OTA-007444,ZONE-0035
OTA-007445,ZONE-0034
OTA-007446,ZONE-0035
OTA-007447,ZONE-0035
OTA-007448,ZONE-0034
OTA-007449,ZONE-0035
OTA-007450,ZONE-0034
OTA-007451,ZONE-0034
OTA-007452,ZONE-0035
OTA-007453,ZONE-0034
OTA-007454,ZONE-0034
OTA-007455,ZONE-0034
OTA-007456,ZONE-0034
OTA-007457,ZONE-0034
OTA-007458,ZONE-0034
OTA-007459,ZONE-0034
OTA-007460,ZONE-0035
OTA-007461,ZONE-0034
OTA-007462,ZONE-0035
OTA-007463,ZONE-0034
OTA-007464,ZONE-0034
OTA-007465,ZONE-0034
OTA-007466,ZONE-0034
OTA-007467,ZONE-0035
OTA-007468,ZONE-0035
OTA-007469,ZONE-0034
OTA-007470,ZONE-0035
OTA-007471,ZONE-0035
OTA-007472,ZONE-0035
OTA-007473,ZONE-0035
OTA-007474,ZONE-0035
OTA-007475,ZONE-0035
OTA-007476,ZONE-0035
OTA-007477,ZONE-0035
OTA-007478,ZONE-0034
OTA-007479,ZONE-0034
OTA-007480,ZONE-0035
OTA-007481,ZONE-0034
OTA-007482,ZONE-0034
OTA-007483,ZONE-0034
OTA-007484,ZONE-0034
OTA-007485,ZONE-0034
OTA-007486,ZONE-0035
OTA-007487,ZONE-0034
OTA-007488,ZONE-0034
OTA-007489,ZONE-0035
OTA-007490,ZONE-0035
OTA-007491,ZONE-0035
OTA-007492,ZONE-0035
OTA-007493,ZONE-0034
OTA-007494,ZONE-0035
OTA-007495,ZONE-0035
OTA-007496,ZONE-0034
OTA-007497,ZONE-0034
OTA-007498,ZONE-0035
OTA-007499,ZONE-0034
OTA-007500,ZONE-0035
OTA-007501,ZONE-0035
OTA-007502,ZONE-0035
OTA-007503,ZONE-0035
OTA-007504,ZONE-0035
OTA-007505,ZONE-0035
OTA-007506,ZONE-0035
OTA-007507,ZONE-0035
OTA-007508,ZONE-0034
OTA-007509,ZONE-0035
OTA-007510,ZONE-0035
OTA-007511,ZONE-0035
OTA-007512,ZONE-0034
OTA-007513,ZONE-0034
OTA-007514,ZONE-0035
OTA-007515,ZONE-0035
OTA-007516,ZONE-0034
OTA-007517,ZONE-0035
OTA-007518,ZONE-0035
OTA-007519,ZONE-0034
OTA-007520,ZONE-0034
OTA-007521,ZONE-0035
OTA-007522,ZONE-0034
OTA-007523,ZONE-0034
OTA-007524,ZONE-0035
OTA-007525,ZONE-0035
OTA-007526,ZONE-0035
OTA-007527,ZONE-0034
OTA-007528,ZONE-0034
OTA-007529,ZONE-0035
OTA-007530,ZONE-0035
OTA-007531,ZONE-0035
OTA-007532,ZONE-0034
OTA-007533,ZONE-0034
OTA-007534,ZONE-0034
OTA-007535,ZONE-0035
OTA-007536,ZONE-0034
OTA-007537,ZONE-0034
OTA-007538,ZONE-0035
OTA-007539,ZONE-0035
OTA-007540,ZONE-0035
OTA-007541,ZONE-0034
OTA-007542,ZONE-0035
OTA-007543,ZONE-0034
OTA-007544,ZONE-0035
OTA-007545,ZONE-0034
OTA-007546,ZONE-0034
OTA-007547,ZONE-0035
OTA-007548,ZONE-0035
OTA-007549,ZONE-0035
OTA-007550,ZONE-0034
OTA-007551,ZONE-0034
OTA-007552,ZONE-0035
OTA-007553,ZONE-0035
OTA-007554,ZONE-0034
OTA-007555,ZONE-0034
OTA-007556,ZONE-0035
OTA-007557,ZONE-0034
OTA-007558,ZONE-0034
OTA-007559,ZONE-0035
OTA-007560,ZONE-0034
OTA-007561,ZONE-0035
OTA-007562,ZONE-0034
OTA-007563,ZONE-0035
OTA-007564,ZONE-0035
OTA-007565,ZONE-0034
OTA-007566,ZONE-0034
OTA-007567,ZONE-0034
OTA-007568,ZONE-0035
OTA-007569,ZONE-0034
OTA-007570,ZONE-0035
OTA-007571,ZONE-0035
OTA-007572,ZONE-0034
OTA-007573,ZONE-0035
OTA-007574,ZONE-0034
OTA-007575,ZONE-0035
OTA-007576,ZONE-0035
OTA-007577,ZONE-0034
OTA-007578,ZONE-0035
OTA-007579,ZONE-0035
OTA-007580,ZONE-0035
OTA-007581,ZONE-0035
OTA-007582,ZONE-0034
OTA-007583,ZONE-0034
OTA-007584,ZONE-0034
OTA-007585,ZONE-0035
OTA-007586,ZONE-0035
OTA-007587,ZONE-0035
OTA-007588,ZONE-0035
OTA-007589,ZONE-0035
OTA-007590,ZONE-0035
OTA-007591,ZONE-0034
OTA-007592,ZONE-0035
OTA-007593,ZONE-0034
OTA-007594,ZONE-0035
OTA-007595,ZONE-0034
OTA-007596,ZONE-0034
OTA-007597,ZONE-0035
OTA-007598,ZONE-0035
OTA-007599,ZONE-0035
OTA-007600,ZONE-0035
OTA-007601,ZONE-0034
OTA-007602,ZONE-0034
OTA-007603,ZONE-0034
OTA-007604,ZONE-0034
OTA-007605,ZONE-0035
OTA-007606,ZONE-0034
OTA-007607,ZONE-0034
OTA-007608,ZONE-0035
OTA-007609,ZONE-0035
OTA-007610,ZONE-0035
OTA-007611,ZONE-0035
OTA-007612,ZONE-0035
OTA-007613,ZONE-0034
OTA-007614,ZONE-0035
OTA-007615,ZONE-0034
OTA-007616,ZONE-0035
OTA-007617,ZONE-0035
OTA-007618,ZONE-0035
OTA-007619,ZONE-0034
OTA-007620,ZONE-0034
OTA-007621,ZONE-0034
OTA-007622,ZONE-0035
OTA-007623,ZONE-0035
OTA-007624,ZONE-0034
OTA-007625,ZONE-0034
OTA-007626,ZONE-0035
OTA-007627,ZONE-0035
OTA-007628,ZONE-0035
OTA-007629,ZONE-0034
OTA-007630,ZONE-0035
OTA-007631,ZONE-0035
OTA-007632,ZONE-0035
OTA-007633,ZONE-0034
OTA-007634,ZONE-0034
OTA-007635,ZONE-0034
OTA-007636,ZONE-0034
OTA-007637,ZONE-0035
OTA-007638,ZONE-0034
OTA-007639,ZONE-0034
OTA-007640,ZONE-0034
OTA-007641,ZONE-0034
OTA-007642,ZONE-0035
OTA-007643,ZONE-0034
OTA-007644,ZONE-0034
OTA-007645,ZONE-0035
OTA-007646,ZONE-0035
OTA-007647,ZONE-0034
OTA-007648,ZONE-0034
OTA-007649,ZONE-0034
OTA-007650,ZONE-0035
OTA-007651,ZONE-0034
OTA-007652,ZONE-0034
OTA-007653,ZONE-0034
OTA-007654,ZONE-0034
OTA-007655,ZONE-0035
OTA-007656,ZONE-0034
OTA-007657,ZONE-0034
OTA-007658,ZONE-0034
OTA-007659,ZONE-0034
OTA-007660,ZONE-0034
OTA-007661,ZONE-0035
OTA-007662,ZONE-0035
OTA-007663,ZONE-0034
OTA-007664,ZONE-0034
OTA-007665,ZONE-0034
OTA-007666,ZONE-0035
OTA-007667,ZONE-0034
OTA-007668,ZONE-0034
OTA-007669,ZONE-0034
OTA-007670,ZONE-0034
OTA-007671,ZONE-0035
OTA-007672,ZONE-0035
OTA-007673,ZONE-0034
OTA-007674,ZONE-0034
OTA-007675,ZONE-0035
OTA-007676,ZONE-0034
OTA-007677,ZONE-0035
OTA-007678,ZONE-0035
OTA-007679,ZONE-0034
OTA-007680,ZONE-0034
OTA-007681,ZONE-0034
OTA-007682,ZONE-0035
OTA-007683,ZONE-0034
OTA-007684,ZONE-0035
OTA-007685,ZONE-0034
OTA-007686,ZONE-0034
OTA-007687,ZONE-0034
OTA-007688,ZONE-0034
OTA-007689,ZONE-0034
OTA-007690,ZONE-0034
OTA-007691,ZONE-0035
OTA-007692,ZONE-0035
OTA-007693,ZONE-0034
OTA-007694,ZONE-0034
OTA-007695,ZONE-0034
OTA-007696,ZONE-0034
OTA-007697,ZONE-0034
OTA-007698,ZONE-0034
OTA-007699,ZONE-0035
OTA-007700,ZONE-0035
OTA-007701,ZONE-0035
OTA-007702,ZONE-0035
OTA-007703,ZONE-0034
OTA-007704,ZONE-0034
OTA-007705,ZONE-0035
OTA-007706,ZONE-0035
OTA-007707,ZONE-0035
OTA-007708,ZONE-0035
OTA-007709,ZONE-0034
OTA-007710,ZONE-0035
OTA-007711,ZONE-0034
OTA-007712,ZONE-0035
OTA-007713,ZONE-0035
OTA-007714,ZONE-0035
OTA-007715,ZONE-0035
OTA-007716,ZONE-0035
OTA-007717,ZONE-0035
OTA-007718,ZONE-0035
OTA-007719,ZONE-0035
OTA-007720,ZONE-0034
OTA-007721,ZONE-0035
OTA-007722,ZONE-0035
OTA-007723,ZONE-0034
OTA-007724,ZONE-0034
OTA-007725,ZONE-0035
OTA-007726,ZONE-0035
OTA-007727,ZONE-0034
OTA-007728,ZONE-0035
OTA-007729,ZONE-0034
OTA-007730,ZONE-0035
OTA-007731,ZONE-0035
OTA-007732,ZONE-0034
OTA-007733,ZONE-0035
OTA-007734,ZONE-0035
OTA-007735,ZONE-0034
OTA-007736,ZONE-0035
OTA-007737,ZONE-0035
OTA-007738,ZONE-0034
OTA-007739,ZONE-0035
OTA-007740,ZONE-0035
OTA-007741,ZONE-0034
OTA-007742,ZONE-0034
OTA-007743,ZONE-0034
OTA-007744,ZONE-0035
OTA-007745,ZONE-0034
OTA-007746,ZONE-0035
OTA-007747,ZONE-0034
OTA-007748,ZONE-0035
OTA-007749,ZONE-0035
OTA-007750,ZONE-0034
OTA-007751,ZONE-0034
OTA-007752,ZONE-0034
OTA-007753,ZONE-0035
OTA-007754,ZONE-0035
OTA-007755,ZONE-0035
OTA-007756,ZONE-0035
OTA-007757,ZONE-0035
OTA-007758,ZONE-0034
OTA-007759,ZONE-0034
OTA-007760,ZONE-0035
OTA-007761,ZONE-0035
OTA-007762,ZONE-0034
OTA-007763,ZONE-0034
OTA-007764,ZONE-0034
OTA-007765,ZONE-0034
OTA-007766,ZONE-0034
OTA-007767,ZONE-0034
OTA-007768,ZONE-0035
OTA-007769,ZONE-0035
OTA-007770,ZONE-0034
OTA-007771,ZONE-0035
OTA-007772,ZONE-0034
OTA-007773,ZONE-0034
OTA-007774,ZONE-0035
OTA-007775,ZONE-0034
OTA-007776,ZONE-0034
OTA-007777,ZONE-0034
OTA-007778,ZONE-0034
OTA-007779,ZONE-0034
OTA-007780,ZONE-0035
OTA-007781,ZONE-0034
OTA-007782,ZONE-0034
OTA-007783,ZONE-0034
OTA-007784,ZONE-0035
OTA-007785,ZONE-0034
OTA-007786,ZONE-0035
OTA-007787,ZONE-0034
OTA-007788,ZONE-0035
OTA-007789,ZONE-0034
OTA-007790,ZONE-0034
OTA-007791,ZONE-0034
OTA-007792,ZONE-0034
OTA-007793,ZONE-0034
OTA-007794,ZONE-0035
OTA-007795,ZONE-0034
OTA-007796,ZONE-0035
OTA-007797,ZONE-0035
OTA-007798,ZONE-0034
OTA-007799,ZONE-0035
OTA-007800,ZONE-0034
OTA-007801,ZONE-0035
OTA-007802,ZONE-0035
OTA-007803,ZONE-0034
OTA-007804,ZONE-0035
OTA-007805,ZONE-0034
OTA-007806,ZONE-0034
OTA-007807,ZONE-0034
OTA-007808,ZONE-0034
OTA-007809,ZONE-0034
OTA-007810,ZONE-0035
OTA-007811,ZONE-0035
OTA-007812,ZONE-0034
OTA-007813,ZONE-0034
OTA-007814,ZONE-0034
OTA-007815,ZONE-0034
OTA-007816,ZONE-0034
OTA-007817,ZONE-0035
OTA-007818,ZONE-0034
OTA-007819,ZONE-0034
OTA-007820,ZONE-0034
OTA-007821,ZONE-0035
OTA-007822,ZONE-0035
OTA-007823,ZONE-0034
OTA-007824,ZONE-0034
OTA-007825,ZONE-0035
OTA-007826,ZONE-0035
OTA-007827,ZONE-0034
OTA-007828,ZONE-0034
OTA-007829,ZONE-0035
OTA-007830,ZONE-0034
OTA-007831,ZONE-0034
OTA-007832,ZONE-0034
OTA-007833,ZONE-0035
OTA-007834,ZONE-0034
OTA-007835,ZONE-0034
OTA-007836,ZONE-0034
OTA-007837,ZONE-0035
OTA-007838,ZONE-0034
OTA-007839,ZONE-0035
OTA-007840,ZONE-0034
OTA-007841,ZONE-0034
OTA-007842,ZONE-0034
OTA-007843,ZONE-0034
OTA-007844,ZONE-0035
OTA-007845,ZONE-0034
OTA-007846,ZONE-0035
OTA-007847,ZONE-0035
OTA-007848,ZONE-0035
OTA-007849,ZONE-0035
OTA-007850,ZONE-0035
OTA-007851,ZONE-0035
OTA-007852,ZONE-0034
OTA-007853,ZONE-0034
OTA-007854,ZONE-0035
OTA-007855,ZONE-0034
OTA-007856,ZONE-0034
OTA-007857,ZONE-0034
OTA-007858,ZONE-0034
OTA-007859,ZONE-0034
OTA-007860,ZONE-0034
OTA-007861,ZONE-0035
OTA-007862,ZONE-0034
OTA-007863,ZONE-0034
OTA-007864,ZONE-0035
OTA-007865,ZONE-0034
OTA-007866,ZONE-0035
OTA-007867,ZONE-0035
OTA-007868,ZONE-0034
OTA-007869,ZONE-0035
OTA-007870,ZONE-0034
OTA-007871,ZONE-0034
OTA-007872,ZONE-0035
OTA-007873,ZONE-0034
OTA-007874,ZONE-0035
OTA-007875,ZONE-0035
OTA-007876,ZONE-0034
OTA-007877,ZONE-0035
OTA-007878,ZONE-0035
OTA-007879,ZONE-0035
OTA-007880,ZONE-0035
OTA-007881,ZONE-0035
OTA-007882,ZONE-0035
OTA-007883,ZONE-0034
OTA-007884,ZONE-0035
OTA-007885,ZONE-0034
OTA-007886,ZONE-0034
OTA-007887,ZONE-0035
OTA-007888,ZONE-0034
OTA-007889,ZONE-0035
OTA-007890,ZONE-0035
OTA-007891,ZONE-0034
OTA-007892,ZONE-0035
OTA-007893,ZONE-0035
OTA-007894,ZONE-0035
OTA-007895,ZONE-0034
OTA-007896,ZONE-0034
OTA-007897,ZONE-0034
OTA-007898,ZONE-0034
OTA-007899,ZONE-0034
OTA-007900,ZONE-0034
OTA-007901,ZONE-0034
OTA-007902,ZONE-0035
OTA-007903,ZONE-0035
OTA-007904,ZONE-0035
OTA-007905,ZONE-0034
OTA-007906,ZONE-0035
OTA-007907,ZONE-0034
OTA-007908,ZONE-0034
OTA-007909,ZONE-0035
OTA-007910,ZONE-0034
OTA-007911,ZONE-0034
OTA-007912,ZONE-0035
OTA-007913,ZONE-0034
OTA-007914,ZONE-0034
OTA-007915,ZONE-0034
OTA-007916,ZONE-0035
OTA-007917,ZONE-0035
OTA-007918,ZONE-0035
OTA-007919,ZONE-0035
OTA-007920,ZONE-0035
OTA-007921,ZONE-0034
OTA-007922,ZONE-0034
OTA-007923,ZONE-0035
OTA-007924,ZONE-0035
OTA-007925,ZONE-0034
OTA-007926,ZONE-0035
OTA-007927,ZONE-0035
OTA-007928,ZONE-0035
OTA-007929,ZONE-0035
OTA-007930,ZONE-0034
OTA-007931,ZONE-0034
OTA-007932,ZONE-0035
OTA-007933,ZONE-0035
OTA-007934,ZONE-0034
OTA-007935,ZONE-0034
OTA-007936,ZONE-0035
OTA-007937,ZONE-0034
OTA-007938,ZONE-0035
OTA-007939,ZONE-0034
OTA-007940,ZONE-0034
OTA-007941,ZONE-0035
OTA-007942,ZONE-0034
OTA-007943,ZONE-0034
OTA-007944,ZONE-0034
OTA-007945,ZONE-0034
OTA-007946,ZONE-0035
OTA-007947,ZONE-0035
OTA-007948,ZONE-0034
OTA-007949,ZONE-0035
OTA-007950,ZONE-0034
OTA-007951,ZONE-0034
OTA-007952,ZONE-0034
OTA-007953,ZONE-0035
OTA-007954,ZONE-0034
OTA-007955,ZONE-0035
OTA-007956,ZONE-0035
OTA-007957,ZONE-0035
OTA-007958,ZONE-0035
OTA-007959,ZONE-0035
OTA-007960,ZONE-0034
OTA-007961,ZONE-0034
OTA-007962,ZONE-0035
OTA-007963,ZONE-0035
OTA-007964,ZONE-0034
OTA-007965,ZONE-0034
OTA-007966,ZONE-0034
OTA-007967,ZONE-0034
OTA-007968,ZONE-0034
OTA-007969,ZONE-0035
OTA-007970,ZONE-0034
OTA-007971,ZONE-0034
OTA-007972,ZONE-0035
OTA-007973,ZONE-0034
OTA-007974,ZONE-0035
OTA-007975,ZONE-0035
OTA-007976,ZONE-0034
OTA-007977,ZONE-0034
OTA-007978,ZONE-0034
OTA-007979,ZONE-0035
OTA-007980,ZONE-0034
OTA-007981,ZONE-0034
OTA-007982,ZONE-0035
OTA-007983,ZONE-0035
OTA-007984,ZONE-0034
OTA-007985,ZONE-0035
OTA-007986,ZONE-0034
OTA-007987,ZONE-0035
OTA-007988,ZONE-0034
OTA-007989,ZONE-0034
OTA-007990,ZONE-0035
OTA-007991,ZONE-0035
OTA-007992,ZONE-0035
OTA-007993,ZONE-0035
OTA-007994,ZONE-0034
OTA-007995,ZONE-0035
OTA-007996,ZONE-0035
OTA-007997,ZONE-0034
OTA-007998,ZONE-0034
OTA-007999,ZONE-0034
OTA-008000,ZONE-0035
OTA-008001,ZONE-0034
OTA-008002,ZONE-0035
OTA-008003,ZONE-0034
OTA-008004,ZONE-0035
OTA-008005,ZONE-0035
OTA-008006,ZONE-0035
OTA-008007,ZONE-0034
OTA-008008,ZONE-0034
OTA-008009,ZONE-0035
OTA-008010,ZONE-0034
OTA-008011,ZONE-0034
OTA-008012,ZONE-0034
OTA-008013,ZONE-0034
OTA-008014,ZONE-0035
OTA-008015,ZONE-0035
OTA-008016,ZONE-0035
OTA-008017,ZONE-0035
OTA-008018,ZONE-0035
OTA-008019,ZONE-0035
OTA-008020,ZONE-0034
OTA-008021,ZONE-0034
OTA-008022,ZONE-0034
OTA-008023,ZONE-0034
OTA-008024,ZONE-0034
OTA-008025,ZONE-0034
OTA-008026,ZONE-0035
OTA-008027,ZONE-0034
OTA-008028,ZONE-0034
OTA-008029,ZONE-0034
OTA-008030,ZONE-0034
OTA-008031,ZONE-0035
OTA-008032,ZONE-0035
OTA-008033,ZONE-0035
OTA-008034,ZONE-0035
OTA-008035,ZONE-0035
OTA-008036,ZONE-0034
OTA-008037,ZONE-0034
OTA-008038,ZONE-0034
OTA-008039,ZONE-0034
OTA-008040,ZONE-0034
OTA-008041,ZONE-0035
OTA-008042,ZONE-0034
OTA-008043,ZONE-0034
OTA-008044,ZONE-0035
OTA-008045,ZONE-0035
OTA-008046,ZONE-0035
OTA-008047,ZONE-0035
OTA-008048,ZONE-0035
OTA-008049,ZONE-0035
OTA-008050,ZONE-0034
OTA-008051,ZONE-0034
OTA-008052,ZONE-0035
OTA-008053,ZONE-0034
OTA-008054,ZONE-0034
OTA-008055,ZONE-0034
OTA-008056,ZONE-0034
OTA-008057,ZONE-0035
OTA-008058,ZONE-0035
OTA-008059,ZONE-0035
OTA-008060,ZONE-0035
OTA-008061,ZONE-0034
OTA-008062,ZONE-0035
OTA-008063,ZONE-0034
OTA-008064,ZONE-0035
OTA-008065,ZONE-0034
OTA-008066,ZONE-0034
OTA-008067,ZONE-0034
OTA-008068,ZONE-0035
OTA-008069,ZONE-0035
OTA-008070,ZONE-0034
OTA-008071,ZONE-0035
OTA-008072,ZONE-0034
OTA-008073,ZONE-0034
OTA-008074,ZONE-0035
OTA-008075,ZONE-0034
OTA-008076,ZONE-0035
OTA-008077,ZONE-0035
OTA-008078,ZONE-0034
OTA-008079,ZONE-0035
OTA-008080,ZONE-0035
OTA-008081,ZONE-0035
OTA-008082,ZONE-0034
OTA-008083,ZONE-0034
OTA-008084,ZONE-0034
OTA-008085,ZONE-0034
OTA-008086,ZONE-0035
OTA-008087,ZONE-0035
OTA-008088,ZONE-0035
OTA-008089,ZONE-0034
OTA-008090,ZONE-0034
OTA-008091,ZONE-0034
OTA-008092,ZONE-0034
OTA-008093,ZONE-0035
OTA-008094,ZONE-0035
OTA-008095,ZONE-0035
OTA-008096,ZONE-0034
OTA-008097,ZONE-0035
OTA-008098,ZONE-0035
OTA-008099,ZONE-0034
OTA-008100,ZONE-0035
OTA-008101,ZONE-0034
OTA-008102,ZONE-0035
OTA-008103,ZONE-0035
OTA-008104,ZONE-0034
OTA-008105,ZONE-0035
OTA-008106,ZONE-0035
OTA-008107,ZONE-0035
OTA-008108,ZONE-0034
OTA-008109,ZONE-0034
OTA-008110,ZONE-0034
OTA-008111,ZONE-0034
OTA-008112,ZONE-0035
OTA-008113,ZONE-0035
OTA-008114,ZONE-0035
OTA-008115,ZONE-0034
OTA-008116,ZONE-0035
OTA-008117,ZONE-0034
OTA-008118,ZONE-0034
OTA-008119,ZONE-0034
OTA-008120,ZONE-0034
OTA-008121,ZONE-0034
OTA-008122,ZONE-0035
OTA-008123,ZONE-0035
OTA-008124,ZONE-0035
OTA-008125,ZONE-0034
OTA-008126,ZONE-0034
OTA-008127,ZONE-0035
OTA-008128,ZONE-0034
OTA-008129,ZONE-0034
OTA-008130,ZONE-0034
OTA-008131,ZONE-0035
OTA-008132,ZONE-0034
OTA-008133,ZONE-0035
OTA-008134,ZONE-0035
OTA-008135,ZONE-0035
OTA-008136,ZONE-0034
OTA-008137,ZONE-0035
OTA-008138,ZONE-0035
OTA-008139,ZONE-0035
OTA-008140,ZONE-0034
OTA-008141,ZONE-0035
OTA-008142,ZONE-0035
OTA-008143,ZONE-0034
OTA-008144,ZONE-0034
OTA-008145,ZONE-0035
OTA-008146,ZONE-0035
OTA-008147,ZONE-0034
OTA-008148,ZONE-0035
OTA-008149,ZONE-0034
OTA-008150,ZONE-0034
OTA-008151,ZONE-0035
OTA-008152,ZONE-0034
OTA-008153,ZONE-0035
OTA-008154,ZONE-0034
OTA-008155,ZONE-0034
OTA-008156,ZONE-0035
OTA-008157,ZONE-0034
OTA-008158,ZONE-0034
OTA-008159,ZONE-0034
OTA-008160,ZONE-0034
OTA-008161,ZONE-0035
OTA-008162,ZONE-0035
OTA-008163,ZONE-0034
OTA-008164,ZONE-0034
OTA-008165,ZONE-0035
OTA-008166,ZONE-0034
OTA-008167,ZONE-0034
OTA-008168,ZONE-0034
OTA-008169,ZONE-0034
OTA-008170,ZONE-0035
OTA-008171,ZONE-0035
OTA-008172,ZONE-0035
OTA-008173,ZONE-0035
OTA-008174,ZONE-0035
OTA-008175,ZONE-0035
OTA-008176,ZONE-0034
OTA-008177,ZONE-0035
OTA-008178,ZONE-0034
OTA-008179,ZONE-0034
OTA-008180,ZONE-0034
OTA-008181,ZONE-0034
OTA-008182,ZONE-0034
OTA-008183,ZONE-0034
OTA-008184,ZONE-0034
OTA-008185,ZONE-0034
OTA-008186,ZONE-0034
OTA-008187,ZONE-0034
OTA-008188,ZONE-0035
OTA-008189,ZONE-0034
OTA-008190,ZONE-0035
OTA-008191,ZONE-0035
OTA-008192,ZONE-0035
OTA-008193,ZONE-0034
OTA-008194,ZONE-0034
OTA-008195,ZONE-0034
OTA-008196,ZONE-0034
OTA-008197,ZONE-0034
OTA-008198,ZONE-0034
OTA-008199,ZONE-0034
OTA-008200,ZONE-0034
OTA-008201,ZONE-0035
OTA-008202,ZONE-0035
OTA-008203,ZONE-0034
OTA-008204,ZONE-0035
OTA-008205,ZONE-0035
OTA-008206,ZONE-0035
OTA-008207,ZONE-0035
OTA-008208,ZONE-0034
OTA-008209,ZONE-0035
OTA-008210,ZONE-0035
OTA-008211,ZONE-0034
OTA-008212,ZONE-0034
OTA-008213,ZONE-0034
OTA-008214,ZONE-0035
OTA-008215,ZONE-0035
OTA-008216,ZONE-0034
OTA-008217,ZONE-0035
OTA-008218,ZONE-0035
OTA-008219,ZONE-0034
OTA-008220,ZONE-0035
OTA-008221,ZONE-0035
OTA-008222,ZONE-0035
OTA-008223,ZONE-0034
OTA-008224,ZONE-0035
OTA-008225,ZONE-0034
OTA-008226,ZONE-0035
OTA-008227,ZONE-0034
OTA-008228,ZONE-0034
OTA-008229,ZONE-0034
OTA-008230,ZONE-0034
OTA-008231,ZONE-0034
OTA-008232,ZONE-0035
OTA-008233,ZONE-0035
OTA-008234,ZONE-0035
OTA-008235,ZONE-0035
OTA-008236,ZONE-0034
OTA-008237,ZONE-0034
OTA-008238,ZONE-0034
OTA-008239,ZONE-0034
OTA-008240,ZONE-0034
OTA-008241,ZONE-0034
OTA-008242,ZONE-0034
OTA-008243,ZONE-0035
OTA-008244,ZONE-0035
OTA-008245,ZONE-0034
OTA-008246,ZONE-0034
OTA-008247,ZONE-0035
OTA-008248,ZONE-0035
OTA-008249,ZONE-0034
OTA-008250,ZONE-0035
OTA-008251,ZONE-0034
OTA-008252,ZONE-0034
OTA-008253,ZONE-0034
OTA-008254,ZONE-0035
OTA-008255,ZONE-0035
OTA-008256,ZONE-0035
OTA-008257,ZONE-0035
OTA-008258,ZONE-0034
OTA-008259,ZONE-0034
OTA-008260,ZONE-0034
OTA-008261,ZONE-0035
OTA-008262,ZONE-0035
OTA-008263,ZONE-0034
OTA-008264,ZONE-0034
OTA-008265,ZONE-0034
OTA-008266,ZONE-0035
OTA-008267,ZONE-0035
OTA-008268,ZONE-0035
OTA-008269,ZONE-0034
OTA-008270,ZONE-0034
OTA-008271,ZONE-0035
OTA-008272,ZONE-0035
OTA-008273,ZONE-0035
OTA-008274,ZONE-0035
OTA-008275,ZONE-0035
OTA-008276,ZONE-0035
OTA-008277,ZONE-0035
OTA-008278,ZONE-0035
OTA-008279,ZONE-0034
OTA-008280,ZONE-0034
OTA-008281,ZONE-0034
OTA-008282,ZONE-0034
OTA-008283,ZONE-0035
OTA-008284,ZONE-0034
OTA-008285,ZONE-0034
OTA-008286,ZONE-0035
OTA-008287,ZONE-0034
OTA-008288,ZONE-0034
OTA-008289,ZONE-0034
OTA-008290,ZONE-0034
OTA-008291,ZONE-0034
OTA-008292,ZONE-0035
OTA-008293,ZONE-0034
OTA-008294,ZONE-0035
OTA-008295,ZONE-0034
OTA-008296,ZONE-0034
OTA-008297,ZONE-0035
OTA-008298,ZONE-0035
OTA-008299,ZONE-0035
OTA-008300,ZONE-0035
OTA-008301,ZONE-0035
OTA-008302,ZONE-0034
OTA-008303,ZONE-0035
OTA-008304,ZONE-0034
OTA-008305,ZONE-0035
OTA-008306,ZONE-0034
OTA-008307,ZONE-0034
OTA-008308,ZONE-0034
OTA-008309,ZONE-0035
OTA-008310,ZONE-0035
OTA-008311,ZONE-0035
OTA-008312,ZONE-0034
OTA-008313,ZONE-0035
OTA-008314,ZONE-0035
OTA-008315,ZONE-0035
OTA-008316,ZONE-0034
OTA-008317,ZONE-0034
OTA-008318,ZONE-0035
OTA-008319,ZONE-0035
OTA-008320,ZONE-0035
OTA-008321,ZONE-0034
OTA-008322,ZONE-0034
OTA-008323,ZONE-0034
OTA-008324,ZONE-0035
OTA-008325,ZONE-0034
OTA-008326,ZONE-0035
OTA-008327,ZONE-0035
OTA-008328,ZONE-0035
OTA-008329,ZONE-0034
OTA-008330,ZONE-0035
OTA-008331,ZONE-0035
OTA-008332,ZONE-0035
OTA-008333,ZONE-0035
OTA-008334,ZONE-0035
OTA-008335,ZONE-0035
OTA-008336,ZONE-0034
OTA-008337,ZONE-0035
OTA-008338,ZONE-0034
OTA-008339,ZONE-0034
OTA-008340,ZONE-0034
OTA-008341,ZONE-0034
OTA-008342,ZONE-0034
OTA-008343,ZONE-0035
OTA-008344,ZONE-0035
OTA-008345,ZONE-0035
OTA-008346,ZONE-0035
OTA-008347,ZONE-0034
OTA-008348,ZONE-0034
OTA-008349,ZONE-0035
OTA-008350,ZONE-0034
OTA-008351,ZONE-0035
OTA-008352,ZONE-0035
OTA-008353,ZONE-0034
OTA-008354,ZONE-0035
OTA-008355,ZONE-0035
OTA-008356,ZONE-0034
OTA-008357,ZONE-0034
OTA-008358,ZONE-0034
OTA-008359,ZONE-0035
OTA-008360,ZONE-0034
OTA-008361,ZONE-0034
OTA-008362,ZONE-0034
OTA-008363,ZONE-0035
OTA-008364,ZONE-0035
OTA-008365,ZONE-0035
OTA-008366,ZONE-0035
OTA-008367,ZONE-0035
OTA-008368,ZONE-0035
OTA-008369,ZONE-0034
OTA-008370,ZONE-0034
OTA-008371,ZONE-0034
OTA-008372,ZONE-0034
OTA-008373,ZONE-0035
OTA-008374,ZONE-0034
OTA-008375,ZONE-0035
OTA-008376,ZONE-0035
OTA-008377,ZONE-0035
OTA-008378,ZONE-0034
OTA-008379,ZONE-0035
OTA-008380,ZONE-0035
OTA-008381,ZONE-0035
OTA-008382,ZONE-0034
OTA-008383,ZONE-0035
OTA-008384,ZONE-0035
OTA-008385,ZONE-0034
OTA-008386,ZONE-0035
OTA-008387,ZONE-0035
OTA-008388,ZONE-0035
OTA-008389,ZONE-0034
OTA-008390,ZONE-0035
OTA-008391,ZONE-0034
OTA-008392,ZONE-0034
OTA-008393,ZONE-0034
OTA-008394,ZONE-0035
OTA-008395,ZONE-0034
OTA-008396,ZONE-0034
OTA-008397,ZONE-0035
OTA-008398,ZONE-0034
OTA-008399,ZONE-0034
OTA-008400,ZONE-0034
OTA-008401,ZONE-0034
OTA-008402,ZONE-0035
OTA-008403,ZONE-0034
OTA-008404,ZONE-0034
OTA-008405,ZONE-0034
OTA-008406,ZONE-0034
OTA-008407,ZONE-0035
OTA-008408,ZONE-0034
OTA-008409,ZONE-0035
OTA-008410,ZONE-0034
OTA-008411,ZONE-0034
OTA-008412,ZONE-0035
OTA-008413,ZONE-0034
OTA-008414,ZONE-0035
OTA-008415,ZONE-0034
OTA-008416,ZONE-0035
OTA-008417,ZONE-0035
OTA-008418,ZONE-0035
OTA-008419,ZONE-0034
OTA-008420,ZONE-0034
OTA-008421,ZONE-0035
OTA-008422,ZONE-0035
OTA-008423,ZONE-0035
OTA-008424,ZONE-0034
OTA-008425,ZONE-0035
OTA-008426,ZONE-0034
OTA-008427,ZONE-0035
OTA-008428,ZONE-0034
OTA-008429,ZONE-0035
OTA-008430,ZONE-0034
OTA-008431,ZONE-0035
OTA-008432,ZONE-0035
OTA-008433,ZONE-0035
OTA-008434,ZONE-0035
OTA-008435,ZONE-0034
OTA-008436,ZONE-0034
OTA-008437,ZONE-0035
OTA-008438,ZONE-0035
OTA-008439,ZONE-0035
OTA-008440,ZONE-0035
OTA-008441,ZONE-0034
OTA-008442,ZONE-0035
OTA-008443,ZONE-0035
OTA-008444,ZONE-0034
OTA-008445,ZONE-0034
OTA-008446,ZONE-0034
OTA-008447,ZONE-0035
OTA-008448,ZONE-0035
OTA-008449,ZONE-0034
OTA-008450,ZONE-0035
OTA-008451,ZONE-0034
OTA-008452,ZONE-0034
OTA-008453,ZONE-0035
OTA-008454,ZONE-0035
OTA-008455,ZONE-0034
OTA-008456,ZONE-0035
OTA-008457,ZONE-0034
OTA-008458,ZONE-0034
OTA-008459,ZONE-0035
OTA-008460,ZONE-0034
OTA-008461,ZONE-0034
OTA-008462,ZONE-0034
OTA-008463,ZONE-0034
OTA-008464,ZONE-0034
OTA-008465,ZONE-0035
OTA-008466,ZONE-0035
OTA-008467,ZONE-0034
OTA-008468,ZONE-0035
OTA-008469,ZONE-0034
OTA-008470,ZONE-0034
OTA-008471,ZONE-0034
OTA-008472,ZONE-0035
OTA-008473,ZONE-0035
OTA-008474,ZONE-0035
OTA-008475,ZONE-0034
OTA-008476,ZONE-0034
OTA-008477,ZONE-0035
OTA-008478,ZONE-0035
OTA-008479,ZONE-0034
OTA-008480,ZONE-0034
OTA-008481,ZONE-0034
OTA-008482,ZONE-0034
OTA-008483,ZONE-0035
OTA-008484,ZONE-0034
OTA-008485,ZONE-0035
OTA-008486,ZONE-0034
OTA-008487,ZONE-0034
OTA-008488,ZONE-0034
OTA-008489,ZONE-0034
OTA-008490,ZONE-0035
OTA-008491,ZONE-0039
OTA-008492,ZONE-0039
OTA-008493,ZONE-0040
OTA-008494,ZONE-0039
OTA-008495,ZONE-0040
OTA-008496,ZONE-0040
OTA-008497,ZONE-0040
OTA-008498,ZONE-0040
OTA-008499,ZONE-0039
OTA-008500,ZONE-0039
OTA-008501,ZONE-0040
OTA-008502,ZONE-0040
OTA-008503,ZONE-0039
OTA-008504,ZONE-0040
OTA-008505,ZONE-0039
OTA-008506,ZONE-0039
OTA-008507,ZONE-0040
OTA-008508,ZONE-0039
OTA-008509,ZONE-0039
OTA-008510,ZONE-0039
OTA-008511,ZONE-0039
OTA-008512,ZONE-0039
OTA-008513,ZONE-0040
OTA-008514,ZONE-0040
OTA-008515,ZONE-0039
OTA-008516,ZONE-0039
OTA-008517,ZONE-0039
OTA-008518,ZONE-0039
OTA-008519,ZONE-0040
OTA-008520,ZONE-0039
OTA-008521,ZONE-0040
OTA-008522,ZONE-0039
OTA-008523,ZONE-0040
OTA-008524,ZONE-0039
OTA-008525,ZONE-0040
OTA-008526,ZONE-0040
OTA-008527,ZONE-0039
OTA-008528,ZONE-0039
OTA-008529,ZONE-0039
OTA-008530,ZONE-0040
OTA-008531,ZONE-0039
OTA-008532,ZONE-0040
OTA-008533,ZONE-0040
OTA-008534,ZONE-0040
OTA-008535,ZONE-0040
OTA-008536,ZONE-0040
OTA-008537,ZONE-0039
OTA-008538,ZONE-0040
OTA-008539,ZONE-0039
OTA-008540,ZONE-0039
OTA-008541,ZONE-0039
OTA-008542,ZONE-0040
OTA-008543,ZONE-0039
OTA-008544,ZONE-0040
OTA-008545,ZONE-0040
OTA-008546,ZONE-0039
OTA-008547,ZONE-0039
OTA-008548,ZONE-0039
OTA-008549,ZONE-0039
OTA-008550,ZONE-0039
OTA-008551,ZONE-0040
OTA-008552,ZONE-0039
OTA-008553,ZONE-0039
OTA-008554,ZONE-0040
OTA-008555,ZONE-0039
OTA-008556,ZONE-0040
OTA-008557,ZONE-0040
OTA-008558,ZONE-0039
OTA-008559,ZONE-0039
OTA-008560,ZONE-0040
OTA-008561,ZONE-0040
OTA-008562,ZONE-0039
OTA-008563,ZONE-0040
OTA-008564,ZONE-0040
OTA-008565,ZONE-0040
OTA-008566,ZONE-0039
OTA-008567,ZONE-0040
OTA-008568,ZONE-0039
OTA-008569,ZONE-0040
OTA-008570,ZONE-0040
OTA-008571,ZONE-0040
OTA-008572,ZONE-0040
OTA-008573,ZONE-0040
OTA-008574,ZONE-0040
OTA-008575,ZONE-0040
OTA-008576,ZONE-0040
OTA-008577,ZONE-0040
OTA-008578,ZONE-0039
OTA-008579,ZONE-0040
OTA-008580,ZONE-0039
OTA-008581,ZONE-0040
OTA-008582,ZONE-0039
OTA-008583,ZONE-0039
OTA-008584,ZONE-0039
OTA-008585,ZONE-0039
OTA-008586,ZONE-0039
OTA-008587,ZONE-0039
OTA-008588,ZONE-0040
OTA-008589,ZONE-0040
OTA-008590,ZONE-0039
OTA-008591,ZONE-0039
OTA-008592,ZONE-0040
OTA-008593,ZONE-0040
OTA-008594,ZONE-0039
OTA-008595,ZONE-0040
OTA-008596,ZONE-0039
OTA-008597,ZONE-0039
OTA-008598,ZONE-0039
OTA-008599,ZONE-0039
OTA-008600,ZONE-0039
OTA-008601,ZONE-0039
OTA-008602,ZONE-0039
OTA-008603,ZONE-0039
OTA-008604,ZONE-0039
OTA-008605,ZONE-0040
OTA-008606,ZONE-0040
OTA-008607,ZONE-0039
OTA-008608,ZONE-0039
OTA-008609,ZONE-0040
OTA-008610,ZONE-0039
OTA-008611,ZONE-0039
OTA-008612,ZONE-0040
OTA-008613,ZONE-0039
OTA-008614,ZONE-0040
OTA-008615,ZONE-0040
OTA-008616,ZONE-0040
OTA-008617,ZONE-0039
OTA-008618,ZONE-0040
OTA-008619,ZONE-0039
OTA-008620,ZONE-0039
OTA-008621,ZONE-0040
OTA-008622,ZONE-0040
OTA-008623,ZONE-0039
OTA-008624,ZONE-0040
OTA-008625,ZONE-0039
OTA-008626,ZONE-0039
OTA-008627,ZONE-0039
OTA-008628,ZONE-0039
OTA-008629,ZONE-0039
OTA-008630,ZONE-0039
OTA-008631,ZONE-0040
OTA-008632,ZONE-0039
OTA-008633,ZONE-0040
OTA-008634,ZONE-0039
OTA-008635,ZONE-0039
OTA-008636,ZONE-0039
OTA-008637,ZONE-0039
OTA-008638,ZONE-0040
OTA-008639,ZONE-0039
OTA-008640,ZONE-0040
OTA-008641,ZONE-0040
OTA-008642,ZONE-0040
OTA-008643,ZONE-0040
OTA-008644,ZONE-0039
OTA-008645,ZONE-0040
OTA-008646,ZONE-0039
OTA-008647,ZONE-0039
OTA-008648,ZONE-0039
OTA-008649,ZONE-0040
OTA-008650,ZONE-0039
OTA-008651,ZONE-0040
OTA-008652,ZONE-0039
OTA-008653,ZONE-0039
OTA-008654,ZONE-0040
OTA-008655,ZONE-0039
OTA-008656,ZONE-0039
OTA-008657,ZONE-0040
OTA-008658,ZONE-0040
OTA-008659,ZONE-0040
OTA-008660,ZONE-0039
OTA-008661,ZONE-0039
OTA-008662,ZONE-0040
OTA-008663,ZONE-0040
OTA-008664,ZONE-0040
OTA-008665,ZONE-0040
OTA-008666,ZONE-0040
OTA-008667,ZONE-0039
OTA-008668,ZONE-0040
OTA-008669,ZONE-0040
OTA-008670,ZONE-0039
OTA-008671,ZONE-0040
OTA-008672,ZONE-0040
OTA-008673,ZONE-0039
OTA-008674,ZONE-0040
OTA-008675,ZONE-0039
OTA-008676,ZONE-0039
OTA-008677,ZONE-0039
OTA-008678,ZONE-0039
OTA-008679,ZONE-0040
OTA-008680,ZONE-0040
OTA-008681,ZONE-0040
OTA-008682,ZONE-0040
OTA-008683,ZONE-0039
OTA-008684,ZONE-0039
OTA-008685,ZONE-0039
OTA-008686,ZONE-0040
OTA-008687,ZONE-0039
OTA-008688,ZONE-0039
OTA-008689,ZONE-0039
OTA-008690,ZONE-0039
OTA-008691,ZONE-0040
OTA-008692,ZONE-0039
OTA-008693,ZONE-0039
OTA-008694,ZONE-0040
OTA-008695,ZONE-0039
OTA-008696,ZONE-0039
OTA-008697,ZONE-0039
OTA-008698,ZONE-0039
OTA-008699,ZONE-0039
OTA-008700,ZONE-0039
OTA-008701,ZONE-0039
OTA-008702,ZONE-0040
OTA-008703,ZONE-0039
OTA-008704,ZONE-0040
OTA-008705,ZONE-0039
OTA-008706,ZONE-0040
OTA-008707,ZONE-0040
OTA-008708,ZONE-0039
OTA-008709,ZONE-0040
OTA-008710,ZONE-0040
OTA-008711,ZONE-0039
OTA-008712,ZONE-0039
OTA-008713,ZONE-0040
OTA-008714,ZONE-0040
OTA-008715,ZONE-0040
OTA-008716,ZONE-0040
OTA-008717,ZONE-0039
OTA-008718,ZONE-0040
OTA-008719,ZONE-0040
OTA-008720,ZONE-0039
OTA-008721,ZONE-0039
OTA-008722,ZONE-0039
OTA-008723,ZONE-0040
OTA-008724,ZONE-0039
OTA-008725,ZONE-0039
OTA-008726,ZONE-0039
OTA-008727,ZONE-0040
OTA-008728,ZONE-0039
OTA-008729,ZONE-0039
OTA-008730,ZONE-0039
OTA-008731,ZONE-0039
OTA-008732,ZONE-0039
OTA-008733,ZONE-0040
OTA-008734,ZONE-0040
OTA-008735,ZONE-0040
OTA-008736,ZONE-0040
OTA-008737,ZONE-0039
OTA-008738,ZONE-0039
OTA-008739,ZONE-0039
OTA-008740,ZONE-0040
OTA-008741,ZONE-0039
OTA-008742,ZONE-0039
OTA-008743,ZONE-0039
OTA-008744,ZONE-0039
OTA-008745,ZONE-0040
OTA-008746,ZONE-0039
OTA-008747,ZONE-0039
OTA-008748,ZONE-0039
OTA-008749,ZONE-0040
OTA-008750,ZONE-0040
OTA-008751,ZONE-0040
OTA-008752,ZONE-0039
OTA-008753,ZONE-0040
OTA-008754,ZONE-0039
OTA-008755,ZONE-0039
OTA-008756,ZONE-0040
OTA-008757,ZONE-0039
OTA-008758,ZONE-0040
OTA-008759,ZONE-0040
OTA-008760,ZONE-0039
OTA-008761,ZONE-0039
OTA-008762,ZONE-0039
OTA-008763,ZONE-0040
OTA-008764,ZONE-0039
OTA-008765,ZONE-0039
OTA-008766,ZONE-0039
OTA-008767,ZONE-0039
OTA-008768,ZONE-0039
OTA-008769,ZONE-0040
OTA-008770,ZONE-0039
OTA-008771,ZONE-0039
OTA-008772,ZONE-0039
OTA-008773,ZONE-0039
OTA-008774,ZONE-0040
OTA-008775,ZONE-0039
OTA-008776,ZONE-0039
OTA-008777,ZONE-0040
OTA-008778,ZONE-0039
OTA-008779,ZONE-0040
OTA-008780,ZONE-0039
OTA-008781,ZONE-0040
OTA-008782,ZONE-0040
OTA-008783,ZONE-0040
OTA-008784,ZONE-0039
OTA-008785,ZONE-0039
OTA-008786,ZONE-0040
OTA-008787,ZONE-0040
OTA-008788,ZONE-0040
OTA-008789,ZONE-0039
OTA-008790,ZONE-0039
OTA-008791,ZONE-0040
OTA-008792,ZONE-0040
OTA-008793,ZONE-0039
OTA-008794,ZONE-0039
OTA-008795,ZONE-0040
OTA-008796,ZONE-0039
OTA-008797,ZONE-0039
OTA-008798,ZONE-0040
OTA-008799,ZONE-0039
OTA-008800,ZONE-0040
OTA-008801,ZONE-0039
OTA-008802,ZONE-0039
OTA-008803,ZONE-0039
OTA-008804,ZONE-0039
OTA-008805,ZONE-0039
OTA-008806,ZONE-0040
OTA-008807,ZONE-0040
OTA-008808,ZONE-0039
OTA-008809,ZONE-0039
OTA-008810,ZONE-0040
OTA-008811,ZONE-0039
OTA-008812,ZONE-0040
OTA-008813,ZONE-0039
OTA-008814,ZONE-0040
OTA-008815,ZONE-0040
OTA-008816,ZONE-0039
OTA-008817,ZONE-0039
OTA-008818,ZONE-0039
OTA-008819,ZONE-0040
OTA-008820,ZONE-0040
OTA-008821,ZONE-0039
OTA-008822,ZONE-0040
OTA-008823,ZONE-0040
OTA-008824,ZONE-0039
OTA-008825,ZONE-0039
OTA-008826,ZONE-0039
OTA-008827,ZONE-0040
OTA-008828,ZONE-0040
OTA-008829,ZONE-0039
OTA-008830,ZONE-0040
OTA-008831,ZONE-0039
OTA-008832,ZONE-0040
OTA-008833,ZONE-0039
OTA-008834,ZONE-0040
OTA-008835,ZONE-0040
OTA-008836,ZONE-0039
OTA-008837,ZONE-0039
OTA-008838,ZONE-0039
OTA-008839,ZONE-0039
OTA-008840,ZONE-0039
OTA-008841,ZONE-0040
OTA-008842,ZONE-0040
OTA-008843,ZONE-0040
OTA-008844,ZONE-0039
OTA-008845,ZONE-0039
OTA-008846,ZONE-0039
OTA-008847,ZONE-0040
OTA-008848,ZONE-0040
OTA-008849,ZONE-0040
OTA-008850,ZONE-0039
OTA-008851,ZONE-0039
OTA-008852,ZONE-0040
OTA-008853,ZONE-0040
OTA-008854,ZONE-0040
OTA-008855,ZONE-0040
OTA-008856,ZONE-0040
OTA-008857,ZONE-0039
OTA-008858,ZONE-0040
OTA-008859,ZONE-0040
OTA-008860,ZONE-0040
OTA-008861,ZONE-0039
OTA-008862,ZONE-0039
OTA-008863,ZONE-0039
OTA-008864,ZONE-0040
OTA-008865,ZONE-0039
OTA-008866,ZONE-0040
OTA-008867,ZONE-0039
OTA-008868,ZONE-0039
OTA-008869,ZONE-0040
OTA-008870,ZONE-0040
OTA-008871,ZONE-0040
OTA-008872,ZONE-0039
OTA-008873,ZONE-0040
OTA-008874,ZONE-0039
OTA-008875,ZONE-0040
OTA-008876,ZONE-0039
OTA-008877,ZONE-0040
OTA-008878,ZONE-0040
OTA-008879,ZONE-0040
OTA-008880,ZONE-0039
OTA-008881,ZONE-0040
OTA-008882,ZONE-0040
OTA-008883,ZONE-0040
OTA-008884,ZONE-0040
OTA-008885,ZONE-0040
OTA-008886,ZONE-0040
OTA-008887,ZONE-0039
OTA-008888,ZONE-0039
OTA-008889,ZONE-0040
OTA-008890,ZONE-0040
OTA-008891,ZONE-0039
OTA-008892,ZONE-0039
OTA-008893,ZONE-0039
OTA-008894,ZONE-0040
OTA-008895,ZONE-0039
OTA-008896,ZONE-0040
OTA-008897,ZONE-0040
OTA-008898,ZONE-0039
OTA-008899,ZONE-0040
OTA-008900,ZONE-0040
OTA-008901,ZONE-0040
OTA-008902,ZONE-0040
OTA-008903,ZONE-0040
OTA-008904,ZONE-0039
OTA-008905,ZONE-0039
OTA-008906,ZONE-0040
OTA-008907,ZONE-0040
OTA-008908,ZONE-0040
OTA-008909,ZONE-0039
OTA-008910,ZONE-0040
OTA-008911,ZONE-0039
OTA-008912,ZONE-0039
OTA-008913,ZONE-0040
OTA-008914,ZONE-0039
OTA-008915,ZONE-0040
OTA-008916,ZONE-0039
OTA-008917,ZONE-0040
OTA-008918,ZONE-0040
OTA-008919,ZONE-0040
OTA-008920,ZONE-0039
OTA-008921,ZONE-0039
OTA-008922,ZONE-0039
OTA-008923,ZONE-0040
OTA-008924,ZONE-0039
OTA-008925,ZONE-0040
OTA-008926,ZONE-0039
OTA-008927,ZONE-0040
OTA-008928,ZONE-0040
OTA-008929,ZONE-0039
OTA-008930,ZONE-0040
OTA-008931,ZONE-0040
OTA-008932,ZONE-0039
OTA-008933,ZONE-0040
OTA-008934,ZONE-0039
OTA-008935,ZONE-0040
OTA-008936,ZONE-0040
OTA-008937,ZONE-0040
OTA-008938,ZONE-0039
OTA-008939,ZONE-0040
OTA-008940,ZONE-0039
OTA-008941,ZONE-0039
OTA-008942,ZONE-0039
OTA-008943,ZONE-0040
OTA-008944,ZONE-0039
OTA-008945,ZONE-0040
OTA-008946,ZONE-0039
OTA-008947,ZONE-0039
OTA-008948,ZONE-0039
OTA-008949,ZONE-0039
OTA-008950,ZONE-0040
OTA-008951,ZONE-0039
OTA-008952,ZONE-0039
OTA-008953,ZONE-0040
OTA-008954,ZONE-0039
OTA-008955,ZONE-0039
OTA-008956,ZONE-0039
OTA-008957,ZONE-0040
OTA-008958,ZONE-0040
OTA-008959,ZONE-0040
OTA-008960,ZONE-0040
OTA-008961,ZONE-0039
OTA-008962,ZONE-0039
OTA-008963,ZONE-0040
OTA-008964,ZONE-0040
OTA-008965,ZONE-0039
OTA-008966,ZONE-0040
OTA-008967,ZONE-0039
OTA-008968,ZONE-0039
OTA-008969,ZONE-0040
OTA-008970,ZONE-0040
OTA-008971,ZONE-0040
OTA-008972,ZONE-0039
OTA-008973,ZONE-0039
OTA-008974,ZONE-0039
OTA-008975,ZONE-0040
OTA-008976,ZONE-0039
OTA-008977,ZONE-0039
OTA-008978,ZONE-0039
OTA-008979,ZONE-0039
OTA-008980,ZONE-0040
OTA-008981,ZONE-0040
OTA-008982,ZONE-0039
OTA-008983,ZONE-0040
OTA-008984,ZONE-0040
OTA-008985,ZONE-0039
OTA-008986,ZONE-0039
OTA-008987,ZONE-0039
OTA-008988,ZONE-0039
OTA-008989,ZONE-0039
OTA-008990,ZONE-0039
OTA-008991,ZONE-0040
OTA-008992,ZONE-0039
OTA-008993,ZONE-0039
OTA-008994,ZONE-0040
OTA-008995,ZONE-0040
OTA-008996,ZONE-0040
OTA-008997,ZONE-0040
OTA-008998,ZONE-0040
OTA-008999,ZONE-0039
OTA-009000,ZONE-0039
OTA-009001,ZONE-0039
OTA-009002,ZONE-0040
OTA-009003,ZONE-0039
OTA-009004,ZONE-0040
OTA-009005,ZONE-0040
OTA-009006,ZONE-0039
OTA-009007,ZONE-0039
OTA-009008,ZONE-0039
OTA-009009,ZONE-0040
OTA-009010,ZONE-0040
OTA-009011,ZONE-0040
OTA-009012,ZONE-0039
OTA-009013,ZONE-0039
OTA-009014,ZONE-0039
OTA-009015,ZONE-0040
OTA-009016,ZONE-0040
OTA-009017,ZONE-0040
OTA-009018,ZONE-0039
OTA-009019,ZONE-0040
OTA-009020,ZONE-0039
OTA-009021,ZONE-0040
OTA-009022,ZONE-0040
OTA-009023,ZONE-0039
OTA-009024,ZONE-0040
OTA-009025,ZONE-0039
OTA-009026,ZONE-0039
OTA-009027,ZONE-0040
OTA-009028,ZONE-0039
OTA-009029,ZONE-0040
OTA-009030,ZONE-0040
OTA-009031,ZONE-0039
OTA-009032,ZONE-0040
OTA-009033,ZONE-0039
OTA-009034,ZONE-0040
OTA-009035,ZONE-0040
OTA-009036,ZONE-0040
OTA-009037,ZONE-0039
OTA-009038,ZONE-0040
OTA-009039,ZONE-0039
OTA-009040,ZONE-0040
OTA-009041,ZONE-0039
OTA-009042,ZONE-0040
OTA-009043,ZONE-0039
OTA-009044,ZONE-0040
OTA-009045,ZONE-0039
OTA-009046,ZONE-0040
OTA-009047,ZONE-0040
OTA-009048,ZONE-0040
OTA-009049,ZONE-0040
OTA-009050,ZONE-0039
OTA-009051,ZONE-0040
OTA-009052,ZONE-0039
OTA-009053,ZONE-0039
OTA-009054,ZONE-0040
OTA-009055,ZONE-0040
OTA-009056,ZONE-0039
OTA-009057,ZONE-0039
OTA-009058,ZONE-0039
OTA-009059,ZONE-0040
OTA-009060,ZONE-0039
OTA-009061,ZONE-0040
OTA-009062,ZONE-0040
OTA-009063,ZONE-0039
OTA-009064,ZONE-0040
OTA-009065,ZONE-0040
OTA-009066,ZONE-0039
OTA-009067,ZONE-0039
OTA-009068,ZONE-0040
OTA-009069,ZONE-0039
OTA-009070,ZONE-0040
OTA-009071,ZONE-0040
OTA-009072,ZONE-0040
OTA-009073,ZONE-0039
OTA-009074,ZONE-0040
OTA-009075,ZONE-0039
OTA-009076,ZONE-0040
OTA-009077,ZONE-0040
OTA-009078,ZONE-0040
OTA-009079,ZONE-0040
OTA-009080,ZONE-0040
OTA-009081,ZONE-0039
OTA-009082,ZONE-0040
OTA-009083,ZONE-0039
OTA-009084,ZONE-0040
OTA-009085,ZONE-0039
OTA-009086,ZONE-0039
OTA-009087,ZONE-0039
OTA-009088,ZONE-0040
OTA-009089,ZONE-0039
OTA-009090,ZONE-0039
OTA-009091,ZONE-0039
OTA-009092,ZONE-0039
OTA-009093,ZONE-0040
OTA-009094,ZONE-0040
OTA-009095,ZONE-0040
OTA-009096,ZONE-0040
OTA-009097,ZONE-0040
OTA-009098,ZONE-0040
OTA-009099,ZONE-0040
OTA-009100,ZONE-0039
OTA-009101,ZONE-0040
OTA-009102,ZONE-0040
OTA-009103,ZONE-0040
OTA-009104,ZONE-0040
OTA-009105,ZONE-0040
OTA-009106,ZONE-0040
OTA-009107,ZONE-0039
OTA-009108,ZONE-0039
OTA-009109,ZONE-0040
OTA-009110,ZONE-0039
OTA-009111,ZONE-0039
OTA-009112,ZONE-0040
OTA-009113,ZONE-0040
OTA-009114,ZONE-0039
OTA-009115,ZONE-0040
OTA-009116,ZONE-0039
OTA-009117,ZONE-0040
OTA-009118,ZONE-0040
OTA-009119,ZONE-0039
OTA-009120,ZONE-0039
OTA-009121,ZONE-0039
OTA-009122,ZONE-0039
OTA-009123,ZONE-0039
OTA-009124,ZONE-0039
OTA-009125,ZONE-0039
OTA-009126,ZONE-0039
OTA-009127,ZONE-0039
OTA-009128,ZONE-0040
OTA-009129,ZONE-0040
OTA-009130,ZONE-0039
OTA-009131,ZONE-0040
OTA-009132,ZONE-0040
OTA-009133,ZONE-0040
OTA-009134,ZONE-0040
OTA-009135,ZONE-0040
OTA-009136,ZONE-0040
OTA-009137,ZONE-0039
OTA-009138,ZONE-0039
OTA-009139,ZONE-0039
OTA-009140,ZONE-0039
OTA-009141,ZONE-0039
OTA-009142,ZONE-0039
OTA-009143,ZONE-0040
OTA-009144,ZONE-0039
OTA-009145,ZONE-0040
OTA-009146,ZONE-0039
OTA-009147,ZONE-0039
OTA-009148,ZONE-0040
OTA-009149,ZONE-0039
OTA-009150,ZONE-0040
OTA-009151,ZONE-0040
OTA-009152,ZONE-0040
OTA-009153,ZONE-0039
OTA-009154,ZONE-0039
OTA-009155,ZONE-0039
OTA-009156,ZONE-0039
OTA-009157,ZONE-0039
OTA-009158,ZONE-0040
OTA-009159,ZONE-0040
OTA-009160,ZONE-0040
OTA-009161,ZONE-0040
OTA-009162,ZONE-0039
OTA-009163,ZONE-0039
OTA-009164,ZONE-0039
OTA-009165,ZONE-0039
OTA-009166,ZONE-0040
OTA-009167,ZONE-0039
OTA-009168,ZONE-0039
OTA-009169,ZONE-0039
OTA-009170,ZONE-0040
OTA-009171,ZONE-0039
OTA-009172,ZONE-0040
OTA-009173,ZONE-0040
OTA-009174,ZONE-0040
OTA-009175,ZONE-0039
OTA-009176,ZONE-0040
OTA-009177,ZONE-0039
OTA-009178,ZONE-0039
OTA-009179,ZONE-0040
OTA-009180,ZONE-0039
OTA-009181,ZONE-0039
OTA-009182,ZONE-0039
OTA-009183,ZONE-0040
OTA-009184,ZONE-0040
OTA-009185,ZONE-0039
OTA-009186,ZONE-0039
OTA-009187,ZONE-0039
OTA-009188,ZONE-0040
OTA-009189,ZONE-0040
OTA-009190,ZONE-0040
OTA-009191,ZONE-0039
OTA-009192,ZONE-0039
OTA-009193,ZONE-0039
OTA-009194,ZONE-0039
OTA-009195,ZONE-0039
OTA-009196,ZONE-0040
OTA-009197,ZONE-0040
OTA-009198,ZONE-0040
OTA-009199,ZONE-0039
OTA-009200,ZONE-0039
OTA-009201,ZONE-0039
OTA-009202,ZONE-0039
OTA-009203,ZONE-0040
OTA-009204,ZONE-0039
OTA-009205,ZONE-0040
OTA-009206,ZONE-0040
OTA-009207,ZONE-0039
OTA-009208,ZONE-0039
OTA-009209,ZONE-0040
OTA-009210,ZONE-0040
OTA-009211,ZONE-0039
OTA-009212,ZONE-0039
OTA-009213,ZONE-0039
OTA-009214,ZONE-0039
OTA-009215,ZONE-0040
OTA-009216,ZONE-0040
OTA-009217,ZONE-0039
OTA-009218,ZONE-0039
OTA-009219,ZONE-0039
OTA-009220,ZONE-0039
OTA-009221,ZONE-0039
OTA-009222,ZONE-0040
OTA-009223,ZONE-0039
OTA-009224,ZONE-0040
OTA-009225,ZONE-0039
OTA-009226,ZONE-0039
OTA-009227,ZONE-0040
OTA-009228,ZONE-0039
OTA-009229,ZONE-0040
OTA-009230,ZONE-0040
OTA-009231,ZONE-0039
OTA-009232,ZONE-0040
OTA-009233,ZONE-0040
OTA-009234,ZONE-0039
OTA-009235,ZONE-0040
OTA-009236,ZONE-0039
OTA-009237,ZONE-0039
OTA-009238,ZONE-0040
OTA-009239,ZONE-0039
OTA-009240,ZONE-0039
OTA-009241,ZONE-0039
OTA-009242,ZONE-0040
OTA-009243,ZONE-0039
OTA-009244,ZONE-0039
OTA-009245,ZONE-0040
OTA-009246,ZONE-0039
OTA-009247,ZONE-0040
OTA-009248,ZONE-0040
OTA-009249,ZONE-0040
OTA-009250,ZONE-0040
OTA-009251,ZONE-0039
OTA-009252,ZONE-0039
OTA-009253,ZONE-0040
OTA-009254,ZONE-0039
OTA-009255,ZONE-0040
OTA-009256,ZONE-0039
OTA-009257,ZONE-0040
OTA-009258,ZONE-0039
OTA-009259,ZONE-0039
OTA-009260,ZONE-0039
OTA-009261,ZONE-0040
OTA-009262,ZONE-0039
OTA-009263,ZONE-0039
OTA-009264,ZONE-0040
OTA-009265,ZONE-0040
OTA-009266,ZONE-0040
OTA-009267,ZONE-0040
OTA-009268,ZONE-0039
OTA-009269,ZONE-0039
OTA-009270,ZONE-0039
OTA-009271,ZONE-0040
OTA-009272,ZONE-0040
OTA-009273,ZONE-0039
OTA-009274,ZONE-0039
OTA-009275,ZONE-0040
OTA-009276,ZONE-0040
OTA-009277,ZONE-0040
OTA-009278,ZONE-0039
OTA-009279,ZONE-0039
OTA-009280,ZONE-0040
OTA-009281,ZONE-0040
OTA-009282,ZONE-0040
OTA-009283,ZONE-0040
OTA-009284,ZONE-0040
OTA-009285,ZONE-0039
OTA-009286,ZONE-0040
OTA-009287,ZONE-0040
OTA-009288,ZONE-0040
OTA-009289,ZONE-0039
OTA-009290,ZONE-0040
OTA-009291,ZONE-0039
OTA-009292,ZONE-0040
OTA-009293,ZONE-0039
OTA-009294,ZONE-0039
OTA-009295,ZONE-0040
OTA-009296,ZONE-0039
OTA-009297,ZONE-0039
OTA-009298,ZONE-0039
OTA-009299,ZONE-0040
OTA-009300,ZONE-0039
OTA-009301,ZONE-0040
OTA-009302,ZONE-0040
OTA-009303,ZONE-0040
OTA-009304,ZONE-0040
OTA-009305,ZONE-0039
OTA-009306,ZONE-0040
OTA-009307,ZONE-0039
OTA-009308,ZONE-0040
OTA-009309,ZONE-0040
OTA-009310,ZONE-0040
OTA-009311,ZONE-0040
OTA-009312,ZONE-0040
OTA-009313,ZONE-0040
OTA-009314,ZONE-0039
OTA-009315,ZONE-0039
OTA-009316,ZONE-0039
OTA-009317,ZONE-0040
OTA-009318,ZONE-0039
OTA-009319,ZONE-0039
OTA-009320,ZONE-0040
OTA-009321,ZONE-0040
OTA-009322,ZONE-0039
OTA-009323,ZONE-0040
OTA-009324,ZONE-0039
OTA-009325,ZONE-0040
OTA-009326,ZONE-0040
OTA-009327,ZONE-0039
OTA-009328,ZONE-0039
OTA-009329,ZONE-0039
OTA-009330,ZONE-0040
OTA-009331,ZONE-0039
OTA-009332,ZONE-0040
OTA-009333,ZONE-0039
OTA-009334,ZONE-0039
OTA-009335,ZONE-0040
OTA-009336,ZONE-0039
OTA-009337,ZONE-0040
OTA-009338,ZONE-0039
OTA-009339,ZONE-0039
OTA-009340,ZONE-0040
OTA-009341,ZONE-0039
OTA-009342,ZONE-0039
OTA-009343,ZONE-0039
OTA-009344,ZONE-0040
OTA-009345,ZONE-0039
OTA-009346,ZONE-0039
OTA-009347,ZONE-0040
OTA-009348,ZONE-0039
OTA-009349,ZONE-0040
OTA-009350,ZONE-0040
OTA-009351,ZONE-0039
OTA-009352,ZONE-0039
OTA-009353,ZONE-0039
OTA-009354,ZONE-0040
OTA-009355,ZONE-0039
OTA-009356,ZONE-0039
OTA-009357,ZONE-0039
OTA-009358,ZONE-0040
OTA-009359,ZONE-0039
OTA-009360,ZONE-0040
OTA-009361,ZONE-0039
OTA-009362,ZONE-0039
OTA-009363,ZONE-0040
OTA-009364,ZONE-0039
OTA-009365,ZONE-0039
OTA-009366,ZONE-0039
OTA-009367,ZONE-0039
OTA-009368,ZONE-0039
OTA-009369,ZONE-0039
OTA-009370,ZONE-0039
OTA-009371,ZONE-0039
OTA-009372,ZONE-0040
OTA-009373,ZONE-0039
OTA-009374,ZONE-0039
OTA-009375,ZONE-0039
OTA-009376,ZONE-0039
OTA-009377,ZONE-0039
OTA-009378,ZONE-0039
OTA-009379,ZONE-0039
OTA-009380,ZONE-0039
OTA-009381,ZONE-0040
OTA-009382,ZONE-0040
OTA-009383,ZONE-0039
OTA-009384,ZONE-0039
OTA-009385,ZONE-0039
OTA-009386,ZONE-0039
OTA-009387,ZONE-0039
OTA-009388,ZONE-0040
OTA-009389,ZONE-0039
OTA-009390,ZONE-0039
OTA-009391,ZONE-0039
OTA-009392,ZONE-0040
OTA-009393,ZONE-0039
OTA-009394,ZONE-0039
OTA-009395,ZONE-0040
OTA-009396,ZONE-0039
OTA-009397,ZONE-0039
OTA-009398,ZONE-0040
OTA-009399,ZONE-0040
OTA-009400,ZONE-0039
OTA-009401,ZONE-0040
OTA-009402,ZONE-0040
OTA-009403,ZONE-0040
OTA-009404,ZONE-0040
OTA-009405,ZONE-0039
OTA-009406,ZONE-0039
OTA-009407,ZONE-0039
OTA-009408,ZONE-0040
OTA-009409,ZONE-0040
OTA-009410,ZONE-0039
OTA-009411,ZONE-0039
OTA-009412,ZONE-0039
OTA-009413,ZONE-0039
OTA-009414,ZONE-0040
OTA-009415,ZONE-0039
OTA-009416,ZONE-0039
OTA-009417,ZONE-0040
OTA-009418,ZONE-0039
OTA-009419,ZONE-0039
OTA-009420,ZONE-0040
OTA-009421,ZONE-0039
OTA-009422,ZONE-0039
OTA-009423,ZONE-0040
OTA-009424,ZONE-0040
OTA-009425,ZONE-0040
OTA-009426,ZONE-0039
OTA-009427,ZONE-0039
OTA-009428,ZONE-0040
OTA-009429,ZONE-0039
OTA-009430,ZONE-0039
OTA-009431,ZONE-0040
OTA-009432,ZONE-0040
OTA-009433,ZONE-0040
OTA-009434,ZONE-0040
OTA-009435,ZONE-0040
OTA-009436,ZONE-0040
OTA-009437,ZONE-0040
OTA-009438,ZONE-0040
OTA-009439,ZONE-0039
OTA-009440,ZONE-0040
OTA-009441,ZONE-0039
OTA-009442,ZONE-0039
OTA-009443,ZONE-0039
OTA-009444,ZONE-0040
OTA-009445,ZONE-0039
OTA-009446,ZONE-0039
OTA-009447,ZONE-0039
OTA-009448,ZONE-0039
OTA-009449,ZONE-0040
OTA-009450,ZONE-0040
OTA-009451,ZONE-0040
OTA-009452,ZONE-0039
OTA-009453,ZONE-0040
OTA-009454,ZONE-0039
OTA-009455,ZONE-0039
OTA-009456,ZONE-0039
OTA-009457,ZONE-0040
OTA-009458,ZONE-0039
OTA-009459,ZONE-0040
OTA-009460,ZONE-0039
OTA-009461,ZONE-0039
OTA-009462,ZONE-0039
OTA-009463,ZONE-0040
OTA-009464,ZONE-0040
OTA-009465,ZONE-0039
OTA-009466,ZONE-0039
OTA-009467,ZONE-0039
OTA-009468,ZONE-0040
OTA-009469,ZONE-0040
OTA-009470,ZONE-0040
OTA-009471,ZONE-0040
OTA-009472,ZONE-0039
OTA-009473,ZONE-0039
OTA-009474,ZONE-0040
OTA-009475,ZONE-0039
OTA-009476,ZONE-0040
OTA-009477,ZONE-0039
OTA-009478,ZONE-0039
OTA-009479,ZONE-0040
OTA-009480,ZONE-0040
OTA-009481,ZONE-0040
OTA-009482,ZONE-0039
OTA-009483,ZONE-0040
OTA-009484,ZONE-0040
OTA-009485,ZONE-0039
OTA-009486,ZONE-0040
OTA-009487,ZONE-0040
OTA-009488,ZONE-0039
OTA-009489,ZONE-0040
OTA-009490,ZONE-0040
OTA-009491,ZONE-0040
OTA-009492,ZONE-0040
OTA-009493,ZONE-0040
OTA-009494,ZONE-0039
OTA-009495,ZONE-0039
OTA-009496,ZONE-0039
OTA-009497,ZONE-0040
OTA-009498,ZONE-0039
OTA-009499,ZONE-0040
OTA-009500,ZONE-0040
OTA-009501,ZONE-0039
OTA-009502,ZONE-0039
OTA-009503,ZONE-0040
OTA-009504,ZONE-0039
OTA-009505,ZONE-0040
OTA-009506,ZONE-0039
OTA-009507,ZONE-0040
OTA-009508,ZONE-0040
OTA-009509,ZONE-0040
OTA-009510,ZONE-0040
OTA-009511,ZONE-0039
OTA-009512,ZONE-0040
OTA-009513,ZONE-0040
OTA-009514,ZONE-0040
OTA-009515,ZONE-0039
OTA-009516,ZONE-0040
OTA-009517,ZONE-0039
OTA-009518,ZONE-0039
OTA-009519,ZONE-0039
OTA-009520,ZONE-0040
OTA-009521,ZONE-0039
OTA-009522,ZONE-0039
OTA-009523,ZONE-0039
OTA-009524,ZONE-0040
OTA-009525,ZONE-0040
OTA-009526,ZONE-0040
OTA-009527,ZONE-0039
OTA-009528,ZONE-0039
OTA-009529,ZONE-0039
OTA-009530,ZONE-0040
OTA-009531,ZONE-0039
OTA-009532,ZONE-0040
OTA-009533,ZONE-0039
OTA-009534,ZONE-0039
OTA-009535,ZONE-0039
OTA-009536,ZONE-0040
OTA-009537,ZONE-0040
OTA-009538,ZONE-0040
OTA-009539,ZONE-0039
OTA-009540,ZONE-0040
OTA-009541,ZONE-0040
OTA-009542,ZONE-0039
OTA-009543,ZONE-0039
OTA-009544,ZONE-0040
OTA-009545,ZONE-0039
OTA-009546,ZONE-0040
OTA-009547,ZONE-0039
OTA-009548,ZONE-0039
OTA-009549,ZONE-0039
OTA-009550,ZONE-0040
OTA-009551,ZONE-0040
OTA-009552,ZONE-0040
OTA-009553,ZONE-0039
OTA-009554,ZONE-0040
OTA-009555,ZONE-0039
OTA-009556,ZONE-0039
OTA-009557,ZONE-0040
OTA-009558,ZONE-0040
OTA-009559,ZONE-0039
OTA-009560,ZONE-0040
OTA-009561,ZONE-0040
OTA-009562,ZONE-0039
OTA-009563,ZONE-0040
OTA-009564,ZONE-0039
OTA-009565,ZONE-0039
OTA-009566,ZONE-0040
OTA-009567,ZONE-0039
OTA-009568,ZONE-0040
OTA-009569,ZONE-0039
OTA-009570,ZONE-0040
OTA-009571,ZONE-0039
OTA-009572,ZONE-0039
OTA-009573,ZONE-0040
OTA-009574,ZONE-0040
OTA-009575,ZONE-0039
OTA-009576,ZONE-0040
OTA-009577,ZONE-0039
OTA-009578,ZONE-0040
OTA-009579,ZONE-0039
OTA-009580,ZONE-0039
OTA-009581,ZONE-0040
OTA-009582,ZONE-0039
OTA-009583,ZONE-0039
OTA-009584,ZONE-0040
OTA-009585,ZONE-0040
OTA-009586,ZONE-0040
OTA-009587,ZONE-0040
OTA-009588,ZONE-0040
OTA-009589,ZONE-0040
OTA-009590,ZONE-0039
OTA-009591,ZONE-0039
OTA-009592,ZONE-0040
OTA-009593,ZONE-0039
OTA-009594,ZONE-0040
OTA-009595,ZONE-0039
OTA-009596,ZONE-0040
OTA-009597,ZONE-0039
OTA-009598,ZONE-0039
OTA-009599,ZONE-0039
OTA-009600,ZONE-0039
OTA-009601,ZONE-0040
OTA-009602,ZONE-0040
OTA-009603,ZONE-0039
OTA-009604,ZONE-0039
OTA-009605,ZONE-0040
OTA-009606,ZONE-0040
OTA-009607,ZONE-0039
OTA-009608,ZONE-0040
OTA-009609,ZONE-0040
OTA-009610,ZONE-0039
OTA-009611,ZONE-0039
OTA-009612,ZONE-0040
OTA-009613,ZONE-0039
OTA-009614,ZONE-0039
OTA-009615,ZONE-0040
OTA-009616,ZONE-0040
OTA-009617,ZONE-0039
OTA-009618,ZONE-0040
OTA-009619,ZONE-0039
OTA-009620,ZONE-0040
OTA-009621,ZONE-0039
OTA-009622,ZONE-0040
OTA-009623,ZONE-0039
OTA-009624,ZONE-0040
OTA-009625,ZONE-0040
OTA-009626,ZONE-0040
OTA-009627,ZONE-0039
OTA-009628,ZONE-0039
OTA-009629,ZONE-0039
OTA-009630,ZONE-0040
OTA-009631,ZONE-0039
OTA-009632,ZONE-0039
OTA-009633,ZONE-0040
OTA-009634,ZONE-0040
OTA-009635,ZONE-0039
OTA-009636,ZONE-0040
OTA-009637,ZONE-0039
OTA-009638,ZONE-0039
OTA-009639,ZONE-0040
OTA-009640,ZONE-0039
OTA-009641,ZONE-0040
OTA-009642,ZONE-0039
OTA-009643,ZONE-0040
OTA-009644,ZONE-0040
OTA-009645,ZONE-0040
OTA-009646,ZONE-0040
OTA-009647,ZONE-0040
OTA-009648,ZONE-0040
OTA-009649,ZONE-0040
OTA-009650,ZONE-0040
OTA-009651,ZONE-0040
OTA-009652,ZONE-0040
OTA-009653,ZONE-0039
OTA-009654,ZONE-0039
OTA-009655,ZONE-0040
OTA-009656,ZONE-0039
OTA-009657,ZONE-0039
OTA-009658,ZONE-0039
OTA-009659,ZONE-0039
OTA-009660,ZONE-0040
OTA-009661,ZONE-0039
OTA-009662,ZONE-0040
OTA-009663,ZONE-0040
OTA-009664,ZONE-0040
OTA-009665,ZONE-0040
OTA-009666,ZONE-0039
OTA-009667,ZONE-0039
OTA-009668,ZONE-0039
OTA-009669,ZONE-0039
OTA-009670,ZONE-0039
OTA-009671,ZONE-0039
OTA-009672,ZONE-0039
OTA-009673,ZONE-0040
OTA-009674,ZONE-0040
OTA-009675,ZONE-0039
OTA-009676,ZONE-0039
OTA-009677,ZONE-0039
OTA-009678,ZONE-0039
OTA-009679,ZONE-0040
OTA-009680,ZONE-0039
OTA-009681,ZONE-0040
OTA-009682,ZONE-0040
OTA-009683,ZONE-0039
OTA-009684,ZONE-0040
OTA-009685,ZONE-0039
OTA-009686,ZONE-0040
OTA-009687,ZONE-0039
OTA-009688,ZONE-0039
OTA-009689,ZONE-0040
OTA-009690,ZONE-0039
OTA-009691,ZONE-0040
OTA-009692,ZONE-0039
OTA-009693,ZONE-0040
OTA-009694,ZONE-0040
OTA-009695,ZONE-0039
OTA-009696,ZONE-0039
OTA-009697,ZONE-0040
OTA-009698,ZONE-0039
OTA-009699,ZONE-0039
OTA-009700,ZONE-0039
OTA-009701,ZONE-0039
OTA-009702,ZONE-0040
OTA-009703,ZONE-0040
OTA-009704,ZONE-0039
OTA-009705,ZONE-0040
OTA-009706,ZONE-0039
OTA-009707,ZONE-0040
OTA-009708,ZONE-0040
OTA-009709,ZONE-0040
OTA-009710,ZONE-0040
OTA-009711,ZONE-0040
OTA-009712,ZONE-0040
OTA-009713,ZONE-0039
OTA-009714,ZONE-0040
OTA-009715,ZONE-0040
OTA-009716,ZONE-0040
OTA-009717,ZONE-0039
OTA-009718,ZONE-0040
OTA-009719,ZONE-0040
OTA-009720,ZONE-0040
OTA-009721,ZONE-0040
OTA-009722,ZONE-0040
OTA-009723,ZONE-0040
OTA-009724,ZONE-0040
OTA-009725,ZONE-0040
OTA-009726,ZONE-0039
OTA-009727,ZONE-0039
OTA-009728,ZONE-0039
OTA-009729,ZONE-0039
OTA-009730,ZONE-0039
OTA-009731,ZONE-0039
OTA-009732,ZONE-0039
OTA-009733,ZONE-0040
OTA-009734,ZONE-0039
OTA-009735,ZONE-0040
OTA-009736,ZONE-0039
OTA-009737,ZONE-0039
OTA-009738,ZONE-0040
OTA-009739,ZONE-0039
OTA-009740,ZONE-0040
OTA-009741,ZONE-0039
OTA-009742,ZONE-0040
OTA-009743,ZONE-0040
OTA-009744,ZONE-0039
OTA-009745,ZONE-0040
OTA-009746,ZONE-0039
OTA-009747,ZONE-0040
OTA-009748,ZONE-0040
OTA-009749,ZONE-0039
OTA-009750,ZONE-0039
OTA-009751,ZONE-0039
OTA-009752,ZONE-0040
OTA-009753,ZONE-0039
OTA-009754,ZONE-0039
OTA-009755,ZONE-0040
OTA-009756,ZONE-0039
OTA-009757,ZONE-0039
OTA-009758,ZONE-0039
OTA-009759,ZONE-0040
OTA-009760,ZONE-0039
OTA-009761,ZONE-0039
OTA-009762,ZONE-0040
OTA-009763,ZONE-0039
OTA-009764,ZONE-0039
OTA-009765,ZONE-0040
OTA-009766,ZONE-0040
OTA-009767,ZONE-0039
OTA-009768,ZONE-0040
OTA-009769,ZONE-0039
OTA-009770,ZONE-0040
OTA-009771,ZONE-0040
OTA-009772,ZONE-0040
OTA-009773,ZONE-0040
OTA-009774,ZONE-0039
OTA-009775,ZONE-0040
OTA-009776,ZONE-0040
OTA-009777,ZONE-0039
OTA-009778,ZONE-0039
OTA-009779,ZONE-0040
OTA-009780,ZONE-0040
OTA-009781,ZONE-0039
OTA-009782,ZONE-0039
OTA-009783,ZONE-0039
OTA-009784,ZONE-0040
OTA-009785,ZONE-0039
OTA-009786,ZONE-0039
OTA-009787,ZONE-0039
OTA-009788,ZONE-0039
OTA-009789,ZONE-0039
OTA-009790,ZONE-0039
OTA-009791,ZONE-0040
OTA-009792,ZONE-0039
OTA-009793,ZONE-0040
OTA-009794,ZONE-0039
OTA-009795,ZONE-0040
OTA-009796,ZONE-0039
OTA-009797,ZONE-0039
OTA-009798,ZONE-0039
OTA-009799,ZONE-0039
OTA-009800,ZONE-0040
OTA-009801,ZONE-0040
OTA-009802,ZONE-0039
OTA-009803,ZONE-0039
OTA-009804,ZONE-0039
OTA-009805,ZONE-0040
OTA-009806,ZONE-0040
OTA-009807,ZONE-0040
OTA-009808,ZONE-0039
OTA-009809,ZONE-0040
OTA-009810,ZONE-0040
OTA-009811,ZONE-0039
OTA-009812,ZONE-0040
OTA-009813,ZONE-0039
OTA-009814,ZONE-0039
OTA-009815,ZONE-0040
OTA-009816,ZONE-0039
OTA-009817,ZONE-0040
OTA-009818,ZONE-0040
OTA-009819,ZONE-0039
OTA-009820,ZONE-0040
OTA-009821,ZONE-0040
OTA-009822,ZONE-0040
OTA-009823,ZONE-0040
OTA-009824,ZONE-0040
OTA-009825,ZONE-0040
OTA-009826,ZONE-0039
OTA-009827,ZONE-0039
OTA-009828,ZONE-0040
OTA-009829,ZONE-0039
OTA-009830,ZONE-0040
OTA-009831,ZONE-0039
OTA-009832,ZONE-0039
OTA-009833,ZONE-0040
OTA-009834,ZONE-0040
OTA-009835,ZONE-0040
OTA-009836,ZONE-0039
OTA-009837,ZONE-0040
OTA-009838,ZONE-0039
OTA-009839,ZONE-0040
OTA-009840,ZONE-0040
OTA-009841,ZONE-0040
OTA-009842,ZONE-0040
OTA-009843,ZONE-0039
OTA-009844,ZONE-0040
OTA-009845,ZONE-0039
OTA-009846,ZONE-0040
OTA-009847,ZONE-0039
OTA-009848,ZONE-0039
OTA-009849,ZONE-0040
OTA-009850,ZONE-0039
OTA-009851,ZONE-0040
OTA-009852,ZONE-0040
OTA-009853,ZONE-0040
OTA-009854,ZONE-0039
OTA-009855,ZONE-0040
OTA-009856,ZONE-0039
OTA-009857,ZONE-0039
OTA-009858,ZONE-0040
OTA-009859,ZONE-0039
OTA-009860,ZONE-0039
OTA-009861,ZONE-0040
OTA-009862,ZONE-0040
OTA-009863,ZONE-0039
OTA-009864,ZONE-0040
OTA-009865,ZONE-0039
OTA-009866,ZONE-0040
OTA-009867,ZONE-0039
OTA-009868,ZONE-0039
OTA-009869,ZONE-0040
OTA-009870,ZONE-0039
OTA-009871,ZONE-0040
OTA-009872,ZONE-0040
OTA-009873,ZONE-0040
OTA-009874,ZONE-0040
OTA-009875,ZONE-0040
OTA-009876,ZONE-0040
OTA-009877,ZONE-0039
OTA-009878,ZONE-0039
OTA-009879,ZONE-0039
OTA-009880,ZONE-0040
OTA-009881,ZONE-0040
OTA-009882,ZONE-0039
OTA-009883,ZONE-0040
OTA-009884,ZONE-0039
OTA-009885,ZONE-0039
OTA-009886,ZONE-0040
OTA-009887,ZONE-0039
OTA-009888,ZONE-0040
OTA-009889,ZONE-0040
OTA-009890,ZONE-0040
OTA-009891,ZONE-0039
OTA-009892,ZONE-0040
OTA-009893,ZONE-0039
OTA-009894,ZONE-0039
OTA-009895,ZONE-0039
OTA-009896,ZONE-0040
OTA-009897,ZONE-0039
OTA-009898,ZONE-0039
OTA-009899,ZONE-0040
OTA-009900,ZONE-0039
OTA-009901,ZONE-0040
OTA-009902,ZONE-0039
OTA-009903,ZONE-0039
OTA-009904,ZONE-0039
OTA-009905,ZONE-0039
OTA-009906,ZONE-0040
OTA-009907,ZONE-0039
OTA-009908,ZONE-0040
OTA-009909,ZONE-0039
OTA-009910,ZONE-0039
OTA-009911,ZONE-0040
OTA-009912,ZONE-0040
OTA-009913,ZONE-0039
OTA-009914,ZONE-0040
OTA-009915,ZONE-0039
OTA-009916,ZONE-0040
OTA-009917,ZONE-0040
OTA-009918,ZONE-0040
OTA-009919,ZONE-0039
OTA-009920,ZONE-0040
OTA-009921,ZONE-0039
OTA-009922,ZONE-0039
OTA-009923,ZONE-0040
OTA-009924,ZONE-0039
OTA-009925,ZONE-0039
OTA-009926,ZONE-0039
OTA-009927,ZONE-0039
OTA-009928,ZONE-0040
OTA-009929,ZONE-0039
OTA-009930,ZONE-0040
OTA-009931,ZONE-0039
OTA-009932,ZONE-0040
OTA-009933,ZONE-0040
OTA-009934,ZONE-0039
OTA-009935,ZONE-0040
OTA-009936,ZONE-0040
OTA-009937,ZONE-0040
OTA-009938,ZONE-0040
OTA-009939,ZONE-0039
OTA-009940,ZONE-0040
OTA-009941,ZONE-0040
OTA-009942,ZONE-0040
OTA-009943,ZONE-0040
OTA-009944,ZONE-0040
OTA-009945,ZONE-0040
OTA-009946,ZONE-0039
OTA-009947,ZONE-0040
OTA-009948,ZONE-0040
OTA-009949,ZONE-0040
OTA-009950,ZONE-0039
OTA-009951,ZONE-0040
OTA-009952,ZONE-0040
OTA-009953,ZONE-0040
OTA-009954,ZONE-0039
OTA-009955,ZONE-0040
OTA-009956,ZONE-0040
OTA-009957,ZONE-0040
OTA-009958,ZONE-0040
OTA-009959,ZONE-0039
OTA-009960,ZONE-0039
OTA-009961,ZONE-0040
OTA-009962,ZONE-0039
OTA-009963,ZONE-0039
OTA-009964,ZONE-0040
OTA-009965,ZONE-0039
OTA-009966,ZONE-0040
OTA-009967,ZONE-0040
OTA-009968,ZONE-0039
OTA-009969,ZONE-0040
OTA-009970,ZONE-0039
OTA-009971,ZONE-0040
OTA-009972,ZONE-0039
OTA-009973,ZONE-0040
OTA-009974,ZONE-0039
OTA-009975,ZONE-0039
OTA-009976,ZONE-0039
OTA-009977,ZONE-0039
OTA-009978,ZONE-0039
OTA-009979,ZONE-0039
OTA-009980,ZONE-0039
OTA-009981,ZONE-0040
OTA-009982,ZONE-0039
OTA-009983,ZONE-0039
OTA-009984,ZONE-0040
OTA-009985,ZONE-0040
OTA-009986,ZONE-0040
OTA-009987,ZONE-0039
OTA-009988,ZONE-0040
OTA-009989,ZONE-0039
OTA-009990,ZONE-0040
OTA-009991,ZONE-0039
OTA-009992,ZONE-0039
OTA-009993,ZONE-0040
OTA-009994,ZONE-0039
OTA-009995,ZONE-0039
OTA-009996,ZONE-0039
OTA-009997,ZONE-0039
OTA-009998,ZONE-0040
OTA-009999,ZONE-0040
OTA-010000,ZONE-0040
OTA-010001,ZONE-0039
OTA-010002,ZONE-0039
OTA-010003,ZONE-0039
OTA-010004,ZONE-0040
OTA-010005,ZONE-0040
OTA-010006,ZONE-0040
OTA-010007,ZONE-0040
OTA-010008,ZONE-0039
OTA-010009,ZONE-0040
OTA-010010,ZONE-0039
OTA-010011,ZONE-0040
OTA-010012,ZONE-0039
OTA-010013,ZONE-0039
OTA-010014,ZONE-0040
OTA-010015,ZONE-0040
OTA-010016,ZONE-0040
OTA-010017,ZONE-0039
OTA-010018,ZONE-0039
OTA-010019,ZONE-0040
OTA-010020,ZONE-0039
OTA-010021,ZONE-0039
OTA-010022,ZONE-0040
OTA-010023,ZONE-0039
OTA-010024,ZONE-0040
OTA-010025,ZONE-0040
OTA-010026,ZONE-0039
OTA-010027,ZONE-0039
OTA-010028,ZONE-0039
OTA-010029,ZONE-0039
OTA-010030,ZONE-0039
OTA-010031,ZONE-0040
OTA-010032,ZONE-0040
OTA-010033,ZONE-0039
OTA-010034,ZONE-0040
OTA-010035,ZONE-0040
OTA-010036,ZONE-0040
OTA-010037,ZONE-0040
OTA-010038,ZONE-0040
OTA-010039,ZONE-0040
OTA-010040,ZONE-0040
OTA-010041,ZONE-0040
OTA-010042,ZONE-0039
OTA-010043,ZONE-0040
OTA-010044,ZONE-0039
OTA-010045,ZONE-0039
OTA-010046,ZONE-0040
OTA-010047,ZONE-0040
OTA-010048,ZONE-0039
OTA-010049,ZONE-0040
OTA-010050,ZONE-0039
OTA-010051,ZONE-0040
OTA-010052,ZONE-0039
OTA-010053,ZONE-0039
OTA-010054,ZONE-0039
OTA-010055,ZONE-0039
OTA-010056,ZONE-0039
OTA-010057,ZONE-0039
OTA-010058,ZONE-0039
OTA-010059,ZONE-0039
OTA-010060,ZONE-0039
OTA-010061,ZONE-0039
OTA-010062,ZONE-0040
OTA-010063,ZONE-0039
OTA-010064,ZONE-0039
OTA-010065,ZONE-0040
OTA-010066,ZONE-0039
OTA-010067,ZONE-0040
OTA-010068,ZONE-0039
OTA-010069,ZONE-0039
OTA-010070,ZONE-0039
OTA-010071,ZONE-0040
OTA-010072,ZONE-0040
OTA-010073,ZONE-0039
OTA-010074,ZONE-0039
OTA-010075,ZONE-0040
OTA-010076,ZONE-0040
OTA-010077,ZONE-0040
OTA-010078,ZONE-0040
OTA-010079,ZONE-0039
OTA-010080,ZONE-0039
OTA-010081,ZONE-0040
OTA-010082,ZONE-0039
OTA-010083,ZONE-0040
OTA-010084,ZONE-0040
OTA-010085,ZONE-0040
OTA-010086,ZONE-0039
OTA-010087,ZONE-0039
OTA-010088,ZONE-0039
OTA-010089,ZONE-0039
OTA-010090,ZONE-0039
OTA-010091,ZONE-0040
OTA-010092,ZONE-0040
OTA-010093,ZONE-0040
OTA-010094,ZONE-0040
OTA-010095,ZONE-0040
OTA-010096,ZONE-0039
OTA-010097,ZONE-0039
OTA-010098,ZONE-0039
OTA-010099,ZONE-0040
OTA-010100,ZONE-0040
OTA-010101,ZONE-0040
OTA-010102,ZONE-0039
OTA-010103,ZONE-0040
OTA-010104,ZONE-0039
OTA-010105,ZONE-0040
OTA-010106,ZONE-0040
OTA-010107,ZONE-0040
OTA-010108,ZONE-0039
OTA-010109,ZONE-0039
OTA-010110,ZONE-0040
OTA-010111,ZONE-0039
OTA-010112,ZONE-0039
OTA-010113,ZONE-0039
OTA-010114,ZONE-0039
OTA-010115,ZONE-0039
OTA-010116,ZONE-0039
OTA-010117,ZONE-0040
OTA-010118,ZONE-0039
OTA-010119,ZONE-0040
OTA-010120,ZONE-0040
OTA-010121,ZONE-0040
OTA-010122,ZONE-0039
OTA-010123,ZONE-0040
OTA-010124,ZONE-0039
OTA-010125,ZONE-0039
OTA-010126,ZONE-0039
OTA-010127,ZONE-0039
OTA-010128,ZONE-0040
OTA-010129,ZONE-0039
OTA-010130,ZONE-0040
OTA-010131,ZONE-0040
OTA-010132,ZONE-0039
OTA-010133,ZONE-0040
OTA-010134,ZONE-0039
OTA-010135,ZONE-0040
OTA-010136,ZONE-0039
OTA-010137,ZONE-0039
OTA-010138,ZONE-0040
OTA-010139,ZONE-0040
OTA-010140,ZONE-0040
OTA-010141,ZONE-0039
OTA-010142,ZONE-0040
OTA-010143,ZONE-0040
OTA-010144,ZONE-0040
OTA-010145,ZONE-0040
OTA-010146,ZONE-0040
OTA-010147,ZONE-0039
OTA-010148,ZONE-0040
OTA-010149,ZONE-0039
OTA-010150,ZONE-0039
OTA-010151,ZONE-0039
OTA-010152,ZONE-0040
OTA-010153,ZONE-0039
OTA-010154,ZONE-0040
OTA-010155,ZONE-0039
OTA-010156,ZONE-0039
OTA-010157,ZONE-0040
OTA-010158,ZONE-0040
OTA-010159,ZONE-0040
OTA-010160,ZONE-0040
OTA-010161,ZONE-0039
OTA-010162,ZONE-0040
OTA-010163,ZONE-0039
OTA-010164,ZONE-0040
OTA-010165,ZONE-0039
OTA-010166,ZONE-0039
OTA-010167,ZONE-0039
OTA-010168,ZONE-0039
OTA-010169,ZONE-0040
OTA-010170,ZONE-0045
OTA-010171,ZONE-0044
OTA-010172,ZONE-0045
OTA-010173,ZONE-0045
OTA-010174,ZONE-0044
OTA-010175,ZONE-0044
OTA-010176,ZONE-0044
OTA-010177,ZONE-0044
OTA-010178,ZONE-0045
OTA-010179,ZONE-0045
OTA-010180,ZONE-0045
OTA-010181,ZONE-0045
OTA-010182,ZONE-0044
OTA-010183,ZONE-0045
OTA-010184,ZONE-0045
OTA-010185,ZONE-0044
OTA-010186,ZONE-0045
OTA-010187,ZONE-0044
OTA-010188,ZONE-0044
OTA-010189,ZONE-0045
OTA-010190,ZONE-0045
OTA-010191,ZONE-0044
OTA-010192,ZONE-0045
OTA-010193,ZONE-0044
OTA-010194,ZONE-0045
OTA-010195,ZONE-0044
OTA-010196,ZONE-0044
OTA-010197,ZONE-0045
OTA-010198,ZONE-0044
OTA-010199,ZONE-0045
OTA-010200,ZONE-0044
OTA-010201,ZONE-0044
OTA-010202,ZONE-0044
OTA-010203,ZONE-0044
OTA-010204,ZONE-0045
OTA-010205,ZONE-0045
OTA-010206,ZONE-0045
OTA-010207,ZONE-0044
OTA-010208,ZONE-0044
OTA-010209,ZONE-0045
OTA-010210,ZONE-0045
OTA-010211,ZONE-0045
OTA-010212,ZONE-0045
OTA-010213,ZONE-0045
OTA-010214,ZONE-0044
OTA-010215,ZONE-0045
OTA-010216,ZONE-0045
OTA-010217,ZONE-0045
OTA-010218,ZONE-0044
OTA-010219,ZONE-0044
OTA-010220,ZONE-0044
OTA-010221,ZONE-0044
OTA-010222,ZONE-0044
OTA-010223,ZONE-0044
OTA-010224,ZONE-0045
OTA-010225,ZONE-0044
OTA-010226,ZONE-0044
OTA-010227,ZONE-0044
OTA-010228,ZONE-0044
OTA-010229,ZONE-0045
OTA-010230,ZONE-0045
OTA-010231,ZONE-0045
OTA-010232,ZONE-0044
OTA-010233,ZONE-0044
OTA-010234,ZONE-0045
OTA-010235,ZONE-0044
OTA-010236,ZONE-0045
OTA-010237,ZONE-0044
OTA-010238,ZONE-0044
OTA-010239,ZONE-0045
OTA-010240,ZONE-0045
OTA-010241,ZONE-0045
OTA-010242,ZONE-0044
OTA-010243,ZONE-0044
OTA-010244,ZONE-0044
OTA-010245,ZONE-0044
OTA-010246,ZONE-0045
OTA-010247,ZONE-0045
OTA-010248,ZONE-0045
OTA-010249,ZONE-0045
OTA-010250,ZONE-0045
OTA-010251,ZONE-0044
OTA-010252,ZONE-0044
OTA-010253,ZONE-0044
OTA-010254,ZONE-0045
OTA-010255,ZONE-0045
OTA-010256,ZONE-0044
OTA-010257,ZONE-0044
OTA-010258,ZONE-0045
OTA-010259,ZONE-0045
OTA-010260,ZONE-0044
OTA-010261,ZONE-0044
OTA-010262,ZONE-0045
OTA-010263,ZONE-0045
OTA-010264,ZONE-0044
OTA-010265,ZONE-0045
OTA-010266,ZONE-0044
OTA-010267,ZONE-0044
OTA-010268,ZONE-0044
OTA-010269,ZONE-0044
OTA-010270,ZONE-0045
OTA-010271,ZONE-0044
OTA-010272,ZONE-0045
OTA-010273,ZONE-0045
OTA-010274,ZONE-0045
OTA-010275,ZONE-0044
OTA-010276,ZONE-0045
OTA-010277,ZONE-0044
OTA-010278,ZONE-0044
OTA-010279,ZONE-0044
OTA-010280,ZONE-0045
OTA-010281,ZONE-0045
OTA-010282,ZONE-0045
OTA-010283,ZONE-0045
OTA-010284,ZONE-0045
OTA-010285,ZONE-0044
OTA-010286,ZONE-0044
OTA-010287,ZONE-0045
OTA-010288,ZONE-0044
OTA-010289,ZONE-0044
OTA-010290,ZONE-0044
OTA-010291,ZONE-0045
OTA-010292,ZONE-0044
OTA-010293,ZONE-0045
OTA-010294,ZONE-0044
OTA-010295,ZONE-0044
OTA-010296,ZONE-0044
OTA-010297,ZONE-0044
OTA-010298,ZONE-0045
OTA-010299,ZONE-0045
OTA-010300,ZONE-0044
OTA-010301,ZONE-0044
OTA-010302,ZONE-0044
OTA-010303,ZONE-0045
OTA-010304,ZONE-0044
OTA-010305,ZONE-0044
OTA-010306,ZONE-0044
OTA-010307,ZONE-0045
OTA-010308,ZONE-0045
OTA-010309,ZONE-0044
OTA-010310,ZONE-0045
OTA-010311,ZONE-0044
OTA-010312,ZONE-0044
OTA-010313,ZONE-0044
OTA-010314,ZONE-0045
OTA-010315,ZONE-0045
OTA-010316,ZONE-0044
OTA-010317,ZONE-0045
OTA-010318,ZONE-0044
OTA-010319,ZONE-0044
OTA-010320,ZONE-0044
OTA-010321,ZONE-0044
OTA-010322,ZONE-0045
OTA-010323,ZONE-0044
OTA-010324,ZONE-0044
OTA-010325,ZONE-0044
OTA-010326,ZONE-0045
OTA-010327,ZONE-0044
OTA-010328,ZONE-0045
OTA-010329,ZONE-0045
OTA-010330,ZONE-0044
OTA-010331,ZONE-0045
OTA-010332,ZONE-0045
OTA-010333,ZONE-0044
OTA-010334,ZONE-0044
OTA-010335,ZONE-0045
OTA-010336,ZONE-0045
OTA-010337,ZONE-0045
OTA-010338,ZONE-0045
OTA-010339,ZONE-0044
OTA-010340,ZONE-0045
OTA-010341,ZONE-0045
OTA-010342,ZONE-0044
OTA-010343,ZONE-0044
OTA-010344,ZONE-0045
OTA-010345,ZONE-0044
OTA-010346,ZONE-0045
OTA-010347,ZONE-0045
OTA-010348,ZONE-0045
OTA-010349,ZONE-0044
OTA-010350,ZONE-0044
OTA-010351,ZONE-0044
OTA-010352,ZONE-0044
OTA-010353,ZONE-0044
OTA-010354,ZONE-0044
OTA-010355,ZONE-0044
OTA-010356,ZONE-0044
OTA-010357,ZONE-0044
OTA-010358,ZONE-0045
OTA-010359,ZONE-0044
OTA-010360,ZONE-0044
OTA-010361,ZONE-0045
OTA-010362,ZONE-0045
OTA-010363,ZONE-0045
OTA-010364,ZONE-0045
OTA-010365,ZONE-0045
OTA-010366,ZONE-0045
OTA-010367,ZONE-0044
OTA-010368,ZONE-0045
OTA-010369,ZONE-0044
OTA-010370,ZONE-0044
OTA-010371,ZONE-0045
OTA-010372,ZONE-0045
OTA-010373,ZONE-0044
OTA-010374,ZONE-0044
OTA-010375,ZONE-0045
OTA-010376,ZONE-0045
OTA-010377,ZONE-0044
OTA-010378,ZONE-0045
OTA-010379,ZONE-0044
OTA-010380,ZONE-0044
OTA-010381,ZONE-0045
OTA-010382,ZONE-0044
OTA-010383,ZONE-0044
OTA-010384,ZONE-0044
OTA-010385,ZONE-0044
OTA-010386,ZONE-0044
OTA-010387,ZONE-0044
OTA-010388,ZONE-0044
OTA-010389,ZONE-0044
OTA-010390,ZONE-0044
OTA-010391,ZONE-0045
OTA-010392,ZONE-0044
OTA-010393,ZONE-0045
OTA-010394,ZONE-0044
OTA-010395,ZONE-0044
OTA-010396,ZONE-0044
OTA-010397,ZONE-0045
OTA-010398,ZONE-0045
OTA-010399,ZONE-0044
OTA-010400,ZONE-0044
OTA-010401,ZONE-0044
OTA-010402,ZONE-0044
OTA-010403,ZONE-0045
OTA-010404,ZONE-0045
OTA-010405,ZONE-0045
OTA-010406,ZONE-0044
OTA-010407,ZONE-0045
OTA-010408,ZONE-0044
OTA-010409,ZONE-0045
OTA-010410,ZONE-0045
OTA-010411,ZONE-0044
OTA-010412,ZONE-0044
OTA-010413,ZONE-0044
OTA-010414,ZONE-0044
OTA-010415,ZONE-0044
OTA-010416,ZONE-0044
OTA-010417,ZONE-0044
OTA-010418,ZONE-0045
OTA-010419,ZONE-0044
OTA-010420,ZONE-0044
OTA-010421,ZONE-0045
OTA-010422,ZONE-0044
OTA-010423,ZONE-0045
OTA-010424,ZONE-0045
OTA-010425,ZONE-0044
OTA-010426,ZONE-0044
OTA-010427,ZONE-0044
OTA-010428,ZONE-0045
OTA-010429,ZONE-0044
OTA-010430,ZONE-0044
OTA-010431,ZONE-0045
OTA-010432,ZONE-0044
OTA-010433,ZONE-0044
OTA-010434,ZONE-0044
OTA-010435,ZONE-0044
OTA-010436,ZONE-0044
OTA-010437,ZONE-0045
OTA-010438,ZONE-0044
OTA-010439,ZONE-0045
OTA-010440,ZONE-0044
OTA-010441,ZONE-0045
OTA-010442,ZONE-0044
OTA-010443,ZONE-0044
OTA-010444,ZONE-0044
OTA-010445,ZONE-0045
OTA-010446,ZONE-0044
OTA-010447,ZONE-0045
OTA-010448,ZONE-0045
OTA-010449,ZONE-0045
OTA-010450,ZONE-0044
OTA-010451,ZONE-0045
OTA-010452,ZONE-0045
OTA-010453,ZONE-0044
OTA-010454,ZONE-0044
OTA-010455,ZONE-0045
OTA-010456,ZONE-0044
OTA-010457,ZONE-0044
OTA-010458,ZONE-0045
OTA-010459,ZONE-0044
OTA-010460,ZONE-0044
OTA-010461,ZONE-0045
OTA-010462,ZONE-0044
OTA-010463,ZONE-0045
OTA-010464,ZONE-0044
OTA-010465,ZONE-0045
OTA-010466,ZONE-0044
OTA-010467,ZONE-0045
OTA-010468,ZONE-0044
OTA-010469,ZONE-0044
OTA-010470,ZONE-0045
OTA-010471,ZONE-0044
OTA-010472,ZONE-0045
OTA-010473,ZONE-0045
OTA-010474,ZONE-0045
OTA-010475,ZONE-0045
OTA-010476,ZONE-0045
OTA-010477,ZONE-0045
OTA-010478,ZONE-0045
OTA-010479,ZONE-0044
OTA-010480,ZONE-0044
OTA-010481,ZONE-0045
OTA-010482,ZONE-0045
OTA-010483,ZONE-0044
OTA-010484,ZONE-0045
OTA-010485,ZONE-0045
OTA-010486,ZONE-0044
OTA-010487,ZONE-0044
OTA-010488,ZONE-0045
OTA-010489,ZONE-0045
OTA-010490,ZONE-0045
OTA-010491,ZONE-0045
OTA-010492,ZONE-0044
OTA-010493,ZONE-0044
OTA-010494,ZONE-0044
OTA-010495,ZONE-0045
OTA-010496,ZONE-0045
OTA-010497,ZONE-0044
OTA-010498,ZONE-0044
OTA-010499,ZONE-0045
OTA-010500,ZONE-0045
OTA-010501,ZONE-0045
OTA-010502,ZONE-0045
OTA-010503,ZONE-0044
OTA-010504,ZONE-0044
OTA-010505,ZONE-0044
OTA-010506,ZONE-0044
OTA-010507,ZONE-0045
OTA-010508,ZONE-0044
OTA-010509,ZONE-0044
OTA-010510,ZONE-0045
OTA-010511,ZONE-0044
OTA-010512,ZONE-0045
OTA-010513,ZONE-0044
OTA-010514,ZONE-0044
OTA-010515,ZONE-0045
OTA-010516,ZONE-0044
OTA-010517,ZONE-0045
OTA-010518,ZONE-0044
OTA-010519,ZONE-0045
OTA-010520,ZONE-0044
OTA-010521,ZONE-0044
OTA-010522,ZONE-0045
OTA-010523,ZONE-0044
OTA-010524,ZONE-0045
OTA-010525,ZONE-0044
OTA-010526,ZONE-0044
OTA-010527,ZONE-0044
OTA-010528,ZONE-0045
OTA-010529,ZONE-0045
OTA-010530,ZONE-0044
OTA-010531,ZONE-0044
OTA-010532,ZONE-0044
OTA-010533,ZONE-0044
OTA-010534,ZONE-0045
OTA-010535,ZONE-0045
OTA-010536,ZONE-0045
OTA-010537,ZONE-0044
OTA-010538,ZONE-0044
OTA-010539,ZONE-0045
OTA-010540,ZONE-0045
OTA-010541,ZONE-0044
OTA-010542,ZONE-0044
OTA-010543,ZONE-0045
OTA-010544,ZONE-0044
OTA-010545,ZONE-0044
OTA-010546,ZONE-0044
OTA-010547,ZONE-0044
OTA-010548,ZONE-0044
OTA-010549,ZONE-0044
OTA-010550,ZONE-0045
OTA-010551,ZONE-0044
OTA-010552,ZONE-0045
OTA-010553,ZONE-0044
OTA-010554,ZONE-0044
OTA-010555,ZONE-0045
OTA-010556,ZONE-0045
OTA-010557,ZONE-0045
OTA-010558,ZONE-0044
OTA-010559,ZONE-0044
OTA-010560,ZONE-0044
OTA-010561,ZONE-0045
OTA-010562,ZONE-0044
OTA-010563,ZONE-0045
OTA-010564,ZONE-0044
OTA-010565,ZONE-0044
OTA-010566,ZONE-0045
OTA-010567,ZONE-0044
OTA-010568,ZONE-0045
OTA-010569,ZONE-0045
OTA-010570,ZONE-0044
OTA-010571,ZONE-0044
OTA-010572,ZONE-0044
OTA-010573,ZONE-0044
OTA-010574,ZONE-0045
OTA-010575,ZONE-0045
OTA-010576,ZONE-0044
OTA-010577,ZONE-0045
OTA-010578,ZONE-0045
OTA-010579,ZONE-0045
OTA-010580,ZONE-0044
OTA-010581,ZONE-0044
OTA-010582,ZONE-0044
OTA-010583,ZONE-0045
OTA-010584,ZONE-0045
OTA-010585,ZONE-0044
OTA-010586,ZONE-0044
OTA-010587,ZONE-0045
OTA-010588,ZONE-0045
OTA-010589,ZONE-0044
OTA-010590,ZONE-0044
OTA-010591,ZONE-0045
OTA-010592,ZONE-0044
OTA-010593,ZONE-0044
OTA-010594,ZONE-0045
OTA-010595,ZONE-0044
OTA-010596,ZONE-0045
OTA-010597,ZONE-0045
OTA-010598,ZONE-0045
OTA-010599,ZONE-0045
OTA-010600,ZONE-0045
OTA-010601,ZONE-0045
OTA-010602,ZONE-0045
OTA-010603,ZONE-0045
OTA-010604,ZONE-0044
OTA-010605,ZONE-0044
OTA-010606,ZONE-0045
OTA-010607,ZONE-0044
OTA-010608,ZONE-0045
OTA-010609,ZONE-0044
OTA-010610,ZONE-0045
OTA-010611,ZONE-0045
OTA-010612,ZONE-0045
OTA-010613,ZONE-0044
OTA-010614,ZONE-0044
OTA-010615,ZONE-0045
OTA-010616,ZONE-0045
OTA-010617,ZONE-0044
OTA-010618,ZONE-0044
OTA-010619,ZONE-0044
OTA-010620,ZONE-0044
OTA-010621,ZONE-0044
OTA-010622,ZONE-0044
OTA-010623,ZONE-0044
OTA-010624,ZONE-0044
OTA-010625,ZONE-0045
OTA-010626,ZONE-0044
OTA-010627,ZONE-0044
OTA-010628,ZONE-0044
OTA-010629,ZONE-0044
OTA-010630,ZONE-0044
OTA-010631,ZONE-0044
OTA-010632,ZONE-0044
OTA-010633,ZONE-0045
OTA-010634,ZONE-0044
OTA-010635,ZONE-0045
OTA-010636,ZONE-0044
OTA-010637,ZONE-0044
OTA-010638,ZONE-0045
OTA-010639,ZONE-0045
OTA-010640,ZONE-0045
OTA-010641,ZONE-0044
OTA-010642,ZONE-0044
OTA-010643,ZONE-0044
OTA-010644,ZONE-0045
OTA-010645,ZONE-0045
OTA-010646,ZONE-0044
OTA-010647,ZONE-0045
OTA-010648,ZONE-0045
OTA-010649,ZONE-0044
OTA-010650,ZONE-0044
OTA-010651,ZONE-0044
OTA-010652,ZONE-0044
OTA-010653,ZONE-0044
OTA-010654,ZONE-0044
OTA-010655,ZONE-0045
OTA-010656,ZONE-0044
OTA-010657,ZONE-0044
OTA-010658,ZONE-0045
OTA-010659,ZONE-0044
OTA-010660,ZONE-0044
OTA-010661,ZONE-0044
OTA-010662,ZONE-0044
OTA-010663,ZONE-0044
OTA-010664,ZONE-0045
OTA-010665,ZONE-0044
OTA-010666,ZONE-0044
OTA-010667,ZONE-0044
OTA-010668,ZONE-0045
OTA-010669,ZONE-0045
OTA-010670,ZONE-0045
OTA-010671,ZONE-0045
OTA-010672,ZONE-0045
OTA-010673,ZONE-0044
OTA-010674,ZONE-0044
OTA-010675,ZONE-0044
OTA-010676,ZONE-0045
OTA-010677,ZONE-0045
OTA-010678,ZONE-0044
OTA-010679,ZONE-0045
OTA-010680,ZONE-0045
OTA-010681,ZONE-0044
OTA-010682,ZONE-0045
OTA-010683,ZONE-0045
OTA-010684,ZONE-0045
OTA-010685,ZONE-0045
OTA-010686,ZONE-0044
OTA-010687,ZONE-0045
OTA-010688,ZONE-0045
OTA-010689,ZONE-0045
OTA-010690,ZONE-0045
OTA-010691,ZONE-0044
OTA-010692,ZONE-0044
OTA-010693,ZONE-0044
OTA-010694,ZONE-0045
OTA-010695,ZONE-0044
OTA-010696,ZONE-0044
OTA-010697,ZONE-0045
OTA-010698,ZONE-0044
OTA-010699,ZONE-0045
OTA-010700,ZONE-0044
OTA-010701,ZONE-0045
OTA-010702,ZONE-0044
OTA-010703,ZONE-0044
OTA-010704,ZONE-0045
OTA-010705,ZONE-0045
OTA-010706,ZONE-0045
OTA-010707,ZONE-0044
OTA-010708,ZONE-0045
OTA-010709,ZONE-0045
OTA-010710,ZONE-0044
OTA-010711,ZONE-0044
OTA-010712,ZONE-0044
OTA-010713,ZONE-0044
OTA-010714,ZONE-0044
OTA-010715,ZONE-0044
OTA-010716,ZONE-0045
OTA-010717,ZONE-0045
OTA-010718,ZONE-0044
OTA-010719,ZONE-0045
OTA-010720,ZONE-0045
OTA-010721,ZONE-0045
OTA-010722,ZONE-0045
OTA-010723,ZONE-0045
OTA-010724,ZONE-0044
OTA-010725,ZONE-0044
OTA-010726,ZONE-0045
OTA-010727,ZONE-0045
OTA-010728,ZONE-0044
OTA-010729,ZONE-0044
OTA-010730,ZONE-0044
OTA-010731,ZONE-0045
OTA-010732,ZONE-0044
OTA-010733,ZONE-0045
OTA-010734,ZONE-0045
OTA-010735,ZONE-0045
OTA-010736,ZONE-0044
OTA-010737,ZONE-0044
OTA-010738,ZONE-0045
OTA-010739,ZONE-0044
OTA-010740,ZONE-0045
OTA-010741,ZONE-0045
OTA-010742,ZONE-0044
OTA-010743,ZONE-0045
OTA-010744,ZONE-0044
OTA-010745,ZONE-0045
OTA-010746,ZONE-0044
OTA-010747,ZONE-0045
OTA-010748,ZONE-0044
OTA-010749,ZONE-0045
OTA-010750,ZONE-0045
OTA-010751,ZONE-0044
OTA-010752,ZONE-0044
OTA-010753,ZONE-0044
OTA-010754,ZONE-0045
OTA-010755,ZONE-0045
OTA-010756,ZONE-0045
OTA-010757,ZONE-0045
OTA-010758,ZONE-0044
OTA-010759,ZONE-0045
OTA-010760,ZONE-0044
OTA-010761,ZONE-0045
OTA-010762,ZONE-0045
OTA-010763,ZONE-0045
OTA-010764,ZONE-0045
OTA-010765,ZONE-0044
OTA-010766,ZONE-0045
OTA-010767,ZONE-0045
OTA-010768,ZONE-0045
OTA-010769,ZONE-0044
OTA-010770,ZONE-0044
OTA-010771,ZONE-0044
OTA-010772,ZONE-0044
OTA-010773,ZONE-0044
OTA-010774,ZONE-0044
OTA-010775,ZONE-0045
OTA-010776,ZONE-0044
OTA-010777,ZONE-0045
OTA-010778,ZONE-0044
OTA-010779,ZONE-0044
OTA-010780,ZONE-0044
OTA-010781,ZONE-0044
OTA-010782,ZONE-0045
OTA-010783,ZONE-0044
OTA-010784,ZONE-0044
OTA-010785,ZONE-0045
OTA-010786,ZONE-0044
OTA-010787,ZONE-0045
OTA-010788,ZONE-0045
OTA-010789,ZONE-0045
OTA-010790,ZONE-0045
OTA-010791,ZONE-0045
OTA-010792,ZONE-0045
OTA-010793,ZONE-0045
OTA-010794,ZONE-0045
OTA-010795,ZONE-0045
OTA-010796,ZONE-0044
OTA-010797,ZONE-0044
OTA-010798,ZONE-0044
OTA-010799,ZONE-0044
OTA-010800,ZONE-0045
OTA-010801,ZONE-0045
OTA-010802,ZONE-0045
OTA-010803,ZONE-0045
OTA-010804,ZONE-0045
OTA-010805,ZONE-0045
OTA-010806,ZONE-0045
OTA-010807,ZONE-0044
OTA-010808,ZONE-0045
OTA-010809,ZONE-0044
OTA-010810,ZONE-0044
OTA-010811,ZONE-0044
OTA-010812,ZONE-0044
OTA-010813,ZONE-0045
OTA-010814,ZONE-0045
OTA-010815,ZONE-0045
OTA-010816,ZONE-0045
OTA-010817,ZONE-0044
OTA-010818,ZONE-0044
OTA-010819,ZONE-0045
OTA-010820,ZONE-0044
OTA-010821,ZONE-0045
OTA-010822,ZONE-0045
OTA-010823,ZONE-0044
OTA-010824,ZONE-0045
OTA-010825,ZONE-0044
OTA-010826,ZONE-0045
OTA-010827,ZONE-0044
OTA-010828,ZONE-0045
OTA-010829,ZONE-0044
OTA-010830,ZONE-0045
OTA-010831,ZONE-0044
OTA-010832,ZONE-0045
OTA-010833,ZONE-0045
OTA-010834,ZONE-0045
OTA-010835,ZONE-0045
OTA-010836,ZONE-0044
OTA-010837,ZONE-0044
OTA-010838,ZONE-0045
OTA-010839,ZONE-0044
OTA-010840,ZONE-0045
OTA-010841,ZONE-0044
OTA-010842,ZONE-0044
OTA-010843,ZONE-0045
OTA-010844,ZONE-0044
OTA-010845,ZONE-0045
OTA-010846,ZONE-0045
OTA-010847,ZONE-0044
OTA-010848,ZONE-0045
OTA-010849,ZONE-0045
OTA-010850,ZONE-0045
OTA-010851,ZONE-0044
OTA-010852,ZONE-0045
OTA-010853,ZONE-0045
OTA-010854,ZONE-0044
OTA-010855,ZONE-0044
OTA-010856,ZONE-0044
OTA-010857,ZONE-0044
OTA-010858,ZONE-0044
OTA-010859,ZONE-0044
OTA-010860,ZONE-0045
OTA-010861,ZONE-0045
OTA-010862,ZONE-0045
OTA-010863,ZONE-0044
OTA-010864,ZONE-0045
OTA-010865,ZONE-0044
OTA-010866,ZONE-0044
OTA-010867,ZONE-0044
OTA-010868,ZONE-0044
OTA-010869,ZONE-0045
OTA-010870,ZONE-0045
OTA-010871,ZONE-0045
OTA-010872,ZONE-0044
OTA-010873,ZONE-0044
OTA-010874,ZONE-0044
OTA-010875,ZONE-0044
OTA-010876,ZONE-0044
OTA-010877,ZONE-0045
OTA-010878,ZONE-0044
OTA-010879,ZONE-0044
OTA-010880,ZONE-0045
OTA-010881,ZONE-0045
OTA-010882,ZONE-0045
OTA-010883,ZONE-0044
OTA-010884,ZONE-0045
OTA-010885,ZONE-0045
OTA-010886,ZONE-0045
OTA-010887,ZONE-0044
OTA-010888,ZONE-0045
OTA-010889,ZONE-0044
OTA-010890,ZONE-0044
OTA-010891,ZONE-0044
OTA-010892,ZONE-0045
OTA-010893,ZONE-0045
OTA-010894,ZONE-0044
OTA-010895,ZONE-0045
OTA-010896,ZONE-0044
OTA-010897,ZONE-0044
OTA-010898,ZONE-0044
OTA-010899,ZONE-0044
OTA-010900,ZONE-0044
OTA-010901,ZONE-0044
OTA-010902,ZONE-0044
OTA-010903,ZONE-0045
OTA-010904,ZONE-0044
OTA-010905,ZONE-0044
OTA-010906,ZONE-0045
OTA-010907,ZONE-0045
OTA-010908,ZONE-0044
OTA-010909,ZONE-0045
OTA-010910,ZONE-0045
OTA-010911,ZONE-0045
OTA-010912,ZONE-0045
OTA-010913,ZONE-0045
OTA-010914,ZONE-0045
OTA-010915,ZONE-0045
OTA-010916,ZONE-0044
OTA-010917,ZONE-0044
OTA-010918,ZONE-0044
OTA-010919,ZONE-0044
OTA-010920,ZONE-0045
OTA-010921,ZONE-0045
OTA-010922,ZONE-0045
OTA-010923,ZONE-0045
OTA-010924,ZONE-0045
OTA-010925,ZONE-0045
OTA-010926,ZONE-0045
OTA-010927,ZONE-0045
OTA-010928,ZONE-0045
OTA-010929,ZONE-0044
OTA-010930,ZONE-0045
OTA-010931,ZONE-0044
OTA-010932,ZONE-0044
OTA-010933,ZONE-0044
OTA-010934,ZONE-0044
OTA-010935,ZONE-0045
OTA-010936,ZONE-0044
OTA-010937,ZONE-0045
OTA-010938,ZONE-0044
OTA-010939,ZONE-0044
OTA-010940,ZONE-0045
OTA-010941,ZONE-0044
OTA-010942,ZONE-0044
OTA-010943,ZONE-0045
OTA-010944,ZONE-0045
OTA-010945,ZONE-0044
OTA-010946,ZONE-0044
OTA-010947,ZONE-0045
OTA-010948,ZONE-0045
OTA-010949,ZONE-0044
OTA-010950,ZONE-0045
OTA-010951,ZONE-0044
OTA-010952,ZONE-0045
OTA-010953,ZONE-0045
OTA-010954,ZONE-0045
OTA-010955,ZONE-0044
OTA-010956,ZONE-0045
OTA-010957,ZONE-0044
OTA-010958,ZONE-0045
OTA-010959,ZONE-0044
OTA-010960,ZONE-0044
OTA-010961,ZONE-0045
OTA-010962,ZONE-0044
OTA-010963,ZONE-0045
OTA-010964,ZONE-0045
OTA-010965,ZONE-0045
OTA-010966,ZONE-0045
OTA-010967,ZONE-0044
OTA-010968,ZONE-0045
OTA-010969,ZONE-0044
OTA-010970,ZONE-0044
OTA-010971,ZONE-0045
OTA-010972,ZONE-0044
OTA-010973,ZONE-0044
OTA-010974,ZONE-0045
OTA-010975,ZONE-0044
OTA-010976,ZONE-0045
OTA-010977,ZONE-0045
OTA-010978,ZONE-0044
OTA-010979,ZONE-0045
OTA-010980,ZONE-0045
OTA-010981,ZONE-0045
OTA-010982,ZONE-0045
OTA-010983,ZONE-0045
OTA-010984,ZONE-0044
OTA-010985,ZONE-0045
OTA-010986,ZONE-0045
OTA-010987,ZONE-0044
OTA-010988,ZONE-0044
OTA-010989,ZONE-0045
OTA-010990,ZONE-0044
OTA-010991,ZONE-0044
OTA-010992,ZONE-0044
OTA-010993,ZONE-0045
OTA-010994,ZONE-0045
OTA-010995,ZONE-0044
OTA-010996,ZONE-0045
OTA-010997,ZONE-0045
OTA-010998,ZONE-0044
OTA-010999,ZONE-0045
OTA-011000,ZONE-0045
OTA-011001,ZONE-0045
OTA-011002,ZONE-0045
OTA-011003,ZONE-0045
OTA-011004,ZONE-0045
OTA-011005,ZONE-0044
OTA-011006,ZONE-0045
OTA-011007,ZONE-0045
OTA-011008,ZONE-0044
OTA-011009,ZONE-0045
OTA-011010,ZONE-0045
OTA-011011,ZONE-0044
OTA-011012,ZONE-0044
OTA-011013,ZONE-0045
OTA-011014,ZONE-0045
OTA-011015,ZONE-0045
OTA-011016,ZONE-0045
OTA-011017,ZONE-0045
OTA-011018,ZONE-0044
OTA-011019,ZONE-0045
OTA-011020,ZONE-0045
OTA-011021,ZONE-0044
OTA-011022,ZONE-0045
OTA-011023,ZONE-0044
OTA-011024,ZONE-0045
OTA-011025,ZONE-0045
OTA-011026,ZONE-0045
OTA-011027,ZONE-0044
OTA-011028,ZONE-0045
OTA-011029,ZONE-0045
OTA-011030,ZONE-0045
OTA-011031,ZONE-0044
OTA-011032,ZONE-0044
OTA-011033,ZONE-0044
OTA-011034,ZONE-0045
OTA-011035,ZONE-0045
OTA-011036,ZONE-0045
OTA-011037,ZONE-0045
OTA-011038,ZONE-0044
OTA-011039,ZONE-0044
OTA-011040,ZONE-0044
OTA-011041,ZONE-0044
OTA-011042,ZONE-0045
OTA-011043,ZONE-0045
OTA-011044,ZONE-0045
OTA-011045,ZONE-0045
OTA-011046,ZONE-0044
OTA-011047,ZONE-0045
OTA-011048,ZONE-0045
OTA-011049,ZONE-0044
OTA-011050,ZONE-0045
OTA-011051,ZONE-0044
OTA-011052,ZONE-0045
OTA-011053,ZONE-0044
OTA-011054,ZONE-0044
OTA-011055,ZONE-0045
OTA-011056,ZONE-0044
OTA-011057,ZONE-0045
OTA-011058,ZONE-0045
OTA-011059,ZONE-0045
OTA-011060,ZONE-0044
OTA-011061,ZONE-0044
OTA-011062,ZONE-0044
OTA-011063,ZONE-0045
OTA-011064,ZONE-0044
OTA-011065,ZONE-0045
OTA-011066,ZONE-0044
OTA-011067,ZONE-0044
OTA-011068,ZONE-0044
OTA-011069,ZONE-0045
OTA-011070,ZONE-0044
OTA-011071,ZONE-0044
OTA-011072,ZONE-0044
OTA-011073,ZONE-0045
OTA-011074,ZONE-0044
OTA-011075,ZONE-0044
OTA-011076,ZONE-0045
OTA-011077,ZONE-0044
OTA-011078,ZONE-0045
OTA-011079,ZONE-0045
OTA-011080,ZONE-0045
OTA-011081,ZONE-0045
OTA-011082,ZONE-0044
OTA-011083,ZONE-0044
OTA-011084,ZONE-0044
OTA-011085,ZONE-0044
OTA-011086,ZONE-0045
OTA-011087,ZONE-0045
OTA-011088,ZONE-0045
OTA-011089,ZONE-0044
OTA-011090,ZONE-0045
OTA-011091,ZONE-0045
OTA-011092,ZONE-0044
OTA-011093,ZONE-0045
OTA-011094,ZONE-0044
OTA-011095,ZONE-0045
OTA-011096,ZONE-0044
OTA-011097,ZONE-0044
OTA-011098,ZONE-0045
OTA-011099,ZONE-0044
OTA-011100,ZONE-0044
OTA-011101,ZONE-0045
OTA-011102,ZONE-0045
OTA-011103,ZONE-0045
OTA-011104,ZONE-0045
OTA-011105,ZONE-0044
OTA-011106,ZONE-0045
OTA-011107,ZONE-0045
OTA-011108,ZONE-0044
OTA-011109,ZONE-0045
OTA-011110,ZONE-0044
OTA-011111,ZONE-0045
OTA-011112,ZONE-0044
OTA-011113,ZONE-0045
OTA-011114,ZONE-0044
OTA-011115,ZONE-0044
OTA-011116,ZONE-0044
OTA-011117,ZONE-0045
OTA-011118,ZONE-0044
OTA-011119,ZONE-0044
OTA-011120,ZONE-0044
OTA-011121,ZONE-0044
OTA-011122,ZONE-0044
OTA-011123,ZONE-0044
OTA-011124,ZONE-0045
OTA-011125,ZONE-0045
OTA-011126,ZONE-0045
OTA-011127,ZONE-0045
OTA-011128,ZONE-0044
OTA-011129,ZONE-0045
OTA-011130,ZONE-0045
OTA-011131,ZONE-0044
OTA-011132,ZONE-0045
OTA-011133,ZONE-0045
OTA-011134,ZONE-0044
OTA-011135,ZONE-0044
OTA-011136,ZONE-0044
OTA-011137,ZONE-0045
OTA-011138,ZONE-0044
OTA-011139,ZONE-0044
OTA-011140,ZONE-0044
OTA-011141,ZONE-0045
OTA-011142,ZONE-0044
OTA-011143,ZONE-0044
OTA-011144,ZONE-0045
OTA-011145,ZONE-0045
OTA-011146,ZONE-0045
OTA-011147,ZONE-0044
OTA-011148,ZONE-0045
OTA-011149,ZONE-0045
OTA-011150,ZONE-0045
OTA-011151,ZONE-0044
OTA-011152,ZONE-0045
OTA-011153,ZONE-0045
OTA-011154,ZONE-0045
OTA-011155,ZONE-0045
OTA-011156,ZONE-0045
OTA-011157,ZONE-0044
OTA-011158,ZONE-0044
OTA-011159,ZONE-0045
OTA-011160,ZONE-0044
OTA-011161,ZONE-0045
OTA-011162,ZONE-0044
OTA-011163,ZONE-0044
OTA-011164,ZONE-0045
OTA-011165,ZONE-0045
OTA-011166,ZONE-0044
OTA-011167,ZONE-0044
OTA-011168,ZONE-0044
OTA-011169,ZONE-0045
OTA-011170,ZONE-0044
OTA-011171,ZONE-0045
OTA-011172,ZONE-0044
OTA-011173,ZONE-0045
OTA-011174,ZONE-0045
OTA-011175,ZONE-0045
OTA-011176,ZONE-0045
OTA-011177,ZONE-0045
OTA-011178,ZONE-0045
OTA-011179,ZONE-0044
OTA-011180,ZONE-0044
OTA-011181,ZONE-0045
OTA-011182,ZONE-0045
OTA-011183,ZONE-0044
OTA-011184,ZONE-0045
OTA-011185,ZONE-0045
OTA-011186,ZONE-0045
OTA-011187,ZONE-0045
OTA-011188,ZONE-0044
OTA-011189,ZONE-0044
OTA-011190,ZONE-0044
OTA-011191,ZONE-0045
OTA-011192,ZONE-0044
OTA-011193,ZONE-0045
OTA-011194,ZONE-0044
OTA-011195,ZONE-0045
OTA-011196,ZONE-0044
OTA-011197,ZONE-0045
OTA-011198,ZONE-0045
OTA-011199,ZONE-0044
OTA-011200,ZONE-0044
OTA-011201,ZONE-0044
OTA-011202,ZONE-0045
OTA-011203,ZONE-0044
OTA-011204,ZONE-0045
OTA-011205,ZONE-0044
OTA-011206,ZONE-0044
OTA-011207,ZONE-0045
OTA-011208,ZONE-0044
OTA-011209,ZONE-0044
OTA-011210,ZONE-0045
OTA-011211,ZONE-0045
OTA-011212,ZONE-0044
OTA-011213,ZONE-0044
OTA-011214,ZONE-0044
OTA-011215,ZONE-0045
OTA-011216,ZONE-0045
OTA-011217,ZONE-0044
OTA-011218,ZONE-0044
OTA-011219,ZONE-0044
OTA-011220,ZONE-0045
OTA-011221,ZONE-0044
OTA-011222,ZONE-0044
OTA-011223,ZONE-0044
OTA-011224,ZONE-0045
OTA-011225,ZONE-0044
OTA-011226,ZONE-0045
OTA-011227,ZONE-0045
OTA-011228,ZONE-0045
OTA-011229,ZONE-0045
OTA-011230,ZONE-0045
OTA-011231,ZONE-0045
OTA-011232,ZONE-0045
OTA-011233,ZONE-0045
OTA-011234,ZONE-0044
OTA-011235,ZONE-0045
OTA-011236,ZONE-0044
OTA-011237,ZONE-0044
OTA-011238,ZONE-0045
OTA-011239,ZONE-0045
OTA-011240,ZONE-0045
OTA-011241,ZONE-0044
OTA-011242,ZONE-0045
OTA-011243,ZONE-0044
OTA-011244,ZONE-0044
OTA-011245,ZONE-0044
OTA-011246,ZONE-0045
OTA-011247,ZONE-0045
OTA-011248,ZONE-0045
OTA-011249,ZONE-0045
OTA-011250,ZONE-0044
OTA-011251,ZONE-0045
OTA-011252,ZONE-0045
OTA-011253,ZONE-0045
OTA-011254,ZONE-0045
OTA-011255,ZONE-0045
OTA-011256,ZONE-0045
OTA-011257,ZONE-0044
OTA-011258,ZONE-0044
OTA-011259,ZONE-0045
OTA-011260,ZONE-0044
OTA-011261,ZONE-0044
OTA-011262,ZONE-0044
OTA-011263,ZONE-0044
OTA-011264,ZONE-0045
OTA-011265,ZONE-0045
OTA-011266,ZONE-0045
OTA-011267,ZONE-0044
OTA-011268,ZONE-0044
OTA-011269,ZONE-0045
OTA-011270,ZONE-0045
OTA-011271,ZONE-0044
OTA-011272,ZONE-0044
OTA-011273,ZONE-0044
OTA-011274,ZONE-0044
OTA-011275,ZONE-0045
OTA-011276,ZONE-0044
OTA-011277,ZONE-0044
OTA-011278,ZONE-0044
OTA-011279,ZONE-0045
OTA-011280,ZONE-0045
OTA-011281,ZONE-0045
OTA-011282,ZONE-0045
OTA-011283,ZONE-0045
OTA-011284,ZONE-0044
OTA-011285,ZONE-0044
OTA-011286,ZONE-0044
OTA-011287,ZONE-0045
OTA-011288,ZONE-0045
OTA-011289,ZONE-0045
OTA-011290,ZONE-0045
OTA-011291,ZONE-0045
OTA-011292,ZONE-0045
OTA-011293,ZONE-0045
OTA-011294,ZONE-0045
OTA-011295,ZONE-0045
OTA-011296,ZONE-0045
OTA-011297,ZONE-0044
OTA-011298,ZONE-0045
OTA-011299,ZONE-0045
OTA-011300,ZONE-0044
OTA-011301,ZONE-0045
OTA-011302,ZONE-0045
OTA-011303,ZONE-0044
OTA-011304,ZONE-0045
OTA-011305,ZONE-0045
OTA-011306,ZONE-0045
OTA-011307,ZONE-0045
OTA-011308,ZONE-0045
OTA-011309,ZONE-0044
OTA-011310,ZONE-0044
OTA-011311,ZONE-0045
OTA-011312,ZONE-0044
OTA-011313,ZONE-0045
OTA-011314,ZONE-0044
OTA-011315,ZONE-0045
OTA-011316,ZONE-0044
OTA-011317,ZONE-0045
OTA-011318,ZONE-0045
OTA-011319,ZONE-0044
OTA-011320,ZONE-0045
OTA-011321,ZONE-0045
OTA-011322,ZONE-0045
OTA-011323,ZONE-0045
OTA-011324,ZONE-0045
OTA-011325,ZONE-0045
OTA-011326,ZONE-0044
OTA-011327,ZONE-0044
OTA-011328,ZONE-0044
OTA-011329,ZONE-0044
OTA-011330,ZONE-0045
OTA-011331,ZONE-0045
OTA-011332,ZONE-0044
OTA-011333,ZONE-0045
OTA-011334,ZONE-0045
OTA-011335,ZONE-0045
OTA-011336,ZONE-0044
OTA-011337,ZONE-0044
OTA-011338,ZONE-0045
OTA-011339,ZONE-0045
OTA-011340,ZONE-0044
OTA-011341,ZONE-0045
OTA-011342,ZONE-0044
OTA-011343,ZONE-0044
OTA-011344,ZONE-0044
OTA-011345,ZONE-0044
OTA-011346,ZONE-0045
OTA-011347,ZONE-0044
OTA-011348,ZONE-0044
OTA-011349,ZONE-0045
OTA-011350,ZONE-0045
OTA-011351,ZONE-0045
OTA-011352,ZONE-0044
OTA-011353,ZONE-0044
OTA-011354,ZONE-0045
OTA-011355,ZONE-0044
OTA-011356,ZONE-0045
OTA-011357,ZONE-0045
OTA-011358,ZONE-0044
OTA-011359,ZONE-0044
OTA-011360,ZONE-0044
OTA-011361,ZONE-0044
OTA-011362,ZONE-0045
OTA-011363,ZONE-0045
OTA-011364,ZONE-0044
OTA-011365,ZONE-0044
OTA-011366,ZONE-0044
OTA-011367,ZONE-0044
OTA-011368,ZONE-0044
OTA-011369,ZONE-0045
OTA-011370,ZONE-0045
OTA-011371,ZONE-0045
OTA-011372,ZONE-0045
OTA-011373,ZONE-0045
OTA-011374,ZONE-0045
OTA-011375,ZONE-0044
OTA-011376,ZONE-0044
OTA-011377,ZONE-0044
OTA-011378,ZONE-0045
OTA-011379,ZONE-0045
OTA-011380,ZONE-0045
OTA-011381,ZONE-0044
OTA-011382,ZONE-0044
OTA-011383,ZONE-0044
OTA-011384,ZONE-0045
OTA-011385,ZONE-0045
OTA-011386,ZONE-0045
OTA-011387,ZONE-0045
OTA-011388,ZONE-0045
OTA-011389,ZONE-0045
OTA-011390,ZONE-0044
OTA-011391,ZONE-0045
OTA-011392,ZONE-0044
OTA-011393,ZONE-0045
OTA-011394,ZONE-0045
OTA-011395,ZONE-0045
OTA-011396,ZONE-0045
OTA-011397,ZONE-0045
OTA-011398,ZONE-0045
OTA-011399,ZONE-0045
OTA-011400,ZONE-0045
OTA-011401,ZONE-0045
OTA-011402,ZONE-0045
OTA-011403,ZONE-0044
OTA-011404,ZONE-0044
OTA-011405,ZONE-0045
OTA-011406,ZONE-0044
OTA-011407,ZONE-0045
OTA-011408,ZONE-0044
OTA-011409,ZONE-0044
OTA-011410,ZONE-0045
OTA-011411,ZONE-0044
OTA-011412,ZONE-0044
OTA-011413,ZONE-0045
OTA-011414,ZONE-0045
OTA-011415,ZONE-0045
OTA-011416,ZONE-0044
OTA-011417,ZONE-0044
OTA-011418,ZONE-0044
OTA-011419,ZONE-0045
OTA-011420,ZONE-0045
OTA-011421,ZONE-0045
OTA-011422,ZONE-0045
OTA-011423,ZONE-0044
OTA-011424,ZONE-0045
OTA-011425,ZONE-0044
OTA-011426,ZONE-0045
OTA-011427,ZONE-0044
OTA-011428,ZONE-0045
OTA-011429,ZONE-0044
OTA-011430,ZONE-0045
OTA-011431,ZONE-0045
OTA-011432,ZONE-0045
OTA-011433,ZONE-0044
OTA-011434,ZONE-0045
OTA-011435,ZONE-0044
OTA-011436,ZONE-0045
OTA-011437,ZONE-0045
OTA-011438,ZONE-0045
OTA-011439,ZONE-0044
OTA-011440,ZONE-0045
OTA-011441,ZONE-0044
OTA-011442,ZONE-0045
OTA-011443,ZONE-0044
OTA-011444,ZONE-0045
OTA-011445,ZONE-0044
OTA-011446,ZONE-0044
OTA-011447,ZONE-0045
OTA-011448,ZONE-0044
OTA-011449,ZONE-0044
OTA-011450,ZONE-0044
OTA-011451,ZONE-0045
OTA-011452,ZONE-0045
OTA-011453,ZONE-0044
OTA-011454,ZONE-0045
OTA-011455,ZONE-0044
OTA-011456,ZONE-0044
OTA-011457,ZONE-0045
OTA-011458,ZONE-0045
OTA-011459,ZONE-0044
OTA-011460,ZONE-0044
OTA-011461,ZONE-0044
OTA-011462,ZONE-0044
OTA-011463,ZONE-0044
OTA-011464,ZONE-0044
OTA-011465,ZONE-0049
OTA-011466,ZONE-0050
OTA-011467,ZONE-0049
OTA-011468,ZONE-0049
OTA-011469,ZONE-0049
OTA-011470,ZONE-0050
OTA-011471,ZONE-0050
OTA-011472,ZONE-0050
OTA-011473,ZONE-0049
OTA-011474,ZONE-0050
OTA-011475,ZONE-0049
OTA-011476,ZONE-0049
OTA-011477,ZONE-0049
OTA-011478,ZONE-0049
OTA-011479,ZONE-0050
OTA-011480,ZONE-0050
OTA-011481,ZONE-0049
OTA-011482,ZONE-0050
OTA-011483,ZONE-0049
OTA-011484,ZONE-0049
OTA-011485,ZONE-0049
OTA-011486,ZONE-0049
OTA-011487,ZONE-0049
OTA-011488,ZONE-0049
OTA-011489,ZONE-0050
OTA-011490,ZONE-0049
OTA-011491,ZONE-0049
OTA-011492,ZONE-0049
OTA-011493,ZONE-0049
OTA-011494,ZONE-0049
OTA-011495,ZONE-0050
OTA-011496,ZONE-0049
OTA-011497,ZONE-0050
OTA-011498,ZONE-0049
OTA-011499,ZONE-0050
OTA-011500,ZONE-0050
OTA-011501,ZONE-0050
OTA-011502,ZONE-0049
OTA-011503,ZONE-0049
OTA-011504,ZONE-0049
OTA-011505,ZONE-0049
OTA-011506,ZONE-0050
OTA-011507,ZONE-0050
OTA-011508,ZONE-0049
OTA-011509,ZONE-0050
OTA-011510,ZONE-0050
OTA-011511,ZONE-0050
OTA-011512,ZONE-0050
OTA-011513,ZONE-0049
OTA-011514,ZONE-0050
OTA-011515,ZONE-0050
OTA-011516,ZONE-0049
OTA-011517,ZONE-0050
OTA-011518,ZONE-0050
OTA-011519,ZONE-0050
OTA-011520,ZONE-0050
OTA-011521,ZONE-0050
OTA-011522,ZONE-0049
OTA-011523,ZONE-0049
OTA-011524,ZONE-0049
OTA-011525,ZONE-0050
OTA-011526,ZONE-0050
OTA-011527,ZONE-0049
OTA-011528,ZONE-0050
OTA-011529,ZONE-0050
OTA-011530,ZONE-0050
OTA-011531,ZONE-0050
OTA-011532,ZONE-0049
OTA-011533,ZONE-0050
OTA-011534,ZONE-0049
OTA-011535,ZONE-0049
OTA-011536,ZONE-0049
OTA-011537,ZONE-0049
OTA-011538,ZONE-0050
OTA-011539,ZONE-0049
OTA-011540,ZONE-0050
OTA-011541,ZONE-0049
OTA-011542,ZONE-0049
OTA-011543,ZONE-0050
OTA-011544,ZONE-0049
OTA-011545,ZONE-0050
OTA-011546,ZONE-0049
OTA-011547,ZONE-0049
OTA-011548,ZONE-0049
OTA-011549,ZONE-0049
OTA-011550,ZONE-0050
OTA-011551,ZONE-0050
OTA-011552,ZONE-0050
OTA-011553,ZONE-0050
OTA-011554,ZONE-0049
OTA-011555,ZONE-0050
OTA-011556,ZONE-0050
OTA-011557,ZONE-0050
OTA-011558,ZONE-0049
OTA-011559,ZONE-0049
OTA-011560,ZONE-0050
OTA-011561,ZONE-0049
OTA-011562,ZONE-0049
OTA-011563,ZONE-0050
OTA-011564,ZONE-0049
OTA-011565,ZONE-0049
OTA-011566,ZONE-0049
OTA-011567,ZONE-0050
OTA-011568,ZONE-0050
OTA-011569,ZONE-0049
OTA-011570,ZONE-0049
OTA-011571,ZONE-0050
OTA-011572,ZONE-0050
OTA-011573,ZONE-0049
OTA-011574,ZONE-0049
OTA-011575,ZONE-0050
OTA-011576,ZONE-0049
OTA-011577,ZONE-0050
OTA-011578,ZONE-0050
OTA-011579,ZONE-0049
OTA-011580,ZONE-0049
OTA-011581,ZONE-0049
OTA-011582,ZONE-0050
OTA-011583,ZONE-0049
OTA-011584,ZONE-0049
OTA-011585,ZONE-0050
OTA-011586,ZONE-0050
OTA-011587,ZONE-0049
OTA-011588,ZONE-0050
OTA-011589,ZONE-0049
OTA-011590,ZONE-0049
OTA-011591,ZONE-0049
OTA-011592,ZONE-0050
OTA-011593,ZONE-0050
OTA-011594,ZONE-0049
OTA-011595,ZONE-0049
OTA-011596,ZONE-0049
OTA-011597,ZONE-0049
OTA-011598,ZONE-0049
OTA-011599,ZONE-0049
OTA-011600,ZONE-0050
OTA-011601,ZONE-0050
OTA-011602,ZONE-0049
OTA-011603,ZONE-0050
OTA-011604,ZONE-0050
OTA-011605,ZONE-0050
OTA-011606,ZONE-0050
OTA-011607,ZONE-0050
OTA-011608,ZONE-0049
OTA-011609,ZONE-0050
OTA-011610,ZONE-0050
OTA-011611,ZONE-0049
OTA-011612,ZONE-0049
OTA-011613,ZONE-0050
OTA-011614,ZONE-0050
OTA-011615,ZONE-0049
OTA-011616,ZONE-0049
OTA-011617,ZONE-0049
OTA-011618,ZONE-0049
OTA-011619,ZONE-0050
OTA-011620,ZONE-0049
OTA-011621,ZONE-0049
OTA-011622,ZONE-0049
OTA-011623,ZONE-0050
OTA-011624,ZONE-0050
OTA-011625,ZONE-0050
OTA-011626,ZONE-0049
OTA-011627,ZONE-0049
OTA-011628,ZONE-0049
OTA-011629,ZONE-0049
OTA-011630,ZONE-0050
OTA-011631,ZONE-0050
OTA-011632,ZONE-0049
OTA-011633,ZONE-0050
OTA-011634,ZONE-0050
OTA-011635,ZONE-0050
OTA-011636,ZONE-0049
OTA-011637,ZONE-0050
OTA-011638,ZONE-0050
OTA-011639,ZONE-0049
OTA-011640,ZONE-0050
OTA-011641,ZONE-0049
OTA-011642,ZONE-0049
OTA-011643,ZONE-0050
OTA-011644,ZONE-0049
OTA-011645,ZONE-0049
OTA-011646,ZONE-0050
OTA-011647,ZONE-0049
OTA-011648,ZONE-0050
OTA-011649,ZONE-0050
OTA-011650,ZONE-0049
OTA-011651,ZONE-0049
OTA-011652,ZONE-0050
OTA-011653,ZONE-0050
OTA-011654,ZONE-0049
OTA-011655,ZONE-0049
OTA-011656,ZONE-0049
OTA-011657,ZONE-0049
OTA-011658,ZONE-0049
OTA-011659,ZONE-0049
OTA-011660,ZONE-0049
OTA-011661,ZONE-0049
OTA-011662,ZONE-0049
OTA-011663,ZONE-0050
OTA-011664,ZONE-0049
OTA-011665,ZONE-0050
OTA-011666,ZONE-0050
OTA-011667,ZONE-0050
OTA-011668,ZONE-0050
OTA-011669,ZONE-0050
OTA-011670,ZONE-0049
OTA-011671,ZONE-0049
OTA-011672,ZONE-0050
OTA-011673,ZONE-0050
OTA-011674,ZONE-0049
OTA-011675,ZONE-0050
OTA-011676,ZONE-0049
OTA-011677,ZONE-0049
OTA-011678,ZONE-0050
OTA-011679,ZONE-0049
OTA-011680,ZONE-0049
OTA-011681,ZONE-0050
OTA-011682,ZONE-0050
OTA-011683,ZONE-0050
OTA-011684,ZONE-0049
OTA-011685,ZONE-0050
OTA-011686,ZONE-0050
OTA-011687,ZONE-0049
OTA-011688,ZONE-0050
OTA-011689,ZONE-0049
OTA-011690,ZONE-0049
OTA-011691,ZONE-0050
OTA-011692,ZONE-0049
OTA-011693,ZONE-0050
OTA-011694,ZONE-0050
OTA-011695,ZONE-0049
OTA-011696,ZONE-0049
OTA-011697,ZONE-0049
OTA-011698,ZONE-0049
OTA-011699,ZONE-0050
OTA-011700,ZONE-0049
OTA-011701,ZONE-0050
OTA-011702,ZONE-0050
OTA-011703,ZONE-0049
OTA-011704,ZONE-0050
OTA-011705,ZONE-0050
OTA-011706,ZONE-0050
OTA-011707,ZONE-0050
OTA-011708,ZONE-0050
OTA-011709,ZONE-0050
OTA-011710,ZONE-0050
OTA-011711,ZONE-0049
OTA-011712,ZONE-0049
OTA-011713,ZONE-0049
OTA-011714,ZONE-0049
OTA-011715,ZONE-0050
OTA-011716,ZONE-0049
OTA-011717,ZONE-0050
OTA-011718,ZONE-0049
OTA-011719,ZONE-0049
OTA-011720,ZONE-0049
OTA-011721,ZONE-0050
OTA-011722,ZONE-0049
OTA-011723,ZONE-0049
OTA-011724,ZONE-0050
OTA-011725,ZONE-0050
OTA-011726,ZONE-0049
OTA-011727,ZONE-0050
OTA-011728,ZONE-0049
OTA-011729,ZONE-0050
OTA-011730,ZONE-0050
OTA-011731,ZONE-0050
OTA-011732,ZONE-0050
OTA-011733,ZONE-0050
OTA-011734,ZONE-0050
OTA-011735,ZONE-0050
OTA-011736,ZONE-0049
OTA-011737,ZONE-0050
OTA-011738,ZONE-0050
OTA-011739,ZONE-0050
OTA-011740,ZONE-0049
OTA-011741,ZONE-0050
OTA-011742,ZONE-0050
OTA-011743,ZONE-0050
OTA-011744,ZONE-0050
OTA-011745,ZONE-0049
OTA-011746,ZONE-0049
OTA-011747,ZONE-0049
OTA-011748,ZONE-0049
OTA-011749,ZONE-0050
OTA-011750,ZONE-0049
OTA-011751,ZONE-0050
OTA-011752,ZONE-0049
OTA-011753,ZONE-0050
OTA-011754,ZONE-0050
OTA-011755,ZONE-0050
OTA-011756,ZONE-0050
OTA-011757,ZONE-0049
OTA-011758,ZONE-0050
OTA-011759,ZONE-0050
OTA-011760,ZONE-0050
OTA-011761,ZONE-0049
OTA-011762,ZONE-0050
OTA-011763,ZONE-0049
OTA-011764,ZONE-0050
OTA-011765,ZONE-0049
OTA-011766,ZONE-0049
OTA-011767,ZONE-0049
OTA-011768,ZONE-0050
OTA-011769,ZONE-0050
OTA-011770,ZONE-0050
OTA-011771,ZONE-0049
OTA-011772,ZONE-0049
OTA-011773,ZONE-0049
OTA-011774,ZONE-0050
OTA-011775,ZONE-0049
OTA-011776,ZONE-0050
OTA-011777,ZONE-0049
OTA-011778,ZONE-0050
OTA-011779,ZONE-0050
OTA-011780,ZONE-0050
OTA-011781,ZONE-0050
OTA-011782,ZONE-0049
OTA-011783,ZONE-0049
OTA-011784,ZONE-0050
OTA-011785,ZONE-0050
OTA-011786,ZONE-0050
OTA-011787,ZONE-0050
OTA-011788,ZONE-0049
OTA-011789,ZONE-0050
OTA-011790,ZONE-0050
OTA-011791,ZONE-0049
OTA-011792,ZONE-0050
OTA-011793,ZONE-0050
OTA-011794,ZONE-0050
OTA-011795,ZONE-0049
OTA-011796,ZONE-0050
OTA-011797,ZONE-0050
OTA-011798,ZONE-0050
OTA-011799,ZONE-0050
OTA-011800,ZONE-0049
OTA-011801,ZONE-0049
OTA-011802,ZONE-0049
OTA-011803,ZONE-0049
OTA-011804,ZONE-0050
OTA-011805,ZONE-0050
OTA-011806,ZONE-0049
OTA-011807,ZONE-0049
OTA-011808,ZONE-0050
OTA-011809,ZONE-0050
OTA-011810,ZONE-0049
OTA-011811,ZONE-0049
OTA-011812,ZONE-0049
OTA-011813,ZONE-0049
OTA-011814,ZONE-0049
OTA-011815,ZONE-0050
OTA-011816,ZONE-0050
OTA-011817,ZONE-0049
OTA-011818,ZONE-0050
OTA-011819,ZONE-0050
OTA-011820,ZONE-0050
OTA-011821,ZONE-0050
OTA-011822,ZONE-0049
OTA-011823,ZONE-0050
OTA-011824,ZONE-0050
OTA-011825,ZONE-0050
OTA-011826,ZONE-0049
OTA-011827,ZONE-0049
OTA-011828,ZONE-0050
OTA-011829,ZONE-0050
OTA-011830,ZONE-0050
OTA-011831,ZONE-0049
OTA-011832,ZONE-0049
OTA-011833,ZONE-0049
OTA-011834,ZONE-0050
OTA-011835,ZONE-0049
OTA-011836,ZONE-0050
OTA-011837,ZONE-0050
OTA-011838,ZONE-0049
OTA-011839,ZONE-0050
OTA-011840,ZONE-0050
OTA-011841,ZONE-0049
OTA-011842,ZONE-0049
OTA-011843,ZONE-0050
OTA-011844,ZONE-0050
OTA-011845,ZONE-0050
OTA-011846,ZONE-0050
OTA-011847,ZONE-0050
OTA-011848,ZONE-0049
OTA-011849,ZONE-0050
OTA-011850,ZONE-0050
OTA-011851,ZONE-0050
OTA-011852,ZONE-0050
OTA-011853,ZONE-0050
OTA-011854,ZONE-0050
OTA-011855,ZONE-0050
OTA-011856,ZONE-0050
OTA-011857,ZONE-0049
OTA-011858,ZONE-0050
OTA-011859,ZONE-0050
OTA-011860,ZONE-0049
OTA-011861,ZONE-0049
OTA-011862,ZONE-0049
OTA-011863,ZONE-0050
OTA-011864,ZONE-0050
OTA-011865,ZONE-0049
OTA-011866,ZONE-0050
OTA-011867,ZONE-0049
OTA-011868,ZONE-0049
OTA-011869,ZONE-0049
OTA-011870,ZONE-0049
OTA-011871,ZONE-0050
OTA-011872,ZONE-0050
OTA-011873,ZONE-0049
OTA-011874,ZONE-0050
OTA-011875,ZONE-0050
OTA-011876,ZONE-0050
OTA-011877,ZONE-0050
OTA-011878,ZONE-0050
OTA-011879,ZONE-0049
OTA-011880,ZONE-0050
OTA-011881,ZONE-0049
OTA-011882,ZONE-0049
OTA-011883,ZONE-0050
OTA-011884,ZONE-0049
OTA-011885,ZONE-0050
OTA-011886,ZONE-0050
OTA-011887,ZONE-0049
OTA-011888,ZONE-0050
OTA-011889,ZONE-0049
OTA-011890,ZONE-0049
OTA-011891,ZONE-0049
OTA-011892,ZONE-0049
OTA-011893,ZONE-0049
OTA-011894,ZONE-0049
OTA-011895,ZONE-0050
OTA-011896,ZONE-0050
OTA-011897,ZONE-0050
OTA-011898,ZONE-0049
OTA-011899,ZONE-0049
OTA-011900,ZONE-0050
OTA-011901,ZONE-0049
OTA-011902,ZONE-0050
OTA-011903,ZONE-0049
OTA-011904,ZONE-0049
OTA-011905,ZONE-0050
OTA-011906,ZONE-0050
OTA-011907,ZONE-0049
OTA-011908,ZONE-0049
OTA-011909,ZONE-0050
OTA-011910,ZONE-0050
OTA-011911,ZONE-0049
OTA-011912,ZONE-0049
OTA-011913,ZONE-0049
OTA-011914,ZONE-0049
OTA-011915,ZONE-0050
OTA-011916,ZONE-0050
OTA-011917,ZONE-0049
OTA-011918,ZONE-0049
OTA-011919,ZONE-0049
OTA-011920,ZONE-0050
OTA-011921,ZONE-0050
OTA-011922,ZONE-0049
OTA-011923,ZONE-0049
OTA-011924,ZONE-0050
OTA-011925,ZONE-0049
OTA-011926,ZONE-0049
OTA-011927,ZONE-0049
OTA-011928,ZONE-0049
OTA-011929,ZONE-0050
OTA-011930,ZONE-0049
OTA-011931,ZONE-0050
OTA-011932,ZONE-0050
OTA-011933,ZONE-0049
OTA-011934,ZONE-0049
OTA-011935,ZONE-0049
OTA-011936,ZONE-0049
OTA-011937,ZONE-0049
OTA-011938,ZONE-0049
OTA-011939,ZONE-0050
OTA-011940,ZONE-0049
OTA-011941,ZONE-0050
OTA-011942,ZONE-0049
OTA-011943,ZONE-0049
OTA-011944,ZONE-0049
OTA-011945,ZONE-0049
OTA-011946,ZONE-0049
OTA-011947,ZONE-0050
OTA-011948,ZONE-0050
OTA-011949,ZONE-0049
OTA-011950,ZONE-0049
OTA-011951,ZONE-0050
OTA-011952,ZONE-0050
OTA-011953,ZONE-0049
OTA-011954,ZONE-0050
OTA-011955,ZONE-0049
OTA-011956,ZONE-0049
OTA-011957,ZONE-0050
OTA-011958,ZONE-0049
OTA-011959,ZONE-0049
OTA-011960,ZONE-0049
OTA-011961,ZONE-0050
OTA-011962,ZONE-0050
OTA-011963,ZONE-0050
OTA-011964,ZONE-0049
OTA-011965,ZONE-0050
OTA-011966,ZONE-0049
OTA-011967,ZONE-0050
OTA-011968,ZONE-0049
OTA-011969,ZONE-0050
OTA-011970,ZONE-0050
OTA-011971,ZONE-0050
OTA-011972,ZONE-0049
OTA-011973,ZONE-0049
OTA-011974,ZONE-0050
OTA-011975,ZONE-0049
OTA-011976,ZONE-0049
OTA-011977,ZONE-0050
OTA-011978,ZONE-0050
OTA-011979,ZONE-0049
OTA-011980,ZONE-0049
OTA-011981,ZONE-0050
OTA-011982,ZONE-0049
OTA-011983,ZONE-0050
OTA-011984,ZONE-0049
OTA-011985,ZONE-0050
OTA-011986,ZONE-0050
OTA-011987,ZONE-0050
OTA-011988,ZONE-0050
OTA-011989,ZONE-0049
OTA-011990,ZONE-0049
OTA-011991,ZONE-0050
OTA-011992,ZONE-0050
OTA-011993,ZONE-0049
OTA-011994,ZONE-0049
OTA-011995,ZONE-0050
OTA-011996,ZONE-0049
OTA-011997,ZONE-0050
OTA-011998,ZONE-0050
OTA-011999,ZONE-0049
OTA-012000,ZONE-0049
OTA-012001,ZONE-0050
OTA-012002,ZONE-0050
OTA-012003,ZONE-0049
OTA-012004,ZONE-0050
OTA-012005,ZONE-0050
OTA-012006,ZONE-0049
OTA-012007,ZONE-0050
OTA-012008,ZONE-0050
OTA-012009,ZONE-0049
OTA-012010,ZONE-0049
OTA-012011,ZONE-0050
OTA-012012,ZONE-0049
OTA-012013,ZONE-0050
OTA-012014,ZONE-0050
OTA-012015,ZONE-0049
OTA-012016,ZONE-0049
OTA-012017,ZONE-0049
OTA-012018,ZONE-0049
OTA-012019,ZONE-0049
OTA-012020,ZONE-0049
OTA-012021,ZONE-0050
OTA-012022,ZONE-0049
OTA-012023,ZONE-0050
OTA-012024,ZONE-0050
OTA-012025,ZONE-0050
OTA-012026,ZONE-0049
OTA-012027,ZONE-0050
OTA-012028,ZONE-0049
OTA-012029,ZONE-0049
OTA-012030,ZONE-0049
OTA-012031,ZONE-0050
OTA-012032,ZONE-0050
OTA-012033,ZONE-0050
OTA-012034,ZONE-0049
OTA-012035,ZONE-0049
OTA-012036,ZONE-0050
OTA-012037,ZONE-0050
OTA-012038,ZONE-0050
OTA-012039,ZONE-0050
OTA-012040,ZONE-0049
OTA-012041,ZONE-0050
OTA-012042,ZONE-0050
OTA-012043,ZONE-0049
OTA-012044,ZONE-0050
OTA-012045,ZONE-0049
OTA-012046,ZONE-0050
OTA-012047,ZONE-0049
OTA-012048,ZONE-0050
OTA-012049,ZONE-0050
OTA-012050,ZONE-0050
OTA-012051,ZONE-0050
OTA-012052,ZONE-0050
OTA-012053,ZONE-0049
OTA-012054,ZONE-0050
OTA-012055,ZONE-0049
OTA-012056,ZONE-0050
OTA-012057,ZONE-0050
OTA-012058,ZONE-0049
OTA-012059,ZONE-0049
OTA-012060,ZONE-0049
OTA-012061,ZONE-0050
OTA-012062,ZONE-0049
OTA-012063,ZONE-0049
OTA-012064,ZONE-0049
OTA-012065,ZONE-0050
OTA-012066,ZONE-0050
OTA-012067,ZONE-0049
OTA-012068,ZONE-0050
OTA-012069,ZONE-0049
OTA-012070,ZONE-0050
OTA-012071,ZONE-0049
OTA-012072,ZONE-0049
OTA-012073,ZONE-0049
OTA-012074,ZONE-0049
OTA-012075,ZONE-0049
OTA-012076,ZONE-0050
OTA-012077,ZONE-0049
OTA-012078,ZONE-0050
OTA-012079,ZONE-0049
OTA-012080,ZONE-0049
OTA-012081,ZONE-0049
OTA-012082,ZONE-0049
OTA-012083,ZONE-0050
OTA-012084,ZONE-0049
OTA-012085,ZONE-0050
OTA-012086,ZONE-0049
OTA-012087,ZONE-0050
OTA-012088,ZONE-0049
OTA-012089,ZONE-0049
OTA-012090,ZONE-0050
OTA-012091,ZONE-0049
OTA-012092,ZONE-0049
OTA-012093,ZONE-0049
OTA-012094,ZONE-0050
OTA-012095,ZONE-0049
OTA-012096,ZONE-0049
OTA-012097,ZONE-0050
OTA-012098,ZONE-0049
OTA-012099,ZONE-0050
OTA-012100,ZONE-0050
OTA-012101,ZONE-0049
OTA-012102,ZONE-0049
OTA-012103,ZONE-0050
OTA-012104,ZONE-0050
OTA-012105,ZONE-0049
OTA-012106,ZONE-0049
OTA-012107,ZONE-0050
OTA-012108,ZONE-0050
OTA-012109,ZONE-0049
OTA-012110,ZONE-0049
OTA-012111,ZONE-0049
OTA-012112,ZONE-0050
OTA-012113,ZONE-0050
OTA-012114,ZONE-0049
OTA-012115,ZONE-0049
OTA-012116,ZONE-0049
OTA-012117,ZONE-0049
OTA-012118,ZONE-0050
OTA-012119,ZONE-0049
OTA-012120,ZONE-0049
OTA-012121,ZONE-0050
OTA-012122,ZONE-0050
OTA-012123,ZONE-0049
OTA-012124,ZONE-0050
OTA-012125,ZONE-0050
OTA-012126,ZONE-0050
OTA-012127,ZONE-0050
OTA-012128,ZONE-0050
OTA-012129,ZONE-0050
OTA-012130,ZONE-0050
OTA-012131,ZONE-0049
OTA-012132,ZONE-0049
OTA-012133,ZONE-0049
OTA-012134,ZONE-0050
OTA-012135,ZONE-0050
OTA-012136,ZONE-0050
OTA-012137,ZONE-0049
OTA-012138,ZONE-0050
OTA-012139,ZONE-0049
OTA-012140,ZONE-0050
OTA-012141,ZONE-0050
OTA-012142,ZONE-0050
OTA-012143,ZONE-0050
OTA-012144,ZONE-0049
OTA-012145,ZONE-0050
OTA-012146,ZONE-0049
OTA-012147,ZONE-0050
OTA-012148,ZONE-0050
OTA-012149,ZONE-0050
OTA-012150,ZONE-0050
OTA-012151,ZONE-0049
OTA-012152,ZONE-0050
OTA-012153,ZONE-0049
OTA-012154,ZONE-0050
OTA-012155,ZONE-0049
OTA-012156,ZONE-0049
OTA-012157,ZONE-0049
OTA-012158,ZONE-0050
OTA-012159,ZONE-0050
OTA-012160,ZONE-0049
OTA-012161,ZONE-0049
OTA-012162,ZONE-0050
OTA-012163,ZONE-0050
OTA-012164,ZONE-0050
OTA-012165,ZONE-0050
OTA-012166,ZONE-0049
OTA-012167,ZONE-0050
OTA-012168,ZONE-0050
OTA-012169,ZONE-0049
OTA-012170,ZONE-0049
OTA-012171,ZONE-0049
OTA-012172,ZONE-0049
OTA-012173,ZONE-0050
OTA-012174,ZONE-0050
OTA-012175,ZONE-0049
OTA-012176,ZONE-0050
OTA-012177,ZONE-0050
OTA-012178,ZONE-0050
OTA-012179,ZONE-0050
OTA-012180,ZONE-0050
OTA-012181,ZONE-0050
OTA-012182,ZONE-0050
OTA-012183,ZONE-0049
OTA-012184,ZONE-0050
OTA-012185,ZONE-0050
OTA-012186,ZONE-0050
OTA-012187,ZONE-0049
OTA-012188,ZONE-0049
OTA-012189,ZONE-0049
OTA-012190,ZONE-0049
OTA-012191,ZONE-0049
OTA-012192,ZONE-0049
OTA-012193,ZONE-0049
OTA-012194,ZONE-0050
OTA-012195,ZONE-0050
OTA-012196,ZONE-0050
OTA-012197,ZONE-0049
OTA-012198,ZONE-0050
OTA-012199,ZONE-0050
OTA-012200,ZONE-0049
OTA-012201,ZONE-0049
OTA-012202,ZONE-0050
OTA-012203,ZONE-0050
OTA-012204,ZONE-0050
OTA-012205,ZONE-0050
OTA-012206,ZONE-0050
OTA-012207,ZONE-0049
OTA-012208,ZONE-0050
OTA-012209,ZONE-0050
OTA-012210,ZONE-0050
OTA-012211,ZONE-0050
OTA-012212,ZONE-0049
OTA-012213,ZONE-0049
OTA-012214,ZONE-0050
OTA-012215,ZONE-0050
OTA-012216,ZONE-0050
OTA-012217,ZONE-0049
OTA-012218,ZONE-0050
OTA-012219,ZONE-0049
OTA-012220,ZONE-0050
OTA-012221,ZONE-0050
OTA-012222,ZONE-0050
OTA-012223,ZONE-0050
OTA-012224,ZONE-0050
OTA-012225,ZONE-0050
OTA-012226,ZONE-0049
OTA-012227,ZONE-0049
OTA-012228,ZONE-0049
OTA-012229,ZONE-0049
OTA-012230,ZONE-0049
OTA-012231,ZONE-0049
OTA-012232,ZONE-0050
OTA-012233,ZONE-0049
OTA-012234,ZONE-0050
OTA-012235,ZONE-0049
OTA-012236,ZONE-0050
OTA-012237,ZONE-0049
OTA-012238,ZONE-0049
OTA-012239,ZONE-0050
OTA-012240,ZONE-0049
OTA-012241,ZONE-0049
OTA-012242,ZONE-0049
OTA-012243,ZONE-0050
OTA-012244,ZONE-0050
OTA-012245,ZONE-0049
OTA-012246,ZONE-0049
OTA-012247,ZONE-0050
OTA-012248,ZONE-0050
OTA-012249,ZONE-0049
OTA-012250,ZONE-0049
OTA-012251,ZONE-0049
OTA-012252,ZONE-0049
OTA-012253,ZONE-0049
OTA-012254,ZONE-0050
OTA-012255,ZONE-0050
OTA-012256,ZONE-0050
OTA-012257,ZONE-0050
OTA-012258,ZONE-0050
OTA-012259,ZONE-0049
OTA-012260,ZONE-0050
OTA-012261,ZONE-0050
OTA-012262,ZONE-0050
OTA-012263,ZONE-0049
OTA-012264,ZONE-0050
OTA-012265,ZONE-0050
OTA-012266,ZONE-0049
OTA-012267,ZONE-0049
OTA-012268,ZONE-0050
OTA-012269,ZONE-0049
OTA-012270,ZONE-0049
OTA-012271,ZONE-0049
OTA-012272,ZONE-0049
OTA-012273,ZONE-0050
OTA-012274,ZONE-0050
OTA-012275,ZONE-0050
OTA-012276,ZONE-0050
OTA-012277,ZONE-0049
OTA-012278,ZONE-0049
OTA-012279,ZONE-0050
OTA-012280,ZONE-0050
OTA-012281,ZONE-0050
OTA-012282,ZONE-0050
OTA-012283,ZONE-0050
OTA-012284,ZONE-0050
OTA-012285,ZONE-0050
OTA-012286,ZONE-0049
OTA-012287,ZONE-0050
OTA-012288,ZONE-0050
OTA-012289,ZONE-0049
OTA-012290,ZONE-0049
OTA-012291,ZONE-0050
OTA-012292,ZONE-0050
OTA-012293,ZONE-0050
OTA-012294,ZONE-0050
OTA-012295,ZONE-0050
OTA-012296,ZONE-0049
OTA-012297,ZONE-0049
OTA-012298,ZONE-0049
OTA-012299,ZONE-0050
OTA-012300,ZONE-0049
OTA-012301,ZONE-0050
OTA-012302,ZONE-0049
OTA-012303,ZONE-0049
OTA-012304,ZONE-0050
OTA-012305,ZONE-0050
OTA-012306,ZONE-0050
OTA-012307,ZONE-0050
OTA-012308,ZONE-0050
OTA-012309,ZONE-0050
OTA-012310,ZONE-0049
OTA-012311,ZONE-0049
OTA-012312,ZONE-0050
OTA-012313,ZONE-0050
OTA-012314,ZONE-0049
OTA-012315,ZONE-0050
OTA-012316,ZONE-0050
OTA-012317,ZONE-0049
OTA-012318,ZONE-0049
OTA-012319,ZONE-0050
OTA-012320,ZONE-0050
OTA-012321,ZONE-0049
OTA-012322,ZONE-0049
OTA-012323,ZONE-0050
OTA-012324,ZONE-0050
OTA-012325,ZONE-0050
OTA-012326,ZONE-0049
OTA-012327,ZONE-0050
OTA-012328,ZONE-0050
OTA-012329,ZONE-0050
OTA-012330,ZONE-0050
OTA-012331,ZONE-0049
OTA-012332,ZONE-0049
OTA-012333,ZONE-0049
OTA-012334,ZONE-0049
OTA-012335,ZONE-0050
OTA-012336,ZONE-0050
OTA-012337,ZONE-0050
OTA-012338,ZONE-0049
OTA-012339,ZONE-0049
OTA-012340,ZONE-0050
OTA-012341,ZONE-0050
OTA-012342,ZONE-0049
OTA-012343,ZONE-0049
OTA-012344,ZONE-0050
OTA-012345,ZONE-0049
OTA-012346,ZONE-0050
OTA-012347,ZONE-0049
OTA-012348,ZONE-0049
OTA-012349,ZONE-0050
OTA-012350,ZONE-0050
OTA-012351,ZONE-0050
OTA-012352,ZONE-0049
OTA-012353,ZONE-0049
OTA-012354,ZONE-0049
OTA-012355,ZONE-0050
OTA-012356,ZONE-0050
OTA-012357,ZONE-0050
OTA-012358,ZONE-0049
OTA-012359,ZONE-0049
OTA-012360,ZONE-0050
OTA-012361,ZONE-0049
OTA-012362,ZONE-0050
OTA-012363,ZONE-0049
OTA-012364,ZONE-0050
OTA-012365,ZONE-0050
OTA-012366,ZONE-0050
OTA-012367,ZONE-0050
OTA-012368,ZONE-0049
OTA-012369,ZONE-0049
OTA-012370,ZONE-0049
OTA-012371,ZONE-0050
OTA-012372,ZONE-0050
OTA-012373,ZONE-0050
OTA-012374,ZONE-0050
OTA-012375,ZONE-0049
OTA-012376,ZONE-0049
OTA-012377,ZONE-0049
OTA-012378,ZONE-0049
OTA-012379,ZONE-0049
OTA-012380,ZONE-0050
OTA-012381,ZONE-0049
OTA-012382,ZONE-0049
OTA-012383,ZONE-0050
OTA-012384,ZONE-0050
OTA-012385,ZONE-0049
OTA-012386,ZONE-0049
OTA-012387,ZONE-0049
OTA-012388,ZONE-0049
OTA-012389,ZONE-0050
OTA-012390,ZONE-0049
OTA-012391,ZONE-0049
OTA-012392,ZONE-0050
OTA-012393,ZONE-0050
OTA-012394,ZONE-0050
OTA-012395,ZONE-0050
OTA-012396,ZONE-0050
OTA-012397,ZONE-0050
OTA-012398,ZONE-0049
OTA-012399,ZONE-0049
OTA-012400,ZONE-0049
OTA-012401,ZONE-0049
OTA-012402,ZONE-0049
OTA-012403,ZONE-0049
OTA-012404,ZONE-0050
OTA-012405,ZONE-0050
OTA-012406,ZONE-0049
OTA-012407,ZONE-0050
OTA-012408,ZONE-0049
OTA-012409,ZONE-0050
OTA-012410,ZONE-0050
OTA-012411,ZONE-0049
OTA-012412,ZONE-0049
OTA-012413,ZONE-0050
OTA-012414,ZONE-0050
OTA-012415,ZONE-0050
OTA-012416,ZONE-0049
OTA-012417,ZONE-0050
OTA-012418,ZONE-0050
OTA-012419,ZONE-0049
OTA-012420,ZONE-0049
OTA-012421,ZONE-0050
OTA-012422,ZONE-0049
OTA-012423,ZONE-0049
OTA-012424,ZONE-0049
OTA-012425,ZONE-0049
OTA-012426,ZONE-0050
OTA-012427,ZONE-0049
OTA-012428,ZONE-0050
OTA-012429,ZONE-0050
OTA-012430,ZONE-0050
OTA-012431,ZONE-0050
OTA-012432,ZONE-0049
OTA-012433,ZONE-0050
OTA-012434,ZONE-0049
OTA-012435,ZONE-0050
OTA-012436,ZONE-0050
OTA-012437,ZONE-0050
OTA-012438,ZONE-0049
OTA-012439,ZONE-0050
OTA-012440,ZONE-0050
OTA-012441,ZONE-0050
OTA-012442,ZONE-0050
OTA-012443,ZONE-0049
OTA-012444,ZONE-0050
OTA-012445,ZONE-0050
OTA-012446,ZONE-0050
OTA-012447,ZONE-0049
OTA-012448,ZONE-0050
OTA-012449,ZONE-0050
OTA-012450,ZONE-0049
OTA-012451,ZONE-0049
OTA-012452,ZONE-0049
OTA-012453,ZONE-0049
OTA-012454,ZONE-0049
OTA-012455,ZONE-0049
OTA-012456,ZONE-0050
OTA-012457,ZONE-0050
OTA-012458,ZONE-0049
OTA-012459,ZONE-0050
OTA-012460,ZONE-0049
OTA-012461,ZONE-0049
OTA-012462,ZONE-0050
OTA-012463,ZONE-0049
OTA-012464,ZONE-0050
OTA-012465,ZONE-0050
OTA-012466,ZONE-0049
OTA-012467,ZONE-0050
OTA-012468,ZONE-0049
OTA-012469,ZONE-0050
OTA-012470,ZONE-0049
OTA-012471,ZONE-0050
OTA-012472,ZONE-0049
OTA-012473,ZONE-0050
OTA-012474,ZONE-0050
OTA-012475,ZONE-0049
OTA-012476,ZONE-0050
OTA-012477,ZONE-0050
OTA-012478,ZONE-0049
OTA-012479,ZONE-0050
OTA-012480,ZONE-0049
OTA-012481,ZONE-0050
OTA-012482,ZONE-0049
OTA-012483,ZONE-0049
OTA-012484,ZONE-0049
OTA-012485,ZONE-0049
OTA-012486,ZONE-0049
OTA-012487,ZONE-0050
OTA-012488,ZONE-0049
OTA-012489,ZONE-0050
OTA-012490,ZONE-0049
OTA-012491,ZONE-0049
OTA-012492,ZONE-0049
OTA-012493,ZONE-0050
OTA-012494,ZONE-0050
OTA-012495,ZONE-0050
OTA-012496,ZONE-0049
OTA-012497,ZONE-0049
OTA-012498,ZONE-0050
OTA-012499,ZONE-0049
OTA-012500,ZONE-0050
OTA-012501,ZONE-0049
OTA-012502,ZONE-0049
OTA-012503,ZONE-0049
OTA-012504,ZONE-0049
OTA-012505,ZONE-0049
OTA-012506,ZONE-0050
OTA-012507,ZONE-0049
OTA-012508,ZONE-0050
OTA-012509,ZONE-0049
OTA-012510,ZONE-0050
OTA-012511,ZONE-0049
OTA-012512,ZONE-0050
OTA-012513,ZONE-0050
OTA-012514,ZONE-0049
OTA-012515,ZONE-0049
OTA-012516,ZONE-0050
OTA-012517,ZONE-0049
OTA-012518,ZONE-0050
OTA-012519,ZONE-0050
OTA-012520,ZONE-0050
OTA-012521,ZONE-0049
OTA-012522,ZONE-0050
OTA-012523,ZONE-0049
OTA-012524,ZONE-0049
OTA-012525,ZONE-0050
OTA-012526,ZONE-0049
OTA-012527,ZONE-0050
OTA-012528,ZONE-0050
OTA-012529,ZONE-0049
OTA-012530,ZONE-0050
OTA-012531,ZONE-0049
OTA-012532,ZONE-0049
OTA-012533,ZONE-0050
OTA-012534,ZONE-0050
OTA-012535,ZONE-0049
OTA-012536,ZONE-0050
OTA-012537,ZONE-0050
OTA-012538,ZONE-0050
OTA-012539,ZONE-0049
OTA-012540,ZONE-0050
OTA-012541,ZONE-0049
OTA-012542,ZONE-0050
OTA-012543,ZONE-0050
OTA-012544,ZONE-0050
OTA-012545,ZONE-0050
OTA-012546,ZONE-0050
OTA-012547,ZONE-0049
OTA-012548,ZONE-0049
OTA-012549,ZONE-0050
OTA-012550,ZONE-0049
OTA-012551,ZONE-0049
OTA-012552,ZONE-0050
OTA-012553,ZONE-0049
OTA-012554,ZONE-0049
OTA-012555,ZONE-0050
OTA-012556,ZONE-0050
OTA-012557,ZONE-0049
OTA-012558,ZONE-0049
OTA-012559,ZONE-0050
OTA-012560,ZONE-0050
OTA-012561,ZONE-0050
OTA-012562,ZONE-0050
OTA-012563,ZONE-0050
OTA-012564,ZONE-0050
OTA-012565,ZONE-0049
OTA-012566,ZONE-0050
OTA-012567,ZONE-0050
OTA-012568,ZONE-0049
OTA-012569,ZONE-0049
OTA-012570,ZONE-0049
OTA-012571,ZONE-0050
OTA-012572,ZONE-0050
OTA-012573,ZONE-0050
OTA-012574,ZONE-0049
OTA-012575,ZONE-0050
OTA-012576,ZONE-0049
OTA-012577,ZONE-0050
OTA-012578,ZONE-0049
OTA-012579,ZONE-0049
OTA-012580,ZONE-0049
OTA-012581,ZONE-0049
OTA-012582,ZONE-0049
OTA-012583,ZONE-0049
OTA-012584,ZONE-0049
OTA-012585,ZONE-0049
OTA-012586,ZONE-0050
OTA-012587,ZONE-0050
OTA-012588,ZONE-0050
OTA-012589,ZONE-0050
OTA-012590,ZONE-0050
OTA-012591,ZONE-0050
OTA-012592,ZONE-0050
OTA-012593,ZONE-0050
OTA-012594,ZONE-0049
OTA-012595,ZONE-0049
OTA-012596,ZONE-0050
OTA-012597,ZONE-0049
OTA-012598,ZONE-0049
OTA-012599,ZONE-0050
OTA-012600,ZONE-0049
OTA-012601,ZONE-0049
OTA-012602,ZONE-0050
OTA-012603,ZONE-0049
OTA-012604,ZONE-0050
OTA-012605,ZONE-0050
OTA-012606,ZONE-0049
OTA-012607,ZONE-0050
OTA-012608,ZONE-0050
OTA-012609,ZONE-0049
OTA-012610,ZONE-0050
OTA-012611,ZONE-0049
OTA-012612,ZONE-0054
OTA-012613,ZONE-0054
OTA-012614,ZONE-0055
OTA-012615,ZONE-0055
OTA-012616,ZONE-0055
OTA-012617,ZONE-0055
OTA-012618,ZONE-0054
OTA-012619,ZONE-0054
OTA-012620,ZONE-0054
OTA-012621,ZONE-0054
OTA-012622,ZONE-0054
OTA-012623,ZONE-0055
OTA-012624,ZONE-0055
OTA-012625,ZONE-0055
OTA-012626,ZONE-0054
OTA-012627,ZONE-0055
OTA-012628,ZONE-0055
OTA-012629,ZONE-0055
OTA-012630,ZONE-0054
OTA-012631,ZONE-0055
OTA-012632,ZONE-0054
OTA-012633,ZONE-0054
OTA-012634,ZONE-0055
OTA-012635,ZONE-0054
OTA-012636,ZONE-0054
OTA-012637,ZONE-0055
OTA-012638,ZONE-0054
OTA-012639,ZONE-0055
OTA-012640,ZONE-0054
OTA-012641,ZONE-0054
OTA-012642,ZONE-0054
OTA-012643,ZONE-0055
OTA-012644,ZONE-0054
OTA-012645,ZONE-0055
OTA-012646,ZONE-0054
OTA-012647,ZONE-0055
OTA-012648,ZONE-0054
OTA-012649,ZONE-0055
OTA-012650,ZONE-0055
OTA-012651,ZONE-0054
OTA-012652,ZONE-0055
OTA-012653,ZONE-0054
OTA-012654,ZONE-0054
OTA-012655,ZONE-0055
OTA-012656,ZONE-0054
OTA-012657,ZONE-0054
OTA-012658,ZONE-0055
OTA-012659,ZONE-0054
OTA-012660,ZONE-0054
OTA-012661,ZONE-0055
OTA-012662,ZONE-0055
OTA-012663,ZONE-0055
OTA-012664,ZONE-0055
OTA-012665,ZONE-0055
OTA-012666,ZONE-0055
OTA-012667,ZONE-0055
OTA-012668,ZONE-0054
OTA-012669,ZONE-0055
OTA-012670,ZONE-0055
OTA-012671,ZONE-0054
OTA-012672,ZONE-0055
OTA-012673,ZONE-0055
OTA-012674,ZONE-0054
OTA-012675,ZONE-0055
OTA-012676,ZONE-0054
OTA-012677,ZONE-0055
OTA-012678,ZONE-0054
OTA-012679,ZONE-0054
OTA-012680,ZONE-0054
OTA-012681,ZONE-0054
OTA-012682,ZONE-0055
OTA-012683,ZONE-0055
OTA-012684,ZONE-0054
OTA-012685,ZONE-0055
OTA-012686,ZONE-0055
OTA-012687,ZONE-0055
OTA-012688,ZONE-0054
OTA-012689,ZONE-0054
OTA-012690,ZONE-0055
OTA-012691,ZONE-0055
OTA-012692,ZONE-0055
OTA-012693,ZONE-0054
OTA-012694,ZONE-0055
OTA-012695,ZONE-0055
OTA-012696,ZONE-0054
OTA-012697,ZONE-0054
OTA-012698,ZONE-0055
OTA-012699,ZONE-0055
OTA-012700,ZONE-0054
OTA-012701,ZONE-0055
OTA-012702,ZONE-0054
OTA-012703,ZONE-0055
OTA-012704,ZONE-0055
OTA-012705,ZONE-0055
OTA-012706,ZONE-0054
OTA-012707,ZONE-0054
OTA-012708,ZONE-0054
OTA-012709,ZONE-0054
OTA-012710,ZONE-0054
OTA-012711,ZONE-0054
OTA-012712,ZONE-0054
OTA-012713,ZONE-0054
OTA-012714,ZONE-0054
OTA-012715,ZONE-0054
OTA-012716,ZONE-0055
OTA-012717,ZONE-0055
OTA-012718,ZONE-0055
OTA-012719,ZONE-0055
OTA-012720,ZONE-0054
OTA-012721,ZONE-0054
OTA-012722,ZONE-0054
OTA-012723,ZONE-0054
OTA-012724,ZONE-0055
OTA-012725,ZONE-0054
OTA-012726,ZONE-0054
OTA-012727,ZONE-0055
OTA-012728,ZONE-0054
OTA-012729,ZONE-0054
OTA-012730,ZONE-0054
OTA-012731,ZONE-0054
OTA-012732,ZONE-0054
OTA-012733,ZONE-0054
OTA-012734,ZONE-0055
OTA-012735,ZONE-0054
OTA-012736,ZONE-0055
OTA-012737,ZONE-0054
OTA-012738,ZONE-0054
OTA-012739,ZONE-0054
OTA-012740,ZONE-0054
OTA-012741,ZONE-0054
OTA-012742,ZONE-0054
OTA-012743,ZONE-0055
OTA-012744,ZONE-0055
OTA-012745,ZONE-0055
OTA-012746,ZONE-0055
OTA-012747,ZONE-0054
OTA-012748,ZONE-0054
OTA-012749,ZONE-0054
OTA-012750,ZONE-0054
OTA-012751,ZONE-0054
OTA-012752,ZONE-0054
OTA-012753,ZONE-0055
OTA-012754,ZONE-0054
OTA-012755,ZONE-0054
OTA-012756,ZONE-0054
OTA-012757,ZONE-0055
OTA-012758,ZONE-0054
OTA-012759,ZONE-0054
OTA-012760,ZONE-0054
OTA-012761,ZONE-0054
OTA-012762,ZONE-0054
OTA-012763,ZONE-0055
OTA-012764,ZONE-0055
OTA-012765,ZONE-0054
OTA-012766,ZONE-0055
OTA-012767,ZONE-0055
OTA-012768,ZONE-0054
OTA-012769,ZONE-0054
OTA-012770,ZONE-0055
OTA-012771,ZONE-0055
OTA-012772,ZONE-0054
OTA-012773,ZONE-0055
OTA-012774,ZONE-0054
OTA-012775,ZONE-0054
OTA-012776,ZONE-0054
OTA-012777,ZONE-0055
OTA-012778,ZONE-0055
OTA-012779,ZONE-0055
OTA-012780,ZONE-0054
OTA-012781,ZONE-0054
OTA-012782,ZONE-0054
OTA-012783,ZONE-0054
OTA-012784,ZONE-0054
OTA-012785,ZONE-0055
OTA-012786,ZONE-0055
OTA-012787,ZONE-0054
OTA-012788,ZONE-0055
OTA-012789,ZONE-0055
OTA-012790,ZONE-0054
OTA-012791,ZONE-0055
OTA-012792,ZONE-0055
OTA-012793,ZONE-0054
OTA-012794,ZONE-0054
OTA-012795,ZONE-0055
OTA-012796,ZONE-0055
OTA-012797,ZONE-0054
OTA-012798,ZONE-0054
OTA-012799,ZONE-0055
OTA-012800,ZONE-0055
OTA-012801,ZONE-0055
OTA-012802,ZONE-0054
OTA-012803,ZONE-0054
OTA-012804,ZONE-0055
OTA-012805,ZONE-0054
OTA-012806,ZONE-0054
OTA-012807,ZONE-0054
OTA-012808,ZONE-0055
OTA-012809,ZONE-0054
OTA-012810,ZONE-0055
OTA-012811,ZONE-0054
OTA-012812,ZONE-0054
OTA-012813,ZONE-0055
OTA-012814,ZONE-0055
OTA-012815,ZONE-0055
OTA-012816,ZONE-0055
OTA-012817,ZONE-0055
OTA-012818,ZONE-0055
OTA-012819,ZONE-0054
OTA-012820,ZONE-0055
OTA-012821,ZONE-0055
OTA-012822,ZONE-0055
OTA-012823,ZONE-0054
OTA-012824,ZONE-0055
OTA-012825,ZONE-0055
OTA-012826,ZONE-0054
OTA-012827,ZONE-0054
OTA-012828,ZONE-0055
OTA-012829,ZONE-0055
OTA-012830,ZONE-0054
OTA-012831,ZONE-0055
OTA-012832,ZONE-0055
OTA-012833,ZONE-0055
OTA-012834,ZONE-0054
OTA-012835,ZONE-0054
OTA-012836,ZONE-0055
OTA-012837,ZONE-0055
OTA-012838,ZONE-0054
OTA-012839,ZONE-0054
OTA-012840,ZONE-0055
OTA-012841,ZONE-0054
OTA-012842,ZONE-0054
OTA-012843,ZONE-0054
OTA-012844,ZONE-0054
OTA-012845,ZONE-0054
OTA-012846,ZONE-0054
OTA-012847,ZONE-0054
OTA-012848,ZONE-0055
OTA-012849,ZONE-0055
OTA-012850,ZONE-0054
OTA-012851,ZONE-0055
OTA-012852,ZONE-0054
OTA-012853,ZONE-0054
OTA-012854,ZONE-0054
OTA-012855,ZONE-0054
OTA-012856,ZONE-0054
OTA-012857,ZONE-0055
OTA-012858,ZONE-0055
OTA-012859,ZONE-0055
OTA-012860,ZONE-0054
OTA-012861,ZONE-0055
OTA-012862,ZONE-0054
OTA-012863,ZONE-0054
OTA-012864,ZONE-0055
OTA-012865,ZONE-0055
OTA-012866,ZONE-0054
OTA-012867,ZONE-0055
OTA-012868,ZONE-0055
OTA-012869,ZONE-0055
OTA-012870,ZONE-0054
OTA-012871,ZONE-0054
OTA-012872,ZONE-0054
OTA-012873,ZONE-0054
OTA-012874,ZONE-0054
OTA-012875,ZONE-0054
OTA-012876,ZONE-0054
OTA-012877,ZONE-0054
OTA-012878,ZONE-0055
OTA-012879,ZONE-0055
OTA-012880,ZONE-0055
OTA-012881,ZONE-0055
OTA-012882,ZONE-0055
OTA-012883,ZONE-0055
OTA-012884,ZONE-0054
OTA-012885,ZONE-0055
OTA-012886,ZONE-0054
OTA-012887,ZONE-0055
OTA-012888,ZONE-0055
OTA-012889,ZONE-0055
OTA-012890,ZONE-0054
OTA-012891,ZONE-0054
OTA-012892,ZONE-0054
OTA-012893,ZONE-0055
OTA-012894,ZONE-0055
OTA-012895,ZONE-0055
OTA-012896,ZONE-0054
OTA-012897,ZONE-0054
OTA-012898,ZONE-0055
OTA-012899,ZONE-0055
OTA-012900,ZONE-0054
OTA-012901,ZONE-0055
OTA-012902,ZONE-0054
OTA-012903,ZONE-0054
OTA-012904,ZONE-0054
OTA-012905,ZONE-0055
OTA-012906,ZONE-0054
OTA-012907,ZONE-0055
OTA-012908,ZONE-0055
OTA-012909,ZONE-0054
OTA-012910,ZONE-0054
OTA-012911,ZONE-0054
OTA-012912,ZONE-0054
OTA-012913,ZONE-0055
OTA-012914,ZONE-0054
OTA-012915,ZONE-0054
OTA-012916,ZONE-0055
OTA-012917,ZONE-0054
OTA-012918,ZONE-0054
OTA-012919,ZONE-0055
OTA-012920,ZONE-0054
OTA-012921,ZONE-0055
OTA-012922,ZONE-0054
OTA-012923,ZONE-0055
OTA-012924,ZONE-0055
OTA-012925,ZONE-0055
OTA-012926,ZONE-0054
OTA-012927,ZONE-0055
OTA-012928,ZONE-0055
OTA-012929,ZONE-0054
OTA-012930,ZONE-0055
OTA-012931,ZONE-0054
OTA-012932,ZONE-0055
OTA-012933,ZONE-0054
OTA-012934,ZONE-0054
OTA-012935,ZONE-0054
OTA-012936,ZONE-0055
OTA-012937,ZONE-0055
OTA-012938,ZONE-0055
OTA-012939,ZONE-0055
OTA-012940,ZONE-0054
OTA-012941,ZONE-0054
OTA-012942,ZONE-0055
OTA-012943,ZONE-0055
OTA-012944,ZONE-0055
OTA-012945,ZONE-0055
OTA-012946,ZONE-0055
OTA-012947,ZONE-0055
OTA-012948,ZONE-0054
OTA-012949,ZONE-0055
OTA-012950,ZONE-0055
OTA-012951,ZONE-0055
OTA-012952,ZONE-0054
OTA-012953,ZONE-0055
OTA-012954,ZONE-0054
OTA-012955,ZONE-0054
OTA-012956,ZONE-0054
OTA-012957,ZONE-0055
OTA-012958,ZONE-0054
OTA-012959,ZONE-0055
OTA-012960,ZONE-0055
OTA-012961,ZONE-0054
OTA-012962,ZONE-0055
OTA-012963,ZONE-0054
OTA-012964,ZONE-0054
OTA-012965,ZONE-0054
OTA-012966,ZONE-0055
OTA-012967,ZONE-0054
OTA-012968,ZONE-0055
OTA-012969,ZONE-0054
OTA-012970,ZONE-0055
OTA-012971,ZONE-0055
OTA-012972,ZONE-0055
OTA-012973,ZONE-0055
OTA-012974,ZONE-0055
OTA-012975,ZONE-0055
OTA-012976,ZONE-0054
OTA-012977,ZONE-0054
OTA-012978,ZONE-0054
OTA-012979,ZONE-0054
OTA-012980,ZONE-0055
OTA-012981,ZONE-0055
OTA-012982,ZONE-0055
OTA-012983,ZONE-0054
OTA-012984,ZONE-0054
OTA-012985,ZONE-0055
OTA-012986,ZONE-0055
OTA-012987,ZONE-0054
OTA-012988,ZONE-0055
OTA-012989,ZONE-0054
OTA-012990,ZONE-0054
OTA-012991,ZONE-0055
OTA-012992,ZONE-0055
OTA-012993,ZONE-0055
OTA-012994,ZONE-0054
OTA-012995,ZONE-0055
OTA-012996,ZONE-0054
OTA-012997,ZONE-0055
OTA-012998,ZONE-0055
OTA-012999,ZONE-0055
OTA-013000,ZONE-0055
OTA-013001,ZONE-0055
OTA-013002,ZONE-0055
OTA-013003,ZONE-0054
OTA-013004,ZONE-0055
OTA-013005,ZONE-0054
OTA-013006,ZONE-0054
OTA-013007,ZONE-0055
OTA-013008,ZONE-0054
OTA-013009,ZONE-0055
OTA-013010,ZONE-0054
OTA-013011,ZONE-0055
OTA-013012,ZONE-0054
OTA-013013,ZONE-0055
OTA-013014,ZONE-0054
OTA-013015,ZONE-0055
OTA-013016,ZONE-0054
OTA-013017,ZONE-0055
OTA-013018,ZONE-0054
OTA-013019,ZONE-0054
OTA-013020,ZONE-0055
OTA-013021,ZONE-0055
OTA-013022,ZONE-0054
OTA-013023,ZONE-0054
OTA-013024,ZONE-0054
OTA-013025,ZONE-0055
OTA-013026,ZONE-0055
OTA-013027,ZONE-0055
OTA-013028,ZONE-0055
OTA-013029,ZONE-0055
OTA-013030,ZONE-0055
OTA-013031,ZONE-0054
OTA-013032,ZONE-0055
OTA-013033,ZONE-0055
OTA-013034,ZONE-0054
OTA-013035,ZONE-0055
OTA-013036,ZONE-0055
OTA-013037,ZONE-0055
OTA-013038,ZONE-0054
OTA-013039,ZONE-0055
OTA-013040,ZONE-0055
OTA-013041,ZONE-0054
OTA-013042,ZONE-0055
OTA-013043,ZONE-0054
OTA-013044,ZONE-0054
OTA-013045,ZONE-0054
OTA-013046,ZONE-0055
OTA-013047,ZONE-0055
OTA-013048,ZONE-0054
OTA-013049,ZONE-0054
OTA-013050,ZONE-0055
OTA-013051,ZONE-0055
OTA-013052,ZONE-0054
OTA-013053,ZONE-0054
OTA-013054,ZONE-0054
OTA-013055,ZONE-0055
OTA-013056,ZONE-0055
OTA-013057,ZONE-0054
OTA-013058,ZONE-0055
OTA-013059,ZONE-0055
OTA-013060,ZONE-0055
OTA-013061,ZONE-0054
OTA-013062,ZONE-0054
OTA-013063,ZONE-0054
OTA-013064,ZONE-0054
OTA-013065,ZONE-0054
OTA-013066,ZONE-0055
OTA-013067,ZONE-0054
OTA-013068,ZONE-0055
OTA-013069,ZONE-0055
OTA-013070,ZONE-0055
OTA-013071,ZONE-0054
OTA-013072,ZONE-0054
OTA-013073,ZONE-0054
OTA-013074,ZONE-0055
OTA-013075,ZONE-0054
OTA-013076,ZONE-0055
OTA-013077,ZONE-0054
OTA-013078,ZONE-0055
OTA-013079,ZONE-0055
OTA-013080,ZONE-0055
OTA-013081,ZONE-0055
OTA-013082,ZONE-0055
OTA-013083,ZONE-0054
OTA-013084,ZONE-0054
OTA-013085,ZONE-0055
OTA-013086,ZONE-0054
OTA-013087,ZONE-0054
OTA-013088,ZONE-0055
OTA-013089,ZONE-0055
OTA-013090,ZONE-0054
OTA-013091,ZONE-0055
OTA-013092,ZONE-0054
OTA-013093,ZONE-0055
OTA-013094,ZONE-0054
OTA-013095,ZONE-0055
OTA-013096,ZONE-0055
OTA-013097,ZONE-0055
OTA-013098,ZONE-0054
OTA-013099,ZONE-0054
OTA-013100,ZONE-0054
OTA-013101,ZONE-0055
OTA-013102,ZONE-0055
OTA-013103,ZONE-0055
OTA-013104,ZONE-0054
OTA-013105,ZONE-0054
OTA-013106,ZONE-0054
OTA-013107,ZONE-0054
OTA-013108,ZONE-0054
OTA-013109,ZONE-0055
OTA-013110,ZONE-0055
OTA-013111,ZONE-0054
OTA-013112,ZONE-0055
OTA-013113,ZONE-0055
OTA-013114,ZONE-0055
OTA-013115,ZONE-0055
OTA-013116,ZONE-0054
OTA-013117,ZONE-0055
OTA-013118,ZONE-0055
OTA-013119,ZONE-0054
OTA-013120,ZONE-0055
OTA-013121,ZONE-0055
OTA-013122,ZONE-0055
OTA-013123,ZONE-0054
OTA-013124,ZONE-0055
OTA-013125,ZONE-0055
OTA-013126,ZONE-0055
OTA-013127,ZONE-0054
OTA-013128,ZONE-0054
OTA-013129,ZONE-0054
OTA-013130,ZONE-0055
OTA-013131,ZONE-0055
OTA-013132,ZONE-0055
OTA-013133,ZONE-0054
OTA-013134,ZONE-0055
OTA-013135,ZONE-0054
OTA-013136,ZONE-0055
OTA-013137,ZONE-0054
OTA-013138,ZONE-0055
OTA-013139,ZONE-0055
OTA-013140,ZONE-0055
OTA-013141,ZONE-0054
OTA-013142,ZONE-0054
OTA-013143,ZONE-0054
OTA-013144,ZONE-0054
OTA-013145,ZONE-0055
OTA-013146,ZONE-0055
OTA-013147,ZONE-0054
OTA-013148,ZONE-0055
OTA-013149,ZONE-0055
OTA-013150,ZONE-0055
OTA-013151,ZONE-0054
OTA-013152,ZONE-0054
OTA-013153,ZONE-0055
OTA-013154,ZONE-0055
OTA-013155,ZONE-0055
OTA-013156,ZONE-0054
OTA-013157,ZONE-0055
OTA-013158,ZONE-0055
OTA-013159,ZONE-0055
OTA-013160,ZONE-0055
OTA-013161,ZONE-0055
OTA-013162,ZONE-0055
OTA-013163,ZONE-0054
OTA-013164,ZONE-0054
OTA-013165,ZONE-0055
OTA-013166,ZONE-0054
OTA-013167,ZONE-0054
OTA-013168,ZONE-0055
OTA-013169,ZONE-0054
OTA-013170,ZONE-0055
OTA-013171,ZONE-0054
OTA-013172,ZONE-0054
OTA-013173,ZONE-0055
OTA-013174,ZONE-0055
OTA-013175,ZONE-0055
OTA-013176,ZONE-0055
OTA-013177,ZONE-0054
OTA-013178,ZONE-0054
OTA-013179,ZONE-0055
OTA-013180,ZONE-0055
OTA-013181,ZONE-0055
OTA-013182,ZONE-0054
OTA-013183,ZONE-0054
OTA-013184,ZONE-0055
OTA-013185,ZONE-0055
OTA-013186,ZONE-0055
OTA-013187,ZONE-0054
OTA-013188,ZONE-0054
OTA-013189,ZONE-0054
OTA-013190,ZONE-0055
OTA-013191,ZONE-0055
OTA-013192,ZONE-0055
OTA-013193,ZONE-0054
OTA-013194,ZONE-0054
OTA-013195,ZONE-0055
OTA-013196,ZONE-0055
OTA-013197,ZONE-0054
OTA-013198,ZONE-0054
OTA-013199,ZONE-0055
OTA-013200,ZONE-0054
OTA-013201,ZONE-0054
OTA-013202,ZONE-0054
OTA-013203,ZONE-0055
OTA-013204,ZONE-0055
OTA-013205,ZONE-0055
OTA-013206,ZONE-0054
OTA-013207,ZONE-0055
OTA-013208,ZONE-0055
OTA-013209,ZONE-0054
OTA-013210,ZONE-0054
OTA-013211,ZONE-0054
OTA-013212,ZONE-0055
OTA-013213,ZONE-0055
OTA-013214,ZONE-0055
OTA-013215,ZONE-0054
OTA-013216,ZONE-0055
OTA-013217,ZONE-0055
OTA-013218,ZONE-0055
OTA-013219,ZONE-0055
OTA-013220,ZONE-0054
OTA-013221,ZONE-0055
OTA-013222,ZONE-0055
OTA-013223,ZONE-0054
OTA-013224,ZONE-0054
OTA-013225,ZONE-0054
OTA-013226,ZONE-0055
OTA-013227,ZONE-0054
OTA-013228,ZONE-0054
OTA-013229,ZONE-0054
OTA-013230,ZONE-0054
OTA-013231,ZONE-0054
OTA-013232,ZONE-0054
OTA-013233,ZONE-0055
OTA-013234,ZONE-0055
OTA-013235,ZONE-0054
OTA-013236,ZONE-0055
OTA-013237,ZONE-0055
OTA-013238,ZONE-0054
OTA-013239,ZONE-0054
OTA-013240,ZONE-0055
OTA-013241,ZONE-0054
OTA-013242,ZONE-0055
OTA-013243,ZONE-0054
OTA-013244,ZONE-0054
OTA-013245,ZONE-0054
OTA-013246,ZONE-0055
OTA-013247,ZONE-0054
OTA-013248,ZONE-0055
OTA-013249,ZONE-0054
OTA-013250,ZONE-0055
OTA-013251,ZONE-0054
OTA-013252,ZONE-0055
OTA-013253,ZONE-0054
OTA-013254,ZONE-0055
OTA-013255,ZONE-0055
OTA-013256,ZONE-0054
OTA-013257,ZONE-0055
OTA-013258,ZONE-0054
OTA-013259,ZONE-0055
OTA-013260,ZONE-0054
OTA-013261,ZONE-0055
OTA-013262,ZONE-0055
OTA-013263,ZONE-0055
OTA-013264,ZONE-0055
OTA-013265,ZONE-0054
OTA-013266,ZONE-0054
OTA-013267,ZONE-0054
OTA-013268,ZONE-0054
OTA-013269,ZONE-0054
OTA-013270,ZONE-0054
OTA-013271,ZONE-0055
OTA-013272,ZONE-0054
OTA-013273,ZONE-0054
OTA-013274,ZONE-0055
OTA-013275,ZONE-0054
OTA-013276,ZONE-0054
OTA-013277,ZONE-0055
OTA-013278,ZONE-0054
OTA-013279,ZONE-0054
OTA-013280,ZONE-0055
OTA-013281,ZONE-0055
OTA-013282,ZONE-0054
OTA-013283,ZONE-0055
OTA-013284,ZONE-0054
OTA-013285,ZONE-0055
OTA-013286,ZONE-0055
OTA-013287,ZONE-0054
OTA-013288,ZONE-0054
OTA-013289,ZONE-0054
OTA-013290,ZONE-0055
OTA-013291,ZONE-0054
OTA-013292,ZONE-0054
OTA-013293,ZONE-0054
OTA-013294,ZONE-0055
OTA-013295,ZONE-0054
OTA-013296,ZONE-0055
OTA-013297,ZONE-0054
OTA-013298,ZONE-0054
OTA-013299,ZONE-0055
OTA-013300,ZONE-0054
OTA-013301,ZONE-0054
OTA-013302,ZONE-0055
OTA-013303,ZONE-0054
OTA-013304,ZONE-0055
OTA-013305,ZONE-0054
OTA-013306,ZONE-0055
OTA-013307,ZONE-0054
OTA-013308,ZONE-0054
OTA-013309,ZONE-0055
OTA-013310,ZONE-0054
OTA-013311,ZONE-0055
OTA-013312,ZONE-0054
OTA-013313,ZONE-0055
OTA-013314,ZONE-0054
OTA-013315,ZONE-0054
OTA-013316,ZONE-0054
OTA-013317,ZONE-0055
OTA-013318,ZONE-0055
OTA-013319,ZONE-0055
OTA-013320,ZONE-0055
OTA-013321,ZONE-0055
OTA-013322,ZONE-0055
OTA-013323,ZONE-0054
OTA-013324,ZONE-0054
OTA-013325,ZONE-0055
OTA-013326,ZONE-0055
OTA-013327,ZONE-0054
OTA-013328,ZONE-0055
OTA-013329,ZONE-0054
OTA-013330,ZONE-0054
OTA-013331,ZONE-0054
OTA-013332,ZONE-0054
OTA-013333,ZONE-0055
OTA-013334,ZONE-0054
OTA-013335,ZONE-0055
OTA-013336,ZONE-0054
OTA-013337,ZONE-0055
OTA-013338,ZONE-0054
OTA-013339,ZONE-0055
OTA-013340,ZONE-0055
OTA-013341,ZONE-0054
OTA-013342,ZONE-0054
OTA-013343,ZONE-0054
OTA-013344,ZONE-0055
OTA-013345,ZONE-0055
OTA-013346,ZONE-0055
OTA-013347,ZONE-0055
OTA-013348,ZONE-0054
OTA-013349,ZONE-0055
OTA-013350,ZONE-0055
OTA-013351,ZONE-0054
OTA-013352,ZONE-0055
OTA-013353,ZONE-0054
OTA-013354,ZONE-0054
OTA-013355,ZONE-0055
OTA-013356,ZONE-0055
OTA-013357,ZONE-0054
OTA-013358,ZONE-0054
OTA-013359,ZONE-0055
OTA-013360,ZONE-0054
OTA-013361,ZONE-0055
OTA-013362,ZONE-0055
OTA-013363,ZONE-0054
OTA-013364,ZONE-0054
OTA-013365,ZONE-0055
OTA-013366,ZONE-0055
OTA-013367,ZONE-0055
OTA-013368,ZONE-0055
OTA-013369,ZONE-0054
OTA-013370,ZONE-0054
OTA-013371,ZONE-0055
OTA-013372,ZONE-0054
OTA-013373,ZONE-0054
OTA-013374,ZONE-0054
OTA-013375,ZONE-0055
OTA-013376,ZONE-0055
OTA-013377,ZONE-0054
OTA-013378,ZONE-0055
OTA-013379,ZONE-0054
OTA-013380,ZONE-0054
OTA-013381,ZONE-0055
OTA-013382,ZONE-0054
OTA-013383,ZONE-0054
OTA-013384,ZONE-0054
OTA-013385,ZONE-0055
OTA-013386,ZONE-0054
OTA-013387,ZONE-0054
OTA-013388,ZONE-0055
OTA-013389,ZONE-0054
OTA-013390,ZONE-0054
OTA-013391,ZONE-0055
OTA-013392,ZONE-0054
OTA-013393,ZONE-0054
OTA-013394,ZONE-0055
OTA-013395,ZONE-0054
OTA-013396,ZONE-0054
OTA-013397,ZONE-0054
OTA-013398,ZONE-0055
OTA-013399,ZONE-0055
OTA-013400,ZONE-0054
OTA-013401,ZONE-0055
OTA-013402,ZONE-0055
OTA-013403,ZONE-0055
OTA-013404,ZONE-0054
OTA-013405,ZONE-0054
OTA-013406,ZONE-0055
OTA-013407,ZONE-0054
OTA-013408,ZONE-0055
OTA-013409,ZONE-0055
OTA-013410,ZONE-0054
OTA-013411,ZONE-0055
OTA-013412,ZONE-0055
OTA-013413,ZONE-0055
OTA-013414,ZONE-0054
OTA-013415,ZONE-0055
OTA-013416,ZONE-0055
OTA-013417,ZONE-0054
OTA-013418,ZONE-0054
OTA-013419,ZONE-0055
OTA-013420,ZONE-0054
OTA-013421,ZONE-0054
OTA-013422,ZONE-0055
OTA-013423,ZONE-0054
OTA-013424,ZONE-0054
OTA-013425,ZONE-0054
OTA-013426,ZONE-0054
OTA-013427,ZONE-0055
OTA-013428,ZONE-0054
OTA-013429,ZONE-0054
OTA-013430,ZONE-0054
OTA-013431,ZONE-0055
OTA-013432,ZONE-0055
OTA-013433,ZONE-0055
OTA-013434,ZONE-0054
OTA-013435,ZONE-0055
OTA-013436,ZONE-0055
OTA-013437,ZONE-0054
OTA-013438,ZONE-0054
OTA-013439,ZONE-0055
OTA-013440,ZONE-0054
OTA-013441,ZONE-0054
OTA-013442,ZONE-0054
OTA-013443,ZONE-0054
OTA-013444,ZONE-0055
OTA-013445,ZONE-0055
OTA-013446,ZONE-0055
OTA-013447,ZONE-0054
OTA-013448,ZONE-0054
OTA-013449,ZONE-0055
OTA-013450,ZONE-0055
OTA-013451,ZONE-0055
OTA-013452,ZONE-0055
OTA-013453,ZONE-0055
OTA-013454,ZONE-0055
OTA-013455,ZONE-0054
OTA-013456,ZONE-0055
OTA-013457,ZONE-0054
OTA-013458,ZONE-0055
OTA-013459,ZONE-0055
OTA-013460,ZONE-0054
OTA-013461,ZONE-0054
OTA-013462,ZONE-0055
OTA-013463,ZONE-0054
OTA-013464,ZONE-0054
OTA-013465,ZONE-0054
OTA-013466,ZONE-0055
OTA-013467,ZONE-0054
OTA-013468,ZONE-0054
OTA-013469,ZONE-0055
OTA-013470,ZONE-0055
OTA-013471,ZONE-0055
OTA-013472,ZONE-0055
OTA-013473,ZONE-0055
OTA-013474,ZONE-0054
OTA-013475,ZONE-0054
OTA-013476,ZONE-0055
OTA-013477,ZONE-0055
OTA-013478,ZONE-0054
OTA-013479,ZONE-0054
OTA-013480,ZONE-0054
OTA-013481,ZONE-0055
OTA-013482,ZONE-0054
OTA-013483,ZONE-0054
OTA-013484,ZONE-0054
OTA-013485,ZONE-0055
OTA-013486,ZONE-0054
OTA-013487,ZONE-0054
OTA-013488,ZONE-0054
OTA-013489,ZONE-0054
OTA-013490,ZONE-0054
OTA-013491,ZONE-0055
OTA-013492,ZONE-0055
OTA-013493,ZONE-0054
OTA-013494,ZONE-0055
OTA-013495,ZONE-0054
OTA-013496,ZONE-0055
OTA-013497,ZONE-0055
OTA-013498,ZONE-0054
OTA-013499,ZONE-0054
OTA-013500,ZONE-0054
OTA-013501,ZONE-0054
OTA-013502,ZONE-0054
OTA-013503,ZONE-0054
OTA-013504,ZONE-0054
OTA-013505,ZONE-0055
OTA-013506,ZONE-0055
OTA-013507,ZONE-0055
OTA-013508,ZONE-0055
OTA-013509,ZONE-0055
OTA-013510,ZONE-0055
OTA-013511,ZONE-0055
OTA-013512,ZONE-0054
OTA-013513,ZONE-0055
OTA-013514,ZONE-0054
OTA-013515,ZONE-0055
OTA-013516,ZONE-0055
OTA-013517,ZONE-0055
OTA-013518,ZONE-0054
OTA-013519,ZONE-0054
OTA-013520,ZONE-0055
OTA-013521,ZONE-0055
OTA-013522,ZONE-0055
OTA-013523,ZONE-0055
OTA-013524,ZONE-0055
OTA-013525,ZONE-0055
OTA-013526,ZONE-0054
OTA-013527,ZONE-0055
OTA-013528,ZONE-0054
OTA-013529,ZONE-0055
OTA-013530,ZONE-0054
OTA-013531,ZONE-0054
OTA-013532,ZONE-0055
OTA-013533,ZONE-0055
OTA-013534,ZONE-0054
OTA-013535,ZONE-0054
OTA-013536,ZONE-0054
OTA-013537,ZONE-0055
OTA-013538,ZONE-0054
OTA-013539,ZONE-0055
OTA-013540,ZONE-0054
OTA-013541,ZONE-0055
OTA-013542,ZONE-0054
OTA-013543,ZONE-0054
OTA-013544,ZONE-0054
OTA-013545,ZONE-0055
OTA-013546,ZONE-0055
OTA-013547,ZONE-0055
OTA-013548,ZONE-0054
OTA-013549,ZONE-0055
OTA-013550,ZONE-0055
OTA-013551,ZONE-0055
OTA-013552,ZONE-0055
OTA-013553,ZONE-0055
OTA-013554,ZONE-0055
OTA-013555,ZONE-0055
OTA-013556,ZONE-0055
OTA-013557,ZONE-0054
OTA-013558,ZONE-0054
OTA-013559,ZONE-0054
OTA-013560,ZONE-0055
OTA-013561,ZONE-0055
OTA-013562,ZONE-0054
OTA-013563,ZONE-0054
OTA-013564,ZONE-0054
OTA-013565,ZONE-0054
OTA-013566,ZONE-0054
OTA-013567,ZONE-0054
OTA-013568,ZONE-0055
OTA-013569,ZONE-0055
OTA-013570,ZONE-0054
OTA-013571,ZONE-0055
OTA-013572,ZONE-0055
OTA-013573,ZONE-0054
OTA-013574,ZONE-0055
OTA-013575,ZONE-0055
OTA-013576,ZONE-0055
OTA-013577,ZONE-0054
OTA-013578,ZONE-0055
OTA-013579,ZONE-0054
OTA-013580,ZONE-0055
OTA-013581,ZONE-0055
OTA-013582,ZONE-0054
OTA-013583,ZONE-0054
OTA-013584,ZONE-0054
OTA-013585,ZONE-0055
OTA-013586,ZONE-0054
OTA-013587,ZONE-0054
OTA-013588,ZONE-0055
OTA-013589,ZONE-0055
OTA-013590,ZONE-0054
OTA-013591,ZONE-0055
OTA-013592,ZONE-0055
OTA-013593,ZONE-0054
OTA-013594,ZONE-0054
OTA-013595,ZONE-0054
OTA-013596,ZONE-0054
OTA-013597,ZONE-0055
OTA-013598,ZONE-0054
OTA-013599,ZONE-0054
OTA-013600,ZONE-0055
OTA-013601,ZONE-0055
OTA-013602,ZONE-0054
OTA-013603,ZONE-0055
OTA-013604,ZONE-0054
OTA-013605,ZONE-0054
OTA-013606,ZONE-0055
OTA-013607,ZONE-0054
OTA-013608,ZONE-0054
OTA-013609,ZONE-0054
OTA-013610,ZONE-0054
OTA-013611,ZONE-0054
OTA-013612,ZONE-0054
OTA-013613,ZONE-0055
OTA-013614,ZONE-0054
OTA-013615,ZONE-0055
OTA-013616,ZONE-0054
OTA-013617,ZONE-0055
OTA-013618,ZONE-0055
OTA-013619,ZONE-0055
OTA-013620,ZONE-0054
OTA-013621,ZONE-0054
OTA-013622,ZONE-0055
OTA-013623,ZONE-0054
OTA-013624,ZONE-0055
OTA-013625,ZONE-0054
OTA-013626,ZONE-0055
OTA-013627,ZONE-0055
OTA-013628,ZONE-0055
OTA-013629,ZONE-0055
OTA-013630,ZONE-0055
OTA-013631,ZONE-0055
OTA-013632,ZONE-0055
OTA-013633,ZONE-0054
OTA-013634,ZONE-0054
OTA-013635,ZONE-0054
OTA-013636,ZONE-0055
OTA-013637,ZONE-0055
OTA-013638,ZONE-0054
OTA-013639,ZONE-0054
OTA-013640,ZONE-0054
OTA-013641,ZONE-0054
OTA-013642,ZONE-0054
OTA-013643,ZONE-0055
OTA-013644,ZONE-0055
OTA-013645,ZONE-0055
OTA-013646,ZONE-0055
OTA-013647,ZONE-0055
OTA-013648,ZONE-0054
OTA-013649,ZONE-0055
OTA-013650,ZONE-0054
OTA-013651,ZONE-0054
OTA-013652,ZONE-0055
OTA-013653,ZONE-0054
OTA-013654,ZONE-0054
OTA-013655,ZONE-0055
OTA-013656,ZONE-0054
OTA-013657,ZONE-0054
OTA-013658,ZONE-0054
OTA-013659,ZONE-0054
OTA-013660,ZONE-0055
OTA-013661,ZONE-0054
OTA-013662,ZONE-0054
OTA-013663,ZONE-0054
OTA-013664,ZONE-0055
OTA-013665,ZONE-0055
OTA-013666,ZONE-0054
OTA-013667,ZONE-0055
OTA-013668,ZONE-0054
OTA-013669,ZONE-0055
OTA-013670,ZONE-0055
OTA-013671,ZONE-0054
OTA-013672,ZONE-0055
OTA-013673,ZONE-0054
OTA-013674,ZONE-0054
OTA-013675,ZONE-0055
OTA-013676,ZONE-0055
OTA-013677,ZONE-0054
OTA-013678,ZONE-0055
OTA-013679,ZONE-0055
OTA-013680,ZONE-0055
OTA-013681,ZONE-0054
OTA-013682,ZONE-0054
OTA-013683,ZONE-0054
OTA-013684,ZONE-0054
OTA-013685,ZONE-0055
OTA-013686,ZONE-0054
OTA-013687,ZONE-0055
OTA-013688,ZONE-0054
OTA-013689,ZONE-0054
OTA-013690,ZONE-0055
OTA-013691,ZONE-0054
OTA-013692,ZONE-0055
OTA-013693,ZONE-0054
OTA-013694,ZONE-0054
OTA-013695,ZONE-0055
OTA-013696,ZONE-0054
OTA-013697,ZONE-0055
OTA-013698,ZONE-0055
OTA-013699,ZONE-0055
OTA-013700,ZONE-0055
OTA-013701,ZONE-0054
OTA-013702,ZONE-0054
OTA-013703,ZONE-0054
OTA-013704,ZONE-0054
OTA-013705,ZONE-0054
OTA-013706,ZONE-0054
OTA-013707,ZONE-0055
OTA-013708,ZONE-0055
OTA-013709,ZONE-0055
OTA-013710,ZONE-0055
OTA-013711,ZONE-0054
OTA-013712,ZONE-0055
OTA-013713,ZONE-0054
OTA-013714,ZONE-0054
OTA-013715,ZONE-0054
OTA-013716,ZONE-0055
OTA-013717,ZONE-0055
OTA-013718,ZONE-0055
OTA-013719,ZONE-0055
OTA-013720,ZONE-0055
OTA-013721,ZONE-0054
OTA-013722,ZONE-0055
OTA-013723,ZONE-0054
OTA-013724,ZONE-0054
OTA-013725,ZONE-0055
OTA-013726,ZONE-0055
OTA-013727,ZONE-0055
OTA-013728,ZONE-0054
OTA-013729,ZONE-0055
OTA-013730,ZONE-0054
OTA-013731,ZONE-0054
OTA-013732,ZONE-0055
OTA-013733,ZONE-0054
OTA-013734,ZONE-0055
OTA-013735,ZONE-0054
OTA-013736,ZONE-0055
OTA-013737,ZONE-0054
OTA-013738,ZONE-0054
OTA-013739,ZONE-0054
OTA-013740,ZONE-0055
OTA-013741,ZONE-0055
OTA-013742,ZONE-0055
OTA-013743,ZONE-0054
OTA-013744,ZONE-0055
OTA-013745,ZONE-0055
OTA-013746,ZONE-0055
OTA-013747,ZONE-0055
OTA-013748,ZONE-0054
OTA-013749,ZONE-0054
OTA-013750,ZONE-0055
OTA-013751,ZONE-0055
OTA-013752,ZONE-0054
OTA-013753,ZONE-0054
OTA-013754,ZONE-0054
OTA-013755,ZONE-0054
OTA-013756,ZONE-0055
OTA-013757,ZONE-0054
OTA-013758,ZONE-0055
OTA-013759,ZONE-0055
OTA-013760,ZONE-0054
OTA-013761,ZONE-0055
OTA-013762,ZONE-0054
OTA-013763,ZONE-0055
OTA-013764,ZONE-0055
OTA-013765,ZONE-0055
OTA-013766,ZONE-0055
OTA-013767,ZONE-0054
OTA-013768,ZONE-0054
OTA-013769,ZONE-0054
OTA-013770,ZONE-0055
OTA-013771,ZONE-0054
OTA-013772,ZONE-0054
OTA-013773,ZONE-0055
OTA-013774,ZONE-0054
OTA-013775,ZONE-0055
OTA-013776,ZONE-0055
OTA-013777,ZONE-0054
OTA-013778,ZONE-0055
OTA-013779,ZONE-0054
OTA-013780,ZONE-0055
OTA-013781,ZONE-0055
OTA-013782,ZONE-0055
OTA-013783,ZONE-0054
OTA-013784,ZONE-0055
OTA-013785,ZONE-0054
OTA-013786,ZONE-0055
OTA-013787,ZONE-0055
OTA-013788,ZONE-0054
OTA-013789,ZONE-0055
OTA-013790,ZONE-0055
OTA-013791,ZONE-0054
OTA-013792,ZONE-0054
OTA-013793,ZONE-0054
OTA-013794,ZONE-0055
OTA-013795,ZONE-0055
OTA-013796,ZONE-0054
OTA-013797,ZONE-0055
OTA-013798,ZONE-0055
OTA-013799,ZONE-0055
OTA-013800,ZONE-0054
OTA-013801,ZONE-0054
OTA-013802,ZONE-0055
OTA-013803,ZONE-0055
OTA-013804,ZONE-0055
OTA-013805,ZONE-0054
OTA-013806,ZONE-0054
OTA-013807,ZONE-0055
OTA-013808,ZONE-0055
OTA-013809,ZONE-0055
OTA-013810,ZONE-0054
OTA-013811,ZONE-0054
OTA-013812,ZONE-0055
OTA-013813,ZONE-0054
OTA-013814,ZONE-0055
OTA-013815,ZONE-0054
OTA-013816,ZONE-0055
OTA-013817,ZONE-0054
OTA-013818,ZONE-0054
OTA-013819,ZONE-0054
OTA-013820,ZONE-0054
OTA-013821,ZONE-0054
OTA-013822,ZONE-0055
OTA-013823,ZONE-0054
OTA-013824,ZONE-0054
OTA-013825,ZONE-0055
OTA-013826,ZONE-0054
OTA-013827,ZONE-0054
OTA-013828,ZONE-0055
OTA-013829,ZONE-0055
OTA-013830,ZONE-0055
OTA-013831,ZONE-0054
OTA-013832,ZONE-0055
OTA-013833,ZONE-0055
OTA-013834,ZONE-0055
OTA-013835,ZONE-0054
OTA-013836,ZONE-0054
OTA-013837,ZONE-0055
OTA-013838,ZONE-0054
OTA-013839,ZONE-0055
OTA-013840,ZONE-0055
OTA-013841,ZONE-0054
OTA-013842,ZONE-0054
OTA-013843,ZONE-0055
OTA-013844,ZONE-0055
OTA-013845,ZONE-0055
OTA-013846,ZONE-0054
OTA-013847,ZONE-0055
OTA-013848,ZONE-0054
OTA-013849,ZONE-0055
OTA-013850,ZONE-0055
OTA-013851,ZONE-0054
OTA-013852,ZONE-0054
OTA-013853,ZONE-0054
OTA-013854,ZONE-0055
OTA-013855,ZONE-0054
OTA-013856,ZONE-0055
OTA-013857,ZONE-0055
OTA-013858,ZONE-0054
OTA-013859,ZONE-0055
OTA-013860,ZONE-0055
OTA-013861,ZONE-0054
OTA-013862,ZONE-0055
OTA-013863,ZONE-0054
OTA-013864,ZONE-0054
OTA-013865,ZONE-0055
OTA-013866,ZONE-0055
OTA-013867,ZONE-0055
OTA-013868,ZONE-0055
OTA-013869,ZONE-0055
OTA-013870,ZONE-0055
OTA-013871,ZONE-0054
OTA-013872,ZONE-0054
OTA-013873,ZONE-0055
OTA-013874,ZONE-0055
OTA-013875,ZONE-0054
OTA-013876,ZONE-0055
OTA-013877,ZONE-0054
OTA-013878,ZONE-0055
OTA-013879,ZONE-0055
OTA-013880,ZONE-0054
OTA-013881,ZONE-0055
OTA-013882,ZONE-0055
OTA-013883,ZONE-0055
OTA-013884,ZONE-0054
OTA-013885,ZONE-0054
OTA-013886,ZONE-0055
OTA-013887,ZONE-0055
OTA-013888,ZONE-0055
OTA-013889,ZONE-0054
OTA-013890,ZONE-0054
OTA-013891,ZONE-0054
OTA-013892,ZONE-0054
OTA-013893,ZONE-0054
OTA-013894,ZONE-0054
OTA-013895,ZONE-0054
OTA-013896,ZONE-0055
OTA-013897,ZONE-0055
OTA-013898,ZONE-0055
OTA-013899,ZONE-0054
OTA-013900,ZONE-0055
OTA-013901,ZONE-0055
OTA-013902,ZONE-0055
OTA-013903,ZONE-0054
OTA-013904,ZONE-0054
OTA-013905,ZONE-0054
OTA-013906,ZONE-0055
OTA-013907,ZONE-0055
OTA-013908,ZONE-0054
OTA-013909,ZONE-0055
OTA-013910,ZONE-0054
OTA-013911,ZONE-0054
OTA-013912,ZONE-0054
OTA-013913,ZONE-0054
OTA-013914,ZONE-0055
OTA-013915,ZONE-0054
OTA-013916,ZONE-0054
OTA-013917,ZONE-0054
OTA-013918,ZONE-0055
OTA-013919,ZONE-0055
OTA-013920,ZONE-0054
OTA-013921,ZONE-0055
OTA-013922,ZONE-0055
OTA-013923,ZONE-0055
OTA-013924,ZONE-0054
OTA-013925,ZONE-0055
OTA-013926,ZONE-0054
OTA-013927,ZONE-0060
OTA-013928,ZONE-0059
OTA-013929,ZONE-0060
OTA-013930,ZONE-0059
OTA-013931,ZONE-0059
OTA-013932,ZONE-0060
OTA-013933,ZONE-0059
OTA-013934,ZONE-0059
OTA-013935,ZONE-0060
OTA-013936,ZONE-0060
OTA-013937,ZONE-0060
OTA-013938,ZONE-0060
OTA-013939,ZONE-0059
OTA-013940,ZONE-0060
OTA-013941,ZONE-0060
OTA-013942,ZONE-0060
OTA-013943,ZONE-0060
OTA-013944,ZONE-0059
OTA-013945,ZONE-0059
OTA-013946,ZONE-0060
OTA-013947,ZONE-0059
OTA-013948,ZONE-0059
OTA-013949,ZONE-0059
OTA-013950,ZONE-0059
OTA-013951,ZONE-0059
OTA-013952,ZONE-0059
OTA-013953,ZONE-0059
OTA-013954,ZONE-0059
OTA-013955,ZONE-0059
OTA-013956,ZONE-0059
OTA-013957,ZONE-0059
OTA-013958,ZONE-0059
OTA-013959,ZONE-0059
OTA-013960,ZONE-0060
OTA-013961,ZONE-0060
OTA-013962,ZONE-0060
OTA-013963,ZONE-0059
OTA-013964,ZONE-0060
OTA-013965,ZONE-0059
OTA-013966,ZONE-0060
OTA-013967,ZONE-0059
OTA-013968,ZONE-0059
OTA-013969,ZONE-0059
OTA-013970,ZONE-0059
OTA-013971,ZONE-0060
OTA-013972,ZONE-0059
OTA-013973,ZONE-0059
OTA-013974,ZONE-0059
OTA-013975,ZONE-0060
OTA-013976,ZONE-0059
OTA-013977,ZONE-0059
OTA-013978,ZONE-0060
OTA-013979,ZONE-0060
OTA-013980,ZONE-0059
OTA-013981,ZONE-0060
OTA-013982,ZONE-0059
OTA-013983,ZONE-0060
OTA-013984,ZONE-0060
OTA-013985,ZONE-0060
OTA-013986,ZONE-0059
OTA-013987,ZONE-0059
OTA-013988,ZONE-0059
OTA-013989,ZONE-0060
OTA-013990,ZONE-0060
OTA-013991,ZONE-0059
OTA-013992,ZONE-0060
OTA-013993,ZONE-0060
OTA-013994,ZONE-0059
OTA-013995,ZONE-0060
OTA-013996,ZONE-0059
OTA-013997,ZONE-0059
OTA-013998,ZONE-0059
OTA-013999,ZONE-0060
OTA-014000,ZONE-0059
OTA-014001,ZONE-0059
OTA-014002,ZONE-0059
OTA-014003,ZONE-0059
OTA-014004,ZONE-0060
OTA-014005,ZONE-0059
OTA-014006,ZONE-0059
OTA-014007,ZONE-0059
OTA-014008,ZONE-0059
OTA-014009,ZONE-0060
OTA-014010,ZONE-0060
OTA-014011,ZONE-0059
OTA-014012,ZONE-0059
OTA-014013,ZONE-0060
OTA-014014,ZONE-0059
OTA-014015,ZONE-0060
OTA-014016,ZONE-0060
OTA-014017,ZONE-0059
OTA-014018,ZONE-0060
OTA-014019,ZONE-0059
OTA-014020,ZONE-0060
OTA-014021,ZONE-0059
OTA-014022,ZONE-0060
OTA-014023,ZONE-0059
OTA-014024,ZONE-0060
OTA-014025,ZONE-0060
OTA-014026,ZONE-0060
OTA-014027,ZONE-0059
OTA-014028,ZONE-0059
OTA-014029,ZONE-0060
OTA-014030,ZONE-0060
OTA-014031,ZONE-0060
OTA-014032,ZONE-0060
OTA-014033,ZONE-0060
OTA-014034,ZONE-0059
OTA-014035,ZONE-0060
OTA-014036,ZONE-0059
OTA-014037,ZONE-0060
OTA-014038,ZONE-0060
OTA-014039,ZONE-0059
OTA-014040,ZONE-0059
OTA-014041,ZONE-0060
OTA-014042,ZONE-0060
OTA-014043,ZONE-0060
OTA-014044,ZONE-0060
OTA-014045,ZONE-0059
OTA-014046,ZONE-0060
OTA-014047,ZONE-0060
OTA-014048,ZONE-0060
OTA-014049,ZONE-0059
OTA-014050,ZONE-0059
OTA-014051,ZONE-0060
OTA-014052,ZONE-0059
OTA-014053,ZONE-0060
OTA-014054,ZONE-0059
OTA-014055,ZONE-0059
OTA-014056,ZONE-0059
OTA-014057,ZONE-0060
OTA-014058,ZONE-0059
OTA-014059,ZONE-0060
OTA-014060,ZONE-0060
OTA-014061,ZONE-0060
OTA-014062,ZONE-0059
OTA-014063,ZONE-0059
OTA-014064,ZONE-0060
OTA-014065,ZONE-0060
OTA-014066,ZONE-0060
OTA-014067,ZONE-0060
OTA-014068,ZONE-0060
OTA-014069,ZONE-0059
OTA-014070,ZONE-0060
OTA-014071,ZONE-0059
OTA-014072,ZONE-0059
OTA-014073,ZONE-0060
OTA-014074,ZONE-0059
OTA-014075,ZONE-0060
OTA-014076,ZONE-0060
OTA-014077,ZONE-0060
OTA-014078,ZONE-0059
OTA-014079,ZONE-0060
OTA-014080,ZONE-0060
OTA-014081,ZONE-0060
OTA-014082,ZONE-0060
OTA-014083,ZONE-0059
OTA-014084,ZONE-0060
OTA-014085,ZONE-0059
OTA-014086,ZONE-0060
OTA-014087,ZONE-0060
OTA-014088,ZONE-0059
OTA-014089,ZONE-0060
OTA-014090,ZONE-0060
OTA-014091,ZONE-0059
OTA-014092,ZONE-0059
OTA-014093,ZONE-0060
OTA-014094,ZONE-0060
OTA-014095,ZONE-0060
OTA-014096,ZONE-0060
OTA-014097,ZONE-0060
OTA-014098,ZONE-0059
OTA-014099,ZONE-0059
OTA-014100,ZONE-0060
OTA-014101,ZONE-0059
OTA-014102,ZONE-0059
OTA-014103,ZONE-0059
OTA-014104,ZONE-0060
OTA-014105,ZONE-0059
OTA-014106,ZONE-0059
OTA-014107,ZONE-0059
OTA-014108,ZONE-0059
OTA-014109,ZONE-0059
OTA-014110,ZONE-0060
OTA-014111,ZONE-0060
OTA-014112,ZONE-0060
OTA-014113,ZONE-0060
OTA-014114,ZONE-0060
OTA-014115,ZONE-0060
OTA-014116,ZONE-0060
OTA-014117,ZONE-0060
OTA-014118,ZONE-0059
OTA-014119,ZONE-0059
OTA-014120,ZONE-0059
OTA-014121,ZONE-0060
OTA-014122,ZONE-0059
OTA-014123,ZONE-0060
OTA-014124,ZONE-0060
OTA-014125,ZONE-0060
OTA-014126,ZONE-0060
OTA-014127,ZONE-0060
OTA-014128,ZONE-0059
OTA-014129,ZONE-0059
OTA-014130,ZONE-0059
OTA-014131,ZONE-0060
OTA-014132,ZONE-0060
OTA-014133,ZONE-0060
OTA-014134,ZONE-0059
OTA-014135,ZONE-0060
OTA-014136,ZONE-0059
OTA-014137,ZONE-0059
OTA-014138,ZONE-0060
OTA-014139,ZONE-0059
OTA-014140,ZONE-0060
OTA-014141,ZONE-0060
OTA-014142,ZONE-0059
OTA-014143,ZONE-0059
OTA-014144,ZONE-0059
OTA-014145,ZONE-0059
OTA-014146,ZONE-0060
OTA-014147,ZONE-0060
OTA-014148,ZONE-0059
OTA-014149,ZONE-0060
OTA-014150,ZONE-0059
OTA-014151,ZONE-0060
OTA-014152,ZONE-0059
OTA-014153,ZONE-0060
OTA-014154,ZONE-0060
OTA-014155,ZONE-0059
OTA-014156,ZONE-0060
OTA-014157,ZONE-0059
OTA-014158,ZONE-0060
OTA-014159,ZONE-0059
OTA-014160,ZONE-0060
OTA-014161,ZONE-0060
OTA-014162,ZONE-0060
OTA-014163,ZONE-0059
OTA-014164,ZONE-0060
OTA-014165,ZONE-0060
OTA-014166,ZONE-0060
OTA-014167,ZONE-0059
OTA-014168,ZONE-0059
OTA-014169,ZONE-0059
OTA-014170,ZONE-0060
OTA-014171,ZONE-0059
OTA-014172,ZONE-0060
OTA-014173,ZONE-0060
OTA-014174,ZONE-0060
OTA-014175,ZONE-0059
OTA-014176,ZONE-0059
OTA-014177,ZONE-0060
OTA-014178,ZONE-0060
OTA-014179,ZONE-0059
OTA-014180,ZONE-0060
OTA-014181,ZONE-0059
OTA-014182,ZONE-0059
OTA-014183,ZONE-0060
OTA-014184,ZONE-0059
OTA-014185,ZONE-0060
OTA-014186,ZONE-0059
OTA-014187,ZONE-0059
OTA-014188,ZONE-0060
OTA-014189,ZONE-0059
OTA-014190,ZONE-0059
OTA-014191,ZONE-0060
OTA-014192,ZONE-0059
OTA-014193,ZONE-0059
OTA-014194,ZONE-0060
OTA-014195,ZONE-0060
OTA-014196,ZONE-0060
OTA-014197,ZONE-0060
OTA-014198,ZONE-0060
OTA-014199,ZONE-0059
OTA-014200,ZONE-0059
OTA-014201,ZONE-0059
OTA-014202,ZONE-0060
OTA-014203,ZONE-0060
OTA-014204,ZONE-0059
OTA-014205,ZONE-0060
OTA-014206,ZONE-0060
OTA-014207,ZONE-0060
OTA-014208,ZONE-0059
OTA-014209,ZONE-0060
OTA-014210,ZONE-0060
OTA-014211,ZONE-0060
OTA-014212,ZONE-0059
OTA-014213,ZONE-0060
OTA-014214,ZONE-0060
OTA-014215,ZONE-0060
OTA-014216,ZONE-0060
OTA-014217,ZONE-0060
OTA-014218,ZONE-0060
OTA-014219,ZONE-0060
OTA-014220,ZONE-0059
OTA-014221,ZONE-0060
OTA-014222,ZONE-0060
OTA-014223,ZONE-0060
OTA-014224,ZONE-0059
OTA-014225,ZONE-0060
OTA-014226,ZONE-0060
OTA-014227,ZONE-0059
OTA-014228,ZONE-0059
OTA-014229,ZONE-0059
OTA-014230,ZONE-0060
OTA-014231,ZONE-0060
OTA-014232,ZONE-0059
OTA-014233,ZONE-0059
OTA-014234,ZONE-0059
OTA-014235,ZONE-0059
OTA-014236,ZONE-0059
OTA-014237,ZONE-0060
OTA-014238,ZONE-0059
OTA-014239,ZONE-0059
OTA-014240,ZONE-0060
OTA-014241,ZONE-0059
OTA-014242,ZONE-0060
OTA-014243,ZONE-0060
OTA-014244,ZONE-0060
OTA-014245,ZONE-0059
OTA-014246,ZONE-0060
OTA-014247,ZONE-0060
OTA-014248,ZONE-0060
OTA-014249,ZONE-0059
OTA-014250,ZONE-0059
OTA-014251,ZONE-0059
OTA-014252,ZONE-0060
OTA-014253,ZONE-0060
OTA-014254,ZONE-0060
OTA-014255,ZONE-0059
OTA-014256,ZONE-0060
OTA-014257,ZONE-0059
OTA-014258,ZONE-0060
OTA-014259,ZONE-0059
OTA-014260,ZONE-0059
OTA-014261,ZONE-0060
OTA-014262,ZONE-0060
OTA-014263,ZONE-0059
OTA-014264,ZONE-0060
OTA-014265,ZONE-0059
OTA-014266,ZONE-0060
OTA-014267,ZONE-0059
OTA-014268,ZONE-0060
OTA-014269,ZONE-0060
OTA-014270,ZONE-0059
OTA-014271,ZONE-0060
OTA-014272,ZONE-0060
OTA-014273,ZONE-0060
OTA-014274,ZONE-0059
OTA-014275,ZONE-0060
OTA-014276,ZONE-0060
OTA-014277,ZONE-0059
OTA-014278,ZONE-0060
OTA-014279,ZONE-0059
OTA-014280,ZONE-0059
OTA-014281,ZONE-0060
OTA-014282,ZONE-0060
OTA-014283,ZONE-0059
OTA-014284,ZONE-0060
OTA-014285,ZONE-0060
OTA-014286,ZONE-0059
OTA-014287,ZONE-0059
OTA-014288,ZONE-0060
OTA-014289,ZONE-0060
OTA-014290,ZONE-0059
OTA-014291,ZONE-0059
OTA-014292,ZONE-0060
OTA-014293,ZONE-0060
OTA-014294,ZONE-0060
OTA-014295,ZONE-0060
OTA-014296,ZONE-0059
OTA-014297,ZONE-0059
OTA-014298,ZONE-0060
OTA-014299,ZONE-0060
OTA-014300,ZONE-0060
OTA-014301,ZONE-0059
OTA-014302,ZONE-0059
OTA-014303,ZONE-0060
OTA-014304,ZONE-0059
OTA-014305,ZONE-0059
OTA-014306,ZONE-0059
OTA-014307,ZONE-0059
OTA-014308,ZONE-0060
OTA-014309,ZONE-0060
OTA-014310,ZONE-0059
OTA-014311,ZONE-0060
OTA-014312,ZONE-0059
OTA-014313,ZONE-0060
OTA-014314,ZONE-0059
OTA-014315,ZONE-0060
OTA-014316,ZONE-0059
OTA-014317,ZONE-0060
OTA-014318,ZONE-0059
OTA-014319,ZONE-0059
OTA-014320,ZONE-0060
OTA-014321,ZONE-0060
OTA-014322,ZONE-0059
OTA-014323,ZONE-0059
OTA-014324,ZONE-0059
OTA-014325,ZONE-0059
OTA-014326,ZONE-0060
OTA-014327,ZONE-0059
OTA-014328,ZONE-0059
OTA-014329,ZONE-0059
OTA-014330,ZONE-0059
OTA-014331,ZONE-0060
OTA-014332,ZONE-0059
OTA-014333,ZONE-0059
OTA-014334,ZONE-0060
OTA-014335,ZONE-0060
OTA-014336,ZONE-0060
OTA-014337,ZONE-0059
OTA-014338,ZONE-0060
OTA-014339,ZONE-0060
OTA-014340,ZONE-0059
OTA-014341,ZONE-0059
OTA-014342,ZONE-0059
OTA-014343,ZONE-0060
OTA-014344,ZONE-0059
OTA-014345,ZONE-0059
OTA-014346,ZONE-0060
OTA-014347,ZONE-0059
OTA-014348,ZONE-0059
OTA-014349,ZONE-0060
OTA-014350,ZONE-0060
OTA-014351,ZONE-0060
OTA-014352,ZONE-0059
OTA-014353,ZONE-0059
OTA-014354,ZONE-0060
OTA-014355,ZONE-0059
OTA-014356,ZONE-0059
OTA-014357,ZONE-0060
OTA-014358,ZONE-0060
OTA-014359,ZONE-0060
OTA-014360,ZONE-0060
OTA-014361,ZONE-0059
OTA-014362,ZONE-0060
OTA-014363,ZONE-0060
OTA-014364,ZONE-0059
OTA-014365,ZONE-0059
OTA-014366,ZONE-0060
OTA-014367,ZONE-0060
OTA-014368,ZONE-0059
OTA-014369,ZONE-0060
OTA-014370,ZONE-0060
OTA-014371,ZONE-0059
OTA-014372,ZONE-0060
OTA-014373,ZONE-0059
OTA-014374,ZONE-0060
OTA-014375,ZONE-0060
OTA-014376,ZONE-0060
OTA-014377,ZONE-0060
OTA-014378,ZONE-0059
OTA-014379,ZONE-0060
OTA-014380,ZONE-0060
OTA-014381,ZONE-0059
OTA-014382,ZONE-0059
OTA-014383,ZONE-0059
OTA-014384,ZONE-0059
OTA-014385,ZONE-0059
OTA-014386,ZONE-0060
OTA-014387,ZONE-0059
OTA-014388,ZONE-0059
OTA-014389,ZONE-0059
OTA-014390,ZONE-0059
OTA-014391,ZONE-0059
OTA-014392,ZONE-0060
OTA-014393,ZONE-0059
OTA-014394,ZONE-0059
OTA-014395,ZONE-0060
OTA-014396,ZONE-0059
OTA-014397,ZONE-0059
OTA-014398,ZONE-0060
OTA-014399,ZONE-0060
OTA-014400,ZONE-0059
OTA-014401,ZONE-0059
OTA-014402,ZONE-0059
OTA-014403,ZONE-0060
OTA-014404,ZONE-0060
OTA-014405,ZONE-0060
OTA-014406,ZONE-0060
OTA-014407,ZONE-0059
OTA-014408,ZONE-0059
OTA-014409,ZONE-0060
OTA-014410,ZONE-0059
OTA-014411,ZONE-0060
OTA-014412,ZONE-0059
OTA-014413,ZONE-0060
OTA-014414,ZONE-0060
OTA-014415,ZONE-0060
OTA-014416,ZONE-0060
OTA-014417,ZONE-0060
OTA-014418,ZONE-0060
OTA-014419,ZONE-0059
OTA-014420,ZONE-0060
OTA-014421,ZONE-0060
OTA-014422,ZONE-0059
OTA-014423,ZONE-0060
OTA-014424,ZONE-0060
OTA-014425,ZONE-0060
OTA-014426,ZONE-0060
OTA-014427,ZONE-0059
OTA-014428,ZONE-0059
OTA-014429,ZONE-0060
OTA-014430,ZONE-0060
OTA-014431,ZONE-0060
OTA-014432,ZONE-0059
OTA-014433,ZONE-0059
OTA-014434,ZONE-0060
OTA-014435,ZONE-0060
OTA-014436,ZONE-0059
OTA-014437,ZONE-0060
OTA-014438,ZONE-0059
OTA-014439,ZONE-0059
OTA-014440,ZONE-0059
OTA-014441,ZONE-0060
OTA-014442,ZONE-0060
OTA-014443,ZONE-0060
OTA-014444,ZONE-0060
OTA-014445,ZONE-0059
OTA-014446,ZONE-0060
OTA-014447,ZONE-0059
OTA-014448,ZONE-0060
OTA-014449,ZONE-0060
OTA-014450,ZONE-0059
OTA-014451,ZONE-0060
OTA-014452,ZONE-0059
OTA-014453,ZONE-0060
OTA-014454,ZONE-0059
OTA-014455,ZONE-0060
OTA-014456,ZONE-0060
OTA-014457,ZONE-0060
OTA-014458,ZONE-0059
OTA-014459,ZONE-0059
OTA-014460,ZONE-0060
OTA-014461,ZONE-0060
OTA-014462,ZONE-0059
OTA-014463,ZONE-0059
OTA-014464,ZONE-0060
OTA-014465,ZONE-0060
OTA-014466,ZONE-0060
OTA-014467,ZONE-0060
OTA-014468,ZONE-0060
OTA-014469,ZONE-0059
OTA-014470,ZONE-0059
OTA-014471,ZONE-0060
OTA-014472,ZONE-0060
OTA-014473,ZONE-0060
OTA-014474,ZONE-0060
OTA-014475,ZONE-0060
OTA-014476,ZONE-0060
OTA-014477,ZONE-0060
OTA-014478,ZONE-0059
OTA-014479,ZONE-0060
OTA-014480,ZONE-0059
OTA-014481,ZONE-0060
OTA-014482,ZONE-0059
OTA-014483,ZONE-0059
OTA-014484,ZONE-0060
OTA-014485,ZONE-0060
OTA-014486,ZONE-0060
OTA-014487,ZONE-0060
OTA-014488,ZONE-0060
OTA-014489,ZONE-0060
OTA-014490,ZONE-0060
OTA-014491,ZONE-0059
OTA-014492,ZONE-0060
OTA-014493,ZONE-0060
OTA-014494,ZONE-0060
OTA-014495,ZONE-0060
OTA-014496,ZONE-0060
OTA-014497,ZONE-0060
OTA-014498,ZONE-0059
OTA-014499,ZONE-0060
OTA-014500,ZONE-0060
OTA-014501,ZONE-0060
OTA-014502,ZONE-0060
OTA-014503,ZONE-0060
OTA-014504,ZONE-0060
OTA-014505,ZONE-0059
OTA-014506,ZONE-0059
OTA-014507,ZONE-0059
OTA-014508,ZONE-0059
OTA-014509,ZONE-0060
OTA-014510,ZONE-0059
OTA-014511,ZONE-0059
OTA-014512,ZONE-0060
OTA-014513,ZONE-0060
OTA-014514,ZONE-0060
OTA-014515,ZONE-0059
OTA-014516,ZONE-0059
OTA-014517,ZONE-0059
OTA-014518,ZONE-0060
OTA-014519,ZONE-0059
OTA-014520,ZONE-0059
OTA-014521,ZONE-0060
OTA-014522,ZONE-0059
OTA-014523,ZONE-0059
OTA-014524,ZONE-0060
OTA-014525,ZONE-0060
OTA-014526,ZONE-0060
OTA-014527,ZONE-0059
OTA-014528,ZONE-0059
OTA-014529,ZONE-0060
OTA-014530,ZONE-0059
OTA-014531,ZONE-0059
OTA-014532,ZONE-0059
OTA-014533,ZONE-0059
OTA-014534,ZONE-0059
OTA-014535,ZONE-0059
OTA-014536,ZONE-0059
OTA-014537,ZONE-0060
OTA-014538,ZONE-0060
OTA-014539,ZONE-0060
OTA-014540,ZONE-0059
OTA-014541,ZONE-0059
OTA-014542,ZONE-0060
OTA-014543,ZONE-0060
OTA-014544,ZONE-0060
OTA-014545,ZONE-0060
OTA-014546,ZONE-0059
OTA-014547,ZONE-0059
OTA-014548,ZONE-0059
OTA-014549,ZONE-0059
OTA-014550,ZONE-0060
OTA-014551,ZONE-0060
OTA-014552,ZONE-0059
OTA-014553,ZONE-0059
OTA-014554,ZONE-0060
OTA-014555,ZONE-0059
OTA-014556,ZONE-0059
OTA-014557,ZONE-0060
OTA-014558,ZONE-0059
OTA-014559,ZONE-0060
OTA-014560,ZONE-0060
OTA-014561,ZONE-0059
OTA-014562,ZONE-0059
OTA-014563,ZONE-0060
OTA-014564,ZONE-0060
OTA-014565,ZONE-0060
OTA-014566,ZONE-0059
OTA-014567,ZONE-0059
OTA-014568,ZONE-0060
OTA-014569,ZONE-0060
OTA-014570,ZONE-0059
OTA-014571,ZONE-0059
OTA-014572,ZONE-0060
OTA-014573,ZONE-0060
OTA-014574,ZONE-0060
OTA-014575,ZONE-0060
OTA-014576,ZONE-0059
OTA-014577,ZONE-0060
OTA-014578,ZONE-0059
OTA-014579,ZONE-0059
OTA-014580,ZONE-0059
OTA-014581,ZONE-0059
OTA-014582,ZONE-0059
OTA-014583,ZONE-0059
OTA-014584,ZONE-0060
OTA-014585,ZONE-0060
OTA-014586,ZONE-0059
OTA-014587,ZONE-0059
OTA-014588,ZONE-0059
OTA-014589,ZONE-0059
OTA-014590,ZONE-0060
OTA-014591,ZONE-0060
OTA-014592,ZONE-0059
OTA-014593,ZONE-0060
OTA-014594,ZONE-0059
OTA-014595,ZONE-0059
OTA-014596,ZONE-0060
OTA-014597,ZONE-0060
OTA-014598,ZONE-0059
OTA-014599,ZONE-0060
OTA-014600,ZONE-0059
OTA-014601,ZONE-0060
OTA-014602,ZONE-0059
OTA-014603,ZONE-0060
OTA-014604,ZONE-0059
OTA-014605,ZONE-0060
OTA-014606,ZONE-0059
OTA-014607,ZONE-0060
OTA-014608,ZONE-0059
OTA-014609,ZONE-0060
OTA-014610,ZONE-0060
OTA-014611,ZONE-0059
OTA-014612,ZONE-0059
OTA-014613,ZONE-0060
OTA-014614,ZONE-0060
OTA-014615,ZONE-0060
OTA-014616,ZONE-0060
OTA-014617,ZONE-0060
OTA-014618,ZONE-0060
OTA-014619,ZONE-0059
OTA-014620,ZONE-0060
OTA-014621,ZONE-0059
OTA-014622,ZONE-0059
OTA-014623,ZONE-0059
OTA-014624,ZONE-0060
OTA-014625,ZONE-0060
OTA-014626,ZONE-0060
OTA-014627,ZONE-0060
OTA-014628,ZONE-0060
OTA-014629,ZONE-0060
OTA-014630,ZONE-0060
OTA-014631,ZONE-0060
OTA-014632,ZONE-0059
OTA-014633,ZONE-0060
OTA-014634,ZONE-0059
OTA-014635,ZONE-0060
OTA-014636,ZONE-0060
OTA-014637,ZONE-0060
OTA-014638,ZONE-0059
OTA-014639,ZONE-0060
OTA-014640,ZONE-0059
OTA-014641,ZONE-0059
OTA-014642,ZONE-0060
OTA-014643,ZONE-0060
OTA-014644,ZONE-0060
OTA-014645,ZONE-0060
OTA-014646,ZONE-0059
OTA-014647,ZONE-0059
OTA-014648,ZONE-0059
OTA-014649,ZONE-0060
OTA-014650,ZONE-0060
OTA-014651,ZONE-0060
OTA-014652,ZONE-0060
OTA-014653,ZONE-0060
OTA-014654,ZONE-0060
OTA-014655,ZONE-0059
OTA-014656,ZONE-0059
OTA-014657,ZONE-0059
OTA-014658,ZONE-0059
OTA-014659,ZONE-0059
OTA-014660,ZONE-0059
OTA-014661,ZONE-0059
OTA-014662,ZONE-0059
OTA-014663,ZONE-0060
OTA-014664,ZONE-0059
OTA-014665,ZONE-0059
OTA-014666,ZONE-0059
OTA-014667,ZONE-0060
OTA-014668,ZONE-0060
OTA-014669,ZONE-0060
OTA-014670,ZONE-0060
OTA-014671,ZONE-0060
OTA-014672,ZONE-0059
OTA-014673,ZONE-0060
OTA-014674,ZONE-0060
OTA-014675,ZONE-0059
OTA-014676,ZONE-0059
OTA-014677,ZONE-0059
OTA-014678,ZONE-0059
OTA-014679,ZONE-0059
OTA-014680,ZONE-0060
OTA-014681,ZONE-0059
OTA-014682,ZONE-0060
OTA-014683,ZONE-0059
OTA-014684,ZONE-0059
OTA-014685,ZONE-0059
OTA-014686,ZONE-0060
OTA-014687,ZONE-0060
OTA-014688,ZONE-0059
OTA-014689,ZONE-0060
OTA-014690,ZONE-0059
OTA-014691,ZONE-0059
OTA-014692,ZONE-0060
OTA-014693,ZONE-0060
OTA-014694,ZONE-0059
OTA-014695,ZONE-0060
OTA-014696,ZONE-0060
OTA-014697,ZONE-0060
OTA-014698,ZONE-0060
OTA-014699,ZONE-0059
OTA-014700,ZONE-0059
OTA-014701,ZONE-0060
OTA-014702,ZONE-0060
OTA-014703,ZONE-0060
OTA-014704,ZONE-0060
OTA-014705,ZONE-0059
OTA-014706,ZONE-0059
OTA-014707,ZONE-0060
OTA-014708,ZONE-0060
OTA-014709,ZONE-0059
OTA-014710,ZONE-0059
OTA-014711,ZONE-0060
OTA-014712,ZONE-0060
OTA-014713,ZONE-0060
OTA-014714,ZONE-0059
OTA-014715,ZONE-0059
OTA-014716,ZONE-0060
OTA-014717,ZONE-0059
OTA-014718,ZONE-0059
OTA-014719,ZONE-0059
OTA-014720,ZONE-0059
OTA-014721,ZONE-0060
OTA-014722,ZONE-0059
OTA-014723,ZONE-0060
OTA-014724,ZONE-0060
OTA-014725,ZONE-0059
OTA-014726,ZONE-0059
OTA-014727,ZONE-0060
OTA-014728,ZONE-0060
OTA-014729,ZONE-0059
OTA-014730,ZONE-0060
OTA-014731,ZONE-0060
OTA-014732,ZONE-0059
OTA-014733,ZONE-0060
OTA-014734,ZONE-0060
OTA-014735,ZONE-0060
OTA-014736,ZONE-0059
OTA-014737,ZONE-0060
OTA-014738,ZONE-0059
OTA-014739,ZONE-0060
OTA-014740,ZONE-0059
OTA-014741,ZONE-0060
OTA-014742,ZONE-0059
OTA-014743,ZONE-0059
OTA-014744,ZONE-0059
OTA-014745,ZONE-0059
OTA-014746,ZONE-0060
OTA-014747,ZONE-0059
OTA-014748,ZONE-0060
OTA-014749,ZONE-0060
OTA-014750,ZONE-0059
OTA-014751,ZONE-0060
OTA-014752,ZONE-0059
OTA-014753,ZONE-0059
OTA-014754,ZONE-0059
OTA-014755,ZONE-0059
OTA-014756,ZONE-0059
OTA-014757,ZONE-0060
OTA-014758,ZONE-0059
OTA-014759,ZONE-0060
OTA-014760,ZONE-0060
OTA-014761,ZONE-0059
OTA-014762,ZONE-0059
OTA-014763,ZONE-0060
OTA-014764,ZONE-0060
OTA-014765,ZONE-0059
OTA-014766,ZONE-0059
OTA-014767,ZONE-0059
OTA-014768,ZONE-0059
OTA-014769,ZONE-0059
OTA-014770,ZONE-0060
OTA-014771,ZONE-0059
OTA-014772,ZONE-0060
OTA-014773,ZONE-0059
OTA-014774,ZONE-0059
OTA-014775,ZONE-0059
OTA-014776,ZONE-0059
OTA-014777,ZONE-0060
OTA-014778,ZONE-0059
OTA-014779,ZONE-0060
OTA-014780,ZONE-0060
OTA-014781,ZONE-0059
OTA-014782,ZONE-0060
OTA-014783,ZONE-0059
OTA-014784,ZONE-0059
OTA-014785,ZONE-0060
OTA-014786,ZONE-0059
OTA-014787,ZONE-0059
OTA-014788,ZONE-0059
OTA-014789,ZONE-0059
OTA-014790,ZONE-0060
OTA-014791,ZONE-0060
OTA-014792,ZONE-0059
OTA-014793,ZONE-0059
OTA-014794,ZONE-0060
OTA-014795,ZONE-0059
OTA-014796,ZONE-0059
OTA-014797,ZONE-0060
OTA-014798,ZONE-0059
OTA-014799,ZONE-0060
OTA-014800,ZONE-0060
OTA-014801,ZONE-0059
OTA-014802,ZONE-0060
OTA-014803,ZONE-0060
OTA-014804,ZONE-0059
OTA-014805,ZONE-0060
OTA-014806,ZONE-0060
OTA-014807,ZONE-0059
OTA-014808,ZONE-0060
OTA-014809,ZONE-0060
OTA-014810,ZONE-0060
OTA-014811,ZONE-0059
OTA-014812,ZONE-0060
OTA-014813,ZONE-0059
OTA-014814,ZONE-0060
OTA-014815,ZONE-0060
OTA-014816,ZONE-0060
OTA-014817,ZONE-0059
OTA-014818,ZONE-0059
OTA-014819,ZONE-0059
OTA-014820,ZONE-0059
OTA-014821,ZONE-0060
OTA-014822,ZONE-0059
OTA-014823,ZONE-0059
OTA-014824,ZONE-0059
OTA-014825,ZONE-0059
OTA-014826,ZONE-0059
OTA-014827,ZONE-0060
OTA-014828,ZONE-0059
OTA-014829,ZONE-0059
OTA-014830,ZONE-0059
OTA-014831,ZONE-0060
OTA-014832,ZONE-0059
OTA-014833,ZONE-0060
OTA-014834,ZONE-0059
OTA-014835,ZONE-0059
OTA-014836,ZONE-0060
OTA-014837,ZONE-0059
OTA-014838,ZONE-0060
OTA-014839,ZONE-0060
OTA-014840,ZONE-0060
OTA-014841,ZONE-0060
OTA-014842,ZONE-0059
OTA-014843,ZONE-0059
OTA-014844,ZONE-0059
OTA-014845,ZONE-0059
OTA-014846,ZONE-0059
OTA-014847,ZONE-0059
OTA-014848,ZONE-0059
OTA-014849,ZONE-0059
OTA-014850,ZONE-0060
OTA-014851,ZONE-0059
OTA-014852,ZONE-0059
OTA-014853,ZONE-0060
OTA-014854,ZONE-0060
OTA-014855,ZONE-0059
OTA-014856,ZONE-0060
OTA-014857,ZONE-0059
OTA-014858,ZONE-0059
OTA-014859,ZONE-0059
OTA-014860,ZONE-0060
OTA-014861,ZONE-0059
OTA-014862,ZONE-0059
OTA-014863,ZONE-0060
OTA-014864,ZONE-0060
OTA-014865,ZONE-0060
OTA-014866,ZONE-0059
OTA-014867,ZONE-0060
OTA-014868,ZONE-0060
OTA-014869,ZONE-0059
OTA-014870,ZONE-0059
OTA-014871,ZONE-0060
OTA-014872,ZONE-0059
OTA-014873,ZONE-0059
OTA-014874,ZONE-0059
OTA-014875,ZONE-0060
OTA-014876,ZONE-0059
OTA-014877,ZONE-0059
OTA-014878,ZONE-0060
OTA-014879,ZONE-0059
OTA-014880,ZONE-0059
OTA-014881,ZONE-0059
OTA-014882,ZONE-0060
OTA-014883,ZONE-0059
OTA-014884,ZONE-0059
OTA-014885,ZONE-0059
OTA-014886,ZONE-0059
OTA-014887,ZONE-0060
OTA-014888,ZONE-0060
OTA-014889,ZONE-0059
OTA-014890,ZONE-0060
OTA-014891,ZONE-0060
OTA-014892,ZONE-0060
OTA-014893,ZONE-0060
OTA-014894,ZONE-0060
OTA-014895,ZONE-0059
OTA-014896,ZONE-0059
OTA-014897,ZONE-0060
OTA-014898,ZONE-0060
OTA-014899,ZONE-0060
OTA-014900,ZONE-0059
OTA-014901,ZONE-0060
OTA-014902,ZONE-0059
OTA-014903,ZONE-0060
OTA-014904,ZONE-0059
OTA-014905,ZONE-0060
OTA-014906,ZONE-0059
OTA-014907,ZONE-0060
OTA-014908,ZONE-0059
OTA-014909,ZONE-0060
OTA-014910,ZONE-0059
OTA-014911,ZONE-0059
OTA-014912,ZONE-0060
OTA-014913,ZONE-0059
OTA-014914,ZONE-0059
OTA-014915,ZONE-0059
OTA-014916,ZONE-0059
OTA-014917,ZONE-0059
OTA-014918,ZONE-0059
OTA-014919,ZONE-0060
OTA-014920,ZONE-0059
OTA-014921,ZONE-0059
OTA-014922,ZONE-0060
OTA-014923,ZONE-0060
OTA-014924,ZONE-0059
OTA-014925,ZONE-0060
OTA-014926,ZONE-0059
OTA-014927,ZONE-0060
OTA-014928,ZONE-0059
OTA-014929,ZONE-0060
OTA-014930,ZONE-0060
OTA-014931,ZONE-0060
OTA-014932,ZONE-0059
OTA-014933,ZONE-0060
OTA-014934,ZONE-0059
OTA-014935,ZONE-0060
OTA-014936,ZONE-0059
OTA-014937,ZONE-0060
OTA-014938,ZONE-0060
OTA-014939,ZONE-0060
OTA-014940,ZONE-0059
OTA-014941,ZONE-0060
OTA-014942,ZONE-0060
OTA-014943,ZONE-0060
OTA-014944,ZONE-0060
OTA-014945,ZONE-0060
OTA-014946,ZONE-0059
OTA-014947,ZONE-0060
OTA-014948,ZONE-0060
OTA-014949,ZONE-0060
OTA-014950,ZONE-0060
OTA-014951,ZONE-0060
OTA-014952,ZONE-0059
OTA-014953,ZONE-0059
OTA-014954,ZONE-0059
OTA-014955,ZONE-0060
OTA-014956,ZONE-0060
OTA-014957,ZONE-0060
OTA-014958,ZONE-0060
OTA-014959,ZONE-0059
OTA-014960,ZONE-0060
OTA-014961,ZONE-0060
OTA-014962,ZONE-0060
OTA-014963,ZONE-0060
OTA-014964,ZONE-0059
OTA-014965,ZONE-0059
OTA-014966,ZONE-0060
OTA-014967,ZONE-0059
OTA-014968,ZONE-0060
OTA-014969,ZONE-0059
OTA-014970,ZONE-0060
OTA-014971,ZONE-0060
OTA-014972,ZONE-0059
OTA-014973,ZONE-0060
OTA-014974,ZONE-0059
OTA-014975,ZONE-0060
OTA-014976,ZONE-0060
OTA-014977,ZONE-0059
OTA-014978,ZONE-0060
OTA-014979,ZONE-0059
OTA-014980,ZONE-0059
OTA-014981,ZONE-0059
OTA-014982,ZONE-0059
OTA-014983,ZONE-0060
OTA-014984,ZONE-0060
OTA-014985,ZONE-0060
OTA-014986,ZONE-0060
OTA-014987,ZONE-0059
OTA-014988,ZONE-0060
OTA-014989,ZONE-0059
OTA-014990,ZONE-0060
OTA-014991,ZONE-0059
OTA-014992,ZONE-0059
OTA-014993,ZONE-0060
OTA-014994,ZONE-0060
OTA-014995,ZONE-0059
OTA-014996,ZONE-0060
OTA-014997,ZONE-0059
OTA-014998,ZONE-0060
OTA-014999,ZONE-0059
OTA-015000,ZONE-0060
OTA-015001,ZONE-0060
OTA-015002,ZONE-0059
OTA-015003,ZONE-0059
OTA-015004,ZONE-0059
OTA-015005,ZONE-0059
OTA-015006,ZONE-0060
OTA-015007,ZONE-0059
OTA-015008,ZONE-0059
OTA-015009,ZONE-0060
OTA-015010,ZONE-0060
OTA-015011,ZONE-0059
OTA-015012,ZONE-0059
OTA-015013,ZONE-0060
OTA-015014,ZONE-0060
OTA-015015,ZONE-0059
OTA-015016,ZONE-0060
OTA-015017,ZONE-0060
OTA-015018,ZONE-0059
OTA-015019,ZONE-0060
OTA-015020,ZONE-0059
OTA-015021,ZONE-0060
OTA-015022,ZONE-0059
OTA-015023,ZONE-0059
OTA-015024,ZONE-0060
OTA-015025,ZONE-0059
OTA-015026,ZONE-0060
OTA-015027,ZONE-0059
OTA-015028,ZONE-0060
OTA-015029,ZONE-0060
OTA-015030,ZONE-0060
OTA-015031,ZONE-0060
OTA-015032,ZONE-0060
OTA-015033,ZONE-0060
OTA-015034,ZONE-0059
OTA-015035,ZONE-0059
OTA-015036,ZONE-0060
OTA-015037,ZONE-0060
OTA-015038,ZONE-0059
OTA-015039,ZONE-0060
OTA-015040,ZONE-0059
OTA-015041,ZONE-0059
OTA-015042,ZONE-0059
OTA-015043,ZONE-0060
OTA-015044,ZONE-0060
OTA-015045,ZONE-0059
OTA-015046,ZONE-0059
OTA-015047,ZONE-0059
OTA-015048,ZONE-0059
OTA-015049,ZONE-0060
OTA-015050,ZONE-0059
OTA-015051,ZONE-0060
OTA-015052,ZONE-0059
OTA-015053,ZONE-0060
OTA-015054,ZONE-0060
OTA-015055,ZONE-0059
OTA-015056,ZONE-0060
OTA-015057,ZONE-0059
OTA-015058,ZONE-0059
OTA-015059,ZONE-0060
OTA-015060,ZONE-0059
OTA-015061,ZONE-0059
OTA-015062,ZONE-0059
OTA-015063,ZONE-0060
OTA-015064,ZONE-0060
OTA-015065,ZONE-0059
OTA-015066,ZONE-0059
OTA-015067,ZONE-0059
OTA-015068,ZONE-0059
OTA-015069,ZONE-0060
OTA-015070,ZONE-0060
OTA-015071,ZONE-0060
OTA-015072,ZONE-0060
OTA-015073,ZONE-0059
OTA-015074,ZONE-0059
OTA-015075,ZONE-0059
OTA-015076,ZONE-0060
OTA-015077,ZONE-0059
OTA-015078,ZONE-0059
OTA-015079,ZONE-0060
OTA-015080,ZONE-0059
OTA-015081,ZONE-0060
OTA-015082,ZONE-0059
OTA-015083,ZONE-0060
OTA-015084,ZONE-0060
OTA-015085,ZONE-0060
OTA-015086,ZONE-0060
OTA-015087,ZONE-0060
OTA-015088,ZONE-0059
OTA-015089,ZONE-0060
OTA-015090,ZONE-0060
OTA-015091,ZONE-0059
OTA-015092,ZONE-0060
OTA-015093,ZONE-0060
OTA-015094,ZONE-0059
OTA-015095,ZONE-0059
OTA-015096,ZONE-0060
OTA-015097,ZONE-0060
OTA-015098,ZONE-0060
OTA-015099,ZONE-0059
OTA-015100,ZONE-0059
OTA-015101,ZONE-0059
OTA-015102,ZONE-0059
OTA-015103,ZONE-0060
OTA-015104,ZONE-0059
OTA-015105,ZONE-0060
OTA-015106,ZONE-0059
OTA-015107,ZONE-0059
OTA-015108,ZONE-0060
OTA-015109,ZONE-0060
OTA-015110,ZONE-0060
OTA-015111,ZONE-0060
OTA-015112,ZONE-0059
OTA-015113,ZONE-0060
OTA-015114,ZONE-0059
OTA-015115,ZONE-0059
OTA-015116,ZONE-0060
OTA-015117,ZONE-0059
OTA-015118,ZONE-0060
OTA-015119,ZONE-0059
OTA-015120,ZONE-0059
OTA-015121,ZONE-0059
OTA-015122,ZONE-0059
OTA-015123,ZONE-0059
OTA-015124,ZONE-0060
OTA-015125,ZONE-0059
OTA-015126,ZONE-0060
OTA-015127,ZONE-0059
OTA-015128,ZONE-0059
OTA-015129,ZONE-0060
OTA-015130,ZONE-0059
OTA-015131,ZONE-0059
OTA-015132,ZONE-0060
OTA-015133,ZONE-0059
OTA-015134,ZONE-0059
OTA-015135,ZONE-0060
OTA-015136,ZONE-0060
OTA-015137,ZONE-0060
OTA-015138,ZONE-0059
OTA-015139,ZONE-0059
OTA-015140,ZONE-0059
OTA-015141,ZONE-0060
OTA-015142,ZONE-0060
OTA-015143,ZONE-0059
OTA-015144,ZONE-0059
OTA-015145,ZONE-0059
OTA-015146,ZONE-0059
OTA-015147,ZONE-0059
OTA-015148,ZONE-0060
OTA-015149,ZONE-0059
OTA-015150,ZONE-0059
OTA-015151,ZONE-0060
OTA-015152,ZONE-0060
OTA-015153,ZONE-0060
OTA-015154,ZONE-0060
OTA-015155,ZONE-0059
OTA-015156,ZONE-0060
OTA-015157,ZONE-0059
OTA-015158,ZONE-0060
OTA-015159,ZONE-0060
OTA-015160,ZONE-0060
OTA-015161,ZONE-0059
OTA-015162,ZONE-0059
OTA-015163,ZONE-0060
OTA-015164,ZONE-0059
OTA-015165,ZONE-0060
OTA-015166,ZONE-0060
OTA-015167,ZONE-0059
OTA-015168,ZONE-0060
OTA-015169,ZONE-0060
OTA-015170,ZONE-0060
OTA-015171,ZONE-0059
OTA-015172,ZONE-0060
OTA-015173,ZONE-0060
OTA-015174,ZONE-0060
OTA-015175,ZONE-0059
OTA-015176,ZONE-0059
OTA-015177,ZONE-0059
OTA-015178,ZONE-0059
OTA-015179,ZONE-0059
OTA-015180,ZONE-0059
OTA-015181,ZONE-0060
OTA-015182,ZONE-0060
OTA-015183,ZONE-0059
OTA-015184,ZONE-0059
OTA-015185,ZONE-0059
OTA-015186,ZONE-0060
OTA-015187,ZONE-0060
OTA-015188,ZONE-0060
OTA-015189,ZONE-0060
OTA-015190,ZONE-0060
OTA-015191,ZONE-0059
OTA-015192,ZONE-0059
OTA-015193,ZONE-0059
OTA-015194,ZONE-0059
OTA-015195,ZONE-0060
OTA-015196,ZONE-0059
OTA-015197,ZONE-0060
OTA-015198,ZONE-0060
OTA-015199,ZONE-0060
OTA-015200,ZONE-0060
OTA-015201,ZONE-0059
OTA-015202,ZONE-0059
OTA-015203,ZONE-0060
OTA-015204,ZONE-0059
OTA-015205,ZONE-0059
OTA-015206,ZONE-0060
OTA-015207,ZONE-0060
OTA-015208,ZONE-0059
OTA-015209,ZONE-0059
OTA-015210,ZONE-0060
OTA-015211,ZONE-0059
OTA-015212,ZONE-0059
OTA-015213,ZONE-0060
OTA-015214,ZONE-0060
OTA-015215,ZONE-0059
OTA-015216,ZONE-0060
OTA-015217,ZONE-0060
OTA-015218,ZONE-0059
OTA-015219,ZONE-0060
OTA-015220,ZONE-0059
OTA-015221,ZONE-0059
OTA-015222,ZONE-0060
OTA-015223,ZONE-0060
OTA-015224,ZONE-0060
OTA-015225,ZONE-0059
OTA-015226,ZONE-0060
OTA-015227,ZONE-0060
OTA-015228,ZONE-0059
OTA-015229,ZONE-0059
OTA-015230,ZONE-0060
OTA-015231,ZONE-0060
OTA-015232,ZONE-0059
OTA-015233,ZONE-0059
OTA-015234,ZONE-0059
OTA-015235,ZONE-0059
OTA-015236,ZONE-0059
OTA-015237,ZONE-0060
OTA-015238,ZONE-0059
OTA-015239,ZONE-0060
OTA-015240,ZONE-0060
OTA-015241,ZONE-0060
OTA-015242,ZONE-0059
OTA-015243,ZONE-0060
OTA-015244,ZONE-0059
OTA-015245,ZONE-0060
OTA-015246,ZONE-0059
OTA-015247,ZONE-0059
OTA-015248,ZONE-0060
OTA-015249,ZONE-0059
OTA-015250,ZONE-0059
OTA-015251,ZONE-0059
OTA-015252,ZONE-0060
OTA-015253,ZONE-0034
OTA-015254,ZONE-0009
OTA-015255,ZONE-0059
OTA-015256,ZONE-0009
OTA-015257,ZONE-0014
OTA-015258,ZONE-0049
OTA-015259,ZONE-0034
OTA-015260,ZONE-0049
OTA-015261,ZONE-0039
OTA-015262,ZONE-0049
OTA-015263,ZONE-0059
OTA-015264,ZONE-0059
OTA-015265,ZONE-0024
OTA-015266,ZONE-0029
OTA-015267,ZONE-0024
OTA-015268,ZONE-0049
OTA-015269,ZONE-0049
OTA-015270,ZONE-0009
OTA-015271,ZONE-0054
OTA-015272,ZONE-0034
OTA-015273,ZONE-0004
OTA-015274,ZONE-0024
OTA-015275,ZONE-0014
OTA-015276,ZONE-0024
OTA-015277,ZONE-0044
OTA-015278,ZONE-0029
OTA-015279,ZONE-0054
OTA-015280,ZONE-0029
OTA-015281,ZONE-0004
OTA-015282,ZONE-0024
OTA-015283,ZONE-0009
OTA-015284,ZONE-0034
OTA-015285,ZONE-0014
OTA-015286,ZONE-0049
OTA-015287,ZONE-0054
OTA-015288,ZONE-0059
OTA-015289,ZONE-0054
OTA-015290,ZONE-0039
OTA-015291,ZONE-0059
OTA-015292,ZONE-0009
OTA-015293,ZONE-0054
OTA-015294,ZONE-0044
OTA-015295,ZONE-0044
OTA-015296,ZONE-0039
OTA-015297,ZONE-0029
OTA-015298,ZONE-0039
OTA-015299,ZONE-0029
OTA-015300,ZONE-0029
OTA-015301,ZONE-0059
OTA-015302,ZONE-0014
OTA-015303,ZONE-0009
OTA-015304,ZONE-0039
OTA-015305,ZONE-0039
OTA-015306,ZONE-0029
OTA-015307,ZONE-0004
OTA-015308,ZONE-0009
OTA-015309,ZONE-0054
OTA-015310,ZONE-0039
OTA-015311,ZONE-0029
OTA-015312,ZONE-0039
OTA-015313,ZONE-0004
OTA-015314,ZONE-0034
OTA-015315,ZONE-0029
OTA-015316,ZONE-0004
OTA-015317,ZONE-0014
OTA-015318,ZONE-0024
OTA-015319,ZONE-0054
OTA-015320,ZONE-0029
OTA-015321,ZONE-0029
OTA-015322,ZONE-0039
OTA-015323,ZONE-0004
OTA-015324,ZONE-0054
OTA-015325,ZONE-0039
OTA-015326,ZONE-0014
OTA-015327,ZONE-0049
OTA-015328,ZONE-0044
OTA-015329,ZONE-0059
OTA-015330,ZONE-0029
OTA-015331,ZONE-0044
OTA-015332,ZONE-0009
OTA-015333,ZONE-0004
OTA-015334,ZONE-0039
OTA-015335,ZONE-0019
OTA-015336,ZONE-0054
OTA-015337,ZONE-0044
OTA-015338,ZONE-0059
OTA-015339,ZONE-0009
OTA-015340,ZONE-0049
OTA-015341,ZONE-0044
OTA-015342,ZONE-0044
OTA-015343,ZONE-0019
OTA-015344,ZONE-0049
OTA-015345,ZONE-0004
OTA-015346,ZONE-0029
OTA-015347,ZONE-0019
OTA-015348,ZONE-0044
OTA-015349,ZONE-0029
OTA-015350,ZONE-0054
OTA-015351,ZONE-0029
OTA-015352,ZONE-0029
OTA-015353,ZONE-0004
OTA-015354,ZONE-0024
OTA-015355,ZONE-0029
OTA-015356,ZONE-0009
OTA-015357,ZONE-0024
OTA-015358,ZONE-0024
OTA-015359,ZONE-0034
OTA-015360,ZONE-0024
OTA-015361,ZONE-0019
OTA-015362,ZONE-0019
OTA-015363,ZONE-0054
OTA-015364,ZONE-0054
OTA-015365,ZONE-0019
OTA-015366,ZONE-0059
OTA-015367,ZONE-0024
OTA-015368,ZONE-0034
OTA-015369,ZONE-0024
OTA-015370,ZONE-0044
OTA-015371,ZONE-0039
OTA-015372,ZONE-0039
OTA-015373,ZONE-0049
OTA-015374,ZONE-0019
OTA-015375,ZONE-0014
OTA-015376,ZONE-0049
OTA-015377,ZONE-0004
OTA-015378,ZONE-0054
OTA-015379,ZONE-0009
OTA-015380,ZONE-0024
OTA-015381,ZONE-0049
OTA-015382,ZONE-0054
OTA-015383,ZONE-0009
OTA-015384,ZONE-0059
OTA-015385,ZONE-0049
OTA-015386,ZONE-0034
OTA-015387,ZONE-0034
OTA-015388,ZONE-0024
OTA-015389,ZONE-0039
OTA-015390,ZONE-0009
OTA-015391,ZONE-0024
OTA-015392,ZONE-0034
OTA-015393,ZONE-0039
OTA-015394,ZONE-0044
OTA-015395,ZONE-0059
OTA-015396,ZONE-0044
OTA-015397,ZONE-0054
OTA-015398,ZONE-0059
OTA-015399,ZONE-0039
OTA-015400,ZONE-0054
OTA-015401,ZONE-0049
OTA-015402,ZONE-0024
OTA-015403,ZONE-0044
OTA-015404,ZONE-0039
OTA-015405,ZONE-0039
OTA-015406,ZONE-0024
OTA-015407,ZONE-0044
OTA-015408,ZONE-0009
OTA-015409,ZONE-0034
OTA-015410,ZONE-0059
OTA-015411,ZONE-0029
OTA-015412,ZONE-0044
OTA-015413,ZONE-0054
OTA-015414,ZONE-0029
OTA-015415,ZONE-0054
OTA-015416,ZONE-0029
OTA-015417,ZONE-0054
OTA-015418,ZONE-0024
OTA-015419,ZONE-0029
OTA-015420,ZONE-0014
OTA-015421,ZONE-0039
OTA-015422,ZONE-0059
OTA-015423,ZONE-0024
OTA-015424,ZONE-0034
OTA-015425,ZONE-0054
OTA-015426,ZONE-0004
OTA-015427,ZONE-0049
OTA-015428,ZONE-0044
OTA-015429,ZONE-0009
OTA-015430,ZONE-0059
OTA-015431,ZONE-0029
OTA-015432,ZONE-0009
OTA-015433,ZONE-0024
OTA-015434,ZONE-0014
OTA-015435,ZONE-0024
OTA-015436,ZONE-0044
OTA-015437,ZONE-0029
OTA-015438,ZONE-0049
OTA-015439,ZONE-0004
OTA-015440,ZONE-0019
OTA-015441,ZONE-0039
OTA-015442,ZONE-0029
OTA-015443,ZONE-0059
OTA-015444,ZONE-0034
OTA-015445,ZONE-0034
OTA-015446,ZONE-0009
OTA-015447,ZONE-0029
OTA-015448,ZONE-0014
OTA-015449,ZONE-0029
OTA-015450,ZONE-0004
OTA-015451,ZONE-0054
OTA-015452,ZONE-0059
OTA-015453,ZONE-0044
OTA-015454,ZONE-0009
OTA-015455,ZONE-0029
OTA-015456,ZONE-0054
OTA-015457,ZONE-0039
OTA-015458,ZONE-0024
OTA-015459,ZONE-0004
OTA-015460,ZONE-0059
OTA-015461,ZONE-0039
OTA-015462,ZONE-0034
OTA-015463,ZONE-0054
OTA-015464,ZONE-0024
OTA-015465,ZONE-0019
OTA-015466,ZONE-0059
OTA-015467,ZONE-0044
OTA-015468,ZONE-0054
OTA-015469,ZONE-0044
OTA-015470,ZONE-0039
OTA-015471,ZONE-0039
OTA-015472,ZONE-0049
OTA-015473,ZONE-0044
OTA-015474,ZONE-0049
OTA-015475,ZONE-0039
OTA-015476,ZONE-0009
OTA-015477,ZONE-0059
OTA-015478,ZONE-0039
OTA-015479,ZONE-0054
OTA-015480,ZONE-0024
OTA-015481,ZONE-0034
OTA-015482,ZONE-0054
OTA-015483,ZONE-0049
OTA-015484,ZONE-0034
OTA-015485,ZONE-0029
OTA-015486,ZONE-0029
OTA-015487,ZONE-0059
OTA-015488,ZONE-0014
OTA-015489,ZONE-0024
OTA-015490,ZONE-0004
OTA-015491,ZONE-0004
OTA-015492,ZONE-0014
OTA-015493,ZONE-0029
OTA-015494,ZONE-0044
OTA-015495,ZONE-0044
OTA-015496,ZONE-0034
OTA-015497,ZONE-0059
OTA-015498,ZONE-0049
OTA-015499,ZONE-0014
OTA-015500,ZONE-0014
OTA-015501,ZONE-0039
OTA-015502,ZONE-0054
OTA-015503,ZONE-0029
OTA-015504,ZONE-0004
OTA-015505,ZONE-0039
OTA-015506,ZONE-0014
OTA-015507,ZONE-0029
OTA-015508,ZONE-0029
OTA-015509,ZONE-0024
OTA-015510,ZONE-0024
OTA-015511,ZONE-0004
OTA-015512,ZONE-0059
OTA-015513,ZONE-0039
OTA-015514,ZONE-0039
OTA-015515,ZONE-0029
OTA-015516,ZONE-0044
OTA-015517,ZONE-0044
OTA-015518,ZONE-0039
OTA-015519,ZONE-0034
OTA-015520,ZONE-0019
OTA-015521,ZONE-0054
OTA-015522,ZONE-0029
OTA-015523,ZONE-0049
OTA-015524,ZONE-0049
OTA-015525,ZONE-0039
OTA-015526,ZONE-0049
OTA-015527,ZONE-0019
OTA-015528,ZONE-0029
OTA-015529,ZONE-0029
OTA-015530,ZONE-0004
OTA-015531,ZONE-0024
OTA-015532,ZONE-0029
OTA-015533,ZONE-0039
OTA-015534,ZONE-0039
OTA-015535,ZONE-0059
OTA-015536,ZONE-0039
OTA-015537,ZONE-0034
OTA-015538,ZONE-0059
OTA-015539,ZONE-0034
OTA-015540,ZONE-0039
OTA-015541,ZONE-0019
OTA-015542,ZONE-0049
OTA-015543,ZONE-0014
OTA-015544,ZONE-0004
OTA-015545,ZONE-0044
OTA-015546,ZONE-0004
OTA-015547,ZONE-0029
OTA-015548,ZONE-0034
OTA-015549,ZONE-0029
OTA-015550,ZONE-0009
OTA-015551,ZONE-0029
OTA-015552,ZONE-0029
OTA-015553,ZONE-0019
OTA-015554,ZONE-0024
OTA-015555,ZONE-0024
OTA-015556,ZONE-0034
OTA-015557,ZONE-0009
OTA-015558,ZONE-0034
OTA-015559,ZONE-0044
OTA-015560,ZONE-0059
OTA-015561,ZONE-0003
OTA-015562,ZONE-0008
OTA-015563,ZONE-0013
OTA-015564,ZONE-0018
OTA-015565,ZONE-0023
OTA-015566,ZONE-0028
OTA-015567,ZONE-0033
OTA-015568,ZONE-0038
OTA-015569,ZONE-0043
OTA-015570,ZONE-0048
OTA-015571,ZONE-0053
OTA-015572,ZONE-0058
