from,to
TT-1,CL-00001
XV-3,CL-00001
V-5,CL-00001
P-6,CL-00001
PSV-8,CL-00001
FCV-9,CL-00001
P-13,CL-00001
K-14,CL-00001
P-15,CL-00001
COL-16,CL-00001
FCV-21,CL-00001
PSV-24,CL-00001
TT-32,CL-00001
FT-34,CL-00001
P-38,CL-00001
E-39,CL-00001
COL-40,CL-00001
PSV-41,CL-00001
V-44,CL-00001
E-45,CL-00001
PT-53,CL-00001
K-57,CL-00001
LT-59,CL-00001
XV-63,CL-00001
P-64,CL-00001
V-68,CL-00001
PSV-73,CL-00001
FT-77,CL-00001
XV-78,CL-00001
PSV-80,CL-00001
TT-81,CL-00001
FT-82,CL-00001
LT-84,CL-00001
PT-89,CL-00001
FCV-94,CL-00001
P-96,CL-00001
FT-97,CL-00001
COL-101,CL-00001
FCV-103,CL-00001
XV-107,CL-00001
K-111,CL-00001
P-117,CL-00001
K-118,CL-00001
TT-120,CL-00001
LT-122,CL-00001
TT-125,CL-00001
E-130,CL-00001
P-133,CL-00001
PT-135,CL-00001
LT-138,CL-00001
K-144,CL-00001
TT-146,CL-00001
LT-153,CL-00001
COL-158,CL-00001
LT-159,CL-00001
XV-162,CL-00001
K-163,CL-00001
FCV-164,CL-00001
TT-166,CL-00001
P-170,CL-00001
FT-173,CL-00001
P-177,CL-00001
XV-178,CL-00001
P-180,CL-00001
V-182,CL-00001
P-189,CL-00001
XV-191,CL-00001
COL-195,CL-00001
LT-199,CL-00001
PT-201,CL-00001
FCV-202,CL-00001
P-203,CL-00001
E-220,CL-00001
TT-222,CL-00001
TT-224,CL-00001
TT-226,CL-00001
XV-229,CL-00001
E-230,CL-00001
PT-232,CL-00001
LT-237,CL-00001
LT-242,CL-00001
PT-243,CL-00001
TT-245,CL-00001
V-247,CL-00001
E-248,CL-00001
COL-250,CL-00001
K-251,CL-00001
PT-252,CL-00001
PT-261,CL-00001
V-262,CL-00001
LT-264,CL-00001
TT-267,CL-00001
TT-268,CL-00001
P-270,CL-00001
E-272,CL-00001
V-273,CL-00001
LT-276,CL-00001
FCV-277,CL-00001
E-280,CL-00001
V-282,CL-00001
FT-285,CL-00001
E-288,CL-00001
P-289,CL-00001
COL-290,CL-00001
P-295,CL-00001
XV-297,CL-00001
E-299,CL-00001
PSV-301,CL-00001
PSV-303,CL-00001
TT-306,CL-00001
V-308,CL-00001
PT-309,CL-00001
XV-310,CL-00001
LT-314,CL-00001
P-315,CL-00001
K-316,CL-00001
COL-317,CL-00001
P-319,CL-00001
LT-320,CL-00001
PT-321,CL-00001
PSV-323,CL-00001
FT-324,CL-00001
P-329,CL-00001
E-330,CL-00001
K-331,CL-00001
PT-334,CL-00001
FT-340,CL-00001
P-341,CL-00001
P-345,CL-00001
XV-349,CL-00001
K-354,CL-00001
V-355,CL-00001
FCV-357,CL-00001
COL-358,CL-00001
P-366,CL-00001
COL-367,CL-00001
FCV-369,CL-00001
PT-370,CL-00001
E-372,CL-00001
FT-374,CL-00001
TT-377,CL-00001
FT-378,CL-00001
PSV-380,CL-00001
LT-381,CL-00001
PSV-386,CL-00001
COL-387,CL-00001
PT-389,CL-00001
PT-392,CL-00001
V-394,CL-00001
K-400,CL-00001
LT-401,CL-00001
TT-403,CL-00001
FCV-406,CL-00001
K-407,CL-00001
P-412,CL-00001
PT-413,CL-00001
V-415,CL-00001
FCV-416,CL-00001
V-418,CL-00001
FT-421,CL-00001
XV-426,CL-00001
PT-430,CL-00001
V-433,CL-00001
E-434,CL-00001
COL-435,CL-00001
COL-437,CL-00001
PT-440,CL-00001
PT-441,CL-00001
P-444,CL-00001
COL-447,CL-00001
XV-448,CL-00001
FT-449,CL-00001
PT-450,CL-00001
P-457,CL-00001
COL-465,CL-00001
P-469,CL-00001
P-470,CL-00001
E-475,CL-00001
P-482,CL-00001
TT-491,CL-00002
PT-492,CL-00002
FT-494,CL-00002
FT-499,CL-00002
P-503,CL-00002
LT-504,CL-00002
E-506,CL-00002
FT-510,CL-00002
K-511,CL-00002
PSV-513,CL-00002
TT-514,CL-00002
K-515,CL-00002
LT-518,CL-00002
FT-523,CL-00002
E-526,CL-00002
COL-527,CL-00002
P-528,CL-00002
PSV-529,CL-00002
P-530,CL-00002
E-535,CL-00002
XV-537,CL-00002
FCV-539,CL-00002
LT-541,CL-00002
E-547,CL-00002
V-551,CL-00002
PSV-555,CL-00002
P-556,CL-00002
P-563,CL-00002
LT-564,CL-00002
PT-565,CL-00002
TT-566,CL-00002
K-570,CL-00002
FT-571,CL-00002
PT-574,CL-00002
LT-577,CL-00002
E-578,CL-00002
TT-579,CL-00002
FCV-581,CL-00002
E-582,CL-00002
PSV-583,CL-00002
XV-586,CL-00002
LT-588,CL-00002
K-589,CL-00002
LT-593,CL-00002
PT-599,CL-00002
FT-600,CL-00002
E-603,CL-00002
LT-606,CL-00002
FT-607,CL-00002
E-611,CL-00002
E-614,CL-00002
COL-616,CL-00002
LT-620,CL-00002
K-621,CL-00002
P-622,CL-00002
TT-623,CL-00002
P-624,CL-00002
XV-626,CL-00002
COL-629,CL-00002
K-631,CL-00002
P-633,CL-00002
V-634,CL-00002
FCV-635,CL-00002
P-640,CL-00002
FT-641,CL-00002
PSV-642,CL-00002
LT-643,CL-00002
COL-644,CL-00002
PT-645,CL-00002
K-651,CL-00002
XV-654,CL-00002
P-657,CL-00002
FCV-660,CL-00002
XV-663,CL-00002
COL-665,CL-00002
PSV-671,CL-00002
LT-676,CL-00002
K-677,CL-00002
P-680,CL-00002
K-682,CL-00002
PSV-683,CL-00002
E-685,CL-00002
P-689,CL-00002
K-692,CL-00002
COL-693,CL-00002
V-698,CL-00002
P-699,CL-00002
FCV-700,CL-00002
PSV-702,CL-00002
K-705,CL-00002
FT-707,CL-00002
COL-711,CL-00002
FT-712,CL-00002
LT-717,CL-00002
COL-725,CL-00002
LT-727,CL-00002
K-730,CL-00002
FT-731,CL-00002
V-734,CL-00002
FCV-737,CL-00002
P-741,CL-00002
PSV-742,CL-00002
FT-745,CL-00002
V-747,CL-00002
PSV-749,CL-00002
P-750,CL-00002
FT-751,CL-00002
E-753,CL-00002
TT-754,CL-00002
LT-757,CL-00002
V-759,CL-00002
COL-760,CL-00002
TT-767,CL-00002
COL-772,CL-00002
P-775,CL-00002
PSV-776,CL-00002
LT-777,CL-00002
V-780,CL-00002
PT-785,CL-00002
K-787,CL-00002
V-788,CL-00002
COL-789,CL-00002
V-792,CL-00002
E-793,CL-00002
LT-794,CL-00002
P-796,CL-00002
E-798,CL-00002
V-802,CL-00002
E-803,CL-00002
V-809,CL-00002
PSV-810,CL-00002
XV-812,CL-00002
COL-814,CL-00002
PT-815,CL-00002
E-822,CL-00002
V-830,CL-00002
PT-831,CL-00002
PT-832,CL-00002
P-833,CL-00002
PT-835,CL-00002
E-839,CL-00002
TT-840,CL-00002
LT-841,CL-00002
LT-843,CL-00002
COL-845,CL-00002
FT-846,CL-00002
P-855,CL-00002
V-859,CL-00002
P-863,CL-00002
XV-864,CL-00002
FCV-866,CL-00002
PSV-868,CL-00002
E-873,CL-00002
E-874,CL-00002
P-879,CL-00002
E-880,CL-00002
K-884,CL-00002
TT-886,CL-00002
TT-887,CL-00002
PT-889,CL-00002
P-891,CL-00002
E-896,CL-00002
PT-898,CL-00002
TT-899,CL-00002
E-901,CL-00002
P-903,CL-00002
LT-904,CL-00002
FCV-905,CL-00002
P-906,CL-00002
PSV-907,CL-00002
TT-913,CL-00002
COL-915,CL-00002
P-916,CL-00002
PT-920,CL-00002
XV-925,CL-00002
P-927,CL-00002
FT-932,CL-00002
PSV-933,CL-00002
COL-934,CL-00002
XV-939,CL-00002
XV-943,CL-00002
FT-947,CL-00002
V-952,CL-00002
K-953,CL-00002
FCV-954,CL-00002
COL-955,CL-00002
K-956,CL-00002
E-961,CL-00002
E-962,CL-00002
V-964,CL-00002
V-969,CL-00002
XV-970,CL-00002
FCV-976,CL-00002
V-980,CL-00002
COL-982,CL-00002
PSV-985,CL-00002
K-987,CL-00002
LT-992,CL-00002
XV-996,CL-00002
FT-997,CL-00002
COL-999,CL-00002
PSV-1008,CL-00003
FT-1011,CL-00004
XV-1013,CL-00004
FCV-1015,CL-00004
FT-1020,CL-00004
PT-1024,CL-00004
PSV-1026,CL-00003
PSV-1031,CL-00003
XV-1037,CL-00003
PSV-1041,CL-00004
LT-1050,CL-00004
P-1057,CL-00004
COL-1059,CL-00004
E-1061,CL-00003
PT-1062,CL-00003
P-1064,CL-00003
LT-1067,CL-00004
P-1068,CL-00003
FCV-1069,CL-00004
LT-1071,CL-00003
P-1076,CL-00003
FCV-1082,CL-00003
P-1089,CL-00003
LT-1092,CL-00004
TT-1100,CL-00004
P-1102,CL-00003
K-1105,CL-00003
COL-1109,CL-00004
LT-1111,CL-00004
XV-1112,CL-00003
FCV-1113,CL-00004
LT-1117,CL-00004
V-1120,CL-00004
V-1124,CL-00004
PT-1126,CL-00003
PT-1128,CL-00004
P-1130,CL-00004
FCV-1131,CL-00003
PSV-1132,CL-00004
PSV-1143,CL-00004
P-1145,CL-00003
P-1148,CL-00003
LT-1153,CL-00004
P-1154,CL-00003
V-1155,CL-00004
XV-1166,CL-00004
PSV-1170,CL-00004
P-1172,CL-00004
TT-1173,CL-00003
LT-1176,CL-00003
PT-1179,CL-00003
LT-1180,CL-00003
PT-1181,CL-00003
TT-1188,CL-00003
PT-1189,CL-00004
PSV-1192,CL-00003
COL-1194,CL-00003
FCV-1199,CL-00003
V-1203,CL-00004
FCV-1205,CL-00003
XV-1215,CL-00003
COL-1222,CL-00003
FCV-1224,CL-00004
TT-1226,CL-00004
P-1231,CL-00003
E-1232,CL-00004
P-1237,CL-00003
P-1241,CL-00004
TT-1242,CL-00003
PT-1249,CL-00003
TT-1252,CL-00004
XV-1254,CL-00004
P-1256,CL-00004
LT-1258,CL-00004
E-1263,CL-00003
FCV-1264,CL-00004
P-1269,CL-00003
V-1275,CL-00004
PT-1277,CL-00003
COL-1278,CL-00003
FCV-1283,CL-00004
LT-1289,CL-00003
FT-1290,CL-00003
XV-1292,CL-00003
FT-1298,CL-00004
FT-1301,CL-00004
XV-1308,CL-00003
FCV-1310,CL-00003
P-1313,CL-00003
E-1315,CL-00004
PSV-1316,CL-00003
K-1317,CL-00003
FCV-1320,CL-00004
E-1322,CL-00004
TT-1334,CL-00003
V-1335,CL-00004
PSV-1337,CL-00004
XV-1341,CL-00003
P-1343,CL-00003
P-1346,CL-00003
P-1348,CL-00004
P-1350,CL-00003
V-1351,CL-00004
V-1352,CL-00003
COL-1353,CL-00004
FCV-1354,CL-00003
P-1355,CL-00003
PSV-1356,CL-00004
PSV-1357,CL-00003
FT-1363,CL-00003
PT-1366,CL-00003
E-1368,CL-00004
FCV-1370,CL-00004
E-1371,CL-00003
FT-1378,CL-00004
P-1381,CL-00003
K-1382,CL-00003
LT-1384,CL-00003
FCV-1385,CL-00003
PT-1390,CL-00003
XV-1395,CL-00003
TT-1401,CL-00004
PSV-1405,CL-00004
V-1406,CL-00004
COL-1407,CL-00004
LT-1408,CL-00004
TT-1414,CL-00004
K-1418,CL-00004
FT-1421,CL-00003
P-1427,CL-00003
PT-1428,CL-00003
P-1429,CL-00004
V-1430,CL-00003
TT-1431,CL-00003
FT-1432,CL-00004
V-1435,CL-00003
P-1437,CL-00003
COL-1441,CL-00003
TT-1443,CL-00003
TT-1445,CL-00004
COL-1447,CL-00003
E-1456,CL-00005
LT-1462,CL-00005
PSV-1464,CL-00005
K-1467,CL-00005
COL-1469,CL-00005
P-1471,CL-00005
V-1472,CL-00005
P-1473,CL-00005
COL-1481,CL-00005
P-1486,CL-00005
PSV-1487,CL-00005
P-1490,CL-00005
TT-1491,CL-00005
TT-1492,CL-00005
E-1493,CL-00005
TT-1499,CL-00005
K-1501,CL-00005
P-1505,CL-00005
E-1510,CL-00005
LT-1511,CL-00005
P-1515,CL-00005
COL-1516,CL-00005
E-1517,CL-00005
P-1519,CL-00005
K-1520,CL-00005
FT-1521,CL-00005
TT-1523,CL-00005
LT-1534,CL-00005
K-1546,CL-00005
V-1547,CL-00005
E-1559,CL-00005
FCV-1563,CL-00005
PT-1565,CL-00005
E-1569,CL-00005
PSV-1570,CL-00005
E-1572,CL-00005
XV-1575,CL-00005
P-1592,CL-00005
E-1596,CL-00005
V-1602,CL-00005
K-1603,CL-00005
P-1605,CL-00005
LT-1607,CL-00005
V-1613,CL-00005
PT-1615,CL-00005
LT-1617,CL-00005
TT-1621,CL-00005
COL-1622,CL-00005
V-1623,CL-00005
FCV-1626,CL-00005
XV-1628,CL-00005
FCV-1634,CL-00005
FT-1636,CL-00005
COL-1639,CL-00005
P-1640,CL-00005
E-1644,CL-00005
FT-1647,CL-00005
TT-1649,CL-00005
FT-1653,CL-00005
LT-1656,CL-00005
XV-1661,CL-00005
PSV-1662,CL-00005
TT-1663,CL-00005
P-1664,CL-00005
FT-1668,CL-00005
LT-1674,CL-00005
TT-1675,CL-00005
TT-1677,CL-00005
E-1680,CL-00005
XV-1681,CL-00005
TT-1688,CL-00005
FT-1689,CL-00005
COL-1690,CL-00005
P-1691,CL-00005
XV-1692,CL-00005
V-1698,CL-00005
COL-1703,CL-00005
E-1705,CL-00005
P-1715,CL-00005
PSV-1717,CL-00005
PSV-1720,CL-00005
FT-1721,CL-00005
E-1725,CL-00005
LT-1727,CL-00005
PSV-1730,CL-00005
TT-1731,CL-00005
V-1732,CL-00005
XV-1733,CL-00005
P-1740,CL-00005
LT-1747,CL-00005
XV-1750,CL-00005
K-1751,CL-00005
PT-1753,CL-00005
LT-1757,CL-00005
LT-1762,CL-00005
PT-1764,CL-00005
P-1768,CL-00005
XV-1775,CL-00006
LT-1776,CL-00006
PT-1778,CL-00006
PT-1781,CL-00006
FCV-1782,CL-00006
COL-1784,CL-00006
P-1787,CL-00006
FT-1789,CL-00006
PSV-1790,CL-00006
P-1794,CL-00006
K-1795,CL-00006
TT-1797,CL-00006
XV-1798,CL-00006
XV-1800,CL-00006
PSV-1801,CL-00006
V-1802,CL-00006
P-1804,CL-00006
K-1806,CL-00006
XV-1809,CL-00006
COL-1814,CL-00006
FCV-1815,CL-00006
FCV-1816,CL-00006
FCV-1818,CL-00006
K-1821,CL-00006
TT-1824,CL-00006
E-1825,CL-00006
P-1828,CL-00006
XV-1831,CL-00006
P-1835,CL-00006
K-1841,CL-00006
E-1842,CL-00006
P-1843,CL-00006
E-1845,CL-00006
COL-1850,CL-00006
P-1852,CL-00006
XV-1855,CL-00006
LT-1859,CL-00006
XV-1860,CL-00006
FT-1865,CL-00006
E-1868,CL-00006
P-1869,CL-00006
PT-1875,CL-00006
FT-1876,CL-00006
PT-1877,CL-00006
XV-1881,CL-00006
PT-1882,CL-00006
XV-1884,CL-00006
E-1885,CL-00006
V-1893,CL-00006
COL-1897,CL-00006
XV-1899,CL-00006
V-1903,CL-00006
COL-1907,CL-00006
LT-1909,CL-00006
LT-1913,CL-00006
XV-1915,CL-00006
PSV-1917,CL-00006
FCV-1918,CL-00006
FT-1920,CL-00006
PSV-1922,CL-00006
V-1923,CL-00006
TT-1930,CL-00006
V-1938,CL-00006
COL-1940,CL-00006
FCV-1942,CL-00006
PSV-1943,CL-00006
K-1945,CL-00006
FT-1953,CL-00006
COL-1956,CL-00006
XV-1957,CL-00006
FT-1965,CL-00006
PSV-1966,CL-00006
FT-1967,CL-00006
XV-1969,CL-00006
TT-1970,CL-00006
XV-1972,CL-00006
XV-1973,CL-00006
FCV-1978,CL-00006
K-1980,CL-00006
E-1984,CL-00006
K-1985,CL-00006
TT-1990,CL-00006
COL-1993,CL-00006
K-1995,CL-00006
COL-1998,CL-00006
P-2001,CL-00006
FCV-2002,CL-00006
E-2003,CL-00006
LT-2006,CL-00006
FT-2007,CL-00006
V-2011,CL-00006
LT-2014,CL-00006
FCV-2019,CL-00006
E-2023,CL-00006
FT-2030,CL-00006
PT-2038,CL-00006
P-2039,CL-00006
XV-2045,CL-00006
XV-2046,CL-00006
E-2047,CL-00006
FCV-2049,CL-00006
COL-2050,CL-00006
TT-2056,CL-00008
COL-2057,CL-00007
XV-2058,CL-00008
P-2062,CL-00007
XV-2063,CL-00008
E-2066,CL-00007
FT-2067,CL-00007
PSV-2070,CL-00008
COL-2072,CL-00008
LT-2077,CL-00008
TT-2079,CL-00008
XV-2082,CL-00007
PSV-2085,CL-00008
PSV-2091,CL-00008
FT-2094,CL-00008
FT-2095,CL-00007
PT-2096,CL-00007
XV-2101,CL-00007
FCV-2104,CL-00008
XV-2107,CL-00008
V-2114,CL-00008
LT-2115,CL-00008
P-2116,CL-00008
P-2117,CL-00007
E-2122,CL-00007
P-2124,CL-00008
PSV-2135,CL-00008
COL-2138,CL-00007
FT-2139,CL-00007
FCV-2140,CL-00008
P-2143,CL-00008
FCV-2148,CL-00008
FCV-2149,CL-00008
XV-2150,CL-00008
PSV-2151,CL-00008
FT-2153,CL-00008
V-2154,CL-00007
P-2159,CL-00008
XV-2160,CL-00008
XV-2161,CL-00007
TT-2162,CL-00008
FCV-2163,CL-00007
PSV-2165,CL-00008
V-2166,CL-00008
E-2167,CL-00007
COL-2169,CL-00007
E-2171,CL-00007
LT-2172,CL-00008
P-2173,CL-00008
P-2174,CL-00007
PT-2181,CL-00007
XV-2183,CL-00007
FCV-2184,CL-00007
K-2188,CL-00008
XV-2189,CL-00007
LT-2190,CL-00008
P-2193,CL-00007
PSV-2195,CL-00007
COL-2199,CL-00007
LT-2202,CL-00007
FCV-2203,CL-00007
FCV-2204,CL-00008
LT-2205,CL-00007
FCV-2206,CL-00007
FT-2210,CL-00007
K-2219,CL-00008
XV-2221,CL-00008
P-2226,CL-00008
COL-2232,CL-00007
PSV-2234,CL-00008
K-2243,CL-00008
FCV-2244,CL-00008
P-2246,CL-00008
LT-2249,CL-00007
PT-2252,CL-00008
E-2254,CL-00008
K-2257,CL-00008
V-2261,CL-00007
PSV-2262,CL-00008
FT-2263,CL-00007
PT-2264,CL-00008
PT-2267,CL-00007
TT-2273,CL-00007
P-2274,CL-00008
FT-2281,CL-00007
P-2284,CL-00008
P-2287,CL-00007
K-2288,CL-00008
FCV-2289,CL-00007
P-2290,CL-00008
XV-2292,CL-00008
K-2294,CL-00008
P-2296,CL-00008
P-2298,CL-00008
FT-2302,CL-00008
XV-2306,CL-00007
V-2310,CL-00008
LT-2311,CL-00007
V-2312,CL-00007
K-2313,CL-00008
V-2319,CL-00008
PT-2324,CL-00007
FCV-2332,CL-00008
COL-2336,CL-00007
P-2339,CL-00008
K-2340,CL-00007
TT-2342,CL-00007
FCV-2345,CL-00008
COL-2347,CL-00008
P-2350,CL-00008
TT-2351,CL-00007
P-2352,CL-00008
LT-2354,CL-00008
V-2355,CL-00008
P-2359,CL-00008
XV-2360,CL-00008
PSV-2363,CL-00007
P-2364,CL-00007
TT-2372,CL-00007
P-2374,CL-00007
LT-2377,CL-00008
PSV-2378,CL-00008
LT-2379,CL-00007
LT-2386,CL-00008
V-2388,CL-00007
E-2390,CL-00008
E-2391,CL-00007
XV-2395,CL-00007
COL-2397,CL-00007
FT-2400,CL-00007
XV-2404,CL-00008
XV-2406,CL-00007
FT-2408,CL-00007
P-2410,CL-00007
FCV-2415,CL-00008
XV-2416,CL-00007
P-2417,CL-00007
FCV-2419,CL-00008
FCV-2420,CL-00008
P-2421,CL-00007
V-2422,CL-00007
XV-2426,CL-00008
P-2427,CL-00007
COL-2431,CL-00008
FCV-2432,CL-00008
E-2435,CL-00008
P-2439,CL-00007
P-2445,CL-00007
LT-2447,CL-00007
PT-2449,CL-00008
XV-2452,CL-00008
TT-2453,CL-00008
V-2458,CL-00007
V-2461,CL-00007
LT-2466,CL-00007
PT-2469,CL-00007
XV-2473,CL-00007
V-2474,CL-00007
LT-2475,CL-00008
PT-2476,CL-00007
FT-2477,CL-00007
FT-2478,CL-00007
V-2481,CL-00008
FCV-2487,CL-00007
K-2488,CL-00007
COL-2493,CL-00007
LT-2494,CL-00008
P-2498,CL-00007
V-2499,CL-00007
FCV-2500,CL-00007
P-2502,CL-00008
TT-2504,CL-00007
E-2506,CL-00008
FT-2508,CL-00008
LT-2512,CL-00007
K-2513,CL-00007
PT-2514,CL-00008
FCV-2516,CL-00007
K-2519,CL-00007
PT-2527,CL-00007
FT-2530,CL-00008
XV-2536,CL-00008
TT-2546,CL-00009
FT-2547,CL-00009
E-2550,CL-00009
LT-2556,CL-00009
E-2562,CL-00009
COL-2566,CL-00009
LT-2568,CL-00009
FT-2572,CL-00009
P-2573,CL-00009
PT-2574,CL-00009
K-2577,CL-00009
PT-2579,CL-00009
FCV-2582,CL-00009
PSV-2584,CL-00009
PT-2586,CL-00009
COL-2588,CL-00009
COL-2589,CL-00009
FCV-2593,CL-00009
FT-2595,CL-00009
XV-2596,CL-00009
FCV-2599,CL-00009
TT-2605,CL-00009
TT-2607,CL-00009
FCV-2620,CL-00009
P-2627,CL-00009
PSV-2629,CL-00009
V-2630,CL-00009
FCV-2632,CL-00009
K-2634,CL-00009
V-2644,CL-00009
TT-2647,CL-00009
K-2649,CL-00009
XV-2650,CL-00009
K-2658,CL-00009
FCV-2659,CL-00009
XV-2664,CL-00009
PSV-2665,CL-00009
XV-2670,CL-00009
E-2671,CL-00009
TT-2677,CL-00009
FCV-2682,CL-00009
FCV-2684,CL-00009
FCV-2687,CL-00009
K-2690,CL-00009
E-2694,CL-00009
FCV-2702,CL-00009
XV-2704,CL-00009
V-2706,CL-00009
XV-2709,CL-00009
XV-2712,CL-00009
V-2718,CL-00009
PT-2719,CL-00009
V-2727,CL-00009
P-2729,CL-00009
PT-2735,CL-00009
E-2741,CL-00009
TT-2742,CL-00009
V-2744,CL-00009
FT-2749,CL-00009
XV-2750,CL-00009
P-2751,CL-00009
FCV-2754,CL-00009
TT-2755,CL-00009
TT-2756,CL-00009
PSV-2757,CL-00009
COL-2759,CL-00009
XV-2765,CL-00009
V-2768,CL-00009
K-2769,CL-00009
P-2775,CL-00009
PT-2776,CL-00009
V-2777,CL-00009
LT-2778,CL-00009
COL-2780,CL-00009
LT-2782,CL-00009
FCV-2788,CL-00009
XV-2797,CL-00009
P-2798,CL-00009
PT-2802,CL-00009
TT-2804,CL-00009
LT-2808,CL-00009
PSV-2812,CL-00009
P-2814,CL-00009
PSV-2815,CL-00009
K-2818,CL-00009
E-2826,CL-00009
V-2827,CL-00009
FT-2828,CL-00009
E-2830,CL-00009
PT-2832,CL-00009
TT-2835,CL-00009
FT-2836,CL-00009
FCV-2838,CL-00009
FT-2849,CL-00009
E-2854,CL-00009
P-2856,CL-00009
K-2859,CL-00009
FCV-2862,CL-00009
E-2864,CL-00009
K-2865,CL-00009
K-2870,CL-00009
P-2871,CL-00009
LT-2877,CL-00009
V-2879,CL-00009
COL-2880,CL-00009
P-2882,CL-00009
E-2889,CL-00009
K-2895,CL-00009
XV-2899,CL-00009
COL-2903,CL-00009
TT-2905,CL-00009
COL-2908,CL-00009
LT-2909,CL-00009
TT-2911,CL-00009
LT-2913,CL-00009
P-2914,CL-00009
V-2926,CL-00009
XV-2930,CL-00009
V-2933,CL-00009
LT-2935,CL-00009
E-2936,CL-00009
TT-2937,CL-00009
PSV-2942,CL-00009
TT-2943,CL-00009
XV-2944,CL-00009
FT-2946,CL-00009
K-2950,CL-00009
XV-2952,CL-00009
P-2955,CL-00009
LT-2963,CL-00009
K-2964,CL-00009
LT-2967,CL-00009
PSV-2970,CL-00009
LT-2972,CL-00009
XV-2974,CL-00009
E-2979,CL-00009
E-2982,CL-00009
FCV-2985,CL-00009
V-2986,CL-00009
FCV-2994,CL-00010
FCV-2999,CL-00010
PSV-3000,CL-00010
FCV-3001,CL-00010
COL-3002,CL-00010
COL-3005,CL-00010
LT-3007,CL-00010
COL-3008,CL-00010
P-3010,CL-00010
COL-3013,CL-00010
PSV-3016,CL-00010
FT-3017,CL-00010
PSV-3019,CL-00010
FCV-3022,CL-00010
FT-3024,CL-00010
LT-3027,CL-00010
FT-3029,CL-00010
P-3033,CL-00010
LT-3034,CL-00010
E-3035,CL-00010
E-3037,CL-00010
K-3040,CL-00010
TT-3041,CL-00010
E-3046,CL-00010
P-3047,CL-00010
P-3049,CL-00010
LT-3051,CL-00010
E-3053,CL-00010
LT-3054,CL-00010
COL-3056,CL-00010
COL-3058,CL-00010
K-3059,CL-00010
P-3063,CL-00010
XV-3065,CL-00010
V-3068,CL-00010
TT-3070,CL-00010
TT-3076,CL-00010
P-3079,CL-00010
FT-3080,CL-00010
FCV-3085,CL-00010
P-3086,CL-00010
K-3088,CL-00010
PSV-3090,CL-00010
V-3092,CL-00010
FCV-3097,CL-00010
LT-3098,CL-00010
V-3103,CL-00010
PSV-3104,CL-00010
TT-3105,CL-00010
K-3106,CL-00010
PSV-3107,CL-00010
P-3108,CL-00010
TT-3111,CL-00010
P-3112,CL-00010
PSV-3117,CL-00010
TT-3118,CL-00010
P-3119,CL-00010
XV-3121,CL-00010
P-3123,CL-00010
XV-3125,CL-00010
FCV-3127,CL-00010
LT-3130,CL-00010
P-3131,CL-00010
E-3133,CL-00010
XV-3135,CL-00010
V-3143,CL-00010
COL-3152,CL-00010
PSV-3153,CL-00010
LT-3157,CL-00010
P-3159,CL-00010
PT-3160,CL-00010
E-3162,CL-00010
K-3163,CL-00010
LT-3165,CL-00010
PT-3167,CL-00010
XV-3170,CL-00010
P-3179,CL-00010
FT-3185,CL-00010
COL-3186,CL-00010
P-3187,CL-00010
PT-3192,CL-00010
LT-3198,CL-00010
LT-3200,CL-00010
TT-3205,CL-00010
LT-3209,CL-00010
COL-3211,CL-00010
PT-3212,CL-00010
V-3213,CL-00010
P-3214,CL-00010
FCV-3215,CL-00010
XV-3217,CL-00010
FT-3218,CL-00010
V-3219,CL-00010
P-3222,CL-00010
PT-3223,CL-00010
E-3224,CL-00010
FT-3226,CL-00010
E-3227,CL-00010
LT-3228,CL-00010
K-3232,CL-00010
FCV-3233,CL-00010
FT-3235,CL-00010
FCV-3236,CL-00010
PT-3239,CL-00010
E-3243,CL-00010
P-3244,CL-00010
PSV-3245,CL-00010
V-3248,CL-00010
P-3249,CL-00010
PT-3250,CL-00010
FT-3251,CL-00010
P-3254,CL-00010
P-3257,CL-00010
V-3258,CL-00010
FCV-3263,CL-00010
V-3265,CL-00010
TT-3266,CL-00010
K-3267,CL-00010
COL-3268,CL-00010
PT-3270,CL-00010
XV-3276,CL-00010
V-3277,CL-00010
FCV-3280,CL-00010
COL-3289,CL-00010
XV-3290,CL-00010
P-3291,CL-00010
TT-3292,CL-00010
PT-3293,CL-00010
E-3294,CL-00010
FT-3297,CL-00010
P-3298,CL-00010
FCV-3301,CL-00010
LT-3304,CL-00010
E-3305,CL-00010
P-3313,CL-00010
V-3317,CL-00010
XV-3319,CL-00010
XV-3326,CL-00010
K-3331,CL-00010
E-3334,CL-00010
LT-3337,CL-00010
K-3341,CL-00010
E-3343,CL-00010
TT-3344,CL-00012
K-3346,CL-00011
P-3347,CL-00012
K-3354,CL-00011
TT-3357,CL-00012
P-3360,CL-00012
XV-3362,CL-00011
PSV-3365,CL-00011
FCV-3376,CL-00011
FCV-3377,CL-00011
LT-3379,CL-00012
PT-3380,CL-00011
E-3382,CL-00012
TT-3384,CL-00012
P-3386,CL-00012
P-3387,CL-00012
P-3389,CL-00012
LT-3391,CL-00011
K-3396,CL-00012
TT-3405,CL-00011
LT-3407,CL-00012
E-3411,CL-00011
PSV-3412,CL-00012
P-3413,CL-00011
PT-3415,CL-00012
PT-3421,CL-00011
XV-3426,CL-00011
LT-3433,CL-00011
V-3438,CL-00012
FCV-3441,CL-00012
V-3445,CL-00012
P-3446,CL-00011
COL-3449,CL-00011
PT-3452,CL-00011
P-3454,CL-00011
PT-3455,CL-00011
LT-3457,CL-00011
XV-3461,CL-00012
E-3463,CL-00011
FCV-3465,CL-00011
P-3469,CL-00011
PT-3472,CL-00011
FCV-3474,CL-00012
PT-3477,CL-00011
PT-3479,CL-00012
TT-3480,CL-00012
PSV-3481,CL-00012
LT-3486,CL-00011
LT-3490,CL-00012
P-3499,CL-00011
PSV-3500,CL-00012
TT-3506,CL-00011
P-3508,CL-00012
FCV-3511,CL-00011
XV-3512,CL-00011
PT-3515,CL-00011
P-3516,CL-00011
PSV-3520,CL-00011
P-3521,CL-00012
E-3524,CL-00012
P-3528,CL-00012
K-3529,CL-00011
P-3530,CL-00012
E-3531,CL-00012
COL-3532,CL-00012
E-3533,CL-00011
PSV-3534,CL-00011
PSV-3535,CL-00011
FT-3536,CL-00012
COL-3537,CL-00011
LT-3541,CL-00011
XV-3543,CL-00012
K-3546,CL-00011
V-3549,CL-00011
V-3550,CL-00011
E-3551,CL-00011
P-3552,CL-00011
E-3553,CL-00011
P-3561,CL-00011
P-3563,CL-00011
E-3564,CL-00011
TT-3574,CL-00012
PT-3577,CL-00012
PT-3579,CL-00011
FCV-3582,CL-00011
FCV-3584,CL-00011
P-3592,CL-00012
V-3599,CL-00012
COL-3600,CL-00011
P-3606,CL-00012
TT-3608,CL-00012
P-3614,CL-00012
LT-3621,CL-00011
COL-3622,CL-00012
PSV-3628,CL-00012
V-3630,CL-00012
V-3632,CL-00011
P-3634,CL-00012
PT-3635,CL-00012
P-3639,CL-00012
FT-3643,CL-00011
PSV-3645,CL-00011
K-3649,CL-00011
COL-3651,CL-00011
PT-3654,CL-00012
E-3657,CL-00012
XV-3658,CL-00013
PT-3664,CL-00013
E-3665,CL-00013
V-3668,CL-00013
K-3669,CL-00014
V-3676,CL-00014
K-3680,CL-00014
XV-3683,CL-00014
K-3684,CL-00013
K-3687,CL-00013
E-3692,CL-00014
FT-3695,CL-00013
LT-3699,CL-00014
TT-3703,CL-00013
K-3704,CL-00014
XV-3705,CL-00014
TT-3713,CL-00013
E-3716,CL-00013
K-3720,CL-00013
XV-3721,CL-00013
PT-3723,CL-00013
P-3729,CL-00013
FCV-3731,CL-00014
K-3732,CL-00013
TT-3737,CL-00013
COL-3740,CL-00013
P-3742,CL-00014
K-3746,CL-00014
XV-3747,CL-00014
P-3751,CL-00013
E-3756,CL-00014
E-3760,CL-00013
E-3761,CL-00013
P-3762,CL-00013
P-3763,CL-00013
PT-3767,CL-00013
E-3768,CL-00013
P-3769,CL-00013
K-3770,CL-00014
E-3771,CL-00013
V-3776,CL-00013
XV-3781,CL-00013
FT-3782,CL-00014
LT-3784,CL-00013
PSV-3786,CL-00014
K-3787,CL-00013
P-3788,CL-00014
PT-3789,CL-00013
FCV-3792,CL-00013
LT-3799,CL-00013
V-3800,CL-00013
FCV-3803,CL-00014
XV-3804,CL-00013
LT-3807,CL-00014
P-3808,CL-00013
P-3810,CL-00014
K-3811,CL-00014
TT-3813,CL-00014
P-3815,CL-00013
K-3819,CL-00013
TT-3820,CL-00013
PT-3823,CL-00014
E-3824,CL-00013
K-3828,CL-00014
PT-3829,CL-00013
PSV-3831,CL-00013
V-3835,CL-00013
COL-3836,CL-00014
COL-3837,CL-00013
XV-3840,CL-00014
XV-3843,CL-00014
K-3845,CL-00013
FT-3848,CL-00013
XV-3850,CL-00013
XV-3851,CL-00014
FCV-3852,CL-00013
COL-3853,CL-00013
XV-3855,CL-00014
FCV-3857,CL-00014
FCV-3862,CL-00013
PSV-3864,CL-00014
FT-3870,CL-00013
TT-3873,CL-00014
XV-3874,CL-00014
PT-3877,CL-00014
FCV-3879,CL-00013
P-3883,CL-00014
TT-3887,CL-00014
PT-3889,CL-00013
K-3893,CL-00014
P-3895,CL-00013
K-3896,CL-00014
COL-3897,CL-00014
PSV-3899,CL-00014
V-3903,CL-00013
P-3905,CL-00014
XV-3906,CL-00013
PSV-3912,CL-00013
PSV-3915,CL-00013
PT-3916,CL-00013
V-3919,CL-00014
FT-3921,CL-00014
LT-3925,CL-00013
XV-3927,CL-00013
E-3929,CL-00014
COL-3930,CL-00013
XV-3932,CL-00013
K-3935,CL-00013
TT-3936,CL-00015
V-3937,CL-00016
P-3938,CL-00016
FCV-3941,CL-00016
E-3942,CL-00015
FCV-3946,CL-00015
FT-3947,CL-00016
P-3948,CL-00016
E-3949,CL-00015
P-3951,CL-00016
COL-3952,CL-00016
E-3954,CL-00016
FT-3957,CL-00016
FT-3961,CL-00016
PSV-3966,CL-00015
P-3968,CL-00015
E-3969,CL-00015
V-3972,CL-00016
P-3975,CL-00016
K-3976,CL-00016
LT-3978,CL-00016
V-3980,CL-00016
FCV-3981,CL-00015
LT-3988,CL-00015
V-3989,CL-00016
V-3990,CL-00016
COL-3991,CL-00015
FCV-3992,CL-00015
FCV-3996,CL-00016
PSV-3997,CL-00016
PSV-3999,CL-00016
XV-4000,CL-00016
COL-4005,CL-00015
PT-4006,CL-00015
P-4008,CL-00015
PSV-4013,CL-00015
XV-4016,CL-00016
COL-4017,CL-00015
FCV-4022,CL-00016
P-4024,CL-00015
PSV-4031,CL-00015
XV-4035,CL-00015
COL-4036,CL-00015
XV-4037,CL-00015
FT-4043,CL-00016
COL-4045,CL-00016
TT-4046,CL-00015
COL-4047,CL-00015
PSV-4048,CL-00016
K-4050,CL-00015
FT-4055,CL-00015
K-4058,CL-00015
TT-4070,CL-00016
LT-4073,CL-00016
XV-4075,CL-00015
PSV-4079,CL-00016
E-4080,CL-00016
E-4082,CL-00016
XV-4087,CL-00015
XV-4091,CL-00015
E-4094,CL-00016
PSV-4095,CL-00015
XV-4099,CL-00016
P-4102,CL-00015
FT-4106,CL-00015
LT-4107,CL-00015
E-4114,CL-00015
P-4115,CL-00015
P-4117,CL-00015
LT-4120,CL-00015
FCV-4121,CL-00015
FCV-4122,CL-00015
COL-4126,CL-00015
PT-4130,CL-00016
P-4131,CL-00016
PT-4135,CL-00016
FT-4138,CL-00015
COL-4140,CL-00015
TT-4141,CL-00015
TT-4142,CL-00015
LT-4143,CL-00016
V-4145,CL-00015
E-4146,CL-00016
PSV-4148,CL-00015
E-4151,CL-00015
XV-4153,CL-00015
PT-4156,CL-00015
V-4157,CL-00015
FCV-4158,CL-00016
P-4162,CL-00015
FCV-4170,CL-00016
P-4173,CL-00015
XV-4177,CL-00015
FCV-4178,CL-00016
TT-4181,CL-00016
V-4186,CL-00016
P-4190,CL-00016
XV-4193,CL-00016
COL-4196,CL-00015
E-4197,CL-00015
K-4198,CL-00016
COL-4199,CL-00015
K-4200,CL-00015
E-4202,CL-00016
COL-4208,CL-00016
COL-4209,CL-00016
TT-4212,CL-00015
TT-4213,CL-00016
FCV-4216,CL-00015
K-4219,CL-00015
LT-4220,CL-00016
V-4222,CL-00015
P-4224,CL-00015
E-4227,CL-00015
P-4229,CL-00016
P-4235,CL-00015
P-4242,CL-00015
V-4243,CL-00015
COL-4248,CL-00016
TT-4251,CL-00015
FT-4252,CL-00015
V-4257,CL-00015
COL-4259,CL-00015
FCV-4261,CL-00016
P-4263,CL-00016
FT-4264,CL-00016
LT-4266,CL-00016
P-4269,CL-00016
COL-4270,CL-00016
P-4271,CL-00016
E-4276,CL-00015
V-4279,CL-00015
P-4280,CL-00015
PT-4283,CL-00015
K-4288,CL-00015
PSV-4289,CL-00015
P-4290,CL-00016
FT-4291,CL-00015
XV-4295,CL-00016
FCV-4299,CL-00015
LT-4305,CL-00015
V-4310,CL-00016
V-4312,CL-00016
FCV-4315,CL-00015
LT-4316,CL-00015
LT-4322,CL-00015
P-4326,CL-00015
P-4327,CL-00016
K-4330,CL-00016
LT-4331,CL-00016
V-4333,CL-00015
V-4335,CL-00015
K-4339,CL-00016
V-4340,CL-00015
COL-4344,CL-00015
XV-4349,CL-00016
FT-4350,CL-00016
TT-4351,CL-00016
COL-4352,CL-00015
P-4361,CL-00016
P-4363,CL-00016
E-4373,CL-00015
K-4375,CL-00015
P-4376,CL-00015
V-4377,CL-00015
P-4379,CL-00016
FT-4384,CL-00015
TT-4385,CL-00015
FT-4386,CL-00015
PSV-4387,CL-00016
FT-4390,CL-00015
FCV-4394,CL-00016
LT-4397,CL-00015
FCV-4398,CL-00016
K-4399,CL-00016
TT-4401,CL-00015
FT-4407,CL-00016
PT-4409,CL-00016
K-4415,CL-00015
PT-4417,CL-00016
P-4420,CL-00016
E-4424,CL-00016
V-4426,CL-00015
LT-4429,CL-00016
K-4431,CL-00015
COL-4432,CL-00015
FCV-4438,CL-00016
TT-4442,CL-00016
P-4443,CL-00015
FT-4446,CL-00016
PSV-4450,CL-00015
E-4452,CL-00016
XV-4459,CL-00015
COL-4460,CL-00016
P-4462,CL-00016
V-4463,CL-00016
K-4465,CL-00016
COL-4467,CL-00015
XV-4468,CL-00015
E-4472,CL-00018
COL-4473,CL-00018
FCV-4474,CL-00018
TT-4476,CL-00017
PT-4482,CL-00017
PT-4484,CL-00017
XV-4485,CL-00018
P-4486,CL-00017
P-4491,CL-00017
FT-4493,CL-00018
PSV-4497,CL-00018
PSV-4499,CL-00018
COL-4501,CL-00017
V-4503,CL-00018
XV-4505,CL-00017
COL-4512,CL-00018
K-4514,CL-00017
COL-4516,CL-00018
P-4517,CL-00017
XV-4519,CL-00018
V-4521,CL-00018
K-4522,CL-00017
FT-4525,CL-00018
PSV-4528,CL-00018
K-4529,CL-00018
V-4530,CL-00017
P-4531,CL-00018
FT-4533,CL-00018
XV-4534,CL-00017
COL-4539,CL-00018
LT-4541,CL-00017
FT-4543,CL-00017
LT-4549,CL-00017
XV-4552,CL-00017
PT-4553,CL-00018
COL-4555,CL-00018
FCV-4558,CL-00018
E-4563,CL-00018
V-4566,CL-00017
P-4569,CL-00017
TT-4570,CL-00017
V-4571,CL-00017
TT-4578,CL-00017
FT-4579,CL-00017
COL-4586,CL-00018
PSV-4587,CL-00018
P-4588,CL-00018
TT-4590,CL-00018
V-4592,CL-00017
PSV-4594,CL-00018
P-4597,CL-00018
FT-4601,CL-00017
COL-4602,CL-00017
COL-4607,CL-00017
XV-4608,CL-00018
XV-4610,CL-00017
FCV-4611,CL-00018
TT-4612,CL-00018
XV-4614,CL-00018
COL-4616,CL-00018
P-4617,CL-00018
XV-4621,CL-00018
COL-4623,CL-00018
FT-4628,CL-00018
LT-4631,CL-00017
P-4636,CL-00017
K-4638,CL-00017
PT-4640,CL-00018
V-4646,CL-00017
PSV-4655,CL-00017
FT-4658,CL-00017
PT-4660,CL-00017
COL-4665,CL-00018
E-4668,CL-00018
COL-4670,CL-00018
FT-4671,CL-00017
LT-4673,CL-00018
V-4674,CL-00017
PSV-4676,CL-00018
K-4677,CL-00018
COL-4679,CL-00018
P-4680,CL-00017
FT-4681,CL-00017
PT-4682,CL-00017
TT-4684,CL-00018
P-4685,CL-00018
PT-4686,CL-00018
LT-4687,CL-00018
LT-4688,CL-00018
PSV-4689,CL-00017
LT-4691,CL-00018
COL-4696,CL-00018
PT-4701,CL-00017
TT-4702,CL-00018
PSV-4704,CL-00017
K-4706,CL-00017
PSV-4707,CL-00018
FT-4711,CL-00017
COL-4714,CL-00018
P-4715,CL-00018
COL-4716,CL-00018
TT-4717,CL-00017
V-4721,CL-00018
TT-4722,CL-00017
E-4724,CL-00017
K-4726,CL-00018
FCV-4727,CL-00018
PSV-4728,CL-00018
FT-4730,CL-00017
P-4734,CL-00017
FT-4735,CL-00017
V-4736,CL-00018
COL-4738,CL-00017
E-4740,CL-00018
FCV-4743,CL-00018
K-4744,CL-00017
K-4745,CL-00017
XV-4746,CL-00018
V-4752,CL-00017
LT-4754,CL-00018
TT-4758,CL-00017
P-4762,CL-00018
XV-4765,CL-00017
LT-4766,CL-00018
E-4767,CL-00018
P-4779,CL-00018
FT-4780,CL-00018
PSV-4782,CL-00018
P-4783,CL-00017
V-4784,CL-00018
P-4787,CL-00017
E-4789,CL-00017
COL-4790,CL-00017
LT-4791,CL-00017
K-4792,CL-00017
TT-4793,CL-00018
FCV-4799,CL-00017
PT-4800,CL-00018
COL-4802,CL-00018
PT-4804,CL-00018
P-4806,CL-00017
P-4808,CL-00018
V-4820,CL-00018
FCV-4822,CL-00017
K-4829,CL-00017
V-4830,CL-00017
P-4835,CL-00017
PSV-4836,CL-00017
V-4838,CL-00018
PT-4842,CL-00017
FT-4848,CL-00017
TT-4852,CL-00018
FT-4856,CL-00018
P-4862,CL-00017
FCV-4864,CL-00017
P-4867,CL-00018
XV-4868,CL-00017
COL-4873,CL-00017
COL-4874,CL-00018
COL-4876,CL-00018
TT-4879,CL-00017
PT-4880,CL-00018
P-4882,CL-00018
COL-4883,CL-00018
PT-4886,CL-00018
FT-4887,CL-00017
XV-4892,CL-00018
TT-4900,CL-00018
P-4903,CL-00017
P-4904,CL-00018
XV-4909,CL-00018
FCV-4912,CL-00018
V-4913,CL-00018
PSV-4914,CL-00017
TT-4917,CL-00017
XV-4923,CL-00017
XV-4925,CL-00018
XV-4927,CL-00018
COL-4928,CL-00018
E-4931,CL-00017
PSV-4933,CL-00017
P-4944,CL-00018
COL-4945,CL-00017
TT-4946,CL-00017
FT-4947,CL-00018
P-4948,CL-00017
TT-4950,CL-00018
PT-4951,CL-00017
FT-4955,CL-00017
P-4957,CL-00018
V-4964,CL-00017
PSV-4965,CL-00018
K-4967,CL-00017
V-4969,CL-00018
P-4974,CL-00018
FCV-4977,CL-00017
PSV-4978,CL-00017
FT-4980,CL-00018
LT-4986,CL-00018
E-4990,CL-00017
FCV-4993,CL-00018
PSV-4994,CL-00018
COL-4995,CL-00017
LT-4996,CL-00018
COL-4999,CL-00017
FCV-5001,CL-00017
XV-5003,CL-00017
P-5007,CL-00018
K-5008,CL-00017
PSV-5018,CL-00017
COL-5020,CL-00017
E-5024,CL-00018
E-5029,CL-00017
P-5030,CL-00017
TT-5035,CL-00017
E-5036,CL-00017
FCV-5042,CL-00018
FT-5045,CL-00019
COL-5047,CL-00020
LT-5049,CL-00020
E-5057,CL-00020
V-5060,CL-00020
P-5066,CL-00019
XV-5068,CL-00020
P-5069,CL-00020
FCV-5082,CL-00020
FT-5083,CL-00019
P-5089,CL-00019
P-5090,CL-00019
P-5091,CL-00020
COL-5092,CL-00019
K-5093,CL-00020
TT-5094,CL-00020
E-5096,CL-00019
TT-5099,CL-00019
E-5100,CL-00020
E-5101,CL-00019
V-5105,CL-00020
FT-5109,CL-00020
PT-5115,CL-00020
FCV-5117,CL-00019
FCV-5120,CL-00020
XV-5123,CL-00020
FT-5124,CL-00020
V-5127,CL-00019
P-5128,CL-00020
P-5131,CL-00020
FCV-5133,CL-00019
PSV-5134,CL-00019
P-5136,CL-00020
LT-5137,CL-00019
COL-5138,CL-00020
XV-5139,CL-00020
E-5140,CL-00020
TT-5141,CL-00019
P-5147,CL-00019
COL-5150,CL-00020
PSV-5158,CL-00019
TT-5161,CL-00020
LT-5162,CL-00020
V-5166,CL-00019
K-5169,CL-00020
TT-5173,CL-00019
PT-5175,CL-00020
V-5176,CL-00019
FT-5178,CL-00019
E-5180,CL-00019
XV-5182,CL-00019
FCV-5183,CL-00020
E-5185,CL-00020
TT-5186,CL-00020
LT-5190,CL-00020
V-5192,CL-00019
PT-5194,CL-00020
V-5195,CL-00019
V-5198,CL-00020
PT-5204,CL-00020
LT-5205,CL-00019
COL-5209,CL-00019
FCV-5212,CL-00020
V-5220,CL-00020
PSV-5222,CL-00019
TT-5223,CL-00020
P-5224,CL-00020
E-5228,CL-00019
V-5231,CL-00019
FT-5232,CL-00020
FCV-5238,CL-00019
P-5243,CL-00020
E-5244,CL-00019
V-5245,CL-00020
LT-5251,CL-00020
TT-5252,CL-00019
PSV-5253,CL-00020
COL-5254,CL-00020
XV-5258,CL-00020
LT-5259,CL-00019
K-5262,CL-00020
XV-5267,CL-00019
FCV-5268,CL-00020
P-5269,CL-00019
TT-5271,CL-00020
P-5278,CL-00019
E-5279,CL-00019
TT-5280,CL-00020
V-5284,CL-00019
PSV-5287,CL-00020
LT-5290,CL-00020
PSV-5291,CL-00020
P-5294,CL-00020
P-5299,CL-00019
P-5300,CL-00019
E-5303,CL-00019
V-5304,CL-00019
P-5307,CL-00020
V-5309,CL-00019
LT-5311,CL-00020
TT-5313,CL-00020
FCV-5317,CL-00019
XV-5325,CL-00019
PSV-5326,CL-00019
COL-5330,CL-00019
XV-5331,CL-00020
P-5338,CL-00020
P-5340,CL-00019
COL-5342,CL-00020
K-5345,CL-00020
P-5347,CL-00020
COL-5349,CL-00020
LT-5351,CL-00020
E-5352,CL-00019
P-5356,CL-00019
E-5357,CL-00020
K-5358,CL-00019
K-5359,CL-00020
LT-5360,CL-00020
FT-5361,CL-00019
PSV-5362,CL-00019
FCV-5364,CL-00020
V-5368,CL-00020
K-5369,CL-00019
PSV-5373,CL-00021
K-5374,CL-00021
PT-5375,CL-00021
LT-5378,CL-00021
FT-5380,CL-00021
XV-5381,CL-00021
TT-5385,CL-00022
COL-5386,CL-00022
TT-5388,CL-00022
FT-5393,CL-00021
V-5396,CL-00022
K-5398,CL-00022
E-5399,CL-00021
PT-5407,CL-00022
K-5409,CL-00022
PT-5411,CL-00022
FCV-5412,CL-00022
LT-5413,CL-00022
V-5415,CL-00021
PSV-5419,CL-00022
COL-5421,CL-00021
V-5423,CL-00022
P-5424,CL-00022
COL-5426,CL-00022
P-5429,CL-00021
P-5432,CL-00022
E-5441,CL-00021
PSV-5443,CL-00021
FCV-5445,CL-00022
P-5447,CL-00022
FT-5448,CL-00021
TT-5449,CL-00022
XV-5450,CL-00021
COL-5457,CL-00021
FT-5458,CL-00021
P-5464,CL-00021
PSV-5466,CL-00021
K-5468,CL-00022
LT-5470,CL-00022
E-5471,CL-00021
FT-5472,CL-00022
TT-5475,CL-00022
FT-5479,CL-00021
V-5485,CL-00021
E-5486,CL-00022
COL-5487,CL-00021
E-5490,CL-00022
COL-5491,CL-00021
V-5492,CL-00021
XV-5493,CL-00021
XV-5496,CL-00022
FCV-5497,CL-00022
E-5499,CL-00022
FCV-5504,CL-00021
XV-5507,CL-00021
XV-5508,CL-00021
XV-5509,CL-00021
TT-5513,CL-00021
LT-5515,CL-00021
PT-5519,CL-00022
XV-5521,CL-00021
FCV-5522,CL-00021
COL-5523,CL-00021
XV-5526,CL-00022
LT-5528,CL-00022
COL-5529,CL-00021
XV-5531,CL-00021
K-5534,CL-00021
XV-5535,CL-00021
XV-5536,CL-00022
P-5537,CL-00021
FT-5538,CL-00022
P-5542,CL-00021
FT-5546,CL-00021
K-5547,CL-00021
V-5548,CL-00021
P-5549,CL-00022
COL-5554,CL-00022
PSV-5561,CL-00022
FCV-5563,CL-00021
XV-5564,CL-00022
XV-5565,CL-00022
V-5569,CL-00022
P-5570,CL-00021
LT-5572,CL-00022
P-5573,CL-00022
XV-5574,CL-00022
TT-5577,CL-00021
V-5580,CL-00022
XV-5581,CL-00022
COL-5582,CL-00022
TT-5583,CL-00022
V-5584,CL-00021
P-5587,CL-00021
P-5590,CL-00022
P-5596,CL-00022
FCV-5597,CL-00022
FT-5599,CL-00021
XV-5600,CL-00021
PT-5605,CL-00021
K-5608,CL-00021
PSV-5609,CL-00022
PSV-5611,CL-00021
TT-5612,CL-00021
PSV-5614,CL-00021
FT-5615,CL-00021
FCV-5616,CL-00022
PSV-5617,CL-00021
COL-5618,CL-00022
V-5619,CL-00021
PSV-5626,CL-00022
LT-5632,CL-00021
FCV-5634,CL-00022
COL-5637,CL-00021
PSV-5641,CL-00022
LT-5642,CL-00022
TT-5645,CL-00022
P-5646,CL-00021
COL-5647,CL-00022
PT-5650,CL-00022
XV-5652,CL-00022
FT-5653,CL-00021
PT-5657,CL-00022
K-5661,CL-00022
E-5662,CL-00022
XV-5663,CL-00021
LT-5670,CL-00022
PT-5672,CL-00021
LT-5674,CL-00021
E-5675,CL-00021
P-5679,CL-00021
PSV-5680,CL-00022
FCV-5685,CL-00022
XV-5688,CL-00022
TT-5689,CL-00021
XV-5692,CL-00021
PSV-5694,CL-00021
COL-5698,CL-00021
TT-5699,CL-00022
XV-5700,CL-00021
E-5704,CL-00021
FT-5707,CL-00021
PSV-5714,CL-00021
FCV-5720,CL-00022
FT-5723,CL-00021
FT-5724,CL-00021
P-5725,CL-00022
FT-5735,CL-00022
K-5736,CL-00022
COL-5739,CL-00021
PT-5740,CL-00022
COL-5741,CL-00021
XV-5743,CL-00022
E-5745,CL-00021
E-5750,CL-00022
XV-5752,CL-00021
V-5755,CL-00021
PT-5762,CL-00022
FT-5767,CL-00021
V-5771,CL-00022
PT-5772,CL-00022
E-5773,CL-00022
FT-5775,CL-00021
TT-5776,CL-00022
V-5779,CL-00024
FCV-5785,CL-00024
TT-5786,CL-00023
P-5790,CL-00023
XV-5797,CL-00023
COL-5803,CL-00024
P-5806,CL-00023
TT-5807,CL-00023
P-5812,CL-00023
K-5814,CL-00023
E-5820,CL-00023
FCV-5821,CL-00024
PSV-5827,CL-00024
E-5828,CL-00023
COL-5829,CL-00024
K-5832,CL-00024
P-5833,CL-00023
P-5834,CL-00023
PT-5836,CL-00023
TT-5837,CL-00023
COL-5840,CL-00023
P-5841,CL-00023
FCV-5842,CL-00023
TT-5847,CL-00024
V-5849,CL-00023
P-5853,CL-00023
PSV-5858,CL-00023
PSV-5860,CL-00023
PT-5865,CL-00023
COL-5869,CL-00024
K-5872,CL-00024
P-5873,CL-00023
TT-5875,CL-00024
E-5876,CL-00024
V-5877,CL-00024
FT-5881,CL-00023
K-5887,CL-00023
FCV-5890,CL-00023
PSV-5900,CL-00023
V-5901,CL-00023
COL-5903,CL-00023
FCV-5905,CL-00023
LT-5910,CL-00024
LT-5917,CL-00024
P-5922,CL-00023
P-5929,CL-00023
LT-5931,CL-00024
V-5934,CL-00024
TT-5935,CL-00024
FT-5938,CL-00024
P-5944,CL-00024
TT-5945,CL-00024
E-5947,CL-00023
COL-5948,CL-00024
P-5949,CL-00023
TT-5951,CL-00024
TT-5953,CL-00024
TT-5954,CL-00024
COL-5957,CL-00023
V-5959,CL-00024
PT-5960,CL-00023
PT-5963,CL-00023
K-5964,CL-00023
P-5965,CL-00024
FT-5966,CL-00024
FT-5970,CL-00024
COL-5971,CL-00024
V-5972,CL-00023
PSV-5975,CL-00023
K-5976,CL-00024
LT-5980,CL-00023
PSV-5981,CL-00023
XV-5982,CL-00024
XV-5983,CL-00023
P-5984,CL-00024
TT-5985,CL-00024
V-5986,CL-00024
P-5991,CL-00023
XV-5995,CL-00024
E-5996,CL-00023
FT-5997,CL-00023
P-5998,CL-00024
V-6001,CL-00024
P-6004,CL-00024
K-6007,CL-00023
P-6008,CL-00023
XV-6009,CL-00024
FT-6011,CL-00024
COL-6016,CL-00024
PT-6018,CL-00024
COL-6023,CL-00023
XV-6034,CL-00024
PSV-6036,CL-00023
K-6039,CL-00024
K-6040,CL-00023
K-6052,CL-00024
TT-6054,CL-00024
FT-6060,CL-00024
PSV-6061,CL-00024
E-6062,CL-00024
LT-6063,CL-00024
XV-6064,CL-00023
LT-6065,CL-00024
LT-6067,CL-00024
K-6073,CL-00023
V-6076,CL-00023
P-6085,CL-00023
P-6088,CL-00023
PSV-6092,CL-00023
P-6093,CL-00024
PSV-6094,CL-00023
FCV-6095,CL-00023
P-6096,CL-00023
P-6097,CL-00024
FT-6100,CL-00024
V-6103,CL-00024
K-6109,CL-00023
PSV-6110,CL-00024
XV-6114,CL-00024
E-6118,CL-00023
PSV-6122,CL-00024
PSV-6126,CL-00023
K-6127,CL-00024
P-6128,CL-00024
V-6130,CL-00023
PSV-6132,CL-00023
PT-6140,CL-00023
PT-6146,CL-00024
E-6147,CL-00024
K-6148,CL-00023
COL-6149,CL-00024
K-6150,CL-00023
P-6155,CL-00024
FT-6156,CL-00024
E-6162,CL-00024
K-6170,CL-00023
FCV-6175,CL-00023
E-6183,CL-00024
K-6185,CL-00023
FT-6187,CL-00023
LT-6192,CL-00024
K-6197,CL-00023
P-6208,CL-00023
FT-6209,CL-00024
E-6215,CL-00024
P-6217,CL-00023
P-6219,CL-00024
TT-6221,CL-00024
TT-6222,CL-00023
LT-6224,CL-00024
TT-6231,CL-00023
P-6232,CL-00023
V-6233,CL-00023
FCV-6234,CL-00023
P-6235,CL-00023
K-6236,CL-00023
P-6237,CL-00023
E-6238,CL-00024
TT-6239,CL-00023
TT-6242,CL-00023
FT-6243,CL-00023
P-6246,CL-00024
FT-6250,CL-00023
LT-6252,CL-00024
COL-6254,CL-00023
FCV-6255,CL-00023
COL-6259,CL-00024
PSV-6261,CL-00024
LT-6267,CL-00024
LT-6269,CL-00024
E-6270,CL-00024
P-6272,CL-00024
PSV-6273,CL-00023
COL-6274,CL-00023
P-6278,CL-00024
PSV-6280,CL-00023
E-6281,CL-00023
P-6288,CL-00023
PSV-6291,CL-00023
E-6292,CL-00024
K-6295,CL-00024
V-6297,CL-00023
FCV-6298,CL-00024
P-6300,CL-00024
PT-6302,CL-00023
FT-6311,CL-00026
TT-6312,CL-00026
FT-6318,CL-00026
PT-6319,CL-00025
K-6320,CL-00025
FT-6321,CL-00026
P-6323,CL-00025
FT-6324,CL-00025
P-6325,CL-00025
PSV-6327,CL-00026
FCV-6332,CL-00025
K-6334,CL-00026
FT-6336,CL-00025
PSV-6338,CL-00026
E-6339,CL-00026
PSV-6340,CL-00026
V-6341,CL-00026
TT-6342,CL-00025
E-6350,CL-00025
COL-6351,CL-00025
LT-6353,CL-00025
P-6354,CL-00025
V-6355,CL-00026
XV-6362,CL-00026
LT-6364,CL-00025
PSV-6365,CL-00026
XV-6368,CL-00026
PSV-6370,CL-00026
LT-6376,CL-00025
XV-6388,CL-00026
FT-6389,CL-00025
TT-6392,CL-00025
E-6400,CL-00026
XV-6401,CL-00026
K-6405,CL-00026
P-6407,CL-00026
TT-6412,CL-00025
P-6413,CL-00026
P-6415,CL-00025
TT-6418,CL-00026
TT-6421,CL-00026
P-6423,CL-00025
FT-6428,CL-00025
P-6431,CL-00026
P-6433,CL-00026
FCV-6435,CL-00025
P-6437,CL-00026
P-6439,CL-00026
TT-6441,CL-00026
XV-6442,CL-00025
XV-6443,CL-00026
P-6444,CL-00025
PSV-6446,CL-00026
COL-6448,CL-00026
E-6449,CL-00025
V-6450,CL-00025
PT-6451,CL-00026
FT-6452,CL-00025
FCV-6454,CL-00026
P-6456,CL-00026
FT-6461,CL-00025
E-6462,CL-00026
K-6463,CL-00025
E-6472,CL-00025
PT-6473,CL-00026
E-6474,CL-00025
FCV-6480,CL-00025
K-6482,CL-00026
FT-6483,CL-00025
COL-6484,CL-00026
TT-6485,CL-00026
PSV-6495,CL-00025
COL-6496,CL-00025
PT-6499,CL-00025
PSV-6501,CL-00025
COL-6503,CL-00026
PSV-6506,CL-00026
PSV-6507,CL-00025
P-6510,CL-00025
XV-6512,CL-00026
LT-6514,CL-00026
XV-6515,CL-00025
FCV-6521,CL-00025
PSV-6527,CL-00025
V-6528,CL-00026
TT-6535,CL-00025
PSV-6537,CL-00026
V-6545,CL-00026
COL-6549,CL-00025
COL-6553,CL-00026
TT-6556,CL-00025
COL-6559,CL-00025
E-6562,CL-00025
LT-6564,CL-00026
PT-6569,CL-00026
LT-6571,CL-00026
PSV-6574,CL-00025
FT-6576,CL-00026
K-6579,CL-00026
PT-6582,CL-00026
XV-6586,CL-00025
V-6590,CL-00025
COL-6598,CL-00026
TT-6599,CL-00025
FT-6600,CL-00025
FT-6607,CL-00025
E-6610,CL-00025
XV-6611,CL-00025
P-6613,CL-00026
V-6614,CL-00026
LT-6616,CL-00025
FT-6617,CL-00025
P-6621,CL-00026
P-6623,CL-00026
FCV-6627,CL-00026
PT-6628,CL-00025
XV-6640,CL-00026
FCV-6642,CL-00025
LT-6643,CL-00026
P-6644,CL-00026
FCV-6646,CL-00026
FT-6648,CL-00026
XV-6650,CL-00026
FT-6656,CL-00025
TT-6667,CL-00026
PT-6669,CL-00025
LT-6675,CL-00025
FCV-6677,CL-00026
V-6684,CL-00025
XV-6685,CL-00027
E-6690,CL-00027
PSV-6696,CL-00027
TT-6697,CL-00027
P-6710,CL-00027
LT-6711,CL-00027
FT-6712,CL-00027
PSV-6716,CL-00027
E-6720,CL-00027
PT-6721,CL-00027
PT-6727,CL-00027
P-6729,CL-00027
E-6733,CL-00027
LT-6734,CL-00027
FT-6740,CL-00027
FCV-6746,CL-00027
E-6750,CL-00027
LT-6751,CL-00027
FT-6752,CL-00027
E-6753,CL-00027
P-6756,CL-00027
LT-6757,CL-00027
COL-6761,CL-00027
FT-6764,CL-00027
TT-6765,CL-00027
K-6766,CL-00027
PT-6768,CL-00027
P-6773,CL-00027
V-6780,CL-00027
FCV-6783,CL-00027
FCV-6786,CL-00027
PT-6790,CL-00027
COL-6793,CL-00027
K-6795,CL-00027
FT-6802,CL-00027
XV-6813,CL-00027
COL-6817,CL-00027
XV-6818,CL-00027
E-6821,CL-00027
V-6825,CL-00027
P-6831,CL-00027
E-6832,CL-00027
FCV-6837,CL-00027
XV-6840,CL-00027
LT-6842,CL-00027
V-6848,CL-00027
V-6853,CL-00027
PSV-6855,CL-00027
PT-6857,CL-00027
TT-6860,CL-00027
COL-6864,CL-00027
P-6868,CL-00027
TT-6873,CL-00027
PT-6879,CL-00027
E-6880,CL-00027
P-6882,CL-00027
FCV-6887,CL-00027
PT-6888,CL-00027
TT-6891,CL-00027
PSV-6893,CL-00027
LT-6895,CL-00027
V-6896,CL-00027
PT-6904,CL-00027
PSV-6906,CL-00027
LT-6908,CL-00027
COL-6909,CL-00027
V-6914,CL-00027
XV-6917,CL-00027
K-6918,CL-00027
FCV-6925,CL-00027
P-6926,CL-00027
K-6927,CL-00027
COL-6931,CL-00027
FCV-6937,CL-00027
XV-6938,CL-00027
K-6939,CL-00027
TT-6940,CL-00027
E-6949,CL-00027
FT-6955,CL-00027
COL-6965,CL-00027
PSV-6967,CL-00027
TT-6968,CL-00027
K-6972,CL-00027
PSV-6973,CL-00027
XV-6974,CL-00027
K-6975,CL-00027
XV-6977,CL-00027
P-6997,CL-00027
TT-6998,CL-00027
PT-6999,CL-00027
V-7003,CL-00027
COL-7010,CL-00027
PSV-7013,CL-00027
V-7014,CL-00027
TT-7018,CL-00027
TT-7020,CL-00027
LT-7021,CL-00027
V-7024,CL-00027
PSV-7034,CL-00027
P-7035,CL-00027
K-7037,CL-00027
K-7040,CL-00027
TT-7041,CL-00027
E-7046,CL-00027
TT-7048,CL-00027
FCV-7049,CL-00027
FCV-7054,CL-00027
COL-7059,CL-00027
V-7069,CL-00027
FCV-7072,CL-00027
PT-7083,CL-00027
LT-7084,CL-00027
XV-7085,CL-00027
V-7087,CL-00027
E-7088,CL-00027
XV-7090,CL-00027
E-7092,CL-00027
P-7094,CL-00027
COL-7095,CL-00027
XV-7099,CL-00027
XV-7100,CL-00027
TT-7102,CL-00027
K-7104,CL-00027
K-7105,CL-00027
TT-7106,CL-00028
LT-7107,CL-00028
TT-7111,CL-00028
FT-7112,CL-00028
E-7117,CL-00028
LT-7119,CL-00028
E-7128,CL-00028
P-7129,CL-00028
COL-7135,CL-00028
COL-7136,CL-00028
PSV-7139,CL-00028
FT-7140,CL-00028
V-7146,CL-00028
E-7149,CL-00028
COL-7150,CL-00028
PSV-7158,CL-00028
V-7159,CL-00028
LT-7160,CL-00028
E-7164,CL-00028
XV-7166,CL-00028
TT-7167,CL-00028
P-7171,CL-00028
E-7172,CL-00028
P-7176,CL-00028
E-7178,CL-00028
PSV-7180,CL-00028
PSV-7182,CL-00028
E-7184,CL-00028
K-7185,CL-00028
FCV-7196,CL-00028
FCV-7197,CL-00028
K-7203,CL-00028
K-7204,CL-00028
COL-7206,CL-00028
V-7215,CL-00028
FCV-7220,CL-00028
V-7224,CL-00028
P-7226,CL-00028
P-7230,CL-00028
P-7236,CL-00028
LT-7238,CL-00028
FCV-7240,CL-00028
PSV-7243,CL-00028
PT-7245,CL-00028
FT-7248,CL-00028
FCV-7258,CL-00028
PT-7261,CL-00028
PSV-7268,CL-00028
K-7269,CL-00028
E-7272,CL-00028
LT-7275,CL-00028
PT-7276,CL-00028
FT-7283,CL-00028
COL-7284,CL-00028
PSV-7285,CL-00028
E-7288,CL-00028
FT-7289,CL-00028
COL-7290,CL-00028
PSV-7291,CL-00028
FT-7292,CL-00028
PSV-7299,CL-00028
P-7304,CL-00028
FT-7307,CL-00028
XV-7310,CL-00028
FT-7311,CL-00028
COL-7313,CL-00028
FCV-7315,CL-00028
TT-7318,CL-00028
E-7322,CL-00028
PSV-7324,CL-00028
COL-7330,CL-00028
V-7332,CL-00028
XV-7334,CL-00028
TT-7340,CL-00028
FCV-7345,CL-00029
P-7347,CL-00029
K-7349,CL-00029
E-7357,CL-00029
COL-7363,CL-00029
P-7364,CL-00029
COL-7370,CL-00029
V-7372,CL-00029
LT-7374,CL-00029
TT-7385,CL-00029
LT-7387,CL-00029
XV-7388,CL-00029
TT-7389,CL-00029
PSV-7391,CL-00029
V-7393,CL-00029
P-7395,CL-00029
PSV-7401,CL-00029
P-7403,CL-00029
PSV-7404,CL-00029
P-7407,CL-00029
LT-7413,CL-00029
K-7417,CL-00029
PSV-7419,CL-00029
K-7420,CL-00029
PSV-7421,CL-00029
K-7423,CL-00029
E-7424,CL-00029
XV-7426,CL-00029
PSV-7429,CL-00029
FCV-7432,CL-00029
P-7435,CL-00029
E-7437,CL-00029
E-7438,CL-00029
COL-7443,CL-00029
LT-7445,CL-00029
K-7446,CL-00029
V-7450,CL-00029
PSV-7451,CL-00029
V-7455,CL-00029
V-7456,CL-00029
COL-7458,CL-00029
COL-7459,CL-00029
E-7460,CL-00029
LT-7462,CL-00029
P-7465,CL-00029
P-7467,CL-00029
COL-7471,CL-00029
FCV-7472,CL-00029
LT-7473,CL-00029
P-7476,CL-00029
E-7477,CL-00029
P-7478,CL-00029
K-7481,CL-00029
V-7483,CL-00029
PSV-7484,CL-00029
LT-7487,CL-00029
FCV-7490,CL-00029
PSV-7492,CL-00029
XV-7498,CL-00029
TT-7501,CL-00029
XV-7505,CL-00029
P-7506,CL-00029
V-7511,CL-00029
PT-7519,CL-00029
COL-7520,CL-00029
P-7524,CL-00029
LT-7527,CL-00029
FT-7528,CL-00029
PSV-7539,CL-00029
FCV-7543,CL-00029
PT-7545,CL-00029
COL-7546,CL-00029
FT-7549,CL-00029
V-7552,CL-00029
K-7553,CL-00029
V-7554,CL-00029
COL-7560,CL-00029
E-7564,CL-00029
E-7565,CL-00029
PSV-7566,CL-00029
COL-7568,CL-00029
PSV-7572,CL-00029
P-7576,CL-00029
P-7577,CL-00029
P-7580,CL-00029
P-7581,CL-00029
PSV-7582,CL-00029
XV-7583,CL-00029
FT-7593,CL-00029
LT-7594,CL-00029
COL-7595,CL-00029
V-7597,CL-00029
P-7606,CL-00029
P-7607,CL-00029
PSV-7609,CL-00029
P-7614,CL-00029
LT-7615,CL-00029
P-7619,CL-00029
PSV-7626,CL-00029
FT-7627,CL-00029
LT-7628,CL-00029
FT-7629,CL-00029
FT-7641,CL-00029
FCV-7642,CL-00029
E-7643,CL-00029
P-7645,CL-00029
P-7646,CL-00029
PT-7647,CL-00029
P-7651,CL-00029
E-7652,CL-00029
V-7654,CL-00029
PT-7661,CL-00029
P-7665,CL-00029
P-7666,CL-00029
K-7667,CL-00029
P-7669,CL-00029
V-7670,CL-00029
K-7671,CL-00029
FT-7673,CL-00029
TT-7680,CL-00029
V-7686,CL-00029
TT-7697,CL-00029
V-7700,CL-00029
P-7701,CL-00029
P-7703,CL-00029
FT-7704,CL-00029
FCV-7706,CL-00029
LT-7708,CL-00029
P-7714,CL-00029
FT-7720,CL-00029
K-7721,CL-00029
PSV-7722,CL-00029
PSV-7727,CL-00029
FCV-7730,CL-00029
LT-7731,CL-00029
COL-7733,CL-00029
XV-7736,CL-00029
P-7737,CL-00029
FT-7738,CL-00029
V-7741,CL-00029
LT-7742,CL-00029
P-7744,CL-00029
E-7747,CL-00029
V-7748,CL-00029
XV-7752,CL-00029
FT-7761,CL-00029
P-7763,CL-00029
FCV-7766,CL-00029
P-7767,CL-00029
COL-7775,CL-00029
P-7777,CL-00029
P-7778,CL-00029
TT-7781,CL-00029
V-7783,CL-00029
PSV-7785,CL-00029
P-7786,CL-00029
FCV-7793,CL-00029
PT-7795,CL-00029
P-7796,CL-00029
TT-7804,CL-00029
P-7811,CL-00029
FCV-7813,CL-00029
PT-7814,CL-00029
LT-7817,CL-00029
E-7824,CL-00029
K-7827,CL-00029
P-7836,CL-00029
LT-7838,CL-00029
FT-7840,CL-00029
XV-7842,CL-00029
K-7847,CL-00029
P-7851,CL-00029
PT-7852,CL-00029
K-7865,CL-00029
FCV-7866,CL-00029
V-7869,CL-00029
P-7876,CL-00029
XV-7878,CL-00029
V-7880,CL-00029
XV-7881,CL-00029
P-7885,CL-00029
K-7887,CL-00029
K-7900,CL-00029
K-7901,CL-00029
LT-7902,CL-00029
K-7907,CL-00029
P-7910,CL-00029
FCV-7913,CL-00029
E-7915,CL-00029
PT-7919,CL-00029
XV-7920,CL-00029
K-7921,CL-00029
LT-7923,CL-00029
PT-7924,CL-00029
COL-7929,CL-00029
PT-7932,CL-00029
P-7936,CL-00029
TT-7941,CL-00029
K-7942,CL-00029
V-7944,CL-00029
LT-7946,CL-00029
PSV-7949,CL-00029
E-7951,CL-00029
E-7954,CL-00030
XV-7956,CL-00030
PSV-7961,CL-00030
XV-7962,CL-00030
P-7968,CL-00030
PSV-7975,CL-00030
K-7976,CL-00030
PT-7979,CL-00030
FT-7980,CL-00030
PT-7981,CL-00030
COL-7982,CL-00030
TT-7986,CL-00030
PT-7987,CL-00030
E-7994,CL-00030
XV-7996,CL-00030
P-7997,CL-00030
LT-7998,CL-00030
K-8000,CL-00030
K-8003,CL-00030
K-8004,CL-00030
P-8006,CL-00030
LT-8007,CL-00030
TT-8010,CL-00030
FCV-8014,CL-00030
FCV-8015,CL-00030
K-8016,CL-00030
XV-8017,CL-00030
P-8018,CL-00030
PT-8020,CL-00030
P-8022,CL-00030
XV-8023,CL-00030
FT-8027,CL-00030
FT-8028,CL-00030
P-8030,CL-00030
XV-8032,CL-00030
V-8034,CL-00030
E-8036,CL-00030
V-8037,CL-00030
COL-8038,CL-00030
LT-8040,CL-00030
PT-8041,CL-00030
P-8044,CL-00030
FCV-8045,CL-00030
PSV-8047,CL-00030
P-8048,CL-00030
K-8049,CL-00030
PSV-8052,CL-00030
E-8053,CL-00030
K-8057,CL-00030
V-8061,CL-00030
PT-8062,CL-00030
PSV-8067,CL-00030
P-8070,CL-00030
PT-8073,CL-00030
V-8079,CL-00030
K-8080,CL-00030
V-8083,CL-00030
P-8088,CL-00030
PT-8089,CL-00030
V-8096,CL-00030
TT-8098,CL-00030
V-8100,CL-00030
PSV-8102,CL-00030
FT-8104,CL-00030
LT-8108,CL-00030
COL-8109,CL-00030
P-8111,CL-00030
XV-8112,CL-00030
K-8115,CL-00030
PSV-8120,CL-00030
E-8122,CL-00030
FCV-8124,CL-00030
TT-8128,CL-00030
E-8139,CL-00030
FT-8146,CL-00030
P-8152,CL-00030
V-8153,CL-00030
PT-8161,CL-00030
LT-8162,CL-00030
K-8163,CL-00030
LT-8164,CL-00030
LT-8166,CL-00030
P-8171,CL-00030
PSV-8172,CL-00030
FT-8177,CL-00030
PT-8178,CL-00030
P-8181,CL-00030
PT-8191,CL-00030
K-8195,CL-00030
E-8197,CL-00030
P-8198,CL-00030
P-8201,CL-00030
P-8207,CL-00030
FCV-8210,CL-00030
P-8211,CL-00030
PSV-8216,CL-00030
LT-8217,CL-00030
LT-8218,CL-00030
COL-8223,CL-00030
P-8226,CL-00030
PT-8228,CL-00030
PSV-8229,CL-00030
XV-8233,CL-00030
K-8234,CL-00030
FT-8235,CL-00030
FCV-8236,CL-00030
P-8239,CL-00030
FCV-8240,CL-00030
COL-8241,CL-00030
E-8242,CL-00030
P-8247,CL-00030
XV-8248,CL-00030
K-8251,CL-00030
P-8253,CL-00030
E-8254,CL-00030
TT-8255,CL-00030
PT-8260,CL-00030
COL-8263,CL-00030
P-8264,CL-00030
FCV-8266,CL-00030
PT-8267,CL-00030
E-8268,CL-00030
PT-8269,CL-00030
V-8271,CL-00030
PSV-8278,CL-00030
TT-8284,CL-00030
FCV-8287,CL-00030
LT-8290,CL-00030
COL-8299,CL-00030
P-8306,CL-00030
PSV-8307,CL-00030
TT-8308,CL-00030
XV-8309,CL-00030
FCV-8316,CL-00030
TT-8319,CL-00031
E-8321,CL-00031
COL-8322,CL-00031
XV-8324,CL-00031
K-8326,CL-00031
FCV-8329,CL-00031
V-8331,CL-00031
LT-8336,CL-00031
PT-8339,CL-00031
K-8342,CL-00031
XV-8345,CL-00031
PSV-8350,CL-00031
P-8353,CL-00031
PT-8363,CL-00031
FCV-8364,CL-00031
LT-8365,CL-00031
FCV-8366,CL-00031
PSV-8367,CL-00031
TT-8371,CL-00031
V-8376,CL-00031
P-8377,CL-00031
XV-8378,CL-00031
PSV-8384,CL-00031
LT-8387,CL-00031
PSV-8391,CL-00031
PT-8392,CL-00031
XV-8394,CL-00031
FT-8396,CL-00031
COL-8398,CL-00031
PT-8399,CL-00031
PT-8405,CL-00031
E-8406,CL-00031
K-8408,CL-00031
FT-8410,CL-00031
LT-8411,CL-00031
PSV-8413,CL-00031
E-8416,CL-00031
FCV-8420,CL-00031
P-8425,CL-00031
P-8427,CL-00031
PSV-8431,CL-00031
PSV-8432,CL-00031
P-8433,CL-00031
P-8438,CL-00031
P-8439,CL-00031
V-8450,CL-00031
K-8454,CL-00031
TT-8458,CL-00031
P-8462,CL-00031
LT-8463,CL-00031
LT-8464,CL-00031
XV-8465,CL-00031
PSV-8467,CL-00031
FT-8471,CL-00031
LT-8475,CL-00031
V-8479,CL-00031
FT-8482,CL-00031
P-8483,CL-00031
XV-8490,CL-00031
TT-8491,CL-00031
E-8493,CL-00031
P-8495,CL-00031
TT-8496,CL-00031
COL-8498,CL-00031
PSV-8499,CL-00031
E-8500,CL-00031
TT-8505,CL-00031
PT-8506,CL-00031
FCV-8510,CL-00031
FCV-8517,CL-00031
V-8518,CL-00031
K-8520,CL-00031
E-8521,CL-00031
PT-8525,CL-00031
LT-8526,CL-00031
K-8527,CL-00031
PT-8528,CL-00031
PSV-8533,CL-00031
PT-8535,CL-00031
K-8537,CL-00031
P-8538,CL-00031
K-8540,CL-00031
FCV-8543,CL-00031
FCV-8546,CL-00031
V-8549,CL-00031
FCV-8566,CL-00031
K-8568,CL-00031
FT-8570,CL-00031
K-8573,CL-00031
COL-8574,CL-00031
V-8578,CL-00031
PT-8579,CL-00031
TT-8583,CL-00031
E-8586,CL-00031
P-8587,CL-00031
E-8588,CL-00031
FCV-8596,CL-00031
FCV-8603,CL-00031
COL-8604,CL-00031
FT-8607,CL-00031
V-8609,CL-00031
PSV-8612,CL-00031
FT-8622,CL-00031
PSV-8623,CL-00031
FT-8625,CL-00031
PT-8626,CL-00031
P-8628,CL-00031
XV-8632,CL-00031
FT-8633,CL-00031
K-8634,CL-00031
K-8638,CL-00031
TT-8639,CL-00031
PSV-8640,CL-00031
K-8642,CL-00031
V-8643,CL-00031
TT-8646,CL-00031
TT-8647,CL-00031
COL-8648,CL-00031
K-8650,CL-00031
V-8651,CL-00031
FT-8656,CL-00031
FCV-8660,CL-00031
E-8663,CL-00031
P-8670,CL-00031
FT-8672,CL-00031
P-8673,CL-00031
COL-8675,CL-00031
P-8676,CL-00031
P-8677,CL-00031
E-8679,CL-00031
PT-8680,CL-00031
TT-8681,CL-00031
P-8682,CL-00031
COL-8686,CL-00031
FCV-8692,CL-00031
FCV-8693,CL-00031
P-8702,CL-00031
E-8705,CL-00031
P-8708,CL-00031
LT-8713,CL-00031
TT-8714,CL-00031
FT-8715,CL-00031
XV-8716,CL-00031
XV-8725,CL-00031
K-8728,CL-00031
XV-8730,CL-00031
PT-8731,CL-00031
FCV-8732,CL-00031
E-8734,CL-00031
FCV-8739,CL-00031
P-8742,CL-00031
E-8744,CL-00031
LT-8746,CL-00031
K-8747,CL-00031
K-8753,CL-00031
V-8755,CL-00031
COL-8758,CL-00031
PT-8760,CL-00031
COL-8763,CL-00031
TT-8765,CL-00031
P-8769,CL-00031
FT-8770,CL-00031
FT-8771,CL-00031
E-8777,CL-00031
E-8780,CL-00031
PSV-8782,CL-00031
P-8784,CL-00031
P-8786,CL-00031
FCV-8788,CL-00031
P-8789,CL-00031
PSV-8792,CL-00031
V-8793,CL-00031
XV-8794,CL-00031
P-8795,CL-00031
XV-8801,CL-00031
FCV-8802,CL-00031
TT-8804,CL-00031
FCV-8805,CL-00031
COL-8810,CL-00031
COL-8812,CL-00031
COL-8813,CL-00031
V-8817,CL-00031
E-8818,CL-00031
P-8820,CL-00031
FT-8823,CL-00031
FCV-8824,CL-00031
E-8827,CL-00031
V-8828,CL-00031
FCV-8829,CL-00031
PSV-8832,CL-00031
FCV-8835,CL-00031
TT-8841,CL-00031
FT-8844,CL-00031
FT-8845,CL-00031
TT-8846,CL-00031
P-8851,CL-00031
FCV-8857,CL-00031
XV-8859,CL-00031
PT-8861,CL-00031
P-8863,CL-00031
FT-8865,CL-00031
PSV-8868,CL-00031
LT-8870,CL-00031
COL-8879,CL-00032
FCV-8886,CL-00032
E-8887,CL-00032
E-8888,CL-00032
FT-8889,CL-00032
COL-8890,CL-00032
P-8891,CL-00032
PT-8892,CL-00032
FCV-8893,CL-00032
TT-8895,CL-00032
XV-8900,CL-00032
TT-8901,CL-00032
XV-8910,CL-00032
P-8912,CL-00032
XV-8913,CL-00032
PSV-8914,CL-00032
PSV-8915,CL-00032
FCV-8916,CL-00032
E-8917,CL-00032
FCV-8918,CL-00032
COL-8919,CL-00032
LT-8925,CL-00032
TT-8926,CL-00032
P-8928,CL-00032
K-8929,CL-00032
FCV-8931,CL-00032
K-8935,CL-00032
K-8937,CL-00032
XV-8940,CL-00032
FT-8947,CL-00032
PT-8958,CL-00032
XV-8959,CL-00032
V-8961,CL-00032
FCV-8962,CL-00032
LT-8964,CL-00032
PSV-8966,CL-00032
FCV-8969,CL-00032
XV-8971,CL-00032
E-8989,CL-00032
PSV-8991,CL-00032
LT-8996,CL-00032
FCV-8998,CL-00032
COL-9004,CL-00032
P-9010,CL-00032
XV-9012,CL-00032
P-9013,CL-00032
FT-9015,CL-00032
PT-9020,CL-00032
E-9021,CL-00032
TT-9023,CL-00032
FCV-9027,CL-00032
LT-9030,CL-00032
V-9031,CL-00032
E-9033,CL-00032
P-9035,CL-00032
TT-9036,CL-00032
TT-9037,CL-00032
FT-9038,CL-00032
LT-9040,CL-00032
P-9041,CL-00032
TT-9042,CL-00032
PT-9049,CL-00032
TT-9050,CL-00032
K-9060,CL-00032
PSV-9062,CL-00032
E-9065,CL-00032
P-9067,CL-00032
PT-9069,CL-00032
PT-9070,CL-00032
COL-9071,CL-00032
FCV-9072,CL-00032
E-9074,CL-00032
PSV-9076,CL-00032
E-9077,CL-00032
FCV-9078,CL-00032
FT-9079,CL-00032
TT-9084,CL-00032
LT-9085,CL-00032
K-9087,CL-00032
V-9092,CL-00032
E-9093,CL-00032
COL-9095,CL-00032
FT-9106,CL-00032
XV-9107,CL-00032
FT-9108,CL-00032
E-9110,CL-00032
TT-9112,CL-00032
FT-9114,CL-00032
PT-9117,CL-00032
COL-9119,CL-00032
E-9120,CL-00032
PT-9125,CL-00032
FCV-9128,CL-00032
XV-9129,CL-00032
TT-9134,CL-00032
V-9136,CL-00032
XV-9137,CL-00032
FCV-9138,CL-00032
V-9139,CL-00032
FCV-9140,CL-00032
PSV-9142,CL-00032
PT-9145,CL-00032
XV-9149,CL-00032
LT-9152,CL-00032
K-9153,CL-00032
PSV-9156,CL-00032
LT-9157,CL-00032
K-9160,CL-00032
K-9161,CL-00032
FT-9164,CL-00032
TT-9170,CL-00032
TT-9172,CL-00032
P-9173,CL-00032
PT-9174,CL-00032
E-9178,CL-00032
E-9179,CL-00032
V-9181,CL-00032
COL-9186,CL-00032
PT-9189,CL-00032
P-9194,CL-00032
TT-9196,CL-00032
COL-9199,CL-00032
LT-9201,CL-00032
E-9207,CL-00032
PT-9212,CL-00032
P-9213,CL-00032
LT-9214,CL-00032
FT-9216,CL-00032
PSV-9218,CL-00032
PSV-9219,CL-00032
FCV-9225,CL-00032
XV-9227,CL-00032
COL-9229,CL-00032
FCV-9230,CL-00032
P-9234,CL-00032
P-9235,CL-00032
LT-9240,CL-00032
V-9241,CL-00032
XV-9246,CL-00032
COL-9247,CL-00032
E-9252,CL-00032
LT-9254,CL-00032
PT-9259,CL-00032
P-9264,CL-00032
P-9265,CL-00032
LT-9268,CL-00032
LT-9271,CL-00032
FT-9274,CL-00032
P-9279,CL-00032
P-9281,CL-00032
K-9285,CL-00032
P-9286,CL-00032
PT-9287,CL-00032
PT-9288,CL-00032
P-9289,CL-00032
K-9290,CL-00032
P-9291,CL-00032
COL-9293,CL-00032
K-9298,CL-00032
LT-9299,CL-00032
XV-9301,CL-00032
K-9302,CL-00032
FT-9303,CL-00032
P-9304,CL-00032
LT-9305,CL-00032
COL-9309,CL-00032
V-9312,CL-00032
PSV-9316,CL-00032
P-9319,CL-00032
E-9322,CL-00032
P-9324,CL-00032
V-9327,CL-00032
XV-9332,CL-00032
LT-9334,CL-00032
COL-9335,CL-00032
XV-9338,CL-00032
K-9339,CL-00032
PSV-9341,CL-00032
PSV-9345,CL-00032
E-9346,CL-00032
LT-9352,CL-00032
E-9353,CL-00032
FCV-9354,CL-00032
V-9357,CL-00032
TT-9361,CL-00032
PT-9368,CL-00032
P-9371,CL-00033
FCV-9378,CL-00033
P-9379,CL-00033
E-9381,CL-00033
P-9386,CL-00033
V-9387,CL-00033
K-9394,CL-00033
PSV-9395,CL-00033
LT-9400,CL-00033
FCV-9405,CL-00033
K-9407,CL-00033
P-9411,CL-00033
TT-9416,CL-00033
PT-9417,CL-00033
TT-9418,CL-00033
LT-9419,CL-00033
PT-9420,CL-00033
P-9424,CL-00033
FT-9429,CL-00033
FT-9433,CL-00033
FCV-9438,CL-00033
K-9448,CL-00033
P-9449,CL-00033
PSV-9450,CL-00033
XV-9451,CL-00033
PSV-9452,CL-00033
K-9456,CL-00033
P-9457,CL-00033
PSV-9458,CL-00033
E-9459,CL-00033
XV-9461,CL-00033
V-9462,CL-00033
COL-9465,CL-00033
E-9468,CL-00033
PSV-9469,CL-00033
FCV-9471,CL-00033
PT-9473,CL-00033
XV-9474,CL-00033
E-9476,CL-00033
XV-9480,CL-00033
LT-9488,CL-00033
V-9494,CL-00033
TT-9495,CL-00033
FT-9500,CL-00033
V-9505,CL-00033
TT-9509,CL-00033
XV-9510,CL-00033
E-9517,CL-00033
FT-9522,CL-00033
COL-9526,CL-00033
E-9528,CL-00033
PT-9530,CL-00033
V-9533,CL-00033
V-9534,CL-00033
V-9536,CL-00033
K-9538,CL-00033
COL-9544,CL-00033
PT-9549,CL-00033
FT-9551,CL-00033
PT-9552,CL-00033
COL-9558,CL-00033
LT-9563,CL-00033
V-9564,CL-00033
XV-9566,CL-00033
LT-9567,CL-00033
PSV-9571,CL-00033
PT-9574,CL-00033
P-9578,CL-00033
PSV-9579,CL-00033
K-9583,CL-00033
P-9584,CL-00033
P-9585,CL-00033
FT-9591,CL-00033
FCV-9592,CL-00033
LT-9595,CL-00033
FCV-9601,CL-00033
COL-9602,CL-00033
FCV-9604,CL-00033
V-9605,CL-00033
FT-9610,CL-00033
LT-9617,CL-00033
K-9618,CL-00033
COL-9621,CL-00033
PSV-9623,CL-00033
PSV-9625,CL-00033
K-9629,CL-00033
FCV-9630,CL-00033
P-9633,CL-00033
XV-9634,CL-00033
XV-9637,CL-00033
P-9638,CL-00033
TT-9640,CL-00033
FT-9641,CL-00033
PT-9642,CL-00033
FT-9643,CL-00033
XV-9646,CL-00033
XV-9651,CL-00033
COL-9656,CL-00033
COL-9661,CL-00033
COL-9662,CL-00033
PSV-9665,CL-00033
K-9671,CL-00033
P-9672,CL-00033
FCV-9674,CL-00033
P-9675,CL-00033
TT-9677,CL-00033
P-9687,CL-00033
E-9699,CL-00033
FT-9701,CL-00033
P-9703,CL-00033
P-9707,CL-00033
PSV-9710,CL-00033
V-9713,CL-00033
FCV-9722,CL-00033
TT-9724,CL-00033
E-9726,CL-00033
PSV-9728,CL-00033
FCV-9729,CL-00033
TT-9736,CL-00033
FCV-9738,CL-00033
COL-9740,CL-00033
FT-9742,CL-00033
TT-9743,CL-00033
PSV-9746,CL-00033
LT-9751,CL-00034
FT-9752,CL-00034
P-9753,CL-00034
E-9755,CL-00034
V-9765,CL-00034
FCV-9768,CL-00034
V-9769,CL-00034
E-9770,CL-00034
E-9771,CL-00034
PSV-9778,CL-00034
K-9780,CL-00034
PT-9781,CL-00034
P-9782,CL-00034
FT-9783,CL-00034
V-9785,CL-00034
E-9787,CL-00034
PT-9788,CL-00034
XV-9789,CL-00034
FCV-9791,CL-00034
V-9800,CL-00034
K-9802,CL-00034
COL-9804,CL-00034
P-9813,CL-00034
P-9815,CL-00034
LT-9816,CL-00034
P-9817,CL-00034
FT-9818,CL-00034
V-9820,CL-00034
COL-9823,CL-00034
FT-9824,CL-00034
PSV-9825,CL-00034
COL-9828,CL-00034
FCV-9835,CL-00034
PT-9838,CL-00034
PSV-9839,CL-00034
P-9842,CL-00034
LT-9843,CL-00034
V-9851,CL-00034
E-9852,CL-00034
PT-9856,CL-00034
FT-9861,CL-00034
PSV-9864,CL-00034
P-9865,CL-00034
E-9867,CL-00034
E-9869,CL-00034
K-9871,CL-00034
P-9872,CL-00034
E-9873,CL-00034
FT-9874,CL-00034
K-9876,CL-00034
FCV-9879,CL-00034
FT-9880,CL-00034
K-9882,CL-00034
P-9883,CL-00034
FCV-9884,CL-00034
PSV-9885,CL-00034
LT-9886,CL-00034
K-9888,CL-00034
PT-9894,CL-00034
PT-9896,CL-00034
XV-9897,CL-00034
FT-9899,CL-00034
PSV-9900,CL-00034
FT-9906,CL-00034
K-9909,CL-00034
P-9913,CL-00034
LT-9915,CL-00034
K-9916,CL-00034
LT-9920,CL-00034
LT-9922,CL-00034
FCV-9924,CL-00034
E-9927,CL-00034
E-9928,CL-00034
P-9930,CL-00034
TT-9933,CL-00034
PT-9936,CL-00034
LT-9937,CL-00034
FT-9938,CL-00034
P-9939,CL-00034
FCV-9940,CL-00034
LT-9941,CL-00034
P-9945,CL-00034
PT-9946,CL-00034
XV-9947,CL-00034
P-9949,CL-00034
P-9950,CL-00034
K-9951,CL-00034
K-9959,CL-00034
P-9962,CL-00034
P-9964,CL-00034
LT-9970,CL-00034
PSV-9973,CL-00034
P-9977,CL-00034
FT-9978,CL-00034
PSV-9985,CL-00034
V-9990,CL-00034
P-9991,CL-00034
TT-9993,CL-00034
XV-9994,CL-00034
FT-9995,CL-00034
COL-9999,CL-00034
LT-10004,CL-00034
PSV-10005,CL-00034
FCV-10006,CL-00034
PSV-10011,CL-00034
TT-10016,CL-00034
COL-10023,CL-00034
FT-10024,CL-00034
V-10025,CL-00034
LT-10026,CL-00034
XV-10030,CL-00034
P-10035,CL-00034
V-10036,CL-00034
XV-10037,CL-00034
LT-10042,CL-00034
PT-10045,CL-00034
PT-10053,CL-00034
V-10059,CL-00034
TT-10061,CL-00034
E-10069,CL-00034
TT-10074,CL-00034
TT-10076,CL-00034
V-10079,CL-00034
FCV-10083,CL-00034
XV-10084,CL-00034
PSV-10085,CL-00034
E-10086,CL-00034
E-10087,CL-00034
LT-10091,CL-00034
PT-10094,CL-00034
FCV-10101,CL-00034
PSV-10103,CL-00034
E-10104,CL-00034
PSV-10108,CL-00034
COL-10109,CL-00034
E-10110,CL-00034
TT-10115,CL-00034
LT-10118,CL-00034
PT-10119,CL-00034
K-10121,CL-00034
COL-10125,CL-00034
XV-10127,CL-00034
TT-10134,CL-00035
TT-10136,CL-00035
LT-10137,CL-00036
TT-10139,CL-00036
FT-10143,CL-00035
XV-10146,CL-00036
P-10147,CL-00035
COL-10148,CL-00036
P-10152,CL-00035
V-10155,CL-00035
FCV-10159,CL-00036
V-10160,CL-00035
TT-10164,CL-00035
PSV-10166,CL-00035
TT-10168,CL-00035
LT-10171,CL-00036
P-10174,CL-00036
P-10176,CL-00035
PSV-10177,CL-00036
PT-10181,CL-00035
LT-10185,CL-00035
E-10189,CL-00035
V-10191,CL-00036
P-10194,CL-00036
FT-10195,CL-00036
PSV-10196,CL-00036
FT-10197,CL-00035
LT-10200,CL-00035
FCV-10201,CL-00036
E-10204,CL-00035
TT-10206,CL-00035
PT-10210,CL-00036
COL-10214,CL-00036
PSV-10217,CL-00036
COL-10218,CL-00035
PT-10219,CL-00035
COL-10221,CL-00035
FCV-10223,CL-00036
FT-10229,CL-00036
COL-10234,CL-00036
FT-10237,CL-00035
K-10240,CL-00036
V-10241,CL-00035
LT-10242,CL-00036
V-10244,CL-00036
PSV-10245,CL-00036
K-10246,CL-00036
FCV-10248,CL-00036
LT-10249,CL-00036
PSV-10250,CL-00036
E-10252,CL-00035
PT-10257,CL-00036
PT-10260,CL-00035
XV-10265,CL-00036
PT-10270,CL-00036
PT-10274,CL-00036
PSV-10278,CL-00035
V-10279,CL-00036
FT-10287,CL-00035
FT-10290,CL-00035
P-10292,CL-00036
E-10295,CL-00036
FCV-10296,CL-00036
LT-10297,CL-00036
XV-10299,CL-00036
PSV-10302,CL-00036
FCV-10303,CL-00036
P-10308,CL-00036
FT-10311,CL-00036
P-10312,CL-00035
TT-10320,CL-00036
PSV-10323,CL-00035
K-10334,CL-00035
FT-10341,CL-00036
PSV-10344,CL-00035
P-10345,CL-00036
P-10347,CL-00035
P-10348,CL-00036
FT-10353,CL-00035
P-10356,CL-00035
FCV-10357,CL-00036
V-10362,CL-00035
PSV-10366,CL-00036
XV-10367,CL-00036
PT-10374,CL-00035
K-10375,CL-00036
PT-10379,CL-00036
FCV-10381,CL-00035
PSV-10387,CL-00035
PT-10390,CL-00036
FCV-10391,CL-00036
TT-10394,CL-00036
PT-10396,CL-00036
TT-10398,CL-00035
V-10403,CL-00035
XV-10407,CL-00038
LT-10408,CL-00037
TT-10409,CL-00038
LT-10414,CL-00038
P-10417,CL-00038
K-10419,CL-00038
XV-10420,CL-00038
XV-10422,CL-00038
V-10423,CL-00037
E-10426,CL-00038
PT-10428,CL-00038
V-10437,CL-00038
FCV-10438,CL-00037
LT-10439,CL-00038
P-10451,CL-00037
FCV-10452,CL-00038
FT-10453,CL-00038
PSV-10455,CL-00038
P-10456,CL-00038
E-10460,CL-00037
LT-10461,CL-00038
K-10462,CL-00038
TT-10467,CL-00037
K-10469,CL-00037
FT-10473,CL-00037
E-10476,CL-00037
E-10478,CL-00037
TT-10480,CL-00037
K-10482,CL-00037
P-10483,CL-00037
FCV-10485,CL-00038
COL-10489,CL-00038
PT-10490,CL-00038
FT-10492,CL-00037
V-10494,CL-00038
P-10497,CL-00037
PSV-10498,CL-00037
COL-10503,CL-00037
FT-10504,CL-00037
PT-10505,CL-00038
PT-10509,CL-00037
K-10510,CL-00038
PT-10514,CL-00037
XV-10517,CL-00037
E-10519,CL-00037
PSV-10522,CL-00037
FCV-10524,CL-00038
XV-10528,CL-00037
LT-10531,CL-00037
LT-10536,CL-00037
FCV-10543,CL-00038
E-10544,CL-00037
P-10548,CL-00038
P-10549,CL-00037
V-10553,CL-00037
E-10558,CL-00038
FT-10560,CL-00038
TT-10562,CL-00038
PSV-10565,CL-00038
P-10567,CL-00038
P-10571,CL-00038
LT-10574,CL-00037
K-10577,CL-00037
XV-10582,CL-00038
P-10588,CL-00037
COL-10589,CL-00038
P-10591,CL-00038
P-10593,CL-00037
LT-10595,CL-00038
V-10598,CL-00038
V-10603,CL-00037
XV-10604,CL-00038
FT-10606,CL-00037
K-10609,CL-00038
E-10611,CL-00038
LT-10616,CL-00038
P-10617,CL-00037
P-10619,CL-00037
K-10621,CL-00037
V-10626,CL-00038
COL-10628,CL-00038
V-10629,CL-00037
K-10630,CL-00038
TT-10631,CL-00037
LT-10632,CL-00037
LT-10633,CL-00037
COL-10634,CL-00038
K-10637,CL-00037
K-10639,CL-00038
PT-10641,CL-00037
PT-10643,CL-00037
LT-10648,CL-00037
XV-10650,CL-00037
K-10651,CL-00037
FT-10652,CL-00037
COL-10663,CL-00037
XV-10668,CL-00037
XV-10673,CL-00037
LT-10678,CL-00037
PT-10679,CL-00037
TT-10681,CL-00038
COL-10682,CL-00037
XV-10684,CL-00037
V-10686,CL-00037
P-10687,CL-00037
K-10691,CL-00037
COL-10694,CL-00037
PSV-10698,CL-00037
K-10701,CL-00037
PT-10703,CL-00037
PT-10705,CL-00037
P-10706,CL-00037
V-10708,CL-00037
XV-10718,CL-00040
V-10720,CL-00040
FT-10722,CL-00040
FT-10724,CL-00039
V-10726,CL-00040
V-10728,CL-00040
XV-10730,CL-00039
FCV-10732,CL-00039
P-10734,CL-00039
E-10737,CL-00040
V-10740,CL-00040
FCV-10745,CL-00040
P-10746,CL-00039
LT-10754,CL-00040
P-10756,CL-00039
E-10758,CL-00040
XV-10767,CL-00040
LT-10770,CL-00039
V-10771,CL-00039
FT-10773,CL-00039
TT-10778,CL-00039
FT-10779,CL-00039
PT-10782,CL-00040
PSV-10784,CL-00040
E-10787,CL-00039
PT-10788,CL-00039
XV-10793,CL-00039
TT-10797,CL-00039
P-10804,CL-00040
K-10808,CL-00039
LT-10820,CL-00039
LT-10822,CL-00040
P-10823,CL-00039
XV-10828,CL-00039
LT-10829,CL-00040
K-10830,CL-00039
TT-10835,CL-00039
TT-10837,CL-00040
XV-10841,CL-00039
P-10843,CL-00039
FT-10845,CL-00040
FCV-10852,CL-00039
TT-10859,CL-00040
V-10871,CL-00040
E-10879,CL-00040
P-10882,CL-00040
FT-10883,CL-00039
TT-10886,CL-00040
E-10887,CL-00039
FCV-10888,CL-00039
COL-10890,CL-00040
V-10896,CL-00040
LT-10897,CL-00039
FT-10899,CL-00040
P-10907,CL-00040
K-10912,CL-00039
PSV-10914,CL-00039
PSV-10916,CL-00040
V-10918,CL-00039
FCV-10920,CL-00040
E-10929,CL-00040
PT-10931,CL-00039
FT-10937,CL-00040
TT-10939,CL-00040
V-10941,CL-00039
V-10942,CL-00039
P-10943,CL-00039
FCV-10949,CL-00039
FCV-10950,CL-00040
V-10951,CL-00040
TT-10959,CL-00040
E-10962,CL-00040
P-10966,CL-00039
LT-10967,CL-00039
FCV-10968,CL-00039
FCV-10969,CL-00040
TT-10972,CL-00040
LT-10975,CL-00039
P-10979,CL-00040
XV-10989,CL-00040
XV-10990,CL-00040
XV-10994,CL-00039
PT-10996,CL-00039
TT-11002,CL-00040
V-11005,CL-00039
P-11011,CL-00040
FT-11012,CL-00039
XV-11014,CL-00040
XV-11015,CL-00039
P-11016,CL-00040
V-11019,CL-00039
V-11020,CL-00039
FCV-11021,CL-00040
K-11022,CL-00039
XV-11023,CL-00039
K-11024,CL-00040
P-11026,CL-00040
TT-11029,CL-00040
FT-11036,CL-00039
COL-11041,CL-00040
LT-11043,CL-00039
PT-11045,CL-00040
V-11046,CL-00039
FCV-11049,CL-00039
XV-11052,CL-00041
FT-11053,CL-00041
K-11062,CL-00041
P-11063,CL-00042
XV-11064,CL-00042
PSV-11067,CL-00042
PSV-11068,CL-00042
PT-11069,CL-00041
XV-11073,CL-00041
P-11074,CL-00042
COL-11076,CL-00041
P-11077,CL-00042
PSV-11080,CL-00042
XV-11084,CL-00041
E-11085,CL-00041
FCV-11091,CL-00042
V-11093,CL-00041
XV-11095,CL-00041
PSV-11096,CL-00042
COL-11108,CL-00041
COL-11110,CL-00042
XV-11111,CL-00041
PT-11115,CL-00041
K-11117,CL-00041
XV-11119,CL-00042
P-11123,CL-00042
V-11124,CL-00041
P-11127,CL-00042
TT-11130,CL-00042
P-11131,CL-00042
FT-11137,CL-00042
COL-11145,CL-00041
V-11146,CL-00041
E-11148,CL-00041
XV-11149,CL-00041
XV-11151,CL-00042
P-11153,CL-00042
PSV-11156,CL-00042
LT-11165,CL-00042
PSV-11166,CL-00042
COL-11171,CL-00041
LT-11174,CL-00042
K-11189,CL-00042
FCV-11192,CL-00042
V-11193,CL-00041
PSV-11196,CL-00041
COL-11197,CL-00041
V-11198,CL-00042
K-11202,CL-00041
P-11204,CL-00042
P-11210,CL-00042
FCV-11213,CL-00042
TT-11217,CL-00042
XV-11219,CL-00041
P-11221,CL-00042
FCV-11224,CL-00042
XV-11226,CL-00041
LT-11230,CL-00041
PT-11231,CL-00041
P-11238,CL-00041
P-11239,CL-00041
V-11246,CL-00042
K-11248,CL-00041
FT-11249,CL-00041
P-11256,CL-00042
XV-11259,CL-00041
V-11261,CL-00042
PT-11262,CL-00041
LT-11265,CL-00041
P-11268,CL-00041
K-11269,CL-00041
PT-11273,CL-00041
V-11275,CL-00041
FCV-11276,CL-00042
PT-11278,CL-00041
V-11283,CL-00042
K-11284,CL-00042
PSV-11285,CL-00041
K-11288,CL-00042
K-11290,CL-00041
FT-11292,CL-00042
P-11296,CL-00042
V-11304,CL-00042
V-11305,CL-00041
PSV-11308,CL-00041
E-11313,CL-00041
FCV-11322,CL-00043
PSV-11324,CL-00043
COL-11329,CL-00043
TT-11330,CL-00043
V-11332,CL-00043
FT-11335,CL-00043
P-11336,CL-00043
XV-11340,CL-00043
TT-11341,CL-00043
TT-11342,CL-00043
LT-11343,CL-00043
PSV-11344,CL-00043
FCV-11345,CL-00043
P-11363,CL-00043
P-11365,CL-00043
XV-11367,CL-00043
E-11373,CL-00043
FCV-11374,CL-00043
XV-11375,CL-00043
P-11381,CL-00043
K-11383,CL-00043
FCV-11392,CL-00043
PT-11400,CL-00043
V-11404,CL-00043
FT-11408,CL-00043
V-11412,CL-00043
E-11415,CL-00043
K-11418,CL-00043
COL-11419,CL-00043
K-11420,CL-00043
LT-11421,CL-00043
PT-11429,CL-00043
TT-11430,CL-00043
P-11433,CL-00043
P-11435,CL-00043
TT-11437,CL-00043
P-11441,CL-00043
FT-11443,CL-00043
K-11444,CL-00043
XV-11449,CL-00043
K-11450,CL-00043
E-11453,CL-00043
E-11458,CL-00043
P-11459,CL-00043
K-11464,CL-00043
PSV-11469,CL-00043
TT-11472,CL-00043
XV-11474,CL-00043
PT-11477,CL-00043
V-11479,CL-00043
P-11481,CL-00043
LT-11484,CL-00043
LT-11488,CL-00043
LT-11489,CL-00043
K-11490,CL-00043
PT-11491,CL-00043
K-11499,CL-00043
FCV-11502,CL-00043
XV-11508,CL-00043
TT-11509,CL-00043
XV-11512,CL-00043
P-11513,CL-00043
P-11514,CL-00043
V-11516,CL-00043
P-11523,CL-00043
P-11524,CL-00043
FT-11527,CL-00043
TT-11529,CL-00043
P-11531,CL-00043
PSV-11537,CL-00043
FCV-11543,CL-00043
PSV-11544,CL-00043
COL-11546,CL-00043
LT-11548,CL-00043
TT-11550,CL-00043
COL-11560,CL-00043
COL-11573,CL-00043
XV-11574,CL-00043
P-11575,CL-00043
LT-11578,CL-00043
PT-11579,CL-00043
FCV-11582,CL-00043
PSV-11586,CL-00043
K-11587,CL-00043
FT-11588,CL-00043
P-11595,CL-00043
FCV-11602,CL-00043
K-11603,CL-00043
PSV-11606,CL-00043
LT-11607,CL-00043
TT-11608,CL-00043
COL-11612,CL-00043
FT-11620,CL-00043
E-11625,CL-00043
XV-11629,CL-00043
V-11638,CL-00043
PT-11644,CL-00043
XV-11645,CL-00043
COL-11649,CL-00044
LT-11650,CL-00044
P-11651,CL-00045
PT-11652,CL-00045
COL-11659,CL-00044
P-11660,CL-00044
LT-11662,CL-00045
P-11663,CL-00045
FT-11664,CL-00045
P-11669,CL-00044
P-11670,CL-00045
PSV-11672,CL-00045
P-11674,CL-00044
XV-11676,CL-00045
FT-11681,CL-00044
P-11682,CL-00045
PT-11684,CL-00045
P-11685,CL-00045
COL-11686,CL-00045
COL-11692,CL-00044
PT-11696,CL-00044
XV-11704,CL-00045
E-11705,CL-00045
P-11707,CL-00044
P-11708,CL-00045
FT-11710,CL-00044
E-11712,CL-00044
K-11714,CL-00044
LT-11716,CL-00045
LT-11718,CL-00044
PSV-11724,CL-00044
XV-11726,CL-00045
P-11727,CL-00045
P-11731,CL-00044
XV-11735,CL-00044
P-11736,CL-00045
P-11739,CL-00045
LT-11741,CL-00044
COL-11747,CL-00044
V-11749,CL-00044
XV-11750,CL-00045
LT-11751,CL-00044
K-11754,CL-00045
COL-11755,CL-00045
K-11757,CL-00044
LT-11760,CL-00045
XV-11764,CL-00044
P-11765,CL-00045
LT-11773,CL-00045
TT-11775,CL-00045
FT-11780,CL-00045
P-11784,CL-00045
V-11786,CL-00044
P-11788,CL-00045
E-11795,CL-00045
K-11797,CL-00045
PT-11798,CL-00044
COL-11799,CL-00044
FT-11804,CL-00044
LT-11812,CL-00045
LT-11814,CL-00045
TT-11818,CL-00044
E-11823,CL-00045
P-11836,CL-00045
TT-11840,CL-00044
LT-11844,CL-00044
FCV-11846,CL-00044
E-11847,CL-00045
TT-11848,CL-00045
P-11849,CL-00045
XV-11850,CL-00044
XV-11855,CL-00044
FCV-11856,CL-00045
COL-11857,CL-00045
FT-11863,CL-00044
FCV-11864,CL-00044
XV-11865,CL-00045
FCV-11869,CL-00045
P-11871,CL-00044
LT-11872,CL-00045
LT-11873,CL-00044
P-11876,CL-00045
FT-11877,CL-00045
PT-11878,CL-00045
PSV-11883,CL-00045
P-11884,CL-00045
V-11886,CL-00044
K-11894,CL-00044
K-11895,CL-00044
PT-11898,CL-00045
FCV-11899,CL-00045
K-11902,CL-00045
V-11903,CL-00044
LT-11904,CL-00045
V-11910,CL-00045
COL-11913,CL-00045
FCV-11919,CL-00044
E-11922,CL-00045
LT-11927,CL-00044
P-11928,CL-00045
FT-11931,CL-00045
COL-11938,CL-00045
V-11940,CL-00044
FT-11947,CL-00045
XV-11948,CL-00045
COL-11950,CL-00045
V-11958,CL-00044
LT-11962,CL-00045
FT-11963,CL-00044
FCV-11964,CL-00045
FCV-11966,CL-00046
E-11967,CL-00046
PT-11970,CL-00046
P-11980,CL-00046
PT-11982,CL-00046
PT-11984,CL-00046
LT-11985,CL-00046
PT-11987,CL-00046
E-11988,CL-00046
COL-11989,CL-00046
P-11990,CL-00046
PT-11994,CL-00046
V-11997,CL-00046
XV-12000,CL-00046
TT-12003,CL-00046
COL-12013,CL-00046
V-12016,CL-00046
E-12017,CL-00046
TT-12018,CL-00046
PSV-12021,CL-00046
TT-12023,CL-00046
FT-12024,CL-00046
E-12025,CL-00046
XV-12028,CL-00046
COL-12033,CL-00046
LT-12036,CL-00046
K-12039,CL-00046
XV-12041,CL-00046
PT-12048,CL-00046
PT-12058,CL-00046
PT-12059,CL-00046
V-12060,CL-00046
P-12064,CL-00046
E-12065,CL-00046
XV-12070,CL-00046
P-12071,CL-00046
TT-12075,CL-00046
FCV-12076,CL-00046
FT-12078,CL-00046
FT-12080,CL-00046
PSV-12086,CL-00046
FT-12087,CL-00046
P-12095,CL-00046
K-12100,CL-00046
FT-12102,CL-00046
TT-12104,CL-00046
XV-12105,CL-00046
LT-12106,CL-00046
FT-12107,CL-00046
TT-12108,CL-00046
PT-12109,CL-00046
E-12115,CL-00046
P-12119,CL-00046
FCV-12120,CL-00046
FT-12121,CL-00046
V-12124,CL-00046
FCV-12128,CL-00046
XV-12130,CL-00046
PT-12131,CL-00046
LT-12132,CL-00046
COL-12140,CL-00046
K-12145,CL-00046
P-12146,CL-00046
E-12147,CL-00046
LT-12149,CL-00046
FCV-12151,CL-00046
FCV-12155,CL-00046
FT-12161,CL-00046
V-12165,CL-00046
XV-12167,CL-00046
E-12168,CL-00046
E-12177,CL-00046
LT-12179,CL-00046
E-12181,CL-00046
K-12182,CL-00046
TT-12184,CL-00046
V-12185,CL-00046
V-12190,CL-00046
P-12192,CL-00046
P-12199,CL-00046
FCV-12204,CL-00046
TT-12205,CL-00046
PSV-12208,CL-00046
K-12211,CL-00046
COL-12214,CL-00046
LT-12215,CL-00046
PSV-12217,CL-00046
PT-12218,CL-00046
PSV-12222,CL-00046
FT-12226,CL-00046
P-12227,CL-00046
COL-12228,CL-00046
E-12235,CL-00046
FT-12239,CL-00046
P-12241,CL-00047
P-12242,CL-00048
PT-12245,CL-00047
K-12249,CL-00047
P-12253,CL-00048
XV-12257,CL-00048
COL-12261,CL-00048
FCV-12262,CL-00048
P-12265,CL-00048
PT-12266,CL-00047
P-12267,CL-00047
V-12268,CL-00048
V-12270,CL-00048
E-12272,CL-00047
TT-12273,CL-00047
PSV-12274,CL-00048
V-12278,CL-00047
PT-12281,CL-00047
PT-12283,CL-00048
P-12291,CL-00048
FCV-12298,CL-00048
V-12303,CL-00048
TT-12305,CL-00048
P-12311,CL-00047
FCV-12315,CL-00047
P-12319,CL-00047
PSV-12320,CL-00048
V-12322,CL-00047
COL-12330,CL-00048
TT-12334,CL-00048
LT-12335,CL-00047
FCV-12339,CL-00047
FCV-12342,CL-00048
FT-12345,CL-00047
TT-12350,CL-00048
P-12351,CL-00048
PT-12355,CL-00048
PT-12356,CL-00048
P-12358,CL-00048
COL-12360,CL-00048
COL-12362,CL-00048
XV-12363,CL-00047
XV-12366,CL-00048
FCV-12367,CL-00048
FCV-12368,CL-00048
P-12370,CL-00048
PT-12372,CL-00047
TT-12373,CL-00047
PSV-12374,CL-00047
FCV-12376,CL-00048
XV-12377,CL-00048
V-12380,CL-00047
P-12384,CL-00047
XV-12385,CL-00047
P-12389,CL-00048
P-12391,CL-00047
PT-12392,CL-00048
LT-12393,CL-00047
PSV-12395,CL-00048
FT-12397,CL-00047
P-12404,CL-00048
P-12405,CL-00047
E-12406,CL-00048
K-12410,CL-00047
E-12411,CL-00047
PT-12412,CL-00047
V-12414,CL-00047
E-12418,CL-00048
TT-12420,CL-00048
V-12421,CL-00048
K-12425,CL-00048
V-12426,CL-00048
E-12428,CL-00048
V-12430,CL-00047
P-12431,CL-00047
FT-12436,CL-00048
PSV-12439,CL-00047
TT-12440,CL-00047
COL-12441,CL-00047
P-12442,CL-00048
FCV-12443,CL-00047
V-12444,CL-00047
E-12446,CL-00047
XV-12449,CL-00047
PSV-12453,CL-00047
V-12462,CL-00048
FT-12465,CL-00047
K-12468,CL-00048
PT-12469,CL-00047
P-12472,CL-00048
FT-12474,CL-00048
PSV-12475,CL-00048
E-12480,CL-00047
FCV-12482,CL-00048
FCV-12485,CL-00048
FCV-12489,CL-00047
FCV-12490,CL-00048
E-12497,CL-00047
LT-12499,CL-00047
P-12505,CL-00047
FT-12508,CL-00048
PSV-12514,CL-00048
XV-12515,CL-00048
PT-12519,CL-00048
E-12520,CL-00047
PSV-12524,CL-00047
P-12534,CL-00048
XV-12535,CL-00048
COL-12536,CL-00048
P-12538,CL-00048
FCV-12540,CL-00048
V-12541,CL-00048
P-12542,CL-00047
FT-12545,CL-00047
PT-12546,CL-00048
LT-12548,CL-00047
P-12552,CL-00047
FT-12562,CL-00047
P-12564,CL-00048
P-12575,CL-00048
PSV-12576,CL-00048
K-12577,CL-00047
V-12578,CL-00048
E-12579,CL-00047
V-12584,CL-00047
PSV-12587,CL-00048
V-12589,CL-00048
XV-12590,CL-00048
PSV-12593,CL-00047
P-12594,CL-00048
E-12597,CL-00047
K-12601,CL-00047
V-12605,CL-00048
K-12608,CL-00047
TT-12610,CL-00047
PT-12612,CL-00047
COL-12614,CL-00047
PT-12616,CL-00048
LT-12618,CL-00048
K-12619,CL-00047
FT-12620,CL-00047
TT-12621,CL-00047
COL-12625,CL-00048
K-12627,CL-00048
K-12628,CL-00048
PSV-12632,CL-00048
P-12633,CL-00048
LT-12635,CL-00047
COL-12636,CL-00047
LT-12645,CL-00048
K-12646,CL-00047
FT-12650,CL-00048
P-12651,CL-00047
PSV-12654,CL-00047
V-12658,CL-00048
LT-12659,CL-00048
COL-12661,CL-00048
PT-12666,CL-00048
XV-12667,CL-00047
COL-12669,CL-00048
E-12670,CL-00047
K-12676,CL-00047
PT-12682,CL-00048
V-12683,CL-00048
E-12685,CL-00047
K-12690,CL-00047
FCV-12691,CL-00048
P-12694,CL-00047
TT-12703,CL-00047
COL-12704,CL-00047
P-12706,CL-00048
PSV-12708,CL-00048
P-12710,CL-00048
TT-12711,CL-00047
P-12713,CL-00048
E-12715,CL-00047
PSV-12717,CL-00047
V-12718,CL-00047
PT-12719,CL-00048
V-12721,CL-00047
PSV-12723,CL-00048
P-12724,CL-00048
E-12725,CL-00048
P-12726,CL-00047
PSV-12727,CL-00048
COL-12728,CL-00047
P-12729,CL-00047
COL-12730,CL-00047
COL-12733,CL-00047
FT-12734,CL-00047
COL-12735,CL-00048
COL-12737,CL-00048
LT-12743,CL-00047
PSV-12744,CL-00048
FCV-12745,CL-00047
PSV-12747,CL-00047
FT-12750,CL-00047
LT-12751,CL-00048
LT-12752,CL-00048
FT-12756,CL-00047
PSV-12757,CL-00047
TT-12759,CL-00047
TT-12760,CL-00048
XV-12761,CL-00047
PT-12763,CL-00048
TT-12767,CL-00048
FCV-12771,CL-00048
K-12773,CL-00047
E-12776,CL-00047
P-12778,CL-00047
PT-12779,CL-00047
FT-12780,CL-00047
V-12782,CL-00047
TT-12783,CL-00048
E-12786,CL-00047
E-12790,CL-00047
PT-12791,CL-00047
FT-12793,CL-00048
PT-12795,CL-00048
P-12797,CL-00048
E-12798,CL-00048
P-12807,CL-00047
COL-12811,CL-00047
FT-12814,CL-00048
LT-12821,CL-00048
TT-12823,CL-00049
E-12828,CL-00049
E-12830,CL-00049
P-12834,CL-00050
FT-12847,CL-00050
COL-12849,CL-00050
K-12855,CL-00049
V-12857,CL-00050
XV-12858,CL-00050
TT-12867,CL-00049
LT-12868,CL-00050
PT-12879,CL-00050
COL-12882,CL-00049
XV-12887,CL-00050
P-12890,CL-00049
K-12893,CL-00050
K-12897,CL-00049
P-12899,CL-00049
P-12905,CL-00050
FCV-12906,CL-00049
XV-12907,CL-00050
PSV-12910,CL-00049
E-12911,CL-00050
FCV-12915,CL-00049
P-12917,CL-00050
LT-12922,CL-00049
K-12924,CL-00049
K-12925,CL-00050
K-12926,CL-00049
PT-12928,CL-00049
XV-12930,CL-00049
XV-12932,CL-00050
E-12935,CL-00049
PT-12938,CL-00050
PSV-12940,CL-00049
TT-12944,CL-00049
PT-12946,CL-00049
XV-12947,CL-00049
XV-12950,CL-00050
E-12956,CL-00050
P-12960,CL-00049
FCV-12968,CL-00050
FT-12973,CL-00050
FT-12974,CL-00049
PSV-12980,CL-00050
P-12987,CL-00050
PSV-12990,CL-00050
E-12998,CL-00050
E-13001,CL-00050
FT-13002,CL-00049
P-13003,CL-00050
FT-13004,CL-00050
PSV-13006,CL-00050
K-13008,CL-00049
PT-13009,CL-00049
COL-13012,CL-00050
P-13014,CL-00050
LT-13015,CL-00050
V-13017,CL-00050
FT-13021,CL-00049
P-13023,CL-00050
COL-13026,CL-00050
FT-13027,CL-00051
LT-13030,CL-00051
LT-13034,CL-00051
FCV-13036,CL-00052
PSV-13037,CL-00052
E-13038,CL-00052
TT-13040,CL-00051
P-13044,CL-00052
K-13047,CL-00051
FCV-13049,CL-00052
K-13052,CL-00052
FCV-13055,CL-00052
COL-13059,CL-00052
V-13065,CL-00052
P-13066,CL-00052
FCV-13067,CL-00051
TT-13068,CL-00052
P-13069,CL-00052
E-13070,CL-00052
LT-13071,CL-00052
E-13073,CL-00051
COL-13075,CL-00052
FT-13078,CL-00051
PSV-13082,CL-00051
LT-13083,CL-00051
FCV-13086,CL-00051
P-13087,CL-00052
P-13089,CL-00052
P-13090,CL-00051
TT-13092,CL-00051
P-13094,CL-00052
PSV-13097,CL-00052
E-13098,CL-00052
TT-13101,CL-00052
FT-13103,CL-00051
P-13106,CL-00051
P-13107,CL-00052
E-13113,CL-00051
PT-13119,CL-00051
V-13121,CL-00051
V-13122,CL-00051
LT-13123,CL-00051
FT-13126,CL-00051
LT-13129,CL-00051
XV-13138,CL-00052
FCV-13139,CL-00052
XV-13142,CL-00051
FCV-13145,CL-00052
FCV-13147,CL-00052
P-13149,CL-00051
XV-13152,CL-00051
COL-13153,CL-00052
TT-13159,CL-00051
FT-13161,CL-00051
FT-13163,CL-00052
XV-13164,CL-00052
FCV-13167,CL-00052
V-13168,CL-00051
V-13169,CL-00052
TT-13178,CL-00051
P-13181,CL-00051
K-13184,CL-00051
K-13185,CL-00052
K-13189,CL-00051
TT-13192,CL-00051
FCV-13194,CL-00051
PT-13199,CL-00052
PSV-13200,CL-00052
FT-13201,CL-00051
XV-13205,CL-00052
LT-13207,CL-00052
P-13210,CL-00052
COL-13212,CL-00052
FCV-13213,CL-00052
TT-13222,CL-00051
E-13225,CL-00052
P-13228,CL-00052
FT-13229,CL-00051
V-13230,CL-00052
FT-13233,CL-00052
K-13235,CL-00052
PT-13236,CL-00052
TT-13241,CL-00051
PSV-13242,CL-00052
FCV-13244,CL-00052
XV-13245,CL-00052
E-13248,CL-00052
PT-13250,CL-00052
P-13253,CL-00052
LT-13257,CL-00051
PSV-13258,CL-00051
E-13261,CL-00052
PT-13268,CL-00052
P-13272,CL-00051
TT-13273,CL-00051
TT-13274,CL-00051
XV-13275,CL-00051
TT-13279,CL-00051
FT-13283,CL-00051
P-13289,CL-00051
COL-13294,CL-00052
COL-13295,CL-00051
P-13297,CL-00052
COL-13304,CL-00051
P-13306,CL-00051
FCV-13307,CL-00051
PSV-13309,CL-00051
P-13312,CL-00051
V-13313,CL-00052
PT-13315,CL-00052
P-13319,CL-00051
COL-13321,CL-00051
P-13323,CL-00052
PT-13326,CL-00051
E-13329,CL-00051
FT-13330,CL-00052
FCV-13331,CL-00051
K-13332,CL-00051
PT-13337,CL-00052
LT-13339,CL-00051
E-13343,CL-00052
E-13344,CL-00052
XV-13349,CL-00052
PT-13359,CL-00051
V-13361,CL-00051
COL-13365,CL-00051
TT-13367,CL-00051
FT-13373,CL-00051
COL-13374,CL-00052
E-13378,CL-00052
PT-13382,CL-00051
P-13384,CL-00051
E-13385,CL-00052
COL-13386,CL-00051
PT-13387,CL-00052
XV-13391,CL-00051
XV-13393,CL-00051
P-13395,CL-00052
FT-13396,CL-00051
FT-13398,CL-00051
LT-13401,CL-00052
FCV-13410,CL-00051
COL-13413,CL-00051
FT-13414,CL-00052
K-13421,CL-00051
PT-13422,CL-00052
LT-13424,CL-00052
PSV-13427,CL-00054
V-13429,CL-00053
P-13435,CL-00054
LT-13437,CL-00053
FCV-13441,CL-00054
P-13442,CL-00053
TT-13448,CL-00053
V-13449,CL-00053
COL-13454,CL-00054
E-13455,CL-00054
TT-13456,CL-00053
PSV-13457,CL-00054
XV-13458,CL-00054
V-13461,CL-00054
XV-13473,CL-00054
XV-13475,CL-00054
K-13477,CL-00053
FT-13484,CL-00053
LT-13486,CL-00053
COL-13487,CL-00053
PSV-13488,CL-00053
PSV-13490,CL-00053
XV-13493,CL-00054
K-13494,CL-00053
FCV-13496,CL-00053
E-13497,CL-00054
TT-13501,CL-00054
E-13502,CL-00054
FCV-13504,CL-00053
K-13506,CL-00054
P-13508,CL-00054
K-13513,CL-00053
PT-13515,CL-00054
K-13517,CL-00054
LT-13519,CL-00053
V-13523,CL-00054
PSV-13525,CL-00053
E-13535,CL-00053
COL-13537,CL-00053
PSV-13538,CL-00054
TT-13543,CL-00054
TT-13546,CL-00054
LT-13548,CL-00054
E-13555,CL-00053
XV-13562,CL-00054
K-13567,CL-00053
PSV-13568,CL-00054
XV-13569,CL-00053
FT-13572,CL-00053
K-13574,CL-00053
LT-13578,CL-00053
TT-13581,CL-00054
P-13582,CL-00053
XV-13584,CL-00053
FCV-13587,CL-00053
COL-13589,CL-00054
E-13594,CL-00054
E-13596,CL-00054
PT-13599,CL-00054
TT-13601,CL-00054
K-13604,CL-00054
PSV-13605,CL-00053
XV-13609,CL-00053
LT-13611,CL-00053
P-13613,CL-00053
P-13620,CL-00054
TT-13624,CL-00053
TT-13629,CL-00054
FT-13631,CL-00054
FCV-13636,CL-00053
FT-13637,CL-00054
K-13638,CL-00054
FCV-13642,CL-00053
P-13643,CL-00053
TT-13652,CL-00053
PT-13656,CL-00054
FT-13657,CL-00053
P-13658,CL-00053
E-13661,CL-00054
LT-13668,CL-00053
K-13670,CL-00053
FCV-13672,CL-00054
PSV-13673,CL-00054
TT-13678,CL-00053
V-13682,CL-00054
P-13684,CL-00054
LT-13689,CL-00054
E-13691,CL-00053
FCV-13692,CL-00054
V-13693,CL-00053
E-13695,CL-00054
COL-13696,CL-00054
TT-13700,CL-00054
COL-13701,CL-00053
K-13708,CL-00053
FT-13711,CL-00054
FCV-13716,CL-00053
PSV-13717,CL-00054
PSV-13718,CL-00053
PT-13720,CL-00054
PSV-13722,CL-00053
TT-13724,CL-00053
FT-13725,CL-00053
P-13726,CL-00054
P-13727,CL-00054
PSV-13728,CL-00053
LT-13730,CL-00053
TT-13731,CL-00054
V-13732,CL-00054
PT-13733,CL-00054
V-13736,CL-00053
PSV-13738,CL-00054
V-13740,CL-00054
COL-13741,CL-00053
XV-13746,CL-00054
V-13747,CL-00054
XV-13750,CL-00054
COL-13752,CL-00054
PT-13754,CL-00053
E-13757,CL-00054
XV-13759,CL-00054
FCV-13761,CL-00054
FCV-13762,CL-00053
COL-13763,CL-00053
V-13770,CL-00054
XV-13771,CL-00053
LT-13774,CL-00053
FCV-13775,CL-00054
LT-13776,CL-00054
FT-13783,CL-00053
K-13785,CL-00053
P-13790,CL-00054
PSV-13794,CL-00053
E-13798,CL-00054
P-13799,CL-00053
COL-13802,CL-00054
FT-13805,CL-00054
XV-13806,CL-00054
LT-13807,CL-00054
PSV-13808,CL-00053
FT-13809,CL-00053
PSV-13810,CL-00053
V-13815,CL-00054
PSV-13816,CL-00053
XV-13820,CL-00055
P-13826,CL-00055
XV-13830,CL-00055
K-13831,CL-00055
TT-13833,CL-00055
PT-13834,CL-00055
PT-13835,CL-00055
LT-13836,CL-00055
LT-13841,CL-00055
XV-13843,CL-00055
P-13844,CL-00055
TT-13851,CL-00055
LT-13852,CL-00055
P-13853,CL-00055
PSV-13854,CL-00055
XV-13856,CL-00055
V-13860,CL-00055
FCV-13866,CL-00055
P-13867,CL-00055
K-13869,CL-00055
TT-13870,CL-00055
P-13872,CL-00055
LT-13879,CL-00055
LT-13882,CL-00055
LT-13884,CL-00055
FCV-13885,CL-00055
XV-13890,CL-00055
V-13891,CL-00055
V-13892,CL-00055
LT-13893,CL-00055
V-13894,CL-00055
XV-13908,CL-00055
COL-13910,CL-00055
P-13912,CL-00055
COL-13913,CL-00055
TT-13919,CL-00055
FCV-13920,CL-00055
V-13921,CL-00055
LT-13928,CL-00055
TT-13931,CL-00055
P-13937,CL-00055
P-13938,CL-00055
V-13944,CL-00055
TT-13946,CL-00055
LT-13948,CL-00055
FT-13950,CL-00055
XV-13951,CL-00055
V-13952,CL-00055
E-13953,CL-00055
PSV-13956,CL-00055
FT-13962,CL-00055
FT-13963,CL-00055
FT-13964,CL-00055
LT-13965,CL-00055
TT-13969,CL-00055
PT-13970,CL-00055
E-13972,CL-00055
PT-13974,CL-00055
COL-13975,CL-00055
E-13976,CL-00055
FCV-13977,CL-00055
P-13980,CL-00055
XV-13983,CL-00055
PT-13984,CL-00055
FT-13991,CL-00055
PSV-13995,CL-00055
PT-13997,CL-00055
TT-13998,CL-00055
COL-14004,CL-00055
PT-14007,CL-00055
COL-14008,CL-00055
P-14009,CL-00055
FT-14010,CL-00055
P-14018,CL-00055
K-14019,CL-00055
FT-14021,CL-00055
P-14023,CL-00055
PSV-14028,CL-00055
P-14029,CL-00055
V-14031,CL-00055
V-14032,CL-00055
P-14035,CL-00055
E-14037,CL-00055
V-14039,CL-00055
P-14042,CL-00055
FT-14045,CL-00055
FT-14046,CL-00055
FT-14050,CL-00055
XV-14051,CL-00055
XV-14052,CL-00055
PSV-14055,CL-00055
P-14057,CL-00055
LT-14060,CL-00055
LT-14064,CL-00055
P-14070,CL-00055
P-14071,CL-00055
PSV-14072,CL-00055
FCV-14077,CL-00055
V-14079,CL-00055
FCV-14080,CL-00055
PT-14084,CL-00055
TT-14086,CL-00055
P-14090,CL-00055
PSV-14092,CL-00055
E-14094,CL-00055
COL-14098,CL-00055
P-14101,CL-00055
LT-14102,CL-00055
FT-14104,CL-00055
E-14105,CL-00055
LT-14107,CL-00055
PSV-14111,CL-00055
PT-14112,CL-00055
XV-14116,CL-00055
V-14117,CL-00055
FT-14119,CL-00055
P-14124,CL-00055
COL-14128,CL-00055
K-14130,CL-00055
K-14134,CL-00055
E-14135,CL-00055
P-14140,CL-00055
P-14144,CL-00055
TT-14146,CL-00055
P-14148,CL-00055
FT-14151,CL-00055
XV-14156,CL-00055
P-14157,CL-00055
FCV-14159,CL-00055
FT-14164,CL-00055
K-14165,CL-00055
P-14166,CL-00055
TT-14170,CL-00055
P-14171,CL-00055
E-14175,CL-00055
PT-14176,CL-00055
V-14177,CL-00055
E-14179,CL-00055
E-14181,CL-00055
K-14185,CL-00055
P-14186,CL-00055
XV-14192,CL-00055
FT-14193,CL-00055
FT-14196,CL-00055
P-14198,CL-00055
COL-14200,CL-00055
E-14204,CL-00055
XV-14212,CL-00055
E-14213,CL-00055
FT-14217,CL-00055
FCV-14220,CL-00055
COL-14221,CL-00055
TT-14226,CL-00055
COL-14228,CL-00055
FT-14230,CL-00055
E-14231,CL-00055
P-14233,CL-00055
FCV-14238,CL-00055
LT-14241,CL-00055
FT-14243,CL-00055
PSV-14245,CL-00055
E-14246,CL-00055
PSV-14249,CL-00055
XV-14250,CL-00055
XV-14251,CL-00055
E-14255,CL-00055
LT-14259,CL-00056
FT-14260,CL-00056
P-14263,CL-00056
XV-14264,CL-00056
TT-14266,CL-00056
E-14269,CL-00056
PSV-14270,CL-00056
P-14276,CL-00056
K-14278,CL-00056
LT-14279,CL-00056
K-14283,CL-00056
PSV-14290,CL-00056
V-14300,CL-00056
PSV-14310,CL-00056
FCV-14314,CL-00056
PT-14317,CL-00056
TT-14319,CL-00056
E-14322,CL-00056
FCV-14323,CL-00056
P-14326,CL-00056
P-14327,CL-00056
FT-14330,CL-00056
E-14336,CL-00056
FT-14338,CL-00056
LT-14342,CL-00056
PT-14344,CL-00056
PSV-14351,CL-00056
XV-14354,CL-00056
LT-14355,CL-00056
P-14363,CL-00056
TT-14367,CL-00056
LT-14369,CL-00056
FCV-14372,CL-00056
PT-14376,CL-00056
FT-14377,CL-00056
LT-14379,CL-00056
E-14384,CL-00056
PSV-14385,CL-00056
P-14391,CL-00056
LT-14395,CL-00056
K-14396,CL-00056
LT-14398,CL-00056
FT-14399,CL-00056
K-14401,CL-00056
FCV-14403,CL-00056
PSV-14406,CL-00056
COL-14408,CL-00056
COL-14409,CL-00056
COL-14410,CL-00056
TT-14413,CL-00056
LT-14415,CL-00056
PT-14426,CL-00056
P-14428,CL-00056
FCV-14431,CL-00056
PT-14434,CL-00056
XV-14437,CL-00056
PT-14441,CL-00056
COL-14442,CL-00056
P-14447,CL-00056
V-14448,CL-00056
COL-14451,CL-00056
LT-14454,CL-00056
TT-14455,CL-00056
E-14457,CL-00056
FCV-14458,CL-00056
E-14460,CL-00056
FCV-14462,CL-00056
FT-14467,CL-00056
PT-14468,CL-00056
PSV-14474,CL-00056
PSV-14476,CL-00056
K-14480,CL-00056
FT-14482,CL-00056
FT-14485,CL-00056
V-14487,CL-00056
PSV-14489,CL-00056
FT-14490,CL-00056
P-14491,CL-00056
V-14494,CL-00056
FCV-14497,CL-00056
P-14499,CL-00056
E-14501,CL-00056
P-14503,CL-00056
FCV-14504,CL-00056
V-14505,CL-00056
E-14509,CL-00056
E-14511,CL-00056
V-14514,CL-00056
PSV-14515,CL-00056
XV-14520,CL-00056
COL-14524,CL-00056
XV-14528,CL-00056
FCV-14529,CL-00056
COL-14531,CL-00056
P-14533,CL-00056
K-14538,CL-00056
E-14540,CL-00056
COL-14542,CL-00056
P-14543,CL-00056
XV-14548,CL-00056
TT-14551,CL-00056
K-14554,CL-00056
P-14555,CL-00056
LT-14557,CL-00056
FT-14561,CL-00056
K-14570,CL-00056
K-14573,CL-00056
XV-14577,CL-00056
E-14579,CL-00056
COL-14580,CL-00056
P-14582,CL-00056
E-14586,CL-00056
P-14587,CL-00056
P-14588,CL-00056
PSV-14596,CL-00056
XV-14599,CL-00056
PT-14600,CL-00056
XV-14601,CL-00056
XV-14605,CL-00056
FT-14606,CL-00056
XV-14615,CL-00056
PSV-14616,CL-00056
LT-14618,CL-00056
COL-14619,CL-00056
E-14622,CL-00056
K-14625,CL-00056
PSV-14632,CL-00056
PT-14635,CL-00056
PSV-14642,CL-00056
E-14644,CL-00056
PSV-14645,CL-00056
P-14648,CL-00057
PSV-14650,CL-00057
P-14653,CL-00057
XV-14654,CL-00057
K-14660,CL-00057
TT-14661,CL-00057
P-14668,CL-00057
TT-14670,CL-00057
V-14671,CL-00057
LT-14672,CL-00057
FT-14677,CL-00057
PT-14680,CL-00057
P-14682,CL-00057
PT-14683,CL-00057
LT-14693,CL-00057
V-14694,CL-00057
E-14698,CL-00057
P-14700,CL-00057
FCV-14702,CL-00057
P-14703,CL-00057
P-14704,CL-00057
E-14705,CL-00057
E-14706,CL-00057
TT-14712,CL-00057
PSV-14721,CL-00057
P-14723,CL-00057
LT-14729,CL-00057
E-14730,CL-00057
PT-14733,CL-00057
P-14734,CL-00057
P-14739,CL-00057
TT-14740,CL-00057
P-14741,CL-00057
PT-14742,CL-00057
P-14743,CL-00057
K-14744,CL-00057
PSV-14748,CL-00057
V-14754,CL-00057
XV-14756,CL-00057
FCV-14757,CL-00057
K-14759,CL-00057
K-14760,CL-00057
V-14769,CL-00057
V-14770,CL-00057
PSV-14771,CL-00057
TT-14772,CL-00057
P-14773,CL-00057
TT-14774,CL-00057
P-14777,CL-00057
FCV-14781,CL-00057
PSV-14783,CL-00057
FT-14785,CL-00057
P-14787,CL-00057
P-14795,CL-00057
PSV-14797,CL-00057
TT-14799,CL-00057
FT-14801,CL-00057
FT-14802,CL-00057
XV-14803,CL-00057
P-14804,CL-00057
FT-14809,CL-00057
LT-14810,CL-00057
TT-14819,CL-00057
LT-14820,CL-00057
PT-14823,CL-00057
FCV-14825,CL-00057
P-14828,CL-00057
TT-14831,CL-00057
PT-14832,CL-00057
K-14833,CL-00057
XV-14835,CL-00057
K-14837,CL-00057
FCV-14839,CL-00057
FCV-14840,CL-00057
E-14848,CL-00057
TT-14851,CL-00057
FCV-14853,CL-00057
COL-14858,CL-00057
FT-14865,CL-00057
P-14866,CL-00057
TT-14867,CL-00057
COL-14872,CL-00057
V-14873,CL-00057
XV-14874,CL-00057
XV-14878,CL-00057
COL-14880,CL-00057
LT-14881,CL-00057
PSV-14882,CL-00057
PSV-14884,CL-00057
E-14887,CL-00057
P-14889,CL-00057
P-14890,CL-00057
K-14891,CL-00057
FCV-14892,CL-00057
TT-14893,CL-00057
K-14895,CL-00057
P-14899,CL-00057
TT-14900,CL-00057
P-14901,CL-00057
FT-14903,CL-00057
XV-14906,CL-00057
PSV-14908,CL-00057
FCV-14910,CL-00057
FCV-14919,CL-00057
K-14920,CL-00057
PT-14922,CL-00057
PSV-14924,CL-00057
COL-14930,CL-00057
P-14932,CL-00057
E-14945,CL-00057
COL-14948,CL-00057
K-14949,CL-00057
FT-14950,CL-00057
COL-14951,CL-00057
P-14954,CL-00057
FT-14959,CL-00057
PSV-14962,CL-00057
K-14966,CL-00057
COL-14970,CL-00057
P-14971,CL-00057
COL-14972,CL-00057
PT-14973,CL-00057
P-14982,CL-00057
COL-14983,CL-00057
P-14988,CL-00057
TT-14993,CL-00057
PSV-14999,CL-00057
V-15003,CL-00057
P-15010,CL-00057
K-15011,CL-00057
FCV-15014,CL-00057
P-15015,CL-00057
V-15017,CL-00057
P-15019,CL-00057
COL-15021,CL-00057
P-15022,CL-00057
P-15023,CL-00057
TT-15024,CL-00057
K-15027,CL-00057
TT-15030,CL-00057
TT-15032,CL-00057
P-15036,CL-00057
PSV-15037,CL-00057
COL-15042,CL-00057
TT-15044,CL-00057
FCV-15046,CL-00057
XV-15051,CL-00057
P-15055,CL-00057
E-15058,CL-00057
XV-15059,CL-00057
PSV-15071,CL-00057
P-15072,CL-00057
K-15076,CL-00057
PSV-15079,CL-00057
FCV-15083,CL-00057
TT-15092,CL-00057
COL-15098,CL-00057
FT-15102,CL-00057
FT-15105,CL-00057
XV-15106,CL-00057
XV-15115,CL-00057
TT-15122,CL-00057
LT-15123,CL-00057
TT-15125,CL-00057
K-15126,CL-00057
V-15128,CL-00057
V-15130,CL-00057
V-15133,CL-00057
P-15138,CL-00057
LT-15139,CL-00057
XV-15149,CL-00057
P-15151,CL-00057
TT-15152,CL-00057
FT-15153,CL-00057
PT-15165,CL-00057
COL-15168,CL-00057
P-15171,CL-00057
FT-15173,CL-00057
COL-15176,CL-00057
P-15178,CL-00059
E-15181,CL-00059
FCV-15182,CL-00058
E-15187,CL-00058
P-15188,CL-00059
P-15189,CL-00059
XV-15190,CL-00059
E-15195,CL-00058
LT-15196,CL-00058
XV-15197,CL-00058
P-15198,CL-00058
P-15201,CL-00058
P-15205,CL-00059
PT-15211,CL-00059
FCV-15213,CL-00059
V-15216,CL-00059
XV-15221,CL-00059
FT-15222,CL-00059
E-15224,CL-00059
TT-15225,CL-00059
COL-15227,CL-00059
PSV-15228,CL-00058
FCV-15229,CL-00059
TT-15238,CL-00058
PT-15242,CL-00058
K-15243,CL-00059
XV-15247,CL-00059
LT-15248,CL-00059
P-15249,CL-00058
PT-15254,CL-00058
XV-15255,CL-00058
TT-15257,CL-00059
P-15264,CL-00058
LT-15266,CL-00058
FT-15272,CL-00058
V-15276,CL-00059
P-15280,CL-00058
P-15284,CL-00058
E-15289,CL-00059
K-15290,CL-00059
PSV-15291,CL-00058
COL-15297,CL-00059
TT-15303,CL-00059
P-15309,CL-00059
V-15311,CL-00059
PT-15313,CL-00058
E-15316,CL-00059
P-15320,CL-00058
COL-15322,CL-00059
FT-15323,CL-00059
P-15324,CL-00059
FCV-15329,CL-00059
FCV-15330,CL-00059
V-15331,CL-00058
P-15332,CL-00059
FT-15333,CL-00058
P-15335,CL-00058
PSV-15336,CL-00059
P-15337,CL-00059
COL-15339,CL-00058
PSV-15341,CL-00058
PSV-15342,CL-00059
FCV-15343,CL-00059
E-15344,CL-00058
V-15345,CL-00059
FCV-15348,CL-00059
P-15354,CL-00059
PSV-15356,CL-00059
XV-15358,CL-00059
XV-15361,CL-00059
P-15362,CL-00059
TT-15364,CL-00059
TT-15365,CL-00058
P-15370,CL-00058
E-15373,CL-00058
LT-15374,CL-00058
XV-15377,CL-00059
K-15380,CL-00058
LT-15381,CL-00059
P-15383,CL-00058
XV-15386,CL-00059
FCV-15387,CL-00059
FCV-15393,CL-00059
PT-15396,CL-00058
PT-15398,CL-00059
LT-15403,CL-00059
LT-15405,CL-00059
FCV-15406,CL-00058
P-15407,CL-00058
P-15408,CL-00059
PSV-15409,CL-00058
FCV-15411,CL-00058
LT-15413,CL-00058
FCV-15414,CL-00058
V-15415,CL-00059
XV-15416,CL-00059
FCV-15426,CL-00058
E-15430,CL-00059
TT-15438,CL-00059
PSV-15440,CL-00058
E-15441,CL-00058
K-15442,CL-00058
COL-15443,CL-00058
COL-15449,CL-00059
FCV-15451,CL-00058
V-15453,CL-00059
COL-15454,CL-00059
K-15460,CL-00058
LT-15466,CL-00059
TT-15468,CL-00058
FCV-15470,CL-00059
FCV-15471,CL-00059
P-15472,CL-00058
PSV-15473,CL-00059
V-15476,CL-00058
E-15478,CL-00058
FCV-15480,CL-00058
P-15481,CL-00058
PT-15485,CL-00058
COL-15487,CL-00058
XV-15489,CL-00059
P-15490,CL-00058
PSV-15491,CL-00059
PT-15494,CL-00059
FCV-15496,CL-00058
XV-15501,CL-00058
E-15502,CL-00058
FT-15507,CL-00058
PT-15510,CL-00058
P-15511,CL-00058
COL-15512,CL-00058
P-15513,CL-00058
K-15514,CL-00058
XV-15517,CL-00058
FT-15524,CL-00059
V-15525,CL-00059
TT-15527,CL-00058
LT-15529,CL-00059
PSV-15530,CL-00059
FT-15531,CL-00059
LT-15532,CL-00059
COL-15536,CL-00059
FT-15538,CL-00058
P-15540,CL-00058
P-15541,CL-00058
COL-15542,CL-00059
P-15544,CL-00058
FT-15546,CL-00059
P-15549,CL-00059
TT-15550,CL-00058
COL-15552,CL-00058
FT-15555,CL-00059
PSV-15557,CL-00058
V-15560,CL-00059
PT-15563,CL-00059
TT-15565,CL-00058
PT-15567,CL-00059
K-15568,CL-00059
FCV-15569,CL-00059
LT-15570,CL-00059
E-15571,CL-00058
XV-15577,CL-00058
PSV-15578,CL-00058
TT-15580,CL-00059
XV-15581,CL-00058
PSV-15582,CL-00059
P-15583,CL-00058
E-15584,CL-00059
P-15586,CL-00058
TT-15587,CL-00058
LT-15589,CL-00059
COL-15590,CL-00059
P-15595,CL-00058
COL-15597,CL-00059
PSV-15598,CL-00058
V-15599,CL-00059
TT-15600,CL-00059
P-15606,CL-00058
V-15609,CL-00059
TT-15610,CL-00058
COL-15612,CL-00058
K-15613,CL-00059
FT-15618,CL-00058
K-15619,CL-00058
PSV-15629,CL-00058
P-15635,CL-00058
XV-15645,CL-00058
P-15648,CL-00059
TT-15651,CL-00059
K-15654,CL-00058
XV-15656,CL-00058
K-15657,CL-00058
PT-15658,CL-00058
FCV-15660,CL-00058
V-15661,CL-00058
PSV-15663,CL-00058
V-15671,CL-00059
PSV-15677,CL-00058
FT-15680,CL-00059
FT-15682,CL-00059
E-15686,CL-00059
XV-15698,CL-00059
LT-15701,CL-00059
XV-15703,CL-00060
V-15704,CL-00060
PT-15705,CL-00060
TT-15707,CL-00060
XV-15718,CL-00060
K-15720,CL-00060
XV-15722,CL-00060
FT-15725,CL-00060
PT-15727,CL-00060
LT-15729,CL-00060
PSV-15736,CL-00060
TT-15742,CL-00060
P-15743,CL-00060
FCV-15755,CL-00060
PT-15759,CL-00060
E-15760,CL-00060
P-15762,CL-00060
P-15766,CL-00060
TT-15767,CL-00060
FT-15769,CL-00060
FCV-15773,CL-00060
TT-15778,CL-00060
P-15784,CL-00060
FCV-15785,CL-00060
TT-15786,CL-00060
P-15788,CL-00060
FT-15790,CL-00060
XV-15793,CL-00060
E-15796,CL-00060
V-15803,CL-00060
V-15805,CL-00060
PT-15808,CL-00060
E-15809,CL-00060
LT-15811,CL-00060
E-15813,CL-00060
P-15814,CL-00060
P-15815,CL-00060
K-15820,CL-00060
PT-15821,CL-00060
TT-15823,CL-00060
PSV-15825,CL-00060
LT-15828,CL-00060
PT-15835,CL-00060
P-15840,CL-00060
FCV-15843,CL-00060
P-15845,CL-00060
P-15847,CL-00060
PT-15849,CL-00060
LT-15851,CL-00060
XV-15857,CL-00060
V-15859,CL-00060
FT-15864,CL-00060
LT-15865,CL-00060
P-15874,CL-00060
LT-15879,CL-00060
E-15880,CL-00060
E-15882,CL-00060
PT-15883,CL-00060
K-15884,CL-00060
E-15888,CL-00060
LT-15890,CL-00060
XV-15894,CL-00060
COL-15896,CL-00060
PT-15897,CL-00060
P-15899,CL-00060
PSV-15900,CL-00060
PT-15901,CL-00060
TT-15903,CL-00060
PSV-15904,CL-00060
XV-15906,CL-00060
LT-15908,CL-00060
V-15911,CL-00060
LT-15912,CL-00060
FCV-15914,CL-00060
K-15916,CL-00060
K-15918,CL-00060
FT-15919,CL-00060
V-15921,CL-00060
P-15923,CL-00060
V-15925,CL-00060
P-15930,CL-00060
E-15931,CL-00060
COL-15935,CL-00060
PT-15938,CL-00060
PT-15941,CL-00060
K-15944,CL-00060
FT-15945,CL-00060
FT-15950,CL-00060
E-15958,CL-00060
COL-15962,CL-00060
E-15966,CL-00060
COL-15972,CL-00060
XV-15973,CL-00060
LT-15976,CL-00060
COL-15980,CL-00060
E-15984,CL-00060
E-15985,CL-00060
LT-15991,CL-00060
LT-15992,CL-00060
PSV-15998,CL-00060
P-15999,CL-00060
COL-16000,CL-00060
K-16004,CL-00060
V-16008,CL-00060
TT-16012,CL-00060
FCV-16023,CL-00060
FT-16028,CL-00060
PT-16030,CL-00060
COL-16032,CL-00060
P-16035,CL-00060
COL-16037,CL-00060
FCV-16041,CL-00060
XV-16042,CL-00060
TT-16046,CL-00060
PT-16048,CL-00060
P-16049,CL-00060
FT-16050,CL-00060
V-16051,CL-00060
PSV-16054,CL-00060
XV-16055,CL-00060
FCV-16061,CL-00060
TT-16063,CL-00060
PT-16064,CL-00060
E-16067,CL-00060
K-16068,CL-00060
FT-16071,CL-00060
TT-16072,CL-00060
COL-16074,CL-00060
V-16075,CL-00060
P-16076,CL-00060
PSV-16078,CL-00060
K-16083,CL-00060
XV-16084,CL-00060
PT-16088,CL-00060
LT-16090,CL-00060
FT-16100,CL-00060
P-16101,CL-00060
E-16104,CL-00060
TT-16109,CL-00060
PT-16110,CL-00060
TT-16111,CL-00060
COL-16114,CL-00060
P-16115,CL-00060
PT-16117,CL-00060
FT-16118,CL-00060
PSV-16119,CL-00060
FCV-16123,CL-00060
E-16127,CL-00060
FCV-16128,CL-00060
TT-16129,CL-00060
LT-16130,CL-00060
FT-16132,CL-00060
V-16133,CL-00060
PT-16136,CL-00060
P-16138,CL-00060
FT-16140,CL-00060
LT-16141,CL-00060
PSV-16142,CL-00060
LT-16153,CL-00061
COL-16156,CL-00061
K-16158,CL-00061
E-16159,CL-00061
PSV-16161,CL-00061
V-16164,CL-00061
FCV-16170,CL-00061
K-16173,CL-00061
LT-16174,CL-00061
K-16175,CL-00061
K-16180,CL-00061
LT-16183,CL-00061
PT-16187,CL-00061
PSV-16193,CL-00061
FT-16196,CL-00061
LT-16197,CL-00061
E-16199,CL-00061
COL-16202,CL-00061
XV-16203,CL-00061
LT-16204,CL-00061
XV-16206,CL-00061
LT-16212,CL-00061
PT-16213,CL-00061
TT-16214,CL-00061
FT-16215,CL-00061
PSV-16219,CL-00061
FT-16222,CL-00061
P-16223,CL-00061
P-16225,CL-00061
FCV-16235,CL-00061
XV-16236,CL-00061
P-16250,CL-00061
P-16255,CL-00061
LT-16258,CL-00061
K-16261,CL-00061
V-16263,CL-00061
K-16270,CL-00061
LT-16272,CL-00061
P-16275,CL-00061
P-16277,CL-00061
FCV-16279,CL-00061
PSV-16280,CL-00061
COL-16281,CL-00061
P-16287,CL-00061
XV-16288,CL-00061
PT-16289,CL-00061
PSV-16295,CL-00061
PT-16296,CL-00061
TT-16298,CL-00061
P-16302,CL-00061
FT-16304,CL-00061
E-16306,CL-00061
TT-16309,CL-00061
E-16310,CL-00061
PT-16312,CL-00061
PT-16314,CL-00061
FCV-16319,CL-00061
PSV-16320,CL-00061
P-16322,CL-00061
PSV-16328,CL-00061
E-16335,CL-00061
COL-16338,CL-00061
E-16342,CL-00061
P-16343,CL-00061
PT-16347,CL-00061
P-16348,CL-00061
P-16351,CL-00061
PT-16354,CL-00061
V-16359,CL-00061
TT-16361,CL-00061
FCV-16365,CL-00061
TT-16372,CL-00061
FT-16374,CL-00061
TT-16375,CL-00061
K-16383,CL-00061
E-16386,CL-00061
LT-16387,CL-00061
PSV-16395,CL-00061
XV-16398,CL-00061
K-16401,CL-00061
V-16405,CL-00061
P-16408,CL-00061
P-16413,CL-00061
P-16425,CL-00061
E-16427,CL-00061
P-16429,CL-00061
PSV-16430,CL-00061
FCV-16437,CL-00061
V-16442,CL-00061
XV-16443,CL-00061
E-16446,CL-00061
E-16449,CL-00061
K-16452,CL-00061
XV-16461,CL-00061
XV-16463,CL-00061
PT-16465,CL-00061
PSV-16468,CL-00061
K-16471,CL-00061
LT-16472,CL-00061
LT-16477,CL-00061
P-16478,CL-00061
TT-16480,CL-00061
FT-16482,CL-00061
P-16483,CL-00061
FT-16487,CL-00061
TT-16490,CL-00061
COL-16491,CL-00061
P-16492,CL-00061
FCV-16493,CL-00061
PSV-16495,CL-00061
XV-16500,CL-00061
LT-16504,CL-00061
K-16505,CL-00061
FT-16506,CL-00061
PT-16507,CL-00061
K-16511,CL-00061
PSV-16514,CL-00061
COL-16521,CL-00061
XV-16524,CL-00061
V-16529,CL-00061
FT-16537,CL-00061
LT-16542,CL-00061
K-16549,CL-00061
FT-16550,CL-00061
V-16553,CL-00061
COL-16554,CL-00061
TT-16555,CL-00061
TT-16557,CL-00061
P-16560,CL-00061
COL-16562,CL-00062
COL-16563,CL-00062
XV-16564,CL-00062
PT-16567,CL-00063
PT-16568,CL-00063
P-16569,CL-00062
PSV-16573,CL-00063
PSV-16577,CL-00063
K-16578,CL-00062
V-16582,CL-00063
K-16583,CL-00062
K-16585,CL-00062
LT-16588,CL-00063
PSV-16596,CL-00062
PSV-16598,CL-00063
PT-16599,CL-00062
E-16601,CL-00062
FT-16603,CL-00063
PT-16604,CL-00062
TT-16606,CL-00062
TT-16609,CL-00063
E-16610,CL-00062
P-16611,CL-00062
COL-16625,CL-00062
TT-16629,CL-00062
PT-16631,CL-00062
FCV-16634,CL-00062
PSV-16636,CL-00062
LT-16637,CL-00063
P-16638,CL-00063
P-16639,CL-00062
P-16640,CL-00062
P-16643,CL-00063
FT-16645,CL-00062
K-16650,CL-00063
XV-16653,CL-00063
XV-16655,CL-00062
P-16656,CL-00062
XV-16657,CL-00063
P-16658,CL-00062
TT-16659,CL-00062
FT-16660,CL-00063
XV-16661,CL-00063
V-16662,CL-00063
XV-16663,CL-00062
COL-16664,CL-00062
COL-16667,CL-00062
FT-16668,CL-00063
TT-16670,CL-00062
PT-16671,CL-00063
PT-16673,CL-00062
E-16675,CL-00062
LT-16681,CL-00063
TT-16684,CL-00063
FCV-16685,CL-00063
P-16686,CL-00062
FCV-16698,CL-00063
FT-16699,CL-00063
COL-16703,CL-00063
TT-16704,CL-00062
V-16706,CL-00062
PSV-16708,CL-00063
E-16710,CL-00062
K-16711,CL-00062
K-16712,CL-00062
PT-16716,CL-00062
PSV-16717,CL-00062
TT-16719,CL-00063
E-16720,CL-00062
PT-16721,CL-00062
K-16723,CL-00062
PT-16728,CL-00062
TT-16731,CL-00063
P-16733,CL-00063
P-16734,CL-00063
TT-16736,CL-00063
P-16737,CL-00063
COL-16738,CL-00062
P-16739,CL-00063
P-16741,CL-00062
E-16745,CL-00063
K-16750,CL-00062
E-16753,CL-00063
P-16757,CL-00062
K-16759,CL-00063
LT-16760,CL-00062
LT-16767,CL-00062
P-16768,CL-00062
P-16772,CL-00062
E-16773,CL-00062
K-16775,CL-00062
E-16779,CL-00062
P-16780,CL-00062
P-16783,CL-00063
FT-16785,CL-00063
PT-16788,CL-00062
COL-16795,CL-00062
PT-16798,CL-00062
FT-16804,CL-00063
XV-16805,CL-00062
PSV-16808,CL-00063
COL-16810,CL-00063
E-16814,CL-00063
PT-16815,CL-00062
FT-16816,CL-00062
FCV-16817,CL-00063
FCV-16819,CL-00063
LT-16822,CL-00062
TT-16827,CL-00063
TT-16828,CL-00062
FCV-16832,CL-00063
PSV-16835,CL-00062
K-16837,CL-00063
COL-16843,CL-00063
PSV-16849,CL-00063
K-16850,CL-00063
LT-16851,CL-00062
COL-16852,CL-00063
XV-16856,CL-00064
FT-16858,CL-00064
FT-16866,CL-00064
P-16869,CL-00064
COL-16874,CL-00064
P-16894,CL-00064
K-16895,CL-00064
COL-16899,CL-00064
TT-16901,CL-00064
V-16909,CL-00064
E-16912,CL-00064
P-16917,CL-00064
E-16929,CL-00064
LT-16933,CL-00064
COL-16938,CL-00064
XV-16944,CL-00064
K-16947,CL-00064
V-16949,CL-00064
K-16952,CL-00064
FCV-16955,CL-00064
FT-16957,CL-00064
FCV-16958,CL-00064
FCV-16959,CL-00064
K-16964,CL-00064
K-16966,CL-00064
PSV-16967,CL-00064
PT-16968,CL-00064
P-16969,CL-00064
COL-16970,CL-00064
FT-16974,CL-00064
PT-16984,CL-00064
FCV-16987,CL-00064
TT-16989,CL-00064
FT-16990,CL-00064
PT-16991,CL-00064
FCV-16992,CL-00064
FCV-16993,CL-00064
E-16994,CL-00064
TT-16997,CL-00064
V-16998,CL-00064
COL-17000,CL-00064
COL-17002,CL-00064
V-17005,CL-00064
FT-17010,CL-00064
E-17011,CL-00064
P-17012,CL-00064
LT-17013,CL-00064
COL-17016,CL-00064
P-17027,CL-00064
P-17029,CL-00064
TT-17030,CL-00064
E-17033,CL-00064
FCV-17037,CL-00064
V-17040,CL-00064
XV-17041,CL-00064
PSV-17048,CL-00064
K-17050,CL-00064
P-17052,CL-00064
P-17055,CL-00064
COL-17058,CL-00064
LT-17061,CL-00064
PSV-17062,CL-00064
PSV-17063,CL-00064
LT-17064,CL-00064
FCV-17067,CL-00064
PSV-17069,CL-00064
E-17071,CL-00064
XV-17073,CL-00064
LT-17077,CL-00064
P-17078,CL-00064
LT-17079,CL-00064
PT-17082,CL-00064
P-17085,CL-00064
PSV-17088,CL-00064
PSV-17089,CL-00064
V-17091,CL-00064
TT-17093,CL-00064
XV-17095,CL-00064
K-17099,CL-00064
P-17101,CL-00064
PT-17104,CL-00064
TT-17105,CL-00064
V-17108,CL-00064
TT-17114,CL-00064
FT-17123,CL-00064
E-17125,CL-00064
TT-17128,CL-00064
FCV-17135,CL-00064
LT-17137,CL-00064
TT-17140,CL-00064
P-17141,CL-00064
XV-17149,CL-00064
P-17155,CL-00064
V-17160,CL-00064
COL-17163,CL-00064
XV-17168,CL-00064
COL-17169,CL-00064
P-17172,CL-00064
COL-17176,CL-00064
FCV-17177,CL-00064
P-17183,CL-00064
FCV-17185,CL-00064
V-17186,CL-00064
P-17192,CL-00064
XV-17197,CL-00064
P-17199,CL-00064
FT-17204,CL-00064
V-17210,CL-00064
P-17211,CL-00064
PT-17212,CL-00064
E-17213,CL-00064
FCV-17214,CL-00064
P-17216,CL-00064
P-17219,CL-00064
TT-17220,CL-00064
COL-17221,CL-00064
XV-17224,CL-00064
K-17225,CL-00064
PSV-17226,CL-00064
V-17227,CL-00064
P-17229,CL-00064
LT-17239,CL-00064
K-17242,CL-00064
XV-17243,CL-00064
PT-17246,CL-00064
PSV-17247,CL-00064
COL-17254,CL-00064
PSV-17255,CL-00064
FCV-17257,CL-00064
PT-17260,CL-00064
E-17261,CL-00064
LT-17262,CL-00064
PT-17263,CL-00064
PSV-17264,CL-00064
FT-17269,CL-00064
P-17271,CL-00064
PSV-17273,CL-00064
PSV-17274,CL-00064
E-17280,CL-00064
LT-17281,CL-00064
COL-17282,CL-00064
P-17291,CL-00064
K-17295,CL-00064
E-17296,CL-00064
E-17297,CL-00064
PSV-17300,CL-00064
PSV-17301,CL-00064
FT-17304,CL-00064
TT-17309,CL-00064
FT-17320,CL-00064
E-17324,CL-00064
K-17328,CL-00064
E-17331,CL-00064
TT-17332,CL-00064
K-17333,CL-00064
FT-17334,CL-00064
COL-17339,CL-00065
P-17344,CL-00065
FCV-17345,CL-00065
PSV-17347,CL-00065
P-17348,CL-00065
PT-17349,CL-00065
XV-17351,CL-00065
P-17357,CL-00065
V-17359,CL-00065
XV-17360,CL-00065
K-17364,CL-00065
PT-17370,CL-00065
V-17372,CL-00065
FT-17373,CL-00065
PT-17374,CL-00065
V-17378,CL-00065
P-17381,CL-00065
E-17383,CL-00065
TT-17389,CL-00065
P-17390,CL-00065
FT-17391,CL-00065
V-17392,CL-00065
FT-17396,CL-00065
P-17400,CL-00065
E-17408,CL-00065
TT-17409,CL-00065
FCV-17414,CL-00065
P-17415,CL-00065
P-17418,CL-00065
PT-17419,CL-00065
LT-17426,CL-00065
LT-17432,CL-00065
XV-17434,CL-00065
P-17435,CL-00065
PSV-17439,CL-00065
PSV-17440,CL-00065
COL-17443,CL-00065
PT-17445,CL-00065
K-17447,CL-00065
PT-17449,CL-00065
LT-17450,CL-00065
XV-17452,CL-00065
TT-17454,CL-00065
FCV-17456,CL-00065
TT-17459,CL-00065
COL-17460,CL-00065
K-17461,CL-00065
LT-17462,CL-00065
P-17463,CL-00065
TT-17465,CL-00065
PT-17469,CL-00065
PT-17470,CL-00065
COL-17474,CL-00065
TT-17475,CL-00065
PSV-17477,CL-00065
COL-17478,CL-00065
P-17480,CL-00065
PSV-17487,CL-00065
V-17489,CL-00065
E-17500,CL-00065
XV-17503,CL-00065
PT-17504,CL-00065
PT-17511,CL-00065
PT-17512,CL-00065
P-17518,CL-00065
FCV-17519,CL-00065
PT-17524,CL-00065
FCV-17527,CL-00065
V-17531,CL-00065
V-17534,CL-00065
COL-17536,CL-00065
V-17537,CL-00065
PT-17540,CL-00065
V-17541,CL-00065
LT-17542,CL-00065
FCV-17547,CL-00065
XV-17551,CL-00065
K-17552,CL-00065
FT-17554,CL-00065
PT-17555,CL-00065
PSV-17557,CL-00065
PT-17559,CL-00065
PSV-17562,CL-00065
V-17563,CL-00065
P-17564,CL-00065
K-17572,CL-00065
K-17576,CL-00065
FCV-17577,CL-00065
K-17580,CL-00065
XV-17582,CL-00065
FCV-17583,CL-00065
P-17587,CL-00065
PSV-17588,CL-00065
XV-17590,CL-00065
XV-17591,CL-00065
V-17597,CL-00065
PSV-17600,CL-00065
PSV-17603,CL-00065
PSV-17604,CL-00065
TT-17606,CL-00065
P-17609,CL-00065
LT-17610,CL-00065
FCV-17611,CL-00065
FT-17617,CL-00065
PT-17620,CL-00065
FCV-17623,CL-00065
FT-17625,CL-00065
TT-17627,CL-00065
E-17630,CL-00065
K-17631,CL-00065
PSV-17641,CL-00065
TT-17642,CL-00065
FT-17646,CL-00065
LT-17647,CL-00065
E-17648,CL-00065
PSV-17652,CL-00065
FCV-17654,CL-00065
FT-17655,CL-00065
P-17657,CL-00065
FT-17659,CL-00065
P-17660,CL-00065
K-17663,CL-00065
E-17664,CL-00065
K-17668,CL-00065
XV-17673,CL-00065
COL-17680,CL-00065
K-17682,CL-00065
E-17683,CL-00065
LT-17686,CL-00065
COL-17687,CL-00065
P-17692,CL-00065
COL-17698,CL-00065
LT-17699,CL-00065
XV-17701,CL-00065
COL-17705,CL-00065
V-17706,CL-00065
P-17707,CL-00065
LT-17710,CL-00065
FT-17711,CL-00065
TT-17714,CL-00065
LT-17718,CL-00065
XV-17721,CL-00065
TT-17723,CL-00065
E-17724,CL-00065
K-17728,CL-00065
V-17730,CL-00065
P-17731,CL-00065
PT-17732,CL-00065
P-17733,CL-00065
PT-17744,CL-00065
P-17746,CL-00065
E-17749,CL-00065
PT-17750,CL-00065
V-17754,CL-00065
LT-17756,CL-00065
K-17757,CL-00065
LT-17758,CL-00065
P-17762,CL-00065
XV-17764,CL-00065
TT-17769,CL-00065
E-17773,CL-00065
K-17777,CL-00065
PT-17778,CL-00065
E-17779,CL-00065
PT-17786,CL-00065
LT-17787,CL-00065
FT-17795,CL-00065
P-17797,CL-00065
E-17798,CL-00065
FCV-17800,CL-00065
XV-17803,CL-00065
TT-17807,CL-00065
E-17808,CL-00065
TT-17809,CL-00065
V-17813,CL-00065
E-17815,CL-00065
COL-17819,CL-00065
XV-17820,CL-00065
PSV-17825,CL-00065
TT-17827,CL-00065
E-17829,CL-00065
FCV-17833,CL-00066
XV-17834,CL-00066
V-17841,CL-00066
FCV-17842,CL-00066
PSV-17843,CL-00066
PT-17845,CL-00066
P-17849,CL-00066
V-17850,CL-00066
E-17854,CL-00066
E-17856,CL-00066
PSV-17860,CL-00066
V-17863,CL-00066
FT-17865,CL-00066
XV-17866,CL-00066
PSV-17872,CL-00066
K-17875,CL-00066
V-17876,CL-00066
FT-17877,CL-00066
TT-17890,CL-00066
FT-17891,CL-00066
PSV-17899,CL-00066
XV-17903,CL-00066
TT-17904,CL-00066
TT-17905,CL-00066
V-17907,CL-00066
FCV-17910,CL-00066
XV-17918,CL-00066
XV-17919,CL-00066
FT-17925,CL-00066
K-17927,CL-00066
XV-17930,CL-00066
V-17934,CL-00066
LT-17939,CL-00066
PSV-17940,CL-00066
V-17942,CL-00066
FCV-17947,CL-00066
E-17951,CL-00066
LT-17955,CL-00066
TT-17956,CL-00066
FT-17958,CL-00066
P-17959,CL-00066
FCV-17960,CL-00066
FCV-17966,CL-00066
K-17977,CL-00066
V-17979,CL-00066
FT-17980,CL-00066
K-17981,CL-00066
P-17989,CL-00066
V-17993,CL-00066
TT-17994,CL-00066
LT-17996,CL-00066
LT-17998,CL-00066
PT-17999,CL-00066
V-18001,CL-00066
FT-18008,CL-00066
K-18012,CL-00066
FT-18013,CL-00066
P-18014,CL-00066
P-18016,CL-00066
FT-18017,CL-00066
LT-18024,CL-00066
E-18025,CL-00066
TT-18028,CL-00066
LT-18029,CL-00066
PSV-18031,CL-00066
XV-18037,CL-00066
E-18040,CL-00066
K-18043,CL-00066
E-18046,CL-00066
FCV-18047,CL-00066
LT-18049,CL-00066
E-18053,CL-00066
PSV-18054,CL-00066
PSV-18055,CL-00066
PSV-18059,CL-00066
TT-18061,CL-00066
LT-18063,CL-00066
COL-18066,CL-00066
FCV-18070,CL-00066
PSV-18074,CL-00066
PSV-18075,CL-00066
K-18080,CL-00066
P-18082,CL-00066
K-18084,CL-00066
V-18089,CL-00066
LT-18092,CL-00066
TT-18097,CL-00066
FT-18098,CL-00066
FT-18102,CL-00066
XV-18103,CL-00066
FT-18106,CL-00066
P-18108,CL-00066
P-18109,CL-00066
LT-18113,CL-00066
K-18120,CL-00066
PSV-18122,CL-00066
FCV-18123,CL-00066
P-18125,CL-00066
PSV-18135,CL-00066
TT-18136,CL-00066
LT-18138,CL-00066
PT-18140,CL-00066
XV-18141,CL-00066
TT-18144,CL-00066
XV-18148,CL-00066
TT-18152,CL-00066
LT-18153,CL-00066
P-18154,CL-00066
PSV-18155,CL-00066
COL-18156,CL-00066
PSV-18158,CL-00066
PSV-18161,CL-00066
PT-18168,CL-00066
V-18170,CL-00066
FT-18172,CL-00066
K-18176,CL-00066
P-18192,CL-00066
FT-18197,CL-00066
E-18198,CL-00066
E-18202,CL-00066
PT-18203,CL-00066
P-18204,CL-00066
FT-18210,CL-00066
P-18218,CL-00066
K-18220,CL-00066
E-18222,CL-00066
PT-18224,CL-00066
K-18228,CL-00066
P-18229,CL-00066
FCV-18233,CL-00066
COL-18240,CL-00066
COL-18242,CL-00066
P-18244,CL-00066
FCV-18245,CL-00066
K-18248,CL-00066
XV-18249,CL-00066
K-18250,CL-00066
PSV-18253,CL-00066
COL-18260,CL-00066
P-18262,CL-00066
P-18267,CL-00066
PT-18271,CL-00066
P-18272,CL-00066
PSV-18273,CL-00066
E-18275,CL-00066
K-18277,CL-00066
PT-18279,CL-00066
FT-18284,CL-00066
P-18287,CL-00066
PSV-18290,CL-00066
P-18293,CL-00066
COL-18296,CL-00066
TT-18297,CL-00066
PSV-18300,CL-00066
XV-18302,CL-00066
PSV-18303,CL-00066
LT-18307,CL-00066
PSV-18309,CL-00066
E-18310,CL-00066
PSV-18311,CL-00066
PT-18313,CL-00066
E-18314,CL-00066
COL-18317,CL-00066
FCV-18326,CL-00066
FCV-18330,CL-00066
K-18335,CL-00066
PT-18337,CL-00066
COL-18338,CL-00066
TT-18346,CL-00066
FCV-18351,CL-00066
COL-18352,CL-00066
E-18356,CL-00066
P-18357,CL-00066
PSV-18361,CL-00066
P-18362,CL-00066
E-18363,CL-00066
FCV-18365,CL-00066
FT-18371,CL-00066
P-18377,CL-00066
P-18379,CL-00066
K-18381,CL-00066
LT-18388,CL-00066
COL-18390,CL-00066
XV-18392,CL-00066
LT-18393,CL-00066
TT-18394,CL-00066
K-18395,CL-00066
COL-18397,CL-00066
TT-18399,CL-00066
TT-18400,CL-00066
P-18401,CL-00066
V-18403,CL-00066
P-18404,CL-00066
FT-18409,CL-00067
LT-18415,CL-00068
K-18417,CL-00068
LT-18420,CL-00068
FCV-18422,CL-00068
K-18424,CL-00067
TT-18427,CL-00067
V-18430,CL-00067
P-18432,CL-00067
PT-18433,CL-00067
P-18434,CL-00067
XV-18435,CL-00068
PSV-18440,CL-00067
TT-18441,CL-00067
PSV-18446,CL-00067
P-18447,CL-00067
P-18450,CL-00068
K-18453,CL-00068
K-18454,CL-00067
PSV-18455,CL-00067
P-18459,CL-00067
P-18460,CL-00068
K-18461,CL-00067
P-18463,CL-00068
K-18465,CL-00067
LT-18466,CL-00067
PT-18471,CL-00068
LT-18474,CL-00067
PT-18475,CL-00068
FT-18478,CL-00067
FCV-18479,CL-00068
P-18481,CL-00068
FT-18488,CL-00067
PSV-18489,CL-00068
V-18491,CL-00067
K-18492,CL-00067
E-18493,CL-00068
FCV-18494,CL-00067
E-18495,CL-00068
E-18500,CL-00068
FCV-18503,CL-00068
PT-18505,CL-00067
P-18507,CL-00067
P-18508,CL-00067
TT-18512,CL-00067
PT-18516,CL-00067
COL-18518,CL-00068
P-18522,CL-00067
FT-18526,CL-00067
XV-18528,CL-00068
PSV-18535,CL-00068
V-18536,CL-00067
P-18538,CL-00068
LT-18539,CL-00068
V-18542,CL-00068
FT-18544,CL-00068
TT-18547,CL-00068
TT-18548,CL-00067
K-18550,CL-00067
PT-18555,CL-00068
P-18558,CL-00068
E-18562,CL-00068
PT-18563,CL-00067
COL-18564,CL-00067
P-18569,CL-00067
COL-18573,CL-00068
P-18582,CL-00067
LT-18583,CL-00068
FT-18584,CL-00067
E-18588,CL-00068
P-18589,CL-00068
COL-18590,CL-00068
XV-18596,CL-00067
XV-18597,CL-00067
COL-18600,CL-00067
PT-18601,CL-00067
PT-18607,CL-00068
COL-18608,CL-00067
K-18618,CL-00067
PSV-18621,CL-00067
FCV-18622,CL-00068
V-18623,CL-00067
PT-18625,CL-00068
V-18626,CL-00067
FCV-18627,CL-00067
V-18630,CL-00068
COL-18633,CL-00068
PSV-18637,CL-00068
FCV-18638,CL-00068
E-18647,CL-00068
K-18648,CL-00068
LT-18649,CL-00068
V-18653,CL-00067
P-18657,CL-00067
TT-18658,CL-00067
K-18659,CL-00067
PT-18660,CL-00067
LT-18661,CL-00068
XV-18662,CL-00068
TT-18664,CL-00068
V-18665,CL-00068
PSV-18667,CL-00067
FCV-18672,CL-00068
K-18673,CL-00067
K-18675,CL-00068
K-18685,CL-00068
V-18688,CL-00068
PSV-18691,CL-00067
FCV-18694,CL-00068
FCV-18696,CL-00068
PSV-18698,CL-00068
XV-18700,CL-00068
V-18702,CL-00067
E-18703,CL-00068
PSV-18704,CL-00067
K-18707,CL-00068
P-18713,CL-00067
E-18714,CL-00067
E-18716,CL-00067
PT-18718,CL-00068
XV-18722,CL-00068
E-18724,CL-00068
FCV-18726,CL-00067
LT-18727,CL-00067
P-18728,CL-00068
K-18730,CL-00068
E-18733,CL-00067
PT-18736,CL-00068
XV-18741,CL-00068
K-18745,CL-00068
XV-18747,CL-00067
XV-18754,CL-00067
K-18757,CL-00067
LT-18758,CL-00068
K-18760,CL-00067
XV-18761,CL-00068
COL-18762,CL-00067
PT-18764,CL-00067
TT-18766,CL-00067
COL-18768,CL-00067
V-18773,CL-00067
E-18778,CL-00068
XV-18779,CL-00068
TT-18781,CL-00068
PSV-18782,CL-00068
LT-18783,CL-00067
P-18784,CL-00068
TT-18785,CL-00068
PSV-18786,CL-00068
V-18793,CL-00067
COL-18794,CL-00068
V-18795,CL-00068
COL-18797,CL-00068
E-18798,CL-00067
COL-18799,CL-00068
PT-18803,CL-00067
K-18808,CL-00067
FCV-18809,CL-00067
FT-18815,CL-00067
K-18816,CL-00067
K-18818,CL-00067
V-18819,CL-00067
PSV-18820,CL-00068
V-18822,CL-00067
E-18823,CL-00067
TT-18824,CL-00067
V-18825,CL-00068
E-18827,CL-00067
FCV-18828,CL-00067
K-18829,CL-00067
P-18830,CL-00067
COL-18831,CL-00067
PT-18834,CL-00068
LT-18843,CL-00068
FT-18844,CL-00068
V-18845,CL-00067
E-18852,CL-00067
LT-18859,CL-00068
V-18864,CL-00067
PT-18865,CL-00068
TT-18867,CL-00067
PSV-18874,CL-00068
PT-18875,CL-00068
TT-18877,CL-00068
K-18881,CL-00068
E-18883,CL-00067
K-18884,CL-00067
FT-18888,CL-00067
K-18895,CL-00069
P-18896,CL-00069
FCV-18898,CL-00070
PT-18902,CL-00069
XV-18904,CL-00069
FT-18907,CL-00070
P-18910,CL-00069
FT-18912,CL-00069
K-18915,CL-00069
P-18916,CL-00069
P-18919,CL-00069
P-18925,CL-00069
V-18928,CL-00070
PSV-18929,CL-00069
K-18934,CL-00070
XV-18935,CL-00069
K-18943,CL-00069
FCV-18955,CL-00070
PT-18956,CL-00069
PT-18962,CL-00069
FCV-18963,CL-00070
LT-18965,CL-00069
P-18972,CL-00069
V-18975,CL-00069
PT-18977,CL-00069
P-18980,CL-00069
XV-18984,CL-00070
LT-18986,CL-00070
PSV-18988,CL-00070
PT-18990,CL-00070
K-18994,CL-00069
V-18997,CL-00070
XV-19000,CL-00070
K-19004,CL-00070
K-19006,CL-00070
COL-19011,CL-00069
PSV-19012,CL-00070
V-19013,CL-00070
P-19014,CL-00070
V-19021,CL-00069
LT-19023,CL-00070
COL-19025,CL-00070
PSV-19027,CL-00069
FT-19032,CL-00069
PSV-19035,CL-00070
E-19043,CL-00069
PSV-19046,CL-00070
PT-19048,CL-00070
P-19051,CL-00069
TT-19052,CL-00069
COL-19054,CL-00070
COL-19057,CL-00070
P-19060,CL-00069
COL-19063,CL-00069
XV-19064,CL-00070
PSV-19068,CL-00070
FT-19070,CL-00070
E-19078,CL-00069
V-19080,CL-00069
FCV-19088,CL-00070
P-19090,CL-00069
K-19091,CL-00069
FCV-19093,CL-00069
P-19096,CL-00070
K-19099,CL-00069
P-19102,CL-00070
K-19109,CL-00070
K-19110,CL-00070
P-19115,CL-00069
K-19116,CL-00069
FCV-19118,CL-00069
P-19121,CL-00070
TT-19122,CL-00070
P-19124,CL-00069
LT-19135,CL-00070
PSV-19136,CL-00070
PT-19138,CL-00070
XV-19140,CL-00070
E-19142,CL-00070
P-19148,CL-00069
K-19149,CL-00069
V-19150,CL-00070
K-19151,CL-00070
FCV-19153,CL-00070
FT-19156,CL-00070
FCV-19162,CL-00070
V-19163,CL-00069
XV-19164,CL-00070
TT-19171,CL-00069
FT-19172,CL-00070
PSV-19173,CL-00070
P-19175,CL-00070
PSV-19182,CL-00070
LT-19183,CL-00070
P-19184,CL-00070
P-19185,CL-00069
FT-19186,CL-00070
TT-19187,CL-00069
XV-19191,CL-00069
P-19192,CL-00069
P-19195,CL-00070
PT-19198,CL-00069
PSV-19200,CL-00070
PSV-19201,CL-00070
P-19204,CL-00069
P-19205,CL-00070
COL-19208,CL-00069
PT-19210,CL-00070
TT-19218,CL-00069
E-19222,CL-00069
P-19226,CL-00070
LT-19227,CL-00070
P-19231,CL-00069
FT-19232,CL-00070
XV-19235,CL-00069
LT-19237,CL-00069
FCV-19241,CL-00069
PT-19242,CL-00069
PSV-19245,CL-00070
P-19250,CL-00070
FT-19251,CL-00069
FT-19255,CL-00070
P-19256,CL-00069
XV-19260,CL-00070
E-19264,CL-00070
COL-19269,CL-00069
FCV-19270,CL-00069
FCV-19273,CL-00069
LT-19276,CL-00069
COL-19278,CL-00070
P-19284,CL-00069
PT-19286,CL-00070
E-19288,CL-00069
FCV-19295,CL-00070
XV-19299,CL-00070
P-19303,CL-00070
LT-19305,CL-00070
TT-19307,CL-00069
FT-19309,CL-00069
LT-19310,CL-00069
COL-19311,CL-00070
P-19312,CL-00069
P-19313,CL-00069
TT-19316,CL-00069
P-19319,CL-00070
K-19322,CL-00070
FT-19324,CL-00070
V-19327,CL-00069
FT-19332,CL-00070
P-19333,CL-00070
XV-19336,CL-00069
V-19339,CL-00069
PT-19340,CL-00070
LT-19341,CL-00070
PSV-19344,CL-00069
P-19350,CL-00070
FCV-19354,CL-00069
PSV-19355,CL-00070
TT-19356,CL-00070
COL-19367,CL-00070
PT-19368,CL-00069
V-19369,CL-00070
XV-19372,CL-00070
FT-19385,CL-00070
FT-19390,CL-00070
K-19391,CL-00070
FCV-19395,CL-00070
FT-19397,CL-00069
E-19398,CL-00070
P-19400,CL-00070
PT-19401,CL-00070
FCV-19402,CL-00069
FT-19403,CL-00070
LT-19405,CL-00070
COL-19406,CL-00070
XV-19415,CL-00070
P-19416,CL-00069
P-19420,CL-00070
PT-19424,CL-00070
P-19425,CL-00070
P-19427,CL-00070
XV-19428,CL-00069
P-19431,CL-00070
P-19432,CL-00070
V-19435,CL-00069
PSV-19443,CL-00069
P-19445,CL-00070
LT-19446,CL-00070
FCV-19447,CL-00070
XV-19451,CL-00069
FCV-19455,CL-00069
TT-19458,CL-00070
LT-19462,CL-00069
FCV-19465,CL-00070
K-19466,CL-00070
PT-19471,CL-00070
P-19474,CL-00069
K-19476,CL-00070
XV-19478,CL-00069
FCV-19482,CL-00069
P-19487,CL-00069
TT-19493,CL-00069
P-19495,CL-00070
PSV-19497,CL-00069
FT-19499,CL-00069
V-19508,CL-00070
V-19510,CL-00069
E-19513,CL-00071
P-19516,CL-00071
P-19524,CL-00071
PSV-19526,CL-00071
K-19531,CL-00071
PSV-19534,CL-00071
P-19535,CL-00071
P-19537,CL-00071
COL-19538,CL-00071
PSV-19540,CL-00071
K-19541,CL-00071
LT-19543,CL-00071
FCV-19546,CL-00071
COL-19548,CL-00071
FCV-19549,CL-00071
PSV-19552,CL-00071
P-19557,CL-00071
PT-19558,CL-00071
P-19562,CL-00071
FCV-19563,CL-00071
PT-19564,CL-00071
E-19569,CL-00071
LT-19570,CL-00071
E-19572,CL-00071
XV-19575,CL-00071
FCV-19576,CL-00071
PSV-19578,CL-00071
P-19579,CL-00071
FT-19582,CL-00071
TT-19583,CL-00071
PSV-19584,CL-00071
K-19585,CL-00071
E-19586,CL-00071
FT-19591,CL-00071
FCV-19592,CL-00071
V-19593,CL-00071
XV-19594,CL-00071
V-19595,CL-00071
K-19596,CL-00071
FT-19600,CL-00071
PSV-19602,CL-00071
PT-19603,CL-00071
V-19605,CL-00071
LT-19609,CL-00071
E-19610,CL-00071
E-19612,CL-00071
XV-19615,CL-00071
E-19617,CL-00071
PT-19622,CL-00071
TT-19627,CL-00071
PT-19628,CL-00071
V-19629,CL-00071
FT-19631,CL-00071
V-19634,CL-00071
PSV-19635,CL-00071
FCV-19638,CL-00071
P-19639,CL-00071
K-19640,CL-00071
PSV-19644,CL-00071
E-19645,CL-00071
K-19646,CL-00071
COL-19651,CL-00071
PSV-19655,CL-00071
TT-19658,CL-00071
COL-19659,CL-00071
COL-19663,CL-00071
FCV-19664,CL-00071
TT-19665,CL-00071
PSV-19666,CL-00071
XV-19669,CL-00071
LT-19670,CL-00071
K-19671,CL-00071
E-19673,CL-00071
TT-19675,CL-00071
FT-19677,CL-00071
V-19680,CL-00071
FCV-19681,CL-00071
K-19683,CL-00071
V-19685,CL-00071
PSV-19687,CL-00071
FT-19691,CL-00071
V-19692,CL-00071
COL-19695,CL-00071
P-19696,CL-00071
PT-19698,CL-00071
P-19701,CL-00071
PT-19704,CL-00071
LT-19706,CL-00071
P-19708,CL-00071
FT-19709,CL-00071
PSV-19710,CL-00071
TT-19715,CL-00071
V-19719,CL-00071
FCV-19720,CL-00071
FT-19723,CL-00071
FT-19724,CL-00071
V-19727,CL-00071
P-19728,CL-00071
P-19730,CL-00071
XV-19733,CL-00071
P-19737,CL-00071
V-19742,CL-00071
COL-19744,CL-00071
TT-19745,CL-00071
FCV-19747,CL-00071
FT-19749,CL-00071
COL-19750,CL-00071
P-19752,CL-00071
LT-19770,CL-00071
LT-19774,CL-00071
FCV-19781,CL-00071
LT-19787,CL-00071
V-19792,CL-00071
TT-19795,CL-00071
E-19797,CL-00071
FCV-19798,CL-00071
P-19799,CL-00071
P-19802,CL-00071
P-19803,CL-00071
TT-19809,CL-00071
TT-19811,CL-00071
P-19813,CL-00071
PT-19814,CL-00071
E-19815,CL-00071
V-19816,CL-00071
PT-19819,CL-00071
V-19824,CL-00071
P-19825,CL-00071
PT-19829,CL-00071
PSV-19831,CL-00071
PT-19832,CL-00071
PT-19838,CL-00071
TT-19840,CL-00071
V-19842,CL-00071
K-19846,CL-00071
FCV-19847,CL-00071
XV-19852,CL-00071
FCV-19854,CL-00071
FCV-19855,CL-00071
COL-19856,CL-00071
K-19857,CL-00071
E-19860,CL-00071
FCV-19863,CL-00071
XV-19864,CL-00071
PT-19867,CL-00071
P-19868,CL-00071
P-19869,CL-00071
COL-19871,CL-00071
LT-19872,CL-00071
COL-19874,CL-00071
TT-19877,CL-00071
LT-19879,CL-00071
LT-19881,CL-00071
E-19885,CL-00071
FT-19886,CL-00071
V-19888,CL-00071
TT-19891,CL-00071
COL-19896,CL-00071
E-19897,CL-00071
PT-19898,CL-00071
E-19899,CL-00071
E-19900,CL-00071
P-19903,CL-00071
E-19904,CL-00071
XV-19907,CL-00071
P-19908,CL-00071
FT-19910,CL-00071
PT-19913,CL-00071
P-19914,CL-00071
FCV-19919,CL-00071
P-19921,CL-00071
COL-19923,CL-00071
FCV-19924,CL-00071
P-19926,CL-00071
P-19931,CL-00071
PT-19937,CL-00071
E-19938,CL-00071
P-19939,CL-00071
E-19942,CL-00071
COL-19947,CL-00071
XV-19948,CL-00071
P-19950,CL-00071
COL-19951,CL-00071
E-19955,CL-00071
E-19957,CL-00071
P-19958,CL-00071
P-19960,CL-00071
E-19966,CL-00071
LT-19967,CL-00071
P-19968,CL-00071
FT-19972,CL-00071
COL-19973,CL-00071
E-19974,CL-00071
P-19976,CL-00071
E-19977,CL-00071
FT-19984,CL-00071
K-19986,CL-00071
V-19988,CL-00071
LT-19989,CL-00071
E-19990,CL-00071
COL-19992,CL-00071
E-19995,CL-00071
TT-19998,CL-00071
LT-20002,CL-00071
FCV-20004,CL-00071
V-20007,CL-00071
FCV-20008,CL-00071
P-20010,CL-00071
LT-20012,CL-00071
COL-20013,CL-00071
PT-20019,CL-00071
FCV-20020,CL-00071
XV-20021,CL-00071
P-20022,CL-00071
PT-20024,CL-00071
P-20026,CL-00071
P-20028,CL-00073
XV-20031,CL-00072
FCV-20036,CL-00072
E-20037,CL-00073
LT-20038,CL-00072
FT-20039,CL-00072
COL-20044,CL-00072
LT-20046,CL-00073
P-20048,CL-00073
PSV-20052,CL-00073
FCV-20054,CL-00073
COL-20057,CL-00072
LT-20060,CL-00072
P-20061,CL-00072
K-20063,CL-00073
FCV-20066,CL-00073
V-20067,CL-00072
FCV-20071,CL-00072
P-20074,CL-00073
PT-20081,CL-00073
TT-20083,CL-00072
P-20086,CL-00073
V-20087,CL-00073
PSV-20088,CL-00072
TT-20089,CL-00072
PT-20090,CL-00072
PT-20091,CL-00072
FT-20095,CL-00072
LT-20103,CL-00073
P-20106,CL-00073
PT-20107,CL-00073
PSV-20108,CL-00073
P-20111,CL-00072
TT-20117,CL-00073
P-20121,CL-00072
FCV-20127,CL-00072
E-20140,CL-00072
K-20143,CL-00073
PSV-20144,CL-00072
TT-20146,CL-00072
FT-20147,CL-00073
LT-20149,CL-00072
LT-20150,CL-00073
PT-20161,CL-00073
TT-20166,CL-00072
COL-20167,CL-00073
COL-20168,CL-00073
FT-20169,CL-00073
E-20170,CL-00072
COL-20171,CL-00073
V-20177,CL-00073
COL-20182,CL-00073
FT-20187,CL-00072
K-20193,CL-00073
XV-20194,CL-00073
V-20203,CL-00072
XV-20215,CL-00073
FCV-20216,CL-00072
TT-20217,CL-00073
V-20218,CL-00072
PSV-20220,CL-00073
TT-20222,CL-00073
PT-20225,CL-00073
P-20226,CL-00073
XV-20228,CL-00072
PSV-20229,CL-00073
E-20231,CL-00073
FCV-20232,CL-00072
P-20233,CL-00072
PSV-20234,CL-00073
COL-20235,CL-00072
V-20238,CL-00072
PSV-20240,CL-00072
XV-20247,CL-00072
PSV-20248,CL-00073
FCV-20249,CL-00073
P-20252,CL-00073
P-20254,CL-00072
COL-20255,CL-00073
FT-20258,CL-00072
PT-20260,CL-00072
K-20261,CL-00073
PSV-20262,CL-00073
LT-20265,CL-00073
PT-20268,CL-00073
TT-20270,CL-00072
K-20275,CL-00073
K-20279,CL-00073
PSV-20281,CL-00073
FCV-20283,CL-00072
PSV-20284,CL-00072
P-20287,CL-00073
TT-20289,CL-00073
V-20292,CL-00073
P-20295,CL-00073
E-20297,CL-00073
K-20307,CL-00072
FCV-20311,CL-00072
K-20313,CL-00073
K-20315,CL-00072
XV-20316,CL-00072
TT-20319,CL-00073
P-20321,CL-00072
P-20323,CL-00072
V-20326,CL-00072
P-20331,CL-00073
V-20337,CL-00072
FCV-20338,CL-00073
COL-20339,CL-00072
K-20340,CL-00073
FT-20344,CL-00073
V-20347,CL-00072
XV-20353,CL-00072
K-20355,CL-00072
V-20356,CL-00072
PSV-20357,CL-00072
PSV-20360,CL-00073
P-20361,CL-00072
P-20362,CL-00072
XV-20363,CL-00072
COL-20367,CL-00073
P-20368,CL-00073
FCV-20370,CL-00073
P-20372,CL-00073
COL-20374,CL-00073
LT-20376,CL-00072
COL-20382,CL-00072
COL-20386,CL-00072
FT-20389,CL-00073
E-20392,CL-00073
FCV-20395,CL-00073
E-20397,CL-00072
FCV-20398,CL-00072
V-20399,CL-00073
FT-20404,CL-00072
P-20405,CL-00072
FCV-20406,CL-00073
E-20411,CL-00074
E-20413,CL-00075
FT-20415,CL-00074
FCV-20419,CL-00075
K-20421,CL-00074
P-20427,CL-00074
XV-20429,CL-00075
PSV-20430,CL-00075
FCV-20433,CL-00074
E-20439,CL-00075
TT-20443,CL-00075
LT-20447,CL-00074
FCV-20451,CL-00075
FT-20452,CL-00075
PT-20457,CL-00074
PSV-20458,CL-00075
E-20460,CL-00075
PT-20463,CL-00075
P-20464,CL-00075
FCV-20472,CL-00074
XV-20474,CL-00074
FT-20475,CL-00074
V-20479,CL-00075
PT-20480,CL-00074
P-20482,CL-00075
E-20483,CL-00074
E-20484,CL-00074
FCV-20486,CL-00074
LT-20491,CL-00074
PT-20494,CL-00074
COL-20502,CL-00074
P-20505,CL-00075
LT-20508,CL-00075
P-20512,CL-00074
V-20514,CL-00074
PT-20516,CL-00074
P-20519,CL-00075
TT-20520,CL-00074
PT-20524,CL-00075
V-20527,CL-00074
P-20544,CL-00075
COL-20545,CL-00074
P-20546,CL-00075
PSV-20547,CL-00074
COL-20548,CL-00074
V-20554,CL-00074
FCV-20555,CL-00075
XV-20556,CL-00075
E-20558,CL-00074
XV-20559,CL-00074
V-20560,CL-00075
TT-20563,CL-00075
COL-20565,CL-00075
LT-20566,CL-00074
PSV-20569,CL-00075
E-20571,CL-00075
LT-20592,CL-00075
E-20597,CL-00074
COL-20599,CL-00075
XV-20600,CL-00075
K-20604,CL-00075
P-20607,CL-00074
PSV-20614,CL-00074
E-20616,CL-00075
E-20619,CL-00074
E-20624,CL-00074
PT-20628,CL-00074
FCV-20635,CL-00075
COL-20640,CL-00074
K-20646,CL-00074
P-20648,CL-00074
COL-20650,CL-00074
LT-20652,CL-00074
PSV-20654,CL-00074
E-20655,CL-00075
PT-20657,CL-00074
E-20658,CL-00074
XV-20662,CL-00074
PT-20667,CL-00074
K-20673,CL-00075
FT-20678,CL-00075
K-20682,CL-00075
TT-20686,CL-00075
P-20693,CL-00074
K-20696,CL-00075
TT-20697,CL-00074
XV-20704,CL-00074
FCV-20705,CL-00074
COL-20709,CL-00075
TT-20713,CL-00075
COL-20722,CL-00075
XV-20725,CL-00074
LT-20726,CL-00074
TT-20728,CL-00074
P-20738,CL-00074
K-20739,CL-00074
XV-20742,CL-00074
XV-20743,CL-00075
TT-20744,CL-00075
COL-20745,CL-00075
PSV-20749,CL-00074
V-20754,CL-00075
FT-20756,CL-00075
LT-20761,CL-00074
PT-20764,CL-00075
P-20769,CL-00075
PSV-20770,CL-00074
FCV-20776,CL-00075
P-20777,CL-00074
PSV-20780,CL-00075
XV-20782,CL-00074
FT-20788,CL-00075
V-20790,CL-00074
P-20801,CL-00075
PSV-20802,CL-00075
P-20805,CL-00075
PSV-20806,CL-00075
PSV-20808,CL-00074
E-20814,CL-00074
XV-20816,CL-00075
FCV-20819,CL-00075
K-20820,CL-00074
P-20821,CL-00075
XV-20822,CL-00074
FCV-20824,CL-00075
PT-20827,CL-00074
V-20828,CL-00075
PSV-20831,CL-00075
FT-20835,CL-00074
LT-20836,CL-00075
LT-20837,CL-00075
P-20838,CL-00074
E-20840,CL-00074
FCV-20841,CL-00074
E-20843,CL-00074
COL-20851,CL-00075
FT-20853,CL-00074
LT-20854,CL-00074
P-20856,CL-00074
E-20858,CL-00074
FT-20860,CL-00075
FCV-20864,CL-00074
TT-20865,CL-00075
P-20869,CL-00074
COL-20872,CL-00074
TT-20875,CL-00074
COL-20878,CL-00075
XV-20883,CL-00074
P-20886,CL-00076
PT-20893,CL-00076
FT-20896,CL-00076
PSV-20897,CL-00076
FT-20899,CL-00076
XV-20900,CL-00076
XV-20908,CL-00076
FT-20910,CL-00076
V-20911,CL-00076
FCV-20917,CL-00076
FCV-20926,CL-00076
LT-20928,CL-00076
PSV-20929,CL-00076
FCV-20931,CL-00076
V-20936,CL-00076
FCV-20937,CL-00076
PT-20940,CL-00076
P-20942,CL-00076
V-20943,CL-00076
E-20947,CL-00076
V-20955,CL-00076
TT-20956,CL-00076
P-20961,CL-00076
PSV-20963,CL-00076
E-20966,CL-00076
LT-20970,CL-00076
PSV-20972,CL-00076
TT-20975,CL-00076
P-20976,CL-00076
P-20977,CL-00076
PT-20979,CL-00076
P-20982,CL-00076
TT-20983,CL-00076
K-20988,CL-00076
FCV-20990,CL-00076
FCV-20991,CL-00076
COL-20993,CL-00076
XV-20998,CL-00076
P-21004,CL-00076
COL-21005,CL-00076
TT-21006,CL-00076
PSV-21007,CL-00076
COL-21010,CL-00076
P-21011,CL-00076
FT-21013,CL-00076
P-21014,CL-00076
K-21015,CL-00076
P-21020,CL-00076
E-21022,CL-00076
P-21025,CL-00076
V-21026,CL-00076
K-21030,CL-00076
E-21031,CL-00076
COL-21032,CL-00076
XV-21035,CL-00076
FCV-21037,CL-00076
K-21038,CL-00076
FCV-21039,CL-00076
P-21040,CL-00076
FCV-21044,CL-00076
P-21046,CL-00076
FCV-21053,CL-00076
LT-21054,CL-00076
LT-21059,CL-00076
PT-21062,CL-00076
V-21063,CL-00076
P-21065,CL-00076
V-21071,CL-00076
LT-21072,CL-00076
E-21079,CL-00076
COL-21080,CL-00076
P-21086,CL-00076
LT-21091,CL-00076
K-21096,CL-00076
FCV-21098,CL-00076
E-21099,CL-00076
FT-21103,CL-00076
P-21107,CL-00076
P-21110,CL-00076
COL-21111,CL-00076
LT-21114,CL-00076
P-21115,CL-00076
P-21118,CL-00076
FT-21121,CL-00076
FCV-21128,CL-00076
TT-21135,CL-00076
XV-21140,CL-00076
COL-21141,CL-00076
K-21146,CL-00076
P-21150,CL-00076
K-21152,CL-00076
FCV-21155,CL-00076
PSV-21160,CL-00076
PT-21165,CL-00076
COL-21166,CL-00076
FT-21173,CL-00076
FT-21174,CL-00076
FT-21179,CL-00076
TT-21180,CL-00076
P-21189,CL-00076
P-21192,CL-00076
K-21195,CL-00076
PSV-21196,CL-00076
E-21199,CL-00076
P-21201,CL-00076
PSV-21203,CL-00076
TT-21205,CL-00076
K-21206,CL-00076
K-21208,CL-00076
V-21210,CL-00076
PT-21211,CL-00076
V-21216,CL-00076
FT-21217,CL-00076
K-21222,CL-00076
LT-21225,CL-00076
P-21227,CL-00076
K-21228,CL-00076
P-21230,CL-00076
P-21233,CL-00076
FCV-21235,CL-00076
FCV-21241,CL-00076
K-21247,CL-00076
FT-21250,CL-00076
PT-21251,CL-00076
K-21252,CL-00076
P-21253,CL-00076
P-21257,CL-00076
COL-21259,CL-00076
FT-21260,CL-00076
XV-21267,CL-00076
FCV-21269,CL-00076
COL-21271,CL-00076
FCV-21279,CL-00076
PSV-21281,CL-00076
K-21282,CL-00076
FT-21283,CL-00076
FCV-21284,CL-00076
K-21285,CL-00076
E-21286,CL-00076
FT-21288,CL-00076
P-21293,CL-00076
COL-21294,CL-00076
FT-21297,CL-00076
FCV-21301,CL-00076
COL-21306,CL-00076
P-21309,CL-00076
P-21310,CL-00076
P-21311,CL-00076
E-21318,CL-00076
FT-21322,CL-00076
K-21323,CL-00076
E-21328,CL-00076
PT-21331,CL-00076
K-21335,CL-00076
PT-21336,CL-00076
COL-21338,CL-00076
PSV-21349,CL-00076
PT-21351,CL-00076
K-21354,CL-00076
P-21361,CL-00076
XV-21362,CL-00076
LT-21364,CL-00076
XV-21365,CL-00076
FCV-21371,CL-00076
K-21384,CL-00076
COL-21388,CL-00076
K-21391,CL-00076
PT-21393,CL-00076
V-21394,CL-00076
P-21400,CL-00076
XV-21402,CL-00076
K-21404,CL-00076
K-21406,CL-00076
COL-21407,CL-00076
K-21408,CL-00076
K-21409,CL-00076
LT-21411,CL-00076
P-21412,CL-00076
K-21413,CL-00076
K-21414,CL-00076
FT-21417,CL-00076
K-21430,CL-00077
FT-21432,CL-00077
P-21438,CL-00077
FCV-21440,CL-00077
V-21442,CL-00077
FCV-21446,CL-00077
COL-21447,CL-00077
P-21448,CL-00077
COL-21452,CL-00077
P-21453,CL-00077
LT-21455,CL-00077
PSV-21461,CL-00077
LT-21467,CL-00077
P-21468,CL-00077
FCV-21470,CL-00077
FT-21471,CL-00077
COL-21472,CL-00077
LT-21473,CL-00077
PSV-21476,CL-00077
V-21478,CL-00077
TT-21479,CL-00077
P-21488,CL-00077
COL-21490,CL-00077
K-21492,CL-00077
K-21496,CL-00077
E-21497,CL-00077
FCV-21500,CL-00077
P-21501,CL-00077
FT-21502,CL-00077
P-21513,CL-00077
COL-21516,CL-00077
FT-21520,CL-00077
PT-21524,CL-00077
FT-21529,CL-00077
V-21531,CL-00077
PT-21533,CL-00077
XV-21534,CL-00077
FCV-21538,CL-00077
XV-21540,CL-00077
LT-21541,CL-00077
LT-21542,CL-00077
PSV-21546,CL-00077
LT-21547,CL-00077
V-21550,CL-00077
COL-21553,CL-00077
FT-21554,CL-00077
V-21555,CL-00077
PT-21556,CL-00077
V-21557,CL-00077
P-21561,CL-00077
XV-21563,CL-00077
TT-21569,CL-00077
P-21574,CL-00077
XV-21575,CL-00077
LT-21578,CL-00077
P-21580,CL-00077
E-21582,CL-00077
FCV-21587,CL-00077
PSV-21591,CL-00077
TT-21595,CL-00077
FT-21600,CL-00077
TT-21601,CL-00077
XV-21602,CL-00077
K-21611,CL-00077
TT-21615,CL-00077
XV-21617,CL-00077
P-21619,CL-00077
PSV-21625,CL-00077
V-21626,CL-00077
P-21631,CL-00077
PSV-21632,CL-00077
FT-21633,CL-00077
PT-21635,CL-00077
PSV-21636,CL-00077
PSV-21637,CL-00077
P-21643,CL-00077
E-21651,CL-00077
P-21653,CL-00077
FT-21661,CL-00077
P-21666,CL-00077
PSV-21667,CL-00077
LT-21668,CL-00077
FCV-21670,CL-00077
COL-21671,CL-00077
P-21672,CL-00077
FCV-21679,CL-00077
LT-21684,CL-00077
COL-21692,CL-00077
V-21693,CL-00077
FCV-21696,CL-00077
XV-21700,CL-00077
COL-21701,CL-00077
K-21702,CL-00077
PT-21705,CL-00077
XV-21710,CL-00077
PT-21717,CL-00077
V-21718,CL-00077
PSV-21722,CL-00077
P-21723,CL-00077
TT-21726,CL-00077
FCV-21727,CL-00077
PSV-21729,CL-00077
FCV-21731,CL-00077
V-21732,CL-00077
FT-21734,CL-00077
PSV-21736,CL-00077
P-21739,CL-00077
FT-21741,CL-00077
XV-21744,CL-00077
PT-21745,CL-00077
PSV-21746,CL-00077
V-21747,CL-00077
PT-21750,CL-00077
TT-21753,CL-00077
P-21764,CL-00077
PSV-21767,CL-00077
LT-21769,CL-00077
P-21770,CL-00077
PSV-21773,CL-00077
XV-21777,CL-00077
E-21778,CL-00077
COL-21784,CL-00077
COL-21785,CL-00077
E-21786,CL-00077
PT-21793,CL-00077
FT-21799,CL-00077
TT-21804,CL-00077
V-21807,CL-00077
COL-21810,CL-00077
PT-21815,CL-00077
PSV-21819,CL-00077
PSV-21824,CL-00077
PT-21826,CL-00077
TT-21830,CL-00077
XV-21831,CL-00077
PSV-21836,CL-00077
P-21837,CL-00077
P-21841,CL-00077
P-21846,CL-00077
COL-21848,CL-00077
PSV-21860,CL-00077
PSV-21864,CL-00077
FCV-21865,CL-00077
E-21871,CL-00077
FT-21873,CL-00077
P-21875,CL-00077
E-21876,CL-00077
E-21877,CL-00077
P-21880,CL-00077
E-21883,CL-00077
COL-21889,CL-00077
E-21890,CL-00077
LT-21891,CL-00077
FT-21894,CL-00077
FCV-21903,CL-00077
PT-21908,CL-00077
FCV-21911,CL-00077
XV-21918,CL-00077
XV-21919,CL-00077
V-21920,CL-00077
COL-21924,CL-00077
V-21927,CL-00077
COL-21934,CL-00079
PT-21937,CL-00078
PSV-21938,CL-00078
P-21939,CL-00078
K-21940,CL-00079
LT-21941,CL-00079
P-21943,CL-00078
FCV-21946,CL-00078
PT-21948,CL-00078
COL-21949,CL-00078
V-21951,CL-00079
FT-21955,CL-00079
TT-21957,CL-00079
FT-21958,CL-00079
V-21960,CL-00078
FCV-21965,CL-00078
LT-21967,CL-00078
COL-21970,CL-00078
FT-21972,CL-00078
LT-21973,CL-00079
P-21976,CL-00079
TT-21979,CL-00079
FT-21980,CL-00079
LT-21981,CL-00078
E-21982,CL-00079
E-21984,CL-00079
XV-21989,CL-00079
K-21990,CL-00078
E-21992,CL-00078
COL-21997,CL-00079
COL-21998,CL-00079
FT-22001,CL-00078
FT-22005,CL-00079
FT-22009,CL-00078
LT-22010,CL-00079
P-22011,CL-00078
FCV-22013,CL-00079
K-22019,CL-00079
XV-22020,CL-00079
K-22021,CL-00078
FT-22022,CL-00078
LT-22023,CL-00078
FCV-22024,CL-00078
V-22026,CL-00079
P-22027,CL-00079
E-22028,CL-00078
V-22033,CL-00078
K-22034,CL-00078
PT-22035,CL-00079
FT-22036,CL-00078
XV-22041,CL-00079
COL-22042,CL-00079
TT-22046,CL-00078
LT-22049,CL-00078
E-22050,CL-00079
P-22052,CL-00078
V-22053,CL-00078
FCV-22055,CL-00079
K-22058,CL-00078
TT-22064,CL-00078
COL-22074,CL-00078
COL-22076,CL-00078
PSV-22077,CL-00079
COL-22078,CL-00079
PT-22080,CL-00079
PSV-22081,CL-00078
E-22083,CL-00079
TT-22092,CL-00079
TT-22096,CL-00079
XV-22105,CL-00079
PSV-22108,CL-00078
COL-22110,CL-00078
XV-22113,CL-00078
K-22118,CL-00078
P-22121,CL-00079
FCV-22130,CL-00078
LT-22131,CL-00078
XV-22132,CL-00078
LT-22133,CL-00079
XV-22136,CL-00078
FCV-22143,CL-00079
TT-22146,CL-00079
FT-22150,CL-00078
FT-22151,CL-00078
TT-22158,CL-00078
E-22162,CL-00078
COL-22163,CL-00078
P-22171,CL-00079
TT-22172,CL-00079
FT-22173,CL-00079
COL-22175,CL-00078
TT-22177,CL-00078
PT-22179,CL-00079
P-22180,CL-00079
FT-22181,CL-00078
E-22189,CL-00079
PSV-22190,CL-00078
P-22191,CL-00078
K-22193,CL-00078
COL-22195,CL-00079
P-22199,CL-00079
P-22201,CL-00079
TT-22206,CL-00079
P-22208,CL-00078
FT-22209,CL-00079
LT-22210,CL-00079
P-22212,CL-00078
LT-22213,CL-00078
E-22217,CL-00079
FT-22220,CL-00078
TT-22221,CL-00078
E-22223,CL-00079
P-22224,CL-00078
FT-22230,CL-00078
FCV-22235,CL-00079
P-22240,CL-00079
LT-22247,CL-00079
K-22250,CL-00079
V-22254,CL-00078
XV-22256,CL-00078
E-22257,CL-00078
K-22259,CL-00079
COL-22263,CL-00079
PSV-22267,CL-00079
P-22272,CL-00078
K-22273,CL-00078
E-22275,CL-00079
V-22280,CL-00078
COL-22282,CL-00079
PT-22283,CL-00079
XV-22284,CL-00078
FCV-22286,CL-00079
FT-22290,CL-00079
PT-22291,CL-00078
LT-22296,CL-00078
XV-22299,CL-00078
E-22300,CL-00079
XV-22302,CL-00079
PT-22307,CL-00078
XV-22311,CL-00078
V-22313,CL-00079
P-22315,CL-00079
FT-22316,CL-00079
P-22317,CL-00078
PT-22319,CL-00078
V-22320,CL-00078
E-22324,CL-00078
P-22328,CL-00078
PSV-22332,CL-00078
PSV-22336,CL-00079
FCV-22341,CL-00078
COL-22342,CL-00078
LT-22343,CL-00078
PSV-22349,CL-00079
PSV-22353,CL-00079
PT-22356,CL-00078
E-22358,CL-00078
XV-22359,CL-00078
K-22362,CL-00078
E-22364,CL-00079
FT-22367,CL-00078
TT-22369,CL-00078
TT-22370,CL-00079
V-22375,CL-00079
LT-22381,CL-00078
P-22388,CL-00079
COL-22390,CL-00080
TT-22394,CL-00080
P-22399,CL-00080
LT-22401,CL-00080
XV-22403,CL-00080
V-22404,CL-00080
TT-22405,CL-00081
PT-22407,CL-00081
PSV-22410,CL-00080
E-22411,CL-00081
PSV-22416,CL-00080
COL-22419,CL-00080
TT-22427,CL-00080
E-22428,CL-00081
PSV-22432,CL-00081
XV-22434,CL-00080
K-22436,CL-00080
P-22439,CL-00081
LT-22441,CL-00080
TT-22446,CL-00080
PT-22448,CL-00080
P-22449,CL-00081
PSV-22454,CL-00080
P-22455,CL-00080
LT-22456,CL-00081
TT-22457,CL-00081
PT-22458,CL-00080
V-22460,CL-00080
P-22477,CL-00080
E-22480,CL-00080
FT-22484,CL-00080
TT-22488,CL-00080
FT-22489,CL-00081
PSV-22491,CL-00081
V-22498,CL-00081
PT-22503,CL-00081
FT-22505,CL-00080
E-22506,CL-00081
PT-22510,CL-00080
XV-22512,CL-00081
XV-22513,CL-00081
K-22515,CL-00080
COL-22516,CL-00081
LT-22520,CL-00081
E-22521,CL-00080
COL-22522,CL-00081
LT-22523,CL-00080
LT-22525,CL-00080
E-22526,CL-00080
COL-22528,CL-00080
V-22533,CL-00080
P-22537,CL-00080
COL-22538,CL-00080
PT-22550,CL-00080
FCV-22554,CL-00081
V-22555,CL-00080
FCV-22558,CL-00080
K-22561,CL-00080
FT-22564,CL-00080
XV-22566,CL-00081
PT-22567,CL-00081
P-22568,CL-00081
FT-22569,CL-00081
K-22572,CL-00080
P-22575,CL-00081
PT-22580,CL-00080
V-22582,CL-00081
PSV-22583,CL-00081
XV-22588,CL-00081
E-22590,CL-00081
E-22592,CL-00080
P-22597,CL-00080
PSV-22598,CL-00080
COL-22600,CL-00080
K-22608,CL-00080
K-22614,CL-00081
XV-22615,CL-00081
PSV-22617,CL-00081
TT-22619,CL-00080
PSV-22621,CL-00080
TT-22622,CL-00080
K-22627,CL-00080
P-22630,CL-00080
P-22639,CL-00081
K-22641,CL-00080
TT-22642,CL-00080
PSV-22647,CL-00080
COL-22648,CL-00081
PSV-22654,CL-00081
XV-22656,CL-00081
LT-22659,CL-00080
P-22660,CL-00081
P-22667,CL-00080
XV-22669,CL-00080
PSV-22671,CL-00080
TT-22672,CL-00081
K-22675,CL-00080
LT-22680,CL-00081
K-22681,CL-00080
PSV-22683,CL-00081
K-22684,CL-00080
PSV-22688,CL-00080
XV-22693,CL-00081
PT-22694,CL-00081
V-22695,CL-00081
E-22697,CL-00080
V-22699,CL-00081
TT-22700,CL-00081
FCV-22706,CL-00081
P-22708,CL-00080
FCV-22709,CL-00080
LT-22710,CL-00081
P-22711,CL-00081
PSV-22714,CL-00080
LT-22715,CL-00080
PT-22717,CL-00080
V-22718,CL-00080
XV-22719,CL-00081
FT-22720,CL-00081
FCV-22724,CL-00080
TT-22726,CL-00081
P-22727,CL-00081
TT-22730,CL-00080
E-22734,CL-00081
P-22736,CL-00081
PSV-22739,CL-00080
PT-22740,CL-00081
PSV-22743,CL-00081
PSV-22745,CL-00080
K-22749,CL-00081
PSV-22750,CL-00080
K-22753,CL-00080
E-22755,CL-00081
COL-22757,CL-00080
TT-22759,CL-00081
TT-22762,CL-00081
E-22772,CL-00081
COL-22776,CL-00081
TT-22786,CL-00080
LT-22787,CL-00081
P-22788,CL-00081
PSV-22793,CL-00080
XV-22794,CL-00080
LT-22795,CL-00080
FT-22796,CL-00080
K-22797,CL-00080
K-22799,CL-00080
XV-22801,CL-00080
LT-22803,CL-00080
TT-22804,CL-00081
FCV-22806,CL-00080
P-22807,CL-00080
K-22812,CL-00081
P-22815,CL-00081
E-22819,CL-00080
XV-22821,CL-00080
TT-22823,CL-00081
PT-22825,CL-00080
P-22826,CL-00080
P-22835,CL-00081
K-22841,CL-00080
XV-22843,CL-00080
XV-22844,CL-00080
V-22847,CL-00081
PT-22853,CL-00081
FT-22854,CL-00081
TT-22856,CL-00081
E-22858,CL-00081
FCV-22866,CL-00080
XV-22870,CL-00080
P-22873,CL-00081
P-22879,CL-00081
E-22882,CL-00080
P-22884,CL-00081
K-22894,CL-00080
COL-22897,CL-00081
XV-22901,CL-00081
E-22904,CL-00080
FT-22919,CL-00080
FCV-22922,CL-00080
FT-22927,CL-00080
FT-22931,CL-00082
COL-22933,CL-00082
K-22935,CL-00082
PT-22936,CL-00082
PT-22937,CL-00082
FCV-22939,CL-00082
P-22944,CL-00082
COL-22951,CL-00082
E-22952,CL-00082
FT-22956,CL-00082
FCV-22965,CL-00082
E-22967,CL-00082
PSV-22968,CL-00082
XV-22977,CL-00082
LT-22978,CL-00082
V-22980,CL-00082
FCV-22981,CL-00082
COL-22986,CL-00082
P-22989,CL-00082
P-22993,CL-00082
PSV-22998,CL-00082
E-23000,CL-00082
V-23001,CL-00082
FT-23003,CL-00082
V-23004,CL-00082
FT-23005,CL-00082
FT-23006,CL-00082
FCV-23008,CL-00082
TT-23012,CL-00082
XV-23020,CL-00082
P-23022,CL-00082
LT-23024,CL-00082
COL-23026,CL-00082
P-23027,CL-00082
PT-23029,CL-00082
COL-23031,CL-00082
PT-23034,CL-00082
FT-23037,CL-00082
XV-23041,CL-00082
K-23042,CL-00082
PSV-23044,CL-00082
V-23045,CL-00082
K-23049,CL-00082
XV-23054,CL-00082
P-23056,CL-00082
FT-23058,CL-00082
FT-23061,CL-00082
COL-23063,CL-00082
P-23068,CL-00082
COL-23070,CL-00082
K-23071,CL-00082
FCV-23072,CL-00082
TT-23074,CL-00082
FCV-23076,CL-00082
K-23077,CL-00082
LT-23081,CL-00082
E-23082,CL-00082
COL-23088,CL-00082
PT-23092,CL-00082
LT-23097,CL-00082
E-23098,CL-00082
TT-23102,CL-00082
PSV-23104,CL-00082
P-23107,CL-00082
PT-23110,CL-00082
XV-23112,CL-00082
XV-23117,CL-00082
K-23124,CL-00082
TT-23129,CL-00082
FT-23130,CL-00082
P-23132,CL-00082
FCV-23133,CL-00082
COL-23135,CL-00082
COL-23142,CL-00082
K-23143,CL-00082
FT-23145,CL-00082
TT-23151,CL-00082
FT-23153,CL-00082
PSV-23156,CL-00082
E-23157,CL-00082
XV-23158,CL-00082
PT-23159,CL-00082
LT-23164,CL-00082
V-23165,CL-00082
FT-23168,CL-00082
TT-23169,CL-00082
E-23172,CL-00082
FCV-23177,CL-00082
PT-23178,CL-00082
FCV-23180,CL-00082
PSV-23182,CL-00082
PT-23184,CL-00082
PT-23185,CL-00082
PSV-23190,CL-00082
K-23196,CL-00082
TT-23198,CL-00082
COL-23199,CL-00082
P-23200,CL-00082
XV-23202,CL-00082
E-23207,CL-00082
PT-23212,CL-00082
PSV-23214,CL-00082
XV-23216,CL-00082
XV-23217,CL-00082
PT-23219,CL-00082
V-23221,CL-00082
PSV-23223,CL-00082
P-23224,CL-00082
TT-23225,CL-00082
XV-23226,CL-00082
P-23231,CL-00082
K-23232,CL-00082
E-23233,CL-00082
K-23234,CL-00082
PSV-23237,CL-00082
PT-23239,CL-00082
P-23241,CL-00082
E-23242,CL-00082
FT-23244,CL-00082
FT-23245,CL-00082
FT-23246,CL-00082
COL-23247,CL-00082
K-23249,CL-00082
K-23252,CL-00082
LT-23255,CL-00082
PT-23256,CL-00082
PSV-23257,CL-00082
COL-23258,CL-00082
K-23259,CL-00082
PSV-23260,CL-00082
P-23262,CL-00082
XV-23266,CL-00082
LT-23267,CL-00082
P-23270,CL-00082
FT-23272,CL-00082
FCV-23273,CL-00082
FCV-23275,CL-00082
PSV-23276,CL-00082
P-23277,CL-00082
FCV-23283,CL-00082
PSV-23286,CL-00082
P-23290,CL-00082
P-23296,CL-00082
FCV-23300,CL-00082
K-23301,CL-00082
COL-23311,CL-00082
P-23317,CL-00082
FCV-23324,CL-00082
FCV-23325,CL-00082
V-23326,CL-00082
V-23335,CL-00082
LT-23337,CL-00082
TT-23338,CL-00082
TT-23342,CL-00082
FCV-23343,CL-00082
K-23345,CL-00082
FT-23346,CL-00082
E-23349,CL-00082
XV-23351,CL-00082
PSV-23353,CL-00082
P-23355,CL-00082
PSV-23358,CL-00082
V-23361,CL-00082
PT-23362,CL-00082
TT-23363,CL-00082
LT-23368,CL-00082
COL-23375,CL-00082
P-23376,CL-00082
PSV-23377,CL-00082
XV-23379,CL-00082
E-23380,CL-00082
LT-23382,CL-00082
P-23386,CL-00082
K-23388,CL-00082
P-23389,CL-00082
PT-23394,CL-00082
FCV-23398,CL-00082
P-23401,CL-00082
COL-23403,CL-00082
PT-23407,CL-00082
PT-23409,CL-00082
PSV-23416,CL-00082
P-23420,CL-00082
LT-23421,CL-00082
PT-23429,CL-00082
COL-23433,CL-00082
E-23437,CL-00082
V-23438,CL-00082
PSV-23440,CL-00082
LT-23444,CL-00082
XV-23446,CL-00082
TT-23451,CL-00082
TT-23455,CL-00082
V-23457,CL-00082
PT-23464,CL-00082
LT-23466,CL-00082
PSV-23478,CL-00082
XV-23479,CL-00082
COL-23482,CL-00082
FT-23483,CL-00082
FT-23488,CL-00083
V-23492,CL-00083
TT-23493,CL-00083
FT-23494,CL-00083
PSV-23495,CL-00083
COL-23497,CL-00083
FCV-23498,CL-00083
PT-23501,CL-00083
P-23503,CL-00083
TT-23504,CL-00083
TT-23511,CL-00083
LT-23512,CL-00083
COL-23516,CL-00083
FCV-23517,CL-00083
FCV-23527,CL-00083
V-23535,CL-00083
COL-23540,CL-00083
FCV-23541,CL-00083
FT-23542,CL-00083
XV-23547,CL-00083
PT-23553,CL-00083
FT-23555,CL-00083
FCV-23556,CL-00083
PSV-23558,CL-00083
P-23559,CL-00083
E-23560,CL-00083
COL-23563,CL-00083
P-23566,CL-00083
P-23571,CL-00083
PSV-23581,CL-00083
P-23584,CL-00083
TT-23588,CL-00083
P-23589,CL-00083
E-23590,CL-00083
TT-23593,CL-00083
XV-23598,CL-00083
P-23599,CL-00083
XV-23601,CL-00083
PSV-23603,CL-00083
FCV-23609,CL-00083
P-23610,CL-00083
P-23611,CL-00083
K-23615,CL-00083
TT-23616,CL-00083
V-23617,CL-00083
TT-23621,CL-00083
FCV-23622,CL-00083
LT-23623,CL-00083
FT-23624,CL-00083
PSV-23626,CL-00083
P-23627,CL-00083
FT-23629,CL-00083
FCV-23631,CL-00083
K-23633,CL-00083
TT-23634,CL-00083
P-23635,CL-00083
P-23637,CL-00083
P-23643,CL-00083
K-23645,CL-00083
PT-23653,CL-00083
TT-23654,CL-00083
V-23655,CL-00083
TT-23656,CL-00083
COL-23660,CL-00083
PSV-23661,CL-00083
PT-23668,CL-00083
E-23670,CL-00083
PT-23674,CL-00083
XV-23678,CL-00083
FCV-23679,CL-00083
PT-23686,CL-00083
FCV-23688,CL-00083
COL-23695,CL-00083
P-23702,CL-00083
COL-23705,CL-00083
PSV-23712,CL-00083
PT-23713,CL-00083
V-23714,CL-00083
TT-23715,CL-00083
E-23717,CL-00083
XV-23719,CL-00083
V-23721,CL-00083
PT-23722,CL-00083
XV-23725,CL-00083
P-23727,CL-00083
COL-23728,CL-00083
P-23734,CL-00084
FCV-23737,CL-00084
COL-23739,CL-00084
LT-23742,CL-00085
V-23743,CL-00085
PSV-23744,CL-00085
P-23748,CL-00084
LT-23749,CL-00084
P-23750,CL-00085
K-23757,CL-00084
FCV-23758,CL-00085
FCV-23759,CL-00084
FT-23760,CL-00084
PT-23763,CL-00085
P-23764,CL-00084
PT-23765,CL-00085
P-23768,CL-00084
PT-23771,CL-00085
V-23781,CL-00084
XV-23784,CL-00085
PT-23785,CL-00084
PSV-23786,CL-00085
LT-23787,CL-00084
LT-23789,CL-00085
COL-23790,CL-00085
LT-23791,CL-00084
FT-23796,CL-00084
XV-23799,CL-00084
PSV-23801,CL-00085
COL-23803,CL-00085
PT-23804,CL-00085
P-23806,CL-00084
PSV-23807,CL-00084
E-23809,CL-00084
P-23825,CL-00085
PSV-23826,CL-00084
K-23830,CL-00084
COL-23831,CL-00084
K-23838,CL-00084
K-23840,CL-00084
LT-23842,CL-00085
E-23844,CL-00084
COL-23845,CL-00084
TT-23847,CL-00085
P-23849,CL-00084
LT-23850,CL-00084
XV-23854,CL-00084
TT-23856,CL-00085
K-23860,CL-00084
XV-23865,CL-00084
K-23869,CL-00085
LT-23870,CL-00085
TT-23875,CL-00085
P-23885,CL-00085
LT-23888,CL-00085
FCV-23890,CL-00085
PT-23895,CL-00085
COL-23897,CL-00085
V-23899,CL-00085
FCV-23900,CL-00084
XV-23903,CL-00085
PT-23904,CL-00085
XV-23913,CL-00085
P-23915,CL-00084
FCV-23919,CL-00084
PSV-23926,CL-00085
TT-23927,CL-00084
COL-23929,CL-00084
PT-23930,CL-00085
XV-23931,CL-00084
FT-23938,CL-00085
XV-23940,CL-00085
P-23945,CL-00084
XV-23947,CL-00084
COL-23949,CL-00085
PSV-23950,CL-00085
PSV-23955,CL-00084
COL-23958,CL-00085
PSV-23960,CL-00085
FT-23961,CL-00084
FT-23962,CL-00084
COL-23963,CL-00085
TT-23964,CL-00084
P-23967,CL-00085
PT-23969,CL-00085
P-23986,CL-00084
P-23994,CL-00085
PSV-23997,CL-00084
XV-23999,CL-00084
E-24000,CL-00084
E-24003,CL-00084
K-24004,CL-00085
FT-24007,CL-00084
E-24009,CL-00085
FT-24011,CL-00084
P-24012,CL-00085
COL-24016,CL-00084
V-24019,CL-00084
LT-24020,CL-00084
FT-24028,CL-00084
XV-24032,CL-00085
TT-24036,CL-00085
PSV-24038,CL-00084
TT-24039,CL-00085
V-24040,CL-00085
P-24041,CL-00085
PT-24042,CL-00084
V-24044,CL-00084
P-24051,CL-00084
E-24052,CL-00084
E-24054,CL-00084
K-24056,CL-00084
TT-24057,CL-00085
P-24061,CL-00084
XV-24062,CL-00084
COL-24064,CL-00084
FCV-24067,CL-00084
TT-24068,CL-00085
P-24070,CL-00084
P-24072,CL-00084
PT-24074,CL-00084
FT-24079,CL-00084
PT-24085,CL-00084
P-24086,CL-00084
FCV-24087,CL-00084
COL-24094,CL-00085
COL-24096,CL-00085
FT-24099,CL-00085
E-24103,CL-00085
P-24108,CL-00085
P-24109,CL-00085
PT-24110,CL-00084
P-24113,CL-00085
PT-24115,CL-00085
FT-24119,CL-00085
FT-24122,CL-00084
TT-24123,CL-00084
K-24124,CL-00085
PSV-24129,CL-00085
PSV-24130,CL-00084
FCV-24135,CL-00084
V-24136,CL-00084
V-24137,CL-00084
K-24138,CL-00084
XV-24142,CL-00085
P-24143,CL-00084
P-24145,CL-00084
E-24147,CL-00084
LT-24150,CL-00084
V-24151,CL-00084
P-24164,CL-00086
E-24168,CL-00086
FCV-24172,CL-00086
P-24173,CL-00086
P-24174,CL-00086
XV-24182,CL-00086
TT-24184,CL-00086
TT-24187,CL-00086
FCV-24190,CL-00086
FCV-24191,CL-00086
COL-24192,CL-00086
TT-24197,CL-00086
XV-24207,CL-00086
K-24209,CL-00086
LT-24210,CL-00086
LT-24219,CL-00086
PSV-24221,CL-00086
TT-24222,CL-00086
FT-24224,CL-00086
P-24230,CL-00086
P-24231,CL-00086
XV-24233,CL-00086
PSV-24236,CL-00086
TT-24239,CL-00086
E-24240,CL-00086
E-24245,CL-00086
V-24246,CL-00086
PT-24248,CL-00086
LT-24249,CL-00086
FT-24250,CL-00086
PSV-24252,CL-00086
V-24264,CL-00086
PSV-24265,CL-00086
LT-24266,CL-00086
PT-24271,CL-00086
K-24273,CL-00086
P-24275,CL-00086
K-24277,CL-00086
FCV-24279,CL-00086
P-24287,CL-00086
V-24288,CL-00086
V-24289,CL-00086
PT-24291,CL-00086
V-24299,CL-00086
V-24303,CL-00086
FT-24305,CL-00086
LT-24306,CL-00086
PT-24312,CL-00086
TT-24313,CL-00086
P-24314,CL-00086
PT-24316,CL-00086
K-24317,CL-00086
E-24320,CL-00086
V-24327,CL-00086
FCV-24328,CL-00086
P-24329,CL-00086
E-24334,CL-00086
PSV-24337,CL-00086
P-24338,CL-00086
FT-24339,CL-00086
E-24340,CL-00086
P-24342,CL-00086
E-24349,CL-00086
XV-24352,CL-00086
TT-24353,CL-00086
PT-24355,CL-00086
TT-24357,CL-00086
FCV-24361,CL-00086
PT-24362,CL-00086
TT-24363,CL-00086
PT-24368,CL-00086
PSV-24369,CL-00086
E-24370,CL-00086
V-24371,CL-00086
LT-24374,CL-00086
P-24378,CL-00086
FT-24379,CL-00086
COL-24382,CL-00086
PSV-24383,CL-00086
COL-24387,CL-00086
E-24396,CL-00086
FCV-24397,CL-00086
XV-24400,CL-00086
FCV-24406,CL-00086
E-24407,CL-00086
LT-24409,CL-00086
XV-24410,CL-00086
PT-24413,CL-00086
E-24414,CL-00086
V-24415,CL-00086
P-24416,CL-00086
FCV-24418,CL-00086
P-24420,CL-00086
P-24421,CL-00086
V-24422,CL-00086
P-24423,CL-00086
K-24426,CL-00086
COL-24428,CL-00086
P-24429,CL-00086
TT-24430,CL-00086
P-24432,CL-00086
P-24433,CL-00086
E-24439,CL-00086
E-24442,CL-00086
P-24443,CL-00086
PSV-24444,CL-00086
E-24446,CL-00086
TT-24447,CL-00086
XV-24450,CL-00086
PSV-24452,CL-00086
COL-24457,CL-00086
PSV-24467,CL-00086
COL-24471,CL-00086
XV-24477,CL-00086
PSV-24480,CL-00086
PT-24483,CL-00086
V-24487,CL-00086
P-24489,CL-00086
K-24490,CL-00086
E-24493,CL-00086
E-24496,CL-00086
FT-24498,CL-00086
P-24503,CL-00086
P-24506,CL-00086
FT-24507,CL-00086
E-24510,CL-00086
COL-24514,CL-00086
COL-24515,CL-00086
K-24518,CL-00086
TT-24520,CL-00086
FCV-24528,CL-00086
LT-24529,CL-00086
COL-24532,CL-00086
P-24536,CL-00086
PT-24541,CL-00086
P-24542,CL-00086
PSV-24543,CL-00086
XV-24553,CL-00086
P-24556,CL-00086
PT-24557,CL-00086
P-24558,CL-00086
E-24559,CL-00086
XV-24560,CL-00086
K-24566,CL-00086
TT-24568,CL-00086
P-24572,CL-00086
COL-24577,CL-00086
V-24580,CL-00086
P-24581,CL-00086
V-24582,CL-00086
V-24584,CL-00086
FT-24586,CL-00086
FT-24587,CL-00086
TT-24593,CL-00086
FCV-24599,CL-00086
P-24607,CL-00086
TT-24609,CL-00086
E-24610,CL-00086
P-24612,CL-00086
FT-24615,CL-00087
COL-24624,CL-00087
P-24629,CL-00087
FT-24632,CL-00087
FT-24634,CL-00087
FT-24636,CL-00087
TT-24640,CL-00087
P-24641,CL-00087
V-24642,CL-00087
COL-24644,CL-00087
FT-24647,CL-00087
K-24650,CL-00087
P-24657,CL-00087
V-24662,CL-00087
FT-24665,CL-00087
COL-24666,CL-00087
K-24667,CL-00087
P-24670,CL-00087
P-24672,CL-00087
P-24680,CL-00087
V-24684,CL-00087
FCV-24687,CL-00087
P-24688,CL-00087
E-24689,CL-00087
K-24691,CL-00087
P-24692,CL-00087
E-24694,CL-00087
K-24698,CL-00087
XV-24699,CL-00087
LT-24701,CL-00087
FCV-24705,CL-00087
FCV-24707,CL-00087
P-24708,CL-00087
PSV-24710,CL-00087
FT-24712,CL-00087
FT-24721,CL-00087
P-24722,CL-00087
P-24723,CL-00087
P-24724,CL-00087
PSV-24725,CL-00087
TT-24733,CL-00087
PSV-24735,CL-00087
TT-24737,CL-00087
TT-24740,CL-00087
PSV-24742,CL-00087
V-24744,CL-00087
PT-24749,CL-00087
PSV-24755,CL-00087
PT-24762,CL-00087
P-24764,CL-00087
PT-24767,CL-00087
FT-24768,CL-00087
FCV-24773,CL-00087
E-24774,CL-00087
V-24778,CL-00087
E-24785,CL-00087
K-24787,CL-00087
V-24791,CL-00087
P-24797,CL-00087
LT-24798,CL-00087
XV-24799,CL-00087
FCV-24801,CL-00087
P-24809,CL-00087
LT-24816,CL-00087
TT-24830,CL-00087
P-24832,CL-00087
P-24835,CL-00087
E-24839,CL-00087
FT-24840,CL-00087
V-24842,CL-00087
XV-24843,CL-00087
PT-24845,CL-00087
FCV-24846,CL-00087
FCV-24851,CL-00087
P-24854,CL-00087
XV-24855,CL-00087
LT-24856,CL-00087
PT-24859,CL-00087
LT-24862,CL-00087
P-24863,CL-00087
TT-24864,CL-00087
V-24868,CL-00087
LT-24869,CL-00087
V-24871,CL-00087
TT-24873,CL-00087
PT-24876,CL-00087
TT-24877,CL-00087
V-24879,CL-00087
LT-24880,CL-00087
COL-24883,CL-00087
V-24885,CL-00087
P-24888,CL-00087
PT-24902,CL-00087
E-24903,CL-00087
E-24904,CL-00087
FT-24909,CL-00087
FCV-24910,CL-00087
FT-24911,CL-00087
P-24912,CL-00087
P-24921,CL-00087
FT-24922,CL-00087
PSV-24924,CL-00087
PT-24930,CL-00087
K-24932,CL-00088
V-24933,CL-00088
XV-24938,CL-00088
COL-24941,CL-00088
V-24953,CL-00088
K-24954,CL-00088
TT-24962,CL-00088
TT-24963,CL-00088
FCV-24964,CL-00088
P-24965,CL-00088
COL-24970,CL-00088
P-24971,CL-00088
PT-24977,CL-00088
PT-24978,CL-00088
E-24982,CL-00088
P-24984,CL-00088
TT-24987,CL-00088
TT-24994,CL-00088
PT-24996,CL-00088
FT-24997,CL-00088
COL-24999,CL-00088
PSV-25004,CL-00088
FT-25007,CL-00088
V-25009,CL-00088
K-25011,CL-00088
P-25012,CL-00088
P-25014,CL-00088
FCV-25015,CL-00088
LT-25017,CL-00088
FCV-25024,CL-00088
FT-25030,CL-00088
E-25031,CL-00088
TT-25034,CL-00088
TT-25036,CL-00088
P-25038,CL-00088
COL-25050,CL-00088
TT-25056,CL-00088
FT-25058,CL-00088
PSV-25061,CL-00088
LT-25062,CL-00088
P-25064,CL-00088
XV-25068,CL-00088
COL-25070,CL-00088
K-25071,CL-00088
P-25073,CL-00088
XV-25074,CL-00088
P-25079,CL-00088
LT-25081,CL-00088
V-25082,CL-00088
COL-25085,CL-00088
LT-25089,CL-00088
K-25094,CL-00088
PT-25100,CL-00088
FT-25102,CL-00088
FT-25104,CL-00088
PT-25105,CL-00088
COL-25108,CL-00088
K-25109,CL-00088
XV-25110,CL-00088
PSV-25112,CL-00088
E-25115,CL-00088
TT-25116,CL-00088
E-25117,CL-00088
PT-25120,CL-00088
COL-25121,CL-00088
TT-25127,CL-00088
K-25129,CL-00088
PT-25135,CL-00088
COL-25136,CL-00088
XV-25137,CL-00088
TT-25139,CL-00088
XV-25141,CL-00088
COL-25144,CL-00088
FT-25145,CL-00088
FCV-25147,CL-00088
V-25148,CL-00088
PSV-25149,CL-00088
K-25152,CL-00088
LT-25153,CL-00088
COL-25157,CL-00088
FT-25163,CL-00088
COL-25165,CL-00088
V-25166,CL-00088
E-25168,CL-00088
TT-25170,CL-00088
LT-25172,CL-00088
V-25177,CL-00088
PSV-25178,CL-00088
TT-25181,CL-00088
LT-25182,CL-00088
FCV-25188,CL-00088
COL-25194,CL-00088
E-25195,CL-00088
K-25200,CL-00088
FT-25201,CL-00088
XV-25207,CL-00088
PT-25213,CL-00088
PSV-25215,CL-00088
PSV-25217,CL-00088
LT-25220,CL-00088
P-25222,CL-00088
V-25227,CL-00088
FT-25229,CL-00088
FCV-25231,CL-00088
COL-25233,CL-00088
V-25235,CL-00088
FCV-25241,CL-00088
PSV-25246,CL-00088
K-25247,CL-00088
PSV-25249,CL-00089
LT-25252,CL-00089
V-25254,CL-00089
K-25261,CL-00089
V-25263,CL-00089
V-25265,CL-00089
V-25266,CL-00089
XV-25267,CL-00089
V-25272,CL-00089
PT-25277,CL-00089
TT-25279,CL-00089
P-25280,CL-00089
TT-25283,CL-00089
P-25284,CL-00089
P-25286,CL-00089
PT-25289,CL-00089
V-25290,CL-00089
P-25295,CL-00089
COL-25296,CL-00089
P-25298,CL-00089
TT-25299,CL-00089
P-25300,CL-00089
E-25303,CL-00089
COL-25305,CL-00089
V-25306,CL-00089
V-25311,CL-00089
FT-25312,CL-00089
COL-25314,CL-00089
E-25316,CL-00089
P-25317,CL-00089
PSV-25319,CL-00089
FCV-25322,CL-00089
LT-25324,CL-00089
K-25325,CL-00089
PSV-25327,CL-00089
P-25329,CL-00089
LT-25333,CL-00089
V-25334,CL-00089
K-25335,CL-00089
P-25336,CL-00089
COL-25339,CL-00089
K-25342,CL-00089
TT-25343,CL-00089
COL-25345,CL-00089
K-25350,CL-00089
PT-25354,CL-00089
COL-25356,CL-00089
FT-25359,CL-00089
K-25366,CL-00089
LT-25369,CL-00089
E-25371,CL-00089
E-25374,CL-00089
P-25375,CL-00089
PSV-25378,CL-00089
P-25382,CL-00089
E-25388,CL-00089
P-25389,CL-00089
XV-25390,CL-00089
COL-25391,CL-00089
FT-25393,CL-00089
PT-25395,CL-00089
V-25396,CL-00089
XV-25400,CL-00089
XV-25401,CL-00089
COL-25402,CL-00089
FT-25406,CL-00089
PT-25410,CL-00089
P-25411,CL-00089
TT-25415,CL-00089
LT-25420,CL-00089
LT-25423,CL-00089
P-25425,CL-00089
K-25430,CL-00089
PSV-25431,CL-00089
K-25435,CL-00089
FCV-25437,CL-00089
E-25442,CL-00089
FT-25445,CL-00089
TT-25446,CL-00089
PT-25455,CL-00089
PT-25458,CL-00089
V-25459,CL-00089
PSV-25464,CL-00089
XV-25465,CL-00089
P-25466,CL-00089
P-25470,CL-00089
PT-25472,CL-00089
FCV-25473,CL-00089
E-25480,CL-00089
PT-25482,CL-00089
XV-25484,CL-00089
FT-25493,CL-00089
LT-25494,CL-00089
FT-25498,CL-00089
FT-25503,CL-00089
FT-25504,CL-00089
TT-25508,CL-00089
P-25512,CL-00089
PSV-25513,CL-00089
E-25515,CL-00089
P-25518,CL-00089
PT-25519,CL-00089
PSV-25525,CL-00089
PSV-25528,CL-00089
PSV-25529,CL-00089
PT-25531,CL-00089
XV-25533,CL-00089
XV-25534,CL-00089
COL-25535,CL-00089
P-25537,CL-00089
TT-25539,CL-00089
E-25545,CL-00089
K-25549,CL-00089
K-25552,CL-00089
K-25554,CL-00089
XV-25560,CL-00089
XV-25562,CL-00089
XV-25563,CL-00089
TT-25566,CL-00089
TT-25568,CL-00089
XV-25570,CL-00089
XV-25575,CL-00089
FCV-25576,CL-00089
PSV-25577,CL-00089
FCV-25579,CL-00089
FT-25581,CL-00089
TT-25584,CL-00089
LT-25602,CL-00089
K-25604,CL-00089
K-25608,CL-00089
PSV-25612,CL-00089
XV-25615,CL-00089
P-25620,CL-00089
K-25623,CL-00089
PSV-25630,CL-00089
PSV-25633,CL-00089
FCV-25634,CL-00089
P-25635,CL-00089
E-25637,CL-00089
E-25639,CL-00089
P-25641,CL-00089
K-25645,CL-00089
FT-25647,CL-00089
TT-25648,CL-00089
FT-25650,CL-00089
FT-25651,CL-00089
K-25652,CL-00089
FT-25653,CL-00089
PSV-25656,CL-00089
PSV-25659,CL-00089
TT-25661,CL-00089
LT-25666,CL-00089
K-25667,CL-00089
FT-25673,CL-00089
P-25678,CL-00089
PSV-25681,CL-00089
K-25682,CL-00089
FCV-25683,CL-00089
V-25684,CL-00089
FCV-25690,CL-00089
COL-25694,CL-00089
V-25696,CL-00089
P-25698,CL-00089
V-25699,CL-00089
PT-25702,CL-00089
K-25703,CL-00089
P-25705,CL-00089
XV-25710,CL-00089
V-25716,CL-00089
V-25721,CL-00089
FT-25722,CL-00089
XV-25726,CL-00089
V-25731,CL-00089
FT-25732,CL-00089
P-25736,CL-00089
FT-25739,CL-00089
PSV-25740,CL-00089
PT-25741,CL-00089
LT-25742,CL-00089
TT-25745,CL-00089
LT-25755,CL-00089
E-25757,CL-00089
PSV-25761,CL-00089
FT-25762,CL-00089
FCV-25764,CL-00089
COL-25765,CL-00089
XV-25766,CL-00089
P-25769,CL-00089
PSV-25770,CL-00089
XV-25773,CL-00089
FT-25775,CL-00089
XV-25776,CL-00089
COL-25780,CL-00090
LT-25781,CL-00090
P-25783,CL-00090
K-25785,CL-00090
V-25786,CL-00090
TT-25787,CL-00090
E-25790,CL-00090
P-25791,CL-00090
FT-25793,CL-00090
XV-25795,CL-00090
E-25799,CL-00090
COL-25800,CL-00090
K-25805,CL-00090
XV-25807,CL-00090
COL-25808,CL-00090
P-25809,CL-00090
PT-25810,CL-00090
P-25811,CL-00090
FCV-25818,CL-00090
K-25823,CL-00090
FT-25825,CL-00090
PT-25827,CL-00090
COL-25828,CL-00090
PSV-25829,CL-00090
E-25830,CL-00090
P-25831,CL-00090
PSV-25834,CL-00090
FT-25839,CL-00090
P-25844,CL-00090
XV-25847,CL-00090
V-25848,CL-00090
XV-25857,CL-00090
FT-25860,CL-00090
XV-25867,CL-00090
TT-25871,CL-00090
LT-25884,CL-00090
XV-25885,CL-00090
P-25892,CL-00090
P-25893,CL-00090
E-25904,CL-00090
FCV-25906,CL-00090
LT-25910,CL-00090
P-25913,CL-00090
PT-25914,CL-00090
LT-25915,CL-00090
COL-25919,CL-00090
FCV-25922,CL-00090
LT-25924,CL-00090
PSV-25926,CL-00090
PSV-25930,CL-00090
P-25932,CL-00090
FCV-25934,CL-00090
COL-25935,CL-00090
PT-25937,CL-00090
XV-25938,CL-00090
TT-25939,CL-00090
PSV-25942,CL-00090
PT-25945,CL-00090
FCV-25947,CL-00090
P-25951,CL-00090
P-25958,CL-00090
TT-25965,CL-00090
K-25972,CL-00090
K-25976,CL-00090
PSV-25979,CL-00090
P-25980,CL-00090
COL-25985,CL-00090
PT-25986,CL-00090
COL-25990,CL-00090
P-25993,CL-00090
P-25995,CL-00090
COL-25997,CL-00090
TT-26000,CL-00090
FT-26001,CL-00090
XV-26002,CL-00090
K-26003,CL-00090
XV-26008,CL-00090
COL-26012,CL-00090
FT-26013,CL-00090
E-26016,CL-00090
E-26018,CL-00090
K-26020,CL-00090
E-26028,CL-00090
K-26031,CL-00090
E-26032,CL-00090
P-26034,CL-00090
LT-26037,CL-00090
P-26040,CL-00090
E-26043,CL-00090
LT-26046,CL-00090
V-26047,CL-00090
TT-26049,CL-00090
TT-26055,CL-00090
TT-26056,CL-00090
P-26057,CL-00090
PT-26060,CL-00090
P-26069,CL-00090
FCV-26074,CL-00090
XV-26077,CL-00090
PT-26080,CL-00090
TT-26084,CL-00090
K-26087,CL-00090
E-26088,CL-00090
P-26092,CL-00090
COL-26097,CL-00090
LT-26098,CL-00090
FCV-26099,CL-00090
K-26101,CL-00090
FCV-26105,CL-00090
V-26107,CL-00090
FCV-26111,CL-00090
FT-26115,CL-00090
PSV-26119,CL-00090
PT-26120,CL-00090
PSV-26122,CL-00090
PT-26124,CL-00090
P-26128,CL-00090
PT-26129,CL-00090
FT-26131,CL-00090
P-26132,CL-00090
TT-26136,CL-00090
FCV-26137,CL-00090
COL-26142,CL-00090
K-26144,CL-00090
P-26145,CL-00090
XV-26146,CL-00090
P-26147,CL-00090
P-26153,CL-00090
K-26154,CL-00090
TT-26157,CL-00090
PT-26161,CL-00090
PT-26172,CL-00090
PT-26177,CL-00090
PSV-26181,CL-00090
K-26183,CL-00090
E-26186,CL-00090
LT-26190,CL-00090
FT-26193,CL-00091
E-26194,CL-00091
LT-26196,CL-00091
P-26197,CL-00091
PSV-26198,CL-00091
FCV-26201,CL-00091
P-26204,CL-00091
P-26208,CL-00091
V-26209,CL-00091
TT-26210,CL-00091
P-26211,CL-00091
V-26216,CL-00091
PSV-26217,CL-00091
TT-26218,CL-00091
P-26219,CL-00091
COL-26220,CL-00091
FT-26225,CL-00091
FT-26227,CL-00091
FCV-26228,CL-00091
K-26245,CL-00091
K-26250,CL-00091
TT-26252,CL-00091
TT-26254,CL-00091
FT-26258,CL-00091
FCV-26260,CL-00091
P-26263,CL-00091
K-26264,CL-00091
PSV-26266,CL-00091
TT-26268,CL-00091
K-26271,CL-00091
PSV-26280,CL-00091
FT-26281,CL-00091
V-26283,CL-00091
V-26284,CL-00091
K-26298,CL-00091
TT-26305,CL-00091
LT-26309,CL-00091
PSV-26316,CL-00091
E-26320,CL-00091
TT-26324,CL-00091
E-26327,CL-00091
PT-26328,CL-00091
P-26330,CL-00091
P-26332,CL-00091
PSV-26337,CL-00091
FCV-26343,CL-00091
V-26345,CL-00091
LT-26346,CL-00091
P-26353,CL-00091
P-26354,CL-00091
E-26357,CL-00091
COL-26358,CL-00091
LT-26361,CL-00091
E-26366,CL-00091
V-26373,CL-00091
FCV-26374,CL-00091
V-26376,CL-00091
K-26381,CL-00091
PT-26385,CL-00091
FT-26386,CL-00091
FT-26388,CL-00091
P-26389,CL-00091
FCV-26392,CL-00091
K-26393,CL-00091
P-26397,CL-00091
COL-26403,CL-00091
P-26404,CL-00091
FCV-26408,CL-00091
E-26417,CL-00091
K-26419,CL-00091
P-26424,CL-00091
TT-26426,CL-00091
LT-26431,CL-00091
P-26443,CL-00091
COL-26444,CL-00091
P-26445,CL-00091
FT-26450,CL-00091
P-26453,CL-00091
LT-26455,CL-00091
LT-26458,CL-00091
FT-26462,CL-00091
V-26466,CL-00091
TT-26467,CL-00091
TT-26475,CL-00091
LT-26476,CL-00091
TT-26486,CL-00091
PSV-26487,CL-00091
FT-26494,CL-00091
PT-26499,CL-00091
FCV-26500,CL-00091
LT-26502,CL-00091
COL-26503,CL-00091
K-26510,CL-00091
XV-26520,CL-00091
LT-26524,CL-00091
V-26525,CL-00091
TT-26526,CL-00091
FT-26528,CL-00091
XV-26531,CL-00091
LT-26533,CL-00091
V-26535,CL-00091
PSV-26536,CL-00091
P-26539,CL-00091
PT-26540,CL-00091
K-26546,CL-00091
TT-26550,CL-00091
P-26555,CL-00091
LT-26557,CL-00091
P-26558,CL-00091
P-26561,CL-00091
FCV-26562,CL-00091
FCV-26564,CL-00091
V-26565,CL-00091
E-26566,CL-00091
TT-26567,CL-00091
K-26569,CL-00091
P-26571,CL-00091
P-26572,CL-00091
E-26578,CL-00091
FT-26588,CL-00091
LT-26589,CL-00091
PT-26590,CL-00091
FT-26591,CL-00091
P-26592,CL-00091
FT-26593,CL-00091
E-26597,CL-00091
FCV-26599,CL-00091
FT-26600,CL-00091
COL-26610,CL-00091
PT-26611,CL-00091
P-26612,CL-00091
FT-26613,CL-00091
COL-26614,CL-00091
FT-26615,CL-00091
TT-26616,CL-00091
PT-26621,CL-00091
LT-26622,CL-00091
LT-26623,CL-00091
E-26624,CL-00091
PSV-26631,CL-00091
FT-26633,CL-00091
PSV-26637,CL-00091
PSV-26639,CL-00091
K-26641,CL-00091
LT-26645,CL-00091
PT-26649,CL-00091
FCV-26651,CL-00091
P-26652,CL-00091
COL-26653,CL-00091
TT-26655,CL-00091
P-26657,CL-00091
E-26661,CL-00091
PSV-26662,CL-00091
FCV-26666,CL-00091
COL-26672,CL-00091
TT-26679,CL-00092
TT-26680,CL-00092
P-26682,CL-00092
PSV-26683,CL-00092
K-26684,CL-00092
P-26688,CL-00092
COL-26689,CL-00092
PSV-26691,CL-00092
COL-26694,CL-00092
E-26700,CL-00092
K-26701,CL-00092
P-26708,CL-00092
V-26711,CL-00092
LT-26712,CL-00092
TT-26713,CL-00092
P-26714,CL-00092
K-26722,CL-00092
LT-26723,CL-00092
LT-26724,CL-00092
P-26729,CL-00092
FCV-26732,CL-00092
V-26736,CL-00092
FCV-26738,CL-00092
E-26746,CL-00092
LT-26748,CL-00092
PT-26750,CL-00092
FCV-26753,CL-00092
K-26758,CL-00092
P-26759,CL-00092
P-26761,CL-00092
LT-26762,CL-00092
P-26765,CL-00092
LT-26769,CL-00092
PSV-26771,CL-00092
PSV-26772,CL-00092
PSV-26776,CL-00092
V-26777,CL-00092
FCV-26779,CL-00092
K-26781,CL-00092
V-26785,CL-00092
COL-26790,CL-00092
TT-26791,CL-00092
FCV-26792,CL-00092
PSV-26793,CL-00092
E-26799,CL-00092
PSV-26806,CL-00092
P-26810,CL-00092
FT-26813,CL-00092
K-26815,CL-00092
PT-26816,CL-00092
PSV-26817,CL-00092
PT-26821,CL-00092
TT-26822,CL-00092
K-26824,CL-00092
PT-26826,CL-00092
P-26827,CL-00092
LT-26828,CL-00092
K-26830,CL-00092
P-26832,CL-00092
FT-26833,CL-00092
P-26836,CL-00092
LT-26837,CL-00092
P-26841,CL-00092
V-26842,CL-00092
P-26848,CL-00092
COL-26852,CL-00092
COL-26854,CL-00092
TT-26855,CL-00092
COL-26856,CL-00092
P-26859,CL-00092
TT-26862,CL-00092
XV-26863,CL-00092
P-26865,CL-00092
P-26868,CL-00092
XV-26869,CL-00092
K-26871,CL-00092
PT-26874,CL-00092
PT-26877,CL-00092
V-26878,CL-00092
V-26879,CL-00092
V-26880,CL-00092
K-26881,CL-00092
P-26884,CL-00092
XV-26885,CL-00092
PT-26887,CL-00092
K-26888,CL-00092
P-26890,CL-00092
P-26892,CL-00092
V-26894,CL-00092
PSV-26900,CL-00092
XV-26906,CL-00092
TT-26907,CL-00092
E-26910,CL-00092
V-26912,CL-00092
E-26915,CL-00092
K-26916,CL-00092
K-26920,CL-00092
K-26928,CL-00092
P-26931,CL-00092
FCV-26934,CL-00092
K-26936,CL-00092
FT-26938,CL-00092
K-26945,CL-00092
FCV-26946,CL-00092
V-26950,CL-00092
XV-26954,CL-00092
LT-26955,CL-00092
P-26956,CL-00092
XV-26960,CL-00092
LT-26961,CL-00092
V-26964,CL-00092
FT-26966,CL-00092
COL-26967,CL-00092
LT-26973,CL-00092
V-26975,CL-00092
COL-26981,CL-00092
FT-26982,CL-00092
K-26983,CL-00092
P-26988,CL-00092
PSV-26993,CL-00092
COL-26997,CL-00092
PT-27003,CL-00092
V-27008,CL-00092
P-27010,CL-00092
FT-27012,CL-00092
LT-27013,CL-00092
K-27017,CL-00092
V-27018,CL-00092
PT-27020,CL-00092
LT-27024,CL-00092
P-27026,CL-00092
COL-27027,CL-00092
K-27028,CL-00092
LT-27040,CL-00092
XV-27042,CL-00092
COL-27043,CL-00092
XV-27052,CL-00092
V-27057,CL-00092
FT-27061,CL-00092
TT-27064,CL-00092
FT-27066,CL-00092
TT-27067,CL-00092
K-27068,CL-00092
K-27075,CL-00092
PT-27076,CL-00092
P-27078,CL-00092
PT-27080,CL-00092
E-27086,CL-00092
FCV-27090,CL-00092
E-27095,CL-00092
FCV-27096,CL-00092
TT-27098,CL-00092
TT-27100,CL-00092
FT-27101,CL-00092
E-27102,CL-00092
P-27103,CL-00092
FT-27106,CL-00092
LT-27108,CL-00092
FCV-27111,CL-00092
FCV-27113,CL-00092
PSV-27115,CL-00092
V-27121,CL-00092
PT-27127,CL-00092
K-27135,CL-00092
TT-27141,CL-00092
P-27142,CL-00092
TT-27149,CL-00092
P-27150,CL-00092
P-27153,CL-00092
XV-27156,CL-00092
COL-27157,CL-00092
PSV-27159,CL-00092
P-27160,CL-00092
V-27165,CL-00092
E-27169,CL-00092
TT-27171,CL-00092
FCV-27173,CL-00092
K-27174,CL-00092
PSV-27179,CL-00092
COL-27180,CL-00092
P-27183,CL-00092
P-27185,CL-00092
K-27190,CL-00092
LT-27192,CL-00092
COL-27201,CL-00092
FT-27207,CL-00092
LT-27211,CL-00092
P-27223,CL-00092
PSV-27226,CL-00092
V-27227,CL-00092
V-27233,CL-00092
PSV-27236,CL-00092
P-27242,CL-00092
XV-27244,CL-00092
PT-27249,CL-00092
P-27251,CL-00092
FCV-27257,CL-00092
V-27258,CL-00092
FCV-27264,CL-00092
PT-27269,CL-00092
E-27270,CL-00092
P-27273,CL-00093
TT-27277,CL-00093
LT-27280,CL-00093
FT-27283,CL-00093
XV-27289,CL-00093
P-27292,CL-00093
P-27295,CL-00093
K-27299,CL-00093
FCV-27300,CL-00093
K-27304,CL-00093
XV-27305,CL-00093
P-27306,CL-00093
LT-27307,CL-00093
PT-27309,CL-00093
FCV-27318,CL-00093
FT-27323,CL-00093
LT-27325,CL-00093
FCV-27326,CL-00093
PSV-27327,CL-00093
V-27330,CL-00093
PT-27331,CL-00093
PSV-27332,CL-00093
COL-27336,CL-00093
P-27337,CL-00093
COL-27339,CL-00093
PT-27342,CL-00093
LT-27343,CL-00093
COL-27345,CL-00093
V-27351,CL-00093
P-27352,CL-00093
P-27359,CL-00093
COL-27360,CL-00093
FCV-27363,CL-00093
P-27364,CL-00093
TT-27369,CL-00093
V-27370,CL-00093
K-27376,CL-00093
K-27380,CL-00093
TT-27383,CL-00093
PT-27384,CL-00093
TT-27385,CL-00093
FT-27386,CL-00093
E-27387,CL-00093
COL-27392,CL-00093
K-27395,CL-00093
FCV-27396,CL-00093
PSV-27399,CL-00093
FT-27400,CL-00093
FT-27403,CL-00093
XV-27404,CL-00093
XV-27405,CL-00093
PT-27407,CL-00093
FCV-27408,CL-00093
K-27409,CL-00093
V-27410,CL-00093
E-27411,CL-00093
PT-27417,CL-00093
P-27422,CL-00093
COL-27423,CL-00093
FT-27426,CL-00093
XV-27428,CL-00093
P-27431,CL-00093
P-27432,CL-00093
V-27433,CL-00093
V-27435,CL-00093
V-27441,CL-00093
V-27444,CL-00093
TT-27445,CL-00093
E-27446,CL-00093
XV-27447,CL-00093
PT-27449,CL-00093
TT-27453,CL-00093
FCV-27456,CL-00093
PSV-27457,CL-00093
COL-27458,CL-00093
PT-27461,CL-00093
E-27462,CL-00093
V-27464,CL-00093
E-27469,CL-00093
PT-27470,CL-00093
XV-27472,CL-00093
E-27473,CL-00093
V-27474,CL-00093
LT-27478,CL-00093
TT-27481,CL-00093
COL-27487,CL-00093
XV-27488,CL-00093
XV-27491,CL-00093
PT-27493,CL-00093
P-27494,CL-00093
P-27497,CL-00093
P-27500,CL-00093
V-27501,CL-00093
XV-27504,CL-00093
K-27506,CL-00093
COL-27509,CL-00093
P-27513,CL-00093
FT-27514,CL-00093
PSV-27519,CL-00093
FT-27525,CL-00093
V-27526,CL-00093
LT-27531,CL-00093
V-27537,CL-00093
K-27538,CL-00093
V-27541,CL-00093
V-27542,CL-00093
FT-27545,CL-00093
COL-27547,CL-00093
XV-27548,CL-00093
TT-27552,CL-00093
PSV-27555,CL-00093
K-27556,CL-00093
P-27557,CL-00093
FCV-27561,CL-00093
PT-27562,CL-00093
LT-27566,CL-00093
FCV-27567,CL-00093
COL-27569,CL-00093
K-27579,CL-00093
XV-27582,CL-00093
FCV-27583,CL-00093
XV-27597,CL-00093
V-27600,CL-00093
E-27601,CL-00093
E-27602,CL-00093
LT-27604,CL-00093
P-27605,CL-00093
E-27606,CL-00093
V-27607,CL-00093
XV-27608,CL-00093
TT-27610,CL-00093
PSV-27613,CL-00093
P-27615,CL-00093
PT-27616,CL-00093
FT-27617,CL-00093
TT-27618,CL-00093
E-27622,CL-00093
K-27635,CL-00093
E-27640,CL-00093
P-27642,CL-00093
TT-27647,CL-00093
K-27652,CL-00093
LT-27655,CL-00093
LT-27656,CL-00093
PSV-27660,CL-00093
FT-27661,CL-00093
COL-27667,CL-00093
PT-27671,CL-00093
XV-27675,CL-00093
LT-27683,CL-00093
TT-27686,CL-00093
PSV-27691,CL-00093
TT-27692,CL-00093
K-27693,CL-00093
PSV-27695,CL-00093
P-27696,CL-00093
K-27698,CL-00093
P-27703,CL-00093
LT-27705,CL-00093
PT-27706,CL-00093
P-27707,CL-00093
XV-27708,CL-00093
E-27711,CL-00093
FT-27716,CL-00093
LT-27718,CL-00093
PT-27723,CL-00093
V-27728,CL-00093
K-27729,CL-00093
E-27730,CL-00093
P-27740,CL-00093
E-27741,CL-00093
COL-27743,CL-00093
XV-27744,CL-00093
FT-27746,CL-00093
TT-27751,CL-00093
FT-27752,CL-00093
COL-27753,CL-00093
TT-27754,CL-00093
FCV-27756,CL-00093
PT-27758,CL-00093
TT-27760,CL-00093
P-27761,CL-00093
V-27763,CL-00093
FCV-27771,CL-00093
PSV-27772,CL-00093
PSV-27773,CL-00093
FCV-27774,CL-00093
FCV-27775,CL-00093
FT-27779,CL-00094
PSV-27783,CL-00095
P-27785,CL-00095
K-27789,CL-00095
TT-27790,CL-00095
LT-27794,CL-00094
LT-27807,CL-00095
XV-27808,CL-00094
TT-27813,CL-00095
P-27814,CL-00094
COL-27815,CL-00095
FCV-27817,CL-00095
COL-27820,CL-00095
P-27821,CL-00094
PSV-27824,CL-00095
PSV-27834,CL-00094
PT-27835,CL-00095
P-27836,CL-00094
V-27837,CL-00095
TT-27841,CL-00095
XV-27848,CL-00095
K-27851,CL-00095
E-27854,CL-00094
TT-27861,CL-00094
K-27863,CL-00094
TT-27864,CL-00095
XV-27866,CL-00095
FCV-27867,CL-00094
COL-27870,CL-00094
P-27874,CL-00095
FT-27875,CL-00095
P-27878,CL-00094
E-27880,CL-00095
P-27883,CL-00095
V-27884,CL-00095
PSV-27887,CL-00094
FCV-27888,CL-00095
K-27891,CL-00094
P-27892,CL-00095
FT-27895,CL-00095
FT-27906,CL-00095
PSV-27907,CL-00095
FCV-27914,CL-00095
V-27915,CL-00094
COL-27916,CL-00094
P-27918,CL-00094
FT-27920,CL-00094
FCV-27923,CL-00095
XV-27929,CL-00095
K-27935,CL-00095
LT-27940,CL-00095
FCV-27943,CL-00095
E-27946,CL-00094
XV-27947,CL-00094
V-27949,CL-00095
K-27950,CL-00095
V-27954,CL-00095
TT-27958,CL-00094
P-27959,CL-00095
E-27961,CL-00095
PT-27963,CL-00095
XV-27971,CL-00094
PT-27980,CL-00094
P-27986,CL-00094
E-27991,CL-00094
FT-27993,CL-00095
TT-27999,CL-00095
LT-28002,CL-00094
P-28003,CL-00095
V-28005,CL-00095
FCV-28006,CL-00095
P-28007,CL-00095
XV-28008,CL-00094
PT-28011,CL-00094
COL-28014,CL-00094
PSV-28015,CL-00095
FCV-28017,CL-00094
LT-28018,CL-00094
FT-28020,CL-00095
E-28021,CL-00095
TT-28022,CL-00095
COL-28024,CL-00095
FT-28025,CL-00095
LT-28028,CL-00094
PSV-28029,CL-00095
PT-28034,CL-00095
TT-28035,CL-00095
PT-28037,CL-00095
V-28040,CL-00094
E-28043,CL-00095
P-28046,CL-00095
XV-28047,CL-00095
TT-28048,CL-00094
E-28050,CL-00095
COL-28051,CL-00094
PSV-28054,CL-00094
COL-28055,CL-00095
FT-28061,CL-00094
E-28066,CL-00094
P-28069,CL-00095
LT-28075,CL-00094
TT-28077,CL-00095
K-28079,CL-00095
P-28080,CL-00094
LT-28086,CL-00095
PSV-28089,CL-00094
V-28091,CL-00095
FCV-28092,CL-00095
PT-28094,CL-00095
FCV-28099,CL-00095
PT-28111,CL-00094
LT-28112,CL-00094
PSV-28113,CL-00095
PSV-28116,CL-00094
XV-28119,CL-00095
FT-28121,CL-00094
PT-28122,CL-00095
E-28126,CL-00095
FCV-28128,CL-00094
FT-28129,CL-00094
K-28130,CL-00095
P-28133,CL-00095
XV-28136,CL-00094
P-28138,CL-00095
COL-28139,CL-00094
P-28141,CL-00095
COL-28145,CL-00095
P-28150,CL-00094
TT-28155,CL-00094
E-28156,CL-00094
LT-28157,CL-00094
COL-28159,CL-00095
PSV-28163,CL-00094
COL-28167,CL-00095
FT-28171,CL-00094
K-28173,CL-00095
V-28174,CL-00095
XV-28176,CL-00094
COL-28178,CL-00094
PT-28181,CL-00094
PT-28183,CL-00094
XV-28184,CL-00094
COL-28185,CL-00094
P-28187,CL-00095
XV-28190,CL-00094
V-28201,CL-00095
XV-28205,CL-00094
PSV-28212,CL-00095
PT-28216,CL-00095
PSV-28217,CL-00094
COL-28221,CL-00094
E-28225,CL-00095
FCV-28230,CL-00094
P-28231,CL-00094
LT-28232,CL-00095
FT-28240,CL-00094
LT-28242,CL-00095
FCV-28243,CL-00094
E-28247,CL-00094
LT-28248,CL-00095
K-28249,CL-00095
K-28251,CL-00094
P-28252,CL-00094
K-28253,CL-00094
P-28254,CL-00095
P-28255,CL-00095
E-28258,CL-00095
PSV-28260,CL-00094
LT-28264,CL-00094
FT-28271,CL-00094
PSV-28273,CL-00094
K-28280,CL-00095
TT-28281,CL-00094
PT-28287,CL-00097
LT-28289,CL-00097
XV-28290,CL-00097
PSV-28294,CL-00097
COL-28296,CL-00097
K-28297,CL-00097
XV-28301,CL-00097
FT-28304,CL-00097
P-28305,CL-00097
V-28311,CL-00096
V-28317,CL-00096
P-28324,CL-00096
PT-28326,CL-00097
K-28328,CL-00097
P-28342,CL-00096
V-28343,CL-00096
XV-28345,CL-00096
PSV-28346,CL-00097
P-28356,CL-00097
P-28358,CL-00096
V-28364,CL-00096
FT-28369,CL-00097
XV-28378,CL-00097
TT-28379,CL-00097
PT-28381,CL-00097
P-28382,CL-00096
FT-28383,CL-00096
LT-28385,CL-00096
P-28390,CL-00096
E-28400,CL-00096
PSV-28402,CL-00097
TT-28403,CL-00097
V-28407,CL-00097
FT-28409,CL-00096
V-28410,CL-00097
PSV-28411,CL-00097
FCV-28415,CL-00096
FCV-28421,CL-00097
FT-28423,CL-00097
COL-28424,CL-00096
K-28425,CL-00097
P-28428,CL-00097
XV-28429,CL-00096
E-28430,CL-00097
FCV-28432,CL-00097
V-28433,CL-00096
V-28435,CL-00096
FCV-28439,CL-00096
LT-28445,CL-00097
P-28450,CL-00096
PT-28453,CL-00096
FT-28457,CL-00096
FT-28462,CL-00097
E-28463,CL-00096
P-28470,CL-00097
PSV-28471,CL-00096
PT-28474,CL-00096
P-28477,CL-00097
V-28480,CL-00096
E-28482,CL-00096
E-28485,CL-00097
V-28491,CL-00097
V-28494,CL-00096
LT-28502,CL-00097
TT-28504,CL-00097
K-28507,CL-00096
PT-28508,CL-00097
PSV-28509,CL-00096
K-28514,CL-00096
P-28518,CL-00097
E-28522,CL-00097
FT-28525,CL-00096
K-28527,CL-00096
FCV-28529,CL-00097
XV-28530,CL-00097
P-28532,CL-00096
COL-28533,CL-00097
FT-28536,CL-00096
P-28552,CL-00096
PT-28553,CL-00097
K-28558,CL-00097
COL-28559,CL-00097
P-28560,CL-00096
FT-28563,CL-00096
PT-28564,CL-00096
PT-28569,CL-00096
COL-28571,CL-00097
TT-28573,CL-00097
FT-28574,CL-00097
TT-28577,CL-00096
FT-28579,CL-00096
K-28582,CL-00096
XV-28587,CL-00097
FCV-28591,CL-00097
FCV-28598,CL-00097
P-28610,CL-00096
PT-28612,CL-00097
V-28614,CL-00096
FT-28615,CL-00097
TT-28617,CL-00096
XV-28621,CL-00097
V-28627,CL-00097
V-28629,CL-00097
LT-28631,CL-00097
FCV-28632,CL-00097
PT-28636,CL-00096
FCV-28637,CL-00096
COL-28641,CL-00097
P-28644,CL-00096
COL-28645,CL-00097
P-28646,CL-00096
V-28649,CL-00096
TT-28650,CL-00096
K-28651,CL-00096
COL-28656,CL-00096
XV-28660,CL-00097
COL-28666,CL-00096
FT-28674,CL-00097
XV-28676,CL-00097
P-28677,CL-00097
P-28681,CL-00097
P-28684,CL-00097
PT-28686,CL-00096
LT-28687,CL-00096
COL-28689,CL-00096
LT-28691,CL-00097
XV-28697,CL-00096
K-28699,CL-00097
PT-28702,CL-00096
PSV-28703,CL-00096
FCV-28704,CL-00097
E-28705,CL-00097
FCV-28710,CL-00096
P-28711,CL-00096
V-28713,CL-00096
PT-28719,CL-00096
LT-28722,CL-00096
FCV-28725,CL-00097
P-28726,CL-00096
COL-28727,CL-00096
V-28730,CL-00098
P-28731,CL-00098
COL-28732,CL-00098
PT-28733,CL-00098
PT-28734,CL-00098
V-28737,CL-00098
P-28740,CL-00098
XV-28747,CL-00098
LT-28755,CL-00098
LT-28760,CL-00098
COL-28766,CL-00098
FT-28767,CL-00098
V-28768,CL-00098
FCV-28769,CL-00098
PSV-28775,CL-00098
TT-28776,CL-00098
PSV-28781,CL-00098
COL-28783,CL-00098
P-28793,CL-00098
PSV-28799,CL-00098
XV-28800,CL-00098
P-28802,CL-00098
PT-28807,CL-00098
P-28813,CL-00098
FCV-28817,CL-00098
LT-28820,CL-00098
PSV-28824,CL-00098
TT-28825,CL-00098
K-28829,CL-00098
FT-28831,CL-00098
P-28832,CL-00098
LT-28833,CL-00098
TT-28834,CL-00098
COL-28838,CL-00098
XV-28846,CL-00098
TT-28849,CL-00098
PT-28853,CL-00098
PT-28860,CL-00098
FT-28861,CL-00098
K-28868,CL-00098
PSV-28869,CL-00098
PT-28871,CL-00098
COL-28874,CL-00098
FCV-28875,CL-00098
PSV-28877,CL-00098
TT-28881,CL-00098
E-28883,CL-00098
V-28887,CL-00098
FCV-28889,CL-00098
P-28892,CL-00098
E-28895,CL-00098
P-28900,CL-00098
FCV-28902,CL-00098
TT-28905,CL-00098
COL-28908,CL-00098
E-28909,CL-00098
XV-28912,CL-00098
K-28915,CL-00098
V-28916,CL-00098
E-28920,CL-00098
TT-28923,CL-00098
E-28924,CL-00098
PT-28929,CL-00098
PSV-28939,CL-00098
P-28951,CL-00098
TT-28953,CL-00098
FT-28956,CL-00098
V-28958,CL-00098
V-28962,CL-00098
LT-28967,CL-00098
PSV-28968,CL-00098
PSV-28972,CL-00098
TT-28975,CL-00098
TT-28978,CL-00098
PSV-28982,CL-00098
PT-28983,CL-00098
FT-28984,CL-00098
LT-28987,CL-00098
P-28990,CL-00098
FT-28992,CL-00098
FCV-28994,CL-00098
P-28996,CL-00098
LT-28999,CL-00098
COL-29002,CL-00098
COL-29003,CL-00098
FCV-29008,CL-00098
FT-29009,CL-00098
P-29011,CL-00098
PSV-29013,CL-00098
XV-29017,CL-00098
XV-29021,CL-00098
P-29023,CL-00098
K-29030,CL-00098
TT-29031,CL-00098
FCV-29033,CL-00098
FT-29036,CL-00098
PSV-29038,CL-00098
FT-29039,CL-00098
TT-29042,CL-00098
XV-29044,CL-00098
COL-29045,CL-00098
FCV-29046,CL-00098
P-29049,CL-00098
COL-29057,CL-00098
PSV-29058,CL-00098
FT-29062,CL-00098
TT-29063,CL-00098
PT-29064,CL-00098
K-29068,CL-00098
P-29070,CL-00098
PSV-29072,CL-00098
P-29073,CL-00098
V-29074,CL-00098
E-29075,CL-00098
V-29076,CL-00098
K-29078,CL-00098
K-29079,CL-00098
K-29080,CL-00098
V-29082,CL-00098
P-29103,CL-00098
FCV-29106,CL-00098
TT-29114,CL-00098
E-29115,CL-00098
K-29116,CL-00098
P-29121,CL-00098
K-29123,CL-00098
TT-29129,CL-00098
P-29132,CL-00098
V-29134,CL-00098
E-29137,CL-00098
P-29139,CL-00098
XV-29142,CL-00098
P-29146,CL-00098
XV-29149,CL-00098
P-29151,CL-00098
TT-29152,CL-00098
K-29154,CL-00098
TT-29156,CL-00098
LT-29157,CL-00098
FCV-29158,CL-00098
P-29159,CL-00098
P-29160,CL-00098
V-29163,CL-00098
V-29164,CL-00098
P-29165,CL-00098
FCV-29166,CL-00098
FCV-29167,CL-00098
P-29173,CL-00098
PSV-29175,CL-00098
COL-29179,CL-00098
K-29181,CL-00098
P-29182,CL-00098
PSV-29185,CL-00098
E-29187,CL-00098
COL-29188,CL-00098
COL-29191,CL-00098
V-29194,CL-00098
PSV-29202,CL-00098
COL-29211,CL-00098
TT-29212,CL-00098
P-29218,CL-00098
XV-29219,CL-00098
FT-29220,CL-00098
K-29230,CL-00100
PSV-29232,CL-00100
V-29233,CL-00099
TT-29237,CL-00099
K-29239,CL-00099
FT-29247,CL-00100
LT-29252,CL-00100
COL-29256,CL-00100
PT-29260,CL-00100
E-29262,CL-00100
COL-29270,CL-00100
PSV-29271,CL-00100
TT-29274,CL-00099
PT-29275,CL-00099
P-29278,CL-00100
LT-29284,CL-00100
COL-29289,CL-00100
P-29291,CL-00100
FCV-29292,CL-00100
V-29293,CL-00100
K-29295,CL-00100
XV-29298,CL-00099
K-29299,CL-00100
XV-29305,CL-00100
P-29306,CL-00100
PT-29307,CL-00100
PSV-29308,CL-00099
XV-29309,CL-00100
E-29310,CL-00100
XV-29321,CL-00100
K-29322,CL-00100
XV-29323,CL-00100
FT-29326,CL-00100
FT-29336,CL-00099
TT-29337,CL-00099
V-29338,CL-00099
FCV-29340,CL-00100
P-29341,CL-00100
V-29342,CL-00100
P-29345,CL-00100
FT-29348,CL-00099
XV-29349,CL-00099
PSV-29350,CL-00100
TT-29353,CL-00100
K-29356,CL-00099
COL-29366,CL-00099
E-29369,CL-00100
PSV-29371,CL-00099
E-29372,CL-00099
K-29373,CL-00100
P-29378,CL-00100
P-29380,CL-00100
FCV-29388,CL-00100
K-29389,CL-00100
V-29399,CL-00100
LT-29401,CL-00100
XV-29402,CL-00100
FCV-29403,CL-00100
P-29404,CL-00099
XV-29409,CL-00100
LT-29410,CL-00100
E-29412,CL-00100
XV-29416,CL-00099
V-29417,CL-00100
E-29419,CL-00100
XV-29420,CL-00099
FCV-29421,CL-00099
FCV-29423,CL-00099
PSV-29426,CL-00099
LT-29432,CL-00100
P-29435,CL-00099
FCV-29437,CL-00099
PSV-29438,CL-00100
FT-29439,CL-00100
P-29446,CL-00099
V-29447,CL-00099
P-29448,CL-00099
V-29452,CL-00100
K-29453,CL-00099
PT-29454,CL-00100
P-29458,CL-00099
PT-29459,CL-00100
P-29462,CL-00100
P-29464,CL-00099
FT-29465,CL-00100
V-29466,CL-00099
PT-29467,CL-00100
TT-29468,CL-00099
TT-29469,CL-00099
PT-29476,CL-00100
LT-29478,CL-00099
FT-29481,CL-00100
V-29483,CL-00100
PSV-29488,CL-00100
XV-29489,CL-00099
E-29490,CL-00100
COL-29494,CL-00099
PT-29495,CL-00099
PSV-29497,CL-00100
PT-29498,CL-00100
COL-29501,CL-00099
E-29503,CL-00099
PSV-29505,CL-00099
PT-29512,CL-00100
XV-29514,CL-00100
FCV-29516,CL-00099
TT-29517,CL-00100
LT-29518,CL-00099
FT-29519,CL-00099
P-29520,CL-00100
TT-29521,CL-00099
K-29522,CL-00100
PSV-29523,CL-00099
PT-29526,CL-00099
FT-29528,CL-00099
V-29531,CL-00100
FCV-29532,CL-00099
XV-29538,CL-00099
E-29541,CL-00099
FT-29542,CL-00099
P-29546,CL-00100
PSV-29547,CL-00099
TT-29548,CL-00100
XV-29550,CL-00100
LT-29552,CL-00099
PT-29558,CL-00100
E-29561,CL-00100
V-29562,CL-00099
XV-29563,CL-00100
PT-29567,CL-00100
PSV-29568,CL-00099
P-29572,CL-00099
FT-29575,CL-00100
LT-29577,CL-00100
P-29578,CL-00100
XV-29586,CL-00100
FCV-29587,CL-00099
LT-29588,CL-00099
V-29590,CL-00099
E-29596,CL-00100
E-29598,CL-00100
LT-29602,CL-00100
XV-29604,CL-00099
XV-29609,CL-00099
V-29614,CL-00101
PSV-29615,CL-00101
XV-29616,CL-00101
K-29618,CL-00101
PSV-29620,CL-00101
XV-29621,CL-00101
COL-29627,CL-00101
P-29628,CL-00101
COL-29631,CL-00101
P-29632,CL-00101
FT-29633,CL-00101
TT-29634,CL-00101
E-29638,CL-00101
TT-29640,CL-00101
P-29641,CL-00101
FCV-29643,CL-00101
K-29645,CL-00101
E-29647,CL-00101
K-29651,CL-00101
LT-29652,CL-00101
P-29656,CL-00101
FT-29657,CL-00101
PSV-29660,CL-00101
TT-29662,CL-00101
PT-29674,CL-00101
FCV-29676,CL-00101
LT-29680,CL-00101
FT-29681,CL-00101
LT-29684,CL-00101
K-29685,CL-00101
XV-29687,CL-00101
TT-29688,CL-00101
P-29690,CL-00101
XV-29692,CL-00101
COL-29699,CL-00101
FT-29708,CL-00101
FT-29709,CL-00101
P-29717,CL-00101
V-29718,CL-00101
K-29722,CL-00101
XV-29728,CL-00101
FCV-29731,CL-00101
COL-29732,CL-00101
E-29735,CL-00101
COL-29741,CL-00101
P-29744,CL-00101
TT-29745,CL-00101
TT-29746,CL-00101
FT-29749,CL-00101
COL-29756,CL-00101
V-29762,CL-00101
P-29765,CL-00101
E-29767,CL-00101
V-29768,CL-00101
P-29770,CL-00101
COL-29772,CL-00101
COL-29773,CL-00101
FT-29779,CL-00101
PT-29780,CL-00101
P-29784,CL-00101
XV-29789,CL-00101
E-29790,CL-00101
PT-29795,CL-00101
COL-29796,CL-00101
K-29797,CL-00101
E-29804,CL-00101
V-29805,CL-00101
LT-29806,CL-00101
PSV-29807,CL-00101
P-29809,CL-00101
FCV-29814,CL-00101
LT-29815,CL-00101
E-29817,CL-00101
COL-29818,CL-00101
PT-29820,CL-00101
V-29821,CL-00101
FCV-29825,CL-00101
XV-29834,CL-00101
COL-29839,CL-00101
LT-29841,CL-00101
E-29844,CL-00101
V-29845,CL-00101
K-29846,CL-00101
PT-29848,CL-00101
PT-29853,CL-00101
P-29854,CL-00101
XV-29857,CL-00101
FT-29858,CL-00101
TT-29860,CL-00101
E-29864,CL-00101
COL-29867,CL-00101
PT-29869,CL-00101
TT-29870,CL-00101
V-29872,CL-00101
TT-29875,CL-00101
COL-29876,CL-00101
P-29877,CL-00101
E-29879,CL-00101
XV-29880,CL-00101
K-29882,CL-00101
V-29885,CL-00101
XV-29888,CL-00101
P-29889,CL-00101
P-29892,CL-00101
V-29894,CL-00101
FCV-29899,CL-00101
LT-29901,CL-00101
P-29903,CL-00101
XV-29904,CL-00101
COL-29909,CL-00101
LT-29910,CL-00101
E-29912,CL-00101
TT-29915,CL-00101
COL-29916,CL-00101
P-29917,CL-00101
PT-29918,CL-00101
E-29922,CL-00101
COL-29923,CL-00101
P-29926,CL-00101
K-29928,CL-00101
COL-29930,CL-00101
PSV-29932,CL-00101
TT-29933,CL-00101
P-29934,CL-00101
V-29935,CL-00101
FCV-29939,CL-00101
XV-29942,CL-00101
P-29944,CL-00101
LT-29945,CL-00101
PT-29950,CL-00101
PT-29953,CL-00101
FT-29955,CL-00101
V-29961,CL-00101
FCV-29963,CL-00101
V-29968,CL-00101
P-29969,CL-00101
LT-29970,CL-00101
P-29973,CL-00101
PT-29974,CL-00101
XV-29979,CL-00101
TT-29981,CL-00101
COL-29983,CL-00101
COL-29986,CL-00101
COL-29988,CL-00101
TT-29989,CL-00101
LT-29993,CL-00101
PT-29994,CL-00101
P-29996,CL-00101
FT-29998,CL-00101
V-30001,CL-00101
V-30002,CL-00101
FCV-30006,CL-00101
PT-30007,CL-00101
E-30014,CL-00101
LT-30015,CL-00101
E-30017,CL-00101
TT-30019,CL-00101
FT-30020,CL-00101
XV-30024,CL-00101
XV-30025,CL-00101
E-30026,CL-00101
FT-30029,CL-00101
K-30030,CL-00101
P-30031,CL-00101
TT-30033,CL-00101
K-30038,CL-00101
LT-30039,CL-00101
LT-30041,CL-00101
XV-30042,CL-00101
PT-30044,CL-00101
XV-30046,CL-00101
P-30047,CL-00101
XV-30050,CL-00102
P-30051,CL-00102
V-30054,CL-00102
P-30055,CL-00102
PSV-30059,CL-00102
P-30060,CL-00102
FT-30065,CL-00102
P-30067,CL-00102
LT-30069,CL-00102
E-30073,CL-00102
PSV-30074,CL-00102
P-30076,CL-00102
TT-30078,CL-00102
XV-30080,CL-00102
K-30090,CL-00102
TT-30091,CL-00102
TT-30097,CL-00102
K-30098,CL-00102
P-30101,CL-00102
E-30103,CL-00102
PSV-30104,CL-00102
LT-30105,CL-00102
LT-30108,CL-00102
P-30110,CL-00102
K-30112,CL-00102
PSV-30113,CL-00102
PSV-30117,CL-00102
PT-30118,CL-00102
V-30129,CL-00102
PT-30130,CL-00102
V-30133,CL-00102
E-30135,CL-00102
COL-30136,CL-00102
P-30140,CL-00102
P-30142,CL-00102
PT-30143,CL-00102
K-30145,CL-00102
PSV-30148,CL-00102
TT-30152,CL-00102
TT-30154,CL-00102
XV-30155,CL-00102
K-30158,CL-00102
LT-30165,CL-00102
E-30171,CL-00102
XV-30172,CL-00102
P-30177,CL-00102
P-30182,CL-00102
P-30183,CL-00102
P-30189,CL-00102
PSV-30192,CL-00102
P-30193,CL-00102
PSV-30194,CL-00102
PSV-30198,CL-00102
E-30199,CL-00102
P-30206,CL-00102
TT-30208,CL-00102
XV-30215,CL-00102
P-30217,CL-00102
P-30221,CL-00102
COL-30222,CL-00102
K-30223,CL-00102
K-30226,CL-00102
TT-30236,CL-00102
TT-30239,CL-00102
TT-30240,CL-00102
E-30242,CL-00102
LT-30243,CL-00102
P-30244,CL-00102
V-30246,CL-00102
TT-30248,CL-00102
FCV-30255,CL-00102
COL-30260,CL-00102
LT-30261,CL-00102
COL-30262,CL-00102
P-30269,CL-00102
V-30272,CL-00102
PT-30276,CL-00102
K-30277,CL-00102
PSV-30283,CL-00102
PSV-30287,CL-00102
P-30289,CL-00102
K-30291,CL-00102
P-30296,CL-00102
E-30297,CL-00102
XV-30298,CL-00102
XV-30312,CL-00102
PT-30315,CL-00102
XV-30323,CL-00102
FCV-30328,CL-00102
V-30330,CL-00102
XV-30331,CL-00102
LT-30333,CL-00102
FCV-30338,CL-00102
PSV-30341,CL-00102
PSV-30346,CL-00102
E-30349,CL-00102
PSV-30350,CL-00102
P-30356,CL-00102
V-30359,CL-00102
COL-30360,CL-00102
XV-30362,CL-00102
FCV-30367,CL-00102
FCV-30371,CL-00102
TT-30373,CL-00102
K-30374,CL-00102
LT-30377,CL-00102
PT-30378,CL-00102
FT-30381,CL-00102
XV-30395,CL-00102
XV-30396,CL-00102
FT-30402,CL-00102
COL-30404,CL-00103
XV-30405,CL-00103
P-30408,CL-00103
COL-30409,CL-00103
TT-30411,CL-00103
V-30414,CL-00103
PSV-30415,CL-00103
P-30416,CL-00103
V-30418,CL-00103
COL-30419,CL-00103
PT-30420,CL-00103
P-30427,CL-00103
PSV-30428,CL-00103
PSV-30430,CL-00103
LT-30433,CL-00103
PSV-30439,CL-00103
P-30440,CL-00103
K-30446,CL-00103
COL-30454,CL-00103
PSV-30456,CL-00103
PT-30459,CL-00103
E-30466,CL-00103
P-30467,CL-00103
FT-30468,CL-00103
COL-30470,CL-00103
K-30473,CL-00103
TT-30478,CL-00103
FT-30481,CL-00103
V-30489,CL-00103
P-30490,CL-00103
K-30491,CL-00103
LT-30493,CL-00103
FT-30497,CL-00103
LT-30498,CL-00103
PSV-30502,CL-00103
K-30506,CL-00103
PSV-30508,CL-00103
E-30509,CL-00103
TT-30511,CL-00103
XV-30513,CL-00103
K-30522,CL-00103
PSV-30526,CL-00103
PSV-30527,CL-00103
LT-30528,CL-00103
LT-30529,CL-00103
FCV-30532,CL-00103
V-30534,CL-00103
COL-30542,CL-00103
P-30544,CL-00103
P-30551,CL-00103
TT-30552,CL-00103
PT-30553,CL-00103
XV-30558,CL-00103
V-30559,CL-00103
PSV-30560,CL-00103
FT-30563,CL-00103
FT-30564,CL-00103
V-30569,CL-00103
P-30574,CL-00103
P-30575,CL-00103
TT-30576,CL-00103
FT-30578,CL-00103
FT-30580,CL-00103
V-30585,CL-00103
P-30586,CL-00103
XV-30597,CL-00103
K-30599,CL-00103
XV-30600,CL-00103
P-30602,CL-00103
FCV-30603,CL-00103
K-30607,CL-00103
PSV-30609,CL-00103
P-30613,CL-00103
FCV-30617,CL-00103
PT-30621,CL-00103
P-30623,CL-00103
FCV-30624,CL-00103
P-30629,CL-00103
COL-30630,CL-00103
PSV-30632,CL-00103
FT-30633,CL-00103
FCV-30635,CL-00103
FCV-30639,CL-00103
P-30649,CL-00103
LT-30650,CL-00103
K-30652,CL-00103
TT-30653,CL-00103
LT-30657,CL-00103
FT-30659,CL-00103
V-30660,CL-00103
PSV-30661,CL-00103
XV-30662,CL-00103
PT-30663,CL-00103
PT-30666,CL-00103
P-30670,CL-00103
XV-30676,CL-00103
PT-30678,CL-00103
P-30681,CL-00103
K-30682,CL-00103
FT-30688,CL-00103
PSV-30690,CL-00103
PSV-30691,CL-00103
COL-30694,CL-00103
P-30695,CL-00103
V-30700,CL-00103
LT-30701,CL-00103
COL-30702,CL-00103
V-30704,CL-00103
FCV-30710,CL-00103
FT-30711,CL-00103
PT-30713,CL-00103
V-30718,CL-00103
XV-30721,CL-00103
PT-30723,CL-00103
E-30724,CL-00103
FT-30727,CL-00103
P-30728,CL-00103
FCV-30729,CL-00103
LT-30731,CL-00103
TT-30733,CL-00103
V-30735,CL-00103
PT-30737,CL-00103
P-30740,CL-00103
COL-30743,CL-00103
E-30744,CL-00103
PT-30748,CL-00103
K-30751,CL-00103
E-30753,CL-00103
K-30754,CL-00103
FT-30760,CL-00103
PSV-30761,CL-00103
COL-30762,CL-00103
PSV-30763,CL-00103
V-30764,CL-00103
K-30766,CL-00103
TT-30780,CL-00103
FT-30781,CL-00103
K-30783,CL-00103
PT-30786,CL-00103
FT-30793,CL-00103
E-30801,CL-00103
LT-30803,CL-00103
P-30807,CL-00103
PT-30809,CL-00103
XV-30820,CL-00103
P-30825,CL-00103
P-30826,CL-00103
COL-30828,CL-00103
PT-30829,CL-00103
V-30830,CL-00103
P-30833,CL-00103
LT-30835,CL-00103
K-30840,CL-00103
E-30841,CL-00103
V-30843,CL-00103
P-30846,CL-00103
P-30847,CL-00103
XV-30848,CL-00103
E-30849,CL-00103
P-30851,CL-00103
XV-30857,CL-00103
TT-30858,CL-00103
V-30859,CL-00103
V-30863,CL-00103
LT-30864,CL-00103
V-30866,CL-00103
COL-30867,CL-00103
PT-30870,CL-00103
COL-30872,CL-00103
LT-30875,CL-00103
XV-30876,CL-00103
FT-30879,CL-00103
PSV-30880,CL-00103
TT-30882,CL-00103
FCV-30885,CL-00103
XV-30887,CL-00103
LT-30890,CL-00103
XV-30892,CL-00103
FCV-30894,CL-00103
PSV-30898,CL-00104
FT-30907,CL-00104
COL-30910,CL-00104
E-30911,CL-00104
LT-30914,CL-00104
P-30916,CL-00104
FCV-30918,CL-00104
FT-30919,CL-00104
FT-30920,CL-00104
COL-30921,CL-00104
LT-30922,CL-00104
PSV-30926,CL-00104
LT-30929,CL-00104
P-30931,CL-00104
V-30932,CL-00104
K-30933,CL-00104
E-30935,CL-00104
P-30943,CL-00104
E-30954,CL-00104
COL-30955,CL-00104
COL-30957,CL-00104
K-30959,CL-00104
PSV-30961,CL-00104
P-30962,CL-00104
LT-30976,CL-00104
V-30977,CL-00104
V-30979,CL-00104
LT-30989,CL-00104
XV-30994,CL-00104
V-30995,CL-00104
PT-30997,CL-00104
PSV-30999,CL-00104
V-31000,CL-00104
LT-31001,CL-00104
TT-31002,CL-00104
TT-31004,CL-00104
FCV-31006,CL-00104
V-31007,CL-00104
P-31008,CL-00104
PSV-31012,CL-00104
P-31014,CL-00104
PT-31015,CL-00104
XV-31019,CL-00104
P-31020,CL-00104
PSV-31022,CL-00104
FCV-31023,CL-00104
P-31027,CL-00104
XV-31028,CL-00104
P-31030,CL-00104
COL-31035,CL-00104
LT-31036,CL-00104
FT-31039,CL-00104
P-31045,CL-00104
LT-31051,CL-00104
PSV-31053,CL-00104
LT-31054,CL-00104
P-31056,CL-00104
P-31057,CL-00104
V-31059,CL-00104
XV-31062,CL-00104
FCV-31064,CL-00104
V-31071,CL-00104
P-31072,CL-00104
FCV-31073,CL-00104
E-31076,CL-00104
LT-31077,CL-00104
TT-31079,CL-00104
E-31080,CL-00104
P-31082,CL-00104
P-31086,CL-00104
PT-31089,CL-00104
LT-31090,CL-00104
K-31094,CL-00104
PT-31095,CL-00104
P-31096,CL-00104
PT-31098,CL-00104
V-31100,CL-00104
P-31101,CL-00104
TT-31105,CL-00104
XV-31108,CL-00104
E-31110,CL-00104
TT-31114,CL-00104
XV-31116,CL-00104
V-31121,CL-00104
K-31124,CL-00104
PT-31126,CL-00104
E-31127,CL-00104
P-31128,CL-00104
P-31130,CL-00104
LT-31131,CL-00104
K-31133,CL-00104
P-31135,CL-00104
V-31139,CL-00104
LT-31143,CL-00104
COL-31149,CL-00104
TT-31152,CL-00104
V-31153,CL-00104
FCV-31154,CL-00104
V-31155,CL-00104
PT-31156,CL-00104
FT-31157,CL-00104
FCV-31160,CL-00104
V-31162,CL-00104
E-31166,CL-00104
PSV-31168,CL-00104
PSV-31169,CL-00104
V-31175,CL-00104
V-31180,CL-00104
P-31182,CL-00104
LT-31184,CL-00104
PT-31186,CL-00104
LT-31192,CL-00104
FT-31193,CL-00104
LT-31194,CL-00104
PSV-31196,CL-00104
PSV-31199,CL-00104
COL-31201,CL-00104
COL-31206,CL-00104
K-31208,CL-00104
PSV-31211,CL-00104
V-31212,CL-00104
V-31216,CL-00104
E-31217,CL-00104
K-31218,CL-00104
P-31220,CL-00104
FT-31223,CL-00104
E-31224,CL-00104
FCV-31225,CL-00104
P-31226,CL-00104
FT-31228,CL-00104
LT-31231,CL-00104
FT-31232,CL-00104
COL-31236,CL-00104
XV-31237,CL-00104
P-31238,CL-00104
V-31239,CL-00104
XV-31241,CL-00104
FCV-31243,CL-00104
FCV-31245,CL-00104
PT-31247,CL-00104
PSV-31248,CL-00104
P-31249,CL-00104
PT-31255,CL-00104
TT-31256,CL-00104
COL-31258,CL-00104
V-31259,CL-00104
P-31264,CL-00104
FCV-31266,CL-00104
XV-31272,CL-00104
PT-31273,CL-00104
FCV-31282,CL-00104
V-31283,CL-00104
LT-31285,CL-00104
K-31286,CL-00104
FCV-31287,CL-00104
PT-31291,CL-00104
FCV-31292,CL-00104
PSV-31295,CL-00106
K-31299,CL-00105
LT-31300,CL-00106
PT-31301,CL-00106
LT-31302,CL-00106
PT-31305,CL-00106
P-31307,CL-00106
E-31310,CL-00106
V-31311,CL-00105
P-31316,CL-00106
E-31320,CL-00105
V-31322,CL-00106
P-31324,CL-00106
FCV-31325,CL-00105
P-31330,CL-00106
COL-31331,CL-00106
XV-31333,CL-00105
PT-31334,CL-00105
LT-31336,CL-00105
COL-31337,CL-00106
V-31340,CL-00106
FCV-31341,CL-00105
PSV-31342,CL-00105
V-31344,CL-00106
P-31347,CL-00105
V-31349,CL-00105
PT-31354,CL-00106
FCV-31356,CL-00106
PSV-31362,CL-00105
XV-31367,CL-00106
TT-31371,CL-00105
PT-31374,CL-00106
K-31380,CL-00106
XV-31386,CL-00105
PSV-31391,CL-00106
COL-31394,CL-00105
LT-31398,CL-00106
XV-31399,CL-00105
FCV-31404,CL-00106
PSV-31410,CL-00106
FT-31411,CL-00105
PSV-31413,CL-00106
FCV-31416,CL-00105
XV-31417,CL-00105
XV-31418,CL-00106
P-31421,CL-00105
K-31422,CL-00106
COL-31426,CL-00105
PSV-31429,CL-00105
XV-31431,CL-00106
PSV-31440,CL-00106
FCV-31441,CL-00105
PT-31443,CL-00106
FT-31445,CL-00106
V-31446,CL-00106
P-31452,CL-00105
FCV-31454,CL-00106
PSV-31455,CL-00105
PSV-31462,CL-00106
P-31463,CL-00105
PT-31466,CL-00106
P-31471,CL-00105
LT-31473,CL-00106
TT-31474,CL-00106
FT-31475,CL-00105
P-31483,CL-00106
LT-31485,CL-00106
P-31487,CL-00105
PT-31488,CL-00106
LT-31494,CL-00105
E-31496,CL-00105
TT-31497,CL-00105
LT-31498,CL-00105
FCV-31499,CL-00106
P-31500,CL-00106
P-31502,CL-00106
XV-31505,CL-00106
FT-31506,CL-00105
TT-31509,CL-00105
FCV-31511,CL-00106
TT-31513,CL-00105
P-31518,CL-00106
XV-31519,CL-00106
K-31522,CL-00105
FCV-31523,CL-00106
V-31528,CL-00106
COL-31529,CL-00106
PT-31530,CL-00105
P-31531,CL-00106
FCV-31532,CL-00106
XV-31538,CL-00105
TT-31548,CL-00105
PSV-31549,CL-00105
LT-31550,CL-00105
PSV-31552,CL-00106
K-31556,CL-00105
P-31558,CL-00105
P-31565,CL-00105
FCV-31569,CL-00105
XV-31578,CL-00106
TT-31580,CL-00105
FCV-31589,CL-00105
COL-31590,CL-00105
LT-31594,CL-00106
V-31598,CL-00106
FCV-31599,CL-00106
LT-31600,CL-00106
FT-31602,CL-00106
XV-31606,CL-00105
FCV-31609,CL-00105
TT-31610,CL-00105
FCV-31611,CL-00106
COL-31616,CL-00105
COL-31619,CL-00106
K-31620,CL-00105
P-31633,CL-00105
P-31638,CL-00106
PSV-31643,CL-00105
P-31644,CL-00106
PSV-31647,CL-00105
XV-31651,CL-00106
COL-31655,CL-00105
V-31656,CL-00105
V-31660,CL-00105
COL-31661,CL-00105
PSV-31668,CL-00106
P-31673,CL-00105
LT-31677,CL-00106
FT-31680,CL-00105
LT-31681,CL-00106
FCV-31684,CL-00106
PSV-31689,CL-00106
TT-31690,CL-00106
XV-31691,CL-00105
P-31692,CL-00106
V-31693,CL-00106
XV-31698,CL-00106
P-31702,CL-00105
XV-31703,CL-00105
FCV-31705,CL-00106
XV-31706,CL-00105
PT-31708,CL-00106
P-31709,CL-00106
V-31711,CL-00106
LT-31713,CL-00106
PT-31714,CL-00105
COL-31716,CL-00105
XV-31721,CL-00106
COL-31722,CL-00106
K-31723,CL-00105
E-31726,CL-00106
COL-31727,CL-00105
FT-31728,CL-00105
XV-31733,CL-00106
FCV-31736,CL-00105
XV-31737,CL-00106
V-31738,CL-00105
FCV-31739,CL-00106
PSV-31740,CL-00106
LT-31741,CL-00106
PSV-31747,CL-00106
V-31748,CL-00106
PT-31749,CL-00106
P-31754,CL-00105
P-31755,CL-00106
FT-31756,CL-00106
P-31759,CL-00105
K-31769,CL-00106
FT-31773,CL-00105
P-31776,CL-00106
TT-31787,CL-00105
FCV-31788,CL-00106
E-31789,CL-00106
XV-31791,CL-00106
V-31794,CL-00106
COL-31797,CL-00106
TT-31802,CL-00106
E-31804,CL-00105
V-31805,CL-00106
PT-31812,CL-00105
PT-31814,CL-00106
P-31815,CL-00105
P-31816,CL-00106
COL-31817,CL-00106
E-31820,CL-00107
K-31835,CL-00107
E-31839,CL-00107
PT-31843,CL-00107
P-31844,CL-00107
V-31848,CL-00107
P-31849,CL-00107
LT-31854,CL-00107
V-31856,CL-00107
FT-31858,CL-00107
XV-31859,CL-00107
XV-31860,CL-00107
XV-31861,CL-00107
PT-31862,CL-00107
PSV-31863,CL-00107
COL-31864,CL-00107
XV-31873,CL-00107
PSV-31881,CL-00107
FT-31884,CL-00107
V-31888,CL-00107
P-31891,CL-00107
LT-31892,CL-00107
FCV-31905,CL-00107
FCV-31906,CL-00107
COL-31907,CL-00107
V-31908,CL-00107
V-31909,CL-00107
COL-31912,CL-00107
PT-31916,CL-00107
FCV-31920,CL-00107
COL-31929,CL-00107
PT-31932,CL-00107
P-31937,CL-00107
V-31939,CL-00107
P-31941,CL-00107
LT-31946,CL-00107
PSV-31949,CL-00107
E-31957,CL-00107
LT-31965,CL-00107
PT-31970,CL-00107
LT-31975,CL-00107
K-31978,CL-00107
FCV-31982,CL-00107
K-32006,CL-00107
P-32010,CL-00107
XV-32013,CL-00107
FCV-32014,CL-00107
E-32019,CL-00107
P-32039,CL-00107
LT-32040,CL-00107
XV-32041,CL-00107
PSV-32045,CL-00107
PSV-32049,CL-00107
LT-32053,CL-00107
PSV-32060,CL-00107
K-32061,CL-00107
PT-32062,CL-00107
FCV-32064,CL-00107
E-32066,CL-00107
FCV-32067,CL-00107
COL-32068,CL-00107
V-32071,CL-00107
V-32072,CL-00107
COL-32074,CL-00107
P-32075,CL-00107
LT-32077,CL-00107
COL-32078,CL-00107
P-32079,CL-00107
FCV-32081,CL-00107
TT-32085,CL-00107
PSV-32087,CL-00107
XV-32091,CL-00107
LT-32095,CL-00107
P-32097,CL-00107
FT-32098,CL-00107
PSV-32099,CL-00107
XV-32101,CL-00107
XV-32107,CL-00107
P-32110,CL-00107
PT-32121,CL-00107
FT-32122,CL-00107
COL-32123,CL-00107
V-32124,CL-00107
PT-32125,CL-00107
FT-32127,CL-00107
LT-32129,CL-00107
FT-32130,CL-00107
E-32131,CL-00107
LT-32135,CL-00107
E-32136,CL-00107
PT-32138,CL-00107
FT-32141,CL-00107
FT-32143,CL-00107
PT-32146,CL-00107
P-32147,CL-00107
K-32148,CL-00107
V-32149,CL-00107
FCV-32151,CL-00107
PT-32153,CL-00107
P-32160,CL-00107
P-32162,CL-00107
PSV-32163,CL-00107
XV-32165,CL-00107
V-32166,CL-00107
P-32168,CL-00107
PT-32169,CL-00107
PT-32170,CL-00107
FCV-32172,CL-00107
PSV-32175,CL-00107
LT-32176,CL-00107
FT-32178,CL-00107
LT-32181,CL-00107
P-32186,CL-00107
FCV-32188,CL-00107
XV-32194,CL-00107
FCV-32195,CL-00107
XV-32197,CL-00107
P-32202,CL-00107
COL-32204,CL-00107
E-32205,CL-00107
COL-32207,CL-00107
E-32210,CL-00107
TT-32212,CL-00107
PT-32220,CL-00107
K-32228,CL-00107
PSV-32233,CL-00107
XV-32239,CL-00107
TT-32241,CL-00107
TT-32243,CL-00107
V-32246,CL-00107
FCV-32249,CL-00107
LT-32251,CL-00107
LT-32255,CL-00107
PSV-32258,CL-00107
FT-32259,CL-00107
XV-32262,CL-00107
COL-32263,CL-00107
P-32266,CL-00107
FT-32267,CL-00107
PT-32271,CL-00107
E-32274,CL-00107
V-32275,CL-00107
P-32277,CL-00107
E-32279,CL-00107
PSV-32282,CL-00107
COL-32288,CL-00108
PT-32290,CL-00108
FT-32294,CL-00108
V-32295,CL-00108
K-32296,CL-00108
E-32297,CL-00108
XV-32304,CL-00108
P-32307,CL-00108
TT-32308,CL-00108
FCV-32313,CL-00108
PSV-32316,CL-00108
FT-32317,CL-00108
XV-32319,CL-00108
COL-32332,CL-00108
PT-32336,CL-00108
E-32338,CL-00108
PT-32340,CL-00108
COL-32343,CL-00108
FCV-32345,CL-00108
COL-32347,CL-00108
P-32349,CL-00108
FT-32357,CL-00108
K-32361,CL-00108
V-32367,CL-00108
E-32370,CL-00108
E-32376,CL-00108
P-32388,CL-00108
XV-32390,CL-00108
XV-32391,CL-00108
V-32392,CL-00108
FCV-32394,CL-00108
COL-32395,CL-00108
PT-32397,CL-00108
COL-32399,CL-00108
FT-32404,CL-00108
PSV-32407,CL-00108
P-32408,CL-00108
PSV-32412,CL-00108
P-32416,CL-00108
V-32419,CL-00108
LT-32424,CL-00108
TT-32425,CL-00108
PT-32427,CL-00108
TT-32433,CL-00108
K-32434,CL-00108
E-32437,CL-00108
COL-32438,CL-00108
XV-32444,CL-00108
K-32445,CL-00108
P-32451,CL-00108
FCV-32454,CL-00108
PT-32460,CL-00108
LT-32463,CL-00108
FT-32465,CL-00108
E-32469,CL-00108
K-32470,CL-00108
P-32471,CL-00108
COL-32477,CL-00108
P-32479,CL-00108
FCV-32484,CL-00108
P-32487,CL-00108
FT-32491,CL-00108
E-32493,CL-00108
P-32494,CL-00108
TT-32501,CL-00108
COL-32509,CL-00108
LT-32510,CL-00108
E-32515,CL-00108
P-32521,CL-00108
TT-32523,CL-00108
COL-32524,CL-00108
FCV-32525,CL-00108
FT-32528,CL-00108
COL-32533,CL-00108
LT-32534,CL-00108
COL-32538,CL-00108
FT-32540,CL-00108
E-32546,CL-00108
V-32547,CL-00108
FCV-32556,CL-00108
COL-32557,CL-00108
P-32558,CL-00108
LT-32568,CL-00108
E-32569,CL-00108
FT-32571,CL-00108
LT-32572,CL-00108
PSV-32573,CL-00108
PSV-32576,CL-00108
P-32577,CL-00108
TT-32579,CL-00108
TT-32580,CL-00108
P-32581,CL-00108
P-32584,CL-00108
FCV-32586,CL-00108
PSV-32587,CL-00108
K-32588,CL-00108
COL-32590,CL-00110
FT-32592,CL-00110
TT-32594,CL-00109
PT-32602,CL-00109
P-32605,CL-00110
COL-32606,CL-00109
V-32608,CL-00109
LT-32610,CL-00110
K-32616,CL-00110
PT-32620,CL-00110
PSV-32624,CL-00110
LT-32625,CL-00109
E-32629,CL-00110
E-32630,CL-00110
PSV-32639,CL-00109
E-32641,CL-00109
E-32642,CL-00109
FT-32643,CL-00109
K-32644,CL-00110
V-32645,CL-00110
P-32652,CL-00110
PSV-32653,CL-00109
K-32666,CL-00109
XV-32670,CL-00109
K-32676,CL-00110
P-32678,CL-00110
P-32680,CL-00109
V-32683,CL-00109
K-32684,CL-00109
P-32692,CL-00109
FT-32696,CL-00109
FT-32698,CL-00110
COL-32706,CL-00109
FCV-32710,CL-00110
P-32711,CL-00109
XV-32712,CL-00109
P-32713,CL-00110
FCV-32717,CL-00110
FCV-32718,CL-00109
TT-32721,CL-00110
LT-32726,CL-00109
V-32727,CL-00110
P-32729,CL-00110
P-32730,CL-00110
FT-32732,CL-00109
PSV-32734,CL-00109
TT-32735,CL-00109
FCV-32741,CL-00109
V-32743,CL-00110
XV-32744,CL-00109
TT-32746,CL-00109
K-32749,CL-00110
E-32754,CL-00109
P-32755,CL-00109
LT-32762,CL-00109
PT-32763,CL-00110
PT-32768,CL-00110
FT-32772,CL-00109
TT-32778,CL-00109
V-32779,CL-00109
TT-32780,CL-00109
XV-32781,CL-00110
PT-32782,CL-00110
K-32783,CL-00109
TT-32785,CL-00109
V-32786,CL-00109
PT-32787,CL-00109
XV-32793,CL-00109
TT-32794,CL-00109
P-32796,CL-00110
K-32797,CL-00110
TT-32800,CL-00109
FT-32804,CL-00109
FCV-32807,CL-00109
V-32808,CL-00110
TT-32810,CL-00110
PT-32816,CL-00110
TT-32819,CL-00109
XV-32829,CL-00110
V-32832,CL-00109
E-32834,CL-00110
TT-32837,CL-00110
P-32838,CL-00109
FCV-32839,CL-00110
COL-32846,CL-00110
XV-32852,CL-00109
XV-32856,CL-00109
P-32857,CL-00109
LT-32861,CL-00110
COL-32867,CL-00110
P-32869,CL-00109
COL-32871,CL-00110
PSV-32872,CL-00110
P-32873,CL-00110
P-32878,CL-00109
P-32879,CL-00110
PT-32881,CL-00110
FCV-32884,CL-00109
E-32889,CL-00109
PT-32893,CL-00109
P-32894,CL-00110
XV-32898,CL-00110
FCV-32899,CL-00110
TT-32902,CL-00109
K-32908,CL-00109
K-32913,CL-00110
PT-32914,CL-00109
PSV-32916,CL-00109
TT-32917,CL-00110
PSV-32919,CL-00109
K-32924,CL-00109
LT-32931,CL-00110
PT-32936,CL-00109
XV-32937,CL-00110
V-32938,CL-00110
P-32940,CL-00110
XV-32942,CL-00110
PT-32946,CL-00109
TT-32948,CL-00110
FT-32949,CL-00109
PSV-32953,CL-00110
PSV-32956,CL-00110
P-32960,CL-00110
PSV-32962,CL-00109
COL-32963,CL-00109
PSV-32964,CL-00109
LT-32972,CL-00109
PSV-32973,CL-00110
PSV-32978,CL-00110
P-32981,CL-00110
P-32984,CL-00110
LT-32991,CL-00109
TT-32993,CL-00109
FT-32994,CL-00110
K-32996,CL-00110
PSV-32998,CL-00110
XV-32999,CL-00110
PSV-33002,CL-00110
XV-33006,CL-00109
TT-33010,CL-00109
FCV-33013,CL-00110
XV-33018,CL-00110
P-33019,CL-00109
PT-33022,CL-00109
LT-33024,CL-00109
PT-33025,CL-00110
K-33026,CL-00109
E-33034,CL-00110
PSV-33035,CL-00110
E-33036,CL-00110
P-33041,CL-00110
P-33043,CL-00109
E-33044,CL-00109
P-33045,CL-00109
V-33048,CL-00110
P-33053,CL-00109
FT-33055,CL-00109
XV-33056,CL-00109
FT-33059,CL-00110
XV-33061,CL-00110
K-33063,CL-00109
LT-33066,CL-00110
PSV-33067,CL-00110
TT-33069,CL-00110
P-33072,CL-00109
P-33073,CL-00109
COL-33074,CL-00110
XV-33075,CL-00110
FT-33076,CL-00110
PSV-33083,CL-00109
PT-33084,CL-00110
FT-33087,CL-00109
LT-33088,CL-00109
V-33090,CL-00109
P-33091,CL-00109
LT-33092,CL-00110
COL-33097,CL-00110
TT-33099,CL-00110
K-33102,CL-00109
XV-33107,CL-00110
P-33108,CL-00110
PSV-33109,CL-00109
LT-33110,CL-00110
V-33111,CL-00110
XV-33115,CL-00110
E-33118,CL-00109
FCV-33119,CL-00110
XV-33120,CL-00110
FT-33121,CL-00110
P-33123,CL-00109
PSV-33125,CL-00110
FT-33127,CL-00110
TT-33128,CL-00110
XV-33131,CL-00109
E-33134,CL-00109
E-33136,CL-00109
LT-33151,CL-00110
FT-33154,CL-00109
FCV-33155,CL-00109
TT-33156,CL-00110
TT-33157,CL-00109
V-33159,CL-00111
LT-33161,CL-00111
P-33165,CL-00111
E-33168,CL-00111
PSV-33170,CL-00111
PT-33172,CL-00111
TT-33176,CL-00111
LT-33177,CL-00111
FT-33179,CL-00111
LT-33182,CL-00111
COL-33185,CL-00111
COL-33187,CL-00111
PT-33189,CL-00111
E-33194,CL-00111
FT-33195,CL-00111
FT-33199,CL-00111
FT-33200,CL-00111
P-33203,CL-00111
E-33204,CL-00111
P-33208,CL-00111
P-33212,CL-00111
FCV-33214,CL-00111
P-33219,CL-00111
K-33220,CL-00111
V-33222,CL-00111
FCV-33223,CL-00111
LT-33230,CL-00111
P-33232,CL-00111
P-33241,CL-00111
V-33245,CL-00111
TT-33249,CL-00111
P-33251,CL-00111
K-33252,CL-00111
E-33255,CL-00111
COL-33256,CL-00111
P-33259,CL-00111
PSV-33262,CL-00111
V-33265,CL-00111
PT-33270,CL-00111
TT-33271,CL-00111
PT-33273,CL-00111
P-33274,CL-00111
K-33275,CL-00111
V-33278,CL-00111
PSV-33279,CL-00111
XV-33283,CL-00111
PSV-33288,CL-00111
LT-33289,CL-00111
V-33290,CL-00111
TT-33292,CL-00111
PT-33293,CL-00111
XV-33296,CL-00111
XV-33298,CL-00111
P-33300,CL-00111
XV-33302,CL-00111
PSV-33305,CL-00111
TT-33309,CL-00111
FCV-33310,CL-00111
K-33315,CL-00111
P-33316,CL-00111
FCV-33317,CL-00111
V-33322,CL-00111
FCV-33323,CL-00111
V-33326,CL-00111
PSV-33333,CL-00111
LT-33334,CL-00111
FCV-33336,CL-00111
PT-33339,CL-00111
V-33342,CL-00111
E-33349,CL-00111
E-33350,CL-00111
K-33353,CL-00111
XV-33356,CL-00111
K-33360,CL-00111
E-33361,CL-00111
FCV-33367,CL-00111
TT-33368,CL-00111
P-33369,CL-00111
XV-33374,CL-00111
K-33375,CL-00111
LT-33378,CL-00111
XV-33379,CL-00111
P-33382,CL-00111
XV-33383,CL-00111
PT-33387,CL-00111
PT-33390,CL-00111
P-33395,CL-00111
XV-33400,CL-00111
PSV-33402,CL-00111
E-33403,CL-00111
K-33407,CL-00111
E-33408,CL-00111
V-33411,CL-00111
PSV-33412,CL-00111
K-33413,CL-00111
PT-33414,CL-00111
PT-33421,CL-00111
E-33427,CL-00111
V-33430,CL-00111
P-33432,CL-00111
FT-33433,CL-00111
P-33437,CL-00111
V-33438,CL-00111
PSV-33440,CL-00111
E-33449,CL-00111
XV-33450,CL-00111
TT-33451,CL-00111
P-33452,CL-00111
PSV-33454,CL-00111
E-33457,CL-00111
FCV-33459,CL-00111
V-33461,CL-00111
P-33464,CL-00111
V-33465,CL-00111
FT-33474,CL-00111
LT-33476,CL-00111
TT-33477,CL-00111
P-33480,CL-00111
P-33489,CL-00111
XV-33495,CL-00111
PT-33503,CL-00111
P-33507,CL-00111
E-33509,CL-00112
P-33510,CL-00112
K-33514,CL-00112
TT-33522,CL-00112
V-33523,CL-00112
COL-33524,CL-00112
XV-33525,CL-00112
FT-33534,CL-00112
TT-33538,CL-00112
K-33542,CL-00112
P-33543,CL-00112
FT-33553,CL-00112
LT-33554,CL-00112
V-33555,CL-00112
LT-33557,CL-00112
PT-33558,CL-00112
COL-33562,CL-00112
P-33563,CL-00112
E-33564,CL-00112
V-33567,CL-00112
TT-33570,CL-00112
P-33572,CL-00112
XV-33580,CL-00112
P-33584,CL-00112
COL-33585,CL-00112
P-33587,CL-00112
PT-33588,CL-00112
XV-33589,CL-00112
PT-33590,CL-00112
PT-33593,CL-00112
V-33594,CL-00112
E-33599,CL-00112
XV-33601,CL-00112
LT-33603,CL-00112
XV-33610,CL-00112
PSV-33611,CL-00112
COL-33614,CL-00112
TT-33616,CL-00112
TT-33618,CL-00112
K-33619,CL-00112
COL-33621,CL-00112
PSV-33625,CL-00112
LT-33628,CL-00112
V-33630,CL-00112
E-33631,CL-00112
P-33638,CL-00112
E-33640,CL-00112
XV-33649,CL-00112
K-33650,CL-00112
PSV-33651,CL-00112
P-33654,CL-00112
E-33660,CL-00112
FCV-33667,CL-00112
XV-33668,CL-00112
FCV-33674,CL-00112
P-33675,CL-00112
PSV-33676,CL-00112
P-33678,CL-00112
COL-33683,CL-00112
P-33684,CL-00112
XV-33688,CL-00112
TT-33689,CL-00112
FT-33690,CL-00112
FCV-33691,CL-00112
XV-33693,CL-00112
P-33695,CL-00112
P-33699,CL-00112
COL-33702,CL-00112
K-33703,CL-00112
P-33706,CL-00112
PSV-33708,CL-00112
XV-33711,CL-00112
PT-33713,CL-00112
PT-33715,CL-00112
COL-33717,CL-00112
PSV-33719,CL-00112
FT-33720,CL-00114
E-33722,CL-00113
FT-33723,CL-00114
TT-33725,CL-00114
COL-33729,CL-00114
P-33730,CL-00113
P-33736,CL-00113
FT-33738,CL-00113
LT-33739,CL-00114
FCV-33743,CL-00113
K-33746,CL-00114
FT-33748,CL-00113
FT-33749,CL-00113
V-33753,CL-00113
PSV-33755,CL-00113
P-33757,CL-00114
XV-33762,CL-00113
XV-33767,CL-00113
PSV-33769,CL-00114
LT-33770,CL-00113
FT-33771,CL-00113
TT-33772,CL-00114
COL-33773,CL-00113
E-33774,CL-00113
XV-33778,CL-00114
XV-33779,CL-00114
LT-33780,CL-00114
TT-33781,CL-00114
PT-33782,CL-00113
P-33785,CL-00113
P-33787,CL-00114
FCV-33790,CL-00114
LT-33791,CL-00114
PT-33792,CL-00114
FT-33797,CL-00113
PT-33798,CL-00114
P-33801,CL-00113
FCV-33804,CL-00114
TT-33805,CL-00114
V-33807,CL-00114
P-33811,CL-00113
XV-33813,CL-00113
V-33819,CL-00114
FT-33820,CL-00113
TT-33824,CL-00113
E-33829,CL-00114
XV-33831,CL-00114
TT-33834,CL-00113
XV-33835,CL-00114
P-33837,CL-00114
P-33838,CL-00114
FCV-33840,CL-00113
E-33848,CL-00114
P-33855,CL-00114
FT-33857,CL-00113
TT-33862,CL-00113
P-33864,CL-00114
FT-33865,CL-00114
TT-33868,CL-00114
E-33870,CL-00114
TT-33872,CL-00114
COL-33874,CL-00113
XV-33875,CL-00113
E-33880,CL-00113
E-33882,CL-00114
PT-33884,CL-00114
XV-33885,CL-00114
COL-33886,CL-00113
FCV-33887,CL-00113
LT-33888,CL-00113
TT-33889,CL-00114
PT-33890,CL-00114
E-33892,CL-00114
P-33894,CL-00113
COL-33896,CL-00114
FCV-33897,CL-00114
E-33903,CL-00113
E-33904,CL-00113
LT-33910,CL-00113
COL-33911,CL-00114
E-33912,CL-00113
PT-33913,CL-00114
P-33915,CL-00113
TT-33917,CL-00113
TT-33918,CL-00113
V-33920,CL-00114
PT-33922,CL-00113
FCV-33924,CL-00114
FT-33926,CL-00113
P-33929,CL-00113
FT-33936,CL-00113
COL-33938,CL-00114
LT-33941,CL-00114
V-33942,CL-00113
V-33943,CL-00113
PSV-33945,CL-00113
FCV-33946,CL-00114
TT-33947,CL-00114
TT-33948,CL-00113
PSV-33952,CL-00113
PSV-33956,CL-00114
XV-33957,CL-00113
XV-33962,CL-00114
V-33963,CL-00114
TT-33971,CL-00114
E-33973,CL-00113
K-33976,CL-00114
PT-33979,CL-00113
FT-33982,CL-00113
FCV-33987,CL-00114
TT-33989,CL-00113
FT-33998,CL-00114
FT-34001,CL-00113
PT-34006,CL-00114
P-34011,CL-00113
COL-34012,CL-00113
FT-34013,CL-00114
PT-34014,CL-00113
K-34017,CL-00113
COL-34026,CL-00114
FT-34027,CL-00113
E-34029,CL-00113
PT-34030,CL-00113
TT-34031,CL-00114
FT-34032,CL-00114
FCV-34033,CL-00113
K-34034,CL-00113
LT-34036,CL-00114
TT-34038,CL-00113
FT-34044,CL-00113
K-34045,CL-00114
XV-34051,CL-00113
TT-34052,CL-00114
E-34054,CL-00113
PSV-34059,CL-00113
P-34061,CL-00113
LT-34062,CL-00114
XV-34065,CL-00113
PSV-34069,CL-00113
P-34070,CL-00113
FCV-34074,CL-00113
PSV-34078,CL-00113
E-34079,CL-00113
XV-34081,CL-00114
FCV-34084,CL-00113
V-34087,CL-00113
K-34089,CL-00113
FCV-34092,CL-00113
P-34095,CL-00113
E-34097,CL-00113
XV-34099,CL-00114
LT-34104,CL-00113
PT-34106,CL-00114
PT-34108,CL-00114
V-34114,CL-00114
K-34115,CL-00114
V-34116,CL-00114
PSV-34119,CL-00114
FCV-34120,CL-00114
FCV-34123,CL-00114
LT-34126,CL-00114
FT-34128,CL-00113
P-34134,CL-00113
LT-34136,CL-00113
E-34137,CL-00114
XV-34141,CL-00113
FCV-34143,CL-00113
PT-34144,CL-00113
TT-34145,CL-00113
PSV-34146,CL-00114
LT-34151,CL-00114
FT-34152,CL-00113
TT-34154,CL-00114
PT-34155,CL-00114
P-34157,CL-00114
V-34159,CL-00114
FT-34160,CL-00114
P-34166,CL-00113
LT-34167,CL-00114
LT-34168,CL-00113
COL-34172,CL-00114
V-34173,CL-00114
P-34176,CL-00113
XV-34179,CL-00113
TT-34185,CL-00114
TT-34186,CL-00113
P-34188,CL-00114
FT-34189,CL-00113
K-34190,CL-00113
V-34193,CL-00113
P-34194,CL-00114
PT-34196,CL-00113
FCV-34199,CL-00113
V-34207,CL-00114
P-34208,CL-00113
E-34209,CL-00115
P-34210,CL-00115
E-34212,CL-00115
COL-34213,CL-00115
LT-34215,CL-00115
PSV-34218,CL-00115
P-34220,CL-00115
K-34221,CL-00115
COL-34222,CL-00115
XV-34225,CL-00115
PT-34226,CL-00115
LT-34228,CL-00115
FCV-34232,CL-00115
COL-34234,CL-00115
PT-34239,CL-00115
P-34240,CL-00115
PSV-34241,CL-00115
E-34244,CL-00115
P-34245,CL-00115
XV-34253,CL-00115
XV-34256,CL-00115
PT-34258,CL-00115
PT-34261,CL-00115
PSV-34263,CL-00115
FT-34265,CL-00115
FT-34267,CL-00115
K-34270,CL-00115
K-34273,CL-00115
FCV-34274,CL-00115
E-34276,CL-00115
K-34284,CL-00115
V-34289,CL-00115
FT-34293,CL-00115
COL-34298,CL-00115
TT-34301,CL-00115
FT-34306,CL-00115
P-34307,CL-00115
COL-34309,CL-00115
TT-34311,CL-00115
FT-34314,CL-00115
TT-34315,CL-00115
COL-34317,CL-00115
P-34318,CL-00115
PT-34321,CL-00115
LT-34322,CL-00115
COL-34326,CL-00115
FCV-34328,CL-00115
FCV-34330,CL-00115
LT-34332,CL-00115
P-34336,CL-00115
E-34337,CL-00115
P-34342,CL-00115
PSV-34346,CL-00115
PSV-34347,CL-00115
FCV-34349,CL-00115
FT-34350,CL-00115
XV-34351,CL-00115
K-34353,CL-00115
P-34358,CL-00115
K-34360,CL-00115
TT-34365,CL-00115
XV-34367,CL-00115
PSV-34370,CL-00115
PSV-34374,CL-00115
FT-34377,CL-00115
XV-34378,CL-00115
COL-34379,CL-00115
XV-34380,CL-00115
P-34381,CL-00115
V-34382,CL-00115
XV-34385,CL-00115
V-34386,CL-00115
K-34387,CL-00115
E-34388,CL-00115
P-34389,CL-00115
PSV-34394,CL-00115
LT-34396,CL-00115
PT-34399,CL-00115
P-34401,CL-00115
V-34402,CL-00115
COL-34406,CL-00115
FT-34408,CL-00115
E-34413,CL-00115
XV-34415,CL-00115
PSV-34416,CL-00115
LT-34417,CL-00115
V-34424,CL-00115
PT-34426,CL-00115
P-34435,CL-00115
P-34438,CL-00115
TT-34439,CL-00115
FCV-34441,CL-00115
FCV-34444,CL-00115
V-34445,CL-00115
TT-34446,CL-00115
FT-34452,CL-00115
XV-34453,CL-00115
E-34456,CL-00115
PT-34459,CL-00115
FCV-34468,CL-00115
FCV-34470,CL-00115
LT-34471,CL-00115
TT-34474,CL-00115
LT-34484,CL-00115
PSV-34485,CL-00115
FCV-34490,CL-00115
XV-34491,CL-00115
COL-34492,CL-00115
FCV-34493,CL-00115
TT-34494,CL-00115
E-34498,CL-00115
LT-34504,CL-00115
PT-34506,CL-00115
COL-34511,CL-00115
LT-34515,CL-00115
K-34519,CL-00115
LT-34520,CL-00115
COL-34521,CL-00115
COL-34528,CL-00115
E-34532,CL-00115
TT-34533,CL-00115
FCV-34534,CL-00115
V-34538,CL-00115
V-34541,CL-00115
TT-34542,CL-00115
COL-34543,CL-00115
FCV-34552,CL-00115
V-34554,CL-00115
PSV-34555,CL-00115
TT-34565,CL-00115
COL-34571,CL-00115
LT-34572,CL-00115
FCV-34573,CL-00115
LT-34580,CL-00115
FCV-34595,CL-00116
FT-34601,CL-00116
PT-34610,CL-00116
FT-34611,CL-00116
V-34617,CL-00116
K-34618,CL-00116
P-34620,CL-00116
P-34623,CL-00116
TT-34627,CL-00116
P-34628,CL-00116
P-34630,CL-00116
E-34632,CL-00116
PT-34635,CL-00116
XV-34639,CL-00116
LT-34640,CL-00116
FCV-34641,CL-00116
K-34642,CL-00116
PT-34643,CL-00116
COL-34644,CL-00116
V-34645,CL-00116
K-34647,CL-00116
PT-34651,CL-00116
P-34652,CL-00116
P-34653,CL-00116
V-34656,CL-00116
P-34657,CL-00116
TT-34661,CL-00116
LT-34664,CL-00116
FT-34666,CL-00116
P-34667,CL-00116
COL-34669,CL-00116
E-34674,CL-00116
COL-34676,CL-00116
P-34683,CL-00116
P-34686,CL-00116
PSV-34687,CL-00116
PSV-34689,CL-00116
PT-34693,CL-00116
LT-34694,CL-00116
P-34700,CL-00116
P-34708,CL-00116
E-34711,CL-00116
TT-34716,CL-00116
PT-34729,CL-00116
TT-34730,CL-00116
P-34734,CL-00116
FT-34740,CL-00116
P-34742,CL-00116
FT-34745,CL-00116
K-34747,CL-00116
FT-34748,CL-00116
P-34749,CL-00116
TT-34750,CL-00116
E-34751,CL-00116
P-34752,CL-00116
COL-34754,CL-00116
TT-34755,CL-00116
LT-34756,CL-00116
V-34759,CL-00116
PT-34763,CL-00116
PSV-34765,CL-00116
P-34768,CL-00116
PSV-34771,CL-00116
XV-34773,CL-00116
P-34775,CL-00116
PSV-34778,CL-00116
E-34780,CL-00116
XV-34781,CL-00116
LT-34785,CL-00116
LT-34793,CL-00116
K-34795,CL-00116
P-34799,CL-00116
K-34801,CL-00116
FT-34803,CL-00116
TT-34804,CL-00116
PSV-34815,CL-00116
E-34816,CL-00116
XV-34817,CL-00116
COL-34818,CL-00116
COL-34820,CL-00116
E-34824,CL-00116
K-34825,CL-00116
PT-34827,CL-00116
P-34830,CL-00116
E-34839,CL-00116
LT-34843,CL-00116
K-34846,CL-00116
XV-34847,CL-00116
P-34848,CL-00116
FT-34849,CL-00116
COL-34853,CL-00116
FT-34855,CL-00116
P-34858,CL-00116
V-34859,CL-00116
P-34863,CL-00116
V-34864,CL-00116
E-34867,CL-00116
E-34874,CL-00116
FCV-34888,CL-00116
FCV-34894,CL-00116
FCV-34898,CL-00116
FCV-34899,CL-00116
P-34903,CL-00116
V-34906,CL-00116
XV-34910,CL-00116
K-34912,CL-00116
K-34922,CL-00116
P-34925,CL-00116
LT-34926,CL-00116
E-34932,CL-00116
P-34939,CL-00116
FCV-34944,CL-00116
P-34951,CL-00116
PSV-34952,CL-00116
PSV-34954,CL-00116
V-34955,CL-00116
E-34961,CL-00116
FCV-34963,CL-00116
COL-34966,CL-00116
FT-34967,CL-00116
PT-34969,CL-00116
COL-34973,CL-00116
PSV-34976,CL-00116
P-34977,CL-00116
PSV-34979,CL-00116
PT-34981,CL-00116
COL-34984,CL-00116
P-34985,CL-00116
PT-34989,CL-00116
FCV-34996,CL-00116
PSV-34997,CL-00116
P-34999,CL-00116
K-35002,CL-00116
COL-35006,CL-00116
TT-35016,CL-00116
XV-35019,CL-00116
E-35023,CL-00116
XV-35024,CL-00116
PSV-35027,CL-00116
XV-35030,CL-00116
PSV-35031,CL-00116
COL-35036,CL-00116
COL-35037,CL-00116
XV-35039,CL-00117
P-35047,CL-00118
XV-35051,CL-00117
PSV-35052,CL-00118
LT-35057,CL-00118
P-35063,CL-00117
PT-35065,CL-00117
E-35066,CL-00118
K-35069,CL-00118
E-35073,CL-00118
PT-35074,CL-00118
V-35075,CL-00117
P-35077,CL-00117
FCV-35079,CL-00117
LT-35080,CL-00117
PSV-35081,CL-00117
K-35082,CL-00117
P-35083,CL-00117
K-35085,CL-00118
P-35091,CL-00118
PSV-35096,CL-00118
LT-35099,CL-00118
K-35107,CL-00118
TT-35110,CL-00118
PSV-35112,CL-00117
E-35114,CL-00117
E-35115,CL-00118
E-35116,CL-00117
TT-35119,CL-00118
PT-35123,CL-00118
K-35131,CL-00117
COL-35133,CL-00118
TT-35138,CL-00117
K-35139,CL-00118
XV-35141,CL-00117
PT-35142,CL-00118
COL-35145,CL-00117
XV-35147,CL-00118
COL-35151,CL-00118
COL-35154,CL-00117
P-35157,CL-00117
K-35158,CL-00118
PT-35164,CL-00117
P-35167,CL-00117
FT-35168,CL-00118
P-35170,CL-00117
P-35171,CL-00117
XV-35174,CL-00118
XV-35176,CL-00118
E-35177,CL-00117
K-35178,CL-00118
XV-35183,CL-00118
XV-35185,CL-00117
P-35186,CL-00117
P-35190,CL-00117
FCV-35191,CL-00118
XV-35194,CL-00118
V-35196,CL-00117
V-35198,CL-00117
V-35200,CL-00118
PT-35201,CL-00117
FCV-35205,CL-00117
XV-35206,CL-00117
PSV-35207,CL-00117
LT-35208,CL-00117
TT-35209,CL-00118
E-35212,CL-00117
PSV-35222,CL-00118
XV-35223,CL-00118
P-35226,CL-00117
FT-35231,CL-00118
LT-35233,CL-00118
FCV-35234,CL-00118
P-35236,CL-00117
PT-35237,CL-00117
PT-35243,CL-00117
FT-35244,CL-00118
FCV-35248,CL-00118
E-35252,CL-00117
FT-35253,CL-00117
PSV-35260,CL-00117
PSV-35261,CL-00117
XV-35263,CL-00118
TT-35265,CL-00118
FCV-35270,CL-00120
PSV-35271,CL-00119
K-35273,CL-00120
TT-35277,CL-00119
P-35278,CL-00120
COL-35279,CL-00119
V-35280,CL-00119
COL-35284,CL-00119
FCV-35285,CL-00120
K-35287,CL-00119
COL-35292,CL-00119
COL-35297,CL-00120
P-35300,CL-00120
V-35301,CL-00120
V-35304,CL-00119
PSV-35307,CL-00120
P-35310,CL-00120
XV-35315,CL-00120
PT-35317,CL-00120
XV-35319,CL-00120
V-35322,CL-00119
COL-35324,CL-00119
PT-35325,CL-00120
PSV-35327,CL-00120
XV-35330,CL-00119
P-35340,CL-00119
FCV-35345,CL-00119
FT-35347,CL-00120
PSV-35349,CL-00119
P-35350,CL-00120
P-35352,CL-00120
P-35355,CL-00119
PSV-35362,CL-00120
FT-35363,CL-00120
P-35367,CL-00120
P-35372,CL-00120
P-35373,CL-00119
P-35376,CL-00120
PSV-35377,CL-00120
LT-35378,CL-00119
PT-35386,CL-00119
LT-35389,CL-00120
P-35393,CL-00120
K-35401,CL-00120
FT-35403,CL-00120
LT-35405,CL-00120
XV-35407,CL-00120
P-35408,CL-00119
PSV-35409,CL-00120
E-35413,CL-00120
XV-35418,CL-00120
XV-35420,CL-00120
PSV-35421,CL-00119
TT-35422,CL-00119
K-35423,CL-00120
P-35427,CL-00119
FCV-35428,CL-00119
K-35429,CL-00119
PSV-35436,CL-00119
TT-35437,CL-00119
E-35439,CL-00120
FCV-35440,CL-00120
TT-35441,CL-00120
LT-35445,CL-00120
FT-35450,CL-00119
LT-35454,CL-00120
XV-35455,CL-00120
K-35457,CL-00120
PSV-35459,CL-00119
FT-35462,CL-00120
E-35463,CL-00119
FCV-35468,CL-00120
P-35470,CL-00119
K-35471,CL-00120
V-35472,CL-00120
E-35480,CL-00120
P-35484,CL-00119
LT-35490,CL-00119
P-35496,CL-00119
PT-35497,CL-00119
P-35499,CL-00120
PSV-35501,CL-00120
PT-35502,CL-00120
P-35504,CL-00119
V-35506,CL-00119
XV-35508,CL-00120
FCV-35509,CL-00120
P-35510,CL-00119
LT-35515,CL-00119
P-35517,CL-00119
K-35519,CL-00119
P-35520,CL-00119
K-35526,CL-00119
PT-35531,CL-00119
FCV-35533,CL-00120
TT-35536,CL-00120
COL-35537,CL-00120
PSV-35539,CL-00119
LT-35542,CL-00120
LT-35545,CL-00120
E-35549,CL-00120
PSV-35550,CL-00119
PSV-35552,CL-00119
P-35554,CL-00119
V-35558,CL-00119
FT-35559,CL-00119
P-35569,CL-00119
PSV-35573,CL-00120
P-35576,CL-00120
E-35590,CL-00119
E-35591,CL-00120
XV-35592,CL-00120
PT-35594,CL-00119
V-35597,CL-00119
TT-35607,CL-00119
V-35608,CL-00120
PT-35609,CL-00120
COL-35610,CL-00120
FT-35613,CL-00120
V-35614,CL-00120
FCV-35618,CL-00119
PT-35619,CL-00119
K-35621,CL-00119
PT-35624,CL-00119
E-35626,CL-00120
FT-35631,CL-00119
XV-35633,CL-00119
FT-35636,CL-00120
XV-35637,CL-00119
XV-35639,CL-00119
LT-35640,CL-00119
TT-35644,CL-00119
FT-35646,CL-00119
PT-35647,CL-00120
K-35650,CL-00120
V-35652,CL-00119
E-35657,CL-00120
FCV-35664,CL-00119
P-35666,CL-00119
K-35667,CL-00119
XV-35671,CL-00120
FT-35672,CL-00120
XV-35673,CL-00120
COL-35674,CL-00120
XV-35675,CL-00119
V-35676,CL-00119
PT-35678,CL-00119
P-35683,CL-00120
P-35687,CL-00119
LT-35689,CL-00119
FT-35690,CL-00120
XV-35692,CL-00120
P-35693,CL-00120
FT-35694,CL-00120
V-35695,CL-00120
FCV-35697,CL-00119
COL-35699,CL-00120
V-35706,CL-00119
PT-35714,CL-00120
P-35716,CL-00120
TT-35718,CL-00119
PT-35724,CL-00119
PSV-35725,CL-00120
LT-35726,CL-00120
V-35728,CL-00120
PT-35732,CL-00119
E-35734,CL-00119
TT-35736,CL-00119
V-35740,CL-00119
K-35742,CL-00120
PT-35743,CL-00119
P-35747,CL-00120
P-35749,CL-00120
FCV-35750,CL-00119
E-35753,CL-00119
P-35754,CL-00120
E-35760,CL-00119
V-35766,CL-00120
COL-35774,CL-00119
PSV-35775,CL-00119
COL-35780,CL-00120
K-35786,CL-00120
LT-35791,CL-00120
PT-35799,CL-00120
TT-35800,CL-00120
FT-35804,CL-00119
V-35805,CL-00119
PSV-35811,CL-00120
K-35812,CL-00120
PT-35813,CL-00120
E-35814,CL-00119
PSV-35815,CL-00120
K-35816,CL-00119
LT-35820,CL-00120
PT-35823,CL-00119
V-35824,CL-00119
FT-35829,CL-00119
E-35830,CL-00120
FCV-35832,CL-00119
TT-35834,CL-00120
PSV-35841,CL-00119
FT-35842,CL-00119
TT-35847,CL-00122
FT-35848,CL-00122
K-35850,CL-00122
PT-35853,CL-00122
P-35858,CL-00121
K-35865,CL-00122
P-35874,CL-00121
PSV-35878,CL-00122
TT-35885,CL-00121
FCV-35886,CL-00121
LT-35888,CL-00122
V-35889,CL-00121
V-35891,CL-00121
V-35898,CL-00121
COL-35900,CL-00121
PSV-35902,CL-00122
V-35906,CL-00122
E-35910,CL-00121
COL-35914,CL-00122
FCV-35915,CL-00122
XV-35916,CL-00121
P-35917,CL-00122
FT-35920,CL-00122
V-35921,CL-00122
COL-35922,CL-00121
COL-35924,CL-00122
PT-35927,CL-00122
FT-35936,CL-00122
PSV-35937,CL-00121
FT-35942,CL-00122
K-35943,CL-00122
PSV-35944,CL-00122
E-35947,CL-00122
P-35948,CL-00122
P-35949,CL-00121
V-35952,CL-00122
E-35954,CL-00122
COL-35955,CL-00122
E-35957,CL-00121
V-35959,CL-00122
V-35964,CL-00121
E-35966,CL-00121
E-35970,CL-00122
COL-35971,CL-00121
P-35974,CL-00122
PT-35975,CL-00122
E-35977,CL-00122
V-35978,CL-00121
P-35980,CL-00121
LT-35981,CL-00122
PT-35984,CL-00122
PT-35986,CL-00121
XV-35988,CL-00122
K-35990,CL-00122
COL-35993,CL-00122
P-35994,CL-00122
P-35997,CL-00121
PT-35998,CL-00121
E-36000,CL-00122
XV-36002,CL-00121
FCV-36005,CL-00121
E-36010,CL-00122
PT-36020,CL-00122
K-36021,CL-00121
FT-36024,CL-00121
TT-36028,CL-00122
COL-36031,CL-00122
P-36033,CL-00121
PT-36034,CL-00121
XV-36035,CL-00122
K-36036,CL-00121
K-36037,CL-00121
K-36039,CL-00122
TT-36040,CL-00122
XV-36045,CL-00122
COL-36046,CL-00122
PSV-36047,CL-00122
XV-36048,CL-00121
LT-36054,CL-00121
K-36056,CL-00122
TT-36058,CL-00121
PT-36061,CL-00122
COL-36064,CL-00122
PSV-36065,CL-00121
V-36067,CL-00122
XV-36068,CL-00121
PSV-36072,CL-00122
FCV-36074,CL-00122
E-36076,CL-00122
TT-36077,CL-00121
TT-36078,CL-00122
E-36080,CL-00121
P-36082,CL-00121
FT-36084,CL-00121
FT-36086,CL-00122
FCV-36088,CL-00122
LT-36090,CL-00122
P-36091,CL-00122
PSV-36092,CL-00122
V-36094,CL-00121
PT-36095,CL-00122
LT-36097,CL-00121
LT-36100,CL-00121
PT-36106,CL-00121
FT-36109,CL-00122
V-36111,CL-00122
E-36115,CL-00121
LT-36120,CL-00121
P-36121,CL-00121
XV-36123,CL-00122
PT-36126,CL-00122
P-36127,CL-00122
E-36131,CL-00121
TT-36132,CL-00121
P-36133,CL-00122
K-36134,CL-00121
PSV-36140,CL-00122
P-36143,CL-00121
FCV-36147,CL-00122
TT-36148,CL-00121
K-36149,CL-00122
K-36151,CL-00122
FCV-36152,CL-00122
P-36153,CL-00122
COL-36154,CL-00122
TT-36160,CL-00122
PT-36164,CL-00121
P-36167,CL-00121
PSV-36169,CL-00121
LT-36171,CL-00121
PT-36173,CL-00121
LT-36176,CL-00121
XV-36177,CL-00121
FT-36180,CL-00122
K-36181,CL-00122
PSV-36184,CL-00122
PT-36186,CL-00122
PT-36188,CL-00122
K-36190,CL-00121
XV-36191,CL-00121
COL-36192,CL-00121
XV-36193,CL-00122
FCV-36196,CL-00122
E-36197,CL-00121
P-36198,CL-00122
PSV-36206,CL-00121
COL-36207,CL-00122
PT-36208,CL-00122
TT-36214,CL-00121
E-36219,CL-00121
FCV-36220,CL-00122
E-36222,CL-00121
LT-36226,CL-00121
P-36231,CL-00121
PSV-36235,CL-00122
LT-36236,CL-00121
PSV-36239,CL-00121
P-36240,CL-00122
PSV-36242,CL-00121
PT-36243,CL-00121
E-36247,CL-00121
FCV-36251,CL-00121
TT-36255,CL-00121
TT-36258,CL-00121
P-36259,CL-00121
FT-36260,CL-00122
K-36262,CL-00122
COL-36263,CL-00122
FT-36264,CL-00122
XV-36266,CL-00121
COL-36270,CL-00121
E-36275,CL-00121
FCV-36277,CL-00121
COL-36284,CL-00122
PT-36286,CL-00121
FT-36288,CL-00121
V-36291,CL-00122
LT-36293,CL-00121
V-36294,CL-00122
FCV-36295,CL-00121
COL-36296,CL-00122
XV-36298,CL-00121
P-36299,CL-00122
FCV-36301,CL-00121
P-36302,CL-00122
XV-36303,CL-00121
FCV-36305,CL-00121
FCV-36308,CL-00122
V-36316,CL-00122
TT-36317,CL-00122
COL-36321,CL-00122
K-36327,CL-00121
K-36328,CL-00121
P-36334,CL-00122
FT-36337,CL-00121
FT-36339,CL-00121
LT-36341,CL-00121
FCV-36344,CL-00121
E-36345,CL-00121
COL-36346,CL-00121
K-36352,CL-00121
V-36359,CL-00122
LT-36362,CL-00121
V-36365,CL-00122
COL-36367,CL-00121
FCV-36371,CL-00122
K-36374,CL-00121
P-36377,CL-00121
LT-36378,CL-00122
V-36382,CL-00122
PSV-36386,CL-00122
FCV-36393,CL-00121
P-36405,CL-00121
XV-36406,CL-00122
LT-36407,CL-00122
P-36408,CL-00122
E-36412,CL-00122
PT-36415,CL-00122
TT-36416,CL-00122
FCV-36420,CL-00121
V-36422,CL-00123
TT-36427,CL-00123
P-36437,CL-00123
COL-36439,CL-00123
PT-36443,CL-00123
PSV-36451,CL-00123
PT-36453,CL-00123
FCV-36454,CL-00123
K-36457,CL-00123
V-36458,CL-00123
FCV-36464,CL-00123
PT-36465,CL-00123
FT-36470,CL-00123
TT-36472,CL-00123
FCV-36473,CL-00123
PSV-36475,CL-00123
FT-36476,CL-00123
P-36477,CL-00123
TT-36479,CL-00123
P-36485,CL-00123
XV-36487,CL-00123
TT-36488,CL-00123
FCV-36493,CL-00123
LT-36494,CL-00123
P-36497,CL-00123
COL-36500,CL-00123
TT-36501,CL-00123
XV-36507,CL-00123
K-36515,CL-00123
PT-36516,CL-00123
E-36517,CL-00123
PT-36519,CL-00123
V-36521,CL-00123
FT-36525,CL-00123
K-36527,CL-00123
E-36528,CL-00123
PSV-36535,CL-00123
K-36538,CL-00123
TT-36541,CL-00123
PT-36555,CL-00123
PT-36556,CL-00123
P-36557,CL-00123
PT-36559,CL-00123
K-36560,CL-00123
PT-36561,CL-00123
FCV-36565,CL-00123
K-36566,CL-00123
FCV-36569,CL-00123
E-36571,CL-00123
COL-36579,CL-00123
FCV-36582,CL-00123
PSV-36587,CL-00123
FT-36593,CL-00123
LT-36596,CL-00123
PSV-36597,CL-00123
LT-36608,CL-00123
XV-36609,CL-00123
XV-36612,CL-00123
LT-36613,CL-00123
PT-36614,CL-00123
K-36615,CL-00123
XV-36617,CL-00123
P-36618,CL-00123
XV-36620,CL-00123
TT-36623,CL-00123
PSV-36624,CL-00123
P-36625,CL-00123
E-36626,CL-00123
TT-36631,CL-00123
V-36634,CL-00123
COL-36635,CL-00123
COL-36636,CL-00123
LT-36638,CL-00123
XV-36645,CL-00123
V-36646,CL-00123
FCV-36648,CL-00123
FT-36649,CL-00123
COL-36650,CL-00123
LT-36651,CL-00123
LT-36652,CL-00123
FT-36653,CL-00123
E-36655,CL-00123
COL-36662,CL-00123
K-36665,CL-00123
P-36666,CL-00123
PSV-36668,CL-00123
FCV-36669,CL-00123
V-36671,CL-00123
FT-36673,CL-00123
V-36678,CL-00123
PT-36679,CL-00123
XV-36680,CL-00123
P-36681,CL-00123
LT-36686,CL-00123
PSV-36689,CL-00123
FT-36691,CL-00123
P-36693,CL-00123
P-36699,CL-00123
PT-36700,CL-00123
V-36702,CL-00123
FCV-36703,CL-00123
XV-36711,CL-00125
P-36713,CL-00124
FCV-36719,CL-00125
FT-36723,CL-00124
LT-36725,CL-00125
P-36729,CL-00125
LT-36737,CL-00124
V-36738,CL-00125
P-36739,CL-00124
FT-36740,CL-00125
PSV-36748,CL-00124
P-36753,CL-00125
PSV-36754,CL-00124
V-36757,CL-00125
LT-36758,CL-00125
TT-36763,CL-00125
PSV-36765,CL-00125
K-36766,CL-00124
TT-36767,CL-00124
P-36770,CL-00125
COL-36776,CL-00124
COL-36777,CL-00125
XV-36779,CL-00125
FT-36780,CL-00124
V-36781,CL-00124
TT-36783,CL-00124
V-36784,CL-00125
PSV-36785,CL-00124
V-36787,CL-00125
V-36790,CL-00125
P-36794,CL-00124
XV-36796,CL-00124
V-36802,CL-00125
P-36806,CL-00125
COL-36807,CL-00124
P-36809,CL-00124
LT-36815,CL-00125
XV-36816,CL-00124
PSV-36817,CL-00124
P-36818,CL-00125
P-36820,CL-00125
E-36821,CL-00124
P-36829,CL-00124
PSV-36832,CL-00125
E-36835,CL-00124
XV-36836,CL-00125
LT-36837,CL-00125
COL-36838,CL-00125
COL-36839,CL-00124
FCV-36841,CL-00124
P-36842,CL-00125
PSV-36844,CL-00125
K-36845,CL-00125
FCV-36849,CL-00124
V-36851,CL-00125
LT-36854,CL-00124
XV-36859,CL-00125
PSV-36860,CL-00125
P-36861,CL-00125
FCV-36865,CL-00125
P-36868,CL-00124
COL-36869,CL-00125
PT-36871,CL-00125
K-36874,CL-00124
FT-36875,CL-00124
TT-36881,CL-00124
P-36884,CL-00125
V-36885,CL-00125
V-36887,CL-00125
COL-36889,CL-00125
FT-36890,CL-00124
P-36891,CL-00124
LT-36898,CL-00125
LT-36908,CL-00125
LT-36910,CL-00125
COL-36913,CL-00125
COL-36919,CL-00124
COL-36922,CL-00124
E-36930,CL-00125
P-36931,CL-00124
TT-36932,CL-00124
FCV-36941,CL-00125
P-36946,CL-00124
COL-36947,CL-00124
PT-36951,CL-00124
TT-36956,CL-00124
V-36960,CL-00125
V-36962,CL-00124
TT-36965,CL-00124
TT-36969,CL-00124
P-36971,CL-00124
FCV-36984,CL-00124
FCV-36986,CL-00125
PT-36988,CL-00124
V-36992,CL-00127
K-36993,CL-00126
P-36995,CL-00126
PSV-37001,CL-00126
COL-37002,CL-00127
PT-37006,CL-00127
PT-37008,CL-00126
E-37009,CL-00126
TT-37010,CL-00126
K-37011,CL-00126
LT-37013,CL-00127
LT-37014,CL-00126
V-37016,CL-00126
FT-37017,CL-00127
PT-37033,CL-00127
LT-37036,CL-00127
PSV-37038,CL-00126
PSV-37039,CL-00127
LT-37040,CL-00126
COL-37042,CL-00127
P-37047,CL-00126
XV-37048,CL-00127
LT-37051,CL-00127
PT-37056,CL-00127
E-37058,CL-00127
TT-37059,CL-00127
PT-37060,CL-00127
COL-37065,CL-00126
P-37068,CL-00127
LT-37072,CL-00126
FT-37076,CL-00126
XV-37077,CL-00126
V-37084,CL-00126
XV-37087,CL-00126
FCV-37089,CL-00126
PSV-37090,CL-00127
FT-37091,CL-00127
COL-37092,CL-00126
PT-37101,CL-00126
LT-37104,CL-00126
COL-37113,CL-00126
LT-37115,CL-00126
XV-37116,CL-00126
XV-37121,CL-00126
COL-37123,CL-00127
K-37136,CL-00126
TT-37137,CL-00127
PSV-37141,CL-00127
V-37143,CL-00127
FT-37145,CL-00126
PT-37147,CL-00127
COL-37149,CL-00126
PSV-37151,CL-00127
PSV-37153,CL-00127
FCV-37157,CL-00126
PSV-37161,CL-00127
K-37164,CL-00127
K-37165,CL-00126
PSV-37166,CL-00127
TT-37168,CL-00127
XV-37169,CL-00126
TT-37170,CL-00127
XV-37174,CL-00126
PT-37175,CL-00127
PT-37176,CL-00127
PT-37177,CL-00127
PSV-37178,CL-00127
TT-37179,CL-00127
LT-37180,CL-00126
V-37187,CL-00126
PT-37188,CL-00127
XV-37190,CL-00127
PSV-37191,CL-00126
FT-37193,CL-00126
PT-37194,CL-00127
P-37195,CL-00127
V-37196,CL-00127
PSV-37197,CL-00127
PSV-37205,CL-00126
COL-37207,CL-00127
E-37209,CL-00127
TT-37210,CL-00126
P-37213,CL-00126
K-37216,CL-00127
COL-37222,CL-00126
FT-37223,CL-00127
K-37229,CL-00127
PT-37231,CL-00127
FCV-37233,CL-00127
E-37234,CL-00126
COL-37235,CL-00127
XV-37243,CL-00126
PT-37245,CL-00126
XV-37252,CL-00127
E-37254,CL-00126
TT-37257,CL-00126
P-37258,CL-00127
V-37263,CL-00127
E-37264,CL-00127
K-37265,CL-00126
P-37267,CL-00126
V-37268,CL-00126
P-37271,CL-00126
K-37273,CL-00127
PT-37274,CL-00127
P-37283,CL-00126
K-37291,CL-00126
V-37292,CL-00126
E-37294,CL-00126
K-37295,CL-00127
PT-37299,CL-00127
E-37306,CL-00127
COL-37307,CL-00127
PSV-37310,CL-00127
V-37314,CL-00126
K-37317,CL-00126
FT-37318,CL-00126
XV-37319,CL-00126
LT-37320,CL-00126
FT-37322,CL-00127
XV-37324,CL-00127
V-37325,CL-00126
K-37326,CL-00127
K-37328,CL-00127
XV-37331,CL-00127
P-37335,CL-00126
P-37342,CL-00127
V-37346,CL-00126
P-37347,CL-00127
FT-37350,CL-00126
E-37362,CL-00127
TT-37367,CL-00127
FCV-37368,CL-00126
FT-37370,CL-00127
LT-37373,CL-00127
XV-37375,CL-00127
K-37376,CL-00127
E-37380,CL-00127
TT-37381,CL-00126
LT-37384,CL-00126
E-37385,CL-00127
COL-37391,CL-00126
P-37393,CL-00127
E-37395,CL-00126
TT-37396,CL-00126
LT-37407,CL-00126
PT-37408,CL-00127
E-37409,CL-00126
LT-37410,CL-00127
P-37419,CL-00127
TT-37423,CL-00127
FCV-37425,CL-00126
FCV-37428,CL-00127
PT-37430,CL-00127
K-37431,CL-00126
K-37435,CL-00127
COL-37438,CL-00127
V-37439,CL-00126
K-37440,CL-00126
P-37445,CL-00127
TT-37447,CL-00127
PT-37449,CL-00127
V-37450,CL-00127
TT-37451,CL-00126
P-37458,CL-00126
LT-37459,CL-00126
K-37465,CL-00127
K-37467,CL-00126
PSV-37468,CL-00126
FCV-37471,CL-00126
P-37472,CL-00127
FT-37473,CL-00127
E-37481,CL-00126
FCV-37484,CL-00126
PSV-37485,CL-00126
PT-37486,CL-00127
PSV-37489,CL-00127
P-37490,CL-00127
K-37495,CL-00127
COL-37496,CL-00126
FCV-37504,CL-00126
XV-37505,CL-00127
E-37506,CL-00127
PT-37508,CL-00126
V-37517,CL-00126
P-37519,CL-00126
K-37523,CL-00126
XV-37525,CL-00127
FT-37526,CL-00126
TT-37529,CL-00127
PSV-37530,CL-00127
COL-37532,CL-00126
FT-37533,CL-00126
E-37534,CL-00126
FT-37545,CL-00127
V-37546,CL-00126
P-37551,CL-00128
P-37552,CL-00128
FCV-37557,CL-00128
LT-37559,CL-00128
K-37564,CL-00128
COL-37568,CL-00128
V-37570,CL-00128
FCV-37571,CL-00128
P-37573,CL-00128
FCV-37581,CL-00128
P-37584,CL-00128
PSV-37586,CL-00128
XV-37587,CL-00128
FT-37589,CL-00128
E-37595,CL-00128
COL-37596,CL-00128
PT-37605,CL-00128
P-37606,CL-00128
V-37609,CL-00128
XV-37610,CL-00128
P-37614,CL-00128
LT-37615,CL-00128
TT-37617,CL-00128
P-37620,CL-00128
COL-37623,CL-00128
K-37626,CL-00128
PT-37627,CL-00128
COL-37632,CL-00128
E-37633,CL-00128
XV-37635,CL-00128
XV-37638,CL-00128
FT-37640,CL-00128
TT-37645,CL-00128
K-37646,CL-00128
COL-37648,CL-00128
FT-37649,CL-00128
LT-37651,CL-00128
FCV-37652,CL-00128
XV-37653,CL-00128
COL-37656,CL-00128
E-37657,CL-00128
P-37660,CL-00128
V-37664,CL-00128
V-37670,CL-00128
LT-37671,CL-00128
PT-37672,CL-00128
TT-37673,CL-00128
E-37679,CL-00128
FCV-37683,CL-00128
TT-37686,CL-00128
XV-37687,CL-00128
P-37691,CL-00128
FT-37693,CL-00128
PSV-37694,CL-00128
PSV-37695,CL-00128
FT-37701,CL-00128
TT-37703,CL-00128
LT-37704,CL-00128
PT-37706,CL-00128
PSV-37707,CL-00128
XV-37708,CL-00128
K-37711,CL-00128
P-37714,CL-00128
E-37715,CL-00128
FCV-37718,CL-00128
P-37720,CL-00128
COL-37721,CL-00128
K-37722,CL-00128
LT-37723,CL-00128
TT-37727,CL-00128
K-37728,CL-00128
TT-37737,CL-00128
TT-37738,CL-00128
FT-37741,CL-00128
XV-37743,CL-00128
XV-37749,CL-00128
K-37750,CL-00128
TT-37759,CL-00128
E-37762,CL-00128
V-37766,CL-00128
P-37772,CL-00128
PT-37773,CL-00128
P-37778,CL-00128
PSV-37782,CL-00128
PSV-37793,CL-00128
P-37797,CL-00128
TT-37799,CL-00128
PT-37803,CL-00128
FCV-37805,CL-00128
TT-37806,CL-00128
V-37810,CL-00128
P-37811,CL-00128
TT-37813,CL-00128
TT-37817,CL-00128
FCV-37818,CL-00128
COL-37820,CL-00128
V-37822,CL-00128
TT-37824,CL-00128
LT-37825,CL-00128
PT-37828,CL-00128
FT-37829,CL-00128
TT-37830,CL-00128
PT-37838,CL-00128
PT-37839,CL-00128
PT-37841,CL-00128
K-37844,CL-00128
K-37846,CL-00128
PT-37848,CL-00128
PSV-37850,CL-00128
E-37852,CL-00128
V-37854,CL-00128
V-37856,CL-00128
P-37860,CL-00128
PSV-37863,CL-00128
LT-37865,CL-00128
XV-37870,CL-00128
COL-37874,CL-00128
V-37875,CL-00128
E-37876,CL-00128
P-37878,CL-00128
PSV-37880,CL-00128
COL-37884,CL-00128
LT-37886,CL-00128
P-37892,CL-00128
COL-37893,CL-00128
E-37894,CL-00128
P-37896,CL-00128
PT-37897,CL-00128
COL-37901,CL-00130
PT-37903,CL-00130
FT-37908,CL-00129
FT-37909,CL-00130
TT-37910,CL-00130
V-37911,CL-00129
K-37913,CL-00129
V-37918,CL-00130
FT-37921,CL-00129
P-37922,CL-00130
P-37931,CL-00130
PT-37935,CL-00129
TT-37939,CL-00129
P-37942,CL-00130
PSV-37946,CL-00129
TT-37950,CL-00130
XV-37951,CL-00129
TT-37953,CL-00129
E-37961,CL-00130
COL-37962,CL-00129
P-37963,CL-00129
FT-37968,CL-00129
COL-37969,CL-00129
K-37971,CL-00129
FT-37975,CL-00129
P-37977,CL-00130
K-37978,CL-00130
PT-37980,CL-00130
K-37981,CL-00129
E-37982,CL-00130
FT-37986,CL-00129
V-37987,CL-00129
LT-37988,CL-00129
XV-37991,CL-00129
TT-37998,CL-00130
P-37999,CL-00129
TT-38002,CL-00129
LT-38003,CL-00129
V-38004,CL-00129
P-38007,CL-00130
K-38009,CL-00129
K-38014,CL-00129
FT-38016,CL-00129
XV-38017,CL-00129
FT-38020,CL-00130
FT-38026,CL-00129
P-38028,CL-00129
COL-38031,CL-00129
P-38034,CL-00130
FT-38036,CL-00129
E-38038,CL-00129
E-38039,CL-00129
P-38044,CL-00129
K-38046,CL-00130
COL-38048,CL-00129
K-38051,CL-00130
COL-38052,CL-00130
V-38056,CL-00130
XV-38057,CL-00130
PT-38060,CL-00130
XV-38063,CL-00130
PSV-38064,CL-00130
FT-38069,CL-00129
LT-38071,CL-00130
V-38073,CL-00129
PT-38083,CL-00129
FCV-38084,CL-00130
K-38085,CL-00130
P-38086,CL-00129
LT-38094,CL-00129
LT-38096,CL-00129
LT-38098,CL-00130
V-38099,CL-00129
COL-38100,CL-00129
PT-38101,CL-00129
E-38107,CL-00129
PT-38109,CL-00130
PT-38110,CL-00130
FCV-38111,CL-00129
FCV-38113,CL-00129
XV-38115,CL-00130
LT-38119,CL-00130
E-38128,CL-00129
E-38129,CL-00130
P-38130,CL-00130
V-38132,CL-00129
E-38134,CL-00129
P-38135,CL-00130
P-38136,CL-00129
PT-38138,CL-00130
XV-38139,CL-00129
XV-38143,CL-00130
E-38146,CL-00129
PSV-38147,CL-00130
FT-38150,CL-00129
TT-38152,CL-00129
P-38156,CL-00130
TT-38157,CL-00129
V-38162,CL-00129
FCV-38165,CL-00130
PSV-38170,CL-00129
P-38176,CL-00130
TT-38178,CL-00129
PT-38179,CL-00130
K-38181,CL-00129
K-38182,CL-00130
LT-38183,CL-00129
LT-38184,CL-00129
TT-38185,CL-00129
PT-38188,CL-00129
FT-38190,CL-00130
V-38193,CL-00130
LT-38194,CL-00129
FT-38197,CL-00129
PSV-38201,CL-00129
P-38205,CL-00130
K-38206,CL-00129
TT-38208,CL-00130
FT-38210,CL-00129
LT-38218,CL-00130
FCV-38222,CL-00131
P-38227,CL-00131
PT-38232,CL-00131
XV-38243,CL-00131
XV-38249,CL-00131
V-38251,CL-00131
PT-38252,CL-00131
LT-38254,CL-00131
TT-38262,CL-00131
PSV-38264,CL-00131
FCV-38269,CL-00131
COL-38271,CL-00131
FT-38273,CL-00131
FCV-38274,CL-00131
COL-38277,CL-00131
PT-38278,CL-00131
K-38280,CL-00131
P-38282,CL-00131
LT-38283,CL-00131
K-38287,CL-00131
FT-38289,CL-00131
FT-38294,CL-00131
E-38299,CL-00131
PT-38306,CL-00131
PSV-38307,CL-00131
PT-38310,CL-00131
FCV-38316,CL-00131
XV-38317,CL-00131
TT-38322,CL-00131
PT-38327,CL-00131
K-38329,CL-00131
E-38338,CL-00131
TT-38350,CL-00131
FCV-38351,CL-00131
P-38359,CL-00131
FT-38360,CL-00131
V-38361,CL-00131
LT-38369,CL-00131
COL-38370,CL-00131
FT-38371,CL-00131
P-38372,CL-00131
V-38373,CL-00131
P-38375,CL-00131
V-38376,CL-00131
TT-38379,CL-00131
LT-38384,CL-00131
TT-38388,CL-00131
PSV-38393,CL-00131
COL-38395,CL-00131
PSV-38397,CL-00131
P-38400,CL-00131
PT-38413,CL-00131
LT-38414,CL-00131
E-38415,CL-00131
P-38417,CL-00131
LT-38422,CL-00131
V-38424,CL-00131
FT-38428,CL-00131
V-38429,CL-00131
TT-38430,CL-00131
COL-38432,CL-00131
PT-38435,CL-00131
P-38436,CL-00131
LT-38438,CL-00131
E-38442,CL-00131
P-38444,CL-00131
K-38451,CL-00131
LT-38452,CL-00131
FT-38453,CL-00131
P-38454,CL-00131
P-38458,CL-00131
E-38459,CL-00131
PT-38463,CL-00131
PT-38464,CL-00131
P-38465,CL-00131
P-38466,CL-00131
P-38471,CL-00131
V-38477,CL-00131
TT-38478,CL-00131
LT-38481,CL-00131
XV-38484,CL-00131
P-38485,CL-00131
XV-38492,CL-00131
LT-38494,CL-00131
P-38495,CL-00131
FT-38496,CL-00131
PT-38500,CL-00131
LT-38504,CL-00131
PSV-38506,CL-00131
LT-38508,CL-00131
P-38509,CL-00132
P-38516,CL-00132
TT-38517,CL-00132
V-38518,CL-00132
V-38519,CL-00132
PT-38521,CL-00132
K-38524,CL-00132
PT-38527,CL-00132
V-38530,CL-00132
TT-38532,CL-00132
XV-38534,CL-00132
TT-38535,CL-00132
P-38536,CL-00132
FT-38541,CL-00132
K-38542,CL-00132
FT-38545,CL-00132
LT-38547,CL-00132
TT-38551,CL-00132
P-38552,CL-00132
PT-38555,CL-00132
XV-38557,CL-00132
P-38558,CL-00132
P-38564,CL-00132
TT-38569,CL-00132
XV-38571,CL-00132
FT-38572,CL-00132
E-38574,CL-00132
K-38578,CL-00132
K-38579,CL-00132
TT-38585,CL-00132
XV-38587,CL-00132
LT-38588,CL-00132
P-38590,CL-00132
P-38594,CL-00132
P-38595,CL-00132
FT-38598,CL-00132
K-38599,CL-00132
P-38602,CL-00132
PT-38606,CL-00132
PT-38610,CL-00132
XV-38611,CL-00132
K-38613,CL-00132
XV-38614,CL-00132
PT-38616,CL-00132
FT-38617,CL-00132
COL-38618,CL-00132
E-38620,CL-00132
P-38622,CL-00132
FT-38624,CL-00132
K-38634,CL-00132
K-38636,CL-00132
FT-38638,CL-00132
K-38640,CL-00132
V-38641,CL-00132
P-38642,CL-00132
LT-38643,CL-00132
FCV-38647,CL-00132
FCV-38648,CL-00132
P-38649,CL-00132
PT-38650,CL-00132
PSV-38654,CL-00132
XV-38665,CL-00132
P-38666,CL-00132
PSV-38672,CL-00132
LT-38673,CL-00132
P-38674,CL-00132
V-38675,CL-00132
K-38679,CL-00132
P-38683,CL-00132
V-38688,CL-00132
FCV-38692,CL-00132
P-38694,CL-00132
XV-38700,CL-00132
LT-38703,CL-00132
FCV-38704,CL-00132
PT-38707,CL-00132
XV-38708,CL-00132
FCV-38709,CL-00132
FT-38710,CL-00132
LT-38712,CL-00132
TT-38713,CL-00132
FT-38720,CL-00132
PSV-38725,CL-00132
LT-38727,CL-00132
FT-38735,CL-00132
TT-38738,CL-00132
E-38740,CL-00132
FT-38747,CL-00132
E-38748,CL-00132
P-38751,CL-00132
PSV-38752,CL-00132
FCV-38754,CL-00132
FT-38758,CL-00132
PSV-38761,CL-00132
E-38766,CL-00132
FT-38768,CL-00132
E-38773,CL-00132
K-38774,CL-00132
COL-38775,CL-00132
COL-38782,CL-00132
PSV-38784,CL-00132
E-38788,CL-00132
E-38791,CL-00132
COL-38795,CL-00132
TT-38797,CL-00132
P-38799,CL-00132
COL-38801,CL-00132
LT-38804,CL-00132
FCV-38805,CL-00132
P-38807,CL-00132
P-38808,CL-00132
FCV-38811,CL-00132
XV-38814,CL-00132
E-38816,CL-00132
P-38822,CL-00132
FCV-38833,CL-00132
XV-38839,CL-00132
LT-38841,CL-00132
P-38844,CL-00132
P-38845,CL-00132
K-38847,CL-00132
TT-38848,CL-00132
K-38850,CL-00132
K-38851,CL-00132
LT-38855,CL-00132
COL-38858,CL-00132
E-38862,CL-00132
TT-38864,CL-00132
FT-38869,CL-00132
FCV-38870,CL-00132
TT-38873,CL-00132
COL-38874,CL-00132
K-38881,CL-00132
E-38883,CL-00132
FT-38885,CL-00132
FT-38887,CL-00132
P-38890,CL-00132
E-38897,CL-00133
LT-38898,CL-00133
PSV-38900,CL-00134
P-38901,CL-00133
PSV-38902,CL-00133
V-38903,CL-00134
FCV-38904,CL-00133
P-38908,CL-00134
V-38910,CL-00133
TT-38912,CL-00134
P-38913,CL-00134
TT-38915,CL-00133
XV-38918,CL-00134
P-38919,CL-00134
LT-38922,CL-00133
PT-38925,CL-00134
PT-38926,CL-00133
P-38928,CL-00133
P-38931,CL-00134
V-38934,CL-00134
PT-38938,CL-00134
E-38941,CL-00134
FT-38944,CL-00133
K-38948,CL-00133
LT-38949,CL-00133
COL-38950,CL-00134
E-38955,CL-00133
PT-38957,CL-00133
P-38959,CL-00134
LT-38960,CL-00134
V-38967,CL-00133
P-38968,CL-00134
LT-38969,CL-00134
COL-38970,CL-00134
PT-38972,CL-00133
P-38973,CL-00133
E-38977,CL-00133
LT-38985,CL-00134
V-38988,CL-00134
PT-38990,CL-00133
FT-38999,CL-00134
PT-39008,CL-00134
FCV-39010,CL-00133
FCV-39015,CL-00134
FT-39017,CL-00133
K-39026,CL-00134
P-39030,CL-00133
FT-39031,CL-00134
PSV-39032,CL-00134
V-39035,CL-00133
V-39039,CL-00133
E-39041,CL-00133
V-39044,CL-00134
LT-39047,CL-00133
P-39048,CL-00133
XV-39049,CL-00134
LT-39050,CL-00134
P-39051,CL-00134
PT-39053,CL-00133
PT-39060,CL-00134
K-39062,CL-00134
V-39064,CL-00133
COL-39066,CL-00133
K-39068,CL-00134
P-39072,CL-00134
P-39075,CL-00134
PT-39078,CL-00133
V-39086,CL-00134
K-39087,CL-00134
LT-39088,CL-00133
PT-39090,CL-00134
FT-39091,CL-00133
P-39092,CL-00133
V-39096,CL-00133
PT-39102,CL-00134
V-39107,CL-00133
FCV-39109,CL-00134
FCV-39110,CL-00134
FCV-39112,CL-00133
FT-39113,CL-00133
E-39118,CL-00134
K-39119,CL-00133
PT-39120,CL-00133
TT-39126,CL-00134
P-39128,CL-00134
COL-39133,CL-00135
PT-39136,CL-00135
FCV-39141,CL-00136
P-39148,CL-00135
E-39152,CL-00135
P-39158,CL-00136
FT-39159,CL-00136
K-39160,CL-00135
TT-39161,CL-00135
V-39165,CL-00135
P-39166,CL-00136
P-39172,CL-00136
XV-39178,CL-00136
E-39179,CL-00136
XV-39181,CL-00136
K-39183,CL-00136
LT-39184,CL-00135
XV-39191,CL-00136
COL-39194,CL-00135
FCV-39198,CL-00135
P-39199,CL-00135
V-39204,CL-00136
PT-39207,CL-00136
FCV-39208,CL-00135
P-39213,CL-00135
FCV-39214,CL-00135
XV-39216,CL-00135
PT-39218,CL-00135
K-39220,CL-00136
K-39221,CL-00136
LT-39224,CL-00135
E-39230,CL-00135
XV-39231,CL-00135
P-39233,CL-00136
TT-39234,CL-00135
P-39236,CL-00136
P-39239,CL-00136
XV-39241,CL-00136
K-39242,CL-00135
P-39244,CL-00135
FCV-39247,CL-00136
K-39250,CL-00136
P-39251,CL-00136
COL-39255,CL-00135
LT-39257,CL-00136
E-39259,CL-00136
TT-39260,CL-00136
LT-39263,CL-00136
P-39265,CL-00136
XV-39269,CL-00136
V-39277,CL-00135
P-39282,CL-00135
P-39284,CL-00135
K-39285,CL-00135
PT-39288,CL-00136
TT-39290,CL-00135
PT-39291,CL-00135
FCV-39292,CL-00136
P-39297,CL-00136
FCV-39298,CL-00136
P-39299,CL-00135
PSV-39300,CL-00135
COL-39301,CL-00135
XV-39303,CL-00136
E-39304,CL-00135
P-39309,CL-00135
FCV-39314,CL-00136
TT-39315,CL-00136
COL-39319,CL-00135
PSV-39321,CL-00135
E-39322,CL-00136
PSV-39323,CL-00135
TT-39330,CL-00136
COL-39331,CL-00135
XV-39333,CL-00136
FCV-39339,CL-00135
PSV-39340,CL-00135
FT-39341,CL-00136
PT-39344,CL-00136
FT-39345,CL-00135
P-39348,CL-00136
FCV-39353,CL-00135
PT-39354,CL-00135
PT-39358,CL-00135
COL-39359,CL-00136
V-39360,CL-00136
PT-39362,CL-00136
E-39363,CL-00136
E-39365,CL-00135
LT-39366,CL-00136
TT-39368,CL-00135
FT-39369,CL-00135
PT-39373,CL-00135
PT-39375,CL-00135
P-39376,CL-00136
PT-39377,CL-00136
FT-39378,CL-00135
COL-39379,CL-00135
TT-39384,CL-00136
FT-39386,CL-00136
FT-39387,CL-00136
K-39389,CL-00136
XV-39390,CL-00136
K-39400,CL-00135
FCV-39403,CL-00135
E-39406,CL-00136
PSV-39408,CL-00138
K-39412,CL-00137
XV-39414,CL-00137
FT-39415,CL-00138
FT-39418,CL-00138
FCV-39422,CL-00138
LT-39424,CL-00137
P-39425,CL-00138
P-39426,CL-00138
LT-39429,CL-00137
FT-39431,CL-00137
XV-39434,CL-00137
P-39435,CL-00137
FT-39438,CL-00138
P-39439,CL-00137
V-39441,CL-00138
P-39443,CL-00138
V-39449,CL-00137
P-39450,CL-00138
FT-39451,CL-00137
P-39452,CL-00138
K-39455,CL-00137
XV-39456,CL-00137
TT-39460,CL-00138
FCV-39461,CL-00138
FCV-39464,CL-00138
FT-39466,CL-00138
PSV-39467,CL-00138
FCV-39468,CL-00137
K-39469,CL-00138
COL-39471,CL-00138
TT-39476,CL-00137
PT-39477,CL-00138
E-39479,CL-00137
COL-39480,CL-00137
PSV-39484,CL-00137
FCV-39486,CL-00137
K-39488,CL-00138
COL-39489,CL-00137
P-39491,CL-00137
TT-39492,CL-00137
TT-39494,CL-00138
PT-39498,CL-00138
V-39502,CL-00137
FCV-39504,CL-00138
COL-39507,CL-00138
FT-39510,CL-00138
E-39511,CL-00138
FCV-39512,CL-00137
P-39513,CL-00138
LT-39515,CL-00138
LT-39520,CL-00137
PSV-39523,CL-00138
COL-39527,CL-00138
PT-39528,CL-00137
V-39529,CL-00138
P-39531,CL-00137
P-39532,CL-00137
P-39535,CL-00137
V-39536,CL-00138
FCV-39537,CL-00137
COL-39538,CL-00137
COL-39540,CL-00137
P-39546,CL-00138
FCV-39550,CL-00137
TT-39553,CL-00137
V-39554,CL-00138
FT-39555,CL-00138
PSV-39567,CL-00138
E-39568,CL-00138
P-39570,CL-00137
XV-39572,CL-00137
P-39573,CL-00138
P-39579,CL-00138
P-39581,CL-00137
E-39583,CL-00138
P-39584,CL-00137
TT-39586,CL-00137
K-39588,CL-00137
FT-39590,CL-00137
FT-39597,CL-00137
PSV-39598,CL-00137
PSV-39601,CL-00138
LT-39604,CL-00137
P-39605,CL-00138
K-39606,CL-00138
PT-39610,CL-00137
XV-39612,CL-00138
TT-39614,CL-00138
P-39615,CL-00137
K-39626,CL-00138
FT-39627,CL-00138
PSV-39628,CL-00138
V-39634,CL-00138
LT-39637,CL-00138
K-39638,CL-00137
XV-39645,CL-00138
E-39648,CL-00137
FT-39652,CL-00138
FT-39653,CL-00138
FT-39655,CL-00137
P-39656,CL-00137
P-39658,CL-00138
E-39659,CL-00137
FCV-39665,CL-00137
K-39666,CL-00138
LT-39670,CL-00138
FT-39675,CL-00138
FT-39679,CL-00137
V-39681,CL-00138
P-39683,CL-00138
FT-39685,CL-00137
PSV-39686,CL-00137
P-39690,CL-00138
TT-39694,CL-00138
LT-39702,CL-00138
P-39707,CL-00139
P-39708,CL-00139
P-39712,CL-00139
K-39713,CL-00139
PT-39714,CL-00139
V-39716,CL-00139
LT-39719,CL-00139
PT-39722,CL-00139
PT-39723,CL-00139
FT-39727,CL-00139
PSV-39729,CL-00139
TT-39730,CL-00139
FT-39732,CL-00139
P-39733,CL-00139
FT-39735,CL-00139
PSV-39737,CL-00139
PT-39738,CL-00139
E-39742,CL-00139
P-39743,CL-00139
XV-39746,CL-00139
FCV-39748,CL-00139
COL-39749,CL-00139
COL-39751,CL-00139
FCV-39757,CL-00139
FCV-39759,CL-00139
E-39760,CL-00139
LT-39765,CL-00139
PT-39766,CL-00139
XV-39767,CL-00139
PSV-39769,CL-00139
V-39771,CL-00139
COL-39772,CL-00139
COL-39773,CL-00139
P-39774,CL-00139
LT-39778,CL-00139
V-39779,CL-00139
COL-39783,CL-00139
FCV-39784,CL-00139
P-39791,CL-00139
FCV-39792,CL-00139
P-39793,CL-00139
FT-39798,CL-00139
E-39804,CL-00139
P-39808,CL-00139
E-39809,CL-00139
P-39813,CL-00139
K-39816,CL-00139
PSV-39820,CL-00139
LT-39829,CL-00139
LT-39834,CL-00139
LT-39842,CL-00139
P-39844,CL-00139
P-39851,CL-00139
P-39852,CL-00139
COL-39853,CL-00139
FCV-39859,CL-00139
K-39860,CL-00139
COL-39861,CL-00139
LT-39873,CL-00139
K-39876,CL-00139
P-39877,CL-00139
E-39879,CL-00139
LT-39880,CL-00139
TT-39881,CL-00139
V-39882,CL-00139
LT-39883,CL-00139
P-39887,CL-00139
V-39893,CL-00139
TT-39895,CL-00139
PSV-39896,CL-00139
COL-39899,CL-00139
FT-39901,CL-00139
FCV-39903,CL-00139
PT-39904,CL-00139
K-39905,CL-00139
COL-39911,CL-00139
PSV-39915,CL-00139
V-39917,CL-00139
LT-39921,CL-00139
E-39923,CL-00139
FT-39924,CL-00139
FT-39930,CL-00139
XV-39937,CL-00139
V-39941,CL-00139
K-39945,CL-00139
LT-39947,CL-00139
PSV-39948,CL-00139
P-39949,CL-00139
PT-39951,CL-00139
V-39956,CL-00139
P-39958,CL-00139
LT-39960,CL-00139
E-39962,CL-00139
LT-39965,CL-00139
TT-39966,CL-00139
P-39967,CL-00139
LT-39971,CL-00139
V-39972,CL-00139
LT-39974,CL-00139
P-39977,CL-00139
XV-39978,CL-00139
V-39980,CL-00139
PT-39985,CL-00139
FT-39987,CL-00139
P-39989,CL-00139
FCV-39990,CL-00139
PT-39996,CL-00139
P-39998,CL-00139
V-40001,CL-00139
XV-40002,CL-00139
K-40004,CL-00139
TT-40007,CL-00139
E-40011,CL-00139
P-40014,CL-00139
P-40015,CL-00139
TT-40017,CL-00139
LT-40018,CL-00139
FCV-40019,CL-00139
PT-40023,CL-00139
E-40030,CL-00139
COL-40031,CL-00139
P-40033,CL-00139
