from,to
PT-36660,SP-000001
PT-36660,SP-000002
K-31133,SP-000003
K-31133,SP-000004
E-6366,SP-000005
E-6366,SP-000006
TT-30152,SP-000007
TT-30152,SP-000008
PSV-27660,SP-000009
K-39654,SP-000010
LT-29668,SP-000011
FT-19796,SP-000012
FT-19796,SP-000013
E-24240,SP-000014
E-24240,SP-000015
E-37982,SP-000016
E-37982,SP-000017
FT-4444,SP-000018
LT-6059,SP-000019
LT-6059,SP-000020
P-32755,SP-000021
V-18445,SP-000022
V-18445,SP-000023
P-14739,SP-000024
FCV-16400,SP-000025
PT-5375,SP-000026
TT-15668,SP-000027
COL-37095,SP-000028
COL-37095,SP-000029
XV-33693,SP-000030
V-36372,SP-000031
P-29448,SP-000032
P-29448,SP-000033
TT-13618,SP-000034
TT-13618,SP-000035
P-28535,SP-000036
P-28535,SP-000037
TT-24867,SP-000038
TT-24867,SP-000039
FCV-16987,SP-000040
FCV-16987,SP-000041
P-16286,SP-000042
PSV-31554,SP-000043
LT-33448,SP-000044
LT-33448,SP-000045
FCV-39558,SP-000046
E-14536,SP-000047
E-14536,SP-000048
E-15571,SP-000049
P-27669,SP-000050
TT-15303,SP-000051
TT-15303,SP-000052
COL-37391,SP-000053
COL-37391,SP-000054
LT-10780,SP-000055
LT-10780,SP-000056
PT-2096,SP-000057
PT-33196,SP-000058
PT-33196,SP-000059
LT-24701,SP-000060
FCV-24463,SP-000061
FCV-24463,SP-000062
PT-8062,SP-000063
PT-8062,SP-000064
E-2066,SP-000065
TT-6182,SP-000066
TT-6182,SP-000067
LT-38254,SP-000068
FT-2572,SP-000069
V-3258,SP-000070
V-3258,SP-000071
LT-3007,SP-000072
FCV-13587,SP-000073
P-18460,SP-000074
COL-10646,SP-000075
COL-10646,SP-000076
TT-24039,SP-000077
TT-24039,SP-000078
PSV-20108,SP-000079
E-33648,SP-000080
E-33648,SP-000081
P-6728,SP-000082
XV-31997,SP-000083
XV-31997,SP-000084
P-15192,SP-000085
P-15192,SP-000086
FCV-22031,SP-000087
FCV-22031,SP-000088
P-9177,SP-000089
P-9177,SP-000090
PSV-37001,SP-000091
LT-13015,SP-000092
LT-13015,SP-000093
XV-14874,SP-000094
XV-14874,SP-000095
TT-18957,SP-000096
FCV-8110,SP-000097
FCV-8110,SP-000098
P-1064,SP-000099
P-1064,SP-000100
FT-21956,SP-000101
FT-21956,SP-000102
FT-31262,SP-000103
FT-31262,SP-000104
FT-35672,SP-000105
P-5791,SP-000106
FCV-4404,SP-000107
FCV-4404,SP-000108
PSV-34762,SP-000109
PSV-34762,SP-000110
FT-39278,SP-000111
PSV-6547,SP-000112
PSV-6547,SP-000113
FCV-35383,SP-000114
FCV-35383,SP-000115
FCV-4216,SP-000116
FCV-4216,SP-000117
P-13734,SP-000118
P-13734,SP-000119
TT-9757,SP-000120
V-34859,SP-000121
FT-5938,SP-000122
FT-5938,SP-000123
FT-22661,SP-000124
XV-25230,SP-000125
E-24822,SP-000126
E-24822,SP-000127
LT-17343,SP-000128
V-28723,SP-000129
V-28723,SP-000130
PT-27417,SP-000131
PT-27417,SP-000132
XV-31200,SP-000133
V-31163,SP-000134
V-31163,SP-000135
PSV-34416,SP-000136
P-15622,SP-000137
P-15622,SP-000138
FT-19705,SP-000139
FT-19705,SP-000140
K-6851,SP-000141
K-6851,SP-000142
V-9988,SP-000143
V-9988,SP-000144
P-14145,SP-000145
P-3402,SP-000146
P-3402,SP-000147
P-35077,SP-000148
P-35077,SP-000149
FT-28563,SP-000150
FT-28563,SP-000151
P-21016,SP-000152
P-21016,SP-000153
PT-31170,SP-000154
PT-39120,SP-000155
P-4938,SP-000156
P-4938,SP-000157
P-25176,SP-000158
P-25176,SP-000159
PT-16283,SP-000160
PT-16283,SP-000161
P-19350,SP-000162
P-19350,SP-000163
K-5703,SP-000164
XV-5521,SP-000165
V-21303,SP-000166
LT-38727,SP-000167
FT-8194,SP-000168
P-34203,SP-000169
P-34203,SP-000170
P-19411,SP-000171
PSV-33288,SP-000172
XV-18970,SP-000173
XV-18970,SP-000174
TT-37199,SP-000175
TT-37199,SP-000176
E-3692,SP-000177
E-3692,SP-000178
COL-5936,SP-000179
COL-5936,SP-000180
XV-36616,SP-000181
P-15951,SP-000182
P-15951,SP-000183
P-6413,SP-000184
P-13150,SP-000185
P-20801,SP-000186
P-20801,SP-000187
P-39244,SP-000188
K-18934,SP-000189
XV-32396,SP-000190
XV-32396,SP-000191
TT-22629,SP-000192
TT-22629,SP-000193
V-2261,SP-000194
V-2261,SP-000195
P-31463,SP-000196
P-31463,SP-000197
E-24789,SP-000198
E-24789,SP-000199
LT-31600,SP-000200
LT-31600,SP-000201
PSV-19200,SP-000202
K-17521,SP-000203
K-17521,SP-000204
PSV-17843,SP-000205
PSV-17843,SP-000206
K-1751,SP-000207
FCV-9821,SP-000208
XV-4066,SP-000209
XV-1204,SP-000210
XV-1204,SP-000211
K-27881,SP-000212
K-27881,SP-000213
K-16259,SP-000214
K-16259,SP-000215
P-13228,SP-000216
P-14863,SP-000217
P-14863,SP-000218
K-33514,SP-000219
XV-14056,SP-000220
FT-20678,SP-000221
FCV-19465,SP-000222
FCV-19465,SP-000223
COL-2397,SP-000224
PT-25120,SP-000225
PT-25120,SP-000226
PSV-28546,SP-000227
P-37947,SP-000228
FCV-17319,SP-000229
FCV-17319,SP-000230
PT-20832,SP-000231
PT-20832,SP-000232
XV-21421,SP-000233
XV-21421,SP-000234
COL-6730,SP-000235
COL-6730,SP-000236
V-13651,SP-000237
LT-11937,SP-000238
V-6346,SP-000239
TT-28617,SP-000240
PT-15808,SP-000241
PSV-20579,SP-000242
P-25831,SP-000243
V-3994,SP-000244
E-14537,SP-000245
TT-32664,SP-000246
PT-18165,SP-000247
LT-35627,SP-000248
LT-35627,SP-000249
K-11490,SP-000250
TT-22784,SP-000251
P-20109,SP-000252
P-3113,SP-000253
P-3113,SP-000254
P-27026,SP-000255
TT-19077,SP-000256
V-22531,SP-000257
V-22531,SP-000258
P-27899,SP-000259
P-27899,SP-000260
P-37634,SP-000261
P-37634,SP-000262
FCV-27817,SP-000263
K-8000,SP-000264
K-8000,SP-000265
PSV-15515,SP-000266
PSV-15515,SP-000267
P-4229,SP-000268
XV-27825,SP-000269
XV-27825,SP-000270
COL-11540,SP-000271
P-6916,SP-000272
TT-22804,SP-000273
LT-16355,SP-000274
LT-16355,SP-000275
TT-1731,SP-000276
FT-20169,SP-000277
P-15553,SP-000278
K-18659,SP-000279
E-39750,SP-000280
V-3676,SP-000281
V-3676,SP-000282
P-4904,SP-000283
P-4904,SP-000284
TT-32305,SP-000285
TT-32305,SP-000286
P-15591,SP-000287
V-23001,SP-000288
V-23001,SP-000289
K-14833,SP-000290
K-14833,SP-000291
LT-21685,SP-000292
LT-21685,SP-000293
P-17731,SP-000294
P-17731,SP-000295
FT-14802,SP-000296
P-10082,SP-000297
P-10082,SP-000298
XV-36384,SP-000299
XV-36384,SP-000300
PSV-10960,SP-000301
PSV-10960,SP-000302
FCV-2594,SP-000303
P-33203,SP-000304
FT-14606,SP-000305
E-4931,SP-000306
V-20501,SP-000307
V-20501,SP-000308
COL-13321,SP-000309
PSV-1008,SP-000310
PT-28084,SP-000311
FCV-8280,SP-000312
PSV-30292,SP-000313
PSV-30292,SP-000314
P-17175,SP-000315
P-17175,SP-000316
LT-23628,SP-000317
P-14894,SP-000318
P-14894,SP-000319
E-26270,SP-000320
E-26270,SP-000321
FT-33158,SP-000322
FT-33158,SP-000323
LT-5906,SP-000324
LT-5906,SP-000325
XV-3340,SP-000326
LT-13675,SP-000327
LT-13675,SP-000328
P-13853,SP-000329
P-13853,SP-000330
XV-8815,SP-000331
XV-8815,SP-000332
FT-27012,SP-000333
FT-27012,SP-000334
FT-24505,SP-000335
P-17196,SP-000336
P-17196,SP-000337
P-38458,SP-000338
PSV-35962,SP-000339
FCV-38382,SP-000340
FCV-38382,SP-000341
FT-5179,SP-000342
FT-5179,SP-000343
P-15215,SP-000344
P-15215,SP-000345
XV-21710,SP-000346
XV-21710,SP-000347
V-29074,SP-000348
V-29074,SP-000349
V-9756,SP-000350
V-9756,SP-000351
COL-32074,SP-000352
COL-32074,SP-000353
COL-23778,SP-000354
COL-23778,SP-000355
FCV-22665,SP-000356
FCV-22665,SP-000357
FT-30365,SP-000358
LT-32181,SP-000359
V-12781,SP-000360
V-12781,SP-000361
FCV-2752,SP-000362
FCV-2752,SP-000363
PSV-2369,SP-000364
PSV-2369,SP-000365
LT-13928,SP-000366
P-34176,SP-000367
P-34176,SP-000368
PT-17167,SP-000369
FCV-21098,SP-000370
E-13409,SP-000371
TT-12003,SP-000372
TT-12003,SP-000373
TT-7563,SP-000374
P-37836,SP-000375
P-37836,SP-000376
P-12987,SP-000377
P-12987,SP-000378
TT-35318,SP-000379
FCV-7663,SP-000380
PSV-11344,SP-000381
PT-4298,SP-000382
FCV-3397,SP-000383
FCV-3397,SP-000384
E-21268,SP-000385
E-21268,SP-000386
TT-8319,SP-000387
TT-8319,SP-000388
COL-6548,SP-000389
PSV-31795,SP-000390
E-14888,SP-000391
E-14888,SP-000392
FCV-26929,SP-000393
FCV-26929,SP-000394
TT-18423,SP-000395
TT-18423,SP-000396
P-37142,SP-000397
LT-16510,SP-000398
FT-1421,SP-000399
LT-22779,SP-000400
PT-38500,SP-000401
TT-33947,SP-000402
TT-33947,SP-000403
XV-15656,SP-000404
P-35504,SP-000405
P-35504,SP-000406
PSV-38539,SP-000407
PSV-38539,SP-000408
P-13105,SP-000409
PT-1043,SP-000410
PSV-12007,SP-000411
LT-18113,SP-000412
PT-32877,SP-000413
PT-32877,SP-000414
K-8717,SP-000415
COL-25936,SP-000416
COL-25936,SP-000417
P-14700,SP-000418
PSV-32238,SP-000419
PSV-32238,SP-000420
P-33316,SP-000421
P-33316,SP-000422
LT-15179,SP-000423
LT-15179,SP-000424
FCV-32807,SP-000425
FCV-32807,SP-000426
FCV-35351,SP-000427
V-9241,SP-000428
FT-781,SP-000429
XV-32883,SP-000430
FCV-10101,SP-000431
FCV-10101,SP-000432
XV-26168,SP-000433
FCV-28583,SP-000434
PSV-12097,SP-000435
PSV-12097,SP-000436
TT-8113,SP-000437
TT-8113,SP-000438
FCV-5764,SP-000439
FCV-5764,SP-000440
P-35863,SP-000441
P-26238,SP-000442
P-26238,SP-000443
PT-11843,SP-000444
V-13682,SP-000445
V-22375,SP-000446
COL-29248,SP-000447
COL-29248,SP-000448
K-14868,SP-000449
K-14868,SP-000450
XV-30463,SP-000451
XV-30463,SP-000452
PT-11028,SP-000453
PT-11028,SP-000454
TT-23539,SP-000455
TT-23539,SP-000456
K-36935,SP-000457
TT-31962,SP-000458
TT-31962,SP-000459
FCV-20609,SP-000460
FCV-20609,SP-000461
K-7420,SP-000462
K-7420,SP-000463
E-19142,SP-000464
E-19142,SP-000465
P-23894,SP-000466
P-23894,SP-000467
P-15280,SP-000468
PT-3844,SP-000469
LT-31428,SP-000470
LT-31428,SP-000471
PT-23620,SP-000472
PT-23620,SP-000473
TT-24158,SP-000474
TT-24158,SP-000475
FCV-29635,SP-000476
FT-35402,SP-000477
FT-35402,SP-000478
FT-28907,SP-000479
FT-28907,SP-000480
FT-2508,SP-000481
PSV-2363,SP-000482
PSV-2363,SP-000483
V-4165,SP-000484
V-4165,SP-000485
PT-1259,SP-000486
PT-1259,SP-000487
TT-10835,SP-000488
TT-24637,SP-000489
TT-24637,SP-000490
XV-2704,SP-000491
V-38455,SP-000492
V-38455,SP-000493
P-26931,SP-000494
FT-12424,SP-000495
P-6439,SP-000496
COL-11135,SP-000497
COL-11135,SP-000498
FT-14996,SP-000499
K-6639,SP-000500
K-6639,SP-000501
FCV-35464,SP-000502
PSV-933,SP-000503
FT-4446,SP-000504
FT-4446,SP-000505
COL-26095,SP-000506
P-10823,SP-000507
P-10823,SP-000508
PT-24065,SP-000509
PT-24065,SP-000510
XV-20537,SP-000511
PSV-26130,SP-000512
LT-11716,SP-000513
V-19257,SP-000514
V-19257,SP-000515
E-15796,SP-000516
E-15796,SP-000517
LT-16556,SP-000518
TT-38569,SP-000519
LT-34629,SP-000520
LT-34629,SP-000521
PSV-25155,SP-000522
PSV-25155,SP-000523
P-12198,SP-000524
COL-1911,SP-000525
COL-8758,SP-000526
XV-32126,SP-000527
K-21219,SP-000528
P-34734,SP-000529
P-34734,SP-000530
LT-16476,SP-000531
LT-16476,SP-000532
COL-39824,SP-000533
COL-39824,SP-000534
P-10291,SP-000535
COL-32020,SP-000536
COL-32020,SP-000537
V-29762,SP-000538
FCV-14861,SP-000539
FCV-14861,SP-000540
FCV-8130,SP-000541
FCV-8130,SP-000542
PT-39354,SP-000543
P-28354,SP-000544
P-28354,SP-000545
XV-12858,SP-000546
XV-12858,SP-000547
TT-29212,SP-000548
TT-29212,SP-000549
P-4494,SP-000550
P-4494,SP-000551
E-36403,SP-000552
XV-7371,SP-000553
K-26159,SP-000554
K-26159,SP-000555
COL-31907,SP-000556
K-22515,SP-000557
V-31718,SP-000558
V-31718,SP-000559
K-29697,SP-000560
K-29697,SP-000561
E-5188,SP-000562
E-7173,SP-000563
FCV-9958,SP-000564
FCV-9958,SP-000565
P-1480,SP-000566
P-35373,SP-000567
P-35373,SP-000568
LT-32761,SP-000569
LT-32761,SP-000570
V-18629,SP-000571
V-18629,SP-000572
COL-29756,SP-000573
K-27609,SP-000574
K-27609,SP-000575
V-7748,SP-000576
FT-34659,SP-000577
FT-16957,SP-000578
FT-16957,SP-000579
TT-12961,SP-000580
FT-5845,SP-000581
XV-18019,SP-000582
XV-39731,SP-000583
XV-39731,SP-000584
PSV-13258,SP-000585
COL-34904,SP-000586
FCV-35721,SP-000587
FCV-35721,SP-000588
FCV-10585,SP-000589
FCV-22983,SP-000590
FCV-22983,SP-000591
TT-32902,SP-000592
TT-32902,SP-000593
PSV-6799,SP-000594
PSV-6799,SP-000595
FCV-22866,SP-000596
FCV-22866,SP-000597
K-13477,SP-000598
V-282,SP-000599
LT-38639,SP-000600
E-35778,SP-000601
PT-38610,SP-000602
PT-38610,SP-000603
K-24633,SP-000604
K-24633,SP-000605
E-27232,SP-000606
XV-23719,SP-000607
V-19727,SP-000608
V-19727,SP-000609
TT-23847,SP-000610
TT-22248,SP-000611
TT-22248,SP-000612
V-17531,SP-000613
K-26020,SP-000614
P-36231,SP-000615
V-23361,SP-000616
V-23361,SP-000617
FT-4735,SP-000618
FT-4735,SP-000619
PSV-16039,SP-000620
PSV-16039,SP-000621
E-31496,SP-000622
E-31496,SP-000623
COL-33585,SP-000624
K-13255,SP-000625
K-13255,SP-000626
P-33811,SP-000627
P-33811,SP-000628
PSV-28826,SP-000629
PSV-28826,SP-000630
P-38374,SP-000631
LT-38481,SP-000632
P-2463,SP-000633
P-2463,SP-000634
PT-5463,SP-000635
PSV-31765,SP-000636
XV-28697,SP-000637
XV-28697,SP-000638
LT-35630,SP-000639
LT-35630,SP-000640
FT-36009,SP-000641
FT-36009,SP-000642
TT-40003,SP-000643
TT-40003,SP-000644
TT-10399,SP-000645
TT-10399,SP-000646
XV-39361,SP-000647
XV-39361,SP-000648
E-30179,SP-000649
E-30179,SP-000650
P-22630,SP-000651
TT-20975,SP-000652
TT-20975,SP-000653
PSV-21819,SP-000654
PSV-17130,SP-000655
PSV-17130,SP-000656
XV-4256,SP-000657
XV-4256,SP-000658
XV-1718,SP-000659
P-13522,SP-000660
P-13522,SP-000661
XV-36948,SP-000662
XV-36948,SP-000663
E-28073,SP-000664
XV-25832,SP-000665
E-1811,SP-000666
E-1811,SP-000667
P-17976,SP-000668
COL-2791,SP-000669
XV-15416,SP-000670
LT-38194,SP-000671
K-10316,SP-000672
V-19268,SP-000673
P-25733,SP-000674
P-25733,SP-000675
PSV-15736,SP-000676
PSV-15736,SP-000677
PSV-2110,SP-000678
P-31061,SP-000679
P-31061,SP-000680
P-34358,SP-000681
P-34358,SP-000682
XV-310,SP-000683
XV-310,SP-000684
FT-13081,SP-000685
V-7390,SP-000686
P-35749,SP-000687
P-35749,SP-000688
XV-27650,SP-000689
P-30791,SP-000690
FT-30726,SP-000691
FT-30726,SP-000692
COL-31557,SP-000693
COL-31557,SP-000694
PSV-18874,SP-000695
PSV-18874,SP-000696
FT-9163,SP-000697
FT-9163,SP-000698
LT-1408,SP-000699
E-6256,SP-000700
K-4907,SP-000701
K-4907,SP-000702
K-8323,SP-000703
K-8323,SP-000704
P-4223,SP-000705
FT-24647,SP-000706
FT-9217,SP-000707
COL-3898,SP-000708
COL-3898,SP-000709
TT-24175,SP-000710
LT-36709,SP-000711
FCV-1082,SP-000712
P-29225,SP-000713
P-29225,SP-000714
PT-28784,SP-000715
PT-28784,SP-000716
E-35413,SP-000717
LT-10376,SP-000718
LT-10376,SP-000719
LT-31731,SP-000720
LT-31731,SP-000721
P-37549,SP-000722
PT-13927,SP-000723
PT-13927,SP-000724
V-13860,SP-000725
FCV-30123,SP-000726
PSV-5680,SP-000727
XV-1037,SP-000728
TT-22333,SP-000729
XV-34928,SP-000730
COL-4662,SP-000731
PT-12918,SP-000732
PT-24762,SP-000733
V-16949,SP-000734
V-16949,SP-000735
P-1728,SP-000736
FCV-26290,SP-000737
FCV-26290,SP-000738
LT-9816,SP-000739
V-2614,SP-000740
V-2614,SP-000741
COL-18156,SP-000742
P-23277,SP-000743
P-23277,SP-000744
K-7,SP-000745
K-13008,SP-000746
K-13008,SP-000747
FCV-11966,SP-000748
FCV-11966,SP-000749
P-32174,SP-000750
E-9517,SP-000751
E-9517,SP-000752
K-9298,SP-000753
K-9298,SP-000754
TT-12530,SP-000755
TT-12530,SP-000756
PT-13915,SP-000757
PT-13915,SP-000758
TT-3356,SP-000759
TT-3356,SP-000760
LT-7145,SP-000761
LT-7145,SP-000762
P-2932,SP-000763
P-2932,SP-000764
P-31526,SP-000765
P-31526,SP-000766
E-5293,SP-000767
E-5293,SP-000768
COL-19300,SP-000769
COL-19300,SP-000770
K-28460,SP-000771
PSV-10818,SP-000772
PSV-10818,SP-000773
TT-32085,SP-000774
TT-32085,SP-000775
LT-4042,SP-000776
LT-4042,SP-000777
E-22811,SP-000778
P-7769,SP-000779
P-7769,SP-000780
P-25021,SP-000781
P-25021,SP-000782
PSV-12655,SP-000783
PSV-15900,SP-000784
PSV-15900,SP-000785
P-8409,SP-000786
P-10097,SP-000787
P-10097,SP-000788
V-1291,SP-000789
E-2585,SP-000790
E-2585,SP-000791
K-36056,SP-000792
K-36056,SP-000793
E-9344,SP-000794
LT-16387,SP-000795
LT-16387,SP-000796
PT-38527,SP-000797
COL-25264,SP-000798
COL-25264,SP-000799
E-4262,SP-000800
E-4262,SP-000801
XV-33727,SP-000802
XV-33727,SP-000803
XV-5752,SP-000804
XV-5752,SP-000805
V-5144,SP-000806
K-25072,SP-000807
K-25072,SP-000808
K-10445,SP-000809
K-10445,SP-000810
PSV-34346,SP-000811
PSV-34346,SP-000812
V-8083,SP-000813
PT-25752,SP-000814
PT-4553,SP-000815
PT-4553,SP-000816
E-32384,SP-000817
COL-21076,SP-000818
COL-21076,SP-000819
FT-32704,SP-000820
V-19357,SP-000821
COL-2431,SP-000822
P-12543,SP-000823
P-12543,SP-000824
V-29539,SP-000825
COL-18620,SP-000826
COL-18620,SP-000827
TT-33538,SP-000828
FT-23378,SP-000829
FT-23378,SP-000830
V-22905,SP-000831
COL-39827,SP-000832
COL-39827,SP-000833
PSV-35327,SP-000834
E-19502,SP-000835
K-21038,SP-000836
K-16337,SP-000837
K-16337,SP-000838
FCV-36569,SP-000839
LT-10364,SP-000840
LT-10364,SP-000841
COL-12259,SP-000842
LT-1103,SP-000843
V-37858,SP-000844
V-37858,SP-000845
PT-14084,SP-000846
FT-34189,SP-000847
V-12722,SP-000848
V-12722,SP-000849
COL-33130,SP-000850
FT-15047,SP-000851
FT-15047,SP-000852
FCV-37816,SP-000853
P-35808,SP-000854
P-35808,SP-000855
COL-4469,SP-000856
COL-4469,SP-000857
FCV-35886,SP-000858
FCV-35886,SP-000859
FCV-26914,SP-000860
P-5323,SP-000861
P-5323,SP-000862
FT-30886,SP-000863
FT-30886,SP-000864
COL-20388,SP-000865
FT-14717,SP-000866
COL-4481,SP-000867
COL-4481,SP-000868
TT-17862,SP-000869
PSV-3245,SP-000870
PSV-3245,SP-000871
K-47,SP-000872
K-47,SP-000873
LT-9400,SP-000874
K-19196,SP-000875
K-19196,SP-000876
PT-9575,SP-000877
PT-17511,SP-000878
PT-17511,SP-000879
P-30865,SP-000880
P-27422,SP-000881
P-27422,SP-000882
PT-28479,SP-000883
K-2733,SP-000884
K-2733,SP-000885
TT-13666,SP-000886
TT-13666,SP-000887
FT-5715,SP-000888
TT-16854,SP-000889
P-412,SP-000890
COL-31838,SP-000891
COL-20013,SP-000892
TT-35847,SP-000893
FT-39930,SP-000894
K-19573,SP-000895
K-19573,SP-000896
P-35651,SP-000897
P-35651,SP-000898
V-37835,SP-000899
V-37835,SP-000900
COL-34561,SP-000901
COL-34561,SP-000902
K-24841,SP-000903
K-23196,SP-000904
FT-38225,SP-000905
FT-38225,SP-000906
P-3647,SP-000907
E-20694,SP-000908
E-20694,SP-000909
PT-1295,SP-000910
XV-1070,SP-000911
E-6478,SP-000912
K-3828,SP-000913
FT-19271,SP-000914
FT-19271,SP-000915
P-32879,SP-000916
P-32879,SP-000917
FT-27137,SP-000918
FT-27137,SP-000919
PSV-8415,SP-000920
PT-38296,SP-000921
PT-38296,SP-000922
FT-22509,SP-000923
COL-29096,SP-000924
FCV-13451,SP-000925
FCV-13451,SP-000926
P-35408,SP-000927
P-35408,SP-000928
V-20679,SP-000929
V-20679,SP-000930
P-35470,SP-000931
P-35470,SP-000932
P-24516,SP-000933
P-24516,SP-000934
TT-37814,SP-000935
TT-37814,SP-000936
P-15036,SP-000937
LT-16252,SP-000938
TT-14624,SP-000939
K-5942,SP-000940
K-5942,SP-000941
FCV-3308,SP-000942
PSV-1132,SP-000943
PSV-1132,SP-000944
P-3634,SP-000945
P-3634,SP-000946
TT-37454,SP-000947
TT-15500,SP-000948
TT-15500,SP-000949
TT-20735,SP-000950
XV-8333,SP-000951
XV-8333,SP-000952
XV-11370,SP-000953
COL-26365,SP-000954
FT-21847,SP-000955
TT-20557,SP-000956
V-14142,SP-000957
V-14142,SP-000958
TT-36077,SP-000959
TT-36077,SP-000960
XV-31732,SP-000961
XV-31732,SP-000962
PSV-6501,SP-000963
V-16251,SP-000964
PT-26590,SP-000965
PT-26590,SP-000966
TT-8123,SP-000967
TT-8123,SP-000968
XV-13865,SP-000969
XV-11023,SP-000970
XV-11023,SP-000971
K-9798,SP-000972
K-9798,SP-000973
TT-38794,SP-000974
TT-38794,SP-000975
K-24056,SP-000976
K-24056,SP-000977
LT-22966,SP-000978
LT-22966,SP-000979
P-39166,SP-000980
P-39166,SP-000981
PT-32447,SP-000982
COL-7313,SP-000983
FT-14412,SP-000984
FT-14412,SP-000985
K-30241,SP-000986
TT-20721,SP-000987
TT-20721,SP-000988
P-19379,SP-000989
K-1327,SP-000990
K-1327,SP-000991
XV-5798,SP-000992
XV-5798,SP-000993
P-32873,SP-000994
TT-20956,SP-000995
TT-31430,SP-000996
PT-26203,SP-000997
PT-26203,SP-000998
E-22000,SP-000999
E-22000,SP-001000
E-24069,SP-001001
E-24069,SP-001002
FT-36797,SP-001003
FT-36797,SP-001004
P-36227,SP-001005
P-36227,SP-001006
LT-3833,SP-001007
PT-10674,SP-001008
TT-19795,SP-001009
TT-17606,SP-001010
FT-10744,SP-001011
FT-10744,SP-001012
V-18822,SP-001013
COL-7469,SP-001014
COL-7469,SP-001015
V-32844,SP-001016
PSV-39190,SP-001017
PSV-39190,SP-001018
XV-14528,SP-001019
XV-14528,SP-001020
LT-27177,SP-001021
LT-27177,SP-001022
COL-20548,SP-001023
K-5731,SP-001024
COL-20044,SP-001025
E-31320,SP-001026
E-31320,SP-001027
FCV-14839,SP-001028
FCV-14839,SP-001029
E-20297,SP-001030
LT-28722,SP-001031
LT-28722,SP-001032
PSV-20779,SP-001033
V-12864,SP-001034
V-12864,SP-001035
PT-3709,SP-001036
PSV-13097,SP-001037
P-20017,SP-001038
E-28041,SP-001039
E-28041,SP-001040
COL-24116,SP-001041
COL-24116,SP-001042
TT-29337,SP-001043
V-17569,SP-001044
FCV-36984,SP-001045
FCV-36984,SP-001046
E-10328,SP-001047
PSV-27004,SP-001048
PSV-17247,SP-001049
PSV-17247,SP-001050
V-19844,SP-001051
V-19844,SP-001052
TT-15580,SP-001053
TT-15580,SP-001054
FCV-977,SP-001055
FCV-977,SP-001056
PSV-31818,SP-001057
PSV-265,SP-001058
PSV-265,SP-001059
TT-17571,SP-001060
PT-19812,SP-001061
PSV-36047,SP-001062
PSV-36047,SP-001063
PT-18875,SP-001064
P-11238,SP-001065
COL-33606,SP-001066
COL-33606,SP-001067
XV-34672,SP-001068
XV-34672,SP-001069
PT-19657,SP-001070
PT-19657,SP-001071
PT-25702,SP-001072
PT-25702,SP-001073
P-28512,SP-001074
PT-9560,SP-001075
FCV-29386,SP-001076
LT-5980,SP-001077
LT-5980,SP-001078
V-34538,SP-001079
XV-19235,SP-001080
V-21226,SP-001081
K-37542,SP-001082
PT-21460,SP-001083
PT-21460,SP-001084
FCV-35043,SP-001085
FCV-3914,SP-001086
K-3704,SP-001087
V-18989,SP-001088
XV-17621,SP-001089
XV-17621,SP-001090
FT-24331,SP-001091
V-10244,SP-001092
FCV-26086,SP-001093
FCV-26086,SP-001094
LT-18051,SP-001095
LT-18051,SP-001096
XV-2416,SP-001097
E-25191,SP-001098
E-25191,SP-001099
LT-37407,SP-001100
LT-37407,SP-001101
FT-11947,SP-001102
FT-34480,SP-001103
FT-34480,SP-001104
LT-38213,SP-001105
TT-14867,SP-001106
XV-12041,SP-001107
FCV-11899,SP-001108
FCV-11899,SP-001109
K-10957,SP-001110
XV-983,SP-001111
FT-17659,SP-001112
FCV-38309,SP-001113
PT-32536,SP-001114
PT-32536,SP-001115
P-35275,SP-001116
P-35275,SP-001117
FCV-17697,SP-001118
K-16549,SP-001119
TT-6809,SP-001120
PSV-28029,SP-001121
PSV-28029,SP-001122
TT-6190,SP-001123
TT-6190,SP-001124
XV-39049,SP-001125
XV-39049,SP-001126
LT-17974,SP-001127
LT-17974,SP-001128
E-34751,SP-001129
P-11102,SP-001130
P-11102,SP-001131
V-18825,SP-001132
K-19873,SP-001133
COL-4005,SP-001134
XV-11390,SP-001135
E-15813,SP-001136
E-15813,SP-001137
PSV-30369,SP-001138
V-25290,SP-001139
V-25290,SP-001140
V-12683,SP-001141
V-12683,SP-001142
XV-37587,SP-001143
FCV-35270,SP-001144
FCV-35270,SP-001145
TT-32746,SP-001146
K-11998,SP-001147
K-11998,SP-001148
PSV-9579,SP-001149
PSV-9579,SP-001150
E-7570,SP-001151
E-7570,SP-001152
LT-29252,SP-001153
LT-29252,SP-001154
P-23027,SP-001155
P-23027,SP-001156
TT-13134,SP-001157
FCV-30532,SP-001158
FCV-30532,SP-001159
V-20093,SP-001160
K-23562,SP-001161
P-18657,SP-001162
P-18657,SP-001163
P-31014,SP-001164
P-31014,SP-001165
P-36050,SP-001166
P-36050,SP-001167
P-17136,SP-001168
P-17136,SP-001169
XV-30984,SP-001170
XV-30984,SP-001171
FT-26943,SP-001172
P-3592,SP-001173
P-3592,SP-001174
COL-37307,SP-001175
COL-37307,SP-001176
V-19294,SP-001177
V-31213,SP-001178
V-31213,SP-001179
V-36111,SP-001180
PT-13360,SP-001181
PT-13360,SP-001182
PSV-22593,SP-001183
COL-37496,SP-001184
FT-36653,SP-001185
FT-36653,SP-001186
V-17007,SP-001187
V-17007,SP-001188
PSV-4589,SP-001189
PSV-4589,SP-001190
P-7209,SP-001191
PSV-32995,SP-001192
P-30978,SP-001193
XV-23073,SP-001194
PSV-25178,SP-001195
PSV-25178,SP-001196
V-35824,SP-001197
TT-29346,SP-001198
TT-29346,SP-001199
K-2488,SP-001200
K-2488,SP-001201
FT-21161,SP-001202
FT-21161,SP-001203
COL-6378,SP-001204
PT-4057,SP-001205
PT-4057,SP-001206
TT-11509,SP-001207
TT-11509,SP-001208
COL-20945,SP-001209
COL-20945,SP-001210
E-15509,SP-001211
FT-14331,SP-001212
FT-14331,SP-001213
V-32553,SP-001214
PT-20628,SP-001215
P-21378,SP-001216
E-2583,SP-001217
PT-36559,SP-001218
PT-36559,SP-001219
PT-27616,SP-001220
PT-27616,SP-001221
K-27340,SP-001222
K-27340,SP-001223
P-26687,SP-001224
K-25457,SP-001225
TT-5577,SP-001226
TT-5577,SP-001227
COL-17376,SP-001228
P-23751,SP-001229
FT-25538,SP-001230
FT-25538,SP-001231
LT-27739,SP-001232
FCV-23076,SP-001233
FCV-23076,SP-001234
LT-4644,SP-001235
LT-4644,SP-001236
LT-9352,SP-001237
COL-9570,SP-001238
LT-23048,SP-001239
COL-4567,SP-001240
COL-4567,SP-001241
V-4003,SP-001242
V-4003,SP-001243
FT-35071,SP-001244
PSV-25061,SP-001245
PSV-25061,SP-001246
E-17365,SP-001247
E-17365,SP-001248
LT-21684,SP-001249
PSV-31296,SP-001250
E-38121,SP-001251
E-38121,SP-001252
PT-26457,SP-001253
P-7300,SP-001254
FT-31715,SP-001255
FT-31715,SP-001256
COL-2156,SP-001257
COL-2156,SP-001258
PSV-17616,SP-001259
E-1198,SP-001260
FCV-28144,SP-001261
P-5863,SP-001262
P-5863,SP-001263
FCV-18960,SP-001264
LT-8290,SP-001265
LT-8290,SP-001266
V-18795,SP-001267
V-35322,SP-001268
TT-33145,SP-001269
FCV-34328,SP-001270
PT-34206,SP-001271
PT-34206,SP-001272
P-37584,SP-001273
P-37584,SP-001274
P-1115,SP-001275
P-1115,SP-001276
E-12526,SP-001277
XV-17669,SP-001278
K-6795,SP-001279
XV-28190,SP-001280
XV-28190,SP-001281
FCV-21690,SP-001282
FCV-21690,SP-001283
FCV-26321,SP-001284
LT-28385,SP-001285
P-33241,SP-001286
XV-22789,SP-001287
E-30738,SP-001288
PSV-16906,SP-001289
PSV-16906,SP-001290
FCV-10432,SP-001291
FCV-10432,SP-001292
PSV-16573,SP-001293
K-8234,SP-001294
FCV-17833,SP-001295
LT-21495,SP-001296
LT-21495,SP-001297
FT-25954,SP-001298
FT-25954,SP-001299
E-1372,SP-001300
E-1372,SP-001301
XV-18110,SP-001302
TT-11209,SP-001303
TT-11209,SP-001304
V-24136,SP-001305
V-24136,SP-001306
PT-36632,SP-001307
P-26207,SP-001308
P-26207,SP-001309
E-15013,SP-001310
E-15013,SP-001311
PSV-7691,SP-001312
E-7824,SP-001313
E-7824,SP-001314
TT-13877,SP-001315
FT-32663,SP-001316
FT-32663,SP-001317
FCV-33065,SP-001318
FCV-33065,SP-001319
FCV-20451,SP-001320
PT-38630,SP-001321
XV-4505,SP-001322
XV-4505,SP-001323
FT-2225,SP-001324
FT-2225,SP-001325
FT-39825,SP-001326
FT-39825,SP-001327
LT-21009,SP-001328
PT-1229,SP-001329
PT-1229,SP-001330
LT-3098,SP-001331
LT-36613,SP-001332
LT-36613,SP-001333
P-39908,SP-001334
V-38903,SP-001335
V-38903,SP-001336
K-1157,SP-001337
K-1157,SP-001338
PT-8760,SP-001339
PT-8760,SP-001340
PT-1882,SP-001341
E-9021,SP-001342
LT-27575,SP-001343
LT-27575,SP-001344
TT-24830,SP-001345
TT-24318,SP-001346
TT-24318,SP-001347
K-29123,SP-001348
K-29123,SP-001349
PSV-28671,SP-001350
E-20484,SP-001351
E-20484,SP-001352
FT-15632,SP-001353
FT-24227,SP-001354
FT-24227,SP-001355
K-27904,SP-001356
K-27904,SP-001357
P-12833,SP-001358
COL-32263,SP-001359
COL-32263,SP-001360
XV-8285,SP-001361
COL-1353,SP-001362
PSV-26384,SP-001363
LT-21184,SP-001364
FT-27272,SP-001365
FT-27272,SP-001366
PSV-3534,SP-001367
LT-13516,SP-001368
LT-13516,SP-001369
E-35970,SP-001370
E-35970,SP-001371
XV-25541,SP-001372
XV-25541,SP-001373
FT-36476,SP-001374
COL-16614,SP-001375
K-8747,SP-001376
K-8747,SP-001377
V-38097,SP-001378
V-38097,SP-001379
COL-25124,SP-001380
P-29201,SP-001381
P-29201,SP-001382
TT-37645,SP-001383
TT-37645,SP-001384
TT-15030,SP-001385
V-31125,SP-001386
V-31125,SP-001387
PSV-16234,SP-001388
PSV-16234,SP-001389
P-6603,SP-001390
P-6603,SP-001391
TT-14063,SP-001392
FCV-1743,SP-001393
PSV-21917,SP-001394
PSV-36386,SP-001395
LT-13471,SP-001396
PT-4250,SP-001397
TT-32308,SP-001398
V-14560,SP-001399
V-13166,SP-001400
V-13166,SP-001401
XV-17284,SP-001402
XV-17284,SP-001403
FCV-3359,SP-001404
P-21795,SP-001405
XV-37389,SP-001406
K-9512,SP-001407
LT-35233,SP-001408
PT-29454,SP-001409
PT-29454,SP-001410
LT-15263,SP-001411
LT-15263,SP-001412
FCV-6046,SP-001413
FCV-15471,SP-001414
PT-7970,SP-001415
FCV-129,SP-001416
FCV-129,SP-001417
COL-39988,SP-001418
COL-39988,SP-001419
P-17172,SP-001420
P-20188,SP-001421
K-28416,SP-001422
K-28416,SP-001423
FCV-11858,SP-001424
FCV-11858,SP-001425
XV-4981,SP-001426
COL-18870,SP-001427
COL-18870,SP-001428
K-26851,SP-001429
K-26851,SP-001430
PT-10641,SP-001431
LT-7742,SP-001432
LT-7742,SP-001433
FT-12084,SP-001434
FT-12084,SP-001435
E-18752,SP-001436
E-18752,SP-001437
P-7580,SP-001438
FT-36260,SP-001439
PT-13443,SP-001440
PT-13443,SP-001441
FT-19326,SP-001442
LT-22444,SP-001443
K-13227,SP-001444
K-13227,SP-001445
PSV-4565,SP-001446
PSV-4565,SP-001447
P-28456,SP-001448
P-28456,SP-001449
FCV-11010,SP-001450
FCV-11010,SP-001451
K-16650,SP-001452
V-30812,SP-001453
V-30812,SP-001454
LT-38893,SP-001455
E-26066,SP-001456
E-26066,SP-001457
FCV-2657,SP-001458
PT-10173,SP-001459
PT-10173,SP-001460
LT-23753,SP-001461
LT-23753,SP-001462
K-9628,SP-001463
PT-28640,SP-001464
PT-28640,SP-001465
XV-37252,SP-001466
XV-37252,SP-001467
FT-5296,SP-001468
E-19897,SP-001469
FCV-39647,SP-001470
FCV-39647,SP-001471
E-32641,SP-001472
V-24842,SP-001473
P-344,SP-001474
P-344,SP-001475
XV-25846,SP-001476
XV-25846,SP-001477
P-20368,SP-001478
P-20368,SP-001479
COL-28194,SP-001480
COL-28194,SP-001481
FT-38760,SP-001482
FT-38760,SP-001483
XV-10517,SP-001484
TT-34473,SP-001485
TT-34473,SP-001486
K-6139,SP-001487
P-15617,SP-001488
E-38897,SP-001489
E-38897,SP-001490
V-31104,SP-001491
V-31104,SP-001492
P-7577,SP-001493
E-38081,SP-001494
E-38081,SP-001495
E-36571,SP-001496
V-7495,SP-001497
V-7495,SP-001498
FT-4370,SP-001499
COL-17847,SP-001500
COL-17847,SP-001501
E-288,SP-001502
E-31869,SP-001503
LT-20390,SP-001504
LT-4916,SP-001505
PT-38348,SP-001506
PT-23674,SP-001507
FCV-16766,SP-001508
COL-29574,SP-001509
PSV-28053,SP-001510
LT-34104,SP-001511
LT-34104,SP-001512
P-6361,SP-001513
P-6361,SP-001514
PT-27099,SP-001515
LT-17201,SP-001516
FT-30715,SP-001517
FT-30715,SP-001518
PSV-13862,SP-001519
K-3770,SP-001520
K-3770,SP-001521
FCV-12176,SP-001522
FCV-12176,SP-001523
V-4069,SP-001524
V-4069,SP-001525
FCV-11049,SP-001526
FCV-11049,SP-001527
P-10474,SP-001528
P-10474,SP-001529
PT-14450,SP-001530
P-8180,SP-001531
P-8180,SP-001532
PT-25585,SP-001533
PT-25585,SP-001534
FT-24739,SP-001535
FT-12415,SP-001536
P-18157,SP-001537
TT-34362,SP-001538
TT-34362,SP-001539
PSV-38472,SP-001540
PSV-38472,SP-001541
FT-21687,SP-001542
FT-21687,SP-001543
FT-712,SP-001544
P-5604,SP-001545
P-5604,SP-001546
XV-25403,SP-001547
XV-25403,SP-001548
K-9441,SP-001549
K-9441,SP-001550
XV-31573,SP-001551
XV-31573,SP-001552
COL-23831,SP-001553
XV-8552,SP-001554
XV-8552,SP-001555
FT-3868,SP-001556
FT-3868,SP-001557
PT-24618,SP-001558
PT-24618,SP-001559
FCV-17401,SP-001560
FCV-17401,SP-001561
FCV-30894,SP-001562
P-20660,SP-001563
PSV-9635,SP-001564
PSV-8782,SP-001565
V-17326,SP-001566
FCV-32839,SP-001567
FCV-32839,SP-001568
TT-2738,SP-001569
FT-8622,SP-001570
PSV-29133,SP-001571
E-6493,SP-001572
E-6493,SP-001573
XV-34990,SP-001574
XV-34990,SP-001575
FT-35513,SP-001576
P-7394,SP-001577
P-7394,SP-001578
XV-10464,SP-001579
XV-10464,SP-001580
P-10203,SP-001581
PT-27009,SP-001582
PT-27009,SP-001583
TT-13627,SP-001584
TT-13627,SP-001585
PT-23876,SP-001586
TT-12944,SP-001587
TT-12944,SP-001588
FCV-35769,SP-001589
FCV-35769,SP-001590
LT-36837,SP-001591
LT-36837,SP-001592
FT-26833,SP-001593
FT-26833,SP-001594
P-133,SP-001595
P-133,SP-001596
COL-39865,SP-001597
COL-39865,SP-001598
V-24974,SP-001599
E-13238,SP-001600
FCV-11206,SP-001601
P-17271,SP-001602
COL-12788,SP-001603
COL-12788,SP-001604
PT-15497,SP-001605
PT-15497,SP-001606
K-38451,SP-001607
PT-23429,SP-001608
PT-23429,SP-001609
PSV-7949,SP-001610
E-32131,SP-001611
E-32131,SP-001612
FCV-34449,SP-001613
V-25561,SP-001614
TT-32778,SP-001615
K-34465,SP-001616
TT-25234,SP-001617
PSV-34856,SP-001618
PSV-34856,SP-001619
P-14806,SP-001620
P-20434,SP-001621
FCV-8829,SP-001622
FCV-8829,SP-001623
P-32079,SP-001624
P-32079,SP-001625
PT-2958,SP-001626
PT-2958,SP-001627
V-4872,SP-001628
V-4872,SP-001629
FT-9482,SP-001630
FT-9482,SP-001631
PSV-30117,SP-001632
PSV-30117,SP-001633
PT-1753,SP-001634
PT-1753,SP-001635
PT-31179,SP-001636
PT-31179,SP-001637
LT-33455,SP-001638
P-5915,SP-001639
XV-1999,SP-001640
V-25227,SP-001641
LT-21787,SP-001642
PT-7622,SP-001643
K-2465,SP-001644
P-36137,SP-001645
P-36137,SP-001646
PSV-18480,SP-001647
LT-4572,SP-001648
V-37450,SP-001649
XV-4030,SP-001650
XV-4030,SP-001651
P-36377,SP-001652
PT-30143,SP-001653
P-14025,SP-001654
P-14025,SP-001655
P-32591,SP-001656
P-32591,SP-001657
K-31588,SP-001658
K-31588,SP-001659
COL-28404,SP-001660
FCV-10248,SP-001661
FCV-10248,SP-001662
COL-35578,SP-001663
COL-35578,SP-001664
FCV-26976,SP-001665
FCV-33008,SP-001666
FCV-33008,SP-001667
P-7836,SP-001668
P-13980,SP-001669
COL-29040,SP-001670
TT-18297,SP-001671
PT-19698,SP-001672
PT-19698,SP-001673
P-19708,SP-001674
TT-27697,SP-001675
LT-27267,SP-001676
PSV-22387,SP-001677
PSV-22387,SP-001678
PT-18150,SP-001679
V-10034,SP-001680
PT-19240,SP-001681
E-11511,SP-001682
XV-1981,SP-001683
XV-1981,SP-001684
PSV-17568,SP-001685
PSV-17568,SP-001686
K-32770,SP-001687
LT-38255,SP-001688
XV-34020,SP-001689
XV-34020,SP-001690
PT-14626,SP-001691
PT-14626,SP-001692
XV-36444,SP-001693
XV-36444,SP-001694
K-31286,SP-001695
K-31286,SP-001696
LT-540,SP-001697
LT-540,SP-001698
LT-12019,SP-001699
LT-12019,SP-001700
XV-9576,SP-001701
TT-8583,SP-001702
PSV-1409,SP-001703
PSV-1409,SP-001704
E-27733,SP-001705
E-27733,SP-001706
E-38920,SP-001707
E-38920,SP-001708
LT-36407,SP-001709
FT-19499,SP-001710
FT-19499,SP-001711
V-18789,SP-001712
V-18789,SP-001713
V-13664,SP-001714
V-13664,SP-001715
E-2411,SP-001716
E-2411,SP-001717
COL-21639,SP-001718
TT-10134,SP-001719
FT-4711,SP-001720
FCV-36218,SP-001721
FCV-36218,SP-001722
TT-18739,SP-001723
TT-18739,SP-001724
XV-7361,SP-001725
XV-7361,SP-001726
COL-33532,SP-001727
K-6525,SP-001728
P-26884,SP-001729
P-36699,SP-001730
COL-34269,SP-001731
COL-34269,SP-001732
PSV-35937,SP-001733
P-16470,SP-001734
FT-7704,SP-001735
FT-7704,SP-001736
P-14155,SP-001737
XV-1529,SP-001738
XV-1529,SP-001739
XV-17168,SP-001740
XV-17168,SP-001741
K-21247,SP-001742
K-21247,SP-001743
PT-18270,SP-001744
COL-693,SP-001745
P-27480,SP-001746
XV-11512,SP-001747
E-8009,SP-001748
P-3086,SP-001749
V-3355,SP-001750
E-34774,SP-001751
E-34774,SP-001752
COL-1196,SP-001753
TT-32860,SP-001754
PT-37853,SP-001755
PT-37853,SP-001756
V-39277,SP-001757
V-39277,SP-001758
TT-32425,SP-001759
V-132,SP-001760
FCV-38486,SP-001761
FCV-38486,SP-001762
FCV-8510,SP-001763
FCV-8510,SP-001764
FT-10492,SP-001765
FT-6276,SP-001766
FT-6276,SP-001767
PT-18328,SP-001768
TT-8772,SP-001769
E-35661,SP-001770
FT-34927,SP-001771
FT-34927,SP-001772
FCV-454,SP-001773
FT-31232,SP-001774
FT-31232,SP-001775
K-38524,SP-001776
K-38524,SP-001777
K-20050,SP-001778
K-20050,SP-001779
P-37716,SP-001780
P-37716,SP-001781
FT-34876,SP-001782
P-6363,SP-001783
PT-12816,SP-001784
PT-12816,SP-001785
PT-20005,SP-001786
XV-22872,SP-001787
XV-22872,SP-001788
PT-17555,SP-001789
V-25725,SP-001790
V-25725,SP-001791
FCV-36324,SP-001792
FCV-36324,SP-001793
XV-31790,SP-001794
FT-13291,SP-001795
FT-13291,SP-001796
XV-34513,SP-001797
P-37783,SP-001798
COL-38531,SP-001799
TT-18861,SP-001800
TT-18861,SP-001801
FCV-25947,SP-001802
P-14866,SP-001803
P-14866,SP-001804
E-5153,SP-001805
P-5991,SP-001806
P-21018,SP-001807
P-21018,SP-001808
P-8727,SP-001809
P-8727,SP-001810
E-20624,SP-001811
E-20624,SP-001812
TT-5475,SP-001813
TT-5475,SP-001814
TT-13907,SP-001815
TT-13907,SP-001816
FCV-37392,SP-001817
FCV-37392,SP-001818
LT-12068,SP-001819
V-31657,SP-001820
K-6295,SP-001821
V-33398,SP-001822
LT-36975,SP-001823
LT-36975,SP-001824
E-37139,SP-001825
E-37139,SP-001826
K-38986,SP-001827
K-38986,SP-001828
E-26301,SP-001829
E-26301,SP-001830
P-21041,SP-001831
P-21041,SP-001832
P-12242,SP-001833
P-12242,SP-001834
XV-16564,SP-001835
XV-16564,SP-001836
E-10104,SP-001837
E-10104,SP-001838
FT-36217,SP-001839
FT-36217,SP-001840
XV-38358,SP-001841
XV-38358,SP-001842
XV-30792,SP-001843
XV-30792,SP-001844
K-23730,SP-001845
K-23730,SP-001846
K-3197,SP-001847
K-3197,SP-001848
V-12462,SP-001849
V-12462,SP-001850
PT-24368,SP-001851
FT-25171,SP-001852
K-28897,SP-001853
K-28897,SP-001854
P-23727,SP-001855
P-23727,SP-001856
PSV-7155,SP-001857
PSV-7155,SP-001858
K-18577,SP-001859
K-18577,SP-001860
TT-22158,SP-001861
TT-22158,SP-001862
K-10906,SP-001863
PT-24565,SP-001864
P-13442,SP-001865
FT-14485,SP-001866
PSV-5511,SP-001867
PSV-5511,SP-001868
COL-21319,SP-001869
COL-21319,SP-001870
COL-28363,SP-001871
FCV-12294,SP-001872
FCV-12294,SP-001873
FCV-18384,SP-001874
TT-21612,SP-001875
V-1066,SP-001876
V-1066,SP-001877
PT-35745,SP-001878
FT-21758,SP-001879
PT-35118,SP-001880
FCV-36721,SP-001881
FCV-36721,SP-001882
V-31939,SP-001883
V-31939,SP-001884
FCV-33060,SP-001885
FCV-33060,SP-001886
FCV-13067,SP-001887
FCV-13067,SP-001888
FCV-37403,SP-001889
FCV-37403,SP-001890
FCV-29266,SP-001891
XV-36822,SP-001892
XV-36822,SP-001893
TT-19811,SP-001894
TT-19811,SP-001895
K-30116,SP-001896
V-27311,SP-001897
K-9952,SP-001898
FT-34267,SP-001899
K-27863,SP-001900
K-27863,SP-001901
FT-6688,SP-001902
FT-6688,SP-001903
E-24217,SP-001904
E-24217,SP-001905
TT-27141,SP-001906
TT-27141,SP-001907
P-38433,SP-001908
P-37744,SP-001909
FT-2263,SP-001910
E-25961,SP-001911
E-25961,SP-001912
P-7968,SP-001913
K-36610,SP-001914
FCV-15348,SP-001915
P-19524,SP-001916
E-6572,SP-001917
E-6572,SP-001918
FT-15507,SP-001919
FT-15507,SP-001920
PSV-28565,SP-001921
PSV-28565,SP-001922
FT-5437,SP-001923
FT-5437,SP-001924
V-15655,SP-001925
V-15655,SP-001926
E-14246,SP-001927
E-14246,SP-001928
LT-27235,SP-001929
FT-26308,SP-001930
XV-626,SP-001931
LT-8205,SP-001932
COL-36142,SP-001933
COL-36142,SP-001934
XV-25051,SP-001935
XV-25051,SP-001936
V-20337,SP-001937
P-32728,SP-001938
P-32728,SP-001939
P-2418,SP-001940
P-2418,SP-001941
P-3404,SP-001942
XV-25351,SP-001943
FCV-18494,SP-001944
P-33584,SP-001945
P-8439,SP-001946
P-8439,SP-001947
V-12284,SP-001948
PSV-17641,SP-001949
P-18199,SP-001950
P-18199,SP-001951
PT-18282,SP-001952
PSV-19946,SP-001953
PSV-19946,SP-001954
XV-38063,SP-001955
XV-38063,SP-001956
P-14588,SP-001957
TT-39763,SP-001958
TT-39763,SP-001959
XV-15091,SP-001960
XV-15091,SP-001961
K-8186,SP-001962
P-24231,SP-001963
PT-16503,SP-001964
PT-16503,SP-001965
COL-3651,SP-001966
COL-3651,SP-001967
P-27129,SP-001968
P-27129,SP-001969
V-28626,SP-001970
V-28626,SP-001971
XV-30434,SP-001972
XV-30434,SP-001973
P-35060,SP-001974
P-35060,SP-001975
FCV-30134,SP-001976
FCV-30134,SP-001977
FT-29009,SP-001978
FT-29009,SP-001979
COL-16703,SP-001980
COL-16703,SP-001981
LT-8411,SP-001982
PSV-21842,SP-001983
P-6117,SP-001984
E-34320,SP-001985
E-34320,SP-001986
TT-35536,SP-001987
TT-35536,SP-001988
E-23173,SP-001989
COL-21426,SP-001990
P-9374,SP-001991
PT-30128,SP-001992
PT-30128,SP-001993
TT-11779,SP-001994
TT-11779,SP-001995
PT-7979,SP-001996
PT-7979,SP-001997
PT-23668,SP-001998
PT-23668,SP-001999
P-34338,SP-002000
TT-7965,SP-002001
TT-34446,SP-002002
FT-173,SP-002003
FT-173,SP-002004
COL-9700,SP-002005
COL-9700,SP-002006
E-4018,SP-002007
V-13404,SP-002008
V-13404,SP-002009
LT-9085,SP-002010
XV-7334,SP-002011
LT-18415,SP-002012
LT-18415,SP-002013
XV-10037,SP-002014
P-8616,SP-002015
P-8616,SP-002016
LT-12902,SP-002017
P-8628,SP-002018
V-38056,SP-002019
E-30421,SP-002020
E-20485,SP-002021
E-20485,SP-002022
V-31768,SP-002023
P-38959,SP-002024
TT-1414,SP-002025
TT-1414,SP-002026
V-19008,SP-002027
V-19008,SP-002028
P-2612,SP-002029
FCV-1949,SP-002030
FCV-1949,SP-002031
TT-19501,SP-002032
TT-19501,SP-002033
TT-25887,SP-002034
TT-25887,SP-002035
XV-4468,SP-002036
XV-4468,SP-002037
K-32783,SP-002038
K-32783,SP-002039
E-27429,SP-002040
E-27429,SP-002041
FT-25456,SP-002042
FCV-37758,SP-002043
FCV-37758,SP-002044
E-17500,SP-002045
FT-16100,SP-002046
FT-16100,SP-002047
XV-30583,SP-002048
XV-30583,SP-002049
COL-3740,SP-002050
COL-3740,SP-002051
LT-22525,SP-002052
LT-22525,SP-002053
PSV-14884,SP-002054
PSV-14884,SP-002055
COL-10503,SP-002056
COL-10503,SP-002057
PT-25618,SP-002058
PT-25618,SP-002059
COL-10921,SP-002060
COL-10921,SP-002061
PSV-23060,SP-002062
K-35086,SP-002063
FCV-8581,SP-002064
PSV-35434,SP-002065
V-22533,SP-002066
V-22533,SP-002067
FCV-21587,SP-002068
FCV-21587,SP-002069
PSV-16595,SP-002070
PSV-16595,SP-002071
P-2505,SP-002072
P-2505,SP-002073
PSV-5011,SP-002074
K-8877,SP-002075
PSV-2467,SP-002076
P-23508,SP-002077
XV-24469,SP-002078
XV-24469,SP-002079
PT-6161,SP-002080
PT-6161,SP-002081
P-24713,SP-002082
V-11057,SP-002083
V-11057,SP-002084
COL-26459,SP-002085
COL-26459,SP-002086
P-2127,SP-002087
P-2127,SP-002088
FT-26541,SP-002089
LT-35522,SP-002090
TT-12637,SP-002091
TT-12637,SP-002092
FCV-14546,SP-002093
FCV-14546,SP-002094
XV-388,SP-002095
XV-388,SP-002096
P-2073,SP-002097
PSV-31085,SP-002098
E-35947,SP-002099
TT-2746,SP-002100
TT-2746,SP-002101
FCV-3650,SP-002102
FT-32540,SP-002103
FT-32540,SP-002104
COL-6845,SP-002105
COL-25583,SP-002106
PSV-18667,SP-002107
PSV-13827,SP-002108
PSV-13827,SP-002109
FCV-31479,SP-002110
FCV-31479,SP-002111
COL-36296,SP-002112
COL-36296,SP-002113
COL-34127,SP-002114
COL-34127,SP-002115
FCV-31261,SP-002116
FCV-31261,SP-002117
P-16381,SP-002118
PT-39794,SP-002119
PT-39794,SP-002120
COL-6956,SP-002121
COL-6956,SP-002122
V-24778,SP-002123
V-24778,SP-002124
P-18459,SP-002125
P-18459,SP-002126
K-10446,SP-002127
K-10446,SP-002128
E-9024,SP-002129
E-9024,SP-002130
P-30895,SP-002131
P-30895,SP-002132
V-2618,SP-002133
FCV-15480,SP-002134
FCV-15480,SP-002135
LT-13615,SP-002136
LT-13615,SP-002137
TT-2227,SP-002138
TT-2227,SP-002139
V-26274,SP-002140
LT-9663,SP-002141
LT-9663,SP-002142
FT-25908,SP-002143
V-30001,SP-002144
V-30001,SP-002145
PT-10775,SP-002146
PT-10775,SP-002147
PSV-22621,SP-002148
XV-20316,SP-002149
P-35190,SP-002150
P-35190,SP-002151
PT-31156,SP-002152
PT-31156,SP-002153
COL-36500,SP-002154
COL-36500,SP-002155
COL-29327,SP-002156
V-7794,SP-002157
PT-22145,SP-002158
P-11836,SP-002159
P-11836,SP-002160
XV-4746,SP-002161
E-26369,SP-002162
E-26369,SP-002163
LT-34187,SP-002164
LT-34187,SP-002165
XV-18904,SP-002166
P-21530,SP-002167
P-21530,SP-002168
FT-34735,SP-002169
FT-34735,SP-002170
P-30931,SP-002171
K-24273,SP-002172
K-24273,SP-002173
XV-4412,SP-002174
XV-4412,SP-002175
COL-3152,SP-002176
COL-3152,SP-002177
E-10202,SP-002178
E-10202,SP-002179
COL-30636,SP-002180
COL-30636,SP-002181
PT-6473,SP-002182
P-28832,SP-002183
P-28832,SP-002184
COL-9058,SP-002185
COL-9058,SP-002186
LT-11773,SP-002187
LT-24646,SP-002188
LT-24646,SP-002189
P-10865,SP-002190
P-10865,SP-002191
P-38028,SP-002192
P-38509,SP-002193
P-38509,SP-002194
TT-26400,SP-002195
TT-26400,SP-002196
P-33760,SP-002197
P-33760,SP-002198
TT-26451,SP-002199
TT-26451,SP-002200
XV-27128,SP-002201
COL-5829,SP-002202
COL-5829,SP-002203
COL-12201,SP-002204
TT-36956,SP-002205
P-3335,SP-002206
P-3335,SP-002207
TT-22959,SP-002208
TT-22959,SP-002209
E-38153,SP-002210
E-38153,SP-002211
XV-8725,SP-002212
V-39096,SP-002213
PSV-6036,SP-002214
COL-4009,SP-002215
XV-37281,SP-002216
XV-37281,SP-002217
P-19296,SP-002218
PSV-38202,SP-002219
XV-31971,SP-002220
XV-31971,SP-002221
P-4192,SP-002222
P-4192,SP-002223
P-18214,SP-002224
COL-13243,SP-002225
COL-13243,SP-002226
LT-33780,SP-002227
LT-33780,SP-002228
P-29435,SP-002229
P-29435,SP-002230
P-11018,SP-002231
P-11018,SP-002232
P-24534,SP-002233
TT-9902,SP-002234
PSV-26993,SP-002235
P-916,SP-002236
P-916,SP-002237
K-761,SP-002238
K-761,SP-002239
FT-35842,SP-002240
PT-20305,SP-002241
PT-20305,SP-002242
PSV-867,SP-002243
P-22662,SP-002244
P-22662,SP-002245
K-11668,SP-002246
P-1427,SP-002247
P-1427,SP-002248
V-10063,SP-002249
V-10063,SP-002250
K-8163,SP-002251
K-8163,SP-002252
P-6299,SP-002253
P-6299,SP-002254
PSV-12744,SP-002255
V-29027,SP-002256
V-29027,SP-002257
P-11320,SP-002258
FT-27792,SP-002259
LT-26303,SP-002260
COL-25694,SP-002261
FCV-13585,SP-002262
E-28848,SP-002263
E-39544,SP-002264
E-39544,SP-002265
FCV-9547,SP-002266
LT-33230,SP-002267
PT-10114,SP-002268
FT-9906,SP-002269
TT-26814,SP-002270
FCV-36380,SP-002271
FCV-36380,SP-002272
TT-34730,SP-002273
TT-34730,SP-002274
P-13912,SP-002275
K-34704,SP-002276
K-34704,SP-002277
PSV-9746,SP-002278
PSV-9746,SP-002279
FCV-16992,SP-002280
TT-5717,SP-002281
TT-5717,SP-002282
PT-13935,SP-002283
LT-21482,SP-002284
LT-21482,SP-002285
FT-25055,SP-002286
P-16429,SP-002287
P-16429,SP-002288
E-18686,SP-002289
FCV-8930,SP-002290
FCV-8930,SP-002291
FCV-8589,SP-002292
P-10175,SP-002293
P-10175,SP-002294
XV-22948,SP-002295
E-7479,SP-002296
E-7479,SP-002297
LT-38003,SP-002298
LT-38003,SP-002299
PSV-13901,SP-002300
PSV-13901,SP-002301
K-31808,SP-002302
XV-6505,SP-002303
COL-7698,SP-002304
XV-25649,SP-002305
LT-1209,SP-002306
E-10802,SP-002307
E-10802,SP-002308
P-20464,SP-002309
P-20464,SP-002310
LT-26267,SP-002311
LT-26267,SP-002312
P-6907,SP-002313
P-6907,SP-002314
E-36271,SP-002315
P-37204,SP-002316
P-37204,SP-002317
XV-12333,SP-002318
E-32136,SP-002319
PT-18774,SP-002320
PT-18774,SP-002321
TT-14390,SP-002322
TT-14390,SP-002323
FT-8314,SP-002324
COL-20887,SP-002325
COL-20887,SP-002326
FCV-33310,SP-002327
XV-4812,SP-002328
P-22198,SP-002329
P-22198,SP-002330
TT-10900,SP-002331
PT-36988,SP-002332
P-9543,SP-002333
LT-17013,SP-002334
LT-17013,SP-002335
FCV-35281,SP-002336
E-7805,SP-002337
E-7805,SP-002338
P-37472,SP-002339
LT-9203,SP-002340
V-23510,SP-002341
V-23510,SP-002342
FT-34064,SP-002343
PSV-28939,SP-002344
XV-18594,SP-002345
XV-33833,SP-002346
K-35595,SP-002347
XV-22284,SP-002348
K-27221,SP-002349
K-27221,SP-002350
P-23832,SP-002351
P-23832,SP-002352
FCV-33235,SP-002353
FCV-33235,SP-002354
FCV-11213,SP-002355
E-20561,SP-002356
XV-5483,SP-002357
PSV-28774,SP-002358
P-23051,SP-002359
P-23051,SP-002360
LT-22991,SP-002361
LT-22991,SP-002362
V-28768,SP-002363
P-25769,SP-002364
P-25769,SP-002365
P-38733,SP-002366
V-34986,SP-002367
V-34807,SP-002368
V-34807,SP-002369
E-18733,SP-002370
E-18733,SP-002371
XV-25562,SP-002372
XV-38557,SP-002373
XV-1628,SP-002374
PT-389,SP-002375
PT-389,SP-002376
LT-37041,SP-002377
LT-37041,SP-002378
P-16982,SP-002379
P-16982,SP-002380
P-31407,SP-002381
P-31407,SP-002382
K-39455,SP-002383
K-39455,SP-002384
XV-33120,SP-002385
XV-33120,SP-002386
V-32483,SP-002387
COL-25346,SP-002388
FT-16829,SP-002389
FT-16829,SP-002390
COL-11116,SP-002391
COL-11116,SP-002392
COL-26237,SP-002393
COL-26237,SP-002394
COL-30630,SP-002395
COL-30630,SP-002396
TT-16659,SP-002397
TT-16659,SP-002398
FT-32122,SP-002399
COL-20989,SP-002400
FT-15177,SP-002401
TT-16742,SP-002402
E-22862,SP-002403
E-22862,SP-002404
TT-19436,SP-002405
LT-6511,SP-002406
LT-6511,SP-002407
FCV-8775,SP-002408
P-32577,SP-002409
LT-15991,SP-002410
COL-9968,SP-002411
E-16644,SP-002412
E-16644,SP-002413
P-4626,SP-002414
K-28694,SP-002415
K-28694,SP-002416
LT-37014,SP-002417
K-3529,SP-002418
P-30851,SP-002419
LT-37115,SP-002420
LT-37115,SP-002421
K-15025,SP-002422
E-19264,SP-002423
E-19264,SP-002424
XV-12460,SP-002425
XV-12460,SP-002426
E-14105,SP-002427
PT-89,SP-002428
TT-21930,SP-002429
TT-21930,SP-002430
LT-39317,SP-002431
P-19621,SP-002432
FCV-10466,SP-002433
FCV-20937,SP-002434
FCV-20937,SP-002435
PT-39528,SP-002436
PT-39528,SP-002437
XV-33379,SP-002438
XV-33379,SP-002439
FT-16464,SP-002440
E-13038,SP-002441
E-13038,SP-002442
FT-29348,SP-002443
FT-29348,SP-002444
FT-8481,SP-002445
P-25317,SP-002446
TT-35596,SP-002447
LT-29035,SP-002448
E-23809,SP-002449
FT-22104,SP-002450
P-25646,SP-002451
P-25646,SP-002452
K-38391,SP-002453
K-38391,SP-002454
PT-28662,SP-002455
K-5359,SP-002456
COL-32208,SP-002457
COL-32208,SP-002458
XV-30423,SP-002459
P-8769,SP-002460
PSV-3107,SP-002461
XV-18249,SP-002462
FT-13805,SP-002463
FT-13805,SP-002464
FT-16804,SP-002465
LT-29852,SP-002466
LT-29852,SP-002467
LT-17967,SP-002468
V-15921,SP-002469
V-12982,SP-002470
P-23908,SP-002471
COL-4473,SP-002472
COL-6989,SP-002473
COL-18797,SP-002474
XV-29975,SP-002475
XV-19247,SP-002476
TT-19307,SP-002477
TT-19307,SP-002478
TT-38379,SP-002479
P-13253,SP-002480
P-13253,SP-002481
FCV-2289,SP-002482
LT-7198,SP-002483
LT-7198,SP-002484
PSV-17811,SP-002485
PSV-17811,SP-002486
LT-38098,SP-002487
LT-38098,SP-002488
K-16439,SP-002489
PT-17838,SP-002490
PT-17838,SP-002491
LT-16238,SP-002492
LT-33153,SP-002493
XV-22615,SP-002494
PSV-32573,SP-002495
PSV-28285,SP-002496
PSV-21466,SP-002497
PSV-21466,SP-002498
TT-10762,SP-002499
PT-31530,SP-002500
LT-37864,SP-002501
PT-39375,SP-002502
PT-39375,SP-002503
LT-18073,SP-002504
FCV-14931,SP-002505
XV-35419,SP-002506
XV-35419,SP-002507
P-29545,SP-002508
P-29545,SP-002509
PT-24613,SP-002510
P-12319,SP-002511
P-12319,SP-002512
FT-19232,SP-002513
FT-19232,SP-002514
PSV-11824,SP-002515
FT-9389,SP-002516
FT-9389,SP-002517
XV-34781,SP-002518
XV-34781,SP-002519
TT-13501,SP-002520
P-11632,SP-002521
P-11632,SP-002522
LT-21019,SP-002523
FCV-36295,SP-002524
P-2303,SP-002525
PT-38616,SP-002526
PT-38616,SP-002527
V-12578,SP-002528
PSV-8612,SP-002529
PSV-8612,SP-002530
V-10149,SP-002531
FCV-23509,SP-002532
FCV-23509,SP-002533
LT-28396,SP-002534
LT-38703,SP-002535
P-19312,SP-002536
P-19312,SP-002537
P-16485,SP-002538
FCV-35078,SP-002539
FCV-35078,SP-002540
V-14292,SP-002541
V-14292,SP-002542
PT-10380,SP-002543
PT-10380,SP-002544
E-28468,SP-002545
E-28468,SP-002546
XV-948,SP-002547
XV-948,SP-002548
FCV-22985,SP-002549
P-35348,SP-002550
P-35348,SP-002551
COL-37901,SP-002552
PSV-605,SP-002553
PSV-605,SP-002554
XV-10730,SP-002555
XV-10730,SP-002556
COL-38989,SP-002557
K-14869,SP-002558
K-14869,SP-002559
LT-11991,SP-002560
LT-11991,SP-002561
FT-34636,SP-002562
P-36813,SP-002563
K-34685,SP-002564
P-34102,SP-002565
LT-1674,SP-002566
LT-1674,SP-002567
E-19398,SP-002568
E-19398,SP-002569
PT-13814,SP-002570
PT-13814,SP-002571
P-19730,SP-002572
K-34284,SP-002573
K-34284,SP-002574
XV-11665,SP-002575
XV-11665,SP-002576
K-16150,SP-002577
E-32790,SP-002578
E-32790,SP-002579
LT-10400,SP-002580
COL-92,SP-002581
COL-92,SP-002582
K-24399,SP-002583
K-24399,SP-002584
TT-31251,SP-002585
XV-20228,SP-002586
PSV-38220,SP-002587
PSV-38220,SP-002588
TT-17881,SP-002589
E-5695,SP-002590
E-5695,SP-002591
P-25767,SP-002592
P-25767,SP-002593
E-23134,SP-002594
COL-21368,SP-002595
COL-21368,SP-002596
TT-8850,SP-002597
TT-8850,SP-002598
XV-31604,SP-002599
V-22852,SP-002600
FCV-31851,SP-002601
P-17395,SP-002602
P-17395,SP-002603
P-18684,SP-002604
LT-39620,SP-002605
P-1088,SP-002606
XV-21774,SP-002607
XV-21774,SP-002608
FT-11527,SP-002609
FT-11527,SP-002610
FCV-18622,SP-002611
COL-15074,SP-002612
PT-31444,SP-002613
PT-31444,SP-002614
V-36851,SP-002615
PT-27342,SP-002616
PT-27342,SP-002617
FT-10807,SP-002618
FT-10807,SP-002619
LT-17688,SP-002620
K-36866,SP-002621
XV-19428,SP-002622
XV-19428,SP-002623
P-32798,SP-002624
PT-3958,SP-002625
LT-34572,SP-002626
XV-21868,SP-002627
XV-21868,SP-002628
XV-38256,SP-002629
PT-29459,SP-002630
PSV-36184,SP-002631
PSV-36184,SP-002632
FCV-17583,SP-002633
FCV-17583,SP-002634
PSV-15071,SP-002635
PSV-15071,SP-002636
TT-10172,SP-002637
XV-8882,SP-002638
K-16180,SP-002639
P-15513,SP-002640
LT-9268,SP-002641
LT-9268,SP-002642
FT-35615,SP-002643
TT-20222,SP-002644
TT-20222,SP-002645
P-32713,SP-002646
P-32713,SP-002647
XV-15749,SP-002648
XV-15749,SP-002649
TT-32828,SP-002650
V-25373,SP-002651
V-25373,SP-002652
FT-11762,SP-002653
PT-20978,SP-002654
PT-20978,SP-002655
P-10382,SP-002656
FCV-29413,SP-002657
V-1332,SP-002658
V-1332,SP-002659
V-7895,SP-002660
V-7895,SP-002661
TT-7803,SP-002662
TT-7803,SP-002663
V-2207,SP-002664
P-21672,SP-002665
P-21672,SP-002666
FCV-8718,SP-002667
COL-39215,SP-002668
COL-39215,SP-002669
FT-29036,SP-002670
FT-29036,SP-002671
P-3049,SP-002672
P-3049,SP-002673
K-2201,SP-002674
PSV-21887,SP-002675
PSV-21887,SP-002676
FT-13077,SP-002677
FCV-5308,SP-002678
FCV-5308,SP-002679
P-28134,SP-002680
COL-30234,SP-002681
COL-30234,SP-002682
V-5231,SP-002683
XV-31691,SP-002684
LT-11503,SP-002685
LT-11503,SP-002686
COL-21848,SP-002687
COL-21848,SP-002688
FCV-23398,SP-002689
XV-1888,SP-002690
K-28779,SP-002691
PSV-13586,SP-002692
FCV-6003,SP-002693
E-28482,SP-002694
P-23767,SP-002695
P-16611,SP-002696
FT-18418,SP-002697
P-4970,SP-002698
K-29719,SP-002699
E-29115,SP-002700
K-12051,SP-002701
K-12051,SP-002702
TT-16309,SP-002703
FCV-24986,SP-002704
FCV-24986,SP-002705
K-5753,SP-002706
P-32421,SP-002707
P-32421,SP-002708
P-1788,SP-002709
P-1788,SP-002710
V-11321,SP-002711
XV-39533,SP-002712
FCV-6030,SP-002713
K-612,SP-002714
XV-27321,SP-002715
XV-27321,SP-002716
P-27489,SP-002717
P-27489,SP-002718
PSV-31012,SP-002719
PSV-31012,SP-002720
PSV-19228,SP-002721
P-20938,SP-002722
P-3742,SP-002723
V-37930,SP-002724
E-4997,SP-002725
E-4997,SP-002726
TT-4355,SP-002727
TT-4355,SP-002728
TT-15365,SP-002729
TT-15365,SP-002730
COL-4738,SP-002731
FT-11618,SP-002732
FT-11618,SP-002733
PT-7860,SP-002734
E-17782,SP-002735
PT-35201,SP-002736
PT-35201,SP-002737
LT-4915,SP-002738
K-29181,SP-002739
K-3378,SP-002740
K-3378,SP-002741
COL-14953,SP-002742
COL-14953,SP-002743
PT-13842,SP-002744
K-1697,SP-002745
PSV-37624,SP-002746
FCV-4261,SP-002747
PT-38290,SP-002748
PT-38290,SP-002749
P-31928,SP-002750
XV-26411,SP-002751
FT-4191,SP-002752
E-8594,SP-002753
TT-24640,SP-002754
TT-24640,SP-002755
COL-10825,SP-002756
FT-7668,SP-002757
FT-7668,SP-002758
COL-30431,SP-002759
LT-33334,SP-002760
LT-33334,SP-002761
FT-21173,SP-002762
FT-8114,SP-002763
FT-8114,SP-002764
K-18277,SP-002765
K-18277,SP-002766
COL-34772,SP-002767
COL-34772,SP-002768
V-1331,SP-002769
E-8781,SP-002770
FCV-8174,SP-002771
P-24581,SP-002772
P-24581,SP-002773
K-16448,SP-002774
XV-24344,SP-002775
FCV-2620,SP-002776
FCV-2620,SP-002777
P-7219,SP-002778
P-7219,SP-002779
P-34868,SP-002780
P-34868,SP-002781
P-15464,SP-002782
P-15464,SP-002783
PSV-20631,SP-002784
COL-23820,SP-002785
PSV-19285,SP-002786
P-24432,SP-002787
LT-17787,SP-002788
P-23811,SP-002789
XV-37510,SP-002790
XV-37510,SP-002791
V-28960,SP-002792
V-28960,SP-002793
E-9608,SP-002794
E-9608,SP-002795
V-21724,SP-002796
V-21724,SP-002797
K-20605,SP-002798
XV-9102,SP-002799
XV-9102,SP-002800
E-37994,SP-002801
E-37994,SP-002802
K-32554,SP-002803
LT-6616,SP-002804
K-37136,SP-002805
K-37136,SP-002806
E-28545,SP-002807
E-28545,SP-002808
FCV-9052,SP-002809
P-35948,SP-002810
P-35948,SP-002811
V-3714,SP-002812
V-3714,SP-002813
P-39069,SP-002814
FCV-5861,SP-002815
P-22884,SP-002816
P-22884,SP-002817
FT-7980,SP-002818
PSV-3489,SP-002819
PSV-3489,SP-002820
E-25899,SP-002821
P-7607,SP-002822
TT-16687,SP-002823
TT-16687,SP-002824
TT-10044,SP-002825
TT-10044,SP-002826
FT-7629,SP-002827
FCV-5418,SP-002828
FCV-5418,SP-002829
FT-11664,SP-002830
PT-201,SP-002831
PT-201,SP-002832
E-259,SP-002833
PSV-37155,SP-002834
XV-90,SP-002835
XV-90,SP-002836
PSV-29189,SP-002837
COL-12067,SP-002838
COL-38395,SP-002839
FT-21947,SP-002840
FCV-20071,SP-002841
PT-26412,SP-002842
FCV-13866,SP-002843
FCV-13866,SP-002844
V-24741,SP-002845
FT-34900,SP-002846
K-30030,SP-002847
FT-8146,SP-002848
FCV-2500,SP-002849
FCV-2500,SP-002850
V-31917,SP-002851
V-31917,SP-002852
LT-32374,SP-002853
FCV-13647,SP-002854
E-12957,SP-002855
E-12957,SP-002856
XV-8221,SP-002857
K-1317,SP-002858
V-23160,SP-002859
V-23160,SP-002860
FCV-37189,SP-002861
P-39999,SP-002862
P-39999,SP-002863
PT-36443,SP-002864
PT-36443,SP-002865
XV-29420,SP-002866
XV-29420,SP-002867
COL-11197,SP-002868
COL-11197,SP-002869
E-16177,SP-002870
P-35044,SP-002871
PT-33879,SP-002872
PT-33879,SP-002873
PSV-23286,SP-002874
FT-39563,SP-002875
FT-39563,SP-002876
V-25082,SP-002877
LT-22360,SP-002878
LT-22360,SP-002879
TT-35777,SP-002880
TT-35777,SP-002881
P-16343,SP-002882
P-11268,SP-002883
P-11268,SP-002884
E-13691,SP-002885
TT-29007,SP-002886
V-17191,SP-002887
V-17191,SP-002888
PSV-35207,SP-002889
PSV-35207,SP-002890
XV-9332,SP-002891
XV-9332,SP-002892
FCV-9000,SP-002893
FCV-9000,SP-002894
PSV-28273,SP-002895
PT-35909,SP-002896
XV-21325,SP-002897
PSV-1337,SP-002898
FT-30987,SP-002899
FT-30987,SP-002900
FT-20894,SP-002901
XV-15620,SP-002902
FCV-24794,SP-002903
LT-32750,SP-002904
P-23810,SP-002905
P-23810,SP-002906
K-16108,SP-002907
PSV-31199,SP-002908
PSV-31199,SP-002909
COL-6211,SP-002910
PT-5456,SP-002911
PT-5456,SP-002912
V-27852,SP-002913
V-3342,SP-002914
PSV-30273,SP-002915
K-12893,SP-002916
P-17398,SP-002917
P-17398,SP-002918
K-16175,SP-002919
PSV-7975,SP-002920
PSV-7975,SP-002921
E-12581,SP-002922
TT-13665,SP-002923
TT-13665,SP-002924
XV-12000,SP-002925
XV-12000,SP-002926
E-32213,SP-002927
E-9187,SP-002928
LT-15666,SP-002929
LT-15666,SP-002930
XV-16944,SP-002931
PSV-8013,SP-002932
PSV-8013,SP-002933
P-31347,SP-002934
P-31347,SP-002935
PT-17533,SP-002936
PT-17533,SP-002937
FCV-24216,SP-002938
COL-14531,SP-002939
COL-14531,SP-002940
XV-28047,SP-002941
PSV-20569,SP-002942
FCV-28937,SP-002943
XV-36804,SP-002944
XV-36804,SP-002945
LT-32315,SP-002946
FCV-23149,SP-002947
P-30055,SP-002948
P-30055,SP-002949
PSV-28411,SP-002950
PSV-28411,SP-002951
XV-1661,SP-002952
LT-36032,SP-002953
TT-3713,SP-002954
TT-3713,SP-002955
P-7403,SP-002956
P-7403,SP-002957
LT-1840,SP-002958
XV-28265,SP-002959
XV-28265,SP-002960
LT-7729,SP-002961
LT-7729,SP-002962
P-6317,SP-002963
COL-36579,SP-002964
COL-29003,SP-002965
FT-14677,SP-002966
FT-14677,SP-002967
FT-24628,SP-002968
FT-24628,SP-002969
FT-14482,SP-002970
FT-14482,SP-002971
FCV-32026,SP-002972
P-1828,SP-002973
P-1828,SP-002974
E-19955,SP-002975
TT-28403,SP-002976
FCV-12642,SP-002977
P-23849,SP-002978
COL-15431,SP-002979
V-35685,SP-002980
V-35685,SP-002981
TT-36767,SP-002982
P-7526,SP-002983
FT-14510,SP-002984
FT-14510,SP-002985
XV-2608,SP-002986
XV-2608,SP-002987
PSV-10862,SP-002988
P-9830,SP-002989
K-28251,SP-002990
PSV-13512,SP-002991
PSV-13512,SP-002992
P-31050,SP-002993
P-31050,SP-002994
PT-22018,SP-002995
PT-22018,SP-002996
K-3190,SP-002997
FT-38026,SP-002998
E-1517,SP-002999
FT-28061,SP-003000
LT-17303,SP-003001
PSV-18300,SP-003002
XV-4392,SP-003003
XV-4392,SP-003004
PT-29512,SP-003005
PT-29512,SP-003006
XV-12435,SP-003007
XV-12435,SP-003008
XV-187,SP-003009
XV-187,SP-003010
TT-2717,SP-003011
TT-2717,SP-003012
XV-35165,SP-003013
XV-35165,SP-003014
XV-32715,SP-003015
XV-32715,SP-003016
K-21925,SP-003017
P-34723,SP-003018
P-34723,SP-003019
FT-6923,SP-003020
FT-6923,SP-003021
E-2490,SP-003022
E-2490,SP-003023
P-16322,SP-003024
V-28174,SP-003025
K-2168,SP-003026
TT-35868,SP-003027
TT-35868,SP-003028
TT-3971,SP-003029
TT-3971,SP-003030
E-33722,SP-003031
K-26888,SP-003032
P-32652,SP-003033
P-32652,SP-003034
COL-36635,SP-003035
COL-36635,SP-003036
V-1101,SP-003037
V-1101,SP-003038
P-11501,SP-003039
P-11501,SP-003040
P-18842,SP-003041
P-18842,SP-003042
P-11732,SP-003043
P-11732,SP-003044
XV-33914,SP-003045
XV-33914,SP-003046
PT-6651,SP-003047
P-28245,SP-003048
P-28245,SP-003049
COL-9199,SP-003050
P-31487,SP-003051
COL-34972,SP-003052
COL-34972,SP-003053
XV-36309,SP-003054
P-26998,SP-003055
TT-38797,SP-003056
PT-5762,SP-003057
V-18323,SP-003058
P-23945,SP-003059
P-23945,SP-003060
FT-29816,SP-003061
FT-29816,SP-003062
P-21410,SP-003063
P-21410,SP-003064
COL-9309,SP-003065
TT-15846,SP-003066
TT-15846,SP-003067
FT-6260,SP-003068
TT-13919,SP-003069
TT-13919,SP-003070
FT-16730,SP-003071
COL-34174,SP-003072
COL-34174,SP-003073
P-24199,SP-003074
LT-23623,SP-003075
P-16126,SP-003076
FT-8896,SP-003077
FT-8896,SP-003078
PSV-15559,SP-003079
K-4550,SP-003080
K-4550,SP-003081
FT-9805,SP-003082
FT-9805,SP-003083
K-38062,SP-003084
PSV-5275,SP-003085
XV-27428,SP-003086
XV-27428,SP-003087
FCV-11502,SP-003088
FCV-11502,SP-003089
TT-3813,SP-003090
TT-3813,SP-003091
COL-31035,SP-003092
V-22577,SP-003093
V-22577,SP-003094
FT-19385,SP-003095
FT-19385,SP-003096
K-12772,SP-003097
PT-11371,SP-003098
PT-11371,SP-003099
P-25844,SP-003100
P-25844,SP-003101
P-4862,SP-003102
V-6834,SP-003103
V-6834,SP-003104
PT-31284,SP-003105
V-35663,SP-003106
V-35663,SP-003107
PT-33098,SP-003108
K-15244,SP-003109
XV-34225,SP-003110
LT-151,SP-003111
LT-151,SP-003112
FT-14360,SP-003113
PT-23700,SP-003114
PT-23700,SP-003115
PSV-34059,SP-003116
K-14130,SP-003117
TT-36392,SP-003118
TT-36392,SP-003119
V-3141,SP-003120
K-32096,SP-003121
K-32096,SP-003122
PSV-22204,SP-003123
LT-18420,SP-003124
LT-18420,SP-003125
P-37892,SP-003126
P-37892,SP-003127
PT-34321,SP-003128
PSV-15473,SP-003129
FCV-36423,SP-003130
FCV-36423,SP-003131
XV-34821,SP-003132
V-15458,SP-003133
P-36082,SP-003134
FCV-27654,SP-003135
FCV-27654,SP-003136
PT-12030,SP-003137
E-7288,SP-003138
P-15055,SP-003139
P-15055,SP-003140
LT-21225,SP-003141
LT-21225,SP-003142
FT-34310,SP-003143
XV-30190,SP-003144
K-17161,SP-003145
TT-31396,SP-003146
TT-31396,SP-003147
P-5896,SP-003148
P-5896,SP-003149
K-23838,SP-003150
K-23838,SP-003151
TT-5210,SP-003152
K-9648,SP-003153
COL-15270,SP-003154
COL-15270,SP-003155
K-21172,SP-003156
LT-36608,SP-003157
COL-32533,SP-003158
COL-32533,SP-003159
P-9883,SP-003160
P-9883,SP-003161
K-4638,SP-003162
FCV-5042,SP-003163
FT-12793,SP-003164
FT-12793,SP-003165
P-15743,SP-003166
P-15743,SP-003167
FT-25860,SP-003168
PT-38265,SP-003169
PT-38265,SP-003170
E-20732,SP-003171
FT-39653,SP-003172
TT-1114,SP-003173
FT-27840,SP-003174
XV-40002,SP-003175
TT-27532,SP-003176
TT-27532,SP-003177
P-669,SP-003178
P-669,SP-003179
V-10655,SP-003180
V-10655,SP-003181
PSV-17062,SP-003182
PSV-766,SP-003183
XV-33,SP-003184
XV-8971,SP-003185
XV-8971,SP-003186
FT-16834,SP-003187
FT-16834,SP-003188
COL-14477,SP-003189
FT-32994,SP-003190
FT-32994,SP-003191
PT-19830,SP-003192
PT-19830,SP-003193
V-14122,SP-003194
V-14122,SP-003195
E-24939,SP-003196
E-15441,SP-003197
TT-11430,SP-003198
TT-11430,SP-003199
FCV-4865,SP-003200
FCV-26564,SP-003201
FCV-26564,SP-003202
XV-22751,SP-003203
XV-22751,SP-003204
PT-39377,SP-003205
XV-7943,SP-003206
XV-7943,SP-003207
FCV-29421,SP-003208
FCV-29421,SP-003209
PSV-1917,SP-003210
PSV-1917,SP-003211
V-1593,SP-003212
V-1593,SP-003213
XV-26077,SP-003214
XV-29972,SP-003215
PSV-29371,SP-003216
FCV-8916,SP-003217
FCV-8916,SP-003218
PT-26540,SP-003219
PT-26540,SP-003220
K-30598,SP-003221
FT-20147,SP-003222
FCV-8287,SP-003223
TT-14086,SP-003224
TT-14086,SP-003225
PSV-37831,SP-003226
PSV-37831,SP-003227
E-35229,SP-003228
E-35229,SP-003229
FT-2547,SP-003230
K-22075,SP-003231
K-22075,SP-003232
FCV-4943,SP-003233
FCV-4943,SP-003234
LT-31938,SP-003235
FCV-10810,SP-003236
FCV-10810,SP-003237
TT-11350,SP-003238
TT-11350,SP-003239
TT-7193,SP-003240
FCV-20758,SP-003241
FCV-20758,SP-003242
FCV-34236,SP-003243
FCV-34236,SP-003244
PT-16968,SP-003245
PT-16968,SP-003246
P-7910,SP-003247
LT-24966,SP-003248
LT-24966,SP-003249
P-2015,SP-003250
P-2015,SP-003251
PSV-2954,SP-003252
PSV-2954,SP-003253
FT-35159,SP-003254
FT-35159,SP-003255
FT-1876,SP-003256
FT-1876,SP-003257
E-11625,SP-003258
PT-25010,SP-003259
COL-5487,SP-003260
PSV-6777,SP-003261
PT-3609,SP-003262
FCV-34349,SP-003263
PT-39722,SP-003264
PT-39722,SP-003265
FT-35912,SP-003266
K-14089,SP-003267
TT-30653,SP-003268
TT-30653,SP-003269
PT-4804,SP-003270
PT-4804,SP-003271
XV-6897,SP-003272
V-27526,SP-003273
V-27526,SP-003274
LT-14729,SP-003275
LT-14729,SP-003276
K-5500,SP-003277
K-5500,SP-003278
P-24146,SP-003279
P-24146,SP-003280
P-34061,SP-003281
P-34061,SP-003282
PT-32782,SP-003283
FT-20756,SP-003284
TT-7680,SP-003285
FT-17655,SP-003286
FT-17655,SP-003287
TT-9084,SP-003288
TT-9084,SP-003289
LT-38094,SP-003290
P-13395,SP-003291
E-13397,SP-003292
PT-15184,SP-003293
V-14751,SP-003294
V-14751,SP-003295
COL-39398,SP-003296
COL-39398,SP-003297
E-29503,SP-003298
E-29503,SP-003299
COL-28690,SP-003300
LT-1712,SP-003301
COL-10221,SP-003302
COL-10221,SP-003303
K-28558,SP-003304
K-28558,SP-003305
P-20805,SP-003306
P-3446,SP-003307
P-3446,SP-003308
FT-15173,SP-003309
FCV-1236,SP-003310
PSV-26052,SP-003311
LT-13893,SP-003312
LT-13893,SP-003313
LT-3051,SP-003314
LT-3051,SP-003315
FCV-27347,SP-003316
COL-26789,SP-003317
PT-38699,SP-003318
FCV-18776,SP-003319
FCV-18776,SP-003320
FT-34044,SP-003321
PT-4582,SP-003322
PT-4582,SP-003323
COL-11099,SP-003324
COL-11099,SP-003325
P-32981,SP-003326
P-32981,SP-003327
P-482,SP-003328
P-482,SP-003329
FCV-28464,SP-003330
FCV-28464,SP-003331
TT-17128,SP-003332
TT-17128,SP-003333
COL-23905,SP-003334
COL-23905,SP-003335
P-13872,SP-003336
COL-19054,SP-003337
COL-19054,SP-003338
PT-30299,SP-003339
PT-30299,SP-003340
P-35980,SP-003341
P-35980,SP-003342
FT-15685,SP-003343
FT-28992,SP-003344
PSV-15228,SP-003345
COL-1703,SP-003346
XV-16663,SP-003347
COL-19979,SP-003348
P-35747,SP-003349
P-35747,SP-003350
LT-7336,SP-003351
FCV-36752,SP-003352
FCV-36752,SP-003353
PSV-14312,SP-003354
PSV-14312,SP-003355
LT-30998,SP-003356
LT-30998,SP-003357
PSV-21464,SP-003358
PSV-21464,SP-003359
V-19320,SP-003360
V-19320,SP-003361
K-31551,SP-003362
FT-20586,SP-003363
TT-29509,SP-003364
XV-22587,SP-003365
XV-22587,SP-003366
FCV-19753,SP-003367
V-22633,SP-003368
E-15446,SP-003369
FCV-36393,SP-003370
FCV-36393,SP-003371
LT-10735,SP-003372
LT-10735,SP-003373
FT-35231,SP-003374
FT-28314,SP-003375
FT-28314,SP-003376
P-31020,SP-003377
P-31020,SP-003378
FCV-39582,SP-003379
FCV-39582,SP-003380
COL-39918,SP-003381
K-5713,SP-003382
P-18450,SP-003383
FCV-27941,SP-003384
FCV-16486,SP-003385
FCV-16486,SP-003386
TT-6222,SP-003387
V-3498,SP-003388
V-3498,SP-003389
P-18832,SP-003390
P-18832,SP-003391
P-24143,SP-003392
TT-35736,SP-003393
P-31096,SP-003394
P-31096,SP-003395
XV-27971,SP-003396
XV-27971,SP-003397
COL-6050,SP-003398
COL-6050,SP-003399
LT-6176,SP-003400
LT-3157,SP-003401
LT-3157,SP-003402
XV-17826,SP-003403
COL-23028,SP-003404
COL-23028,SP-003405
PSV-39981,SP-003406
P-12732,SP-003407
P-39459,SP-003408
P-4071,SP-003409
P-6093,SP-003410
E-6238,SP-003411
E-6238,SP-003412
TT-38212,SP-003413
TT-38212,SP-003414
V-11332,SP-003415
V-11332,SP-003416
COL-3774,SP-003417
E-16863,SP-003418
E-16863,SP-003419
V-37246,SP-003420
V-37246,SP-003421
FCV-12202,SP-003422
FCV-12202,SP-003423
PT-6680,SP-003424
K-826,SP-003425
K-826,SP-003426
K-11547,SP-003427
K-11547,SP-003428
TT-36007,SP-003429
XV-38746,SP-003430
FT-15945,SP-003431
FT-15945,SP-003432
COL-16795,SP-003433
V-31465,SP-003434
V-29447,SP-003435
LT-34535,SP-003436
LT-34535,SP-003437
XV-25632,SP-003438
XV-25632,SP-003439
E-18775,SP-003440
K-25785,SP-003441
COL-37383,SP-003442
XV-30817,SP-003443
E-35810,SP-003444
FT-10319,SP-003445
FT-10319,SP-003446
COL-34760,SP-003447
COL-34760,SP-003448
LT-18848,SP-003449
PSV-24887,SP-003450
PSV-24887,SP-003451
LT-39842,SP-003452
LT-39842,SP-003453
K-27635,SP-003454
PT-25741,SP-003455
K-32719,SP-003456
K-32719,SP-003457
TT-1700,SP-003458
E-30582,SP-003459
FCV-1660,SP-003460
P-13316,SP-003461
E-15791,SP-003462
E-15791,SP-003463
V-36382,SP-003464
V-36382,SP-003465
LT-13836,SP-003466
LT-13836,SP-003467
TT-26109,SP-003468
LT-16174,SP-003469
LT-17061,SP-003470
LT-17061,SP-003471
FCV-28,SP-003472
FT-36875,SP-003473
FT-36875,SP-003474
P-19134,SP-003475
P-19134,SP-003476
FT-18396,SP-003477
FT-18396,SP-003478
COL-39646,SP-003479
COL-39646,SP-003480
XV-31919,SP-003481
XV-31919,SP-003482
P-31803,SP-003483
P-31803,SP-003484
LT-31886,SP-003485
LT-31886,SP-003486
E-1263,SP-003487
P-37933,SP-003488
K-25496,SP-003489
FCV-21339,SP-003490
FCV-21339,SP-003491
TT-24448,SP-003492
COL-32812,SP-003493
V-39045,SP-003494
V-39045,SP-003495
FT-13148,SP-003496
E-11453,SP-003497
E-11453,SP-003498
FT-13364,SP-003499
FT-13364,SP-003500
COL-3174,SP-003501
XV-29793,SP-003502
XV-29793,SP-003503
TT-16981,SP-003504
TT-16981,SP-003505
K-30531,SP-003506
PSV-11586,SP-003507
PSV-11586,SP-003508
K-38835,SP-003509
LT-34165,SP-003510
LT-34165,SP-003511
E-38459,SP-003512
E-38459,SP-003513
P-5853,SP-003514
P-5853,SP-003515
FT-22322,SP-003516
FT-85,SP-003517
P-2152,SP-003518
PSV-28955,SP-003519
TT-34073,SP-003520
TT-9890,SP-003521
K-13947,SP-003522
K-13947,SP-003523
XV-39572,SP-003524
XV-39572,SP-003525
PT-36103,SP-003526
PT-36103,SP-003527
P-24980,SP-003528
E-28724,SP-003529
E-28724,SP-003530
K-25552,SP-003531
FCV-36473,SP-003532
FCV-36473,SP-003533
FCV-24067,SP-003534
FCV-24067,SP-003535
V-15599,SP-003536
V-15599,SP-003537
FCV-22379,SP-003538
FCV-22379,SP-003539
E-10758,SP-003540
P-23023,SP-003541
P-23023,SP-003542
E-29922,SP-003543
E-29922,SP-003544
PSV-31449,SP-003545
PSV-31449,SP-003546
E-14629,SP-003547
PT-33799,SP-003548
PT-33799,SP-003549
PT-26106,SP-003550
PT-26106,SP-003551
PT-21717,SP-003552
PT-21717,SP-003553
P-9279,SP-003554
P-9279,SP-003555
V-28317,SP-003556
PT-24783,SP-003557
COL-36364,SP-003558
PSV-33305,SP-003559
K-3513,SP-003560
K-3513,SP-003561
PT-2515,SP-003562
PT-26611,SP-003563
PT-26611,SP-003564
V-39243,SP-003565
P-8393,SP-003566
FT-19403,SP-003567
FT-19403,SP-003568
COL-824,SP-003569
COL-824,SP-003570
K-7976,SP-003571
K-7976,SP-003572
P-1589,SP-003573
P-1589,SP-003574
E-10491,SP-003575
E-10491,SP-003576
PT-37005,SP-003577
PT-37005,SP-003578
P-18953,SP-003579
P-18953,SP-003580
FCV-31454,SP-003581
FCV-31454,SP-003582
FCV-1450,SP-003583
LT-10461,SP-003584
LT-10461,SP-003585
P-16638,SP-003586
P-16638,SP-003587
E-39098,SP-003588
XV-3158,SP-003589
XV-3158,SP-003590
COL-32865,SP-003591
TT-28914,SP-003592
TT-28914,SP-003593
V-12648,SP-003594
V-12648,SP-003595
LT-24345,SP-003596
LT-24345,SP-003597
TT-20401,SP-003598
V-23412,SP-003599
XV-6394,SP-003600
PSV-4286,SP-003601
E-2982,SP-003602
E-2982,SP-003603
FCV-11372,SP-003604
FCV-11372,SP-003605
LT-15992,SP-003606
LT-15992,SP-003607
P-35167,SP-003608
PSV-21419,SP-003609
XV-38116,SP-003610
XV-38116,SP-003611
K-27624,SP-003612
COL-8064,SP-003613
LT-1578,SP-003614
V-14592,SP-003615
V-14592,SP-003616
V-27268,SP-003617
V-27268,SP-003618
COL-34133,SP-003619
FCV-8649,SP-003620
FCV-32508,SP-003621
XV-25575,SP-003622
V-4798,SP-003623
COL-16810,SP-003624
COL-14877,SP-003625
FCV-30603,SP-003626
P-462,SP-003627
P-38807,SP-003628
LT-25151,SP-003629
PSV-36463,SP-003630
P-39391,SP-003631
FCV-26140,SP-003632
FCV-26140,SP-003633
XV-30503,SP-003634
XV-30503,SP-003635
PSV-34613,SP-003636
FCV-8564,SP-003637
K-19648,SP-003638
PT-21961,SP-003639
XV-33885,SP-003640
XV-21200,SP-003641
XV-21200,SP-003642
FT-21337,SP-003643
FT-23346,SP-003644
FT-23346,SP-003645
P-19649,SP-003646
PT-25251,SP-003647
E-32272,SP-003648
E-32272,SP-003649
LT-32950,SP-003650
P-33869,SP-003651
E-10737,SP-003652
LT-4971,SP-003653
FT-10851,SP-003654
PT-38463,SP-003655
PSV-8875,SP-003656
FCV-16817,SP-003657
FCV-16817,SP-003658
E-31950,SP-003659
E-31950,SP-003660
PSV-20763,SP-003661
TT-39586,SP-003662
TT-39586,SP-003663
COL-965,SP-003664
COL-965,SP-003665
FCV-2862,SP-003666
FCV-2862,SP-003667
LT-17032,SP-003668
LT-17032,SP-003669
FCV-36986,SP-003670
FCV-36986,SP-003671
FCV-22417,SP-003672
FCV-22417,SP-003673
FCV-37469,SP-003674
FCV-37469,SP-003675
E-10965,SP-003676
FCV-20927,SP-003677
FT-21853,SP-003678
FT-21853,SP-003679
LT-14960,SP-003680
LT-14960,SP-003681
FCV-24533,SP-003682
COL-39066,SP-003683
COL-39066,SP-003684
FT-544,SP-003685
FT-544,SP-003686
P-2088,SP-003687
P-2088,SP-003688
XV-6640,SP-003689
XV-13426,SP-003690
XV-1033,SP-003691
XV-1033,SP-003692
K-22613,SP-003693
K-1980,SP-003694
P-10186,SP-003695
P-14668,SP-003696
P-14668,SP-003697
TT-30248,SP-003698
P-34863,SP-003699
V-26842,SP-003700
FCV-19463,SP-003701
LT-16586,SP-003702
LT-16586,SP-003703
TT-15707,SP-003704
PT-10073,SP-003705
TT-39315,SP-003706
XV-35092,SP-003707
PSV-26876,SP-003708
FT-30920,SP-003709
PSV-28327,SP-003710
PSV-28327,SP-003711
V-20348,SP-003712
K-34273,SP-003713
XV-25776,SP-003714
XV-25776,SP-003715
V-34382,SP-003716
V-34382,SP-003717
K-37846,SP-003718
P-28757,SP-003719
P-28757,SP-003720
PSV-20118,SP-003721
FCV-39472,SP-003722
FCV-39472,SP-003723
XV-7463,SP-003724
FT-5124,SP-003725
COL-14948,SP-003726
COL-14948,SP-003727
FT-28489,SP-003728
P-32328,SP-003729
P-32328,SP-003730
P-36153,SP-003731
FCV-29963,SP-003732
FCV-29963,SP-003733
K-7533,SP-003734
P-39355,SP-003735
P-20553,SP-003736
COL-16231,SP-003737
K-35128,SP-003738
PT-590,SP-003739
PT-590,SP-003740
XV-11921,SP-003741
P-3187,SP-003742
K-36342,SP-003743
K-36342,SP-003744
V-21609,SP-003745
V-21609,SP-003746
LT-1752,SP-003747
LT-1752,SP-003748
V-9127,SP-003749
P-34586,SP-003750
P-13219,SP-003751
P-13219,SP-003752
E-36659,SP-003753
E-36659,SP-003754
E-16199,SP-003755
E-16199,SP-003756
PSV-7324,SP-003757
PSV-7324,SP-003758
FT-37725,SP-003759
V-5220,SP-003760
LT-9937,SP-003761
PSV-22006,SP-003762
PSV-22006,SP-003763
PT-23777,SP-003764
TT-3525,SP-003765
E-12008,SP-003766
TT-6189,SP-003767
TT-6189,SP-003768
FT-8751,SP-003769
FT-8751,SP-003770
E-32066,SP-003771
V-10301,SP-003772
V-10301,SP-003773
PSV-425,SP-003774
COL-31590,SP-003775
COL-35036,SP-003776
P-33785,SP-003777
P-33785,SP-003778
PSV-29536,SP-003779
E-21993,SP-003780
E-21993,SP-003781
K-24866,SP-003782
COL-16876,SP-003783
COL-16876,SP-003784
E-39203,SP-003785
P-21875,SP-003786
PT-31470,SP-003787
PT-31470,SP-003788
PSV-35015,SP-003789
LT-2456,SP-003790
COL-12327,SP-003791
COL-12327,SP-003792
PSV-13417,SP-003793
P-29682,SP-003794
P-29682,SP-003795
PSV-20088,SP-003796
PSV-20088,SP-003797
XV-22434,SP-003798
LT-27280,SP-003799
LT-27280,SP-003800
FT-23357,SP-003801
COL-11017,SP-003802
PSV-22244,SP-003803
XV-26885,SP-003804
XV-26885,SP-003805
XV-28782,SP-003806
XV-28782,SP-003807
COL-36398,SP-003808
COL-36398,SP-003809
XV-8185,SP-003810
PT-39697,SP-003811
PT-39697,SP-003812
XV-33828,SP-003813
TT-6741,SP-003814
PT-8683,SP-003815
E-10750,SP-003816
E-10750,SP-003817
TT-21598,SP-003818
LT-24024,SP-003819
LT-24024,SP-003820
COL-29383,SP-003821
FT-7578,SP-003822
P-15961,SP-003823
P-15961,SP-003824
LT-13909,SP-003825
COL-2137,SP-003826
P-22727,SP-003827
P-22727,SP-003828
K-4792,SP-003829
K-4792,SP-003830
FT-3638,SP-003831
K-30766,SP-003832
P-9652,SP-003833
P-9652,SP-003834
P-18401,SP-003835
FT-21292,SP-003836
P-13658,SP-003837
P-13658,SP-003838
V-1342,SP-003839
V-1342,SP-003840
TT-18903,SP-003841
TT-18903,SP-003842
TT-25598,SP-003843
TT-25598,SP-003844
PSV-11121,SP-003845
PSV-11121,SP-003846
E-25981,SP-003847
COL-31400,SP-003848
E-19044,SP-003849
V-27962,SP-003850
V-27962,SP-003851
PSV-26627,SP-003852
K-14195,SP-003853
FCV-20538,SP-003854
P-7380,SP-003855
P-7380,SP-003856
XV-17224,SP-003857
XV-17224,SP-003858
E-37852,SP-003859
E-37852,SP-003860
K-25530,SP-003861
K-25530,SP-003862
XV-21843,SP-003863
V-39549,SP-003864
FT-997,SP-003865
FT-997,SP-003866
XV-10841,SP-003867
PT-31579,SP-003868
PT-31579,SP-003869
P-39491,SP-003870
P-39491,SP-003871
E-12753,SP-003872
E-12753,SP-003873
FCV-13147,SP-003874
P-17119,SP-003875
P-17119,SP-003876
TT-8303,SP-003877
TT-8303,SP-003878
COL-35955,SP-003879
V-2481,SP-003880
V-2481,SP-003881
V-25256,SP-003882
V-21063,SP-003883
LT-16882,SP-003884
FT-4118,SP-003885
FT-4118,SP-003886
K-21282,SP-003887
V-11198,SP-003888
K-2919,SP-003889
K-2919,SP-003890
K-33460,SP-003891
K-33460,SP-003892
P-8795,SP-003893
P-8795,SP-003894
LT-10117,SP-003895
PT-26530,SP-003896
PT-26530,SP-003897
V-11968,SP-003898
V-11968,SP-003899
TT-33670,SP-003900
TT-33670,SP-003901
P-6868,SP-003902
P-6868,SP-003903
FCV-15569,SP-003904
FCV-15569,SP-003905
XV-8724,SP-003906
TT-14549,SP-003907
TT-14549,SP-003908
P-24722,SP-003909
XV-102,SP-003910
FT-15790,SP-003911
V-4649,SP-003912
LT-11927,SP-003913
FCV-14825,SP-003914
PSV-14598,SP-003915
TT-34365,SP-003916
PT-35237,SP-003917
PT-35237,SP-003918
P-26843,SP-003919
P-26843,SP-003920
XV-31424,SP-003921
COL-8296,SP-003922
P-24535,SP-003923
P-24535,SP-003924
FT-22822,SP-003925
XV-8309,SP-003926
XV-8309,SP-003927
XV-5503,SP-003928
K-17576,SP-003929
TT-34038,SP-003930
XV-28487,SP-003931
XV-28487,SP-003932
PT-4609,SP-003933
XV-16203,SP-003934
V-29319,SP-003935
P-7830,SP-003936
P-7830,SP-003937
PT-16797,SP-003938
PT-21607,SP-003939
P-19834,SP-003940
P-19834,SP-003941
V-9822,SP-003942
FT-26100,SP-003943
FT-26100,SP-003944
K-17796,SP-003945
COL-7725,SP-003946
COL-7725,SP-003947
P-1495,SP-003948
LT-28151,SP-003949
TT-12379,SP-003950
TT-12379,SP-003951
COL-19492,SP-003952
XV-27957,SP-003953
XV-27957,SP-003954
K-17615,SP-003955
FT-2376,SP-003956
XV-21989,SP-003957
K-10892,SP-003958
K-10892,SP-003959
P-10586,SP-003960
XV-10397,SP-003961
XV-10397,SP-003962
E-15689,SP-003963
FCV-11201,SP-003964
FCV-11201,SP-003965
PT-4293,SP-003966
PT-4293,SP-003967
TT-25056,SP-003968
TT-25056,SP-003969
PT-38925,SP-003970
PT-38925,SP-003971
K-9339,SP-003972
K-9339,SP-003973
FCV-2204,SP-003974
FCV-2204,SP-003975
V-33996,SP-003976
V-33996,SP-003977
P-1898,SP-003978
TT-26460,SP-003979
COL-27439,SP-003980
COL-27439,SP-003981
XV-14371,SP-003982
LT-18336,SP-003983
V-33526,SP-003984
P-26996,SP-003985
P-26996,SP-003986
LT-1666,SP-003987
FT-10724,SP-003988
FCV-14781,SP-003989
FCV-14781,SP-003990
K-10541,SP-003991
K-10541,SP-003992
TT-4657,SP-003993
TT-4657,SP-003994
V-9210,SP-003995
XV-17090,SP-003996
TT-15697,SP-003997
E-19899,SP-003998
P-33510,SP-003999
P-33510,SP-004000
PT-2038,SP-004001
P-11338,SP-004002
P-11338,SP-004003
P-34977,SP-004004
P-34977,SP-004005
XV-1798,SP-004006
K-29418,SP-004007
FCV-1015,SP-004008
P-26581,SP-004009
P-26581,SP-004010
LT-15543,SP-004011
LT-15543,SP-004012
COL-17254,SP-004013
COL-17254,SP-004014
FT-23813,SP-004015
P-22539,SP-004016
XV-30080,SP-004017
XV-30080,SP-004018
E-24300,SP-004019
PSV-21194,SP-004020
PSV-32045,SP-004021
PSV-32045,SP-004022
COL-13509,SP-004023
COL-13509,SP-004024
P-31518,SP-004025
V-3632,SP-004026
V-3632,SP-004027
COL-12550,SP-004028
LT-25369,SP-004029
P-4733,SP-004030
COL-39950,SP-004031
P-34556,SP-004032
PT-12754,SP-004033
V-29076,SP-004034
V-29076,SP-004035
PT-13754,SP-004036
PT-13754,SP-004037
P-21599,SP-004038
P-21599,SP-004039
XV-39081,SP-004040
COL-5199,SP-004041
LT-12299,SP-004042
LT-12299,SP-004043
E-5876,SP-004044
E-5876,SP-004045
FCV-17037,SP-004046
FCV-17037,SP-004047
P-1147,SP-004048
P-1147,SP-004049
PSV-32214,SP-004050
PSV-32214,SP-004051
TT-13546,SP-004052
TT-13546,SP-004053
PSV-5609,SP-004054
PSV-21094,SP-004055
V-17753,SP-004056
V-17753,SP-004057
P-9176,SP-004058
P-9176,SP-004059
P-2977,SP-004060
P-2977,SP-004061
COL-38324,SP-004062
COL-38324,SP-004063
V-17467,SP-004064
V-17467,SP-004065
P-20295,SP-004066
LT-25237,SP-004067
P-24086,SP-004068
P-24086,SP-004069
P-359,SP-004070
P-359,SP-004071
E-33168,SP-004072
K-30374,SP-004073
K-30374,SP-004074
P-365,SP-004075
P-365,SP-004076
FCV-34838,SP-004077
FCV-34838,SP-004078
PT-31862,SP-004079
PT-31862,SP-004080
P-19982,SP-004081
P-19982,SP-004082
K-13573,SP-004083
K-13573,SP-004084
P-15595,SP-004085
V-2676,SP-004086
XV-2693,SP-004087
E-806,SP-004088
LT-38508,SP-004089
LT-16637,SP-004090
LT-16637,SP-004091
V-20007,SP-004092
V-20007,SP-004093
FCV-4052,SP-004094
FCV-4052,SP-004095
COL-2721,SP-004096
FT-37219,SP-004097
TT-4722,SP-004098
XV-21589,SP-004099
P-33073,SP-004100
P-33073,SP-004101
COL-21985,SP-004102
COL-21985,SP-004103
K-4127,SP-004104
K-4127,SP-004105
TT-8605,SP-004106
TT-8605,SP-004107
TT-26426,SP-004108
TT-26426,SP-004109
K-7921,SP-004110
K-7921,SP-004111
PT-24390,SP-004112
E-19101,SP-004113
LT-35062,SP-004114
LT-35062,SP-004115
XV-36303,SP-004116
XV-36303,SP-004117
PSV-37709,SP-004118
PSV-37709,SP-004119
XV-23976,SP-004120
XV-36096,SP-004121
LT-25742,SP-004122
PSV-32739,SP-004123
PSV-32739,SP-004124
TT-9948,SP-004125
TT-9948,SP-004126
P-10836,SP-004127
PSV-14913,SP-004128
FCV-34965,SP-004129
FCV-31204,SP-004130
FCV-31204,SP-004131
TT-489,SP-004132
PT-33229,SP-004133
K-16383,SP-004134
K-16383,SP-004135
FCV-36330,SP-004136
FCV-36330,SP-004137
XV-10999,SP-004138
FCV-5816,SP-004139
FCV-5816,SP-004140
P-25258,SP-004141
P-25258,SP-004142
PSV-8533,SP-004143
P-15138,SP-004144
P-15138,SP-004145
PT-1181,SP-004146
PT-1181,SP-004147
PT-37061,SP-004148
V-36291,SP-004149
V-36291,SP-004150
PSV-16211,SP-004151
FT-14526,SP-004152
FT-14526,SP-004153
K-14136,SP-004154
K-14136,SP-004155
P-19688,SP-004156
P-19688,SP-004157
PSV-2085,SP-004158
PSV-2085,SP-004159
FT-30187,SP-004160
TT-16880,SP-004161
FT-37512,SP-004162
P-16793,SP-004163
P-26571,SP-004164
P-26571,SP-004165
COL-19947,SP-004166
TT-30552,SP-004167
TT-30552,SP-004168
PSV-23564,SP-004169
PSV-23564,SP-004170
E-19389,SP-004171
XV-23351,SP-004172
E-30488,SP-004173
E-30488,SP-004174
FCV-1354,SP-004175
FCV-1354,SP-004176
P-20362,SP-004177
PT-34426,SP-004178
PT-7788,SP-004179
PT-7788,SP-004180
FCV-5502,SP-004181
FCV-5502,SP-004182
PSV-30301,SP-004183
PSV-30301,SP-004184
P-28344,SP-004185
P-23885,SP-004186
E-22755,SP-004187
TT-13448,SP-004188
TT-13448,SP-004189
FT-25104,SP-004190
XV-22992,SP-004191
FCV-22015,SP-004192
FCV-22015,SP-004193
P-2226,SP-004194
P-35372,SP-004195
P-35372,SP-004196
COL-26372,SP-004197
COL-26372,SP-004198
XV-35871,SP-004199
XV-35871,SP-004200
FT-25836,SP-004201
FT-25836,SP-004202
E-14048,SP-004203
E-14048,SP-004204
LT-17991,SP-004205
K-13322,SP-004206
P-8678,SP-004207
P-8678,SP-004208
FT-33820,SP-004209
XV-21614,SP-004210
XV-21614,SP-004211
TT-22206,SP-004212
P-15366,SP-004213
P-27721,SP-004214
P-27721,SP-004215
PSV-1730,SP-004216
LT-17914,SP-004217
TT-14178,SP-004218
TT-14178,SP-004219
PSV-33956,SP-004220
FCV-23737,SP-004221
FCV-23737,SP-004222
FT-12046,SP-004223
FT-3024,SP-004224
FT-3024,SP-004225
E-87,SP-004226
FCV-2843,SP-004227
PSV-13488,SP-004228
PSV-13488,SP-004229
TT-16098,SP-004230
XV-7099,SP-004231
LT-3612,SP-004232
LT-3612,SP-004233
PT-5963,SP-004234
XV-19415,SP-004235
FCV-6645,SP-004236
FCV-6645,SP-004237
TT-37170,SP-004238
PT-2689,SP-004239
PT-2689,SP-004240
PSV-21836,SP-004241
PSV-21836,SP-004242
FT-7292,SP-004243
FT-7292,SP-004244
FT-4848,SP-004245
PT-28609,SP-004246
LT-19879,SP-004247
LT-19879,SP-004248
P-35997,SP-004249
LT-29588,SP-004250
P-18978,SP-004251
V-34909,SP-004252
V-34909,SP-004253
FT-18162,SP-004254
V-28713,SP-004255
V-28713,SP-004256
XV-8645,SP-004257
FT-35334,SP-004258
P-27535,SP-004259
FCV-24135,SP-004260
FCV-24135,SP-004261
XV-970,SP-004262
XV-970,SP-004263
PT-16631,SP-004264
PT-16631,SP-004265
PSV-33133,SP-004266
K-38679,SP-004267
PT-6146,SP-004268
PT-6146,SP-004269
V-32236,SP-004270
V-32236,SP-004271
E-6133,SP-004272
PSV-3500,SP-004273
PT-27246,SP-004274
PT-27246,SP-004275
PSV-22750,SP-004276
PSV-22750,SP-004277
P-31421,SP-004278
FT-9619,SP-004279
FT-9619,SP-004280
LT-27940,SP-004281
LT-27940,SP-004282
V-1012,SP-004283
COL-322,SP-004284
P-35410,SP-004285
E-15066,SP-004286
E-12818,SP-004287
E-12818,SP-004288
K-34297,SP-004289
P-28743,SP-004290
PT-22508,SP-004291
K-36677,SP-004292
TT-10479,SP-004293
TT-10479,SP-004294
PT-32460,SP-004295
E-22670,SP-004296
E-24678,SP-004297
E-5279,SP-004298
TT-16774,SP-004299
TT-16774,SP-004300
P-3247,SP-004301
P-6168,SP-004302
PSV-9001,SP-004303
PSV-9001,SP-004304
XV-32304,SP-004305
XV-32304,SP-004306
FCV-36849,SP-004307
FCV-36849,SP-004308
K-4093,SP-004309
K-4093,SP-004310
E-38705,SP-004311
E-38705,SP-004312
E-33261,SP-004313
E-33261,SP-004314
XV-14125,SP-004315
P-38444,SP-004316
P-38444,SP-004317
P-35822,SP-004318
P-19954,SP-004319
P-19954,SP-004320
FCV-16041,SP-004321
FCV-16041,SP-004322
P-4814,SP-004323
P-4814,SP-004324
K-30161,SP-004325
K-30161,SP-004326
FT-27014,SP-004327
K-29958,SP-004328
K-29958,SP-004329
PT-25212,SP-004330
PT-25212,SP-004331
PT-20463,SP-004332
PT-20463,SP-004333
FCV-19455,SP-004334
FCV-19455,SP-004335
PT-23034,SP-004336
PT-23034,SP-004337
P-16722,SP-004338
P-12936,SP-004339
LT-25097,SP-004340
LT-25097,SP-004341
FCV-13761,SP-004342
FCV-13761,SP-004343
E-29069,SP-004344
E-29069,SP-004345
XV-35988,SP-004346
XV-35988,SP-004347
LT-17266,SP-004348
K-17333,SP-004349
K-17333,SP-004350
P-9081,SP-004351
P-9081,SP-004352
P-39919,SP-004353
P-39919,SP-004354
K-36798,SP-004355
P-4636,SP-004356
P-4636,SP-004357
K-10032,SP-004358
K-10032,SP-004359
K-15794,SP-004360
FCV-28963,SP-004361
FCV-28963,SP-004362
PT-28700,SP-004363
TT-38015,SP-004364
LT-29954,SP-004365
LT-29954,SP-004366
P-31617,SP-004367
P-31617,SP-004368
P-7077,SP-004369
P-7077,SP-004370
TT-22146,SP-004371
TT-22146,SP-004372
XV-2536,SP-004373
XV-2536,SP-004374
FT-35495,SP-004375
FT-35495,SP-004376
FT-27386,SP-004377
PT-12739,SP-004378
PT-12739,SP-004379
XV-27042,SP-004380
E-8606,SP-004381
E-8606,SP-004382
PSV-16230,SP-004383
LT-27956,SP-004384
COL-18674,SP-004385
COL-2680,SP-004386
XV-33817,SP-004387
XV-33817,SP-004388
PSV-34147,SP-004389
PSV-34147,SP-004390
TT-4900,SP-004391
TT-4900,SP-004392
COL-20367,SP-004393
COL-20367,SP-004394
TT-2448,SP-004395
TT-2448,SP-004396
LT-25040,SP-004397
P-11215,SP-004398
P-10112,SP-004399
P-10112,SP-004400
P-11777,SP-004401
P-34686,SP-004402
PSV-17507,SP-004403
PSV-17507,SP-004404
COL-598,SP-004405
PT-7883,SP-004406
FCV-3785,SP-004407
FCV-3785,SP-004408
TT-39651,SP-004409
P-25451,SP-004410
FCV-17910,SP-004411
FCV-17910,SP-004412
FT-7930,SP-004413
FT-7930,SP-004414
FCV-20444,SP-004415
P-25023,SP-004416
P-11417,SP-004417
P-11417,SP-004418
P-33854,SP-004419
P-33854,SP-004420
XV-13534,SP-004421
E-19392,SP-004422
E-19392,SP-004423
LT-21560,SP-004424
XV-1575,SP-004425
FT-19805,SP-004426
FT-19805,SP-004427
PSV-6446,SP-004428
PSV-6446,SP-004429
FT-9164,SP-004430
FT-9164,SP-004431
TT-20817,SP-004432
XV-4087,SP-004433
PT-8269,SP-004434
PT-8269,SP-004435
PT-31901,SP-004436
PT-31901,SP-004437
E-27000,SP-004438
E-27000,SP-004439
K-26871,SP-004440
COL-29983,SP-004441
COL-29983,SP-004442
V-1777,SP-004443
V-1777,SP-004444
P-14035,SP-004445
LT-22087,SP-004446
LT-22087,SP-004447
PSV-1769,SP-004448
PSV-1769,SP-004449
COL-12977,SP-004450
TT-12225,SP-004451
PSV-11702,SP-004452
LT-34202,SP-004453
TT-20713,SP-004454
XV-27581,SP-004455
XV-27581,SP-004456
LT-21072,SP-004457
LT-29552,SP-004458
P-19487,SP-004459
P-19487,SP-004460
LT-6643,SP-004461
PT-15856,SP-004462
TT-13223,SP-004463
K-19505,SP-004464
PT-15997,SP-004465
PT-15997,SP-004466
FCV-10903,SP-004467
V-33644,SP-004468
FCV-38891,SP-004469
FCV-38891,SP-004470
P-32940,SP-004471
P-32940,SP-004472
E-1090,SP-004473
TT-575,SP-004474
P-19656,SP-004475
PSV-18387,SP-004476
PT-10210,SP-004477
PT-10210,SP-004478
LT-11257,SP-004479
LT-11257,SP-004480
P-19987,SP-004481
P-19987,SP-004482
COL-4574,SP-004483
COL-4574,SP-004484
K-28309,SP-004485
K-28309,SP-004486
P-6384,SP-004487
P-6384,SP-004488
TT-13068,SP-004489
TT-13068,SP-004490
E-10785,SP-004491
E-10785,SP-004492
P-19996,SP-004493
XV-29538,SP-004494
XV-29538,SP-004495
TT-17117,SP-004496
FT-9463,SP-004497
FT-9463,SP-004498
PT-13217,SP-004499
PT-13217,SP-004500
E-15181,SP-004501
P-32234,SP-004502
PSV-20532,SP-004503
PSV-28692,SP-004504
COL-30612,SP-004505
COL-30612,SP-004506
XV-35735,SP-004507
XV-35735,SP-004508
COL-38723,SP-004509
PT-23972,SP-004510
P-12588,SP-004511
XV-24818,SP-004512
FCV-9128,SP-004513
XV-9246,SP-004514
V-24104,SP-004515
V-24104,SP-004516
PT-2010,SP-004517
PT-2010,SP-004518
LT-29945,SP-004519
COL-3778,SP-004520
COL-3778,SP-004521
V-18476,SP-004522
FCV-33218,SP-004523
FCV-33218,SP-004524
LT-9220,SP-004525
LT-9220,SP-004526
LT-16272,SP-004527
E-8501,SP-004528
E-8501,SP-004529
V-5771,SP-004530
V-5771,SP-004531
LT-17124,SP-004532
LT-17124,SP-004533
TT-6412,SP-004534
PT-21066,SP-004535
PT-17335,SP-004536
P-1715,SP-004537
PSV-34418,SP-004538
PSV-34418,SP-004539
COL-17698,SP-004540
P-2498,SP-004541
P-2498,SP-004542
XV-37610,SP-004543
XV-37610,SP-004544
P-25073,SP-004545
COL-6016,SP-004546
COL-6016,SP-004547
V-12378,SP-004548
V-12378,SP-004549
K-27829,SP-004550
K-27829,SP-004551
PT-16740,SP-004552
PT-16740,SP-004553
FT-31833,SP-004554
FT-31833,SP-004555
COL-38963,SP-004556
E-31804,SP-004557
E-31804,SP-004558
PT-37245,SP-004559
COL-34594,SP-004560
PSV-29695,SP-004561
V-634,SP-004562
E-34867,SP-004563
E-34867,SP-004564
E-32836,SP-004565
E-32836,SP-004566
P-16001,SP-004567
P-16001,SP-004568
V-33516,SP-004569
V-38376,SP-004570
PSV-24924,SP-004571
XV-746,SP-004572
V-33258,SP-004573
V-33258,SP-004574
K-9836,SP-004575
K-9836,SP-004576
PT-25033,SP-004577
PT-25033,SP-004578
COL-14304,SP-004579
COL-14304,SP-004580
PSV-14055,SP-004581
PSV-14055,SP-004582
E-28742,SP-004583
E-28742,SP-004584
XV-13164,SP-004585
XV-13164,SP-004586
XV-32781,SP-004587
XV-32781,SP-004588
K-4288,SP-004589
P-12807,SP-004590
P-9962,SP-004591
P-18791,SP-004592
PT-31181,SP-004593
PT-31181,SP-004594
PT-15800,SP-004595
PT-15800,SP-004596
E-5750,SP-004597
E-5750,SP-004598
V-32419,SP-004599
FCV-9188,SP-004600
P-7613,SP-004601
PSV-32269,SP-004602
PSV-32269,SP-004603
V-34784,SP-004604
V-18866,SP-004605
PSV-1570,SP-004606
P-12570,SP-004607
P-12570,SP-004608
PT-19993,SP-004609
V-13747,SP-004610
V-13747,SP-004611
LT-3191,SP-004612
FT-29439,SP-004613
TT-1399,SP-004614
TT-1399,SP-004615
P-16626,SP-004616
P-6700,SP-004617
P-6700,SP-004618
V-36432,SP-004619
V-36432,SP-004620
PT-24930,SP-004621
PSV-28163,SP-004622
PSV-36480,SP-004623
P-25744,SP-004624
P-25744,SP-004625
PSV-38902,SP-004626
P-28711,SP-004627
P-28711,SP-004628
TT-6850,SP-004629
K-28079,SP-004630
K-28079,SP-004631
XV-8347,SP-004632
XV-8347,SP-004633
PT-35927,SP-004634
PT-35927,SP-004635
XV-35223,SP-004636
FCV-31468,SP-004637
PT-8778,SP-004638
PT-8778,SP-004639
K-4729,SP-004640
K-4729,SP-004641
K-1985,SP-004642
K-1985,SP-004643
FCV-24133,SP-004644
FT-38541,SP-004645
FT-38541,SP-004646
FCV-17957,SP-004647
FCV-17957,SP-004648
FT-37297,SP-004649
FT-37297,SP-004650
K-2313,SP-004651
P-36223,SP-004652
P-36223,SP-004653
PT-38109,SP-004654
PT-38109,SP-004655
V-31660,SP-004656
V-31660,SP-004657
COL-1862,SP-004658
COL-1862,SP-004659
TT-29135,SP-004660
PT-15901,SP-004661
PT-15901,SP-004662
PT-10289,SP-004663
PT-10289,SP-004664
XV-26352,SP-004665
XV-26352,SP-004666
TT-28776,SP-004667
TT-28776,SP-004668
P-4323,SP-004669
P-4323,SP-004670
P-24706,SP-004671
PT-37773,SP-004672
P-7230,SP-004673
XV-25766,SP-004674
XV-25766,SP-004675
P-37573,SP-004676
P-37573,SP-004677
PT-9541,SP-004678
XV-18205,SP-004679
PT-30678,SP-004680
E-7317,SP-004681
E-7317,SP-004682
PT-11477,SP-004683
PT-8363,SP-004684
PT-8363,SP-004685
V-18705,SP-004686
V-18705,SP-004687
K-27089,SP-004688
PSV-33501,SP-004689
PSV-33501,SP-004690
P-10405,SP-004691
P-10405,SP-004692
PSV-19334,SP-004693
P-5356,SP-004694
P-5356,SP-004695
P-1121,SP-004696
PSV-33402,SP-004697
E-8588,SP-004698
E-8588,SP-004699
K-9959,SP-004700
K-9959,SP-004701
XV-3658,SP-004702
V-16632,SP-004703
FT-7784,SP-004704
FT-7784,SP-004705
PSV-27398,SP-004706
PSV-27398,SP-004707
E-14814,SP-004708
E-14814,SP-004709
P-35565,SP-004710
P-35565,SP-004711
P-35087,SP-004712
PSV-11260,SP-004713
PT-7734,SP-004714
PT-7734,SP-004715
P-20672,SP-004716
P-20672,SP-004717
XV-7170,SP-004718
TT-10837,SP-004719
TT-10837,SP-004720
PT-4088,SP-004721
PT-4088,SP-004722
PT-35862,SP-004723
V-37363,SP-004724
V-37363,SP-004725
V-32683,SP-004726
FCV-5143,SP-004727
FCV-5143,SP-004728
V-740,SP-004729
V-740,SP-004730
XV-13951,SP-004731
XV-13951,SP-004732
P-7816,SP-004733
LT-27683,SP-004734
K-7887,SP-004735
LT-16778,SP-004736
LT-16778,SP-004737
FCV-7348,SP-004738
FCV-7348,SP-004739
V-34304,SP-004740
V-34304,SP-004741
FCV-24087,SP-004742
FCV-24087,SP-004743
PSV-24035,SP-004744
PSV-24035,SP-004745
PT-37311,SP-004746
PT-37311,SP-004747
PSV-35950,SP-004748
E-34831,SP-004749
E-34831,SP-004750
LT-4120,SP-004751
LT-4120,SP-004752
PT-835,SP-004753
FT-21823,SP-004754
FT-21823,SP-004755
FT-10262,SP-004756
FT-10262,SP-004757
PT-33236,SP-004758
PT-33236,SP-004759
PSV-15050,SP-004760
PSV-15050,SP-004761
P-33512,SP-004762
P-33512,SP-004763
FT-17396,SP-004764
FT-17396,SP-004765
PT-27114,SP-004766
PT-27114,SP-004767
XV-1884,SP-004768
XV-1884,SP-004769
TT-8620,SP-004770
TT-8620,SP-004771
P-26354,SP-004772
P-26354,SP-004773
PSV-26542,SP-004774
LT-17432,SP-004775
K-12166,SP-004776
TT-26324,SP-004777
XV-20815,SP-004778
XV-20815,SP-004779
XV-24935,SP-004780
LT-3784,SP-004781
LT-3784,SP-004782
LT-1859,SP-004783
K-18374,SP-004784
XV-4470,SP-004785
XV-4470,SP-004786
FT-36109,SP-004787
P-31877,SP-004788
V-36671,SP-004789
V-36671,SP-004790
PSV-19578,SP-004791
PSV-18054,SP-004792
PSV-18054,SP-004793
P-21943,SP-004794
K-8477,SP-004795
K-8477,SP-004796
FCV-31705,SP-004797
FCV-31705,SP-004798
E-7442,SP-004799
PT-34103,SP-004800
PT-34103,SP-004801
PT-8528,SP-004802
LT-39253,SP-004803
FCV-6592,SP-004804
FCV-6592,SP-004805
P-18208,SP-004806
P-18208,SP-004807
V-21581,SP-004808
FCV-33784,SP-004809
PT-35965,SP-004810
PT-35965,SP-004811
FT-16769,SP-004812
FT-16769,SP-004813
P-9043,SP-004814
K-22646,SP-004815
K-13797,SP-004816
FT-5966,SP-004817
FT-5966,SP-004818
XV-7931,SP-004819
XV-7931,SP-004820
V-37364,SP-004821
LT-703,SP-004822
LT-703,SP-004823
P-34334,SP-004824
P-34334,SP-004825
E-23437,SP-004826
FT-23796,SP-004827
FT-23796,SP-004828
V-39054,SP-004829
V-39054,SP-004830
P-10483,SP-004831
FCV-17429,SP-004832
FCV-17429,SP-004833
PSV-14908,SP-004834
PSV-14908,SP-004835
PSV-23440,SP-004836
PSV-23440,SP-004837
P-1306,SP-004838
P-1306,SP-004839
K-14237,SP-004840
K-14237,SP-004841
K-17684,SP-004842
FCV-19664,SP-004843
FCV-19664,SP-004844
V-34266,SP-004845
V-34266,SP-004846
PT-36556,SP-004847
PT-36556,SP-004848
PT-11225,SP-004849
PT-11225,SP-004850
TT-2587,SP-004851
TT-2587,SP-004852
FT-39407,SP-004853
FT-39407,SP-004854
FCV-24703,SP-004855
PT-22179,SP-004856
E-8599,SP-004857
E-8599,SP-004858
P-16344,SP-004859
P-16344,SP-004860
TT-7591,SP-004861
V-30569,SP-004862
V-30569,SP-004863
COL-29839,SP-004864
COL-29839,SP-004865
FT-14989,SP-004866
FT-14989,SP-004867
V-1078,SP-004868
V-1078,SP-004869
V-30930,SP-004870
V-30930,SP-004871
V-706,SP-004872
P-467,SP-004873
PT-25482,SP-004874
LT-7065,SP-004875
LT-7065,SP-004876
XV-25941,SP-004877
XV-25941,SP-004878
COL-4802,SP-004879
K-20820,SP-004880
K-20820,SP-004881
FT-35403,SP-004882
FCV-3802,SP-004883
FCV-26255,SP-004884
FCV-26255,SP-004885
PSV-32587,SP-004886
PSV-32587,SP-004887
FT-13004,SP-004888
P-11216,SP-004889
P-11216,SP-004890
P-29810,SP-004891
P-29810,SP-004892
P-27874,SP-004893
P-27874,SP-004894
FCV-7315,SP-004895
FCV-7315,SP-004896
PT-32527,SP-004897
PSV-23879,SP-004898
PSV-23879,SP-004899
XV-16409,SP-004900
V-802,SP-004901
K-30698,SP-004902
K-30698,SP-004903
COL-26778,SP-004904
LT-18833,SP-004905
LT-18833,SP-004906
PSV-7411,SP-004907
FCV-23526,SP-004908
E-4227,SP-004909
E-4227,SP-004910
XV-22270,SP-004911
XV-22270,SP-004912
P-20976,SP-004913
P-20976,SP-004914
PSV-9778,SP-004915
PSV-9778,SP-004916
PSV-28789,SP-004917
PSV-28789,SP-004918
PSV-19170,SP-004919
COL-35104,SP-004920
P-11651,SP-004921
P-11651,SP-004922
PSV-3741,SP-004923
LT-26433,SP-004924
FCV-9932,SP-004925
K-8386,SP-004926
K-8386,SP-004927
FT-25312,SP-004928
FT-25312,SP-004929
PT-3212,SP-004930
PT-3212,SP-004931
LT-31118,SP-004932
PSV-9076,SP-004933
PSV-9076,SP-004934
PT-36746,SP-004935
COL-16162,SP-004936
COL-16162,SP-004937
V-23004,SP-004938
PT-36224,SP-004939
PT-36224,SP-004940
K-23295,SP-004941
K-23295,SP-004942
PSV-14675,SP-004943
P-34220,SP-004944
P-34220,SP-004945
COL-22110,SP-004946
FT-37879,SP-004947
FT-37879,SP-004948
COL-22468,SP-004949
FT-29039,SP-004950
COL-37768,SP-004951
COL-37768,SP-004952
COL-11125,SP-004953
COL-11125,SP-004954
P-7614,SP-004955
PT-34989,SP-004956
PT-20531,SP-004957
PT-20531,SP-004958
K-26170,SP-004959
V-24288,SP-004960
FT-39305,SP-004961
FT-39305,SP-004962
TT-6485,SP-004963
TT-6485,SP-004964
V-35961,SP-004965
V-35961,SP-004966
FCV-33223,SP-004967
TT-7676,SP-004968
TT-7676,SP-004969
COL-6453,SP-004970
PSV-490,SP-004971
COL-10987,SP-004972
TT-36234,SP-004973
TT-36234,SP-004974
LT-21455,SP-004975
XV-8324,SP-004976
XV-8324,SP-004977
PSV-19407,SP-004978
PSV-19407,SP-004979
COL-38031,SP-004980
COL-38031,SP-004981
P-3938,SP-004982
P-3938,SP-004983
XV-1112,SP-004984
TT-17312,SP-004985
XV-4795,SP-004986
PT-20122,SP-004987
PT-20122,SP-004988
TT-11130,SP-004989
TT-11130,SP-004990
PSV-10302,SP-004991
PSV-10302,SP-004992
V-17934,SP-004993
PSV-4368,SP-004994
PSV-2442,SP-004995
PSV-2442,SP-004996
FCV-27917,SP-004997
P-5135,SP-004998
P-5135,SP-004999
FT-7720,SP-005000
PT-38167,SP-005001
PT-38167,SP-005002
TT-29907,SP-005003
COL-8927,SP-005004
LT-38025,SP-005005
LT-38025,SP-005006
COL-28272,SP-005007
COL-28272,SP-005008
E-1842,SP-005009
E-1842,SP-005010
FCV-19273,SP-005011
FCV-32151,SP-005012
LT-9667,SP-005013
LT-9667,SP-005014
P-8462,SP-005015
E-23917,SP-005016
TT-18860,SP-005017
TT-18860,SP-005018
PSV-15782,SP-005019
PSV-15782,SP-005020
P-15362,SP-005021
P-15362,SP-005022
P-37742,SP-005023
P-27059,SP-005024
P-27059,SP-005025
FT-30201,SP-005026
LT-33085,SP-005027
LT-33085,SP-005028
FCV-4299,SP-005029
PT-9838,SP-005030
PT-9838,SP-005031
PSV-28758,SP-005032
PSV-28758,SP-005033
P-10356,SP-005034
E-15934,SP-005035
E-15934,SP-005036
LT-26,SP-005037
K-8488,SP-005038
LT-28885,SP-005039
LT-28885,SP-005040
FT-5946,SP-005041
PSV-10177,SP-005042
FT-860,SP-005043
FT-860,SP-005044
PT-27036,SP-005045
PT-27036,SP-005046
TT-3480,SP-005047
V-26880,SP-005048
V-26880,SP-005049
FT-7397,SP-005050
FT-12061,SP-005051
FT-12061,SP-005052
FCV-12771,SP-005053
E-27095,SP-005054
TT-23928,SP-005055
TT-23928,SP-005056
P-5058,SP-005057
P-36128,SP-005058
P-36128,SP-005059
PT-28807,SP-005060
PT-28807,SP-005061
FT-31039,SP-005062
P-27865,SP-005063
TT-1248,SP-005064
PSV-30218,SP-005065
FT-11756,SP-005066
PT-24945,SP-005067
PT-24945,SP-005068
E-25611,SP-005069
COL-25136,SP-005070
E-16622,SP-005071
E-16622,SP-005072
PT-12938,SP-005073
PT-12938,SP-005074
PT-12719,SP-005075
LT-12429,SP-005076
V-39956,SP-005077
V-39956,SP-005078
FT-8825,SP-005079
FT-8825,SP-005080
TT-10136,SP-005081
COL-9645,SP-005082
P-110,SP-005083
P-110,SP-005084
COL-12669,SP-005085
COL-12669,SP-005086
P-29572,SP-005087
P-29572,SP-005088
P-25389,SP-005089
K-33657,SP-005090
K-33657,SP-005091
TT-35328,SP-005092
TT-35328,SP-005093
P-1735,SP-005094
P-1735,SP-005095
TT-6991,SP-005096
TT-6991,SP-005097
COL-30694,SP-005098
FCV-36863,SP-005099
FCV-36863,SP-005100
COL-6601,SP-005101
COL-91,SP-005102
TT-2079,SP-005103
TT-2079,SP-005104
COL-23989,SP-005105
COL-23989,SP-005106
PSV-22688,SP-005107
E-17781,SP-005108
FT-4419,SP-005109
V-16886,SP-005110
V-16886,SP-005111
FCV-660,SP-005112
FCV-660,SP-005113
COL-15296,SP-005114
TT-37673,SP-005115
PSV-13717,SP-005116
PSV-13717,SP-005117
PSV-27179,SP-005118
PSV-27179,SP-005119
PSV-37124,SP-005120
FCV-3263,SP-005121
FCV-3263,SP-005122
XV-6408,SP-005123
XV-6408,SP-005124
TT-6105,SP-005125
TT-6105,SP-005126
K-12346,SP-005127
K-12346,SP-005128
PSV-4152,SP-005129
PSV-4152,SP-005130
XV-2974,SP-005131
XV-2974,SP-005132
XV-3420,SP-005133
E-37868,SP-005134
E-37868,SP-005135
P-31452,SP-005136
XV-15358,SP-005137
V-21366,SP-005138
V-6528,SP-005139
V-6528,SP-005140
E-6497,SP-005141
E-6497,SP-005142
LT-12958,SP-005143
LT-12958,SP-005144
COL-14614,SP-005145
COL-14614,SP-005146
TT-7386,SP-005147
TT-26713,SP-005148
P-23141,SP-005149
P-23141,SP-005150
FT-23278,SP-005151
FT-23278,SP-005152
K-38182,SP-005153
K-38182,SP-005154
V-32059,SP-005155
V-32059,SP-005156
LT-33282,SP-005157
LT-33282,SP-005158
K-1467,SP-005159
K-1467,SP-005160
FT-30671,SP-005161
FT-30671,SP-005162
FT-34924,SP-005163
K-2658,SP-005164
K-2658,SP-005165
LT-35452,SP-005166
FT-25248,SP-005167
P-16382,SP-005168
P-16382,SP-005169
XV-8042,SP-005170
PT-31397,SP-005171
PT-31397,SP-005172
P-17019,SP-005173
P-17019,SP-005174
E-4464,SP-005175
E-4464,SP-005176
COL-9559,SP-005177
COL-9559,SP-005178
COL-25392,SP-005179
LT-6498,SP-005180
P-13202,SP-005181
FCV-5086,SP-005182
FCV-5086,SP-005183
K-38634,SP-005184
K-38634,SP-005185
COL-26977,SP-005186
COL-26977,SP-005187
K-25687,SP-005188
COL-31752,SP-005189
COL-31752,SP-005190
FT-9752,SP-005191
FT-9752,SP-005192
XV-9789,SP-005193
XV-9789,SP-005194
V-1155,SP-005195
FT-27366,SP-005196
FT-27366,SP-005197
FCV-3166,SP-005198
FCV-5522,SP-005199
FCV-5522,SP-005200
LT-11487,SP-005201
PSV-34285,SP-005202
PSV-34285,SP-005203
K-15160,SP-005204
K-15160,SP-005205
COL-26251,SP-005206
COL-26251,SP-005207
FCV-12482,SP-005208
P-10256,SP-005209
P-10256,SP-005210
PSV-30043,SP-005211
PSV-30043,SP-005212
FT-25989,SP-005213
P-33480,SP-005214
P-33480,SP-005215
V-1160,SP-005216
PSV-35599,SP-005217
P-9850,SP-005218
P-9850,SP-005219
FCV-22741,SP-005220
FCV-22741,SP-005221
P-34925,SP-005222
P-34925,SP-005223
XV-6672,SP-005224
XV-6672,SP-005225
PT-25114,SP-005226
PT-25114,SP-005227
LT-4937,SP-005228
P-15533,SP-005229
P-25477,SP-005230
TT-39895,SP-005231
P-28207,SP-005232
P-28207,SP-005233
V-26857,SP-005234
V-29193,SP-005235
V-29193,SP-005236
LT-39883,SP-005237
LT-39883,SP-005238
TT-27699,SP-005239
P-39592,SP-005240
COL-29095,SP-005241
COL-29095,SP-005242
V-4736,SP-005243
V-4736,SP-005244
P-22543,SP-005245
P-22543,SP-005246
P-2410,SP-005247
P-2410,SP-005248
LT-38452,SP-005249
LT-38452,SP-005250
FT-20910,SP-005251
FT-20910,SP-005252
V-39811,SP-005253
PT-7249,SP-005254
E-13329,SP-005255
V-28854,SP-005256
V-28854,SP-005257
PT-28333,SP-005258
PT-28333,SP-005259
LT-31300,SP-005260
LT-31300,SP-005261
PT-23518,SP-005262
XV-4458,SP-005263
FCV-277,SP-005264
FCV-277,SP-005265
LT-37724,SP-005266
LT-37724,SP-005267
TT-39548,SP-005268
K-26920,SP-005269
TT-12760,SP-005270
TT-12760,SP-005271
FCV-36814,SP-005272
FCV-26939,SP-005273
LT-21973,SP-005274
XV-11319,SP-005275
PSV-9571,SP-005276
PSV-9571,SP-005277
K-33750,SP-005278
K-33750,SP-005279
K-12477,SP-005280
LT-27589,SP-005281
LT-27589,SP-005282
PT-21251,SP-005283
PT-21251,SP-005284
LT-23383,SP-005285
LT-23383,SP-005286
PSV-26585,SP-005287
P-33362,SP-005288
PSV-15435,SP-005289
K-20193,SP-005290
LT-2466,SP-005291
LT-2466,SP-005292
COL-2169,SP-005293
PT-32893,SP-005294
PT-32893,SP-005295
P-38229,SP-005296
P-38229,SP-005297
FT-36323,SP-005298
FT-12750,SP-005299
LT-26723,SP-005300
LT-26723,SP-005301
FCV-32134,SP-005302
K-14923,SP-005303
PT-18502,SP-005304
XV-10990,SP-005305
XV-10990,SP-005306
V-2631,SP-005307
V-2631,SP-005308
FCV-15756,SP-005309
P-16969,SP-005310
P-16969,SP-005311
FT-3633,SP-005312
FT-3633,SP-005313
P-12706,SP-005314
P-12706,SP-005315
FCV-23517,SP-005316
FCV-23517,SP-005317
PSV-18615,SP-005318
PSV-18615,SP-005319
E-17938,SP-005320
E-17938,SP-005321
TT-29521,SP-005322
P-17229,SP-005323
K-111,SP-005324
TT-4046,SP-005325
LT-31398,SP-005326
LT-31398,SP-005327
P-5542,SP-005328
P-5542,SP-005329
TT-32593,SP-005330
TT-32593,SP-005331
TT-26739,SP-005332
TT-26739,SP-005333
E-6981,SP-005334
E-6981,SP-005335
PSV-19434,SP-005336
PSV-19434,SP-005337
E-12148,SP-005338
E-12148,SP-005339
V-23859,SP-005340
PT-495,SP-005341
COL-21436,SP-005342
FT-38809,SP-005343
FT-38809,SP-005344
V-18626,SP-005345
V-18626,SP-005346
P-20550,SP-005347
P-20550,SP-005348
P-22909,SP-005349
XV-21245,SP-005350
P-972,SP-005351
P-972,SP-005352
FCV-36079,SP-005353
FCV-36079,SP-005354
XV-11095,SP-005355
V-21240,SP-005356
V-21240,SP-005357
K-36778,SP-005358
FCV-35305,SP-005359
FCV-35305,SP-005360
PT-11273,SP-005361
V-27018,SP-005362
V-27018,SP-005363
LT-28841,SP-005364
XV-30027,SP-005365
V-21478,SP-005366
V-21478,SP-005367
COL-15962,SP-005368
P-39712,SP-005369
P-39712,SP-005370
TT-15394,SP-005371
TT-15394,SP-005372
XV-13609,SP-005373
XV-13609,SP-005374
E-16692,SP-005375
P-27767,SP-005376
P-27767,SP-005377
E-24806,SP-005378
E-24806,SP-005379
E-1825,SP-005380
E-1825,SP-005381
PSV-11068,SP-005382
PSV-11068,SP-005383
LT-37206,SP-005384
PSV-34268,SP-005385
E-17363,SP-005386
PT-37655,SP-005387
PT-37655,SP-005388
FCV-29423,SP-005389
FCV-29423,SP-005390
FT-33216,SP-005391
FT-33216,SP-005392
FCV-28495,SP-005393
TT-39101,SP-005394
FCV-3865,SP-005395
P-2364,SP-005396
FT-14053,SP-005397
FT-14053,SP-005398
LT-37129,SP-005399
LT-37129,SP-005400
P-30175,SP-005401
P-30175,SP-005402
P-5725,SP-005403
XV-21320,SP-005404
XV-21320,SP-005405
TT-5313,SP-005406
P-31558,SP-005407
P-31558,SP-005408
XV-11040,SP-005409
FT-16668,SP-005410
FT-16668,SP-005411
COL-6351,SP-005412
PSV-20806,SP-005413
PSV-20806,SP-005414
FT-497,SP-005415
FT-497,SP-005416
XV-10582,SP-005417
XV-10582,SP-005418
TT-32854,SP-005419
TT-32854,SP-005420
PT-8401,SP-005421
PT-8401,SP-005422
V-10437,SP-005423
V-10437,SP-005424
COL-20171,SP-005425
COL-20171,SP-005426
LT-26828,SP-005427
LT-26828,SP-005428
LT-6409,SP-005429
LT-6409,SP-005430
FT-7712,SP-005431
V-12731,SP-005432
V-12731,SP-005433
P-32984,SP-005434
E-5947,SP-005435
E-5947,SP-005436
PT-37984,SP-005437
PT-37984,SP-005438
PSV-35335,SP-005439
PSV-17384,SP-005440
E-961,SP-005441
E-961,SP-005442
TT-27618,SP-005443
PT-27249,SP-005444
PT-27249,SP-005445
V-11535,SP-005446
COL-33938,SP-005447
COL-33938,SP-005448
V-13891,SP-005449
V-13891,SP-005450
K-27674,SP-005451
K-27674,SP-005452
FT-21512,SP-005453
P-29903,SP-005454
XV-8035,SP-005455
XV-8035,SP-005456
PSV-11394,SP-005457
PSV-11394,SP-005458
XV-22253,SP-005459
XV-22253,SP-005460
PT-21683,SP-005461
PT-21683,SP-005462
K-27735,SP-005463
PT-7237,SP-005464
PT-7237,SP-005465
PT-35678,SP-005466
COL-12140,SP-005467
COL-20845,SP-005468
TT-38355,SP-005469
TT-38355,SP-005470
COL-16801,SP-005471
E-1510,SP-005472
P-23204,SP-005473
FCV-18175,SP-005474
FCV-18175,SP-005475
XV-1484,SP-005476
P-33251,SP-005477
K-29436,SP-005478
LT-26143,SP-005479
LT-39832,SP-005480
TT-32000,SP-005481
PT-50,SP-005482
COL-34317,SP-005483
LT-23870,SP-005484
FT-21552,SP-005485
E-1955,SP-005486
E-1955,SP-005487
V-22053,SP-005488
V-22053,SP-005489
COL-20973,SP-005490
TT-22700,SP-005491
TT-22700,SP-005492
FT-21879,SP-005493
LT-35430,SP-005494
LT-35430,SP-005495
XV-21052,SP-005496
P-38602,SP-005497
P-38602,SP-005498
PT-33347,SP-005499
E-13622,SP-005500
E-13622,SP-005501
PT-16859,SP-005502
PT-16859,SP-005503
P-11500,SP-005504
P-11500,SP-005505
P-29341,SP-005506
P-29341,SP-005507
COL-17253,SP-005508
COL-17253,SP-005509
TT-23996,SP-005510
TT-23996,SP-005511
FT-10195,SP-005512
P-1345,SP-005513
P-1345,SP-005514
COL-37607,SP-005515
COL-37607,SP-005516
PT-36519,SP-005517
PT-36519,SP-005518
E-33341,SP-005519
K-36831,SP-005520
K-36831,SP-005521
V-13085,SP-005522
V-13085,SP-005523
P-17052,SP-005524
P-17052,SP-005525
PT-23126,SP-005526
K-36190,SP-005527
K-36190,SP-005528
P-26543,SP-005529
FCV-36297,SP-005530
FCV-36297,SP-005531
PSV-6625,SP-005532
E-17932,SP-005533
E-17932,SP-005534
FT-33982,SP-005535
FT-19039,SP-005536
FT-19039,SP-005537
FT-30088,SP-005538
FT-30088,SP-005539
LT-39965,SP-005540
LT-39965,SP-005541
TT-30576,SP-005542
FT-8798,SP-005543
FT-8798,SP-005544
K-17193,SP-005545
K-30145,SP-005546
K-30145,SP-005547
K-8799,SP-005548
FT-10615,SP-005549
FT-10615,SP-005550
P-27933,SP-005551
P-27933,SP-005552
K-9487,SP-005553
K-9487,SP-005554
P-31755,SP-005555
P-35254,SP-005556
XV-10986,SP-005557
K-11738,SP-005558
XV-20891,SP-005559
TT-16298,SP-005560
TT-16298,SP-005561
P-2888,SP-005562
V-29603,SP-005563
V-29603,SP-005564
V-16075,SP-005565
V-16075,SP-005566
COL-1708,SP-005567
COL-1708,SP-005568
TT-17368,SP-005569
P-33232,SP-005570
P-33232,SP-005571
K-37467,SP-005572
K-37467,SP-005573
P-15201,SP-005574
P-23768,SP-005575
P-23768,SP-005576
K-20313,SP-005577
LT-19953,SP-005578
LT-19953,SP-005579
P-33496,SP-005580
P-3387,SP-005581
COL-6023,SP-005582
COL-6023,SP-005583
V-25266,SP-005584
V-25266,SP-005585
V-22582,SP-005586
TT-8315,SP-005587
TT-8315,SP-005588
XV-5467,SP-005589
LT-6573,SP-005590
LT-6573,SP-005591
K-39227,SP-005592
K-39227,SP-005593
E-19784,SP-005594
LT-35389,SP-005595
K-27174,SP-005596
XV-4035,SP-005597
TT-6304,SP-005598
TT-6304,SP-005599
FCV-34468,SP-005600
PSV-4594,SP-005601
PSV-4594,SP-005602
PSV-1720,SP-005603
PSV-1720,SP-005604
V-30048,SP-005605
COL-250,SP-005606
V-12493,SP-005607
COL-35770,SP-005608
COL-35770,SP-005609
TT-8630,SP-005610
TT-8630,SP-005611
FT-18810,SP-005612
XV-22588,SP-005613
XV-22588,SP-005614
FCV-536,SP-005615
FCV-536,SP-005616
COL-8190,SP-005617
COL-8190,SP-005618
PT-31186,SP-005619
PT-31186,SP-005620
V-35612,SP-005621
FT-22946,SP-005622
P-16569,SP-005623
P-16569,SP-005624
V-3169,SP-005625
K-4423,SP-005626
K-4423,SP-005627
TT-15823,SP-005628
TT-15823,SP-005629
FT-13201,SP-005630
FT-13201,SP-005631
FCV-33215,SP-005632
P-2914,SP-005633
P-2914,SP-005634
PT-148,SP-005635
PT-148,SP-005636
FT-6483,SP-005637
PSV-8991,SP-005638
E-18269,SP-005639
E-18269,SP-005640
P-26233,SP-005641
TT-33099,SP-005642
TT-33099,SP-005643
P-32389,SP-005644
P-32389,SP-005645
TT-1990,SP-005646
P-12710,SP-005647
P-12710,SP-005648
P-38237,SP-005649
P-38237,SP-005650
LT-14761,SP-005651
FT-5724,SP-005652
LT-2479,SP-005653
FCV-13468,SP-005654
FT-20860,SP-005655
FT-20860,SP-005656
FT-24488,SP-005657
PSV-30429,SP-005658
K-6127,SP-005659
K-18847,SP-005660
K-18847,SP-005661
COL-30762,SP-005662
PT-6748,SP-005663
PT-6748,SP-005664
COL-4623,SP-005665
K-33763,SP-005666
K-33763,SP-005667
PT-17212,SP-005668
PT-17212,SP-005669
PT-37398,SP-005670
PT-37398,SP-005671
TT-2546,SP-005672
TT-2546,SP-005673
FT-22982,SP-005674
FT-22982,SP-005675
P-2428,SP-005676
PT-31247,SP-005677
PT-31247,SP-005678
PT-9369,SP-005679
K-30180,SP-005680
K-30180,SP-005681
PSV-8229,SP-005682
PSV-8229,SP-005683
P-24435,SP-005684
P-24435,SP-005685
FCV-25088,SP-005686
P-28337,SP-005687
E-19841,SP-005688
E-24546,SP-005689
E-24546,SP-005690
LT-23318,SP-005691
LT-23318,SP-005692
COL-5330,SP-005693
COL-5330,SP-005694
P-14160,SP-005695
LT-23118,SP-005696
FT-1011,SP-005697
PSV-31934,SP-005698
PSV-31934,SP-005699
XV-28361,SP-005700
PT-6629,SP-005701
PT-6629,SP-005702
FT-16623,SP-005703
PT-7919,SP-005704
PT-7919,SP-005705
XV-25164,SP-005706
PSV-25952,SP-005707
PSV-1026,SP-005708
PT-7127,SP-005709
PT-7127,SP-005710
LT-31358,SP-005711
LT-31358,SP-005712
FT-1053,SP-005713
TT-31313,SP-005714
P-3772,SP-005715
P-3772,SP-005716
K-2795,SP-005717
P-6470,SP-005718
P-6470,SP-005719
XV-27077,SP-005720
XV-27077,SP-005721
PT-30809,SP-005722
P-35489,SP-005723
P-35489,SP-005724
COL-20373,SP-005725
P-22128,SP-005726
PT-23418,SP-005727
PT-23418,SP-005728
V-2926,SP-005729
V-2926,SP-005730
P-39443,SP-005731
XV-21380,SP-005732
E-23251,SP-005733
E-23251,SP-005734
K-15787,SP-005735
V-39893,SP-005736
COL-14008,SP-005737
COL-14008,SP-005738
TT-9183,SP-005739
TT-9183,SP-005740
PT-1390,SP-005741
PT-1390,SP-005742
PT-15747,SP-005743
PT-15747,SP-005744
P-27454,SP-005745
V-38312,SP-005746
V-38312,SP-005747
XV-12978,SP-005748
XV-12978,SP-005749
E-16446,SP-005750
E-16446,SP-005751
XV-2221,SP-005752
XV-2221,SP-005753
TT-12464,SP-005754
V-36359,SP-005755
P-2955,SP-005756
PT-1587,SP-005757
LT-17548,SP-005758
LT-17548,SP-005759
XV-10377,SP-005760
LT-1300,SP-005761
LT-1300,SP-005762
P-10156,SP-005763
P-10156,SP-005764
E-5211,SP-005765
FT-13572,SP-005766
FT-13572,SP-005767
COL-15217,SP-005768
COL-15217,SP-005769
PSV-9156,SP-005770
PSV-9156,SP-005771
LT-34664,SP-005772
LT-34664,SP-005773
K-39968,SP-005774
FT-15236,SP-005775
XV-27447,SP-005776
PT-35215,SP-005777
XV-24639,SP-005778
P-10243,SP-005779
K-3720,SP-005780
P-21662,SP-005781
LT-4107,SP-005782
P-16922,SP-005783
P-16922,SP-005784
E-30224,SP-005785
COL-20565,SP-005786
COL-20565,SP-005787
TT-39351,SP-005788
P-14795,SP-005789
P-14795,SP-005790
E-35106,SP-005791
E-35106,SP-005792
P-13072,SP-005793
P-13072,SP-005794
E-15968,SP-005795
E-15968,SP-005796
FT-24324,SP-005797
PSV-39845,SP-005798
PSV-39845,SP-005799
P-25158,SP-005800
P-25158,SP-005801
COL-37171,SP-005802
COL-37171,SP-005803
XV-6515,SP-005804
PT-34140,SP-005805
E-4194,SP-005806
E-4194,SP-005807
XV-30331,SP-005808
XV-30331,SP-005809
XV-34359,SP-005810
XV-34359,SP-005811
LT-34062,SP-005812
FT-39727,SP-005813
XV-5796,SP-005814
FCV-15330,SP-005815
K-8470,SP-005816
PSV-25192,SP-005817
PSV-25192,SP-005818
LT-21999,SP-005819
LT-21999,SP-005820
COL-3973,SP-005821
COL-3973,SP-005822
FT-20971,SP-005823
TT-8826,SP-005824
PSV-35815,SP-005825
V-34076,SP-005826
V-34076,SP-005827
V-23843,SP-005828
P-31091,SP-005829
PSV-28064,SP-005830
PSV-28064,SP-005831
P-11642,SP-005832
K-28931,SP-005833
K-28931,SP-005834
K-11742,SP-005835
K-11742,SP-005836
K-27506,SP-005837
K-27506,SP-005838
P-25916,SP-005839
P-25916,SP-005840
LT-12752,SP-005841
LT-17871,SP-005842
TT-38810,SP-005843
COL-18182,SP-005844
K-27789,SP-005845
P-23779,SP-005846
P-3939,SP-005847
P-3939,SP-005848
P-39199,SP-005849
P-2298,SP-005850
P-2298,SP-005851
P-3557,SP-005852
PT-25105,SP-005853
P-19014,SP-005854
P-19014,SP-005855
LT-31054,SP-005856
LT-31054,SP-005857
PT-31841,SP-005858
XV-7845,SP-005859
V-34983,SP-005860
P-28678,SP-005861
FT-36292,SP-005862
FT-36292,SP-005863
E-12715,SP-005864
PT-24978,SP-005865
FCV-20345,SP-005866
P-31785,SP-005867
P-31785,SP-005868
LT-10632,SP-005869
FCV-32586,SP-005870
FCV-32586,SP-005871
E-25639,SP-005872
XV-26402,SP-005873
XV-26402,SP-005874
E-28224,SP-005875
E-28224,SP-005876
P-34749,SP-005877
PT-6857,SP-005878
XV-32252,SP-005879
XV-32252,SP-005880
FT-6871,SP-005881
P-7171,SP-005882
K-8569,SP-005883
K-8569,SP-005884
V-39623,SP-005885
XV-11112,SP-005886
LT-10439,SP-005887
TT-13724,SP-005888
TT-13724,SP-005889
TT-35303,SP-005890
TT-35303,SP-005891
COL-28095,SP-005892
P-20833,SP-005893
P-20833,SP-005894
FT-25923,SP-005895
FT-5178,SP-005896
TT-9724,SP-005897
P-12850,SP-005898
FCV-17586,SP-005899
TT-28709,SP-005900
TT-28709,SP-005901
FCV-38811,SP-005902
FCV-38811,SP-005903
PSV-38201,SP-005904
XV-23297,SP-005905
XV-23297,SP-005906
E-30850,SP-005907
COL-5342,SP-005908
P-15653,SP-005909
P-15653,SP-005910
FT-4785,SP-005911
PSV-2091,SP-005912
XV-18543,SP-005913
XV-10557,SP-005914
COL-29057,SP-005915
P-5898,SP-005916
P-5898,SP-005917
COL-29916,SP-005918
COL-29916,SP-005919
V-17799,SP-005920
V-17799,SP-005921
TT-21197,SP-005922
COL-12785,SP-005923
COL-12785,SP-005924
V-34726,SP-005925
E-16260,SP-005926
E-16260,SP-005927
TT-38407,SP-005928
E-9615,SP-005929
E-9615,SP-005930
PSV-13427,SP-005931
P-8147,SP-005932
FT-6301,SP-005933
FCV-19153,SP-005934
FCV-19153,SP-005935
COL-19871,SP-005936
FT-25320,SP-005937
LT-10729,SP-005938
LT-10729,SP-005939
PT-1512,SP-005940
PSV-4289,SP-005941
PSV-4289,SP-005942
E-14370,SP-005943
E-14370,SP-005944
COL-17922,SP-005945
XV-37540,SP-005946
COL-18794,SP-005947
COL-18794,SP-005948
P-13726,SP-005949
FCV-27326,SP-005950
FCV-27326,SP-005951
COL-20339,SP-005952
COL-20339,SP-005953
TT-10872,SP-005954
FT-10449,SP-005955
FT-10449,SP-005956
FCV-5826,SP-005957
FCV-5826,SP-005958
LT-36714,SP-005959
LT-36714,SP-005960
E-30288,SP-005961
E-5228,SP-005962
PT-34272,SP-005963
PT-34272,SP-005964
COL-34702,SP-005965
COL-34702,SP-005966
TT-23451,SP-005967
TT-23451,SP-005968
V-15016,SP-005969
V-15016,SP-005970
P-21025,SP-005971
PSV-21544,SP-005972
E-30014,SP-005973
V-21475,SP-005974
V-21475,SP-005975
FT-26225,SP-005976
PT-30420,SP-005977
XV-30513,SP-005978
XV-30513,SP-005979
PT-25743,SP-005980
PT-25743,SP-005981
FCV-19449,SP-005982
COL-39084,SP-005983
COL-39084,SP-005984
PT-10700,SP-005985
P-39573,SP-005986
XV-34536,SP-005987
XV-34536,SP-005988
FCV-32888,SP-005989
E-38244,SP-005990
E-38244,SP-005991
E-38657,SP-005992
E-38657,SP-005993
P-35555,SP-005994
LT-15908,SP-005995
TT-25508,SP-005996
TT-25508,SP-005997
V-13429,SP-005998
TT-5442,SP-005999
TT-5442,SP-006000
FCV-23586,SP-006001
PSV-20963,SP-006002
XV-1809,SP-006003
XV-1809,SP-006004
LT-17902,SP-006005
LT-17902,SP-006006
TT-3697,SP-006007
TT-3697,SP-006008
TT-18906,SP-006009
FT-25445,SP-006010
FT-25445,SP-006011
P-15766,SP-006012
FCV-35664,SP-006013
FCV-35664,SP-006014
PT-15563,SP-006015
PT-15563,SP-006016
XV-13707,SP-006017
P-13867,SP-006018
FCV-39298,SP-006019
FCV-39298,SP-006020
PT-10374,SP-006021
E-25626,SP-006022
V-37084,SP-006023
V-37084,SP-006024
E-24047,SP-006025
E-24047,SP-006026
FT-28844,SP-006027
FT-28844,SP-006028
COL-28278,SP-006029
COL-28278,SP-006030
P-34700,SP-006031
PT-3307,SP-006032
PT-3307,SP-006033
LT-32459,SP-006034
LT-32459,SP-006035
P-1982,SP-006036
P-1982,SP-006037
XV-31303,SP-006038
XV-31303,SP-006039
XV-20792,SP-006040
PT-9655,SP-006041
PSV-25422,SP-006042
E-2730,SP-006043
E-2730,SP-006044
COL-27916,SP-006045
COL-27916,SP-006046
P-25348,SP-006047
P-15681,SP-006048
XV-30785,SP-006049
XV-30785,SP-006050
LT-19183,SP-006051
LT-19183,SP-006052
PSV-27327,SP-006053
PSV-27327,SP-006054
LT-938,SP-006055
LT-938,SP-006056
XV-28378,SP-006057
XV-28378,SP-006058
PSV-7999,SP-006059
PSV-7999,SP-006060
FT-12674,SP-006061
FT-12674,SP-006062
PT-12144,SP-006063
PT-12144,SP-006064
P-38302,SP-006065
K-22620,SP-006066
K-22620,SP-006067
XV-35958,SP-006068
P-16275,SP-006069
V-7596,SP-006070
V-26342,SP-006071
V-26342,SP-006072
FCV-30338,SP-006073
V-33265,SP-006074
V-33265,SP-006075
FCV-24796,SP-006076
FCV-24796,SP-006077
P-13564,SP-006078
P-13564,SP-006079
LT-27307,SP-006080
PT-35336,SP-006081
PT-35336,SP-006082
P-36143,SP-006083
XV-32092,SP-006084
XV-32092,SP-006085
PT-10055,SP-006086
PT-10055,SP-006087
E-25168,SP-006088
FCV-4993,SP-006089
XV-10113,SP-006090
K-16019,SP-006091
K-16019,SP-006092
PSV-12222,SP-006093
FCV-32718,SP-006094
E-25117,SP-006095
P-24658,SP-006096
P-24658,SP-006097
LT-7902,SP-006098
FT-12582,SP-006099
FT-12582,SP-006100
FCV-2487,SP-006101
FCV-2487,SP-006102
LT-7430,SP-006103
P-7640,SP-006104
FT-28431,SP-006105
P-12365,SP-006106
P-12365,SP-006107
P-3918,SP-006108
P-3918,SP-006109
COL-14525,SP-006110
COL-14525,SP-006111
FT-37779,SP-006112
PSV-5158,SP-006113
PSV-5158,SP-006114
E-2258,SP-006115
V-12231,SP-006116
V-12231,SP-006117
FT-571,SP-006118
FT-571,SP-006119
P-3389,SP-006120
XV-3290,SP-006121
V-9306,SP-006122
V-9306,SP-006123
XV-16855,SP-006124
XV-32139,SP-006125
XV-32139,SP-006126
V-15859,SP-006127
FT-33121,SP-006128
FT-33121,SP-006129
PT-6560,SP-006130
FT-18437,SP-006131
FT-18437,SP-006132
FCV-19798,SP-006133
FCV-19798,SP-006134
LT-15589,SP-006135
COL-37884,SP-006136
COL-37884,SP-006137
K-24490,SP-006138
K-24490,SP-006139
TT-6441,SP-006140
TT-6441,SP-006141
K-12139,SP-006142
XV-4905,SP-006143
PT-13301,SP-006144
FT-22618,SP-006145
FT-22618,SP-006146
TT-27790,SP-006147
K-21315,SP-006148
XV-31703,SP-006149
PSV-31248,SP-006150
LT-34383,SP-006151
LT-34383,SP-006152
E-39448,SP-006153
E-39448,SP-006154
P-32634,SP-006155
COL-3600,SP-006156
XV-35951,SP-006157
XV-35951,SP-006158
V-39059,SP-006159
P-31483,SP-006160
P-31483,SP-006161
V-20509,SP-006162
V-20509,SP-006163
PSV-2809,SP-006164
P-38667,SP-006165
P-38667,SP-006166
COL-21755,SP-006167
FCV-28619,SP-006168
FCV-28619,SP-006169
K-960,SP-006170
K-960,SP-006171
P-11016,SP-006172
P-11016,SP-006173
P-24797,SP-006174
P-24797,SP-006175
PT-37706,SP-006176
PT-37706,SP-006177
LT-26123,SP-006178
LT-26123,SP-006179
TT-20620,SP-006180
PT-39904,SP-006181
TT-7341,SP-006182
V-11568,SP-006183
V-36595,SP-006184
TT-26222,SP-006185
TT-26222,SP-006186
P-12258,SP-006187
PSV-34237,SP-006188
FCV-13049,SP-006189
FCV-13049,SP-006190
XV-39937,SP-006191
XV-39937,SP-006192
TT-19527,SP-006193
P-3112,SP-006194
FT-11314,SP-006195
TT-14392,SP-006196
P-10486,SP-006197
E-12786,SP-006198
E-12786,SP-006199
K-14480,SP-006200
TT-28454,SP-006201
XV-9483,SP-006202
XV-9483,SP-006203
V-12124,SP-006204
P-15067,SP-006205
P-15067,SP-006206
COL-12764,SP-006207
COL-12764,SP-006208
LT-38390,SP-006209
K-39506,SP-006210
K-39506,SP-006211
FCV-37483,SP-006212
FCV-37483,SP-006213
PT-28034,SP-006214
PT-28034,SP-006215
FT-13229,SP-006216
FT-13229,SP-006217
E-18778,SP-006218
E-18778,SP-006219
LT-11904,SP-006220
COL-37823,SP-006221
COL-37823,SP-006222
FCV-24361,SP-006223
COL-9823,SP-006224
E-4247,SP-006225
E-4247,SP-006226
P-26727,SP-006227
E-23772,SP-006228
E-23772,SP-006229
P-15199,SP-006230
P-15199,SP-006231
XV-2179,SP-006232
LT-31653,SP-006233
LT-31653,SP-006234
FCV-4659,SP-006235
FCV-4659,SP-006236
E-5201,SP-006237
K-36300,SP-006238
P-9744,SP-006239
P-9744,SP-006240
XV-38581,SP-006241
XV-38581,SP-006242
E-24396,SP-006243
E-24396,SP-006244
PSV-32472,SP-006245
PSV-4095,SP-006246
V-759,SP-006247
LT-24366,SP-006248
FT-22140,SP-006249
COL-1307,SP-006250
COL-1307,SP-006251
P-10481,SP-006252
P-10481,SP-006253
V-19685,SP-006254
P-39657,SP-006255
P-39657,SP-006256
V-28250,SP-006257
V-28250,SP-006258
K-31308,SP-006259
PT-29913,SP-006260
PSV-11324,SP-006261
PSV-11324,SP-006262
FT-25044,SP-006263
FT-25044,SP-006264
PSV-39975,SP-006265
TT-26513,SP-006266
TT-26513,SP-006267
COL-3005,SP-006268
COL-3005,SP-006269
LT-20737,SP-006270
LT-20737,SP-006271
E-20558,SP-006272
E-20558,SP-006273
V-12101,SP-006274
V-12101,SP-006275
COL-28291,SP-006276
COL-28291,SP-006277
K-30144,SP-006278
K-30144,SP-006279
V-729,SP-006280
PSV-28593,SP-006281
TT-31371,SP-006282
TT-31371,SP-006283
P-29381,SP-006284
TT-36466,SP-006285
TT-36466,SP-006286
P-19868,SP-006287
V-16756,SP-006288
V-16756,SP-006289
FT-38758,SP-006290
FT-38758,SP-006291
TT-29543,SP-006292
TT-29543,SP-006293
FT-39894,SP-006294
P-4144,SP-006295
TT-31610,SP-006296
TT-31610,SP-006297
V-11448,SP-006298
K-27985,SP-006299
K-27985,SP-006300
XV-27572,SP-006301
XV-27572,SP-006302
P-8975,SP-006303
P-11884,SP-006304
P-11884,SP-006305
COL-32250,SP-006306
COL-32250,SP-006307
FT-6057,SP-006308
FT-4407,SP-006309
FT-4407,SP-006310
PT-29659,SP-006311
PT-29659,SP-006312
XV-29609,SP-006313
XV-29609,SP-006314
XV-35455,SP-006315
TT-21601,SP-006316
TT-21601,SP-006317
V-34238,SP-006318
V-34238,SP-006319
K-39739,SP-006320
K-39739,SP-006321
LT-6861,SP-006322
FCV-2516,SP-006323
FCV-2516,SP-006324
COL-8890,SP-006325
XV-9613,SP-006326
XV-9613,SP-006327
E-27427,SP-006328
LT-30261,SP-006329
FCV-12913,SP-006330
FCV-12913,SP-006331
P-1042,SP-006332
P-1042,SP-006333
E-28277,SP-006334
E-28277,SP-006335
FT-8771,SP-006336
FT-8771,SP-006337
FT-32247,SP-006338
LT-37050,SP-006339
XV-31402,SP-006340
XV-31402,SP-006341
FT-30711,SP-006342
V-7069,SP-006343
V-7069,SP-006344
K-31094,SP-006345
K-31094,SP-006346
V-16008,SP-006347
V-16008,SP-006348
P-38320,SP-006349
P-38320,SP-006350
P-6264,SP-006351
FT-4620,SP-006352
FT-4620,SP-006353
V-34053,SP-006354
FCV-23177,SP-006355
P-15370,SP-006356
V-13971,SP-006357
P-1343,SP-006358
P-1343,SP-006359
FCV-27897,SP-006360
FCV-27897,SP-006361
P-39435,SP-006362
P-39435,SP-006363
PSV-23215,SP-006364
PSV-23215,SP-006365
TT-26526,SP-006366
PT-18471,SP-006367
LT-6353,SP-006368
PT-25354,SP-006369
LT-5427,SP-006370
LT-5427,SP-006371
LT-26766,SP-006372
LT-26766,SP-006373
PT-5560,SP-006374
FCV-12889,SP-006375
FCV-12889,SP-006376
P-22433,SP-006377
P-22433,SP-006378
P-28786,SP-006379
PSV-38462,SP-006380
V-17476,SP-006381
E-29617,SP-006382
TT-22405,SP-006383
FCV-31414,SP-006384
FCV-31414,SP-006385
PSV-22971,SP-006386
P-19125,SP-006387
P-19125,SP-006388
XV-2709,SP-006389
XV-2709,SP-006390
PSV-35409,SP-006391
PT-11556,SP-006392
COL-9329,SP-006393
COL-9329,SP-006394
FCV-31920,SP-006395
FCV-31920,SP-006396
XV-30094,SP-006397
XV-30094,SP-006398
P-5233,SP-006399
P-5233,SP-006400
TT-3357,SP-006401
TT-3357,SP-006402
XV-20559,SP-006403
XV-20559,SP-006404
XV-31279,SP-006405
PSV-27483,SP-006406
XV-5691,SP-006407
XV-5691,SP-006408
FCV-8788,SP-006409
FCV-8788,SP-006410
COL-6166,SP-006411
P-19071,SP-006412
P-23019,SP-006413
XV-12971,SP-006414
XV-12971,SP-006415
COL-19269,SP-006416
K-5956,SP-006417
K-5956,SP-006418
TT-25569,SP-006419
TT-25569,SP-006420
V-9727,SP-006421
XV-30046,SP-006422
XV-30046,SP-006423
FT-9818,SP-006424
P-26735,SP-006425
COL-18939,SP-006426
COL-18939,SP-006427
TT-36058,SP-006428
LT-20211,SP-006429
LT-20211,SP-006430
V-1579,SP-006431
FT-14532,SP-006432
FT-14532,SP-006433
FCV-17453,SP-006434
COL-19063,SP-006435
COL-36650,SP-006436
COL-36650,SP-006437
LT-2018,SP-006438
LT-2018,SP-006439
K-25238,SP-006440
PT-15294,SP-006441
TT-15004,SP-006442
E-32862,SP-006443
E-32862,SP-006444
TT-16937,SP-006445
TT-16937,SP-006446
E-33848,SP-006447
E-33848,SP-006448
P-2193,SP-006449
XV-4909,SP-006450
XV-4909,SP-006451
LT-18044,SP-006452
LT-18044,SP-006453
FCV-18627,SP-006454
FCV-18627,SP-006455
PT-16788,SP-006456
PT-16788,SP-006457
P-8652,SP-006458
PSV-35758,SP-006459
K-4751,SP-006460
K-4751,SP-006461
P-28601,SP-006462
P-28601,SP-006463
PT-22827,SP-006464
V-37080,SP-006465
FT-6620,SP-006466
FT-6620,SP-006467
LT-4053,SP-006468
LT-4053,SP-006469
P-18016,SP-006470
P-18016,SP-006471
TT-20083,SP-006472
TT-20083,SP-006473
PSV-20711,SP-006474
LT-31435,SP-006475
LT-31435,SP-006476
XV-39830,SP-006477
FCV-16481,SP-006478
FCV-16481,SP-006479
E-12630,SP-006480
FCV-17577,SP-006481
PSV-8107,SP-006482
PSV-8107,SP-006483
PSV-30322,SP-006484
E-10459,SP-006485
E-10459,SP-006486
P-30960,SP-006487
XV-15979,SP-006488
P-15989,SP-006489
FT-7843,SP-006490
FT-7843,SP-006491
LT-10858,SP-006492
LT-10858,SP-006493
LT-19227,SP-006494
E-28765,SP-006495
E-28765,SP-006496
TT-2603,SP-006497
LT-22051,SP-006498
V-35898,SP-006499
V-5868,SP-006500
E-4063,SP-006501
E-4063,SP-006502
XV-19801,SP-006503
XV-31546,SP-006504
E-18046,SP-006505
E-18046,SP-006506
XV-21307,SP-006507
XV-21307,SP-006508
COL-24970,SP-006509
COL-24970,SP-006510
LT-27425,SP-006511
LT-27425,SP-006512
FCV-19592,SP-006513
FCV-19592,SP-006514
V-26367,SP-006515
V-26367,SP-006516
XV-21617,SP-006517
PSV-17645,SP-006518
E-34054,SP-006519
E-34054,SP-006520
P-13639,SP-006521
P-13639,SP-006522
P-39863,SP-006523
P-39863,SP-006524
V-17863,SP-006525
P-35987,SP-006526
P-35987,SP-006527
TT-22899,SP-006528
TT-22899,SP-006529
FCV-19321,SP-006530
FCV-19321,SP-006531
V-16190,SP-006532
V-16190,SP-006533
COL-18644,SP-006534
K-7831,SP-006535
PSV-26518,SP-006536
FCV-37359,SP-006537
FCV-37359,SP-006538
V-36521,SP-006539
V-36521,SP-006540
COL-39099,SP-006541
PSV-23257,SP-006542
V-39343,SP-006543
V-39343,SP-006544
K-12450,SP-006545
K-12450,SP-006546
P-25858,SP-006547
P-25858,SP-006548
PT-24075,SP-006549
PT-24075,SP-006550
XV-25875,SP-006551
COL-30832,SP-006552
FT-21297,SP-006553
FCV-9620,SP-006554
PT-10824,SP-006555
PT-10824,SP-006556
XV-22859,SP-006557
FCV-30710,SP-006558
K-17099,SP-006559
K-17099,SP-006560
COL-13895,SP-006561
COL-13895,SP-006562
FT-7248,SP-006563
P-38044,SP-006564
P-38044,SP-006565
COL-18257,SP-006566
K-14274,SP-006567
K-14274,SP-006568
COL-23822,SP-006569
P-5664,SP-006570
P-5664,SP-006571
TT-17473,SP-006572
LT-580,SP-006573
LT-580,SP-006574
P-5708,SP-006575
PSV-36597,SP-006576
E-4082,SP-006577
PSV-3090,SP-006578
COL-25990,SP-006579
E-19645,SP-006580
E-19645,SP-006581
TT-34211,SP-006582
P-9878,SP-006583
P-9878,SP-006584
LT-11733,SP-006585
LT-11733,SP-006586
PT-38684,SP-006587
FCV-7491,SP-006588
FCV-7491,SP-006589
V-31840,SP-006590
V-31840,SP-006591
P-1872,SP-006592
P-1872,SP-006593
XV-22901,SP-006594
XV-35983,SP-006595
TT-579,SP-006596
TT-579,SP-006597
FCV-18005,SP-006598
PT-19810,SP-006599
TT-14655,SP-006600
E-15327,SP-006601
FCV-17345,SP-006602
V-33380,SP-006603
P-32729,SP-006604
P-32729,SP-006605
P-11077,SP-006606
K-27900,SP-006607
FCV-35832,SP-006608
P-14284,SP-006609
TT-32721,SP-006610
TT-15100,SP-006611
TT-15100,SP-006612
COL-21703,SP-006613
COL-21703,SP-006614
FT-25507,SP-006615
K-22115,SP-006616
PSV-8832,SP-006617
E-15107,SP-006618
V-1187,SP-006619
V-1187,SP-006620
K-17050,SP-006621
P-10878,SP-006622
P-10878,SP-006623
P-21020,SP-006624
TT-26586,SP-006625
TT-26586,SP-006626
LT-19126,SP-006627
COL-30222,SP-006628
E-14916,SP-006629
E-14916,SP-006630
E-26805,SP-006631
COL-27670,SP-006632
COL-27670,SP-006633
FT-7759,SP-006634
TT-19998,SP-006635
TT-19998,SP-006636
FCV-39334,SP-006637
FCV-23968,SP-006638
FCV-33887,SP-006639
FCV-33887,SP-006640
COL-27392,SP-006641
COL-27392,SP-006642
K-29068,SP-006643
K-29068,SP-006644
V-19376,SP-006645
E-27073,SP-006646
TT-23151,SP-006647
E-27116,SP-006648
PT-34981,SP-006649
FCV-16331,SP-006650
FCV-16331,SP-006651
TT-38075,SP-006652
PSV-10103,SP-006653
LT-16754,SP-006654
LT-16754,SP-006655
P-21124,SP-006656
FT-21627,SP-006657
TT-8979,SP-006658
PSV-13990,SP-006659
P-15824,SP-006660
PT-30737,SP-006661
COL-871,SP-006662
P-7846,SP-006663
V-15892,SP-006664
V-15892,SP-006665
XV-37048,SP-006666
PT-23804,SP-006667
FT-31779,SP-006668
FT-31779,SP-006669
P-39532,SP-006670
P-11945,SP-006671
P-11945,SP-006672
TT-2318,SP-006673
TT-2318,SP-006674
TT-20470,SP-006675
TT-20470,SP-006676
LT-32534,SP-006677
PSV-37128,SP-006678
XV-30776,SP-006679
XV-30776,SP-006680
XV-15051,SP-006681
V-32275,SP-006682
V-32275,SP-006683
XV-4810,SP-006684
FCV-4632,SP-006685
FCV-4632,SP-006686
FCV-9847,SP-006687
FCV-9847,SP-006688
XV-25160,SP-006689
FT-29595,SP-006690
FCV-30814,SP-006691
FCV-30814,SP-006692
FT-14217,SP-006693
PT-35486,SP-006694
PT-35486,SP-006695
P-33193,SP-006696
V-17605,SP-006697
XV-33082,SP-006698
XV-17457,SP-006699
XV-17457,SP-006700
PSV-17424,SP-006701
PSV-17424,SP-006702
FCV-39464,SP-006703
PSV-17870,SP-006704
PSV-17870,SP-006705
PSV-1662,SP-006706
COL-35380,SP-006707
FCV-31761,SP-006708
FCV-31761,SP-006709
K-21855,SP-006710
K-18424,SP-006711
PT-23553,SP-006712
PT-23553,SP-006713
E-13112,SP-006714
E-13112,SP-006715
PSV-3000,SP-006716
PSV-3000,SP-006717
FCV-29516,SP-006718
FCV-29516,SP-006719
COL-5306,SP-006720
COL-5306,SP-006721
V-16807,SP-006722
V-16807,SP-006723
P-24109,SP-006724
E-35197,SP-006725
FT-19038,SP-006726
V-29449,SP-006727
FCV-4860,SP-006728
TT-24717,SP-006729
TT-24717,SP-006730
K-19596,SP-006731
P-35302,SP-006732
P-20111,SP-006733
P-20111,SP-006734
PSV-12086,SP-006735
E-37394,SP-006736
E-37394,SP-006737
LT-15890,SP-006738
FT-32242,SP-006739
FT-32242,SP-006740
FCV-36350,SP-006741
FCV-36350,SP-006742
FCV-32406,SP-006743
FCV-32406,SP-006744
E-26187,SP-006745
E-32437,SP-006746
E-32437,SP-006747
PSV-14245,SP-006748
FCV-38709,SP-006749
FCV-38709,SP-006750
E-39923,SP-006751
E-39923,SP-006752
PSV-30346,SP-006753
PSV-30346,SP-006754
PT-30736,SP-006755
LT-18223,SP-006756
LT-18223,SP-006757
V-20911,SP-006758
V-20911,SP-006759
K-13918,SP-006760
K-13918,SP-006761
XV-24346,SP-006762
XV-35508,SP-006763
V-31277,SP-006764
V-31277,SP-006765
P-528,SP-006766
P-528,SP-006767
PT-21533,SP-006768
PT-21533,SP-006769
COL-18575,SP-006770
P-36794,SP-006771
P-11643,SP-006772
P-11643,SP-006773
FCV-16319,SP-006774
P-38659,SP-006775
XV-28057,SP-006776
XV-28057,SP-006777
LT-17509,SP-006778
TT-12334,SP-006779
FT-15712,SP-006780
XV-39618,SP-006781
XV-39618,SP-006782
PT-15938,SP-006783
PT-15938,SP-006784
K-39281,SP-006785
FT-18431,SP-006786
FT-18431,SP-006787
P-36820,SP-006788
LT-39047,SP-006789
V-8100,SP-006790
FCV-2994,SP-006791
FCV-2994,SP-006792
PSV-6013,SP-006793
PSV-6013,SP-006794
FCV-32298,SP-006795
FCV-32298,SP-006796
E-6821,SP-006797
COL-5491,SP-006798
V-38792,SP-006799
V-38792,SP-006800
FT-38742,SP-006801
FT-38742,SP-006802
XV-4436,SP-006803
XV-4436,SP-006804
COL-19450,SP-006805
COL-19450,SP-006806
TT-15723,SP-006807
TT-15723,SP-006808
COL-14521,SP-006809
PSV-7182,SP-006810
PT-21826,SP-006811
PT-21826,SP-006812
TT-11175,SP-006813
TT-11175,SP-006814
TT-17807,SP-006815
TT-13367,SP-006816
TT-13367,SP-006817
P-4420,SP-006818
COL-39715,SP-006819
COL-39715,SP-006820
COL-7026,SP-006821
P-1454,SP-006822
PT-28120,SP-006823
FT-22230,SP-006824
E-37009,SP-006825
E-37009,SP-006826
TT-1655,SP-006827
E-7565,SP-006828
E-7565,SP-006829
P-34671,SP-006830
P-37411,SP-006831
E-32205,SP-006832
E-32205,SP-006833
PT-8731,SP-006834
PT-8731,SP-006835
FCV-31569,SP-006836
K-35085,SP-006837
PT-27389,SP-006838
PT-27389,SP-006839
LT-13714,SP-006840
P-30182,SP-006841
P-30182,SP-006842
TT-306,SP-006843
TT-306,SP-006844
TT-38157,SP-006845
TT-38157,SP-006846
V-31139,SP-006847
V-31139,SP-006848
FCV-6937,SP-006849
FCV-6937,SP-006850
P-26810,SP-006851
P-9707,SP-006852
E-12560,SP-006853
E-12560,SP-006854
XV-22979,SP-006855
XV-22979,SP-006856
P-26768,SP-006857
E-35670,SP-006858
E-35670,SP-006859
K-8831,SP-006860
K-8831,SP-006861
PSV-14406,SP-006862
PSV-14406,SP-006863
P-28052,SP-006864
PT-34615,SP-006865
TT-29800,SP-006866
TT-29800,SP-006867
FCV-35248,SP-006868
FCV-35248,SP-006869
COL-22876,SP-006870
COL-22876,SP-006871
P-34810,SP-006872
TT-14226,SP-006873
TT-14226,SP-006874
P-894,SP-006875
P-26617,SP-006876
P-26617,SP-006877
LT-1909,SP-006878
E-21763,SP-006879
TT-483,SP-006880
TT-483,SP-006881
PSV-695,SP-006882
PSV-695,SP-006883
COL-16563,SP-006884
COL-16563,SP-006885
COL-35900,SP-006886
COL-35900,SP-006887
P-5831,SP-006888
LT-9326,SP-006889
PT-26360,SP-006890
TT-35827,SP-006891
PT-31488,SP-006892
COL-5576,SP-006893
K-34280,SP-006894
E-6733,SP-006895
P-3530,SP-006896
XV-16524,SP-006897
XV-16524,SP-006898
FCV-31006,SP-006899
FCV-31006,SP-006900
TT-35929,SP-006901
TT-9159,SP-006902
TT-9159,SP-006903
COL-3002,SP-006904
COL-3002,SP-006905
V-39493,SP-006906
FT-2509,SP-006907
COL-14138,SP-006908
COL-14138,SP-006909
PT-18226,SP-006910
PT-18226,SP-006911
P-16733,SP-006912
P-16733,SP-006913
PSV-6666,SP-006914
P-15072,SP-006915
P-15072,SP-006916
COL-24389,SP-006917
COL-24389,SP-006918
FT-18172,SP-006919
P-22212,SP-006920
FT-9363,SP-006921
FT-9363,SP-006922
PT-14317,SP-006923
PT-14317,SP-006924
FT-37882,SP-006925
COL-5903,SP-006926
PT-4545,SP-006927
FCV-39486,SP-006928
FCV-39486,SP-006929
E-23469,SP-006930
TT-18436,SP-006931
V-14039,SP-006932
TT-31787,SP-006933
V-29885,SP-006934
V-29885,SP-006935
K-30811,SP-006936
K-30811,SP-006937
PSV-26487,SP-006938
PT-37916,SP-006939
FCV-3237,SP-006940
FCV-3237,SP-006941
E-6072,SP-006942
E-6072,SP-006943
V-27541,SP-006944
V-27541,SP-006945
XV-17197,SP-006946
V-21456,SP-006947
V-21456,SP-006948
P-24073,SP-006949
P-24073,SP-006950
P-8306,SP-006951
PSV-2875,SP-006952
PSV-19725,SP-006953
P-18125,SP-006954
PT-24291,SP-006955
PT-24291,SP-006956
E-30935,SP-006957
E-30935,SP-006958
COL-602,SP-006959
COL-602,SP-006960
PT-38658,SP-006961
PT-38658,SP-006962
TT-37125,SP-006963
PT-28381,SP-006964
P-19188,SP-006965
P-19188,SP-006966
LT-32931,SP-006967
V-7783,SP-006968
P-29259,SP-006969
P-29259,SP-006970
P-20141,SP-006971
P-20141,SP-006972
K-17663,SP-006973
K-17663,SP-006974
COL-27201,SP-006975
COL-27201,SP-006976
E-4,SP-006977
V-24128,SP-006978
FCV-19821,SP-006979
FCV-19821,SP-006980
P-22455,SP-006981
P-22455,SP-006982
K-37465,SP-006983
K-37465,SP-006984
COL-13537,SP-006985
P-30923,SP-006986
P-30923,SP-006987
COL-26702,SP-006988
COL-26702,SP-006989
P-20015,SP-006990
V-3519,SP-006991
PT-34106,SP-006992
PT-34106,SP-006993
TT-9098,SP-006994
TT-16017,SP-006995
XV-2610,SP-006996
XV-2610,SP-006997
PSV-14844,SP-006998
FT-32455,SP-006999
LT-19475,SP-007000
TT-14530,SP-007001
TT-14530,SP-007002
E-32473,SP-007003
E-32473,SP-007004
FT-12011,SP-007005
P-891,SP-007006
P-891,SP-007007
PT-4544,SP-007008
COL-34826,SP-007009
COL-34826,SP-007010
PSV-38672,SP-007011
TT-25745,SP-007012
TT-25745,SP-007013
P-12623,SP-007014
P-12623,SP-007015
E-27469,SP-007016
E-27469,SP-007017
P-24990,SP-007018
LT-11457,SP-007019
LT-11457,SP-007020
XV-22691,SP-007021
P-28693,SP-007022
P-28693,SP-007023
PSV-13262,SP-007024
PSV-13262,SP-007025
P-22191,SP-007026
PT-13864,SP-007027
PT-8791,SP-007028
PT-8791,SP-007029
P-7068,SP-007030
COL-4140,SP-007031
COL-4140,SP-007032
TT-1431,SP-007033
P-21291,SP-007034
FT-11250,SP-007035
FT-11250,SP-007036
XV-9966,SP-007037
XV-9966,SP-007038
LT-10031,SP-007039
LT-10031,SP-007040
K-13777,SP-007041
LT-21411,SP-007042
XV-3414,SP-007043
XV-3414,SP-007044
FT-6178,SP-007045
FT-19780,SP-007046
E-4858,SP-007047
K-26510,SP-007048
PT-3270,SP-007049
E-31132,SP-007050
LT-1755,SP-007051
FT-36928,SP-007052
FT-36928,SP-007053
XV-943,SP-007054
XV-943,SP-007055
TT-25384,SP-007056
LT-18758,SP-007057
COL-16593,SP-007058
COL-16593,SP-007059
K-38542,SP-007060
COL-16326,SP-007061
P-35858,SP-007062
P-35858,SP-007063
FT-33808,SP-007064
K-28109,SP-007065
K-28109,SP-007066
P-10839,SP-007067
P-10839,SP-007068
FT-12397,SP-007069
FT-12397,SP-007070
PT-4800,SP-007071
COL-15889,SP-007072
PSV-35835,SP-007073
PSV-35835,SP-007074
PT-29457,SP-007075
PT-29457,SP-007076
P-38095,SP-007077
LT-8600,SP-007078
LT-8600,SP-007079
LT-25571,SP-007080
K-18930,SP-007081
K-18930,SP-007082
P-17031,SP-007083
PSV-3777,SP-007084
PT-8547,SP-007085
PT-8547,SP-007086
K-23463,SP-007087
FCV-6524,SP-007088
FCV-6524,SP-007089
P-29376,SP-007090
PT-37052,SP-007091
XV-13349,SP-007092
XV-13349,SP-007093
E-34432,SP-007094
V-38137,SP-007095
V-38137,SP-007096
P-3033,SP-007097
TT-35828,SP-007098
TT-35828,SP-007099
K-7631,SP-007100
V-23116,SP-007101
P-39690,SP-007102
V-7547,SP-007103
V-7547,SP-007104
P-39495,SP-007105
V-27433,SP-007106
V-27433,SP-007107
PT-33891,SP-007108
P-14932,SP-007109
P-14932,SP-007110
K-1854,SP-007111
K-1854,SP-007112
LT-23371,SP-007113
LT-23371,SP-007114
FT-14349,SP-007115
FT-14349,SP-007116
K-33481,SP-007117
K-33481,SP-007118
FT-8373,SP-007119
TT-23723,SP-007120
TT-23723,SP-007121
P-39381,SP-007122
P-39381,SP-007123
V-33438,SP-007124
FT-1920,SP-007125
FT-21660,SP-007126
FT-21660,SP-007127
P-23476,SP-007128
P-23476,SP-007129
P-27740,SP-007130
FT-9938,SP-007131
LT-23263,SP-007132
LT-23263,SP-007133
TT-817,SP-007134
TT-1420,SP-007135
TT-1420,SP-007136
K-26090,SP-007137
K-26090,SP-007138
FT-19749,SP-007139
FT-19749,SP-007140
COL-22074,SP-007141
COL-22074,SP-007142
E-429,SP-007143
K-12410,SP-007144
K-12410,SP-007145
LT-6571,SP-007146
LT-16256,SP-007147
FCV-37127,SP-007148
K-28030,SP-007149
K-28030,SP-007150
LT-10776,SP-007151
LT-10776,SP-007152
PSV-34119,SP-007153
PSV-34119,SP-007154
P-2170,SP-007155
LT-21691,SP-007156
LT-21691,SP-007157
COL-31141,SP-007158
COL-31141,SP-007159
E-33428,SP-007160
E-33428,SP-007161
FCV-17802,SP-007162
FCV-17802,SP-007163
TT-4164,SP-007164
P-26405,SP-007165
E-33598,SP-007166
E-33598,SP-007167
FT-12121,SP-007168
P-30140,SP-007169
P-30140,SP-007170
LT-24874,SP-007171
K-38540,SP-007172
XV-22656,SP-007173
XV-22656,SP-007174
V-36876,SP-007175
V-36876,SP-007176
COL-38114,SP-007177
COL-38114,SP-007178
XV-33253,SP-007179
XV-33253,SP-007180
V-38162,SP-007181
TT-2672,SP-007182
TT-2672,SP-007183
P-16656,SP-007184
XV-38798,SP-007185
COL-33038,SP-007186
COL-33038,SP-007187
PSV-38076,SP-007188
TT-38871,SP-007189
E-39596,SP-007190
E-5813,SP-007191
XV-34508,SP-007192
K-474,SP-007193
K-474,SP-007194
PT-1183,SP-007195
PSV-39150,SP-007196
PSV-39150,SP-007197
K-7847,SP-007198
K-7847,SP-007199
PT-17260,SP-007200
P-14777,SP-007201
P-9687,SP-007202
V-9905,SP-007203
V-18997,SP-007204
P-31837,SP-007205
P-31837,SP-007206
TT-17268,SP-007207
V-6626,SP-007208
V-6626,SP-007209
E-36310,SP-007210
COL-11301,SP-007211
FCV-5720,SP-007212
K-2253,SP-007213
FCV-22233,SP-007214
FCV-22233,SP-007215
P-38669,SP-007216
P-38669,SP-007217
PSV-15920,SP-007218
PSV-15920,SP-007219
K-17017,SP-007220
P-37354,SP-007221
TT-8458,SP-007222
FT-31913,SP-007223
FT-31913,SP-007224
E-28258,SP-007225
TT-5788,SP-007226
TT-5788,SP-007227
V-20428,SP-007228
V-20428,SP-007229
PSV-38131,SP-007230
PSV-38131,SP-007231
LT-30929,SP-007232
LT-30929,SP-007233
XV-3,SP-007234
XV-3,SP-007235
COL-23375,SP-007236
COL-23375,SP-007237
V-30616,SP-007238
V-30616,SP-007239
PSV-17096,SP-007240
V-28589,SP-007241
E-34388,SP-007242
TT-25787,SP-007243
FT-9038,SP-007244
TT-25415,SP-007245
TT-25415,SP-007246
E-23502,SP-007247
COL-23033,SP-007248
COL-23033,SP-007249
E-3657,SP-007250
LT-5221,SP-007251
LT-5221,SP-007252
FT-38333,SP-007253
TT-9895,SP-007254
TT-9895,SP-007255
COL-36439,SP-007256
COL-36439,SP-007257
K-2188,SP-007258
K-2188,SP-007259
FT-15838,SP-007260
FT-15838,SP-007261
P-13684,SP-007262
P-13684,SP-007263
XV-17020,SP-007264
LT-29993,SP-007265
E-39152,SP-007266
E-39152,SP-007267
K-38127,SP-007268
K-38127,SP-007269
E-20006,SP-007270
E-20006,SP-007271
FT-18907,SP-007272
FT-18907,SP-007273
K-24298,SP-007274
K-24298,SP-007275
V-7014,SP-007276
K-12627,SP-007277
K-12627,SP-007278
TT-13624,SP-007279
TT-13624,SP-007280
XV-23854,SP-007281
XV-23854,SP-007282
TT-24719,SP-007283
TT-24719,SP-007284
COL-32500,SP-007285
FT-36661,SP-007286
P-13518,SP-007287
P-9863,SP-007288
P-9863,SP-007289
FCV-20403,SP-007290
FCV-20403,SP-007291
FCV-9208,SP-007292
FCV-9208,SP-007293
COL-8908,SP-007294
COL-8908,SP-007295
PT-22283,SP-007296
PT-22283,SP-007297
COL-2004,SP-007298
K-22560,SP-007299
FT-22927,SP-007300
COL-14970,SP-007301
COL-14970,SP-007302
P-31531,SP-007303
P-31531,SP-007304
LT-11718,SP-007305
E-10228,SP-007306
E-10228,SP-007307
P-16290,SP-007308
P-16290,SP-007309
K-17814,SP-007310
K-17814,SP-007311
K-33976,SP-007312
K-33976,SP-007313
FT-29955,SP-007314
FT-29955,SP-007315
P-35286,SP-007316
P-35286,SP-007317
COL-10868,SP-007318
E-16159,SP-007319
E-16159,SP-007320
P-23315,SP-007321
P-5408,SP-007322
P-5408,SP-007323
FT-14154,SP-007324
FT-14154,SP-007325
E-19977,SP-007326
E-19977,SP-007327
E-8780,SP-007328
COL-14343,SP-007329
COL-14343,SP-007330
COL-38570,SP-007331
COL-38570,SP-007332
TT-36471,SP-007333
PT-23501,SP-007334
V-35836,SP-007335
V-35836,SP-007336
K-7901,SP-007337
V-37498,SP-007338
V-2241,SP-007339
P-8232,SP-007340
XV-26096,SP-007341
XV-26096,SP-007342
P-38082,SP-007343
P-38082,SP-007344
P-8283,SP-007345
P-8283,SP-007346
K-3062,SP-007347
K-3062,SP-007348
PSV-35053,SP-007349
PSV-35053,SP-007350
TT-11599,SP-007351
TT-11599,SP-007352
FCV-37652,SP-007353
FCV-37652,SP-007354
PT-31235,SP-007355
FT-8607,SP-007356
FT-8607,SP-007357
K-38806,SP-007358
K-38806,SP-007359
XV-28708,SP-007360
XV-28708,SP-007361
LT-26712,SP-007362
LT-26712,SP-007363
LT-22837,SP-007364
P-19416,SP-007365
P-19416,SP-007366
PT-18072,SP-007367
LT-25461,SP-007368
LT-25461,SP-007369
LT-30813,SP-007370
V-31988,SP-007371
V-31988,SP-007372
PSV-39979,SP-007373
PT-18952,SP-007374
PT-18952,SP-007375
P-21189,SP-007376
COL-4605,SP-007377
P-35895,SP-007378
V-12185,SP-007379
V-12185,SP-007380
XV-20412,SP-007381
P-7934,SP-007382
P-7934,SP-007383
PT-38083,SP-007384
PT-38083,SP-007385
V-36983,SP-007386
V-36983,SP-007387
E-20131,SP-007388
E-20131,SP-007389
XV-37956,SP-007390
COL-8860,SP-007391
COL-8860,SP-007392
V-28091,SP-007393
V-28091,SP-007394
E-15760,SP-007395
E-15760,SP-007396
K-1108,SP-007397
K-1108,SP-007398
P-7755,SP-007399
P-7755,SP-007400
LT-31090,SP-007401
V-29344,SP-007402
FCV-28012,SP-007403
LT-5586,SP-007404
PT-21892,SP-007405
FT-3235,SP-007406
COL-36031,SP-007407
PSV-29461,SP-007408
PSV-29461,SP-007409
FT-10816,SP-007410
P-14946,SP-007411
P-14946,SP-007412
TT-3234,SP-007413
TT-3234,SP-007414
XV-24757,SP-007415
XV-24757,SP-007416
PT-18313,SP-007417
PT-18313,SP-007418
P-39929,SP-007419
P-39929,SP-007420
COL-28001,SP-007421
COL-28001,SP-007422
PSV-25761,SP-007423
PT-29238,SP-007424
PT-29238,SP-007425
TT-32457,SP-007426
P-29320,SP-007427
P-29320,SP-007428
V-394,SP-007429
V-39360,SP-007430
V-39360,SP-007431
P-5928,SP-007432
P-5928,SP-007433
FT-34562,SP-007434
PT-24470,SP-007435
V-9312,SP-007436
V-9312,SP-007437
FT-18813,SP-007438
FT-18813,SP-007439
LT-9191,SP-007440
LT-9191,SP-007441
P-14171,SP-007442
P-14171,SP-007443
P-37261,SP-007444
P-37261,SP-007445
LT-1625,SP-007446
LT-1625,SP-007447
FT-37921,SP-007448
FCV-13336,SP-007449
P-3726,SP-007450
V-15003,SP-007451
V-13131,SP-007452
P-28003,SP-007453
FT-39369,SP-007454
K-29808,SP-007455
COL-14576,SP-007456
COL-14576,SP-007457
PT-9437,SP-007458
PT-9437,SP-007459
PT-23639,SP-007460
FT-8125,SP-007461
V-31469,SP-007462
V-31469,SP-007463
XV-40032,SP-007464
XV-37253,SP-007465
XV-27704,SP-007466
XV-36331,SP-007467
E-2567,SP-007468
E-2567,SP-007469
V-7892,SP-007470
PT-7815,SP-007471
PT-7815,SP-007472
PT-20352,SP-007473
PT-20352,SP-007474
E-5977,SP-007475
P-36946,SP-007476
P-36946,SP-007477
FT-23851,SP-007478
XV-20611,SP-007479
PT-11579,SP-007480
P-20372,SP-007481
TT-11580,SP-007482
V-12675,SP-007483
FCV-37152,SP-007484
FCV-37152,SP-007485
K-18642,SP-007486
P-27266,SP-007487
P-27266,SP-007488
FCV-20811,SP-007489
COL-20282,SP-007490
E-36782,SP-007491
P-15999,SP-007492
P-15999,SP-007493
PSV-3316,SP-007494
TT-21069,SP-007495
TT-21069,SP-007496
V-17690,SP-007497
V-17690,SP-007498
LT-18029,SP-007499
LT-18029,SP-007500
K-22614,SP-007501
P-21770,SP-007502
P-21770,SP-007503
FT-3848,SP-007504
P-6300,SP-007505
P-6300,SP-007506
K-816,SP-007507
K-816,SP-007508
V-25166,SP-007509
FT-1309,SP-007510
FT-1309,SP-007511
TT-15445,SP-007512
TT-15445,SP-007513
FT-24028,SP-007514
P-35359,SP-007515
V-26975,SP-007516
V-26975,SP-007517
PSV-12990,SP-007518
FCV-22228,SP-007519
FCV-22228,SP-007520
V-2422,SP-007521
FCV-1150,SP-007522
FCV-35326,SP-007523
K-21252,SP-007524
V-13463,SP-007525
COL-13026,SP-007526
PT-2514,SP-007527
PT-2514,SP-007528
V-31504,SP-007529
V-31504,SP-007530
E-9867,SP-007531
E-9867,SP-007532
FCV-18643,SP-007533
FCV-18643,SP-007534
K-33413,SP-007535
K-33413,SP-007536
FCV-9875,SP-007537
COL-31879,SP-007538
LT-37459,SP-007539
LT-37459,SP-007540
E-20140,SP-007541
E-20140,SP-007542
PT-29751,SP-007543
K-34178,SP-007544
XV-20639,SP-007545
P-25706,SP-007546
E-24689,SP-007547
E-24689,SP-007548
LT-10897,SP-007549
LT-10897,SP-007550
COL-29881,SP-007551
LT-15636,SP-007552
E-22867,SP-007553
E-22867,SP-007554
TT-33889,SP-007555
PSV-19180,SP-007556
PSV-19180,SP-007557
V-23039,SP-007558
FCV-22235,SP-007559
FCV-22235,SP-007560
FCV-30523,SP-007561
FCV-30523,SP-007562
FCV-15229,SP-007563
FCV-15229,SP-007564
PT-20979,SP-007565
FCV-8918,SP-007566
FCV-8918,SP-007567
XV-17816,SP-007568
K-11122,SP-007569
P-24388,SP-007570
P-24388,SP-007571
FT-28020,SP-007572
FT-28020,SP-007573
FT-39698,SP-007574
FT-39698,SP-007575
FCV-20096,SP-007576
FCV-20096,SP-007577
P-1393,SP-007578
P-1393,SP-007579
TT-23240,SP-007580
FT-22883,SP-007581
TT-20381,SP-007582
TT-20381,SP-007583
FCV-6695,SP-007584
FCV-6695,SP-007585
FT-27898,SP-007586
FT-27898,SP-007587
V-16228,SP-007588
V-16228,SP-007589
P-7267,SP-007590
P-7267,SP-007591
COL-2232,SP-007592
PT-33969,SP-007593
PT-33969,SP-007594
COL-31973,SP-007595
E-21092,SP-007596
E-21092,SP-007597
FCV-2684,SP-007598
FCV-2684,SP-007599
LT-8145,SP-007600
LT-25494,SP-007601
LT-25494,SP-007602
K-9686,SP-007603
FCV-29939,SP-007604
FCV-3260,SP-007605
COL-25594,SP-007606
COL-25594,SP-007607
XV-23217,SP-007608
XV-23217,SP-007609
PT-28606,SP-007610
COL-33521,SP-007611
COL-33521,SP-007612
COL-39481,SP-007613
FT-4980,SP-007614
FT-4980,SP-007615
V-35267,SP-007616
LT-38671,SP-007617
LT-38671,SP-007618
E-25850,SP-007619
P-22631,SP-007620
P-22631,SP-007621
COL-32803,SP-007622
COL-32803,SP-007623
E-12502,SP-007624
P-21969,SP-007625
XV-6216,SP-007626
XV-6216,SP-007627
PSV-28886,SP-007628
PSV-28886,SP-007629
FT-19397,SP-007630
P-22142,SP-007631
FT-9366,SP-007632
K-21324,SP-007633
P-34837,SP-007634
FT-9155,SP-007635
FT-9155,SP-007636
P-29103,SP-007637
V-12589,SP-007638
K-36036,SP-007639
COL-33021,SP-007640
COL-33021,SP-007641
E-15292,SP-007642
PSV-7517,SP-007643
K-19574,SP-007644
K-19574,SP-007645
P-1640,SP-007646
LT-13447,SP-007647
LT-13447,SP-007648
XV-876,SP-007649
XV-876,SP-007650
V-15166,SP-007651
P-13289,SP-007652
TT-29705,SP-007653
TT-29705,SP-007654
V-16363,SP-007655
V-16363,SP-007656
FT-35752,SP-007657
LT-36575,SP-007658
LT-36575,SP-007659
XV-7878,SP-007660
TT-31148,SP-007661
TT-31148,SP-007662
FT-22943,SP-007663
TT-34464,SP-007664
FT-15763,SP-007665
FT-15763,SP-007666
XV-12585,SP-007667
XV-12585,SP-007668
PSV-14332,SP-007669
V-6636,SP-007670
V-6636,SP-007671
FT-29829,SP-007672
XV-9586,SP-007673
XV-9586,SP-007674
PT-13839,SP-007675
PT-13839,SP-007676
P-38417,SP-007677
P-38417,SP-007678
K-17821,SP-007679
PSV-22689,SP-007680
PSV-22689,SP-007681
P-12398,SP-007682
P-12398,SP-007683
COL-21141,SP-007684
LT-18063,SP-007685
PSV-30415,SP-007686
FT-1451,SP-007687
FT-1451,SP-007688
PSV-17487,SP-007689
PSV-17487,SP-007690
K-11754,SP-007691
PSV-30880,SP-007692
FCV-15014,SP-007693
K-4058,SP-007694
E-24214,SP-007695
FCV-22965,SP-007696
FT-23938,SP-007697
TT-24973,SP-007698
P-33997,SP-007699
P-33997,SP-007700
COL-21553,SP-007701
COL-21553,SP-007702
K-39293,SP-007703
FCV-4273,SP-007704
FCV-4273,SP-007705
FCV-8366,SP-007706
FCV-8366,SP-007707
K-10334,SP-007708
K-10334,SP-007709
K-30717,SP-007710
K-30717,SP-007711
V-29650,SP-007712
V-29650,SP-007713
XV-10528,SP-007714
XV-10528,SP-007715
LT-6630,SP-007716
LT-6630,SP-007717
LT-20837,SP-007718
FCV-33745,SP-007719
P-12389,SP-007720
P-12389,SP-007721
K-18994,SP-007722
K-18994,SP-007723
PSV-5527,SP-007724
PSV-5527,SP-007725
LT-36120,SP-007726
LT-36120,SP-007727
TT-17790,SP-007728
XV-29321,SP-007729
XV-31570,SP-007730
XV-31570,SP-007731
E-1319,SP-007732
PSV-16708,SP-007733
PSV-16708,SP-007734
LT-19788,SP-007735
LT-19788,SP-007736
PT-29843,SP-007737
PSV-11133,SP-007738
LT-20761,SP-007739
E-611,SP-007740
E-611,SP-007741
P-16413,SP-007742
P-16413,SP-007743
XV-37217,SP-007744
XV-37217,SP-007745
V-37416,SP-007746
XV-35705,SP-007747
XV-35705,SP-007748
TT-36168,SP-007749
TT-36168,SP-007750
V-5105,SP-007751
V-5105,SP-007752
XV-9350,SP-007753
XV-9350,SP-007754
PSV-24301,SP-007755
XV-33298,SP-007756
P-32010,SP-007757
P-32010,SP-007758
XV-20992,SP-007759
XV-20992,SP-007760
LT-30015,SP-007761
LT-30015,SP-007762
FT-4579,SP-007763
PSV-38058,SP-007764
P-7618,SP-007765
FT-20173,SP-007766
FT-20173,SP-007767
E-23099,SP-007768
FT-8429,SP-007769
K-17757,SP-007770
K-17757,SP-007771
P-23107,SP-007772
P-23107,SP-007773
XV-3565,SP-007774
XV-3565,SP-007775
LT-16576,SP-007776
LT-16576,SP-007777
P-39762,SP-007778
P-39762,SP-007779
PSV-8710,SP-007780
FT-18364,SP-007781
PT-15390,SP-007782
PT-15390,SP-007783
LT-2808,SP-007784
TT-3266,SP-007785
P-2846,SP-007786
P-2846,SP-007787
V-4108,SP-007788
LT-401,SP-007789
FT-28409,SP-007790
V-36694,SP-007791
V-36694,SP-007792
FT-20389,SP-007793
FT-20389,SP-007794
P-18189,SP-007795
E-26624,SP-007796
P-16925,SP-007797
PSV-15360,SP-007798
V-30452,SP-007799
PSV-31566,SP-007800
V-25090,SP-007801
V-8328,SP-007802
V-8328,SP-007803
PSV-8,SP-007804
PSV-8,SP-007805
E-33201,SP-007806
E-33201,SP-007807
PSV-291,SP-007808
PSV-291,SP-007809
FCV-11405,SP-007810
FCV-11405,SP-007811
E-19262,SP-007812
E-19262,SP-007813
XV-25868,SP-007814
FCV-6646,SP-007815
FCV-6646,SP-007816
TT-26620,SP-007817
XV-21462,SP-007818
XV-21462,SP-007819
LT-21051,SP-007820
LT-21051,SP-007821
COL-26790,SP-007822
FCV-19402,SP-007823
TT-30097,SP-007824
FCV-25934,SP-007825
FCV-25934,SP-007826
FT-2551,SP-007827
FT-2551,SP-007828
TT-19738,SP-007829
COL-22514,SP-007830
COL-22514,SP-007831
PSV-12445,SP-007832
PSV-12445,SP-007833
P-30247,SP-007834
P-30247,SP-007835
FT-16118,SP-007836
TT-7551,SP-007837
TT-7551,SP-007838
P-3975,SP-007839
P-3975,SP-007840
TT-24183,SP-007841
TT-24183,SP-007842
COL-317,SP-007843
COL-317,SP-007844
P-22788,SP-007845
P-22788,SP-007846
FT-1175,SP-007847
COL-1910,SP-007848
XV-23678,SP-007849
XV-23678,SP-007850
COL-37134,SP-007851
FCV-25307,SP-007852
FCV-25307,SP-007853
PSV-5665,SP-007854
PSV-5665,SP-007855
PSV-3520,SP-007856
PSV-3520,SP-007857
XV-35134,SP-007858
XV-29880,SP-007859
XV-29880,SP-007860
PT-29307,SP-007861
LT-28993,SP-007862
FCV-31254,SP-007863
FCV-31254,SP-007864
K-35865,SP-007865
V-10654,SP-007866
COL-16264,SP-007867
COL-16264,SP-007868
XV-28056,SP-007869
XV-28056,SP-007870
E-20965,SP-007871
E-20965,SP-007872
TT-32289,SP-007873
TT-32289,SP-007874
V-23561,SP-007875
P-33652,SP-007876
FT-108,SP-007877
FT-108,SP-007878
PSV-34028,SP-007879
PSV-34028,SP-007880
XV-3927,SP-007881
XV-3927,SP-007882
V-10774,SP-007883
XV-23608,SP-007884
P-29675,SP-007885
K-18897,SP-007886
K-18897,SP-007887
FCV-13464,SP-007888
PT-12306,SP-007889
PSV-21277,SP-007890
PSV-21277,SP-007891
E-34209,SP-007892
TT-16609,SP-007893
TT-16609,SP-007894
P-17530,SP-007895
E-13757,SP-007896
PT-23189,SP-007897
PT-23189,SP-007898
K-39221,SP-007899
FCV-13583,SP-007900
XV-36796,SP-007901
XV-19100,SP-007902
XV-19100,SP-007903
K-32668,SP-007904
K-25549,SP-007905
FT-11656,SP-007906
E-19288,SP-007907
P-17085,SP-007908
E-22819,SP-007909
TT-29063,SP-007910
V-31412,SP-007911
V-31412,SP-007912
FCV-33843,SP-007913
E-33250,SP-007914
E-33250,SP-007915
LT-37906,SP-007916
E-26167,SP-007917
E-26167,SP-007918
PSV-24525,SP-007919
TT-17127,SP-007920
PSV-26316,SP-007921
TT-17389,SP-007922
TT-17389,SP-007923
PT-31781,SP-007924
PT-31781,SP-007925
FCV-14853,SP-007926
FCV-14853,SP-007927
V-9957,SP-007928
V-9957,SP-007929
COL-5335,SP-007930
P-9782,SP-007931
P-9782,SP-007932
FCV-15924,SP-007933
FT-5539,SP-007934
XV-10213,SP-007935
PSV-31898,SP-007936
K-26941,SP-007937
K-26941,SP-007938
E-15694,SP-007939
K-39470,SP-007940
E-19768,SP-007941
E-19768,SP-007942
XV-22546,SP-007943
V-39941,SP-007944
V-39941,SP-007945
K-28497,SP-007946
COL-19086,SP-007947
COL-19086,SP-007948
COL-22517,SP-007949
FT-11281,SP-007950
FT-11281,SP-007951
E-5471,SP-007952
E-5471,SP-007953
XV-6838,SP-007954
XV-6838,SP-007955
PT-3148,SP-007956
P-39667,SP-007957
P-39667,SP-007958
FCV-15285,SP-007959
FCV-15285,SP-007960
P-25794,SP-007961
P-15340,SP-007962
PSV-6291,SP-007963
PSV-6291,SP-007964
P-33053,SP-007965
P-15208,SP-007966
P-15208,SP-007967
P-38033,SP-007968
K-36538,SP-007969
XV-30887,SP-007970
XV-30887,SP-007971
FCV-5364,SP-007972
FCV-5364,SP-007973
P-7478,SP-007974
P-7478,SP-007975
P-656,SP-007976
P-656,SP-007977
P-37931,SP-007978
P-37931,SP-007979
FCV-18788,SP-007980
P-19096,SP-007981
XV-34566,SP-007982
XV-32555,SP-007983
XV-32555,SP-007984
FCV-20349,SP-007985
FCV-20349,SP-007986
COL-20502,SP-007987
COL-20502,SP-007988
FCV-32313,SP-007989
E-15623,SP-007990
TT-31497,SP-007991
COL-25121,SP-007992
COL-25121,SP-007993
K-36452,SP-007994
K-36452,SP-007995
TT-26770,SP-007996
TT-2293,SP-007997
P-33219,SP-007998
P-33219,SP-007999
PT-27091,SP-008000
PT-27091,SP-008001
V-26944,SP-008002
E-33788,SP-008003
PT-33707,SP-008004
PSV-37079,SP-008005
FT-15830,SP-008006
P-9638,SP-008007
P-9638,SP-008008
P-21395,SP-008009
PT-8219,SP-008010
TT-34186,SP-008011
TT-34186,SP-008012
E-35116,SP-008013
FCV-10296,SP-008014
PSV-8172,SP-008015
PSV-8172,SP-008016
PSV-3471,SP-008017
PSV-3471,SP-008018
V-22634,SP-008019
V-22634,SP-008020
TT-38551,SP-008021
COL-18711,SP-008022
COL-18711,SP-008023
TT-38535,SP-008024
PT-19413,SP-008025
PT-37188,SP-008026
LT-6711,SP-008027
LT-6711,SP-008028
V-8609,SP-008029
V-8609,SP-008030
COL-10789,SP-008031
COL-10789,SP-008032
FCV-38833,SP-008033
FCV-38833,SP-008034
FCV-23679,SP-008035
K-5534,SP-008036
FT-29336,SP-008037
FT-22040,SP-008038
FT-31984,SP-008039
FT-31984,SP-008040
PSV-19526,SP-008041
PSV-19526,SP-008042
PSV-21588,SP-008043
PSV-21588,SP-008044
P-1265,SP-008045
P-1265,SP-008046
E-6518,SP-008047
E-6518,SP-008048
PSV-33500,SP-008049
PSV-33500,SP-008050
TT-25224,SP-008051
FCV-14220,SP-008052
FCV-14220,SP-008053
TT-14170,SP-008054
PSV-26900,SP-008055
PSV-26900,SP-008056
K-20365,SP-008057
XV-14437,SP-008058
LT-34504,SP-008059
LT-34504,SP-008060
FT-39415,SP-008061
V-11782,SP-008062
V-11782,SP-008063
COL-1907,SP-008064
P-32150,SP-008065
P-32150,SP-008066
TT-23939,SP-008067
COL-3617,SP-008068
K-24293,SP-008069
K-24293,SP-008070
P-21880,SP-008071
P-21880,SP-008072
P-37068,SP-008073
P-37068,SP-008074
LT-37320,SP-008075
LT-37320,SP-008076
XV-14791,SP-008077
K-28193,SP-008078
TT-33519,SP-008079
TT-33519,SP-008080
V-17708,SP-008081
V-17708,SP-008082
LT-15652,SP-008083
K-4292,SP-008084
PSV-14935,SP-008085
E-33427,SP-008086
K-5400,SP-008087
K-5400,SP-008088
LT-36200,SP-008089
LT-36200,SP-008090
PSV-25771,SP-008091
V-23505,SP-008092
V-23505,SP-008093
LT-2373,SP-008094
FCV-20459,SP-008095
FCV-20459,SP-008096
FCV-11224,SP-008097
FCV-11224,SP-008098
E-29584,SP-008099
LT-8669,SP-008100
E-4564,SP-008101
FCV-9018,SP-008102
LT-26699,SP-008103
LT-26699,SP-008104
P-21837,SP-008105
COL-35279,SP-008106
COL-35279,SP-008107
K-25326,SP-008108
K-25326,SP-008109
K-2578,SP-008110
V-19824,SP-008111
V-36388,SP-008112
K-25554,SP-008113
E-614,SP-008114
E-614,SP-008115
XV-27305,SP-008116
PT-16045,SP-008117
PT-16045,SP-008118
E-27937,SP-008119
E-27937,SP-008120
TT-37738,SP-008121
TT-37738,SP-008122
FCV-37934,SP-008123
LT-21596,SP-008124
E-25133,SP-008125
E-25133,SP-008126
COL-6808,SP-008127
COL-6808,SP-008128
XV-21650,SP-008129
XV-21650,SP-008130
P-3435,SP-008131
P-3435,SP-008132
LT-39970,SP-008133
FT-31918,SP-008134
LT-29577,SP-008135
LT-29577,SP-008136
V-23316,SP-008137
V-23316,SP-008138
P-10974,SP-008139
P-10974,SP-008140
XV-2793,SP-008141
P-11788,SP-008142
PSV-783,SP-008143
K-26245,SP-008144
TT-30033,SP-008145
TT-30033,SP-008146
E-26819,SP-008147
E-26819,SP-008148
PSV-16466,SP-008149
P-23415,SP-008150
P-23415,SP-008151
FT-29481,SP-008152
XV-13676,SP-008153
TT-9294,SP-008154
TT-9294,SP-008155
E-23740,SP-008156
P-10549,SP-008157
P-10549,SP-008158
TT-31240,SP-008159
TT-31240,SP-008160
LT-2068,SP-008161
P-9304,SP-008162
P-9304,SP-008163
COL-13304,SP-008164
P-6085,SP-008165
COL-36567,SP-008166
COL-31582,SP-008167
COL-31582,SP-008168
P-34683,SP-008169
V-19435,SP-008170
TT-24906,SP-008171
XV-37331,SP-008172
XV-37331,SP-008173
V-19808,SP-008174
PSV-30186,SP-008175
PSV-30186,SP-008176
TT-2911,SP-008177
FCV-19498,SP-008178
FCV-19498,SP-008179
PSV-2757,SP-008180
PSV-2757,SP-008181
E-6422,SP-008182
E-6422,SP-008183
P-18077,SP-008184
P-18077,SP-008185
PT-35216,SP-008186
FT-647,SP-008187
FT-647,SP-008188
TT-24825,SP-008189
P-22380,SP-008190
P-22380,SP-008191
P-28010,SP-008192
K-9135,SP-008193
K-9135,SP-008194
COL-21810,SP-008195
COL-21810,SP-008196
PT-38753,SP-008197
PT-38753,SP-008198
P-32542,SP-008199
P-32542,SP-008200
COL-33284,SP-008201
FCV-13441,SP-008202
FCV-13441,SP-008203
XV-2327,SP-008204
XV-2327,SP-008205
E-16455,SP-008206
V-1961,SP-008207
V-1961,SP-008208
V-35659,SP-008209
XV-22311,SP-008210
XV-694,SP-008211
V-33531,SP-008212
V-33531,SP-008213
TT-15887,SP-008214
TT-15887,SP-008215
TT-27138,SP-008216
PT-27269,SP-008217
PT-27269,SP-008218
PSV-27773,SP-008219
PSV-27773,SP-008220
E-38128,SP-008221
E-38128,SP-008222
TT-10681,SP-008223
P-1068,SP-008224
FT-8104,SP-008225
XV-24492,SP-008226
XV-24492,SP-008227
PT-26891,SP-008228
PT-26891,SP-008229
E-16710,SP-008230
E-16710,SP-008231
TT-37210,SP-008232
TT-37210,SP-008233
TT-14847,SP-008234
TT-14847,SP-008235
XV-13890,SP-008236
XV-13890,SP-008237
P-15499,SP-008238
COL-4126,SP-008239
COL-4126,SP-008240
K-11631,SP-008241
E-11941,SP-008242
E-11941,SP-008243
P-28390,SP-008244
E-17648,SP-008245
E-17648,SP-008246
E-33940,SP-008247
TT-30646,SP-008248
TT-30646,SP-008249
V-4174,SP-008250
TT-22446,SP-008251
TT-22446,SP-008252
E-23717,SP-008253
TT-36257,SP-008254
TT-36257,SP-008255
P-35648,SP-008256
P-35648,SP-008257
V-26782,SP-008258
V-26782,SP-008259
PSV-15437,SP-008260
PT-29576,SP-008261
PT-29576,SP-008262
TT-15438,SP-008263
COL-28603,SP-008264
COL-34326,SP-008265
TT-34553,SP-008266
TT-34553,SP-008267
P-3759,SP-008268
PSV-28611,SP-008269
V-3688,SP-008270
V-3688,SP-008271
LT-34631,SP-008272
LT-34631,SP-008273
XV-15298,SP-008274
E-33255,SP-008275
FT-25988,SP-008276
LT-34136,SP-008277
COL-25808,SP-008278
COL-25808,SP-008279
PSV-11655,SP-008280
PSV-11655,SP-008281
XV-10718,SP-008282
FCV-21538,SP-008283
FT-16709,SP-008284
TT-11070,SP-008285
TT-28398,SP-008286
TT-28398,SP-008287
TT-35245,SP-008288
FT-2559,SP-008289
XV-13820,SP-008290
XV-13820,SP-008291
PSV-21719,SP-008292
COL-37082,SP-008293
PSV-21638,SP-008294
PT-12666,SP-008295
PT-12666,SP-008296
V-17846,SP-008297
PSV-23478,SP-008298
PSV-23478,SP-008299
P-8198,SP-008300
XV-26437,SP-008301
XV-26437,SP-008302
K-27011,SP-008303
PT-34691,SP-008304
COL-29511,SP-008305
COL-29511,SP-008306
COL-30584,SP-008307
COL-30584,SP-008308
K-6040,SP-008309
K-6040,SP-008310
P-16502,SP-008311
P-16502,SP-008312
COL-8446,SP-008313
FCV-28710,SP-008314
FCV-28710,SP-008315
PSV-11048,SP-008316
V-6103,SP-008317
V-6103,SP-008318
COL-37808,SP-008319
TT-24002,SP-008320
K-19902,SP-008321
PSV-19602,SP-008322
PSV-19602,SP-008323
E-8989,SP-008324
PT-18718,SP-008325
COL-20722,SP-008326
COL-20722,SP-008327
V-31922,SP-008328
V-31922,SP-008329
FT-39275,SP-008330
PSV-10344,SP-008331
P-17837,SP-008332
TT-8165,SP-008333
TT-8165,SP-008334
P-20593,SP-008335
FCV-3085,SP-008336
FCV-30525,SP-008337
V-7869,SP-008338
PSV-18207,SP-008339
PSV-18207,SP-008340
TT-6020,SP-008341
XV-21733,SP-008342
XV-21733,SP-008343
TT-11550,SP-008344
TT-11550,SP-008345
P-19939,SP-008346
P-19939,SP-008347
P-13800,SP-008348
LT-10822,SP-008349
P-27994,SP-008350
P-27994,SP-008351
XV-32418,SP-008352
XV-32418,SP-008353
P-9554,SP-008354
K-23388,SP-008355
FT-39201,SP-008356
PSV-10057,SP-008357
PSV-10057,SP-008358
FCV-22816,SP-008359
FCV-22816,SP-008360
PSV-30198,SP-008361
PSV-30198,SP-008362
V-12494,SP-008363
XV-14321,SP-008364
K-10982,SP-008365
K-10982,SP-008366
LT-7293,SP-008367
TT-28825,SP-008368
TT-28825,SP-008369
E-24245,SP-008370
E-24245,SP-008371
FCV-18111,SP-008372
K-10637,SP-008373
K-10637,SP-008374
FT-37379,SP-008375
FCV-27664,SP-008376
FCV-27664,SP-008377
PT-8073,SP-008378
TT-4879,SP-008379
TT-4879,SP-008380
P-17480,SP-008381
PT-27631,SP-008382
PT-27631,SP-008383
E-20037,SP-008384
E-20037,SP-008385
TT-26025,SP-008386
FT-24997,SP-008387
COL-38088,SP-008388
TT-10618,SP-008389
V-15671,SP-008390
COL-35967,SP-008391
FT-37815,SP-008392
COL-1935,SP-008393
COL-1935,SP-008394
XV-19637,SP-008395
PT-15485,SP-008396
PT-15485,SP-008397
P-14714,SP-008398
P-14714,SP-008399
K-37523,SP-008400
P-32855,SP-008401
P-32855,SP-008402
XV-20771,SP-008403
XV-20771,SP-008404
PT-2476,SP-008405
PT-2476,SP-008406
E-874,SP-008407
P-9950,SP-008408
V-31100,SP-008409
XV-9245,SP-008410
P-25698,SP-008411
P-25698,SP-008412
P-5278,SP-008413
P-5278,SP-008414
K-22686,SP-008415
P-13210,SP-008416
P-13210,SP-008417
LT-9843,SP-008418
TT-14413,SP-008419
XV-11828,SP-008420
P-28551,SP-008421
PSV-8206,SP-008422
PSV-8206,SP-008423
COL-10109,SP-008424
COL-10109,SP-008425
PT-32200,SP-008426
PT-32200,SP-008427
E-30951,SP-008428
LT-16777,SP-008429
LT-16777,SP-008430
FCV-18696,SP-008431
XV-32582,SP-008432
K-32061,SP-008433
P-25226,SP-008434
P-25226,SP-008435
XV-18984,SP-008436
XV-18984,SP-008437
FCV-31664,SP-008438
FCV-31664,SP-008439
TT-20627,SP-008440
TT-20627,SP-008441
PT-36066,SP-008442
E-30949,SP-008443
FT-31572,SP-008444
FT-31572,SP-008445
E-10110,SP-008446
E-10110,SP-008447
PT-9889,SP-008448
XV-1397,SP-008449
XV-1397,SP-008450
FCV-32201,SP-008451
TT-20443,SP-008452
TT-20443,SP-008453
E-9476,SP-008454
E-9476,SP-008455
P-6217,SP-008456
FT-24530,SP-008457
PT-11982,SP-008458
PT-11982,SP-008459
XV-2216,SP-008460
E-15809,SP-008461
E-15809,SP-008462
FCV-406,SP-008463
PSV-29398,SP-008464
PSV-29398,SP-008465
E-12539,SP-008466
LT-26947,SP-008467
COL-8295,SP-008468
XV-7239,SP-008469
LT-2781,SP-008470
COL-16458,SP-008471
COL-16458,SP-008472
PT-6888,SP-008473
PT-2774,SP-008474
FCV-13231,SP-008475
FCV-13231,SP-008476
PSV-23015,SP-008477
P-36739,SP-008478
P-11011,SP-008479
PT-23951,SP-008480
PT-23951,SP-008481
K-9916,SP-008482
PT-24196,SP-008483
PT-24196,SP-008484
TT-3703,SP-008485
TT-3703,SP-008486
PT-1080,SP-008487
PT-1080,SP-008488
P-22504,SP-008489
P-22504,SP-008490
E-26380,SP-008491
E-26380,SP-008492
P-27560,SP-008493
TT-14551,SP-008494
TT-14551,SP-008495
PT-13300,SP-008496
FT-16866,SP-008497
FCV-39070,SP-008498
FCV-39070,SP-008499
E-17157,SP-008500
E-17157,SP-008501
PT-831,SP-008502
P-23521,SP-008503
P-23521,SP-008504
P-18443,SP-008505
K-23055,SP-008506
PSV-17603,SP-008507
V-10354,SP-008508
V-10354,SP-008509
K-13062,SP-008510
K-13062,SP-008511
FT-2571,SP-008512
FT-24122,SP-008513
V-1213,SP-008514
FCV-25992,SP-008515
PT-30973,SP-008516
PT-30973,SP-008517
K-19149,SP-008518
K-19149,SP-008519
LT-18727,SP-008520
LT-18727,SP-008521
PT-37662,SP-008522
PT-37662,SP-008523
P-7304,SP-008524
P-7304,SP-008525
P-4271,SP-008526
P-15604,SP-008527
P-15604,SP-008528
COL-38894,SP-008529
COL-38894,SP-008530
P-36431,SP-008531
V-23726,SP-008532
LT-39944,SP-008533
LT-39944,SP-008534
K-18178,SP-008535
XV-11888,SP-008536
V-34998,SP-008537
V-34998,SP-008538
XV-8913,SP-008539
XV-32319,SP-008540
XV-32319,SP-008541
P-2098,SP-008542
P-26204,SP-008543
COL-28985,SP-008544
COL-28985,SP-008545
XV-33574,SP-008546
XV-33574,SP-008547
FCV-14449,SP-008548
FCV-14449,SP-008549
V-4243,SP-008550
V-4243,SP-008551
P-10567,SP-008552
P-10567,SP-008553
E-29118,SP-008554
E-12685,SP-008555
K-22722,SP-008556
TT-39478,SP-008557
TT-39478,SP-008558
V-25128,SP-008559
V-25128,SP-008560
FCV-37428,SP-008561
E-20625,SP-008562
E-20625,SP-008563
LT-4688,SP-008564
LT-4688,SP-008565
E-14728,SP-008566
E-14728,SP-008567
V-24327,SP-008568
V-24327,SP-008569
COL-25662,SP-008570
P-38253,SP-008571
LT-7683,SP-008572
K-286,SP-008573
PT-25974,SP-008574
PT-25974,SP-008575
P-29378,SP-008576
FCV-16824,SP-008577
FCV-16824,SP-008578
FT-7593,SP-008579
FT-7593,SP-008580
PSV-22398,SP-008581
FCV-20700,SP-008582
FCV-20700,SP-008583
P-1349,SP-008584
PT-17246,SP-008585
PT-17246,SP-008586
XV-7749,SP-008587
XV-7749,SP-008588
XV-21035,SP-008589
XV-21035,SP-008590
PT-1413,SP-008591
PT-1413,SP-008592
PT-61,SP-008593
P-4422,SP-008594
P-4422,SP-008595
LT-26309,SP-008596
XV-25570,SP-008597
PSV-24543,SP-008598
P-27612,SP-008599
FCV-32253,SP-008600
PT-7141,SP-008601
PT-7141,SP-008602
K-5283,SP-008603
K-5283,SP-008604
P-21227,SP-008605
P-21227,SP-008606
COL-32440,SP-008607
LT-23209,SP-008608
LT-23209,SP-008609
FT-31174,SP-008610
V-10961,SP-008611
V-10961,SP-008612
TT-6024,SP-008613
TT-6024,SP-008614
P-15353,SP-008615
FCV-2598,SP-008616
FT-37908,SP-008617
PT-8542,SP-008618
PT-8542,SP-008619
COL-13503,SP-008620
P-1560,SP-008621
TT-300,SP-008622
TT-300,SP-008623
P-34100,SP-008624
FCV-12943,SP-008625
K-34798,SP-008626
K-34798,SP-008627
COL-33977,SP-008628
COL-33977,SP-008629
PSV-15909,SP-008630
PSV-15909,SP-008631
FT-8889,SP-008632
P-8116,SP-008633
P-8116,SP-008634
TT-37112,SP-008635
FCV-32858,SP-008636
FCV-32858,SP-008637
COL-39542,SP-008638
V-25497,SP-008639
LT-21129,SP-008640
LT-21129,SP-008641
COL-35774,SP-008642
COL-35774,SP-008643
XV-34974,SP-008644
FT-20896,SP-008645
FT-39636,SP-008646
FT-39636,SP-008647
XV-24649,SP-008648
XV-24649,SP-008649
PSV-4707,SP-008650
PSV-4707,SP-008651
K-29098,SP-008652
K-29098,SP-008653
P-1056,SP-008654
P-1056,SP-008655
XV-33160,SP-008656
XV-33160,SP-008657
COL-1690,SP-008658
COL-1690,SP-008659
PSV-32929,SP-008660
PSV-32929,SP-008661
XV-10435,SP-008662
XV-10435,SP-008663
P-10154,SP-008664
LT-35454,SP-008665
LT-35454,SP-008666
XV-6305,SP-008667
XV-6305,SP-008668
PSV-28319,SP-008669
LT-15679,SP-008670
LT-15679,SP-008671
V-24246,SP-008672
V-24246,SP-008673
E-14181,SP-008674
LT-14068,SP-008675
LT-14068,SP-008676
TT-27850,SP-008677
TT-27850,SP-008678
FCV-7813,SP-008679
FCV-7813,SP-008680
V-4838,SP-008681
COL-28139,SP-008682
COL-28139,SP-008683
TT-12639,SP-008684
E-37395,SP-008685
E-37395,SP-008686
P-19383,SP-008687
P-19383,SP-008688
XV-8632,SP-008689
PSV-37880,SP-008690
PSV-37880,SP-008691
PT-16991,SP-008692
PT-16991,SP-008693
FCV-13672,SP-008694
FCV-11181,SP-008695
FCV-11181,SP-008696
P-15237,SP-008697
P-15237,SP-008698
K-1501,SP-008699
P-33395,SP-008700
P-33395,SP-008701
PSV-4583,SP-008702
FT-3218,SP-008703
FT-3218,SP-008704
P-1904,SP-008705
TT-27757,SP-008706
COL-32226,SP-008707
COL-32226,SP-008708
P-21841,SP-008709
P-21841,SP-008710
FT-25381,SP-008711
FT-25381,SP-008712
P-36855,SP-008713
E-37832,SP-008714
E-37832,SP-008715
FT-1965,SP-008716
FT-1965,SP-008717
FT-12345,SP-008718
LT-36176,SP-008719
LT-36176,SP-008720
P-20974,SP-008721
P-20974,SP-008722
PT-29161,SP-008723
LT-20528,SP-008724
LT-20528,SP-008725
P-18538,SP-008726
FCV-28087,SP-008727
FCV-28087,SP-008728
XV-30397,SP-008729
TT-8060,SP-008730
P-9668,SP-008731
TT-34156,SP-008732
TT-34156,SP-008733
PSV-22647,SP-008734
E-3553,SP-008735
FT-36433,SP-008736
FT-36433,SP-008737
PT-8212,SP-008738
PT-8212,SP-008739
PSV-10085,SP-008740
PSV-10085,SP-008741
P-23848,SP-008742
P-23848,SP-008743
P-26652,SP-008744
P-26652,SP-008745
COL-14004,SP-008746
V-31799,SP-008747
V-31799,SP-008748
XV-19336,SP-008749
XV-19336,SP-008750
XV-36512,SP-008751
XV-36512,SP-008752
V-27033,SP-008753
LT-37448,SP-008754
PSV-12758,SP-008755
XV-3874,SP-008756
PT-19368,SP-008757
PT-19368,SP-008758
LT-1168,SP-008759
PT-12559,SP-008760
PT-12559,SP-008761
K-8573,SP-008762
K-20826,SP-008763
COL-30867,SP-008764
COL-30867,SP-008765
V-13921,SP-008766
V-13921,SP-008767
LT-17686,SP-008768
LT-17686,SP-008769
PT-13472,SP-008770
PT-13472,SP-008771
COL-20613,SP-008772
COL-20613,SP-008773
FT-16393,SP-008774
FT-16393,SP-008775
P-37026,SP-008776
P-37026,SP-008777
COL-15265,SP-008778
P-29446,SP-008779
P-29446,SP-008780
XV-939,SP-008781
K-11714,SP-008782
FCV-33704,SP-008783
P-3510,SP-008784
P-3510,SP-008785
LT-209,SP-008786
LT-209,SP-008787
COL-33187,SP-008788
FCV-22824,SP-008789
FCV-22824,SP-008790
V-13892,SP-008791
V-13892,SP-008792
K-39973,SP-008793
FT-6187,SP-008794
FT-6187,SP-008795
K-21511,SP-008796
K-21511,SP-008797
P-28154,SP-008798
P-28154,SP-008799
FT-37198,SP-008800
P-10756,SP-008801
P-10756,SP-008802
LT-18783,SP-008803
PSV-35137,SP-008804
PSV-35137,SP-008805
TT-3820,SP-008806
TT-3820,SP-008807
P-11601,SP-008808
P-11601,SP-008809
COL-30404,SP-008810
COL-37599,SP-008811
COL-37599,SP-008812
E-10351,SP-008813
E-10351,SP-008814
XV-14251,SP-008815
XV-14251,SP-008816
E-27800,SP-008817
XV-36945,SP-008818
XV-36945,SP-008819
P-5667,SP-008820
LT-24826,SP-008821
COL-20374,SP-008822
COL-20374,SP-008823
COL-15086,SP-008824
XV-10668,SP-008825
TT-22809,SP-008826
FT-37473,SP-008827
E-10478,SP-008828
E-10478,SP-008829
E-4080,SP-008830
E-4080,SP-008831
XV-2398,SP-008832
P-2337,SP-008833
P-2337,SP-008834
XV-24720,SP-008835
XV-24720,SP-008836
FCV-34120,SP-008837
FCV-34120,SP-008838
E-6690,SP-008839
PT-26126,SP-008840
PT-26126,SP-008841
E-14902,SP-008842
E-14902,SP-008843
PT-21705,SP-008844
PSV-35222,SP-008845
LT-8776,SP-008846
LT-8776,SP-008847
LT-19748,SP-008848
PSV-19831,SP-008849
PSV-19831,SP-008850
K-7922,SP-008851
K-7922,SP-008852
V-19792,SP-008853
P-8427,SP-008854
P-8427,SP-008855
XV-12815,SP-008856
XV-349,SP-008857
LT-31648,SP-008858
FCV-33946,SP-008859
FT-3934,SP-008860
PSV-31123,SP-008861
P-37100,SP-008862
P-37100,SP-008863
PSV-16514,SP-008864
TT-25138,SP-008865
LT-21586,SP-008866
E-19222,SP-008867
E-19222,SP-008868
E-28440,SP-008869
XV-22756,SP-008870
XV-22756,SP-008871
P-7265,SP-008872
P-7265,SP-008873
V-36784,SP-008874
V-36784,SP-008875
P-4895,SP-008876
TT-5603,SP-008877
V-31007,SP-008878
FT-19776,SP-008879
TT-30941,SP-008880
TT-30941,SP-008881
E-8300,SP-008882
P-5746,SP-008883
E-37534,SP-008884
E-37534,SP-008885
PSV-22654,SP-008886
PSV-22654,SP-008887
K-14760,SP-008888
K-14760,SP-008889
P-13660,SP-008890
P-13660,SP-008891
TT-33862,SP-008892
TT-33862,SP-008893
P-34628,SP-008894
P-34628,SP-008895
FT-37909,SP-008896
FT-37909,SP-008897
FT-17646,SP-008898
E-17408,SP-008899
E-17408,SP-008900
P-23386,SP-008901
P-23386,SP-008902
P-6097,SP-008903
P-6097,SP-008904
PSV-23100,SP-008905
P-14186,SP-008906
COL-26085,SP-008907
V-7148,SP-008908
V-7148,SP-008909
TT-21298,SP-008910
TT-21298,SP-008911
FT-34705,SP-008912
FCV-25387,SP-008913
P-28979,SP-008914
P-33406,SP-008915
P-33406,SP-008916
PSV-935,SP-008917
PSV-935,SP-008918
K-4853,SP-008919
P-19082,SP-008920
E-33306,SP-008921
V-18536,SP-008922
E-34121,SP-008923
E-34121,SP-008924
FT-35851,SP-008925
P-17471,SP-008926
PT-22921,SP-008927
PT-22921,SP-008928
PSV-6635,SP-008929
PSV-6635,SP-008930
COL-1709,SP-008931
PT-16671,SP-008932
FCV-10601,SP-008933
COL-20018,SP-008934
COL-20018,SP-008935
P-20699,SP-008936
COL-11143,SP-008937
COL-11143,SP-008938
P-16221,SP-008939
E-27972,SP-008940
E-27972,SP-008941
P-31363,SP-008942
P-31363,SP-008943
TT-38615,SP-008944
TT-38615,SP-008945
V-30455,SP-008946
V-30455,SP-008947
COL-23705,SP-008948
COL-23705,SP-008949
FCV-26775,SP-008950
P-18680,SP-008951
P-23406,SP-008952
P-23406,SP-008953
P-9264,SP-008954
LT-22441,SP-008955
LT-22441,SP-008956
TT-34791,SP-008957
TT-17220,SP-008958
TT-17220,SP-008959
E-18104,SP-008960
LT-33088,SP-008961
LT-33088,SP-008962
FCV-28828,SP-008963
FCV-28828,SP-008964
LT-35369,SP-008965
PT-38310,SP-008966
PT-38310,SP-008967
K-36352,SP-008968
K-36352,SP-008969
FT-29407,SP-008970
FT-29407,SP-008971
E-25799,SP-008972
E-25799,SP-008973
TT-12083,SP-008974
TT-12083,SP-008975
FT-7307,SP-008976
COL-30403,SP-008977
LT-22716,SP-008978
LT-22716,SP-008979
LT-18289,SP-008980
FT-14021,SP-008981
FT-14021,SP-008982
PSV-21773,SP-008983
TT-37290,SP-008984
TT-37290,SP-008985
P-13507,SP-008986
TT-12621,SP-008987
PSV-18107,SP-008988
PT-14942,SP-008989
E-7906,SP-008990
P-29809,SP-008991
P-29809,SP-008992
XV-11574,SP-008993
P-27719,SP-008994
P-27719,SP-008995
V-14590,SP-008996
PSV-24404,SP-008997
PSV-24404,SP-008998
XV-5187,SP-008999
XV-5187,SP-009000
XV-23216,SP-009001
XV-23216,SP-009002
XV-38877,SP-009003
XV-38877,SP-009004
FCV-29470,SP-009005
K-10830,SP-009006
K-10830,SP-009007
P-26127,SP-009008
P-19192,SP-009009
P-19192,SP-009010
PSV-23265,SP-009011
P-22168,SP-009012
PSV-16011,SP-009013
FCV-7656,SP-009014
FCV-7656,SP-009015
V-8204,SP-009016
V-8204,SP-009017
PSV-11492,SP-009018
PT-15070,SP-009019
PT-15070,SP-009020
XV-23565,SP-009021
XV-23565,SP-009022
LT-9254,SP-009023
LT-9254,SP-009024
COL-34319,SP-009025
E-24792,SP-009026
E-24792,SP-009027
P-39134,SP-009028
P-39134,SP-009029
K-13831,SP-009030
K-13831,SP-009031
P-30810,SP-009032
P-30810,SP-009033
FCV-20406,SP-009034
P-30629,SP-009035
P-30629,SP-009036
V-38837,SP-009037
XV-3101,SP-009038
XV-3101,SP-009039
TT-24608,SP-009040
E-34094,SP-009041
LT-19570,SP-009042
PSV-30912,SP-009043
LT-9721,SP-009044
PSV-12567,SP-009045
PSV-12567,SP-009046
XV-7355,SP-009047
V-34056,SP-009048
V-34056,SP-009049
TT-13019,SP-009050
PT-9647,SP-009051
PT-9647,SP-009052
FCV-35783,SP-009053
P-17911,SP-009054
P-22807,SP-009055
P-22807,SP-009056
XV-37319,SP-009057
TT-33069,SP-009058
TT-33069,SP-009059
FCV-17859,SP-009060
FCV-22939,SP-009061
P-31471,SP-009062
P-31471,SP-009063
FCV-25629,SP-009064
V-21951,SP-009065
V-21951,SP-009066
COL-26289,SP-009067
PSV-5540,SP-009068
PSV-5540,SP-009069
P-11929,SP-009070
V-32071,SP-009071
V-32071,SP-009072
COL-32509,SP-009073
COL-957,SP-009074
LT-5162,SP-009075
LT-5162,SP-009076
FT-37857,SP-009077
FT-37857,SP-009078
FCV-13916,SP-009079
FCV-13916,SP-009080
TT-14414,SP-009081
TT-14414,SP-009082
PSV-7382,SP-009083
PSV-5287,SP-009084
COL-14061,SP-009085
LT-24405,SP-009086
TT-39482,SP-009087
PSV-33769,SP-009088
PSV-33769,SP-009089
PT-18203,SP-009090
PT-18203,SP-009091
PT-37642,SP-009092
COL-30645,SP-009093
TT-27645,SP-009094
TT-27645,SP-009095
K-28867,SP-009096
K-28867,SP-009097
PT-32121,SP-009098
PT-32121,SP-009099
P-20425,SP-009100
P-20425,SP-009101
P-1827,SP-009102
PSV-38264,SP-009103
PT-22112,SP-009104
PT-22112,SP-009105
XV-30627,SP-009106
XV-30627,SP-009107
PT-26385,SP-009108
LT-33770,SP-009109
LT-33770,SP-009110
COL-20114,SP-009111
FCV-12151,SP-009112
FCV-12151,SP-009113
FCV-26370,SP-009114
FCV-26370,SP-009115
FT-32404,SP-009116
FT-32404,SP-009117
PSV-33759,SP-009118
PSV-33759,SP-009119
P-5152,SP-009120
PSV-32953,SP-009121
PSV-32953,SP-009122
FCV-31589,SP-009123
E-6292,SP-009124
E-6292,SP-009125
E-22357,SP-009126
LT-28445,SP-009127
LT-28445,SP-009128
COL-12012,SP-009129
PSV-17048,SP-009130
PSV-17048,SP-009131
V-234,SP-009132
V-234,SP-009133
COL-6254,SP-009134
COL-6254,SP-009135
K-18484,SP-009136
COL-2759,SP-009137
COL-2759,SP-009138
PT-14465,SP-009139
PSV-21160,SP-009140
FT-34001,SP-009141
XV-2404,SP-009142
XV-2404,SP-009143
PT-23698,SP-009144
P-24309,SP-009145
COL-23544,SP-009146
K-31066,SP-009147
V-25685,SP-009148
V-25685,SP-009149
COL-9910,SP-009150
PSV-6632,SP-009151
PSV-27783,SP-009152
PSV-27783,SP-009153
FCV-32102,SP-009154
COL-27,SP-009155
COL-27,SP-009156
P-6941,SP-009157
P-6941,SP-009158
PT-18329,SP-009159
PT-18329,SP-009160
K-16921,SP-009161
K-16921,SP-009162
XV-2086,SP-009163
XV-2086,SP-009164
PSV-21667,SP-009165
PSV-21667,SP-009166
P-35160,SP-009167
FCV-24251,SP-009168
E-33810,SP-009169
E-33810,SP-009170
P-10863,SP-009171
P-10863,SP-009172
K-18895,SP-009173
K-18895,SP-009174
LT-24438,SP-009175
TT-14109,SP-009176
LT-26507,SP-009177
P-25801,SP-009178
PSV-188,SP-009179
PSV-24834,SP-009180
PSV-36832,SP-009181
PSV-36832,SP-009182
K-38982,SP-009183
K-38982,SP-009184
LT-29094,SP-009185
LT-29094,SP-009186
TT-26486,SP-009187
FCV-26495,SP-009188
LT-36596,SP-009189
LT-36596,SP-009190
E-21002,SP-009191
E-7535,SP-009192
E-7535,SP-009193
V-16695,SP-009194
P-2483,SP-009195
P-2483,SP-009196
PSV-37250,SP-009197
V-20936,SP-009198
V-20936,SP-009199
TT-16557,SP-009200
PT-18678,SP-009201
PT-18678,SP-009202
P-21116,SP-009203
E-33079,SP-009204
E-33079,SP-009205
E-8337,SP-009206
E-8337,SP-009207
PSV-4408,SP-009208
PSV-4408,SP-009209
V-30559,SP-009210
TT-7719,SP-009211
PSV-8052,SP-009212
E-545,SP-009213
TT-17784,SP-009214
TT-17784,SP-009215
TT-34646,SP-009216
COL-26068,SP-009217
COL-26068,SP-009218
V-17537,SP-009219
V-17537,SP-009220
PSV-9885,SP-009221
PSV-9885,SP-009222
E-27730,SP-009223
TT-30361,SP-009224
K-25826,SP-009225
FT-26388,SP-009226
FT-26388,SP-009227
V-14879,SP-009228
FT-29998,SP-009229
XV-18520,SP-009230
XV-18520,SP-009231
V-23387,SP-009232
P-31423,SP-009233
P-31423,SP-009234
PSV-17545,SP-009235
PSV-17545,SP-009236
K-16594,SP-009237
PSV-20912,SP-009238
PSV-20912,SP-009239
PT-2716,SP-009240
PT-2716,SP-009241
PT-35343,SP-009242
FCV-22947,SP-009243
V-21923,SP-009244
PT-23308,SP-009245
FCV-32899,SP-009246
FCV-32899,SP-009247
FT-4252,SP-009248
E-8712,SP-009249
PT-38110,SP-009250
PT-38110,SP-009251
COL-20394,SP-009252
COL-20394,SP-009253
LT-13879,SP-009254
FT-25287,SP-009255
FT-25287,SP-009256
PSV-19497,SP-009257
V-17923,SP-009258
V-17923,SP-009259
P-14773,SP-009260
P-14773,SP-009261
P-39075,SP-009262
P-39075,SP-009263
TT-1688,SP-009264
PT-4396,SP-009265
PT-4396,SP-009266
PSV-33440,SP-009267
PSV-33440,SP-009268
XV-10127,SP-009269
K-26101,SP-009270
FT-23005,SP-009271
FT-23005,SP-009272
PSV-25979,SP-009273
PSV-25979,SP-009274
XV-15649,SP-009275
P-33437,SP-009276
P-33437,SP-009277
FT-37106,SP-009278
P-3409,SP-009279
TT-6940,SP-009280
TT-6940,SP-009281
P-31307,SP-009282
XV-21267,SP-009283
XV-21267,SP-009284
P-21656,SP-009285
P-21656,SP-009286
FT-38942,SP-009287
TT-29117,SP-009288
K-18559,SP-009289
FT-7360,SP-009290
FT-7360,SP-009291
LT-31077,SP-009292
LT-31077,SP-009293
COL-18595,SP-009294
COL-18595,SP-009295
LT-22520,SP-009296
LT-22520,SP-009297
XV-24553,SP-009298
XV-24553,SP-009299
K-23830,SP-009300
K-23830,SP-009301
FCV-32484,SP-009302
FCV-32484,SP-009303
E-11542,SP-009304
PSV-22108,SP-009305
PSV-22108,SP-009306
FT-2878,SP-009307
FT-2878,SP-009308
LT-22913,SP-009309
PSV-1357,SP-009310
P-19124,SP-009311
P-19124,SP-009312
V-20292,SP-009313
V-20292,SP-009314
FT-15260,SP-009315
FT-15260,SP-009316
PT-9420,SP-009317
PT-9420,SP-009318
FT-27932,SP-009319
COL-1127,SP-009320
XV-33688,SP-009321
COL-7443,SP-009322
XV-23020,SP-009323
XV-23020,SP-009324
FT-38197,SP-009325
FT-38197,SP-009326
V-27578,SP-009327
FCV-29701,SP-009328
FCV-29701,SP-009329
E-21974,SP-009330
E-21974,SP-009331
TT-8873,SP-009332
P-36003,SP-009333
P-36003,SP-009334
K-3923,SP-009335
K-3923,SP-009336
COL-14676,SP-009337
COL-14676,SP-009338
COL-14580,SP-009339
PSV-583,SP-009340
PSV-583,SP-009341
LT-14805,SP-009342
LT-14805,SP-009343
PT-20199,SP-009344
PT-20199,SP-009345
XV-8837,SP-009346
XV-8837,SP-009347
V-33839,SP-009348
P-8670,SP-009349
P-8670,SP-009350
V-5200,SP-009351
V-5200,SP-009352
PSV-15356,SP-009353
PSV-15356,SP-009354
COL-34571,SP-009355
PSV-21571,SP-009356
PSV-21571,SP-009357
V-30054,SP-009358
COL-27333,SP-009359
PT-27498,SP-009360
P-17187,SP-009361
P-17187,SP-009362
FCV-25024,SP-009363
COL-982,SP-009364
COL-982,SP-009365
PT-33257,SP-009366
PT-33257,SP-009367
TT-5583,SP-009368
K-17367,SP-009369
E-8827,SP-009370
E-8827,SP-009371
LT-3433,SP-009372
V-11337,SP-009373
V-11337,SP-009374
E-19974,SP-009375
FT-995,SP-009376
PT-10991,SP-009377
PT-10991,SP-009378
K-12052,SP-009379
K-12052,SP-009380
XV-29349,SP-009381
XV-14599,SP-009382
XV-14599,SP-009383
FCV-5225,SP-009384
FCV-5225,SP-009385
P-31032,SP-009386
PT-22702,SP-009387
PT-22702,SP-009388
PT-33421,SP-009389
PT-33421,SP-009390
TT-16719,SP-009391
V-4340,SP-009392
P-18204,SP-009393
P-18204,SP-009394
FT-26798,SP-009395
FT-26798,SP-009396
LT-11109,SP-009397
LT-11109,SP-009398
COL-32524,SP-009399
FT-28129,SP-009400
FT-28129,SP-009401
P-26690,SP-009402
P-26690,SP-009403
FT-31379,SP-009404
FT-31379,SP-009405
PT-8671,SP-009406
LT-39947,SP-009407
LT-16224,SP-009408
P-28957,SP-009409
P-28957,SP-009410
K-24058,SP-009411
K-24058,SP-009412
FT-18284,SP-009413
P-33504,SP-009414
P-33504,SP-009415
FT-29071,SP-009416
FT-29071,SP-009417
P-19901,SP-009418
V-32113,SP-009419
V-32113,SP-009420
K-6144,SP-009421
K-6144,SP-009422
V-15970,SP-009423
XV-30394,SP-009424
XV-30394,SP-009425
K-39246,SP-009426
P-31834,SP-009427
P-31834,SP-009428
COL-26503,SP-009429
K-19986,SP-009430
K-19986,SP-009431
P-29765,SP-009432
P-29765,SP-009433
PSV-36748,SP-009434
FCV-12664,SP-009435
P-19133,SP-009436
P-19133,SP-009437
FCV-32710,SP-009438
V-29961,SP-009439
V-29961,SP-009440
V-30500,SP-009441
V-30500,SP-009442
P-15768,SP-009443
P-15768,SP-009444
TT-25911,SP-009445
P-32342,SP-009446
PT-39344,SP-009447
PT-39344,SP-009448
TT-4622,SP-009449
PSV-24950,SP-009450
FCV-39537,SP-009451
FCV-39537,SP-009452
FT-4671,SP-009453
FT-4671,SP-009454
FT-25058,SP-009455
FT-25058,SP-009456
COL-6559,SP-009457
K-16911,SP-009458
FT-20344,SP-009459
FT-20344,SP-009460
FCV-15082,SP-009461
FCV-15082,SP-009462
LT-32435,SP-009463
PSV-14697,SP-009464
PSV-21712,SP-009465
FCV-23556,SP-009466
FCV-23556,SP-009467
PSV-11323,SP-009468
PSV-11323,SP-009469
FCV-25188,SP-009470
FCV-25188,SP-009471
TT-4504,SP-009472
TT-32495,SP-009473
K-32470,SP-009474
E-3305,SP-009475
E-3305,SP-009476
FCV-13244,SP-009477
E-37705,SP-009478
K-13817,SP-009479
K-13817,SP-009480
FT-7289,SP-009481
XV-21849,SP-009482
XV-21849,SP-009483
PT-21913,SP-009484
XV-4868,SP-009485
XV-35019,SP-009486
XV-35019,SP-009487
PT-1616,SP-009488
XV-14299,SP-009489
XV-14299,SP-009490
LT-39263,SP-009491
XV-12377,SP-009492
XV-12377,SP-009493
LT-38985,SP-009494
K-36811,SP-009495
K-36811,SP-009496
PT-32118,SP-009497
PT-11203,SP-009498
PT-11203,SP-009499
P-37665,SP-009500
P-10856,SP-009501
P-10856,SP-009502
XV-12167,SP-009503
E-32210,SP-009504
E-32210,SP-009505
FCV-33924,SP-009506
FCV-33924,SP-009507
FT-13485,SP-009508
FT-13485,SP-009509
P-20003,SP-009510
P-20003,SP-009511
TT-14303,SP-009512
TT-14303,SP-009513
PT-16903,SP-009514
V-1903,SP-009515
V-1903,SP-009516
FCV-35905,SP-009517
FCV-35905,SP-009518
PT-36456,SP-009519
PT-36456,SP-009520
FT-39798,SP-009521
FT-21600,SP-009522
FT-21600,SP-009523
P-24965,SP-009524
P-24965,SP-009525
FCV-16027,SP-009526
PT-505,SP-009527
TT-38259,SP-009528
E-30854,SP-009529
PT-8089,SP-009530
PT-12946,SP-009531
XV-14620,SP-009532
K-24960,SP-009533
K-24960,SP-009534
XV-18127,SP-009535
V-20514,SP-009536
COL-38861,SP-009537
COL-38861,SP-009538
P-26561,SP-009539
E-34041,SP-009540
LT-23574,SP-009541
E-172,SP-009542
V-20873,SP-009543
PT-32337,SP-009544
PT-32337,SP-009545
FCV-12172,SP-009546
TT-26587,SP-009547
K-39160,SP-009548
K-39160,SP-009549
XV-30945,SP-009550
P-39213,SP-009551
COL-22066,SP-009552
COL-22066,SP-009553
K-919,SP-009554
K-919,SP-009555
TT-30573,SP-009556
TT-30573,SP-009557
V-30359,SP-009558
V-30359,SP-009559
E-23944,SP-009560
E-23944,SP-009561
P-31082,SP-009562
P-31082,SP-009563
P-27442,SP-009564
P-27442,SP-009565
TT-2937,SP-009566
V-21182,SP-009567
V-21182,SP-009568
E-28893,SP-009569
E-28893,SP-009570
K-39389,SP-009571
K-13184,SP-009572
XV-23183,SP-009573
COL-38781,SP-009574
COL-38781,SP-009575
P-36083,SP-009576
P-39718,SP-009577
PSV-6145,SP-009578
LT-199,SP-009579
LT-199,SP-009580
TT-38233,SP-009581
TT-38233,SP-009582
P-12886,SP-009583
LT-17327,SP-009584
FCV-27200,SP-009585
FCV-7266,SP-009586
FT-12768,SP-009587
E-29561,SP-009588
E-29561,SP-009589
E-17664,SP-009590
FT-23245,SP-009591
FT-23245,SP-009592
E-23746,SP-009593
P-5292,SP-009594
LT-25567,SP-009595
LT-25567,SP-009596
LT-7859,SP-009597
LT-26196,SP-009598
LT-26196,SP-009599
COL-4539,SP-009600
XV-63,SP-009601
K-24491,SP-009602
K-24491,SP-009603
K-30462,SP-009604
LT-9152,SP-009605
LT-6294,SP-009606
PT-17700,SP-009607
P-19353,SP-009608
P-19353,SP-009609
FCV-15843,SP-009610
XV-31521,SP-009611
XV-31521,SP-009612
LT-34756,SP-009613
FCV-34587,SP-009614
FCV-34587,SP-009615
E-12809,SP-009616
TT-7181,SP-009617
TT-7181,SP-009618
P-33180,SP-009619
FCV-9741,SP-009620
P-24342,SP-009621
P-12564,SP-009622
TT-18998,SP-009623
TT-18998,SP-009624
TT-32366,SP-009625
TT-32366,SP-009626
PT-20091,SP-009627
LT-30153,SP-009628
LT-30153,SP-009629
P-11221,SP-009630
P-11221,SP-009631
XV-27777,SP-009632
XV-27777,SP-009633
FT-29779,SP-009634
FT-29779,SP-009635
FCV-6019,SP-009636
FT-13000,SP-009637
P-23376,SP-009638
P-23376,SP-009639
TT-39014,SP-009640
COL-37623,SP-009641
LT-8374,SP-009642
PT-4660,SP-009643
PSV-32673,SP-009644
LT-39516,SP-009645
P-29477,SP-009646
K-20285,SP-009647
K-20285,SP-009648
XV-13445,SP-009649
K-37415,SP-009650
K-37415,SP-009651
FCV-24802,SP-009652
FCV-24802,SP-009653
PSV-11619,SP-009654
PSV-11619,SP-009655
V-9337,SP-009656
PSV-29012,SP-009657
LT-3259,SP-009658
XV-6388,SP-009659
XV-6388,SP-009660
FCV-14919,SP-009661
FT-1038,SP-009662
FT-1038,SP-009663
TT-36881,SP-009664
LT-3486,SP-009665
FT-1294,SP-009666
FT-1294,SP-009667
LT-34322,SP-009668
LT-34322,SP-009669
FT-37091,SP-009670
FT-37091,SP-009671
FT-13170,SP-009672
FT-13170,SP-009673
TT-14346,SP-009674
PT-5660,SP-009675
PT-5660,SP-009676
PSV-19714,SP-009677
PT-5115,SP-009678
PT-5115,SP-009679
XV-4750,SP-009680
XV-4750,SP-009681
V-27732,SP-009682
V-27732,SP-009683
P-27997,SP-009684
P-27997,SP-009685
PT-32362,SP-009686
PT-32362,SP-009687
LT-8365,SP-009688
LT-8365,SP-009689
LT-18236,SP-009690
LT-18236,SP-009691
FCV-28970,SP-009692
FCV-4805,SP-009693
FCV-4805,SP-009694
K-18238,SP-009695
COL-23063,SP-009696
XV-14192,SP-009697
LT-23447,SP-009698
LT-23447,SP-009699
V-19988,SP-009700
V-19988,SP-009701
FT-13163,SP-009702
FT-13163,SP-009703
FT-6194,SP-009704
XV-11352,SP-009705
XV-11352,SP-009706
E-33509,SP-009707
FT-22151,SP-009708
FT-22151,SP-009709
PT-23092,SP-009710
PT-23092,SP-009711
FT-10652,SP-009712
FT-10652,SP-009713
V-16345,SP-009714
E-17703,SP-009715
E-17703,SP-009716
LT-18243,SP-009717
P-5841,SP-009718
P-4379,SP-009719
P-4379,SP-009720
FT-24132,SP-009721
FT-24132,SP-009722
P-38719,SP-009723
P-38719,SP-009724
K-17675,SP-009725
PT-37563,SP-009726
PT-37563,SP-009727
TT-13601,SP-009728
P-24611,SP-009729
P-24611,SP-009730
PT-39267,SP-009731
PT-20506,SP-009732
PT-33172,SP-009733
FT-12680,SP-009734
FT-12680,SP-009735
E-10209,SP-009736
E-10209,SP-009737
LT-7872,SP-009738
FCV-3803,SP-009739
FCV-3803,SP-009740
V-30764,SP-009741
V-30764,SP-009742
PSV-9998,SP-009743
FCV-11545,SP-009744
FCV-11545,SP-009745
LT-37072,SP-009746
PSV-7162,SP-009747
P-10135,SP-009748
COL-1639,SP-009749
COL-1639,SP-009750
FT-30781,SP-009751
FT-30781,SP-009752
PSV-38403,SP-009753
PSV-38403,SP-009754
P-5965,SP-009755
TT-36549,SP-009756
TT-36549,SP-009757
XV-29323,SP-009758
XV-29323,SP-009759
PT-5650,SP-009760
FCV-22549,SP-009761
FCV-22549,SP-009762
LT-31001,SP-009763
PSV-38796,SP-009764
PSV-38796,SP-009765
P-37614,SP-009766
P-37614,SP-009767
FCV-31458,SP-009768
PT-7814,SP-009769
PT-7814,SP-009770
PSV-29497,SP-009771
PT-18115,SP-009772
PSV-27416,SP-009773
PSV-27416,SP-009774
TT-15778,SP-009775
P-657,SP-009776
P-657,SP-009777
FT-21559,SP-009778
FT-21559,SP-009779
TT-26139,SP-009780
TT-26139,SP-009781
LT-25063,SP-009782
TT-886,SP-009783
V-24929,SP-009784
V-24929,SP-009785
FT-28870,SP-009786
FT-28870,SP-009787
FT-19654,SP-009788
FT-19654,SP-009789
K-32654,SP-009790
K-32654,SP-009791
K-3144,SP-009792
E-26300,SP-009793
E-26300,SP-009794
E-24083,SP-009795
E-24083,SP-009796
FT-37145,SP-009797
P-39776,SP-009798
P-39776,SP-009799
FT-3229,SP-009800
E-38748,SP-009801
E-38748,SP-009802
PT-33782,SP-009803
K-12810,SP-009804
FCV-7730,SP-009805
TT-25358,SP-009806
FT-32695,SP-009807
FT-32695,SP-009808
P-30555,SP-009809
P-30555,SP-009810
E-12411,SP-009811
FCV-12099,SP-009812
FCV-20670,SP-009813
FCV-20670,SP-009814
FT-33748,SP-009815
FT-33748,SP-009816
PT-29260,SP-009817
FCV-13636,SP-009818
PT-912,SP-009819
PT-912,SP-009820
E-21992,SP-009821
E-21992,SP-009822
LT-27260,SP-009823
TT-31605,SP-009824
TT-31605,SP-009825
K-21496,SP-009826
K-21496,SP-009827
PSV-34936,SP-009828
PSV-34936,SP-009829
LT-37704,SP-009830
FT-18106,SP-009831
FT-18106,SP-009832
P-35157,SP-009833
V-22969,SP-009834
P-28106,SP-009835
K-838,SP-009836
K-838,SP-009837
PT-35743,SP-009838
E-30199,SP-009839
E-24823,SP-009840
E-24823,SP-009841
P-12873,SP-009842
LT-30669,SP-009843
FCV-39140,SP-009844
FCV-39140,SP-009845
FT-27106,SP-009846
LT-6681,SP-009847
FT-22854,SP-009848
FT-22854,SP-009849
P-26905,SP-009850
P-26905,SP-009851
FT-26922,SP-009852
FT-26922,SP-009853
TT-11393,SP-009854
E-5103,SP-009855
E-5103,SP-009856
XV-27576,SP-009857
LT-14623,SP-009858
LT-14623,SP-009859
PT-24890,SP-009860
FCV-12678,SP-009861
FCV-12678,SP-009862
P-16676,SP-009863
TT-8714,SP-009864
FT-11267,SP-009865
P-7496,SP-009866
P-7496,SP-009867
FT-27054,SP-009868
FT-27054,SP-009869
FT-30220,SP-009870
FT-30220,SP-009871
V-2312,SP-009872
LT-10200,SP-009873
LT-10200,SP-009874
LT-8217,SP-009875
LT-8217,SP-009876
PT-31466,SP-009877
TT-6978,SP-009878
TT-6978,SP-009879
E-35535,SP-009880
E-35535,SP-009881
P-19421,SP-009882
P-36281,SP-009883
XV-21528,SP-009884
COL-39295,SP-009885
COL-39295,SP-009886
XV-20077,SP-009887
P-5719,SP-009888
P-5719,SP-009889
PT-34584,SP-009890
FT-31777,SP-009891
FT-31777,SP-009892
PT-31714,SP-009893
PT-31714,SP-009894
TT-22222,SP-009895
LT-4429,SP-009896
COL-24772,SP-009897
P-19282,SP-009898
P-19282,SP-009899
TT-27658,SP-009900
XV-3288,SP-009901
FT-33740,SP-009902
XV-15711,SP-009903
XV-15711,SP-009904
XV-27871,SP-009905
XV-27871,SP-009906
E-12537,SP-009907
E-12537,SP-009908
V-28667,SP-009909
V-28667,SP-009910
K-5371,SP-009911
FCV-12909,SP-009912
FCV-12909,SP-009913
P-10012,SP-009914
PSV-22454,SP-009915
PSV-22454,SP-009916
COL-21316,SP-009917
P-30581,SP-009918
PT-19814,SP-009919
LT-34668,SP-009920
FCV-25912,SP-009921
K-23823,SP-009922
E-439,SP-009923
TT-10924,SP-009924
TT-10924,SP-009925
FCV-2148,SP-009926
FCV-2148,SP-009927
P-32882,SP-009928
P-19557,SP-009929
P-19377,SP-009930
P-19377,SP-009931
K-6719,SP-009932
K-6719,SP-009933
V-17942,SP-009934
V-2535,SP-009935
V-17210,SP-009936
V-17210,SP-009937
P-36586,SP-009938
P-36586,SP-009939
FCV-7913,SP-009940
P-19148,SP-009941
P-19148,SP-009942
P-32925,SP-009943
TT-16888,SP-009944
TT-16888,SP-009945
FT-3795,SP-009946
FT-3795,SP-009947
COL-101,SP-009948
LT-26951,SP-009949
LT-26951,SP-009950
P-9475,SP-009951
PT-8626,SP-009952
FT-18444,SP-009953
FT-18444,SP-009954
FCV-7200,SP-009955
FCV-7200,SP-009956
K-6049,SP-009957
E-38788,SP-009958
E-38788,SP-009959
LT-14291,SP-009960
FCV-13762,SP-009961
XV-17551,SP-009962
XV-17551,SP-009963
TT-31508,SP-009964
TT-31508,SP-009965
COL-34528,SP-009966
COL-34528,SP-009967
COL-4161,SP-009968
COL-4161,SP-009969
FT-12756,SP-009970
P-21115,SP-009971
FCV-10755,SP-009972
FCV-10755,SP-009973
P-5756,SP-009974
P-5756,SP-009975
K-7104,SP-009976
K-7104,SP-009977
COL-9200,SP-009978
COL-9200,SP-009979
FCV-31511,SP-009980
FCV-32172,SP-009981
FCV-32172,SP-009982
K-33399,SP-009983
K-33399,SP-009984
TT-33423,SP-009985
TT-23621,SP-009986
XV-8716,SP-009987
FT-22800,SP-009988
FT-22800,SP-009989
P-6920,SP-009990
P-6920,SP-009991
P-38236,SP-009992
P-23109,SP-009993
V-19460,SP-009994
V-14350,SP-009995
TT-23331,SP-009996
TT-23331,SP-009997
FT-37794,SP-009998
XV-27755,SP-009999
XV-27755,SP-010000
FCV-35583,SP-010001
K-2402,SP-010002
FCV-5255,SP-010003
FCV-5255,SP-010004
LT-15863,SP-010005
P-13369,SP-010006
P-13369,SP-010007
XV-22605,SP-010008
XV-22605,SP-010009
LT-36854,SP-010010
TT-25276,SP-010011
TT-25276,SP-010012
P-2739,SP-010013
COL-38548,SP-010014
PSV-73,SP-010015
PSV-73,SP-010016
PT-30562,SP-010017
P-33146,SP-010018
P-37778,SP-010019
V-14686,SP-010020
V-14686,SP-010021
TT-12005,SP-010022
P-8352,SP-010023
TT-21677,SP-010024
K-23633,SP-010025
K-23633,SP-010026
P-21093,SP-010027
P-21093,SP-010028
COL-6931,SP-010029
K-14796,SP-010030
K-14796,SP-010031
TT-5953,SP-010032
TT-5953,SP-010033
V-29054,SP-010034
E-4202,SP-010035
V-20587,SP-010036
PT-15465,SP-010037
FT-38342,SP-010038
P-25704,SP-010039
E-8734,SP-010040
E-17854,SP-010041
COL-34492,SP-010042
FT-11424,SP-010043
FT-11424,SP-010044
K-3048,SP-010045
FCV-26407,SP-010046
E-5499,SP-010047
E-5499,SP-010048
COL-18390,SP-010049
COL-18390,SP-010050
FT-4471,SP-010051
FT-4471,SP-010052
E-34276,SP-010053
E-34276,SP-010054
PT-14963,SP-010055
COL-34090,SP-010056
PSV-9464,SP-010057
P-3281,SP-010058
PT-29780,SP-010059
PT-29780,SP-010060
FCV-21374,SP-010061
FCV-21374,SP-010062
FCV-16919,SP-010063
FCV-16919,SP-010064
LT-26431,SP-010065
LT-26431,SP-010066
FCV-6660,SP-010067
FCV-6660,SP-010068
TT-24568,SP-010069
TT-24568,SP-010070
E-6281,SP-010071
V-15129,SP-010072
FCV-4761,SP-010073
FCV-4761,SP-010074
V-23714,SP-010075
V-23714,SP-010076
E-20947,SP-010077
E-20947,SP-010078
E-12115,SP-010079
COL-38874,SP-010080
COL-38874,SP-010081
E-3128,SP-010082
FT-6656,SP-010083
FT-6656,SP-010084
COL-7290,SP-010085
E-28455,SP-010086
E-28455,SP-010087
TT-27445,SP-010088
TT-27445,SP-010089
FCV-18334,SP-010090
FCV-18334,SP-010091
XV-39447,SP-010092
XV-39447,SP-010093
FCV-16641,SP-010094
FCV-16641,SP-010095
V-31665,SP-010096
V-31665,SP-010097
P-16862,SP-010098
P-16862,SP-010099
PT-10484,SP-010100
PSV-35798,SP-010101
PSV-35798,SP-010102
XV-33131,SP-010103
XV-33131,SP-010104
FT-28114,SP-010105
COL-24743,SP-010106
PSV-17330,SP-010107
V-30216,SP-010108
PSV-18621,SP-010109
PSV-18621,SP-010110
FT-2191,SP-010111
LT-33909,SP-010112
LT-33909,SP-010113
FCV-9722,SP-010114
PT-18660,SP-010115
PT-18660,SP-010116
P-180,SP-010117
P-180,SP-010118
PT-28702,SP-010119
PT-28702,SP-010120
COL-34644,SP-010121
COL-34644,SP-010122
LT-8249,SP-010123
PT-17750,SP-010124
XV-26869,SP-010125
TT-13358,SP-010126
FCV-18545,SP-010127
XV-20900,SP-010128
XV-20900,SP-010129
XV-37249,SP-010130
XV-37249,SP-010131
COL-216,SP-010132
PT-13199,SP-010133
K-23434,SP-010134
K-23434,SP-010135
PT-13745,SP-010136
LT-34036,SP-010137
TT-19500,SP-010138
FCV-10452,SP-010139
FCV-10452,SP-010140
COL-10125,SP-010141
V-25179,SP-010142
V-25179,SP-010143
LT-21367,SP-010144
LT-21367,SP-010145
PSV-31196,SP-010146
PSV-31196,SP-010147
XV-38249,SP-010148
V-18534,SP-010149
V-18534,SP-010150
PSV-12861,SP-010151
PSV-12861,SP-010152
FT-25804,SP-010153
FT-25804,SP-010154
FT-28861,SP-010155
FT-28861,SP-010156
E-231,SP-010157
E-231,SP-010158
E-8298,SP-010159
E-8298,SP-010160
PSV-26831,SP-010161
COL-2326,SP-010162
FT-32348,SP-010163
FT-32348,SP-010164
PT-38990,SP-010165
XV-22256,SP-010166
XV-22256,SP-010167
TT-21809,SP-010168
K-11842,SP-010169
K-11842,SP-010170
P-4680,SP-010171
P-4680,SP-010172
LT-25076,SP-010173
LT-7957,SP-010174
FT-32772,SP-010175
FT-32772,SP-010176
PT-16540,SP-010177
PT-16540,SP-010178
LT-25220,SP-010179
LT-25220,SP-010180
PT-6330,SP-010181
P-21782,SP-010182
P-21782,SP-010183
PT-22371,SP-010184
PSV-22745,SP-010185
PSV-22745,SP-010186
V-25334,SP-010187
V-25334,SP-010188
LT-27255,SP-010189
PT-1946,SP-010190
PT-1946,SP-010191
FCV-18610,SP-010192
FCV-18610,SP-010193
TT-24447,SP-010194
P-1664,SP-010195
TT-25939,SP-010196
FCV-10613,SP-010197
FCV-10613,SP-010198
COL-24202,SP-010199
P-30709,SP-010200
P-30709,SP-010201
LT-10500,SP-010202
LT-14720,SP-010203
P-16737,SP-010204
P-16737,SP-010205
COL-34699,SP-010206
COL-34699,SP-010207
COL-28427,SP-010208
FT-9248,SP-010209
COL-15113,SP-010210
COL-15113,SP-010211
XV-1004,SP-010212
XV-1004,SP-010213
V-28510,SP-010214
V-28510,SP-010215
PSV-11382,SP-010216
E-8197,SP-010217
P-25086,SP-010218
P-25086,SP-010219
P-8587,SP-010220
P-8587,SP-010221
XV-22485,SP-010222
XV-22485,SP-010223
LT-3672,SP-010224
LT-3672,SP-010225
E-299,SP-010226
E-299,SP-010227
PSV-25664,SP-010228
PSV-25664,SP-010229
K-36181,SP-010230
P-16878,SP-010231
P-16878,SP-010232
P-20405,SP-010233
P-20405,SP-010234
LT-6065,SP-010235
LT-6065,SP-010236
V-28934,SP-010237
V-28934,SP-010238
K-18255,SP-010239
K-18255,SP-010240
V-26420,SP-010241
P-37146,SP-010242
P-37146,SP-010243
LT-33066,SP-010244
LT-33066,SP-010245
E-7079,SP-010246
XV-22391,SP-010247
XV-22391,SP-010248
PSV-37520,SP-010249
P-13542,SP-010250
LT-9382,SP-010251
TT-998,SP-010252
COL-29818,SP-010253
K-20753,SP-010254
K-20753,SP-010255
P-7885,SP-010256
PSV-34374,SP-010257
PSV-34374,SP-010258
TT-31280,SP-010259
XV-2087,SP-010260
FT-27620,SP-010261
FT-27620,SP-010262
TT-26044,SP-010263
TT-26044,SP-010264
V-36702,SP-010265
LT-17116,SP-010266
E-8571,SP-010267
E-8571,SP-010268
FCV-18503,SP-010269
FCV-18503,SP-010270
FCV-27902,SP-010271
FCV-27902,SP-010272
XV-19174,SP-010273
XV-19174,SP-010274
FT-35727,SP-010275
FT-6607,SP-010276
PSV-32978,SP-010277
PSV-32978,SP-010278
TT-36416,SP-010279
PT-28719,SP-010280
V-1335,SP-010281
V-7700,SP-010282
P-12498,SP-010283
COL-6274,SP-010284
E-23937,SP-010285
E-23937,SP-010286
TT-13279,SP-010287
TT-13279,SP-010288
K-39836,SP-010289
E-24302,SP-010290
FT-27231,SP-010291
TT-14523,SP-010292
TT-14523,SP-010293
LT-25933,SP-010294
LT-25933,SP-010295
LT-24816,SP-010296
K-7109,SP-010297
K-7109,SP-010298
COL-27970,SP-010299
PT-9524,SP-010300
PT-9524,SP-010301
E-27446,SP-010302
FT-24007,SP-010303
V-29422,SP-010304
V-29422,SP-010305
P-27185,SP-010306
TT-6066,SP-010307
TT-6066,SP-010308
TT-2273,SP-010309
TT-2273,SP-010310
K-5551,SP-010311
K-5551,SP-010312
P-3955,SP-010313
LT-3407,SP-010314
E-6041,SP-010315
E-6041,SP-010316
LT-29408,SP-010317
COL-13741,SP-010318
COL-13741,SP-010319
P-10411,SP-010320
P-10411,SP-010321
P-15251,SP-010322
P-15251,SP-010323
E-11832,SP-010324
E-11832,SP-010325
PT-3916,SP-010326
PT-3916,SP-010327
TT-29468,SP-010328
TT-29468,SP-010329
V-34295,SP-010330
FT-35720,SP-010331
FT-35720,SP-010332
P-18169,SP-010333
K-4695,SP-010334
K-4695,SP-010335
FCV-22981,SP-010336
FCV-22981,SP-010337
PSV-18057,SP-010338
PSV-18057,SP-010339
PT-20510,SP-010340
K-28299,SP-010341
E-10656,SP-010342
E-10656,SP-010343
FT-19566,SP-010344
FT-19566,SP-010345
E-26866,SP-010346
E-26866,SP-010347
FCV-7715,SP-010348
FCV-7715,SP-010349
P-29143,SP-010350
FT-11646,SP-010351
K-33020,SP-010352
PSV-34602,SP-010353
PSV-34602,SP-010354
P-21400,SP-010355
P-21400,SP-010356
P-14400,SP-010357
E-4179,SP-010358
E-4179,SP-010359
COL-39835,SP-010360
COL-39835,SP-010361
FT-21737,SP-010362
FT-21737,SP-010363
P-33654,SP-010364
V-31586,SP-010365
V-31586,SP-010366
P-24670,SP-010367
P-24670,SP-010368
LT-13823,SP-010369
LT-13823,SP-010370
FCV-28282,SP-010371
PSV-1857,SP-010372
E-25019,SP-010373
V-17493,SP-010374
V-17493,SP-010375
K-17572,SP-010376
TT-22578,SP-010377
TT-22578,SP-010378
PT-29244,SP-010379
LT-35394,SP-010380
LT-35394,SP-010381
XV-33779,SP-010382
K-18838,SP-010383
XV-895,SP-010384
XV-895,SP-010385
E-13113,SP-010386
FCV-22997,SP-010387
K-16261,SP-010388
K-16261,SP-010389
P-33043,SP-010390
P-33043,SP-010391
PSV-4497,SP-010392
LT-14464,SP-010393
LT-24409,SP-010394
LT-24409,SP-010395
P-10312,SP-010396
V-21071,SP-010397
V-21071,SP-010398
V-22888,SP-010399
XV-14156,SP-010400
P-12404,SP-010401
PT-30130,SP-010402
PT-30130,SP-010403
COL-14575,SP-010404
COL-14575,SP-010405
FCV-592,SP-010406
COL-25935,SP-010407
COL-25935,SP-010408
TT-12700,SP-010409
LT-10754,SP-010410
FCV-847,SP-010411
FCV-847,SP-010412
PSV-31563,SP-010413
P-28843,SP-010414
COL-16181,SP-010415
COL-16181,SP-010416
FT-22564,SP-010417
COL-24959,SP-010418
LT-2379,SP-010419
LT-2379,SP-010420
XV-26625,SP-010421
PT-28295,SP-010422
PT-28295,SP-010423
PT-17374,SP-010424
PT-17374,SP-010425
P-8135,SP-010426
P-8135,SP-010427
V-26017,SP-010428
V-26017,SP-010429
FCV-4438,SP-010430
FCV-4438,SP-010431
COL-8813,SP-010432
COL-8813,SP-010433
FCV-20398,SP-010434
FCV-20398,SP-010435
E-28463,SP-010436
P-1541,SP-010437
P-1541,SP-010438
LT-14265,SP-010439
LT-14265,SP-010440
FT-4598,SP-010441
COL-14098,SP-010442
E-19485,SP-010443
E-19485,SP-010444
LT-84,SP-010445
V-32245,SP-010446
V-32245,SP-010447
LT-25882,SP-010448
E-29750,SP-010449
K-38419,SP-010450
K-38419,SP-010451
P-19969,SP-010452
P-19969,SP-010453
LT-22842,SP-010454
P-21131,SP-010455
K-26381,SP-010456
COL-20823,SP-010457
LT-19616,SP-010458
LT-19616,SP-010459
K-1582,SP-010460
K-2773,SP-010461
K-2773,SP-010462
PSV-36689,SP-010463
K-21816,SP-010464
K-21816,SP-010465
P-13937,SP-010466
P-13181,SP-010467
XV-36570,SP-010468
PT-13216,SP-010469
PT-13216,SP-010470
V-2166,SP-010471
V-2166,SP-010472
FT-13949,SP-010473
FT-13949,SP-010474
E-20571,SP-010475
P-18377,SP-010476
P-18377,SP-010477
K-16083,SP-010478
P-21694,SP-010479
P-21694,SP-010480
LT-37051,SP-010481
V-8082,SP-010482
V-8082,SP-010483
COL-28365,SP-010484
FCV-37516,SP-010485
FCV-37516,SP-010486
LT-4742,SP-010487
LT-4742,SP-010488
LT-38969,SP-010489
LT-38969,SP-010490
LT-11526,SP-010491
LT-11526,SP-010492
PSV-17293,SP-010493
XV-18035,SP-010494
XV-18035,SP-010495
TT-8838,SP-010496
P-31633,SP-010497
P-31633,SP-010498
COL-27157,SP-010499
COL-27157,SP-010500
PT-31921,SP-010501
PT-31921,SP-010502
XV-18345,SP-010503
XV-18345,SP-010504
P-8359,SP-010505
P-8359,SP-010506
P-1415,SP-010507
P-1415,SP-010508
FT-2831,SP-010509
FT-2831,SP-010510
COL-34425,SP-010511
V-9693,SP-010512
V-9693,SP-010513
PT-24095,SP-010514
XV-38668,SP-010515
XV-38668,SP-010516
TT-2685,SP-010517
TT-2685,SP-010518
V-14611,SP-010519
LT-32610,SP-010520
LT-32610,SP-010521
FCV-23900,SP-010522
K-25435,SP-010523
P-23800,SP-010524
P-23800,SP-010525
FCV-4203,SP-010526
FCV-4203,SP-010527
K-16613,SP-010528
E-11294,SP-010529
E-11294,SP-010530
K-37728,SP-010531
K-37728,SP-010532
V-22026,SP-010533
P-32097,SP-010534
TT-29334,SP-010535
TT-29334,SP-010536
FCV-24212,SP-010537
FCV-24212,SP-010538
TT-1119,SP-010539
FCV-39550,SP-010540
FCV-39550,SP-010541
TT-16887,SP-010542
E-22772,SP-010543
E-22772,SP-010544
E-28126,SP-010545
K-35375,SP-010546
P-15319,SP-010547
P-15319,SP-010548
TT-17465,SP-010549
XV-23462,SP-010550
PSV-24281,SP-010551
LT-30493,SP-010552
TT-1173,SP-010553
TT-1173,SP-010554
FCV-20433,SP-010555
FCV-20433,SP-010556
LT-39038,SP-010557
E-35011,SP-010558
P-28575,SP-010559
P-28575,SP-010560
LT-15196,SP-010561
LT-15196,SP-010562
V-12338,SP-010563
V-12338,SP-010564
P-37802,SP-010565
FT-11004,SP-010566
E-24614,SP-010567
E-24614,SP-010568
PT-1197,SP-010569
PT-1197,SP-010570
FT-19984,SP-010571
LT-21321,SP-010572
XV-18413,SP-010573
XV-18413,SP-010574
E-25542,SP-010575
E-25542,SP-010576
PSV-7179,SP-010577
XV-39625,SP-010578
LT-28321,SP-010579
TT-31575,SP-010580
TT-31575,SP-010581
P-7147,SP-010582
P-7147,SP-010583
FT-20213,SP-010584
FT-12716,SP-010585
FCV-20249,SP-010586
FT-1452,SP-010587
FCV-416,SP-010588
XV-7444,SP-010589
XV-7444,SP-010590
P-37878,SP-010591
P-37878,SP-010592
FT-1542,SP-010593
P-4770,SP-010594
E-30567,SP-010595
E-30567,SP-010596
P-39128,SP-010597
P-39128,SP-010598
XV-6199,SP-010599
E-17628,SP-010600
PT-39222,SP-010601
PT-39222,SP-010602
TT-33010,SP-010603
K-31274,SP-010604
FT-1574,SP-010605
COL-25488,SP-010606
P-14971,SP-010607
P-14971,SP-010608
E-9770,SP-010609
E-25729,SP-010610
E-25729,SP-010611
V-34938,SP-010612
V-34938,SP-010613
K-1058,SP-010614
K-1058,SP-010615
XV-28389,SP-010616
XV-28389,SP-010617
PT-39373,SP-010618
FCV-36582,SP-010619
FCV-36582,SP-010620
P-782,SP-010621
P-782,SP-010622
LT-8644,SP-010623
E-18023,SP-010624
PT-24663,SP-010625
LT-14064,SP-010626
PSV-7609,SP-010627
K-11378,SP-010628
K-11378,SP-010629
LT-14798,SP-010630
XV-20245,SP-010631
P-38597,SP-010632
COL-32190,SP-010633
COL-32190,SP-010634
XV-39632,SP-010635
COL-31639,SP-010636
P-5344,SP-010637
XV-9706,SP-010638
P-17183,SP-010639
LT-16767,SP-010640
LT-16767,SP-010641
V-19094,SP-010642
V-14514,SP-010643
V-14514,SP-010644
FCV-11021,SP-010645
FCV-11021,SP-010646
XV-3825,SP-010647
XV-3825,SP-010648
P-17219,SP-010649
P-17219,SP-010650
LT-32129,SP-010651
P-30183,SP-010652
P-30183,SP-010653
P-9097,SP-010654
K-7500,SP-010655
K-7500,SP-010656
XV-7047,SP-010657
XV-7047,SP-010658
P-3249,SP-010659
P-3249,SP-010660
P-22317,SP-010661
LT-2041,SP-010662
LT-2041,SP-010663
COL-38701,SP-010664
P-37,SP-010665
P-37,SP-010666
PT-36871,SP-010667
V-25148,SP-010668
COL-5209,SP-010669
COL-5209,SP-010670
LT-6908,SP-010671
COL-22205,SP-010672
COL-22205,SP-010673
TT-27453,SP-010674
TT-27453,SP-010675
P-2121,SP-010676
P-7050,SP-010677
P-7050,SP-010678
COL-2072,SP-010679
TT-6538,SP-010680
PSV-20079,SP-010681
E-30092,SP-010682
E-30092,SP-010683
P-11784,SP-010684
E-31437,SP-010685
E-31437,SP-010686
K-9682,SP-010687
K-9682,SP-010688
V-4014,SP-010689
V-4014,SP-010690
TT-268,SP-010691
TT-268,SP-010692
PT-30533,SP-010693
PT-30533,SP-010694
COL-8754,SP-010695
COL-8754,SP-010696
P-4517,SP-010697
V-22857,SP-010698
PSV-11943,SP-010699
PSV-11943,SP-010700
FT-2872,SP-010701
V-38530,SP-010702
V-38530,SP-010703
COL-219,SP-010704
P-30334,SP-010705
E-8268,SP-010706
E-8268,SP-010707
K-3822,SP-010708
K-3822,SP-010709
K-31875,SP-010710
XV-27808,SP-010711
XV-27808,SP-010712
COL-18438,SP-010713
COL-18438,SP-010714
E-11712,SP-010715
E-11712,SP-010716
LT-123,SP-010717
LT-123,SP-010718
E-9553,SP-010719
E-3178,SP-010720
E-3178,SP-010721
LT-27544,SP-010722
FT-29622,SP-010723
FT-29622,SP-010724
PT-27493,SP-010725
PT-27493,SP-010726
P-19740,SP-010727
PSV-12708,SP-010728
PSV-12708,SP-010729
FT-30263,SP-010730
XV-38975,SP-010731
V-292,SP-010732
V-292,SP-010733
V-17496,SP-010734
V-17496,SP-010735
PSV-2234,SP-010736
K-28253,SP-010737
K-28253,SP-010738
TT-34663,SP-010739
V-32799,SP-010740
XV-37063,SP-010741
V-23766,SP-010742
V-23766,SP-010743
P-9251,SP-010744
P-9251,SP-010745
FCV-39009,SP-010746
TT-36953,SP-010747
TT-36953,SP-010748
COL-11799,SP-010749
XV-19393,SP-010750
K-16536,SP-010751
K-16536,SP-010752
FT-28831,SP-010753
E-2611,SP-010754
E-2611,SP-010755
PSV-15286,SP-010756
E-24610,SP-010757
TT-6703,SP-010758
PT-13599,SP-010759
PT-9117,SP-010760
K-21977,SP-010761
K-21977,SP-010762
K-20279,SP-010763
K-20279,SP-010764
K-9397,SP-010765
P-17609,SP-010766
P-17609,SP-010767
TT-22258,SP-010768
V-35964,SP-010769
PT-9642,SP-010770
PT-9642,SP-010771
FT-20416,SP-010772
V-35755,SP-010773
V-35755,SP-010774
XV-39551,SP-010775
XV-39551,SP-010776
P-35496,SP-010777
COL-33970,SP-010778
COL-33970,SP-010779
XV-17919,SP-010780
V-9310,SP-010781
FCV-9405,SP-010782
FCV-9405,SP-010783
PSV-5729,SP-010784
PSV-5729,SP-010785
FCV-34743,SP-010786
FCV-34743,SP-010787
PT-18140,SP-010788
PT-18140,SP-010789
PSV-12632,SP-010790
FCV-32004,SP-010791
P-37140,SP-010792
TT-36389,SP-010793
TT-36389,SP-010794
LT-19770,SP-010795
XV-27524,SP-010796
XV-27524,SP-010797
LT-14352,SP-010798
LT-14352,SP-010799
PT-16782,SP-010800
K-26824,SP-010801
PT-30723,SP-010802
V-19163,SP-010803
V-19163,SP-010804
P-39426,SP-010805
P-39426,SP-010806
COL-16843,SP-010807
COL-16843,SP-010808
FT-15816,SP-010809
PT-30615,SP-010810
V-17005,SP-010811
P-38007,SP-010812
P-38007,SP-010813
FT-39678,SP-010814
PT-18259,SP-010815
FT-29694,SP-010816
FT-29694,SP-010817
COL-13911,SP-010818
COL-13911,SP-010819
FT-19172,SP-010820
FT-19172,SP-010821
XV-21357,SP-010822
LT-20256,SP-010823
LT-20256,SP-010824
LT-29236,SP-010825
LT-29236,SP-010826
P-4272,SP-010827
E-19860,SP-010828
FT-34282,SP-010829
FT-34282,SP-010830
PSV-23377,SP-010831
COL-22195,SP-010832
COL-22195,SP-010833
LT-4631,SP-010834
P-25550,SP-010835
V-31102,SP-010836
V-31102,SP-010837
COL-4873,SP-010838
TT-12409,SP-010839
TT-12409,SP-010840
E-10251,SP-010841
E-10251,SP-010842
P-36265,SP-010843
P-36265,SP-010844
FT-3870,SP-010845
P-35103,SP-010846
TT-33618,SP-010847
TT-33618,SP-010848
FCV-20812,SP-010849
FCV-18235,SP-010850
K-26015,SP-010851
TT-21539,SP-010852
TT-21539,SP-010853
XV-21821,SP-010854
XV-21821,SP-010855
P-9402,SP-010856
P-9402,SP-010857
V-30707,SP-010858
V-30707,SP-010859
V-7504,SP-010860
E-45,SP-010861
E-45,SP-010862
P-10943,SP-010863
P-10943,SP-010864
K-37722,SP-010865
P-23973,SP-010866
K-24598,SP-010867
LT-33358,SP-010868
LT-33358,SP-010869
PT-26737,SP-010870
FT-3029,SP-010871
FCV-29813,SP-010872
FCV-29813,SP-010873
COL-37096,SP-010874
P-34245,SP-010875
E-22185,SP-010876
FT-6417,SP-010877
FT-875,SP-010878
FT-875,SP-010879
PT-12109,SP-010880
P-36734,SP-010881
P-40015,SP-010882
P-40015,SP-010883
XV-35719,SP-010884
K-28915,SP-010885
K-28915,SP-010886
PSV-9124,SP-010887
PSV-9124,SP-010888
E-13497,SP-010889
E-13497,SP-010890
P-16093,SP-010891
TT-22394,SP-010892
P-24162,SP-010893
K-1503,SP-010894
FCV-8118,SP-010895
FCV-8118,SP-010896
P-23068,SP-010897
P-23068,SP-010898
XV-21624,SP-010899
V-32211,SP-010900
V-32211,SP-010901
PT-18129,SP-010902
P-1129,SP-010903
P-6915,SP-010904
P-6915,SP-010905
XV-28223,SP-010906
XV-28223,SP-010907
FCV-2163,SP-010908
PSV-35266,SP-010909
PSV-35266,SP-010910
V-5656,SP-010911
V-5656,SP-010912
PSV-34430,SP-010913
E-35399,SP-010914
E-35399,SP-010915
PSV-14168,SP-010916
E-11860,SP-010917
E-11860,SP-010918
V-17359,SP-010919
V-18430,SP-010920
V-18430,SP-010921
V-26733,SP-010922
P-37771,SP-010923
P-37771,SP-010924
COL-13821,SP-010925
P-33456,SP-010926
P-33456,SP-010927
FT-1880,SP-010928
P-26761,SP-010929
P-26761,SP-010930
PT-4025,SP-010931
P-12598,SP-010932
P-12598,SP-010933
FCV-30624,SP-010934
FCV-30624,SP-010935
XV-33577,SP-010936
PSV-36462,SP-010937
PSV-36462,SP-010938
TT-2228,SP-010939
TT-2228,SP-010940
TT-18785,SP-010941
COL-39194,SP-010942
COL-39194,SP-010943
LT-15248,SP-010944
PT-29589,SP-010945
K-12769,SP-010946
PT-38191,SP-010947
P-14066,SP-010948
P-14066,SP-010949
LT-28652,SP-010950
LT-28652,SP-010951
FT-11055,SP-010952
FT-11055,SP-010953
PT-16207,SP-010954
COL-27182,SP-010955
PSV-18737,SP-010956
E-14852,SP-010957
E-14852,SP-010958
FT-5648,SP-010959
FT-5648,SP-010960
P-37366,SP-010961
P-37366,SP-010962
PT-15165,SP-010963
PSV-7192,SP-010964
K-33372,SP-010965
K-33372,SP-010966
XV-16463,SP-010967
XV-16463,SP-010968
PT-21165,SP-010969
PT-21165,SP-010970
PSV-36622,SP-010971
PSV-36622,SP-010972
P-12513,SP-010973
LT-10573,SP-010974
LT-10573,SP-010975
XV-15321,SP-010976
XV-15321,SP-010977
PSV-30432,SP-010978
FCV-8636,SP-010979
FCV-8636,SP-010980
FCV-13924,SP-010981
FCV-31684,SP-010982
FCV-31684,SP-010983
TT-36165,SP-010984
P-3469,SP-010985
TT-20217,SP-010986
P-4103,SP-010987
P-4103,SP-010988
FCV-29980,SP-010989
FCV-29980,SP-010990
K-25094,SP-010991
K-25094,SP-010992
TT-35861,SP-010993
P-17926,SP-010994
PSV-35528,SP-010995
FCV-26408,SP-010996
FCV-26408,SP-010997
PT-27285,SP-010998
V-14003,SP-010999
V-14003,SP-011000
PT-15826,SP-011001
PT-15826,SP-011002
FT-24981,SP-011003
TT-8117,SP-011004
COL-5803,SP-011005
COL-5803,SP-011006
PSV-19076,SP-011007
PSV-7626,SP-011008
FT-9292,SP-011009
FCV-8931,SP-011010
FCV-8931,SP-011011
XV-31578,SP-011012
P-1684,SP-011013
P-1684,SP-011014
V-14187,SP-011015
V-8555,SP-011016
V-8555,SP-011017
TT-24595,SP-011018
V-31162,SP-011019
E-5782,SP-011020
E-5782,SP-011021
XV-9474,SP-011022
XV-9474,SP-011023
TT-8681,SP-011024
TT-8681,SP-011025
FCV-31190,SP-011026
TT-39780,SP-011027
TT-39780,SP-011028
COL-33896,SP-011029
TT-4369,SP-011030
E-619,SP-011031
FT-30793,SP-011032
PSV-15781,SP-011033
P-30364,SP-011034
P-30364,SP-011035
COL-26048,SP-011036
FT-16418,SP-011037
FT-16418,SP-011038
V-31598,SP-011039
V-31598,SP-011040
LT-25242,SP-011041
LT-25242,SP-011042
XV-19179,SP-011043
XV-19179,SP-011044
P-12391,SP-011045
P-10176,SP-011046
PSV-34046,SP-011047
PSV-34046,SP-011048
COL-30921,SP-011049
V-20632,SP-011050
XV-11908,SP-011051
PSV-37586,SP-011052
PSV-37586,SP-011053
FCV-33355,SP-011054
FCV-33355,SP-011055
V-13017,SP-011056
PT-6804,SP-011057
PT-6804,SP-011058
V-25695,SP-011059
K-15944,SP-011060
LT-134,SP-011061
PT-23185,SP-011062
PT-23185,SP-011063
P-8438,SP-011064
P-8438,SP-011065
FT-21260,SP-011066
XV-19297,SP-011067
K-32378,SP-011068
K-32378,SP-011069
PSV-13718,SP-011070
PSV-13718,SP-011071
PSV-380,SP-011072
K-21789,SP-011073
FCV-7911,SP-011074
E-22506,SP-011075
P-27199,SP-011076
PT-20476,SP-011077
K-8115,SP-011078
COL-23043,SP-011079
COL-23043,SP-011080
P-39023,SP-011081
COL-8288,SP-011082
COL-8288,SP-011083
LT-33110,SP-011084
COL-28051,SP-011085
COL-28051,SP-011086
PSV-37151,SP-011087
P-27795,SP-011088
E-22734,SP-011089
LT-18225,SP-011090
LT-18225,SP-011091
LT-13948,SP-011092
LT-13948,SP-011093
PSV-29523,SP-011094
PSV-29523,SP-011095
P-15171,SP-011096
P-36390,SP-011097
P-36390,SP-011098
COL-23482,SP-011099
COL-23482,SP-011100
COL-29433,SP-011101
COL-31149,SP-011102
TT-27584,SP-011103
TT-27584,SP-011104
COL-25536,SP-011105
K-26641,SP-011106
LT-21054,SP-011107
LT-21054,SP-011108
E-16601,SP-011109
FT-29819,SP-011110
FT-29819,SP-011111
FCV-9175,SP-011112
FCV-9175,SP-011113
COL-39445,SP-011114
COL-39445,SP-011115
FCV-35283,SP-011116
K-14841,SP-011117
K-14841,SP-011118
P-18082,SP-011119
XV-27187,SP-011120
XV-27187,SP-011121
K-22684,SP-011122
P-14057,SP-011123
V-15560,SP-011124
COL-26516,SP-011125
PSV-35543,SP-011126
PSV-35543,SP-011127
FCV-19638,SP-011128
XV-18741,SP-011129
LT-34466,SP-011130
LT-34466,SP-011131
TT-661,SP-011132
XV-4193,SP-011133
E-4767,SP-011134
E-4767,SP-011135
LT-28081,SP-011136
LT-28081,SP-011137
PT-6120,SP-011138
FCV-27634,SP-011139
P-28772,SP-011140
XV-30258,SP-011141
V-14492,SP-011142
V-14492,SP-011143
PSV-36252,SP-011144
PSV-22596,SP-011145
PSV-23626,SP-011146
PSV-23626,SP-011147
P-8684,SP-011148
P-8684,SP-011149
COL-21080,SP-011150
PT-7555,SP-011151
PT-7555,SP-011152
TT-26989,SP-011153
V-128,SP-011154
K-34034,SP-011155
K-34034,SP-011156
P-10919,SP-011157
P-10919,SP-011158
P-26445,SP-011159
P-26445,SP-011160
V-11778,SP-011161
V-11778,SP-011162
FCV-5076,SP-011163
FCV-5076,SP-011164
P-3636,SP-011165
P-3636,SP-011166
P-4224,SP-011167
P-4224,SP-011168
P-34657,SP-011169
TT-12959,SP-011170
TT-12959,SP-011171
E-13041,SP-011172
P-17279,SP-011173
P-17279,SP-011174
PT-8585,SP-011175
PT-8585,SP-011176
PSV-16847,SP-011177
PSV-16847,SP-011178
P-12665,SP-011179
P-12665,SP-011180
PT-28894,SP-011181
PSV-14563,SP-011182
LT-20676,SP-011183
LT-20676,SP-011184
PSV-20702,SP-011185
XV-21831,SP-011186
TT-10768,SP-011187
COL-23413,SP-011188
COL-34681,SP-011189
COL-34681,SP-011190
P-7606,SP-011191
V-19842,SP-011192
V-19842,SP-011193
K-22530,SP-011194
K-22530,SP-011195
P-37524,SP-011196
COL-19734,SP-011197
COL-7929,SP-011198
COL-7929,SP-011199
XV-34522,SP-011200
XV-34522,SP-011201
K-31645,SP-011202
FT-13467,SP-011203
FT-13467,SP-011204
P-22477,SP-011205
P-22477,SP-011206
P-23965,SP-011207
E-585,SP-011208
E-585,SP-011209
E-26917,SP-011210
E-26917,SP-011211
FCV-26446,SP-011212
FCV-26446,SP-011213
P-1505,SP-011214
P-1505,SP-011215
FCV-13213,SP-011216
FCV-13213,SP-011217
COL-16562,SP-011218
COL-16562,SP-011219
TT-2372,SP-011220
TT-2372,SP-011221
P-32731,SP-011222
TT-29249,SP-011223
TT-29249,SP-011224
P-32651,SP-011225
PSV-13309,SP-011226
PSV-13309,SP-011227
P-22090,SP-011228
P-22090,SP-011229
LT-32823,SP-011230
LT-32823,SP-011231
FT-29709,SP-011232
FT-29709,SP-011233
P-19158,SP-011234
P-19158,SP-011235
P-24764,SP-011236
P-24764,SP-011237
V-32507,SP-011238
V-32507,SP-011239
COL-22175,SP-011240
PT-7245,SP-011241
PT-7245,SP-011242
K-21384,SP-011243
K-21384,SP-011244
P-18027,SP-011245
E-28166,SP-011246
E-28166,SP-011247
E-11622,SP-011248
P-5249,SP-011249
P-26082,SP-011250
P-26082,SP-011251
FT-4129,SP-011252
P-29502,SP-011253
P-29502,SP-011254
LT-4416,SP-011255
K-22731,SP-011256
LT-8904,SP-011257
V-5543,SP-011258
TT-15527,SP-011259
PT-17540,SP-011260
FCV-12827,SP-011261
PSV-12495,SP-011262
XV-4878,SP-011263
XV-4878,SP-011264
PT-28142,SP-011265
PT-28142,SP-011266
E-35854,SP-011267
E-35854,SP-011268
P-28726,SP-011269
V-10465,SP-011270
V-10465,SP-011271
LT-22381,SP-011272
P-29019,SP-011273
P-29019,SP-011274
LT-19706,SP-011275
FCV-8689,SP-011276
FCV-8689,SP-011277
XV-15664,SP-011278
P-33259,SP-011279
LT-33700,SP-011280
LT-33700,SP-011281
P-13117,SP-011282
PT-12238,SP-011283
FCV-8244,SP-011284
FCV-8244,SP-011285
FCV-9683,SP-011286
TT-27391,SP-011287
TT-27391,SP-011288
FCV-6561,SP-011289
V-5097,SP-011290
V-5097,SP-011291
P-34971,SP-011292
LT-25081,SP-011293
LT-25081,SP-011294
K-3106,SP-011295
P-31120,SP-011296
P-18432,SP-011297
P-18432,SP-011298
COL-37004,SP-011299
COL-37004,SP-011300
P-31056,SP-011301
K-37007,SP-011302
K-37007,SP-011303
XV-15278,SP-011304
XV-15278,SP-011305
E-33112,SP-011306
COL-38104,SP-011307
COL-38104,SP-011308
TT-12463,SP-011309
P-6026,SP-011310
FCV-1199,SP-011311
FCV-1199,SP-011312
XV-29789,SP-011313
K-8003,SP-011314
V-1711,SP-011315
V-1711,SP-011316
K-12002,SP-011317
K-12002,SP-011318
PT-30663,SP-011319
TT-23839,SP-011320
TT-23839,SP-011321
V-21550,SP-011322
V-21550,SP-011323
P-3587,SP-011324
FT-13631,SP-011325
XV-191,SP-011326
XV-191,SP-011327
FT-18604,SP-011328
TT-37493,SP-011329
TT-37493,SP-011330
E-4094,SP-011331
E-4094,SP-011332
K-10157,SP-011333
K-10157,SP-011334
FCV-2000,SP-011335
FCV-2000,SP-011336
XV-21126,SP-011337
XV-21126,SP-011338
P-25995,SP-011339
COL-28941,SP-011340
P-38367,SP-011341
P-38367,SP-011342
P-12552,SP-011343
P-3943,SP-011344
P-3943,SP-011345
P-5089,SP-011346
P-5089,SP-011347
TT-32917,SP-011348
FCV-3974,SP-011349
FCV-3974,SP-011350
P-4076,SP-011351
P-4076,SP-011352
PT-32599,SP-011353
PT-32599,SP-011354
K-25196,SP-011355
K-25196,SP-011356
XV-10861,SP-011357
XV-10861,SP-011358
LT-27256,SP-011359
P-37720,SP-011360
FCV-3482,SP-011361
FCV-3482,SP-011362
V-12875,SP-011363
PSV-15578,SP-011364
FT-38335,SP-011365
PT-28453,SP-011366
FCV-18373,SP-011367
XV-27162,SP-011368
P-35499,SP-011369
P-35499,SP-011370
TT-21343,SP-011371
PSV-36141,SP-011372
PSV-36141,SP-011373
PSV-27887,SP-011374
PSV-27887,SP-011375
V-24900,SP-011376
V-24900,SP-011377
COL-38172,SP-011378
PSV-17872,SP-011379
TT-36880,SP-011380
TT-36880,SP-011381
TT-17285,SP-011382
TT-17285,SP-011383
P-30086,SP-011384
FCV-23774,SP-011385
FCV-23774,SP-011386
K-15256,SP-011387
P-1001,SP-011388
P-1001,SP-011389
TT-28504,SP-011390
E-3926,SP-011391
E-3926,SP-011392
K-33613,SP-011393
K-33613,SP-011394
V-31250,SP-011395
V-31250,SP-011396
COL-9295,SP-011397
COL-9295,SP-011398
COL-7168,SP-011399
PSV-35775,SP-011400
PSV-35775,SP-011401
K-17875,SP-011402
E-11411,SP-011403
E-11411,SP-011404
LT-3391,SP-011405
E-9784,SP-011406
E-9784,SP-011407
PSV-20030,SP-011408
PSV-20030,SP-011409
TT-5689,SP-011410
E-35329,SP-011411
E-35329,SP-011412
XV-6798,SP-011413
XV-6798,SP-011414
FCV-15660,SP-011415
FCV-15660,SP-011416
K-37881,SP-011417
LT-27198,SP-011418
LT-27198,SP-011419
XV-14444,SP-011420
FT-791,SP-011421
FT-791,SP-011422
COL-39016,SP-011423
COL-39016,SP-011424
LT-3978,SP-011425
K-23213,SP-011426
FT-27283,SP-011427
FT-27283,SP-011428
E-30884,SP-011429
E-30884,SP-011430
P-34389,SP-011431
P-18972,SP-011432
LT-6531,SP-011433
COL-13780,SP-011434
COL-28323,SP-011435
P-6214,SP-011436
XV-26547,SP-011437
XV-22566,SP-011438
E-17383,SP-011439
E-17383,SP-011440
PT-16064,SP-011441
PT-16064,SP-011442
P-38136,SP-011443
PSV-31495,SP-011444
TT-917,SP-011445
TT-28953,SP-011446
TT-28953,SP-011447
PT-31373,SP-011448
PT-31373,SP-011449
COL-33911,SP-011450
COL-33911,SP-011451
P-10342,SP-011452
P-10342,SP-011453
K-12209,SP-011454
K-12209,SP-011455
E-10813,SP-011456
V-27537,SP-011457
TT-11835,SP-011458
TT-11835,SP-011459
FCV-13758,SP-011460
P-4245,SP-011461
P-4245,SP-011462
TT-38152,SP-011463
P-6456,SP-011464
V-39372,SP-011465
K-19853,SP-011466
K-19853,SP-011467
P-20028,SP-011468
P-20028,SP-011469
LT-35404,SP-011470
LT-35404,SP-011471
FT-33534,SP-011472
FT-33534,SP-011473
K-11126,SP-011474
K-11126,SP-011475
TT-19675,SP-011476
TT-19675,SP-011477
P-30962,SP-011478
E-28286,SP-011479
E-28286,SP-011480
PT-6982,SP-011481
PT-6982,SP-011482
FCV-8934,SP-011483
COL-6303,SP-011484
COL-6303,SP-011485
COL-14281,SP-011486
E-23532,SP-011487
E-23532,SP-011488
P-13107,SP-011489
XV-28621,SP-011490
XV-28621,SP-011491
PT-37761,SP-011492
PT-37761,SP-011493
P-21771,SP-011494
P-21771,SP-011495
K-27858,SP-011496
K-27858,SP-011497
K-25600,SP-011498
K-25600,SP-011499
FT-32467,SP-011500
FT-32467,SP-011501
K-20063,SP-011502
K-20063,SP-011503
P-19963,SP-011504
COL-4344,SP-011505
COL-4344,SP-011506
PT-33937,SP-011507
PT-33937,SP-011508
COL-21839,SP-011509
COL-21839,SP-011510
P-24072,SP-011511
P-12575,SP-011512
P-12575,SP-011513
P-13149,SP-011514
XV-36278,SP-011515
XV-36278,SP-011516
PT-29101,SP-011517
PT-29101,SP-011518
E-30853,SP-011519
LT-18566,SP-011520
LT-18566,SP-011521
COL-19248,SP-011522
K-21408,SP-011523
K-21408,SP-011524
V-7202,SP-011525
P-37577,SP-011526
FCV-23053,SP-011527
FCV-23053,SP-011528
P-4115,SP-011529
K-12254,SP-011530
V-1203,SP-011531
FT-5435,SP-011532
FT-5435,SP-011533
V-2554,SP-011534
V-2554,SP-011535
PSV-14924,SP-011536
COL-15454,SP-011537
XV-35400,SP-011538
XV-11468,SP-011539
XV-11468,SP-011540
LT-11565,SP-011541
LT-11565,SP-011542
COL-17184,SP-011543
COL-17184,SP-011544
K-13625,SP-011545
K-13625,SP-011546
K-38070,SP-011547
K-38070,SP-011548
XV-8256,SP-011549
XV-11764,SP-011550
XV-11764,SP-011551
FCV-23906,SP-011552
FCV-23906,SP-011553
COL-37173,SP-011554
COL-37173,SP-011555
PT-18851,SP-011556
FT-37466,SP-011557
FT-37466,SP-011558
K-7721,SP-011559
XV-16842,SP-011560
FT-10205,SP-011561
COL-5894,SP-011562
COL-5894,SP-011563
LT-12499,SP-011564
K-22561,SP-011565
XV-21365,SP-011566
XV-21365,SP-011567
XV-35315,SP-011568
XV-35315,SP-011569
P-33563,SP-011570
P-33563,SP-011571
FT-23961,SP-011572
FT-23961,SP-011573
COL-29191,SP-011574
COL-29191,SP-011575
TT-7018,SP-011576
TT-7018,SP-011577
P-29612,SP-011578
COL-13476,SP-011579
V-27233,SP-011580
V-27233,SP-011581
XV-38326,SP-011582
XV-38326,SP-011583
P-20027,SP-011584
P-20027,SP-011585
FT-39176,SP-011586
FCV-8316,SP-011587
K-13567,SP-011588
K-13567,SP-011589
PT-23121,SP-011590
PT-23121,SP-011591
V-572,SP-011592
LT-794,SP-011593
P-6831,SP-011594
P-6831,SP-011595
K-23259,SP-011596
K-23259,SP-011597
XV-1800,SP-011598
XV-2771,SP-011599
E-4959,SP-011600
E-4959,SP-011601
K-15011,SP-011602
P-27761,SP-011603
P-22388,SP-011604
P-34210,SP-011605
P-34210,SP-011606
TT-11220,SP-011607
TT-11220,SP-011608
K-4225,SP-011609
K-4225,SP-011610
XV-11454,SP-011611
TT-15257,SP-011612
TT-15257,SP-011613
TT-12018,SP-011614
TT-12018,SP-011615
FT-32491,SP-011616
V-24080,SP-011617
FT-15864,SP-011618
FT-15864,SP-011619
E-19904,SP-011620
V-20913,SP-011621
V-20913,SP-011622
TT-21523,SP-011623
V-5952,SP-011624
V-5952,SP-011625
K-22753,SP-011626
PT-2743,SP-011627
FCV-22570,SP-011628
FCV-22570,SP-011629
COL-35610,SP-011630
P-27876,SP-011631
V-26231,SP-011632
V-26376,SP-011633
PT-17492,SP-011634
P-35960,SP-011635
XV-15221,SP-011636
FCV-19806,SP-011637
K-38947,SP-011638
K-38947,SP-011639
LT-5311,SP-011640
LT-5311,SP-011641
TT-1786,SP-011642
K-31124,SP-011643
E-28430,SP-011644
E-28430,SP-011645
COL-25305,SP-011646
COL-25305,SP-011647
FT-15272,SP-011648
FT-15272,SP-011649
LT-35316,SP-011650
E-13929,SP-011651
E-13929,SP-011652
XV-29714,SP-011653
P-4603,SP-011654
P-39342,SP-011655
PSV-7429,SP-011656
PSV-7429,SP-011657
PSV-33933,SP-011658
PSV-33933,SP-011659
K-29239,SP-011660
K-29239,SP-011661
K-36418,SP-011662
V-18089,SP-011663
K-28940,SP-011664
PT-22319,SP-011665
TT-18026,SP-011666
E-15187,SP-011667
E-15187,SP-011668
P-38399,SP-011669
P-38399,SP-011670
FCV-24760,SP-011671
FT-3297,SP-011672
FT-3297,SP-011673
P-37335,SP-011674
P-35569,SP-011675
V-23045,SP-011676
E-17768,SP-011677
K-24262,SP-011678
XV-14520,SP-011679
XV-14520,SP-011680
K-14132,SP-011681
COL-31331,SP-011682
V-8078,SP-011683
V-8078,SP-011684
PT-4282,SP-011685
PT-4282,SP-011686
LT-7978,SP-011687
LT-7978,SP-011688
FT-17670,SP-011689
FT-17670,SP-011690
P-3296,SP-011691
P-24782,SP-011692
E-26659,SP-011693
PSV-24383,SP-011694
PSV-24383,SP-011695
TT-29491,SP-011696
TT-29491,SP-011697
LT-18812,SP-011698
P-32843,SP-011699
P-32843,SP-011700
V-26715,SP-011701
V-26715,SP-011702
P-432,SP-011703
E-4373,SP-011704
E-4373,SP-011705
PT-28474,SP-011706
PT-28474,SP-011707
V-38151,SP-011708
V-38151,SP-011709
V-15281,SP-011710
FT-22200,SP-011711
XV-31903,SP-011712
COL-4155,SP-011713
PSV-33611,SP-011714
PSV-33611,SP-011715
PT-9287,SP-011716
PT-9287,SP-011717
FCV-3392,SP-011718
E-7754,SP-011719
XV-17529,SP-011720
XV-17529,SP-011721
TT-25181,SP-011722
TT-13678,SP-011723
PT-30804,SP-011724
PT-30804,SP-011725
FT-24909,SP-011726
FT-24909,SP-011727
V-14300,SP-011728
V-14300,SP-011729
LT-14673,SP-011730
E-20264,SP-011731
E-20264,SP-011732
V-4346,SP-011733
V-4346,SP-011734
V-5548,SP-011735
V-5548,SP-011736
PT-6226,SP-011737
PT-6226,SP-011738
FCV-12128,SP-011739
COL-14026,SP-011740
COL-14026,SP-011741
FCV-581,SP-011742
FCV-581,SP-011743
COL-21064,SP-011744
COL-21064,SP-011745
XV-20748,SP-011746
XV-20748,SP-011747
TT-24308,SP-011748
FT-4604,SP-011749
FT-4604,SP-011750
FCV-10664,SP-011751
FCV-10664,SP-011752
PT-30276,SP-011753
PT-30276,SP-011754
P-8272,SP-011755
FT-14211,SP-011756
FT-14211,SP-011757
LT-34417,SP-011758
E-10333,SP-011759
PSV-12653,SP-011760
E-1611,SP-011761
FT-7839,SP-011762
K-6824,SP-011763
K-6824,SP-011764
LT-28118,SP-011765
FT-31991,SP-011766
FT-31991,SP-011767
LT-10633,SP-011768
LT-10633,SP-011769
P-5596,SP-011770
COL-15459,SP-011771
PSV-31612,SP-011772
PSV-30350,SP-011773
PSV-30350,SP-011774
FCV-22664,SP-011775
K-354,SP-011776
K-354,SP-011777
COL-7320,SP-011778
COL-7320,SP-011779
FCV-2396,SP-011780
P-34345,SP-011781
P-34345,SP-011782
TT-8159,SP-011783
FT-5723,SP-011784
FT-5723,SP-011785
TT-26055,SP-011786
LT-15956,SP-011787
LT-15956,SP-011788
E-8774,SP-011789
E-8774,SP-011790
COL-23199,SP-011791
V-1849,SP-011792
V-1849,SP-011793
FT-30321,SP-011794
FT-30321,SP-011795
COL-4759,SP-011796
COL-4759,SP-011797
COL-14232,SP-011798
COL-14232,SP-011799
P-34950,SP-011800
FT-9860,SP-011801
FT-9860,SP-011802
FCV-2867,SP-011803
P-11296,SP-011804
P-11296,SP-011805
V-8988,SP-011806
FCV-33435,SP-011807
FCV-33435,SP-011808
LT-4268,SP-011809
PT-31255,SP-011810
PT-31255,SP-011811
FCV-26666,SP-011812
XV-32551,SP-011813
XV-32551,SP-011814
PSV-13653,SP-011815
COL-10634,SP-011816
COL-10634,SP-011817
COL-7471,SP-011818
PSV-10329,SP-011819
PSV-10329,SP-011820
V-11785,SP-011821
FCV-8575,SP-011822
P-1089,SP-011823
LT-12692,SP-011824
LT-12692,SP-011825
PSV-23636,SP-011826
PSV-23636,SP-011827
COL-7948,SP-011828
COL-7948,SP-011829
V-26630,SP-011830
V-32265,SP-011831
XV-16236,SP-011832
XV-16236,SP-011833
FCV-19473,SP-011834
K-32303,SP-011835
K-32303,SP-011836
FT-32528,SP-011837
V-22814,SP-011838
PSV-9376,SP-011839
PSV-9376,SP-011840
TT-7541,SP-011841
COL-3084,SP-011842
COL-3084,SP-011843
LT-3358,SP-011844
LT-3358,SP-011845
FT-10665,SP-011846
P-37519,SP-011847
COL-14451,SP-011848
FT-15105,SP-011849
FT-15105,SP-011850
COL-32312,SP-011851
COL-32312,SP-011852
PSV-29308,SP-011853
PSV-29308,SP-011854
FT-12098,SP-011855
FT-12098,SP-011856
TT-26862,SP-011857
COL-36522,SP-011858
PSV-15409,SP-011859
COL-13559,SP-011860
P-3729,SP-011861
E-3954,SP-011862
P-20729,SP-011863
P-20729,SP-011864
FCV-13524,SP-011865
FCV-13524,SP-011866
V-20278,SP-011867
V-20278,SP-011868
FT-37701,SP-011869
TT-15565,SP-011870
COL-25353,SP-011871
COL-25353,SP-011872
V-32100,SP-011873
FT-12734,SP-011874
FT-12734,SP-011875
COL-38909,SP-011876
V-23365,SP-011877
V-23365,SP-011878
FCV-39110,SP-011879
FCV-39110,SP-011880
P-32186,SP-011881
P-32186,SP-011882
TT-23417,SP-011883
V-28627,SP-011884
V-28627,SP-011885
P-29951,SP-011886
P-15874,SP-011887
COL-34973,SP-011888
PSV-26053,SP-011889
P-10417,SP-011890
PT-2186,SP-011891
XV-29550,SP-011892
PT-30443,SP-011893
PT-30443,SP-011894
PT-38315,SP-011895
PT-38315,SP-011896
P-1983,SP-011897
P-1983,SP-011898
COL-28645,SP-011899
E-33877,SP-011900
E-33877,SP-011901
E-11713,SP-011902
XV-4645,SP-011903
XV-4645,SP-011904
FT-4382,SP-011905
FT-4382,SP-011906
FCV-29769,SP-011907
TT-24520,SP-011908
TT-24520,SP-011909
P-7762,SP-011910
XV-40000,SP-011911
XV-40000,SP-011912
FT-351,SP-011913
FT-351,SP-011914
E-7149,SP-011915
XV-6512,SP-011916
XV-6512,SP-011917
COL-24375,SP-011918
COL-24375,SP-011919
FT-24831,SP-011920
FT-24831,SP-011921
FT-14687,SP-011922
FT-14687,SP-011923
LT-21091,SP-011924
LT-21091,SP-011925
PT-16674,SP-011926
V-7415,SP-011927
PSV-34080,SP-011928
K-34769,SP-011929
TT-2605,SP-011930
TT-2605,SP-011931
E-11706,SP-011932
FT-28438,SP-011933
FT-28438,SP-011934
XV-8379,SP-011935
V-33809,SP-011936
V-33809,SP-011937
LT-24955,SP-011938
E-16038,SP-011939
P-24041,SP-011940
P-24041,SP-011941
K-38329,SP-011942
K-30947,SP-011943
K-30947,SP-011944
FT-22367,SP-011945
P-12694,SP-011946
P-12694,SP-011947
FCV-24397,SP-011948
XV-26751,SP-011949
XV-25083,SP-011950
TT-12205,SP-011951
V-10052,SP-011952
V-10052,SP-011953
COL-6484,SP-011954
XV-31628,SP-011955
COL-22263,SP-011956
COL-22263,SP-011957
PSV-28680,SP-011958
XV-23458,SP-011959
E-13982,SP-011960
E-24159,SP-011961
E-7278,SP-011962
E-7278,SP-011963
COL-35113,SP-011964
COL-358,SP-011965
PT-9133,SP-011966
PT-9133,SP-011967
P-18293,SP-011968
V-3800,SP-011969
PT-37260,SP-011970
P-10448,SP-011971
TT-10072,SP-011972
FCV-26312,SP-011973
FCV-26312,SP-011974
P-9319,SP-011975
P-22993,SP-011976
E-27133,SP-011977
E-27133,SP-011978
FT-29920,SP-011979
PT-9154,SP-011980
PT-9154,SP-011981
FCV-978,SP-011982
FCV-978,SP-011983
FCV-10627,SP-011984
XV-13603,SP-011985
K-9060,SP-011986
FT-29025,SP-011987
FT-29025,SP-011988
FCV-24964,SP-011989
LT-38855,SP-011990
LT-38855,SP-011991
FCV-6584,SP-011992
FCV-6584,SP-011993
P-1023,SP-011994
K-2178,SP-011995
K-2178,SP-011996
P-30062,SP-011997
P-17528,SP-011998
P-17528,SP-011999
FCV-25386,SP-012000
TT-9016,SP-012001
PSV-28313,SP-012002
TT-37461,SP-012003
TT-37461,SP-012004
K-18745,SP-012005
COL-15812,SP-012006
PT-1470,SP-012007
PT-1470,SP-012008
P-18108,SP-012009
V-13136,SP-012010
LT-34409,SP-012011
LT-34409,SP-012012
P-34605,SP-012013
P-34605,SP-012014
FCV-7345,SP-012015
FCV-7345,SP-012016
V-11146,SP-012017
E-24904,SP-012018
E-24904,SP-012019
LT-2568,SP-012020
LT-18982,SP-012021
LT-18982,SP-012022
P-21713,SP-012023
P-21713,SP-012024
E-3771,SP-012025
P-13193,SP-012026
PSV-19540,SP-012027
COL-9733,SP-012028
FT-39451,SP-012029
XV-31389,SP-012030
FCV-15357,SP-012031
PSV-20357,SP-012032
V-24125,SP-012033
V-24125,SP-012034
PT-19532,SP-012035
FT-18815,SP-012036
FT-18815,SP-012037
COL-25856,SP-012038
COL-25856,SP-012039
PSV-36242,SP-012040
PSV-36242,SP-012041
COL-23607,SP-012042
P-20581,SP-012043
P-20581,SP-012044
P-36233,SP-012045
FCV-38714,SP-012046
PT-24730,SP-012047
PT-24730,SP-012048
E-36199,SP-012049
V-247,SP-012050
PT-4413,SP-012051
PT-4413,SP-012052
XV-24032,SP-012053
V-19634,SP-012054
E-18631,SP-012055
E-18631,SP-012056
P-3189,SP-012057
TT-3885,SP-012058
XV-15547,SP-012059
XV-13943,SP-012060
XV-13943,SP-012061
PSV-31552,SP-012062
PSV-31552,SP-012063
